Order ID,Product,Quantity Ordered,Price Each,Order Date,Purchase Address,Month
144603,Google Phone,1,600.0,2019-01-29 22:47:00,"419 Main St, New York City, NY 10001",January
148759,Google Phone,1,600.0,2019-01-28 12:31:00,"882 Jackson St, Atlanta, GA 30301",January
147998,Google Phone,1,600.0,2019-01-20 13:30:00,"341 Pine St, New York City, NY 10001",January
142230,Google Phone,1,600.0,2019-01-29 12:05:00,"867 Cedar St, San Francisco, CA 94016",January
145017,Google Phone,1,600.0,2019-01-18 06:02:00,"299 Lake St, New York City, NY 10001",January
147831,Google Phone,1,600.0,2019-01-11 06:52:00,"540 North St, Atlanta, GA 30301",January
144785,Google Phone,1,600.0,2019-01-27 23:07:00,"505 Pine St, Dallas, TX 75001",January
148175,Google Phone,1,600.0,2019-01-06 13:27:00,"506 Walnut St, San Francisco, CA 94016",January
142730,Google Phone,1,600.0,2019-01-11 06:16:00,"219 Chestnut St, New York City, NY 10001",January
142379,Google Phone,1,600.0,2019-01-30 21:02:00,"231 Hill St, Seattle, WA 98101",January
148945,Google Phone,1,600.0,2019-01-15 14:51:00,"65 Hill St, San Francisco, CA 94016",January
145688,Google Phone,1,600.0,2019-01-29 21:37:00,"279 North St, San Francisco, CA 94016",January
147419,Google Phone,1,600.0,2019-01-14 10:43:00,"330 Maple St, Portland, OR 97035",January
141442,Google Phone,1,600.0,2019-01-06 10:27:00,"186 Meadow St, New York City, NY 10001",January
143439,Google Phone,1,600.0,2019-01-18 13:55:00,"173 Dogwood St, San Francisco, CA 94016",January
148225,Google Phone,1,600.0,2019-01-25 14:30:00,"577 Jackson St, San Francisco, CA 94016",January
142824,Google Phone,1,600.0,2019-01-06 08:45:00,"850 13th St, Seattle, WA 98101",January
144672,Google Phone,1,600.0,2019-01-25 17:49:00,"532 5th St, San Francisco, CA 94016",January
144810,Google Phone,1,600.0,2019-01-05 11:22:00,"153 Meadow St, Los Angeles, CA 90001",January
145965,Google Phone,1,600.0,2019-01-02 11:12:00,"981 Hill St, Atlanta, GA 30301",January
146586,Google Phone,1,600.0,2019-01-24 23:48:00,"818 14th St, New York City, NY 10001",January
148334,Google Phone,1,600.0,2019-01-03 15:30:00,"930 4th St, San Francisco, CA 94016",January
150433,Google Phone,1,600.0,2019-01-18 22:27:00,"736 Chestnut St, San Francisco, CA 94016",January
150459,Google Phone,1,600.0,2019-01-22 19:58:00,"789 Jefferson St, Dallas, TX 75001",January
145737,Google Phone,1,600.0,2019-01-09 01:37:00,"958 Elm St, Boston, MA 02215",January
147131,Google Phone,1,600.0,2019-01-12 10:00:00,"693 Wilson St, Boston, MA 02215",January
143329,Google Phone,1,600.0,2019-01-16 19:50:00,"220 Meadow St, Los Angeles, CA 90001",January
144655,Google Phone,1,600.0,2019-01-11 08:36:00,"836 Cedar St, Atlanta, GA 30301",January
150385,Google Phone,1,600.0,2019-01-07 21:10:00,"521 Adams St, San Francisco, CA 94016",January
143986,Google Phone,1,600.0,2019-01-29 22:06:00,"595 2nd St, San Francisco, CA 94016",January
146792,Google Phone,1,600.0,2019-01-28 06:03:00,"92 Dogwood St, San Francisco, CA 94016",January
146671,Google Phone,1,600.0,2019-01-14 12:56:00,"399 Church St, Seattle, WA 98101",January
147029,Google Phone,1,600.0,2019-01-10 17:03:00,"391 River St, Atlanta, GA 30301",January
147989,Google Phone,1,600.0,2019-01-22 19:01:00,"85 West St, Dallas, TX 75001",January
142612,Google Phone,1,600.0,2019-01-13 09:55:00,"883 Washington St, San Francisco, CA 94016",January
145173,Google Phone,1,600.0,2019-01-21 08:28:00,"726 West St, Portland, ME 04101",January
146428,Google Phone,1,600.0,2019-01-15 11:48:00,"127 Hickory St, New York City, NY 10001",January
147823,Google Phone,1,600.0,2019-01-02 16:15:00,"377 Madison St, San Francisco, CA 94016",January
150278,Google Phone,1,600.0,2019-01-06 12:02:00,"812 8th St, San Francisco, CA 94016",January
145110,Google Phone,1,600.0,2019-01-18 15:14:00,"763 Dogwood St, San Francisco, CA 94016",January
146987,Google Phone,1,600.0,2019-01-10 17:19:00,"968 14th St, Los Angeles, CA 90001",January
144127,Google Phone,1,600.0,2019-01-02 22:08:00,"101 1st St, San Francisco, CA 94016",January
149907,Google Phone,1,600.0,2019-01-31 11:01:00,"537 14th St, San Francisco, CA 94016",January
144839,Google Phone,1,600.0,2019-01-13 21:22:00,"742 Cedar St, New York City, NY 10001",January
145397,Google Phone,1,600.0,2019-01-22 15:29:00,"374 Pine St, Boston, MA 02215",January
146709,Google Phone,1,600.0,2019-01-12 13:35:00,"111 Wilson St, New York City, NY 10001",January
147810,Google Phone,1,600.0,2019-01-31 16:12:00,"486 2nd St, Dallas, TX 75001",January
147811,Google Phone,1,600.0,2019-01-07 10:07:00,"612 5th St, Los Angeles, CA 90001",January
141789,Google Phone,1,600.0,2019-01-01 20:13:00,"903 Lake St, Seattle, WA 98101",January
145616,Google Phone,1,600.0,2019-01-25 23:10:00,"39 13th St, San Francisco, CA 94016",January
150368,Google Phone,1,600.0,2019-01-24 22:32:00,"793 Spruce St, San Francisco, CA 94016",January
143613,Google Phone,1,600.0,2019-01-06 14:47:00,"530 Forest St, Austin, TX 73301",January
143632,Google Phone,1,600.0,2019-01-08 08:26:00,"759 Elm St, Los Angeles, CA 90001",January
144431,Google Phone,1,600.0,2019-01-17 18:07:00,"798 4th St, Los Angeles, CA 90001",January
145604,Google Phone,1,600.0,2019-01-01 16:16:00,"498 14th St, Dallas, TX 75001",January
147596,Google Phone,1,600.0,2019-01-07 23:34:00,"330 14th St, Atlanta, GA 30301",January
142026,Google Phone,1,600.0,2019-01-18 17:41:00,"470 Washington St, San Francisco, CA 94016",January
144602,Google Phone,1,600.0,2019-01-27 14:54:00,"220 Cedar St, Los Angeles, CA 90001",January
151858,Google Phone,1,600.0,2019-02-01 22:43:00,"605 Wilson St, Seattle, WA 98101",February
161719,Google Phone,1,600.0,2019-02-12 12:41:00,"857 Chestnut St, Los Angeles, CA 90001",February
151593,Google Phone,1,600.0,2019-02-20 09:38:00,"99 Park St, Los Angeles, CA 90001",February
154718,Google Phone,1,600.0,2019-02-04 18:58:00,"325 12th St, Seattle, WA 98101",February
160224,Google Phone,1,600.0,2019-02-21 13:11:00,"168 Walnut St, Dallas, TX 75001",February
153017,Google Phone,1,600.0,2019-02-19 15:15:00,"692 Jefferson St, New York City, NY 10001",February
154452,Google Phone,1,600.0,2019-02-11 11:01:00,"624 4th St, New York City, NY 10001",February
154526,Google Phone,1,600.0,2019-02-23 17:11:00,"952 7th St, Dallas, TX 75001",February
159617,Google Phone,1,600.0,2019-02-02 10:56:00,"230 Wilson St, San Francisco, CA 94016",February
153383,Google Phone,1,600.0,2019-02-17 14:54:00,"826 Church St, Los Angeles, CA 90001",February
159219,Google Phone,1,600.0,2019-02-04 22:33:00,"265 9th St, Portland, ME 04101",February
154471,Google Phone,1,600.0,2019-02-10 14:59:00,"906 6th St, Los Angeles, CA 90001",February
158914,Google Phone,1,600.0,2019-02-22 08:06:00,"637 Forest St, San Francisco, CA 94016",February
151958,Google Phone,1,600.0,2019-02-25 20:04:00,"37 Highland St, San Francisco, CA 94016",February
152252,Google Phone,1,600.0,2019-02-08 10:56:00,"895 13th St, San Francisco, CA 94016",February
161909,Google Phone,1,600.0,2019-02-02 15:31:00,"795 Hickory St, San Francisco, CA 94016",February
159204,Google Phone,1,600.0,2019-02-13 21:52:00,"187 Elm St, Los Angeles, CA 90001",February
152683,Google Phone,1,600.0,2019-02-04 18:36:00,"544 Jefferson St, San Francisco, CA 94016",February
153650,Google Phone,1,600.0,2019-02-06 13:06:00,"969 Washington St, Seattle, WA 98101",February
151469,Google Phone,1,600.0,2019-02-16 13:51:00,"632 11th St, San Francisco, CA 94016",February
152896,Google Phone,1,600.0,2019-02-13 16:04:00,"37 Hickory St, New York City, NY 10001",February
160467,Google Phone,1,600.0,2019-02-21 18:06:00,"71 Dogwood St, San Francisco, CA 94016",February
161555,Google Phone,1,600.0,2019-02-13 20:07:00,"745 9th St, New York City, NY 10001",February
151558,Google Phone,1,600.0,2019-02-11 00:17:00,"789 Walnut St, Boston, MA 02215",February
153766,Google Phone,1,600.0,2019-02-13 23:05:00,"681 13th St, San Francisco, CA 94016",February
155191,Google Phone,1,600.0,2019-02-09 11:33:00,"462 River St, Dallas, TX 75001",February
156630,Google Phone,1,600.0,2019-02-15 10:32:00,"859 Pine St, San Francisco, CA 94016",February
160569,Google Phone,1,600.0,2019-02-08 20:36:00,"998 2nd St, Seattle, WA 98101",February
157529,Google Phone,1,600.0,2019-02-10 12:39:00,"116 Dogwood St, Portland, OR 97035",February
159249,Google Phone,1,600.0,2019-02-28 18:45:00,"983 11th St, New York City, NY 10001",February
151857,Google Phone,1,600.0,2019-02-01 19:49:00,"959 Spruce St, Boston, MA 02215",February
150729,Google Phone,1,600.0,2019-02-08 11:53:00,"705 7th St, Boston, MA 02215",February
151675,Google Phone,1,600.0,2019-02-19 19:52:00,"493 4th St, Los Angeles, CA 90001",February
155508,Google Phone,1,600.0,2019-02-24 22:00:00,"966 Ridge St, Seattle, WA 98101",February
151467,Google Phone,1,600.0,2019-02-17 13:20:00,"43 Highland St, Atlanta, GA 30301",February
154303,Google Phone,1,600.0,2019-02-19 13:05:00,"38 Forest St, Dallas, TX 75001",February
155721,Google Phone,1,600.0,2019-02-13 23:45:00,"820 Adams St, San Francisco, CA 94016",February
157828,Google Phone,1,600.0,2019-02-09 19:57:00,"676 11th St, San Francisco, CA 94016",February
158472,Google Phone,1,600.0,2019-02-23 21:00:00,"905 Ridge St, Atlanta, GA 30301",February
152636,Google Phone,1,600.0,2019-02-25 12:08:00,"784 Spruce St, Portland, OR 97035",February
159773,Google Phone,1,600.0,2019-02-24 15:54:00,"496 Chestnut St, San Francisco, CA 94016",February
156950,Google Phone,1,600.0,2019-02-04 08:33:00,"549 Main St, San Francisco, CA 94016",February
156601,Google Phone,1,600.0,2019-02-23 20:36:00,"133 Cedar St, Boston, MA 02215",February
154007,Google Phone,1,600.0,2019-02-23 11:52:00,"116 Cherry St, Boston, MA 02215",February
157895,Google Phone,1,600.0,2019-02-20 12:07:00,"689 Willow St, Atlanta, GA 30301",February
161015,Google Phone,1,600.0,2019-02-04 22:51:00,"634 Cedar St, Boston, MA 02215",February
152803,Google Phone,1,600.0,2019-02-27 22:21:00,"407 2nd St, Los Angeles, CA 90001",February
159568,Google Phone,1,600.0,2019-02-27 18:53:00,"86 Pine St, Los Angeles, CA 90001",February
158567,Google Phone,1,600.0,2019-02-15 22:11:00,"885 Lake St, Boston, MA 02215",February
158782,Google Phone,1,600.0,2019-02-16 12:27:00,"37 6th St, Boston, MA 02215",February
157099,Google Phone,1,600.0,2019-02-01 16:27:00,"605 1st St, New York City, NY 10001",February
163967,Google Phone,1,600.0,2019-03-21 19:33:00,"172 Cherry St, Los Angeles, CA 90001",March
166561,Google Phone,1,600.0,2019-03-18 22:11:00,"584 13th St, Boston, MA 02215",March
174012,Google Phone,1,600.0,2019-03-19 13:32:00,"291 Hill St, San Francisco, CA 94016",March
172693,Google Phone,1,600.0,2019-03-22 05:54:00,"880 Hickory St, Portland, ME 04101",March
162545,Google Phone,1,600.0,2019-03-23 17:22:00,"466 Church St, San Francisco, CA 94016",March
165543,Google Phone,1,600.0,2019-03-26 19:55:00,"367 Washington St, Atlanta, GA 30301",March
165859,Google Phone,1,600.0,2019-03-12 10:09:00,"354 2nd St, New York City, NY 10001",March
167240,Google Phone,1,600.0,2019-03-06 10:26:00,"790 Highland St, San Francisco, CA 94016",March
167469,Google Phone,1,600.0,2019-03-03 11:22:00,"603 Highland St, New York City, NY 10001",March
168834,Google Phone,1,600.0,2019-03-01 23:04:00,"166 Lincoln St, Dallas, TX 75001",March
171846,Google Phone,1,600.0,2019-03-21 00:20:00,"575 Adams St, Austin, TX 73301",March
164397,Google Phone,1,600.0,2019-03-03 19:56:00,"170 Church St, Los Angeles, CA 90001",March
165670,Google Phone,1,600.0,2019-03-12 09:32:00,"588 2nd St, San Francisco, CA 94016",March
169799,Google Phone,1,600.0,2019-03-24 19:27:00,"129 Elm St, San Francisco, CA 94016",March
174163,Google Phone,1,600.0,2019-03-06 18:46:00,"518 4th St, Los Angeles, CA 90001",March
175559,Google Phone,1,600.0,2019-03-26 22:49:00,"142 Dogwood St, Austin, TX 73301",March
162702,Google Phone,1,600.0,2019-03-17 15:38:00,"904 River St, Atlanta, GA 30301",March
169885,Google Phone,1,600.0,2019-03-03 18:55:00,"916 Lincoln St, Boston, MA 02215",March
172260,Google Phone,1,600.0,2019-03-05 15:12:00,"672 14th St, Los Angeles, CA 90001",March
174754,Google Phone,1,600.0,2019-03-02 18:54:00,"124 Sunset St, Austin, TX 73301",March
165533,Google Phone,1,600.0,2019-03-29 08:55:00,"653 Maple St, Austin, TX 73301",March
169331,Google Phone,1,600.0,2019-03-24 18:56:00,"624 River St, San Francisco, CA 94016",March
172201,Google Phone,1,600.0,2019-03-17 12:24:00,"987 13th St, Atlanta, GA 30301",March
163995,Google Phone,1,600.0,2019-03-13 10:57:00,"541 Pine St, Los Angeles, CA 90001",March
167721,Google Phone,1,600.0,2019-03-18 22:15:00,"344 Spruce St, Los Angeles, CA 90001",March
168551,Google Phone,1,600.0,2019-03-06 15:16:00,"429 13th St, Los Angeles, CA 90001",March
168891,Google Phone,1,600.0,2019-03-28 12:44:00,"506 West St, San Francisco, CA 94016",March
169830,Google Phone,1,600.0,2019-03-30 14:56:00,"879 West St, New York City, NY 10001",March
173426,Google Phone,1,600.0,2019-03-17 21:58:00,"262 7th St, Boston, MA 02215",March
162914,Google Phone,1,600.0,2019-03-26 17:53:00,"728 Pine St, New York City, NY 10001",March
169413,Google Phone,1,600.0,2019-03-29 11:00:00,"559 5th St, Dallas, TX 75001",March
172208,Google Phone,1,600.0,2019-03-30 15:47:00,"451 11th St, Atlanta, GA 30301",March
172934,Google Phone,1,600.0,2019-03-23 20:07:00,"170 Hickory St, New York City, NY 10001",March
167977,Google Phone,1,600.0,2019-03-10 01:29:00,"476 Wilson St, New York City, NY 10001",March
174221,Google Phone,1,600.0,2019-03-10 15:48:00,"291 Center St, Los Angeles, CA 90001",March
162030,Google Phone,1,600.0,2019-03-09 16:50:00,"463 4th St, San Francisco, CA 94016",March
174555,Google Phone,1,600.0,2019-03-09 18:57:00,"214 Hill St, Seattle, WA 98101",March
175243,Google Phone,1,600.0,2019-03-17 19:22:00,"601 Washington St, Boston, MA 02215",March
170509,Google Phone,1,600.0,2019-03-23 16:46:00,"838 Spruce St, San Francisco, CA 94016",March
176291,Google Phone,1,600.0,2019-03-10 15:15:00,"289 Forest St, Atlanta, GA 30301",March
169867,Google Phone,1,600.0,2019-03-25 18:28:00,"570 Hill St, Dallas, TX 75001",March
171283,Google Phone,1,600.0,2019-03-21 11:06:00,"614 North St, Atlanta, GA 30301",March
175681,Google Phone,1,600.0,2019-03-29 23:08:00,"867 Jefferson St, Dallas, TX 75001",March
164339,Google Phone,1,600.0,2019-03-08 13:28:00,"914 5th St, San Francisco, CA 94016",March
168161,Google Phone,1,600.0,2019-03-25 20:33:00,"155 Walnut St, Boston, MA 02215",March
169777,Google Phone,1,600.0,2019-03-21 15:06:00,"270 Chestnut St, San Francisco, CA 94016",March
174683,Google Phone,1,600.0,2019-03-19 16:16:00,"503 Meadow St, Dallas, TX 75001",March
176004,Google Phone,1,600.0,2019-03-08 11:41:00,"653 Park St, Seattle, WA 98101",March
168704,Google Phone,1,600.0,2019-03-01 13:27:00,"34 Spruce St, Boston, MA 02215",March
164233,Google Phone,1,600.0,2019-03-21 19:59:00,"30 Lincoln St, New York City, NY 10001",March
168956,Google Phone,1,600.0,2019-03-11 16:56:00,"410 Spruce St, Dallas, TX 75001",March
170165,Google Phone,1,600.0,2019-03-23 17:47:00,"370 Ridge St, Boston, MA 02215",March
175095,Google Phone,1,600.0,2019-03-22 13:42:00,"301 13th St, San Francisco, CA 94016",March
176180,Google Phone,1,600.0,2019-03-22 18:34:00,"221 11th St, New York City, NY 10001",March
165159,Google Phone,1,600.0,2019-03-21 18:40:00,"254 4th St, Austin, TX 73301",March
169344,Google Phone,1,600.0,2019-03-20 11:02:00,"712 West St, Seattle, WA 98101",March
170082,Google Phone,1,600.0,2019-03-10 18:43:00,"958 14th St, New York City, NY 10001",March
168064,Google Phone,1,600.0,2019-03-31 10:15:00,"213 West St, Dallas, TX 75001",March
171238,Google Phone,1,600.0,2019-03-23 06:32:00,"555 North St, Dallas, TX 75001",March
175670,Google Phone,1,600.0,2019-03-29 15:23:00,"325 2nd St, New York City, NY 10001",March
165241,Google Phone,1,600.0,2019-03-07 19:47:00,"396 8th St, Los Angeles, CA 90001",March
173485,Google Phone,1,600.0,2019-03-02 11:20:00,"415 Meadow St, Boston, MA 02215",March
163235,Google Phone,1,600.0,2019-03-17 03:17:00,"739 7th St, San Francisco, CA 94016",March
169022,Google Phone,1,600.0,2019-03-05 00:27:00,"805 Spruce St, Los Angeles, CA 90001",March
172176,Google Phone,1,600.0,2019-03-26 08:49:00,"983 Hill St, Boston, MA 02215",March
165811,Google Phone,1,600.0,2019-03-26 08:35:00,"8 6th St, San Francisco, CA 94016",March
164902,Google Phone,1,600.0,2019-03-05 07:44:00,"450 Elm St, San Francisco, CA 94016",March
165659,Google Phone,1,600.0,2019-03-06 12:38:00,"479 Dogwood St, Los Angeles, CA 90001",March
174198,Google Phone,1,600.0,2019-03-03 12:12:00,"115 Cedar St, Seattle, WA 98101",March
176098,Google Phone,1,600.0,2019-03-06 16:17:00,"499 Walnut St, San Francisco, CA 94016",March
164679,Google Phone,1,600.0,2019-03-04 20:14:00,"604 Cherry St, San Francisco, CA 94016",March
166430,Google Phone,1,600.0,2019-03-31 12:05:00,"994 Pine St, Los Angeles, CA 90001",March
168236,Google Phone,1,600.0,2019-03-04 10:01:00,"237 Maple St, Los Angeles, CA 90001",March
168438,Google Phone,1,600.0,2019-03-13 21:27:00,"570 Lake St, New York City, NY 10001",March
175112,Google Phone,1,600.0,2019-03-05 09:41:00,"621 Adams St, Dallas, TX 75001",March
163073,Google Phone,1,600.0,2019-03-02 18:28:00,"85 Adams St, Portland, ME 04101",March
181469,Google Phone,1,600.0,2019-04-14 10:08:00,"522 Forest St, Portland, OR 97035",April
188751,Google Phone,1,600.0,2019-04-01 19:48:00,"109 Hill St, San Francisco, CA 94016",April
192527,Google Phone,1,600.0,2019-04-25 01:08:00,"529 Forest St, Atlanta, GA 30301",April
193631,Google Phone,1,600.0,2019-04-11 10:59:00,"963 Center St, Portland, OR 97035",April
178267,Google Phone,1,600.0,2019-04-17 11:51:00,"118 Lakeview St, Los Angeles, CA 90001",April
180423,Google Phone,1,600.0,2019-04-29 13:28:00,"373 13th St, Boston, MA 02215",April
190751,Google Phone,1,600.0,2019-04-23 00:32:00,"113 Lincoln St, Atlanta, GA 30301",April
192244,Google Phone,1,600.0,2019-04-03 13:51:00,"233 Highland St, Los Angeles, CA 90001",April
192956,Google Phone,1,600.0,2019-04-27 15:18:00,"194 Walnut St, Austin, TX 73301",April
181697,Google Phone,1,600.0,2019-04-08 16:06:00,"834 Cherry St, San Francisco, CA 94016",April
188997,Google Phone,1,600.0,2019-04-11 19:56:00,"653 Dogwood St, Los Angeles, CA 90001",April
193863,Google Phone,1,600.0,2019-04-12 11:18:00,"79 12th St, Dallas, TX 75001",April
176560,Google Phone,1,600.0,2019-04-12 14:38:00,"669 Spruce St, Los Angeles, CA 90001",April
180129,Google Phone,1,600.0,2019-04-14 17:43:00,"274 Center St, Portland, OR 97035",April
180777,Google Phone,1,600.0,2019-04-13 13:39:00,"223 Main St, Los Angeles, CA 90001",April
181942,Google Phone,1,600.0,2019-04-09 17:26:00,"550 Maple St, Seattle, WA 98101",April
182219,Google Phone,1,600.0,2019-04-22 14:37:00,"971 Lakeview St, New York City, NY 10001",April
187246,Google Phone,1,600.0,2019-04-14 21:16:00,"713 9th St, Dallas, TX 75001",April
191703,Google Phone,1,600.0,2019-04-05 18:05:00,"689 11th St, San Francisco, CA 94016",April
182581,Google Phone,1,600.0,2019-04-10 15:24:00,"778 River St, Boston, MA 02215",April
189013,Google Phone,1,600.0,2019-04-18 16:01:00,"401 8th St, Dallas, TX 75001",April
177777,Google Phone,1,600.0,2019-04-06 19:22:00,"483 Chestnut St, New York City, NY 10001",April
181518,Google Phone,1,600.0,2019-04-02 11:38:00,"298 Lakeview St, Los Angeles, CA 90001",April
193208,Google Phone,1,600.0,2019-04-05 23:28:00,"477 Sunset St, Los Angeles, CA 90001",April
177367,Google Phone,1,600.0,2019-04-05 07:52:00,"141 Chestnut St, San Francisco, CA 94016",April
177578,Google Phone,1,600.0,2019-04-28 22:51:00,"752 Park St, Dallas, TX 75001",April
178897,Google Phone,1,600.0,2019-04-26 12:00:00,"684 13th St, Seattle, WA 98101",April
179421,Google Phone,1,600.0,2019-04-25 19:04:00,"532 Pine St, Austin, TX 73301",April
191339,Google Phone,1,600.0,2019-04-12 10:43:00,"757 2nd St, Boston, MA 02215",April
192839,Google Phone,1,600.0,2019-04-28 09:10:00,"589 Cherry St, Austin, TX 73301",April
186876,Google Phone,1,600.0,2019-04-16 16:52:00,"106 6th St, Seattle, WA 98101",April
187965,Google Phone,1,600.0,2019-04-22 23:49:00,"307 5th St, Seattle, WA 98101",April
180866,Google Phone,1,600.0,2019-04-27 16:33:00,"472 Lakeview St, Boston, MA 02215",April
191579,Google Phone,1,600.0,2019-04-10 18:25:00,"144 Hickory St, Boston, MA 02215",April
182905,Google Phone,1,600.0,2019-04-22 20:30:00,"394 Spruce St, Seattle, WA 98101",April
184949,Google Phone,1,600.0,2019-04-13 06:28:00,"312 10th St, San Francisco, CA 94016",April
188374,Google Phone,1,600.0,2019-04-25 23:53:00,"787 Jackson St, Seattle, WA 98101",April
190082,Google Phone,1,600.0,2019-04-12 19:07:00,"743 Lincoln St, Boston, MA 02215",April
190623,Google Phone,1,600.0,2019-04-14 17:32:00,"493 Cedar St, New York City, NY 10001",April
193307,Google Phone,1,600.0,2019-04-30 22:36:00,"323 North St, Portland, OR 97035",April
194090,Google Phone,1,600.0,2019-04-08 17:11:00,"177 Jackson St, Los Angeles, CA 90001",April
177898,Google Phone,1,600.0,2019-04-16 13:38:00,"928 6th St, Los Angeles, CA 90001",April
178867,Google Phone,1,600.0,2019-04-26 15:06:00,"137 Cedar St, Seattle, WA 98101",April
190662,Google Phone,1,600.0,2019-04-04 08:49:00,"91 Ridge St, New York City, NY 10001",April
190234,Google Phone,1,600.0,2019-04-17 15:37:00,"128 River St, Dallas, TX 75001",April
193260,Google Phone,1,600.0,2019-04-01 16:37:00,"585 Hill St, Los Angeles, CA 90001",April
189790,Google Phone,1,600.0,2019-04-11 11:02:00,"496 Pine St, San Francisco, CA 94016",April
192485,Google Phone,1,600.0,2019-04-09 15:38:00,"83 Lake St, Los Angeles, CA 90001",April
181322,Google Phone,1,600.0,2019-04-23 14:10:00,"691 14th St, Boston, MA 02215",April
177350,Google Phone,1,600.0,2019-04-21 13:55:00,"833 Wilson St, Portland, OR 97035",April
186755,Google Phone,1,600.0,2019-04-03 07:23:00,"477 Walnut St, Austin, TX 73301",April
184508,Google Phone,1,600.0,2019-04-26 11:15:00,"723 Hickory St, Los Angeles, CA 90001",April
190851,Google Phone,1,600.0,2019-04-07 14:50:00,"292 Washington St, Boston, MA 02215",April
189243,Google Phone,1,600.0,2019-04-28 13:01:00,"629 Jackson St, New York City, NY 10001",April
176739,Google Phone,1,600.0,2019-04-05 17:38:00,"730 6th St, Austin, TX 73301",April
179412,Google Phone,1,600.0,2019-04-09 10:53:00,"963 Center St, San Francisco, CA 94016",April
180543,Google Phone,1,600.0,2019-04-29 22:42:00,"945 River St, San Francisco, CA 94016",April
188112,Google Phone,1,600.0,2019-04-26 20:05:00,"839 Lakeview St, Los Angeles, CA 90001",April
190696,Google Phone,1,600.0,2019-04-12 20:03:00,"736 River St, San Francisco, CA 94016",April
193050,Google Phone,1,600.0,2019-04-19 18:45:00,"329 Sunset St, Dallas, TX 75001",April
193562,Google Phone,1,600.0,2019-04-24 13:41:00,"526 9th St, Atlanta, GA 30301",April
178365,Google Phone,1,600.0,2019-04-10 17:39:00,"413 South St, New York City, NY 10001",April
179107,Google Phone,1,600.0,2019-04-07 12:32:00,"312 Center St, Los Angeles, CA 90001",April
186510,Google Phone,1,600.0,2019-04-25 23:15:00,"785 Center St, Seattle, WA 98101",April
186516,Google Phone,1,600.0,2019-04-23 04:36:00,"687 Willow St, Seattle, WA 98101",April
177168,Google Phone,1,600.0,2019-04-12 10:22:00,"306 Jackson St, New York City, NY 10001",April
182202,Google Phone,1,600.0,2019-04-26 15:04:00,"165 Hill St, Seattle, WA 98101",April
188266,Google Phone,1,600.0,2019-04-02 08:51:00,"877 Church St, San Francisco, CA 94016",April
191938,Google Phone,1,600.0,2019-04-27 11:13:00,"218 Elm St, Dallas, TX 75001",April
192309,Google Phone,1,600.0,2019-04-23 18:42:00,"734 Main St, Los Angeles, CA 90001",April
193403,Google Phone,1,600.0,2019-04-19 14:59:00,"814 Center St, Austin, TX 73301",April
179514,Google Phone,1,600.0,2019-04-26 16:05:00,"743 South St, Dallas, TX 75001",April
188468,Google Phone,1,600.0,2019-04-01 16:17:00,"742 Elm St, New York City, NY 10001",April
191308,Google Phone,1,600.0,2019-04-28 13:04:00,"606 Hickory St, Boston, MA 02215",April
184765,Google Phone,1,600.0,2019-04-15 21:32:00,"995 Lake St, San Francisco, CA 94016",April
190288,Google Phone,1,600.0,2019-04-02 19:22:00,"802 Chestnut St, New York City, NY 10001",April
193121,Google Phone,1,600.0,2019-04-04 09:48:00,"718 Lincoln St, San Francisco, CA 94016",April
178343,Google Phone,1,600.0,2019-04-23 22:16:00,"838 Cherry St, Los Angeles, CA 90001",April
181110,Google Phone,1,600.0,2019-04-12 12:57:00,"37 Lake St, New York City, NY 10001",April
182218,Google Phone,1,600.0,2019-04-13 16:10:00,"559 Park St, Dallas, TX 75001",April
185604,Google Phone,1,600.0,2019-04-05 10:31:00,"98 6th St, San Francisco, CA 94016",April
191019,Google Phone,1,600.0,2019-04-17 15:28:00,"225 8th St, Seattle, WA 98101",April
193334,Google Phone,1,600.0,2019-04-19 16:34:00,"412 Forest St, Portland, ME 04101",April
178967,Google Phone,1,600.0,2019-04-27 11:09:00,"651 4th St, Seattle, WA 98101",April
188869,Google Phone,1,600.0,2019-04-03 12:59:00,"134 Spruce St, Los Angeles, CA 90001",April
190588,Google Phone,1,600.0,2019-04-14 09:11:00,"22 Maple St, Dallas, TX 75001",April
179379,Google Phone,1,600.0,2019-04-12 15:28:00,"288 Washington St, Los Angeles, CA 90001",April
180430,Google Phone,1,600.0,2019-04-10 15:34:00,"118 Highland St, Seattle, WA 98101",April
182099,Google Phone,1,600.0,2019-04-02 18:13:00,"192 14th St, Atlanta, GA 30301",April
183310,Google Phone,1,600.0,2019-04-22 13:26:00,"89 Dogwood St, San Francisco, CA 94016",April
187616,Google Phone,1,600.0,2019-04-13 19:19:00,"14 Jackson St, San Francisco, CA 94016",April
188263,Google Phone,1,600.0,2019-04-28 09:51:00,"814 Jackson St, Los Angeles, CA 90001",April
190428,Google Phone,1,600.0,2019-04-21 18:51:00,"304 Pine St, Los Angeles, CA 90001",April
177228,Google Phone,1,600.0,2019-04-17 19:38:00,"233 South St, Dallas, TX 75001",April
179054,Google Phone,1,600.0,2019-04-17 16:12:00,"966 Jackson St, Seattle, WA 98101",April
181591,Google Phone,1,600.0,2019-04-17 09:28:00,"539 Walnut St, Los Angeles, CA 90001",April
184362,Google Phone,1,600.0,2019-04-30 14:59:00,"105 Main St, San Francisco, CA 94016",April
192495,Google Phone,1,600.0,2019-04-20 14:31:00,"302 River St, Portland, ME 04101",April
194416,Google Phone,1,600.0,2019-05-03 08:35:00,"992 Sunset St, New York City, NY 10001",May
196865,Google Phone,1,600.0,2019-05-17 20:27:00,"404 Elm St, Austin, TX 73301",May
204412,Google Phone,1,600.0,2019-05-07 07:12:00,"764 River St, San Francisco, CA 94016",May
208870,Google Phone,1,600.0,2019-05-21 11:57:00,"602 Wilson St, Los Angeles, CA 90001",May
195268,Google Phone,1,600.0,2019-05-31 22:15:00,"726 Walnut St, Seattle, WA 98101",May
195883,Google Phone,1,600.0,2019-05-03 08:45:00,"283 West St, San Francisco, CA 94016",May
199192,Google Phone,2,600.0,2019-05-27 18:22:00,"290 Highland St, San Francisco, CA 94016",May
201964,Google Phone,1,600.0,2019-05-17 23:02:00,"267 Maple St, Atlanta, GA 30301",May
205960,Google Phone,1,600.0,2019-05-08 16:41:00,"752 Washington St, New York City, NY 10001",May
206178,Google Phone,1,600.0,2019-05-01 21:08:00,"954 5th St, Seattle, WA 98101",May
207488,Google Phone,1,600.0,2019-05-31 14:30:00,"83 12th St, San Francisco, CA 94016",May
195700,Google Phone,1,600.0,2019-05-22 00:05:00,"378 Hickory St, San Francisco, CA 94016",May
198410,Google Phone,1,600.0,2019-05-05 12:03:00,"543 Main St, San Francisco, CA 94016",May
206157,Google Phone,1,600.0,2019-05-25 21:59:00,"537 4th St, Austin, TX 73301",May
199982,Google Phone,1,600.0,2019-05-08 19:46:00,"566 7th St, New York City, NY 10001",May
202002,Google Phone,1,600.0,2019-05-21 10:58:00,"288 14th St, Boston, MA 02215",May
195951,Google Phone,1,600.0,2019-05-14 08:18:00,"629 South St, San Francisco, CA 94016",May
206119,Google Phone,1,600.0,2019-05-11 12:34:00,"255 Jefferson St, New York City, NY 10001",May
196849,Google Phone,1,600.0,2019-05-13 22:31:00,"617 River St, Seattle, WA 98101",May
199878,Google Phone,1,600.0,2019-05-10 23:42:00,"996 2nd St, Dallas, TX 75001",May
207662,Google Phone,1,600.0,2019-05-23 20:18:00,"807 Lakeview St, San Francisco, CA 94016",May
194658,Google Phone,1,600.0,2019-05-06 14:32:00,"837 Madison St, Atlanta, GA 30301",May
205562,Google Phone,1,600.0,2019-05-20 08:46:00,"730 Highland St, San Francisco, CA 94016",May
203523,Google Phone,1,600.0,2019-05-07 17:26:00,"577 Walnut St, Atlanta, GA 30301",May
197859,Google Phone,1,600.0,2019-05-20 10:28:00,"66 5th St, Los Angeles, CA 90001",May
198157,Google Phone,1,600.0,2019-05-18 15:56:00,"452 Lincoln St, Seattle, WA 98101",May
206233,Google Phone,1,600.0,2019-05-11 14:04:00,"196 Hickory St, Atlanta, GA 30301",May
208223,Google Phone,1,600.0,2019-05-05 19:01:00,"417 14th St, Boston, MA 02215",May
195212,Google Phone,1,600.0,2019-05-23 01:07:00,"87 Wilson St, New York City, NY 10001",May
200728,Google Phone,1,600.0,2019-05-22 13:32:00,"253 Center St, Boston, MA 02215",May
206282,Google Phone,1,600.0,2019-05-02 18:24:00,"562 5th St, San Francisco, CA 94016",May
202688,Google Phone,1,600.0,2019-05-04 14:29:00,"657 Sunset St, San Francisco, CA 94016",May
195101,Google Phone,1,600.0,2019-05-17 21:16:00,"978 Sunset St, Atlanta, GA 30301",May
209361,Google Phone,1,600.0,2019-05-16 10:57:00,"734 13th St, Dallas, TX 75001",May
198503,Google Phone,1,600.0,2019-05-16 05:28:00,"790 Chestnut St, Boston, MA 02215",May
199339,Google Phone,1,600.0,2019-05-27 14:02:00,"738 2nd St, Atlanta, GA 30301",May
202068,Google Phone,1,600.0,2019-05-24 19:45:00,"628 Cherry St, Los Angeles, CA 90001",May
197407,Google Phone,1,600.0,2019-05-04 11:53:00,"169 Main St, Boston, MA 02215",May
201410,Google Phone,1,600.0,2019-05-22 01:34:00,"527 Cedar St, San Francisco, CA 94016",May
204839,Google Phone,1,600.0,2019-05-14 16:56:00,"34 Madison St, Seattle, WA 98101",May
194494,Google Phone,1,600.0,2019-05-22 13:48:00,"903 Center St, Boston, MA 02215",May
195592,Google Phone,1,600.0,2019-05-07 17:55:00,"567 14th St, New York City, NY 10001",May
198342,Google Phone,1,600.0,2019-05-07 12:23:00,"286 Madison St, Portland, ME 04101",May
205248,Google Phone,1,600.0,2019-05-24 00:06:00,"968 8th St, Atlanta, GA 30301",May
206960,Google Phone,1,600.0,2019-05-06 12:45:00,"364 Wilson St, Los Angeles, CA 90001",May
199162,Google Phone,1,600.0,2019-05-20 21:22:00,"132 Adams St, Seattle, WA 98101",May
206975,Google Phone,1,600.0,2019-05-26 21:18:00,"101 2nd St, Portland, ME 04101",May
197286,Google Phone,1,600.0,2019-05-19 21:38:00,"275 Meadow St, San Francisco, CA 94016",May
198396,Google Phone,1,600.0,2019-05-23 16:09:00,"178 Washington St, Austin, TX 73301",May
195062,Google Phone,1,600.0,2019-05-02 17:03:00,"514 Walnut St, Boston, MA 02215",May
194907,Google Phone,1,600.0,2019-05-30 00:22:00,"341 Ridge St, Atlanta, GA 30301",May
203365,Google Phone,1,600.0,2019-05-05 13:38:00,"272 Madison St, Atlanta, GA 30301",May
195512,Google Phone,1,600.0,2019-05-20 19:46:00,"336 13th St, San Francisco, CA 94016",May
197814,Google Phone,1,600.0,2019-05-22 12:00:00,"507 River St, San Francisco, CA 94016",May
204450,Google Phone,1,600.0,2019-05-07 09:10:00,"632 13th St, Los Angeles, CA 90001",May
199692,Google Phone,1,600.0,2019-05-16 17:38:00,"829 10th St, San Francisco, CA 94016",May
199502,Google Phone,1,600.0,2019-05-20 07:52:00,"112 Park St, Seattle, WA 98101",May
203450,Google Phone,1,600.0,2019-05-23 22:50:00,"256 North St, Los Angeles, CA 90001",May
207274,Google Phone,1,600.0,2019-05-24 12:03:00,"524 Center St, Boston, MA 02215",May
198807,Google Phone,1,600.0,2019-05-30 11:33:00,"656 Hill St, Los Angeles, CA 90001",May
201130,Google Phone,1,600.0,2019-05-02 06:22:00,"547 Pine St, San Francisco, CA 94016",May
201734,Google Phone,1,600.0,2019-05-19 11:32:00,"347 Madison St, Seattle, WA 98101",May
205917,Google Phone,1,600.0,2019-05-17 19:05:00,"176 Main St, Seattle, WA 98101",May
208381,Google Phone,1,600.0,2019-05-28 11:54:00,"850 Meadow St, Los Angeles, CA 90001",May
210199,Google Phone,1,600.0,2019-06-10 11:14:00,"682 Madison St, San Francisco, CA 94016",June
213619,Google Phone,1,600.0,2019-06-29 21:24:00,"895 13th St, Los Angeles, CA 90001",June
216147,Google Phone,1,600.0,2019-06-26 23:08:00,"71 10th St, San Francisco, CA 94016",June
221079,Google Phone,1,600.0,2019-06-25 14:30:00,"113 2nd St, Boston, MA 02215",June
222042,Google Phone,1,600.0,2019-06-27 19:19:00,"175 South St, Austin, TX 73301",June
222019,Google Phone,1,600.0,2019-06-08 05:45:00,"617 Highland St, Los Angeles, CA 90001",June
210792,Google Phone,1,600.0,2019-06-07 14:51:00,"472 6th St, New York City, NY 10001",June
219606,Google Phone,1,600.0,2019-06-11 08:51:00,"528 Lincoln St, Atlanta, GA 30301",June
219478,Google Phone,1,600.0,2019-06-23 11:01:00,"951 Willow St, San Francisco, CA 94016",June
209949,Google Phone,1,600.0,2019-06-23 07:45:00,"637 12th St, San Francisco, CA 94016",June
212193,Google Phone,1,600.0,2019-06-20 20:27:00,"645 Spruce St, Atlanta, GA 30301",June
213992,Google Phone,1,600.0,2019-06-29 21:46:00,"920 8th St, San Francisco, CA 94016",June
215611,Google Phone,1,600.0,2019-06-19 07:28:00,"120 6th St, Los Angeles, CA 90001",June
220596,Google Phone,1,600.0,2019-06-13 22:35:00,"178 Church St, Dallas, TX 75001",June
221504,Google Phone,1,600.0,2019-06-18 15:06:00,"81 Lake St, San Francisco, CA 94016",June
212808,Google Phone,1,600.0,2019-06-04 09:02:00,"770 9th St, San Francisco, CA 94016",June
214412,Google Phone,1,600.0,2019-06-08 16:24:00,"222 Wilson St, San Francisco, CA 94016",June
218708,Google Phone,1,600.0,2019-06-11 17:10:00,"156 11th St, Seattle, WA 98101",June
210993,Google Phone,1,600.0,2019-06-25 09:50:00,"615 13th St, Seattle, WA 98101",June
212502,Google Phone,1,600.0,2019-06-15 18:35:00,"463 Church St, Atlanta, GA 30301",June
222820,Google Phone,1,600.0,2019-06-25 18:50:00,"764 Madison St, San Francisco, CA 94016",June
221750,Google Phone,1,600.0,2019-06-06 23:15:00,"127 Johnson St, Los Angeles, CA 90001",June
222094,Google Phone,1,600.0,2019-06-02 17:14:00,"669 13th St, Los Angeles, CA 90001",June
221180,Google Phone,1,600.0,2019-06-30 09:33:00,"375 Jefferson St, Atlanta, GA 30301",June
214522,Google Phone,1,600.0,2019-06-26 08:12:00,"736 West St, San Francisco, CA 94016",June
210171,Google Phone,1,600.0,2019-06-30 13:59:00,"503 Dogwood St, New York City, NY 10001",June
211881,Google Phone,1,600.0,2019-06-28 16:21:00,"851 Park St, Seattle, WA 98101",June
213546,Google Phone,1,600.0,2019-06-19 13:04:00,"822 11th St, Atlanta, GA 30301",June
217023,Google Phone,1,600.0,2019-06-06 23:31:00,"1 Sunset St, Seattle, WA 98101",June
222789,Google Phone,1,600.0,2019-06-01 09:23:00,"407 River St, New York City, NY 10001",June
209990,Google Phone,1,600.0,2019-06-16 20:31:00,"557 Wilson St, Austin, TX 73301",June
215028,Google Phone,1,600.0,2019-06-06 10:11:00,"583 Chestnut St, New York City, NY 10001",June
217276,Google Phone,1,600.0,2019-06-03 11:59:00,"979 Wilson St, Boston, MA 02215",June
218220,Google Phone,1,600.0,2019-06-21 20:20:00,"665 Adams St, Los Angeles, CA 90001",June
212053,Google Phone,1,600.0,2019-06-23 07:19:00,"792 13th St, Atlanta, GA 30301",June
218133,Google Phone,1,600.0,2019-06-29 23:01:00,"944 14th St, San Francisco, CA 94016",June
218812,Google Phone,1,600.0,2019-06-12 07:53:00,"842 Elm St, San Francisco, CA 94016",June
213449,Google Phone,1,600.0,2019-06-19 14:24:00,"339 Chestnut St, Dallas, TX 75001",June
215364,Google Phone,1,600.0,2019-06-30 00:04:00,"214 Church St, Portland, OR 97035",June
219263,Google Phone,1,600.0,2019-06-22 08:59:00,"726 Hickory St, Atlanta, GA 30301",June
220810,Google Phone,1,600.0,2019-06-05 16:18:00,"253 Elm St, Los Angeles, CA 90001",June
211279,Google Phone,1,600.0,2019-06-22 21:33:00,"869 North St, Atlanta, GA 30301",June
216876,Google Phone,1,600.0,2019-06-10 15:05:00,"653 River St, Seattle, WA 98101",June
215689,Google Phone,1,600.0,2019-06-03 13:09:00,"836 Lincoln St, San Francisco, CA 94016",June
219766,Google Phone,1,600.0,2019-06-22 13:44:00,"323 10th St, Dallas, TX 75001",June
210253,Google Phone,1,600.0,2019-06-11 20:40:00,"963 Lakeview St, Los Angeles, CA 90001",June
212863,Google Phone,1,600.0,2019-06-02 15:25:00,"884 Pine St, Boston, MA 02215",June
216945,Google Phone,1,600.0,2019-06-21 13:18:00,"817 Wilson St, Dallas, TX 75001",June
220894,Google Phone,1,600.0,2019-06-21 05:40:00,"892 Dogwood St, Boston, MA 02215",June
214441,Google Phone,1,600.0,2019-06-05 12:57:00,"191 12th St, Boston, MA 02215",June
214751,Google Phone,1,600.0,2019-06-11 12:49:00,"433 Chestnut St, Seattle, WA 98101",June
216252,Google Phone,1,600.0,2019-06-21 09:19:00,"695 Cedar St, Los Angeles, CA 90001",June
219471,Google Phone,1,600.0,2019-06-13 17:57:00,"985 Washington St, Boston, MA 02215",June
217868,Google Phone,1,600.0,2019-06-29 12:33:00,"353 1st St, New York City, NY 10001",June
212239,Google Phone,1,600.0,2019-06-20 17:40:00,"721 Wilson St, San Francisco, CA 94016",June
221588,Google Phone,1,600.0,2019-06-03 09:07:00,"516 Madison St, New York City, NY 10001",June
214985,Google Phone,1,600.0,2019-06-04 21:23:00,"669 Elm St, Boston, MA 02215",June
215070,Google Phone,1,600.0,2019-06-07 12:35:00,"888 11th St, Austin, TX 73301",June
219025,Google Phone,1,600.0,2019-06-05 09:32:00,"570 8th St, Dallas, TX 75001",June
210176,Google Phone,1,600.0,2019-06-28 17:53:00,"98 Wilson St, Los Angeles, CA 90001",June
211742,Google Phone,1,600.0,2019-06-02 18:25:00,"443 Pine St, San Francisco, CA 94016",June
214536,Google Phone,1,600.0,2019-06-21 13:38:00,"331 2nd St, San Francisco, CA 94016",June
214880,Google Phone,1,600.0,2019-06-25 07:59:00,"563 Sunset St, San Francisco, CA 94016",June
222753,Google Phone,1,600.0,2019-06-05 18:37:00,"38 2nd St, Dallas, TX 75001",June
213078,Google Phone,1,600.0,2019-06-28 08:57:00,"863 West St, New York City, NY 10001",June
222683,Google Phone,1,600.0,2019-06-27 20:56:00,"152 Church St, Portland, OR 97035",June
210401,Google Phone,1,600.0,2019-06-25 21:14:00,"713 13th St, San Francisco, CA 94016",June
219653,Google Phone,1,600.0,2019-06-30 12:47:00,"793 Center St, Los Angeles, CA 90001",June
221154,Google Phone,1,600.0,2019-06-15 09:48:00,"546 8th St, San Francisco, CA 94016",June
222380,Google Phone,1,600.0,2019-06-26 22:17:00,"808 11th St, San Francisco, CA 94016",June
216048,Google Phone,1,600.0,2019-06-14 15:04:00,"888 Elm St, Los Angeles, CA 90001",June
218259,Google Phone,1,600.0,2019-06-24 19:26:00,"968 12th St, San Francisco, CA 94016",June
224169,Google Phone,1,600.0,2019-07-11 20:38:00,"143 Ridge St, Seattle, WA 98101",July
235209,Google Phone,1,600.0,2019-07-24 14:31:00,"847 Hill St, Austin, TX 73301",July
236327,Google Phone,1,600.0,2019-07-10 12:11:00,"589 Church St, Atlanta, GA 30301",July
224291,Google Phone,1,600.0,2019-07-03 18:29:00,"859 Church St, Seattle, WA 98101",July
230550,Google Phone,1,600.0,2019-07-22 13:47:00,"66 Center St, New York City, NY 10001",July
230887,Google Phone,1,600.0,2019-07-26 00:16:00,"72 Ridge St, Portland, OR 97035",July
227603,Google Phone,1,600.0,2019-07-11 16:06:00,"401 Jefferson St, San Francisco, CA 94016",July
225122,Google Phone,1,600.0,2019-07-28 18:04:00,"862 2nd St, Los Angeles, CA 90001",July
228009,Google Phone,1,600.0,2019-07-20 07:20:00,"16 Chestnut St, San Francisco, CA 94016",July
233944,Google Phone,1,600.0,2019-07-05 19:42:00,"94 10th St, Atlanta, GA 30301",July
223144,Google Phone,1,600.0,2019-07-15 21:51:00,"37 Walnut St, New York City, NY 10001",July
226082,Google Phone,1,600.0,2019-07-22 18:45:00,"981 12th St, Boston, MA 02215",July
230585,Google Phone,1,600.0,2019-07-07 22:47:00,"843 Center St, Austin, TX 73301",July
230597,Google Phone,1,600.0,2019-07-16 23:25:00,"798 8th St, New York City, NY 10001",July
235087,Google Phone,1,600.0,2019-07-17 22:35:00,"619 Center St, Boston, MA 02215",July
223658,Google Phone,1,600.0,2019-07-21 08:05:00,"960 West St, Seattle, WA 98101",July
228038,Google Phone,1,600.0,2019-07-06 05:29:00,"552 2nd St, New York City, NY 10001",July
230528,Google Phone,1,600.0,2019-07-04 16:39:00,"752 Elm St, Austin, TX 73301",July
231149,Google Phone,1,600.0,2019-07-21 21:07:00,"691 Wilson St, Portland, OR 97035",July
231409,Google Phone,1,600.0,2019-07-20 10:43:00,"455 Washington St, Seattle, WA 98101",July
229834,Google Phone,1,600.0,2019-07-11 22:38:00,"688 South St, Los Angeles, CA 90001",July
234314,Google Phone,1,600.0,2019-07-08 17:12:00,"83 Adams St, New York City, NY 10001",July
234835,Google Phone,1,600.0,2019-07-09 09:32:00,"117 Church St, San Francisco, CA 94016",July
235565,Google Phone,1,600.0,2019-07-26 12:39:00,"930 Madison St, Portland, OR 97035",July
236598,Google Phone,1,600.0,2019-07-21 21:49:00,"541 North St, Boston, MA 02215",July
231261,Google Phone,1,600.0,2019-07-12 10:12:00,"544 14th St, San Francisco, CA 94016",July
223508,Google Phone,1,600.0,2019-07-29 14:43:00,"492 Main St, Atlanta, GA 30301",July
229361,Google Phone,1,600.0,2019-07-04 22:16:00,"800 12th St, Seattle, WA 98101",July
235639,Google Phone,1,600.0,2019-07-01 09:19:00,"259 Madison St, New York City, NY 10001",July
233678,Google Phone,1,600.0,2019-07-07 22:56:00,"949 Lincoln St, Portland, OR 97035",July
234669,Google Phone,1,600.0,2019-07-18 10:43:00,"524 Jefferson St, Los Angeles, CA 90001",July
224907,Google Phone,1,600.0,2019-07-02 12:14:00,"293 2nd St, New York City, NY 10001",July
232275,Google Phone,1,600.0,2019-07-22 22:44:00,"483 5th St, New York City, NY 10001",July
232806,Google Phone,1,600.0,2019-07-15 15:44:00,"21 River St, New York City, NY 10001",July
233113,Google Phone,1,600.0,2019-07-02 19:20:00,"590 Park St, San Francisco, CA 94016",July
229887,Google Phone,1,600.0,2019-07-13 19:08:00,"389 Church St, Boston, MA 02215",July
234988,Google Phone,1,600.0,2019-07-16 07:45:00,"537 14th St, Los Angeles, CA 90001",July
235889,Google Phone,1,600.0,2019-07-29 19:11:00,"235 Sunset St, Atlanta, GA 30301",July
228610,Google Phone,1,600.0,2019-07-26 18:24:00,"746 Maple St, Los Angeles, CA 90001",July
231116,Google Phone,1,600.0,2019-07-27 19:35:00,"639 1st St, Atlanta, GA 30301",July
229194,Google Phone,1,600.0,2019-07-16 11:13:00,"510 Meadow St, Seattle, WA 98101",July
226269,Google Phone,1,600.0,2019-07-19 10:43:00,"947 Dogwood St, Seattle, WA 98101",July
235444,Google Phone,1,600.0,2019-07-23 17:45:00,"707 13th St, New York City, NY 10001",July
235466,Google Phone,1,600.0,2019-07-27 11:04:00,"720 9th St, Boston, MA 02215",July
223479,Google Phone,1,600.0,2019-07-08 21:15:00,"980 Church St, Dallas, TX 75001",July
226147,Google Phone,1,600.0,2019-07-15 11:58:00,"191 Johnson St, San Francisco, CA 94016",July
229097,Google Phone,1,600.0,2019-07-28 23:17:00,"728 12th St, Atlanta, GA 30301",July
234263,Google Phone,1,600.0,2019-07-17 11:46:00,"53 Jackson St, Los Angeles, CA 90001",July
225289,Google Phone,1,600.0,2019-07-11 13:58:00,"187 11th St, San Francisco, CA 94016",July
226884,Google Phone,1,600.0,2019-07-21 07:18:00,"992 Jackson St, San Francisco, CA 94016",July
227240,Google Phone,1,600.0,2019-07-08 12:37:00,"166 2nd St, Portland, ME 04101",July
223929,Google Phone,1,600.0,2019-07-08 15:17:00,"446 Willow St, San Francisco, CA 94016",July
226625,Google Phone,1,600.0,2019-07-15 23:06:00,"553 Willow St, San Francisco, CA 94016",July
228300,Google Phone,1,600.0,2019-07-15 16:00:00,"989 5th St, New York City, NY 10001",July
232688,Google Phone,1,600.0,2019-07-15 09:08:00,"761 Dogwood St, Dallas, TX 75001",July
223679,Google Phone,1,600.0,2019-07-30 16:00:00,"58 Madison St, San Francisco, CA 94016",July
230248,Google Phone,1,600.0,2019-07-07 16:13:00,"239 13th St, New York City, NY 10001",July
233230,Google Phone,1,600.0,2019-07-28 16:53:00,"332 Walnut St, New York City, NY 10001",July
226529,Google Phone,1,600.0,2019-07-27 09:37:00,"497 Lincoln St, Portland, OR 97035",July
227901,Google Phone,1,600.0,2019-07-04 20:22:00,"993 Walnut St, Portland, ME 04101",July
228745,Google Phone,1,600.0,2019-07-30 10:37:00,"160 South St, Los Angeles, CA 90001",July
229183,Google Phone,1,600.0,2019-07-21 16:45:00,"246 Sunset St, Atlanta, GA 30301",July
229705,Google Phone,1,600.0,2019-07-24 14:33:00,"13 Pine St, Los Angeles, CA 90001",July
237864,Google Phone,1,600.0,2019-08-31 22:55:00,"662 14th St, Austin, TX 73301",August
238709,Google Phone,1,600.0,2019-08-06 11:07:00,"997 River St, New York City, NY 10001",August
242841,Google Phone,1,600.0,2019-08-03 13:49:00,"548 7th St, Los Angeles, CA 90001",August
246978,Google Phone,1,600.0,2019-08-29 16:27:00,"661 8th St, San Francisco, CA 94016",August
239147,Google Phone,1,600.0,2019-08-21 21:14:00,"493 5th St, Los Angeles, CA 90001",August
238716,Google Phone,1,600.0,2019-08-16 08:12:00,"528 Ridge St, Dallas, TX 75001",August
240052,Google Phone,1,600.0,2019-08-19 12:53:00,"764 Hill St, San Francisco, CA 94016",August
240354,Google Phone,1,600.0,2019-08-03 17:21:00,"47 Willow St, Los Angeles, CA 90001",August
246659,Google Phone,1,600.0,2019-08-03 18:30:00,"237 Main St, New York City, NY 10001",August
240452,Google Phone,1,600.0,2019-08-15 23:21:00,"465 7th St, Los Angeles, CA 90001",August
243767,Google Phone,1,600.0,2019-08-31 16:03:00,"955 2nd St, Atlanta, GA 30301",August
246643,Google Phone,1,600.0,2019-08-05 16:51:00,"914 6th St, Austin, TX 73301",August
247768,Google Phone,1,600.0,2019-08-20 22:38:00,"451 7th St, Atlanta, GA 30301",August
238214,Google Phone,1,600.0,2019-08-14 01:44:00,"7 North St, Seattle, WA 98101",August
239880,Google Phone,1,600.0,2019-08-02 18:33:00,"759 11th St, San Francisco, CA 94016",August
239939,Google Phone,1,600.0,2019-08-12 20:28:00,"45 Highland St, Seattle, WA 98101",August
241931,Google Phone,1,600.0,2019-08-27 00:19:00,"859 Hickory St, Los Angeles, CA 90001",August
237925,Google Phone,1,600.0,2019-08-07 13:39:00,"876 Park St, Dallas, TX 75001",August
240068,Google Phone,1,600.0,2019-08-17 13:52:00,"305 Elm St, Atlanta, GA 30301",August
247839,Google Phone,1,600.0,2019-08-01 12:38:00,"808 Park St, Atlanta, GA 30301",August
246771,Google Phone,1,600.0,2019-08-17 17:56:00,"60 Center St, Seattle, WA 98101",August
247169,Google Phone,1,600.0,2019-08-25 20:33:00,"307 Elm St, Austin, TX 73301",August
240183,Google Phone,1,600.0,2019-08-16 08:37:00,"944 River St, San Francisco, CA 94016",August
241657,Google Phone,1,600.0,2019-08-12 10:30:00,"883 Jefferson St, Austin, TX 73301",August
242044,Google Phone,1,600.0,2019-08-03 21:28:00,"831 4th St, Los Angeles, CA 90001",August
242190,Google Phone,1,600.0,2019-08-17 13:29:00,"435 Walnut St, San Francisco, CA 94016",August
242432,Google Phone,1,600.0,2019-08-08 22:41:00,"768 Jackson St, Portland, OR 97035",August
247064,Google Phone,1,600.0,2019-08-08 12:21:00,"663 11th St, Dallas, TX 75001",August
236979,Google Phone,1,600.0,2019-08-15 10:21:00,"539 5th St, Boston, MA 02215",August
237319,Google Phone,1,600.0,2019-08-02 15:19:00,"696 Center St, San Francisco, CA 94016",August
241218,Google Phone,1,600.0,2019-08-05 13:47:00,"638 9th St, San Francisco, CA 94016",August
244659,Google Phone,1,600.0,2019-08-30 18:38:00,"938 4th St, Los Angeles, CA 90001",August
240647,Google Phone,1,600.0,2019-08-24 12:56:00,"930 Jackson St, Atlanta, GA 30301",August
241394,Google Phone,1,600.0,2019-08-24 19:39:00,"815 6th St, Dallas, TX 75001",August
245376,Google Phone,1,600.0,2019-08-01 21:43:00,"783 6th St, Boston, MA 02215",August
237965,Google Phone,1,600.0,2019-08-23 22:48:00,"311 Dogwood St, New York City, NY 10001",August
240167,Google Phone,1,600.0,2019-08-01 20:17:00,"212 Hill St, San Francisco, CA 94016",August
236797,Google Phone,1,600.0,2019-08-16 18:45:00,"835 12th St, Los Angeles, CA 90001",August
237082,Google Phone,1,600.0,2019-08-15 11:28:00,"473 Adams St, San Francisco, CA 94016",August
238293,Google Phone,1,600.0,2019-08-02 08:42:00,"289 Lincoln St, Los Angeles, CA 90001",August
243444,Google Phone,1,600.0,2019-08-25 09:30:00,"242 Main St, Seattle, WA 98101",August
243503,Google Phone,1,600.0,2019-08-21 21:06:00,"167 2nd St, Boston, MA 02215",August
236717,Google Phone,1,600.0,2019-08-11 12:26:00,"394 12th St, Atlanta, GA 30301",August
236876,Google Phone,1,600.0,2019-08-14 20:52:00,"646 14th St, Boston, MA 02215",August
237969,Google Phone,1,600.0,2019-08-11 03:09:00,"681 Johnson St, Austin, TX 73301",August
243202,Google Phone,1,600.0,2019-08-17 23:58:00,"412 6th St, New York City, NY 10001",August
245701,Google Phone,1,600.0,2019-08-01 23:16:00,"802 Chestnut St, Atlanta, GA 30301",August
240768,Google Phone,1,600.0,2019-08-23 20:23:00,"615 Willow St, Boston, MA 02215",August
241327,Google Phone,1,600.0,2019-08-10 11:48:00,"988 Ridge St, Los Angeles, CA 90001",August
241640,Google Phone,1,600.0,2019-08-28 19:44:00,"403 Jackson St, San Francisco, CA 94016",August
245008,Google Phone,1,600.0,2019-08-02 11:42:00,"371 Jefferson St, New York City, NY 10001",August
245857,Google Phone,1,600.0,2019-08-19 18:49:00,"714 Wilson St, Los Angeles, CA 90001",August
241380,Google Phone,1,600.0,2019-08-16 19:01:00,"11 Johnson St, Boston, MA 02215",August
242106,Google Phone,1,600.0,2019-08-12 12:37:00,"930 Elm St, Los Angeles, CA 90001",August
247031,Google Phone,1,600.0,2019-08-10 15:57:00,"776 Lakeview St, Atlanta, GA 30301",August
240133,Google Phone,1,600.0,2019-08-02 20:13:00,"19 Park St, Seattle, WA 98101",August
245542,Google Phone,1,600.0,2019-08-18 17:48:00,"596 Park St, San Francisco, CA 94016",August
238237,Google Phone,1,600.0,2019-08-10 09:40:00,"792 Park St, Dallas, TX 75001",August
238786,Google Phone,1,600.0,2019-08-07 17:14:00,"489 Madison St, New York City, NY 10001",August
242568,Google Phone,1,600.0,2019-08-01 18:29:00,"83 Forest St, San Francisco, CA 94016",August
244069,Google Phone,1,600.0,2019-08-24 21:52:00,"103 Lake St, Dallas, TX 75001",August
247471,Google Phone,1,600.0,2019-08-04 14:12:00,"817 6th St, Atlanta, GA 30301",August
244928,Google Phone,1,600.0,2019-08-09 13:34:00,"983 11th St, Los Angeles, CA 90001",August
245100,Google Phone,1,600.0,2019-08-31 11:48:00,"453 Lake St, New York City, NY 10001",August
237911,Google Phone,1,600.0,2019-08-19 10:14:00,"395 Center St, Los Angeles, CA 90001",August
239388,Google Phone,1,600.0,2019-08-24 19:32:00,"285 Pine St, Dallas, TX 75001",August
242644,Google Phone,1,600.0,2019-08-31 12:09:00,"656 Church St, Portland, OR 97035",August
242875,Google Phone,1,600.0,2019-08-11 18:47:00,"432 6th St, New York City, NY 10001",August
241774,Google Phone,1,600.0,2019-08-20 20:27:00,"852 Center St, Los Angeles, CA 90001",August
242132,Google Phone,1,600.0,2019-08-02 16:32:00,"173 12th St, New York City, NY 10001",August
241237,Google Phone,1,600.0,2019-08-23 03:19:00,"114 Johnson St, Portland, OR 97035",August
239759,Google Phone,1,600.0,2019-08-23 18:30:00,"543 Cherry St, New York City, NY 10001",August
241790,Google Phone,1,600.0,2019-08-25 16:56:00,"125 Meadow St, San Francisco, CA 94016",August
250837,Google Phone,1,600.0,2019-09-28 14:51:00,"97 Highland St, Boston, MA 02215",September
251698,Google Phone,1,600.0,2019-09-19 13:51:00,"79 Highland St, New York City, NY 10001",September
252699,Google Phone,1,600.0,2019-09-13 12:41:00,"219 River St, Portland, OR 97035",September
254046,Google Phone,1,600.0,2019-09-08 13:53:00,"875 Wilson St, Boston, MA 02215",September
251920,Google Phone,1,600.0,2019-09-08 19:25:00,"682 Lincoln St, Seattle, WA 98101",September
258363,Google Phone,1,600.0,2019-09-24 17:59:00,"914 13th St, Los Angeles, CA 90001",September
253721,Google Phone,1,600.0,2019-09-03 12:06:00,"476 Chestnut St, San Francisco, CA 94016",September
254268,Google Phone,1,600.0,2019-09-22 16:47:00,"769 Church St, New York City, NY 10001",September
257541,Google Phone,1,600.0,2019-09-25 22:05:00,"240 8th St, Boston, MA 02215",September
251858,Google Phone,1,600.0,2019-09-22 17:58:00,"225 Spruce St, Seattle, WA 98101",September
252142,Google Phone,1,600.0,2019-09-18 20:00:00,"520 Willow St, Boston, MA 02215",September
250700,Google Phone,1,600.0,2019-09-10 18:26:00,"15 Jackson St, Portland, OR 97035",September
252762,Google Phone,1,600.0,2019-09-14 21:59:00,"884 Dogwood St, Boston, MA 02215",September
258514,Google Phone,1,600.0,2019-09-14 15:25:00,"610 Walnut St, Dallas, TX 75001",September
256589,Google Phone,1,600.0,2019-09-15 14:52:00,"892 6th St, Austin, TX 73301",September
254646,Google Phone,1,600.0,2019-09-19 10:51:00,"967 Jefferson St, New York City, NY 10001",September
250179,Google Phone,1,600.0,2019-09-07 11:32:00,"856 South St, Los Angeles, CA 90001",September
255672,Google Phone,1,600.0,2019-09-28 07:56:00,"693 Center St, Atlanta, GA 30301",September
249459,Google Phone,1,600.0,2019-09-09 15:06:00,"797 Hill St, Dallas, TX 75001",September
250217,Google Phone,1,600.0,2019-09-13 22:52:00,"311 Meadow St, Los Angeles, CA 90001",September
252791,Google Phone,1,600.0,2019-09-07 16:03:00,"188 Center St, San Francisco, CA 94016",September
258528,Google Phone,1,600.0,2019-09-14 11:08:00,"512 Willow St, Austin, TX 73301",September
254889,Google Phone,1,600.0,2019-09-08 14:17:00,"467 1st St, San Francisco, CA 94016",September
248636,Google Phone,1,600.0,2019-09-25 10:28:00,"159 Jefferson St, Los Angeles, CA 90001",September
254690,Google Phone,1,600.0,2019-09-25 06:10:00,"610 9th St, Austin, TX 73301",September
249884,Google Phone,1,600.0,2019-09-06 20:45:00,"156 Ridge St, Los Angeles, CA 90001",September
252921,Google Phone,1,600.0,2019-09-28 12:06:00,"946 Sunset St, Seattle, WA 98101",September
255075,Google Phone,1,600.0,2019-09-29 16:21:00,"247 Madison St, New York City, NY 10001",September
251929,Google Phone,1,600.0,2019-09-24 14:28:00,"994 Elm St, San Francisco, CA 94016",September
255335,Google Phone,1,600.0,2019-09-15 12:56:00,"819 West St, Portland, ME 04101",September
249116,Google Phone,1,600.0,2019-09-10 13:11:00,"605 Cedar St, San Francisco, CA 94016",September
250227,Google Phone,1,600.0,2019-09-30 22:13:00,"205 Pine St, San Francisco, CA 94016",September
255154,Google Phone,1,600.0,2019-09-09 18:42:00,"467 Elm St, Dallas, TX 75001",September
251591,Google Phone,1,600.0,2019-09-17 06:37:00,"154 Park St, New York City, NY 10001",September
253882,Google Phone,1,600.0,2019-09-02 22:40:00,"240 Cherry St, New York City, NY 10001",September
256456,Google Phone,1,600.0,2019-09-03 10:56:00,"194 10th St, San Francisco, CA 94016",September
249316,Google Phone,1,600.0,2019-09-25 00:43:00,"449 Spruce St, Boston, MA 02215",September
255697,Google Phone,1,600.0,2019-09-17 11:29:00,"912 Jackson St, Atlanta, GA 30301",September
251403,Google Phone,1,600.0,2019-09-03 16:36:00,"117 Adams St, New York City, NY 10001",September
251690,Google Phone,1,600.0,2019-09-17 10:48:00,"941 Lakeview St, Los Angeles, CA 90001",September
255247,Google Phone,1,600.0,2019-09-11 10:16:00,"176 Ridge St, San Francisco, CA 94016",September
257407,Google Phone,1,600.0,2019-09-26 09:57:00,"458 9th St, Boston, MA 02215",September
250187,Google Phone,1,600.0,2019-09-02 23:35:00,"545 Madison St, Atlanta, GA 30301",September
254288,Google Phone,1,600.0,2019-09-20 19:39:00,"110 8th St, Atlanta, GA 30301",September
258543,Google Phone,1,600.0,2019-09-08 18:50:00,"192 5th St, San Francisco, CA 94016",September
253560,Google Phone,1,600.0,2019-09-29 09:01:00,"19 Chestnut St, San Francisco, CA 94016",September
255739,Google Phone,1,600.0,2019-09-11 10:14:00,"128 Elm St, New York City, NY 10001",September
249364,Google Phone,1,600.0,2019-09-30 22:01:00,"372 Wilson St, New York City, NY 10001",September
253557,Google Phone,1,600.0,2019-09-03 20:49:00,"296 Adams St, Boston, MA 02215",September
267741,Google Phone,1,600.0,2019-10-30 07:01:00,"362 West St, Dallas, TX 75001",October
260460,Google Phone,1,600.0,2019-10-20 05:34:00,"565 11th St, San Francisco, CA 94016",October
260167,Google Phone,1,600.0,2019-10-22 12:31:00,"251 Dogwood St, Boston, MA 02215",October
261029,Google Phone,1,600.0,2019-10-16 13:56:00,"193 Washington St, Atlanta, GA 30301",October
267661,Google Phone,1,600.0,2019-10-21 12:35:00,"765 7th St, New York City, NY 10001",October
265193,Google Phone,1,600.0,2019-10-08 20:26:00,"463 12th St, Atlanta, GA 30301",October
266637,Google Phone,1,600.0,2019-10-17 21:48:00,"316 Elm St, New York City, NY 10001",October
267197,Google Phone,1,600.0,2019-10-12 11:39:00,"204 Wilson St, Boston, MA 02215",October
269615,Google Phone,1,600.0,2019-10-14 15:04:00,"153 Chestnut St, Los Angeles, CA 90001",October
271581,Google Phone,1,600.0,2019-10-14 09:11:00,"607 13th St, Los Angeles, CA 90001",October
278225,Google Phone,1,600.0,2019-10-10 14:12:00,"553 Cedar St, New York City, NY 10001",October
266784,Google Phone,1,600.0,2019-10-14 08:08:00,"176 Main St, Dallas, TX 75001",October
267212,Google Phone,1,600.0,2019-10-22 13:57:00,"852 North St, San Francisco, CA 94016",October
261865,Google Phone,1,600.0,2019-10-10 20:46:00,"124 Hill St, Los Angeles, CA 90001",October
269442,Google Phone,1,600.0,2019-10-18 23:00:00,"153 Jackson St, Austin, TX 73301",October
261418,Google Phone,1,600.0,2019-10-26 08:40:00,"848 Dogwood St, Portland, OR 97035",October
269774,Google Phone,1,600.0,2019-10-02 11:47:00,"270 10th St, Boston, MA 02215",October
266154,Google Phone,1,600.0,2019-10-23 13:33:00,"37 South St, Atlanta, GA 30301",October
269870,Google Phone,1,600.0,2019-10-15 18:56:00,"774 Forest St, Boston, MA 02215",October
277586,Google Phone,1,600.0,2019-10-08 14:29:00,"180 7th St, San Francisco, CA 94016",October
269858,Google Phone,1,600.0,2019-10-12 22:49:00,"127 Forest St, Boston, MA 02215",October
260501,Google Phone,1,600.0,2019-10-30 23:12:00,"155 South St, Dallas, TX 75001",October
267268,Google Phone,1,600.0,2019-10-26 22:09:00,"291 Main St, Dallas, TX 75001",October
278431,Google Phone,1,600.0,2019-10-01 15:06:00,"348 8th St, Los Angeles, CA 90001",October
259835,Google Phone,1,600.0,2019-10-04 06:16:00,"551 River St, Seattle, WA 98101",October
272982,Google Phone,1,600.0,2019-10-31 05:50:00,"541 Main St, Austin, TX 73301",October
274259,Google Phone,1,600.0,2019-10-23 09:32:00,"601 Maple St, New York City, NY 10001",October
260601,Google Phone,1,600.0,2019-10-30 11:24:00,"108 North St, Portland, OR 97035",October
264921,Google Phone,1,600.0,2019-10-23 22:04:00,"211 West St, San Francisco, CA 94016",October
269888,Google Phone,1,600.0,2019-10-01 17:44:00,"468 North St, Portland, OR 97035",October
271069,Google Phone,1,600.0,2019-10-08 12:02:00,"67 Jackson St, Los Angeles, CA 90001",October
278209,Google Phone,1,600.0,2019-10-29 14:15:00,"352 Maple St, Los Angeles, CA 90001",October
267428,Google Phone,1,600.0,2019-10-10 12:33:00,"5 Hickory St, Los Angeles, CA 90001",October
270268,Google Phone,1,600.0,2019-10-26 16:09:00,"479 Highland St, San Francisco, CA 94016",October
260716,Google Phone,1,600.0,2019-10-13 08:48:00,"110 Chestnut St, San Francisco, CA 94016",October
272275,Google Phone,1,600.0,2019-10-13 15:34:00,"136 Elm St, Portland, OR 97035",October
272617,Google Phone,1,600.0,2019-10-28 06:30:00,"731 Dogwood St, San Francisco, CA 94016",October
276350,Google Phone,1,600.0,2019-10-29 02:39:00,"251 8th St, San Francisco, CA 94016",October
268528,Google Phone,1,600.0,2019-10-06 16:55:00,"12 Dogwood St, Los Angeles, CA 90001",October
268693,Google Phone,1,600.0,2019-10-16 21:01:00,"351 Willow St, New York City, NY 10001",October
275679,Google Phone,1,600.0,2019-10-02 12:56:00,"64 Maple St, San Francisco, CA 94016",October
264151,Google Phone,1,600.0,2019-10-04 16:53:00,"447 Forest St, San Francisco, CA 94016",October
270504,Google Phone,1,600.0,2019-10-18 08:13:00,"274 Adams St, Dallas, TX 75001",October
273418,Google Phone,1,600.0,2019-10-21 23:33:00,"155 West St, Dallas, TX 75001",October
275199,Google Phone,1,600.0,2019-10-10 23:45:00,"321 Sunset St, Portland, OR 97035",October
273136,Google Phone,1,600.0,2019-10-10 22:04:00,"304 4th St, Atlanta, GA 30301",October
271191,Google Phone,1,600.0,2019-10-13 16:20:00,"855 Cherry St, Dallas, TX 75001",October
272463,Google Phone,1,600.0,2019-10-06 08:50:00,"120 Center St, Dallas, TX 75001",October
274458,Google Phone,1,600.0,2019-10-04 22:31:00,"663 Wilson St, Los Angeles, CA 90001",October
261136,Google Phone,1,600.0,2019-10-24 12:45:00,"888 4th St, San Francisco, CA 94016",October
267074,Google Phone,1,600.0,2019-10-05 12:21:00,"91 9th St, New York City, NY 10001",October
271692,Google Phone,1,600.0,2019-10-21 15:23:00,"426 Wilson St, Portland, OR 97035",October
277555,Google Phone,1,600.0,2019-10-06 22:03:00,"297 Johnson St, Boston, MA 02215",October
263805,Google Phone,1,600.0,2019-10-05 01:52:00,"261 Wilson St, San Francisco, CA 94016",October
267960,Google Phone,1,600.0,2019-10-04 23:27:00,"195 Lincoln St, Seattle, WA 98101",October
273116,Google Phone,1,600.0,2019-10-11 18:36:00,"791 Lakeview St, San Francisco, CA 94016",October
260215,Google Phone,1,600.0,2019-10-09 18:49:00,"630 1st St, Boston, MA 02215",October
263127,Google Phone,1,600.0,2019-10-20 22:50:00,"926 2nd St, Los Angeles, CA 90001",October
264525,Google Phone,1,600.0,2019-10-17 12:18:00,"329 2nd St, Boston, MA 02215",October
265606,Google Phone,1,600.0,2019-10-31 16:17:00,"852 Center St, Los Angeles, CA 90001",October
266518,Google Phone,1,600.0,2019-10-25 18:40:00,"99 River St, Atlanta, GA 30301",October
267531,Google Phone,1,600.0,2019-10-06 07:24:00,"258 Pine St, Dallas, TX 75001",October
273556,Google Phone,1,600.0,2019-10-16 10:55:00,"948 11th St, Atlanta, GA 30301",October
277482,Google Phone,1,600.0,2019-10-29 08:02:00,"156 Dogwood St, Boston, MA 02215",October
263044,Google Phone,1,600.0,2019-10-03 19:00:00,"36 Elm St, Los Angeles, CA 90001",October
267549,Google Phone,1,600.0,2019-10-17 14:09:00,"680 Hill St, San Francisco, CA 94016",October
271846,Google Phone,1,600.0,2019-10-31 19:56:00,"95 Center St, New York City, NY 10001",October
261240,Google Phone,1,600.0,2019-10-22 18:21:00,"758 Maple St, San Francisco, CA 94016",October
265912,Google Phone,1,600.0,2019-10-06 16:36:00,"293 Jackson St, Los Angeles, CA 90001",October
266078,Google Phone,1,600.0,2019-10-17 16:14:00,"896 Ridge St, San Francisco, CA 94016",October
268268,Google Phone,1,600.0,2019-10-15 18:09:00,"960 Highland St, Portland, OR 97035",October
271445,Google Phone,1,600.0,2019-10-03 16:08:00,"649 13th St, Dallas, TX 75001",October
267577,Google Phone,1,600.0,2019-10-19 17:14:00,"654 Pine St, Atlanta, GA 30301",October
278196,Google Phone,1,600.0,2019-10-09 00:03:00,"252 Cherry St, Dallas, TX 75001",October
278326,Google Phone,1,600.0,2019-10-26 18:39:00,"325 Willow St, San Francisco, CA 94016",October
263370,Google Phone,1,600.0,2019-10-17 00:24:00,"422 Ridge St, Seattle, WA 98101",October
268134,Google Phone,1,600.0,2019-10-25 22:38:00,"826 Meadow St, San Francisco, CA 94016",October
268969,Google Phone,1,600.0,2019-10-21 19:55:00,"221 4th St, New York City, NY 10001",October
269776,Google Phone,1,600.0,2019-10-12 22:36:00,"212 12th St, Seattle, WA 98101",October
259974,Google Phone,1,600.0,2019-10-10 11:10:00,"40 Adams St, San Francisco, CA 94016",October
269029,Google Phone,1,600.0,2019-10-30 22:33:00,"362 Center St, San Francisco, CA 94016",October
261319,Google Phone,1,600.0,2019-10-22 13:44:00,"13 Washington St, San Francisco, CA 94016",October
271834,Google Phone,1,600.0,2019-10-04 02:31:00,"488 Chestnut St, Austin, TX 73301",October
263000,Google Phone,1,600.0,2019-10-07 19:02:00,"986 Wilson St, Austin, TX 73301",October
275289,Google Phone,1,600.0,2019-10-29 18:24:00,"656 Church St, Atlanta, GA 30301",October
278308,Google Phone,1,600.0,2019-10-03 08:15:00,"910 Hill St, San Francisco, CA 94016",October
277547,Google Phone,1,600.0,2019-10-13 22:56:00,"155 Hickory St, New York City, NY 10001",October
272086,Google Phone,1,600.0,2019-10-20 12:14:00,"333 North St, San Francisco, CA 94016",October
272689,Google Phone,1,600.0,2019-10-04 22:43:00,"366 Lincoln St, New York City, NY 10001",October
275825,Google Phone,1,600.0,2019-10-01 06:38:00,"809 Main St, San Francisco, CA 94016",October
280607,Google Phone,1,600.0,2019-11-08 19:02:00,"233 Center St, San Francisco, CA 94016",November
281442,Google Phone,1,600.0,2019-11-13 08:11:00,"800 11th St, San Francisco, CA 94016",November
281728,Google Phone,1,600.0,2019-11-24 11:07:00,"564 Sunset St, Seattle, WA 98101",November
283197,Google Phone,1,600.0,2019-11-24 17:54:00,"460 14th St, Los Angeles, CA 90001",November
289249,Google Phone,1,600.0,2019-11-29 21:00:00,"495 Dogwood St, New York City, NY 10001",November
291600,Google Phone,1,600.0,2019-11-17 10:48:00,"888 Forest St, Atlanta, GA 30301",November
280195,Google Phone,1,600.0,2019-11-11 15:19:00,"763 South St, Atlanta, GA 30301",November
286296,Google Phone,1,600.0,2019-11-02 19:06:00,"535 Church St, San Francisco, CA 94016",November
290773,Google Phone,1,600.0,2019-11-07 07:52:00,"477 Church St, Seattle, WA 98101",November
294790,Google Phone,1,600.0,2019-11-25 09:47:00,"841 Ridge St, Boston, MA 02215",November
283005,Google Phone,1,600.0,2019-11-29 21:11:00,"506 Highland St, New York City, NY 10001",November
281652,Google Phone,1,600.0,2019-11-10 11:02:00,"44 West St, San Francisco, CA 94016",November
288476,Google Phone,1,600.0,2019-11-06 19:41:00,"19 Main St, Los Angeles, CA 90001",November
293520,Google Phone,1,600.0,2019-11-17 17:08:00,"486 Johnson St, New York City, NY 10001",November
280903,Google Phone,1,600.0,2019-11-24 22:00:00,"184 Elm St, New York City, NY 10001",November
294360,Google Phone,1,600.0,2019-11-02 23:24:00,"957 1st St, Atlanta, GA 30301",November
283680,Google Phone,1,600.0,2019-11-23 13:27:00,"510 Willow St, Los Angeles, CA 90001",November
295206,Google Phone,1,600.0,2019-11-11 10:59:00,"159 West St, Dallas, TX 75001",November
294033,Google Phone,1,600.0,2019-11-18 21:13:00,"243 2nd St, San Francisco, CA 94016",November
288974,Google Phone,1,600.0,2019-11-21 11:43:00,"530 Main St, San Francisco, CA 94016",November
287274,Google Phone,1,600.0,2019-11-22 21:05:00,"212 Cedar St, Portland, OR 97035",November
279459,Google Phone,1,600.0,2019-11-08 10:33:00,"25 Pine St, New York City, NY 10001",November
282194,Google Phone,1,600.0,2019-11-27 12:55:00,"141 Center St, Dallas, TX 75001",November
285504,Google Phone,1,600.0,2019-11-19 19:04:00,"828 Park St, Austin, TX 73301",November
285642,Google Phone,1,600.0,2019-11-02 13:08:00,"481 9th St, Los Angeles, CA 90001",November
287405,Google Phone,1,600.0,2019-11-28 04:35:00,"688 Madison St, Austin, TX 73301",November
288365,Google Phone,1,600.0,2019-11-19 12:20:00,"406 Forest St, Boston, MA 02215",November
290005,Google Phone,1,600.0,2019-11-23 00:31:00,"603 2nd St, Boston, MA 02215",November
291652,Google Phone,1,600.0,2019-11-05 21:23:00,"880 11th St, Dallas, TX 75001",November
293551,Google Phone,1,600.0,2019-11-25 15:09:00,"300 14th St, San Francisco, CA 94016",November
282041,Google Phone,1,600.0,2019-11-02 20:55:00,"473 11th St, Seattle, WA 98101",November
288965,Google Phone,1,600.0,2019-11-11 23:44:00,"606 11th St, Los Angeles, CA 90001",November
278944,Google Phone,1,600.0,2019-11-14 22:19:00,"600 Willow St, Portland, OR 97035",November
292935,Google Phone,1,600.0,2019-11-21 11:43:00,"977 2nd St, San Francisco, CA 94016",November
293764,Google Phone,1,600.0,2019-11-07 10:54:00,"10 West St, Boston, MA 02215",November
284742,Google Phone,1,600.0,2019-11-07 11:46:00,"712 West St, Seattle, WA 98101",November
285039,Google Phone,1,600.0,2019-11-03 17:33:00,"178 14th St, Los Angeles, CA 90001",November
290825,Google Phone,1,600.0,2019-11-11 19:34:00,"850 8th St, Los Angeles, CA 90001",November
292539,Google Phone,1,600.0,2019-11-19 18:49:00,"47 4th St, Seattle, WA 98101",November
280937,Google Phone,1,600.0,2019-11-02 06:27:00,"15 Walnut St, Austin, TX 73301",November
279452,Google Phone,1,600.0,2019-11-26 20:36:00,"128 9th St, San Francisco, CA 94016",November
281678,Google Phone,1,600.0,2019-11-29 08:21:00,"947 Wilson St, San Francisco, CA 94016",November
279255,Google Phone,1,600.0,2019-11-17 21:53:00,"257 Cedar St, Portland, OR 97035",November
283263,Google Phone,1,600.0,2019-11-08 17:47:00,"881 Highland St, Boston, MA 02215",November
285567,Google Phone,1,600.0,2019-11-01 15:58:00,"117 Ridge St, San Francisco, CA 94016",November
279680,Google Phone,1,600.0,2019-11-17 13:01:00,"159 14th St, Portland, OR 97035",November
283264,Google Phone,1,600.0,2019-11-15 21:56:00,"556 Dogwood St, San Francisco, CA 94016",November
289496,Google Phone,1,600.0,2019-11-14 19:15:00,"886 South St, San Francisco, CA 94016",November
281711,Google Phone,1,600.0,2019-11-27 15:58:00,"574 4th St, San Francisco, CA 94016",November
287490,Google Phone,1,600.0,2019-11-29 15:20:00,"292 Washington St, San Francisco, CA 94016",November
287959,Google Phone,1,600.0,2019-11-08 21:27:00,"108 Main St, New York City, NY 10001",November
281674,Google Phone,1,600.0,2019-11-19 15:08:00,"822 8th St, Portland, ME 04101",November
283636,Google Phone,1,600.0,2019-11-09 14:35:00,"296 4th St, Portland, OR 97035",November
286601,Google Phone,1,600.0,2019-11-20 20:48:00,"118 Pine St, Boston, MA 02215",November
294270,Google Phone,1,600.0,2019-11-03 21:28:00,"627 Pine St, New York City, NY 10001",November
282768,Google Phone,1,600.0,2019-11-13 19:13:00,"917 Highland St, New York City, NY 10001",November
285469,Google Phone,1,600.0,2019-11-25 11:18:00,"820 7th St, Boston, MA 02215",November
279861,Google Phone,1,600.0,2019-11-05 22:55:00,"332 Willow St, New York City, NY 10001",November
290241,Google Phone,1,600.0,2019-11-22 19:38:00,"670 Adams St, Dallas, TX 75001",November
283688,Google Phone,1,600.0,2019-11-04 13:04:00,"367 1st St, New York City, NY 10001",November
290732,Google Phone,1,600.0,2019-11-01 23:53:00,"192 Jackson St, San Francisco, CA 94016",November
285621,Google Phone,1,600.0,2019-11-13 15:29:00,"872 Washington St, Boston, MA 02215",November
289091,Google Phone,1,600.0,2019-11-10 12:12:00,"218 Washington St, Dallas, TX 75001",November
291797,Google Phone,1,600.0,2019-11-04 16:45:00,"194 Cedar St, Atlanta, GA 30301",November
294364,Google Phone,1,600.0,2019-11-05 01:02:00,"427 1st St, San Francisco, CA 94016",November
295179,Google Phone,1,600.0,2019-11-06 10:33:00,"59 4th St, Los Angeles, CA 90001",November
283377,Google Phone,1,600.0,2019-11-08 22:28:00,"544 North St, Los Angeles, CA 90001",November
281012,Google Phone,1,600.0,2019-11-02 01:27:00,"612 Elm St, Seattle, WA 98101",November
280256,Google Phone,1,600.0,2019-11-16 11:20:00,"525 Park St, San Francisco, CA 94016",November
280006,Google Phone,1,600.0,2019-11-14 11:24:00,"720 Meadow St, Los Angeles, CA 90001",November
286273,Google Phone,1,600.0,2019-11-27 17:07:00,"612 Lake St, San Francisco, CA 94016",November
292720,Google Phone,1,600.0,2019-11-06 20:42:00,"20 Washington St, Portland, OR 97035",November
279631,Google Phone,1,600.0,2019-11-17 17:46:00,"358 Dogwood St, Dallas, TX 75001",November
282582,Google Phone,1,600.0,2019-11-06 20:02:00,"728 4th St, Dallas, TX 75001",November
295658,Google Phone,1,600.0,2019-11-17 13:37:00,"949 River St, San Francisco, CA 94016",November
282637,Google Phone,1,600.0,2019-11-21 14:23:00,"668 Sunset St, New York City, NY 10001",November
283533,Google Phone,1,600.0,2019-11-05 19:00:00,"349 9th St, Los Angeles, CA 90001",November
308827,Google Phone,1,600.0,2019-12-24 10:19:00,"786 11th St, Portland, ME 04101",December
309355,Google Phone,1,600.0,2019-12-25 17:17:00,"554 Main St, San Francisco, CA 94016",December
302194,Google Phone,1,600.0,2019-12-05 10:08:00,"600 Maple St, Dallas, TX 75001",December
306233,Google Phone,1,600.0,2019-12-30 20:35:00,"587 Dogwood St, Boston, MA 02215",December
301189,Google Phone,1,600.0,2019-12-15 07:24:00,"273 Center St, San Francisco, CA 94016",December
309080,Google Phone,1,600.0,2019-12-04 14:52:00,"898 Dogwood St, Boston, MA 02215",December
297969,Google Phone,1,600.0,2020-01-01 00:54:00,"542 2nd St, San Francisco, CA 94016",January
298977,Google Phone,1,600.0,2019-12-03 19:57:00,"471 Hickory St, Los Angeles, CA 90001",December
302305,Google Phone,1,600.0,2019-12-14 12:44:00,"917 North St, Boston, MA 02215",December
303521,Google Phone,1,600.0,2019-12-01 20:43:00,"853 7th St, San Francisco, CA 94016",December
313980,Google Phone,1,600.0,2019-12-18 14:31:00,"442 10th St, Austin, TX 73301",December
296442,Google Phone,1,600.0,2019-12-23 17:33:00,"364 North St, Boston, MA 02215",December
300022,Google Phone,1,600.0,2019-12-21 18:45:00,"940 River St, San Francisco, CA 94016",December
301503,Google Phone,1,600.0,2019-12-15 15:54:00,"105 North St, Dallas, TX 75001",December
303781,Google Phone,1,600.0,2019-12-16 11:10:00,"107 North St, Seattle, WA 98101",December
307856,Google Phone,1,600.0,2019-12-16 10:39:00,"858 Elm St, Seattle, WA 98101",December
310925,Google Phone,1,600.0,2019-12-22 12:57:00,"646 Pine St, Seattle, WA 98101",December
311698,Google Phone,1,600.0,2019-12-09 20:10:00,"315 1st St, Boston, MA 02215",December
317056,Google Phone,1,600.0,2019-12-19 18:40:00,"536 4th St, San Francisco, CA 94016",December
314003,Google Phone,1,600.0,2019-12-12 04:22:00,"504 Lake St, San Francisco, CA 94016",December
315690,Google Phone,1,600.0,2019-12-07 20:41:00,"923 River St, New York City, NY 10001",December
318139,Google Phone,1,600.0,2019-12-02 23:53:00,"343 Ridge St, Austin, TX 73301",December
297103,Google Phone,1,600.0,2019-12-21 10:57:00,"360 Madison St, New York City, NY 10001",December
299762,Google Phone,1,600.0,2019-12-01 18:58:00,"191 Center St, Portland, OR 97035",December
302117,Google Phone,1,600.0,2019-12-09 10:56:00,"450 Pine St, Los Angeles, CA 90001",December
302148,Google Phone,1,600.0,2019-12-30 21:16:00,"749 Church St, Boston, MA 02215",December
314414,Google Phone,1,600.0,2019-12-10 18:30:00,"757 Washington St, Los Angeles, CA 90001",December
299186,Google Phone,1,600.0,2019-12-29 23:20:00,"305 Meadow St, Austin, TX 73301",December
304282,Google Phone,1,600.0,2019-12-31 23:35:00,"524 4th St, New York City, NY 10001",December
306603,Google Phone,1,600.0,2019-12-27 12:50:00,"528 11th St, Seattle, WA 98101",December
309419,Google Phone,1,600.0,2019-12-28 21:57:00,"926 Jefferson St, Los Angeles, CA 90001",December
312351,Google Phone,1,600.0,2019-12-13 02:22:00,"136 South St, Portland, OR 97035",December
313371,Google Phone,1,600.0,2019-12-20 17:59:00,"79 Park St, Seattle, WA 98101",December
315434,Google Phone,1,600.0,2019-12-20 19:05:00,"526 10th St, Atlanta, GA 30301",December
318293,Google Phone,1,600.0,2019-12-18 08:43:00,"192 Lakeview St, New York City, NY 10001",December
298118,Google Phone,1,600.0,2019-12-17 18:46:00,"425 6th St, Portland, OR 97035",December
299801,Google Phone,1,600.0,2019-12-14 15:14:00,"724 Walnut St, San Francisco, CA 94016",December
300581,Google Phone,1,600.0,2019-12-18 19:10:00,"435 Spruce St, Los Angeles, CA 90001",December
318526,Google Phone,1,600.0,2019-12-11 10:35:00,"358 14th St, New York City, NY 10001",December
308554,Google Phone,1,600.0,2019-12-12 10:06:00,"544 4th St, Dallas, TX 75001",December
306517,Google Phone,1,600.0,2019-12-22 15:30:00,"186 Church St, San Francisco, CA 94016",December
312153,Google Phone,1,600.0,2019-12-04 18:45:00,"83 Forest St, Seattle, WA 98101",December
295752,Google Phone,1,600.0,2019-12-11 12:29:00,"341 Forest St, Dallas, TX 75001",December
300529,Google Phone,1,600.0,2019-12-23 12:47:00,"486 Walnut St, Los Angeles, CA 90001",December
301382,Google Phone,1,600.0,2019-12-18 12:09:00,"925 Park St, San Francisco, CA 94016",December
296944,Google Phone,1,600.0,2019-12-29 20:39:00,"855 Park St, Seattle, WA 98101",December
300039,Google Phone,1,600.0,2019-12-12 13:48:00,"879 Wilson St, San Francisco, CA 94016",December
300616,Google Phone,1,600.0,2019-12-21 22:08:00,"749 Adams St, San Francisco, CA 94016",December
302546,Google Phone,1,600.0,2019-12-14 18:10:00,"893 10th St, San Francisco, CA 94016",December
317323,Google Phone,1,600.0,2019-12-10 14:31:00,"41 Madison St, Portland, OR 97035",December
317403,Google Phone,1,600.0,2019-12-10 21:55:00,"103 5th St, Austin, TX 73301",December
303986,Google Phone,1,600.0,2019-12-05 16:43:00,"40 Maple St, New York City, NY 10001",December
317882,Google Phone,1,600.0,2019-12-11 11:05:00,"57 Ridge St, San Francisco, CA 94016",December
318658,Google Phone,1,600.0,2019-12-09 11:47:00,"464 Lincoln St, San Francisco, CA 94016",December
298925,Google Phone,1,600.0,2019-12-19 10:14:00,"564 6th St, Austin, TX 73301",December
310336,Google Phone,1,600.0,2019-12-06 05:07:00,"936 6th St, Portland, OR 97035",December
311233,Google Phone,1,600.0,2019-12-26 18:40:00,"311 Meadow St, Boston, MA 02215",December
318874,Google Phone,1,600.0,2019-12-21 06:00:00,"67 River St, Atlanta, GA 30301",December
298062,Google Phone,1,600.0,2019-12-20 16:09:00,"345 Spruce St, New York City, NY 10001",December
299718,Google Phone,1,600.0,2019-12-03 17:18:00,"990 North St, New York City, NY 10001",December
299764,Google Phone,1,600.0,2019-12-09 12:15:00,"975 5th St, Atlanta, GA 30301",December
300305,Google Phone,1,600.0,2019-12-31 17:23:00,"66 Park St, Los Angeles, CA 90001",December
302488,Google Phone,1,600.0,2019-12-18 21:43:00,"248 Wilson St, New York City, NY 10001",December
305079,Google Phone,1,600.0,2019-12-13 19:25:00,"138 Meadow St, Portland, OR 97035",December
306757,Google Phone,1,600.0,2019-12-24 13:42:00,"333 Washington St, Dallas, TX 75001",December
310155,Google Phone,1,600.0,2019-12-25 22:14:00,"954 Lake St, Boston, MA 02215",December
311062,Google Phone,1,600.0,2019-12-16 23:46:00,"383 9th St, Dallas, TX 75001",December
319230,Google Phone,1,600.0,2019-12-02 16:38:00,"421 10th St, San Francisco, CA 94016",December
319556,Google Phone,1,600.0,2019-12-22 08:23:00,"848 7th St, Austin, TX 73301",December
309506,Google Phone,1,600.0,2019-12-08 06:22:00,"395 14th St, Dallas, TX 75001",December
314736,Google Phone,1,600.0,2019-12-03 17:27:00,"615 9th St, New York City, NY 10001",December
305581,Google Phone,1,600.0,2019-12-20 17:37:00,"38 Meadow St, San Francisco, CA 94016",December
308190,Google Phone,1,600.0,2019-12-22 16:31:00,"120 8th St, Los Angeles, CA 90001",December
310349,Google Phone,1,600.0,2019-12-02 12:44:00,"458 Jefferson St, San Francisco, CA 94016",December
311745,Google Phone,1,600.0,2019-12-07 09:17:00,"926 13th St, Boston, MA 02215",December
312610,Google Phone,1,600.0,2019-12-19 01:06:00,"202 12th St, Los Angeles, CA 90001",December
317170,Google Phone,1,600.0,2019-12-01 12:04:00,"944 7th St, San Francisco, CA 94016",December
216343,Google Phone,1,600.0,2019-06-13 13:39:00,"43 Sunset St, Austin, TX 73301",June
236388,Google Phone,1,600.0,2019-07-09 08:54:00,"730 Elm St, New York City, NY 10001",July
229198,Google Phone,1,600.0,2019-07-14 09:37:00,"186 1st St, San Francisco, CA 94016",July
242394,Google Phone,1,600.0,2019-08-08 08:15:00,"11 Forest St, New York City, NY 10001",August
241080,Google Phone,1,600.0,2019-08-01 22:46:00,"85 Dogwood St, Los Angeles, CA 90001",August
243845,Google Phone,1,600.0,2019-08-04 12:08:00,"915 Meadow St, New York City, NY 10001",August
257005,Google Phone,1,600.0,2019-09-30 21:05:00,"691 Chestnut St, Los Angeles, CA 90001",September
257321,Google Phone,1,600.0,2019-09-24 13:54:00,"557 Forest St, Los Angeles, CA 90001",September
278152,Google Phone,1,600.0,2019-10-10 16:28:00,"643 11th St, Dallas, TX 75001",October
275629,Google Phone,1,600.0,2019-10-05 03:38:00,"912 Hill St, Atlanta, GA 30301",October
288687,Google Phone,1,600.0,2019-11-04 23:30:00,"605 Cedar St, Austin, TX 73301",November
295537,Google Phone,1,600.0,2019-11-09 12:42:00,"591 Maple St, Atlanta, GA 30301",November
306815,Google Phone,1,600.0,2019-12-23 21:17:00,"731 7th St, San Francisco, CA 94016",December
303770,Google Phone,1,600.0,2019-12-23 12:41:00,"308 4th St, Portland, OR 97035",December
296609,Google Phone,1,600.0,2019-12-28 16:32:00,"176 Sunset St, Boston, MA 02215",December
314519,Google Phone,1,600.0,2019-12-22 13:38:00,"85 Church St, Los Angeles, CA 90001",December
300383,Google Phone,1,600.0,2019-12-20 19:21:00,"885 Jefferson St, Atlanta, GA 30301",December
301882,Google Phone,1,600.0,2019-12-02 15:20:00,"313 Forest St, Los Angeles, CA 90001",December
303127,Google Phone,1,600.0,2019-12-10 15:52:00,"602 4th St, Los Angeles, CA 90001",December
311914,Google Phone,1,600.0,2019-12-27 07:16:00,"62 12th St, San Francisco, CA 94016",December
317554,Google Phone,1,600.0,2019-12-16 15:15:00,"136 Main St, Austin, TX 73301",December
317828,Google Phone,1,600.0,2019-12-14 15:43:00,"867 Maple St, San Francisco, CA 94016",December
318851,Google Phone,1,600.0,2019-12-02 20:02:00,"929 5th St, Boston, MA 02215",December
305998,Google Phone,1,600.0,2019-12-08 16:40:00,"111 4th St, Seattle, WA 98101",December
311016,Google Phone,1,600.0,2019-12-31 20:09:00,"736 5th St, Los Angeles, CA 90001",December
316127,Google Phone,1,600.0,2019-12-26 09:50:00,"839 South St, San Francisco, CA 94016",December
316145,Google Phone,1,600.0,2019-12-01 07:14:00,"945 North St, San Francisco, CA 94016",December
313527,Google Phone,1,600.0,2019-12-03 14:15:00,"420 Park St, Boston, MA 02215",December
310503,Google Phone,1,600.0,2019-12-12 13:34:00,"46 Ridge St, San Francisco, CA 94016",December
314596,Google Phone,1,600.0,2019-12-10 08:28:00,"336 Jackson St, Dallas, TX 75001",December
316258,Google Phone,1,600.0,2019-12-04 09:51:00,"496 River St, New York City, NY 10001",December
319427,Google Phone,1,600.0,2019-12-08 10:48:00,"57 Sunset St, Dallas, TX 75001",December
300779,Google Phone,1,600.0,2019-12-12 19:44:00,"419 Forest St, San Francisco, CA 94016",December
316859,Google Phone,1,600.0,2019-12-29 10:05:00,"751 6th St, Los Angeles, CA 90001",December
305351,Google Phone,1,600.0,2019-12-22 16:37:00,"50 11th St, San Francisco, CA 94016",December
304272,Google Phone,1,600.0,2019-12-06 21:15:00,"207 Sunset St, Atlanta, GA 30301",December
312326,Google Phone,1,600.0,2019-12-13 09:24:00,"107 Jackson St, San Francisco, CA 94016",December
313435,Google Phone,1,600.0,2019-12-05 23:03:00,"804 Meadow St, New York City, NY 10001",December
315830,Google Phone,1,600.0,2019-12-04 17:48:00,"360 Highland St, Dallas, TX 75001",December
307072,Google Phone,1,600.0,2019-12-27 19:33:00,"988 Jackson St, San Francisco, CA 94016",December
311829,Google Phone,1,600.0,2019-12-10 14:07:00,"307 1st St, Seattle, WA 98101",December
299599,Google Phone,1,600.0,2019-12-13 06:50:00,"475 Lincoln St, San Francisco, CA 94016",December
299882,Google Phone,1,600.0,2019-12-04 04:46:00,"523 West St, Atlanta, GA 30301",December
300136,Google Phone,1,600.0,2019-12-23 09:26:00,"10 Lakeview St, Boston, MA 02215",December
312948,Google Phone,1,600.0,2019-12-11 10:23:00,"849 10th St, Los Angeles, CA 90001",December
313901,Google Phone,1,600.0,2019-12-07 12:10:00,"812 Church St, Boston, MA 02215",December
316682,Google Phone,1,600.0,2019-12-25 18:02:00,"505 5th St, Atlanta, GA 30301",December
296360,Google Phone,1,600.0,2019-12-12 10:12:00,"979 Sunset St, New York City, NY 10001",December
296653,Google Phone,1,600.0,2019-12-14 10:19:00,"964 Lakeview St, Boston, MA 02215",December
307278,Google Phone,1,600.0,2019-12-11 02:49:00,"915 Park St, Atlanta, GA 30301",December
316415,Google Phone,1,600.0,2019-12-06 13:44:00,"684 5th St, Boston, MA 02215",December
316994,Google Phone,1,600.0,2019-12-07 07:59:00,"561 Lakeview St, San Francisco, CA 94016",December
305223,Google Phone,1,600.0,2019-12-22 11:47:00,"570 8th St, San Francisco, CA 94016",December
314608,Google Phone,1,600.0,2019-12-05 17:48:00,"672 Main St, New York City, NY 10001",December
315268,Google Phone,1,600.0,2019-12-28 23:12:00,"430 Dogwood St, Portland, OR 97035",December
143275,Google Phone,1,600.0,2019-01-17 00:39:00,"985 Elm St, New York City, NY 10001",January
144913,Google Phone,1,600.0,2019-01-13 20:14:00,"3 Adams St, San Francisco, CA 94016",January
146275,Google Phone,1,600.0,2019-01-31 11:41:00,"866 Pine St, San Francisco, CA 94016",January
142411,Google Phone,1,600.0,2019-01-15 12:45:00,"495 2nd St, Los Angeles, CA 90001",January
142972,Google Phone,1,600.0,2019-01-06 18:30:00,"521 Church St, Dallas, TX 75001",January
143959,Google Phone,1,600.0,2019-01-19 18:49:00,"468 Elm St, Atlanta, GA 30301",January
149986,Google Phone,1,600.0,2019-01-06 15:42:00,"539 7th St, New York City, NY 10001",January
142677,Google Phone,1,600.0,2019-01-27 17:38:00,"240 4th St, Dallas, TX 75001",January
141954,Google Phone,1,600.0,2019-01-28 17:05:00,"349 Wilson St, San Francisco, CA 94016",January
148254,Google Phone,1,600.0,2019-01-22 11:59:00,"784 12th St, Portland, OR 97035",January
146268,Google Phone,1,600.0,2019-01-24 21:24:00,"611 Hickory St, San Francisco, CA 94016",January
145268,Google Phone,1,600.0,2019-01-07 10:22:00,"329 River St, Boston, MA 02215",January
147247,Google Phone,1,600.0,2019-01-24 22:43:00,"862 Spruce St, Austin, TX 73301",January
149519,Google Phone,1,600.0,2019-01-18 19:28:00,"351 2nd St, New York City, NY 10001",January
142039,Google Phone,1,600.0,2019-01-31 16:13:00,"549 Cherry St, New York City, NY 10001",January
144077,Google Phone,1,600.0,2019-01-05 18:11:00,"732 Highland St, New York City, NY 10001",January
142596,Google Phone,1,600.0,2019-01-28 22:30:00,"993 Cherry St, Dallas, TX 75001",January
145486,Google Phone,1,600.0,2019-01-21 12:40:00,"317 Highland St, Atlanta, GA 30301",January
143058,Google Phone,1,600.0,2019-01-17 11:01:00,"130 Walnut St, Boston, MA 02215",January
142134,Google Phone,1,600.0,2019-01-01 09:23:00,"734 River St, New York City, NY 10001",January
142771,Google Phone,1,600.0,2019-01-16 11:16:00,"714 13th St, Austin, TX 73301",January
145388,Google Phone,1,600.0,2019-01-14 16:08:00,"579 Sunset St, Boston, MA 02215",January
146510,Google Phone,1,600.0,2019-01-01 23:07:00,"234 13th St, San Francisco, CA 94016",January
146530,Google Phone,1,600.0,2019-01-25 20:35:00,"801 Washington St, Atlanta, GA 30301",January
141326,Google Phone,1,600.0,2019-01-05 13:49:00,"131 Center St, San Francisco, CA 94016",January
149854,Google Phone,1,600.0,2019-01-29 06:36:00,"5 Ridge St, Boston, MA 02215",January
145023,Google Phone,1,600.0,2019-01-28 15:38:00,"181 Adams St, Portland, OR 97035",January
149719,Google Phone,1,600.0,2019-01-12 10:09:00,"771 Jefferson St, San Francisco, CA 94016",January
150323,Google Phone,1,600.0,2019-01-15 23:31:00,"381 Wilson St, San Francisco, CA 94016",January
146740,Google Phone,1,600.0,2019-01-24 11:39:00,"734 Maple St, San Francisco, CA 94016",January
147069,Google Phone,1,600.0,2019-01-18 18:50:00,"948 Wilson St, San Francisco, CA 94016",January
147365,Google Phone,1,600.0,2019-01-22 13:16:00,"546 Johnson St, San Francisco, CA 94016",January
149381,Google Phone,1,600.0,2019-01-29 09:28:00,"939 Forest St, Boston, MA 02215",January
145330,Google Phone,1,600.0,2019-01-08 14:03:00,"380 Center St, New York City, NY 10001",January
149263,Google Phone,1,600.0,2019-01-03 12:17:00,"119 14th St, San Francisco, CA 94016",January
144905,Google Phone,1,600.0,2019-01-20 23:43:00,"363 Walnut St, San Francisco, CA 94016",January
146692,Google Phone,1,600.0,2019-01-28 10:04:00,"37 2nd St, Seattle, WA 98101",January
141972,Google Phone,1,600.0,2019-01-24 15:25:00,"52 Main St, San Francisco, CA 94016",January
144047,Google Phone,1,600.0,2019-01-18 15:21:00,"417 4th St, San Francisco, CA 94016",January
141450,Google Phone,1,600.0,2019-01-12 11:16:00,"521 Park St, San Francisco, CA 94016",January
142886,Google Phone,1,600.0,2019-01-24 10:12:00,"755 6th St, Los Angeles, CA 90001",January
145201,Google Phone,1,600.0,2019-01-20 20:10:00,"362 Meadow St, San Francisco, CA 94016",January
147451,Google Phone,1,600.0,2019-01-01 12:57:00,"229 Elm St, New York City, NY 10001",January
141478,Google Phone,1,600.0,2019-01-26 13:32:00,"303 North St, Atlanta, GA 30301",January
147794,Google Phone,1,600.0,2019-01-29 13:02:00,"334 11th St, Los Angeles, CA 90001",January
147631,Google Phone,1,600.0,2019-01-01 19:07:00,"631 10th St, Dallas, TX 75001",January
149039,Google Phone,1,600.0,2019-01-09 16:27:00,"429 Highland St, Seattle, WA 98101",January
149050,Google Phone,1,600.0,2019-01-23 00:03:00,"726 Center St, San Francisco, CA 94016",January
148282,Google Phone,1,600.0,2019-01-13 11:52:00,"960 Forest St, Dallas, TX 75001",January
151425,Google Phone,1,600.0,2019-02-18 10:08:00,"559 Meadow St, San Francisco, CA 94016",February
152925,Google Phone,1,600.0,2019-02-10 03:50:00,"241 7th St, San Francisco, CA 94016",February
155065,Google Phone,1,600.0,2019-02-09 21:18:00,"875 11th St, Seattle, WA 98101",February
159084,Google Phone,1,600.0,2019-02-24 20:43:00,"641 Main St, Atlanta, GA 30301",February
152401,Google Phone,1,600.0,2019-02-08 20:39:00,"203 Highland St, Austin, TX 73301",February
158107,Google Phone,1,600.0,2019-02-07 18:12:00,"336 4th St, Los Angeles, CA 90001",February
159379,Google Phone,1,600.0,2019-02-24 17:52:00,"148 Jefferson St, San Francisco, CA 94016",February
152613,Google Phone,1,600.0,2019-02-13 14:50:00,"283 Hickory St, Portland, OR 97035",February
154580,Google Phone,1,600.0,2019-02-09 17:59:00,"849 Church St, Boston, MA 02215",February
155796,Google Phone,1,600.0,2019-02-18 13:53:00,"394 10th St, San Francisco, CA 94016",February
154224,Google Phone,1,600.0,2019-02-13 20:59:00,"726 11th St, San Francisco, CA 94016",February
157021,Google Phone,1,600.0,2019-02-14 15:52:00,"483 11th St, New York City, NY 10001",February
159213,Google Phone,1,600.0,2019-02-12 14:12:00,"105 River St, San Francisco, CA 94016",February
153478,Google Phone,1,600.0,2019-02-09 10:11:00,"472 Center St, Portland, OR 97035",February
155288,Google Phone,1,600.0,2019-02-25 10:39:00,"637 7th St, Seattle, WA 98101",February
157711,Google Phone,1,600.0,2019-02-06 05:15:00,"94 Cherry St, San Francisco, CA 94016",February
151145,Google Phone,1,600.0,2019-02-28 10:55:00,"296 Adams St, New York City, NY 10001",February
157597,Google Phone,1,600.0,2019-02-12 10:08:00,"582 Pine St, Boston, MA 02215",February
155415,Google Phone,1,600.0,2019-02-06 12:31:00,"940 13th St, San Francisco, CA 94016",February
160701,Google Phone,1,600.0,2019-02-09 13:51:00,"687 Sunset St, Atlanta, GA 30301",February
151199,Google Phone,1,600.0,2019-02-10 19:35:00,"740 Center St, Boston, MA 02215",February
154012,Google Phone,1,600.0,2019-02-28 09:36:00,"172 Johnson St, Dallas, TX 75001",February
160249,Google Phone,1,600.0,2019-02-20 14:05:00,"371 Lakeview St, Boston, MA 02215",February
152018,Google Phone,1,600.0,2019-02-12 08:56:00,"897 8th St, Portland, OR 97035",February
154518,Google Phone,1,600.0,2019-02-20 14:53:00,"499 Highland St, Boston, MA 02215",February
155239,Google Phone,1,600.0,2019-02-08 18:19:00,"33 Center St, San Francisco, CA 94016",February
160404,Google Phone,1,600.0,2019-02-01 09:03:00,"450 South St, Portland, OR 97035",February
152210,Google Phone,1,600.0,2019-02-27 19:22:00,"784 4th St, San Francisco, CA 94016",February
156341,Google Phone,1,600.0,2019-02-10 18:46:00,"895 12th St, San Francisco, CA 94016",February
156958,Google Phone,1,600.0,2019-02-19 18:56:00,"472 Walnut St, Portland, OR 97035",February
160458,Google Phone,1,600.0,2019-02-16 17:19:00,"521 14th St, New York City, NY 10001",February
151607,Google Phone,1,600.0,2019-02-02 18:48:00,"136 14th St, San Francisco, CA 94016",February
152991,Google Phone,1,600.0,2019-02-13 12:59:00,"956 West St, Seattle, WA 98101",February
155228,Google Phone,1,600.0,2019-02-28 12:11:00,"575 Johnson St, Los Angeles, CA 90001",February
161854,Google Phone,1,600.0,2019-02-08 12:02:00,"131 Center St, Los Angeles, CA 90001",February
154862,Google Phone,1,600.0,2019-02-06 20:00:00,"16 9th St, New York City, NY 10001",February
161048,Google Phone,1,600.0,2019-02-12 16:35:00,"675 8th St, New York City, NY 10001",February
152566,Google Phone,1,600.0,2019-02-08 22:17:00,"816 13th St, Dallas, TX 75001",February
156621,Google Phone,1,600.0,2019-02-10 18:35:00,"508 Walnut St, Dallas, TX 75001",February
157262,Google Phone,1,600.0,2019-02-20 20:08:00,"55 Madison St, San Francisco, CA 94016",February
157312,Google Phone,1,600.0,2019-02-21 21:42:00,"255 4th St, New York City, NY 10001",February
159629,Google Phone,1,600.0,2019-02-07 14:15:00,"653 River St, San Francisco, CA 94016",February
153091,Google Phone,1,600.0,2019-02-03 19:06:00,"531 Sunset St, Los Angeles, CA 90001",February
156642,Google Phone,1,600.0,2019-02-13 15:28:00,"574 Ridge St, Dallas, TX 75001",February
157173,Google Phone,1,600.0,2019-02-12 19:20:00,"105 7th St, San Francisco, CA 94016",February
161614,Google Phone,1,600.0,2019-02-21 21:03:00,"598 5th St, Boston, MA 02215",February
161809,Google Phone,1,600.0,2019-02-05 11:37:00,"596 Hill St, San Francisco, CA 94016",February
154564,Google Phone,1,600.0,2019-02-28 18:36:00,"948 Dogwood St, New York City, NY 10001",February
157925,Google Phone,1,600.0,2019-02-11 05:25:00,"63 Highland St, Los Angeles, CA 90001",February
161972,Google Phone,1,600.0,2019-02-02 21:01:00,"59 Lincoln St, Austin, TX 73301",February
151813,Google Phone,1,600.0,2019-02-19 22:36:00,"802 Sunset St, Dallas, TX 75001",February
154418,Google Phone,1,600.0,2019-02-02 05:48:00,"237 Cherry St, San Francisco, CA 94016",February
158980,Google Phone,1,600.0,2019-02-26 22:31:00,"785 Park St, San Francisco, CA 94016",February
161004,Google Phone,1,600.0,2019-02-10 16:13:00,"563 Forest St, San Francisco, CA 94016",February
151568,Google Phone,2,600.0,2019-02-17 15:41:00,"463 Highland St, Los Angeles, CA 90001",February
152944,Google Phone,1,600.0,2019-02-09 06:46:00,"211 Jefferson St, San Francisco, CA 94016",February
156150,Google Phone,1,600.0,2019-02-02 14:18:00,"627 Maple St, Portland, OR 97035",February
152428,Google Phone,1,600.0,2019-02-09 08:49:00,"998 Forest St, Atlanta, GA 30301",February
157960,Google Phone,1,600.0,2019-02-22 22:49:00,"125 Hill St, San Francisco, CA 94016",February
152323,Google Phone,1,600.0,2019-02-24 08:09:00,"927 Ridge St, Dallas, TX 75001",February
158305,Google Phone,1,600.0,2019-02-27 14:13:00,"5 Dogwood St, Los Angeles, CA 90001",February
151067,Google Phone,1,600.0,2019-02-28 19:20:00,"429 Lake St, San Francisco, CA 94016",February
155632,Google Phone,1,600.0,2019-02-25 15:33:00,"628 Hickory St, Atlanta, GA 30301",February
160371,Google Phone,1,600.0,2019-02-13 11:31:00,"636 6th St, Dallas, TX 75001",February
161564,Google Phone,1,600.0,2019-02-06 17:55:00,"778 4th St, New York City, NY 10001",February
152716,Google Phone,1,600.0,2019-02-22 22:37:00,"559 Pine St, Boston, MA 02215",February
161997,Google Phone,1,600.0,2019-02-28 22:15:00,"845 8th St, San Francisco, CA 94016",February
172800,Google Phone,1,600.0,2019-03-13 21:07:00,"321 Hill St, Austin, TX 73301",March
174932,Google Phone,1,600.0,2019-03-15 19:32:00,"10 Lake St, Boston, MA 02215",March
167891,Google Phone,1,600.0,2019-03-10 08:59:00,"28 9th St, San Francisco, CA 94016",March
163739,Google Phone,1,600.0,2019-03-26 04:25:00,"105 Hickory St, New York City, NY 10001",March
169804,Google Phone,1,600.0,2019-03-26 00:16:00,"793 Walnut St, Austin, TX 73301",March
162408,Google Phone,1,600.0,2019-03-24 23:45:00,"392 Ridge St, Los Angeles, CA 90001",March
175592,Google Phone,1,600.0,2019-03-29 22:12:00,"177 Johnson St, Los Angeles, CA 90001",March
162088,Google Phone,1,600.0,2019-03-02 15:50:00,"231 Jackson St, Los Angeles, CA 90001",March
164689,Google Phone,1,600.0,2019-03-03 21:46:00,"478 Highland St, Los Angeles, CA 90001",March
165083,Google Phone,1,600.0,2019-03-12 18:38:00,"914 Willow St, Los Angeles, CA 90001",March
169264,Google Phone,1,600.0,2019-03-01 15:00:00,"100 9th St, Atlanta, GA 30301",March
172613,Google Phone,1,600.0,2019-03-29 12:52:00,"246 Highland St, Atlanta, GA 30301",March
174762,Google Phone,1,600.0,2019-03-11 21:14:00,"423 Lakeview St, Dallas, TX 75001",March
169580,Google Phone,1,600.0,2019-03-09 21:49:00,"231 South St, Boston, MA 02215",March
163616,Google Phone,1,600.0,2019-03-04 01:23:00,"976 4th St, New York City, NY 10001",March
164804,Google Phone,1,600.0,2019-03-25 18:08:00,"944 Jackson St, Seattle, WA 98101",March
170584,Google Phone,1,600.0,2019-03-08 12:03:00,"652 Chestnut St, Austin, TX 73301",March
175160,Google Phone,1,600.0,2019-03-07 17:32:00,"826 9th St, Dallas, TX 75001",March
167093,Google Phone,1,600.0,2019-03-22 08:57:00,"467 Madison St, Seattle, WA 98101",March
170986,Google Phone,1,600.0,2019-03-08 13:05:00,"499 Lakeview St, San Francisco, CA 94016",March
163163,Google Phone,1,600.0,2019-03-14 18:26:00,"805 Lakeview St, Boston, MA 02215",March
163937,Google Phone,1,600.0,2019-03-06 18:31:00,"860 Lakeview St, Dallas, TX 75001",March
172557,Google Phone,1,600.0,2019-03-08 10:58:00,"367 8th St, Dallas, TX 75001",March
173520,Google Phone,1,600.0,2019-03-16 17:58:00,"776 Adams St, San Francisco, CA 94016",March
163732,Google Phone,1,600.0,2019-03-25 05:13:00,"675 Ridge St, New York City, NY 10001",March
165578,Google Phone,1,600.0,2019-03-24 21:41:00,"51 Johnson St, San Francisco, CA 94016",March
166619,Google Phone,1,600.0,2019-03-31 11:51:00,"126 2nd St, Atlanta, GA 30301",March
171074,Google Phone,1,600.0,2019-03-29 20:58:00,"408 Pine St, Los Angeles, CA 90001",March
166559,Google Phone,1,600.0,2019-03-05 23:16:00,"366 West St, Dallas, TX 75001",March
167854,Google Phone,1,600.0,2019-03-09 15:40:00,"240 North St, San Francisco, CA 94016",March
162244,Google Phone,1,600.0,2019-03-23 23:33:00,"76 Center St, San Francisco, CA 94016",March
164713,Google Phone,1,600.0,2019-03-31 20:01:00,"474 1st St, San Francisco, CA 94016",March
165020,Google Phone,1,600.0,2019-03-02 10:33:00,"840 1st St, Dallas, TX 75001",March
165278,Google Phone,1,600.0,2019-03-05 15:48:00,"224 5th St, New York City, NY 10001",March
162065,Google Phone,1,600.0,2019-03-02 13:18:00,"862 Spruce St, San Francisco, CA 94016",March
171538,Google Phone,1,600.0,2019-03-08 19:56:00,"494 Wilson St, Atlanta, GA 30301",March
175360,Google Phone,1,600.0,2019-03-23 21:12:00,"72 Lake St, Boston, MA 02215",March
162877,Google Phone,1,600.0,2019-03-29 11:26:00,"305 Spruce St, New York City, NY 10001",March
163702,Google Phone,1,600.0,2019-03-12 15:39:00,"713 Johnson St, Dallas, TX 75001",March
167902,Google Phone,1,600.0,2019-03-06 15:43:00,"480 Lincoln St, Los Angeles, CA 90001",March
176072,Google Phone,1,600.0,2019-03-09 18:36:00,"784 14th St, Los Angeles, CA 90001",March
162728,Google Phone,1,600.0,2019-03-01 23:38:00,"836 Hill St, Boston, MA 02215",March
163533,Google Phone,1,600.0,2019-03-03 15:40:00,"454 11th St, Los Angeles, CA 90001",March
164759,Google Phone,1,600.0,2019-03-04 19:29:00,"693 River St, Atlanta, GA 30301",March
167046,Google Phone,1,600.0,2019-03-31 21:53:00,"407 Hickory St, San Francisco, CA 94016",March
169643,Google Phone,1,600.0,2019-03-19 21:18:00,"79 10th St, San Francisco, CA 94016",March
170319,Google Phone,1,600.0,2019-03-30 13:13:00,"626 13th St, Los Angeles, CA 90001",March
170953,Google Phone,1,600.0,2019-03-04 21:49:00,"85 Washington St, San Francisco, CA 94016",March
171489,Google Phone,1,600.0,2019-03-06 11:39:00,"281 8th St, Boston, MA 02215",March
174044,Google Phone,1,600.0,2019-03-30 17:07:00,"176 Jefferson St, New York City, NY 10001",March
163398,Google Phone,1,600.0,2019-03-16 17:43:00,"590 5th St, Boston, MA 02215",March
163545,Google Phone,1,600.0,2019-03-02 10:15:00,"302 1st St, San Francisco, CA 94016",March
167709,Google Phone,1,600.0,2019-03-28 17:13:00,"397 River St, San Francisco, CA 94016",March
175337,Google Phone,1,600.0,2019-03-06 15:58:00,"236 5th St, New York City, NY 10001",March
162902,Google Phone,1,600.0,2019-03-20 10:21:00,"160 Pine St, San Francisco, CA 94016",March
170258,Google Phone,1,600.0,2019-03-07 12:46:00,"248 4th St, Boston, MA 02215",March
170551,Google Phone,1,600.0,2019-03-27 18:53:00,"229 Sunset St, Atlanta, GA 30301",March
163822,Google Phone,1,600.0,2019-03-11 14:19:00,"866 14th St, Seattle, WA 98101",March
163884,Google Phone,1,600.0,2019-03-04 18:44:00,"7 2nd St, Los Angeles, CA 90001",March
165693,Google Phone,1,600.0,2019-03-12 14:34:00,"967 11th St, Los Angeles, CA 90001",March
173794,Google Phone,1,600.0,2019-03-25 07:21:00,"579 7th St, Seattle, WA 98101",March
174496,Google Phone,1,600.0,2019-03-19 19:33:00,"346 Meadow St, San Francisco, CA 94016",March
168080,Google Phone,1,600.0,2019-03-05 00:25:00,"951 7th St, Boston, MA 02215",March
174798,Google Phone,1,600.0,2019-03-06 08:49:00,"317 Hickory St, San Francisco, CA 94016",March
164985,Google Phone,1,600.0,2019-03-21 14:27:00,"247 7th St, Los Angeles, CA 90001",March
172110,Google Phone,1,600.0,2019-03-27 21:28:00,"608 Center St, Atlanta, GA 30301",March
176156,Google Phone,1,600.0,2019-03-14 16:02:00,"934 2nd St, Boston, MA 02215",March
162740,Google Phone,1,600.0,2019-03-13 20:18:00,"923 Lakeview St, Boston, MA 02215",March
164468,Google Phone,1,600.0,2019-03-06 19:06:00,"572 4th St, Los Angeles, CA 90001",March
169662,Google Phone,1,600.0,2019-03-05 11:36:00,"350 River St, San Francisco, CA 94016",March
169983,Google Phone,1,600.0,2019-03-16 22:48:00,"311 Lakeview St, Dallas, TX 75001",March
165115,Google Phone,1,600.0,2019-03-22 22:37:00,"52 6th St, New York City, NY 10001",March
176290,Google Phone,1,600.0,2019-03-30 11:06:00,"860 Johnson St, New York City, NY 10001",March
184172,Google Phone,1,600.0,2019-04-26 14:50:00,"900 Wilson St, Atlanta, GA 30301",April
185593,Google Phone,1,600.0,2019-04-04 09:09:00,"298 Willow St, Los Angeles, CA 90001",April
186382,Google Phone,1,600.0,2019-04-13 18:30:00,"651 West St, New York City, NY 10001",April
187970,Google Phone,1,600.0,2019-04-20 17:07:00,"11 Madison St, New York City, NY 10001",April
188127,Google Phone,1,600.0,2019-04-17 08:32:00,"49 Lincoln St, San Francisco, CA 94016",April
180885,Google Phone,1,600.0,2019-04-13 18:45:00,"580 Hill St, Los Angeles, CA 90001",April
184084,Google Phone,1,600.0,2019-04-02 18:00:00,"630 Hill St, Boston, MA 02215",April
187300,Google Phone,1,600.0,2019-04-21 16:11:00,"764 Highland St, Seattle, WA 98101",April
188029,Google Phone,1,600.0,2019-04-07 14:13:00,"389 8th St, Atlanta, GA 30301",April
190653,Google Phone,1,600.0,2019-04-07 16:29:00,"869 Dogwood St, Los Angeles, CA 90001",April
180723,Google Phone,1,600.0,2019-04-20 16:54:00,"405 Center St, Los Angeles, CA 90001",April
184939,Google Phone,1,600.0,2019-04-24 00:24:00,"476 2nd St, New York City, NY 10001",April
186218,Google Phone,1,600.0,2019-04-22 13:24:00,"224 Cherry St, Boston, MA 02215",April
189208,Google Phone,1,600.0,2019-04-07 22:00:00,"930 4th St, San Francisco, CA 94016",April
190205,Google Phone,1,600.0,2019-04-02 13:24:00,"526 Elm St, Dallas, TX 75001",April
181602,Google Phone,1,600.0,2019-04-22 22:19:00,"518 Hill St, Seattle, WA 98101",April
183014,Google Phone,1,600.0,2019-04-12 12:02:00,"403 Cherry St, Dallas, TX 75001",April
184919,Google Phone,1,600.0,2019-04-07 16:38:00,"343 10th St, Boston, MA 02215",April
186367,Google Phone,1,600.0,2019-04-18 23:39:00,"318 Spruce St, Dallas, TX 75001",April
176567,Google Phone,1,600.0,2019-04-18 17:18:00,"444 7th St, Los Angeles, CA 90001",April
178990,Google Phone,1,600.0,2019-04-10 01:39:00,"417 13th St, San Francisco, CA 94016",April
181930,Google Phone,1,600.0,2019-04-30 06:26:00,"833 Hill St, Portland, ME 04101",April
187463,Google Phone,1,600.0,2019-04-11 08:16:00,"842 Madison St, Los Angeles, CA 90001",April
187711,Google Phone,1,600.0,2019-04-30 23:34:00,"755 Adams St, San Francisco, CA 94016",April
187742,Google Phone,1,600.0,2019-04-24 19:24:00,"224 Cherry St, New York City, NY 10001",April
189583,Google Phone,1,600.0,2019-04-30 18:43:00,"108 Washington St, San Francisco, CA 94016",April
191769,Google Phone,1,600.0,2019-04-30 11:07:00,"499 Sunset St, Atlanta, GA 30301",April
180370,Google Phone,1,600.0,2019-04-17 12:55:00,"758 Park St, Los Angeles, CA 90001",April
183566,Google Phone,1,600.0,2019-04-15 20:50:00,"801 Church St, Boston, MA 02215",April
182776,Google Phone,1,600.0,2019-04-13 16:46:00,"948 5th St, San Francisco, CA 94016",April
190230,Google Phone,1,600.0,2019-04-04 20:02:00,"451 12th St, Austin, TX 73301",April
192975,Google Phone,1,600.0,2019-04-06 18:58:00,"965 Hickory St, Boston, MA 02215",April
179745,Google Phone,1,600.0,2019-04-05 10:48:00,"209 South St, San Francisco, CA 94016",April
185681,Google Phone,1,600.0,2019-04-24 12:02:00,"105 2nd St, Seattle, WA 98101",April
181754,Google Phone,1,600.0,2019-04-30 12:05:00,"479 Madison St, Boston, MA 02215",April
188920,Google Phone,1,600.0,2019-04-09 23:03:00,"250 North St, San Francisco, CA 94016",April
179573,Google Phone,1,600.0,2019-04-11 20:52:00,"301 Jackson St, Los Angeles, CA 90001",April
183493,Google Phone,1,600.0,2019-04-17 09:47:00,"955 Jackson St, Los Angeles, CA 90001",April
187901,Google Phone,1,600.0,2019-04-03 10:44:00,"441 Chestnut St, Los Angeles, CA 90001",April
187980,Google Phone,1,600.0,2019-04-18 13:40:00,"857 2nd St, Los Angeles, CA 90001",April
177693,Google Phone,1,600.0,2019-04-04 14:21:00,"138 Johnson St, Boston, MA 02215",April
179024,Google Phone,1,600.0,2019-04-13 20:02:00,"475 Lake St, New York City, NY 10001",April
189252,Google Phone,1,600.0,2019-04-19 19:54:00,"93 West St, Boston, MA 02215",April
186814,Google Phone,1,600.0,2019-04-02 01:28:00,"456 South St, Boston, MA 02215",April
186922,Google Phone,1,600.0,2019-04-25 23:49:00,"124 Chestnut St, Austin, TX 73301",April
190871,Google Phone,1,600.0,2019-04-12 15:14:00,"208 Lakeview St, Seattle, WA 98101",April
192047,Google Phone,1,600.0,2019-04-18 11:50:00,"73 11th St, San Francisco, CA 94016",April
181128,Google Phone,1,600.0,2019-04-28 01:54:00,"904 Maple St, Los Angeles, CA 90001",April
193511,Google Phone,1,600.0,2019-04-21 11:14:00,"821 Elm St, Austin, TX 73301",April
183391,Google Phone,1,600.0,2019-04-16 11:37:00,"517 River St, Austin, TX 73301",April
186247,Google Phone,1,600.0,2019-04-30 09:43:00,"661 Willow St, Los Angeles, CA 90001",April
186625,Google Phone,1,600.0,2019-04-28 13:00:00,"930 Jefferson St, San Francisco, CA 94016",April
187040,Google Phone,1,600.0,2019-04-23 16:37:00,"359 Johnson St, Seattle, WA 98101",April
187146,Google Phone,1,600.0,2019-04-07 13:12:00,"122 13th St, Portland, OR 97035",April
187353,Google Phone,1,600.0,2019-04-17 16:02:00,"559 South St, San Francisco, CA 94016",April
189201,Google Phone,1,600.0,2019-04-22 11:38:00,"399 Main St, Seattle, WA 98101",April
177605,Google Phone,1,600.0,2019-04-04 07:41:00,"825 Madison St, New York City, NY 10001",April
183016,Google Phone,1,600.0,2019-04-30 19:50:00,"492 Willow St, San Francisco, CA 94016",April
193800,Google Phone,1,600.0,2019-04-09 09:17:00,"479 Wilson St, Los Angeles, CA 90001",April
176574,Google Phone,1,600.0,2019-04-03 19:42:00,"20 Hill St, Los Angeles, CA 90001",April
177800,Google Phone,1,600.0,2019-04-03 11:56:00,"880 9th St, Portland, ME 04101",April
180887,Google Phone,1,600.0,2019-04-28 19:08:00,"248 Pine St, Austin, TX 73301",April
183140,Google Phone,1,600.0,2019-04-17 19:05:00,"508 14th St, New York City, NY 10001",April
186879,Google Phone,1,600.0,2019-04-09 18:40:00,"959 Jackson St, Seattle, WA 98101",April
187037,Google Phone,1,600.0,2019-04-05 15:16:00,"765 Spruce St, San Francisco, CA 94016",April
187978,Google Phone,1,600.0,2019-04-02 12:57:00,"810 Sunset St, New York City, NY 10001",April
188299,Google Phone,1,600.0,2019-04-13 21:24:00,"198 Adams St, Boston, MA 02215",April
182024,Google Phone,1,600.0,2019-04-19 22:50:00,"741 1st St, San Francisco, CA 94016",April
186722,Google Phone,1,600.0,2019-04-11 23:58:00,"731 Dogwood St, San Francisco, CA 94016",April
186753,Google Phone,1,600.0,2019-04-18 09:38:00,"529 8th St, Portland, OR 97035",April
190165,Google Phone,1,600.0,2019-04-10 17:36:00,"41 14th St, Seattle, WA 98101",April
191538,Google Phone,1,600.0,2019-04-01 16:29:00,"278 Madison St, Los Angeles, CA 90001",April
181427,Google Phone,1,600.0,2019-04-27 10:12:00,"624 10th St, Portland, ME 04101",April
181611,Google Phone,1,600.0,2019-04-17 06:42:00,"240 Lakeview St, Portland, OR 97035",April
181860,Google Phone,1,600.0,2019-04-21 12:43:00,"704 Park St, San Francisco, CA 94016",April
178819,Google Phone,1,600.0,2019-04-26 16:35:00,"542 Center St, Los Angeles, CA 90001",April
188881,Google Phone,1,600.0,2019-04-19 18:18:00,"872 7th St, Los Angeles, CA 90001",April
176586,Google Phone,1,600.0,2019-04-10 17:00:00,"365 Center St, San Francisco, CA 94016",April
188219,Google Phone,1,600.0,2019-04-24 07:54:00,"671 Ridge St, Boston, MA 02215",April
189312,Google Phone,1,600.0,2019-04-18 15:09:00,"411 Hickory St, Atlanta, GA 30301",April
191251,Google Phone,1,600.0,2019-04-17 23:38:00,"440 Jackson St, Portland, OR 97035",April
192833,Google Phone,1,600.0,2019-04-27 22:08:00,"592 Jefferson St, San Francisco, CA 94016",April
177600,Google Phone,1,600.0,2019-04-24 23:05:00,"575 Walnut St, San Francisco, CA 94016",April
177692,Google Phone,1,600.0,2019-04-08 20:08:00,"588 Hickory St, New York City, NY 10001",April
181262,Google Phone,1,600.0,2019-04-23 19:39:00,"94 Elm St, Boston, MA 02215",April
182148,Google Phone,1,600.0,2019-04-05 09:31:00,"675 Maple St, San Francisco, CA 94016",April
176813,Google Phone,1,600.0,2019-04-28 18:01:00,"269 Hill St, Atlanta, GA 30301",April
176994,Google Phone,1,600.0,2019-04-15 12:39:00,"628 12th St, Los Angeles, CA 90001",April
177233,Google Phone,1,600.0,2019-04-25 15:59:00,"622 7th St, Portland, ME 04101",April
181022,Google Phone,1,600.0,2019-04-06 19:22:00,"66 10th St, San Francisco, CA 94016",April
191598,Google Phone,1,600.0,2019-04-28 13:25:00,"512 7th St, Atlanta, GA 30301",April
178328,Google Phone,1,600.0,2019-04-16 08:18:00,"701 South St, Boston, MA 02215",April
181683,Google Phone,1,600.0,2019-04-26 13:43:00,"493 Jackson St, Boston, MA 02215",April
183755,Google Phone,1,600.0,2019-04-04 20:36:00,"757 Dogwood St, San Francisco, CA 94016",April
184886,Google Phone,1,600.0,2019-04-17 20:32:00,"875 Hickory St, Los Angeles, CA 90001",April
187312,Google Phone,1,600.0,2019-04-05 20:33:00,"15 Main St, Atlanta, GA 30301",April
189514,Google Phone,1,600.0,2019-04-12 22:19:00,"774 West St, New York City, NY 10001",April
180574,Google Phone,1,600.0,2019-04-17 12:06:00,"742 13th St, Los Angeles, CA 90001",April
181912,Google Phone,1,600.0,2019-04-29 04:34:00,"218 Willow St, San Francisco, CA 94016",April
188841,Google Phone,1,600.0,2019-04-19 09:10:00,"577 10th St, Los Angeles, CA 90001",April
190383,Google Phone,1,600.0,2019-04-01 20:37:00,"1 Lakeview St, Los Angeles, CA 90001",April
192238,Google Phone,1,600.0,2019-04-05 17:03:00,"104 14th St, Austin, TX 73301",April
179802,Google Phone,1,600.0,2019-04-28 17:20:00,"79 5th St, Boston, MA 02215",April
179913,Google Phone,1,600.0,2019-04-16 17:25:00,"12 Madison St, San Francisco, CA 94016",April
184197,Google Phone,1,600.0,2019-04-27 15:22:00,"109 Cherry St, New York City, NY 10001",April
187081,Google Phone,1,600.0,2019-04-08 15:31:00,"975 Forest St, Portland, OR 97035",April
199996,Google Phone,1,600.0,2019-05-26 15:16:00,"615 Highland St, San Francisco, CA 94016",May
205589,Google Phone,1,600.0,2019-05-28 08:45:00,"770 Washington St, Los Angeles, CA 90001",May
201451,Google Phone,1,600.0,2019-05-05 15:42:00,"575 Dogwood St, San Francisco, CA 94016",May
194639,Google Phone,1,600.0,2019-05-04 13:25:00,"34 Sunset St, Portland, OR 97035",May
200587,Google Phone,1,600.0,2019-05-30 19:05:00,"807 Elm St, San Francisco, CA 94016",May
200831,Google Phone,1,600.0,2019-05-12 23:47:00,"48 Washington St, San Francisco, CA 94016",May
201485,Google Phone,1,600.0,2019-05-24 07:39:00,"505 10th St, Los Angeles, CA 90001",May
194442,Google Phone,1,600.0,2019-05-14 21:17:00,"179 9th St, Atlanta, GA 30301",May
195162,Google Phone,1,600.0,2019-05-21 17:44:00,"587 13th St, Austin, TX 73301",May
196053,Google Phone,1,600.0,2019-05-25 19:23:00,"639 5th St, San Francisco, CA 94016",May
197438,Google Phone,1,600.0,2019-05-22 12:14:00,"964 Walnut St, San Francisco, CA 94016",May
197617,Google Phone,1,600.0,2019-05-14 23:17:00,"653 7th St, Boston, MA 02215",May
209179,Google Phone,1,600.0,2019-05-07 22:56:00,"757 Cherry St, New York City, NY 10001",May
201854,Google Phone,1,600.0,2019-05-27 23:38:00,"472 North St, Boston, MA 02215",May
203373,Google Phone,1,600.0,2019-05-02 10:44:00,"409 Forest St, New York City, NY 10001",May
208971,Google Phone,1,600.0,2019-05-24 22:47:00,"936 6th St, Los Angeles, CA 90001",May
197361,Google Phone,1,600.0,2019-05-12 12:05:00,"611 Willow St, San Francisco, CA 94016",May
200793,Google Phone,1,600.0,2019-05-07 19:45:00,"739 Johnson St, San Francisco, CA 94016",May
196395,Google Phone,1,600.0,2019-05-24 16:36:00,"391 Ridge St, Los Angeles, CA 90001",May
198913,Google Phone,1,600.0,2019-05-24 10:41:00,"286 10th St, Seattle, WA 98101",May
199562,Google Phone,1,600.0,2019-05-16 12:50:00,"811 Madison St, New York City, NY 10001",May
202011,Google Phone,1,600.0,2019-05-15 12:53:00,"653 2nd St, Dallas, TX 75001",May
203762,Google Phone,1,600.0,2019-05-08 15:37:00,"235 14th St, Los Angeles, CA 90001",May
196985,Google Phone,1,600.0,2019-05-03 18:56:00,"99 Center St, New York City, NY 10001",May
197632,Google Phone,1,600.0,2019-05-05 01:11:00,"891 West St, Los Angeles, CA 90001",May
199697,Google Phone,1,600.0,2019-05-07 02:33:00,"288 Willow St, Boston, MA 02215",May
207283,Google Phone,1,600.0,2019-05-29 11:31:00,"717 Cherry St, Portland, OR 97035",May
208199,Google Phone,1,600.0,2019-05-22 15:21:00,"503 Spruce St, San Francisco, CA 94016",May
209757,Google Phone,1,600.0,2019-05-23 07:10:00,"670 Main St, Portland, OR 97035",May
197545,Google Phone,1,600.0,2019-05-06 19:14:00,"923 11th St, Atlanta, GA 30301",May
200653,Google Phone,1,600.0,2019-05-29 18:57:00,"69 Highland St, Portland, OR 97035",May
196793,Google Phone,1,600.0,2019-05-04 22:19:00,"48 Walnut St, Los Angeles, CA 90001",May
199462,Google Phone,1,600.0,2019-05-05 18:56:00,"716 Meadow St, San Francisco, CA 94016",May
201592,Google Phone,1,600.0,2019-05-22 13:57:00,"200 Forest St, San Francisco, CA 94016",May
202191,Google Phone,1,600.0,2019-05-04 11:05:00,"721 Hickory St, Austin, TX 73301",May
205414,Google Phone,1,600.0,2019-05-09 18:44:00,"657 5th St, San Francisco, CA 94016",May
198215,Google Phone,1,600.0,2019-05-24 01:38:00,"920 Washington St, New York City, NY 10001",May
209661,Google Phone,1,600.0,2019-05-21 19:06:00,"977 Cedar St, San Francisco, CA 94016",May
202188,Google Phone,1,600.0,2019-05-08 16:20:00,"449 9th St, San Francisco, CA 94016",May
204868,Google Phone,1,600.0,2019-05-17 09:13:00,"340 Ridge St, New York City, NY 10001",May
209325,Google Phone,1,600.0,2019-05-15 12:15:00,"629 Hill St, Dallas, TX 75001",May
201547,Google Phone,1,600.0,2019-05-21 13:49:00,"746 Wilson St, Atlanta, GA 30301",May
202233,Google Phone,1,600.0,2019-05-25 16:08:00,"536 Willow St, Portland, OR 97035",May
203223,Google Phone,1,600.0,2019-05-14 22:57:00,"122 River St, Austin, TX 73301",May
207935,Google Phone,1,600.0,2019-05-08 15:23:00,"662 Jackson St, Portland, OR 97035",May
197698,Google Phone,1,600.0,2019-06-01 01:03:00,"399 Cedar St, Los Angeles, CA 90001",June
197507,Google Phone,1,600.0,2019-05-05 13:55:00,"249 2nd St, New York City, NY 10001",May
204695,Google Phone,1,600.0,2019-05-19 14:08:00,"106 Park St, Los Angeles, CA 90001",May
206693,Google Phone,1,600.0,2019-05-24 19:02:00,"141 Lakeview St, New York City, NY 10001",May
207622,Google Phone,1,600.0,2019-05-10 09:19:00,"240 Dogwood St, Los Angeles, CA 90001",May
195701,Google Phone,1,600.0,2019-05-30 19:42:00,"997 Walnut St, Los Angeles, CA 90001",May
203404,Google Phone,1,600.0,2019-05-11 22:32:00,"152 Lake St, San Francisco, CA 94016",May
205522,Google Phone,1,600.0,2019-05-27 02:29:00,"128 8th St, Dallas, TX 75001",May
197692,Google Phone,1,600.0,2019-05-29 21:51:00,"326 Lincoln St, New York City, NY 10001",May
209859,Google Phone,1,600.0,2019-05-25 14:33:00,"280 Dogwood St, Atlanta, GA 30301",May
194519,Google Phone,1,600.0,2019-05-23 13:13:00,"70 4th St, Los Angeles, CA 90001",May
196721,Google Phone,1,600.0,2019-05-09 20:59:00,"419 11th St, New York City, NY 10001",May
198785,Google Phone,1,600.0,2019-05-20 11:01:00,"662 2nd St, Austin, TX 73301",May
197353,Google Phone,1,600.0,2019-05-25 13:53:00,"237 Ridge St, Los Angeles, CA 90001",May
197621,Google Phone,1,600.0,2019-05-24 10:18:00,"344 8th St, Portland, OR 97035",May
199997,Google Phone,1,600.0,2019-05-10 17:18:00,"40 Madison St, Austin, TX 73301",May
208847,Google Phone,1,600.0,2019-05-20 09:06:00,"101 Walnut St, San Francisco, CA 94016",May
197978,Google Phone,1,600.0,2019-05-17 23:23:00,"263 10th St, Dallas, TX 75001",May
194854,Google Phone,1,600.0,2019-05-27 19:42:00,"447 West St, New York City, NY 10001",May
209706,Google Phone,1,600.0,2019-05-04 12:10:00,"896 Park St, Dallas, TX 75001",May
203872,Google Phone,1,600.0,2019-05-13 11:03:00,"242 13th St, Portland, OR 97035",May
205410,Google Phone,1,600.0,2019-05-02 04:31:00,"526 Adams St, San Francisco, CA 94016",May
206354,Google Phone,1,600.0,2019-05-06 13:53:00,"788 6th St, San Francisco, CA 94016",May
208451,Google Phone,1,600.0,2019-05-13 23:16:00,"752 Lake St, New York City, NY 10001",May
208575,Google Phone,1,600.0,2019-05-12 18:08:00,"13 River St, San Francisco, CA 94016",May
200240,Google Phone,1,600.0,2019-05-26 01:48:00,"81 Madison St, Dallas, TX 75001",May
201555,Google Phone,1,600.0,2019-05-21 13:28:00,"449 Highland St, Los Angeles, CA 90001",May
208261,Google Phone,1,600.0,2019-05-05 18:35:00,"909 Cherry St, Austin, TX 73301",May
205076,Google Phone,1,600.0,2019-05-03 19:53:00,"570 Jackson St, New York City, NY 10001",May
195256,Google Phone,1,600.0,2019-05-04 20:40:00,"621 Hill St, Los Angeles, CA 90001",May
195358,Google Phone,1,600.0,2019-05-15 18:17:00,"103 13th St, Boston, MA 02215",May
207409,Google Phone,1,600.0,2019-05-10 14:42:00,"711 Ridge St, San Francisco, CA 94016",May
196061,Google Phone,1,600.0,2019-05-19 19:56:00,"238 Hickory St, Atlanta, GA 30301",May
198661,Google Phone,1,600.0,2019-05-28 21:48:00,"208 11th St, San Francisco, CA 94016",May
200178,Google Phone,1,600.0,2019-05-25 11:35:00,"607 5th St, Portland, ME 04101",May
203518,Google Phone,1,600.0,2019-05-08 17:54:00,"150 Sunset St, Seattle, WA 98101",May
198514,Google Phone,1,600.0,2019-05-13 18:56:00,"171 Jackson St, Seattle, WA 98101",May
207649,Google Phone,1,600.0,2019-05-13 00:58:00,"853 Lake St, Boston, MA 02215",May
219272,Google Phone,1,600.0,2019-06-01 23:41:00,"501 12th St, Seattle, WA 98101",June
214367,Google Phone,1,600.0,2019-06-22 00:22:00,"877 4th St, Atlanta, GA 30301",June
217678,Google Phone,1,600.0,2019-06-28 04:41:00,"542 8th St, New York City, NY 10001",June
219794,Google Phone,1,600.0,2019-06-29 19:31:00,"866 Walnut St, Atlanta, GA 30301",June
221223,Google Phone,1,600.0,2019-06-13 15:44:00,"756 West St, Los Angeles, CA 90001",June
222746,Google Phone,1,600.0,2019-06-13 10:37:00,"2 2nd St, Boston, MA 02215",June
210321,Google Phone,1,600.0,2019-06-16 10:34:00,"702 1st St, Atlanta, GA 30301",June
215904,Google Phone,1,600.0,2019-06-20 00:33:00,"611 Walnut St, Atlanta, GA 30301",June
220898,Google Phone,1,600.0,2019-06-13 06:29:00,"945 Dogwood St, Los Angeles, CA 90001",June
221329,Google Phone,1,600.0,2019-06-25 13:55:00,"267 Madison St, San Francisco, CA 94016",June
214029,Google Phone,1,600.0,2019-06-23 11:13:00,"843 Willow St, Atlanta, GA 30301",June
215105,Google Phone,1,600.0,2019-06-18 18:08:00,"646 Cherry St, Los Angeles, CA 90001",June
218031,Google Phone,1,600.0,2019-06-30 23:56:00,"964 Wilson St, San Francisco, CA 94016",June
219973,Google Phone,1,600.0,2019-06-01 19:49:00,"579 Jefferson St, Los Angeles, CA 90001",June
220892,Google Phone,1,600.0,2019-06-29 13:03:00,"989 11th St, San Francisco, CA 94016",June
213316,Google Phone,1,600.0,2019-06-23 00:34:00,"529 Chestnut St, San Francisco, CA 94016",June
219153,Google Phone,1,600.0,2019-06-02 21:29:00,"323 4th St, Portland, ME 04101",June
222307,Google Phone,1,600.0,2019-06-05 14:30:00,"75 North St, San Francisco, CA 94016",June
211070,Google Phone,1,600.0,2019-06-04 14:49:00,"806 River St, New York City, NY 10001",June
215258,Google Phone,1,600.0,2019-06-21 21:20:00,"345 Main St, Atlanta, GA 30301",June
216874,Google Phone,1,600.0,2019-06-09 19:36:00,"92 Forest St, San Francisco, CA 94016",June
218260,Google Phone,1,600.0,2019-06-23 19:24:00,"627 Lincoln St, New York City, NY 10001",June
221319,Google Phone,1,600.0,2019-06-08 13:27:00,"32 Highland St, San Francisco, CA 94016",June
222681,Google Phone,1,600.0,2019-06-22 19:27:00,"731 Willow St, Dallas, TX 75001",June
216739,Google Phone,1,600.0,2019-06-26 21:39:00,"193 Forest St, San Francisco, CA 94016",June
220664,Google Phone,1,600.0,2019-06-20 11:04:00,"138 Chestnut St, Portland, OR 97035",June
219073,Google Phone,1,600.0,2019-06-04 20:45:00,"545 1st St, Dallas, TX 75001",June
220665,Google Phone,1,600.0,2019-06-10 10:53:00,"2 7th St, Atlanta, GA 30301",June
221568,Google Phone,1,600.0,2019-06-12 15:42:00,"537 Lincoln St, San Francisco, CA 94016",June
211423,Google Phone,1,600.0,2019-06-22 13:15:00,"568 Wilson St, Portland, OR 97035",June
214427,Google Phone,1,600.0,2019-06-14 15:32:00,"933 Lakeview St, New York City, NY 10001",June
215282,Google Phone,1,600.0,2019-06-14 00:43:00,"234 Main St, Seattle, WA 98101",June
214910,Google Phone,1,600.0,2019-06-04 14:19:00,"385 13th St, Atlanta, GA 30301",June
218051,Google Phone,1,600.0,2019-06-18 12:30:00,"147 Ridge St, San Francisco, CA 94016",June
222735,Google Phone,1,600.0,2019-06-07 18:18:00,"274 Maple St, San Francisco, CA 94016",June
216701,Google Phone,1,600.0,2019-06-27 18:10:00,"755 Highland St, Los Angeles, CA 90001",June
217666,Google Phone,1,600.0,2019-06-30 06:37:00,"765 Highland St, San Francisco, CA 94016",June
212179,Google Phone,1,600.0,2019-06-23 09:59:00,"497 Hill St, San Francisco, CA 94016",June
213720,Google Phone,1,600.0,2019-06-14 15:40:00,"299 Willow St, Los Angeles, CA 90001",June
216108,Google Phone,1,600.0,2019-06-13 00:27:00,"434 Spruce St, Atlanta, GA 30301",June
211546,Google Phone,1,600.0,2019-06-03 11:22:00,"41 Washington St, New York City, NY 10001",June
211134,Google Phone,1,600.0,2019-06-18 18:42:00,"660 Center St, San Francisco, CA 94016",June
222884,Google Phone,1,600.0,2019-06-04 12:06:00,"819 Pine St, New York City, NY 10001",June
222843,Google Phone,1,600.0,2019-06-14 19:04:00,"845 River St, Los Angeles, CA 90001",June
221919,Google Phone,1,600.0,2019-06-30 18:10:00,"516 River St, Seattle, WA 98101",June
212932,Google Phone,1,600.0,2019-06-09 17:49:00,"614 Jackson St, Los Angeles, CA 90001",June
222072,Google Phone,1,600.0,2019-06-16 19:44:00,"458 Center St, Seattle, WA 98101",June
222140,Google Phone,1,600.0,2019-06-09 15:57:00,"535 14th St, San Francisco, CA 94016",June
213202,Google Phone,1,600.0,2019-06-12 18:14:00,"774 Maple St, New York City, NY 10001",June
216159,Google Phone,1,600.0,2019-06-05 12:26:00,"212 6th St, Los Angeles, CA 90001",June
212057,Google Phone,1,600.0,2019-06-10 16:13:00,"306 North St, San Francisco, CA 94016",June
217916,Google Phone,1,600.0,2019-06-02 20:27:00,"995 Dogwood St, Seattle, WA 98101",June
216953,Google Phone,1,600.0,2019-06-19 21:08:00,"18 1st St, San Francisco, CA 94016",June
221148,Google Phone,1,600.0,2019-06-12 11:44:00,"543 Dogwood St, San Francisco, CA 94016",June
221582,Google Phone,1,600.0,2019-06-30 07:34:00,"20 Walnut St, Los Angeles, CA 90001",June
212570,Google Phone,1,600.0,2019-06-08 21:44:00,"964 River St, Portland, OR 97035",June
213692,Google Phone,1,600.0,2019-06-15 00:57:00,"954 Maple St, San Francisco, CA 94016",June
216908,Google Phone,1,600.0,2019-06-14 15:59:00,"77 Johnson St, San Francisco, CA 94016",June
210710,Google Phone,1,600.0,2019-06-20 18:13:00,"202 Lincoln St, Portland, ME 04101",June
211378,Google Phone,1,600.0,2019-06-30 15:41:00,"405 Meadow St, New York City, NY 10001",June
212530,Google Phone,1,600.0,2019-06-05 12:50:00,"780 Park St, Atlanta, GA 30301",June
212779,Google Phone,1,600.0,2019-06-07 16:07:00,"969 Lincoln St, Seattle, WA 98101",June
219365,Google Phone,1,600.0,2019-06-15 17:27:00,"679 14th St, Austin, TX 73301",June
232686,Google Phone,1,600.0,2019-07-31 17:35:00,"990 Ridge St, Los Angeles, CA 90001",July
232959,Google Phone,1,600.0,2019-07-31 22:18:00,"55 6th St, Seattle, WA 98101",July
227930,Google Phone,1,600.0,2019-07-21 13:36:00,"386 Center St, San Francisco, CA 94016",July
230029,Google Phone,1,600.0,2019-07-10 08:15:00,"876 9th St, Portland, ME 04101",July
234677,Google Phone,1,600.0,2019-07-17 09:20:00,"969 Madison St, Seattle, WA 98101",July
236481,Google Phone,1,600.0,2019-07-21 14:31:00,"183 Dogwood St, San Francisco, CA 94016",July
223176,Google Phone,1,600.0,2019-07-24 08:16:00,"562 Elm St, Los Angeles, CA 90001",July
226340,Google Phone,1,600.0,2019-07-26 22:42:00,"528 13th St, Portland, ME 04101",July
227281,Google Phone,1,600.0,2019-07-30 14:39:00,"409 Madison St, Austin, TX 73301",July
228180,Google Phone,1,600.0,2019-07-03 18:33:00,"895 Sunset St, Austin, TX 73301",July
235811,Google Phone,1,600.0,2019-07-15 10:23:00,"50 Johnson St, San Francisco, CA 94016",July
226658,Google Phone,1,600.0,2019-07-09 20:31:00,"94 Jackson St, Portland, OR 97035",July
229379,Google Phone,1,600.0,2019-07-24 23:14:00,"417 Chestnut St, Los Angeles, CA 90001",July
236342,Google Phone,1,600.0,2019-07-04 20:11:00,"936 Center St, Boston, MA 02215",July
224420,Google Phone,1,600.0,2019-07-04 17:13:00,"644 2nd St, Atlanta, GA 30301",July
235481,Google Phone,1,600.0,2019-07-25 09:33:00,"407 Johnson St, San Francisco, CA 94016",July
229951,Google Phone,1,600.0,2019-07-21 06:35:00,"367 West St, San Francisco, CA 94016",July
230766,Google Phone,1,600.0,2019-07-24 14:19:00,"287 Main St, Los Angeles, CA 90001",July
231405,Google Phone,1,600.0,2019-07-02 12:11:00,"703 11th St, Boston, MA 02215",July
234780,Google Phone,1,600.0,2019-07-15 21:38:00,"507 Meadow St, New York City, NY 10001",July
224187,Google Phone,1,600.0,2019-07-12 10:05:00,"429 Ridge St, Dallas, TX 75001",July
233585,Google Phone,1,600.0,2019-07-10 22:09:00,"546 Hickory St, San Francisco, CA 94016",July
225142,Google Phone,1,600.0,2019-07-25 08:13:00,"836 River St, New York City, NY 10001",July
227293,Google Phone,1,600.0,2019-07-10 19:50:00,"152 5th St, San Francisco, CA 94016",July
234479,Google Phone,1,600.0,2019-07-23 16:11:00,"834 Wilson St, Boston, MA 02215",July
227077,Google Phone,1,600.0,2019-07-31 20:27:00,"218 Chestnut St, Seattle, WA 98101",July
228369,Google Phone,1,600.0,2019-07-23 20:52:00,"226 Willow St, New York City, NY 10001",July
231178,Google Phone,1,600.0,2019-07-15 06:43:00,"456 Chestnut St, Dallas, TX 75001",July
231466,Google Phone,1,600.0,2019-07-30 22:47:00,"49 Maple St, Boston, MA 02215",July
234826,Google Phone,1,600.0,2019-07-10 11:25:00,"38 7th St, New York City, NY 10001",July
235500,Google Phone,1,600.0,2019-07-19 21:48:00,"803 Meadow St, Portland, OR 97035",July
227339,Google Phone,1,600.0,2019-07-16 15:54:00,"410 13th St, New York City, NY 10001",July
228829,Google Phone,1,600.0,2019-07-24 17:47:00,"283 11th St, Boston, MA 02215",July
233721,Google Phone,1,600.0,2019-07-29 13:24:00,"249 6th St, Austin, TX 73301",July
223397,Google Phone,1,600.0,2019-07-01 17:06:00,"720 Cedar St, Los Angeles, CA 90001",July
226816,Google Phone,1,600.0,2019-07-22 19:51:00,"397 14th St, Atlanta, GA 30301",July
227294,Google Phone,1,600.0,2019-07-28 18:18:00,"110 1st St, Austin, TX 73301",July
233734,Google Phone,1,600.0,2019-07-11 20:29:00,"433 Cedar St, Seattle, WA 98101",July
223208,Google Phone,1,600.0,2019-07-13 20:02:00,"301 Washington St, Los Angeles, CA 90001",July
227489,Google Phone,1,600.0,2019-07-14 08:14:00,"717 Adams St, Los Angeles, CA 90001",July
231138,Google Phone,1,600.0,2019-07-26 10:42:00,"369 Hickory St, Atlanta, GA 30301",July
226034,Google Phone,1,600.0,2019-07-31 16:53:00,"787 Park St, Seattle, WA 98101",July
228222,Google Phone,1,600.0,2019-07-05 17:49:00,"197 North St, San Francisco, CA 94016",July
225937,Google Phone,1,600.0,2019-07-28 16:57:00,"266 Sunset St, Los Angeles, CA 90001",July
231099,Google Phone,1,600.0,2019-07-11 10:25:00,"788 Hill St, New York City, NY 10001",July
225529,Google Phone,1,600.0,2019-07-30 23:54:00,"418 Ridge St, Portland, OR 97035",July
235862,Google Phone,1,600.0,2019-07-05 15:54:00,"136 Park St, Boston, MA 02215",July
224914,Google Phone,1,600.0,2019-07-07 20:29:00,"801 9th St, San Francisco, CA 94016",July
225401,Google Phone,1,600.0,2019-07-29 19:01:00,"714 5th St, San Francisco, CA 94016",July
233388,Google Phone,1,600.0,2019-07-12 12:08:00,"784 South St, San Francisco, CA 94016",July
235654,Google Phone,1,600.0,2019-07-08 22:44:00,"553 Willow St, San Francisco, CA 94016",July
225192,Google Phone,1,600.0,2019-07-10 23:15:00,"90 Lakeview St, San Francisco, CA 94016",July
229699,Google Phone,1,600.0,2019-07-12 11:03:00,"405 5th St, Dallas, TX 75001",July
230835,Google Phone,1,600.0,2019-07-25 22:02:00,"655 Chestnut St, New York City, NY 10001",July
225112,Google Phone,1,600.0,2019-07-21 13:17:00,"528 Lake St, Dallas, TX 75001",July
227664,Google Phone,1,600.0,2019-07-01 14:39:00,"625 2nd St, Austin, TX 73301",July
224933,Google Phone,1,600.0,2019-07-18 18:03:00,"291 Meadow St, Atlanta, GA 30301",July
224404,Google Phone,1,600.0,2019-07-21 12:51:00,"935 North St, San Francisco, CA 94016",July
226525,Google Phone,1,600.0,2019-07-03 15:32:00,"785 12th St, San Francisco, CA 94016",July
232755,Google Phone,1,600.0,2019-07-29 20:21:00,"458 Dogwood St, New York City, NY 10001",July
236082,Google Phone,1,600.0,2019-07-17 11:49:00,"103 Lincoln St, San Francisco, CA 94016",July
236409,Google Phone,1,600.0,2019-07-04 22:37:00,"121 12th St, San Francisco, CA 94016",July
230990,Google Phone,1,600.0,2019-07-22 10:55:00,"192 Maple St, Dallas, TX 75001",July
232329,Google Phone,1,600.0,2019-07-26 08:23:00,"390 7th St, Seattle, WA 98101",July
233072,Google Phone,1,600.0,2019-07-16 18:34:00,"4 10th St, San Francisco, CA 94016",July
239301,Google Phone,1,600.0,2019-08-09 09:14:00,"546 Forest St, Atlanta, GA 30301",August
245920,Google Phone,1,600.0,2019-08-26 11:14:00,"823 Park St, Boston, MA 02215",August
238949,Google Phone,1,600.0,2019-08-30 15:56:00,"437 Lake St, Los Angeles, CA 90001",August
248120,Google Phone,1,600.0,2019-08-02 20:42:00,"619 5th St, New York City, NY 10001",August
241330,Google Phone,1,600.0,2019-08-16 13:08:00,"606 Cherry St, Los Angeles, CA 90001",August
242473,Google Phone,1,600.0,2019-08-27 16:37:00,"714 Maple St, Dallas, TX 75001",August
241025,Google Phone,1,600.0,2019-08-07 16:29:00,"697 5th St, Boston, MA 02215",August
244046,Google Phone,1,600.0,2019-08-02 22:34:00,"22 6th St, Dallas, TX 75001",August
239688,Google Phone,1,600.0,2019-08-18 19:59:00,"473 14th St, Los Angeles, CA 90001",August
239715,Google Phone,1,600.0,2019-08-19 21:29:00,"478 Cedar St, San Francisco, CA 94016",August
245276,Google Phone,1,600.0,2019-08-30 22:32:00,"12 Cedar St, Boston, MA 02215",August
248105,Google Phone,1,600.0,2019-08-28 19:27:00,"21 Center St, New York City, NY 10001",August
238395,Google Phone,1,600.0,2019-08-02 00:00:00,"824 Forest St, Austin, TX 73301",August
242083,Google Phone,1,600.0,2019-08-08 13:08:00,"812 2nd St, San Francisco, CA 94016",August
244269,Google Phone,1,600.0,2019-08-05 11:05:00,"822 Hill St, Seattle, WA 98101",August
242670,Google Phone,1,600.0,2019-08-13 10:52:00,"10 Hill St, Dallas, TX 75001",August
238701,Google Phone,1,600.0,2019-08-30 23:46:00,"66 Ridge St, Austin, TX 73301",August
242104,Google Phone,1,600.0,2019-08-09 15:58:00,"861 Jackson St, New York City, NY 10001",August
236945,Google Phone,1,600.0,2019-08-30 10:00:00,"904 Jefferson St, Portland, OR 97035",August
241260,Google Phone,1,600.0,2019-08-13 00:18:00,"15 4th St, Austin, TX 73301",August
244146,Google Phone,1,600.0,2019-08-25 12:56:00,"123 Center St, Dallas, TX 75001",August
242248,Google Phone,1,600.0,2019-08-29 12:46:00,"640 7th St, New York City, NY 10001",August
244022,Google Phone,1,600.0,2019-08-28 13:39:00,"965 2nd St, Seattle, WA 98101",August
244208,Google Phone,1,600.0,2019-08-31 16:21:00,"523 Washington St, Portland, ME 04101",August
244348,Google Phone,1,600.0,2019-08-06 08:54:00,"786 4th St, Atlanta, GA 30301",August
246636,Google Phone,1,600.0,2019-08-07 01:09:00,"930 Elm St, Los Angeles, CA 90001",August
239131,Google Phone,1,600.0,2019-08-24 19:17:00,"670 Hickory St, Austin, TX 73301",August
241584,Google Phone,1,600.0,2019-08-08 17:57:00,"410 Forest St, Atlanta, GA 30301",August
240292,Google Phone,1,600.0,2019-08-19 14:51:00,"774 Jefferson St, San Francisco, CA 94016",August
241869,Google Phone,1,600.0,2019-08-14 12:16:00,"661 Madison St, Boston, MA 02215",August
247834,Google Phone,1,600.0,2019-08-25 18:41:00,"990 7th St, Boston, MA 02215",August
242400,Google Phone,1,600.0,2019-08-27 07:18:00,"68 6th St, Boston, MA 02215",August
245948,Google Phone,1,600.0,2019-08-17 23:12:00,"656 Main St, Boston, MA 02215",August
242188,Google Phone,1,600.0,2019-08-10 12:41:00,"480 Lincoln St, San Francisco, CA 94016",August
247209,Google Phone,1,600.0,2019-08-12 08:14:00,"742 Meadow St, New York City, NY 10001",August
238181,Google Phone,1,600.0,2019-08-20 11:23:00,"505 13th St, Seattle, WA 98101",August
238041,Google Phone,1,600.0,2019-08-06 23:00:00,"438 Pine St, Atlanta, GA 30301",August
245666,Google Phone,1,600.0,2019-08-03 16:20:00,"643 West St, Boston, MA 02215",August
243945,Google Phone,1,600.0,2019-08-17 08:24:00,"20 10th St, San Francisco, CA 94016",August
243024,Google Phone,1,600.0,2019-08-27 16:11:00,"201 Maple St, San Francisco, CA 94016",August
238757,Google Phone,1,600.0,2019-08-18 22:07:00,"833 Wilson St, Atlanta, GA 30301",August
239367,Google Phone,1,600.0,2019-08-01 11:51:00,"383 Lake St, New York City, NY 10001",August
240774,Google Phone,1,600.0,2019-08-26 09:04:00,"524 Spruce St, Los Angeles, CA 90001",August
240550,Google Phone,1,600.0,2019-08-14 11:07:00,"237 13th St, New York City, NY 10001",August
253535,Google Phone,1,600.0,2019-09-21 18:51:00,"696 Lakeview St, San Francisco, CA 94016",September
254896,Google Phone,1,600.0,2019-09-28 17:36:00,"215 Cedar St, Portland, ME 04101",September
250556,Google Phone,1,600.0,2019-09-13 16:06:00,"297 Washington St, San Francisco, CA 94016",September
254385,Google Phone,1,600.0,2019-09-18 11:43:00,"163 Wilson St, New York City, NY 10001",September
257831,Google Phone,1,600.0,2019-09-08 10:36:00,"457 West St, Dallas, TX 75001",September
248969,Google Phone,1,600.0,2019-09-22 00:08:00,"925 Dogwood St, Portland, OR 97035",September
251204,Google Phone,1,600.0,2019-09-13 20:02:00,"197 Center St, San Francisco, CA 94016",September
254169,Google Phone,1,600.0,2019-09-10 16:52:00,"603 12th St, Los Angeles, CA 90001",September
256426,Google Phone,1,600.0,2019-09-30 21:02:00,"19 4th St, Boston, MA 02215",September
256599,Google Phone,1,600.0,2019-09-07 16:54:00,"208 Walnut St, New York City, NY 10001",September
249464,Google Phone,1,600.0,2019-09-16 09:33:00,"559 Sunset St, Dallas, TX 75001",September
250599,Google Phone,1,600.0,2019-09-02 17:24:00,"116 1st St, Los Angeles, CA 90001",September
251249,Google Phone,1,600.0,2019-09-28 13:08:00,"697 Pine St, Portland, OR 97035",September
251292,Google Phone,1,600.0,2019-09-04 02:17:00,"670 2nd St, Los Angeles, CA 90001",September
257961,Google Phone,1,600.0,2019-09-16 08:51:00,"473 Park St, Los Angeles, CA 90001",September
258033,Google Phone,1,600.0,2019-09-04 18:10:00,"547 Cedar St, Boston, MA 02215",September
258172,Google Phone,1,600.0,2019-09-30 21:37:00,"644 Dogwood St, Atlanta, GA 30301",September
259109,Google Phone,1,600.0,2019-09-21 14:23:00,"805 Washington St, San Francisco, CA 94016",September
249279,Google Phone,1,600.0,2019-09-25 16:05:00,"90 Park St, Boston, MA 02215",September
259231,Google Phone,1,600.0,2019-09-04 23:19:00,"337 Maple St, Boston, MA 02215",September
255169,Google Phone,1,600.0,2019-09-07 05:07:00,"602 Meadow St, Austin, TX 73301",September
255586,Google Phone,1,600.0,2019-09-11 21:10:00,"286 Hill St, San Francisco, CA 94016",September
248699,Google Phone,1,600.0,2019-09-12 10:54:00,"431 Elm St, Portland, OR 97035",September
253719,Google Phone,1,600.0,2019-09-21 09:10:00,"101 Walnut St, Austin, TX 73301",September
254132,Google Phone,1,600.0,2019-09-09 12:01:00,"628 Ridge St, Austin, TX 73301",September
255447,Google Phone,1,600.0,2019-09-16 00:38:00,"854 2nd St, Portland, OR 97035",September
256134,Google Phone,1,600.0,2019-09-03 12:55:00,"944 Pine St, Austin, TX 73301",September
249096,Google Phone,1,600.0,2019-09-01 09:12:00,"693 7th St, San Francisco, CA 94016",September
253320,Google Phone,1,600.0,2019-09-30 10:31:00,"778 4th St, Dallas, TX 75001",September
248901,Google Phone,1,600.0,2019-09-24 08:11:00,"626 5th St, Los Angeles, CA 90001",September
252518,Google Phone,1,600.0,2019-09-05 19:38:00,"507 7th St, Los Angeles, CA 90001",September
255252,Google Phone,1,600.0,2019-09-18 15:05:00,"469 Walnut St, New York City, NY 10001",September
249715,Google Phone,1,600.0,2019-09-02 19:09:00,"654 Madison St, Atlanta, GA 30301",September
252332,Google Phone,1,600.0,2019-09-27 19:25:00,"916 Lincoln St, Boston, MA 02215",September
256638,Google Phone,1,600.0,2019-09-25 23:21:00,"276 Madison St, Atlanta, GA 30301",September
258314,Google Phone,1,600.0,2019-09-02 13:30:00,"375 Park St, San Francisco, CA 94016",September
249976,Google Phone,1,600.0,2019-09-04 13:50:00,"379 Cedar St, Atlanta, GA 30301",September
252362,Google Phone,1,600.0,2019-09-12 08:14:00,"986 Spruce St, San Francisco, CA 94016",September
253510,Google Phone,1,600.0,2019-09-15 19:31:00,"208 Hill St, New York City, NY 10001",September
259132,Google Phone,1,600.0,2019-09-15 16:28:00,"321 River St, Los Angeles, CA 90001",September
255826,Google Phone,1,600.0,2019-09-15 11:22:00,"908 North St, Dallas, TX 75001",September
251385,Google Phone,1,600.0,2019-09-26 18:19:00,"130 Washington St, Seattle, WA 98101",September
254279,Google Phone,1,600.0,2019-09-30 19:59:00,"950 North St, Los Angeles, CA 90001",September
249224,Google Phone,1,600.0,2019-09-07 18:43:00,"777 West St, Austin, TX 73301",September
257456,Google Phone,1,600.0,2019-09-05 19:31:00,"333 Main St, Atlanta, GA 30301",September
251290,Google Phone,1,600.0,2019-09-28 11:24:00,"180 Jackson St, Seattle, WA 98101",September
248189,Google Phone,1,600.0,2019-09-14 12:45:00,"726 8th St, San Francisco, CA 94016",September
253774,Google Phone,1,600.0,2019-09-01 22:48:00,"975 Spruce St, San Francisco, CA 94016",September
254919,Google Phone,1,600.0,2019-09-21 22:39:00,"903 River St, Los Angeles, CA 90001",September
250078,Google Phone,1,600.0,2019-09-04 21:44:00,"924 Main St, San Francisco, CA 94016",September
250761,Google Phone,1,600.0,2019-09-16 13:40:00,"422 Hill St, Los Angeles, CA 90001",September
251923,Google Phone,1,600.0,2019-09-02 21:06:00,"994 9th St, San Francisco, CA 94016",September
258476,Google Phone,1,600.0,2019-09-02 20:34:00,"961 Maple St, Austin, TX 73301",September
249389,Google Phone,1,600.0,2019-09-10 14:00:00,"6 13th St, Seattle, WA 98101",September
270074,Google Phone,1,600.0,2019-10-22 11:46:00,"817 Elm St, San Francisco, CA 94016",October
275454,Google Phone,1,600.0,2019-10-19 22:25:00,"900 River St, Portland, OR 97035",October
276680,Google Phone,1,600.0,2019-10-05 15:22:00,"621 West St, Los Angeles, CA 90001",October
259476,Google Phone,1,600.0,2019-10-13 10:23:00,"995 Main St, San Francisco, CA 94016",October
260896,Google Phone,1,600.0,2019-10-15 11:12:00,"923 Hill St, New York City, NY 10001",October
270223,Google Phone,1,600.0,2019-10-25 18:53:00,"423 Elm St, Boston, MA 02215",October
273303,Google Phone,1,600.0,2019-10-02 06:58:00,"377 North St, Seattle, WA 98101",October
276117,Google Phone,1,600.0,2019-10-30 17:28:00,"886 Lakeview St, Seattle, WA 98101",October
265071,Google Phone,1,600.0,2019-10-22 12:03:00,"572 Johnson St, Seattle, WA 98101",October
274976,Google Phone,1,600.0,2019-10-27 13:40:00,"793 12th St, Atlanta, GA 30301",October
275638,Google Phone,1,600.0,2019-10-15 14:17:00,"689 Pine St, San Francisco, CA 94016",October
276671,Google Phone,1,600.0,2019-10-05 18:41:00,"757 Park St, Dallas, TX 75001",October
276708,Google Phone,1,600.0,2019-10-22 13:24:00,"274 West St, San Francisco, CA 94016",October
269171,Google Phone,1,600.0,2019-10-06 20:15:00,"30 Jefferson St, San Francisco, CA 94016",October
272212,Google Phone,1,600.0,2019-10-06 03:16:00,"311 Willow St, Atlanta, GA 30301",October
276018,Google Phone,1,600.0,2019-10-24 01:46:00,"581 Wilson St, New York City, NY 10001",October
267387,Google Phone,1,600.0,2019-10-19 00:41:00,"114 Church St, Seattle, WA 98101",October
277201,Google Phone,1,600.0,2019-10-17 13:28:00,"152 9th St, Austin, TX 73301",October
259420,Google Phone,1,600.0,2019-10-18 08:54:00,"791 Forest St, Los Angeles, CA 90001",October
264852,Google Phone,1,600.0,2019-10-16 07:39:00,"499 4th St, San Francisco, CA 94016",October
276762,Google Phone,1,600.0,2019-10-02 13:30:00,"509 Ridge St, Dallas, TX 75001",October
278364,Google Phone,1,600.0,2019-10-04 12:19:00,"459 8th St, Seattle, WA 98101",October
259660,Google Phone,1,600.0,2019-10-19 17:07:00,"957 2nd St, Boston, MA 02215",October
261082,Google Phone,1,600.0,2019-10-14 17:14:00,"186 14th St, Portland, OR 97035",October
262656,Google Phone,1,600.0,2019-10-16 01:19:00,"207 Hill St, Dallas, TX 75001",October
276060,Google Phone,1,600.0,2019-10-08 23:26:00,"676 Lakeview St, Portland, ME 04101",October
277312,Google Phone,1,600.0,2019-10-21 10:08:00,"795 Center St, San Francisco, CA 94016",October
278532,Google Phone,1,600.0,2019-10-06 17:30:00,"413 Dogwood St, Seattle, WA 98101",October
261612,Google Phone,1,600.0,2019-10-03 07:46:00,"883 12th St, Portland, OR 97035",October
271883,Google Phone,1,600.0,2019-10-07 13:30:00,"902 11th St, Dallas, TX 75001",October
266741,Google Phone,1,600.0,2019-10-22 10:19:00,"365 Lincoln St, Dallas, TX 75001",October
275545,Google Phone,1,600.0,2019-10-20 15:46:00,"592 Park St, New York City, NY 10001",October
261153,Google Phone,1,600.0,2019-10-30 23:42:00,"430 Spruce St, Dallas, TX 75001",October
264416,Google Phone,1,600.0,2019-10-26 18:42:00,"361 Ridge St, San Francisco, CA 94016",October
265391,Google Phone,1,600.0,2019-10-28 14:15:00,"768 Elm St, San Francisco, CA 94016",October
270728,Google Phone,1,600.0,2019-10-18 10:09:00,"337 12th St, San Francisco, CA 94016",October
278334,Google Phone,1,600.0,2019-10-02 18:47:00,"157 Sunset St, San Francisco, CA 94016",October
268624,Google Phone,1,600.0,2019-10-16 23:41:00,"489 11th St, Boston, MA 02215",October
262998,Google Phone,1,600.0,2019-10-23 06:19:00,"645 6th St, Los Angeles, CA 90001",October
266430,Google Phone,1,600.0,2019-10-04 22:41:00,"753 North St, Portland, OR 97035",October
266605,Google Phone,1,600.0,2019-10-05 12:38:00,"173 Chestnut St, Dallas, TX 75001",October
271173,Google Phone,1,600.0,2019-10-05 18:35:00,"244 Hickory St, Seattle, WA 98101",October
271794,Google Phone,1,600.0,2019-10-23 06:20:00,"949 9th St, Austin, TX 73301",October
259620,Google Phone,1,600.0,2019-10-29 12:19:00,"514 10th St, Dallas, TX 75001",October
262903,Google Phone,1,600.0,2019-10-07 19:57:00,"725 10th St, Seattle, WA 98101",October
265426,Google Phone,1,600.0,2019-10-23 14:07:00,"777 Main St, San Francisco, CA 94016",October
274547,Google Phone,1,600.0,2019-10-24 07:27:00,"927 Center St, Atlanta, GA 30301",October
261221,Google Phone,1,600.0,2019-10-18 21:49:00,"883 Maple St, Los Angeles, CA 90001",October
263877,Google Phone,1,600.0,2019-10-18 13:25:00,"249 14th St, New York City, NY 10001",October
273645,Google Phone,1,600.0,2019-10-20 08:13:00,"594 West St, Los Angeles, CA 90001",October
275785,Google Phone,1,600.0,2019-10-20 19:17:00,"748 8th St, New York City, NY 10001",October
261190,Google Phone,1,600.0,2019-10-17 20:43:00,"391 Pine St, Seattle, WA 98101",October
263480,Google Phone,1,600.0,2019-10-23 10:08:00,"735 13th St, Seattle, WA 98101",October
267182,Google Phone,1,600.0,2019-10-26 08:11:00,"501 Sunset St, Los Angeles, CA 90001",October
269299,Google Phone,1,600.0,2019-10-24 21:09:00,"929 Dogwood St, San Francisco, CA 94016",October
259888,Google Phone,1,600.0,2019-10-23 17:28:00,"453 Washington St, Atlanta, GA 30301",October
261132,Google Phone,1,600.0,2019-10-24 12:15:00,"13 Lincoln St, San Francisco, CA 94016",October
269143,Google Phone,1,600.0,2019-10-25 13:58:00,"176 8th St, New York City, NY 10001",October
272498,Google Phone,1,600.0,2019-10-05 18:14:00,"835 Ridge St, Los Angeles, CA 90001",October
266071,Google Phone,1,600.0,2019-10-13 21:24:00,"664 Maple St, Los Angeles, CA 90001",October
269500,Google Phone,1,600.0,2019-10-25 20:45:00,"243 West St, Los Angeles, CA 90001",October
267329,Google Phone,1,600.0,2019-10-24 15:39:00,"673 2nd St, Boston, MA 02215",October
272974,Google Phone,1,600.0,2019-10-23 12:06:00,"235 Ridge St, San Francisco, CA 94016",October
264740,Google Phone,1,600.0,2019-10-02 00:56:00,"95 Dogwood St, Los Angeles, CA 90001",October
269830,Google Phone,1,600.0,2019-10-28 12:56:00,"519 Highland St, San Francisco, CA 94016",October
270577,Google Phone,1,600.0,2019-10-17 15:31:00,"696 Lake St, San Francisco, CA 94016",October
261738,Google Phone,1,600.0,2019-10-06 10:11:00,"264 12th St, Seattle, WA 98101",October
263930,Google Phone,1,600.0,2019-10-06 15:51:00,"794 1st St, New York City, NY 10001",October
269836,Google Phone,1,600.0,2019-10-18 21:30:00,"842 1st St, Boston, MA 02215",October
259391,Google Phone,1,600.0,2019-10-24 12:51:00,"374 Hill St, Dallas, TX 75001",October
270629,Google Phone,1,600.0,2019-10-20 23:05:00,"415 Lake St, Los Angeles, CA 90001",October
259924,Google Phone,1,600.0,2019-10-21 15:06:00,"883 Cedar St, Austin, TX 73301",October
261413,Google Phone,1,600.0,2019-10-27 11:51:00,"756 Maple St, San Francisco, CA 94016",October
261771,Google Phone,1,600.0,2019-10-09 11:11:00,"24 Hickory St, San Francisco, CA 94016",October
263864,Google Phone,1,600.0,2019-10-13 11:23:00,"552 River St, San Francisco, CA 94016",October
265887,Google Phone,1,600.0,2019-10-27 20:57:00,"597 Hickory St, Los Angeles, CA 90001",October
271450,Google Phone,1,600.0,2019-10-09 21:48:00,"192 Cherry St, Seattle, WA 98101",October
277251,Google Phone,1,600.0,2019-10-16 15:07:00,"705 Washington St, Los Angeles, CA 90001",October
273138,Google Phone,1,600.0,2019-10-26 14:50:00,"142 Wilson St, Portland, OR 97035",October
275975,Google Phone,1,600.0,2019-10-27 08:59:00,"850 13th St, Boston, MA 02215",October
276480,Google Phone,1,600.0,2019-10-12 01:11:00,"751 Adams St, Seattle, WA 98101",October
278354,Google Phone,1,600.0,2019-10-21 21:47:00,"370 1st St, Los Angeles, CA 90001",October
262772,Google Phone,1,600.0,2019-10-14 18:14:00,"18 South St, Dallas, TX 75001",October
265054,Google Phone,1,600.0,2019-10-09 23:01:00,"580 Madison St, Dallas, TX 75001",October
269186,Google Phone,1,600.0,2019-10-05 20:11:00,"971 North St, Boston, MA 02215",October
271478,Google Phone,1,600.0,2019-10-04 13:51:00,"542 Wilson St, San Francisco, CA 94016",October
272429,Google Phone,1,600.0,2019-10-04 22:58:00,"709 Forest St, Los Angeles, CA 90001",October
273915,Google Phone,1,600.0,2019-10-30 11:59:00,"693 Main St, New York City, NY 10001",October
264569,Google Phone,1,600.0,2019-10-08 09:47:00,"255 Pine St, Boston, MA 02215",October
269575,Google Phone,1,600.0,2019-10-26 22:09:00,"910 Hickory St, Boston, MA 02215",October
271328,Google Phone,1,600.0,2019-10-15 07:14:00,"736 Washington St, San Francisco, CA 94016",October
272794,Google Phone,1,600.0,2019-10-04 03:35:00,"92 10th St, Portland, OR 97035",October
261284,Google Phone,1,600.0,2019-10-31 06:56:00,"764 14th St, Dallas, TX 75001",October
267376,Google Phone,1,600.0,2019-10-22 12:24:00,"246 Lake St, Portland, OR 97035",October
262095,Google Phone,1,600.0,2019-10-07 07:38:00,"394 9th St, Seattle, WA 98101",October
262122,Google Phone,1,600.0,2019-10-16 14:08:00,"927 Washington St, New York City, NY 10001",October
263387,Google Phone,1,600.0,2019-10-30 22:18:00,"97 Cedar St, Boston, MA 02215",October
266469,Google Phone,1,600.0,2019-10-05 10:26:00,"665 5th St, New York City, NY 10001",October
270602,Google Phone,1,600.0,2019-10-01 15:15:00,"637 Meadow St, Atlanta, GA 30301",October
270791,Google Phone,1,600.0,2019-10-08 13:36:00,"363 Meadow St, Dallas, TX 75001",October
267591,Google Phone,1,600.0,2019-10-13 22:21:00,"422 11th St, New York City, NY 10001",October
274885,Google Phone,1,600.0,2019-10-27 11:58:00,"626 Maple St, Atlanta, GA 30301",October
264107,Google Phone,1,600.0,2019-10-04 14:25:00,"299 Hickory St, New York City, NY 10001",October
264699,Google Phone,1,600.0,2019-10-06 11:57:00,"385 Cherry St, Austin, TX 73301",October
266567,Google Phone,1,600.0,2019-10-18 09:01:00,"637 Johnson St, Seattle, WA 98101",October
274382,Google Phone,1,600.0,2019-10-22 09:30:00,"711 9th St, San Francisco, CA 94016",October
262810,Google Phone,1,600.0,2019-10-20 19:20:00,"471 Dogwood St, Atlanta, GA 30301",October
264418,Google Phone,1,600.0,2019-10-12 11:54:00,"390 Ridge St, New York City, NY 10001",October
264457,Google Phone,1,600.0,2019-10-26 17:22:00,"853 6th St, Austin, TX 73301",October
270807,Google Phone,1,600.0,2019-10-14 22:40:00,"219 14th St, Atlanta, GA 30301",October
271500,Google Phone,1,600.0,2019-10-01 15:42:00,"503 Main St, New York City, NY 10001",October
271973,Google Phone,1,600.0,2019-10-22 10:09:00,"313 Forest St, Los Angeles, CA 90001",October
275220,Google Phone,1,600.0,2019-10-25 19:01:00,"380 Ridge St, New York City, NY 10001",October
265698,Google Phone,1,600.0,2019-10-11 01:45:00,"50 Center St, Portland, ME 04101",October
274079,Google Phone,1,600.0,2019-10-24 06:58:00,"939 Jackson St, Los Angeles, CA 90001",October
280364,Google Phone,1,600.0,2019-11-29 21:33:00,"526 Park St, Dallas, TX 75001",November
281792,Google Phone,1,600.0,2019-11-17 20:24:00,"806 River St, Los Angeles, CA 90001",November
289003,Google Phone,1,600.0,2019-11-22 12:17:00,"160 Pine St, San Francisco, CA 94016",November
281676,Google Phone,1,600.0,2019-11-16 13:23:00,"418 14th St, Portland, OR 97035",November
289501,Google Phone,1,600.0,2019-11-09 15:54:00,"960 Madison St, San Francisco, CA 94016",November
279329,Google Phone,1,600.0,2019-11-03 21:43:00,"220 Center St, Boston, MA 02215",November
280161,Google Phone,1,600.0,2019-11-10 14:57:00,"841 Willow St, Dallas, TX 75001",November
283338,Google Phone,1,600.0,2019-11-17 18:59:00,"15 Sunset St, Los Angeles, CA 90001",November
289832,Google Phone,1,600.0,2019-11-27 11:10:00,"832 Lake St, Austin, TX 73301",November
294112,Google Phone,1,600.0,2019-11-27 16:17:00,"600 Pine St, Atlanta, GA 30301",November
294967,Google Phone,1,600.0,2019-11-11 21:00:00,"334 Church St, Los Angeles, CA 90001",November
295316,Google Phone,1,600.0,2019-11-20 17:32:00,"730 Lakeview St, Los Angeles, CA 90001",November
290318,Google Phone,1,600.0,2019-11-16 20:29:00,"364 Hill St, Los Angeles, CA 90001",November
280170,Google Phone,1,600.0,2019-11-03 17:45:00,"374 Elm St, Los Angeles, CA 90001",November
283066,Google Phone,1,600.0,2019-11-26 06:03:00,"59 5th St, Portland, OR 97035",November
284012,Google Phone,1,600.0,2019-11-17 10:10:00,"299 1st St, Los Angeles, CA 90001",November
279801,Google Phone,1,600.0,2019-11-23 09:02:00,"581 Chestnut St, Dallas, TX 75001",November
280823,Google Phone,1,600.0,2019-11-08 18:49:00,"457 9th St, New York City, NY 10001",November
282117,Google Phone,1,600.0,2019-11-01 17:58:00,"914 Ridge St, San Francisco, CA 94016",November
284362,Google Phone,1,600.0,2019-11-20 02:23:00,"444 Dogwood St, San Francisco, CA 94016",November
292020,Google Phone,1,600.0,2019-11-28 00:00:00,"970 6th St, Los Angeles, CA 90001",November
294169,Google Phone,1,600.0,2019-11-30 15:26:00,"11 Center St, Portland, OR 97035",November
288894,Google Phone,1,600.0,2019-11-17 14:53:00,"447 Wilson St, New York City, NY 10001",November
294140,Google Phone,1,600.0,2019-11-02 09:51:00,"30 Spruce St, Portland, ME 04101",November
279282,Google Phone,1,600.0,2019-11-21 21:03:00,"654 Spruce St, San Francisco, CA 94016",November
287361,Google Phone,1,600.0,2019-11-08 19:21:00,"669 6th St, New York City, NY 10001",November
289839,Google Phone,1,600.0,2019-11-16 14:39:00,"11 Lake St, New York City, NY 10001",November
284124,Google Phone,1,600.0,2019-11-12 08:05:00,"332 Highland St, San Francisco, CA 94016",November
285386,Google Phone,1,600.0,2019-11-18 15:33:00,"399 Adams St, Dallas, TX 75001",November
280943,Google Phone,1,600.0,2019-11-14 14:58:00,"375 11th St, San Francisco, CA 94016",November
279689,Google Phone,1,600.0,2019-11-17 10:55:00,"772 10th St, Los Angeles, CA 90001",November
287083,Google Phone,1,600.0,2019-11-14 18:48:00,"118 Church St, New York City, NY 10001",November
293542,Google Phone,1,600.0,2019-11-18 17:13:00,"429 6th St, Boston, MA 02215",November
280920,Google Phone,1,600.0,2019-11-05 02:09:00,"393 Johnson St, San Francisco, CA 94016",November
291349,Google Phone,1,600.0,2019-11-12 18:18:00,"582 Walnut St, Los Angeles, CA 90001",November
294671,Google Phone,1,600.0,2019-11-02 19:56:00,"445 River St, Portland, OR 97035",November
281449,Google Phone,1,600.0,2019-11-29 18:35:00,"756 Meadow St, Atlanta, GA 30301",November
285695,Google Phone,1,600.0,2019-11-04 21:01:00,"369 6th St, Boston, MA 02215",November
287739,Google Phone,1,600.0,2019-11-05 15:14:00,"889 Washington St, Los Angeles, CA 90001",November
295046,Google Phone,1,600.0,2019-11-19 12:29:00,"211 Sunset St, Atlanta, GA 30301",November
282419,Google Phone,1,600.0,2019-11-07 19:52:00,"46 Sunset St, New York City, NY 10001",November
290173,Google Phone,1,600.0,2019-11-09 01:05:00,"206 12th St, New York City, NY 10001",November
282544,Google Phone,1,600.0,2019-11-01 15:11:00,"408 Jefferson St, San Francisco, CA 94016",November
279829,Google Phone,1,600.0,2019-11-19 17:15:00,"509 Lake St, New York City, NY 10001",November
289913,Google Phone,1,600.0,2019-11-20 12:06:00,"948 Dogwood St, San Francisco, CA 94016",November
295024,Google Phone,1,600.0,2019-11-03 17:14:00,"941 Meadow St, San Francisco, CA 94016",November
295076,Google Phone,1,600.0,2019-11-23 22:32:00,"213 13th St, San Francisco, CA 94016",November
285143,Google Phone,1,600.0,2019-11-09 19:52:00,"471 Jackson St, San Francisco, CA 94016",November
287229,Google Phone,1,600.0,2019-11-09 21:22:00,"207 Madison St, Atlanta, GA 30301",November
291846,Google Phone,1,600.0,2019-11-24 18:39:00,"409 5th St, Boston, MA 02215",November
283100,Google Phone,1,600.0,2019-11-09 13:10:00,"137 Johnson St, Seattle, WA 98101",November
284139,Google Phone,1,600.0,2019-11-10 17:17:00,"970 Spruce St, Los Angeles, CA 90001",November
288509,Google Phone,1,600.0,2019-11-26 14:36:00,"799 Hickory St, Los Angeles, CA 90001",November
292216,Google Phone,1,600.0,2019-11-22 17:02:00,"519 Meadow St, Atlanta, GA 30301",November
280691,Google Phone,1,600.0,2019-11-19 19:40:00,"342 Forest St, Los Angeles, CA 90001",November
291901,Google Phone,1,600.0,2019-11-06 17:21:00,"979 Hill St, Los Angeles, CA 90001",November
294265,Google Phone,1,600.0,2019-11-30 15:02:00,"504 Center St, Austin, TX 73301",November
291389,Google Phone,1,600.0,2019-11-11 22:19:00,"380 Wilson St, Los Angeles, CA 90001",November
289104,Google Phone,1,600.0,2019-11-28 23:04:00,"915 Hickory St, San Francisco, CA 94016",November
292230,Google Phone,1,600.0,2019-11-03 21:42:00,"279 Lakeview St, New York City, NY 10001",November
292266,Google Phone,1,600.0,2019-11-01 19:49:00,"912 Dogwood St, Atlanta, GA 30301",November
279024,Google Phone,1,600.0,2019-11-01 18:11:00,"745 West St, Portland, OR 97035",November
286236,Google Phone,1,600.0,2019-11-05 21:21:00,"3 Pine St, Dallas, TX 75001",November
286884,Google Phone,1,600.0,2019-11-16 00:09:00,"46 Chestnut St, Portland, OR 97035",November
290765,Google Phone,1,600.0,2019-11-09 01:46:00,"118 5th St, New York City, NY 10001",November
293874,Google Phone,1,600.0,2019-11-25 08:04:00,"383 14th St, San Francisco, CA 94016",November
283045,Google Phone,1,600.0,2019-11-18 21:48:00,"484 West St, San Francisco, CA 94016",November
283118,Google Phone,1,600.0,2019-11-20 21:31:00,"409 Willow St, Los Angeles, CA 90001",November
288857,Google Phone,1,600.0,2019-11-26 11:56:00,"863 Meadow St, Atlanta, GA 30301",November
291631,Google Phone,1,600.0,2019-11-23 19:43:00,"465 Pine St, Seattle, WA 98101",November
292098,Google Phone,1,600.0,2019-11-01 10:13:00,"214 4th St, Dallas, TX 75001",November
288375,Google Phone,1,600.0,2019-11-09 17:10:00,"644 Wilson St, San Francisco, CA 94016",November
292338,Google Phone,1,600.0,2019-11-02 09:35:00,"288 Ridge St, Los Angeles, CA 90001",November
284671,Google Phone,1,600.0,2019-11-16 13:39:00,"250 Highland St, San Francisco, CA 94016",November
294526,Google Phone,1,600.0,2019-11-29 11:17:00,"357 Hickory St, Portland, ME 04101",November
286006,Google Phone,1,600.0,2019-11-21 06:40:00,"692 5th St, Dallas, TX 75001",November
280886,Google Phone,1,600.0,2019-11-09 14:57:00,"46 Highland St, Seattle, WA 98101",November
288533,Google Phone,1,600.0,2019-11-13 15:02:00,"423 2nd St, Atlanta, GA 30301",November
291096,Google Phone,1,600.0,2019-11-08 08:52:00,"974 South St, San Francisco, CA 94016",November
288823,Google Phone,1,600.0,2019-11-28 23:34:00,"31 North St, New York City, NY 10001",November
279666,Google Phone,1,600.0,2019-11-01 23:28:00,"457 Sunset St, Los Angeles, CA 90001",November
288436,Google Phone,1,600.0,2019-11-29 12:20:00,"401 Forest St, San Francisco, CA 94016",November
302881,Google Phone,1,600.0,2019-12-09 19:36:00,"294 14th St, Portland, OR 97035",December
305403,Google Phone,1,600.0,2019-12-19 13:14:00,"209 Hill St, Austin, TX 73301",December
308393,Google Phone,1,600.0,2019-12-11 13:55:00,"713 Willow St, Seattle, WA 98101",December
312661,Google Phone,1,600.0,2019-12-06 10:55:00,"545 Lake St, San Francisco, CA 94016",December
317154,Google Phone,1,600.0,2019-12-07 14:11:00,"223 10th St, Dallas, TX 75001",December
318887,Google Phone,1,600.0,2019-12-11 13:16:00,"850 Jackson St, New York City, NY 10001",December
304434,Google Phone,1,600.0,2019-12-14 22:35:00,"545 Forest St, Austin, TX 73301",December
316910,Google Phone,1,600.0,2019-12-24 18:15:00,"162 Elm St, Atlanta, GA 30301",December
296056,Google Phone,1,600.0,2019-12-12 21:06:00,"803 Highland St, Portland, OR 97035",December
303069,Google Phone,1,600.0,2019-12-25 15:00:00,"603 Hill St, New York City, NY 10001",December
303998,Google Phone,1,600.0,2019-12-25 09:05:00,"108 South St, Boston, MA 02215",December
306513,Google Phone,1,600.0,2019-12-06 14:37:00,"964 Cedar St, San Francisco, CA 94016",December
309247,Google Phone,1,600.0,2019-12-14 20:41:00,"337 Park St, Austin, TX 73301",December
296674,Google Phone,1,600.0,2019-12-03 18:27:00,"258 6th St, Los Angeles, CA 90001",December
303232,Google Phone,1,600.0,2019-12-03 10:06:00,"214 Meadow St, Los Angeles, CA 90001",December
315477,Google Phone,1,600.0,2019-12-26 14:14:00,"705 Maple St, Seattle, WA 98101",December
303494,Google Phone,1,600.0,2019-12-29 17:46:00,"105 Spruce St, New York City, NY 10001",December
303535,Google Phone,1,600.0,2019-12-05 14:59:00,"974 2nd St, Atlanta, GA 30301",December
304014,Google Phone,1,600.0,2019-12-16 10:16:00,"103 Dogwood St, Boston, MA 02215",December
307430,Google Phone,1,600.0,2019-12-06 09:53:00,"996 River St, San Francisco, CA 94016",December
315684,Google Phone,1,600.0,2019-12-15 17:25:00,"236 Willow St, San Francisco, CA 94016",December
304626,Google Phone,1,600.0,2019-12-27 09:30:00,"68 7th St, New York City, NY 10001",December
308789,Google Phone,1,600.0,2019-12-03 20:40:00,"359 Center St, San Francisco, CA 94016",December
311757,Google Phone,1,600.0,2019-12-11 09:53:00,"493 West St, Boston, MA 02215",December
299703,Google Phone,1,600.0,2019-12-25 20:19:00,"165 Main St, New York City, NY 10001",December
302806,Google Phone,1,600.0,2019-12-30 19:21:00,"207 Cherry St, San Francisco, CA 94016",December
306909,Google Phone,1,600.0,2019-12-24 22:01:00,"521 Sunset St, San Francisco, CA 94016",December
307160,Google Phone,1,600.0,2019-12-01 08:49:00,"227 11th St, Dallas, TX 75001",December
317362,Google Phone,1,600.0,2019-12-17 08:09:00,"603 Meadow St, San Francisco, CA 94016",December
302464,Google Phone,1,600.0,2019-12-23 11:40:00,"919 10th St, Boston, MA 02215",December
306470,Google Phone,1,600.0,2019-12-12 18:27:00,"25 Center St, San Francisco, CA 94016",December
313788,Google Phone,1,600.0,2019-12-08 11:52:00,"827 13th St, Los Angeles, CA 90001",December
314619,Google Phone,1,600.0,2019-12-13 14:25:00,"695 Pine St, Dallas, TX 75001",December
316878,Google Phone,1,600.0,2019-12-03 12:51:00,"378 Madison St, Dallas, TX 75001",December
302125,Google Phone,1,600.0,2019-12-16 17:12:00,"885 11th St, San Francisco, CA 94016",December
302444,Google Phone,1,600.0,2019-12-26 16:08:00,"197 Center St, New York City, NY 10001",December
314566,Google Phone,1,600.0,2019-12-30 22:15:00,"465 Lakeview St, San Francisco, CA 94016",December
303989,Google Phone,1,600.0,2019-12-17 00:03:00,"7 4th St, San Francisco, CA 94016",December
306069,Google Phone,1,600.0,2019-12-05 19:50:00,"61 Washington St, Seattle, WA 98101",December
309650,Google Phone,1,600.0,2019-12-24 17:51:00,"989 Johnson St, Dallas, TX 75001",December
310864,Google Phone,1,600.0,2019-12-24 20:29:00,"666 Chestnut St, San Francisco, CA 94016",December
312522,Google Phone,1,600.0,2019-12-31 20:49:00,"240 Washington St, Seattle, WA 98101",December
296263,Google Phone,1,600.0,2019-12-11 18:04:00,"229 Pine St, San Francisco, CA 94016",December
306257,Google Phone,1,600.0,2019-12-20 14:03:00,"703 2nd St, Boston, MA 02215",December
308622,Google Phone,1,600.0,2019-12-12 13:36:00,"586 Main St, Dallas, TX 75001",December
310357,Google Phone,1,600.0,2019-12-31 12:59:00,"810 8th St, New York City, NY 10001",December
312077,Google Phone,1,600.0,2019-12-19 19:31:00,"465 Washington St, San Francisco, CA 94016",December
315419,Google Phone,1,600.0,2019-12-30 09:21:00,"371 South St, Los Angeles, CA 90001",December
319447,Google Phone,1,600.0,2019-12-29 20:18:00,"114 Lincoln St, San Francisco, CA 94016",December
317842,Google Phone,1,600.0,2019-12-08 08:19:00,"348 Main St, Seattle, WA 98101",December
295829,Google Phone,1,600.0,2019-12-27 13:07:00,"904 13th St, Atlanta, GA 30301",December
300034,Google Phone,1,600.0,2019-12-14 06:28:00,"602 11th St, Atlanta, GA 30301",December
305969,Google Phone,1,600.0,2019-12-29 17:41:00,"548 Church St, Austin, TX 73301",December
315826,Google Phone,1,600.0,2019-12-25 13:36:00,"513 4th St, Dallas, TX 75001",December
309759,Google Phone,1,600.0,2019-12-30 03:30:00,"299 Center St, Boston, MA 02215",December
315065,Google Phone,1,600.0,2019-12-23 19:27:00,"700 Lakeview St, Atlanta, GA 30301",December
299975,Google Phone,1,600.0,2019-12-08 23:32:00,"787 Wilson St, Los Angeles, CA 90001",December
305687,Google Phone,1,600.0,2019-12-07 08:07:00,"129 Hickory St, San Francisco, CA 94016",December
295681,Google Phone,1,600.0,2019-12-25 12:37:00,"79 Elm St, Boston, MA 02215",December
305175,Google Phone,1,600.0,2019-12-24 23:21:00,"399 Hill St, Boston, MA 02215",December
307027,Google Phone,1,600.0,2019-12-29 10:46:00,"238 9th St, Seattle, WA 98101",December
313115,Google Phone,1,600.0,2019-12-17 08:32:00,"866 9th St, San Francisco, CA 94016",December
315390,Google Phone,1,600.0,2019-12-08 23:05:00,"780 7th St, New York City, NY 10001",December
297609,Google Phone,1,600.0,2019-12-09 19:23:00,"252 14th St, Austin, TX 73301",December
303063,Google Phone,1,600.0,2019-12-22 14:29:00,"263 Sunset St, San Francisco, CA 94016",December
305522,Google Phone,1,600.0,2019-12-18 11:17:00,"778 Hill St, Austin, TX 73301",December
307563,Google Phone,1,600.0,2019-12-12 10:12:00,"221 Cherry St, Los Angeles, CA 90001",December
309022,Google Phone,1,600.0,2019-12-03 19:26:00,"715 Spruce St, Boston, MA 02215",December
315596,Google Phone,1,600.0,2019-12-14 13:42:00,"82 13th St, Dallas, TX 75001",December
316269,Google Phone,1,600.0,2019-12-15 20:06:00,"538 5th St, Austin, TX 73301",December
306176,Google Phone,1,600.0,2019-12-25 19:25:00,"452 Church St, Seattle, WA 98101",December
310693,Google Phone,1,600.0,2019-12-05 09:05:00,"586 Lake St, Atlanta, GA 30301",December
317348,Google Phone,1,600.0,2019-12-17 15:54:00,"779 Cherry St, Los Angeles, CA 90001",December
296663,Google Phone,1,600.0,2019-12-14 09:19:00,"835 13th St, New York City, NY 10001",December
309907,Google Phone,1,600.0,2019-12-07 09:14:00,"839 Hill St, San Francisco, CA 94016",December
316992,Google Phone,1,600.0,2019-12-16 07:44:00,"206 River St, Seattle, WA 98101",December
300418,Google Phone,1,600.0,2019-12-31 09:10:00,"258 Washington St, Atlanta, GA 30301",December
305856,Google Phone,1,600.0,2019-12-25 06:44:00,"581 West St, Los Angeles, CA 90001",December
307154,Google Phone,1,600.0,2019-12-27 20:03:00,"269 Park St, Atlanta, GA 30301",December
307232,Google Phone,1,600.0,2019-12-12 10:04:00,"433 Forest St, Seattle, WA 98101",December
241160,Google Phone,1,600.0,2019-08-22 21:33:00,"811 Madison St, Los Angeles, CA 90001",August
246821,Google Phone,1,600.0,2019-08-09 09:46:00,"509 Dogwood St, Los Angeles, CA 90001",August
251296,Google Phone,1,600.0,2019-09-17 20:27:00,"624 Highland St, Seattle, WA 98101",September
253425,Google Phone,1,600.0,2019-09-10 11:25:00,"815 Maple St, Dallas, TX 75001",September
250914,Google Phone,1,600.0,2019-09-29 18:56:00,"560 Walnut St, Portland, OR 97035",September
271017,Google Phone,1,600.0,2019-10-13 11:50:00,"195 Sunset St, Atlanta, GA 30301",October
266026,Google Phone,1,600.0,2019-10-11 21:38:00,"164 Lakeview St, Boston, MA 02215",October
277034,Google Phone,1,600.0,2019-10-07 13:11:00,"418 12th St, Los Angeles, CA 90001",October
292245,Google Phone,1,600.0,2019-11-06 21:51:00,"229 Chestnut St, Dallas, TX 75001",November
283181,Google Phone,1,600.0,2019-11-11 14:30:00,"309 2nd St, Boston, MA 02215",November
288077,Google Phone,1,600.0,2019-11-03 20:46:00,"107 Cherry St, Atlanta, GA 30301",November
284670,Google Phone,1,600.0,2019-11-17 15:45:00,"844 Washington St, Atlanta, GA 30301",November
282864,Google Phone,1,600.0,2019-11-06 20:27:00,"472 Church St, Atlanta, GA 30301",November
279764,Google Phone,1,600.0,2019-11-28 19:18:00,"570 Sunset St, Los Angeles, CA 90001",November
282173,Google Phone,1,600.0,2019-11-23 18:47:00,"563 1st St, San Francisco, CA 94016",November
310250,Google Phone,1,600.0,2019-12-29 07:34:00,"654 Forest St, Dallas, TX 75001",December
312565,Google Phone,1,600.0,2019-12-07 18:08:00,"570 8th St, San Francisco, CA 94016",December
300276,Google Phone,1,600.0,2019-12-21 21:32:00,"193 14th St, New York City, NY 10001",December
318938,Google Phone,1,600.0,2019-12-13 08:42:00,"2 Cherry St, San Francisco, CA 94016",December
300210,Google Phone,1,600.0,2019-12-14 15:17:00,"7 4th St, San Francisco, CA 94016",December
311977,Google Phone,1,600.0,2019-12-03 11:33:00,"146 Walnut St, New York City, NY 10001",December
305197,Google Phone,1,600.0,2019-12-26 08:38:00,"550 5th St, San Francisco, CA 94016",December
310866,Google Phone,1,600.0,2019-12-23 09:37:00,"639 9th St, Seattle, WA 98101",December
303432,Google Phone,1,600.0,2019-12-24 06:19:00,"743 14th St, Atlanta, GA 30301",December
307895,Google Phone,1,600.0,2019-12-06 13:56:00,"457 Jackson St, Austin, TX 73301",December
308980,Google Phone,1,600.0,2019-12-30 15:55:00,"824 14th St, San Francisco, CA 94016",December
316584,Google Phone,1,600.0,2019-12-17 21:45:00,"512 11th St, New York City, NY 10001",December
305425,Google Phone,1,600.0,2019-12-24 12:27:00,"179 5th St, San Francisco, CA 94016",December
312304,Google Phone,1,600.0,2019-12-31 22:37:00,"319 Main St, Boston, MA 02215",December
312331,Google Phone,1,600.0,2019-12-10 19:45:00,"609 13th St, Portland, OR 97035",December
319091,Google Phone,1,600.0,2019-12-29 14:59:00,"754 Pine St, Portland, OR 97035",December
297286,Google Phone,1,600.0,2019-12-15 18:28:00,"364 9th St, Seattle, WA 98101",December
304228,Google Phone,1,600.0,2019-12-06 09:53:00,"216 2nd St, Portland, OR 97035",December
313412,Google Phone,1,600.0,2019-12-06 22:31:00,"459 4th St, New York City, NY 10001",December
317600,Google Phone,1,600.0,2019-12-11 10:34:00,"991 7th St, San Francisco, CA 94016",December
297036,Google Phone,1,600.0,2019-12-24 13:55:00,"386 Jefferson St, New York City, NY 10001",December
297762,Google Phone,1,600.0,2019-12-02 21:58:00,"325 North St, Boston, MA 02215",December
301004,Google Phone,1,600.0,2019-12-19 14:27:00,"147 1st St, San Francisco, CA 94016",December
311175,Google Phone,1,600.0,2019-12-25 22:30:00,"247 Dogwood St, Atlanta, GA 30301",December
311665,Google Phone,1,600.0,2019-12-03 13:33:00,"875 North St, San Francisco, CA 94016",December
308039,Google Phone,1,600.0,2019-12-04 17:54:00,"499 Sunset St, New York City, NY 10001",December
304415,Google Phone,1,600.0,2019-12-21 21:44:00,"55 Center St, San Francisco, CA 94016",December
308448,Google Phone,1,600.0,2019-12-10 14:06:00,"452 8th St, San Francisco, CA 94016",December
313017,Google Phone,1,600.0,2019-12-05 12:25:00,"881 Elm St, Atlanta, GA 30301",December
315041,Google Phone,1,600.0,2019-12-04 18:57:00,"507 North St, Austin, TX 73301",December
319294,Google Phone,1,600.0,2019-12-17 17:15:00,"550 Jefferson St, Portland, ME 04101",December
300905,Google Phone,1,600.0,2019-12-07 21:21:00,"815 Lake St, Seattle, WA 98101",December
309465,Google Phone,1,600.0,2019-12-31 17:17:00,"117 Dogwood St, San Francisco, CA 94016",December
313229,Google Phone,1,600.0,2019-12-02 17:48:00,"224 5th St, San Francisco, CA 94016",December
316550,Google Phone,1,600.0,2019-12-04 22:08:00,"293 Park St, Boston, MA 02215",December
296998,Google Phone,1,600.0,2019-12-01 19:05:00,"177 Cedar St, Los Angeles, CA 90001",December
310567,Google Phone,1,600.0,2019-12-08 17:21:00,"613 Maple St, Atlanta, GA 30301",December
312940,Google Phone,1,600.0,2019-12-03 09:00:00,"206 Pine St, Austin, TX 73301",December
142508,Google Phone,1,600.0,2019-01-10 20:25:00,"831 Madison St, Dallas, TX 75001",January
149790,Google Phone,1,600.0,2019-01-08 12:33:00,"903 Hill St, New York City, NY 10001",January
143896,Google Phone,1,600.0,2019-01-13 23:00:00,"753 River St, Austin, TX 73301",January
145190,Google Phone,1,600.0,2019-01-12 08:31:00,"250 Washington St, Austin, TX 73301",January
146959,Google Phone,1,600.0,2019-01-04 10:33:00,"822 Cherry St, San Francisco, CA 94016",January
149936,Google Phone,1,600.0,2019-01-20 13:13:00,"148 Elm St, New York City, NY 10001",January
144833,Google Phone,1,600.0,2019-01-28 11:34:00,"53 10th St, Los Angeles, CA 90001",January
146834,Google Phone,1,600.0,2019-01-30 15:47:00,"128 Main St, Austin, TX 73301",January
148258,Google Phone,1,600.0,2019-01-21 16:25:00,"787 11th St, San Francisco, CA 94016",January
148960,Google Phone,1,600.0,2019-01-26 20:10:00,"984 Hickory St, New York City, NY 10001",January
142057,Google Phone,1,600.0,2019-01-04 11:15:00,"42 Madison St, New York City, NY 10001",January
150378,Google Phone,1,600.0,2019-01-17 10:20:00,"978 Ridge St, San Francisco, CA 94016",January
149062,Google Phone,1,600.0,2019-01-05 19:22:00,"61 Lake St, Los Angeles, CA 90001",January
148178,Google Phone,1,600.0,2019-01-17 10:08:00,"190 West St, New York City, NY 10001",January
146951,Google Phone,1,600.0,2019-01-19 15:56:00,"969 Washington St, Austin, TX 73301",January
148572,Google Phone,1,600.0,2019-01-28 10:55:00,"926 West St, Los Angeles, CA 90001",January
141809,Google Phone,1,600.0,2019-01-08 15:38:00,"457 Adams St, Los Angeles, CA 90001",January
143897,Google Phone,1,600.0,2019-01-01 13:15:00,"979 9th St, Portland, OR 97035",January
144584,Google Phone,1,600.0,2019-01-14 11:04:00,"174 Jefferson St, Dallas, TX 75001",January
148749,Google Phone,1,600.0,2019-01-09 13:47:00,"587 Dogwood St, Boston, MA 02215",January
149191,Google Phone,1,600.0,2019-01-31 16:00:00,"13 Highland St, Austin, TX 73301",January
150261,Google Phone,1,600.0,2019-01-14 19:42:00,"805 Jefferson St, San Francisco, CA 94016",January
145682,Google Phone,1,600.0,2019-01-22 16:29:00,"503 Cedar St, San Francisco, CA 94016",January
147241,Google Phone,1,600.0,2019-01-09 21:30:00,"949 14th St, Austin, TX 73301",January
148605,Google Phone,1,600.0,2019-01-25 12:51:00,"179 Cedar St, Portland, OR 97035",January
142406,Google Phone,1,600.0,2019-01-30 15:08:00,"407 Willow St, Los Angeles, CA 90001",January
142419,Google Phone,1,600.0,2019-01-17 10:20:00,"947 2nd St, New York City, NY 10001",January
141514,Google Phone,1,600.0,2019-01-27 21:26:00,"947 10th St, Boston, MA 02215",January
147523,Google Phone,1,600.0,2019-01-19 00:11:00,"543 14th St, Boston, MA 02215",January
141545,Google Phone,1,600.0,2019-01-16 20:17:00,"988 Adams St, Dallas, TX 75001",January
147408,Google Phone,1,600.0,2019-01-22 22:40:00,"770 Walnut St, Dallas, TX 75001",January
143436,Google Phone,1,600.0,2019-01-21 14:34:00,"405 Spruce St, New York City, NY 10001",January
144344,Google Phone,1,600.0,2019-01-25 22:26:00,"188 14th St, Boston, MA 02215",January
146765,Google Phone,1,600.0,2019-01-21 11:23:00,"918 Highland St, New York City, NY 10001",January
142367,Google Phone,1,600.0,2019-01-05 21:40:00,"639 Lake St, Dallas, TX 75001",January
142332,Google Phone,1,600.0,2019-01-09 13:59:00,"715 Center St, San Francisco, CA 94016",January
142836,Google Phone,1,600.0,2019-01-30 09:10:00,"204 West St, Austin, TX 73301",January
142504,Google Phone,1,600.0,2019-01-02 15:45:00,"570 Jackson St, Boston, MA 02215",January
149070,Google Phone,1,600.0,2019-01-17 10:27:00,"468 7th St, San Francisco, CA 94016",January
145652,Google Phone,1,600.0,2019-01-03 13:56:00,"732 Pine St, Atlanta, GA 30301",January
147191,Google Phone,1,600.0,2019-01-04 10:40:00,"686 Wilson St, San Francisco, CA 94016",January
143271,Google Phone,1,600.0,2019-01-20 19:00:00,"832 Willow St, San Francisco, CA 94016",January
148214,Google Phone,1,600.0,2019-01-17 09:33:00,"54 Washington St, Austin, TX 73301",January
149616,Google Phone,1,600.0,2019-01-02 09:17:00,"61 Lincoln St, Atlanta, GA 30301",January
150319,Google Phone,1,600.0,2019-01-02 09:16:00,"402 South St, Austin, TX 73301",January
142048,Google Phone,1,600.0,2019-01-04 15:30:00,"628 11th St, Portland, OR 97035",January
143259,Google Phone,1,600.0,2019-01-19 13:39:00,"704 Jackson St, Seattle, WA 98101",January
146690,Google Phone,1,600.0,2019-01-12 07:16:00,"827 West St, New York City, NY 10001",January
148074,Google Phone,1,600.0,2019-01-01 11:25:00,"6 Johnson St, Atlanta, GA 30301",January
143105,Google Phone,1,600.0,2019-01-17 13:01:00,"990 Adams St, Seattle, WA 98101",January
145334,Google Phone,1,600.0,2019-01-25 08:26:00,"338 11th St, Atlanta, GA 30301",January
141523,Google Phone,1,600.0,2019-01-02 13:17:00,"17 Dogwood St, San Francisco, CA 94016",January
143569,Google Phone,1,600.0,2019-01-23 00:48:00,"64 Washington St, San Francisco, CA 94016",January
147535,Google Phone,1,600.0,2019-01-05 04:11:00,"100 Highland St, Boston, MA 02215",January
150501,Google Phone,1,600.0,2019-01-13 16:43:00,"428 Cedar St, Boston, MA 02215",January
160863,Google Phone,1,600.0,2019-02-22 10:00:00,"199 Johnson St, Dallas, TX 75001",February
151230,Google Phone,1,600.0,2019-02-11 22:07:00,"386 Willow St, New York City, NY 10001",February
153927,Google Phone,1,600.0,2019-02-10 09:02:00,"309 Jefferson St, Portland, ME 04101",February
154678,Google Phone,1,600.0,2019-02-09 14:19:00,"147 Chestnut St, Boston, MA 02215",February
158385,Google Phone,1,600.0,2019-02-26 18:43:00,"278 Main St, Boston, MA 02215",February
154113,Google Phone,1,600.0,2019-02-03 10:31:00,"64 Wilson St, Dallas, TX 75001",February
156568,Google Phone,1,600.0,2019-02-07 23:08:00,"856 Center St, Seattle, WA 98101",February
155461,Google Phone,1,600.0,2019-02-17 05:56:00,"292 Adams St, San Francisco, CA 94016",February
151500,Google Phone,1,600.0,2019-02-08 12:26:00,"693 North St, San Francisco, CA 94016",February
153473,Google Phone,1,600.0,2019-02-12 09:10:00,"322 Willow St, New York City, NY 10001",February
156693,Google Phone,1,600.0,2019-02-26 19:31:00,"642 Center St, Seattle, WA 98101",February
161863,Google Phone,1,600.0,2019-02-14 11:45:00,"941 Main St, San Francisco, CA 94016",February
152634,Google Phone,1,600.0,2019-02-01 08:57:00,"317 4th St, Boston, MA 02215",February
158981,Google Phone,1,600.0,2019-02-22 11:44:00,"954 2nd St, San Francisco, CA 94016",February
158696,Google Phone,1,600.0,2019-02-23 08:29:00,"276 Sunset St, San Francisco, CA 94016",February
159744,Google Phone,1,600.0,2019-02-10 00:13:00,"791 South St, San Francisco, CA 94016",February
156436,Google Phone,1,600.0,2019-02-04 13:35:00,"892 Hickory St, Los Angeles, CA 90001",February
158866,Google Phone,1,600.0,2019-02-13 16:20:00,"960 Sunset St, San Francisco, CA 94016",February
157316,Google Phone,1,600.0,2019-02-26 17:45:00,"711 9th St, Atlanta, GA 30301",February
161254,Google Phone,1,600.0,2019-02-25 18:56:00,"790 14th St, Seattle, WA 98101",February
158540,Google Phone,1,600.0,2019-02-26 09:22:00,"377 Adams St, San Francisco, CA 94016",February
150674,Google Phone,1,600.0,2019-02-21 11:44:00,"690 Park St, San Francisco, CA 94016",February
150894,Google Phone,1,600.0,2019-02-19 16:42:00,"580 South St, San Francisco, CA 94016",February
156135,Google Phone,1,600.0,2019-02-04 15:29:00,"96 Elm St, San Francisco, CA 94016",February
156750,Google Phone,1,600.0,2019-02-25 13:31:00,"139 Elm St, Seattle, WA 98101",February
158200,Google Phone,1,600.0,2019-02-06 20:43:00,"205 10th St, New York City, NY 10001",February
159396,Google Phone,1,600.0,2019-02-27 14:40:00,"180 Center St, San Francisco, CA 94016",February
150734,Google Phone,1,600.0,2019-02-13 09:47:00,"119 Madison St, New York City, NY 10001",February
153080,Google Phone,1,600.0,2019-02-18 08:52:00,"353 Johnson St, Atlanta, GA 30301",February
161544,Google Phone,1,600.0,2019-02-12 15:35:00,"323 Cherry St, Austin, TX 73301",February
153956,Google Phone,1,600.0,2019-02-23 08:11:00,"916 Lakeview St, Boston, MA 02215",February
153135,Google Phone,1,600.0,2019-02-22 12:48:00,"626 12th St, Seattle, WA 98101",February
158245,Google Phone,1,600.0,2019-02-01 17:28:00,"725 11th St, Los Angeles, CA 90001",February
151359,Google Phone,1,600.0,2019-02-10 09:06:00,"386 Main St, New York City, NY 10001",February
152586,Google Phone,1,600.0,2019-02-18 08:32:00,"531 Church St, Los Angeles, CA 90001",February
160221,Google Phone,1,600.0,2019-02-12 21:51:00,"758 River St, New York City, NY 10001",February
159140,Google Phone,1,600.0,2019-02-23 17:00:00,"717 Spruce St, Portland, OR 97035",February
155303,Google Phone,1,600.0,2019-02-04 18:48:00,"295 Cherry St, Portland, ME 04101",February
156139,Google Phone,1,600.0,2019-02-13 16:39:00,"79 Maple St, Los Angeles, CA 90001",February
156938,Google Phone,1,600.0,2019-02-05 16:59:00,"880 Dogwood St, San Francisco, CA 94016",February
151454,Google Phone,1,600.0,2019-02-15 22:02:00,"799 13th St, Los Angeles, CA 90001",February
154575,Google Phone,1,600.0,2019-02-22 17:39:00,"321 Spruce St, Seattle, WA 98101",February
154829,Google Phone,1,600.0,2019-02-27 15:26:00,"955 5th St, Portland, ME 04101",February
156998,Google Phone,1,600.0,2019-02-12 15:23:00,"225 8th St, Los Angeles, CA 90001",February
160416,Google Phone,1,600.0,2019-02-07 22:23:00,"566 Church St, Boston, MA 02215",February
154094,Google Phone,1,600.0,2019-02-28 21:59:00,"851 Maple St, New York City, NY 10001",February
156456,Google Phone,1,600.0,2019-02-22 08:44:00,"825 Main St, Austin, TX 73301",February
158342,Google Phone,1,600.0,2019-02-03 22:20:00,"807 Church St, San Francisco, CA 94016",February
153081,Google Phone,1,600.0,2019-02-20 19:41:00,"50 Pine St, Los Angeles, CA 90001",February
153718,Google Phone,1,600.0,2019-02-11 21:32:00,"195 12th St, Dallas, TX 75001",February
156627,Google Phone,1,600.0,2019-02-04 10:29:00,"29 1st St, Portland, OR 97035",February
157847,Google Phone,1,600.0,2019-02-25 18:56:00,"42 Highland St, San Francisco, CA 94016",February
153302,Google Phone,1,600.0,2019-02-06 15:03:00,"895 4th St, San Francisco, CA 94016",February
160042,Google Phone,1,600.0,2019-02-20 10:38:00,"704 Lakeview St, Boston, MA 02215",February
153117,Google Phone,1,600.0,2019-02-06 16:31:00,"116 River St, Seattle, WA 98101",February
156495,Google Phone,1,600.0,2019-02-04 11:44:00,"465 Madison St, New York City, NY 10001",February
158776,Google Phone,1,600.0,2019-02-22 20:10:00,"521 10th St, San Francisco, CA 94016",February
161357,Google Phone,1,600.0,2019-02-14 10:16:00,"819 Sunset St, Austin, TX 73301",February
153613,Google Phone,1,600.0,2019-02-20 17:31:00,"29 Forest St, Los Angeles, CA 90001",February
159406,Google Phone,1,600.0,2019-02-09 18:48:00,"810 Lincoln St, Atlanta, GA 30301",February
154189,Google Phone,1,600.0,2019-02-01 12:31:00,"679 Sunset St, San Francisco, CA 94016",February
159917,Google Phone,1,600.0,2019-02-19 19:23:00,"531 Forest St, Seattle, WA 98101",February
151499,Google Phone,1,600.0,2019-02-27 17:01:00,"645 Lincoln St, San Francisco, CA 94016",February
155935,Google Phone,1,600.0,2019-02-05 14:49:00,"37 Hill St, Portland, OR 97035",February
155550,Google Phone,1,600.0,2019-02-19 21:04:00,"784 River St, San Francisco, CA 94016",February
160816,Google Phone,1,600.0,2019-02-05 12:15:00,"553 6th St, San Francisco, CA 94016",February
167258,Google Phone,1,600.0,2019-03-28 13:20:00,"520 Washington St, San Francisco, CA 94016",March
169043,Google Phone,1,600.0,2019-03-21 20:30:00,"948 River St, Seattle, WA 98101",March
163606,Google Phone,1,600.0,2019-03-01 09:24:00,"598 11th St, Portland, OR 97035",March
165270,Google Phone,1,600.0,2019-03-27 03:04:00,"192 Cherry St, Los Angeles, CA 90001",March
170606,Google Phone,1,600.0,2019-03-27 23:37:00,"218 Hickory St, Seattle, WA 98101",March
171585,Google Phone,1,600.0,2019-03-12 21:42:00,"761 Adams St, Atlanta, GA 30301",March
171739,Google Phone,1,600.0,2019-03-29 15:20:00,"899 Adams St, New York City, NY 10001",March
172578,Google Phone,1,600.0,2019-03-13 11:26:00,"969 7th St, Boston, MA 02215",March
172581,Google Phone,1,600.0,2019-03-30 13:37:00,"211 Church St, Portland, OR 97035",March
174000,Google Phone,1,600.0,2019-03-31 10:59:00,"541 Washington St, San Francisco, CA 94016",March
169266,Google Phone,1,600.0,2019-03-10 19:58:00,"182 Chestnut St, Dallas, TX 75001",March
174862,Google Phone,1,600.0,2019-03-02 18:02:00,"173 13th St, Boston, MA 02215",March
175167,Google Phone,1,600.0,2019-03-31 11:30:00,"475 Dogwood St, Portland, OR 97035",March
175856,Google Phone,1,600.0,2019-03-12 16:52:00,"734 11th St, Los Angeles, CA 90001",March
162086,Google Phone,1,600.0,2019-03-18 09:12:00,"410 Chestnut St, New York City, NY 10001",March
165665,Google Phone,1,600.0,2019-03-01 17:48:00,"755 Main St, Los Angeles, CA 90001",March
162771,Google Phone,1,600.0,2019-03-01 09:08:00,"198 Center St, San Francisco, CA 94016",March
164541,Google Phone,1,600.0,2019-03-11 20:22:00,"987 7th St, Atlanta, GA 30301",March
176233,Google Phone,1,600.0,2019-03-30 20:39:00,"275 Center St, Dallas, TX 75001",March
163236,Google Phone,1,600.0,2019-03-10 20:26:00,"663 2nd St, Portland, OR 97035",March
168455,Google Phone,1,600.0,2019-03-04 08:19:00,"987 5th St, New York City, NY 10001",March
172293,Google Phone,1,600.0,2019-03-01 11:05:00,"397 Hickory St, Boston, MA 02215",March
174667,Google Phone,1,600.0,2019-03-25 18:02:00,"270 Wilson St, Atlanta, GA 30301",March
163707,Google Phone,1,600.0,2019-03-01 10:26:00,"328 Center St, New York City, NY 10001",March
174348,Google Phone,1,600.0,2019-03-30 07:04:00,"53 8th St, New York City, NY 10001",March
173614,Google Phone,1,600.0,2019-03-13 12:50:00,"322 Pine St, New York City, NY 10001",March
174746,Google Phone,1,600.0,2019-03-08 09:05:00,"872 Wilson St, New York City, NY 10001",March
173180,Google Phone,1,600.0,2019-03-15 18:36:00,"559 Dogwood St, Austin, TX 73301",March
163245,Google Phone,1,600.0,2019-03-24 07:08:00,"473 13th St, New York City, NY 10001",March
166895,Google Phone,1,600.0,2019-03-17 10:24:00,"22 Highland St, New York City, NY 10001",March
174903,Google Phone,1,600.0,2019-03-12 18:37:00,"796 Chestnut St, New York City, NY 10001",March
163026,Google Phone,1,600.0,2019-03-04 09:27:00,"976 Willow St, Dallas, TX 75001",March
163084,Google Phone,1,600.0,2019-03-06 08:40:00,"594 South St, Boston, MA 02215",March
169117,Google Phone,1,600.0,2019-03-04 09:13:00,"511 1st St, New York City, NY 10001",March
169956,Google Phone,1,600.0,2019-03-28 23:16:00,"663 10th St, Atlanta, GA 30301",March
171711,Google Phone,1,600.0,2019-03-02 12:31:00,"63 Main St, Seattle, WA 98101",March
164271,Google Phone,1,600.0,2019-03-19 09:47:00,"350 7th St, Portland, OR 97035",March
171313,Google Phone,1,600.0,2019-03-27 13:24:00,"999 Spruce St, New York City, NY 10001",March
174976,Google Phone,1,600.0,2019-03-26 17:53:00,"134 Highland St, New York City, NY 10001",March
171445,Google Phone,1,600.0,2019-03-24 18:32:00,"387 Dogwood St, Los Angeles, CA 90001",March
172727,Google Phone,1,600.0,2019-03-12 12:34:00,"704 River St, San Francisco, CA 94016",March
164297,Google Phone,1,600.0,2019-03-03 18:23:00,"699 Forest St, Austin, TX 73301",March
164807,Google Phone,1,600.0,2019-03-07 21:07:00,"680 Chestnut St, Austin, TX 73301",March
166196,Google Phone,1,600.0,2019-03-31 15:31:00,"355 6th St, Los Angeles, CA 90001",March
171472,Google Phone,1,600.0,2019-03-06 19:43:00,"422 River St, Dallas, TX 75001",March
162182,Google Phone,1,600.0,2019-03-19 13:01:00,"455 Church St, Los Angeles, CA 90001",March
162279,Google Phone,1,600.0,2019-03-12 19:03:00,"231 Highland St, San Francisco, CA 94016",March
167837,Google Phone,1,600.0,2019-03-26 11:52:00,"552 West St, Los Angeles, CA 90001",March
170787,Google Phone,1,600.0,2019-03-07 10:16:00,"195 8th St, Los Angeles, CA 90001",March
162608,Google Phone,1,600.0,2019-03-13 09:05:00,"925 Lake St, Boston, MA 02215",March
171005,Google Phone,1,600.0,2019-03-16 13:07:00,"713 Ridge St, Los Angeles, CA 90001",March
169167,Google Phone,1,600.0,2019-03-28 17:01:00,"836 10th St, New York City, NY 10001",March
168496,Google Phone,1,600.0,2019-03-07 09:57:00,"368 Adams St, San Francisco, CA 94016",March
167643,Google Phone,1,600.0,2019-03-30 11:31:00,"811 4th St, Los Angeles, CA 90001",March
170802,Google Phone,1,600.0,2019-03-23 21:05:00,"844 Meadow St, Dallas, TX 75001",March
172394,Google Phone,1,600.0,2019-03-08 09:58:00,"809 Hill St, Seattle, WA 98101",March
174742,Google Phone,1,600.0,2019-03-14 17:02:00,"506 10th St, Seattle, WA 98101",March
163149,Google Phone,1,600.0,2019-03-29 20:36:00,"426 Elm St, Boston, MA 02215",March
163244,Google Phone,1,600.0,2019-03-05 09:09:00,"174 7th St, San Francisco, CA 94016",March
164763,Google Phone,1,600.0,2019-03-11 18:43:00,"944 Main St, San Francisco, CA 94016",March
172265,Google Phone,1,600.0,2019-03-02 17:25:00,"999 South St, Boston, MA 02215",March
173691,Google Phone,1,600.0,2019-03-28 22:42:00,"562 Dogwood St, San Francisco, CA 94016",March
164945,Google Phone,1,600.0,2019-03-20 09:38:00,"914 Lakeview St, San Francisco, CA 94016",March
166161,Google Phone,1,600.0,2019-03-29 18:07:00,"857 8th St, Los Angeles, CA 90001",March
174935,Google Phone,1,600.0,2019-03-10 19:42:00,"83 2nd St, San Francisco, CA 94016",March
162990,Google Phone,1,600.0,2019-03-21 10:22:00,"306 North St, Austin, TX 73301",March
169666,Google Phone,1,600.0,2019-03-28 08:05:00,"513 4th St, Atlanta, GA 30301",March
175961,Google Phone,1,600.0,2019-03-15 23:09:00,"936 Maple St, Dallas, TX 75001",March
164229,Google Phone,1,600.0,2019-03-30 14:12:00,"787 Lakeview St, Dallas, TX 75001",March
167478,Google Phone,1,600.0,2019-03-02 07:46:00,"426 North St, Boston, MA 02215",March
169917,Google Phone,1,600.0,2019-03-04 21:05:00,"571 6th St, New York City, NY 10001",March
175051,Google Phone,1,600.0,2019-03-11 23:53:00,"81 6th St, New York City, NY 10001",March
176277,Google Phone,1,600.0,2019-03-14 19:21:00,"647 Dogwood St, New York City, NY 10001",March
167173,Google Phone,1,600.0,2019-03-29 19:10:00,"371 Spruce St, Boston, MA 02215",March
170883,Google Phone,1,600.0,2019-03-31 21:10:00,"931 Chestnut St, Boston, MA 02215",March
162988,Google Phone,1,600.0,2019-03-27 17:49:00,"493 Walnut St, New York City, NY 10001",March
169081,Google Phone,1,600.0,2019-03-25 16:03:00,"608 Lincoln St, San Francisco, CA 94016",March
172867,Google Phone,1,600.0,2019-03-19 23:25:00,"823 Walnut St, Boston, MA 02215",March
184384,Google Phone,1,600.0,2019-04-23 20:26:00,"417 Willow St, Atlanta, GA 30301",April
184524,Google Phone,1,600.0,2019-04-13 21:12:00,"346 Willow St, Boston, MA 02215",April
182755,Google Phone,1,600.0,2019-04-29 12:14:00,"371 Spruce St, New York City, NY 10001",April
184494,Google Phone,1,600.0,2019-04-18 23:08:00,"502 Sunset St, San Francisco, CA 94016",April
185343,Google Phone,1,600.0,2019-04-02 19:39:00,"495 Hickory St, San Francisco, CA 94016",April
176787,Google Phone,1,600.0,2019-04-14 10:10:00,"180 Pine St, Los Angeles, CA 90001",April
183278,Google Phone,1,600.0,2019-04-20 00:26:00,"278 6th St, New York City, NY 10001",April
184471,Google Phone,1,600.0,2019-04-05 10:39:00,"437 Chestnut St, San Francisco, CA 94016",April
188502,Google Phone,1,600.0,2019-04-05 11:12:00,"152 Madison St, Los Angeles, CA 90001",April
193248,Google Phone,1,600.0,2019-04-21 10:03:00,"103 Highland St, San Francisco, CA 94016",April
193398,Google Phone,1,600.0,2019-04-25 15:27:00,"983 5th St, San Francisco, CA 94016",April
179283,Google Phone,1,600.0,2019-04-30 18:39:00,"248 Church St, San Francisco, CA 94016",April
185311,Google Phone,1,600.0,2019-04-21 18:57:00,"308 Forest St, New York City, NY 10001",April
189262,Google Phone,1,600.0,2019-04-01 13:02:00,"230 Dogwood St, Atlanta, GA 30301",April
192829,Google Phone,1,600.0,2019-04-12 17:16:00,"173 13th St, Austin, TX 73301",April
183500,Google Phone,1,600.0,2019-04-05 09:47:00,"789 Madison St, Dallas, TX 75001",April
179837,Google Phone,1,600.0,2019-04-04 11:11:00,"568 Hill St, New York City, NY 10001",April
179961,Google Phone,1,600.0,2019-04-25 03:09:00,"141 Johnson St, New York City, NY 10001",April
182723,Google Phone,1,600.0,2019-04-09 19:52:00,"352 6th St, San Francisco, CA 94016",April
185486,Google Phone,1,600.0,2019-04-10 21:08:00,"986 13th St, San Francisco, CA 94016",April
190519,Google Phone,1,600.0,2019-04-20 08:53:00,"820 11th St, Portland, OR 97035",April
186226,Google Phone,1,600.0,2019-04-30 07:43:00,"799 Johnson St, Los Angeles, CA 90001",April
187893,Google Phone,1,600.0,2019-04-12 19:50:00,"616 8th St, Portland, OR 97035",April
188061,Google Phone,1,600.0,2019-04-18 11:24:00,"349 Hickory St, San Francisco, CA 94016",April
188644,Google Phone,1,600.0,2019-04-15 18:10:00,"316 Hill St, Seattle, WA 98101",April
178158,Google Phone,1,600.0,2019-04-28 21:13:00,"197 Center St, San Francisco, CA 94016",April
177540,Google Phone,1,600.0,2019-04-02 18:23:00,"778 Washington St, Los Angeles, CA 90001",April
180157,Google Phone,1,600.0,2019-04-03 20:57:00,"156 Sunset St, New York City, NY 10001",April
193793,Google Phone,1,600.0,2019-04-20 17:55:00,"407 Sunset St, Austin, TX 73301",April
176656,Google Phone,1,600.0,2019-04-12 16:42:00,"12 Lakeview St, New York City, NY 10001",April
186179,Google Phone,1,600.0,2019-04-03 20:35:00,"845 Dogwood St, Boston, MA 02215",April
188097,Google Phone,1,600.0,2019-04-17 10:49:00,"92 5th St, Atlanta, GA 30301",April
194086,Google Phone,1,600.0,2019-04-28 08:50:00,"981 Dogwood St, Los Angeles, CA 90001",April
181874,Google Phone,1,600.0,2019-04-26 22:28:00,"235 Ridge St, San Francisco, CA 94016",April
183230,Google Phone,1,600.0,2019-04-04 11:09:00,"528 South St, San Francisco, CA 94016",April
182086,Google Phone,1,600.0,2019-04-09 01:17:00,"177 Chestnut St, Portland, OR 97035",April
182830,Google Phone,1,600.0,2019-04-30 15:52:00,"694 Wilson St, New York City, NY 10001",April
192985,Google Phone,1,600.0,2019-04-20 18:46:00,"384 North St, Portland, ME 04101",April
177344,Google Phone,1,600.0,2019-04-20 19:54:00,"286 Jackson St, Los Angeles, CA 90001",April
179984,Google Phone,1,600.0,2019-04-05 07:07:00,"781 1st St, Los Angeles, CA 90001",April
180422,Google Phone,1,600.0,2019-04-10 16:02:00,"755 Ridge St, San Francisco, CA 94016",April
183309,Google Phone,1,600.0,2019-04-23 13:03:00,"277 2nd St, New York City, NY 10001",April
184007,Google Phone,1,600.0,2019-04-05 11:18:00,"950 13th St, San Francisco, CA 94016",April
188671,Google Phone,1,600.0,2019-04-29 12:21:00,"608 Wilson St, Atlanta, GA 30301",April
179600,Google Phone,1,600.0,2019-04-27 11:51:00,"617 12th St, San Francisco, CA 94016",April
185052,Google Phone,1,600.0,2019-04-24 21:51:00,"33 Lincoln St, Seattle, WA 98101",April
188239,Google Phone,1,600.0,2019-04-22 13:17:00,"962 Sunset St, San Francisco, CA 94016",April
191155,Google Phone,1,600.0,2019-04-30 13:53:00,"733 Highland St, San Francisco, CA 94016",April
185320,Google Phone,1,600.0,2019-04-02 17:42:00,"88 Highland St, Portland, OR 97035",April
188328,Google Phone,1,600.0,2019-04-14 23:56:00,"613 Lincoln St, Austin, TX 73301",April
179162,Google Phone,1,600.0,2019-04-23 16:51:00,"513 Sunset St, New York City, NY 10001",April
183122,Google Phone,1,600.0,2019-04-12 06:16:00,"1 Adams St, Austin, TX 73301",April
179368,Google Phone,1,600.0,2019-04-13 01:43:00,"132 Maple St, Los Angeles, CA 90001",April
183464,Google Phone,1,600.0,2019-04-23 22:08:00,"476 Jackson St, Seattle, WA 98101",April
188538,Google Phone,1,600.0,2019-04-25 10:17:00,"385 7th St, New York City, NY 10001",April
193009,Google Phone,1,600.0,2019-04-22 16:54:00,"571 6th St, Seattle, WA 98101",April
193607,Google Phone,1,600.0,2019-04-08 11:42:00,"94 Washington St, Los Angeles, CA 90001",April
176989,Google Phone,1,600.0,2019-04-09 13:43:00,"346 9th St, Los Angeles, CA 90001",April
183681,Google Phone,1,600.0,2019-04-23 19:06:00,"869 12th St, Los Angeles, CA 90001",April
186370,Google Phone,1,600.0,2019-04-14 09:27:00,"927 Madison St, Portland, OR 97035",April
183473,Google Phone,1,600.0,2019-04-10 13:25:00,"373 Meadow St, Boston, MA 02215",April
184984,Google Phone,1,600.0,2019-04-05 03:44:00,"115 Highland St, San Francisco, CA 94016",April
185275,Google Phone,1,600.0,2019-04-15 17:56:00,"912 Adams St, Los Angeles, CA 90001",April
186323,Google Phone,1,600.0,2019-04-20 10:42:00,"185 10th St, New York City, NY 10001",April
190349,Google Phone,1,600.0,2019-04-09 09:37:00,"697 Chestnut St, Los Angeles, CA 90001",April
190450,Google Phone,1,600.0,2019-04-30 19:19:00,"547 5th St, New York City, NY 10001",April
190527,Google Phone,1,600.0,2019-04-26 20:32:00,"901 Hill St, Los Angeles, CA 90001",April
181329,Google Phone,1,600.0,2019-04-05 17:19:00,"334 10th St, Dallas, TX 75001",April
184058,Google Phone,1,600.0,2019-04-13 17:19:00,"165 Walnut St, New York City, NY 10001",April
191885,Google Phone,1,600.0,2019-04-27 13:13:00,"138 Spruce St, Seattle, WA 98101",April
184759,Google Phone,1,600.0,2019-04-17 21:05:00,"803 Church St, Boston, MA 02215",April
186583,Google Phone,1,600.0,2019-04-10 17:21:00,"777 North St, New York City, NY 10001",April
192645,Google Phone,1,600.0,2019-04-21 07:47:00,"932 Maple St, San Francisco, CA 94016",April
177504,Google Phone,1,600.0,2019-04-10 14:39:00,"19 Cedar St, Boston, MA 02215",April
186532,Google Phone,1,600.0,2019-04-27 10:22:00,"860 Elm St, San Francisco, CA 94016",April
192261,Google Phone,1,600.0,2019-04-01 09:35:00,"443 11th St, Austin, TX 73301",April
187084,Google Phone,1,600.0,2019-04-13 11:05:00,"507 Johnson St, San Francisco, CA 94016",April
188242,Google Phone,1,600.0,2019-04-23 19:03:00,"93 Jefferson St, Dallas, TX 75001",April
177752,Google Phone,1,600.0,2019-04-23 13:42:00,"178 6th St, Los Angeles, CA 90001",April
186436,Google Phone,1,600.0,2019-04-13 14:00:00,"366 Cherry St, Los Angeles, CA 90001",April
191568,Google Phone,1,600.0,2019-04-01 19:38:00,"954 Johnson St, Boston, MA 02215",April
194314,Google Phone,1,600.0,2019-05-04 11:11:00,"941 8th St, New York City, NY 10001",May
198893,Google Phone,1,600.0,2019-05-02 21:44:00,"945 Chestnut St, Boston, MA 02215",May
194110,Google Phone,1,600.0,2019-05-31 18:07:00,"498 14th St, Los Angeles, CA 90001",May
194213,Google Phone,1,600.0,2019-05-09 10:18:00,"941 7th St, Dallas, TX 75001",May
194566,Google Phone,1,600.0,2019-05-02 18:12:00,"680 Church St, San Francisco, CA 94016",May
209106,Google Phone,1,600.0,2019-05-21 21:28:00,"289 Hickory St, Boston, MA 02215",May
198715,Google Phone,1,600.0,2019-05-30 07:51:00,"859 13th St, New York City, NY 10001",May
206616,Google Phone,1,600.0,2019-05-30 17:14:00,"7 12th St, Los Angeles, CA 90001",May
197267,Google Phone,1,600.0,2019-05-19 12:24:00,"10 Lincoln St, San Francisco, CA 94016",May
201733,Google Phone,1,600.0,2019-05-08 13:45:00,"107 13th St, New York City, NY 10001",May
205684,Google Phone,1,600.0,2019-05-05 18:13:00,"399 River St, San Francisco, CA 94016",May
209612,Google Phone,1,600.0,2019-05-13 16:56:00,"706 Hickory St, Los Angeles, CA 90001",May
207704,Google Phone,1,600.0,2019-05-20 12:43:00,"243 Hill St, San Francisco, CA 94016",May
200998,Google Phone,1,600.0,2019-05-23 11:05:00,"518 Chestnut St, Seattle, WA 98101",May
199028,Google Phone,1,600.0,2019-05-18 18:43:00,"386 Park St, Atlanta, GA 30301",May
205144,Google Phone,1,600.0,2019-05-17 11:46:00,"965 5th St, San Francisco, CA 94016",May
208558,Google Phone,1,600.0,2019-05-05 18:37:00,"813 Walnut St, New York City, NY 10001",May
195133,Google Phone,1,600.0,2019-05-12 18:18:00,"683 West St, New York City, NY 10001",May
195753,Google Phone,1,600.0,2019-05-12 08:25:00,"647 North St, Seattle, WA 98101",May
201337,Google Phone,1,600.0,2019-05-02 16:29:00,"240 9th St, Dallas, TX 75001",May
209550,Google Phone,1,600.0,2019-05-19 15:42:00,"129 Lake St, Los Angeles, CA 90001",May
201740,Google Phone,1,600.0,2019-05-31 18:45:00,"4 Walnut St, San Francisco, CA 94016",May
194780,Google Phone,1,600.0,2019-05-29 12:26:00,"997 Forest St, Los Angeles, CA 90001",May
195269,Google Phone,1,600.0,2019-05-07 08:35:00,"181 Hickory St, New York City, NY 10001",May
195281,Google Phone,1,600.0,2019-05-10 09:15:00,"709 Maple St, San Francisco, CA 94016",May
197073,Google Phone,1,600.0,2019-05-24 19:25:00,"853 Johnson St, New York City, NY 10001",May
200547,Google Phone,1,600.0,2019-05-28 09:39:00,"429 Cherry St, Austin, TX 73301",May
203797,Google Phone,1,600.0,2019-05-28 14:52:00,"338 9th St, New York City, NY 10001",May
205302,Google Phone,1,600.0,2019-05-07 18:37:00,"622 Maple St, Boston, MA 02215",May
205346,Google Phone,1,600.0,2019-05-23 13:44:00,"828 8th St, New York City, NY 10001",May
206158,Google Phone,1,600.0,2019-05-11 20:06:00,"346 Jefferson St, New York City, NY 10001",May
199784,Google Phone,1,600.0,2019-05-01 18:32:00,"995 Center St, San Francisco, CA 94016",May
198280,Google Phone,1,600.0,2019-05-18 18:01:00,"92 Wilson St, San Francisco, CA 94016",May
201928,Google Phone,1,600.0,2019-05-20 14:20:00,"549 Jefferson St, Dallas, TX 75001",May
195027,Google Phone,1,600.0,2019-05-15 21:05:00,"189 12th St, San Francisco, CA 94016",May
196708,Google Phone,1,600.0,2019-05-19 00:30:00,"144 Cherry St, New York City, NY 10001",May
198888,Google Phone,1,600.0,2019-05-30 14:44:00,"427 Adams St, New York City, NY 10001",May
200464,Google Phone,1,600.0,2019-05-03 13:10:00,"372 Jefferson St, New York City, NY 10001",May
206701,Google Phone,1,600.0,2019-05-09 10:43:00,"809 5th St, New York City, NY 10001",May
194691,Google Phone,1,600.0,2019-05-01 14:22:00,"130 5th St, Boston, MA 02215",May
201878,Google Phone,1,600.0,2019-05-10 12:14:00,"827 Lakeview St, Seattle, WA 98101",May
203000,Google Phone,1,600.0,2019-05-25 15:10:00,"594 Wilson St, San Francisco, CA 94016",May
202521,Google Phone,1,600.0,2019-05-03 11:15:00,"684 12th St, Boston, MA 02215",May
202534,Google Phone,1,600.0,2019-05-04 10:57:00,"733 7th St, New York City, NY 10001",May
204984,Google Phone,1,600.0,2019-05-01 14:42:00,"1 Willow St, New York City, NY 10001",May
208306,Google Phone,1,600.0,2019-05-21 00:10:00,"137 Church St, Atlanta, GA 30301",May
209047,Google Phone,1,600.0,2019-05-29 17:42:00,"731 8th St, Los Angeles, CA 90001",May
196311,Google Phone,1,600.0,2019-05-25 13:15:00,"413 13th St, Portland, OR 97035",May
200103,Google Phone,1,600.0,2019-05-22 21:34:00,"571 Meadow St, Dallas, TX 75001",May
196318,Google Phone,1,600.0,2019-05-17 14:36:00,"729 Dogwood St, Seattle, WA 98101",May
196815,Google Phone,1,600.0,2019-05-09 19:14:00,"863 Cherry St, Los Angeles, CA 90001",May
208659,Google Phone,1,600.0,2019-05-01 10:41:00,"320 Maple St, San Francisco, CA 94016",May
201227,Google Phone,1,600.0,2019-05-13 17:02:00,"47 Washington St, Los Angeles, CA 90001",May
208517,Google Phone,1,600.0,2019-05-25 22:20:00,"734 13th St, Los Angeles, CA 90001",May
195445,Google Phone,1,600.0,2019-05-30 19:35:00,"298 Lincoln St, New York City, NY 10001",May
197741,Google Phone,1,600.0,2019-05-14 13:15:00,"568 Jackson St, Los Angeles, CA 90001",May
205435,Google Phone,1,600.0,2019-05-22 01:34:00,"940 Dogwood St, Portland, OR 97035",May
209826,Google Phone,1,600.0,2019-05-18 21:53:00,"907 14th St, New York City, NY 10001",May
207943,Google Phone,1,600.0,2019-05-04 12:53:00,"173 Jefferson St, San Francisco, CA 94016",May
199282,Google Phone,1,600.0,2019-05-27 18:53:00,"931 Lakeview St, Seattle, WA 98101",May
197807,Google Phone,1,600.0,2019-05-24 12:43:00,"845 6th St, New York City, NY 10001",May
202095,Google Phone,1,600.0,2019-05-15 17:17:00,"757 Main St, Los Angeles, CA 90001",May
209190,Google Phone,1,600.0,2019-05-19 04:24:00,"123 Cherry St, Atlanta, GA 30301",May
194150,Google Phone,1,600.0,2019-05-04 20:34:00,"35 Willow St, Atlanta, GA 30301",May
194496,Google Phone,1,600.0,2019-05-02 11:07:00,"577 Spruce St, San Francisco, CA 94016",May
194644,Google Phone,1,600.0,2019-05-17 20:58:00,"381 Cedar St, Los Angeles, CA 90001",May
199636,Google Phone,1,600.0,2019-05-10 21:30:00,"592 Willow St, New York City, NY 10001",May
200715,Google Phone,1,600.0,2019-05-04 04:10:00,"698 Cedar St, Boston, MA 02215",May
204778,Google Phone,1,600.0,2019-05-23 11:51:00,"455 Dogwood St, Boston, MA 02215",May
205143,Google Phone,1,600.0,2019-05-25 14:49:00,"657 Johnson St, Boston, MA 02215",May
202786,Google Phone,1,600.0,2019-05-24 18:46:00,"535 Washington St, New York City, NY 10001",May
205079,Google Phone,1,600.0,2019-05-08 13:18:00,"812 Pine St, Los Angeles, CA 90001",May
198298,Google Phone,1,600.0,2019-05-22 00:28:00,"341 1st St, New York City, NY 10001",May
210371,Google Phone,1,600.0,2019-06-08 15:51:00,"900 Cedar St, Seattle, WA 98101",June
213192,Google Phone,1,600.0,2019-06-11 17:23:00,"260 Elm St, Portland, OR 97035",June
218545,Google Phone,1,600.0,2019-06-15 20:49:00,"720 Jefferson St, New York City, NY 10001",June
216347,Google Phone,1,600.0,2019-06-26 10:58:00,"967 4th St, Seattle, WA 98101",June
221831,Google Phone,1,600.0,2019-06-21 21:35:00,"546 Washington St, Dallas, TX 75001",June
210822,Google Phone,1,600.0,2019-06-10 09:36:00,"654 Wilson St, San Francisco, CA 94016",June
211970,Google Phone,1,600.0,2019-06-15 10:18:00,"779 North St, Los Angeles, CA 90001",June
212976,Google Phone,1,600.0,2019-06-28 13:04:00,"231 Hickory St, Portland, ME 04101",June
220267,Google Phone,1,600.0,2019-06-01 18:47:00,"78 Jackson St, Los Angeles, CA 90001",June
220924,Google Phone,1,600.0,2019-06-09 22:26:00,"77 River St, Atlanta, GA 30301",June
214606,Google Phone,1,600.0,2019-06-25 02:21:00,"946 South St, New York City, NY 10001",June
215332,Google Phone,1,600.0,2019-06-16 13:36:00,"190 10th St, Boston, MA 02215",June
219931,Google Phone,1,600.0,2019-06-04 10:46:00,"471 Madison St, Seattle, WA 98101",June
211575,Google Phone,1,600.0,2019-06-30 22:04:00,"979 Chestnut St, San Francisco, CA 94016",June
221120,Google Phone,1,600.0,2019-06-14 12:10:00,"711 Cedar St, Los Angeles, CA 90001",June
214254,Google Phone,1,600.0,2019-06-09 16:07:00,"794 12th St, Atlanta, GA 30301",June
216123,Google Phone,1,600.0,2019-06-19 16:50:00,"86 Maple St, Los Angeles, CA 90001",June
217775,Google Phone,1,600.0,2019-06-25 18:39:00,"224 Spruce St, San Francisco, CA 94016",June
211533,Google Phone,1,600.0,2019-06-17 17:04:00,"504 Main St, San Francisco, CA 94016",June
217968,Google Phone,1,600.0,2019-06-04 14:51:00,"708 Main St, Austin, TX 73301",June
219818,Google Phone,1,600.0,2019-06-08 17:37:00,"619 Jefferson St, Seattle, WA 98101",June
221241,Google Phone,1,600.0,2019-06-21 04:57:00,"685 South St, Los Angeles, CA 90001",June
221960,Google Phone,1,600.0,2019-06-24 21:37:00,"657 Lake St, Dallas, TX 75001",June
222473,Google Phone,1,600.0,2019-06-14 13:25:00,"983 North St, Seattle, WA 98101",June
212302,Google Phone,1,600.0,2019-06-12 18:41:00,"642 9th St, San Francisco, CA 94016",June
213138,Google Phone,1,600.0,2019-06-29 15:17:00,"665 South St, New York City, NY 10001",June
214708,Google Phone,1,600.0,2019-06-12 19:31:00,"312 Ridge St, Seattle, WA 98101",June
211005,Google Phone,1,600.0,2019-06-10 20:41:00,"856 Wilson St, Dallas, TX 75001",June
211323,Google Phone,1,600.0,2019-06-23 15:11:00,"651 Church St, Seattle, WA 98101",June
211580,Google Phone,1,600.0,2019-06-29 23:31:00,"51 13th St, Dallas, TX 75001",June
212361,Google Phone,1,600.0,2019-06-22 19:49:00,"504 Washington St, Atlanta, GA 30301",June
215893,Google Phone,1,600.0,2019-06-11 14:41:00,"910 Wilson St, San Francisco, CA 94016",June
220944,Google Phone,1,600.0,2019-06-24 20:33:00,"15 Lakeview St, Boston, MA 02215",June
221308,Google Phone,1,600.0,2019-06-24 12:50:00,"833 9th St, San Francisco, CA 94016",June
222631,Google Phone,1,600.0,2019-06-07 15:24:00,"512 Jefferson St, New York City, NY 10001",June
210546,Google Phone,1,600.0,2019-06-30 13:24:00,"888 Ridge St, New York City, NY 10001",June
220547,Google Phone,1,600.0,2019-06-06 17:33:00,"650 Jackson St, San Francisco, CA 94016",June
214899,Google Phone,1,600.0,2019-06-24 18:53:00,"599 Jackson St, Boston, MA 02215",June
215713,Google Phone,1,600.0,2019-06-22 00:09:00,"585 5th St, Dallas, TX 75001",June
220385,Google Phone,1,600.0,2019-06-18 15:04:00,"25 Main St, San Francisco, CA 94016",June
213097,Google Phone,1,600.0,2019-06-04 21:10:00,"611 Hickory St, San Francisco, CA 94016",June
218675,Google Phone,1,600.0,2019-06-11 18:05:00,"720 7th St, San Francisco, CA 94016",June
210444,Google Phone,1,600.0,2019-06-08 19:16:00,"246 Ridge St, Boston, MA 02215",June
212154,Google Phone,1,600.0,2019-06-15 09:22:00,"948 2nd St, San Francisco, CA 94016",June
212036,Google Phone,1,600.0,2019-06-18 19:42:00,"480 Maple St, Dallas, TX 75001",June
222112,Google Phone,1,600.0,2019-06-08 13:50:00,"163 4th St, San Francisco, CA 94016",June
210415,Google Phone,1,600.0,2019-06-12 10:11:00,"183 Willow St, New York City, NY 10001",June
217146,Google Phone,1,600.0,2019-06-01 12:53:00,"118 Cedar St, Portland, OR 97035",June
210888,Google Phone,1,600.0,2019-06-12 08:12:00,"630 Church St, Seattle, WA 98101",June
212576,Google Phone,1,600.0,2019-06-03 16:37:00,"38 Hickory St, Seattle, WA 98101",June
214085,Google Phone,1,600.0,2019-06-05 22:51:00,"48 Elm St, Boston, MA 02215",June
214402,Google Phone,1,600.0,2019-06-09 08:30:00,"156 4th St, New York City, NY 10001",June
219687,Google Phone,1,600.0,2019-06-05 00:01:00,"139 9th St, Portland, OR 97035",June
210249,Google Phone,1,600.0,2019-06-10 05:05:00,"869 Johnson St, San Francisco, CA 94016",June
214709,Google Phone,1,600.0,2019-06-20 10:43:00,"636 Cedar St, Atlanta, GA 30301",June
217066,Google Phone,1,600.0,2019-06-29 14:42:00,"751 Pine St, San Francisco, CA 94016",June
211087,Google Phone,1,600.0,2019-06-06 12:58:00,"510 2nd St, San Francisco, CA 94016",June
215360,Google Phone,1,600.0,2019-06-06 21:44:00,"416 Ridge St, Seattle, WA 98101",June
212907,Google Phone,1,600.0,2019-06-01 19:29:00,"294 North St, Boston, MA 02215",June
215422,Google Phone,1,600.0,2019-06-21 22:34:00,"243 Jackson St, Los Angeles, CA 90001",June
218470,Google Phone,1,600.0,2019-06-21 15:51:00,"90 Cherry St, Boston, MA 02215",June
228725,Google Phone,1,600.0,2019-07-05 17:32:00,"317 7th St, Seattle, WA 98101",July
233985,Google Phone,1,600.0,2019-07-06 11:56:00,"804 9th St, New York City, NY 10001",July
235120,Google Phone,1,600.0,2019-07-26 05:40:00,"577 7th St, Atlanta, GA 30301",July
231144,Google Phone,1,600.0,2019-07-16 12:38:00,"210 5th St, Boston, MA 02215",July
233374,Google Phone,1,600.0,2019-07-08 17:05:00,"36 Adams St, Los Angeles, CA 90001",July
224490,Google Phone,1,600.0,2019-07-19 20:35:00,"986 Adams St, New York City, NY 10001",July
225393,Google Phone,1,600.0,2019-07-27 09:15:00,"576 Jefferson St, Boston, MA 02215",July
230495,Google Phone,1,600.0,2019-07-06 21:05:00,"176 Highland St, Portland, ME 04101",July
232977,Google Phone,1,600.0,2019-07-08 21:29:00,"449 River St, Seattle, WA 98101",July
231365,Google Phone,1,600.0,2019-07-19 12:10:00,"890 Lakeview St, Boston, MA 02215",July
231987,Google Phone,1,600.0,2019-07-31 18:12:00,"759 13th St, Los Angeles, CA 90001",July
232855,Google Phone,1,600.0,2019-07-29 22:07:00,"644 12th St, Los Angeles, CA 90001",July
235792,Google Phone,1,600.0,2019-07-01 14:19:00,"735 Forest St, Austin, TX 73301",July
233238,Google Phone,1,600.0,2019-07-21 11:35:00,"541 9th St, San Francisco, CA 94016",July
223117,Google Phone,1,600.0,2019-07-11 23:25:00,"184 Spruce St, Atlanta, GA 30301",July
223578,Google Phone,1,600.0,2019-07-26 18:37:00,"589 Adams St, New York City, NY 10001",July
227640,Google Phone,1,600.0,2019-07-18 11:51:00,"895 Dogwood St, Dallas, TX 75001",July
231620,Google Phone,1,600.0,2019-07-18 08:38:00,"726 Meadow St, Boston, MA 02215",July
224780,Google Phone,1,600.0,2019-07-09 11:16:00,"676 8th St, Dallas, TX 75001",July
226636,Google Phone,1,600.0,2019-07-10 09:00:00,"78 7th St, New York City, NY 10001",July
235868,Google Phone,1,600.0,2019-07-08 16:31:00,"948 2nd St, Atlanta, GA 30301",July
225233,Google Phone,1,600.0,2019-07-24 18:49:00,"836 Main St, Los Angeles, CA 90001",July
226313,Google Phone,1,600.0,2019-07-31 17:30:00,"548 Maple St, Los Angeles, CA 90001",July
227401,Google Phone,1,600.0,2019-07-20 07:12:00,"207 12th St, San Francisco, CA 94016",July
228279,Google Phone,1,600.0,2019-07-18 12:50:00,"236 Forest St, New York City, NY 10001",July
233414,Google Phone,1,600.0,2019-07-14 18:39:00,"674 Church St, New York City, NY 10001",July
234825,Google Phone,1,600.0,2019-07-20 16:23:00,"697 Maple St, Atlanta, GA 30301",July
227986,Google Phone,1,600.0,2019-07-07 13:42:00,"653 2nd St, New York City, NY 10001",July
229600,Google Phone,1,600.0,2019-07-22 09:23:00,"44 Washington St, Boston, MA 02215",July
233431,Google Phone,1,600.0,2019-07-29 23:24:00,"996 Main St, San Francisco, CA 94016",July
229063,Google Phone,1,600.0,2019-07-19 20:21:00,"19 Maple St, New York City, NY 10001",July
235351,Google Phone,1,600.0,2019-07-23 07:47:00,"856 Jefferson St, New York City, NY 10001",July
231268,Google Phone,1,600.0,2019-07-21 21:16:00,"717 Madison St, Atlanta, GA 30301",July
235928,Google Phone,1,600.0,2019-07-11 14:43:00,"882 Park St, San Francisco, CA 94016",July
227893,Google Phone,1,600.0,2019-07-10 09:16:00,"963 South St, New York City, NY 10001",July
228830,Google Phone,1,600.0,2019-07-23 19:52:00,"344 Spruce St, San Francisco, CA 94016",July
232354,Google Phone,1,600.0,2019-07-15 22:11:00,"554 9th St, Atlanta, GA 30301",July
225252,Google Phone,1,600.0,2019-07-16 12:07:00,"75 Church St, Los Angeles, CA 90001",July
227967,Google Phone,1,600.0,2019-07-21 09:32:00,"777 Cedar St, Los Angeles, CA 90001",July
229046,Google Phone,1,600.0,2019-07-07 01:09:00,"663 2nd St, New York City, NY 10001",July
229634,Google Phone,1,600.0,2019-07-24 20:39:00,"983 6th St, New York City, NY 10001",July
235341,Google Phone,1,600.0,2019-07-24 20:30:00,"66 10th St, Seattle, WA 98101",July
228101,Google Phone,1,600.0,2019-07-23 09:11:00,"58 Sunset St, Boston, MA 02215",July
235710,Google Phone,1,600.0,2019-07-03 17:32:00,"627 Hickory St, San Francisco, CA 94016",July
224576,Google Phone,1,600.0,2019-07-16 07:27:00,"885 Lake St, New York City, NY 10001",July
226368,Google Phone,1,600.0,2019-07-22 12:31:00,"71 Lakeview St, Los Angeles, CA 90001",July
228851,Google Phone,1,600.0,2019-07-11 21:45:00,"163 Wilson St, San Francisco, CA 94016",July
233203,Google Phone,1,600.0,2019-07-22 07:33:00,"166 Church St, Portland, ME 04101",July
234282,Google Phone,1,600.0,2019-07-16 21:57:00,"345 Forest St, Seattle, WA 98101",July
234635,Google Phone,1,600.0,2019-07-05 14:51:00,"675 Wilson St, Boston, MA 02215",July
233112,Google Phone,1,600.0,2019-07-26 19:24:00,"793 Highland St, Los Angeles, CA 90001",July
234590,Google Phone,1,600.0,2019-07-13 08:45:00,"247 Main St, Boston, MA 02215",July
224688,Google Phone,1,600.0,2019-07-03 19:02:00,"201 9th St, Boston, MA 02215",July
232592,Google Phone,1,600.0,2019-07-12 08:35:00,"469 Dogwood St, Los Angeles, CA 90001",July
234042,Google Phone,1,600.0,2019-07-23 20:27:00,"905 Adams St, Dallas, TX 75001",July
236430,Google Phone,1,600.0,2019-07-13 17:35:00,"536 Lake St, San Francisco, CA 94016",July
226242,Google Phone,1,600.0,2019-07-06 15:47:00,"430 Washington St, San Francisco, CA 94016",July
232724,Google Phone,1,600.0,2019-07-03 14:35:00,"38 11th St, San Francisco, CA 94016",July
226607,Google Phone,1,600.0,2019-07-24 05:01:00,"137 Lake St, Dallas, TX 75001",July
226825,Google Phone,1,600.0,2019-07-03 18:26:00,"799 Cedar St, Atlanta, GA 30301",July
236576,Google Phone,1,600.0,2019-07-26 15:33:00,"323 Highland St, Los Angeles, CA 90001",July
224784,Google Phone,1,600.0,2019-07-29 09:55:00,"502 Cherry St, New York City, NY 10001",July
231529,Google Phone,1,600.0,2019-07-16 11:26:00,"724 Church St, Los Angeles, CA 90001",July
229914,Google Phone,1,600.0,2019-07-08 12:36:00,"608 Lincoln St, Boston, MA 02215",July
235755,Google Phone,1,600.0,2019-07-10 03:41:00,"500 10th St, New York City, NY 10001",July
223912,Google Phone,1,600.0,2019-07-29 11:02:00,"866 Willow St, Los Angeles, CA 90001",July
229364,Google Phone,1,600.0,2019-07-02 20:45:00,"342 West St, Los Angeles, CA 90001",July
234366,Google Phone,1,600.0,2019-07-26 16:36:00,"532 Lakeview St, Portland, OR 97035",July
237515,Google Phone,1,600.0,2019-08-17 14:30:00,"539 Lake St, New York City, NY 10001",August
246523,Google Phone,1,600.0,2019-08-02 21:24:00,"479 North St, San Francisco, CA 94016",August
242384,Google Phone,1,600.0,2019-08-17 14:14:00,"709 Elm St, Dallas, TX 75001",August
242512,Google Phone,1,600.0,2019-08-15 11:14:00,"842 Main St, Austin, TX 73301",August
243852,Google Phone,1,600.0,2019-08-06 17:33:00,"242 Spruce St, Boston, MA 02215",August
238659,Google Phone,1,600.0,2019-08-16 19:16:00,"132 7th St, Seattle, WA 98101",August
244856,Google Phone,1,600.0,2019-08-27 08:45:00,"558 Pine St, Austin, TX 73301",August
237952,Google Phone,1,600.0,2019-08-16 11:49:00,"512 Pine St, Seattle, WA 98101",August
239906,Google Phone,1,600.0,2019-08-11 21:25:00,"553 10th St, New York City, NY 10001",August
241535,Google Phone,1,600.0,2019-08-28 09:56:00,"221 4th St, Los Angeles, CA 90001",August
240378,Google Phone,1,600.0,2019-08-05 08:27:00,"101 Cherry St, San Francisco, CA 94016",August
244495,Google Phone,1,600.0,2019-08-10 10:55:00,"587 River St, San Francisco, CA 94016",August
240302,Google Phone,1,600.0,2019-08-12 23:46:00,"763 Pine St, San Francisco, CA 94016",August
244970,Google Phone,1,600.0,2019-08-02 19:58:00,"31 Madison St, Boston, MA 02215",August
245130,Google Phone,1,600.0,2019-08-03 07:27:00,"722 Ridge St, Portland, ME 04101",August
237033,Google Phone,1,600.0,2019-08-05 17:01:00,"359 Lakeview St, Dallas, TX 75001",August
246271,Google Phone,1,600.0,2019-08-06 20:44:00,"637 Wilson St, Los Angeles, CA 90001",August
239308,Google Phone,1,600.0,2019-08-14 08:23:00,"275 Sunset St, Dallas, TX 75001",August
239954,Google Phone,1,600.0,2019-08-04 11:38:00,"628 Spruce St, Los Angeles, CA 90001",August
240807,Google Phone,1,600.0,2019-08-04 18:59:00,"912 North St, Portland, OR 97035",August
243610,Google Phone,1,600.0,2019-08-30 10:34:00,"253 Main St, Seattle, WA 98101",August
242089,Google Phone,1,600.0,2019-08-31 11:18:00,"543 Walnut St, Portland, OR 97035",August
245358,Google Phone,1,600.0,2019-08-10 20:14:00,"110 5th St, New York City, NY 10001",August
237672,Google Phone,1,600.0,2019-08-09 16:42:00,"909 Willow St, New York City, NY 10001",August
237618,Google Phone,1,600.0,2019-08-10 18:02:00,"227 9th St, Boston, MA 02215",August
238936,Google Phone,1,600.0,2019-08-05 19:30:00,"813 Lakeview St, Dallas, TX 75001",August
239569,Google Phone,1,600.0,2019-08-10 01:21:00,"577 Jefferson St, San Francisco, CA 94016",August
244545,Google Phone,1,600.0,2019-08-27 12:13:00,"410 1st St, Seattle, WA 98101",August
237228,Google Phone,1,600.0,2019-08-07 22:18:00,"945 Spruce St, San Francisco, CA 94016",August
239968,Google Phone,1,600.0,2019-08-16 07:47:00,"355 North St, Los Angeles, CA 90001",August
241286,Google Phone,1,600.0,2019-08-09 12:24:00,"849 Chestnut St, Dallas, TX 75001",August
241001,Google Phone,1,600.0,2019-08-13 12:34:00,"238 Willow St, Seattle, WA 98101",August
241719,Google Phone,1,600.0,2019-08-03 11:28:00,"225 Walnut St, Seattle, WA 98101",August
247127,Google Phone,1,600.0,2019-08-29 21:08:00,"306 River St, Boston, MA 02215",August
247939,Google Phone,1,600.0,2019-08-11 16:24:00,"400 Lake St, Los Angeles, CA 90001",August
243134,Google Phone,1,600.0,2019-08-04 16:23:00,"855 Johnson St, Boston, MA 02215",August
244081,Google Phone,1,600.0,2019-08-13 10:13:00,"40 Chestnut St, Boston, MA 02215",August
245615,Google Phone,1,600.0,2019-08-27 11:05:00,"538 Cedar St, Portland, OR 97035",August
246088,Google Phone,1,600.0,2019-08-26 00:00:00,"506 Jefferson St, Los Angeles, CA 90001",August
237247,Google Phone,1,600.0,2019-08-17 21:05:00,"526 River St, San Francisco, CA 94016",August
237584,Google Phone,1,600.0,2019-08-16 11:08:00,"892 Hickory St, Atlanta, GA 30301",August
236992,Google Phone,1,600.0,2019-08-20 10:13:00,"544 Lakeview St, New York City, NY 10001",August
245198,Google Phone,1,600.0,2019-08-13 00:08:00,"355 Johnson St, Atlanta, GA 30301",August
247128,Google Phone,1,600.0,2019-08-02 16:55:00,"928 Lake St, Portland, OR 97035",August
240628,Google Phone,1,600.0,2019-08-21 17:21:00,"668 14th St, San Francisco, CA 94016",August
247483,Google Phone,1,600.0,2019-08-25 15:03:00,"768 West St, Boston, MA 02215",August
238946,Google Phone,1,600.0,2019-08-09 07:10:00,"559 4th St, San Francisco, CA 94016",August
240705,Google Phone,1,600.0,2019-08-03 06:51:00,"60 Main St, Dallas, TX 75001",August
241306,Google Phone,1,600.0,2019-08-15 14:52:00,"195 Wilson St, San Francisco, CA 94016",August
241594,Google Phone,1,600.0,2019-08-20 09:16:00,"25 8th St, Dallas, TX 75001",August
241966,Google Phone,1,600.0,2019-08-24 11:11:00,"436 13th St, Seattle, WA 98101",August
247935,Google Phone,1,600.0,2019-08-03 20:04:00,"450 Wilson St, Atlanta, GA 30301",August
238691,Google Phone,1,600.0,2019-08-02 19:03:00,"496 Willow St, Dallas, TX 75001",August
237182,Google Phone,1,600.0,2019-08-30 21:22:00,"634 Spruce St, Los Angeles, CA 90001",August
239973,Google Phone,1,600.0,2019-08-02 15:58:00,"802 Cherry St, New York City, NY 10001",August
241779,Google Phone,1,600.0,2019-08-17 23:12:00,"849 Lincoln St, San Francisco, CA 94016",August
241859,Google Phone,1,600.0,2019-08-10 20:13:00,"391 West St, Seattle, WA 98101",August
245478,Google Phone,1,600.0,2019-08-17 18:33:00,"119 Lincoln St, Boston, MA 02215",August
241495,Google Phone,1,600.0,2019-08-22 13:26:00,"185 Cedar St, Seattle, WA 98101",August
242249,Google Phone,1,600.0,2019-08-27 20:20:00,"713 Willow St, Portland, OR 97035",August
247771,Google Phone,1,600.0,2019-08-24 13:24:00,"145 Church St, Los Angeles, CA 90001",August
240204,Google Phone,1,600.0,2019-08-11 11:33:00,"950 5th St, Los Angeles, CA 90001",August
241057,Google Phone,1,600.0,2019-08-28 10:28:00,"627 7th St, San Francisco, CA 94016",August
246286,Google Phone,1,600.0,2019-08-16 19:15:00,"758 8th St, Seattle, WA 98101",August
236799,Google Phone,1,600.0,2019-08-01 12:38:00,"309 2nd St, San Francisco, CA 94016",August
244578,Google Phone,1,600.0,2019-08-17 16:05:00,"509 Walnut St, Los Angeles, CA 90001",August
244828,Google Phone,1,600.0,2019-08-06 17:43:00,"966 Wilson St, Los Angeles, CA 90001",August
247791,Google Phone,1,600.0,2019-08-20 15:04:00,"29 14th St, San Francisco, CA 94016",August
251027,Google Phone,1,600.0,2019-09-01 14:22:00,"889 Sunset St, Austin, TX 73301",September
250032,Google Phone,1,600.0,2019-09-23 21:41:00,"461 4th St, New York City, NY 10001",September
250093,Google Phone,1,600.0,2019-09-24 17:02:00,"524 Sunset St, Boston, MA 02215",September
251465,Google Phone,1,600.0,2019-09-30 16:50:00,"307 Jefferson St, Boston, MA 02215",September
253104,Google Phone,1,600.0,2019-09-29 18:14:00,"450 Lincoln St, Portland, OR 97035",September
254947,Google Phone,1,600.0,2019-09-02 22:09:00,"384 Walnut St, Boston, MA 02215",September
256878,Google Phone,1,600.0,2019-09-09 20:35:00,"321 6th St, Boston, MA 02215",September
253056,Google Phone,1,600.0,2019-09-26 19:34:00,"379 Meadow St, San Francisco, CA 94016",September
254175,Google Phone,1,600.0,2019-09-04 08:07:00,"180 Lincoln St, Portland, OR 97035",September
250446,Google Phone,1,600.0,2019-09-04 14:14:00,"859 6th St, Seattle, WA 98101",September
250870,Google Phone,1,600.0,2019-09-20 14:50:00,"589 Jefferson St, Seattle, WA 98101",September
253073,Google Phone,1,600.0,2019-09-29 13:40:00,"393 9th St, Dallas, TX 75001",September
253527,Google Phone,1,600.0,2019-09-08 23:12:00,"542 Park St, Seattle, WA 98101",September
258118,Google Phone,1,600.0,2019-09-08 14:13:00,"597 Cherry St, Atlanta, GA 30301",September
254055,Google Phone,1,600.0,2019-09-23 21:12:00,"991 2nd St, Boston, MA 02215",September
253869,Google Phone,1,600.0,2019-09-25 23:13:00,"134 5th St, Los Angeles, CA 90001",September
254114,Google Phone,1,600.0,2019-09-03 23:04:00,"734 11th St, Los Angeles, CA 90001",September
254271,Google Phone,1,600.0,2019-09-15 22:11:00,"21 Elm St, New York City, NY 10001",September
256775,Google Phone,1,600.0,2019-09-13 06:14:00,"91 Park St, San Francisco, CA 94016",September
251226,Google Phone,1,600.0,2019-09-07 02:09:00,"999 Lakeview St, Austin, TX 73301",September
257233,Google Phone,1,600.0,2019-09-12 10:16:00,"942 South St, San Francisco, CA 94016",September
248982,Google Phone,1,600.0,2019-09-27 19:13:00,"525 13th St, Boston, MA 02215",September
249603,Google Phone,1,600.0,2019-09-01 17:46:00,"222 1st St, Seattle, WA 98101",September
254953,Google Phone,1,600.0,2019-09-13 13:13:00,"891 Lincoln St, Los Angeles, CA 90001",September
250119,Google Phone,1,600.0,2019-09-20 21:08:00,"716 North St, Portland, ME 04101",September
250489,Google Phone,1,600.0,2019-09-11 19:24:00,"976 2nd St, Seattle, WA 98101",September
258724,Google Phone,1,600.0,2019-09-07 21:58:00,"37 6th St, Los Angeles, CA 90001",September
251708,Google Phone,1,600.0,2019-09-25 17:35:00,"270 13th St, New York City, NY 10001",September
254706,Google Phone,1,600.0,2019-09-03 00:05:00,"592 10th St, Seattle, WA 98101",September
258890,Google Phone,1,600.0,2019-09-11 10:56:00,"488 Johnson St, Austin, TX 73301",September
256591,Google Phone,1,600.0,2019-09-30 22:20:00,"802 1st St, Los Angeles, CA 90001",September
248167,Google Phone,1,600.0,2019-09-02 18:52:00,"711 Forest St, San Francisco, CA 94016",September
252027,Google Phone,1,600.0,2019-09-07 22:41:00,"666 Cherry St, Los Angeles, CA 90001",September
252042,Google Phone,1,600.0,2019-09-26 14:41:00,"713 Jefferson St, Boston, MA 02215",September
259068,Google Phone,1,600.0,2019-09-10 18:39:00,"175 Washington St, Boston, MA 02215",September
248219,Google Phone,1,600.0,2019-09-24 12:48:00,"665 Maple St, Los Angeles, CA 90001",September
254119,Google Phone,1,600.0,2019-09-18 20:34:00,"31 River St, Boston, MA 02215",September
254393,Google Phone,1,600.0,2019-09-14 07:42:00,"775 River St, San Francisco, CA 94016",September
248689,Google Phone,1,600.0,2019-09-06 09:40:00,"369 1st St, Dallas, TX 75001",September
254025,Google Phone,1,600.0,2019-09-05 13:53:00,"818 Park St, San Francisco, CA 94016",September
249403,Google Phone,1,600.0,2019-09-27 19:47:00,"300 Cherry St, Portland, OR 97035",September
254898,Google Phone,1,600.0,2019-09-06 11:52:00,"546 Main St, Dallas, TX 75001",September
257544,Google Phone,1,600.0,2019-09-09 09:36:00,"986 Walnut St, San Francisco, CA 94016",September
249041,Google Phone,1,600.0,2019-09-10 20:16:00,"762 Hill St, Atlanta, GA 30301",September
254962,Google Phone,1,600.0,2019-09-16 09:55:00,"171 Church St, Portland, ME 04101",September
250850,Google Phone,1,600.0,2019-09-15 15:29:00,"186 Lincoln St, Los Angeles, CA 90001",September
258277,Google Phone,1,600.0,2019-09-01 18:52:00,"277 5th St, Los Angeles, CA 90001",September
249915,Google Phone,1,600.0,2019-09-16 19:00:00,"146 Hickory St, Dallas, TX 75001",September
254650,Google Phone,1,600.0,2019-09-12 12:55:00,"355 Washington St, Boston, MA 02215",September
256720,Google Phone,1,600.0,2019-09-03 18:31:00,"691 Johnson St, Seattle, WA 98101",September
253366,Google Phone,1,600.0,2019-09-19 09:39:00,"191 Cedar St, Atlanta, GA 30301",September
257866,Google Phone,1,600.0,2019-09-11 20:44:00,"670 Main St, Seattle, WA 98101",September
249444,Google Phone,1,600.0,2019-09-27 23:42:00,"86 Madison St, New York City, NY 10001",September
254018,Google Phone,1,600.0,2019-09-08 11:33:00,"127 Washington St, Atlanta, GA 30301",September
260006,Google Phone,1,600.0,2019-10-09 12:35:00,"312 Jefferson St, San Francisco, CA 94016",October
262238,Google Phone,1,600.0,2019-10-26 18:19:00,"929 Adams St, San Francisco, CA 94016",October
265270,Google Phone,1,600.0,2019-10-08 06:23:00,"743 River St, Seattle, WA 98101",October
270258,Google Phone,1,600.0,2019-10-31 11:30:00,"934 North St, Boston, MA 02215",October
260458,Google Phone,1,600.0,2019-10-18 13:59:00,"9 Jackson St, New York City, NY 10001",October
265896,Google Phone,1,600.0,2019-10-29 10:52:00,"295 Sunset St, Seattle, WA 98101",October
269824,Google Phone,1,600.0,2019-10-19 17:31:00,"999 Sunset St, Atlanta, GA 30301",October
270284,Google Phone,1,600.0,2019-10-08 18:15:00,"803 Willow St, New York City, NY 10001",October
274012,Google Phone,1,600.0,2019-10-28 12:32:00,"178 Forest St, San Francisco, CA 94016",October
278235,Google Phone,1,600.0,2019-10-09 09:33:00,"703 11th St, San Francisco, CA 94016",October
275164,Google Phone,1,600.0,2019-10-24 20:25:00,"250 4th St, San Francisco, CA 94016",October
276578,Google Phone,1,600.0,2019-10-13 13:50:00,"449 5th St, San Francisco, CA 94016",October
273143,Google Phone,1,600.0,2019-10-24 11:49:00,"205 Cherry St, San Francisco, CA 94016",October
273763,Google Phone,1,600.0,2019-10-30 10:09:00,"37 8th St, Seattle, WA 98101",October
275108,Google Phone,1,600.0,2019-10-19 11:21:00,"889 Maple St, Seattle, WA 98101",October
259705,Google Phone,1,600.0,2019-10-08 11:46:00,"920 Chestnut St, Portland, ME 04101",October
262779,Google Phone,1,600.0,2019-10-03 00:39:00,"117 Lincoln St, Portland, ME 04101",October
263525,Google Phone,1,600.0,2019-10-13 23:01:00,"207 Jackson St, San Francisco, CA 94016",October
268916,Google Phone,1,600.0,2019-10-16 20:27:00,"612 Willow St, Portland, OR 97035",October
269405,Google Phone,1,600.0,2019-10-16 19:42:00,"899 Highland St, Atlanta, GA 30301",October
275494,Google Phone,1,600.0,2019-10-28 16:39:00,"915 Forest St, Atlanta, GA 30301",October
277364,Google Phone,1,600.0,2019-10-26 14:36:00,"997 Hickory St, Portland, OR 97035",October
259592,Google Phone,1,600.0,2019-10-12 10:02:00,"948 9th St, Boston, MA 02215",October
263254,Google Phone,1,600.0,2019-10-27 06:49:00,"865 10th St, Los Angeles, CA 90001",October
269891,Google Phone,1,600.0,2019-10-12 14:39:00,"401 6th St, San Francisco, CA 94016",October
275742,Google Phone,1,600.0,2019-10-08 15:36:00,"1 Dogwood St, New York City, NY 10001",October
275430,Google Phone,1,600.0,2019-10-04 06:16:00,"367 North St, San Francisco, CA 94016",October
263149,Google Phone,1,600.0,2019-10-15 12:05:00,"16 13th St, Los Angeles, CA 90001",October
268625,Google Phone,1,600.0,2019-10-16 19:38:00,"795 4th St, Boston, MA 02215",October
275532,Google Phone,1,600.0,2019-10-17 18:24:00,"393 Church St, San Francisco, CA 94016",October
275725,Google Phone,1,600.0,2019-10-30 16:20:00,"695 Spruce St, San Francisco, CA 94016",October
265774,Google Phone,1,600.0,2019-10-20 12:25:00,"882 Spruce St, Atlanta, GA 30301",October
266765,Google Phone,1,600.0,2019-10-20 15:23:00,"593 Ridge St, Los Angeles, CA 90001",October
264822,Google Phone,1,600.0,2019-10-08 19:20:00,"358 Pine St, Los Angeles, CA 90001",October
266450,Google Phone,1,600.0,2019-10-23 22:48:00,"774 9th St, Dallas, TX 75001",October
270506,Google Phone,1,600.0,2019-10-29 16:49:00,"556 2nd St, San Francisco, CA 94016",October
272099,Google Phone,1,600.0,2019-10-29 13:37:00,"589 Dogwood St, Dallas, TX 75001",October
270131,Google Phone,1,600.0,2019-10-01 13:38:00,"51 Highland St, Los Angeles, CA 90001",October
271688,Google Phone,1,600.0,2019-10-05 19:26:00,"299 8th St, Portland, OR 97035",October
262354,Google Phone,1,600.0,2019-10-17 22:17:00,"404 8th St, Atlanta, GA 30301",October
268912,Google Phone,1,600.0,2019-10-12 22:45:00,"8 9th St, Boston, MA 02215",October
270007,Google Phone,1,600.0,2019-10-17 07:45:00,"536 Center St, Los Angeles, CA 90001",October
271732,Google Phone,1,600.0,2019-10-31 06:31:00,"616 10th St, Dallas, TX 75001",October
275002,Google Phone,1,600.0,2019-10-01 20:31:00,"470 Lincoln St, San Francisco, CA 94016",October
277389,Google Phone,1,600.0,2019-10-23 13:28:00,"811 11th St, Dallas, TX 75001",October
260829,Google Phone,1,600.0,2019-10-26 14:41:00,"82 Forest St, San Francisco, CA 94016",October
264512,Google Phone,1,600.0,2019-10-20 17:51:00,"487 River St, Austin, TX 73301",October
265042,Google Phone,1,600.0,2019-10-31 10:52:00,"563 Maple St, Dallas, TX 75001",October
266487,Google Phone,1,600.0,2019-10-23 20:32:00,"982 5th St, New York City, NY 10001",October
270392,Google Phone,1,600.0,2019-10-11 15:24:00,"922 Hickory St, San Francisco, CA 94016",October
270759,Google Phone,1,600.0,2019-10-04 18:32:00,"944 Elm St, Dallas, TX 75001",October
273946,Google Phone,1,600.0,2019-10-07 16:18:00,"232 Madison St, Seattle, WA 98101",October
264086,Google Phone,1,600.0,2019-10-19 19:06:00,"807 Johnson St, Los Angeles, CA 90001",October
267432,Google Phone,1,600.0,2019-10-07 14:15:00,"491 7th St, Atlanta, GA 30301",October
272287,Google Phone,1,600.0,2019-10-05 22:24:00,"546 Sunset St, New York City, NY 10001",October
260251,Google Phone,1,600.0,2019-10-03 22:59:00,"209 River St, Los Angeles, CA 90001",October
267946,Google Phone,1,600.0,2019-10-12 12:14:00,"146 14th St, Portland, OR 97035",October
272131,Google Phone,1,600.0,2019-10-29 10:13:00,"361 Chestnut St, San Francisco, CA 94016",October
272421,Google Phone,1,600.0,2019-10-16 07:16:00,"490 13th St, San Francisco, CA 94016",October
272519,Google Phone,1,600.0,2019-10-19 23:55:00,"75 Main St, Atlanta, GA 30301",October
265845,Google Phone,1,600.0,2019-10-10 08:10:00,"244 14th St, Los Angeles, CA 90001",October
268078,Google Phone,1,600.0,2019-10-15 10:27:00,"133 Willow St, San Francisco, CA 94016",October
269033,Google Phone,1,600.0,2019-10-30 00:50:00,"47 Hill St, Atlanta, GA 30301",October
275646,Google Phone,1,600.0,2019-10-04 17:57:00,"28 Jackson St, Boston, MA 02215",October
275879,Google Phone,1,600.0,2019-10-29 15:19:00,"555 Madison St, Seattle, WA 98101",October
261617,Google Phone,1,600.0,2019-10-01 09:01:00,"725 Adams St, San Francisco, CA 94016",October
262356,Google Phone,1,600.0,2019-10-07 11:44:00,"434 River St, Los Angeles, CA 90001",October
265602,Google Phone,1,600.0,2019-10-31 16:38:00,"858 Walnut St, Boston, MA 02215",October
266441,Google Phone,1,600.0,2019-10-07 18:03:00,"218 Main St, Dallas, TX 75001",October
272943,Google Phone,1,600.0,2019-10-05 18:59:00,"450 9th St, New York City, NY 10001",October
262224,Google Phone,1,600.0,2019-10-04 08:00:00,"737 Sunset St, San Francisco, CA 94016",October
278535,Google Phone,1,600.0,2019-10-13 03:54:00,"912 Highland St, San Francisco, CA 94016",October
264293,Google Phone,1,600.0,2019-10-24 11:27:00,"749 11th St, Boston, MA 02215",October
268482,Google Phone,1,600.0,2019-10-16 22:04:00,"297 Park St, Dallas, TX 75001",October
262456,Google Phone,1,600.0,2019-10-05 14:48:00,"556 Adams St, Boston, MA 02215",October
267099,Google Phone,1,600.0,2019-10-16 09:39:00,"295 Church St, Los Angeles, CA 90001",October
268742,Google Phone,1,600.0,2019-10-18 19:41:00,"882 River St, San Francisco, CA 94016",October
270630,Google Phone,1,600.0,2019-10-06 20:34:00,"280 5th St, San Francisco, CA 94016",October
261481,Google Phone,1,600.0,2019-10-19 17:25:00,"881 7th St, Los Angeles, CA 90001",October
268014,Google Phone,1,600.0,2019-10-03 16:46:00,"502 Pine St, San Francisco, CA 94016",October
273615,Google Phone,1,600.0,2019-10-18 18:38:00,"143 Lincoln St, Atlanta, GA 30301",October
277138,Google Phone,1,600.0,2019-10-13 13:02:00,"35 Elm St, San Francisco, CA 94016",October
267130,Google Phone,1,600.0,2019-10-25 13:00:00,"720 Lake St, Seattle, WA 98101",October
275611,Google Phone,1,600.0,2019-10-01 12:32:00,"196 Jackson St, Portland, OR 97035",October
260783,Google Phone,1,600.0,2019-10-24 07:52:00,"934 North St, Los Angeles, CA 90001",October
275643,Google Phone,1,600.0,2019-10-29 19:48:00,"674 9th St, New York City, NY 10001",October
260851,Google Phone,1,600.0,2019-10-13 19:12:00,"418 Church St, San Francisco, CA 94016",October
261780,Google Phone,1,600.0,2019-10-10 20:17:00,"165 Adams St, Los Angeles, CA 90001",October
266908,Google Phone,1,600.0,2019-10-01 15:00:00,"66 Jackson St, Seattle, WA 98101",October
260630,Google Phone,1,600.0,2019-10-24 13:57:00,"686 Jackson St, Seattle, WA 98101",October
261172,Google Phone,1,600.0,2019-10-24 11:54:00,"849 Dogwood St, Los Angeles, CA 90001",October
272242,Google Phone,1,600.0,2019-10-14 11:48:00,"295 Spruce St, San Francisco, CA 94016",October
273181,Google Phone,1,600.0,2019-10-16 06:15:00,"61 Main St, San Francisco, CA 94016",October
277755,Google Phone,1,600.0,2019-10-03 11:09:00,"38 Chestnut St, Boston, MA 02215",October
278924,Google Phone,1,600.0,2019-11-16 21:36:00,"796 12th St, Dallas, TX 75001",November
279863,Google Phone,1,600.0,2019-11-17 15:47:00,"196 4th St, Boston, MA 02215",November
280007,Google Phone,1,600.0,2019-11-30 18:49:00,"798 Lakeview St, Boston, MA 02215",November
281496,Google Phone,1,600.0,2019-11-24 14:32:00,"108 Lincoln St, Los Angeles, CA 90001",November
286368,Google Phone,1,600.0,2019-11-24 10:38:00,"293 Lakeview St, Seattle, WA 98101",November
290738,Google Phone,1,600.0,2019-11-07 14:13:00,"463 Lakeview St, Boston, MA 02215",November
282447,Google Phone,1,600.0,2019-11-28 22:26:00,"835 Sunset St, Boston, MA 02215",November
283795,Google Phone,1,600.0,2019-11-28 17:51:00,"281 Chestnut St, New York City, NY 10001",November
284948,Google Phone,1,600.0,2019-11-26 09:35:00,"692 8th St, Los Angeles, CA 90001",November
293333,Google Phone,1,600.0,2019-11-06 21:17:00,"229 Sunset St, San Francisco, CA 94016",November
287204,Google Phone,1,600.0,2019-11-18 14:36:00,"514 Center St, New York City, NY 10001",November
288349,Google Phone,1,600.0,2019-11-19 10:57:00,"874 Cherry St, New York City, NY 10001",November
283577,Google Phone,1,600.0,2019-11-28 22:06:00,"104 Church St, Los Angeles, CA 90001",November
287044,Google Phone,1,600.0,2019-11-05 09:32:00,"419 Forest St, Austin, TX 73301",November
280249,Google Phone,1,600.0,2019-11-09 18:36:00,"156 Washington St, San Francisco, CA 94016",November
281602,Google Phone,1,600.0,2019-11-23 18:12:00,"869 Jefferson St, San Francisco, CA 94016",November
284843,Google Phone,1,600.0,2019-11-30 00:16:00,"23 1st St, San Francisco, CA 94016",November
285262,Google Phone,1,600.0,2019-11-24 20:42:00,"629 8th St, San Francisco, CA 94016",November
294644,Google Phone,1,600.0,2019-11-06 11:36:00,"347 10th St, San Francisco, CA 94016",November
290354,Google Phone,1,600.0,2019-11-26 19:38:00,"26 Madison St, Los Angeles, CA 90001",November
293844,Google Phone,1,600.0,2019-11-07 13:21:00,"730 5th St, Los Angeles, CA 90001",November
293976,Google Phone,1,600.0,2019-11-16 16:04:00,"383 Park St, Los Angeles, CA 90001",November
281414,Google Phone,1,600.0,2019-11-08 16:23:00,"103 Center St, New York City, NY 10001",November
283170,Google Phone,1,600.0,2019-11-22 10:56:00,"593 Highland St, San Francisco, CA 94016",November
285862,Google Phone,1,600.0,2019-11-12 10:28:00,"787 Hill St, San Francisco, CA 94016",November
289775,Google Phone,1,600.0,2019-11-05 22:25:00,"988 Lincoln St, Boston, MA 02215",November
290215,Google Phone,1,600.0,2019-11-03 08:54:00,"798 Church St, San Francisco, CA 94016",November
291152,Google Phone,1,600.0,2019-11-15 18:42:00,"934 Cherry St, San Francisco, CA 94016",November
281242,Google Phone,1,600.0,2019-11-24 20:28:00,"236 Cedar St, New York City, NY 10001",November
285531,Google Phone,1,600.0,2019-11-23 11:53:00,"479 Maple St, San Francisco, CA 94016",November
287634,Google Phone,1,600.0,2019-11-04 22:19:00,"793 Walnut St, Los Angeles, CA 90001",November
291059,Google Phone,1,600.0,2019-11-23 19:04:00,"86 Chestnut St, Boston, MA 02215",November
287794,Google Phone,1,600.0,2019-11-06 12:38:00,"883 4th St, New York City, NY 10001",November
281645,Google Phone,1,600.0,2019-11-08 12:01:00,"750 1st St, San Francisco, CA 94016",November
281909,Google Phone,1,600.0,2019-11-27 13:20:00,"436 West St, San Francisco, CA 94016",November
283437,Google Phone,1,600.0,2019-11-07 16:52:00,"669 13th St, Portland, OR 97035",November
283772,Google Phone,1,600.0,2019-11-28 19:20:00,"668 Lake St, San Francisco, CA 94016",November
286360,Google Phone,1,600.0,2019-11-30 23:52:00,"974 Sunset St, Dallas, TX 75001",November
295534,Google Phone,1,600.0,2019-11-06 19:21:00,"22 Pine St, Boston, MA 02215",November
282012,Google Phone,1,600.0,2019-11-30 12:31:00,"813 13th St, Portland, OR 97035",November
284961,Google Phone,1,600.0,2019-11-28 02:29:00,"646 10th St, Dallas, TX 75001",November
287332,Google Phone,1,600.0,2019-11-27 23:07:00,"315 River St, San Francisco, CA 94016",November
295664,Google Phone,1,600.0,2019-11-17 16:13:00,"428 Jackson St, Boston, MA 02215",November
285315,Google Phone,1,600.0,2019-11-18 12:36:00,"111 Maple St, Seattle, WA 98101",November
286038,Google Phone,1,600.0,2019-11-12 19:33:00,"99 Adams St, Seattle, WA 98101",November
287259,Google Phone,1,600.0,2019-11-02 20:35:00,"121 Cherry St, Portland, OR 97035",November
293202,Google Phone,1,600.0,2019-11-15 13:23:00,"23 Main St, Atlanta, GA 30301",November
294746,Google Phone,1,600.0,2019-11-24 17:14:00,"869 Madison St, Seattle, WA 98101",November
291800,Google Phone,1,600.0,2019-11-10 14:48:00,"768 Jefferson St, Seattle, WA 98101",November
292291,Google Phone,1,600.0,2019-11-02 18:03:00,"106 Hill St, San Francisco, CA 94016",November
292727,Google Phone,1,600.0,2019-11-11 12:25:00,"278 Ridge St, New York City, NY 10001",November
289030,Google Phone,1,600.0,2019-11-11 17:10:00,"208 14th St, Atlanta, GA 30301",November
289521,Google Phone,1,600.0,2019-11-13 09:45:00,"99 7th St, Boston, MA 02215",November
293440,Google Phone,1,600.0,2019-11-18 22:23:00,"235 Hickory St, Boston, MA 02215",November
280274,Google Phone,1,600.0,2019-11-24 10:32:00,"89 Elm St, San Francisco, CA 94016",November
288653,Google Phone,1,600.0,2019-11-04 21:40:00,"206 4th St, Los Angeles, CA 90001",November
283298,Google Phone,1,600.0,2019-11-01 21:57:00,"836 9th St, Seattle, WA 98101",November
295111,Google Phone,1,600.0,2019-11-06 18:23:00,"588 Wilson St, San Francisco, CA 94016",November
289656,Google Phone,1,600.0,2019-11-03 20:36:00,"340 Willow St, New York City, NY 10001",November
290133,Google Phone,1,600.0,2019-11-30 13:55:00,"39 2nd St, New York City, NY 10001",November
293700,Google Phone,1,600.0,2019-11-11 21:08:00,"425 6th St, Dallas, TX 75001",November
294049,Google Phone,1,600.0,2019-11-12 15:11:00,"939 Highland St, San Francisco, CA 94016",November
280896,Google Phone,1,600.0,2019-11-16 18:41:00,"54 Walnut St, San Francisco, CA 94016",November
279988,Google Phone,1,600.0,2019-11-30 15:48:00,"251 10th St, Atlanta, GA 30301",November
284968,Google Phone,1,600.0,2019-11-09 13:17:00,"752 Lakeview St, Seattle, WA 98101",November
289779,Google Phone,1,600.0,2019-11-18 23:50:00,"322 13th St, San Francisco, CA 94016",November
290267,Google Phone,1,600.0,2019-11-26 17:14:00,"677 River St, Atlanta, GA 30301",November
291488,Google Phone,1,600.0,2019-11-21 17:11:00,"96 Ridge St, Seattle, WA 98101",November
282596,Google Phone,1,600.0,2019-11-25 06:18:00,"197 Maple St, Boston, MA 02215",November
292562,Google Phone,1,600.0,2019-11-18 09:48:00,"737 Pine St, Los Angeles, CA 90001",November
292794,Google Phone,1,600.0,2019-11-01 13:04:00,"857 Chestnut St, Atlanta, GA 30301",November
282710,Google Phone,1,600.0,2019-11-25 17:37:00,"645 River St, San Francisco, CA 94016",November
295090,Google Phone,1,600.0,2019-11-19 19:23:00,"620 Wilson St, New York City, NY 10001",November
282030,Google Phone,1,600.0,2019-11-05 15:21:00,"303 14th St, Atlanta, GA 30301",November
295834,Google Phone,1,600.0,2019-12-16 19:45:00,"847 Lakeview St, San Francisco, CA 94016",December
298846,Google Phone,1,600.0,2019-12-17 00:24:00,"103 Madison St, Austin, TX 73301",December
302416,Google Phone,1,600.0,2019-12-12 09:35:00,"280 14th St, Seattle, WA 98101",December
305703,Google Phone,1,600.0,2019-12-25 12:03:00,"64 Lake St, Dallas, TX 75001",December
317980,Google Phone,1,600.0,2019-12-22 17:17:00,"287 12th St, San Francisco, CA 94016",December
297386,Google Phone,1,600.0,2019-12-04 04:03:00,"542 Ridge St, San Francisco, CA 94016",December
312538,Google Phone,1,600.0,2019-12-19 22:05:00,"413 Meadow St, San Francisco, CA 94016",December
304888,Google Phone,1,600.0,2019-12-30 19:23:00,"550 Adams St, San Francisco, CA 94016",December
307898,Google Phone,1,600.0,2019-12-15 14:02:00,"324 Chestnut St, New York City, NY 10001",December
309819,Google Phone,1,600.0,2019-12-15 15:56:00,"62 9th St, Atlanta, GA 30301",December
300395,Google Phone,1,600.0,2019-12-16 02:29:00,"679 Jackson St, Portland, OR 97035",December
303592,Google Phone,1,600.0,2019-12-17 10:44:00,"747 4th St, New York City, NY 10001",December
305783,Google Phone,1,600.0,2019-12-30 17:53:00,"138 Pine St, San Francisco, CA 94016",December
306135,Google Phone,1,600.0,2019-12-06 17:02:00,"909 Lake St, Portland, OR 97035",December
298614,Google Phone,1,600.0,2019-12-01 09:25:00,"9 Dogwood St, New York City, NY 10001",December
299355,Google Phone,1,600.0,2019-12-03 17:20:00,"898 Lakeview St, San Francisco, CA 94016",December
300049,Google Phone,1,600.0,2019-12-02 00:30:00,"761 14th St, Seattle, WA 98101",December
308859,Google Phone,1,600.0,2019-12-10 15:06:00,"177 Madison St, Dallas, TX 75001",December
316886,Google Phone,1,600.0,2019-12-22 19:38:00,"785 South St, San Francisco, CA 94016",December
297565,Google Phone,1,600.0,2019-12-04 18:56:00,"608 Walnut St, Dallas, TX 75001",December
305639,Google Phone,1,600.0,2019-12-11 11:18:00,"15 Chestnut St, Seattle, WA 98101",December
310325,Google Phone,1,600.0,2019-12-04 21:48:00,"310 Maple St, Boston, MA 02215",December
309369,Google Phone,1,600.0,2019-12-18 20:57:00,"640 Walnut St, Seattle, WA 98101",December
315167,Google Phone,1,600.0,2019-12-15 20:16:00,"926 Adams St, Boston, MA 02215",December
308008,Google Phone,1,600.0,2019-12-04 12:42:00,"545 5th St, Boston, MA 02215",December
310948,Google Phone,1,600.0,2019-12-04 20:20:00,"456 Meadow St, San Francisco, CA 94016",December
313819,Google Phone,1,600.0,2019-12-27 15:44:00,"966 Cedar St, Dallas, TX 75001",December
319073,Google Phone,1,600.0,2019-12-10 13:59:00,"121 Hill St, Seattle, WA 98101",December
296731,Google Phone,1,600.0,2019-12-02 20:50:00,"482 Meadow St, San Francisco, CA 94016",December
299912,Google Phone,1,600.0,2019-12-14 15:32:00,"722 Main St, Boston, MA 02215",December
303609,Google Phone,1,600.0,2019-12-11 00:13:00,"320 River St, Los Angeles, CA 90001",December
309023,Google Phone,1,600.0,2019-12-23 13:22:00,"751 Hickory St, Boston, MA 02215",December
314791,Google Phone,1,600.0,2019-12-28 11:51:00,"787 2nd St, San Francisco, CA 94016",December
317283,Google Phone,1,600.0,2019-12-16 18:57:00,"708 Park St, San Francisco, CA 94016",December
297963,Google Phone,1,600.0,2019-12-07 20:46:00,"561 Center St, Seattle, WA 98101",December
301998,Google Phone,1,600.0,2019-12-10 21:14:00,"557 Johnson St, San Francisco, CA 94016",December
309691,Google Phone,1,600.0,2019-12-31 18:01:00,"340 7th St, San Francisco, CA 94016",December
311188,Google Phone,1,600.0,2019-12-27 17:27:00,"184 Cedar St, San Francisco, CA 94016",December
311796,Google Phone,1,600.0,2019-12-20 13:13:00,"76 1st St, Los Angeles, CA 90001",December
314611,Google Phone,1,600.0,2019-12-01 16:52:00,"252 Washington St, Seattle, WA 98101",December
304491,Google Phone,1,600.0,2019-12-29 15:23:00,"782 Wilson St, New York City, NY 10001",December
306447,Google Phone,1,600.0,2019-12-22 17:15:00,"626 Willow St, San Francisco, CA 94016",December
309200,Google Phone,1,600.0,2019-12-14 19:12:00,"626 Walnut St, New York City, NY 10001",December
298308,Google Phone,1,600.0,2019-12-21 15:07:00,"829 Dogwood St, San Francisco, CA 94016",December
298871,Google Phone,1,600.0,2019-12-15 14:21:00,"530 Center St, Atlanta, GA 30301",December
304894,Google Phone,1,600.0,2019-12-03 19:39:00,"440 2nd St, Austin, TX 73301",December
313505,Google Phone,1,600.0,2019-12-04 12:10:00,"293 Park St, San Francisco, CA 94016",December
314887,Google Phone,1,600.0,2019-12-16 02:54:00,"341 Jefferson St, Seattle, WA 98101",December
319359,Google Phone,1,600.0,2019-12-08 11:48:00,"988 14th St, Los Angeles, CA 90001",December
299147,Google Phone,1,600.0,2019-12-10 11:23:00,"170 Pine St, San Francisco, CA 94016",December
305589,Google Phone,1,600.0,2019-12-24 11:17:00,"379 Johnson St, San Francisco, CA 94016",December
296031,Google Phone,1,600.0,2019-12-18 20:40:00,"815 Pine St, Seattle, WA 98101",December
298053,Google Phone,1,600.0,2019-12-28 07:21:00,"762 2nd St, Boston, MA 02215",December
305939,Google Phone,1,600.0,2019-12-29 13:04:00,"210 13th St, New York City, NY 10001",December
308688,Google Phone,1,600.0,2019-12-20 09:07:00,"324 Elm St, San Francisco, CA 94016",December
298724,Google Phone,1,600.0,2019-12-28 09:16:00,"728 Forest St, San Francisco, CA 94016",December
299318,Google Phone,1,600.0,2019-12-20 16:46:00,"713 Hill St, Austin, TX 73301",December
310098,Google Phone,1,600.0,2019-12-08 19:48:00,"679 Meadow St, New York City, NY 10001",December
315542,Google Phone,1,600.0,2019-12-31 11:17:00,"910 West St, Boston, MA 02215",December
312053,Google Phone,1,600.0,2019-12-19 21:18:00,"345 14th St, San Francisco, CA 94016",December
298008,Google Phone,1,600.0,2019-12-25 18:07:00,"182 Adams St, New York City, NY 10001",December
300145,Google Phone,1,600.0,2019-12-19 14:59:00,"694 Cherry St, Portland, OR 97035",December
301985,Google Phone,1,600.0,2019-12-23 14:15:00,"582 6th St, Portland, OR 97035",December
302830,Google Phone,1,600.0,2019-12-28 20:58:00,"57 Jefferson St, Los Angeles, CA 90001",December
305325,Google Phone,1,600.0,2019-12-15 14:16:00,"712 Forest St, New York City, NY 10001",December
307090,Google Phone,1,600.0,2019-12-03 00:34:00,"603 11th St, San Francisco, CA 94016",December
308670,Google Phone,1,600.0,2019-12-23 11:44:00,"314 Lakeview St, Portland, ME 04101",December
311389,Google Phone,1,600.0,2019-12-29 16:20:00,"66 Chestnut St, Portland, ME 04101",December
303485,Google Phone,1,600.0,2019-12-26 12:14:00,"424 10th St, New York City, NY 10001",December
307857,Google Phone,1,600.0,2019-12-02 08:18:00,"514 Park St, Atlanta, GA 30301",December
316581,Google Phone,1,600.0,2019-12-14 14:49:00,"849 Forest St, Seattle, WA 98101",December
318445,Google Phone,1,600.0,2019-12-22 10:52:00,"780 Ridge St, Boston, MA 02215",December
298655,Google Phone,1,600.0,2019-12-03 20:32:00,"770 Maple St, San Francisco, CA 94016",December
308672,Google Phone,1,600.0,2019-12-27 17:24:00,"24 Ridge St, New York City, NY 10001",December
308071,Google Phone,1,600.0,2019-12-16 10:09:00,"952 8th St, Boston, MA 02215",December
298237,Google Phone,1,600.0,2019-12-15 02:06:00,"985 Park St, New York City, NY 10001",December
310028,Google Phone,1,600.0,2019-12-05 19:08:00,"90 Washington St, Boston, MA 02215",December
315081,Google Phone,1,600.0,2019-12-24 11:22:00,"154 Hickory St, Atlanta, GA 30301",December
162394,Google Phone,1,600.0,2019-03-04 18:51:00,"608 9th St, San Francisco, CA 94016",March
198293,Google Phone,1,600.0,2019-05-03 18:51:00,"327 10th St, Portland, ME 04101",May
227174,Google Phone,1,600.0,2019-07-12 18:30:00,"145 8th St, San Francisco, CA 94016",July
258051,Google Phone,1,600.0,2019-09-20 18:14:00,"591 6th St, San Francisco, CA 94016",September
248199,Google Phone,1,600.0,2019-09-11 12:47:00,"780 4th St, Boston, MA 02215",September
258170,Google Phone,1,600.0,2019-09-17 11:04:00,"533 Lakeview St, New York City, NY 10001",September
257923,Google Phone,1,600.0,2019-09-27 19:12:00,"572 Center St, Los Angeles, CA 90001",September
253218,Google Phone,1,600.0,2019-09-05 08:54:00,"158 North St, Dallas, TX 75001",September
251127,Google Phone,1,600.0,2019-09-01 12:38:00,"627 Center St, Los Angeles, CA 90001",September
267142,Google Phone,1,600.0,2019-10-12 13:51:00,"499 6th St, Seattle, WA 98101",October
264540,Google Phone,1,600.0,2019-10-28 16:50:00,"329 Lincoln St, Seattle, WA 98101",October
289517,Google Phone,1,600.0,2019-11-14 22:12:00,"229 Spruce St, Boston, MA 02215",November
284191,Google Phone,1,600.0,2019-11-24 21:18:00,"602 Dogwood St, Boston, MA 02215",November
302025,Google Phone,1,600.0,2019-12-28 23:42:00,"647 5th St, New York City, NY 10001",December
305146,Google Phone,1,600.0,2019-12-21 17:25:00,"739 Sunset St, Boston, MA 02215",December
305933,Google Phone,1,600.0,2019-12-11 22:01:00,"46 Dogwood St, Austin, TX 73301",December
314715,Google Phone,1,600.0,2019-12-11 21:12:00,"684 7th St, Atlanta, GA 30301",December
319095,Google Phone,1,600.0,2019-12-20 14:07:00,"116 Adams St, Atlanta, GA 30301",December
313551,Google Phone,1,600.0,2019-12-12 01:50:00,"20 Walnut St, San Francisco, CA 94016",December
298770,Google Phone,1,600.0,2019-12-13 22:00:00,"585 Hickory St, San Francisco, CA 94016",December
300528,Google Phone,1,600.0,2019-12-06 15:19:00,"944 Main St, Atlanta, GA 30301",December
308247,Google Phone,1,600.0,2019-12-18 11:30:00,"487 West St, San Francisco, CA 94016",December
309453,Google Phone,1,600.0,2019-12-28 15:49:00,"120 9th St, San Francisco, CA 94016",December
309566,Google Phone,1,600.0,2019-12-27 07:50:00,"311 South St, Boston, MA 02215",December
317857,Google Phone,1,600.0,2019-12-29 13:17:00,"676 Lakeview St, Boston, MA 02215",December
296008,Google Phone,1,600.0,2019-12-06 13:18:00,"616 10th St, Seattle, WA 98101",December
300310,Google Phone,1,600.0,2019-12-12 19:48:00,"123 Johnson St, Seattle, WA 98101",December
311650,Google Phone,1,600.0,2019-12-18 22:44:00,"734 Maple St, Seattle, WA 98101",December
315676,Google Phone,1,600.0,2019-12-24 16:17:00,"986 Lakeview St, Dallas, TX 75001",December
297058,Google Phone,1,600.0,2019-12-06 10:52:00,"527 Cherry St, New York City, NY 10001",December
307069,Google Phone,1,600.0,2019-12-09 01:30:00,"892 Church St, Seattle, WA 98101",December
313767,Google Phone,1,600.0,2019-12-25 18:40:00,"426 6th St, Seattle, WA 98101",December
301624,Google Phone,1,600.0,2019-12-09 09:44:00,"634 Maple St, Seattle, WA 98101",December
304295,Google Phone,1,600.0,2019-12-13 18:23:00,"635 13th St, Los Angeles, CA 90001",December
309557,Google Phone,1,600.0,2019-12-13 12:56:00,"723 13th St, San Francisco, CA 94016",December
313172,Google Phone,1,600.0,2019-12-07 17:13:00,"397 Lake St, San Francisco, CA 94016",December
300148,Google Phone,1,600.0,2019-12-14 20:19:00,"387 Lake St, Los Angeles, CA 90001",December
303402,Google Phone,1,600.0,2019-12-21 12:01:00,"903 Sunset St, Boston, MA 02215",December
303991,Google Phone,1,600.0,2019-12-09 12:58:00,"978 Center St, Portland, ME 04101",December
316741,Google Phone,1,600.0,2019-12-14 20:51:00,"572 Jefferson St, Atlanta, GA 30301",December
299721,Google Phone,1,600.0,2019-12-24 08:49:00,"837 Willow St, Los Angeles, CA 90001",December
299960,Google Phone,1,600.0,2019-12-10 22:08:00,"910 Willow St, San Francisco, CA 94016",December
304803,Google Phone,1,600.0,2019-12-17 19:28:00,"888 4th St, Dallas, TX 75001",December
313081,Google Phone,1,600.0,2019-12-22 12:03:00,"488 Dogwood St, Seattle, WA 98101",December
313600,Google Phone,1,600.0,2019-12-23 19:30:00,"503 Cherry St, Dallas, TX 75001",December
316921,Google Phone,1,600.0,2019-12-12 13:04:00,"671 Lake St, Seattle, WA 98101",December
296142,Google Phone,1,600.0,2019-12-07 18:22:00,"388 9th St, Seattle, WA 98101",December
302023,Google Phone,1,600.0,2019-12-20 21:37:00,"77 Cedar St, Portland, OR 97035",December
302269,Google Phone,1,600.0,2019-12-09 20:39:00,"817 12th St, San Francisco, CA 94016",December
309552,Google Phone,1,600.0,2019-12-20 22:01:00,"805 Center St, Los Angeles, CA 90001",December
312430,Google Phone,1,600.0,2019-12-15 00:56:00,"117 Church St, Seattle, WA 98101",December
319406,Google Phone,1,600.0,2019-12-17 05:49:00,"380 Lake St, New York City, NY 10001",December
298931,Google Phone,1,600.0,2019-12-10 13:02:00,"540 West St, Seattle, WA 98101",December
302082,Google Phone,1,600.0,2019-12-05 11:32:00,"680 Walnut St, Boston, MA 02215",December
307103,Google Phone,1,600.0,2019-12-17 14:47:00,"718 8th St, Dallas, TX 75001",December
307360,Google Phone,1,600.0,2019-12-23 23:42:00,"454 Jefferson St, Boston, MA 02215",December
314467,Google Phone,1,600.0,2019-12-20 19:11:00,"552 Highland St, New York City, NY 10001",December
318028,Google Phone,1,600.0,2019-12-18 05:06:00,"462 2nd St, San Francisco, CA 94016",December
298743,Google Phone,1,600.0,2019-12-01 21:05:00,"764 Johnson St, Austin, TX 73301",December
305706,Google Phone,1,600.0,2019-12-31 16:21:00,"988 Lakeview St, Los Angeles, CA 90001",December
310912,Google Phone,1,600.0,2019-12-02 08:40:00,"268 5th St, San Francisco, CA 94016",December
143539,Google Phone,1,600.0,2019-01-08 00:26:00,"486 Park St, New York City, NY 10001",January
145482,Google Phone,1,600.0,2019-01-13 11:14:00,"238 Spruce St, Atlanta, GA 30301",January
141414,Google Phone,1,600.0,2019-01-26 03:38:00,"609 14th St, New York City, NY 10001",January
145922,Google Phone,1,600.0,2019-01-06 18:23:00,"770 Main St, Los Angeles, CA 90001",January
145170,Google Phone,1,600.0,2019-01-21 13:50:00,"18 Pine St, New York City, NY 10001",January
149569,Google Phone,1,600.0,2019-01-29 15:48:00,"467 14th St, Los Angeles, CA 90001",January
144999,Google Phone,1,600.0,2019-01-18 19:11:00,"492 Ridge St, San Francisco, CA 94016",January
148816,Google Phone,1,600.0,2019-01-05 10:39:00,"759 Forest St, San Francisco, CA 94016",January
144022,Google Phone,1,600.0,2019-01-28 08:33:00,"799 Jackson St, Boston, MA 02215",January
143074,Google Phone,1,600.0,2019-01-22 13:49:00,"855 Walnut St, Los Angeles, CA 90001",January
143906,Google Phone,1,600.0,2019-01-30 18:41:00,"602 Dogwood St, Dallas, TX 75001",January
147571,Google Phone,1,600.0,2019-01-27 10:12:00,"530 Willow St, San Francisco, CA 94016",January
141709,Google Phone,1,600.0,2019-01-24 23:45:00,"411 Ridge St, Dallas, TX 75001",January
144850,Google Phone,1,600.0,2019-01-02 21:10:00,"781 Park St, Boston, MA 02215",January
149183,Google Phone,1,600.0,2019-01-16 09:02:00,"150 Spruce St, New York City, NY 10001",January
141884,Google Phone,1,600.0,2019-01-08 10:18:00,"74 1st St, Los Angeles, CA 90001",January
148186,Google Phone,1,600.0,2019-01-02 06:53:00,"285 Meadow St, New York City, NY 10001",January
141897,Google Phone,1,600.0,2019-01-06 20:16:00,"658 10th St, Dallas, TX 75001",January
144499,Google Phone,1,600.0,2019-01-25 11:25:00,"888 River St, New York City, NY 10001",January
145103,Google Phone,1,600.0,2019-01-02 12:59:00,"906 6th St, Los Angeles, CA 90001",January
145959,Google Phone,1,600.0,2019-01-27 12:44:00,"687 7th St, Atlanta, GA 30301",January
146894,Google Phone,1,600.0,2019-01-29 14:54:00,"595 Dogwood St, San Francisco, CA 94016",January
148807,Google Phone,1,600.0,2019-01-09 09:27:00,"598 Sunset St, Los Angeles, CA 90001",January
141965,Google Phone,1,600.0,2019-01-09 13:55:00,"303 10th St, Boston, MA 02215",January
143201,Google Phone,1,600.0,2019-01-09 13:22:00,"166 7th St, Portland, OR 97035",January
145615,Google Phone,1,600.0,2019-01-07 20:30:00,"720 Cherry St, Austin, TX 73301",January
146398,Google Phone,1,600.0,2019-01-26 18:29:00,"258 Willow St, Dallas, TX 75001",January
146982,Google Phone,1,600.0,2019-01-15 18:52:00,"730 Main St, San Francisco, CA 94016",January
147198,Google Phone,1,600.0,2019-01-01 14:12:00,"858 13th St, Austin, TX 73301",January
141426,Google Phone,1,600.0,2019-01-12 12:57:00,"824 Madison St, Dallas, TX 75001",January
144679,Google Phone,1,600.0,2019-01-01 12:51:00,"984 Lakeview St, San Francisco, CA 94016",January
143022,Google Phone,1,600.0,2019-01-27 19:02:00,"435 Hickory St, Dallas, TX 75001",January
144764,Google Phone,1,600.0,2019-01-04 11:09:00,"181 Johnson St, Seattle, WA 98101",January
147485,Google Phone,1,600.0,2019-01-21 11:49:00,"424 Meadow St, Los Angeles, CA 90001",January
149406,Google Phone,1,600.0,2019-01-04 10:34:00,"258 Meadow St, Boston, MA 02215",January
143975,Google Phone,1,600.0,2019-01-21 22:53:00,"227 Lincoln St, Los Angeles, CA 90001",January
149894,Google Phone,1,600.0,2019-01-24 14:45:00,"772 Church St, Los Angeles, CA 90001",January
142130,Google Phone,1,600.0,2019-01-31 16:48:00,"640 11th St, Portland, OR 97035",January
143187,Google Phone,1,600.0,2019-01-24 10:44:00,"304 Hickory St, San Francisco, CA 94016",January
145588,Google Phone,1,600.0,2019-01-13 07:22:00,"197 11th St, Boston, MA 02215",January
150181,Google Phone,1,600.0,2019-01-06 07:09:00,"505 Lake St, New York City, NY 10001",January
141256,Google Phone,1,600.0,2019-01-29 10:40:00,"675 Washington St, Portland, OR 97035",January
144212,Google Phone,2,600.0,2019-01-15 19:48:00,"545 Washington St, Los Angeles, CA 90001",January
149757,Google Phone,1,600.0,2019-01-17 20:08:00,"97 9th St, San Francisco, CA 94016",January
142373,Google Phone,1,600.0,2019-01-22 17:45:00,"549 Main St, Los Angeles, CA 90001",January
141433,Google Phone,1,600.0,2019-01-15 20:08:00,"179 West St, San Francisco, CA 94016",January
144518,Google Phone,1,600.0,2019-01-03 17:41:00,"471 Hickory St, Seattle, WA 98101",January
150034,Google Phone,1,600.0,2019-01-17 21:54:00,"841 Hickory St, Los Angeles, CA 90001",January
144490,Google Phone,1,600.0,2019-01-17 10:42:00,"719 Lincoln St, Atlanta, GA 30301",January
150202,Google Phone,1,600.0,2019-01-08 15:32:00,"712 Madison St, San Francisco, CA 94016",January
141718,Google Phone,1,600.0,2019-01-16 15:02:00,"756 Lake St, Dallas, TX 75001",January
146944,Google Phone,1,600.0,2019-01-15 20:24:00,"568 Wilson St, Los Angeles, CA 90001",January
142965,Google Phone,1,600.0,2019-01-05 18:22:00,"878 Johnson St, Portland, OR 97035",January
145145,Google Phone,1,600.0,2019-01-10 22:33:00,"771 9th St, San Francisco, CA 94016",January
146435,Google Phone,1,600.0,2019-01-29 20:38:00,"314 5th St, Dallas, TX 75001",January
150002,Google Phone,1,600.0,2019-01-24 09:38:00,"479 Park St, San Francisco, CA 94016",January
142319,Google Phone,1,600.0,2019-01-31 10:40:00,"844 Ridge St, San Francisco, CA 94016",January
146163,Google Phone,1,600.0,2019-01-30 19:33:00,"419 Hickory St, Los Angeles, CA 90001",January
161470,Google Phone,1,600.0,2019-02-18 13:35:00,"568 Center St, San Francisco, CA 94016",February
154313,Google Phone,1,600.0,2019-02-08 00:08:00,"536 Hickory St, San Francisco, CA 94016",February
159489,Google Phone,1,600.0,2019-02-10 21:26:00,"588 Elm St, Seattle, WA 98101",February
160179,Google Phone,1,600.0,2019-02-26 08:44:00,"156 11th St, Boston, MA 02215",February
161920,Google Phone,1,600.0,2019-02-24 20:34:00,"284 Walnut St, San Francisco, CA 94016",February
150780,Google Phone,1,600.0,2019-02-15 20:54:00,"123 Maple St, Austin, TX 73301",February
151640,Google Phone,1,600.0,2019-02-21 03:43:00,"16 9th St, Los Angeles, CA 90001",February
156804,Google Phone,1,600.0,2019-02-28 11:47:00,"341 Church St, New York City, NY 10001",February
156946,Google Phone,1,600.0,2019-02-11 17:15:00,"183 Jefferson St, New York City, NY 10001",February
158835,Google Phone,1,600.0,2019-02-21 17:25:00,"389 Main St, San Francisco, CA 94016",February
159186,Google Phone,1,600.0,2019-02-02 09:21:00,"114 West St, San Francisco, CA 94016",February
159029,Google Phone,1,600.0,2019-02-17 22:29:00,"866 7th St, Atlanta, GA 30301",February
151178,Google Phone,1,600.0,2019-02-15 21:02:00,"540 Adams St, Dallas, TX 75001",February
156096,Google Phone,1,600.0,2019-02-22 08:19:00,"643 Highland St, Seattle, WA 98101",February
156475,Google Phone,1,600.0,2019-02-06 01:40:00,"759 12th St, San Francisco, CA 94016",February
157294,Google Phone,1,600.0,2019-02-28 13:01:00,"606 Washington St, Los Angeles, CA 90001",February
150688,Google Phone,1,600.0,2019-02-07 09:30:00,"719 Maple St, New York City, NY 10001",February
150802,Google Phone,1,600.0,2019-02-01 11:11:00,"817 Willow St, Dallas, TX 75001",February
156570,Google Phone,1,600.0,2019-02-03 19:59:00,"614 Lake St, Los Angeles, CA 90001",February
150973,Google Phone,1,600.0,2019-02-05 11:04:00,"401 5th St, San Francisco, CA 94016",February
155828,Google Phone,1,600.0,2019-02-15 13:03:00,"662 Cherry St, New York City, NY 10001",February
156619,Google Phone,1,600.0,2019-02-08 14:32:00,"568 Walnut St, Seattle, WA 98101",February
151283,Google Phone,1,600.0,2019-02-02 17:57:00,"718 Elm St, Los Angeles, CA 90001",February
154416,Google Phone,1,600.0,2019-02-06 12:05:00,"111 Jackson St, New York City, NY 10001",February
156526,Google Phone,1,600.0,2019-02-28 20:39:00,"304 4th St, Boston, MA 02215",February
153936,Google Phone,1,600.0,2019-02-14 16:35:00,"765 Cherry St, San Francisco, CA 94016",February
155805,Google Phone,1,600.0,2019-02-01 21:52:00,"729 Johnson St, New York City, NY 10001",February
157281,Google Phone,1,600.0,2019-02-12 18:59:00,"60 Jefferson St, Portland, ME 04101",February
152610,Google Phone,1,600.0,2019-02-24 12:37:00,"559 Cherry St, San Francisco, CA 94016",February
155989,Google Phone,1,600.0,2019-02-26 16:11:00,"747 Center St, San Francisco, CA 94016",February
153641,Google Phone,1,600.0,2019-02-05 08:35:00,"282 Jefferson St, San Francisco, CA 94016",February
160873,Google Phone,1,600.0,2019-02-10 10:24:00,"702 River St, San Francisco, CA 94016",February
153519,Google Phone,1,600.0,2019-02-24 13:30:00,"721 Hickory St, San Francisco, CA 94016",February
156253,Google Phone,1,600.0,2019-02-19 19:35:00,"575 Highland St, San Francisco, CA 94016",February
160029,Google Phone,1,600.0,2019-02-02 12:36:00,"60 Washington St, New York City, NY 10001",February
160858,Google Phone,1,600.0,2019-02-05 00:43:00,"702 Meadow St, New York City, NY 10001",February
150617,Google Phone,1,600.0,2019-02-25 00:02:00,"551 Sunset St, New York City, NY 10001",February
154514,Google Phone,1,600.0,2019-02-17 18:47:00,"172 Meadow St, San Francisco, CA 94016",February
156144,Google Phone,1,600.0,2019-02-25 14:43:00,"469 Park St, San Francisco, CA 94016",February
151352,Google Phone,1,600.0,2019-02-13 18:23:00,"430 Cherry St, San Francisco, CA 94016",February
154410,Google Phone,1,600.0,2019-02-28 23:06:00,"73 12th St, Atlanta, GA 30301",February
161441,Google Phone,1,600.0,2019-02-17 15:42:00,"962 Hickory St, New York City, NY 10001",February
153633,Google Phone,1,600.0,2019-02-16 02:18:00,"750 Center St, Boston, MA 02215",February
155278,Google Phone,1,600.0,2019-02-20 20:26:00,"31 Jefferson St, Seattle, WA 98101",February
157450,Google Phone,1,600.0,2019-02-09 18:42:00,"964 Church St, San Francisco, CA 94016",February
158177,Google Phone,1,600.0,2019-02-06 18:50:00,"510 Madison St, San Francisco, CA 94016",February
153323,Google Phone,1,600.0,2019-02-21 08:14:00,"343 Wilson St, Dallas, TX 75001",February
160961,Google Phone,1,600.0,2019-02-01 19:22:00,"380 Park St, New York City, NY 10001",February
154304,Google Phone,1,600.0,2019-02-02 11:28:00,"141 5th St, Boston, MA 02215",February
158752,Google Phone,1,600.0,2019-02-17 16:11:00,"538 Pine St, Los Angeles, CA 90001",February
160883,Google Phone,1,600.0,2019-02-20 21:01:00,"398 11th St, San Francisco, CA 94016",February
160055,Google Phone,1,600.0,2019-02-08 16:27:00,"93 11th St, San Francisco, CA 94016",February
151468,Google Phone,1,600.0,2019-02-13 11:33:00,"988 Washington St, San Francisco, CA 94016",February
155848,Google Phone,1,600.0,2019-02-12 17:14:00,"466 1st St, New York City, NY 10001",February
157102,Google Phone,1,600.0,2019-02-12 23:14:00,"258 Dogwood St, Dallas, TX 75001",February
158967,Google Phone,1,600.0,2019-02-04 19:41:00,"12 Maple St, Boston, MA 02215",February
152860,Google Phone,1,600.0,2019-02-26 17:07:00,"145 2nd St, Austin, TX 73301",February
154658,Google Phone,1,600.0,2019-02-07 14:27:00,"280 Wilson St, Dallas, TX 75001",February
151298,Google Phone,1,600.0,2019-02-18 10:43:00,"638 Maple St, San Francisco, CA 94016",February
151959,Google Phone,1,600.0,2019-02-11 12:31:00,"126 Johnson St, San Francisco, CA 94016",February
161502,Google Phone,1,600.0,2019-02-22 14:27:00,"679 Chestnut St, Dallas, TX 75001",February
161262,Google Phone,1,600.0,2019-02-09 15:05:00,"471 7th St, Boston, MA 02215",February
171430,Google Phone,1,600.0,2019-03-16 22:16:00,"533 13th St, Los Angeles, CA 90001",March
175800,Google Phone,1,600.0,2019-03-16 06:29:00,"126 7th St, Boston, MA 02215",March
163343,Google Phone,1,600.0,2019-03-21 06:25:00,"543 Elm St, San Francisco, CA 94016",March
168100,Google Phone,1,600.0,2019-03-16 12:32:00,"249 Madison St, Boston, MA 02215",March
175917,Google Phone,1,600.0,2019-03-21 19:49:00,"532 7th St, San Francisco, CA 94016",March
165938,Google Phone,1,600.0,2019-03-30 11:51:00,"761 Forest St, Dallas, TX 75001",March
164321,Google Phone,1,600.0,2019-03-24 07:36:00,"492 Johnson St, San Francisco, CA 94016",March
171492,Google Phone,1,600.0,2019-03-21 21:57:00,"425 Chestnut St, New York City, NY 10001",March
173957,Google Phone,1,600.0,2019-03-24 18:02:00,"285 2nd St, New York City, NY 10001",March
162399,Google Phone,1,600.0,2019-03-18 14:26:00,"91 Forest St, Austin, TX 73301",March
165754,Google Phone,1,600.0,2019-03-09 13:38:00,"329 Sunset St, Atlanta, GA 30301",March
168411,Google Phone,1,600.0,2019-03-07 18:19:00,"281 7th St, Los Angeles, CA 90001",March
168590,Google Phone,1,600.0,2019-03-16 10:21:00,"521 Main St, New York City, NY 10001",March
171244,Google Phone,1,600.0,2019-03-11 19:25:00,"176 14th St, Portland, ME 04101",March
175050,Google Phone,1,600.0,2019-03-28 00:42:00,"142 9th St, Dallas, TX 75001",March
175217,Google Phone,1,600.0,2019-03-25 10:45:00,"870 Lake St, Los Angeles, CA 90001",March
164797,Google Phone,1,600.0,2019-03-22 13:03:00,"545 12th St, Seattle, WA 98101",March
169776,Google Phone,1,600.0,2019-03-31 09:26:00,"840 Adams St, New York City, NY 10001",March
162079,Google Phone,1,600.0,2019-03-24 21:36:00,"144 West St, Los Angeles, CA 90001",March
165647,Google Phone,1,600.0,2019-03-21 13:33:00,"132 6th St, Atlanta, GA 30301",March
175069,Google Phone,1,600.0,2019-03-08 15:50:00,"565 4th St, Boston, MA 02215",March
164737,Google Phone,1,600.0,2019-03-14 22:16:00,"275 Spruce St, Los Angeles, CA 90001",March
172393,Google Phone,1,600.0,2019-03-19 18:14:00,"121 Park St, San Francisco, CA 94016",March
172888,Google Phone,1,600.0,2019-03-03 14:45:00,"656 Hickory St, San Francisco, CA 94016",March
165090,Google Phone,1,600.0,2019-03-05 13:59:00,"607 Center St, San Francisco, CA 94016",March
172229,Google Phone,1,600.0,2019-03-20 20:19:00,"773 Park St, San Francisco, CA 94016",March
172961,Google Phone,1,600.0,2019-03-08 14:10:00,"605 South St, Los Angeles, CA 90001",March
173878,Google Phone,1,600.0,2019-03-29 11:48:00,"305 Forest St, Dallas, TX 75001",March
162406,Google Phone,1,600.0,2019-03-15 17:12:00,"471 1st St, Atlanta, GA 30301",March
166105,Google Phone,1,600.0,2019-03-19 11:07:00,"15 Meadow St, Los Angeles, CA 90001",March
169309,Google Phone,1,600.0,2019-03-23 21:41:00,"465 Center St, San Francisco, CA 94016",March
169785,Google Phone,1,600.0,2019-03-06 13:52:00,"449 8th St, San Francisco, CA 94016",March
173481,Google Phone,1,600.0,2019-03-01 14:50:00,"676 11th St, Seattle, WA 98101",March
163991,Google Phone,1,600.0,2019-03-03 10:46:00,"497 Ridge St, San Francisco, CA 94016",March
164499,Google Phone,1,600.0,2019-03-09 22:42:00,"900 Hickory St, Boston, MA 02215",March
165440,Google Phone,1,600.0,2019-03-15 18:02:00,"557 7th St, Dallas, TX 75001",March
165479,Google Phone,1,600.0,2019-03-31 16:42:00,"193 West St, New York City, NY 10001",March
167159,Google Phone,1,600.0,2019-03-31 19:52:00,"406 Forest St, San Francisco, CA 94016",March
162946,Google Phone,1,600.0,2019-03-19 11:12:00,"709 Walnut St, San Francisco, CA 94016",March
163528,Google Phone,1,600.0,2019-03-21 18:28:00,"509 North St, San Francisco, CA 94016",March
164793,Google Phone,1,600.0,2019-03-09 10:58:00,"207 Wilson St, Boston, MA 02215",March
167546,Google Phone,1,600.0,2019-03-27 18:00:00,"252 Elm St, New York City, NY 10001",March
168603,Google Phone,1,600.0,2019-03-15 15:38:00,"380 Cherry St, San Francisco, CA 94016",March
175380,Google Phone,1,600.0,2019-03-27 19:15:00,"318 River St, Portland, OR 97035",March
175605,Google Phone,1,600.0,2019-03-23 11:44:00,"54 Sunset St, New York City, NY 10001",March
163002,Google Phone,1,600.0,2019-03-08 13:19:00,"896 Church St, Los Angeles, CA 90001",March
163331,Google Phone,1,600.0,2019-03-17 15:32:00,"71 Ridge St, New York City, NY 10001",March
165602,Google Phone,1,600.0,2019-03-19 20:37:00,"477 13th St, San Francisco, CA 94016",March
173014,Google Phone,1,600.0,2019-03-12 11:23:00,"44 Cedar St, Boston, MA 02215",March
172032,Google Phone,1,600.0,2019-03-22 14:17:00,"954 13th St, Los Angeles, CA 90001",March
163773,Google Phone,1,600.0,2019-03-07 10:57:00,"615 5th St, Atlanta, GA 30301",March
173364,Google Phone,1,600.0,2019-03-23 15:57:00,"47 North St, Atlanta, GA 30301",March
166386,Google Phone,1,600.0,2019-03-29 16:00:00,"997 Chestnut St, Portland, OR 97035",March
168872,Google Phone,1,600.0,2019-03-15 17:11:00,"314 7th St, Atlanta, GA 30301",March
174435,Google Phone,1,600.0,2019-03-22 11:50:00,"812 Willow St, Austin, TX 73301",March
175407,Google Phone,1,600.0,2019-03-16 10:58:00,"104 2nd St, New York City, NY 10001",March
175941,Google Phone,1,600.0,2019-03-26 18:53:00,"44 Highland St, Dallas, TX 75001",March
166768,Google Phone,1,600.0,2019-03-01 16:40:00,"440 Adams St, Portland, OR 97035",March
170904,Google Phone,1,600.0,2019-03-16 16:48:00,"927 Lakeview St, Boston, MA 02215",March
162273,Google Phone,1,600.0,2019-03-20 18:36:00,"368 Washington St, New York City, NY 10001",March
164770,Google Phone,1,600.0,2019-03-26 17:59:00,"211 Elm St, Atlanta, GA 30301",March
164783,Google Phone,1,600.0,2019-03-22 13:59:00,"897 Jackson St, Atlanta, GA 30301",March
165044,Google Phone,1,600.0,2019-03-24 08:25:00,"471 Park St, New York City, NY 10001",March
171413,Google Phone,1,600.0,2019-03-07 20:43:00,"336 Sunset St, New York City, NY 10001",March
172847,Google Phone,1,600.0,2019-03-30 17:06:00,"828 Lake St, New York City, NY 10001",March
169545,Google Phone,1,600.0,2019-03-13 18:34:00,"320 Hill St, Los Angeles, CA 90001",March
166920,Google Phone,1,600.0,2019-03-03 16:44:00,"460 Jackson St, Boston, MA 02215",March
167614,Google Phone,1,600.0,2019-03-24 18:47:00,"659 13th St, Boston, MA 02215",March
171622,Google Phone,1,600.0,2019-03-04 15:58:00,"402 2nd St, Los Angeles, CA 90001",March
165395,Google Phone,1,600.0,2019-03-26 14:36:00,"419 Pine St, Los Angeles, CA 90001",March
173462,Google Phone,1,600.0,2019-03-05 21:35:00,"109 Chestnut St, Seattle, WA 98101",March
164409,Google Phone,1,600.0,2019-03-26 19:43:00,"841 River St, Los Angeles, CA 90001",March
175153,Google Phone,1,600.0,2019-03-28 21:06:00,"895 9th St, San Francisco, CA 94016",March
177448,Google Phone,1,600.0,2019-04-24 19:38:00,"915 Forest St, Los Angeles, CA 90001",April
178550,Google Phone,1,600.0,2019-04-17 14:50:00,"714 Willow St, San Francisco, CA 94016",April
190631,Google Phone,1,600.0,2019-04-15 18:33:00,"333 Lincoln St, New York City, NY 10001",April
191608,Google Phone,1,600.0,2019-04-21 22:47:00,"172 Chestnut St, Seattle, WA 98101",April
191741,Google Phone,1,600.0,2019-04-04 23:35:00,"191 South St, Los Angeles, CA 90001",April
187196,Google Phone,1,600.0,2019-04-29 10:29:00,"249 Pine St, Seattle, WA 98101",April
193765,Google Phone,1,600.0,2019-04-21 12:04:00,"146 Cherry St, San Francisco, CA 94016",April
181917,Google Phone,1,600.0,2019-04-10 12:24:00,"899 Main St, Portland, OR 97035",April
187369,Google Phone,1,600.0,2019-04-30 19:50:00,"99 Cedar St, New York City, NY 10001",April
189745,Google Phone,1,600.0,2019-04-17 19:29:00,"555 9th St, Boston, MA 02215",April
186943,Google Phone,1,600.0,2019-04-02 13:14:00,"377 Main St, Boston, MA 02215",April
189164,Google Phone,1,600.0,2019-04-12 12:40:00,"707 Center St, San Francisco, CA 94016",April
189290,Google Phone,1,600.0,2019-04-17 09:18:00,"482 Wilson St, Dallas, TX 75001",April
192351,Google Phone,1,600.0,2019-04-30 14:28:00,"532 Center St, Portland, OR 97035",April
192840,Google Phone,1,600.0,2019-04-27 09:54:00,"505 12th St, New York City, NY 10001",April
179820,Google Phone,1,600.0,2019-04-03 08:40:00,"85 Hill St, Boston, MA 02215",April
184199,Google Phone,1,600.0,2019-04-15 01:27:00,"296 South St, Portland, OR 97035",April
189336,Google Phone,1,600.0,2019-04-03 21:59:00,"940 Washington St, San Francisco, CA 94016",April
193097,Google Phone,1,600.0,2019-04-20 18:48:00,"637 Hill St, San Francisco, CA 94016",April
179729,Google Phone,1,600.0,2019-04-15 03:52:00,"163 Cherry St, Atlanta, GA 30301",April
190882,Google Phone,1,600.0,2019-04-07 13:04:00,"489 1st St, New York City, NY 10001",April
191948,Google Phone,1,600.0,2019-04-10 08:56:00,"731 Center St, Dallas, TX 75001",April
177379,Google Phone,1,600.0,2019-04-19 14:24:00,"673 South St, Boston, MA 02215",April
183437,Google Phone,1,600.0,2019-04-12 17:06:00,"694 Walnut St, San Francisco, CA 94016",April
189682,Google Phone,1,600.0,2019-04-14 12:57:00,"470 11th St, Dallas, TX 75001",April
189910,Google Phone,1,600.0,2019-04-07 21:59:00,"327 Adams St, San Francisco, CA 94016",April
179835,Google Phone,1,600.0,2019-04-21 16:38:00,"158 Center St, Portland, OR 97035",April
180147,Google Phone,1,600.0,2019-04-15 23:54:00,"296 7th St, Atlanta, GA 30301",April
189425,Google Phone,1,600.0,2019-04-14 22:06:00,"581 Park St, Atlanta, GA 30301",April
183890,Google Phone,1,600.0,2019-04-11 21:20:00,"73 Elm St, Los Angeles, CA 90001",April
184953,Google Phone,1,600.0,2019-04-26 12:48:00,"702 River St, Austin, TX 73301",April
185934,Google Phone,1,600.0,2019-04-22 09:04:00,"759 12th St, Portland, OR 97035",April
188230,Google Phone,1,600.0,2019-04-01 10:05:00,"595 Park St, Los Angeles, CA 90001",April
186828,Google Phone,1,600.0,2019-04-21 12:46:00,"282 Hickory St, Seattle, WA 98101",April
176808,Google Phone,1,600.0,2019-04-28 18:03:00,"933 Meadow St, San Francisco, CA 94016",April
177906,Google Phone,1,600.0,2019-04-15 04:59:00,"876 Wilson St, New York City, NY 10001",April
178954,Google Phone,1,600.0,2019-04-17 17:12:00,"400 11th St, Boston, MA 02215",April
184021,Google Phone,1,600.0,2019-04-29 15:37:00,"168 Elm St, Boston, MA 02215",April
186600,Google Phone,1,600.0,2019-04-06 19:45:00,"814 14th St, San Francisco, CA 94016",April
187208,Google Phone,1,600.0,2019-04-19 18:44:00,"505 Center St, Dallas, TX 75001",April
188508,Google Phone,1,600.0,2019-04-30 18:22:00,"52 Wilson St, San Francisco, CA 94016",April
191373,Google Phone,1,600.0,2019-04-04 13:23:00,"245 Johnson St, San Francisco, CA 94016",April
193516,Google Phone,1,600.0,2019-04-14 03:25:00,"584 13th St, Portland, OR 97035",April
193774,Google Phone,1,600.0,2019-04-16 12:35:00,"655 Spruce St, Seattle, WA 98101",April
177718,Google Phone,1,600.0,2019-04-30 15:06:00,"938 Johnson St, Atlanta, GA 30301",April
178415,Google Phone,1,600.0,2019-04-08 20:25:00,"540 Washington St, New York City, NY 10001",April
186416,Google Phone,1,600.0,2019-04-02 18:09:00,"23 Wilson St, New York City, NY 10001",April
178403,Google Phone,1,600.0,2019-04-05 01:07:00,"665 Spruce St, New York City, NY 10001",April
179969,Google Phone,1,600.0,2019-04-21 16:14:00,"729 9th St, Atlanta, GA 30301",April
192630,Google Phone,1,600.0,2019-04-23 15:23:00,"669 4th St, San Francisco, CA 94016",April
183831,Google Phone,1,600.0,2019-04-06 23:06:00,"251 2nd St, Austin, TX 73301",April
183076,Google Phone,1,600.0,2019-04-26 09:47:00,"311 Hill St, San Francisco, CA 94016",April
180135,Google Phone,1,600.0,2019-04-13 14:46:00,"334 1st St, Seattle, WA 98101",April
180460,Google Phone,1,600.0,2019-04-20 14:57:00,"127 Adams St, San Francisco, CA 94016",April
186137,Google Phone,1,600.0,2019-04-13 09:40:00,"685 Pine St, San Francisco, CA 94016",April
186836,Google Phone,1,600.0,2019-04-10 12:52:00,"424 10th St, Atlanta, GA 30301",April
177270,Google Phone,1,600.0,2019-04-22 20:34:00,"518 North St, Los Angeles, CA 90001",April
179521,Google Phone,1,600.0,2019-04-24 19:12:00,"450 Walnut St, Dallas, TX 75001",April
183214,Google Phone,1,600.0,2019-04-10 11:09:00,"868 Center St, San Francisco, CA 94016",April
184966,Google Phone,1,600.0,2019-04-11 16:43:00,"233 10th St, Portland, OR 97035",April
186369,Google Phone,1,600.0,2019-04-05 10:37:00,"930 Church St, Atlanta, GA 30301",April
189152,Google Phone,1,600.0,2019-04-01 07:40:00,"809 North St, San Francisco, CA 94016",April
192201,Google Phone,1,600.0,2019-04-27 12:09:00,"980 5th St, Dallas, TX 75001",April
178935,Google Phone,1,600.0,2019-04-16 15:35:00,"725 Wilson St, Los Angeles, CA 90001",April
182325,Google Phone,1,600.0,2019-04-09 22:15:00,"799 Cherry St, Portland, OR 97035",April
185452,Google Phone,1,600.0,2019-04-04 00:49:00,"490 5th St, Atlanta, GA 30301",April
189977,Google Phone,1,600.0,2019-04-17 11:51:00,"190 Forest St, Atlanta, GA 30301",April
185620,Google Phone,1,600.0,2019-04-15 13:50:00,"374 7th St, Atlanta, GA 30301",April
193218,Google Phone,1,600.0,2019-04-14 18:20:00,"459 13th St, Boston, MA 02215",April
191382,Google Phone,1,600.0,2019-04-29 00:13:00,"796 6th St, San Francisco, CA 94016",April
193733,Google Phone,1,600.0,2019-04-30 22:41:00,"464 Chestnut St, Austin, TX 73301",April
184945,Google Phone,1,600.0,2019-04-24 05:41:00,"57 Highland St, New York City, NY 10001",April
178326,Google Phone,1,600.0,2019-04-20 21:21:00,"81 14th St, New York City, NY 10001",April
179406,Google Phone,1,600.0,2019-04-01 14:06:00,"331 14th St, Los Angeles, CA 90001",April
181063,Google Phone,1,600.0,2019-04-10 17:01:00,"547 Jefferson St, Los Angeles, CA 90001",April
184097,Google Phone,1,600.0,2019-04-12 13:00:00,"485 Highland St, Portland, OR 97035",April
179330,Google Phone,1,600.0,2019-04-16 19:44:00,"33 Lakeview St, Boston, MA 02215",April
181315,Google Phone,1,600.0,2019-04-28 18:50:00,"123 8th St, San Francisco, CA 94016",April
191497,Google Phone,1,600.0,2019-04-11 23:29:00,"881 Elm St, Austin, TX 73301",April
179468,Google Phone,1,600.0,2019-04-04 13:52:00,"9 2nd St, San Francisco, CA 94016",April
189282,Google Phone,1,600.0,2019-04-30 10:45:00,"803 1st St, Boston, MA 02215",April
192396,Google Phone,1,600.0,2019-04-14 11:47:00,"939 4th St, Los Angeles, CA 90001",April
182022,Google Phone,1,600.0,2019-04-19 15:32:00,"840 South St, Boston, MA 02215",April
188369,Google Phone,1,600.0,2019-04-18 22:01:00,"346 Hill St, San Francisco, CA 94016",April
186593,Google Phone,1,600.0,2019-04-11 08:44:00,"970 River St, San Francisco, CA 94016",April
190643,Google Phone,1,600.0,2019-04-01 21:08:00,"672 Meadow St, San Francisco, CA 94016",April
183457,Google Phone,1,600.0,2019-04-05 13:52:00,"234 Jackson St, Seattle, WA 98101",April
183622,Google Phone,1,600.0,2019-04-17 12:36:00,"624 Sunset St, San Francisco, CA 94016",April
187385,Google Phone,1,600.0,2019-04-18 20:26:00,"369 11th St, Seattle, WA 98101",April
187144,Google Phone,1,600.0,2019-04-12 12:40:00,"154 12th St, Los Angeles, CA 90001",April
187760,Google Phone,1,600.0,2019-04-10 08:20:00,"764 Madison St, Boston, MA 02215",April
178423,Google Phone,1,600.0,2019-04-08 21:08:00,"402 Church St, San Francisco, CA 94016",April
180670,Google Phone,1,600.0,2019-04-06 20:46:00,"635 Main St, San Francisco, CA 94016",April
188945,Google Phone,1,600.0,2019-04-09 15:58:00,"119 Hickory St, Portland, OR 97035",April
192700,Google Phone,1,600.0,2019-04-09 10:53:00,"213 Hickory St, New York City, NY 10001",April
193109,Google Phone,1,600.0,2019-04-15 09:49:00,"252 Dogwood St, Atlanta, GA 30301",April
197799,Google Phone,1,600.0,2019-05-21 08:35:00,"763 Jefferson St, San Francisco, CA 94016",May
202105,Google Phone,1,600.0,2019-05-02 14:56:00,"281 Cherry St, Atlanta, GA 30301",May
195404,Google Phone,1,600.0,2019-05-02 22:02:00,"401 Chestnut St, Atlanta, GA 30301",May
196782,Google Phone,1,600.0,2019-05-10 00:23:00,"952 4th St, Boston, MA 02215",May
198466,Google Phone,1,600.0,2019-05-14 17:45:00,"246 Lakeview St, Portland, ME 04101",May
202728,Google Phone,1,600.0,2019-05-13 23:26:00,"894 Hickory St, San Francisco, CA 94016",May
202754,Google Phone,1,600.0,2019-05-16 20:28:00,"193 Pine St, Seattle, WA 98101",May
194112,Google Phone,1,600.0,2019-05-29 21:13:00,"853 West St, Austin, TX 73301",May
197729,Google Phone,1,600.0,2019-05-29 10:45:00,"664 11th St, San Francisco, CA 94016",May
198761,Google Phone,1,600.0,2019-05-18 19:56:00,"376 4th St, San Francisco, CA 94016",May
207544,Google Phone,1,600.0,2019-05-24 09:27:00,"620 14th St, San Francisco, CA 94016",May
197563,Google Phone,1,600.0,2019-05-16 19:29:00,"161 12th St, Seattle, WA 98101",May
197578,Google Phone,1,600.0,2019-05-27 23:36:00,"62 Hickory St, Boston, MA 02215",May
208822,Google Phone,1,600.0,2019-05-20 22:29:00,"434 Highland St, San Francisco, CA 94016",May
204493,Google Phone,1,600.0,2019-05-06 10:39:00,"177 13th St, San Francisco, CA 94016",May
207065,Google Phone,1,600.0,2019-05-15 12:31:00,"974 Lakeview St, Boston, MA 02215",May
209350,Google Phone,1,600.0,2019-05-03 11:14:00,"415 Center St, San Francisco, CA 94016",May
198473,Google Phone,1,600.0,2019-05-09 19:15:00,"859 6th St, Dallas, TX 75001",May
201089,Google Phone,1,600.0,2019-05-04 20:34:00,"99 Park St, Boston, MA 02215",May
196314,Google Phone,1,600.0,2019-05-13 10:40:00,"512 Lakeview St, Los Angeles, CA 90001",May
197954,Google Phone,1,600.0,2019-05-07 22:02:00,"522 Lakeview St, Dallas, TX 75001",May
206287,Google Phone,1,600.0,2019-05-29 20:55:00,"997 Forest St, San Francisco, CA 94016",May
204945,Google Phone,1,600.0,2019-05-06 12:17:00,"990 10th St, Los Angeles, CA 90001",May
209535,Google Phone,1,600.0,2019-05-04 15:13:00,"171 River St, Boston, MA 02215",May
195176,Google Phone,1,600.0,2019-05-09 07:46:00,"554 Highland St, Los Angeles, CA 90001",May
203133,Google Phone,1,600.0,2019-05-14 18:36:00,"113 14th St, Los Angeles, CA 90001",May
205397,Google Phone,1,600.0,2019-05-02 13:27:00,"599 11th St, New York City, NY 10001",May
197017,Google Phone,1,600.0,2019-05-04 21:12:00,"439 Forest St, San Francisco, CA 94016",May
198330,Google Phone,1,600.0,2019-05-18 12:06:00,"247 Cherry St, Atlanta, GA 30301",May
203651,Google Phone,1,600.0,2019-05-14 01:30:00,"334 Hickory St, San Francisco, CA 94016",May
207379,Google Phone,1,600.0,2019-05-29 18:24:00,"136 South St, Dallas, TX 75001",May
196128,Google Phone,1,600.0,2019-05-06 18:37:00,"848 2nd St, San Francisco, CA 94016",May
198251,Google Phone,1,600.0,2019-05-21 14:24:00,"36 Park St, New York City, NY 10001",May
198528,Google Phone,1,600.0,2019-05-11 21:04:00,"880 Madison St, Austin, TX 73301",May
200927,Google Phone,1,600.0,2019-05-24 20:49:00,"45 North St, New York City, NY 10001",May
206702,Google Phone,1,600.0,2019-05-20 19:06:00,"857 Willow St, Seattle, WA 98101",May
198560,Google Phone,1,600.0,2019-05-28 14:13:00,"122 South St, San Francisco, CA 94016",May
199476,Google Phone,1,600.0,2019-05-03 13:59:00,"879 Highland St, New York City, NY 10001",May
201627,Google Phone,1,600.0,2019-05-25 16:55:00,"10 1st St, San Francisco, CA 94016",May
206881,Google Phone,1,600.0,2019-05-19 10:27:00,"167 West St, San Francisco, CA 94016",May
200563,Google Phone,1,600.0,2019-05-29 08:42:00,"960 Lake St, New York City, NY 10001",May
201436,Google Phone,1,600.0,2019-05-25 18:09:00,"811 Hickory St, Atlanta, GA 30301",May
204929,Google Phone,1,600.0,2019-05-28 22:40:00,"301 Highland St, Portland, OR 97035",May
194681,Google Phone,1,600.0,2019-05-14 19:16:00,"926 14th St, Atlanta, GA 30301",May
205376,Google Phone,1,600.0,2019-05-12 09:39:00,"236 12th St, Boston, MA 02215",May
195226,Google Phone,1,600.0,2019-05-29 12:22:00,"875 Park St, San Francisco, CA 94016",May
206818,Google Phone,1,600.0,2019-05-11 12:01:00,"100 Forest St, Dallas, TX 75001",May
200175,Google Phone,1,600.0,2019-05-11 07:36:00,"489 Cherry St, Atlanta, GA 30301",May
208541,Google Phone,1,600.0,2019-05-17 11:00:00,"345 South St, Atlanta, GA 30301",May
195759,Google Phone,1,600.0,2019-05-11 18:37:00,"3 Wilson St, New York City, NY 10001",May
207294,Google Phone,1,600.0,2019-05-23 17:49:00,"237 Ridge St, Los Angeles, CA 90001",May
202527,Google Phone,1,600.0,2019-05-14 01:54:00,"959 Lincoln St, Austin, TX 73301",May
203954,Google Phone,1,600.0,2019-05-19 01:10:00,"867 5th St, New York City, NY 10001",May
206636,Google Phone,1,600.0,2019-05-27 15:49:00,"522 Ridge St, Los Angeles, CA 90001",May
208352,Google Phone,1,600.0,2019-05-04 16:38:00,"713 2nd St, San Francisco, CA 94016",May
197356,Google Phone,1,600.0,2019-05-04 09:22:00,"178 Main St, Atlanta, GA 30301",May
208735,Google Phone,1,600.0,2019-05-20 11:58:00,"514 5th St, Boston, MA 02215",May
195685,Google Phone,1,600.0,2019-05-30 18:06:00,"728 Maple St, Los Angeles, CA 90001",May
195777,Google Phone,1,600.0,2019-05-09 01:47:00,"332 Johnson St, Austin, TX 73301",May
205464,Google Phone,1,600.0,2019-05-19 22:47:00,"871 12th St, New York City, NY 10001",May
198456,Google Phone,1,600.0,2019-05-11 14:58:00,"938 Highland St, Los Angeles, CA 90001",May
206234,Google Phone,1,600.0,2019-05-10 00:50:00,"964 Pine St, New York City, NY 10001",May
195100,Google Phone,1,600.0,2019-05-22 21:20:00,"822 Main St, Los Angeles, CA 90001",May
203001,Google Phone,1,600.0,2019-05-05 10:31:00,"803 South St, Boston, MA 02215",May
200338,Google Phone,1,600.0,2019-05-04 23:47:00,"9 Wilson St, San Francisco, CA 94016",May
202651,Google Phone,1,600.0,2019-05-29 19:29:00,"815 1st St, New York City, NY 10001",May
209704,Google Phone,1,600.0,2019-05-14 12:31:00,"93 13th St, Dallas, TX 75001",May
218685,Google Phone,1,600.0,2019-06-12 10:25:00,"578 9th St, Boston, MA 02215",June
214768,Google Phone,1,600.0,2019-06-15 17:10:00,"370 West St, Los Angeles, CA 90001",June
212412,Google Phone,1,600.0,2019-06-08 17:07:00,"718 Forest St, San Francisco, CA 94016",June
213816,Google Phone,1,600.0,2019-06-19 16:44:00,"402 10th St, San Francisco, CA 94016",June
216974,Google Phone,1,600.0,2019-06-10 16:14:00,"379 Lakeview St, Dallas, TX 75001",June
222527,Google Phone,1,600.0,2019-06-05 13:47:00,"477 Jackson St, Seattle, WA 98101",June
215194,Google Phone,1,600.0,2019-06-05 13:23:00,"946 Walnut St, San Francisco, CA 94016",June
222355,Google Phone,1,600.0,2019-06-22 19:30:00,"804 9th St, San Francisco, CA 94016",June
212758,Google Phone,1,600.0,2019-06-14 04:17:00,"999 Jackson St, Austin, TX 73301",June
215186,Google Phone,1,600.0,2019-06-25 18:08:00,"743 Ridge St, Los Angeles, CA 90001",June
218822,Google Phone,1,600.0,2019-06-30 11:48:00,"624 Jefferson St, Los Angeles, CA 90001",June
221387,Google Phone,1,600.0,2019-06-20 22:47:00,"556 Center St, New York City, NY 10001",June
210942,Google Phone,1,600.0,2019-06-09 12:49:00,"837 Center St, Boston, MA 02215",June
219558,Google Phone,1,600.0,2019-06-29 13:26:00,"827 7th St, Seattle, WA 98101",June
210561,Google Phone,1,600.0,2019-06-16 08:52:00,"345 4th St, Boston, MA 02215",June
212897,Google Phone,1,600.0,2019-06-25 13:15:00,"194 8th St, Boston, MA 02215",June
215942,Google Phone,1,600.0,2019-06-21 19:47:00,"405 14th St, Los Angeles, CA 90001",June
219400,Google Phone,1,600.0,2019-06-21 19:53:00,"967 Madison St, San Francisco, CA 94016",June
220792,Google Phone,1,600.0,2019-06-01 10:01:00,"381 7th St, Dallas, TX 75001",June
213362,Google Phone,1,600.0,2019-06-03 18:47:00,"163 Elm St, San Francisco, CA 94016",June
211188,Google Phone,1,600.0,2019-06-22 14:56:00,"842 9th St, San Francisco, CA 94016",June
212257,Google Phone,1,600.0,2019-06-19 22:26:00,"622 Lakeview St, Seattle, WA 98101",June
221569,Google Phone,1,600.0,2019-06-07 00:08:00,"724 Dogwood St, New York City, NY 10001",June
211698,Google Phone,1,600.0,2019-06-11 22:24:00,"502 Ridge St, Boston, MA 02215",June
217460,Google Phone,1,600.0,2019-06-09 16:19:00,"413 8th St, San Francisco, CA 94016",June
210843,Google Phone,1,600.0,2019-06-03 12:08:00,"804 Jefferson St, New York City, NY 10001",June
210620,Google Phone,1,600.0,2019-06-05 12:25:00,"718 Pine St, San Francisco, CA 94016",June
214505,Google Phone,1,600.0,2019-06-19 18:32:00,"46 4th St, New York City, NY 10001",June
221924,Google Phone,1,600.0,2019-06-24 17:43:00,"85 11th St, San Francisco, CA 94016",June
210069,Google Phone,1,600.0,2019-06-11 06:26:00,"743 2nd St, New York City, NY 10001",June
221263,Google Phone,1,600.0,2019-06-19 17:25:00,"967 9th St, Portland, OR 97035",June
222290,Google Phone,1,600.0,2019-06-20 17:40:00,"627 Highland St, San Francisco, CA 94016",June
212326,Google Phone,1,600.0,2019-06-10 10:28:00,"308 Lake St, San Francisco, CA 94016",June
216337,Google Phone,1,600.0,2019-06-23 19:04:00,"348 South St, Los Angeles, CA 90001",June
211348,Google Phone,1,600.0,2019-06-06 08:55:00,"571 Jackson St, San Francisco, CA 94016",June
214447,Google Phone,1,600.0,2019-06-16 18:48:00,"965 Jackson St, New York City, NY 10001",June
210348,Google Phone,1,600.0,2019-06-01 19:52:00,"891 Lake St, Dallas, TX 75001",June
211959,Google Phone,1,600.0,2019-06-25 22:19:00,"594 Lincoln St, Boston, MA 02215",June
214588,Google Phone,1,600.0,2019-06-10 16:07:00,"82 Sunset St, San Francisco, CA 94016",June
210476,Google Phone,1,600.0,2019-06-24 10:53:00,"101 12th St, Atlanta, GA 30301",June
212543,Google Phone,1,600.0,2019-06-05 11:31:00,"566 Hill St, Seattle, WA 98101",June
219949,Google Phone,1,600.0,2019-06-19 22:54:00,"524 Washington St, Austin, TX 73301",June
222476,Google Phone,1,600.0,2019-06-19 18:18:00,"479 6th St, Los Angeles, CA 90001",June
210535,Google Phone,1,600.0,2019-06-19 19:14:00,"847 2nd St, San Francisco, CA 94016",June
218961,Google Phone,1,600.0,2019-06-22 00:08:00,"577 Park St, Seattle, WA 98101",June
220134,Google Phone,1,600.0,2019-06-28 23:32:00,"751 11th St, Atlanta, GA 30301",June
217420,Google Phone,1,600.0,2019-06-05 22:28:00,"443 South St, San Francisco, CA 94016",June
218595,Google Phone,1,600.0,2019-06-11 17:32:00,"911 Park St, Dallas, TX 75001",June
221022,Google Phone,1,600.0,2019-06-04 01:33:00,"500 13th St, New York City, NY 10001",June
221932,Google Phone,1,600.0,2019-06-21 12:10:00,"489 South St, Portland, OR 97035",June
212313,Google Phone,1,600.0,2019-06-18 15:58:00,"518 2nd St, Los Angeles, CA 90001",June
218930,Google Phone,1,600.0,2019-06-23 23:18:00,"478 West St, San Francisco, CA 94016",June
224945,Google Phone,1,600.0,2019-07-02 12:05:00,"264 Walnut St, New York City, NY 10001",July
231421,Google Phone,1,600.0,2019-07-19 13:45:00,"955 North St, New York City, NY 10001",July
233735,Google Phone,1,600.0,2019-07-26 13:45:00,"464 Sunset St, San Francisco, CA 94016",July
231572,Google Phone,1,600.0,2019-07-31 22:50:00,"824 Park St, Boston, MA 02215",July
227984,Google Phone,1,600.0,2019-07-22 11:25:00,"785 Hickory St, Los Angeles, CA 90001",July
232321,Google Phone,1,600.0,2019-07-09 19:30:00,"550 Church St, Boston, MA 02215",July
236451,Google Phone,1,600.0,2019-07-30 11:43:00,"293 Lakeview St, San Francisco, CA 94016",July
226129,Google Phone,1,600.0,2019-07-25 19:39:00,"475 Lake St, San Francisco, CA 94016",July
235155,Google Phone,1,600.0,2019-07-18 22:41:00,"790 6th St, Los Angeles, CA 90001",July
229075,Google Phone,1,600.0,2019-07-23 18:00:00,"809 Adams St, San Francisco, CA 94016",July
222928,Google Phone,1,600.0,2019-07-15 17:18:00,"524 Cherry St, San Francisco, CA 94016",July
224307,Google Phone,1,600.0,2019-07-22 21:01:00,"345 Wilson St, Los Angeles, CA 90001",July
226471,Google Phone,1,600.0,2019-07-07 18:14:00,"190 9th St, San Francisco, CA 94016",July
231381,Google Phone,1,600.0,2019-07-21 13:07:00,"441 Adams St, Dallas, TX 75001",July
226812,Google Phone,1,600.0,2019-07-28 11:24:00,"41 8th St, New York City, NY 10001",July
229723,Google Phone,1,600.0,2019-07-04 10:02:00,"641 Meadow St, New York City, NY 10001",July
231360,Google Phone,1,600.0,2019-07-19 20:39:00,"231 Church St, Boston, MA 02215",July
232253,Google Phone,1,600.0,2019-07-07 18:16:00,"771 13th St, Los Angeles, CA 90001",July
228243,Google Phone,1,600.0,2019-07-17 16:07:00,"301 Walnut St, New York City, NY 10001",July
230634,Google Phone,1,600.0,2019-07-30 00:04:00,"183 Wilson St, Los Angeles, CA 90001",July
223464,Google Phone,1,600.0,2019-07-25 20:58:00,"951 North St, Seattle, WA 98101",July
227940,Google Phone,1,600.0,2019-07-17 20:38:00,"925 14th St, Atlanta, GA 30301",July
227985,Google Phone,1,600.0,2019-07-08 14:46:00,"818 Hickory St, New York City, NY 10001",July
232989,Google Phone,1,600.0,2019-07-31 00:11:00,"141 Jefferson St, San Francisco, CA 94016",July
224375,Google Phone,1,600.0,2019-07-13 11:39:00,"549 Madison St, Boston, MA 02215",July
232881,Google Phone,1,600.0,2019-07-15 18:40:00,"370 7th St, Austin, TX 73301",July
224967,Google Phone,1,600.0,2019-07-02 14:24:00,"281 Wilson St, Dallas, TX 75001",July
232778,Google Phone,1,600.0,2019-07-05 01:42:00,"208 Church St, San Francisco, CA 94016",July
229414,Google Phone,1,600.0,2019-07-13 06:44:00,"64 Pine St, San Francisco, CA 94016",July
224730,Google Phone,1,600.0,2019-07-10 14:20:00,"608 5th St, San Francisco, CA 94016",July
227147,Google Phone,1,600.0,2019-07-03 13:09:00,"313 8th St, San Francisco, CA 94016",July
226249,Google Phone,1,600.0,2019-07-28 09:29:00,"373 12th St, San Francisco, CA 94016",July
223223,Google Phone,1,600.0,2019-07-20 09:53:00,"629 North St, Dallas, TX 75001",July
227284,Google Phone,1,600.0,2019-07-03 22:21:00,"618 12th St, San Francisco, CA 94016",July
230746,Google Phone,1,600.0,2019-07-13 08:58:00,"616 4th St, Atlanta, GA 30301",July
235512,Google Phone,1,600.0,2019-07-17 21:57:00,"938 North St, Portland, ME 04101",July
225106,Google Phone,1,600.0,2019-07-30 21:17:00,"870 Park St, Seattle, WA 98101",July
228728,Google Phone,1,600.0,2019-07-04 22:03:00,"683 Pine St, Los Angeles, CA 90001",July
232672,Google Phone,1,600.0,2019-07-23 18:53:00,"930 Johnson St, Boston, MA 02215",July
235205,Google Phone,1,600.0,2019-07-02 18:59:00,"864 Madison St, Dallas, TX 75001",July
224962,Google Phone,1,600.0,2019-07-23 20:50:00,"32 14th St, Seattle, WA 98101",July
229911,Google Phone,1,600.0,2019-07-21 16:50:00,"573 Forest St, Seattle, WA 98101",July
230496,Google Phone,1,600.0,2019-08-01 01:36:00,"402 7th St, Portland, ME 04101",August
230900,Google Phone,1,600.0,2019-07-26 11:11:00,"331 Forest St, San Francisco, CA 94016",July
232492,Google Phone,1,600.0,2019-07-12 18:48:00,"961 13th St, San Francisco, CA 94016",July
228225,Google Phone,1,600.0,2019-07-16 23:11:00,"276 2nd St, Dallas, TX 75001",July
229439,Google Phone,1,600.0,2019-07-31 14:18:00,"578 Cherry St, Boston, MA 02215",July
225301,Google Phone,1,600.0,2019-07-28 06:42:00,"367 2nd St, Los Angeles, CA 90001",July
226446,Google Phone,1,600.0,2019-07-03 13:42:00,"726 Maple St, Dallas, TX 75001",July
227404,Google Phone,1,600.0,2019-07-03 09:02:00,"653 Wilson St, Boston, MA 02215",July
230784,Google Phone,1,600.0,2019-07-29 12:58:00,"564 Church St, Austin, TX 73301",July
226982,Google Phone,1,600.0,2019-07-19 04:00:00,"696 Chestnut St, Boston, MA 02215",July
232317,Google Phone,1,600.0,2019-07-27 14:23:00,"680 Forest St, New York City, NY 10001",July
235686,Google Phone,1,600.0,2019-07-25 13:27:00,"960 8th St, Atlanta, GA 30301",July
228033,Google Phone,1,600.0,2019-07-16 12:18:00,"789 Lake St, Boston, MA 02215",July
231939,Google Phone,1,600.0,2019-07-01 20:04:00,"874 8th St, San Francisco, CA 94016",July
235123,Google Phone,1,600.0,2019-07-02 19:15:00,"189 Forest St, Boston, MA 02215",July
228510,Google Phone,1,600.0,2019-07-28 10:57:00,"844 Meadow St, Dallas, TX 75001",July
228640,Google Phone,1,600.0,2019-07-08 13:03:00,"847 1st St, Los Angeles, CA 90001",July
229833,Google Phone,1,600.0,2019-07-16 20:52:00,"202 Pine St, San Francisco, CA 94016",July
236706,Google Phone,1,600.0,2019-08-14 14:19:00,"621 North St, San Francisco, CA 94016",August
239940,Google Phone,1,600.0,2019-08-19 06:48:00,"514 Main St, New York City, NY 10001",August
241837,Google Phone,1,600.0,2019-08-20 17:21:00,"14 Cherry St, Los Angeles, CA 90001",August
246483,Google Phone,1,600.0,2019-08-30 22:41:00,"601 Meadow St, Los Angeles, CA 90001",August
242669,Google Phone,1,600.0,2019-08-11 15:52:00,"453 Forest St, San Francisco, CA 94016",August
237824,Google Phone,1,600.0,2019-08-21 20:25:00,"863 Lakeview St, San Francisco, CA 94016",August
244630,Google Phone,1,600.0,2019-08-04 10:41:00,"289 1st St, Austin, TX 73301",August
244995,Google Phone,1,600.0,2019-08-13 19:11:00,"684 Walnut St, San Francisco, CA 94016",August
244307,Google Phone,1,600.0,2019-08-18 17:03:00,"913 14th St, Dallas, TX 75001",August
245471,Google Phone,1,600.0,2019-08-05 08:27:00,"483 Lincoln St, New York City, NY 10001",August
244913,Google Phone,1,600.0,2019-08-14 12:59:00,"797 Forest St, New York City, NY 10001",August
243335,Google Phone,1,600.0,2019-08-02 22:02:00,"162 Cedar St, Los Angeles, CA 90001",August
243223,Google Phone,1,600.0,2019-08-26 15:25:00,"610 8th St, Dallas, TX 75001",August
243284,Google Phone,1,600.0,2019-08-17 18:30:00,"495 Walnut St, Los Angeles, CA 90001",August
243139,Google Phone,1,600.0,2019-08-08 19:18:00,"631 Hill St, Los Angeles, CA 90001",August
241164,Google Phone,1,600.0,2019-08-30 22:37:00,"277 Washington St, Los Angeles, CA 90001",August
238211,Google Phone,1,600.0,2019-08-08 11:33:00,"247 West St, Portland, OR 97035",August
244623,Google Phone,1,600.0,2019-08-20 18:27:00,"91 14th St, Los Angeles, CA 90001",August
241603,Google Phone,1,600.0,2019-08-11 20:20:00,"789 Park St, Boston, MA 02215",August
245681,Google Phone,1,600.0,2019-08-19 14:52:00,"591 14th St, New York City, NY 10001",August
245686,Google Phone,1,600.0,2019-08-10 18:15:00,"615 River St, San Francisco, CA 94016",August
236730,Google Phone,1,600.0,2019-08-02 10:17:00,"445 Lincoln St, New York City, NY 10001",August
244522,Google Phone,1,600.0,2019-08-20 07:23:00,"853 Washington St, Atlanta, GA 30301",August
240897,Google Phone,1,600.0,2019-08-05 16:37:00,"501 Meadow St, Boston, MA 02215",August
247524,Google Phone,1,600.0,2019-08-08 18:41:00,"267 Willow St, New York City, NY 10001",August
241313,Google Phone,1,600.0,2019-08-28 17:58:00,"849 9th St, New York City, NY 10001",August
241950,Google Phone,1,600.0,2019-08-06 07:44:00,"791 West St, Austin, TX 73301",August
243432,Google Phone,1,600.0,2019-08-26 11:46:00,"444 10th St, Atlanta, GA 30301",August
243927,Google Phone,1,600.0,2019-08-07 13:50:00,"784 Adams St, San Francisco, CA 94016",August
247093,Google Phone,1,600.0,2019-08-08 16:44:00,"36 Ridge St, Los Angeles, CA 90001",August
237288,Google Phone,1,600.0,2019-08-20 14:33:00,"45 6th St, San Francisco, CA 94016",August
242421,Google Phone,1,600.0,2019-08-06 08:52:00,"829 10th St, Boston, MA 02215",August
244247,Google Phone,1,600.0,2019-08-02 13:09:00,"842 River St, San Francisco, CA 94016",August
240610,Google Phone,1,600.0,2019-08-05 14:22:00,"331 Madison St, Seattle, WA 98101",August
242139,Google Phone,1,600.0,2019-08-23 20:42:00,"185 Lakeview St, San Francisco, CA 94016",August
242304,Google Phone,1,600.0,2019-08-19 16:49:00,"843 6th St, Atlanta, GA 30301",August
237320,Google Phone,1,600.0,2019-08-27 12:54:00,"281 South St, Portland, OR 97035",August
239698,Google Phone,1,600.0,2019-08-14 14:28:00,"483 Chestnut St, Los Angeles, CA 90001",August
244635,Google Phone,1,600.0,2019-08-28 07:42:00,"872 Cherry St, Seattle, WA 98101",August
246432,Google Phone,1,600.0,2019-08-25 18:57:00,"821 13th St, New York City, NY 10001",August
247342,Google Phone,1,600.0,2019-08-30 22:03:00,"475 West St, Dallas, TX 75001",August
246886,Google Phone,1,600.0,2019-08-17 13:20:00,"788 Lake St, Portland, OR 97035",August
237831,Google Phone,1,600.0,2019-08-13 18:56:00,"378 Adams St, San Francisco, CA 94016",August
238656,Google Phone,1,600.0,2019-08-25 01:08:00,"377 13th St, Portland, OR 97035",August
247422,Google Phone,1,600.0,2019-08-15 20:39:00,"54 9th St, Los Angeles, CA 90001",August
256476,Google Phone,1,600.0,2019-09-16 11:04:00,"635 Washington St, New York City, NY 10001",September
255430,Google Phone,1,600.0,2019-09-14 15:14:00,"718 Main St, Atlanta, GA 30301",September
249630,Google Phone,1,600.0,2019-09-06 11:01:00,"628 Lake St, Boston, MA 02215",September
250043,Google Phone,1,600.0,2019-09-27 14:20:00,"247 South St, Los Angeles, CA 90001",September
252706,Google Phone,1,600.0,2019-09-09 22:17:00,"268 Washington St, Los Angeles, CA 90001",September
252936,Google Phone,1,600.0,2019-09-10 17:50:00,"45 9th St, Los Angeles, CA 90001",September
250139,Google Phone,1,600.0,2019-10-01 00:53:00,"132 10th St, San Francisco, CA 94016",October
251787,Google Phone,1,600.0,2019-09-15 21:22:00,"189 1st St, Dallas, TX 75001",September
254110,Google Phone,1,600.0,2019-09-25 20:10:00,"252 13th St, Portland, OR 97035",September
250011,Google Phone,1,600.0,2019-09-10 15:45:00,"190 Willow St, New York City, NY 10001",September
254480,Google Phone,1,600.0,2019-09-24 17:57:00,"933 River St, Los Angeles, CA 90001",September
254045,Google Phone,1,600.0,2019-09-30 10:27:00,"633 Lincoln St, Boston, MA 02215",September
252635,Google Phone,1,600.0,2019-09-29 20:49:00,"437 Dogwood St, Los Angeles, CA 90001",September
254880,Google Phone,1,600.0,2019-09-14 14:48:00,"612 12th St, New York City, NY 10001",September
251663,Google Phone,1,600.0,2019-09-12 18:30:00,"837 Wilson St, Dallas, TX 75001",September
253822,Google Phone,1,600.0,2019-09-29 14:10:00,"95 Highland St, Boston, MA 02215",September
251439,Google Phone,1,600.0,2019-09-27 15:42:00,"961 Johnson St, Boston, MA 02215",September
254811,Google Phone,1,600.0,2019-09-18 08:33:00,"277 10th St, New York City, NY 10001",September
253228,Google Phone,1,600.0,2019-09-06 09:37:00,"11 11th St, Atlanta, GA 30301",September
254608,Google Phone,1,600.0,2019-09-04 21:46:00,"607 Forest St, San Francisco, CA 94016",September
256380,Google Phone,1,600.0,2019-09-07 10:24:00,"741 West St, San Francisco, CA 94016",September
256199,Google Phone,1,600.0,2019-09-16 18:38:00,"464 Highland St, Boston, MA 02215",September
259350,Google Phone,1,600.0,2019-09-30 13:49:00,"519 Maple St, San Francisco, CA 94016",September
254571,Google Phone,1,600.0,2019-09-12 01:45:00,"720 Ridge St, Los Angeles, CA 90001",September
257538,Google Phone,1,600.0,2019-09-22 04:37:00,"914 2nd St, San Francisco, CA 94016",September
257727,Google Phone,1,600.0,2019-09-02 09:52:00,"890 12th St, Seattle, WA 98101",September
249171,Google Phone,1,600.0,2019-09-26 06:39:00,"928 Main St, Atlanta, GA 30301",September
248696,Google Phone,1,600.0,2019-09-19 21:55:00,"676 Jefferson St, Atlanta, GA 30301",September
249536,Google Phone,1,600.0,2019-09-08 14:14:00,"90 12th St, New York City, NY 10001",September
250741,Google Phone,1,600.0,2019-09-16 17:38:00,"759 Dogwood St, San Francisco, CA 94016",September
253923,Google Phone,1,600.0,2019-09-16 14:25:00,"766 Main St, Boston, MA 02215",September
251587,Google Phone,1,600.0,2019-09-08 21:29:00,"381 7th St, Los Angeles, CA 90001",September
249328,Google Phone,1,600.0,2019-09-11 20:44:00,"123 14th St, New York City, NY 10001",September
254713,Google Phone,1,600.0,2019-09-08 17:27:00,"893 Pine St, Los Angeles, CA 90001",September
253159,Google Phone,1,600.0,2019-09-30 11:49:00,"670 Lincoln St, Seattle, WA 98101",September
253155,Google Phone,1,600.0,2019-09-29 01:03:00,"279 Dogwood St, Atlanta, GA 30301",September
256967,Google Phone,1,600.0,2019-09-05 08:32:00,"640 Lincoln St, Portland, OR 97035",September
257582,Google Phone,1,600.0,2019-09-20 10:06:00,"600 Spruce St, Boston, MA 02215",September
258885,Google Phone,1,600.0,2019-09-02 14:22:00,"85 South St, Los Angeles, CA 90001",September
248531,Google Phone,1,600.0,2019-09-10 23:46:00,"544 5th St, Dallas, TX 75001",September
258540,Google Phone,1,600.0,2019-09-22 12:18:00,"713 Lakeview St, Portland, ME 04101",September
259030,Google Phone,1,600.0,2019-09-27 20:03:00,"305 Spruce St, New York City, NY 10001",September
256177,Google Phone,1,600.0,2019-09-04 18:05:00,"494 Center St, Los Angeles, CA 90001",September
257316,Google Phone,1,600.0,2019-09-02 19:17:00,"673 South St, San Francisco, CA 94016",September
259258,Google Phone,1,600.0,2019-09-09 19:16:00,"849 Elm St, Boston, MA 02215",September
250067,Google Phone,1,600.0,2019-09-03 17:21:00,"316 Hill St, Dallas, TX 75001",September
251098,Google Phone,1,600.0,2019-09-19 19:15:00,"410 Sunset St, Boston, MA 02215",September
252521,Google Phone,1,600.0,2019-09-04 13:28:00,"324 4th St, Los Angeles, CA 90001",September
252868,Google Phone,1,600.0,2019-09-30 18:20:00,"284 Cherry St, New York City, NY 10001",September
248719,Google Phone,1,600.0,2019-09-22 19:07:00,"848 Forest St, Los Angeles, CA 90001",September
251458,Google Phone,1,600.0,2019-09-13 23:20:00,"484 Meadow St, Los Angeles, CA 90001",September
251851,Google Phone,1,600.0,2019-09-28 09:35:00,"930 Dogwood St, Seattle, WA 98101",September
253837,Google Phone,1,600.0,2019-09-30 21:11:00,"797 Sunset St, San Francisco, CA 94016",September
248611,Google Phone,1,600.0,2019-09-17 10:37:00,"448 Jackson St, New York City, NY 10001",September
254870,Google Phone,1,600.0,2019-09-22 10:54:00,"65 7th St, Los Angeles, CA 90001",September
259422,Google Phone,1,600.0,2019-10-05 04:53:00,"849 Ridge St, San Francisco, CA 94016",October
269606,Google Phone,1,600.0,2019-10-13 10:18:00,"426 9th St, New York City, NY 10001",October
270161,Google Phone,1,600.0,2019-10-29 13:04:00,"171 Chestnut St, Los Angeles, CA 90001",October
272413,Google Phone,1,600.0,2019-10-24 18:34:00,"891 Center St, New York City, NY 10001",October
262937,Google Phone,1,600.0,2019-10-01 08:38:00,"513 14th St, Boston, MA 02215",October
262806,Google Phone,1,600.0,2019-10-04 02:00:00,"930 Cherry St, Boston, MA 02215",October
276730,Google Phone,1,600.0,2019-10-24 00:15:00,"899 12th St, Seattle, WA 98101",October
262985,Google Phone,1,600.0,2019-10-06 05:34:00,"680 Ridge St, San Francisco, CA 94016",October
270001,Google Phone,1,600.0,2019-10-03 18:08:00,"40 River St, San Francisco, CA 94016",October
276492,Google Phone,1,600.0,2019-10-24 16:35:00,"614 Madison St, Los Angeles, CA 90001",October
260970,Google Phone,1,600.0,2019-10-21 19:33:00,"214 10th St, Los Angeles, CA 90001",October
269193,Google Phone,1,600.0,2019-10-20 22:52:00,"229 9th St, Atlanta, GA 30301",October
270000,Google Phone,1,600.0,2019-10-09 11:54:00,"140 Hill St, San Francisco, CA 94016",October
270735,Google Phone,1,600.0,2019-10-02 23:31:00,"662 Chestnut St, New York City, NY 10001",October
259519,Google Phone,1,600.0,2019-10-14 19:02:00,"448 11th St, Los Angeles, CA 90001",October
260499,Google Phone,1,600.0,2019-10-25 19:09:00,"521 11th St, San Francisco, CA 94016",October
278169,Google Phone,1,600.0,2019-10-07 11:27:00,"447 South St, Austin, TX 73301",October
262836,Google Phone,1,600.0,2019-10-24 08:48:00,"840 Willow St, New York City, NY 10001",October
267365,Google Phone,1,600.0,2019-10-13 02:42:00,"947 Jackson St, Portland, OR 97035",October
267835,Google Phone,1,600.0,2019-10-15 11:51:00,"431 Sunset St, San Francisco, CA 94016",October
275238,Google Phone,1,600.0,2019-10-24 14:04:00,"88 11th St, Los Angeles, CA 90001",October
277678,Google Phone,1,600.0,2019-10-07 22:33:00,"908 Jackson St, Los Angeles, CA 90001",October
262073,Google Phone,1,600.0,2019-10-20 15:19:00,"85 Pine St, San Francisco, CA 94016",October
269395,Google Phone,1,600.0,2019-10-13 08:35:00,"552 Sunset St, Dallas, TX 75001",October
270535,Google Phone,1,600.0,2019-10-18 11:58:00,"859 13th St, Atlanta, GA 30301",October
271870,Google Phone,1,600.0,2019-10-17 17:31:00,"890 6th St, Portland, OR 97035",October
274361,Google Phone,1,600.0,2019-10-08 20:18:00,"585 Hickory St, New York City, NY 10001",October
276303,Google Phone,1,600.0,2019-10-20 11:04:00,"988 12th St, Los Angeles, CA 90001",October
275077,Google Phone,1,600.0,2019-10-23 14:15:00,"91 Adams St, San Francisco, CA 94016",October
259854,Google Phone,1,600.0,2019-10-05 09:20:00,"777 10th St, Boston, MA 02215",October
262477,Google Phone,1,600.0,2019-10-02 08:08:00,"147 11th St, New York City, NY 10001",October
260796,Google Phone,1,600.0,2019-10-06 20:13:00,"94 14th St, Dallas, TX 75001",October
273406,Google Phone,1,600.0,2019-10-14 18:36:00,"516 Washington St, Seattle, WA 98101",October
260669,Google Phone,1,600.0,2019-10-16 12:55:00,"176 2nd St, Los Angeles, CA 90001",October
261813,Google Phone,1,600.0,2019-10-28 19:04:00,"433 Center St, New York City, NY 10001",October
269979,Google Phone,1,600.0,2019-10-18 11:44:00,"83 14th St, Dallas, TX 75001",October
271779,Google Phone,1,600.0,2019-10-03 12:30:00,"230 6th St, Seattle, WA 98101",October
267611,Google Phone,1,600.0,2019-10-29 20:21:00,"788 4th St, Seattle, WA 98101",October
268808,Google Phone,1,600.0,2019-10-02 19:54:00,"36 Church St, Boston, MA 02215",October
269645,Google Phone,1,600.0,2019-10-29 20:48:00,"736 Lincoln St, San Francisco, CA 94016",October
262019,Google Phone,1,600.0,2019-10-22 00:18:00,"280 Chestnut St, Boston, MA 02215",October
262892,Google Phone,1,600.0,2019-10-14 21:44:00,"390 Park St, San Francisco, CA 94016",October
278158,Google Phone,1,600.0,2019-10-19 21:13:00,"58 Elm St, Portland, OR 97035",October
278619,Google Phone,1,600.0,2019-10-04 15:29:00,"37 Lakeview St, Portland, OR 97035",October
276626,Google Phone,1,600.0,2019-10-03 08:18:00,"177 Dogwood St, New York City, NY 10001",October
277546,Google Phone,1,600.0,2019-10-18 15:55:00,"808 Maple St, Austin, TX 73301",October
277756,Google Phone,1,600.0,2019-10-05 13:12:00,"163 6th St, San Francisco, CA 94016",October
259553,Google Phone,1,600.0,2019-10-04 13:30:00,"149 Cedar St, Portland, OR 97035",October
260579,Google Phone,1,600.0,2019-10-14 22:40:00,"245 Adams St, Los Angeles, CA 90001",October
266347,Google Phone,1,600.0,2019-10-14 04:18:00,"302 8th St, Atlanta, GA 30301",October
261211,Google Phone,1,600.0,2019-10-18 11:53:00,"687 West St, Boston, MA 02215",October
265414,Google Phone,1,600.0,2019-10-22 10:54:00,"130 Lincoln St, Dallas, TX 75001",October
275955,Google Phone,1,600.0,2019-10-03 15:25:00,"993 Meadow St, New York City, NY 10001",October
268506,Google Phone,1,600.0,2019-10-03 02:36:00,"120 Hickory St, San Francisco, CA 94016",October
268978,Google Phone,1,600.0,2019-10-26 18:18:00,"449 Meadow St, Austin, TX 73301",October
277281,Google Phone,1,600.0,2019-10-06 02:52:00,"765 West St, Seattle, WA 98101",October
261640,Google Phone,1,600.0,2019-10-11 13:09:00,"161 Lakeview St, Dallas, TX 75001",October
268455,Google Phone,1,600.0,2019-10-13 20:29:00,"103 Cedar St, Atlanta, GA 30301",October
278256,Google Phone,1,600.0,2019-10-02 07:18:00,"909 Church St, Seattle, WA 98101",October
269757,Google Phone,1,600.0,2019-10-18 09:38:00,"866 8th St, Los Angeles, CA 90001",October
275373,Google Phone,1,600.0,2019-10-31 14:36:00,"725 Dogwood St, Portland, OR 97035",October
259655,Google Phone,1,600.0,2019-10-13 14:41:00,"154 Johnson St, New York City, NY 10001",October
261227,Google Phone,1,600.0,2019-10-01 12:23:00,"622 Elm St, Boston, MA 02215",October
262031,Google Phone,1,600.0,2019-10-26 16:21:00,"281 10th St, New York City, NY 10001",October
265048,Google Phone,1,600.0,2019-10-05 08:08:00,"27 5th St, Boston, MA 02215",October
268966,Google Phone,1,600.0,2019-10-02 21:46:00,"472 6th St, New York City, NY 10001",October
263107,Google Phone,1,600.0,2019-10-28 12:33:00,"343 11th St, Los Angeles, CA 90001",October
270802,Google Phone,1,600.0,2019-10-07 10:11:00,"897 Lake St, San Francisco, CA 94016",October
275808,Google Phone,1,600.0,2019-10-13 17:01:00,"777 Lincoln St, Boston, MA 02215",October
262793,Google Phone,1,600.0,2019-10-15 01:37:00,"361 Lincoln St, New York City, NY 10001",October
277875,Google Phone,1,600.0,2019-10-01 19:47:00,"529 10th St, Los Angeles, CA 90001",October
263138,Google Phone,1,600.0,2019-10-11 21:18:00,"52 13th St, Boston, MA 02215",October
273729,Google Phone,1,600.0,2019-10-06 12:20:00,"578 9th St, Seattle, WA 98101",October
277468,Google Phone,1,600.0,2019-10-01 08:08:00,"462 9th St, New York City, NY 10001",October
277905,Google Phone,1,600.0,2019-10-22 22:09:00,"978 North St, New York City, NY 10001",October
270280,Google Phone,1,600.0,2019-10-21 21:29:00,"72 Cherry St, San Francisco, CA 94016",October
278266,Google Phone,1,600.0,2019-10-21 07:34:00,"490 Church St, New York City, NY 10001",October
287036,Google Phone,1,600.0,2019-11-24 19:06:00,"197 4th St, New York City, NY 10001",November
290988,Google Phone,1,600.0,2019-11-22 01:26:00,"779 Ridge St, Dallas, TX 75001",November
279474,Google Phone,1,600.0,2019-11-21 10:04:00,"840 Ridge St, Los Angeles, CA 90001",November
285530,Google Phone,1,600.0,2019-11-22 19:39:00,"762 12th St, Seattle, WA 98101",November
282726,Google Phone,1,600.0,2019-11-14 18:48:00,"690 6th St, San Francisco, CA 94016",November
292602,Google Phone,1,600.0,2019-11-29 16:08:00,"545 12th St, New York City, NY 10001",November
294056,Google Phone,1,600.0,2019-11-04 20:55:00,"345 5th St, San Francisco, CA 94016",November
295101,Google Phone,1,600.0,2019-11-30 13:53:00,"133 6th St, Portland, OR 97035",November
285585,Google Phone,1,600.0,2019-11-13 02:24:00,"754 Washington St, Los Angeles, CA 90001",November
291432,Google Phone,1,600.0,2019-11-26 14:15:00,"297 North St, San Francisco, CA 94016",November
287751,Google Phone,1,600.0,2019-11-20 11:06:00,"44 2nd St, Atlanta, GA 30301",November
281386,Google Phone,1,600.0,2019-11-17 20:48:00,"738 Church St, New York City, NY 10001",November
282418,Google Phone,1,600.0,2019-11-13 19:37:00,"753 Lakeview St, Dallas, TX 75001",November
287577,Google Phone,1,600.0,2019-11-20 18:28:00,"796 Lake St, San Francisco, CA 94016",November
292974,Google Phone,1,600.0,2019-11-24 15:40:00,"87 Hill St, Dallas, TX 75001",November
293355,Google Phone,1,600.0,2019-11-10 15:02:00,"856 Hill St, San Francisco, CA 94016",November
286291,Google Phone,1,600.0,2019-11-07 18:14:00,"407 River St, New York City, NY 10001",November
290172,Google Phone,1,600.0,2019-11-22 12:01:00,"466 Jefferson St, Boston, MA 02215",November
284158,Google Phone,1,600.0,2019-11-09 18:33:00,"110 Willow St, San Francisco, CA 94016",November
284576,Google Phone,1,600.0,2019-11-19 12:33:00,"706 Jackson St, Boston, MA 02215",November
288078,Google Phone,1,600.0,2019-11-26 09:41:00,"822 Church St, Atlanta, GA 30301",November
293188,Google Phone,1,600.0,2019-11-19 14:37:00,"992 Elm St, New York City, NY 10001",November
294598,Google Phone,1,600.0,2019-11-02 12:22:00,"283 Jefferson St, Atlanta, GA 30301",November
283344,Google Phone,1,600.0,2019-11-18 17:33:00,"458 Spruce St, San Francisco, CA 94016",November
286190,Google Phone,1,600.0,2019-11-12 10:51:00,"218 West St, San Francisco, CA 94016",November
287384,Google Phone,1,600.0,2019-11-11 18:08:00,"772 Madison St, Boston, MA 02215",November
287708,Google Phone,1,600.0,2019-11-06 17:47:00,"97 Jefferson St, Los Angeles, CA 90001",November
287887,Google Phone,1,600.0,2019-11-08 12:20:00,"838 River St, New York City, NY 10001",November
289274,Google Phone,1,600.0,2019-11-30 08:22:00,"566 Dogwood St, San Francisco, CA 94016",November
281866,Google Phone,1,600.0,2019-11-03 14:45:00,"450 Jackson St, New York City, NY 10001",November
291281,Google Phone,1,600.0,2019-11-16 15:11:00,"7 Church St, Los Angeles, CA 90001",November
283530,Google Phone,1,600.0,2019-11-01 19:04:00,"899 11th St, Los Angeles, CA 90001",November
286742,Google Phone,1,600.0,2019-11-13 19:59:00,"181 West St, San Francisco, CA 94016",November
287004,Google Phone,1,600.0,2019-11-22 23:51:00,"612 Jefferson St, San Francisco, CA 94016",November
294623,Google Phone,1,600.0,2019-11-23 12:31:00,"868 Sunset St, New York City, NY 10001",November
279893,Google Phone,1,600.0,2019-11-23 21:00:00,"226 Elm St, San Francisco, CA 94016",November
282166,Google Phone,1,600.0,2019-11-10 18:51:00,"431 Hill St, Los Angeles, CA 90001",November
283868,Google Phone,1,600.0,2019-11-20 16:52:00,"351 River St, New York City, NY 10001",November
286381,Google Phone,1,600.0,2019-11-19 13:16:00,"512 Elm St, Atlanta, GA 30301",November
291030,Google Phone,1,600.0,2019-11-20 18:25:00,"467 Forest St, Los Angeles, CA 90001",November
294453,Google Phone,1,600.0,2019-11-11 07:34:00,"946 6th St, Atlanta, GA 30301",November
281967,Google Phone,1,600.0,2019-11-16 21:11:00,"658 Main St, San Francisco, CA 94016",November
287614,Google Phone,1,600.0,2019-11-29 17:45:00,"406 River St, Atlanta, GA 30301",November
279565,Google Phone,1,600.0,2019-11-16 21:11:00,"198 8th St, Seattle, WA 98101",November
292016,Google Phone,1,600.0,2019-11-15 09:26:00,"349 Elm St, Austin, TX 73301",November
283880,Google Phone,1,600.0,2019-11-27 17:20:00,"518 9th St, New York City, NY 10001",November
281625,Google Phone,1,600.0,2019-11-14 02:17:00,"774 Pine St, Boston, MA 02215",November
285939,Google Phone,1,600.0,2019-11-04 13:31:00,"161 13th St, Los Angeles, CA 90001",November
280415,Google Phone,1,600.0,2019-11-11 22:14:00,"880 Church St, Los Angeles, CA 90001",November
294927,Google Phone,1,600.0,2019-11-12 21:29:00,"564 Chestnut St, Seattle, WA 98101",November
279595,Google Phone,1,600.0,2019-11-01 07:26:00,"74 Ridge St, Seattle, WA 98101",November
279338,Google Phone,1,600.0,2019-11-22 02:45:00,"876 Dogwood St, Los Angeles, CA 90001",November
279713,Google Phone,1,600.0,2019-11-27 15:38:00,"4 7th St, Los Angeles, CA 90001",November
295281,Google Phone,1,600.0,2019-11-13 06:44:00,"69 Pine St, Boston, MA 02215",November
291509,Google Phone,1,600.0,2019-11-09 15:40:00,"992 Spruce St, Boston, MA 02215",November
293697,Google Phone,1,600.0,2019-11-29 19:07:00,"98 Jefferson St, Boston, MA 02215",November
281952,Google Phone,1,600.0,2019-11-04 14:48:00,"244 10th St, Atlanta, GA 30301",November
282656,Google Phone,1,600.0,2019-11-21 14:57:00,"907 5th St, San Francisco, CA 94016",November
286063,Google Phone,1,600.0,2019-11-27 14:58:00,"759 Main St, San Francisco, CA 94016",November
290493,Google Phone,1,600.0,2019-11-28 08:07:00,"631 4th St, Seattle, WA 98101",November
290495,Google Phone,1,600.0,2019-11-05 10:51:00,"451 Hickory St, Portland, OR 97035",November
283318,Google Phone,1,600.0,2019-11-20 11:23:00,"980 4th St, Boston, MA 02215",November
291815,Google Phone,1,600.0,2019-11-10 09:52:00,"211 Chestnut St, San Francisco, CA 94016",November
283898,Google Phone,1,600.0,2019-11-14 07:37:00,"412 14th St, Los Angeles, CA 90001",November
291814,Google Phone,1,600.0,2019-11-24 15:11:00,"833 Hickory St, Seattle, WA 98101",November
281402,Google Phone,1,600.0,2019-11-28 10:57:00,"497 Pine St, San Francisco, CA 94016",November
286112,Google Phone,1,600.0,2019-11-14 00:06:00,"263 Johnson St, New York City, NY 10001",November
288484,Google Phone,1,600.0,2019-11-24 19:27:00,"24 Lincoln St, Austin, TX 73301",November
289859,Google Phone,1,600.0,2019-11-04 23:28:00,"676 Ridge St, New York City, NY 10001",November
295312,Google Phone,1,600.0,2019-11-05 09:42:00,"877 River St, Los Angeles, CA 90001",November
280074,Google Phone,1,600.0,2019-11-07 05:54:00,"156 Adams St, Dallas, TX 75001",November
283561,Google Phone,1,600.0,2019-11-24 09:50:00,"18 West St, New York City, NY 10001",November
294776,Google Phone,1,600.0,2019-11-23 19:11:00,"758 Center St, Boston, MA 02215",November
281521,Google Phone,1,600.0,2019-11-22 16:33:00,"790 4th St, Seattle, WA 98101",November
290095,Google Phone,1,600.0,2019-11-17 20:03:00,"347 2nd St, Atlanta, GA 30301",November
292010,Google Phone,1,600.0,2019-11-02 12:58:00,"76 Ridge St, Atlanta, GA 30301",November
292714,Google Phone,1,600.0,2019-11-20 22:04:00,"35 Madison St, Austin, TX 73301",November
308865,Google Phone,1,600.0,2019-12-31 21:08:00,"307 6th St, San Francisco, CA 94016",December
296471,Google Phone,1,600.0,2019-12-13 10:16:00,"510 Elm St, Dallas, TX 75001",December
303346,Google Phone,1,600.0,2019-12-17 12:40:00,"781 Pine St, New York City, NY 10001",December
305952,Google Phone,1,600.0,2019-12-21 10:35:00,"481 Hill St, San Francisco, CA 94016",December
310806,Google Phone,1,600.0,2019-12-25 01:28:00,"130 11th St, New York City, NY 10001",December
316517,Google Phone,1,600.0,2019-12-16 17:51:00,"484 Spruce St, San Francisco, CA 94016",December
302639,Google Phone,1,600.0,2019-12-03 19:08:00,"121 Washington St, New York City, NY 10001",December
310955,Google Phone,1,600.0,2019-12-26 17:43:00,"752 14th St, San Francisco, CA 94016",December
311541,Google Phone,1,600.0,2019-12-04 08:12:00,"96 River St, Austin, TX 73301",December
317198,Google Phone,1,600.0,2019-12-23 23:43:00,"977 Sunset St, San Francisco, CA 94016",December
300258,Google Phone,1,600.0,2019-12-15 13:42:00,"381 Main St, New York City, NY 10001",December
300845,Google Phone,1,600.0,2019-12-13 20:02:00,"866 Park St, San Francisco, CA 94016",December
301981,Google Phone,1,600.0,2019-12-01 17:16:00,"447 Maple St, Atlanta, GA 30301",December
302688,Google Phone,1,600.0,2019-12-11 09:30:00,"997 4th St, Portland, OR 97035",December
311900,Google Phone,1,600.0,2019-12-13 08:34:00,"962 Jefferson St, Atlanta, GA 30301",December
316626,Google Phone,1,600.0,2019-12-21 10:03:00,"400 Forest St, Los Angeles, CA 90001",December
313568,Google Phone,1,600.0,2019-12-10 10:37:00,"819 South St, New York City, NY 10001",December
317678,Google Phone,1,600.0,2019-12-01 14:32:00,"494 Lakeview St, New York City, NY 10001",December
296615,Google Phone,1,600.0,2019-12-20 18:35:00,"909 Ridge St, San Francisco, CA 94016",December
319142,Google Phone,1,600.0,2019-12-19 00:49:00,"531 Church St, Austin, TX 73301",December
312261,Google Phone,1,600.0,2019-12-16 23:52:00,"48 North St, Seattle, WA 98101",December
302860,Google Phone,1,600.0,2019-12-31 16:17:00,"490 Center St, Dallas, TX 75001",December
303429,Google Phone,1,600.0,2019-12-16 13:28:00,"545 Spruce St, Los Angeles, CA 90001",December
317138,Google Phone,1,600.0,2019-12-03 19:45:00,"494 Pine St, San Francisco, CA 94016",December
310486,Google Phone,1,600.0,2019-12-17 15:05:00,"230 10th St, Los Angeles, CA 90001",December
312438,Google Phone,1,600.0,2019-12-09 17:26:00,"190 Hickory St, Los Angeles, CA 90001",December
302924,Google Phone,1,600.0,2019-12-30 10:15:00,"63 Center St, San Francisco, CA 94016",December
306007,Google Phone,1,600.0,2019-12-28 15:13:00,"546 Main St, Dallas, TX 75001",December
311598,Google Phone,1,600.0,2019-12-21 18:20:00,"274 Washington St, New York City, NY 10001",December
314620,Google Phone,1,600.0,2019-12-11 15:03:00,"849 12th St, Dallas, TX 75001",December
296347,Google Phone,1,600.0,2019-12-08 13:43:00,"65 11th St, Boston, MA 02215",December
300105,Google Phone,1,600.0,2019-12-07 20:13:00,"423 12th St, San Francisco, CA 94016",December
314332,Google Phone,1,600.0,2019-12-30 21:49:00,"50 Sunset St, Seattle, WA 98101",December
296922,Google Phone,1,600.0,2019-12-03 13:39:00,"146 5th St, San Francisco, CA 94016",December
314641,Google Phone,1,600.0,2019-12-09 16:48:00,"71 Main St, Los Angeles, CA 90001",December
314682,Google Phone,1,600.0,2019-12-17 20:55:00,"267 13th St, San Francisco, CA 94016",December
315256,Google Phone,1,600.0,2019-12-23 14:50:00,"159 5th St, Los Angeles, CA 90001",December
299164,Google Phone,1,600.0,2019-12-14 17:21:00,"594 6th St, San Francisco, CA 94016",December
303347,Google Phone,1,600.0,2019-12-22 20:07:00,"427 Walnut St, Los Angeles, CA 90001",December
304074,Google Phone,1,600.0,2019-12-15 16:42:00,"731 Adams St, San Francisco, CA 94016",December
306350,Google Phone,1,600.0,2019-12-24 13:49:00,"794 Hickory St, Los Angeles, CA 90001",December
314824,Google Phone,1,600.0,2019-12-28 16:01:00,"525 Elm St, New York City, NY 10001",December
296391,Google Phone,1,600.0,2019-12-10 11:50:00,"183 2nd St, San Francisco, CA 94016",December
298214,Google Phone,1,600.0,2019-12-18 16:16:00,"330 Elm St, San Francisco, CA 94016",December
299607,Google Phone,1,600.0,2019-12-16 16:17:00,"919 Main St, Atlanta, GA 30301",December
307091,Google Phone,1,600.0,2019-12-09 07:04:00,"996 Maple St, New York City, NY 10001",December
296529,Google Phone,1,600.0,2019-12-09 15:37:00,"717 14th St, Atlanta, GA 30301",December
304733,Google Phone,1,600.0,2019-12-26 02:04:00,"854 Dogwood St, Austin, TX 73301",December
310753,Google Phone,1,600.0,2019-12-20 17:55:00,"27 Ridge St, Austin, TX 73301",December
315831,Google Phone,1,600.0,2019-12-24 20:24:00,"848 Maple St, Los Angeles, CA 90001",December
316469,Google Phone,1,600.0,2019-12-04 15:09:00,"954 South St, San Francisco, CA 94016",December
298263,Google Phone,1,600.0,2019-12-25 20:16:00,"333 Maple St, San Francisco, CA 94016",December
301982,Google Phone,1,600.0,2019-12-12 10:55:00,"237 South St, Austin, TX 73301",December
306225,Google Phone,1,600.0,2019-12-02 21:13:00,"581 5th St, Dallas, TX 75001",December
299024,Google Phone,1,600.0,2019-12-30 19:25:00,"65 Ridge St, Boston, MA 02215",December
301120,Google Phone,1,600.0,2019-12-16 09:03:00,"897 11th St, Boston, MA 02215",December
303593,Google Phone,1,600.0,2019-12-14 01:02:00,"87 River St, San Francisco, CA 94016",December
301793,Google Phone,1,600.0,2019-12-14 18:46:00,"29 North St, Seattle, WA 98101",December
312425,Google Phone,1,600.0,2019-12-27 14:18:00,"696 Main St, Seattle, WA 98101",December
314107,Google Phone,1,600.0,2019-12-27 21:53:00,"417 Main St, Dallas, TX 75001",December
301727,Google Phone,1,600.0,2019-12-16 20:49:00,"450 Wilson St, Seattle, WA 98101",December
311544,Google Phone,1,600.0,2019-12-24 20:20:00,"880 Church St, Atlanta, GA 30301",December
298676,Google Phone,1,600.0,2019-12-16 10:54:00,"383 Johnson St, Atlanta, GA 30301",December
303370,Google Phone,1,600.0,2019-12-28 20:11:00,"711 Ridge St, Los Angeles, CA 90001",December
303913,Google Phone,1,600.0,2019-12-17 17:43:00,"497 Church St, Boston, MA 02215",December
305339,Google Phone,1,600.0,2019-12-07 20:17:00,"658 River St, New York City, NY 10001",December
311727,Google Phone,1,600.0,2019-12-16 11:20:00,"198 Lake St, Seattle, WA 98101",December
316128,Google Phone,1,600.0,2019-12-06 12:13:00,"8 Church St, Portland, OR 97035",December
318625,Google Phone,1,600.0,2019-12-11 13:10:00,"632 13th St, Atlanta, GA 30301",December
186947,Google Phone,1,600.0,2019-04-05 05:22:00,"912 Johnson St, San Francisco, CA 94016",April
205271,Google Phone,1,600.0,2019-05-21 13:26:00,"49 5th St, Dallas, TX 75001",May
217300,Google Phone,1,600.0,2019-06-15 15:35:00,"646 Hill St, Dallas, TX 75001",June
230937,Google Phone,1,600.0,2019-07-06 15:53:00,"461 14th St, Portland, OR 97035",July
230354,Google Phone,1,600.0,2019-07-25 14:18:00,"430 13th St, Austin, TX 73301",July
224311,Google Phone,1,600.0,2019-07-10 20:09:00,"83 Chestnut St, Atlanta, GA 30301",July
247589,Google Phone,1,600.0,2019-08-17 12:08:00,"585 12th St, Portland, OR 97035",August
247666,Google Phone,1,600.0,2019-08-17 08:05:00,"782 Forest St, San Francisco, CA 94016",August
255581,Google Phone,1,600.0,2019-09-29 19:29:00,"331 Meadow St, Boston, MA 02215",September
258290,Google Phone,1,600.0,2019-09-01 23:31:00,"671 Lake St, Atlanta, GA 30301",September
263719,Google Phone,1,600.0,2019-10-28 11:44:00,"404 7th St, San Francisco, CA 94016",October
275032,Google Phone,1,600.0,2019-10-13 12:34:00,"47 Washington St, Portland, OR 97035",October
266135,Google Phone,1,600.0,2019-11-01 01:10:00,"551 Cherry St, Dallas, TX 75001",November
288727,Google Phone,1,600.0,2019-11-21 07:59:00,"806 Cedar St, Boston, MA 02215",November
315322,Google Phone,1,600.0,2019-12-23 08:46:00,"741 Wilson St, San Francisco, CA 94016",December
308308,Google Phone,1,600.0,2019-12-18 15:08:00,"914 Elm St, San Francisco, CA 94016",December
298662,Google Phone,1,600.0,2019-12-09 09:39:00,"54 Hickory St, San Francisco, CA 94016",December
307252,Google Phone,1,600.0,2019-12-08 11:48:00,"880 Forest St, New York City, NY 10001",December
314289,Google Phone,1,600.0,2019-12-04 15:54:00,"730 Park St, Boston, MA 02215",December
309213,Google Phone,1,600.0,2019-12-01 03:10:00,"694 11th St, Portland, OR 97035",December
316935,Google Phone,1,600.0,2019-12-27 11:42:00,"550 Washington St, San Francisco, CA 94016",December
299257,Google Phone,1,600.0,2019-12-30 10:01:00,"728 1st St, New York City, NY 10001",December
299756,Google Phone,1,600.0,2019-12-14 08:38:00,"564 Johnson St, San Francisco, CA 94016",December
305295,Google Phone,1,600.0,2019-12-23 20:59:00,"618 Elm St, San Francisco, CA 94016",December
309971,Google Phone,1,600.0,2019-12-29 03:20:00,"633 Meadow St, Austin, TX 73301",December
318443,Google Phone,1,600.0,2019-12-11 07:34:00,"607 Chestnut St, San Francisco, CA 94016",December
297345,Google Phone,1,600.0,2019-12-02 13:39:00,"88 8th St, Atlanta, GA 30301",December
299540,Google Phone,1,600.0,2019-12-20 13:20:00,"321 Wilson St, Portland, OR 97035",December
302428,Google Phone,1,600.0,2019-12-18 21:10:00,"896 Jackson St, Atlanta, GA 30301",December
309821,Google Phone,1,600.0,2019-12-08 00:59:00,"689 Hickory St, Atlanta, GA 30301",December
312480,Google Phone,1,600.0,2019-12-20 16:40:00,"442 8th St, New York City, NY 10001",December
306219,Google Phone,1,600.0,2019-12-26 14:56:00,"470 Lakeview St, Portland, OR 97035",December
302127,Google Phone,1,600.0,2019-12-21 19:36:00,"658 Hill St, San Francisco, CA 94016",December
302991,Google Phone,1,600.0,2019-12-26 07:48:00,"605 Washington St, Los Angeles, CA 90001",December
306384,Google Phone,1,600.0,2019-12-16 16:53:00,"869 Lincoln St, Dallas, TX 75001",December
307253,Google Phone,1,600.0,2019-12-01 15:17:00,"883 14th St, San Francisco, CA 94016",December
308206,Google Phone,1,600.0,2019-12-18 15:21:00,"623 13th St, Boston, MA 02215",December
311352,Google Phone,1,600.0,2019-12-23 09:43:00,"82 Sunset St, San Francisco, CA 94016",December
312206,Google Phone,1,600.0,2019-12-13 20:37:00,"225 Madison St, Austin, TX 73301",December
313956,Google Phone,1,600.0,2019-12-11 09:48:00,"261 Hill St, Austin, TX 73301",December
299416,Google Phone,1,600.0,2019-12-31 19:48:00,"950 Center St, Boston, MA 02215",December
300464,Google Phone,1,600.0,2019-12-07 16:17:00,"532 Pine St, Los Angeles, CA 90001",December
305892,Google Phone,1,600.0,2019-12-28 21:55:00,"551 14th St, New York City, NY 10001",December
308941,Google Phone,1,600.0,2019-12-30 11:52:00,"477 9th St, Seattle, WA 98101",December
309642,Google Phone,1,600.0,2019-12-31 00:46:00,"843 Church St, Boston, MA 02215",December
310769,Google Phone,1,600.0,2019-12-02 12:20:00,"346 11th St, San Francisco, CA 94016",December
313612,Google Phone,1,600.0,2019-12-22 16:40:00,"161 1st St, Atlanta, GA 30301",December
312728,Google Phone,1,600.0,2019-12-13 15:36:00,"287 Jackson St, San Francisco, CA 94016",December
319313,Google Phone,1,600.0,2019-12-01 19:46:00,"683 Spruce St, Portland, ME 04101",December
314966,Google Phone,1,600.0,2019-12-14 15:37:00,"321 Highland St, Los Angeles, CA 90001",December
302374,Google Phone,1,600.0,2019-12-24 21:17:00,"668 Lake St, New York City, NY 10001",December
303810,Google Phone,1,600.0,2019-12-07 11:42:00,"980 Lake St, Boston, MA 02215",December
305304,Google Phone,1,600.0,2019-12-30 20:18:00,"524 2nd St, Los Angeles, CA 90001",December
312116,Google Phone,1,600.0,2019-12-15 09:54:00,"26 Willow St, Austin, TX 73301",December
317131,Google Phone,1,600.0,2019-12-12 19:30:00,"682 Main St, San Francisco, CA 94016",December
303357,Google Phone,1,600.0,2019-12-25 14:10:00,"120 6th St, San Francisco, CA 94016",December
318902,Google Phone,1,600.0,2019-12-14 12:16:00,"837 5th St, San Francisco, CA 94016",December
300314,Google Phone,1,600.0,2019-12-18 14:46:00,"969 Spruce St, Seattle, WA 98101",December
148721,Google Phone,1,600.0,2019-01-04 15:01:00,"94 9th St, Los Angeles, CA 90001",January
141506,Google Phone,1,600.0,2019-01-24 19:03:00,"463 10th St, Atlanta, GA 30301",January
146168,Google Phone,1,600.0,2019-01-22 01:01:00,"277 Washington St, San Francisco, CA 94016",January
147401,Google Phone,1,600.0,2019-01-20 16:08:00,"78 Washington St, Portland, ME 04101",January
150461,Google Phone,1,600.0,2019-01-04 19:45:00,"796 5th St, Dallas, TX 75001",January
145836,Google Phone,1,600.0,2019-01-22 08:50:00,"592 Adams St, Boston, MA 02215",January
146151,Google Phone,1,600.0,2019-01-29 15:30:00,"492 Jefferson St, Los Angeles, CA 90001",January
149705,Google Phone,1,600.0,2019-01-18 21:02:00,"285 Johnson St, Boston, MA 02215",January
147824,Google Phone,1,600.0,2019-01-27 23:33:00,"856 Adams St, Boston, MA 02215",January
145491,Google Phone,1,600.0,2019-01-11 16:44:00,"286 Maple St, New York City, NY 10001",January
141384,Google Phone,1,600.0,2019-01-03 00:14:00,"223 Jackson St, Boston, MA 02215",January
141500,Google Phone,1,600.0,2019-01-12 11:56:00,"235 Walnut St, New York City, NY 10001",January
145092,Google Phone,1,600.0,2019-01-15 18:14:00,"282 2nd St, New York City, NY 10001",January
147816,Google Phone,1,600.0,2019-01-11 08:19:00,"787 Chestnut St, Dallas, TX 75001",January
142308,Google Phone,1,600.0,2019-01-13 14:41:00,"767 Sunset St, San Francisco, CA 94016",January
146080,Google Phone,1,600.0,2019-01-16 18:38:00,"364 Main St, Los Angeles, CA 90001",January
147574,Google Phone,1,600.0,2019-01-01 11:10:00,"472 14th St, Los Angeles, CA 90001",January
142128,Google Phone,1,600.0,2019-01-20 02:57:00,"752 2nd St, Austin, TX 73301",January
149430,Google Phone,1,600.0,2019-01-17 20:12:00,"659 Church St, San Francisco, CA 94016",January
143571,Google Phone,1,600.0,2019-01-12 09:31:00,"975 Meadow St, Boston, MA 02215",January
149505,Google Phone,1,600.0,2019-01-14 10:06:00,"326 Pine St, Seattle, WA 98101",January
143695,Google Phone,1,600.0,2019-01-19 23:29:00,"633 Maple St, San Francisco, CA 94016",January
146260,Google Phone,1,600.0,2019-01-27 16:38:00,"728 Maple St, San Francisco, CA 94016",January
146758,Google Phone,1,600.0,2019-01-02 15:06:00,"576 Madison St, Los Angeles, CA 90001",January
147888,Google Phone,1,600.0,2019-01-05 16:07:00,"461 Elm St, Boston, MA 02215",January
148493,Google Phone,1,600.0,2019-01-19 21:36:00,"358 7th St, Austin, TX 73301",January
148778,Google Phone,1,600.0,2019-01-10 17:13:00,"734 Hill St, Portland, OR 97035",January
147089,Google Phone,1,600.0,2019-01-28 11:19:00,"199 North St, Los Angeles, CA 90001",January
149617,Google Phone,1,600.0,2019-01-06 11:23:00,"754 North St, Dallas, TX 75001",January
146878,Google Phone,1,600.0,2019-01-24 15:21:00,"33 Sunset St, San Francisco, CA 94016",January
149561,Google Phone,1,600.0,2019-01-24 20:12:00,"611 Maple St, San Francisco, CA 94016",January
144294,Google Phone,1,600.0,2019-01-13 09:56:00,"306 14th St, Los Angeles, CA 90001",January
147318,Google Phone,1,600.0,2019-01-10 18:47:00,"392 Wilson St, Los Angeles, CA 90001",January
142281,Google Phone,1,600.0,2019-01-06 19:37:00,"67 Madison St, Los Angeles, CA 90001",January
141623,Google Phone,1,600.0,2019-01-06 14:21:00,"770 Center St, San Francisco, CA 94016",January
145573,Google Phone,1,600.0,2019-01-28 14:57:00,"985 Church St, Boston, MA 02215",January
143146,Google Phone,1,600.0,2019-01-09 17:01:00,"385 Meadow St, New York City, NY 10001",January
143658,Google Phone,1,600.0,2019-01-05 13:46:00,"411 Walnut St, Seattle, WA 98101",January
146816,Google Phone,1,600.0,2019-01-18 20:06:00,"672 Meadow St, Los Angeles, CA 90001",January
147367,Google Phone,1,600.0,2019-01-10 19:41:00,"950 Ridge St, Portland, OR 97035",January
147699,Google Phone,1,600.0,2019-01-24 15:54:00,"659 Lincoln St, San Francisco, CA 94016",January
146843,Google Phone,1,600.0,2019-01-27 12:26:00,"494 Hill St, Boston, MA 02215",January
145660,Google Phone,1,600.0,2019-01-20 12:19:00,"31 Jefferson St, Atlanta, GA 30301",January
145439,Google Phone,1,600.0,2019-01-12 11:06:00,"179 Washington St, Seattle, WA 98101",January
141901,Google Phone,1,600.0,2019-01-26 22:12:00,"942 Maple St, Boston, MA 02215",January
143620,Google Phone,1,600.0,2019-01-03 18:55:00,"79 14th St, Dallas, TX 75001",January
144821,Google Phone,1,600.0,2019-01-26 22:04:00,"184 Hill St, Boston, MA 02215",January
147079,Google Phone,1,600.0,2019-01-29 11:06:00,"621 Wilson St, San Francisco, CA 94016",January
149366,Google Phone,1,600.0,2019-01-20 18:17:00,"895 Walnut St, San Francisco, CA 94016",January
157345,Google Phone,1,600.0,2019-02-08 17:38:00,"937 North St, Boston, MA 02215",February
157514,Google Phone,1,600.0,2019-02-16 15:25:00,"383 Meadow St, Dallas, TX 75001",February
150972,Google Phone,1,600.0,2019-02-11 12:14:00,"138 Wilson St, Los Angeles, CA 90001",February
154134,Google Phone,1,600.0,2019-02-14 16:15:00,"244 8th St, New York City, NY 10001",February
159736,Google Phone,1,600.0,2019-02-07 11:02:00,"151 Cherry St, Dallas, TX 75001",February
160682,Google Phone,1,600.0,2019-02-22 13:35:00,"205 Cedar St, Los Angeles, CA 90001",February
154972,Google Phone,1,600.0,2019-02-18 20:16:00,"178 Cedar St, Austin, TX 73301",February
152587,Google Phone,1,600.0,2019-02-09 19:04:00,"115 14th St, Portland, OR 97035",February
154628,Google Phone,1,600.0,2019-02-06 11:14:00,"330 Maple St, Atlanta, GA 30301",February
159045,Google Phone,1,600.0,2019-02-25 10:19:00,"709 Maple St, Los Angeles, CA 90001",February
160573,Google Phone,1,600.0,2019-02-16 08:55:00,"389 Cherry St, New York City, NY 10001",February
156147,Google Phone,1,600.0,2019-02-07 16:53:00,"72 5th St, Los Angeles, CA 90001",February
158049,Google Phone,1,600.0,2019-02-16 08:07:00,"392 13th St, San Francisco, CA 94016",February
160838,Google Phone,1,600.0,2019-02-05 08:15:00,"453 Dogwood St, Los Angeles, CA 90001",February
151990,Google Phone,1,600.0,2019-02-14 16:18:00,"173 Lakeview St, San Francisco, CA 94016",February
160260,Google Phone,1,600.0,2019-02-13 18:58:00,"738 Jefferson St, Los Angeles, CA 90001",February
151253,Google Phone,1,600.0,2019-02-03 13:30:00,"42 Highland St, Los Angeles, CA 90001",February
151270,Google Phone,1,600.0,2019-02-20 15:29:00,"634 Walnut St, Dallas, TX 75001",February
154377,Google Phone,1,600.0,2019-02-05 14:43:00,"433 North St, New York City, NY 10001",February
150847,Google Phone,1,600.0,2019-02-10 14:08:00,"138 Chestnut St, New York City, NY 10001",February
155643,Google Phone,1,600.0,2019-02-18 22:47:00,"336 Jackson St, San Francisco, CA 94016",February
156106,Google Phone,1,600.0,2019-02-12 23:18:00,"881 Church St, New York City, NY 10001",February
156369,Google Phone,1,600.0,2019-02-14 18:47:00,"452 Sunset St, Dallas, TX 75001",February
159317,Google Phone,1,600.0,2019-02-19 01:35:00,"188 Wilson St, New York City, NY 10001",February
155053,Google Phone,1,600.0,2019-02-16 08:12:00,"105 Spruce St, New York City, NY 10001",February
161813,Google Phone,1,600.0,2019-02-23 17:48:00,"581 10th St, Portland, OR 97035",February
155041,Google Phone,1,600.0,2019-02-28 04:49:00,"844 Jefferson St, Seattle, WA 98101",February
158422,Google Phone,1,600.0,2019-02-09 16:45:00,"403 Hickory St, San Francisco, CA 94016",February
158990,Google Phone,1,600.0,2019-02-09 08:23:00,"842 Maple St, Boston, MA 02215",February
151879,Google Phone,1,600.0,2019-02-07 01:21:00,"869 Cherry St, Boston, MA 02215",February
151902,Google Phone,1,600.0,2019-02-05 19:30:00,"937 Ridge St, Seattle, WA 98101",February
156932,Google Phone,1,600.0,2019-02-26 05:45:00,"143 Park St, San Francisco, CA 94016",February
151915,Google Phone,1,600.0,2019-02-06 17:14:00,"566 Lincoln St, San Francisco, CA 94016",February
152936,Google Phone,1,600.0,2019-02-19 14:26:00,"689 13th St, New York City, NY 10001",February
159625,Google Phone,1,600.0,2019-02-27 12:36:00,"686 Hickory St, Dallas, TX 75001",February
152502,Google Phone,1,600.0,2019-02-12 21:51:00,"690 Jackson St, Boston, MA 02215",February
158205,Google Phone,1,600.0,2019-02-08 22:18:00,"732 Elm St, Austin, TX 73301",February
159358,Google Phone,1,600.0,2019-02-19 08:03:00,"646 Walnut St, San Francisco, CA 94016",February
159648,Google Phone,1,600.0,2019-02-16 10:40:00,"375 Church St, New York City, NY 10001",February
161505,Google Phone,1,600.0,2019-02-03 15:32:00,"791 Spruce St, Atlanta, GA 30301",February
153985,Google Phone,1,600.0,2019-02-22 20:11:00,"840 13th St, Los Angeles, CA 90001",February
152536,Google Phone,1,600.0,2019-02-02 11:50:00,"972 Spruce St, Boston, MA 02215",February
158532,Google Phone,1,600.0,2019-02-13 08:36:00,"650 Maple St, New York City, NY 10001",February
159702,Google Phone,1,600.0,2019-02-02 20:48:00,"443 Pine St, Los Angeles, CA 90001",February
155133,Google Phone,1,600.0,2019-02-06 12:47:00,"213 Spruce St, Dallas, TX 75001",February
155293,Google Phone,1,600.0,2019-02-13 12:57:00,"242 Madison St, New York City, NY 10001",February
159171,Google Phone,1,600.0,2019-02-15 22:24:00,"319 Wilson St, Portland, OR 97035",February
159952,Google Phone,1,600.0,2019-02-02 14:11:00,"18 10th St, San Francisco, CA 94016",February
154989,Google Phone,1,600.0,2019-02-09 14:24:00,"961 Jefferson St, San Francisco, CA 94016",February
156275,Google Phone,1,600.0,2019-02-22 11:30:00,"717 Lake St, Los Angeles, CA 90001",February
151200,Google Phone,1,600.0,2019-02-18 17:50:00,"696 Maple St, San Francisco, CA 94016",February
153124,Google Phone,1,600.0,2019-02-27 08:25:00,"918 10th St, Los Angeles, CA 90001",February
153110,Google Phone,1,600.0,2019-02-23 15:41:00,"477 Jefferson St, San Francisco, CA 94016",February
161467,Google Phone,1,600.0,2019-02-06 14:31:00,"613 7th St, Portland, OR 97035",February
154019,Google Phone,1,600.0,2019-02-02 18:10:00,"675 1st St, Austin, TX 73301",February
158850,Google Phone,1,600.0,2019-02-15 22:37:00,"529 1st St, Los Angeles, CA 90001",February
155448,Google Phone,1,600.0,2019-02-21 10:54:00,"386 Church St, San Francisco, CA 94016",February
159883,Google Phone,1,600.0,2019-02-10 13:12:00,"657 Sunset St, Los Angeles, CA 90001",February
161186,Google Phone,1,600.0,2019-02-16 16:29:00,"94 Church St, San Francisco, CA 94016",February
161885,Google Phone,1,600.0,2019-02-25 13:30:00,"647 Wilson St, Portland, OR 97035",February
169228,Google Phone,1,600.0,2019-03-22 00:19:00,"124 Sunset St, Austin, TX 73301",March
173420,Google Phone,1,600.0,2019-03-08 21:57:00,"559 Lake St, Atlanta, GA 30301",March
175725,Google Phone,1,600.0,2019-03-30 20:21:00,"217 4th St, Atlanta, GA 30301",March
163680,Google Phone,1,600.0,2019-03-22 15:30:00,"113 North St, San Francisco, CA 94016",March
167583,Google Phone,1,600.0,2019-03-15 09:51:00,"612 Madison St, San Francisco, CA 94016",March
162757,Google Phone,1,600.0,2019-03-11 20:25:00,"843 Cherry St, Boston, MA 02215",March
164742,Google Phone,1,600.0,2019-03-23 14:56:00,"93 Johnson St, San Francisco, CA 94016",March
168604,Google Phone,1,600.0,2019-03-25 11:10:00,"762 4th St, Los Angeles, CA 90001",March
173618,Google Phone,1,600.0,2019-03-20 23:44:00,"582 Walnut St, New York City, NY 10001",March
175031,Google Phone,1,600.0,2019-03-10 19:29:00,"900 8th St, San Francisco, CA 94016",March
176082,Google Phone,1,600.0,2019-03-14 11:27:00,"713 Lincoln St, Portland, OR 97035",March
169060,Google Phone,1,600.0,2019-03-05 09:09:00,"162 Madison St, Atlanta, GA 30301",March
172917,Google Phone,1,600.0,2019-03-13 16:18:00,"896 14th St, Los Angeles, CA 90001",March
176109,Google Phone,1,600.0,2019-03-30 11:45:00,"477 Hill St, Boston, MA 02215",March
165103,Google Phone,1,600.0,2019-03-06 19:20:00,"140 Cherry St, Dallas, TX 75001",March
169297,Google Phone,1,600.0,2019-03-24 22:26:00,"460 Elm St, Los Angeles, CA 90001",March
169851,Google Phone,1,600.0,2019-03-22 21:40:00,"35 Lincoln St, San Francisco, CA 94016",March
175059,Google Phone,1,600.0,2019-03-18 05:40:00,"776 Willow St, Los Angeles, CA 90001",March
167852,Google Phone,1,600.0,2019-03-11 05:43:00,"873 Johnson St, Dallas, TX 75001",March
173869,Google Phone,1,600.0,2019-03-04 11:29:00,"28 Dogwood St, Seattle, WA 98101",March
176427,Google Phone,1,600.0,2019-03-06 08:41:00,"425 Cherry St, Austin, TX 73301",March
162087,Google Phone,1,600.0,2019-03-18 13:58:00,"303 Chestnut St, Boston, MA 02215",March
170680,Google Phone,1,600.0,2019-03-14 16:38:00,"722 Chestnut St, Los Angeles, CA 90001",March
162187,Google Phone,1,600.0,2019-03-16 10:34:00,"964 9th St, San Francisco, CA 94016",March
169176,Google Phone,1,600.0,2019-03-25 22:21:00,"98 6th St, Austin, TX 73301",March
173341,Google Phone,1,600.0,2019-03-29 20:06:00,"947 1st St, Austin, TX 73301",March
169883,Google Phone,1,600.0,2019-03-02 11:10:00,"285 Ridge St, Boston, MA 02215",March
171375,Google Phone,1,600.0,2019-03-19 21:14:00,"598 Lakeview St, San Francisco, CA 94016",March
176181,Google Phone,1,600.0,2019-03-18 19:52:00,"701 9th St, New York City, NY 10001",March
167934,Google Phone,1,600.0,2019-03-31 11:36:00,"918 9th St, Dallas, TX 75001",March
169551,Google Phone,1,600.0,2019-03-16 10:31:00,"40 12th St, Austin, TX 73301",March
174241,Google Phone,1,600.0,2019-03-01 09:10:00,"602 Park St, Dallas, TX 75001",March
166668,Google Phone,1,600.0,2019-03-10 21:22:00,"861 Jefferson St, Seattle, WA 98101",March
166721,Google Phone,1,600.0,2019-03-13 13:38:00,"209 Church St, Dallas, TX 75001",March
168597,Google Phone,1,600.0,2019-03-03 12:22:00,"802 River St, San Francisco, CA 94016",March
169961,Google Phone,1,600.0,2019-03-05 17:38:00,"115 Church St, Los Angeles, CA 90001",March
176224,Google Phone,1,600.0,2019-03-15 11:10:00,"592 River St, Atlanta, GA 30301",March
162490,Google Phone,1,600.0,2019-03-12 00:56:00,"27 West St, Atlanta, GA 30301",March
163491,Google Phone,1,600.0,2019-03-14 11:14:00,"698 Jackson St, New York City, NY 10001",March
163710,Google Phone,1,600.0,2019-03-26 14:12:00,"191 Cedar St, Boston, MA 02215",March
176373,Google Phone,1,600.0,2019-03-05 07:08:00,"650 Johnson St, Dallas, TX 75001",March
165854,Google Phone,1,600.0,2019-03-11 14:18:00,"775 Main St, Atlanta, GA 30301",March
172426,Google Phone,1,600.0,2019-03-18 12:49:00,"655 Johnson St, San Francisco, CA 94016",March
168761,Google Phone,1,600.0,2019-03-04 23:40:00,"128 Wilson St, San Francisco, CA 94016",March
176489,Google Phone,1,600.0,2019-03-10 19:19:00,"880 Hickory St, New York City, NY 10001",March
175394,Google Phone,1,600.0,2019-03-07 18:48:00,"674 Wilson St, Boston, MA 02215",March
166337,Google Phone,1,600.0,2019-03-03 19:48:00,"107 Willow St, San Francisco, CA 94016",March
165949,Google Phone,1,600.0,2019-03-11 09:56:00,"52 Chestnut St, Dallas, TX 75001",March
166188,Google Phone,1,600.0,2019-03-11 23:37:00,"416 Lake St, San Francisco, CA 94016",March
172610,Google Phone,1,600.0,2019-03-19 13:16:00,"567 Madison St, Boston, MA 02215",March
168460,Google Phone,1,600.0,2019-03-03 21:38:00,"268 Ridge St, San Francisco, CA 94016",March
167924,Google Phone,1,600.0,2019-03-29 06:01:00,"95 Ridge St, New York City, NY 10001",March
168541,Google Phone,1,600.0,2019-03-28 13:34:00,"644 Wilson St, San Francisco, CA 94016",March
173483,Google Phone,1,600.0,2019-03-09 12:34:00,"716 6th St, San Francisco, CA 94016",March
162382,Google Phone,1,600.0,2019-03-13 11:46:00,"239 Cedar St, Los Angeles, CA 90001",March
166364,Google Phone,1,600.0,2019-03-07 12:06:00,"475 Cherry St, Dallas, TX 75001",March
162287,Google Phone,1,600.0,2019-03-30 10:02:00,"89 6th St, Atlanta, GA 30301",March
164121,Google Phone,1,600.0,2019-03-07 21:30:00,"581 1st St, San Francisco, CA 94016",March
169432,Google Phone,1,600.0,2019-03-14 09:23:00,"744 Pine St, Portland, OR 97035",March
164006,Google Phone,1,600.0,2019-03-07 00:13:00,"532 Cedar St, Los Angeles, CA 90001",March
167668,Google Phone,1,600.0,2019-03-25 15:55:00,"981 Jackson St, Boston, MA 02215",March
167949,Google Phone,1,600.0,2019-03-12 09:35:00,"757 Church St, San Francisco, CA 94016",March
167048,Google Phone,1,600.0,2019-03-22 15:48:00,"402 Adams St, San Francisco, CA 94016",March
168401,Google Phone,1,600.0,2019-03-24 16:55:00,"162 Cherry St, Austin, TX 73301",March
173600,Google Phone,1,600.0,2019-03-10 23:05:00,"552 Jefferson St, Atlanta, GA 30301",March
163116,Google Phone,1,600.0,2019-03-01 10:46:00,"692 North St, Boston, MA 02215",March
163220,Google Phone,1,600.0,2019-03-01 17:42:00,"380 Lakeview St, Seattle, WA 98101",March
173770,Google Phone,1,600.0,2019-03-02 13:24:00,"425 Meadow St, Los Angeles, CA 90001",March
185081,Google Phone,1,600.0,2019-04-11 08:34:00,"132 Center St, San Francisco, CA 94016",April
186669,Google Phone,1,600.0,2019-04-09 23:09:00,"651 Meadow St, Portland, OR 97035",April
191240,Google Phone,1,600.0,2019-04-07 08:03:00,"293 River St, San Francisco, CA 94016",April
193539,Google Phone,1,600.0,2019-04-26 16:02:00,"148 Church St, Atlanta, GA 30301",April
186561,Google Phone,1,600.0,2019-04-03 06:48:00,"671 Dogwood St, San Francisco, CA 94016",April
183933,Google Phone,1,600.0,2019-04-06 14:07:00,"223 Main St, Seattle, WA 98101",April
192214,Google Phone,1,600.0,2019-04-14 12:09:00,"873 North St, New York City, NY 10001",April
182527,Google Phone,1,600.0,2019-04-19 22:42:00,"276 Main St, Portland, OR 97035",April
185323,Google Phone,1,600.0,2019-04-30 13:50:00,"866 Dogwood St, Atlanta, GA 30301",April
176712,Google Phone,1,600.0,2019-04-20 05:21:00,"910 Washington St, San Francisco, CA 94016",April
177569,Google Phone,1,600.0,2019-04-27 10:31:00,"994 7th St, Los Angeles, CA 90001",April
185929,Google Phone,1,600.0,2019-04-19 12:09:00,"458 9th St, New York City, NY 10001",April
190666,Google Phone,1,600.0,2019-04-17 07:20:00,"965 Main St, Dallas, TX 75001",April
176647,Google Phone,1,600.0,2019-04-21 19:40:00,"273 South St, Los Angeles, CA 90001",April
178781,Google Phone,1,600.0,2019-04-03 16:47:00,"655 1st St, San Francisco, CA 94016",April
185635,Google Phone,1,600.0,2019-04-12 21:32:00,"901 Hill St, Los Angeles, CA 90001",April
191269,Google Phone,1,600.0,2019-04-12 00:28:00,"223 13th St, San Francisco, CA 94016",April
188561,Google Phone,1,600.0,2019-04-10 10:50:00,"393 Dogwood St, New York City, NY 10001",April
190183,Google Phone,1,600.0,2019-04-15 15:23:00,"92 Madison St, New York City, NY 10001",April
179357,Google Phone,1,600.0,2019-04-01 22:28:00,"740 Lakeview St, Dallas, TX 75001",April
176957,Google Phone,1,600.0,2019-04-06 18:22:00,"582 Church St, Boston, MA 02215",April
183787,Google Phone,1,600.0,2019-04-03 20:22:00,"739 Ridge St, New York City, NY 10001",April
189669,Google Phone,1,600.0,2019-04-30 08:32:00,"90 12th St, Los Angeles, CA 90001",April
184927,Google Phone,1,600.0,2019-04-17 19:35:00,"673 Highland St, Seattle, WA 98101",April
179372,Google Phone,1,600.0,2019-04-17 20:46:00,"215 10th St, San Francisco, CA 94016",April
191597,Google Phone,1,600.0,2019-04-14 12:08:00,"464 Willow St, Los Angeles, CA 90001",April
194021,Google Phone,1,600.0,2019-04-29 14:50:00,"203 Washington St, Boston, MA 02215",April
181076,Google Phone,1,600.0,2019-04-28 18:56:00,"131 1st St, Boston, MA 02215",April
188253,Google Phone,1,600.0,2019-04-11 12:23:00,"751 2nd St, Boston, MA 02215",April
177486,Google Phone,1,600.0,2019-04-21 16:24:00,"809 Highland St, Seattle, WA 98101",April
177354,Google Phone,1,600.0,2019-04-11 22:38:00,"432 Chestnut St, New York City, NY 10001",April
186177,Google Phone,1,600.0,2019-04-30 13:53:00,"885 Johnson St, Dallas, TX 75001",April
192997,Google Phone,1,600.0,2019-04-18 22:29:00,"370 Dogwood St, Dallas, TX 75001",April
185594,Google Phone,1,600.0,2019-04-02 09:07:00,"158 7th St, San Francisco, CA 94016",April
183315,Google Phone,1,600.0,2019-04-29 23:55:00,"312 9th St, Atlanta, GA 30301",April
192344,Google Phone,1,600.0,2019-04-29 21:51:00,"133 Willow St, San Francisco, CA 94016",April
193429,Google Phone,1,600.0,2019-04-17 22:23:00,"427 Madison St, Boston, MA 02215",April
189547,Google Phone,1,600.0,2019-04-17 18:39:00,"422 5th St, Los Angeles, CA 90001",April
187374,Google Phone,1,600.0,2019-04-06 18:42:00,"112 Hickory St, Los Angeles, CA 90001",April
189959,Google Phone,1,600.0,2019-04-10 11:57:00,"781 Hill St, Atlanta, GA 30301",April
192228,Google Phone,1,600.0,2019-04-17 13:42:00,"878 7th St, Los Angeles, CA 90001",April
192643,Google Phone,1,600.0,2019-04-19 22:33:00,"624 Center St, Boston, MA 02215",April
193968,Google Phone,1,600.0,2019-04-02 18:40:00,"222 4th St, Boston, MA 02215",April
183655,Google Phone,1,600.0,2019-04-16 09:04:00,"4 North St, San Francisco, CA 94016",April
186117,Google Phone,1,600.0,2019-04-03 11:54:00,"494 Cedar St, Atlanta, GA 30301",April
186904,Google Phone,1,600.0,2019-04-07 10:55:00,"143 5th St, San Francisco, CA 94016",April
181515,Google Phone,1,600.0,2019-04-01 13:03:00,"832 7th St, New York City, NY 10001",April
188064,Google Phone,1,600.0,2019-04-09 16:26:00,"857 Lake St, Los Angeles, CA 90001",April
189942,Google Phone,1,600.0,2019-04-01 22:07:00,"757 Cedar St, San Francisco, CA 94016",April
176797,Google Phone,1,600.0,2019-04-21 08:54:00,"923 Elm St, Los Angeles, CA 90001",April
182446,Google Phone,1,600.0,2019-04-07 17:54:00,"191 Lake St, Boston, MA 02215",April
187647,Google Phone,1,600.0,2019-04-21 13:44:00,"852 Highland St, Austin, TX 73301",April
189361,Google Phone,1,600.0,2019-04-28 12:58:00,"695 Willow St, Austin, TX 73301",April
176937,Google Phone,1,600.0,2019-04-30 22:04:00,"980 7th St, Los Angeles, CA 90001",April
178862,Google Phone,1,600.0,2019-04-26 12:20:00,"547 9th St, Seattle, WA 98101",April
183980,Google Phone,1,600.0,2019-04-27 14:01:00,"298 Wilson St, San Francisco, CA 94016",April
189268,Google Phone,1,600.0,2019-04-11 20:23:00,"68 11th St, Los Angeles, CA 90001",April
183468,Google Phone,1,600.0,2019-04-04 11:34:00,"179 Lincoln St, Los Angeles, CA 90001",April
183759,Google Phone,1,600.0,2019-04-28 16:44:00,"353 14th St, Los Angeles, CA 90001",April
184022,Google Phone,1,600.0,2019-04-13 08:06:00,"437 Spruce St, Los Angeles, CA 90001",April
191422,Google Phone,1,600.0,2019-04-06 19:29:00,"710 Chestnut St, Atlanta, GA 30301",April
192233,Google Phone,1,600.0,2019-04-13 09:08:00,"940 Jefferson St, Dallas, TX 75001",April
190037,Google Phone,1,600.0,2019-04-29 08:13:00,"455 Dogwood St, Austin, TX 73301",April
193961,Google Phone,1,600.0,2019-04-25 10:06:00,"544 Sunset St, San Francisco, CA 94016",April
193994,Google Phone,1,600.0,2019-04-28 20:34:00,"45 Dogwood St, Los Angeles, CA 90001",April
176981,Google Phone,1,600.0,2019-04-01 11:29:00,"924 11th St, San Francisco, CA 94016",April
185076,Google Phone,1,600.0,2019-04-13 11:00:00,"922 10th St, San Francisco, CA 94016",April
187687,Google Phone,1,600.0,2019-04-16 16:00:00,"866 7th St, San Francisco, CA 94016",April
188526,Google Phone,1,600.0,2019-04-11 12:57:00,"744 Lincoln St, New York City, NY 10001",April
189845,Google Phone,1,600.0,2019-04-28 16:46:00,"953 Chestnut St, San Francisco, CA 94016",April
180629,Google Phone,1,600.0,2019-04-30 08:13:00,"677 Wilson St, San Francisco, CA 94016",April
184504,Google Phone,1,600.0,2019-04-11 14:26:00,"808 4th St, Los Angeles, CA 90001",April
188003,Google Phone,1,600.0,2019-04-25 12:54:00,"643 14th St, Los Angeles, CA 90001",April
188782,Google Phone,1,600.0,2019-04-29 23:39:00,"994 14th St, New York City, NY 10001",April
193860,Google Phone,1,600.0,2019-04-17 12:07:00,"612 10th St, Portland, OR 97035",April
183422,Google Phone,1,600.0,2019-04-26 06:16:00,"60 Lake St, Atlanta, GA 30301",April
188854,Google Phone,1,600.0,2019-04-01 17:11:00,"216 2nd St, Boston, MA 02215",April
178023,Google Phone,1,600.0,2019-04-08 21:03:00,"671 Cherry St, San Francisco, CA 94016",April
182908,Google Phone,1,600.0,2019-04-19 17:40:00,"452 Highland St, New York City, NY 10001",April
187534,Google Phone,1,600.0,2019-04-01 09:39:00,"312 Church St, Atlanta, GA 30301",April
188909,Google Phone,1,600.0,2019-04-18 08:31:00,"815 Forest St, Los Angeles, CA 90001",April
194042,Google Phone,1,600.0,2019-04-22 21:42:00,"992 4th St, Portland, ME 04101",April
198079,Google Phone,1,600.0,2019-05-03 16:39:00,"189 Wilson St, New York City, NY 10001",May
199640,Google Phone,1,600.0,2019-05-01 21:25:00,"90 Willow St, Atlanta, GA 30301",May
205733,Google Phone,1,600.0,2019-05-08 14:14:00,"480 Lincoln St, Portland, ME 04101",May
201467,Google Phone,1,600.0,2019-05-14 01:44:00,"973 11th St, Portland, OR 97035",May
201498,Google Phone,1,600.0,2019-05-02 08:15:00,"8 8th St, Atlanta, GA 30301",May
209159,Google Phone,1,600.0,2019-05-12 10:37:00,"29 12th St, New York City, NY 10001",May
194923,Google Phone,1,600.0,2019-05-30 14:43:00,"544 Meadow St, San Francisco, CA 94016",May
201257,Google Phone,1,600.0,2019-05-07 13:53:00,"202 Pine St, Portland, OR 97035",May
205811,Google Phone,1,600.0,2019-05-26 11:28:00,"174 1st St, San Francisco, CA 94016",May
194840,Google Phone,1,600.0,2019-05-04 21:39:00,"917 Church St, New York City, NY 10001",May
197260,Google Phone,1,600.0,2019-05-24 10:47:00,"870 Lake St, Seattle, WA 98101",May
208600,Google Phone,1,600.0,2019-05-15 08:52:00,"848 13th St, San Francisco, CA 94016",May
200999,Google Phone,1,600.0,2019-05-01 23:57:00,"507 5th St, New York City, NY 10001",May
197118,Google Phone,1,600.0,2019-05-16 15:08:00,"47 2nd St, Austin, TX 73301",May
197946,Google Phone,1,600.0,2019-05-11 11:26:00,"228 Main St, Boston, MA 02215",May
208408,Google Phone,1,600.0,2019-05-20 23:11:00,"552 Main St, Portland, OR 97035",May
194701,Google Phone,1,600.0,2019-05-17 22:35:00,"957 11th St, Los Angeles, CA 90001",May
196396,Google Phone,1,600.0,2019-05-27 14:22:00,"233 Chestnut St, Dallas, TX 75001",May
198042,Google Phone,1,600.0,2019-05-08 18:39:00,"826 Cedar St, Boston, MA 02215",May
198795,Google Phone,1,600.0,2019-05-08 12:58:00,"547 River St, Dallas, TX 75001",May
199138,Google Phone,1,600.0,2019-05-22 05:00:00,"265 Dogwood St, Dallas, TX 75001",May
202739,Google Phone,1,600.0,2019-05-06 10:35:00,"735 Spruce St, San Francisco, CA 94016",May
205347,Google Phone,1,600.0,2019-05-09 15:11:00,"756 Johnson St, Austin, TX 73301",May
209609,Google Phone,1,600.0,2019-05-12 19:55:00,"206 Willow St, San Francisco, CA 94016",May
203149,Google Phone,1,600.0,2019-05-08 15:39:00,"655 11th St, New York City, NY 10001",May
208076,Google Phone,1,600.0,2019-05-16 13:11:00,"834 River St, Atlanta, GA 30301",May
197798,Google Phone,1,600.0,2019-05-23 13:26:00,"387 7th St, San Francisco, CA 94016",May
209161,Google Phone,1,600.0,2019-05-30 14:10:00,"912 River St, Austin, TX 73301",May
194426,Google Phone,1,600.0,2019-05-04 14:40:00,"783 Sunset St, Dallas, TX 75001",May
202824,Google Phone,1,600.0,2019-05-08 10:09:00,"514 Maple St, Dallas, TX 75001",May
207449,Google Phone,1,600.0,2019-05-02 00:02:00,"250 Adams St, San Francisco, CA 94016",May
196792,Google Phone,1,600.0,2019-05-19 21:24:00,"865 Elm St, New York City, NY 10001",May
197013,Google Phone,1,600.0,2019-05-30 09:05:00,"470 South St, New York City, NY 10001",May
197426,Google Phone,1,600.0,2019-05-17 12:07:00,"499 Elm St, San Francisco, CA 94016",May
201781,Google Phone,1,600.0,2019-05-06 11:11:00,"874 6th St, San Francisco, CA 94016",May
205681,Google Phone,1,600.0,2019-05-24 07:10:00,"948 Hill St, Austin, TX 73301",May
198025,Google Phone,1,600.0,2019-05-16 00:56:00,"372 Johnson St, New York City, NY 10001",May
198306,Google Phone,1,600.0,2019-05-02 18:15:00,"506 Center St, San Francisco, CA 94016",May
203371,Google Phone,1,600.0,2019-05-26 07:09:00,"943 Cherry St, Atlanta, GA 30301",May
195848,Google Phone,1,600.0,2019-05-09 14:51:00,"394 12th St, Atlanta, GA 30301",May
196915,Google Phone,1,600.0,2019-05-20 16:39:00,"235 Park St, Atlanta, GA 30301",May
197041,Google Phone,1,600.0,2019-05-09 16:34:00,"824 9th St, Dallas, TX 75001",May
209763,Google Phone,1,600.0,2019-05-10 23:55:00,"822 West St, New York City, NY 10001",May
197357,Google Phone,1,600.0,2019-05-16 22:28:00,"487 Washington St, Boston, MA 02215",May
197901,Google Phone,1,600.0,2019-05-12 09:03:00,"947 Meadow St, San Francisco, CA 94016",May
199994,Google Phone,1,600.0,2019-05-05 12:27:00,"383 14th St, New York City, NY 10001",May
206372,Google Phone,1,600.0,2019-05-23 19:03:00,"675 Hickory St, San Francisco, CA 94016",May
207944,Google Phone,1,600.0,2019-05-05 09:04:00,"450 Ridge St, Los Angeles, CA 90001",May
203210,Google Phone,1,600.0,2019-05-05 09:28:00,"611 Main St, San Francisco, CA 94016",May
209659,Google Phone,1,600.0,2019-05-09 15:17:00,"796 1st St, Austin, TX 73301",May
200697,Google Phone,1,600.0,2019-05-05 22:54:00,"989 Meadow St, Los Angeles, CA 90001",May
207518,Google Phone,1,600.0,2019-05-02 21:21:00,"659 5th St, San Francisco, CA 94016",May
209423,Google Phone,1,600.0,2019-05-06 19:01:00,"39 Dogwood St, Dallas, TX 75001",May
195204,Google Phone,1,600.0,2019-05-04 14:47:00,"447 Hickory St, Boston, MA 02215",May
196203,Google Phone,1,600.0,2019-05-22 11:09:00,"542 Jefferson St, New York City, NY 10001",May
204742,Google Phone,1,600.0,2019-05-01 19:47:00,"603 Wilson St, San Francisco, CA 94016",May
199236,Google Phone,1,600.0,2019-05-05 20:57:00,"733 6th St, Los Angeles, CA 90001",May
197442,Google Phone,1,600.0,2019-05-16 21:49:00,"352 4th St, Boston, MA 02215",May
198884,Google Phone,1,600.0,2019-05-31 20:04:00,"919 Cedar St, Boston, MA 02215",May
205241,Google Phone,1,600.0,2019-05-12 11:47:00,"717 Walnut St, New York City, NY 10001",May
205388,Google Phone,1,600.0,2019-05-05 20:56:00,"452 River St, Dallas, TX 75001",May
209120,Google Phone,1,600.0,2019-05-25 00:54:00,"283 6th St, Austin, TX 73301",May
205244,Google Phone,1,600.0,2019-05-15 19:17:00,"486 Lakeview St, San Francisco, CA 94016",May
206568,Google Phone,1,600.0,2019-05-29 16:57:00,"651 Walnut St, Los Angeles, CA 90001",May
195435,Google Phone,1,600.0,2019-05-16 18:39:00,"164 Jackson St, Los Angeles, CA 90001",May
208298,Google Phone,1,600.0,2019-05-11 12:19:00,"421 Chestnut St, New York City, NY 10001",May
194378,Google Phone,1,600.0,2019-05-23 16:07:00,"865 Jackson St, San Francisco, CA 94016",May
199369,Google Phone,1,600.0,2019-05-29 15:30:00,"438 Hickory St, Los Angeles, CA 90001",May
201091,Google Phone,1,600.0,2019-05-02 16:30:00,"128 Jefferson St, Los Angeles, CA 90001",May
206167,Google Phone,1,600.0,2019-05-11 11:58:00,"708 Lakeview St, Los Angeles, CA 90001",May
208823,Google Phone,1,600.0,2019-05-22 15:00:00,"573 Wilson St, Dallas, TX 75001",May
194511,Google Phone,1,600.0,2019-05-26 19:13:00,"956 Walnut St, New York City, NY 10001",May
207976,Google Phone,1,600.0,2019-05-03 20:17:00,"647 Wilson St, Boston, MA 02215",May
209468,Google Phone,1,600.0,2019-05-18 19:00:00,"359 Hickory St, San Francisco, CA 94016",May
199903,Google Phone,1,600.0,2019-05-22 16:49:00,"813 Hill St, New York City, NY 10001",May
201139,Google Phone,1,600.0,2019-05-27 15:57:00,"801 Meadow St, Boston, MA 02215",May
201452,Google Phone,1,600.0,2019-05-15 18:57:00,"527 Church St, Los Angeles, CA 90001",May
203305,Google Phone,1,600.0,2019-05-22 10:54:00,"803 West St, New York City, NY 10001",May
194532,Google Phone,1,600.0,2019-05-19 13:19:00,"516 Chestnut St, San Francisco, CA 94016",May
194616,Google Phone,1,600.0,2019-05-15 22:48:00,"521 Ridge St, New York City, NY 10001",May
209759,Google Phone,1,600.0,2019-05-18 16:46:00,"604 13th St, Portland, OR 97035",May
198699,Google Phone,1,600.0,2019-05-02 20:38:00,"240 Church St, New York City, NY 10001",May
207417,Google Phone,1,600.0,2019-05-21 09:20:00,"302 7th St, New York City, NY 10001",May
195377,Google Phone,1,600.0,2019-05-29 14:32:00,"97 5th St, Los Angeles, CA 90001",May
196165,Google Phone,1,600.0,2019-05-07 23:19:00,"107 Highland St, San Francisco, CA 94016",May
197099,Google Phone,1,600.0,2019-05-29 07:15:00,"437 2nd St, Atlanta, GA 30301",May
207334,Google Phone,1,600.0,2019-05-11 16:29:00,"604 River St, Portland, ME 04101",May
202860,Google Phone,1,600.0,2019-05-25 10:00:00,"961 River St, New York City, NY 10001",May
204473,Google Phone,1,600.0,2019-05-12 13:06:00,"176 Highland St, San Francisco, CA 94016",May
197241,Google Phone,1,600.0,2019-05-28 19:05:00,"553 Jackson St, Portland, OR 97035",May
197786,Google Phone,1,600.0,2019-05-30 13:12:00,"386 13th St, San Francisco, CA 94016",May
200289,Google Phone,1,600.0,2019-05-14 11:26:00,"713 West St, Boston, MA 02215",May
206036,Google Phone,1,600.0,2019-05-23 09:00:00,"559 Spruce St, Atlanta, GA 30301",May
222058,Google Phone,1,600.0,2019-06-15 08:46:00,"918 14th St, New York City, NY 10001",June
213727,Google Phone,1,600.0,2019-06-18 21:17:00,"822 8th St, Seattle, WA 98101",June
219891,Google Phone,1,600.0,2019-06-07 14:54:00,"445 River St, Dallas, TX 75001",June
220334,Google Phone,1,600.0,2019-06-30 05:49:00,"633 Chestnut St, New York City, NY 10001",June
209953,Google Phone,1,600.0,2019-06-16 16:59:00,"753 6th St, Dallas, TX 75001",June
216047,Google Phone,1,600.0,2019-06-09 13:44:00,"794 10th St, Seattle, WA 98101",June
210179,Google Phone,1,600.0,2019-06-07 15:42:00,"143 Willow St, Boston, MA 02215",June
213725,Google Phone,1,600.0,2019-06-12 15:05:00,"219 Church St, Los Angeles, CA 90001",June
214141,Google Phone,1,600.0,2019-06-07 23:56:00,"371 Hickory St, San Francisco, CA 94016",June
221368,Google Phone,1,600.0,2019-06-28 09:18:00,"67 5th St, Boston, MA 02215",June
215816,Google Phone,1,600.0,2019-06-26 17:33:00,"921 Adams St, New York City, NY 10001",June
220013,Google Phone,1,600.0,2019-06-27 16:59:00,"79 4th St, San Francisco, CA 94016",June
213850,Google Phone,1,600.0,2019-06-25 12:59:00,"214 Madison St, Atlanta, GA 30301",June
217501,Google Phone,1,600.0,2019-06-04 14:08:00,"698 South St, Austin, TX 73301",June
217220,Google Phone,1,600.0,2019-06-21 21:47:00,"835 Hill St, Boston, MA 02215",June
217652,Google Phone,1,600.0,2019-06-30 16:49:00,"485 4th St, San Francisco, CA 94016",June
217936,Google Phone,1,600.0,2019-06-16 17:02:00,"183 Main St, Boston, MA 02215",June
219541,Google Phone,1,600.0,2019-06-26 11:30:00,"201 Elm St, Austin, TX 73301",June
220244,Google Phone,1,600.0,2019-06-15 18:43:00,"957 North St, Dallas, TX 75001",June
221592,Google Phone,1,600.0,2019-06-23 12:56:00,"121 Church St, San Francisco, CA 94016",June
210577,Google Phone,1,600.0,2019-06-03 21:52:00,"252 2nd St, Austin, TX 73301",June
214838,Google Phone,1,600.0,2019-06-23 19:21:00,"488 Highland St, Atlanta, GA 30301",June
216896,Google Phone,1,600.0,2019-06-16 10:33:00,"678 12th St, San Francisco, CA 94016",June
219052,Google Phone,1,600.0,2019-06-28 21:46:00,"169 Ridge St, Los Angeles, CA 90001",June
209946,Google Phone,1,600.0,2019-06-28 22:13:00,"66 Cherry St, San Francisco, CA 94016",June
211554,Google Phone,1,600.0,2019-06-28 19:44:00,"866 10th St, Dallas, TX 75001",June
217733,Google Phone,1,600.0,2019-06-21 14:04:00,"251 Elm St, Seattle, WA 98101",June
218359,Google Phone,1,600.0,2019-06-12 22:50:00,"36 River St, New York City, NY 10001",June
219376,Google Phone,1,600.0,2019-06-20 17:38:00,"184 Ridge St, Los Angeles, CA 90001",June
214829,Google Phone,1,600.0,2019-06-09 04:14:00,"779 2nd St, New York City, NY 10001",June
217051,Google Phone,1,600.0,2019-06-27 01:05:00,"724 South St, Boston, MA 02215",June
218194,Google Phone,1,600.0,2019-06-06 10:37:00,"111 Meadow St, Atlanta, GA 30301",June
221313,Google Phone,1,600.0,2019-06-01 12:39:00,"122 Cedar St, San Francisco, CA 94016",June
222415,Google Phone,1,600.0,2019-06-06 10:45:00,"463 7th St, Seattle, WA 98101",June
212512,Google Phone,1,600.0,2019-06-10 20:47:00,"568 Park St, Atlanta, GA 30301",June
216699,Google Phone,1,600.0,2019-06-05 12:53:00,"560 Sunset St, Dallas, TX 75001",June
216787,Google Phone,1,600.0,2019-06-06 01:22:00,"523 Church St, Austin, TX 73301",June
222326,Google Phone,1,600.0,2019-06-29 17:45:00,"393 2nd St, San Francisco, CA 94016",June
215119,Google Phone,1,600.0,2019-06-01 22:44:00,"617 Main St, Seattle, WA 98101",June
222692,Google Phone,1,600.0,2019-06-19 20:17:00,"436 Washington St, Los Angeles, CA 90001",June
210207,Google Phone,1,600.0,2019-06-16 09:47:00,"40 11th St, Portland, OR 97035",June
218154,Google Phone,1,600.0,2019-06-10 14:44:00,"279 River St, Boston, MA 02215",June
219099,Google Phone,1,600.0,2019-06-23 21:03:00,"170 Spruce St, Portland, OR 97035",June
220241,Google Phone,1,600.0,2019-06-02 18:47:00,"302 West St, San Francisco, CA 94016",June
222231,Google Phone,1,600.0,2019-06-20 12:35:00,"336 Cedar St, Dallas, TX 75001",June
214921,Google Phone,1,600.0,2019-06-16 22:08:00,"357 Elm St, San Francisco, CA 94016",June
219617,Google Phone,1,600.0,2019-06-21 08:11:00,"954 South St, Atlanta, GA 30301",June
218294,Google Phone,1,600.0,2019-06-05 12:03:00,"327 Johnson St, Seattle, WA 98101",June
221524,Google Phone,1,600.0,2019-06-01 15:03:00,"281 Johnson St, San Francisco, CA 94016",June
213247,Google Phone,1,600.0,2019-06-19 15:35:00,"26 Hill St, Los Angeles, CA 90001",June
221408,Google Phone,1,600.0,2019-06-10 08:10:00,"209 Lakeview St, San Francisco, CA 94016",June
209996,Google Phone,1,600.0,2019-06-13 08:21:00,"965 Johnson St, Austin, TX 73301",June
221176,Google Phone,1,600.0,2019-06-11 06:34:00,"538 Lakeview St, Los Angeles, CA 90001",June
215103,Google Phone,1,600.0,2019-06-28 22:39:00,"478 Jefferson St, San Francisco, CA 94016",June
217622,Google Phone,1,600.0,2019-06-24 18:12:00,"57 South St, San Francisco, CA 94016",June
211688,Google Phone,1,600.0,2019-06-28 10:43:00,"272 Main St, New York City, NY 10001",June
214113,Google Phone,1,600.0,2019-06-21 12:22:00,"184 13th St, Portland, OR 97035",June
218411,Google Phone,1,600.0,2019-06-06 12:06:00,"182 Maple St, Atlanta, GA 30301",June
221666,Google Phone,1,600.0,2019-06-15 21:47:00,"164 North St, Boston, MA 02215",June
211106,Google Phone,1,600.0,2019-06-15 18:22:00,"958 Main St, Austin, TX 73301",June
211488,Google Phone,1,600.0,2019-06-16 17:28:00,"67 12th St, Boston, MA 02215",June
221734,Google Phone,1,600.0,2019-06-01 21:51:00,"861 1st St, Los Angeles, CA 90001",June
213166,Google Phone,1,600.0,2019-06-05 16:42:00,"64 Church St, Seattle, WA 98101",June
217999,Google Phone,1,600.0,2019-06-13 14:54:00,"533 Park St, Atlanta, GA 30301",June
219353,Google Phone,1,600.0,2019-06-25 15:06:00,"65 Meadow St, Austin, TX 73301",June
227760,Google Phone,1,600.0,2019-07-22 18:02:00,"879 Hickory St, Los Angeles, CA 90001",July
236661,Google Phone,1,600.0,2019-07-04 10:54:00,"373 5th St, Atlanta, GA 30301",July
230480,Google Phone,1,600.0,2019-07-15 14:47:00,"779 Main St, Boston, MA 02215",July
226383,Google Phone,1,600.0,2019-07-14 12:07:00,"585 Madison St, Seattle, WA 98101",July
236607,Google Phone,1,600.0,2019-07-27 16:30:00,"922 Madison St, San Francisco, CA 94016",July
225578,Google Phone,1,600.0,2019-07-14 10:39:00,"470 Church St, Portland, ME 04101",July
228982,Google Phone,1,600.0,2019-07-28 11:47:00,"735 4th St, Portland, OR 97035",July
230910,Google Phone,1,600.0,2019-07-19 17:54:00,"676 North St, New York City, NY 10001",July
234232,Google Phone,1,600.0,2019-07-25 12:42:00,"844 Chestnut St, Seattle, WA 98101",July
234954,Google Phone,1,600.0,2019-07-06 21:04:00,"390 Lakeview St, San Francisco, CA 94016",July
228525,Google Phone,1,600.0,2019-07-09 19:35:00,"115 4th St, Atlanta, GA 30301",July
228578,Google Phone,1,600.0,2019-07-31 11:31:00,"5 Willow St, Dallas, TX 75001",July
232344,Google Phone,1,600.0,2019-07-31 14:53:00,"410 Elm St, Portland, ME 04101",July
235798,Google Phone,1,600.0,2019-07-22 16:58:00,"205 Dogwood St, Los Angeles, CA 90001",July
225327,Google Phone,1,600.0,2019-07-08 11:03:00,"479 Church St, San Francisco, CA 94016",July
225764,Google Phone,1,600.0,2019-07-16 07:29:00,"630 6th St, New York City, NY 10001",July
227718,Google Phone,1,600.0,2019-07-07 22:32:00,"522 Church St, Boston, MA 02215",July
223384,Google Phone,1,600.0,2019-07-22 11:15:00,"39 Ridge St, San Francisco, CA 94016",July
235439,Google Phone,1,600.0,2019-07-02 17:46:00,"29 Chestnut St, San Francisco, CA 94016",July
223914,Google Phone,1,600.0,2019-07-30 00:05:00,"192 Lincoln St, Los Angeles, CA 90001",July
232582,Google Phone,1,600.0,2019-07-18 18:39:00,"181 Wilson St, Dallas, TX 75001",July
224149,Google Phone,1,600.0,2019-07-08 21:26:00,"418 North St, Portland, OR 97035",July
226197,Google Phone,1,600.0,2019-07-15 14:24:00,"653 Jefferson St, Los Angeles, CA 90001",July
229357,Google Phone,1,600.0,2019-07-09 12:12:00,"529 Lincoln St, Los Angeles, CA 90001",July
235016,Google Phone,1,600.0,2019-07-29 19:07:00,"72 Walnut St, Seattle, WA 98101",July
223180,Google Phone,1,600.0,2019-07-01 07:53:00,"906 Johnson St, San Francisco, CA 94016",July
226935,Google Phone,1,600.0,2019-07-07 17:09:00,"549 Jackson St, Los Angeles, CA 90001",July
230942,Google Phone,1,600.0,2019-07-22 19:03:00,"282 Walnut St, Dallas, TX 75001",July
234711,Google Phone,1,600.0,2019-07-13 22:56:00,"952 6th St, New York City, NY 10001",July
235011,Google Phone,1,600.0,2019-07-12 12:56:00,"933 Cherry St, San Francisco, CA 94016",July
231008,Google Phone,1,600.0,2019-07-17 15:39:00,"326 Forest St, San Francisco, CA 94016",July
235570,Google Phone,1,600.0,2019-07-06 15:00:00,"999 Jefferson St, Portland, OR 97035",July
227805,Google Phone,1,600.0,2019-07-20 07:34:00,"559 North St, Boston, MA 02215",July
230163,Google Phone,1,600.0,2019-07-11 15:12:00,"55 Willow St, New York City, NY 10001",July
230934,Google Phone,1,600.0,2019-07-14 19:07:00,"813 1st St, Austin, TX 73301",July
228150,Google Phone,1,600.0,2019-07-24 11:23:00,"579 Forest St, New York City, NY 10001",July
231943,Google Phone,1,600.0,2019-07-24 13:11:00,"203 Washington St, San Francisco, CA 94016",July
232148,Google Phone,1,600.0,2019-07-21 09:34:00,"567 Hill St, Boston, MA 02215",July
234399,Google Phone,1,600.0,2019-07-01 09:40:00,"388 10th St, Dallas, TX 75001",July
224811,Google Phone,1,600.0,2019-07-03 23:13:00,"585 12th St, Boston, MA 02215",July
227292,Google Phone,1,600.0,2019-07-19 15:18:00,"933 5th St, Portland, OR 97035",July
228746,Google Phone,1,600.0,2019-07-24 15:34:00,"823 Maple St, Dallas, TX 75001",July
231744,Google Phone,1,600.0,2019-07-18 13:37:00,"622 1st St, San Francisco, CA 94016",July
236070,Google Phone,1,600.0,2019-07-27 15:24:00,"992 Jackson St, Boston, MA 02215",July
223338,Google Phone,1,600.0,2019-07-17 11:23:00,"887 2nd St, San Francisco, CA 94016",July
232250,Google Phone,1,600.0,2019-07-22 13:14:00,"677 Main St, Atlanta, GA 30301",July
223747,Google Phone,1,600.0,2019-07-11 23:19:00,"657 Meadow St, San Francisco, CA 94016",July
225768,Google Phone,1,600.0,2019-07-06 00:12:00,"832 South St, Seattle, WA 98101",July
226270,Google Phone,1,600.0,2019-07-14 14:17:00,"140 Park St, Los Angeles, CA 90001",July
231976,Google Phone,1,600.0,2019-07-22 16:11:00,"439 Jackson St, San Francisco, CA 94016",July
235255,Google Phone,1,600.0,2019-07-26 17:12:00,"909 Lakeview St, Boston, MA 02215",July
228550,Google Phone,1,600.0,2019-07-06 23:33:00,"166 4th St, New York City, NY 10001",July
232415,Google Phone,1,600.0,2019-07-21 11:11:00,"307 Chestnut St, Los Angeles, CA 90001",July
233592,Google Phone,1,600.0,2019-07-08 00:23:00,"909 1st St, Los Angeles, CA 90001",July
224068,Google Phone,1,600.0,2019-07-25 16:16:00,"602 Washington St, San Francisco, CA 94016",July
233588,Google Phone,1,600.0,2019-07-17 11:06:00,"316 North St, Los Angeles, CA 90001",July
235361,Google Phone,1,600.0,2019-07-02 17:13:00,"47 10th St, Dallas, TX 75001",July
223777,Google Phone,1,600.0,2019-07-05 21:49:00,"134 9th St, San Francisco, CA 94016",July
225724,Google Phone,1,600.0,2019-07-04 16:18:00,"393 13th St, Austin, TX 73301",July
224717,Google Phone,1,600.0,2019-07-21 17:02:00,"178 14th St, San Francisco, CA 94016",July
229811,Google Phone,1,600.0,2019-07-14 17:17:00,"247 Johnson St, San Francisco, CA 94016",July
234332,Google Phone,1,600.0,2019-07-27 05:26:00,"228 Sunset St, New York City, NY 10001",July
236413,Google Phone,1,600.0,2019-07-26 00:38:00,"316 Jackson St, San Francisco, CA 94016",July
225753,Google Phone,1,600.0,2019-07-21 23:24:00,"377 Maple St, New York City, NY 10001",July
231246,Google Phone,1,600.0,2019-07-24 21:06:00,"925 2nd St, San Francisco, CA 94016",July
226867,Google Phone,1,600.0,2019-07-23 10:45:00,"974 Cedar St, Dallas, TX 75001",July
239833,Google Phone,1,600.0,2019-08-30 14:08:00,"560 12th St, San Francisco, CA 94016",August
245986,Google Phone,1,600.0,2019-08-31 20:18:00,"270 Park St, San Francisco, CA 94016",August
245077,Google Phone,1,600.0,2019-08-11 12:00:00,"305 Adams St, New York City, NY 10001",August
241800,Google Phone,1,600.0,2019-08-14 12:42:00,"76 Cherry St, San Francisco, CA 94016",August
245887,Google Phone,1,600.0,2019-08-20 21:16:00,"254 12th St, Austin, TX 73301",August
237412,Google Phone,1,600.0,2019-08-02 10:48:00,"720 Chestnut St, San Francisco, CA 94016",August
238607,Google Phone,1,600.0,2019-08-19 16:48:00,"417 1st St, Atlanta, GA 30301",August
238812,Google Phone,1,600.0,2019-08-19 19:48:00,"61 Willow St, New York City, NY 10001",August
242614,Google Phone,1,600.0,2019-08-08 13:05:00,"912 South St, New York City, NY 10001",August
242910,Google Phone,1,600.0,2019-08-31 08:29:00,"355 Spruce St, Los Angeles, CA 90001",August
241552,Google Phone,1,600.0,2019-08-28 20:44:00,"343 9th St, San Francisco, CA 94016",August
246937,Google Phone,1,600.0,2019-08-02 17:57:00,"681 South St, New York City, NY 10001",August
238843,Google Phone,1,600.0,2019-08-24 12:15:00,"360 Cherry St, New York City, NY 10001",August
241885,Google Phone,1,600.0,2019-08-22 11:56:00,"899 Adams St, New York City, NY 10001",August
242042,Google Phone,1,600.0,2019-08-03 08:20:00,"370 Maple St, Atlanta, GA 30301",August
245174,Google Phone,1,600.0,2019-08-25 23:57:00,"801 Madison St, Seattle, WA 98101",August
246810,Google Phone,1,600.0,2019-08-05 11:46:00,"988 9th St, San Francisco, CA 94016",August
238399,Google Phone,1,600.0,2019-08-05 20:50:00,"579 Pine St, New York City, NY 10001",August
242555,Google Phone,1,600.0,2019-08-13 08:59:00,"573 Johnson St, Boston, MA 02215",August
246681,Google Phone,1,600.0,2019-08-17 11:17:00,"754 Church St, Dallas, TX 75001",August
238319,Google Phone,1,600.0,2019-08-27 09:12:00,"740 12th St, New York City, NY 10001",August
245821,Google Phone,1,600.0,2019-08-12 12:50:00,"592 13th St, New York City, NY 10001",August
247698,Google Phone,1,600.0,2019-08-04 20:34:00,"33 14th St, Atlanta, GA 30301",August
236870,Google Phone,1,600.0,2019-08-09 20:04:00,"384 5th St, New York City, NY 10001",August
238474,Google Phone,1,600.0,2019-08-02 22:26:00,"48 Madison St, San Francisco, CA 94016",August
238713,Google Phone,1,600.0,2019-08-25 22:03:00,"329 Jefferson St, San Francisco, CA 94016",August
238200,Google Phone,1,600.0,2019-08-27 18:28:00,"130 Sunset St, Dallas, TX 75001",August
244759,Google Phone,1,600.0,2019-08-07 16:18:00,"92 Spruce St, Portland, OR 97035",August
245470,Google Phone,1,600.0,2019-08-17 23:49:00,"689 Lake St, Boston, MA 02215",August
237095,Google Phone,2,600.0,2019-08-22 12:34:00,"110 Madison St, Boston, MA 02215",August
241221,Google Phone,1,600.0,2019-08-12 05:35:00,"365 5th St, New York City, NY 10001",August
244338,Google Phone,1,600.0,2019-08-09 11:22:00,"25 Park St, Los Angeles, CA 90001",August
239103,Google Phone,1,600.0,2019-08-20 09:34:00,"75 7th St, Boston, MA 02215",August
247123,Google Phone,1,600.0,2019-08-25 19:16:00,"260 8th St, San Francisco, CA 94016",August
247527,Google Phone,1,600.0,2019-08-11 19:28:00,"337 Chestnut St, Dallas, TX 75001",August
238724,Google Phone,1,600.0,2019-08-07 16:47:00,"139 12th St, Atlanta, GA 30301",August
241387,Google Phone,1,600.0,2019-08-11 23:18:00,"926 Forest St, New York City, NY 10001",August
237692,Google Phone,1,600.0,2019-08-20 08:02:00,"309 12th St, Los Angeles, CA 90001",August
239192,Google Phone,1,600.0,2019-08-14 20:56:00,"828 Lake St, New York City, NY 10001",August
239870,Google Phone,1,600.0,2019-08-09 12:00:00,"578 Church St, Los Angeles, CA 90001",August
240869,Google Phone,1,600.0,2019-08-23 06:41:00,"30 Forest St, Austin, TX 73301",August
243791,Google Phone,1,600.0,2019-08-13 12:36:00,"876 Lakeview St, Boston, MA 02215",August
244993,Google Phone,1,600.0,2019-08-28 15:56:00,"834 Hill St, Los Angeles, CA 90001",August
247015,Google Phone,1,600.0,2019-08-27 15:11:00,"123 Walnut St, Seattle, WA 98101",August
239295,Google Phone,1,600.0,2019-08-03 05:37:00,"146 10th St, San Francisco, CA 94016",August
244346,Google Phone,1,600.0,2019-08-26 17:34:00,"957 South St, San Francisco, CA 94016",August
245353,Google Phone,1,600.0,2019-08-01 13:15:00,"691 7th St, San Francisco, CA 94016",August
236809,Google Phone,1,600.0,2019-08-01 20:53:00,"444 South St, Seattle, WA 98101",August
238847,Google Phone,1,600.0,2019-08-16 22:49:00,"211 Hill St, Dallas, TX 75001",August
242726,Google Phone,1,600.0,2019-08-25 01:04:00,"906 Sunset St, San Francisco, CA 94016",August
239826,Google Phone,1,600.0,2019-08-31 13:13:00,"621 Hill St, Austin, TX 73301",August
247155,Google Phone,1,600.0,2019-08-23 15:33:00,"718 Highland St, Seattle, WA 98101",August
248318,Google Phone,1,600.0,2019-09-24 12:43:00,"165 Hill St, Austin, TX 73301",September
249700,Google Phone,1,600.0,2019-09-09 18:17:00,"624 12th St, Atlanta, GA 30301",September
249745,Google Phone,1,600.0,2019-09-18 19:50:00,"737 5th St, Dallas, TX 75001",September
254456,Google Phone,1,600.0,2019-09-21 22:42:00,"880 8th St, Los Angeles, CA 90001",September
255176,Google Phone,1,600.0,2019-09-13 13:10:00,"306 Meadow St, Los Angeles, CA 90001",September
257011,Google Phone,1,600.0,2019-09-15 19:57:00,"179 Jefferson St, Dallas, TX 75001",September
258962,Google Phone,1,600.0,2019-09-14 15:19:00,"836 Maple St, San Francisco, CA 94016",September
252146,Google Phone,1,600.0,2019-09-28 16:40:00,"681 Lincoln St, Los Angeles, CA 90001",September
249070,Google Phone,1,600.0,2019-09-20 13:44:00,"347 Jefferson St, New York City, NY 10001",September
249830,Google Phone,1,600.0,2019-09-20 17:49:00,"58 Church St, Boston, MA 02215",September
251573,Google Phone,1,600.0,2019-09-08 21:48:00,"467 Adams St, Dallas, TX 75001",September
256569,Google Phone,1,600.0,2019-09-22 14:22:00,"225 Lakeview St, San Francisco, CA 94016",September
254554,Google Phone,1,600.0,2019-09-25 17:28:00,"462 Willow St, San Francisco, CA 94016",September
255918,Google Phone,1,600.0,2019-09-25 11:35:00,"924 Willow St, New York City, NY 10001",September
251957,Google Phone,1,600.0,2019-09-07 10:42:00,"799 7th St, Seattle, WA 98101",September
254491,Google Phone,1,600.0,2019-09-19 10:38:00,"826 Chestnut St, Dallas, TX 75001",September
249670,Google Phone,1,600.0,2019-09-17 20:10:00,"195 Chestnut St, San Francisco, CA 94016",September
258900,Google Phone,1,600.0,2019-09-11 12:24:00,"746 Jefferson St, New York City, NY 10001",September
250200,Google Phone,1,600.0,2019-09-27 17:06:00,"256 13th St, San Francisco, CA 94016",September
256941,Google Phone,1,600.0,2019-09-23 17:05:00,"898 Spruce St, Austin, TX 73301",September
255084,Google Phone,1,600.0,2019-09-19 12:13:00,"722 13th St, San Francisco, CA 94016",September
251707,Google Phone,1,600.0,2019-09-03 11:37:00,"721 Park St, New York City, NY 10001",September
252860,Google Phone,1,600.0,2019-09-15 01:47:00,"271 5th St, San Francisco, CA 94016",September
255787,Google Phone,1,600.0,2019-09-11 15:08:00,"517 11th St, San Francisco, CA 94016",September
248365,Google Phone,1,600.0,2019-09-04 19:37:00,"930 Forest St, Dallas, TX 75001",September
257859,Google Phone,1,600.0,2019-09-17 20:21:00,"941 Pine St, Los Angeles, CA 90001",September
258253,Google Phone,1,600.0,2019-09-07 18:18:00,"641 14th St, Dallas, TX 75001",September
255715,Google Phone,1,600.0,2019-09-29 18:18:00,"452 Walnut St, San Francisco, CA 94016",September
255095,Google Phone,1,600.0,2019-09-30 18:22:00,"360 South St, Austin, TX 73301",September
256201,Google Phone,1,600.0,2019-09-28 19:03:00,"166 10th St, Seattle, WA 98101",September
254209,Google Phone,1,600.0,2019-09-02 11:36:00,"242 West St, Boston, MA 02215",September
255649,Google Phone,1,600.0,2019-09-27 12:30:00,"408 Highland St, New York City, NY 10001",September
257797,Google Phone,1,600.0,2019-09-24 19:00:00,"840 West St, San Francisco, CA 94016",September
254805,Google Phone,1,600.0,2019-09-08 01:40:00,"186 2nd St, San Francisco, CA 94016",September
248323,Google Phone,1,600.0,2019-09-30 20:36:00,"725 10th St, Portland, OR 97035",September
249182,Google Phone,1,600.0,2019-09-26 21:19:00,"350 10th St, Dallas, TX 75001",September
256694,Google Phone,1,600.0,2019-09-03 18:17:00,"747 Sunset St, Los Angeles, CA 90001",September
249110,Google Phone,1,600.0,2019-09-22 14:58:00,"838 Lakeview St, San Francisco, CA 94016",September
254911,Google Phone,1,600.0,2019-09-26 13:49:00,"769 Spruce St, San Francisco, CA 94016",September
255683,Google Phone,1,600.0,2019-09-26 07:47:00,"637 River St, Dallas, TX 75001",September
249430,Google Phone,1,600.0,2019-09-15 19:18:00,"938 Walnut St, Seattle, WA 98101",September
255277,Google Phone,1,600.0,2019-09-06 16:40:00,"982 Elm St, Los Angeles, CA 90001",September
259137,Google Phone,1,600.0,2019-09-20 08:13:00,"607 Cherry St, Boston, MA 02215",September
250680,Google Phone,1,600.0,2019-09-26 08:10:00,"977 Jackson St, Boston, MA 02215",September
252705,Google Phone,1,600.0,2019-09-26 19:53:00,"849 10th St, San Francisco, CA 94016",September
254317,Google Phone,1,600.0,2019-09-29 10:44:00,"679 8th St, Austin, TX 73301",September
251834,Google Phone,1,600.0,2019-09-11 14:08:00,"377 4th St, Atlanta, GA 30301",September
252447,Google Phone,1,600.0,2019-09-05 14:40:00,"849 Willow St, Los Angeles, CA 90001",September
248953,Google Phone,1,600.0,2019-09-18 11:13:00,"789 Jefferson St, Seattle, WA 98101",September
257723,Google Phone,1,600.0,2019-09-12 19:00:00,"951 Wilson St, San Francisco, CA 94016",September
257705,Google Phone,1,600.0,2019-09-04 19:38:00,"845 Lakeview St, Boston, MA 02215",September
258117,Google Phone,1,600.0,2019-09-23 02:56:00,"720 Lincoln St, Austin, TX 73301",September
253961,Google Phone,1,600.0,2019-09-06 14:49:00,"924 Park St, Boston, MA 02215",September
259006,Google Phone,1,600.0,2019-09-19 10:30:00,"494 11th St, New York City, NY 10001",September
253084,Google Phone,1,600.0,2019-09-25 12:51:00,"517 Hickory St, New York City, NY 10001",September
255962,Google Phone,1,600.0,2019-09-06 02:29:00,"283 Jefferson St, New York City, NY 10001",September
258107,Google Phone,1,600.0,2019-09-23 14:23:00,"460 Maple St, Seattle, WA 98101",September
260761,Google Phone,1,600.0,2019-10-14 02:25:00,"38 Meadow St, Seattle, WA 98101",October
267910,Google Phone,1,600.0,2019-10-02 10:24:00,"321 Dogwood St, Boston, MA 02215",October
262646,Google Phone,1,600.0,2019-10-24 18:18:00,"420 West St, San Francisco, CA 94016",October
271204,Google Phone,1,600.0,2019-10-21 19:18:00,"815 5th St, Boston, MA 02215",October
274444,Google Phone,1,600.0,2019-10-07 20:56:00,"203 Forest St, San Francisco, CA 94016",October
276235,Google Phone,1,600.0,2019-10-25 11:00:00,"587 Spruce St, Los Angeles, CA 90001",October
260938,Google Phone,1,600.0,2019-10-29 14:14:00,"218 1st St, Los Angeles, CA 90001",October
266156,Google Phone,1,600.0,2019-10-23 10:40:00,"341 River St, Los Angeles, CA 90001",October
268125,Google Phone,1,600.0,2019-10-15 13:57:00,"356 North St, New York City, NY 10001",October
261338,Google Phone,1,600.0,2019-10-15 15:32:00,"606 West St, Boston, MA 02215",October
275490,Google Phone,1,600.0,2019-10-18 16:29:00,"546 Highland St, San Francisco, CA 94016",October
277512,Google Phone,1,600.0,2019-10-15 11:58:00,"218 2nd St, Portland, OR 97035",October
268960,Google Phone,1,600.0,2019-10-27 10:08:00,"50 13th St, Los Angeles, CA 90001",October
274592,Google Phone,1,600.0,2019-10-12 06:01:00,"404 Sunset St, Boston, MA 02215",October
276427,Google Phone,1,600.0,2019-10-11 09:25:00,"497 Forest St, New York City, NY 10001",October
269703,Google Phone,1,600.0,2019-10-03 16:33:00,"972 Dogwood St, Dallas, TX 75001",October
277465,Google Phone,1,600.0,2019-10-22 17:09:00,"162 Willow St, Los Angeles, CA 90001",October
278045,Google Phone,1,600.0,2019-10-23 09:02:00,"651 Park St, San Francisco, CA 94016",October
278706,Google Phone,1,600.0,2019-10-07 18:18:00,"942 11th St, San Francisco, CA 94016",October
267807,Google Phone,1,600.0,2019-10-06 19:33:00,"354 Cedar St, Dallas, TX 75001",October
271032,Google Phone,1,600.0,2019-10-13 10:35:00,"490 7th St, San Francisco, CA 94016",October
277145,Google Phone,1,600.0,2019-10-05 19:19:00,"372 Johnson St, Los Angeles, CA 90001",October
261746,Google Phone,1,600.0,2019-10-22 14:14:00,"715 Cedar St, San Francisco, CA 94016",October
264745,Google Phone,1,600.0,2019-10-21 10:56:00,"682 9th St, Dallas, TX 75001",October
264918,Google Phone,1,600.0,2019-10-29 14:58:00,"351 West St, Dallas, TX 75001",October
267676,Google Phone,1,600.0,2019-10-04 01:11:00,"689 Chestnut St, Atlanta, GA 30301",October
266792,Google Phone,1,600.0,2019-10-03 13:11:00,"463 8th St, Seattle, WA 98101",October
272532,Google Phone,1,600.0,2019-10-26 18:12:00,"562 Park St, Dallas, TX 75001",October
272903,Google Phone,1,600.0,2019-10-22 11:48:00,"91 Lake St, Seattle, WA 98101",October
278183,Google Phone,1,600.0,2019-10-01 20:42:00,"198 Main St, Los Angeles, CA 90001",October
270122,Google Phone,1,600.0,2019-10-26 13:12:00,"777 Forest St, Boston, MA 02215",October
271114,Google Phone,1,600.0,2019-10-05 18:51:00,"943 2nd St, Los Angeles, CA 90001",October
259471,Google Phone,1,600.0,2019-10-12 16:43:00,"243 West St, Los Angeles, CA 90001",October
260228,Google Phone,1,600.0,2019-10-29 01:12:00,"4 Lake St, Atlanta, GA 30301",October
264801,Google Phone,1,600.0,2019-10-11 20:41:00,"530 Cedar St, San Francisco, CA 94016",October
271786,Google Phone,1,600.0,2019-10-27 22:49:00,"757 1st St, Los Angeles, CA 90001",October
272995,Google Phone,1,600.0,2019-10-15 12:42:00,"625 4th St, San Francisco, CA 94016",October
278260,Google Phone,1,600.0,2019-10-27 18:29:00,"223 West St, New York City, NY 10001",October
262855,Google Phone,1,600.0,2019-10-19 21:24:00,"704 7th St, New York City, NY 10001",October
262949,Google Phone,1,600.0,2019-10-27 12:03:00,"955 Walnut St, Boston, MA 02215",October
278349,Google Phone,1,600.0,2019-10-18 15:23:00,"954 Cherry St, Dallas, TX 75001",October
264883,Google Phone,1,600.0,2019-10-07 19:28:00,"170 Main St, San Francisco, CA 94016",October
269137,Google Phone,1,600.0,2019-10-18 16:59:00,"569 Spruce St, Dallas, TX 75001",October
269268,Google Phone,1,600.0,2019-10-20 18:08:00,"928 Dogwood St, New York City, NY 10001",October
262652,Google Phone,1,600.0,2019-10-12 21:56:00,"898 5th St, San Francisco, CA 94016",October
264507,Google Phone,1,600.0,2019-10-09 07:42:00,"213 Lincoln St, Los Angeles, CA 90001",October
277311,Google Phone,1,600.0,2019-10-24 15:42:00,"952 5th St, Portland, OR 97035",October
271968,Google Phone,1,600.0,2019-10-16 10:42:00,"555 Lincoln St, San Francisco, CA 94016",October
274686,Google Phone,1,600.0,2019-10-04 18:53:00,"135 6th St, Boston, MA 02215",October
265670,Google Phone,1,600.0,2019-10-12 20:30:00,"137 Maple St, San Francisco, CA 94016",October
273019,Google Phone,1,600.0,2019-10-11 19:03:00,"557 Johnson St, New York City, NY 10001",October
277525,Google Phone,1,600.0,2019-10-07 20:37:00,"262 14th St, New York City, NY 10001",October
259832,Google Phone,1,600.0,2019-10-28 08:54:00,"420 Jackson St, San Francisco, CA 94016",October
261149,Google Phone,1,600.0,2019-10-04 23:23:00,"799 Jackson St, San Francisco, CA 94016",October
269187,Google Phone,1,600.0,2019-10-26 16:49:00,"171 Main St, Austin, TX 73301",October
273118,Google Phone,1,600.0,2019-10-04 12:05:00,"439 Cedar St, New York City, NY 10001",October
260492,Google Phone,1,600.0,2019-10-24 11:08:00,"605 Lakeview St, San Francisco, CA 94016",October
276843,Google Phone,1,600.0,2019-10-06 22:58:00,"557 Lakeview St, Boston, MA 02215",October
270208,Google Phone,1,600.0,2019-10-05 17:16:00,"548 Jefferson St, Dallas, TX 75001",October
274607,Google Phone,1,600.0,2019-10-26 09:53:00,"691 Jackson St, San Francisco, CA 94016",October
270107,Google Phone,1,600.0,2019-10-08 01:36:00,"301 Forest St, Seattle, WA 98101",October
274254,Google Phone,1,600.0,2019-10-28 14:44:00,"908 Wilson St, Los Angeles, CA 90001",October
271415,Google Phone,1,600.0,2019-10-29 18:54:00,"919 Jackson St, Portland, OR 97035",October
272237,Google Phone,1,600.0,2019-10-11 13:55:00,"914 Washington St, San Francisco, CA 94016",October
277105,Google Phone,1,600.0,2019-10-29 11:24:00,"544 Jackson St, New York City, NY 10001",October
261251,Google Phone,1,600.0,2019-10-25 15:20:00,"541 Washington St, San Francisco, CA 94016",October
275148,Google Phone,1,600.0,2019-10-25 21:37:00,"341 4th St, Boston, MA 02215",October
260008,Google Phone,1,600.0,2019-10-16 16:02:00,"4 4th St, San Francisco, CA 94016",October
261834,Google Phone,1,600.0,2019-10-26 12:41:00,"637 13th St, Los Angeles, CA 90001",October
262653,Google Phone,1,600.0,2019-10-01 12:36:00,"430 Dogwood St, New York City, NY 10001",October
266005,Google Phone,1,600.0,2019-10-11 17:32:00,"555 Jackson St, Dallas, TX 75001",October
274038,Google Phone,1,600.0,2019-10-18 12:28:00,"417 9th St, Los Angeles, CA 90001",October
261158,Google Phone,1,600.0,2019-10-10 20:48:00,"190 Chestnut St, Los Angeles, CA 90001",October
264016,Google Phone,1,600.0,2019-10-30 09:46:00,"861 North St, New York City, NY 10001",October
267296,Google Phone,1,600.0,2019-10-28 13:12:00,"621 8th St, Los Angeles, CA 90001",October
270614,Google Phone,1,600.0,2019-10-21 15:50:00,"417 Wilson St, New York City, NY 10001",October
274226,Google Phone,1,600.0,2019-10-03 13:16:00,"990 Lincoln St, Los Angeles, CA 90001",October
276239,Google Phone,1,600.0,2019-10-04 19:15:00,"625 South St, Dallas, TX 75001",October
262482,Google Phone,1,600.0,2019-10-14 11:39:00,"644 Ridge St, Dallas, TX 75001",October
263421,Google Phone,1,600.0,2019-10-01 09:06:00,"765 Jackson St, San Francisco, CA 94016",October
273443,Google Phone,1,600.0,2019-10-01 08:00:00,"118 7th St, San Francisco, CA 94016",October
274627,Google Phone,1,600.0,2019-10-21 09:54:00,"380 Ridge St, Dallas, TX 75001",October
276613,Google Phone,1,600.0,2019-10-17 09:27:00,"681 12th St, Austin, TX 73301",October
277111,Google Phone,1,600.0,2019-10-20 13:04:00,"225 4th St, San Francisco, CA 94016",October
263134,Google Phone,1,600.0,2019-10-25 14:29:00,"277 Washington St, Los Angeles, CA 90001",October
265362,Google Phone,1,600.0,2019-10-13 18:21:00,"265 5th St, Dallas, TX 75001",October
270275,Google Phone,1,600.0,2019-10-10 01:24:00,"437 Lakeview St, San Francisco, CA 94016",October
273361,Google Phone,1,600.0,2019-10-22 04:24:00,"854 Cedar St, Los Angeles, CA 90001",October
274405,Google Phone,1,600.0,2019-10-19 15:44:00,"528 River St, Boston, MA 02215",October
261807,Google Phone,1,600.0,2019-10-15 16:58:00,"398 Hickory St, Boston, MA 02215",October
265397,Google Phone,1,600.0,2019-10-11 16:26:00,"698 5th St, New York City, NY 10001",October
269337,Google Phone,1,600.0,2019-10-24 08:16:00,"14 Church St, Los Angeles, CA 90001",October
275059,Google Phone,1,600.0,2019-10-02 15:03:00,"439 Cedar St, Boston, MA 02215",October
266618,Google Phone,1,600.0,2019-10-28 23:06:00,"513 Maple St, Austin, TX 73301",October
268653,Google Phone,1,600.0,2019-10-08 08:29:00,"331 Elm St, Los Angeles, CA 90001",October
275654,Google Phone,1,600.0,2019-10-30 23:53:00,"102 Lincoln St, Los Angeles, CA 90001",October
276631,Google Phone,1,600.0,2019-10-02 13:18:00,"173 Cherry St, Dallas, TX 75001",October
262471,Google Phone,1,600.0,2019-10-03 15:52:00,"197 Lakeview St, Los Angeles, CA 90001",October
263179,Google Phone,1,600.0,2019-10-11 17:54:00,"861 5th St, Portland, OR 97035",October
275795,Google Phone,1,600.0,2019-10-16 08:11:00,"710 Adams St, New York City, NY 10001",October
261098,Google Phone,1,600.0,2019-10-10 18:39:00,"107 Walnut St, San Francisco, CA 94016",October
270670,Google Phone,1,600.0,2019-10-20 21:15:00,"276 Jefferson St, Dallas, TX 75001",October
277585,Google Phone,1,600.0,2019-10-02 15:28:00,"739 Jefferson St, Portland, OR 97035",October
284511,Google Phone,1,600.0,2019-11-07 05:29:00,"368 Center St, San Francisco, CA 94016",November
286705,Google Phone,1,600.0,2019-11-08 17:22:00,"228 Jefferson St, Austin, TX 73301",November
289631,Google Phone,1,600.0,2019-11-14 13:14:00,"374 North St, Seattle, WA 98101",November
289753,Google Phone,1,600.0,2019-11-15 09:20:00,"499 Pine St, Dallas, TX 75001",November
284825,Google Phone,1,600.0,2019-11-01 14:35:00,"925 River St, Seattle, WA 98101",November
291810,Google Phone,1,600.0,2019-11-16 23:48:00,"810 12th St, New York City, NY 10001",November
292789,Google Phone,1,600.0,2019-11-11 20:26:00,"115 5th St, Dallas, TX 75001",November
291356,Google Phone,1,600.0,2019-11-02 21:32:00,"681 Lakeview St, New York City, NY 10001",November
283336,Google Phone,1,600.0,2019-11-08 19:46:00,"523 11th St, Boston, MA 02215",November
293875,Google Phone,1,600.0,2019-11-16 13:38:00,"911 Jackson St, Portland, OR 97035",November
294445,Google Phone,1,600.0,2019-11-21 09:32:00,"884 Adams St, San Francisco, CA 94016",November
279536,Google Phone,1,600.0,2019-11-14 00:21:00,"509 Church St, Boston, MA 02215",November
281416,Google Phone,1,600.0,2019-11-06 14:11:00,"748 Church St, Austin, TX 73301",November
282553,Google Phone,1,600.0,2019-11-03 12:06:00,"954 Spruce St, New York City, NY 10001",November
289899,Google Phone,1,600.0,2019-11-02 14:18:00,"304 9th St, Los Angeles, CA 90001",November
279897,Google Phone,1,600.0,2019-11-24 13:36:00,"827 Willow St, Atlanta, GA 30301",November
280284,Google Phone,1,600.0,2019-11-11 19:32:00,"81 8th St, Portland, OR 97035",November
283180,Google Phone,1,600.0,2019-11-17 09:56:00,"190 11th St, Los Angeles, CA 90001",November
285920,Google Phone,1,600.0,2019-11-13 15:21:00,"663 6th St, Seattle, WA 98101",November
293469,Google Phone,1,600.0,2019-11-25 18:33:00,"713 Cherry St, Los Angeles, CA 90001",November
282283,Google Phone,1,600.0,2019-11-15 07:19:00,"794 Walnut St, Atlanta, GA 30301",November
284550,Google Phone,1,600.0,2019-11-07 11:15:00,"868 14th St, San Francisco, CA 94016",November
279362,Google Phone,1,600.0,2019-11-08 09:57:00,"303 13th St, Los Angeles, CA 90001",November
282309,Google Phone,1,600.0,2019-11-07 09:19:00,"875 Main St, Los Angeles, CA 90001",November
289305,Google Phone,1,600.0,2019-11-05 21:19:00,"899 Ridge St, Los Angeles, CA 90001",November
293156,Google Phone,1,600.0,2019-11-06 09:47:00,"319 Meadow St, Portland, OR 97035",November
282100,Google Phone,1,600.0,2019-11-24 09:47:00,"574 13th St, San Francisco, CA 94016",November
293608,Google Phone,1,600.0,2019-11-03 12:15:00,"309 Chestnut St, Austin, TX 73301",November
279960,Google Phone,1,600.0,2019-11-27 13:12:00,"951 10th St, Seattle, WA 98101",November
289206,Google Phone,1,600.0,2019-11-17 10:41:00,"854 Main St, San Francisco, CA 94016",November
292944,Google Phone,1,600.0,2019-11-09 16:29:00,"814 Johnson St, Atlanta, GA 30301",November
294899,Google Phone,1,600.0,2019-11-16 17:05:00,"365 Spruce St, San Francisco, CA 94016",November
280999,Google Phone,1,600.0,2019-11-10 13:55:00,"181 West St, Los Angeles, CA 90001",November
286856,Google Phone,1,600.0,2019-11-29 10:20:00,"422 1st St, Boston, MA 02215",November
290950,Google Phone,1,600.0,2019-11-17 07:34:00,"629 1st St, Atlanta, GA 30301",November
292818,Google Phone,1,600.0,2019-11-21 17:53:00,"129 Forest St, San Francisco, CA 94016",November
281752,Google Phone,1,600.0,2019-11-29 01:16:00,"615 Church St, Boston, MA 02215",November
283332,Google Phone,1,600.0,2019-11-26 20:09:00,"858 Hickory St, San Francisco, CA 94016",November
284098,Google Phone,1,600.0,2019-11-30 15:44:00,"708 1st St, Atlanta, GA 30301",November
288180,Google Phone,1,600.0,2019-11-24 21:34:00,"112 Cherry St, Portland, OR 97035",November
288284,Google Phone,1,600.0,2019-11-12 15:36:00,"222 Ridge St, San Francisco, CA 94016",November
288544,Google Phone,1,600.0,2019-11-17 20:25:00,"560 Lakeview St, Los Angeles, CA 90001",November
289817,Google Phone,1,600.0,2019-11-25 21:54:00,"903 Cherry St, San Francisco, CA 94016",November
291516,Google Phone,1,600.0,2019-11-20 11:24:00,"82 Lincoln St, Austin, TX 73301",November
291838,Google Phone,1,600.0,2019-11-09 14:35:00,"701 South St, Atlanta, GA 30301",November
278970,Google Phone,1,600.0,2019-11-21 13:36:00,"21 14th St, San Francisco, CA 94016",November
279608,Google Phone,1,600.0,2019-11-30 21:20:00,"300 Willow St, Dallas, TX 75001",November
292618,Google Phone,1,600.0,2019-11-23 19:47:00,"524 Wilson St, New York City, NY 10001",November
295389,Google Phone,1,600.0,2019-11-17 12:58:00,"482 West St, San Francisco, CA 94016",November
294543,Google Phone,1,600.0,2019-11-13 08:24:00,"567 Pine St, New York City, NY 10001",November
282832,Google Phone,1,600.0,2019-11-01 10:57:00,"542 Main St, San Francisco, CA 94016",November
283169,Google Phone,1,600.0,2019-11-15 21:20:00,"232 10th St, Boston, MA 02215",November
286984,Google Phone,1,600.0,2019-11-16 21:13:00,"268 Meadow St, Los Angeles, CA 90001",November
291076,Google Phone,1,600.0,2019-11-06 13:42:00,"805 10th St, Los Angeles, CA 90001",November
279248,Google Phone,1,600.0,2019-11-06 09:11:00,"467 12th St, San Francisco, CA 94016",November
281379,Google Phone,1,600.0,2019-11-21 19:06:00,"518 Hill St, Los Angeles, CA 90001",November
285803,Google Phone,1,600.0,2019-11-02 18:03:00,"245 Dogwood St, Atlanta, GA 30301",November
288979,Google Phone,1,600.0,2019-11-07 10:03:00,"803 Washington St, Los Angeles, CA 90001",November
283266,Google Phone,1,600.0,2019-11-04 19:47:00,"327 12th St, Atlanta, GA 30301",November
286942,Google Phone,1,600.0,2019-11-15 20:08:00,"480 West St, New York City, NY 10001",November
287018,Google Phone,1,600.0,2019-11-07 20:27:00,"684 West St, San Francisco, CA 94016",November
292333,Google Phone,1,600.0,2019-11-05 21:50:00,"987 Madison St, Los Angeles, CA 90001",November
293618,Google Phone,1,600.0,2019-11-19 01:12:00,"847 Wilson St, San Francisco, CA 94016",November
286417,Google Phone,1,600.0,2019-11-18 21:50:00,"895 Lakeview St, New York City, NY 10001",November
283562,Google Phone,1,600.0,2019-11-21 00:45:00,"568 Cedar St, San Francisco, CA 94016",November
293752,Google Phone,1,600.0,2019-11-11 10:19:00,"103 Center St, Seattle, WA 98101",November
279236,Google Phone,1,600.0,2019-11-10 19:19:00,"988 North St, New York City, NY 10001",November
281327,Google Phone,1,600.0,2019-11-29 11:14:00,"512 Center St, New York City, NY 10001",November
281261,Google Phone,1,600.0,2019-11-20 20:34:00,"680 North St, San Francisco, CA 94016",November
286090,Google Phone,1,600.0,2019-11-29 17:19:00,"497 South St, Austin, TX 73301",November
279217,Google Phone,1,600.0,2019-11-19 09:33:00,"206 Meadow St, San Francisco, CA 94016",November
281997,Google Phone,1,600.0,2019-11-27 23:13:00,"81 12th St, San Francisco, CA 94016",November
291259,Google Phone,1,600.0,2019-11-27 09:14:00,"470 Park St, San Francisco, CA 94016",November
293340,Google Phone,1,600.0,2019-11-12 17:22:00,"965 7th St, Los Angeles, CA 90001",November
301446,Google Phone,1,600.0,2019-12-08 22:27:00,"797 Jefferson St, New York City, NY 10001",December
319391,Google Phone,1,600.0,2019-12-08 12:44:00,"931 Jackson St, Boston, MA 02215",December
307891,Google Phone,1,600.0,2019-12-20 09:44:00,"46 5th St, Dallas, TX 75001",December
296741,Google Phone,1,600.0,2019-12-09 06:31:00,"961 Chestnut St, Boston, MA 02215",December
303049,Google Phone,1,600.0,2019-12-21 07:46:00,"982 Spruce St, Austin, TX 73301",December
310241,Google Phone,1,600.0,2019-12-25 22:43:00,"419 Pine St, New York City, NY 10001",December
313959,Google Phone,1,600.0,2019-12-27 21:06:00,"820 6th St, Los Angeles, CA 90001",December
296187,Google Phone,1,600.0,2019-12-21 15:45:00,"322 5th St, San Francisco, CA 94016",December
296520,Google Phone,1,600.0,2019-12-25 20:52:00,"7 Jackson St, Boston, MA 02215",December
296946,Google Phone,1,600.0,2019-12-22 20:12:00,"594 South St, Portland, OR 97035",December
297630,Google Phone,1,600.0,2019-12-01 09:27:00,"952 Jackson St, Los Angeles, CA 90001",December
302585,Google Phone,1,600.0,2019-12-06 07:58:00,"559 4th St, San Francisco, CA 94016",December
311947,Google Phone,1,600.0,2019-12-23 18:23:00,"246 Adams St, San Francisco, CA 94016",December
312407,Google Phone,1,600.0,2019-12-09 15:18:00,"523 Elm St, Seattle, WA 98101",December
316196,Google Phone,1,600.0,2019-12-18 22:52:00,"685 Lake St, San Francisco, CA 94016",December
318242,Google Phone,1,600.0,2019-12-14 14:06:00,"331 West St, New York City, NY 10001",December
297027,Google Phone,1,600.0,2019-12-18 01:52:00,"261 Lake St, Los Angeles, CA 90001",December
312481,Google Phone,1,600.0,2019-12-30 11:04:00,"282 Hickory St, Atlanta, GA 30301",December
295915,Google Phone,1,600.0,2019-12-23 19:04:00,"535 Meadow St, New York City, NY 10001",December
299819,Google Phone,1,600.0,2019-12-26 19:00:00,"815 11th St, Los Angeles, CA 90001",December
303317,Google Phone,1,600.0,2019-12-13 19:32:00,"462 Cedar St, San Francisco, CA 94016",December
308618,Google Phone,1,600.0,2019-12-17 15:32:00,"446 9th St, San Francisco, CA 94016",December
313535,Google Phone,1,600.0,2019-12-12 13:36:00,"487 Cedar St, San Francisco, CA 94016",December
318768,Google Phone,1,600.0,2019-12-24 21:34:00,"284 River St, New York City, NY 10001",December
296725,Google Phone,1,600.0,2019-12-13 16:06:00,"607 Main St, Los Angeles, CA 90001",December
301761,Google Phone,1,600.0,2019-12-08 13:19:00,"39 Washington St, Dallas, TX 75001",December
298734,Google Phone,1,600.0,2019-12-16 15:29:00,"964 Center St, Austin, TX 73301",December
299647,Google Phone,1,600.0,2019-12-10 13:42:00,"57 Hickory St, San Francisco, CA 94016",December
311168,Google Phone,1,600.0,2019-12-06 14:55:00,"251 Cedar St, Austin, TX 73301",December
317115,Google Phone,1,600.0,2019-12-30 22:04:00,"247 Meadow St, Dallas, TX 75001",December
317716,Google Phone,1,600.0,2019-12-02 19:28:00,"80 Lake St, San Francisco, CA 94016",December
304144,Google Phone,1,600.0,2019-12-03 20:22:00,"124 11th St, San Francisco, CA 94016",December
314452,Google Phone,1,600.0,2019-12-08 01:27:00,"678 West St, San Francisco, CA 94016",December
297773,Google Phone,1,600.0,2019-12-05 23:47:00,"759 Spruce St, Dallas, TX 75001",December
302793,Google Phone,1,600.0,2019-12-06 23:37:00,"994 6th St, Los Angeles, CA 90001",December
307557,Google Phone,1,600.0,2019-12-31 20:42:00,"501 Hickory St, Seattle, WA 98101",December
311574,Google Phone,1,600.0,2019-12-16 20:27:00,"47 Highland St, Seattle, WA 98101",December
313683,Google Phone,1,600.0,2019-12-15 13:17:00,"439 Madison St, Los Angeles, CA 90001",December
297388,Google Phone,1,600.0,2019-12-09 04:34:00,"148 Forest St, Austin, TX 73301",December
300987,Google Phone,1,600.0,2019-12-09 20:41:00,"261 Willow St, San Francisco, CA 94016",December
303525,Google Phone,1,600.0,2019-12-20 14:03:00,"600 North St, San Francisco, CA 94016",December
304290,Google Phone,1,600.0,2019-12-25 09:31:00,"120 9th St, Los Angeles, CA 90001",December
318645,Google Phone,1,600.0,2019-12-10 11:19:00,"111 Lincoln St, Seattle, WA 98101",December
296034,Google Phone,1,600.0,2019-12-18 18:43:00,"844 Forest St, Dallas, TX 75001",December
298628,Google Phone,1,600.0,2019-12-08 11:20:00,"883 10th St, Atlanta, GA 30301",December
298958,Google Phone,1,600.0,2019-12-22 10:26:00,"212 Hill St, Atlanta, GA 30301",December
308235,Google Phone,1,600.0,2019-12-15 11:42:00,"801 Madison St, San Francisco, CA 94016",December
310390,Google Phone,1,600.0,2019-12-03 19:39:00,"2 Wilson St, Seattle, WA 98101",December
314952,Google Phone,1,600.0,2019-12-26 13:13:00,"463 Sunset St, Boston, MA 02215",December
315441,Google Phone,1,600.0,2019-12-05 12:22:00,"305 Lakeview St, Portland, OR 97035",December
316918,Google Phone,1,600.0,2019-12-07 21:47:00,"949 4th St, San Francisco, CA 94016",December
318193,Google Phone,1,600.0,2019-12-05 11:33:00,"360 South St, San Francisco, CA 94016",December
319065,Google Phone,1,600.0,2019-12-08 22:10:00,"160 Hill St, New York City, NY 10001",December
298289,Google Phone,1,600.0,2019-12-04 11:30:00,"188 7th St, Austin, TX 73301",December
315347,Google Phone,1,600.0,2019-12-19 12:37:00,"445 10th St, San Francisco, CA 94016",December
296229,Google Phone,1,600.0,2019-12-28 20:07:00,"351 9th St, Austin, TX 73301",December
299988,Google Phone,1,600.0,2019-12-04 21:17:00,"420 Adams St, Los Angeles, CA 90001",December
307802,Google Phone,1,600.0,2019-12-28 14:26:00,"796 Ridge St, Atlanta, GA 30301",December
314885,Google Phone,1,600.0,2019-12-19 10:11:00,"783 13th St, San Francisco, CA 94016",December
302312,Google Phone,1,600.0,2019-12-04 00:00:00,"442 9th St, Seattle, WA 98101",December
302566,Google Phone,1,600.0,2019-12-17 15:41:00,"66 Main St, San Francisco, CA 94016",December
297961,Google Phone,1,600.0,2019-12-11 12:56:00,"891 13th St, New York City, NY 10001",December
315105,Google Phone,1,600.0,2019-12-14 12:24:00,"41 Highland St, Atlanta, GA 30301",December
318206,Google Phone,1,600.0,2019-12-04 21:38:00,"974 Johnson St, Los Angeles, CA 90001",December
310624,Google Phone,1,600.0,2019-12-25 22:13:00,"537 Sunset St, Seattle, WA 98101",December
297983,Google Phone,1,600.0,2019-12-21 13:29:00,"459 Hill St, New York City, NY 10001",December
317358,Google Phone,1,600.0,2019-12-24 13:05:00,"533 Johnson St, Boston, MA 02215",December
295775,Google Phone,1,600.0,2019-12-04 15:02:00,"439 Jefferson St, Dallas, TX 75001",December
306277,Google Phone,1,600.0,2019-12-12 06:28:00,"735 Chestnut St, Portland, OR 97035",December
309631,Google Phone,1,600.0,2019-12-26 15:31:00,"497 Ridge St, New York City, NY 10001",December
312779,Google Phone,1,600.0,2019-12-20 10:55:00,"306 Highland St, Austin, TX 73301",December
314691,Google Phone,1,600.0,2019-12-06 15:32:00,"390 Cherry St, Seattle, WA 98101",December
313705,Google Phone,1,600.0,2019-12-21 15:24:00,"631 Lake St, Portland, OR 97035",December
206706,Google Phone,1,600.0,2019-05-23 21:23:00,"784 Walnut St, Seattle, WA 98101",May
215100,Google Phone,1,600.0,2019-06-16 10:20:00,"798 North St, New York City, NY 10001",June
221762,Google Phone,1,600.0,2019-06-23 20:22:00,"899 Adams St, Boston, MA 02215",June
227733,Google Phone,1,600.0,2019-07-19 09:23:00,"51 North St, San Francisco, CA 94016",July
246805,Google Phone,1,600.0,2019-08-27 19:47:00,"693 Park St, Boston, MA 02215",August
240844,Google Phone,1,600.0,2019-08-08 18:50:00,"36 Highland St, Atlanta, GA 30301",August
253334,Google Phone,1,600.0,2019-09-29 12:00:00,"328 Dogwood St, Dallas, TX 75001",September
249084,Google Phone,1,600.0,2019-09-15 12:22:00,"604 West St, Los Angeles, CA 90001",September
254943,Google Phone,1,600.0,2019-09-18 17:59:00,"250 Dogwood St, New York City, NY 10001",September
271354,Google Phone,1,600.0,2019-10-07 19:55:00,"47 4th St, Seattle, WA 98101",October
261497,Google Phone,1,600.0,2019-10-09 21:14:00,"649 Meadow St, Dallas, TX 75001",October
259772,Google Phone,1,600.0,2019-10-01 16:43:00,"900 10th St, San Francisco, CA 94016",October
283275,Google Phone,1,600.0,2019-11-11 11:16:00,"358 Ridge St, Austin, TX 73301",November
291493,Google Phone,1,600.0,2019-11-04 18:46:00,"695 Main St, Portland, ME 04101",November
293353,Google Phone,1,600.0,2019-11-29 14:53:00,"733 Highland St, Portland, OR 97035",November
311997,Google Phone,1,600.0,2019-12-12 17:00:00,"311 Forest St, Austin, TX 73301",December
304816,Google Phone,1,600.0,2019-12-20 15:12:00,"487 9th St, San Francisco, CA 94016",December
304641,Google Phone,1,600.0,2019-12-26 17:14:00,"230 Adams St, Los Angeles, CA 90001",December
309710,Google Phone,1,600.0,2019-12-10 18:45:00,"41 Jackson St, San Francisco, CA 94016",December
313328,Google Phone,1,600.0,2019-12-20 17:42:00,"554 Jackson St, New York City, NY 10001",December
313425,Google Phone,1,600.0,2019-12-20 21:55:00,"570 13th St, San Francisco, CA 94016",December
300766,Google Phone,1,600.0,2019-12-29 07:45:00,"787 Cedar St, Dallas, TX 75001",December
304499,Google Phone,1,600.0,2019-12-09 07:13:00,"492 Willow St, Los Angeles, CA 90001",December
299953,Google Phone,1,600.0,2019-12-25 18:17:00,"977 Jefferson St, New York City, NY 10001",December
301630,Google Phone,1,600.0,2019-12-22 14:46:00,"561 Maple St, Austin, TX 73301",December
306816,Google Phone,1,600.0,2019-12-12 13:14:00,"248 Hill St, Atlanta, GA 30301",December
315975,Google Phone,1,600.0,2019-12-21 12:16:00,"371 Chestnut St, New York City, NY 10001",December
296147,Google Phone,1,600.0,2019-12-07 09:04:00,"171 Adams St, Los Angeles, CA 90001",December
304411,Google Phone,1,600.0,2019-12-12 12:47:00,"485 9th St, Atlanta, GA 30301",December
305482,Google Phone,1,600.0,2019-12-10 12:25:00,"229 Johnson St, San Francisco, CA 94016",December
315332,Google Phone,1,600.0,2019-12-29 19:16:00,"639 Pine St, Dallas, TX 75001",December
296782,Google Phone,1,600.0,2019-12-02 10:26:00,"15 11th St, San Francisco, CA 94016",December
305724,Google Phone,1,600.0,2019-12-03 10:21:00,"693 Main St, San Francisco, CA 94016",December
314833,Google Phone,1,600.0,2019-12-16 20:06:00,"865 Church St, Seattle, WA 98101",December
316459,Google Phone,1,600.0,2019-12-06 09:48:00,"393 Cedar St, Boston, MA 02215",December
318750,Google Phone,1,600.0,2019-12-24 23:17:00,"49 Wilson St, Austin, TX 73301",December
297816,Google Phone,1,600.0,2019-12-19 19:39:00,"511 West St, San Francisco, CA 94016",December
304350,Google Phone,1,600.0,2019-12-26 16:22:00,"637 Dogwood St, New York City, NY 10001",December
308838,Google Phone,1,600.0,2019-12-01 18:56:00,"901 Park St, New York City, NY 10001",December
312051,Google Phone,1,600.0,2019-12-10 21:11:00,"15 8th St, Dallas, TX 75001",December
298095,Google Phone,1,600.0,2019-12-04 08:34:00,"55 Forest St, Atlanta, GA 30301",December
300247,Google Phone,1,600.0,2019-12-04 18:21:00,"295 7th St, San Francisco, CA 94016",December
309109,Google Phone,1,600.0,2019-12-28 01:46:00,"44 Lincoln St, Seattle, WA 98101",December
311208,Google Phone,1,600.0,2019-12-23 19:36:00,"44 Jackson St, Los Angeles, CA 90001",December
317339,Google Phone,1,600.0,2019-12-12 19:20:00,"192 Hill St, Atlanta, GA 30301",December
298645,Google Phone,1,600.0,2019-12-20 15:45:00,"75 Spruce St, San Francisco, CA 94016",December
295942,Google Phone,1,600.0,2019-12-30 19:21:00,"150 North St, Boston, MA 02215",December
298117,Google Phone,1,600.0,2019-12-27 00:20:00,"307 Lakeview St, Portland, ME 04101",December
296085,Google Phone,1,600.0,2019-12-24 17:25:00,"482 North St, New York City, NY 10001",December
296199,Google Phone,1,600.0,2019-12-06 22:03:00,"746 Ridge St, Los Angeles, CA 90001",December
296933,Google Phone,1,600.0,2019-12-26 09:38:00,"415 14th St, Los Angeles, CA 90001",December
302584,Google Phone,1,600.0,2019-12-22 13:10:00,"447 Adams St, Dallas, TX 75001",December
304705,Google Phone,1,600.0,2019-12-13 22:39:00,"757 Park St, Los Angeles, CA 90001",December
306192,Google Phone,1,600.0,2019-12-08 19:33:00,"795 Elm St, Boston, MA 02215",December
311336,Google Phone,1,600.0,2019-12-30 12:37:00,"926 Chestnut St, San Francisco, CA 94016",December
313958,Google Phone,1,600.0,2019-12-03 13:01:00,"659 1st St, San Francisco, CA 94016",December
314599,Google Phone,1,600.0,2019-12-03 17:48:00,"30 4th St, New York City, NY 10001",December
317725,Google Phone,1,600.0,2019-12-28 21:13:00,"228 Johnson St, Seattle, WA 98101",December
296601,Google Phone,1,600.0,2019-12-24 20:22:00,"115 River St, Los Angeles, CA 90001",December
297928,Google Phone,1,600.0,2019-12-23 21:57:00,"198 Center St, Los Angeles, CA 90001",December
299765,Google Phone,1,600.0,2019-12-16 11:19:00,"311 12th St, Los Angeles, CA 90001",December
299840,Google Phone,1,600.0,2019-12-03 19:04:00,"5 Madison St, Portland, OR 97035",December
302625,Google Phone,1,600.0,2019-12-30 09:30:00,"53 Cedar St, New York City, NY 10001",December
304602,Google Phone,1,600.0,2019-12-17 21:23:00,"762 Dogwood St, New York City, NY 10001",December
305507,Google Phone,1,600.0,2019-12-16 14:16:00,"846 Sunset St, San Francisco, CA 94016",December
316077,Google Phone,1,600.0,2019-12-08 00:41:00,"562 North St, San Francisco, CA 94016",December
147604,Google Phone,1,600.0,2019-01-24 00:16:00,"250 6th St, San Francisco, CA 94016",January
143006,Google Phone,1,600.0,2019-01-29 14:17:00,"785 Cedar St, Boston, MA 02215",January
145270,Google Phone,1,600.0,2019-01-01 07:33:00,"392 4th St, Dallas, TX 75001",January
150173,Google Phone,1,600.0,2019-01-18 09:16:00,"668 Park St, San Francisco, CA 94016",January
142575,Google Phone,1,600.0,2019-01-07 22:25:00,"113 13th St, Dallas, TX 75001",January
141440,Google Phone,1,600.0,2019-01-31 23:10:00,"222 Lakeview St, San Francisco, CA 94016",January
142634,Google Phone,1,600.0,2019-01-04 09:03:00,"745 Highland St, Dallas, TX 75001",January
149125,Google Phone,1,600.0,2019-01-10 20:58:00,"47 2nd St, Atlanta, GA 30301",January
146842,Google Phone,1,600.0,2019-01-11 08:51:00,"480 Meadow St, Los Angeles, CA 90001",January
150206,Google Phone,1,600.0,2019-01-13 18:55:00,"443 Lake St, New York City, NY 10001",January
147128,Google Phone,1,600.0,2019-01-21 16:03:00,"488 Jackson St, New York City, NY 10001",January
145019,Google Phone,1,600.0,2019-01-21 09:08:00,"985 10th St, San Francisco, CA 94016",January
142272,Google Phone,1,600.0,2019-01-20 16:07:00,"756 Jefferson St, San Francisco, CA 94016",January
144605,Google Phone,1,600.0,2019-01-16 12:37:00,"233 Lakeview St, New York City, NY 10001",January
145125,Google Phone,1,600.0,2019-01-19 17:59:00,"763 Lincoln St, Los Angeles, CA 90001",January
150245,Google Phone,1,600.0,2019-01-20 18:29:00,"217 Dogwood St, Boston, MA 02215",January
148795,Google Phone,1,600.0,2019-01-08 11:06:00,"255 Hill St, Seattle, WA 98101",January
146886,Google Phone,1,600.0,2019-01-19 12:02:00,"88 Wilson St, Dallas, TX 75001",January
148441,Google Phone,1,600.0,2019-01-03 11:13:00,"602 Hill St, Los Angeles, CA 90001",January
142192,Google Phone,1,600.0,2019-01-28 12:39:00,"68 11th St, Boston, MA 02215",January
143488,Google Phone,1,600.0,2019-01-10 18:34:00,"32 Johnson St, San Francisco, CA 94016",January
144826,Google Phone,1,600.0,2019-01-23 15:44:00,"979 Chestnut St, Los Angeles, CA 90001",January
148276,Google Phone,1,600.0,2019-01-23 10:15:00,"291 Lincoln St, Portland, OR 97035",January
143013,Google Phone,1,600.0,2019-01-17 22:18:00,"801 Lincoln St, Seattle, WA 98101",January
147436,Google Phone,1,600.0,2019-01-04 08:38:00,"137 North St, New York City, NY 10001",January
148062,Google Phone,1,600.0,2019-01-24 06:44:00,"757 Cherry St, Portland, OR 97035",January
149993,Google Phone,1,600.0,2019-01-24 10:58:00,"17 Jackson St, Atlanta, GA 30301",January
144870,Google Phone,1,600.0,2019-01-26 15:10:00,"346 1st St, Portland, OR 97035",January
142347,Google Phone,1,600.0,2019-01-10 20:06:00,"518 Lake St, San Francisco, CA 94016",January
143295,Google Phone,1,600.0,2019-01-12 18:07:00,"382 Hickory St, San Francisco, CA 94016",January
144260,Google Phone,1,600.0,2019-01-15 20:20:00,"418 Park St, Atlanta, GA 30301",January
144487,Google Phone,1,600.0,2019-01-25 17:46:00,"314 Lakeview St, Atlanta, GA 30301",January
141648,Google Phone,1,600.0,2019-01-03 16:55:00,"657 10th St, Austin, TX 73301",January
141987,Google Phone,1,600.0,2019-01-29 16:56:00,"917 Adams St, San Francisco, CA 94016",January
142287,Google Phone,1,600.0,2019-01-24 19:41:00,"898 Spruce St, Dallas, TX 75001",January
141499,Google Phone,1,600.0,2019-01-19 15:17:00,"90 1st St, San Francisco, CA 94016",January
141664,Google Phone,1,600.0,2019-01-08 16:40:00,"621 Dogwood St, San Francisco, CA 94016",January
144394,Google Phone,1,600.0,2019-01-04 08:49:00,"621 Church St, Atlanta, GA 30301",January
145718,Google Phone,1,600.0,2019-01-18 08:51:00,"829 River St, Portland, ME 04101",January
142088,Google Phone,1,600.0,2019-01-12 12:11:00,"43 Sunset St, Seattle, WA 98101",January
142271,Google Phone,1,600.0,2019-01-05 12:40:00,"685 Lincoln St, Seattle, WA 98101",January
145039,Google Phone,1,600.0,2019-01-02 20:33:00,"86 Hill St, Seattle, WA 98101",January
149108,Google Phone,1,600.0,2019-01-28 13:11:00,"267 Ridge St, San Francisco, CA 94016",January
143615,Google Phone,1,600.0,2019-01-12 16:25:00,"221 1st St, Los Angeles, CA 90001",January
142320,Google Phone,1,600.0,2019-01-11 22:44:00,"531 West St, New York City, NY 10001",January
147243,Google Phone,1,600.0,2019-01-06 18:34:00,"868 North St, Austin, TX 73301",January
146257,Google Phone,1,600.0,2019-01-30 07:19:00,"845 North St, Portland, ME 04101",January
152118,Google Phone,1,600.0,2019-02-25 08:03:00,"189 Hickory St, Los Angeles, CA 90001",February
156450,Google Phone,1,600.0,2019-02-28 17:41:00,"253 West St, Dallas, TX 75001",February
157374,Google Phone,1,600.0,2019-02-10 14:17:00,"635 Lakeview St, Boston, MA 02215",February
158884,Google Phone,1,600.0,2019-02-23 22:47:00,"96 Church St, Portland, ME 04101",February
150811,Google Phone,1,600.0,2019-02-14 14:23:00,"969 Pine St, Seattle, WA 98101",February
157222,Google Phone,1,600.0,2019-02-09 18:41:00,"286 13th St, San Francisco, CA 94016",February
157717,Google Phone,1,600.0,2019-02-18 14:01:00,"15 8th St, Boston, MA 02215",February
161058,Google Phone,1,600.0,2019-02-03 21:06:00,"2 Ridge St, San Francisco, CA 94016",February
161220,Google Phone,1,600.0,2019-02-12 23:21:00,"560 1st St, Dallas, TX 75001",February
151403,Google Phone,1,600.0,2019-02-04 09:48:00,"638 9th St, Dallas, TX 75001",February
155380,Google Phone,1,600.0,2019-02-18 06:34:00,"966 Main St, Portland, ME 04101",February
156992,Google Phone,1,600.0,2019-02-27 13:01:00,"257 West St, San Francisco, CA 94016",February
157617,Google Phone,1,600.0,2019-02-24 19:57:00,"144 Maple St, Los Angeles, CA 90001",February
152201,Google Phone,1,600.0,2019-02-24 15:05:00,"551 Lake St, San Francisco, CA 94016",February
158025,Google Phone,1,600.0,2019-02-04 01:22:00,"304 West St, Atlanta, GA 30301",February
159898,Google Phone,1,600.0,2019-02-25 11:04:00,"952 Highland St, Los Angeles, CA 90001",February
161388,Google Phone,1,600.0,2019-02-05 11:37:00,"382 Chestnut St, Austin, TX 73301",February
156261,Google Phone,1,600.0,2019-02-20 19:09:00,"478 Chestnut St, Seattle, WA 98101",February
159477,Google Phone,1,600.0,2019-02-01 15:04:00,"734 Cedar St, New York City, NY 10001",February
150839,Google Phone,1,600.0,2019-02-24 14:02:00,"625 Washington St, New York City, NY 10001",February
160510,Google Phone,1,600.0,2019-02-06 11:04:00,"92 Lake St, Dallas, TX 75001",February
159850,Google Phone,1,600.0,2019-02-17 12:53:00,"910 1st St, San Francisco, CA 94016",February
153504,Google Phone,1,600.0,2019-02-26 20:34:00,"673 Meadow St, San Francisco, CA 94016",February
159768,Google Phone,1,600.0,2019-02-24 18:05:00,"400 Hill St, Portland, ME 04101",February
154079,Google Phone,1,600.0,2019-02-11 19:34:00,"378 Lake St, San Francisco, CA 94016",February
159740,Google Phone,1,600.0,2019-02-03 16:38:00,"708 Lakeview St, Dallas, TX 75001",February
151656,Google Phone,1,600.0,2019-02-02 20:58:00,"820 Walnut St, Los Angeles, CA 90001",February
156524,Google Phone,1,600.0,2019-02-26 20:29:00,"212 13th St, Boston, MA 02215",February
161878,Google Phone,1,600.0,2019-02-26 01:05:00,"877 North St, Los Angeles, CA 90001",February
150963,Google Phone,1,600.0,2019-02-08 20:48:00,"184 Meadow St, Boston, MA 02215",February
154655,Google Phone,1,600.0,2019-02-08 06:39:00,"644 10th St, Atlanta, GA 30301",February
152124,Google Phone,1,600.0,2019-02-26 20:55:00,"30 Walnut St, San Francisco, CA 94016",February
154956,Google Phone,1,600.0,2019-02-02 17:34:00,"412 1st St, Atlanta, GA 30301",February
157328,Google Phone,1,600.0,2019-02-25 19:01:00,"174 9th St, Dallas, TX 75001",February
152666,Google Phone,2,600.0,2019-02-18 17:11:00,"662 10th St, San Francisco, CA 94016",February
154373,Google Phone,1,600.0,2019-02-16 20:07:00,"809 Sunset St, Atlanta, GA 30301",February
150651,Google Phone,1,600.0,2019-02-02 11:49:00,"525 10th St, New York City, NY 10001",February
158886,Google Phone,1,600.0,2019-02-24 17:46:00,"902 Elm St, Atlanta, GA 30301",February
160237,Google Phone,1,600.0,2019-02-10 09:23:00,"610 Washington St, Los Angeles, CA 90001",February
151851,Google Phone,1,600.0,2019-02-23 19:52:00,"874 9th St, Dallas, TX 75001",February
153033,Google Phone,1,600.0,2019-02-21 11:16:00,"448 Lincoln St, San Francisco, CA 94016",February
156987,Google Phone,1,600.0,2019-02-11 19:05:00,"626 4th St, Atlanta, GA 30301",February
157334,Google Phone,1,600.0,2019-02-27 12:52:00,"773 Dogwood St, San Francisco, CA 94016",February
156518,Google Phone,1,600.0,2019-02-07 21:35:00,"792 9th St, Seattle, WA 98101",February
160494,Google Phone,1,600.0,2019-02-15 17:09:00,"220 Church St, New York City, NY 10001",February
160250,Google Phone,1,600.0,2019-02-01 14:40:00,"556 9th St, Seattle, WA 98101",February
161769,Google Phone,1,600.0,2019-02-03 12:11:00,"807 Meadow St, New York City, NY 10001",February
157440,Google Phone,1,600.0,2019-02-27 17:13:00,"729 Walnut St, Dallas, TX 75001",February
161100,Google Phone,1,600.0,2019-02-14 12:40:00,"248 6th St, San Francisco, CA 94016",February
152185,Google Phone,1,600.0,2019-02-27 11:32:00,"577 Elm St, Los Angeles, CA 90001",February
158330,Google Phone,1,600.0,2019-02-18 23:19:00,"568 Ridge St, Los Angeles, CA 90001",February
157396,Google Phone,1,600.0,2019-02-17 16:33:00,"792 Washington St, New York City, NY 10001",February
154062,Google Phone,1,600.0,2019-02-06 17:24:00,"793 7th St, Dallas, TX 75001",February
158099,Google Phone,1,600.0,2019-02-11 16:46:00,"450 Center St, New York City, NY 10001",February
158595,Google Phone,1,600.0,2019-02-19 06:30:00,"345 North St, San Francisco, CA 94016",February
159949,Google Phone,1,600.0,2019-02-24 12:21:00,"851 West St, Atlanta, GA 30301",February
157780,Google Phone,1,600.0,2019-02-14 09:12:00,"161 12th St, San Francisco, CA 94016",February
153305,Google Phone,1,600.0,2019-02-19 02:15:00,"181 Willow St, Los Angeles, CA 90001",February
157923,Google Phone,1,600.0,2019-02-24 07:20:00,"445 8th St, Boston, MA 02215",February
160593,Google Phone,1,600.0,2019-02-05 20:46:00,"61 Maple St, Seattle, WA 98101",February
161412,Google Phone,1,600.0,2019-02-01 16:52:00,"743 7th St, Dallas, TX 75001",February
154707,Google Phone,1,600.0,2019-02-20 12:58:00,"673 Main St, Atlanta, GA 30301",February
154838,Google Phone,1,600.0,2019-02-20 12:34:00,"972 North St, New York City, NY 10001",February
155252,Google Phone,1,600.0,2019-02-17 00:19:00,"210 Chestnut St, San Francisco, CA 94016",February
155315,Google Phone,1,600.0,2019-02-17 12:18:00,"458 Wilson St, Atlanta, GA 30301",February
159573,Google Phone,1,600.0,2019-02-18 22:05:00,"439 6th St, Seattle, WA 98101",February
155163,Google Phone,1,600.0,2019-02-26 14:32:00,"361 13th St, New York City, NY 10001",February
158889,Google Phone,1,600.0,2019-02-10 09:23:00,"561 Lake St, Portland, OR 97035",February
154513,Google Phone,1,600.0,2019-02-02 20:35:00,"636 1st St, Dallas, TX 75001",February
154576,Google Phone,1,600.0,2019-02-22 10:40:00,"331 Madison St, San Francisco, CA 94016",February
155490,Google Phone,1,600.0,2019-02-17 21:04:00,"392 Lake St, Los Angeles, CA 90001",February
161018,Google Phone,1,600.0,2019-02-18 17:41:00,"598 4th St, Seattle, WA 98101",February
160195,Google Phone,1,600.0,2019-02-09 18:28:00,"109 1st St, Portland, OR 97035",February
165662,Google Phone,1,600.0,2019-03-31 09:20:00,"118 Hill St, New York City, NY 10001",March
167192,Google Phone,1,600.0,2019-03-17 14:09:00,"74 South St, Atlanta, GA 30301",March
164454,Google Phone,1,600.0,2019-03-23 07:11:00,"42 11th St, Atlanta, GA 30301",March
168246,Google Phone,1,600.0,2019-03-30 00:17:00,"500 Elm St, San Francisco, CA 94016",March
173980,Google Phone,1,600.0,2019-03-29 06:28:00,"903 Forest St, Boston, MA 02215",March
175794,Google Phone,1,600.0,2019-03-01 20:28:00,"534 Highland St, Seattle, WA 98101",March
176043,Google Phone,1,600.0,2019-03-21 22:07:00,"795 Washington St, New York City, NY 10001",March
165462,Google Phone,1,600.0,2019-03-14 16:56:00,"238 Main St, Atlanta, GA 30301",March
169646,Google Phone,1,600.0,2019-03-29 09:24:00,"627 9th St, Seattle, WA 98101",March
166334,Google Phone,1,600.0,2019-03-03 12:50:00,"702 Elm St, New York City, NY 10001",March
166710,Google Phone,1,600.0,2019-03-11 17:56:00,"732 Main St, Atlanta, GA 30301",March
172470,Google Phone,1,600.0,2019-03-26 15:17:00,"413 Elm St, San Francisco, CA 94016",March
174789,Google Phone,1,600.0,2019-03-05 13:18:00,"340 1st St, Atlanta, GA 30301",March
169368,Google Phone,1,600.0,2019-03-17 10:02:00,"784 9th St, Portland, ME 04101",March
170115,Google Phone,1,600.0,2019-03-12 11:35:00,"636 Center St, Boston, MA 02215",March
170819,Google Phone,1,600.0,2019-03-18 14:47:00,"610 1st St, San Francisco, CA 94016",March
174634,Google Phone,1,600.0,2019-03-21 15:15:00,"688 Ridge St, San Francisco, CA 94016",March
167644,Google Phone,1,600.0,2019-03-27 20:49:00,"12 9th St, Atlanta, GA 30301",March
171658,Google Phone,1,600.0,2019-03-23 18:35:00,"766 Center St, San Francisco, CA 94016",March
174230,Google Phone,1,600.0,2019-03-12 14:49:00,"469 6th St, New York City, NY 10001",March
174133,Google Phone,1,600.0,2019-03-17 16:30:00,"133 14th St, San Francisco, CA 94016",March
171348,Google Phone,1,600.0,2019-03-26 22:33:00,"419 Willow St, Los Angeles, CA 90001",March
162683,Google Phone,1,600.0,2019-03-23 19:01:00,"587 North St, Los Angeles, CA 90001",March
166471,Google Phone,1,600.0,2019-03-09 19:21:00,"301 North St, San Francisco, CA 94016",March
169384,Google Phone,1,600.0,2019-03-21 11:28:00,"712 Center St, Atlanta, GA 30301",March
174294,Google Phone,1,600.0,2019-03-04 17:41:00,"776 Hickory St, Atlanta, GA 30301",March
175311,Google Phone,1,600.0,2019-03-01 22:18:00,"233 5th St, Dallas, TX 75001",March
162836,Google Phone,1,600.0,2019-03-26 21:18:00,"562 9th St, New York City, NY 10001",March
164755,Google Phone,1,600.0,2019-03-29 13:29:00,"918 West St, New York City, NY 10001",March
165134,Google Phone,1,600.0,2019-03-22 22:55:00,"82 South St, Boston, MA 02215",March
167608,Google Phone,1,600.0,2019-03-09 17:25:00,"703 Spruce St, New York City, NY 10001",March
170897,Google Phone,1,600.0,2019-03-17 18:12:00,"355 Pine St, Los Angeles, CA 90001",March
171328,Google Phone,1,600.0,2019-03-14 16:40:00,"489 4th St, Los Angeles, CA 90001",March
173029,Google Phone,1,600.0,2019-03-11 19:34:00,"566 Lakeview St, Los Angeles, CA 90001",March
175341,Google Phone,1,600.0,2019-03-28 19:24:00,"843 Jefferson St, Austin, TX 73301",March
174278,Google Phone,1,600.0,2019-03-19 20:35:00,"696 Madison St, Portland, OR 97035",March
175837,Google Phone,1,600.0,2019-03-30 18:23:00,"326 7th St, San Francisco, CA 94016",March
166870,Google Phone,1,600.0,2019-03-17 17:47:00,"494 13th St, New York City, NY 10001",March
168634,Google Phone,1,600.0,2019-03-08 15:02:00,"251 8th St, San Francisco, CA 94016",March
175141,Google Phone,1,600.0,2019-03-26 14:58:00,"785 West St, Austin, TX 73301",March
167742,Google Phone,1,600.0,2019-03-03 19:26:00,"164 Cherry St, Los Angeles, CA 90001",March
167974,Google Phone,1,600.0,2019-03-22 20:34:00,"890 Hill St, San Francisco, CA 94016",March
172868,Google Phone,1,600.0,2019-03-24 01:43:00,"692 6th St, Dallas, TX 75001",March
162739,Google Phone,1,600.0,2019-03-18 11:41:00,"305 Madison St, Los Angeles, CA 90001",March
166989,Google Phone,1,600.0,2019-03-28 10:35:00,"239 9th St, Boston, MA 02215",March
167467,Google Phone,1,600.0,2019-03-18 10:13:00,"190 Wilson St, Atlanta, GA 30301",March
170374,Google Phone,1,600.0,2019-03-04 05:59:00,"337 7th St, San Francisco, CA 94016",March
166917,Google Phone,1,600.0,2019-03-15 12:44:00,"262 Maple St, Los Angeles, CA 90001",March
173550,Google Phone,1,600.0,2019-03-02 13:41:00,"504 14th St, Boston, MA 02215",March
163115,Google Phone,1,600.0,2019-03-21 18:12:00,"585 Center St, Boston, MA 02215",March
168674,Google Phone,1,600.0,2019-03-03 09:48:00,"658 Cedar St, Seattle, WA 98101",March
170563,Google Phone,1,600.0,2019-03-28 20:06:00,"694 Willow St, New York City, NY 10001",March
175150,Google Phone,1,600.0,2019-03-18 18:02:00,"179 9th St, Dallas, TX 75001",March
162881,Google Phone,1,600.0,2019-03-02 15:07:00,"403 Chestnut St, Dallas, TX 75001",March
168796,Google Phone,1,600.0,2019-03-07 01:17:00,"947 Main St, Dallas, TX 75001",March
173435,Google Phone,1,600.0,2019-03-08 19:02:00,"729 Cherry St, Dallas, TX 75001",March
174603,Google Phone,1,600.0,2019-03-14 14:48:00,"514 Main St, Los Angeles, CA 90001",March
171553,Google Phone,1,600.0,2019-03-25 18:56:00,"865 Johnson St, Austin, TX 73301",March
172812,Google Phone,1,600.0,2019-03-01 10:53:00,"40 Adams St, Austin, TX 73301",March
162948,Google Phone,1,600.0,2019-03-13 11:24:00,"508 Chestnut St, Boston, MA 02215",March
165300,Google Phone,1,600.0,2019-03-19 14:05:00,"816 Adams St, Portland, OR 97035",March
170964,Google Phone,1,600.0,2019-03-13 22:53:00,"322 Lincoln St, San Francisco, CA 94016",March
168594,Google Phone,1,600.0,2019-03-16 08:47:00,"569 Walnut St, Los Angeles, CA 90001",March
169679,Google Phone,1,600.0,2019-03-11 16:24:00,"102 Ridge St, Dallas, TX 75001",March
172923,Google Phone,1,600.0,2019-03-06 14:35:00,"472 Walnut St, Portland, OR 97035",March
175853,Google Phone,1,600.0,2019-03-23 11:17:00,"775 Wilson St, Atlanta, GA 30301",March
176087,Google Phone,1,600.0,2019-03-18 10:17:00,"500 Cedar St, Los Angeles, CA 90001",March
167261,Google Phone,1,600.0,2019-03-22 14:42:00,"900 West St, New York City, NY 10001",March
170247,Google Phone,1,600.0,2019-03-14 19:30:00,"588 Church St, San Francisco, CA 94016",March
171226,Google Phone,1,600.0,2019-03-15 21:05:00,"738 1st St, San Francisco, CA 94016",March
171843,Google Phone,1,600.0,2019-03-05 07:34:00,"159 Wilson St, New York City, NY 10001",March
175471,Google Phone,1,600.0,2019-03-29 21:31:00,"104 Spruce St, San Francisco, CA 94016",March
164566,Google Phone,1,600.0,2019-03-17 14:39:00,"803 14th St, Dallas, TX 75001",March
172175,Google Phone,1,600.0,2019-03-02 15:34:00,"131 Chestnut St, Los Angeles, CA 90001",March
162573,Google Phone,1,600.0,2019-03-02 11:34:00,"673 2nd St, Portland, OR 97035",March
163629,Google Phone,1,600.0,2019-03-22 18:31:00,"189 9th St, Los Angeles, CA 90001",March
164484,Google Phone,1,600.0,2019-03-31 16:10:00,"214 14th St, Los Angeles, CA 90001",March
165050,Google Phone,1,600.0,2019-03-25 21:31:00,"15 Jackson St, Los Angeles, CA 90001",March
168476,Google Phone,1,600.0,2019-03-27 12:41:00,"633 Adams St, Los Angeles, CA 90001",March
173139,Google Phone,1,600.0,2019-03-11 22:09:00,"593 Willow St, San Francisco, CA 94016",March
173189,Google Phone,1,600.0,2019-03-20 11:47:00,"614 Johnson St, Portland, OR 97035",March
164677,Google Phone,1,600.0,2019-03-04 12:32:00,"578 Washington St, New York City, NY 10001",March
167958,Google Phone,1,600.0,2019-03-18 14:06:00,"747 14th St, Atlanta, GA 30301",March
171210,Google Phone,1,600.0,2019-03-11 13:28:00,"928 10th St, San Francisco, CA 94016",March
163161,Google Phone,1,600.0,2019-03-12 18:09:00,"259 Park St, Portland, OR 97035",March
164560,Google Phone,1,600.0,2019-03-30 22:22:00,"215 Johnson St, Boston, MA 02215",March
170215,Google Phone,1,600.0,2019-03-04 10:57:00,"3 Cherry St, San Francisco, CA 94016",March
170270,Google Phone,1,600.0,2019-03-19 07:21:00,"645 7th St, New York City, NY 10001",March
164741,Google Phone,1,600.0,2019-03-25 17:18:00,"507 Johnson St, San Francisco, CA 94016",March
167365,Google Phone,1,600.0,2019-03-21 07:51:00,"899 7th St, San Francisco, CA 94016",March
169683,Google Phone,1,600.0,2019-03-10 11:51:00,"403 South St, Seattle, WA 98101",March
170097,Google Phone,1,600.0,2019-03-04 18:50:00,"872 1st St, Dallas, TX 75001",March
172434,Google Phone,1,600.0,2019-03-08 21:12:00,"373 Madison St, Atlanta, GA 30301",March
174414,Google Phone,1,600.0,2019-03-24 18:09:00,"540 River St, Boston, MA 02215",March
186071,Google Phone,1,600.0,2019-04-18 17:35:00,"529 Cherry St, Boston, MA 02215",April
193653,Google Phone,1,600.0,2019-04-21 09:29:00,"168 Chestnut St, Los Angeles, CA 90001",April
178195,Google Phone,1,600.0,2019-04-02 13:21:00,"881 Lakeview St, San Francisco, CA 94016",April
181646,Google Phone,1,600.0,2019-04-19 16:49:00,"863 Main St, Dallas, TX 75001",April
186344,Google Phone,1,600.0,2019-04-04 10:14:00,"809 Hill St, Seattle, WA 98101",April
187274,Google Phone,1,600.0,2019-04-17 19:15:00,"214 Jefferson St, Seattle, WA 98101",April
187782,Google Phone,1,600.0,2019-04-30 08:57:00,"590 South St, Los Angeles, CA 90001",April
192606,Google Phone,1,600.0,2019-04-20 14:38:00,"492 12th St, Boston, MA 02215",April
176630,Google Phone,1,600.0,2019-04-10 05:01:00,"770 Maple St, San Francisco, CA 94016",April
181929,Google Phone,1,600.0,2019-04-13 14:56:00,"593 13th St, New York City, NY 10001",April
193195,Google Phone,1,600.0,2019-04-04 01:48:00,"915 Hill St, Los Angeles, CA 90001",April
177187,Google Phone,1,600.0,2019-04-04 18:08:00,"600 1st St, Seattle, WA 98101",April
184116,Google Phone,1,600.0,2019-04-07 10:21:00,"640 Church St, New York City, NY 10001",April
184154,Google Phone,1,600.0,2019-04-06 12:27:00,"821 Walnut St, Los Angeles, CA 90001",April
184733,Google Phone,1,600.0,2019-04-11 10:08:00,"421 Forest St, Los Angeles, CA 90001",April
192622,Google Phone,1,600.0,2019-04-07 10:36:00,"317 Lincoln St, San Francisco, CA 94016",April
176590,Google Phone,1,600.0,2019-04-11 11:46:00,"873 6th St, New York City, NY 10001",April
179157,Google Phone,1,600.0,2019-04-16 20:50:00,"515 Meadow St, San Francisco, CA 94016",April
180652,Google Phone,1,600.0,2019-04-10 15:09:00,"623 9th St, New York City, NY 10001",April
183024,Google Phone,1,600.0,2019-04-01 20:51:00,"342 1st St, Los Angeles, CA 90001",April
187030,Google Phone,1,600.0,2019-04-17 15:11:00,"928 7th St, Boston, MA 02215",April
193114,Google Phone,1,600.0,2019-04-10 14:25:00,"282 Jackson St, San Francisco, CA 94016",April
178713,Google Phone,1,600.0,2019-04-27 11:11:00,"933 Church St, Boston, MA 02215",April
182901,Google Phone,1,600.0,2019-04-23 18:22:00,"728 Meadow St, Austin, TX 73301",April
184054,Google Phone,1,600.0,2019-04-01 10:31:00,"425 Church St, Atlanta, GA 30301",April
187547,Google Phone,1,600.0,2019-04-25 09:43:00,"687 West St, Atlanta, GA 30301",April
191412,Google Phone,1,600.0,2019-04-10 18:11:00,"681 River St, San Francisco, CA 94016",April
182501,Google Phone,1,600.0,2019-04-18 14:43:00,"953 5th St, Portland, OR 97035",April
192775,Google Phone,1,600.0,2019-04-16 14:47:00,"161 4th St, Boston, MA 02215",April
178651,Google Phone,1,600.0,2019-04-27 06:18:00,"455 Walnut St, San Francisco, CA 94016",April
189108,Google Phone,1,600.0,2019-04-10 07:22:00,"196 Meadow St, Boston, MA 02215",April
191962,Google Phone,1,600.0,2019-04-18 11:31:00,"899 River St, Dallas, TX 75001",April
193741,Google Phone,1,600.0,2019-04-01 20:17:00,"779 Adams St, Boston, MA 02215",April
178070,Google Phone,1,600.0,2019-04-19 18:41:00,"375 Cherry St, Portland, OR 97035",April
179057,Google Phone,1,600.0,2019-04-10 21:39:00,"820 13th St, New York City, NY 10001",April
180874,Google Phone,1,600.0,2019-04-01 19:36:00,"191 Forest St, Boston, MA 02215",April
185890,Google Phone,1,600.0,2019-04-22 09:14:00,"72 1st St, Los Angeles, CA 90001",April
176791,Google Phone,1,600.0,2019-04-21 11:43:00,"908 Jackson St, Los Angeles, CA 90001",April
180583,Google Phone,1,600.0,2019-04-30 14:40:00,"168 Chestnut St, San Francisco, CA 94016",April
184734,Google Phone,1,600.0,2019-04-08 09:16:00,"670 Sunset St, Atlanta, GA 30301",April
177638,Google Phone,1,600.0,2019-04-04 12:44:00,"261 Center St, Portland, OR 97035",April
182766,Google Phone,1,600.0,2019-04-24 22:21:00,"321 6th St, New York City, NY 10001",April
190079,Google Phone,1,600.0,2019-04-19 09:12:00,"927 5th St, Los Angeles, CA 90001",April
187741,Google Phone,1,600.0,2019-04-09 14:13:00,"510 Ridge St, San Francisco, CA 94016",April
189212,Google Phone,1,600.0,2019-04-12 13:12:00,"214 11th St, New York City, NY 10001",April
191657,Google Phone,1,600.0,2019-04-14 08:31:00,"594 Adams St, San Francisco, CA 94016",April
176805,Google Phone,1,600.0,2019-04-01 15:50:00,"91 Lincoln St, Portland, OR 97035",April
184124,Google Phone,1,600.0,2019-04-05 16:12:00,"439 4th St, Los Angeles, CA 90001",April
185518,Google Phone,1,600.0,2019-04-23 22:07:00,"427 Ridge St, Boston, MA 02215",April
188659,Google Phone,1,600.0,2019-04-18 17:15:00,"770 Chestnut St, Atlanta, GA 30301",April
192322,Google Phone,1,600.0,2019-04-27 08:35:00,"48 Wilson St, Dallas, TX 75001",April
192386,Google Phone,1,600.0,2019-04-15 09:19:00,"780 Cedar St, Atlanta, GA 30301",April
178799,Google Phone,1,600.0,2019-04-29 18:22:00,"818 11th St, San Francisco, CA 94016",April
187175,Google Phone,1,600.0,2019-04-18 13:37:00,"111 Elm St, Los Angeles, CA 90001",April
189963,Google Phone,1,600.0,2019-04-11 19:05:00,"637 13th St, Atlanta, GA 30301",April
178394,Google Phone,1,600.0,2019-04-03 11:16:00,"768 Wilson St, Atlanta, GA 30301",April
183126,Google Phone,1,600.0,2019-04-24 23:15:00,"249 13th St, Portland, OR 97035",April
189133,Google Phone,1,600.0,2019-04-18 11:01:00,"701 10th St, Portland, ME 04101",April
178962,Google Phone,1,600.0,2019-04-30 22:54:00,"601 Chestnut St, Boston, MA 02215",April
179076,Google Phone,1,600.0,2019-05-01 00:17:00,"635 Chestnut St, San Francisco, CA 94016",May
177719,Google Phone,1,600.0,2019-04-18 23:41:00,"533 Adams St, Los Angeles, CA 90001",April
183585,Google Phone,1,600.0,2019-04-19 10:19:00,"704 Park St, Los Angeles, CA 90001",April
190127,Google Phone,1,600.0,2019-04-19 08:54:00,"676 Chestnut St, Atlanta, GA 30301",April
187856,Google Phone,1,600.0,2019-04-25 20:18:00,"432 Lake St, New York City, NY 10001",April
187955,Google Phone,1,600.0,2019-04-03 14:51:00,"818 River St, Dallas, TX 75001",April
188753,Google Phone,1,600.0,2019-04-09 00:17:00,"915 6th St, Boston, MA 02215",April
189986,Google Phone,1,600.0,2019-04-13 22:14:00,"881 Lakeview St, Austin, TX 73301",April
181557,Google Phone,1,600.0,2019-04-26 19:51:00,"427 West St, San Francisco, CA 94016",April
193838,Google Phone,1,600.0,2019-04-24 15:52:00,"328 Walnut St, Los Angeles, CA 90001",April
191222,Google Phone,1,600.0,2019-04-16 17:42:00,"93 13th St, New York City, NY 10001",April
180365,Google Phone,1,600.0,2019-04-23 21:27:00,"414 13th St, Los Angeles, CA 90001",April
181853,Google Phone,1,600.0,2019-04-26 15:10:00,"353 Washington St, San Francisco, CA 94016",April
183087,Google Phone,1,600.0,2019-04-05 11:16:00,"411 1st St, Austin, TX 73301",April
184189,Google Phone,1,600.0,2019-04-10 18:44:00,"158 1st St, Atlanta, GA 30301",April
190390,Google Phone,1,600.0,2019-04-15 13:05:00,"151 Cherry St, Portland, OR 97035",April
183139,Google Phone,1,600.0,2019-04-02 11:02:00,"836 Sunset St, Seattle, WA 98101",April
185459,Google Phone,1,600.0,2019-04-02 22:35:00,"712 Dogwood St, Los Angeles, CA 90001",April
186533,Google Phone,1,600.0,2019-04-18 00:14:00,"733 Main St, Austin, TX 73301",April
177877,Google Phone,1,600.0,2019-04-24 23:59:00,"666 Pine St, San Francisco, CA 94016",April
178317,Google Phone,1,600.0,2019-04-19 08:52:00,"566 Spruce St, San Francisco, CA 94016",April
183868,Google Phone,1,600.0,2019-04-19 18:54:00,"975 Dogwood St, Seattle, WA 98101",April
184674,Google Phone,1,600.0,2019-04-28 14:09:00,"228 Dogwood St, New York City, NY 10001",April
186477,Google Phone,1,600.0,2019-04-14 11:33:00,"312 10th St, New York City, NY 10001",April
189824,Google Phone,1,600.0,2019-04-29 07:08:00,"311 Cherry St, Portland, OR 97035",April
179083,Google Phone,1,600.0,2019-04-06 21:59:00,"902 Chestnut St, Austin, TX 73301",April
180079,Google Phone,1,600.0,2019-04-12 10:48:00,"138 7th St, San Francisco, CA 94016",April
180633,Google Phone,1,600.0,2019-04-25 22:49:00,"602 Hickory St, Seattle, WA 98101",April
184618,Google Phone,1,600.0,2019-04-14 09:27:00,"26 Center St, Portland, OR 97035",April
190857,Google Phone,1,600.0,2019-04-24 00:05:00,"733 2nd St, San Francisco, CA 94016",April
192530,Google Phone,1,600.0,2019-04-05 11:38:00,"28 Madison St, Seattle, WA 98101",April
192681,Google Phone,1,600.0,2019-04-09 16:41:00,"338 South St, Seattle, WA 98101",April
193789,Google Phone,1,600.0,2019-04-21 22:22:00,"608 Chestnut St, Seattle, WA 98101",April
179530,Google Phone,1,600.0,2019-04-03 17:32:00,"854 Wilson St, San Francisco, CA 94016",April
182428,Google Phone,1,600.0,2019-04-16 15:18:00,"510 Wilson St, Boston, MA 02215",April
179237,Google Phone,1,600.0,2019-04-29 16:16:00,"833 13th St, Los Angeles, CA 90001",April
185665,Google Phone,1,600.0,2019-04-28 21:27:00,"250 Johnson St, Portland, OR 97035",April
186668,Google Phone,1,600.0,2019-04-03 11:23:00,"72 Jackson St, San Francisco, CA 94016",April
189678,Google Phone,1,600.0,2019-04-06 20:44:00,"755 Chestnut St, New York City, NY 10001",April
191963,Google Phone,1,600.0,2019-04-08 12:04:00,"36 8th St, Atlanta, GA 30301",April
179475,Google Phone,1,600.0,2019-04-19 02:20:00,"814 Jackson St, Los Angeles, CA 90001",April
185227,Google Phone,1,600.0,2019-04-14 17:32:00,"16 Dogwood St, Atlanta, GA 30301",April
189193,Google Phone,1,600.0,2019-04-27 13:39:00,"532 Elm St, Portland, ME 04101",April
190218,Google Phone,1,600.0,2019-04-30 17:46:00,"510 Jackson St, Dallas, TX 75001",April
178886,Google Phone,1,600.0,2019-04-08 16:11:00,"207 Spruce St, Atlanta, GA 30301",April
182621,Google Phone,1,600.0,2019-04-23 09:14:00,"184 Spruce St, Los Angeles, CA 90001",April
184726,Google Phone,1,600.0,2019-04-23 11:26:00,"142 Lakeview St, Seattle, WA 98101",April
187136,Google Phone,1,600.0,2019-04-27 00:29:00,"171 Sunset St, San Francisco, CA 94016",April
192965,Google Phone,1,600.0,2019-04-06 13:54:00,"91 Sunset St, Boston, MA 02215",April
178354,Google Phone,1,600.0,2019-04-28 13:56:00,"401 Lake St, Seattle, WA 98101",April
183116,Google Phone,1,600.0,2019-04-24 00:56:00,"112 Pine St, Los Angeles, CA 90001",April
186102,Google Phone,1,600.0,2019-04-14 14:50:00,"876 Spruce St, Dallas, TX 75001",April
191420,Google Phone,1,600.0,2019-04-19 12:52:00,"38 12th St, Los Angeles, CA 90001",April
186096,Google Phone,1,600.0,2019-04-10 21:02:00,"918 Adams St, New York City, NY 10001",April
187883,Google Phone,1,600.0,2019-04-30 16:10:00,"22 6th St, Portland, OR 97035",April
192061,Google Phone,1,600.0,2019-04-27 21:19:00,"658 2nd St, New York City, NY 10001",April
192268,Google Phone,1,600.0,2019-04-11 20:15:00,"356 Cherry St, San Francisco, CA 94016",April
190934,Google Phone,1,600.0,2019-04-13 05:33:00,"896 Lake St, Dallas, TX 75001",April
195093,Google Phone,1,600.0,2019-05-07 09:29:00,"200 Walnut St, Seattle, WA 98101",May
197944,Google Phone,1,600.0,2019-05-02 22:53:00,"657 Walnut St, Atlanta, GA 30301",May
198602,Google Phone,1,600.0,2019-05-18 10:05:00,"568 Adams St, Los Angeles, CA 90001",May
199478,Google Phone,1,600.0,2019-05-14 09:30:00,"59 Ridge St, Boston, MA 02215",May
195874,Google Phone,1,600.0,2019-05-20 00:44:00,"910 Church St, San Francisco, CA 94016",May
201917,Google Phone,1,600.0,2019-05-25 23:06:00,"94 Jefferson St, Boston, MA 02215",May
204702,Google Phone,1,600.0,2019-05-11 11:18:00,"567 10th St, Dallas, TX 75001",May
194333,Google Phone,1,600.0,2019-05-23 21:40:00,"383 2nd St, Portland, OR 97035",May
199275,Google Phone,1,600.0,2019-05-01 18:31:00,"776 Center St, Boston, MA 02215",May
200482,Google Phone,1,600.0,2019-05-17 15:38:00,"130 4th St, New York City, NY 10001",May
194170,Google Phone,1,600.0,2019-05-30 12:30:00,"711 Maple St, San Francisco, CA 94016",May
195832,Google Phone,1,600.0,2019-05-16 23:49:00,"973 River St, Boston, MA 02215",May
206521,Google Phone,1,600.0,2019-05-19 10:03:00,"713 Dogwood St, Austin, TX 73301",May
207536,Google Phone,1,600.0,2019-05-14 18:57:00,"290 13th St, Los Angeles, CA 90001",May
199901,Google Phone,1,600.0,2019-05-30 00:01:00,"384 Maple St, Los Angeles, CA 90001",May
206497,Google Phone,1,600.0,2019-05-26 10:23:00,"162 Johnson St, San Francisco, CA 94016",May
207153,Google Phone,1,600.0,2019-05-11 21:12:00,"881 Washington St, New York City, NY 10001",May
195486,Google Phone,1,600.0,2019-05-08 16:23:00,"40 Washington St, Austin, TX 73301",May
202658,Google Phone,1,600.0,2019-05-07 12:18:00,"228 8th St, San Francisco, CA 94016",May
208739,Google Phone,1,600.0,2019-05-17 22:25:00,"932 Chestnut St, San Francisco, CA 94016",May
207415,Google Phone,1,600.0,2019-05-19 13:26:00,"464 Madison St, Seattle, WA 98101",May
208051,Google Phone,1,600.0,2019-05-17 19:44:00,"716 Ridge St, Dallas, TX 75001",May
208721,Google Phone,1,600.0,2019-05-29 20:00:00,"526 Highland St, San Francisco, CA 94016",May
199929,Google Phone,1,600.0,2019-05-02 15:34:00,"61 2nd St, San Francisco, CA 94016",May
205443,Google Phone,1,600.0,2019-05-30 13:30:00,"644 Spruce St, Austin, TX 73301",May
207190,Google Phone,1,600.0,2019-05-16 20:45:00,"999 Sunset St, Los Angeles, CA 90001",May
196615,Google Phone,1,600.0,2019-05-08 19:29:00,"656 Spruce St, San Francisco, CA 94016",May
196903,Google Phone,1,600.0,2019-05-16 08:33:00,"764 River St, Boston, MA 02215",May
197328,Google Phone,1,600.0,2019-05-16 09:59:00,"181 Wilson St, New York City, NY 10001",May
197852,Google Phone,1,600.0,2019-05-03 12:47:00,"848 Meadow St, Seattle, WA 98101",May
201556,Google Phone,1,600.0,2019-05-24 14:32:00,"30 West St, New York City, NY 10001",May
207525,Google Phone,1,600.0,2019-05-13 18:53:00,"935 11th St, Los Angeles, CA 90001",May
204728,Google Phone,1,600.0,2019-05-10 10:16:00,"671 Dogwood St, Atlanta, GA 30301",May
206758,Google Phone,1,600.0,2019-05-22 10:03:00,"903 Meadow St, Dallas, TX 75001",May
201775,Google Phone,1,600.0,2019-05-23 13:52:00,"879 Elm St, Portland, OR 97035",May
207384,Google Phone,1,600.0,2019-05-17 17:15:00,"393 Center St, Los Angeles, CA 90001",May
195285,Google Phone,1,600.0,2019-05-30 11:15:00,"974 12th St, Austin, TX 73301",May
196440,Google Phone,1,600.0,2019-05-29 19:08:00,"691 Wilson St, San Francisco, CA 94016",May
199911,Google Phone,1,600.0,2019-05-29 19:28:00,"650 Cedar St, Boston, MA 02215",May
207233,Google Phone,1,600.0,2019-05-11 14:23:00,"360 Ridge St, San Francisco, CA 94016",May
196526,Google Phone,1,600.0,2019-05-29 19:24:00,"829 5th St, Boston, MA 02215",May
197082,Google Phone,1,600.0,2019-05-14 21:24:00,"226 Wilson St, Los Angeles, CA 90001",May
201814,Google Phone,1,600.0,2019-05-16 16:54:00,"94 Elm St, San Francisco, CA 94016",May
205712,Google Phone,1,600.0,2019-05-27 13:53:00,"286 11th St, Austin, TX 73301",May
196368,Google Phone,1,600.0,2019-05-17 16:14:00,"446 Park St, Atlanta, GA 30301",May
198179,Google Phone,1,600.0,2019-05-25 07:02:00,"747 Cherry St, Atlanta, GA 30301",May
202169,Google Phone,1,600.0,2019-05-03 18:07:00,"271 Cedar St, San Francisco, CA 94016",May
207609,Google Phone,1,600.0,2019-05-31 18:46:00,"649 4th St, Boston, MA 02215",May
204031,Google Phone,1,600.0,2019-05-29 10:39:00,"169 11th St, New York City, NY 10001",May
207232,Google Phone,1,600.0,2019-05-03 12:46:00,"183 Center St, Portland, OR 97035",May
209508,Google Phone,1,600.0,2019-05-27 23:20:00,"852 Highland St, Seattle, WA 98101",May
197927,Google Phone,1,600.0,2019-05-13 10:12:00,"321 Adams St, San Francisco, CA 94016",May
199944,Google Phone,1,600.0,2019-05-19 15:58:00,"862 Cherry St, Atlanta, GA 30301",May
198144,Google Phone,1,600.0,2019-05-26 20:13:00,"333 Cedar St, Austin, TX 73301",May
205411,Google Phone,1,600.0,2019-05-18 22:03:00,"604 Jackson St, Los Angeles, CA 90001",May
195673,Google Phone,1,600.0,2019-05-10 12:23:00,"684 6th St, Portland, OR 97035",May
198695,Google Phone,1,600.0,2019-05-09 11:05:00,"212 Maple St, Atlanta, GA 30301",May
199518,Google Phone,1,600.0,2019-05-12 16:00:00,"684 Madison St, San Francisco, CA 94016",May
207195,Google Phone,1,600.0,2019-05-26 01:04:00,"712 4th St, Boston, MA 02215",May
199038,Google Phone,1,600.0,2019-05-31 16:50:00,"238 1st St, Seattle, WA 98101",May
199392,Google Phone,1,600.0,2019-05-04 21:12:00,"254 Meadow St, San Francisco, CA 94016",May
195328,Google Phone,1,600.0,2019-05-03 13:30:00,"589 Walnut St, Boston, MA 02215",May
198415,Google Phone,1,600.0,2019-05-01 14:12:00,"356 2nd St, San Francisco, CA 94016",May
207842,Google Phone,1,600.0,2019-05-12 13:28:00,"224 Pine St, Los Angeles, CA 90001",May
194185,Google Phone,1,600.0,2019-05-05 20:34:00,"709 West St, San Francisco, CA 94016",May
196978,Google Phone,1,600.0,2019-05-14 09:51:00,"76 9th St, Atlanta, GA 30301",May
199064,Google Phone,1,600.0,2019-05-12 14:08:00,"984 Cherry St, Los Angeles, CA 90001",May
200348,Google Phone,1,600.0,2019-05-12 18:35:00,"508 9th St, New York City, NY 10001",May
200532,Google Phone,1,600.0,2019-05-17 14:48:00,"342 Lake St, Portland, OR 97035",May
203688,Google Phone,1,600.0,2019-05-06 15:27:00,"196 Lake St, Los Angeles, CA 90001",May
204771,Google Phone,1,600.0,2019-05-09 13:10:00,"938 Jefferson St, Boston, MA 02215",May
196697,Google Phone,1,600.0,2019-05-23 15:54:00,"846 7th St, San Francisco, CA 94016",May
199468,Google Phone,1,600.0,2019-05-21 09:54:00,"82 2nd St, San Francisco, CA 94016",May
205396,Google Phone,1,600.0,2019-05-28 09:01:00,"684 Elm St, Austin, TX 73301",May
196254,Google Phone,1,600.0,2019-05-28 09:21:00,"575 8th St, Los Angeles, CA 90001",May
196327,Google Phone,1,600.0,2019-05-13 14:08:00,"793 River St, Portland, OR 97035",May
198211,Google Phone,1,600.0,2019-05-27 19:34:00,"587 12th St, Seattle, WA 98101",May
198725,Google Phone,1,600.0,2019-05-26 17:20:00,"758 Willow St, New York City, NY 10001",May
200195,Google Phone,1,600.0,2019-05-28 12:12:00,"744 13th St, San Francisco, CA 94016",May
200757,Google Phone,1,600.0,2019-05-05 20:27:00,"887 Ridge St, Boston, MA 02215",May
201542,Google Phone,1,600.0,2019-05-13 05:37:00,"666 Highland St, Los Angeles, CA 90001",May
196945,Google Phone,1,600.0,2019-05-30 15:55:00,"133 Ridge St, Austin, TX 73301",May
199196,Google Phone,1,600.0,2019-05-13 22:03:00,"577 South St, Seattle, WA 98101",May
208413,Google Phone,1,600.0,2019-05-22 17:30:00,"135 1st St, Boston, MA 02215",May
202976,Google Phone,1,600.0,2019-05-01 19:08:00,"662 Wilson St, Dallas, TX 75001",May
205633,Google Phone,1,600.0,2019-05-09 17:32:00,"890 Meadow St, Atlanta, GA 30301",May
203771,Google Phone,1,600.0,2019-05-22 11:41:00,"776 Main St, Atlanta, GA 30301",May
206551,Google Phone,1,600.0,2019-05-19 09:36:00,"225 Elm St, New York City, NY 10001",May
209235,Google Phone,1,600.0,2019-05-10 05:36:00,"664 Washington St, Los Angeles, CA 90001",May
197680,Google Phone,1,600.0,2019-05-29 09:51:00,"667 North St, San Francisco, CA 94016",May
200557,Google Phone,1,600.0,2019-05-13 12:46:00,"453 10th St, San Francisco, CA 94016",May
207129,Google Phone,1,600.0,2019-05-23 16:52:00,"799 South St, Boston, MA 02215",May
208152,Google Phone,1,600.0,2019-05-16 23:59:00,"411 West St, New York City, NY 10001",May
204185,Google Phone,1,600.0,2019-05-24 17:24:00,"589 Lakeview St, Dallas, TX 75001",May
195239,Google Phone,1,600.0,2019-05-15 09:39:00,"331 14th St, Dallas, TX 75001",May
216885,Google Phone,1,600.0,2019-06-01 19:43:00,"126 Spruce St, San Francisco, CA 94016",June
218829,Google Phone,1,600.0,2019-06-01 21:20:00,"443 Spruce St, San Francisco, CA 94016",June
213054,Google Phone,1,600.0,2019-06-21 12:07:00,"476 Forest St, Boston, MA 02215",June
210505,Google Phone,1,600.0,2019-06-04 16:45:00,"97 Walnut St, Los Angeles, CA 90001",June
215710,Google Phone,1,600.0,2019-06-17 13:25:00,"528 12th St, San Francisco, CA 94016",June
217656,Google Phone,1,600.0,2019-06-21 20:05:00,"18 Cedar St, Boston, MA 02215",June
215158,Google Phone,1,600.0,2019-06-10 10:56:00,"195 Adams St, Los Angeles, CA 90001",June
214691,Google Phone,1,600.0,2019-06-12 16:48:00,"825 7th St, Los Angeles, CA 90001",June
221277,Google Phone,1,600.0,2019-06-06 09:40:00,"570 Jefferson St, Seattle, WA 98101",June
214549,Google Phone,1,600.0,2019-06-15 21:17:00,"479 4th St, Boston, MA 02215",June
214627,Google Phone,1,600.0,2019-06-23 10:03:00,"985 Ridge St, Seattle, WA 98101",June
217902,Google Phone,1,600.0,2019-06-06 18:18:00,"161 4th St, Atlanta, GA 30301",June
220457,Google Phone,1,600.0,2019-06-08 21:05:00,"66 Sunset St, Los Angeles, CA 90001",June
214180,Google Phone,1,600.0,2019-06-01 15:28:00,"48 7th St, San Francisco, CA 94016",June
219849,Google Phone,1,600.0,2019-06-16 20:39:00,"388 Main St, Los Angeles, CA 90001",June
221643,Google Phone,1,600.0,2019-06-29 12:13:00,"314 9th St, Austin, TX 73301",June
211609,Google Phone,1,600.0,2019-06-07 13:47:00,"87 Jefferson St, Portland, OR 97035",June
211646,Google Phone,1,600.0,2019-06-02 16:44:00,"682 Jackson St, San Francisco, CA 94016",June
216431,Google Phone,1,600.0,2019-07-01 02:53:00,"640 Cherry St, Dallas, TX 75001",July
216776,Google Phone,1,600.0,2019-06-07 19:47:00,"930 Willow St, Austin, TX 73301",June
218159,Google Phone,1,600.0,2019-06-20 12:35:00,"760 2nd St, Seattle, WA 98101",June
220291,Google Phone,1,600.0,2019-06-17 13:03:00,"528 6th St, San Francisco, CA 94016",June
213294,Google Phone,1,600.0,2019-06-22 13:33:00,"522 13th St, Portland, ME 04101",June
213711,Google Phone,1,600.0,2019-06-15 15:22:00,"321 Lincoln St, Atlanta, GA 30301",June
216786,Google Phone,1,600.0,2019-06-23 10:15:00,"822 Church St, Austin, TX 73301",June
213962,Google Phone,1,600.0,2019-06-26 11:33:00,"690 14th St, Atlanta, GA 30301",June
215826,Google Phone,1,600.0,2019-06-05 03:53:00,"946 Maple St, Dallas, TX 75001",June
214093,Google Phone,1,600.0,2019-06-01 10:52:00,"128 Cedar St, Boston, MA 02215",June
217587,Google Phone,1,600.0,2019-06-01 14:02:00,"570 Meadow St, Atlanta, GA 30301",June
221165,Google Phone,1,600.0,2019-06-20 20:13:00,"769 6th St, New York City, NY 10001",June
214428,Google Phone,1,600.0,2019-06-16 16:21:00,"761 14th St, Atlanta, GA 30301",June
218014,Google Phone,1,600.0,2019-06-21 22:19:00,"255 River St, Los Angeles, CA 90001",June
221035,Google Phone,1,600.0,2019-06-28 22:24:00,"160 South St, San Francisco, CA 94016",June
221601,Google Phone,1,600.0,2019-06-20 10:46:00,"771 South St, Los Angeles, CA 90001",June
222626,Google Phone,1,600.0,2019-06-26 15:25:00,"79 2nd St, Atlanta, GA 30301",June
210103,Google Phone,1,600.0,2019-06-01 17:58:00,"626 12th St, Los Angeles, CA 90001",June
216997,Google Phone,1,600.0,2019-06-16 21:39:00,"325 Spruce St, Atlanta, GA 30301",June
212670,Google Phone,1,600.0,2019-06-01 17:41:00,"130 Wilson St, Portland, OR 97035",June
219540,Google Phone,1,600.0,2019-06-11 23:53:00,"848 Madison St, San Francisco, CA 94016",June
221297,Google Phone,1,600.0,2019-06-10 08:55:00,"569 Cedar St, Boston, MA 02215",June
213212,Google Phone,1,600.0,2019-06-29 13:21:00,"977 Church St, Los Angeles, CA 90001",June
216111,Google Phone,1,600.0,2019-06-28 08:38:00,"962 Washington St, Dallas, TX 75001",June
215640,Google Phone,1,600.0,2019-06-04 17:35:00,"887 River St, San Francisco, CA 94016",June
217506,Google Phone,1,600.0,2019-06-05 11:34:00,"355 10th St, New York City, NY 10001",June
212753,Google Phone,1,600.0,2019-06-12 16:52:00,"581 Chestnut St, Atlanta, GA 30301",June
214940,Google Phone,1,600.0,2019-06-29 01:07:00,"233 River St, San Francisco, CA 94016",June
216765,Google Phone,1,600.0,2019-06-22 20:07:00,"673 Meadow St, San Francisco, CA 94016",June
221236,Google Phone,1,600.0,2019-06-17 22:57:00,"261 Ridge St, New York City, NY 10001",June
222743,Google Phone,1,600.0,2019-06-02 11:21:00,"479 Lakeview St, Boston, MA 02215",June
213031,Google Phone,1,600.0,2019-06-17 07:27:00,"92 5th St, Los Angeles, CA 90001",June
214867,Google Phone,1,600.0,2019-06-13 12:14:00,"238 Highland St, Seattle, WA 98101",June
214734,Google Phone,1,600.0,2019-06-12 20:39:00,"129 Lake St, San Francisco, CA 94016",June
210386,Google Phone,1,600.0,2019-06-14 15:10:00,"998 Chestnut St, Seattle, WA 98101",June
211105,Google Phone,1,600.0,2019-06-09 14:13:00,"217 Washington St, Seattle, WA 98101",June
211705,Google Phone,1,600.0,2019-06-24 21:35:00,"646 7th St, Atlanta, GA 30301",June
214263,Google Phone,1,600.0,2019-06-10 08:01:00,"190 1st St, San Francisco, CA 94016",June
213382,Google Phone,1,600.0,2019-06-01 12:47:00,"608 North St, Los Angeles, CA 90001",June
215486,Google Phone,1,600.0,2019-06-20 11:48:00,"173 Maple St, Atlanta, GA 30301",June
217017,Google Phone,1,600.0,2019-06-08 19:11:00,"366 Chestnut St, San Francisco, CA 94016",June
219452,Google Phone,1,600.0,2019-06-05 07:16:00,"568 Church St, San Francisco, CA 94016",June
216570,Google Phone,1,600.0,2019-06-16 18:22:00,"174 Meadow St, Los Angeles, CA 90001",June
209939,Google Phone,1,600.0,2019-06-08 16:55:00,"313 South St, San Francisco, CA 94016",June
221163,Google Phone,1,600.0,2019-06-26 11:36:00,"863 Adams St, Atlanta, GA 30301",June
214560,Google Phone,1,600.0,2019-06-01 18:15:00,"805 Center St, San Francisco, CA 94016",June
217008,Google Phone,1,600.0,2019-06-11 17:39:00,"301 Wilson St, Dallas, TX 75001",June
221346,Google Phone,1,600.0,2019-06-22 18:39:00,"18 Johnson St, Atlanta, GA 30301",June
221869,Google Phone,1,600.0,2019-06-06 22:05:00,"892 Lakeview St, New York City, NY 10001",June
212767,Google Phone,1,600.0,2019-06-23 21:53:00,"788 12th St, Boston, MA 02215",June
213559,Google Phone,1,600.0,2019-06-10 12:14:00,"621 Cedar St, Los Angeles, CA 90001",June
215631,Google Phone,1,600.0,2019-06-30 18:35:00,"767 Dogwood St, Atlanta, GA 30301",June
216548,Google Phone,1,600.0,2019-06-17 14:50:00,"128 Cherry St, San Francisco, CA 94016",June
222517,Google Phone,1,600.0,2019-06-30 20:37:00,"525 9th St, Austin, TX 73301",June
215746,Google Phone,1,600.0,2019-06-16 06:29:00,"818 Forest St, Los Angeles, CA 90001",June
230435,Google Phone,1,600.0,2019-07-22 11:12:00,"641 Maple St, New York City, NY 10001",July
223855,Google Phone,1,600.0,2019-07-04 09:46:00,"283 Park St, Boston, MA 02215",July
231447,Google Phone,1,600.0,2019-07-03 20:32:00,"799 9th St, Dallas, TX 75001",July
234832,Google Phone,1,600.0,2019-07-05 22:26:00,"732 12th St, Los Angeles, CA 90001",July
224926,Google Phone,1,600.0,2019-07-09 23:44:00,"853 Cedar St, Los Angeles, CA 90001",July
231357,Google Phone,1,600.0,2019-07-29 20:12:00,"182 Forest St, Boston, MA 02215",July
233929,Google Phone,1,600.0,2019-07-14 22:12:00,"237 Spruce St, New York City, NY 10001",July
223624,Google Phone,1,600.0,2019-07-15 18:31:00,"183 Sunset St, New York City, NY 10001",July
227895,Google Phone,1,600.0,2019-07-08 11:11:00,"392 Jefferson St, Dallas, TX 75001",July
227429,Google Phone,1,600.0,2019-07-10 18:43:00,"135 13th St, San Francisco, CA 94016",July
234679,Google Phone,1,600.0,2019-07-08 20:17:00,"166 Willow St, Dallas, TX 75001",July
233306,Google Phone,1,600.0,2019-07-01 09:15:00,"127 4th St, New York City, NY 10001",July
234932,Google Phone,1,600.0,2019-07-27 22:17:00,"556 10th St, Boston, MA 02215",July
236241,Google Phone,1,600.0,2019-07-02 16:50:00,"346 Jackson St, Dallas, TX 75001",July
224669,Google Phone,1,600.0,2019-07-02 21:12:00,"896 14th St, Dallas, TX 75001",July
224985,Google Phone,1,600.0,2019-07-03 12:41:00,"854 14th St, Seattle, WA 98101",July
227130,Google Phone,1,600.0,2019-07-08 22:08:00,"938 11th St, San Francisco, CA 94016",July
223380,Google Phone,1,600.0,2019-07-16 09:52:00,"311 13th St, Boston, MA 02215",July
227763,Google Phone,1,600.0,2019-07-12 13:37:00,"395 Cherry St, Dallas, TX 75001",July
228564,Google Phone,1,600.0,2019-07-15 00:16:00,"535 Spruce St, New York City, NY 10001",July
230189,Google Phone,1,600.0,2019-07-29 10:05:00,"242 Lake St, Los Angeles, CA 90001",July
234215,Google Phone,1,600.0,2019-07-19 16:57:00,"818 Highland St, Seattle, WA 98101",July
224491,Google Phone,1,600.0,2019-07-10 14:23:00,"425 1st St, San Francisco, CA 94016",July
225250,Google Phone,1,600.0,2019-07-03 08:41:00,"870 4th St, Boston, MA 02215",July
225428,Google Phone,1,600.0,2019-07-29 21:28:00,"796 River St, Dallas, TX 75001",July
225855,Google Phone,1,600.0,2019-07-28 21:33:00,"402 12th St, Boston, MA 02215",July
226252,Google Phone,1,600.0,2019-07-16 20:43:00,"663 Willow St, Atlanta, GA 30301",July
230412,Google Phone,1,600.0,2019-07-26 16:30:00,"803 5th St, Portland, OR 97035",July
226862,Google Phone,1,600.0,2019-07-12 07:45:00,"894 Maple St, Dallas, TX 75001",July
227665,Google Phone,1,600.0,2019-07-10 21:08:00,"783 Lake St, San Francisco, CA 94016",July
230332,Google Phone,1,600.0,2019-07-23 15:11:00,"177 Elm St, Los Angeles, CA 90001",July
224760,Google Phone,1,600.0,2019-07-17 11:53:00,"324 Spruce St, Los Angeles, CA 90001",July
236149,Google Phone,1,600.0,2019-07-03 23:50:00,"401 9th St, San Francisco, CA 94016",July
235362,Google Phone,1,600.0,2019-07-25 09:54:00,"11 1st St, Seattle, WA 98101",July
226951,Google Phone,1,600.0,2019-07-18 19:58:00,"556 West St, San Francisco, CA 94016",July
227225,Google Phone,1,600.0,2019-07-24 10:06:00,"23 Sunset St, San Francisco, CA 94016",July
236616,Google Phone,1,600.0,2019-07-19 20:14:00,"984 Dogwood St, Boston, MA 02215",July
226833,Google Phone,1,600.0,2019-07-12 21:44:00,"763 Madison St, Boston, MA 02215",July
235905,Google Phone,1,600.0,2019-07-17 16:21:00,"630 Center St, Boston, MA 02215",July
228462,Google Phone,1,600.0,2019-07-09 14:04:00,"726 Ridge St, Boston, MA 02215",July
229176,Google Phone,1,600.0,2019-07-25 19:54:00,"879 Jackson St, Los Angeles, CA 90001",July
223870,Google Phone,1,600.0,2019-07-20 14:33:00,"523 River St, San Francisco, CA 94016",July
227025,Google Phone,1,600.0,2019-07-03 11:34:00,"76 Wilson St, Los Angeles, CA 90001",July
227121,Google Phone,1,600.0,2019-07-31 20:39:00,"87 10th St, Seattle, WA 98101",July
229123,Google Phone,1,600.0,2019-07-08 09:56:00,"28 Jackson St, San Francisco, CA 94016",July
233709,Google Phone,1,600.0,2019-07-02 12:53:00,"422 13th St, Dallas, TX 75001",July
228532,Google Phone,1,600.0,2019-07-31 17:14:00,"401 Lakeview St, Portland, OR 97035",July
229643,Google Phone,1,600.0,2019-07-16 20:54:00,"249 Johnson St, Dallas, TX 75001",July
232426,Google Phone,1,600.0,2019-07-24 16:43:00,"234 Park St, Atlanta, GA 30301",July
234256,Google Phone,1,600.0,2019-07-08 20:50:00,"160 Willow St, New York City, NY 10001",July
223790,Google Phone,1,600.0,2019-07-23 16:41:00,"775 Dogwood St, Dallas, TX 75001",July
224923,Google Phone,1,600.0,2019-07-27 17:42:00,"579 Pine St, Atlanta, GA 30301",July
228327,Google Phone,1,600.0,2019-07-09 20:30:00,"466 Johnson St, Dallas, TX 75001",July
235430,Google Phone,1,600.0,2019-07-21 16:50:00,"734 Meadow St, Portland, OR 97035",July
233859,Google Phone,1,600.0,2019-07-18 19:49:00,"780 Highland St, Portland, OR 97035",July
234936,Google Phone,1,600.0,2019-07-15 15:51:00,"658 7th St, Seattle, WA 98101",July
225042,Google Phone,1,600.0,2019-07-04 21:39:00,"271 Ridge St, New York City, NY 10001",July
235717,Google Phone,1,600.0,2019-07-28 11:06:00,"654 Pine St, Los Angeles, CA 90001",July
225859,Google Phone,1,600.0,2019-07-28 18:36:00,"843 Lincoln St, Dallas, TX 75001",July
226421,Google Phone,1,600.0,2019-07-28 17:21:00,"162 14th St, San Francisco, CA 94016",July
226906,Google Phone,1,600.0,2019-07-16 22:26:00,"869 Adams St, San Francisco, CA 94016",July
222916,Google Phone,1,600.0,2019-07-21 22:39:00,"745 Chestnut St, New York City, NY 10001",July
230296,Google Phone,1,600.0,2019-07-30 23:41:00,"128 11th St, San Francisco, CA 94016",July
230469,Google Phone,1,600.0,2019-07-05 16:04:00,"859 Maple St, San Francisco, CA 94016",July
224203,Google Phone,1,600.0,2019-07-15 10:20:00,"677 West St, Atlanta, GA 30301",July
225992,Google Phone,1,600.0,2019-07-14 21:38:00,"688 Lake St, Los Angeles, CA 90001",July
230530,Google Phone,1,600.0,2019-07-16 12:39:00,"782 7th St, Austin, TX 73301",July
231104,Google Phone,1,600.0,2019-07-11 20:52:00,"14 12th St, San Francisco, CA 94016",July
233548,Google Phone,1,600.0,2019-07-30 23:04:00,"743 5th St, Dallas, TX 75001",July
235968,Google Phone,1,600.0,2019-07-25 20:48:00,"421 14th St, San Francisco, CA 94016",July
227753,Google Phone,1,600.0,2019-07-28 21:58:00,"518 9th St, New York City, NY 10001",July
231626,Google Phone,1,600.0,2019-07-31 14:30:00,"764 Spruce St, San Francisco, CA 94016",July
234081,Google Phone,1,600.0,2019-07-10 12:48:00,"972 Maple St, Boston, MA 02215",July
230358,Google Phone,1,600.0,2019-07-26 21:22:00,"671 Washington St, Los Angeles, CA 90001",July
233381,Google Phone,1,600.0,2019-07-30 09:35:00,"690 10th St, New York City, NY 10001",July
233533,Google Phone,1,600.0,2019-07-08 12:24:00,"546 Church St, New York City, NY 10001",July
227400,Google Phone,1,600.0,2019-07-29 20:00:00,"941 Sunset St, Portland, OR 97035",July
229055,Google Phone,1,600.0,2019-07-31 10:26:00,"804 Highland St, Los Angeles, CA 90001",July
230560,Google Phone,1,600.0,2019-07-02 14:04:00,"686 6th St, New York City, NY 10001",July
224378,Google Phone,1,600.0,2019-07-30 13:55:00,"424 12th St, Portland, OR 97035",July
238885,Google Phone,1,600.0,2019-08-19 12:01:00,"997 Pine St, Los Angeles, CA 90001",August
244755,Google Phone,1,600.0,2019-08-05 19:28:00,"659 Dogwood St, Los Angeles, CA 90001",August
239343,Google Phone,1,600.0,2019-08-24 14:07:00,"438 Maple St, San Francisco, CA 94016",August
243552,Google Phone,1,600.0,2019-08-22 10:03:00,"561 Elm St, New York City, NY 10001",August
245013,Google Phone,1,600.0,2019-08-09 18:04:00,"35 Johnson St, Atlanta, GA 30301",August
245944,Google Phone,1,600.0,2019-08-05 15:58:00,"906 Sunset St, Los Angeles, CA 90001",August
238380,Google Phone,1,600.0,2019-08-26 20:19:00,"166 Forest St, San Francisco, CA 94016",August
243499,Google Phone,1,600.0,2019-08-27 14:39:00,"651 Center St, New York City, NY 10001",August
240114,Google Phone,1,600.0,2019-08-22 13:10:00,"198 12th St, San Francisco, CA 94016",August
245189,Google Phone,1,600.0,2019-08-28 15:07:00,"336 Hickory St, Seattle, WA 98101",August
239084,Google Phone,1,600.0,2019-08-09 14:41:00,"614 Madison St, San Francisco, CA 94016",August
236850,Google Phone,1,600.0,2019-08-31 00:09:00,"543 Ridge St, New York City, NY 10001",August
239200,Google Phone,1,600.0,2019-08-01 13:32:00,"465 5th St, Seattle, WA 98101",August
245564,Google Phone,1,600.0,2019-08-24 22:36:00,"57 12th St, New York City, NY 10001",August
238332,Google Phone,1,600.0,2019-08-04 17:54:00,"467 Hickory St, Austin, TX 73301",August
245971,Google Phone,1,600.0,2019-08-16 18:50:00,"29 Washington St, San Francisco, CA 94016",August
237425,Google Phone,1,600.0,2019-08-14 05:36:00,"224 2nd St, Boston, MA 02215",August
238492,Google Phone,1,600.0,2019-08-09 20:47:00,"890 12th St, New York City, NY 10001",August
246953,Google Phone,1,600.0,2019-08-14 13:15:00,"82 Madison St, Boston, MA 02215",August
247561,Google Phone,1,600.0,2019-08-06 19:07:00,"701 Hill St, San Francisco, CA 94016",August
241060,Google Phone,1,600.0,2019-08-22 19:43:00,"40 Center St, Los Angeles, CA 90001",August
242046,Google Phone,1,600.0,2019-08-13 23:10:00,"600 Church St, New York City, NY 10001",August
246959,Google Phone,1,600.0,2019-08-12 16:11:00,"971 11th St, Seattle, WA 98101",August
244055,Google Phone,1,600.0,2019-08-18 20:01:00,"12 Main St, Los Angeles, CA 90001",August
239372,Google Phone,1,600.0,2019-08-07 16:45:00,"828 12th St, Portland, OR 97035",August
239656,Google Phone,1,600.0,2019-08-15 11:40:00,"432 7th St, San Francisco, CA 94016",August
240505,Google Phone,1,600.0,2019-08-20 15:17:00,"433 Church St, Dallas, TX 75001",August
242437,Google Phone,1,600.0,2019-08-10 18:50:00,"796 Madison St, New York City, NY 10001",August
246770,Google Phone,1,600.0,2019-08-07 16:31:00,"320 Cedar St, San Francisco, CA 94016",August
245200,Google Phone,1,600.0,2019-08-20 12:40:00,"987 Dogwood St, Dallas, TX 75001",August
240271,Google Phone,1,600.0,2019-08-19 16:26:00,"87 Sunset St, San Francisco, CA 94016",August
247938,Google Phone,1,600.0,2019-08-23 19:23:00,"534 Adams St, Portland, OR 97035",August
238102,Google Phone,1,600.0,2019-08-15 10:04:00,"382 Hill St, Boston, MA 02215",August
242591,Google Phone,1,600.0,2019-08-17 11:15:00,"596 Jackson St, San Francisco, CA 94016",August
244191,Google Phone,1,600.0,2019-08-13 20:46:00,"982 Center St, Boston, MA 02215",August
244735,Google Phone,1,600.0,2019-08-06 20:35:00,"658 Sunset St, Boston, MA 02215",August
237215,Google Phone,1,600.0,2019-08-27 10:58:00,"352 12th St, Atlanta, GA 30301",August
241524,Google Phone,1,600.0,2019-08-17 14:45:00,"644 Dogwood St, Boston, MA 02215",August
242652,Google Phone,1,600.0,2019-08-10 21:26:00,"805 Jackson St, Atlanta, GA 30301",August
244049,Google Phone,1,600.0,2019-08-15 20:00:00,"137 Meadow St, Atlanta, GA 30301",August
245285,Google Phone,1,600.0,2019-08-30 13:44:00,"232 4th St, Portland, OR 97035",August
248098,Google Phone,2,600.0,2019-08-13 09:11:00,"387 11th St, San Francisco, CA 94016",August
244279,Google Phone,1,600.0,2019-08-30 23:16:00,"403 Lincoln St, San Francisco, CA 94016",August
247180,Google Phone,1,600.0,2019-08-25 18:36:00,"752 Center St, San Francisco, CA 94016",August
243513,Google Phone,1,600.0,2019-08-27 02:17:00,"462 2nd St, Dallas, TX 75001",August
238853,Google Phone,1,600.0,2019-08-27 17:19:00,"785 Lake St, Los Angeles, CA 90001",August
241137,Google Phone,1,600.0,2019-08-20 13:22:00,"56 9th St, Austin, TX 73301",August
242593,Google Phone,1,600.0,2019-08-12 21:08:00,"827 Jefferson St, San Francisco, CA 94016",August
244087,Google Phone,1,600.0,2019-08-29 07:18:00,"792 Forest St, Seattle, WA 98101",August
246031,Google Phone,1,600.0,2019-08-23 18:10:00,"829 4th St, Austin, TX 73301",August
240310,Google Phone,1,600.0,2019-08-03 15:23:00,"593 Lincoln St, San Francisco, CA 94016",August
239383,Google Phone,1,600.0,2019-08-15 19:07:00,"772 Madison St, Atlanta, GA 30301",August
247646,Google Phone,1,600.0,2019-08-01 23:49:00,"258 11th St, Portland, OR 97035",August
236771,Google Phone,1,600.0,2019-08-07 18:04:00,"942 Elm St, Los Angeles, CA 90001",August
245807,Google Phone,1,600.0,2019-08-28 10:27:00,"492 West St, Dallas, TX 75001",August
241834,Google Phone,1,600.0,2019-08-22 19:10:00,"976 Lincoln St, Dallas, TX 75001",August
247621,Google Phone,1,600.0,2019-08-26 19:37:00,"940 Forest St, Los Angeles, CA 90001",August
238317,Google Phone,1,600.0,2019-08-02 23:10:00,"635 Park St, Boston, MA 02215",August
241021,Google Phone,1,600.0,2019-08-20 09:12:00,"396 South St, San Francisco, CA 94016",August
237986,Google Phone,1,600.0,2019-08-10 07:24:00,"781 Jackson St, San Francisco, CA 94016",August
241915,Google Phone,1,600.0,2019-08-26 20:39:00,"797 Chestnut St, Los Angeles, CA 90001",August
246080,Google Phone,1,600.0,2019-08-24 18:25:00,"951 South St, San Francisco, CA 94016",August
248943,Google Phone,1,600.0,2019-09-11 17:48:00,"555 Hickory St, Dallas, TX 75001",September
252985,Google Phone,1,600.0,2019-09-08 23:43:00,"561 13th St, Dallas, TX 75001",September
257429,Google Phone,1,600.0,2019-09-13 17:42:00,"674 13th St, Los Angeles, CA 90001",September
258916,Google Phone,1,600.0,2019-09-27 22:07:00,"629 Cedar St, Boston, MA 02215",September
253442,Google Phone,1,600.0,2019-09-05 08:17:00,"472 North St, New York City, NY 10001",September
259004,Google Phone,1,600.0,2019-09-16 21:18:00,"172 Lake St, Atlanta, GA 30301",September
248852,Google Phone,1,600.0,2019-09-07 15:01:00,"612 Sunset St, Seattle, WA 98101",September
251324,Google Phone,1,600.0,2019-09-02 17:09:00,"617 2nd St, Seattle, WA 98101",September
256253,Google Phone,1,600.0,2019-09-27 15:11:00,"296 2nd St, New York City, NY 10001",September
248775,Google Phone,1,600.0,2019-09-14 22:20:00,"858 North St, New York City, NY 10001",September
249455,Google Phone,1,600.0,2019-09-28 21:34:00,"903 Lake St, San Francisco, CA 94016",September
250871,Google Phone,1,600.0,2019-09-13 11:09:00,"369 Ridge St, Seattle, WA 98101",September
251193,Google Phone,1,600.0,2019-09-09 14:58:00,"379 11th St, San Francisco, CA 94016",September
252088,Google Phone,1,600.0,2019-09-20 13:15:00,"67 Johnson St, Dallas, TX 75001",September
253331,Google Phone,1,600.0,2019-09-02 13:16:00,"92 Dogwood St, San Francisco, CA 94016",September
255026,Google Phone,1,600.0,2019-09-28 13:13:00,"634 5th St, New York City, NY 10001",September
249396,Google Phone,1,600.0,2019-09-18 23:56:00,"327 Willow St, San Francisco, CA 94016",September
253419,Google Phone,1,600.0,2019-09-25 05:32:00,"886 River St, San Francisco, CA 94016",September
254033,Google Phone,1,600.0,2019-09-28 23:42:00,"728 10th St, Austin, TX 73301",September
256278,Google Phone,1,600.0,2019-09-09 23:12:00,"134 12th St, Seattle, WA 98101",September
250724,Google Phone,1,600.0,2019-09-26 23:07:00,"385 Johnson St, San Francisco, CA 94016",September
251084,Google Phone,1,600.0,2019-09-02 15:03:00,"926 Forest St, Seattle, WA 98101",September
252167,Google Phone,1,600.0,2019-09-28 22:57:00,"839 Hickory St, Boston, MA 02215",September
257062,Google Phone,1,600.0,2019-09-24 10:00:00,"778 Willow St, Atlanta, GA 30301",September
259270,Google Phone,1,600.0,2019-09-06 15:27:00,"940 10th St, San Francisco, CA 94016",September
250539,Google Phone,1,600.0,2019-09-06 10:50:00,"569 10th St, Boston, MA 02215",September
254301,Google Phone,1,600.0,2019-09-17 17:47:00,"506 Willow St, San Francisco, CA 94016",September
254810,Google Phone,1,600.0,2019-09-19 00:56:00,"608 Highland St, Dallas, TX 75001",September
249899,Google Phone,1,600.0,2019-09-03 21:28:00,"975 Pine St, New York City, NY 10001",September
252009,Google Phone,1,600.0,2019-09-17 07:43:00,"518 Hickory St, Portland, ME 04101",September
254996,Google Phone,1,600.0,2019-09-20 09:35:00,"695 Church St, New York City, NY 10001",September
251366,Google Phone,1,600.0,2019-09-11 18:45:00,"236 Dogwood St, San Francisco, CA 94016",September
257877,Google Phone,1,600.0,2019-09-26 11:52:00,"29 Highland St, Los Angeles, CA 90001",September
254599,Google Phone,1,600.0,2019-09-29 02:21:00,"615 11th St, New York City, NY 10001",September
258976,Google Phone,1,600.0,2019-09-27 01:54:00,"211 13th St, Dallas, TX 75001",September
248560,Google Phone,1,600.0,2019-09-08 11:40:00,"772 Sunset St, Los Angeles, CA 90001",September
256003,Google Phone,1,600.0,2019-09-01 19:12:00,"841 Lakeview St, Los Angeles, CA 90001",September
259159,Google Phone,1,600.0,2019-09-09 13:40:00,"949 12th St, Seattle, WA 98101",September
250784,Google Phone,1,600.0,2019-09-04 13:52:00,"261 Lincoln St, Boston, MA 02215",September
258301,Google Phone,1,600.0,2019-09-18 18:49:00,"801 4th St, New York City, NY 10001",September
249170,Google Phone,1,600.0,2019-09-04 20:33:00,"768 7th St, San Francisco, CA 94016",September
256327,Google Phone,1,600.0,2019-09-18 23:47:00,"983 5th St, Austin, TX 73301",September
258342,Google Phone,1,600.0,2019-09-17 20:46:00,"228 Chestnut St, Dallas, TX 75001",September
248885,Google Phone,1,600.0,2019-09-15 23:41:00,"637 Cedar St, Dallas, TX 75001",September
253284,Google Phone,1,600.0,2019-09-11 22:34:00,"496 North St, Seattle, WA 98101",September
255839,Google Phone,1,600.0,2019-09-16 16:33:00,"301 Elm St, San Francisco, CA 94016",September
257940,Google Phone,1,600.0,2019-09-11 19:13:00,"768 Adams St, New York City, NY 10001",September
248791,Google Phone,1,600.0,2019-09-07 19:36:00,"952 12th St, New York City, NY 10001",September
250005,Google Phone,1,600.0,2019-09-08 00:58:00,"360 Hill St, San Francisco, CA 94016",September
256501,Google Phone,1,600.0,2019-09-16 10:55:00,"992 Madison St, New York City, NY 10001",September
257518,Google Phone,1,600.0,2019-09-14 17:54:00,"581 Hill St, Austin, TX 73301",September
258293,Google Phone,1,600.0,2019-09-21 20:54:00,"221 7th St, Seattle, WA 98101",September
258729,Google Phone,1,600.0,2019-09-09 16:45:00,"385 Chestnut St, Austin, TX 73301",September
261524,Google Phone,1,600.0,2019-10-27 14:14:00,"812 Highland St, Boston, MA 02215",October
267430,Google Phone,1,600.0,2019-10-14 00:30:00,"882 5th St, San Francisco, CA 94016",October
267707,Google Phone,1,600.0,2019-10-21 20:34:00,"876 8th St, Atlanta, GA 30301",October
261146,Google Phone,1,600.0,2019-10-14 12:28:00,"530 5th St, San Francisco, CA 94016",October
262119,Google Phone,1,600.0,2019-10-26 08:42:00,"62 Jackson St, Atlanta, GA 30301",October
263498,Google Phone,1,600.0,2019-10-21 09:33:00,"451 4th St, Los Angeles, CA 90001",October
265825,Google Phone,1,600.0,2019-10-16 11:53:00,"477 Jackson St, Portland, OR 97035",October
273832,Google Phone,1,600.0,2019-10-13 23:09:00,"14 Willow St, Seattle, WA 98101",October
264850,Google Phone,1,600.0,2019-10-30 12:59:00,"649 14th St, New York City, NY 10001",October
266420,Google Phone,1,600.0,2019-10-28 16:24:00,"731 Walnut St, Portland, ME 04101",October
275296,Google Phone,1,600.0,2019-10-06 11:21:00,"50 Sunset St, San Francisco, CA 94016",October
260189,Google Phone,1,600.0,2019-10-17 23:22:00,"257 South St, San Francisco, CA 94016",October
263492,Google Phone,1,600.0,2019-10-24 18:38:00,"717 9th St, Austin, TX 73301",October
264898,Google Phone,1,600.0,2019-10-16 16:30:00,"349 Park St, San Francisco, CA 94016",October
272333,Google Phone,1,600.0,2019-10-30 11:18:00,"952 Pine St, Portland, OR 97035",October
276249,Google Phone,1,600.0,2019-10-10 15:02:00,"722 Cherry St, San Francisco, CA 94016",October
263086,Google Phone,1,600.0,2019-10-02 10:58:00,"898 14th St, San Francisco, CA 94016",October
270197,Google Phone,1,600.0,2019-10-26 13:12:00,"179 Cherry St, New York City, NY 10001",October
266512,Google Phone,1,600.0,2019-10-24 20:32:00,"44 Johnson St, San Francisco, CA 94016",October
260697,Google Phone,1,600.0,2019-10-14 16:05:00,"195 Maple St, Atlanta, GA 30301",October
261873,Google Phone,1,600.0,2019-10-05 08:35:00,"145 12th St, Los Angeles, CA 90001",October
262226,Google Phone,1,600.0,2019-10-20 16:57:00,"814 Adams St, Los Angeles, CA 90001",October
263348,Google Phone,1,600.0,2019-10-13 10:32:00,"800 Willow St, San Francisco, CA 94016",October
269734,Google Phone,1,600.0,2019-10-04 20:08:00,"935 Cherry St, Atlanta, GA 30301",October
272121,Google Phone,1,600.0,2019-10-05 01:20:00,"551 Johnson St, Dallas, TX 75001",October
274488,Google Phone,1,600.0,2019-10-22 16:49:00,"846 Elm St, Boston, MA 02215",October
261373,Google Phone,1,600.0,2019-10-27 01:28:00,"72 Sunset St, San Francisco, CA 94016",October
259444,Google Phone,1,600.0,2019-10-29 14:27:00,"982 8th St, Austin, TX 73301",October
259654,Google Phone,1,600.0,2019-10-06 20:46:00,"271 Johnson St, Seattle, WA 98101",October
264691,Google Phone,1,600.0,2019-10-31 14:27:00,"927 Hill St, Atlanta, GA 30301",October
264888,Google Phone,1,600.0,2019-10-31 22:07:00,"798 Madison St, Seattle, WA 98101",October
265052,Google Phone,1,600.0,2019-10-07 19:23:00,"395 Chestnut St, New York City, NY 10001",October
275844,Google Phone,1,600.0,2019-10-28 13:51:00,"451 1st St, San Francisco, CA 94016",October
262632,Google Phone,1,600.0,2019-10-19 13:39:00,"239 Hickory St, Boston, MA 02215",October
264803,Google Phone,1,600.0,2019-10-23 22:51:00,"556 Jackson St, San Francisco, CA 94016",October
271472,Google Phone,1,600.0,2019-10-13 06:13:00,"307 Dogwood St, New York City, NY 10001",October
271637,Google Phone,1,600.0,2019-10-08 18:29:00,"719 Dogwood St, Austin, TX 73301",October
272154,Google Phone,1,600.0,2019-10-01 10:01:00,"480 2nd St, San Francisco, CA 94016",October
264072,Google Phone,1,600.0,2019-10-15 19:23:00,"176 Lincoln St, Boston, MA 02215",October
265389,Google Phone,1,600.0,2019-10-09 17:53:00,"680 Sunset St, San Francisco, CA 94016",October
273328,Google Phone,1,600.0,2019-10-18 12:36:00,"853 Willow St, New York City, NY 10001",October
260001,Google Phone,1,600.0,2019-10-10 20:05:00,"741 Chestnut St, San Francisco, CA 94016",October
269674,Google Phone,1,600.0,2019-10-10 20:33:00,"927 Hickory St, San Francisco, CA 94016",October
266550,Google Phone,1,600.0,2019-10-19 17:54:00,"67 11th St, Los Angeles, CA 90001",October
275733,Google Phone,1,600.0,2019-10-25 15:04:00,"128 Sunset St, San Francisco, CA 94016",October
277349,Google Phone,1,600.0,2019-10-29 17:48:00,"990 Lincoln St, Boston, MA 02215",October
262355,Google Phone,1,600.0,2019-10-15 10:25:00,"554 Washington St, Seattle, WA 98101",October
268835,Google Phone,1,600.0,2019-10-05 20:55:00,"89 Lake St, San Francisco, CA 94016",October
274562,Google Phone,1,600.0,2019-10-06 10:44:00,"617 Lincoln St, New York City, NY 10001",October
261490,Google Phone,1,600.0,2019-10-29 16:07:00,"993 Highland St, New York City, NY 10001",October
263782,Google Phone,1,600.0,2019-10-06 01:59:00,"661 Washington St, New York City, NY 10001",October
265250,Google Phone,1,600.0,2019-10-04 22:03:00,"761 6th St, New York City, NY 10001",October
265259,Google Phone,1,600.0,2019-10-20 07:45:00,"33 11th St, Los Angeles, CA 90001",October
274404,Google Phone,1,600.0,2019-10-28 21:02:00,"33 Maple St, Atlanta, GA 30301",October
274727,Google Phone,1,600.0,2019-10-27 22:25:00,"42 Maple St, Dallas, TX 75001",October
260293,Google Phone,1,600.0,2019-10-10 11:44:00,"795 Willow St, Los Angeles, CA 90001",October
262487,Google Phone,1,600.0,2019-10-01 23:16:00,"308 Johnson St, San Francisco, CA 94016",October
259736,Google Phone,1,600.0,2019-10-28 18:50:00,"719 Wilson St, Los Angeles, CA 90001",October
262149,Google Phone,1,600.0,2019-10-17 10:06:00,"274 Maple St, Dallas, TX 75001",October
262288,Google Phone,1,600.0,2019-10-06 09:28:00,"377 Dogwood St, Atlanta, GA 30301",October
270430,Google Phone,1,600.0,2019-10-27 09:38:00,"550 7th St, Boston, MA 02215",October
271837,Google Phone,1,600.0,2019-10-23 19:52:00,"502 Spruce St, New York City, NY 10001",October
276757,Google Phone,1,600.0,2019-10-22 13:28:00,"963 Lincoln St, Boston, MA 02215",October
271706,Google Phone,1,600.0,2019-10-24 10:36:00,"535 Jackson St, Portland, OR 97035",October
259697,Google Phone,1,600.0,2019-10-04 12:09:00,"672 2nd St, Atlanta, GA 30301",October
264178,Google Phone,1,600.0,2019-10-18 17:54:00,"483 Church St, Dallas, TX 75001",October
274502,Google Phone,1,600.0,2019-10-23 11:52:00,"916 Meadow St, San Francisco, CA 94016",October
274971,Google Phone,1,600.0,2019-10-07 12:17:00,"364 Dogwood St, Los Angeles, CA 90001",October
262311,Google Phone,1,600.0,2019-10-31 08:06:00,"890 Jackson St, San Francisco, CA 94016",October
262526,Google Phone,1,600.0,2019-10-02 16:21:00,"240 Hickory St, Boston, MA 02215",October
262165,Google Phone,1,600.0,2019-10-22 14:29:00,"200 Johnson St, San Francisco, CA 94016",October
262842,Google Phone,1,600.0,2019-10-02 09:19:00,"157 North St, San Francisco, CA 94016",October
269530,Google Phone,1,600.0,2019-10-19 10:02:00,"31 Meadow St, San Francisco, CA 94016",October
272933,Google Phone,1,600.0,2019-10-15 19:56:00,"898 12th St, San Francisco, CA 94016",October
274588,Google Phone,1,600.0,2019-10-26 19:32:00,"60 Hickory St, New York City, NY 10001",October
261957,Google Phone,1,600.0,2019-10-14 18:12:00,"170 2nd St, San Francisco, CA 94016",October
277952,Google Phone,1,600.0,2019-10-12 14:53:00,"599 Jackson St, Austin, TX 73301",October
278563,Google Phone,1,600.0,2019-10-08 10:10:00,"542 Adams St, Dallas, TX 75001",October
260994,Google Phone,1,600.0,2019-10-07 20:40:00,"421 Church St, Los Angeles, CA 90001",October
264541,Google Phone,1,600.0,2019-10-16 23:33:00,"971 4th St, Dallas, TX 75001",October
269557,Google Phone,1,600.0,2019-10-15 23:11:00,"605 7th St, Seattle, WA 98101",October
272651,Google Phone,1,600.0,2019-10-09 01:02:00,"763 Lake St, Dallas, TX 75001",October
278734,Google Phone,1,600.0,2019-10-07 14:03:00,"83 12th St, San Francisco, CA 94016",October
275363,Google Phone,1,600.0,2019-10-01 07:59:00,"696 Highland St, New York City, NY 10001",October
263199,Google Phone,1,600.0,2019-10-29 06:07:00,"950 Lakeview St, Boston, MA 02215",October
268104,Google Phone,1,600.0,2019-10-26 18:06:00,"336 11th St, Dallas, TX 75001",October
268590,Google Phone,1,600.0,2019-10-11 17:34:00,"451 Maple St, New York City, NY 10001",October
262225,Google Phone,1,600.0,2019-10-28 14:01:00,"954 Pine St, San Francisco, CA 94016",October
263971,Google Phone,1,600.0,2019-10-28 23:03:00,"635 Madison St, Dallas, TX 75001",October
266538,Google Phone,1,600.0,2019-10-17 16:32:00,"794 12th St, San Francisco, CA 94016",October
267368,Google Phone,1,600.0,2019-10-07 10:02:00,"233 1st St, Austin, TX 73301",October
267985,Google Phone,1,600.0,2019-10-17 18:18:00,"196 Pine St, Atlanta, GA 30301",October
263746,Google Phone,1,600.0,2019-10-18 10:27:00,"983 6th St, Los Angeles, CA 90001",October
264301,Google Phone,1,600.0,2019-10-09 13:51:00,"962 Lakeview St, New York City, NY 10001",October
268700,Google Phone,1,600.0,2019-10-15 19:06:00,"482 1st St, Seattle, WA 98101",October
275224,Google Phone,1,600.0,2019-10-27 07:29:00,"150 7th St, Austin, TX 73301",October
264624,Google Phone,1,600.0,2019-10-10 16:45:00,"56 Pine St, Boston, MA 02215",October
269273,Google Phone,1,600.0,2019-10-05 19:09:00,"751 Hickory St, Los Angeles, CA 90001",October
274155,Google Phone,1,600.0,2019-10-18 19:33:00,"12 Madison St, Atlanta, GA 30301",October
277250,Google Phone,1,600.0,2019-10-05 14:24:00,"243 Adams St, New York City, NY 10001",October
278137,Google Phone,1,600.0,2019-10-27 05:07:00,"755 Maple St, Los Angeles, CA 90001",October
271030,Google Phone,1,600.0,2019-10-31 12:00:00,"843 North St, Portland, OR 97035",October
276267,Google Phone,1,600.0,2019-10-21 08:49:00,"669 Lakeview St, Portland, ME 04101",October
263273,Google Phone,1,600.0,2019-10-29 12:54:00,"796 Park St, San Francisco, CA 94016",October
270498,Google Phone,1,600.0,2019-10-09 11:29:00,"334 Washington St, San Francisco, CA 94016",October
290421,Google Phone,1,600.0,2019-11-10 23:10:00,"921 10th St, San Francisco, CA 94016",November
289828,Google Phone,1,600.0,2019-11-18 10:38:00,"849 South St, Portland, OR 97035",November
280430,Google Phone,1,600.0,2019-11-27 16:12:00,"916 Willow St, San Francisco, CA 94016",November
278903,Google Phone,1,600.0,2019-11-05 17:19:00,"478 Dogwood St, San Francisco, CA 94016",November
283802,Google Phone,1,600.0,2019-11-13 21:43:00,"380 Johnson St, Austin, TX 73301",November
279345,Google Phone,1,600.0,2019-11-27 14:51:00,"241 6th St, Portland, OR 97035",November
287331,Google Phone,1,600.0,2019-11-04 20:28:00,"260 11th St, Portland, OR 97035",November
288142,Google Phone,1,600.0,2019-11-22 23:10:00,"423 Highland St, Seattle, WA 98101",November
289515,Google Phone,1,600.0,2019-11-08 08:44:00,"334 Sunset St, New York City, NY 10001",November
290074,Google Phone,1,600.0,2019-11-29 10:43:00,"283 River St, San Francisco, CA 94016",November
295474,Google Phone,1,600.0,2019-11-22 11:50:00,"878 Ridge St, Boston, MA 02215",November
285822,Google Phone,1,600.0,2019-11-21 12:25:00,"230 Maple St, New York City, NY 10001",November
291098,Google Phone,1,600.0,2019-11-15 12:04:00,"407 Church St, San Francisco, CA 94016",November
279220,Google Phone,1,600.0,2019-11-20 02:46:00,"435 2nd St, New York City, NY 10001",November
286076,Google Phone,1,600.0,2019-11-02 19:17:00,"350 4th St, Atlanta, GA 30301",November
287594,Google Phone,1,600.0,2019-11-19 23:21:00,"317 4th St, San Francisco, CA 94016",November
288497,Google Phone,1,600.0,2019-11-02 16:39:00,"546 North St, San Francisco, CA 94016",November
288818,Google Phone,1,600.0,2019-11-22 05:02:00,"16 Chestnut St, New York City, NY 10001",November
292651,Google Phone,1,600.0,2019-11-22 10:39:00,"241 Johnson St, Los Angeles, CA 90001",November
293263,Google Phone,1,600.0,2019-11-25 16:50:00,"233 Forest St, New York City, NY 10001",November
295027,Google Phone,1,600.0,2019-11-16 09:51:00,"986 Chestnut St, Los Angeles, CA 90001",November
279161,Google Phone,1,600.0,2019-11-24 10:34:00,"472 Chestnut St, Portland, ME 04101",November
279499,Google Phone,1,600.0,2019-11-24 13:51:00,"503 Maple St, Boston, MA 02215",November
279522,Google Phone,1,600.0,2019-11-24 11:07:00,"843 8th St, Seattle, WA 98101",November
284057,Google Phone,1,600.0,2019-11-15 21:04:00,"523 Maple St, Portland, OR 97035",November
284187,Google Phone,1,600.0,2019-11-27 21:07:00,"16 Johnson St, San Francisco, CA 94016",November
295559,Google Phone,1,600.0,2019-11-18 17:37:00,"227 Hill St, San Francisco, CA 94016",November
279981,Google Phone,1,600.0,2019-11-14 21:38:00,"291 Maple St, Los Angeles, CA 90001",November
281034,Google Phone,1,600.0,2019-11-24 12:39:00,"62 13th St, Boston, MA 02215",November
285390,Google Phone,1,600.0,2019-11-28 09:28:00,"759 Cherry St, Portland, OR 97035",November
287436,Google Phone,1,600.0,2019-11-13 21:32:00,"347 Lake St, Boston, MA 02215",November
293824,Google Phone,1,600.0,2019-11-09 10:03:00,"572 Church St, Portland, OR 97035",November
279277,Google Phone,1,600.0,2019-11-29 20:55:00,"497 6th St, New York City, NY 10001",November
286195,Google Phone,1,600.0,2019-11-10 11:09:00,"711 12th St, San Francisco, CA 94016",November
293791,Google Phone,1,600.0,2019-11-30 12:03:00,"96 Maple St, Los Angeles, CA 90001",November
288252,Google Phone,1,600.0,2019-11-25 06:53:00,"922 Highland St, Atlanta, GA 30301",November
285856,Google Phone,1,600.0,2019-11-17 19:17:00,"367 Jackson St, Atlanta, GA 30301",November
286410,Google Phone,1,600.0,2019-11-03 14:43:00,"786 Center St, New York City, NY 10001",November
286974,Google Phone,1,600.0,2019-11-23 06:39:00,"468 2nd St, Dallas, TX 75001",November
289528,Google Phone,1,600.0,2019-11-25 09:32:00,"930 12th St, New York City, NY 10001",November
293934,Google Phone,1,600.0,2019-11-29 15:12:00,"131 Dogwood St, Boston, MA 02215",November
290125,Google Phone,1,600.0,2019-11-29 12:14:00,"146 Walnut St, Los Angeles, CA 90001",November
281702,Google Phone,1,600.0,2019-11-19 17:57:00,"616 Church St, Boston, MA 02215",November
287231,Google Phone,1,600.0,2019-11-05 19:48:00,"615 Wilson St, Seattle, WA 98101",November
285030,Google Phone,1,600.0,2019-11-13 21:44:00,"40 Adams St, Los Angeles, CA 90001",November
288986,Google Phone,1,600.0,2019-11-29 17:23:00,"735 9th St, Atlanta, GA 30301",November
295357,Google Phone,1,600.0,2019-11-30 11:05:00,"685 2nd St, Portland, OR 97035",November
282755,Google Phone,1,600.0,2019-11-14 19:09:00,"690 Cedar St, Portland, OR 97035",November
283253,Google Phone,1,600.0,2019-11-02 16:22:00,"216 Cherry St, New York City, NY 10001",November
292487,Google Phone,1,600.0,2019-11-19 03:02:00,"830 Lake St, Dallas, TX 75001",November
294335,Google Phone,1,600.0,2019-11-02 20:40:00,"963 13th St, Portland, ME 04101",November
284980,Google Phone,1,600.0,2019-11-21 11:38:00,"504 Cherry St, San Francisco, CA 94016",November
288766,Google Phone,1,600.0,2019-11-01 18:57:00,"180 Sunset St, Los Angeles, CA 90001",November
288901,Google Phone,1,600.0,2019-11-29 06:40:00,"902 Pine St, San Francisco, CA 94016",November
283162,Google Phone,1,600.0,2019-11-18 19:02:00,"589 Cedar St, Seattle, WA 98101",November
284332,Google Phone,1,600.0,2019-11-12 15:27:00,"337 Meadow St, San Francisco, CA 94016",November
285734,Google Phone,1,600.0,2019-11-07 12:08:00,"568 11th St, San Francisco, CA 94016",November
290811,Google Phone,1,600.0,2019-11-19 20:19:00,"146 Chestnut St, Seattle, WA 98101",November
294235,Google Phone,1,600.0,2019-11-30 22:55:00,"394 Johnson St, Portland, OR 97035",November
281609,Google Phone,1,600.0,2019-11-21 17:34:00,"565 Main St, Los Angeles, CA 90001",November
282406,Google Phone,1,600.0,2019-11-02 13:47:00,"63 Wilson St, Seattle, WA 98101",November
282799,Google Phone,1,600.0,2019-11-23 11:35:00,"123 Spruce St, San Francisco, CA 94016",November
288517,Google Phone,1,600.0,2019-11-25 21:00:00,"690 Meadow St, San Francisco, CA 94016",November
285208,Google Phone,1,600.0,2019-11-21 13:49:00,"326 Jackson St, San Francisco, CA 94016",November
288011,Google Phone,1,600.0,2019-11-09 18:28:00,"419 Highland St, San Francisco, CA 94016",November
291963,Google Phone,1,600.0,2019-11-27 15:30:00,"832 12th St, Seattle, WA 98101",November
282138,Google Phone,1,600.0,2019-11-09 11:44:00,"973 West St, New York City, NY 10001",November
282682,Google Phone,1,600.0,2019-11-02 10:21:00,"332 1st St, Los Angeles, CA 90001",November
288139,Google Phone,1,600.0,2019-11-20 16:40:00,"515 Wilson St, Los Angeles, CA 90001",November
288658,Google Phone,1,600.0,2019-11-17 20:31:00,"641 Center St, San Francisco, CA 94016",November
289181,Google Phone,1,600.0,2019-11-13 23:38:00,"842 Park St, New York City, NY 10001",November
291189,Google Phone,1,600.0,2019-11-22 16:16:00,"664 Dogwood St, Seattle, WA 98101",November
294339,Google Phone,1,600.0,2019-11-05 23:48:00,"671 Chestnut St, New York City, NY 10001",November
292324,Google Phone,1,600.0,2019-11-27 11:55:00,"238 2nd St, New York City, NY 10001",November
292498,Google Phone,1,600.0,2019-11-06 15:31:00,"657 Maple St, Seattle, WA 98101",November
293410,Google Phone,1,600.0,2019-11-08 15:47:00,"346 11th St, Seattle, WA 98101",November
286780,Google Phone,1,600.0,2019-11-04 02:43:00,"911 2nd St, Austin, TX 73301",November
287971,Google Phone,1,600.0,2019-11-07 14:46:00,"961 8th St, New York City, NY 10001",November
289805,Google Phone,1,600.0,2019-11-20 13:53:00,"895 10th St, Seattle, WA 98101",November
285616,Google Phone,1,600.0,2019-11-10 22:49:00,"274 Johnson St, San Francisco, CA 94016",November
285238,Google Phone,1,600.0,2019-11-17 01:43:00,"517 13th St, Los Angeles, CA 90001",November
284673,Google Phone,1,600.0,2019-11-13 19:15:00,"606 Forest St, Los Angeles, CA 90001",November
295185,Google Phone,1,600.0,2019-11-21 18:02:00,"963 4th St, Los Angeles, CA 90001",November
281067,Google Phone,1,600.0,2019-11-16 14:51:00,"624 Lincoln St, Los Angeles, CA 90001",November
290237,Google Phone,1,600.0,2019-11-13 19:47:00,"376 6th St, Portland, OR 97035",November
291217,Google Phone,1,600.0,2019-11-13 03:03:00,"724 Dogwood St, New York City, NY 10001",November
293285,Google Phone,1,600.0,2019-11-15 16:25:00,"488 Johnson St, Atlanta, GA 30301",November
296526,Google Phone,1,600.0,2019-12-02 12:29:00,"39 Lincoln St, Los Angeles, CA 90001",December
303122,Google Phone,1,600.0,2019-12-26 17:27:00,"152 Forest St, Seattle, WA 98101",December
311258,Google Phone,1,600.0,2019-12-24 18:54:00,"872 Walnut St, San Francisco, CA 94016",December
317451,Google Phone,1,600.0,2019-12-14 13:51:00,"500 Lake St, New York City, NY 10001",December
317476,Google Phone,1,600.0,2019-12-30 17:26:00,"974 Park St, San Francisco, CA 94016",December
313540,Google Phone,1,600.0,2019-12-24 13:37:00,"243 Wilson St, Los Angeles, CA 90001",December
299093,Google Phone,1,600.0,2019-12-01 11:59:00,"145 Sunset St, Boston, MA 02215",December
300646,Google Phone,1,600.0,2019-12-28 22:14:00,"244 Maple St, Seattle, WA 98101",December
303907,Google Phone,1,600.0,2019-12-03 17:34:00,"470 Hickory St, Portland, OR 97035",December
305552,Google Phone,1,600.0,2019-12-08 06:11:00,"897 14th St, Atlanta, GA 30301",December
306746,Google Phone,1,600.0,2019-12-27 19:36:00,"228 2nd St, Los Angeles, CA 90001",December
307989,Google Phone,1,600.0,2019-12-15 11:40:00,"883 Cherry St, San Francisco, CA 94016",December
318144,Google Phone,1,600.0,2019-12-11 17:21:00,"31 7th St, Los Angeles, CA 90001",December
307457,Google Phone,1,600.0,2019-12-16 19:45:00,"346 Maple St, Atlanta, GA 30301",December
307767,Google Phone,1,600.0,2019-12-17 09:33:00,"89 Lakeview St, San Francisco, CA 94016",December
315790,Google Phone,1,600.0,2019-12-21 01:18:00,"789 Madison St, San Francisco, CA 94016",December
319261,Google Phone,1,600.0,2019-12-31 08:48:00,"845 Lincoln St, Los Angeles, CA 90001",December
297577,Google Phone,1,600.0,2019-12-01 11:14:00,"90 Walnut St, San Francisco, CA 94016",December
298164,Google Phone,1,600.0,2019-12-19 12:00:00,"873 North St, Seattle, WA 98101",December
309056,Google Phone,1,600.0,2019-12-01 10:36:00,"860 Meadow St, San Francisco, CA 94016",December
312001,Google Phone,1,600.0,2019-12-05 00:44:00,"51 1st St, Los Angeles, CA 90001",December
312668,Google Phone,1,600.0,2019-12-27 12:56:00,"437 Walnut St, Boston, MA 02215",December
315817,Google Phone,1,600.0,2019-12-07 13:47:00,"507 Hill St, New York City, NY 10001",December
295822,Google Phone,1,600.0,2019-12-04 13:53:00,"307 Wilson St, San Francisco, CA 94016",December
296584,Google Phone,1,600.0,2019-12-07 18:54:00,"586 Johnson St, San Francisco, CA 94016",December
304802,Google Phone,1,600.0,2019-12-27 13:14:00,"569 Lake St, Los Angeles, CA 90001",December
307934,Google Phone,1,600.0,2019-12-05 20:36:00,"820 Madison St, Atlanta, GA 30301",December
310788,Google Phone,1,600.0,2019-12-14 17:40:00,"254 Wilson St, Boston, MA 02215",December
315202,Google Phone,1,600.0,2019-12-15 16:19:00,"93 6th St, Dallas, TX 75001",December
317302,Google Phone,1,600.0,2019-12-23 19:12:00,"713 Park St, Austin, TX 73301",December
301654,Google Phone,1,600.0,2019-12-29 19:24:00,"199 2nd St, Seattle, WA 98101",December
298744,Google Phone,1,600.0,2019-12-26 13:42:00,"37 Park St, San Francisco, CA 94016",December
197150,Google Phone,1,600.0,2019-05-21 21:04:00,"956 13th St, Los Angeles, CA 90001",May
215327,Google Phone,1,600.0,2019-06-29 06:02:00,"292 South St, Austin, TX 73301",June
233549,Google Phone,1,600.0,2019-07-13 21:32:00,"596 Ridge St, San Francisco, CA 94016",July
245600,Google Phone,1,600.0,2019-08-04 08:53:00,"389 5th St, Austin, TX 73301",August
246020,Google Phone,1,600.0,2019-08-23 11:05:00,"495 Ridge St, New York City, NY 10001",August
245757,Google Phone,1,600.0,2019-08-14 21:49:00,"937 West St, Los Angeles, CA 90001",August
243947,Google Phone,1,600.0,2019-08-28 07:26:00,"774 Hickory St, Dallas, TX 75001",August
245982,Google Phone,1,600.0,2019-08-31 15:29:00,"932 Wilson St, Seattle, WA 98101",August
255011,Google Phone,1,600.0,2019-09-08 22:35:00,"977 Hill St, San Francisco, CA 94016",September
249931,Google Phone,1,600.0,2019-09-18 15:47:00,"29 Washington St, Los Angeles, CA 90001",September
252022,Google Phone,1,600.0,2019-09-14 14:08:00,"369 Hill St, Dallas, TX 75001",September
258029,Google Phone,1,600.0,2019-09-12 22:22:00,"409 Wilson St, Portland, ME 04101",September
294041,Google Phone,1,600.0,2019-11-06 00:40:00,"923 Hill St, New York City, NY 10001",November
294253,Google Phone,1,600.0,2019-11-25 17:45:00,"527 Church St, Dallas, TX 75001",November
291020,Google Phone,1,600.0,2019-11-06 22:58:00,"74 Cherry St, Los Angeles, CA 90001",November
286789,Google Phone,1,600.0,2019-11-02 10:26:00,"37 Walnut St, Austin, TX 73301",November
293905,Google Phone,1,600.0,2019-11-04 11:38:00,"492 Dogwood St, Portland, OR 97035",November
306601,Google Phone,1,600.0,2019-12-13 21:43:00,"636 Johnson St, Portland, OR 97035",December
310411,Google Phone,1,600.0,2019-12-12 14:17:00,"298 North St, Boston, MA 02215",December
313166,Google Phone,1,600.0,2019-12-18 16:01:00,"808 Lincoln St, Dallas, TX 75001",December
301191,Google Phone,1,600.0,2019-12-17 11:27:00,"821 Center St, Los Angeles, CA 90001",December
299046,Google Phone,1,600.0,2019-12-30 22:06:00,"373 River St, San Francisco, CA 94016",December
312339,Google Phone,1,600.0,2019-12-17 21:17:00,"663 Elm St, Portland, OR 97035",December
300326,Google Phone,1,600.0,2019-12-07 12:59:00,"279 Dogwood St, Atlanta, GA 30301",December
311397,Google Phone,1,600.0,2019-12-20 14:16:00,"478 Forest St, Seattle, WA 98101",December
318771,Google Phone,1,600.0,2019-12-30 09:17:00,"937 Park St, San Francisco, CA 94016",December
298829,Google Phone,1,600.0,2019-12-22 21:16:00,"179 2nd St, San Francisco, CA 94016",December
300835,Google Phone,1,600.0,2019-12-10 07:56:00,"170 11th St, Atlanta, GA 30301",December
311010,Google Phone,1,600.0,2019-12-28 02:45:00,"55 5th St, San Francisco, CA 94016",December
316615,Google Phone,1,600.0,2019-12-04 00:09:00,"690 6th St, Atlanta, GA 30301",December
319323,Google Phone,1,600.0,2019-12-03 00:30:00,"601 Cedar St, Los Angeles, CA 90001",December
301186,Google Phone,1,600.0,2019-12-13 19:20:00,"361 Park St, Austin, TX 73301",December
313019,Google Phone,1,600.0,2019-12-15 10:09:00,"547 Lake St, San Francisco, CA 94016",December
315458,Google Phone,1,600.0,2019-12-25 12:53:00,"592 Wilson St, Atlanta, GA 30301",December
316460,Google Phone,1,600.0,2019-12-29 18:55:00,"589 Johnson St, New York City, NY 10001",December
304684,Google Phone,1,600.0,2019-12-20 09:57:00,"378 River St, Los Angeles, CA 90001",December
312200,Google Phone,1,600.0,2019-12-22 17:34:00,"297 Johnson St, Dallas, TX 75001",December
314101,Google Phone,1,600.0,2019-12-22 20:10:00,"164 6th St, Los Angeles, CA 90001",December
295793,Google Phone,1,600.0,2019-12-15 11:26:00,"275 Jackson St, San Francisco, CA 94016",December
308741,Google Phone,1,600.0,2019-12-13 01:41:00,"482 Meadow St, New York City, NY 10001",December
315278,Google Phone,1,600.0,2019-12-24 14:26:00,"960 Hickory St, Los Angeles, CA 90001",December
299631,Google Phone,1,600.0,2019-12-05 11:22:00,"983 14th St, Dallas, TX 75001",December
300402,Google Phone,1,600.0,2019-12-15 17:33:00,"93 River St, San Francisco, CA 94016",December
307607,Google Phone,1,600.0,2019-12-15 12:38:00,"101 Pine St, Seattle, WA 98101",December
308987,Google Phone,1,600.0,2019-12-22 07:07:00,"162 1st St, San Francisco, CA 94016",December
314917,Google Phone,1,600.0,2019-12-06 13:01:00,"882 Lake St, San Francisco, CA 94016",December
316814,Google Phone,1,600.0,2019-12-03 11:49:00,"684 Adams St, San Francisco, CA 94016",December
299261,Google Phone,1,600.0,2019-12-10 18:35:00,"75 Center St, New York City, NY 10001",December
303144,Google Phone,1,600.0,2019-12-31 18:22:00,"546 12th St, Los Angeles, CA 90001",December
309953,Google Phone,1,600.0,2019-12-15 00:06:00,"675 Meadow St, Seattle, WA 98101",December
317248,Google Phone,1,600.0,2019-12-18 08:30:00,"751 12th St, San Francisco, CA 94016",December
305109,Google Phone,1,600.0,2019-12-20 13:21:00,"885 Jackson St, Los Angeles, CA 90001",December
306782,Google Phone,1,600.0,2019-12-03 21:03:00,"12 Dogwood St, New York City, NY 10001",December
313369,Google Phone,1,600.0,2019-12-13 11:36:00,"715 7th St, San Francisco, CA 94016",December
302345,Google Phone,1,600.0,2019-12-19 00:38:00,"427 Spruce St, Boston, MA 02215",December
306326,Google Phone,1,600.0,2019-12-22 15:52:00,"917 Maple St, Boston, MA 02215",December
307774,Google Phone,1,600.0,2019-12-14 20:05:00,"470 Highland St, New York City, NY 10001",December
301492,Google Phone,1,600.0,2019-12-22 21:58:00,"568 Adams St, San Francisco, CA 94016",December
297457,Google Phone,1,600.0,2019-12-29 20:59:00,"640 Adams St, San Francisco, CA 94016",December
298656,Google Phone,1,600.0,2019-12-06 13:51:00,"718 North St, San Francisco, CA 94016",December
305178,Google Phone,1,600.0,2019-12-10 11:51:00,"836 Jefferson St, San Francisco, CA 94016",December
309098,Google Phone,1,600.0,2019-12-13 08:13:00,"9 Lakeview St, San Francisco, CA 94016",December
309316,Google Phone,1,600.0,2019-12-28 11:26:00,"504 2nd St, San Francisco, CA 94016",December
309532,Google Phone,1,600.0,2019-12-03 15:06:00,"874 Adams St, Los Angeles, CA 90001",December
315529,Google Phone,1,600.0,2019-12-04 09:09:00,"396 West St, San Francisco, CA 94016",December
308386,Google Phone,1,600.0,2019-12-10 09:30:00,"482 Hill St, San Francisco, CA 94016",December
296978,Google Phone,1,600.0,2019-12-21 13:10:00,"410 Jackson St, Los Angeles, CA 90001",December
298914,Google Phone,1,600.0,2019-12-26 11:57:00,"713 Jackson St, Boston, MA 02215",December
309322,Google Phone,1,600.0,2019-12-30 18:40:00,"973 8th St, Dallas, TX 75001",December
310690,Google Phone,1,600.0,2019-12-01 13:40:00,"558 Meadow St, Atlanta, GA 30301",December
305136,Google Phone,1,600.0,2019-12-14 12:24:00,"785 Jackson St, Austin, TX 73301",December
308798,Google Phone,1,600.0,2019-12-21 16:18:00,"496 6th St, Dallas, TX 75001",December
317940,Google Phone,1,600.0,2019-12-23 16:48:00,"446 Spruce St, Boston, MA 02215",December
319649,Google Phone,1,600.0,2019-12-23 18:46:00,"24 Wilson St, San Francisco, CA 94016",December
297202,Google Phone,1,600.0,2019-12-18 08:36:00,"497 River St, Portland, ME 04101",December
297452,Google Phone,1,600.0,2019-12-29 20:46:00,"451 Highland St, New York City, NY 10001",December
315119,Google Phone,1,600.0,2019-12-17 23:52:00,"179 2nd St, Boston, MA 02215",December
319632,Google Phone,1,600.0,2019-12-29 17:25:00,"59 Cherry St, Boston, MA 02215",December
317234,Google Phone,1,600.0,2019-12-22 22:24:00,"21 Park St, San Francisco, CA 94016",December
318991,Google Phone,1,600.0,2019-12-23 07:17:00,"505 10th St, San Francisco, CA 94016",December
297965,Google Phone,1,600.0,2019-12-10 18:34:00,"791 Meadow St, Los Angeles, CA 90001",December
302706,Google Phone,1,600.0,2019-12-09 12:42:00,"933 Hill St, Austin, TX 73301",December
303228,Google Phone,1,600.0,2019-12-29 14:56:00,"709 Main St, New York City, NY 10001",December
308608,Google Phone,1,600.0,2019-12-13 12:58:00,"284 Cedar St, Dallas, TX 75001",December
317350,Google Phone,1,600.0,2019-12-22 22:29:00,"396 Dogwood St, Boston, MA 02215",December
318567,Google Phone,1,600.0,2019-12-05 01:32:00,"564 Adams St, Los Angeles, CA 90001",December
310672,Google Phone,1,600.0,2019-12-22 11:30:00,"185 Jefferson St, Portland, ME 04101",December
314779,Google Phone,1,600.0,2019-12-29 12:12:00,"287 9th St, Portland, OR 97035",December
301971,Google Phone,1,600.0,2019-12-22 17:56:00,"61 6th St, New York City, NY 10001",December
305070,Google Phone,1,600.0,2019-12-26 00:24:00,"542 Wilson St, Portland, OR 97035",December
306297,Google Phone,1,600.0,2019-12-01 12:18:00,"791 14th St, Los Angeles, CA 90001",December
318636,Google Phone,1,600.0,2019-12-24 11:56:00,"156 Madison St, Los Angeles, CA 90001",December
299365,Google Phone,1,600.0,2019-12-22 22:33:00,"814 Walnut St, Austin, TX 73301",December
312867,Google Phone,2,600.0,2019-12-29 12:52:00,"305 Hill St, Los Angeles, CA 90001",December
318550,Google Phone,1,600.0,2019-12-04 19:47:00,"572 Washington St, Portland, OR 97035",December
318769,Google Phone,1,600.0,2019-12-25 13:01:00,"689 Ridge St, San Francisco, CA 94016",December
295873,Google Phone,1,600.0,2019-12-17 11:50:00,"919 Chestnut St, New York City, NY 10001",December
306709,Google Phone,1,600.0,2019-12-08 17:41:00,"186 Forest St, Austin, TX 73301",December
313470,Google Phone,1,600.0,2019-12-26 16:30:00,"718 Willow St, San Francisco, CA 94016",December
