logger=settings t=2026-08-06T12:48:52.6455306+03:00 level=info msg="Starting Grafana" version=13.1.2 commit=7f247b37a4e51a1ed33904ec63ac6c6087bf7f48 branch=HEAD compiled=2026-08-04T13:18:20+03:00
logger=settings t=2026-08-06T12:48:52.6476498+03:00 level=info msg="Unified migration configs enforced" storage_type=unified target=[all]
logger=settings t=2026-08-06T12:48:52.6476498+03:00 level=info msg="Enforcing mode 5 for resource in unified storage" resource=playlists.playlist.grafana.app
logger=settings t=2026-08-06T12:48:52.6476498+03:00 level=info msg="Enforcing mode 5 for resource in unified storage" resource=folders.folder.grafana.app
logger=settings t=2026-08-06T12:48:52.6476498+03:00 level=info msg="Enforcing mode 5 for resource in unified storage" resource=dashboards.dashboard.grafana.app
logger=settings t=2026-08-06T12:48:52.6476498+03:00 level=info msg="Config loaded from" file=C:\Users\n.osipov\monitoring\grafana/conf/defaults.ini
logger=settings t=2026-08-06T12:48:52.6476498+03:00 level=info msg=Target target=[all]
logger=settings t=2026-08-06T12:48:52.6476498+03:00 level=info msg="Path Home" path=C:\Users\n.osipov\monitoring\grafana
logger=settings t=2026-08-06T12:48:52.6486329+03:00 level=info msg="Path Data" path=C:\Users\n.osipov\monitoring\grafana\data
logger=settings t=2026-08-06T12:48:52.648649+03:00 level=info msg="Path Logs" path=C:\Users\n.osipov\monitoring\grafana\data\log
logger=settings t=2026-08-06T12:48:52.648649+03:00 level=info msg="Path Plugins" path="[C:\\Users\\n.osipov\\monitoring\\grafana\\data\\plugins C:\\Users\\n.osipov\\monitoring\\grafana\\data\\plugins-bundled]"
logger=settings t=2026-08-06T12:48:52.648649+03:00 level=info msg="Path Provisioning" path=C:\Users\n.osipov\monitoring\grafana\conf\provisioning
logger=settings t=2026-08-06T12:48:52.648649+03:00 level=info msg="App mode production"
logger=configprovider t=2026-08-06T12:48:52.648649+03:00 level=info msg="Using default config provider"
logger=featuremgmt t=2026-08-06T12:48:52.648649+03:00 level=info msg=FeatureToggles alertRuleRestore=true alertingBulkActionsInUI=true alertingImportYAMLUI=true alertingListViewV2=true alertingMigrationUI=true alertingMultiplePolicies=true alertingNavigationV2=true alertingNotificationsStepMode=true alertingQueryAndExpressionsStepMode=true alertingRulePermanentlyDelete=true alertingRuleRecoverDeleted=true alertingRuleVersionHistoryRestore=true alertingSaveStateCompressed=true alertingUIOptimizeReducer=true alertingUIUseBackendFilters=true alertingUIUseFullyCompatBackendFilters=true alertingUseNewSimplifiedRoutingHashAlgorithm=true annotationPermissionUpdate=true annotationsClustering=true awsAsyncQueryCaching=true awsDatasourcesTempCredentials=true azureMonitorEnableUserAuth=true azureMonitorPrometheusExemplars=true azureResourcePickerUpdates=true clearPreviousFieldValues=true cloudWatchCrossAccountQuerying=true cloudWatchNewLabelParsing=true cloudWatchRoundUpEndTime=true dashboardDefaultLayoutSelector=true dashboardNewLayouts=true dashboardSectionVariables=true dashboardUnifiedDrilldownControls=true enableSCIM=true feedbackButton=true grafana.scenesFlickeringFix=true grafanaAdvisor=true grafanaAssistantInProfilesDrilldown=true heatmapRowsAxisOptions=true improvedExternalSessionHandling=true improvedExternalSessionHandlingSAML=true influxdbBackendMigration=true kubernetesShortURLs=true lokiLabelNamesQueryApi=true lokiQuerySplitting=true multiPropsVariables=true newClickhouseConfigPageDesign=true newLogContext=true newLogsPanel=true newUnconfiguredPanel=true onlyStoreActionSets=true panelStyleActions=true profilesExemplars=true prometheusAzureOverrideAudience=true prometheusTypeMigration=true provisioning=true provisioning.readmes=true provisioningFolderMetadata=true pyroscopeUTF8LabelNames=true react19=true rememberUserOrgForSso=true renderAuthJWT=true restrictedPluginApis=true sqlExpressions=true teamFolders=true useKubernetesShortURLsAPI=true useMultipleScopeNodesEndpoint=true useScopeSingleNodeEndpoint=true useSessionStorageForRedirection=true vizLegendFacetedFilter=true vizPresets=true
logger=sqlstore t=2026-08-06T12:48:52.6496697+03:00 level=info msg="Connecting to DB" dbtype=sqlite3
logger=sqlstore t=2026-08-06T12:48:52.6496697+03:00 level=info msg="Using SQLite driver" driver=modernc.org/sqlite
logger=sqlstore t=2026-08-06T12:48:52.6496697+03:00 level=info msg="Creating SQLite database file" path=C:\Users\n.osipov\monitoring\grafana\data\grafana.db
logger=migrator t=2026-08-06T12:48:52.6516484+03:00 level=info msg="Locking database"
logger=migrator t=2026-08-06T12:48:52.6516484+03:00 level=info msg="Starting DB migrations"
logger=migrator t=2026-08-06T12:48:52.6526483+03:00 level=info msg="Executing migration" id="create migration_log table"
logger=migrator t=2026-08-06T12:48:52.6536483+03:00 level=info msg="Migration successfully executed" id="create migration_log table" duration=1ms
logger=migrator t=2026-08-06T12:48:52.6623599+03:00 level=info msg="Executing migration" id="create user table"
logger=migrator t=2026-08-06T12:48:52.6632491+03:00 level=info msg="Migration successfully executed" id="create user table" duration=889.2µs
logger=migrator t=2026-08-06T12:48:52.6701343+03:00 level=info msg="Executing migration" id="add unique index user.login"
logger=migrator t=2026-08-06T12:48:52.670925+03:00 level=info msg="Migration successfully executed" id="add unique index user.login" duration=790.7µs
logger=migrator t=2026-08-06T12:48:52.6768237+03:00 level=info msg="Executing migration" id="add unique index user.email"
logger=migrator t=2026-08-06T12:48:52.6779005+03:00 level=info msg="Migration successfully executed" id="add unique index user.email" duration=1.0768ms
logger=migrator t=2026-08-06T12:48:52.6833639+03:00 level=info msg="Executing migration" id="drop index UQE_user_login - v1"
logger=migrator t=2026-08-06T12:48:52.6845429+03:00 level=info msg="Migration successfully executed" id="drop index UQE_user_login - v1" duration=1.179ms
logger=migrator t=2026-08-06T12:48:52.6898353+03:00 level=info msg="Executing migration" id="drop index UQE_user_email - v1"
logger=migrator t=2026-08-06T12:48:52.6903819+03:00 level=info msg="Migration successfully executed" id="drop index UQE_user_email - v1" duration=546.6µs
logger=migrator t=2026-08-06T12:48:52.6961666+03:00 level=info msg="Executing migration" id="Rename table user to user_v1 - v1"
logger=migrator t=2026-08-06T12:48:52.6972818+03:00 level=info msg="Migration successfully executed" id="Rename table user to user_v1 - v1" duration=1.1152ms
logger=migrator t=2026-08-06T12:48:52.7027798+03:00 level=info msg="Executing migration" id="create user table v2"
logger=migrator t=2026-08-06T12:48:52.7027798+03:00 level=info msg="Migration successfully executed" id="create user table v2" duration=0s
logger=migrator t=2026-08-06T12:48:52.7109537+03:00 level=info msg="Executing migration" id="create index UQE_user_login - v2"
logger=migrator t=2026-08-06T12:48:52.7119528+03:00 level=info msg="Migration successfully executed" id="create index UQE_user_login - v2" duration=999.1µs
logger=migrator t=2026-08-06T12:48:52.7202626+03:00 level=info msg="Executing migration" id="create index UQE_user_email - v2"
logger=migrator t=2026-08-06T12:48:52.7218372+03:00 level=info msg="Migration successfully executed" id="create index UQE_user_email - v2" duration=1.5746ms
logger=migrator t=2026-08-06T12:48:52.7311206+03:00 level=info msg="Executing migration" id="copy data_source v1 to v2"
logger=migrator t=2026-08-06T12:48:52.7317006+03:00 level=info msg="Migration successfully executed" id="copy data_source v1 to v2" duration=580µs
logger=migrator t=2026-08-06T12:48:52.7419634+03:00 level=info msg="Executing migration" id="Drop old table user_v1"
logger=migrator t=2026-08-06T12:48:52.7435525+03:00 level=info msg="Migration successfully executed" id="Drop old table user_v1" duration=1.5891ms
logger=migrator t=2026-08-06T12:48:52.7517638+03:00 level=info msg="Executing migration" id="Add column help_flags1 to user table"
logger=migrator t=2026-08-06T12:48:52.7528207+03:00 level=info msg="Migration successfully executed" id="Add column help_flags1 to user table" duration=1.0569ms
logger=migrator t=2026-08-06T12:48:52.7650421+03:00 level=info msg="Executing migration" id="Update user table charset"
logger=migrator t=2026-08-06T12:48:52.7650421+03:00 level=info msg="Migration successfully executed" id="Update user table charset" duration=0s
logger=migrator t=2026-08-06T12:48:52.7723901+03:00 level=info msg="Executing migration" id="Add last_seen_at column to user"
logger=migrator t=2026-08-06T12:48:52.7734545+03:00 level=info msg="Migration successfully executed" id="Add last_seen_at column to user" duration=1.0644ms
logger=migrator t=2026-08-06T12:48:52.7792285+03:00 level=info msg="Executing migration" id="Add missing user data"
logger=migrator t=2026-08-06T12:48:52.7792285+03:00 level=info msg="Migration successfully executed" id="Add missing user data" duration=0s
logger=migrator t=2026-08-06T12:48:52.7852136+03:00 level=info msg="Executing migration" id="Add is_disabled column to user"
logger=migrator t=2026-08-06T12:48:52.7865257+03:00 level=info msg="Migration successfully executed" id="Add is_disabled column to user" duration=1.3121ms
logger=migrator t=2026-08-06T12:48:52.7923705+03:00 level=info msg="Executing migration" id="Add index user.login/user.email"
logger=migrator t=2026-08-06T12:48:52.7933797+03:00 level=info msg="Migration successfully executed" id="Add index user.login/user.email" duration=1.0092ms
logger=migrator t=2026-08-06T12:48:52.7995673+03:00 level=info msg="Executing migration" id="Add is_service_account column to user"
logger=migrator t=2026-08-06T12:48:52.8005679+03:00 level=info msg="Migration successfully executed" id="Add is_service_account column to user" duration=1.0006ms
logger=migrator t=2026-08-06T12:48:52.8065679+03:00 level=info msg="Executing migration" id="Update is_service_account column to nullable"
logger=migrator t=2026-08-06T12:48:52.8085688+03:00 level=info msg="Migration successfully executed" id="Update is_service_account column to nullable" duration=2.0009ms
logger=migrator t=2026-08-06T12:48:52.8138998+03:00 level=info msg="Executing migration" id="Add uid column to user"
logger=migrator t=2026-08-06T12:48:52.8154161+03:00 level=info msg="Migration successfully executed" id="Add uid column to user" duration=1.5163ms
logger=migrator t=2026-08-06T12:48:52.8210387+03:00 level=info msg="Executing migration" id="Update uid column values for users"
logger=migrator t=2026-08-06T12:48:52.8215513+03:00 level=info msg="Migration successfully executed" id="Update uid column values for users" duration=512.6µs
logger=migrator t=2026-08-06T12:48:52.827363+03:00 level=info msg="Executing migration" id="Make sure users uid are set"
logger=migrator t=2026-08-06T12:48:52.827363+03:00 level=info msg="Migration successfully executed" id="Make sure users uid are set" duration=0s
logger=migrator t=2026-08-06T12:48:52.8366362+03:00 level=info msg="Executing migration" id="Add unique index user_uid"
logger=migrator t=2026-08-06T12:48:52.8376771+03:00 level=info msg="Migration successfully executed" id="Add unique index user_uid" duration=1.0409ms
logger=migrator t=2026-08-06T12:48:52.8435368+03:00 level=info msg="Executing migration" id="Add is_provisioned column to user"
logger=migrator t=2026-08-06T12:48:52.8445822+03:00 level=info msg="Migration successfully executed" id="Add is_provisioned column to user" duration=1.0454ms
logger=migrator t=2026-08-06T12:48:52.850001+03:00 level=info msg="Executing migration" id="update login field with orgid to allow for multiple service accounts with same name across orgs"
logger=migrator t=2026-08-06T12:48:52.8500502+03:00 level=info msg="Migration successfully executed" id="update login field with orgid to allow for multiple service accounts with same name across orgs" duration=49.2µs
logger=migrator t=2026-08-06T12:48:52.8558442+03:00 level=info msg="Executing migration" id="update service accounts login field orgid to appear only once"
logger=migrator t=2026-08-06T12:48:52.8558442+03:00 level=info msg="Migration successfully executed" id="update service accounts login field orgid to appear only once" duration=0s
logger=migrator t=2026-08-06T12:48:52.861778+03:00 level=info msg="Executing migration" id="update login and email fields to lowercase"
logger=migrator t=2026-08-06T12:48:52.8623842+03:00 level=info msg="Migration successfully executed" id="update login and email fields to lowercase" duration=606.2µs
logger=migrator t=2026-08-06T12:48:52.8680585+03:00 level=info msg="Executing migration" id="update login and email fields to lowercase2"
logger=migrator t=2026-08-06T12:48:52.8685982+03:00 level=info msg="Migration successfully executed" id="update login and email fields to lowercase2" duration=539.7µs
logger=migrator t=2026-08-06T12:48:52.873684+03:00 level=info msg="Executing migration" id="Add index on user.is_service_account and user.last_seen_at"
logger=migrator t=2026-08-06T12:48:52.8746569+03:00 level=info msg="Migration successfully executed" id="Add index on user.is_service_account and user.last_seen_at" duration=972.9µs
logger=migrator t=2026-08-06T12:48:52.8805654+03:00 level=info msg="Executing migration" id="Expand user.uid length to 190"
logger=migrator t=2026-08-06T12:48:52.8805654+03:00 level=info msg="Migration successfully executed" id="Expand user.uid length to 190" duration=0s
logger=migrator t=2026-08-06T12:48:52.8865076+03:00 level=info msg="Executing migration" id="Prefix SCIM uid for provisioned users"
logger=migrator t=2026-08-06T12:48:52.8870243+03:00 level=info msg="Migration successfully executed" id="Prefix SCIM uid for provisioned users" duration=516.7µs
logger=migrator t=2026-08-06T12:48:52.8924123+03:00 level=info msg="Executing migration" id="create temp user table v1-7"
logger=migrator t=2026-08-06T12:48:52.8934693+03:00 level=info msg="Migration successfully executed" id="create temp user table v1-7" duration=1.057ms
logger=migrator t=2026-08-06T12:48:52.8988183+03:00 level=info msg="Executing migration" id="create index IDX_temp_user_email - v1-7"
logger=migrator t=2026-08-06T12:48:52.8998486+03:00 level=info msg="Migration successfully executed" id="create index IDX_temp_user_email - v1-7" duration=1.0303ms
logger=migrator t=2026-08-06T12:48:52.9051936+03:00 level=info msg="Executing migration" id="create index IDX_temp_user_org_id - v1-7"
logger=migrator t=2026-08-06T12:48:52.9057444+03:00 level=info msg="Migration successfully executed" id="create index IDX_temp_user_org_id - v1-7" duration=550.8µs
logger=migrator t=2026-08-06T12:48:52.911329+03:00 level=info msg="Executing migration" id="create index IDX_temp_user_code - v1-7"
logger=migrator t=2026-08-06T12:48:52.9124213+03:00 level=info msg="Migration successfully executed" id="create index IDX_temp_user_code - v1-7" duration=1.0923ms
logger=migrator t=2026-08-06T12:48:52.9183072+03:00 level=info msg="Executing migration" id="create index IDX_temp_user_status - v1-7"
logger=migrator t=2026-08-06T12:48:52.919331+03:00 level=info msg="Migration successfully executed" id="create index IDX_temp_user_status - v1-7" duration=1.0238ms
logger=migrator t=2026-08-06T12:48:52.9252895+03:00 level=info msg="Executing migration" id="Update temp_user table charset"
logger=migrator t=2026-08-06T12:48:52.9258866+03:00 level=info msg="Migration successfully executed" id="Update temp_user table charset" duration=597.1µs
logger=migrator t=2026-08-06T12:48:52.9317937+03:00 level=info msg="Executing migration" id="drop index IDX_temp_user_email - v1"
logger=migrator t=2026-08-06T12:48:52.9329075+03:00 level=info msg="Migration successfully executed" id="drop index IDX_temp_user_email - v1" duration=1.1138ms
logger=migrator t=2026-08-06T12:48:52.9385593+03:00 level=info msg="Executing migration" id="drop index IDX_temp_user_org_id - v1"
logger=migrator t=2026-08-06T12:48:52.9395578+03:00 level=info msg="Migration successfully executed" id="drop index IDX_temp_user_org_id - v1" duration=998.5µs
logger=migrator t=2026-08-06T12:48:52.9455577+03:00 level=info msg="Executing migration" id="drop index IDX_temp_user_code - v1"
logger=migrator t=2026-08-06T12:48:52.9465583+03:00 level=info msg="Migration successfully executed" id="drop index IDX_temp_user_code - v1" duration=1.0006ms
logger=migrator t=2026-08-06T12:48:52.952556+03:00 level=info msg="Executing migration" id="drop index IDX_temp_user_status - v1"
logger=migrator t=2026-08-06T12:48:52.9535572+03:00 level=info msg="Migration successfully executed" id="drop index IDX_temp_user_status - v1" duration=1.0012ms
logger=migrator t=2026-08-06T12:48:52.960556+03:00 level=info msg="Executing migration" id="Rename table temp_user to temp_user_tmp_qwerty - v1"
logger=migrator t=2026-08-06T12:48:52.9615592+03:00 level=info msg="Migration successfully executed" id="Rename table temp_user to temp_user_tmp_qwerty - v1" duration=1.0032ms
logger=migrator t=2026-08-06T12:48:52.9665564+03:00 level=info msg="Executing migration" id="create temp_user v2"
logger=migrator t=2026-08-06T12:48:52.9675568+03:00 level=info msg="Migration successfully executed" id="create temp_user v2" duration=1.0004ms
logger=migrator t=2026-08-06T12:48:52.9735569+03:00 level=info msg="Executing migration" id="create index IDX_temp_user_email - v2"
logger=migrator t=2026-08-06T12:48:52.9745582+03:00 level=info msg="Migration successfully executed" id="create index IDX_temp_user_email - v2" duration=1.0013ms
logger=migrator t=2026-08-06T12:48:52.9815637+03:00 level=info msg="Executing migration" id="create index IDX_temp_user_org_id - v2"
logger=migrator t=2026-08-06T12:48:52.9821044+03:00 level=info msg="Migration successfully executed" id="create index IDX_temp_user_org_id - v2" duration=540.7µs
logger=migrator t=2026-08-06T12:48:52.9887737+03:00 level=info msg="Executing migration" id="create index IDX_temp_user_code - v2"
logger=migrator t=2026-08-06T12:48:52.9898477+03:00 level=info msg="Migration successfully executed" id="create index IDX_temp_user_code - v2" duration=1.074ms
logger=migrator t=2026-08-06T12:48:52.9957784+03:00 level=info msg="Executing migration" id="create index IDX_temp_user_status - v2"
logger=migrator t=2026-08-06T12:48:52.9968233+03:00 level=info msg="Migration successfully executed" id="create index IDX_temp_user_status - v2" duration=1.0449ms
logger=migrator t=2026-08-06T12:48:53.0037237+03:00 level=info msg="Executing migration" id="copy temp_user v1 to v2"
logger=migrator t=2026-08-06T12:48:53.0053221+03:00 level=info msg="Migration successfully executed" id="copy temp_user v1 to v2" duration=1.5984ms
logger=migrator t=2026-08-06T12:48:53.0107621+03:00 level=info msg="Executing migration" id="drop temp_user_tmp_qwerty"
logger=migrator t=2026-08-06T12:48:53.0113134+03:00 level=info msg="Migration successfully executed" id="drop temp_user_tmp_qwerty" duration=551.3µs
logger=migrator t=2026-08-06T12:48:53.0177645+03:00 level=info msg="Executing migration" id="Set created for temp users that will otherwise prematurely expire"
logger=migrator t=2026-08-06T12:48:53.0177645+03:00 level=info msg="Migration successfully executed" id="Set created for temp users that will otherwise prematurely expire" duration=0s
logger=migrator t=2026-08-06T12:48:53.024283+03:00 level=info msg="Executing migration" id="create star table"
logger=migrator t=2026-08-06T12:48:53.025346+03:00 level=info msg="Migration successfully executed" id="create star table" duration=1.063ms
logger=migrator t=2026-08-06T12:48:53.0302243+03:00 level=info msg="Executing migration" id="add unique index star.user_id_dashboard_id"
logger=migrator t=2026-08-06T12:48:53.0308143+03:00 level=info msg="Migration successfully executed" id="add unique index star.user_id_dashboard_id" duration=590µs
logger=migrator t=2026-08-06T12:48:53.0376498+03:00 level=info msg="Executing migration" id="Add column dashboard_uid in star"
logger=migrator t=2026-08-06T12:48:53.0386508+03:00 level=info msg="Migration successfully executed" id="Add column dashboard_uid in star" duration=1.001ms
logger=migrator t=2026-08-06T12:48:53.0436517+03:00 level=info msg="Executing migration" id="Add column org_id in star"
logger=migrator t=2026-08-06T12:48:53.0436517+03:00 level=info msg="Migration successfully executed" id="Add column org_id in star" duration=0s
logger=migrator t=2026-08-06T12:48:53.0486502+03:00 level=info msg="Executing migration" id="Add column updated in star"
logger=migrator t=2026-08-06T12:48:53.0506517+03:00 level=info msg="Migration successfully executed" id="Add column updated in star" duration=2.0015ms
logger=migrator t=2026-08-06T12:48:53.0566541+03:00 level=info msg="Executing migration" id="add index in star table on dashboard_uid, org_id and user_id columns"
logger=migrator t=2026-08-06T12:48:53.0576518+03:00 level=info msg="Migration successfully executed" id="add index in star table on dashboard_uid, org_id and user_id columns" duration=997.7µs
logger=migrator t=2026-08-06T12:48:53.0626502+03:00 level=info msg="Executing migration" id="create org table v1"
logger=migrator t=2026-08-06T12:48:53.0636511+03:00 level=info msg="Migration successfully executed" id="create org table v1" duration=1.0009ms
logger=migrator t=2026-08-06T12:48:53.0696505+03:00 level=info msg="Executing migration" id="create index UQE_org_name - v1"
logger=migrator t=2026-08-06T12:48:53.0696505+03:00 level=info msg="Migration successfully executed" id="create index UQE_org_name - v1" duration=0s
logger=migrator t=2026-08-06T12:48:53.07565+03:00 level=info msg="Executing migration" id="create org_user table v1"
logger=migrator t=2026-08-06T12:48:53.07565+03:00 level=info msg="Migration successfully executed" id="create org_user table v1" duration=0s
logger=migrator t=2026-08-06T12:48:53.0816506+03:00 level=info msg="Executing migration" id="create index IDX_org_user_org_id - v1"
logger=migrator t=2026-08-06T12:48:53.0826537+03:00 level=info msg="Migration successfully executed" id="create index IDX_org_user_org_id - v1" duration=1.0031ms
logger=migrator t=2026-08-06T12:48:53.0886506+03:00 level=info msg="Executing migration" id="create index UQE_org_user_org_id_user_id - v1"
logger=migrator t=2026-08-06T12:48:53.0896523+03:00 level=info msg="Migration successfully executed" id="create index UQE_org_user_org_id_user_id - v1" duration=1.0017ms
logger=migrator t=2026-08-06T12:48:53.0966512+03:00 level=info msg="Executing migration" id="create index IDX_org_user_user_id - v1"
logger=migrator t=2026-08-06T12:48:53.0977084+03:00 level=info msg="Migration successfully executed" id="create index IDX_org_user_user_id - v1" duration=1.0572ms
logger=migrator t=2026-08-06T12:48:53.1032324+03:00 level=info msg="Executing migration" id="Update org table charset"
logger=migrator t=2026-08-06T12:48:53.1032324+03:00 level=info msg="Migration successfully executed" id="Update org table charset" duration=0s
logger=migrator t=2026-08-06T12:48:53.1091079+03:00 level=info msg="Executing migration" id="Update org_user table charset"
logger=migrator t=2026-08-06T12:48:53.1091868+03:00 level=info msg="Migration successfully executed" id="Update org_user table charset" duration=78.9µs
logger=migrator t=2026-08-06T12:48:53.1145673+03:00 level=info msg="Executing migration" id="Migrate all Read Only Viewers to Viewers"
logger=migrator t=2026-08-06T12:48:53.1145673+03:00 level=info msg="Migration successfully executed" id="Migrate all Read Only Viewers to Viewers" duration=0s
logger=migrator t=2026-08-06T12:48:53.120308+03:00 level=info msg="Executing migration" id="create dashboard table"
logger=migrator t=2026-08-06T12:48:53.1214157+03:00 level=info msg="Migration successfully executed" id="create dashboard table" duration=1.1077ms
logger=migrator t=2026-08-06T12:48:53.1308687+03:00 level=info msg="Executing migration" id="add index dashboard.account_id"
logger=migrator t=2026-08-06T12:48:53.13187+03:00 level=info msg="Migration successfully executed" id="add index dashboard.account_id" duration=1.0013ms
logger=migrator t=2026-08-06T12:48:53.1448694+03:00 level=info msg="Executing migration" id="add unique index dashboard_account_id_slug"
logger=migrator t=2026-08-06T12:48:53.1458701+03:00 level=info msg="Migration successfully executed" id="add unique index dashboard_account_id_slug" duration=1.0007ms
logger=migrator t=2026-08-06T12:48:53.1548691+03:00 level=info msg="Executing migration" id="create dashboard_tag table"
logger=migrator t=2026-08-06T12:48:53.1558708+03:00 level=info msg="Migration successfully executed" id="create dashboard_tag table" duration=1.0017ms
logger=migrator t=2026-08-06T12:48:53.1608689+03:00 level=info msg="Executing migration" id="add unique index dashboard_tag.dasboard_id_term"
logger=migrator t=2026-08-06T12:48:53.1628701+03:00 level=info msg="Migration successfully executed" id="add unique index dashboard_tag.dasboard_id_term" duration=2.0012ms
logger=migrator t=2026-08-06T12:48:53.1688693+03:00 level=info msg="Executing migration" id="drop index UQE_dashboard_tag_dashboard_id_term - v1"
logger=migrator t=2026-08-06T12:48:53.1698698+03:00 level=info msg="Migration successfully executed" id="drop index UQE_dashboard_tag_dashboard_id_term - v1" duration=1.0005ms
logger=migrator t=2026-08-06T12:48:53.1758701+03:00 level=info msg="Executing migration" id="Rename table dashboard to dashboard_v1 - v1"
logger=migrator t=2026-08-06T12:48:53.1768705+03:00 level=info msg="Migration successfully executed" id="Rename table dashboard to dashboard_v1 - v1" duration=1.0004ms
logger=migrator t=2026-08-06T12:48:53.1828694+03:00 level=info msg="Executing migration" id="create dashboard v2"
logger=migrator t=2026-08-06T12:48:53.18387+03:00 level=info msg="Migration successfully executed" id="create dashboard v2" duration=1.0006ms
logger=migrator t=2026-08-06T12:48:53.1888696+03:00 level=info msg="Executing migration" id="create index IDX_dashboard_org_id - v2"
logger=migrator t=2026-08-06T12:48:53.1898712+03:00 level=info msg="Migration successfully executed" id="create index IDX_dashboard_org_id - v2" duration=1.0016ms
logger=migrator t=2026-08-06T12:48:53.1958687+03:00 level=info msg="Executing migration" id="create index UQE_dashboard_org_id_slug - v2"
logger=migrator t=2026-08-06T12:48:53.1968692+03:00 level=info msg="Migration successfully executed" id="create index UQE_dashboard_org_id_slug - v2" duration=1.0005ms
logger=migrator t=2026-08-06T12:48:53.2018689+03:00 level=info msg="Executing migration" id="copy dashboard v1 to v2"
logger=migrator t=2026-08-06T12:48:53.2028702+03:00 level=info msg="Migration successfully executed" id="copy dashboard v1 to v2" duration=1.0013ms
logger=migrator t=2026-08-06T12:48:53.2078699+03:00 level=info msg="Executing migration" id="drop table dashboard_v1"
logger=migrator t=2026-08-06T12:48:53.2078699+03:00 level=info msg="Migration successfully executed" id="drop table dashboard_v1" duration=0s
logger=migrator t=2026-08-06T12:48:53.2148686+03:00 level=info msg="Executing migration" id="alter dashboard.data to mediumtext v1"
logger=migrator t=2026-08-06T12:48:53.2148686+03:00 level=info msg="Migration successfully executed" id="alter dashboard.data to mediumtext v1" duration=0s
logger=migrator t=2026-08-06T12:48:53.2208706+03:00 level=info msg="Executing migration" id="Add column updated_by in dashboard - v2"
logger=migrator t=2026-08-06T12:48:53.2218705+03:00 level=info msg="Migration successfully executed" id="Add column updated_by in dashboard - v2" duration=999.9µs
logger=migrator t=2026-08-06T12:48:53.2268693+03:00 level=info msg="Executing migration" id="Add column created_by in dashboard - v2"
logger=migrator t=2026-08-06T12:48:53.2288704+03:00 level=info msg="Migration successfully executed" id="Add column created_by in dashboard - v2" duration=2.0011ms
logger=migrator t=2026-08-06T12:48:53.233868+03:00 level=info msg="Executing migration" id="Add column gnetId in dashboard"
logger=migrator t=2026-08-06T12:48:53.234926+03:00 level=info msg="Migration successfully executed" id="Add column gnetId in dashboard" duration=1.058ms
logger=migrator t=2026-08-06T12:48:53.2402898+03:00 level=info msg="Executing migration" id="Add index for gnetId in dashboard"
logger=migrator t=2026-08-06T12:48:53.2413656+03:00 level=info msg="Migration successfully executed" id="Add index for gnetId in dashboard" duration=1.0758ms
logger=migrator t=2026-08-06T12:48:53.2473049+03:00 level=info msg="Executing migration" id="Add column plugin_id in dashboard"
logger=migrator t=2026-08-06T12:48:53.2484283+03:00 level=info msg="Migration successfully executed" id="Add column plugin_id in dashboard" duration=1.1234ms
logger=migrator t=2026-08-06T12:48:53.2548662+03:00 level=info msg="Executing migration" id="Add index for plugin_id in dashboard"
logger=migrator t=2026-08-06T12:48:53.2559322+03:00 level=info msg="Migration successfully executed" id="Add index for plugin_id in dashboard" duration=1.066ms
logger=migrator t=2026-08-06T12:48:53.2618351+03:00 level=info msg="Executing migration" id="Add index for dashboard_id in dashboard_tag"
logger=migrator t=2026-08-06T12:48:53.2629769+03:00 level=info msg="Migration successfully executed" id="Add index for dashboard_id in dashboard_tag" duration=1.1418ms
logger=migrator t=2026-08-06T12:48:53.2685367+03:00 level=info msg="Executing migration" id="Update dashboard table charset"
logger=migrator t=2026-08-06T12:48:53.2685367+03:00 level=info msg="Migration successfully executed" id="Update dashboard table charset" duration=0s
logger=migrator t=2026-08-06T12:48:53.2735359+03:00 level=info msg="Executing migration" id="Update dashboard_tag table charset"
logger=migrator t=2026-08-06T12:48:53.2745361+03:00 level=info msg="Migration successfully executed" id="Update dashboard_tag table charset" duration=0s
logger=migrator t=2026-08-06T12:48:53.2800496+03:00 level=info msg="Executing migration" id="Add column folder_id in dashboard"
logger=migrator t=2026-08-06T12:48:53.2810504+03:00 level=info msg="Migration successfully executed" id="Add column folder_id in dashboard" duration=1.0008ms
logger=migrator t=2026-08-06T12:48:53.2870488+03:00 level=info msg="Executing migration" id="Add column isFolder in dashboard"
logger=migrator t=2026-08-06T12:48:53.2880505+03:00 level=info msg="Migration successfully executed" id="Add column isFolder in dashboard" duration=1.0017ms
logger=migrator t=2026-08-06T12:48:53.294049+03:00 level=info msg="Executing migration" id="Add column has_acl in dashboard"
logger=migrator t=2026-08-06T12:48:53.2950497+03:00 level=info msg="Migration successfully executed" id="Add column has_acl in dashboard" duration=1.0007ms
logger=migrator t=2026-08-06T12:48:53.3000497+03:00 level=info msg="Executing migration" id="Add column uid in dashboard"
logger=migrator t=2026-08-06T12:48:53.3010497+03:00 level=info msg="Migration successfully executed" id="Add column uid in dashboard" duration=1ms
logger=migrator t=2026-08-06T12:48:53.3070501+03:00 level=info msg="Executing migration" id="Update uid column values in dashboard"
logger=migrator t=2026-08-06T12:48:53.3070501+03:00 level=info msg="Migration successfully executed" id="Update uid column values in dashboard" duration=0s
logger=migrator t=2026-08-06T12:48:53.3130489+03:00 level=info msg="Executing migration" id="Add unique index dashboard_org_id_uid"
logger=migrator t=2026-08-06T12:48:53.314049+03:00 level=info msg="Migration successfully executed" id="Add unique index dashboard_org_id_uid" duration=1.0001ms
logger=migrator t=2026-08-06T12:48:53.3369231+03:00 level=info msg="Executing migration" id="Remove unique index org_id_slug"
logger=migrator t=2026-08-06T12:48:53.3379675+03:00 level=info msg="Migration successfully executed" id="Remove unique index org_id_slug" duration=1.0444ms
logger=migrator t=2026-08-06T12:48:53.3436835+03:00 level=info msg="Executing migration" id="Update dashboard title length"
logger=migrator t=2026-08-06T12:48:53.3436835+03:00 level=info msg="Migration successfully executed" id="Update dashboard title length" duration=0s
logger=migrator t=2026-08-06T12:48:53.3497083+03:00 level=info msg="Executing migration" id="Add unique index for dashboard_org_id_title_folder_id"
logger=migrator t=2026-08-06T12:48:53.3508702+03:00 level=info msg="Migration successfully executed" id="Add unique index for dashboard_org_id_title_folder_id" duration=1.1619ms
logger=migrator t=2026-08-06T12:48:53.3559973+03:00 level=info msg="Executing migration" id="create dashboard_provisioning"
logger=migrator t=2026-08-06T12:48:53.3570936+03:00 level=info msg="Migration successfully executed" id="create dashboard_provisioning" duration=1.0963ms
logger=migrator t=2026-08-06T12:48:53.3627694+03:00 level=info msg="Executing migration" id="Rename table dashboard_provisioning to dashboard_provisioning_tmp_qwerty - v1"
logger=migrator t=2026-08-06T12:48:53.3644236+03:00 level=info msg="Migration successfully executed" id="Rename table dashboard_provisioning to dashboard_provisioning_tmp_qwerty - v1" duration=1.6542ms
logger=migrator t=2026-08-06T12:48:53.3694265+03:00 level=info msg="Executing migration" id="create dashboard_provisioning v2"
logger=migrator t=2026-08-06T12:48:53.3704207+03:00 level=info msg="Migration successfully executed" id="create dashboard_provisioning v2" duration=994.2µs
logger=migrator t=2026-08-06T12:48:53.3774211+03:00 level=info msg="Executing migration" id="create index IDX_dashboard_provisioning_dashboard_id - v2"
logger=migrator t=2026-08-06T12:48:53.3784209+03:00 level=info msg="Migration successfully executed" id="create index IDX_dashboard_provisioning_dashboard_id - v2" duration=999.8µs
logger=migrator t=2026-08-06T12:48:53.383424+03:00 level=info msg="Executing migration" id="create index IDX_dashboard_provisioning_dashboard_id_name - v2"
logger=migrator t=2026-08-06T12:48:53.3844202+03:00 level=info msg="Migration successfully executed" id="create index IDX_dashboard_provisioning_dashboard_id_name - v2" duration=996.2µs
logger=migrator t=2026-08-06T12:48:53.3934206+03:00 level=info msg="Executing migration" id="copy dashboard_provisioning v1 to v2"
logger=migrator t=2026-08-06T12:48:53.3944216+03:00 level=info msg="Migration successfully executed" id="copy dashboard_provisioning v1 to v2" duration=1.001ms
logger=migrator t=2026-08-06T12:48:53.3994204+03:00 level=info msg="Executing migration" id="drop dashboard_provisioning_tmp_qwerty"
logger=migrator t=2026-08-06T12:48:53.3994204+03:00 level=info msg="Migration successfully executed" id="drop dashboard_provisioning_tmp_qwerty" duration=0s
logger=migrator t=2026-08-06T12:48:53.4059812+03:00 level=info msg="Executing migration" id="Add check_sum column"
logger=migrator t=2026-08-06T12:48:53.4073345+03:00 level=info msg="Migration successfully executed" id="Add check_sum column" duration=1.3533ms
logger=migrator t=2026-08-06T12:48:53.4128838+03:00 level=info msg="Executing migration" id="Add index for dashboard_title"
logger=migrator t=2026-08-06T12:48:53.4135146+03:00 level=info msg="Migration successfully executed" id="Add index for dashboard_title" duration=630.8µs
logger=migrator t=2026-08-06T12:48:53.4199737+03:00 level=info msg="Executing migration" id="delete tags for deleted dashboards"
logger=migrator t=2026-08-06T12:48:53.4199737+03:00 level=info msg="Migration successfully executed" id="delete tags for deleted dashboards" duration=0s
logger=migrator t=2026-08-06T12:48:53.4254081+03:00 level=info msg="Executing migration" id="delete stars for deleted dashboards"
logger=migrator t=2026-08-06T12:48:53.4254081+03:00 level=info msg="Migration successfully executed" id="delete stars for deleted dashboards" duration=0s
logger=migrator t=2026-08-06T12:48:53.4313292+03:00 level=info msg="Executing migration" id="Add index for dashboard_is_folder"
logger=migrator t=2026-08-06T12:48:53.4323613+03:00 level=info msg="Migration successfully executed" id="Add index for dashboard_is_folder" duration=1.0321ms
logger=migrator t=2026-08-06T12:48:53.4373667+03:00 level=info msg="Executing migration" id="Add isPublic for dashboard"
logger=migrator t=2026-08-06T12:48:53.4393089+03:00 level=info msg="Migration successfully executed" id="Add isPublic for dashboard" duration=1.9422ms
logger=migrator t=2026-08-06T12:48:53.4451109+03:00 level=info msg="Executing migration" id="Add deleted for dashboard"
logger=migrator t=2026-08-06T12:48:53.4467642+03:00 level=info msg="Migration successfully executed" id="Add deleted for dashboard" duration=1.6533ms
logger=migrator t=2026-08-06T12:48:53.4528226+03:00 level=info msg="Executing migration" id="Add index for deleted"
logger=migrator t=2026-08-06T12:48:53.4533372+03:00 level=info msg="Migration successfully executed" id="Add index for deleted" duration=514.6µs
logger=migrator t=2026-08-06T12:48:53.4590403+03:00 level=info msg="Executing migration" id="Add column dashboard_uid in dashboard_tag"
logger=migrator t=2026-08-06T12:48:53.460009+03:00 level=info msg="Migration successfully executed" id="Add column dashboard_uid in dashboard_tag" duration=968.7µs
logger=migrator t=2026-08-06T12:48:53.4660091+03:00 level=info msg="Executing migration" id="Add column org_id in dashboard_tag"
logger=migrator t=2026-08-06T12:48:53.4667226+03:00 level=info msg="Migration successfully executed" id="Add column org_id in dashboard_tag" duration=713.5µs
logger=migrator t=2026-08-06T12:48:53.4736261+03:00 level=info msg="Executing migration" id="Add missing dashboard_uid and org_id to dashboard_tag"
logger=migrator t=2026-08-06T12:48:53.4736261+03:00 level=info msg="Migration successfully executed" id="Add missing dashboard_uid and org_id to dashboard_tag" duration=0s
logger=migrator t=2026-08-06T12:48:53.4793927+03:00 level=info msg="Executing migration" id="Add apiVersion for dashboard"
logger=migrator t=2026-08-06T12:48:53.4800865+03:00 level=info msg="Migration successfully executed" id="Add apiVersion for dashboard" duration=693.8µs
logger=migrator t=2026-08-06T12:48:53.4857956+03:00 level=info msg="Executing migration" id="Add index for dashboard_uid on dashboard_tag table"
logger=migrator t=2026-08-06T12:48:53.4867711+03:00 level=info msg="Migration successfully executed" id="Add index for dashboard_uid on dashboard_tag table" duration=975.5µs
logger=migrator t=2026-08-06T12:48:53.4922225+03:00 level=info msg="Executing migration" id="Add missing dashboard_uid and org_id to star"
logger=migrator t=2026-08-06T12:48:53.4932125+03:00 level=info msg="Migration successfully executed" id="Add missing dashboard_uid and org_id to star" duration=990µs
logger=migrator t=2026-08-06T12:48:53.4984632+03:00 level=info msg="Executing migration" id="create data_source table"
logger=migrator t=2026-08-06T12:48:53.4994093+03:00 level=info msg="Migration successfully executed" id="create data_source table" duration=946.1µs
logger=migrator t=2026-08-06T12:48:53.5087955+03:00 level=info msg="Executing migration" id="add index data_source.account_id"
logger=migrator t=2026-08-06T12:48:53.5098756+03:00 level=info msg="Migration successfully executed" id="add index data_source.account_id" duration=1.0801ms
logger=migrator t=2026-08-06T12:48:53.5156211+03:00 level=info msg="Executing migration" id="add unique index data_source.account_id_name"
logger=migrator t=2026-08-06T12:48:53.5161321+03:00 level=info msg="Migration successfully executed" id="add unique index data_source.account_id_name" duration=511µs
logger=migrator t=2026-08-06T12:48:53.5221371+03:00 level=info msg="Executing migration" id="drop index IDX_data_source_account_id - v1"
logger=migrator t=2026-08-06T12:48:53.5232504+03:00 level=info msg="Migration successfully executed" id="drop index IDX_data_source_account_id - v1" duration=1.1133ms
logger=migrator t=2026-08-06T12:48:53.5299096+03:00 level=info msg="Executing migration" id="drop index UQE_data_source_account_id_name - v1"
logger=migrator t=2026-08-06T12:48:53.531101+03:00 level=info msg="Migration successfully executed" id="drop index UQE_data_source_account_id_name - v1" duration=1.1914ms
logger=migrator t=2026-08-06T12:48:53.5367017+03:00 level=info msg="Executing migration" id="Rename table data_source to data_source_v1 - v1"
logger=migrator t=2026-08-06T12:48:53.5383781+03:00 level=info msg="Migration successfully executed" id="Rename table data_source to data_source_v1 - v1" duration=1.6764ms
logger=migrator t=2026-08-06T12:48:53.5439896+03:00 level=info msg="Executing migration" id="create data_source table v2"
logger=migrator t=2026-08-06T12:48:53.5449809+03:00 level=info msg="Migration successfully executed" id="create data_source table v2" duration=991.3µs
logger=migrator t=2026-08-06T12:48:53.5501632+03:00 level=info msg="Executing migration" id="create index IDX_data_source_org_id - v2"
logger=migrator t=2026-08-06T12:48:53.5511911+03:00 level=info msg="Migration successfully executed" id="create index IDX_data_source_org_id - v2" duration=1.0279ms
logger=migrator t=2026-08-06T12:48:53.5572252+03:00 level=info msg="Executing migration" id="create index UQE_data_source_org_id_name - v2"
logger=migrator t=2026-08-06T12:48:53.5581907+03:00 level=info msg="Migration successfully executed" id="create index UQE_data_source_org_id_name - v2" duration=965.5µs
logger=migrator t=2026-08-06T12:48:53.564191+03:00 level=info msg="Executing migration" id="Drop old table data_source_v1 #2"
logger=migrator t=2026-08-06T12:48:53.5651909+03:00 level=info msg="Migration successfully executed" id="Drop old table data_source_v1 #2" duration=999.9µs
logger=migrator t=2026-08-06T12:48:53.5715523+03:00 level=info msg="Executing migration" id="Add column with_credentials"
logger=migrator t=2026-08-06T12:48:53.5726435+03:00 level=info msg="Migration successfully executed" id="Add column with_credentials" duration=1.0912ms
logger=migrator t=2026-08-06T12:48:53.5779677+03:00 level=info msg="Executing migration" id="Add secure json data column"
logger=migrator t=2026-08-06T12:48:53.5790096+03:00 level=info msg="Migration successfully executed" id="Add secure json data column" duration=1.0419ms
logger=migrator t=2026-08-06T12:48:53.5843499+03:00 level=info msg="Executing migration" id="Update data_source table charset"
logger=migrator t=2026-08-06T12:48:53.5843499+03:00 level=info msg="Migration successfully executed" id="Update data_source table charset" duration=0s
logger=migrator t=2026-08-06T12:48:53.5907672+03:00 level=info msg="Executing migration" id="Update initial version to 1"
logger=migrator t=2026-08-06T12:48:53.5907672+03:00 level=info msg="Migration successfully executed" id="Update initial version to 1" duration=0s
logger=migrator t=2026-08-06T12:48:53.5978645+03:00 level=info msg="Executing migration" id="Add read_only data column"
logger=migrator t=2026-08-06T12:48:53.5984143+03:00 level=info msg="Migration successfully executed" id="Add read_only data column" duration=549.8µs
logger=migrator t=2026-08-06T12:48:53.6048836+03:00 level=info msg="Executing migration" id="Migrate logging ds to loki ds"
logger=migrator t=2026-08-06T12:48:53.6048836+03:00 level=info msg="Migration successfully executed" id="Migrate logging ds to loki ds" duration=0s
logger=migrator t=2026-08-06T12:48:53.611884+03:00 level=info msg="Executing migration" id="Update json_data with nulls"
logger=migrator t=2026-08-06T12:48:53.611884+03:00 level=info msg="Migration successfully executed" id="Update json_data with nulls" duration=0s
logger=migrator t=2026-08-06T12:48:53.6178842+03:00 level=info msg="Executing migration" id="Add uid column"
logger=migrator t=2026-08-06T12:48:53.6188852+03:00 level=info msg="Migration successfully executed" id="Add uid column" duration=1.001ms
logger=migrator t=2026-08-06T12:48:53.62596+03:00 level=info msg="Executing migration" id="Update uid value"
logger=migrator t=2026-08-06T12:48:53.62596+03:00 level=info msg="Migration successfully executed" id="Update uid value" duration=0s
logger=migrator t=2026-08-06T12:48:53.6324254+03:00 level=info msg="Executing migration" id="Add unique index datasource_org_id_uid"
logger=migrator t=2026-08-06T12:48:53.6334971+03:00 level=info msg="Migration successfully executed" id="Add unique index datasource_org_id_uid" duration=1.0717ms
logger=migrator t=2026-08-06T12:48:53.6399817+03:00 level=info msg="Executing migration" id="add unique index datasource_org_id_is_default"
logger=migrator t=2026-08-06T12:48:53.6405232+03:00 level=info msg="Migration successfully executed" id="add unique index datasource_org_id_is_default" duration=541.5µs
logger=migrator t=2026-08-06T12:48:53.6463207+03:00 level=info msg="Executing migration" id="Add is_prunable column"
logger=migrator t=2026-08-06T12:48:53.6474013+03:00 level=info msg="Migration successfully executed" id="Add is_prunable column" duration=1.1297ms
logger=migrator t=2026-08-06T12:48:53.6544543+03:00 level=info msg="Executing migration" id="Add api_version column"
logger=migrator t=2026-08-06T12:48:53.6561295+03:00 level=info msg="Migration successfully executed" id="Add api_version column" duration=1.6752ms
logger=migrator t=2026-08-06T12:48:53.6621844+03:00 level=info msg="Executing migration" id="Update secure_json_data column to MediumText"
logger=migrator t=2026-08-06T12:48:53.6621844+03:00 level=info msg="Migration successfully executed" id="Update secure_json_data column to MediumText" duration=0s
logger=migrator t=2026-08-06T12:48:53.6683206+03:00 level=info msg="Executing migration" id="Update json_data column to MediumText"
logger=migrator t=2026-08-06T12:48:53.6683206+03:00 level=info msg="Migration successfully executed" id="Update json_data column to MediumText" duration=0s
logger=migrator t=2026-08-06T12:48:53.6739021+03:00 level=info msg="Executing migration" id="create api_key table"
logger=migrator t=2026-08-06T12:48:53.6758018+03:00 level=info msg="Migration successfully executed" id="create api_key table" duration=1.8997ms
logger=migrator t=2026-08-06T12:48:53.6812834+03:00 level=info msg="Executing migration" id="add index api_key.account_id"
logger=migrator t=2026-08-06T12:48:53.6823541+03:00 level=info msg="Migration successfully executed" id="add index api_key.account_id" duration=1.0707ms
logger=migrator t=2026-08-06T12:48:53.6874073+03:00 level=info msg="Executing migration" id="add index api_key.key"
logger=migrator t=2026-08-06T12:48:53.6884804+03:00 level=info msg="Migration successfully executed" id="add index api_key.key" duration=1.0731ms
logger=migrator t=2026-08-06T12:48:53.6943344+03:00 level=info msg="Executing migration" id="add index api_key.account_id_name"
logger=migrator t=2026-08-06T12:48:53.6953969+03:00 level=info msg="Migration successfully executed" id="add index api_key.account_id_name" duration=1.0625ms
logger=migrator t=2026-08-06T12:48:53.7005434+03:00 level=info msg="Executing migration" id="drop index IDX_api_key_account_id - v1"
logger=migrator t=2026-08-06T12:48:53.701638+03:00 level=info msg="Migration successfully executed" id="drop index IDX_api_key_account_id - v1" duration=1.0946ms
logger=migrator t=2026-08-06T12:48:53.7071169+03:00 level=info msg="Executing migration" id="drop index UQE_api_key_key - v1"
logger=migrator t=2026-08-06T12:48:53.7080578+03:00 level=info msg="Migration successfully executed" id="drop index UQE_api_key_key - v1" duration=940.9µs
logger=migrator t=2026-08-06T12:48:53.7143885+03:00 level=info msg="Executing migration" id="drop index UQE_api_key_account_id_name - v1"
logger=migrator t=2026-08-06T12:48:53.7154151+03:00 level=info msg="Migration successfully executed" id="drop index UQE_api_key_account_id_name - v1" duration=1.0266ms
logger=migrator t=2026-08-06T12:48:53.7211846+03:00 level=info msg="Executing migration" id="Rename table api_key to api_key_v1 - v1"
logger=migrator t=2026-08-06T12:48:53.7231868+03:00 level=info msg="Migration successfully executed" id="Rename table api_key to api_key_v1 - v1" duration=2.0022ms
logger=migrator t=2026-08-06T12:48:53.7284736+03:00 level=info msg="Executing migration" id="create api_key table v2"
logger=migrator t=2026-08-06T12:48:53.7294224+03:00 level=info msg="Migration successfully executed" id="create api_key table v2" duration=948.8µs
logger=migrator t=2026-08-06T12:48:53.7355066+03:00 level=info msg="Executing migration" id="create index IDX_api_key_org_id - v2"
logger=migrator t=2026-08-06T12:48:53.7365091+03:00 level=info msg="Migration successfully executed" id="create index IDX_api_key_org_id - v2" duration=1.0025ms
logger=migrator t=2026-08-06T12:48:53.7429358+03:00 level=info msg="Executing migration" id="create index UQE_api_key_key - v2"
logger=migrator t=2026-08-06T12:48:53.7439016+03:00 level=info msg="Migration successfully executed" id="create index UQE_api_key_key - v2" duration=965.8µs
logger=migrator t=2026-08-06T12:48:53.7498993+03:00 level=info msg="Executing migration" id="create index UQE_api_key_org_id_name - v2"
logger=migrator t=2026-08-06T12:48:53.7498993+03:00 level=info msg="Migration successfully executed" id="create index UQE_api_key_org_id_name - v2" duration=968µs
logger=migrator t=2026-08-06T12:48:53.755932+03:00 level=info msg="Executing migration" id="copy api_key v1 to v2"
logger=migrator t=2026-08-06T12:48:53.757004+03:00 level=info msg="Migration successfully executed" id="copy api_key v1 to v2" duration=1.072ms
logger=migrator t=2026-08-06T12:48:53.7619168+03:00 level=info msg="Executing migration" id="Drop old table api_key_v1"
logger=migrator t=2026-08-06T12:48:53.7632261+03:00 level=info msg="Migration successfully executed" id="Drop old table api_key_v1" duration=1.3093ms
logger=migrator t=2026-08-06T12:48:53.7695511+03:00 level=info msg="Executing migration" id="Update api_key table charset"
logger=migrator t=2026-08-06T12:48:53.7695511+03:00 level=info msg="Migration successfully executed" id="Update api_key table charset" duration=0s
logger=migrator t=2026-08-06T12:48:53.7747205+03:00 level=info msg="Executing migration" id="Add expires to api_key table"
logger=migrator t=2026-08-06T12:48:53.7766959+03:00 level=info msg="Migration successfully executed" id="Add expires to api_key table" duration=1.9754ms
logger=migrator t=2026-08-06T12:48:53.7837201+03:00 level=info msg="Executing migration" id="Add service account foreign key"
logger=migrator t=2026-08-06T12:48:53.7846977+03:00 level=info msg="Migration successfully executed" id="Add service account foreign key" duration=977.6µs
logger=migrator t=2026-08-06T12:48:53.7906941+03:00 level=info msg="Executing migration" id="set service account foreign key to nil if 0"
logger=migrator t=2026-08-06T12:48:53.7906941+03:00 level=info msg="Migration successfully executed" id="set service account foreign key to nil if 0" duration=0s
logger=migrator t=2026-08-06T12:48:53.7968677+03:00 level=info msg="Executing migration" id="Add last_used_at to api_key table"
logger=migrator t=2026-08-06T12:48:53.7979349+03:00 level=info msg="Migration successfully executed" id="Add last_used_at to api_key table" duration=1.0672ms
logger=migrator t=2026-08-06T12:48:53.8028521+03:00 level=info msg="Executing migration" id="Add is_revoked column to api_key table"
logger=migrator t=2026-08-06T12:48:53.8039015+03:00 level=info msg="Migration successfully executed" id="Add is_revoked column to api_key table" duration=1.0494ms
logger=migrator t=2026-08-06T12:48:53.8089089+03:00 level=info msg="Executing migration" id="create dashboard_snapshot table v4"
logger=migrator t=2026-08-06T12:48:53.809949+03:00 level=info msg="Migration successfully executed" id="create dashboard_snapshot table v4" duration=1.0401ms
logger=migrator t=2026-08-06T12:48:53.8160735+03:00 level=info msg="Executing migration" id="drop table dashboard_snapshot_v4 #1"
logger=migrator t=2026-08-06T12:48:53.8169977+03:00 level=info msg="Migration successfully executed" id="drop table dashboard_snapshot_v4 #1" duration=924.2µs
logger=migrator t=2026-08-06T12:48:53.8221698+03:00 level=info msg="Executing migration" id="create dashboard_snapshot table v5 #2"
logger=migrator t=2026-08-06T12:48:53.822689+03:00 level=info msg="Migration successfully executed" id="create dashboard_snapshot table v5 #2" duration=519.2µs
logger=migrator t=2026-08-06T12:48:53.8292736+03:00 level=info msg="Executing migration" id="create index UQE_dashboard_snapshot_key - v5"
logger=migrator t=2026-08-06T12:48:53.8303221+03:00 level=info msg="Migration successfully executed" id="create index UQE_dashboard_snapshot_key - v5" duration=1.0485ms
logger=migrator t=2026-08-06T12:48:53.8355404+03:00 level=info msg="Executing migration" id="create index UQE_dashboard_snapshot_delete_key - v5"
logger=migrator t=2026-08-06T12:48:53.836507+03:00 level=info msg="Migration successfully executed" id="create index UQE_dashboard_snapshot_delete_key - v5" duration=966.6µs
logger=migrator t=2026-08-06T12:48:53.842562+03:00 level=info msg="Executing migration" id="create index IDX_dashboard_snapshot_user_id - v5"
logger=migrator t=2026-08-06T12:48:53.8435634+03:00 level=info msg="Migration successfully executed" id="create index IDX_dashboard_snapshot_user_id - v5" duration=1.0014ms
logger=migrator t=2026-08-06T12:48:53.8485963+03:00 level=info msg="Executing migration" id="alter dashboard_snapshot to mediumtext v2"
logger=migrator t=2026-08-06T12:48:53.8485963+03:00 level=info msg="Migration successfully executed" id="alter dashboard_snapshot to mediumtext v2" duration=0s
logger=migrator t=2026-08-06T12:48:53.8542046+03:00 level=info msg="Executing migration" id="Update dashboard_snapshot table charset"
logger=migrator t=2026-08-06T12:48:53.8552037+03:00 level=info msg="Migration successfully executed" id="Update dashboard_snapshot table charset" duration=999.1µs
logger=migrator t=2026-08-06T12:48:53.861011+03:00 level=info msg="Executing migration" id="Add column external_delete_url to dashboard_snapshots table"
logger=migrator t=2026-08-06T12:48:53.8620486+03:00 level=info msg="Migration successfully executed" id="Add column external_delete_url to dashboard_snapshots table" duration=1.0376ms
logger=migrator t=2026-08-06T12:48:53.8675942+03:00 level=info msg="Executing migration" id="Add encrypted dashboard json column"
logger=migrator t=2026-08-06T12:48:53.8688624+03:00 level=info msg="Migration successfully executed" id="Add encrypted dashboard json column" duration=1.2682ms
logger=migrator t=2026-08-06T12:48:53.8753469+03:00 level=info msg="Executing migration" id="Change dashboard_encrypted column to MEDIUMBLOB"
logger=migrator t=2026-08-06T12:48:53.8753469+03:00 level=info msg="Migration successfully executed" id="Change dashboard_encrypted column to MEDIUMBLOB" duration=0s
logger=migrator t=2026-08-06T12:48:53.8806109+03:00 level=info msg="Executing migration" id="create quota table v1"
logger=migrator t=2026-08-06T12:48:53.8811343+03:00 level=info msg="Migration successfully executed" id="create quota table v1" duration=523.4µs
logger=migrator t=2026-08-06T12:48:53.8871925+03:00 level=info msg="Executing migration" id="create index UQE_quota_org_id_user_id_target - v1"
logger=migrator t=2026-08-06T12:48:53.888193+03:00 level=info msg="Migration successfully executed" id="create index UQE_quota_org_id_user_id_target - v1" duration=1.0005ms
logger=migrator t=2026-08-06T12:48:53.8931925+03:00 level=info msg="Executing migration" id="Update quota table charset"
logger=migrator t=2026-08-06T12:48:53.8931925+03:00 level=info msg="Migration successfully executed" id="Update quota table charset" duration=0s
logger=migrator t=2026-08-06T12:48:53.8981912+03:00 level=info msg="Executing migration" id="create plugin_setting table"
logger=migrator t=2026-08-06T12:48:53.8991928+03:00 level=info msg="Migration successfully executed" id="create plugin_setting table" duration=1.0016ms
logger=migrator t=2026-08-06T12:48:53.9063512+03:00 level=info msg="Executing migration" id="create index UQE_plugin_setting_org_id_plugin_id - v1"
logger=migrator t=2026-08-06T12:48:53.907455+03:00 level=info msg="Migration successfully executed" id="create index UQE_plugin_setting_org_id_plugin_id - v1" duration=1.1038ms
logger=migrator t=2026-08-06T12:48:53.9136356+03:00 level=info msg="Executing migration" id="Add column plugin_version to plugin_settings"
logger=migrator t=2026-08-06T12:48:53.9151936+03:00 level=info msg="Migration successfully executed" id="Add column plugin_version to plugin_settings" duration=1.558ms
logger=migrator t=2026-08-06T12:48:53.9203264+03:00 level=info msg="Executing migration" id="Update plugin_setting table charset"
logger=migrator t=2026-08-06T12:48:53.9203264+03:00 level=info msg="Migration successfully executed" id="Update plugin_setting table charset" duration=0s
logger=migrator t=2026-08-06T12:48:53.9256036+03:00 level=info msg="Executing migration" id="update NULL org_id to 1"
logger=migrator t=2026-08-06T12:48:53.9261678+03:00 level=info msg="Migration successfully executed" id="update NULL org_id to 1" duration=564.2µs
logger=migrator t=2026-08-06T12:48:53.9315469+03:00 level=info msg="Executing migration" id="make org_id NOT NULL and DEFAULT VALUE 1"
logger=migrator t=2026-08-06T12:48:53.9339758+03:00 level=info msg="Migration successfully executed" id="make org_id NOT NULL and DEFAULT VALUE 1" duration=2.4211ms
logger=migrator t=2026-08-06T12:48:53.9386996+03:00 level=info msg="Executing migration" id="create session table"
logger=migrator t=2026-08-06T12:48:53.9397787+03:00 level=info msg="Migration successfully executed" id="create session table" duration=1.0791ms
logger=migrator t=2026-08-06T12:48:53.9446586+03:00 level=info msg="Executing migration" id="drop preferences table v2"
logger=migrator t=2026-08-06T12:48:53.9446586+03:00 level=info msg="Migration successfully executed" id="drop preferences table v2" duration=0s
logger=migrator t=2026-08-06T12:48:53.9509319+03:00 level=info msg="Executing migration" id="drop preferences table v3"
logger=migrator t=2026-08-06T12:48:53.9509319+03:00 level=info msg="Migration successfully executed" id="drop preferences table v3" duration=0s
logger=migrator t=2026-08-06T12:48:53.9562621+03:00 level=info msg="Executing migration" id="create preferences table v3"
logger=migrator t=2026-08-06T12:48:53.9574092+03:00 level=info msg="Migration successfully executed" id="create preferences table v3" duration=1.1471ms
logger=migrator t=2026-08-06T12:48:53.9634879+03:00 level=info msg="Executing migration" id="Update preferences table charset"
logger=migrator t=2026-08-06T12:48:53.9634879+03:00 level=info msg="Migration successfully executed" id="Update preferences table charset" duration=0s
logger=migrator t=2026-08-06T12:48:53.9692621+03:00 level=info msg="Executing migration" id="Add column team_id in preferences"
logger=migrator t=2026-08-06T12:48:53.9702956+03:00 level=info msg="Migration successfully executed" id="Add column team_id in preferences" duration=1.0335ms
logger=migrator t=2026-08-06T12:48:53.9757624+03:00 level=info msg="Executing migration" id="Update team_id column values in preferences"
logger=migrator t=2026-08-06T12:48:53.9757624+03:00 level=info msg="Migration successfully executed" id="Update team_id column values in preferences" duration=0s
logger=migrator t=2026-08-06T12:48:53.9821049+03:00 level=info msg="Executing migration" id="Add column week_start in preferences"
logger=migrator t=2026-08-06T12:48:53.9832019+03:00 level=info msg="Migration successfully executed" id="Add column week_start in preferences" duration=1.097ms
logger=migrator t=2026-08-06T12:48:53.9883794+03:00 level=info msg="Executing migration" id="Add column preferences.json_data"
logger=migrator t=2026-08-06T12:48:53.9893537+03:00 level=info msg="Migration successfully executed" id="Add column preferences.json_data" duration=974.3µs
logger=migrator t=2026-08-06T12:48:53.9953802+03:00 level=info msg="Executing migration" id="alter preferences.json_data to mediumtext v1"
logger=migrator t=2026-08-06T12:48:53.9953802+03:00 level=info msg="Migration successfully executed" id="alter preferences.json_data to mediumtext v1" duration=0s
logger=migrator t=2026-08-06T12:48:54.0003831+03:00 level=info msg="Executing migration" id="Add preferences index org_id"
logger=migrator t=2026-08-06T12:48:54.0013537+03:00 level=info msg="Migration successfully executed" id="Add preferences index org_id" duration=970.6µs
logger=migrator t=2026-08-06T12:48:54.0069247+03:00 level=info msg="Executing migration" id="Add preferences index user_id"
logger=migrator t=2026-08-06T12:48:54.0080012+03:00 level=info msg="Migration successfully executed" id="Add preferences index user_id" duration=1.0765ms
logger=migrator t=2026-08-06T12:48:54.0128609+03:00 level=info msg="Executing migration" id="Add home_dashboard_uid column to preferences table"
logger=migrator t=2026-08-06T12:48:54.0139641+03:00 level=info msg="Migration successfully executed" id="Add home_dashboard_uid column to preferences table" duration=1.1032ms
logger=migrator t=2026-08-06T12:48:54.0188752+03:00 level=info msg="Executing migration" id="Add missing dashboard_uid to preferences table"
logger=migrator t=2026-08-06T12:48:54.0194563+03:00 level=info msg="Migration successfully executed" id="Add missing dashboard_uid to preferences table" duration=581.1µs
logger=migrator t=2026-08-06T12:48:54.0248547+03:00 level=info msg="Executing migration" id="create alert table v1"
logger=migrator t=2026-08-06T12:48:54.0259355+03:00 level=info msg="Migration successfully executed" id="create alert table v1" duration=1.0808ms
logger=migrator t=2026-08-06T12:48:54.0324573+03:00 level=info msg="Executing migration" id="add index alert org_id & id "
logger=migrator t=2026-08-06T12:48:54.0335686+03:00 level=info msg="Migration successfully executed" id="add index alert org_id & id " duration=1.1113ms
logger=migrator t=2026-08-06T12:48:54.0389749+03:00 level=info msg="Executing migration" id="add index alert state"
logger=migrator t=2026-08-06T12:48:54.0394875+03:00 level=info msg="Migration successfully executed" id="add index alert state" duration=512.6µs
logger=migrator t=2026-08-06T12:48:54.0444323+03:00 level=info msg="Executing migration" id="add index alert dashboard_id"
logger=migrator t=2026-08-06T12:48:54.0463271+03:00 level=info msg="Migration successfully executed" id="add index alert dashboard_id" duration=1.8948ms
logger=migrator t=2026-08-06T12:48:54.0517622+03:00 level=info msg="Executing migration" id="Create alert_rule_tag table v1"
logger=migrator t=2026-08-06T12:48:54.0528274+03:00 level=info msg="Migration successfully executed" id="Create alert_rule_tag table v1" duration=1.0652ms
logger=migrator t=2026-08-06T12:48:54.0579756+03:00 level=info msg="Executing migration" id="Add unique index alert_rule_tag.alert_id_tag_id"
logger=migrator t=2026-08-06T12:48:54.0591503+03:00 level=info msg="Migration successfully executed" id="Add unique index alert_rule_tag.alert_id_tag_id" duration=1.1747ms
logger=migrator t=2026-08-06T12:48:54.0651256+03:00 level=info msg="Executing migration" id="drop index UQE_alert_rule_tag_alert_id_tag_id - v1"
logger=migrator t=2026-08-06T12:48:54.0661269+03:00 level=info msg="Migration successfully executed" id="drop index UQE_alert_rule_tag_alert_id_tag_id - v1" duration=1.0013ms
logger=migrator t=2026-08-06T12:48:54.0739016+03:00 level=info msg="Executing migration" id="Rename table alert_rule_tag to alert_rule_tag_v1 - v1"
logger=migrator t=2026-08-06T12:48:54.0772693+03:00 level=info msg="Migration successfully executed" id="Rename table alert_rule_tag to alert_rule_tag_v1 - v1" duration=3.3677ms
logger=migrator t=2026-08-06T12:48:54.0894078+03:00 level=info msg="Executing migration" id="Create alert_rule_tag table v2"
logger=migrator t=2026-08-06T12:48:54.0904915+03:00 level=info msg="Migration successfully executed" id="Create alert_rule_tag table v2" duration=1.0837ms
logger=migrator t=2026-08-06T12:48:54.106107+03:00 level=info msg="Executing migration" id="create index UQE_alert_rule_tag_alert_id_tag_id - Add unique index alert_rule_tag.alert_id_tag_id V2"
logger=migrator t=2026-08-06T12:48:54.1071639+03:00 level=info msg="Migration successfully executed" id="create index UQE_alert_rule_tag_alert_id_tag_id - Add unique index alert_rule_tag.alert_id_tag_id V2" duration=1.0569ms
logger=migrator t=2026-08-06T12:48:54.1156181+03:00 level=info msg="Executing migration" id="copy alert_rule_tag v1 to v2"
logger=migrator t=2026-08-06T12:48:54.1167084+03:00 level=info msg="Migration successfully executed" id="copy alert_rule_tag v1 to v2" duration=1.0903ms
logger=migrator t=2026-08-06T12:48:54.1219883+03:00 level=info msg="Executing migration" id="drop table alert_rule_tag_v1"
logger=migrator t=2026-08-06T12:48:54.1230444+03:00 level=info msg="Migration successfully executed" id="drop table alert_rule_tag_v1" duration=1.0561ms
logger=migrator t=2026-08-06T12:48:54.1283696+03:00 level=info msg="Executing migration" id="create alert_notification table v1"
logger=migrator t=2026-08-06T12:48:54.1294221+03:00 level=info msg="Migration successfully executed" id="create alert_notification table v1" duration=1.0525ms
logger=migrator t=2026-08-06T12:48:54.1343679+03:00 level=info msg="Executing migration" id="Add column is_default"
logger=migrator t=2026-08-06T12:48:54.1360093+03:00 level=info msg="Migration successfully executed" id="Add column is_default" duration=1.6414ms
logger=migrator t=2026-08-06T12:48:54.1411659+03:00 level=info msg="Executing migration" id="Add column frequency"
logger=migrator t=2026-08-06T12:48:54.142142+03:00 level=info msg="Migration successfully executed" id="Add column frequency" duration=976.1µs
logger=migrator t=2026-08-06T12:48:54.1486347+03:00 level=info msg="Executing migration" id="Add column send_reminder"
logger=migrator t=2026-08-06T12:48:54.1496027+03:00 level=info msg="Migration successfully executed" id="Add column send_reminder" duration=968µs
logger=migrator t=2026-08-06T12:48:54.1560046+03:00 level=info msg="Executing migration" id="Add column disable_resolve_message"
logger=migrator t=2026-08-06T12:48:54.1577145+03:00 level=info msg="Migration successfully executed" id="Add column disable_resolve_message" duration=1.7099ms
logger=migrator t=2026-08-06T12:48:54.1629997+03:00 level=info msg="Executing migration" id="add index alert_notification org_id & name"
logger=migrator t=2026-08-06T12:48:54.1640592+03:00 level=info msg="Migration successfully executed" id="add index alert_notification org_id & name" duration=1.0595ms
logger=migrator t=2026-08-06T12:48:54.1695435+03:00 level=info msg="Executing migration" id="Update alert table charset"
logger=migrator t=2026-08-06T12:48:54.1695435+03:00 level=info msg="Migration successfully executed" id="Update alert table charset" duration=0s
logger=migrator t=2026-08-06T12:48:54.1752769+03:00 level=info msg="Executing migration" id="Update alert_notification table charset"
logger=migrator t=2026-08-06T12:48:54.1752769+03:00 level=info msg="Migration successfully executed" id="Update alert_notification table charset" duration=0s
logger=migrator t=2026-08-06T12:48:54.1816754+03:00 level=info msg="Executing migration" id="create notification_journal table v1"
logger=migrator t=2026-08-06T12:48:54.1827176+03:00 level=info msg="Migration successfully executed" id="create notification_journal table v1" duration=1.0422ms
logger=migrator t=2026-08-06T12:48:54.187972+03:00 level=info msg="Executing migration" id="add index notification_journal org_id & alert_id & notifier_id"
logger=migrator t=2026-08-06T12:48:54.189043+03:00 level=info msg="Migration successfully executed" id="add index notification_journal org_id & alert_id & notifier_id" duration=1.071ms
logger=migrator t=2026-08-06T12:48:54.1948216+03:00 level=info msg="Executing migration" id="drop alert_notification_journal"
logger=migrator t=2026-08-06T12:48:54.1953764+03:00 level=info msg="Migration successfully executed" id="drop alert_notification_journal" duration=554.8µs
logger=migrator t=2026-08-06T12:48:54.2007541+03:00 level=info msg="Executing migration" id="create alert_notification_state table v1"
logger=migrator t=2026-08-06T12:48:54.2014014+03:00 level=info msg="Migration successfully executed" id="create alert_notification_state table v1" duration=647.3µs
logger=migrator t=2026-08-06T12:48:54.2077457+03:00 level=info msg="Executing migration" id="add index alert_notification_state org_id & alert_id & notifier_id"
logger=migrator t=2026-08-06T12:48:54.2087305+03:00 level=info msg="Migration successfully executed" id="add index alert_notification_state org_id & alert_id & notifier_id" duration=984.8µs
logger=migrator t=2026-08-06T12:48:54.2137637+03:00 level=info msg="Executing migration" id="Add for to alert table"
logger=migrator t=2026-08-06T12:48:54.2147305+03:00 level=info msg="Migration successfully executed" id="Add for to alert table" duration=966.8µs
logger=migrator t=2026-08-06T12:48:54.2217001+03:00 level=info msg="Executing migration" id="Add column uid in alert_notification"
logger=migrator t=2026-08-06T12:48:54.2233787+03:00 level=info msg="Migration successfully executed" id="Add column uid in alert_notification" duration=1.6786ms
logger=migrator t=2026-08-06T12:48:54.2294405+03:00 level=info msg="Executing migration" id="Update uid column values in alert_notification"
logger=migrator t=2026-08-06T12:48:54.2294405+03:00 level=info msg="Migration successfully executed" id="Update uid column values in alert_notification" duration=0s
logger=migrator t=2026-08-06T12:48:54.235914+03:00 level=info msg="Executing migration" id="Add unique index alert_notification_org_id_uid"
logger=migrator t=2026-08-06T12:48:54.2371569+03:00 level=info msg="Migration successfully executed" id="Add unique index alert_notification_org_id_uid" duration=1.2429ms
logger=migrator t=2026-08-06T12:48:54.243389+03:00 level=info msg="Executing migration" id="Remove unique index org_id_name"
logger=migrator t=2026-08-06T12:48:54.2439068+03:00 level=info msg="Migration successfully executed" id="Remove unique index org_id_name" duration=517.8µs
logger=migrator t=2026-08-06T12:48:54.2504746+03:00 level=info msg="Executing migration" id="Add column secure_settings in alert_notification"
logger=migrator t=2026-08-06T12:48:54.2514762+03:00 level=info msg="Migration successfully executed" id="Add column secure_settings in alert_notification" duration=1.0016ms
logger=migrator t=2026-08-06T12:48:54.2571854+03:00 level=info msg="Executing migration" id="alter alert.settings to mediumtext"
logger=migrator t=2026-08-06T12:48:54.2571854+03:00 level=info msg="Migration successfully executed" id="alter alert.settings to mediumtext" duration=0s
logger=migrator t=2026-08-06T12:48:54.2632194+03:00 level=info msg="Executing migration" id="Add non-unique index alert_notification_state_alert_id"
logger=migrator t=2026-08-06T12:48:54.2644646+03:00 level=info msg="Migration successfully executed" id="Add non-unique index alert_notification_state_alert_id" duration=1.2452ms
logger=migrator t=2026-08-06T12:48:54.2705895+03:00 level=info msg="Executing migration" id="Add non-unique index alert_rule_tag_alert_id"
logger=migrator t=2026-08-06T12:48:54.2716852+03:00 level=info msg="Migration successfully executed" id="Add non-unique index alert_rule_tag_alert_id" duration=1.0957ms
logger=migrator t=2026-08-06T12:48:54.2773702+03:00 level=info msg="Executing migration" id="Drop old annotation table v4"
logger=migrator t=2026-08-06T12:48:54.2773702+03:00 level=info msg="Migration successfully executed" id="Drop old annotation table v4" duration=0s
logger=migrator t=2026-08-06T12:48:54.2836744+03:00 level=info msg="Executing migration" id="create annotation table v5"
logger=migrator t=2026-08-06T12:48:54.2842222+03:00 level=info msg="Migration successfully executed" id="create annotation table v5" duration=547.8µs
logger=migrator t=2026-08-06T12:48:54.2904061+03:00 level=info msg="Executing migration" id="add index annotation 0 v3"
logger=migrator t=2026-08-06T12:48:54.290947+03:00 level=info msg="Migration successfully executed" id="add index annotation 0 v3" duration=540.9µs
logger=migrator t=2026-08-06T12:48:54.2962737+03:00 level=info msg="Executing migration" id="add index annotation 1 v3"
logger=migrator t=2026-08-06T12:48:54.2973216+03:00 level=info msg="Migration successfully executed" id="add index annotation 1 v3" duration=1.0479ms
logger=migrator t=2026-08-06T12:48:54.3038339+03:00 level=info msg="Executing migration" id="add index annotation 2 v3"
logger=migrator t=2026-08-06T12:48:54.305023+03:00 level=info msg="Migration successfully executed" id="add index annotation 2 v3" duration=1.1891ms
logger=migrator t=2026-08-06T12:48:54.31032+03:00 level=info msg="Executing migration" id="add index annotation 3 v3"
logger=migrator t=2026-08-06T12:48:54.3108768+03:00 level=info msg="Migration successfully executed" id="add index annotation 3 v3" duration=556.8µs
logger=migrator t=2026-08-06T12:48:54.3173785+03:00 level=info msg="Executing migration" id="add index annotation 4 v3"
logger=migrator t=2026-08-06T12:48:54.3184737+03:00 level=info msg="Migration successfully executed" id="add index annotation 4 v3" duration=1.0952ms
logger=migrator t=2026-08-06T12:48:54.3251604+03:00 level=info msg="Executing migration" id="Update annotation table charset"
logger=migrator t=2026-08-06T12:48:54.3252415+03:00 level=info msg="Migration successfully executed" id="Update annotation table charset" duration=81.1µs
logger=migrator t=2026-08-06T12:48:54.3307186+03:00 level=info msg="Executing migration" id="Add column region_id to annotation table"
logger=migrator t=2026-08-06T12:48:54.3323601+03:00 level=info msg="Migration successfully executed" id="Add column region_id to annotation table" duration=1.6415ms
logger=migrator t=2026-08-06T12:48:54.3373693+03:00 level=info msg="Executing migration" id="Drop category_id index"
logger=migrator t=2026-08-06T12:48:54.3384269+03:00 level=info msg="Migration successfully executed" id="Drop category_id index" duration=1.0576ms
logger=migrator t=2026-08-06T12:48:54.3442479+03:00 level=info msg="Executing migration" id="Add column tags to annotation table"
logger=migrator t=2026-08-06T12:48:54.3458715+03:00 level=info msg="Migration successfully executed" id="Add column tags to annotation table" duration=1.6236ms
logger=migrator t=2026-08-06T12:48:54.3514955+03:00 level=info msg="Executing migration" id="Create annotation_tag table v2"
logger=migrator t=2026-08-06T12:48:54.3525932+03:00 level=info msg="Migration successfully executed" id="Create annotation_tag table v2" duration=1.0649ms
logger=migrator t=2026-08-06T12:48:54.3576048+03:00 level=info msg="Executing migration" id="Add unique index annotation_tag.annotation_id_tag_id"
logger=migrator t=2026-08-06T12:48:54.3585504+03:00 level=info msg="Migration successfully executed" id="Add unique index annotation_tag.annotation_id_tag_id" duration=945.6µs
logger=migrator t=2026-08-06T12:48:54.3652169+03:00 level=info msg="Executing migration" id="drop index UQE_annotation_tag_annotation_id_tag_id - v2"
logger=migrator t=2026-08-06T12:48:54.3662179+03:00 level=info msg="Migration successfully executed" id="drop index UQE_annotation_tag_annotation_id_tag_id - v2" duration=1.001ms
logger=migrator t=2026-08-06T12:48:54.3716957+03:00 level=info msg="Executing migration" id="Rename table annotation_tag to annotation_tag_v2 - v2"
logger=migrator t=2026-08-06T12:48:54.3736954+03:00 level=info msg="Migration successfully executed" id="Rename table annotation_tag to annotation_tag_v2 - v2" duration=1.9997ms
logger=migrator t=2026-08-06T12:48:54.3797079+03:00 level=info msg="Executing migration" id="Create annotation_tag table v3"
logger=migrator t=2026-08-06T12:48:54.3807625+03:00 level=info msg="Migration successfully executed" id="Create annotation_tag table v3" duration=1.0546ms
logger=migrator t=2026-08-06T12:48:54.38634+03:00 level=info msg="Executing migration" id="create index UQE_annotation_tag_annotation_id_tag_id - Add unique index annotation_tag.annotation_id_tag_id V3"
logger=migrator t=2026-08-06T12:48:54.386862+03:00 level=info msg="Migration successfully executed" id="create index UQE_annotation_tag_annotation_id_tag_id - Add unique index annotation_tag.annotation_id_tag_id V3" duration=522µs
logger=migrator t=2026-08-06T12:48:54.3923835+03:00 level=info msg="Executing migration" id="copy annotation_tag v2 to v3"
logger=migrator t=2026-08-06T12:48:54.3930137+03:00 level=info msg="Migration successfully executed" id="copy annotation_tag v2 to v3" duration=630.2µs
logger=migrator t=2026-08-06T12:48:54.3990717+03:00 level=info msg="Executing migration" id="drop table annotation_tag_v2"
logger=migrator t=2026-08-06T12:48:54.3996168+03:00 level=info msg="Migration successfully executed" id="drop table annotation_tag_v2" duration=545.1µs
logger=migrator t=2026-08-06T12:48:54.4063067+03:00 level=info msg="Executing migration" id="Update alert annotations and set TEXT to empty"
logger=migrator t=2026-08-06T12:48:54.4068179+03:00 level=info msg="Migration successfully executed" id="Update alert annotations and set TEXT to empty" duration=511.2µs
logger=migrator t=2026-08-06T12:48:54.4121978+03:00 level=info msg="Executing migration" id="Add created time to annotation table"
logger=migrator t=2026-08-06T12:48:54.4137808+03:00 level=info msg="Migration successfully executed" id="Add created time to annotation table" duration=1.583ms
logger=migrator t=2026-08-06T12:48:54.418906+03:00 level=info msg="Executing migration" id="Add updated time to annotation table"
logger=migrator t=2026-08-06T12:48:54.4200712+03:00 level=info msg="Migration successfully executed" id="Add updated time to annotation table" duration=1.1652ms
logger=migrator t=2026-08-06T12:48:54.4253401+03:00 level=info msg="Executing migration" id="Add index for created in annotation table"
logger=migrator t=2026-08-06T12:48:54.4265199+03:00 level=info msg="Migration successfully executed" id="Add index for created in annotation table" duration=1.1798ms
logger=migrator t=2026-08-06T12:48:54.4317283+03:00 level=info msg="Executing migration" id="Add index for updated in annotation table"
logger=migrator t=2026-08-06T12:48:54.4327778+03:00 level=info msg="Migration successfully executed" id="Add index for updated in annotation table" duration=1.0495ms
logger=migrator t=2026-08-06T12:48:54.4379857+03:00 level=info msg="Executing migration" id="Convert existing annotations from seconds to milliseconds"
logger=migrator t=2026-08-06T12:48:54.4385025+03:00 level=info msg="Migration successfully executed" id="Convert existing annotations from seconds to milliseconds" duration=516.8µs
logger=migrator t=2026-08-06T12:48:54.4442655+03:00 level=info msg="Executing migration" id="Add epoch_end column"
logger=migrator t=2026-08-06T12:48:54.4460273+03:00 level=info msg="Migration successfully executed" id="Add epoch_end column" duration=1.7618ms
logger=migrator t=2026-08-06T12:48:54.4511525+03:00 level=info msg="Executing migration" id="Add index for epoch_end"
logger=migrator t=2026-08-06T12:48:54.4522243+03:00 level=info msg="Migration successfully executed" id="Add index for epoch_end" duration=1.0718ms
logger=migrator t=2026-08-06T12:48:54.4572047+03:00 level=info msg="Executing migration" id="Make epoch_end the same as epoch"
logger=migrator t=2026-08-06T12:48:54.4577171+03:00 level=info msg="Migration successfully executed" id="Make epoch_end the same as epoch" duration=512.4µs
logger=migrator t=2026-08-06T12:48:54.4635878+03:00 level=info msg="Executing migration" id="Move region to single row"
logger=migrator t=2026-08-06T12:48:54.464133+03:00 level=info msg="Migration successfully executed" id="Move region to single row" duration=545.2µs
logger=migrator t=2026-08-06T12:48:54.4697804+03:00 level=info msg="Executing migration" id="Remove index org_id_epoch from annotation table"
logger=migrator t=2026-08-06T12:48:54.4708723+03:00 level=info msg="Migration successfully executed" id="Remove index org_id_epoch from annotation table" duration=1.0919ms
logger=migrator t=2026-08-06T12:48:54.4761494+03:00 level=info msg="Executing migration" id="Remove index org_id_dashboard_id_panel_id_epoch from annotation table"
logger=migrator t=2026-08-06T12:48:54.4772441+03:00 level=info msg="Migration successfully executed" id="Remove index org_id_dashboard_id_panel_id_epoch from annotation table" duration=1.0947ms
logger=migrator t=2026-08-06T12:48:54.4830861+03:00 level=info msg="Executing migration" id="Add index for org_id_dashboard_id_epoch_end_epoch on annotation table"
logger=migrator t=2026-08-06T12:48:54.4842516+03:00 level=info msg="Migration successfully executed" id="Add index for org_id_dashboard_id_epoch_end_epoch on annotation table" duration=1.1655ms
logger=migrator t=2026-08-06T12:48:54.4904705+03:00 level=info msg="Executing migration" id="Add index for org_id_epoch_end_epoch on annotation table"
logger=migrator t=2026-08-06T12:48:54.4910146+03:00 level=info msg="Migration successfully executed" id="Add index for org_id_epoch_end_epoch on annotation table" duration=544.1µs
logger=migrator t=2026-08-06T12:48:54.4971628+03:00 level=info msg="Executing migration" id="Remove index org_id_epoch_epoch_end from annotation table"
logger=migrator t=2026-08-06T12:48:54.4981723+03:00 level=info msg="Migration successfully executed" id="Remove index org_id_epoch_epoch_end from annotation table" duration=1.0095ms
logger=migrator t=2026-08-06T12:48:54.5041775+03:00 level=info msg="Executing migration" id="Add index for alert_id on annotation table"
logger=migrator t=2026-08-06T12:48:54.5051717+03:00 level=info msg="Migration successfully executed" id="Add index for alert_id on annotation table" duration=994.2µs
logger=migrator t=2026-08-06T12:48:54.5108088+03:00 level=info msg="Executing migration" id="Increase tags column to length 4096"
logger=migrator t=2026-08-06T12:48:54.5108088+03:00 level=info msg="Migration successfully executed" id="Increase tags column to length 4096" duration=0s
logger=migrator t=2026-08-06T12:48:54.517512+03:00 level=info msg="Executing migration" id="Increase prev_state column to length 40 not null"
logger=migrator t=2026-08-06T12:48:54.517512+03:00 level=info msg="Migration successfully executed" id="Increase prev_state column to length 40 not null" duration=0s
logger=migrator t=2026-08-06T12:48:54.5235184+03:00 level=info msg="Executing migration" id="Increase new_state column to length 40 not null"
logger=migrator t=2026-08-06T12:48:54.5235184+03:00 level=info msg="Migration successfully executed" id="Increase new_state column to length 40 not null" duration=0s
logger=migrator t=2026-08-06T12:48:54.5291466+03:00 level=info msg="Executing migration" id="Add dashboard_uid column to annotation table"
logger=migrator t=2026-08-06T12:48:54.5309136+03:00 level=info msg="Migration successfully executed" id="Add dashboard_uid column to annotation table" duration=1.767ms
logger=migrator t=2026-08-06T12:48:54.535771+03:00 level=info msg="Executing migration" id="Add missing dashboard_uid to annotation table"
logger=migrator t=2026-08-06T12:48:54.5362813+03:00 level=info msg="Starting batched dashboard_uid migration for annotations (newest first)" batchSize=5000
logger=migrator t=2026-08-06T12:48:54.5368217+03:00 level=info msg="Completed dashboard_uid migration for annotations" totalUpdated=0
logger=migrator t=2026-08-06T12:48:54.5368666+03:00 level=info msg="Migration successfully executed" id="Add missing dashboard_uid to annotation table" duration=1.0956ms
logger=migrator t=2026-08-06T12:48:54.542575+03:00 level=info msg="Executing migration" id="create test_data table"
logger=migrator t=2026-08-06T12:48:54.5436284+03:00 level=info msg="Migration successfully executed" id="create test_data table" duration=1.0534ms
logger=migrator t=2026-08-06T12:48:54.5491359+03:00 level=info msg="Executing migration" id="create dashboard_version table v1"
logger=migrator t=2026-08-06T12:48:54.5501396+03:00 level=info msg="Migration successfully executed" id="create dashboard_version table v1" duration=1.0037ms
logger=migrator t=2026-08-06T12:48:54.5558195+03:00 level=info msg="Executing migration" id="add index dashboard_version.dashboard_id"
logger=migrator t=2026-08-06T12:48:54.5558195+03:00 level=info msg="Migration successfully executed" id="add index dashboard_version.dashboard_id" duration=0s
logger=migrator t=2026-08-06T12:48:54.5626555+03:00 level=info msg="Executing migration" id="add unique index dashboard_version.dashboard_id and dashboard_version.version"
logger=migrator t=2026-08-06T12:48:54.5636579+03:00 level=info msg="Migration successfully executed" id="add unique index dashboard_version.dashboard_id and dashboard_version.version" duration=1.0024ms
logger=migrator t=2026-08-06T12:48:54.5693364+03:00 level=info msg="Executing migration" id="Set dashboard version to 1 where 0"
logger=migrator t=2026-08-06T12:48:54.5693364+03:00 level=info msg="Migration successfully executed" id="Set dashboard version to 1 where 0" duration=0s
logger=migrator t=2026-08-06T12:48:54.5753377+03:00 level=info msg="Executing migration" id="save existing dashboard data in dashboard_version table v1"
logger=migrator t=2026-08-06T12:48:54.5753377+03:00 level=info msg="Migration successfully executed" id="save existing dashboard data in dashboard_version table v1" duration=0s
logger=migrator t=2026-08-06T12:48:54.5820755+03:00 level=info msg="Executing migration" id="alter dashboard_version.data to mediumtext v1"
logger=migrator t=2026-08-06T12:48:54.5820755+03:00 level=info msg="Migration successfully executed" id="alter dashboard_version.data to mediumtext v1" duration=0s
logger=migrator t=2026-08-06T12:48:54.5882032+03:00 level=info msg="Executing migration" id="Add apiVersion for dashboard_version"
logger=migrator t=2026-08-06T12:48:54.5898408+03:00 level=info msg="Migration successfully executed" id="Add apiVersion for dashboard_version" duration=1.6376ms
logger=migrator t=2026-08-06T12:48:54.5948724+03:00 level=info msg="Executing migration" id="create team table"
logger=migrator t=2026-08-06T12:48:54.595937+03:00 level=info msg="Migration successfully executed" id="create team table" duration=1.0646ms
logger=migrator t=2026-08-06T12:48:54.601071+03:00 level=info msg="Executing migration" id="add index team.org_id"
logger=migrator t=2026-08-06T12:48:54.6020609+03:00 level=info msg="Migration successfully executed" id="add index team.org_id" duration=989.9µs
logger=migrator t=2026-08-06T12:48:54.6079948+03:00 level=info msg="Executing migration" id="add unique index team_org_id_name"
logger=migrator t=2026-08-06T12:48:54.6090037+03:00 level=info msg="Migration successfully executed" id="add unique index team_org_id_name" duration=1.0089ms
logger=migrator t=2026-08-06T12:48:54.6147687+03:00 level=info msg="Executing migration" id="Add column uid in team"
logger=migrator t=2026-08-06T12:48:54.6157684+03:00 level=info msg="Migration successfully executed" id="Add column uid in team" duration=999.7µs
logger=migrator t=2026-08-06T12:48:54.6206676+03:00 level=info msg="Executing migration" id="Update uid column values in team"
logger=migrator t=2026-08-06T12:48:54.621657+03:00 level=info msg="Migration successfully executed" id="Update uid column values in team" duration=989.4µs
logger=migrator t=2026-08-06T12:48:54.628674+03:00 level=info msg="Executing migration" id="Add unique index team_org_id_uid"
logger=migrator t=2026-08-06T12:48:54.6296593+03:00 level=info msg="Migration successfully executed" id="Add unique index team_org_id_uid" duration=985.3µs
logger=migrator t=2026-08-06T12:48:54.6356829+03:00 level=info msg="Executing migration" id="Add column external_uid in team"
logger=migrator t=2026-08-06T12:48:54.6375755+03:00 level=info msg="Migration successfully executed" id="Add column external_uid in team" duration=1.8926ms
logger=migrator t=2026-08-06T12:48:54.6431491+03:00 level=info msg="Executing migration" id="Add column is_provisioned in team"
logger=migrator t=2026-08-06T12:48:54.6442224+03:00 level=info msg="Migration successfully executed" id="Add column is_provisioned in team" duration=1.0733ms
logger=migrator t=2026-08-06T12:48:54.6497009+03:00 level=info msg="Executing migration" id="create team member table"
logger=migrator t=2026-08-06T12:48:54.6507412+03:00 level=info msg="Migration successfully executed" id="create team member table" duration=1.0403ms
logger=migrator t=2026-08-06T12:48:54.6569827+03:00 level=info msg="Executing migration" id="add index team_member.org_id"
logger=migrator t=2026-08-06T12:48:54.658023+03:00 level=info msg="Migration successfully executed" id="add index team_member.org_id" duration=1.0403ms
logger=migrator t=2026-08-06T12:48:54.664581+03:00 level=info msg="Executing migration" id="add unique index team_member_org_id_team_id_user_id"
logger=migrator t=2026-08-06T12:48:54.6656827+03:00 level=info msg="Migration successfully executed" id="add unique index team_member_org_id_team_id_user_id" duration=1.1017ms
logger=migrator t=2026-08-06T12:48:54.6716506+03:00 level=info msg="Executing migration" id="add index team_member.team_id"
logger=migrator t=2026-08-06T12:48:54.6726505+03:00 level=info msg="Migration successfully executed" id="add index team_member.team_id" duration=999.9µs
logger=migrator t=2026-08-06T12:48:54.6791602+03:00 level=info msg="Executing migration" id="Add column email to team table"
logger=migrator t=2026-08-06T12:48:54.6801608+03:00 level=info msg="Migration successfully executed" id="Add column email to team table" duration=1.0006ms
logger=migrator t=2026-08-06T12:48:54.6869775+03:00 level=info msg="Executing migration" id="Add column external to team_member table"
logger=migrator t=2026-08-06T12:48:54.6880501+03:00 level=info msg="Migration successfully executed" id="Add column external to team_member table" duration=1.0726ms
logger=migrator t=2026-08-06T12:48:54.6974485+03:00 level=info msg="Executing migration" id="Add column permission to team_member table"
logger=migrator t=2026-08-06T12:48:54.6991318+03:00 level=info msg="Migration successfully executed" id="Add column permission to team_member table" duration=1.6833ms
logger=migrator t=2026-08-06T12:48:54.7041859+03:00 level=info msg="Executing migration" id="add unique index team_member_user_id_org_id"
logger=migrator t=2026-08-06T12:48:54.7052213+03:00 level=info msg="Migration successfully executed" id="add unique index team_member_user_id_org_id" duration=1.0354ms
logger=migrator t=2026-08-06T12:48:54.7117756+03:00 level=info msg="Executing migration" id="Add column uid in team_member"
logger=migrator t=2026-08-06T12:48:54.7127757+03:00 level=info msg="Migration successfully executed" id="Add column uid in team_member" duration=1.0001ms
logger=migrator t=2026-08-06T12:48:54.7197586+03:00 level=info msg="Executing migration" id="Update uid column values in team_member"
logger=migrator t=2026-08-06T12:48:54.7197586+03:00 level=info msg="Migration successfully executed" id="Update uid column values in team_member" duration=0s
logger=migrator t=2026-08-06T12:48:54.7257989+03:00 level=info msg="Executing migration" id="Add unique index team_member_uid"
logger=migrator t=2026-08-06T12:48:54.7268787+03:00 level=info msg="Migration successfully executed" id="Add unique index team_member_uid" duration=1.0798ms
logger=migrator t=2026-08-06T12:48:54.7334837+03:00 level=info msg="Executing migration" id="Increase precision of team.updated to DATETIME(3)"
logger=migrator t=2026-08-06T12:48:54.7334837+03:00 level=info msg="Migration successfully executed" id="Increase precision of team.updated to DATETIME(3)" duration=0s
logger=migrator t=2026-08-06T12:48:54.7393873+03:00 level=info msg="Executing migration" id="create dashboard acl table"
logger=migrator t=2026-08-06T12:48:54.7407024+03:00 level=info msg="Migration successfully executed" id="create dashboard acl table" duration=1.3151ms
logger=migrator t=2026-08-06T12:48:54.7461292+03:00 level=info msg="Executing migration" id="add index dashboard_acl_dashboard_id"
logger=migrator t=2026-08-06T12:48:54.7476316+03:00 level=info msg="Migration successfully executed" id="add index dashboard_acl_dashboard_id" duration=1.5024ms
logger=migrator t=2026-08-06T12:48:54.7576154+03:00 level=info msg="Executing migration" id="add unique index dashboard_acl_dashboard_id_user_id"
logger=migrator t=2026-08-06T12:48:54.7576154+03:00 level=info msg="Migration successfully executed" id="add unique index dashboard_acl_dashboard_id_user_id" duration=0s
logger=migrator t=2026-08-06T12:48:54.7636186+03:00 level=info msg="Executing migration" id="add unique index dashboard_acl_dashboard_id_team_id"
logger=migrator t=2026-08-06T12:48:54.7656162+03:00 level=info msg="Migration successfully executed" id="add unique index dashboard_acl_dashboard_id_team_id" duration=1.9976ms
logger=migrator t=2026-08-06T12:48:54.7705004+03:00 level=info msg="Executing migration" id="add index dashboard_acl_user_id"
logger=migrator t=2026-08-06T12:48:54.772478+03:00 level=info msg="Migration successfully executed" id="add index dashboard_acl_user_id" duration=1.9776ms
logger=migrator t=2026-08-06T12:48:54.7774773+03:00 level=info msg="Executing migration" id="add index dashboard_acl_team_id"
logger=migrator t=2026-08-06T12:48:54.7794782+03:00 level=info msg="Migration successfully executed" id="add index dashboard_acl_team_id" duration=2.0009ms
logger=migrator t=2026-08-06T12:48:54.7864765+03:00 level=info msg="Executing migration" id="add index dashboard_acl_org_id_role"
logger=migrator t=2026-08-06T12:48:54.7874767+03:00 level=info msg="Migration successfully executed" id="add index dashboard_acl_org_id_role" duration=1.0002ms
logger=migrator t=2026-08-06T12:48:54.7934778+03:00 level=info msg="Executing migration" id="add index dashboard_permission"
logger=migrator t=2026-08-06T12:48:54.7944765+03:00 level=info msg="Migration successfully executed" id="add index dashboard_permission" duration=998.7µs
logger=migrator t=2026-08-06T12:48:54.7994755+03:00 level=info msg="Executing migration" id="save default acl rules in dashboard_acl table"
logger=migrator t=2026-08-06T12:48:54.800476+03:00 level=info msg="Migration successfully executed" id="save default acl rules in dashboard_acl table" duration=1.0005ms
logger=migrator t=2026-08-06T12:48:54.8074763+03:00 level=info msg="Executing migration" id="delete acl rules for deleted dashboards and folders"
logger=migrator t=2026-08-06T12:48:54.8074763+03:00 level=info msg="Migration successfully executed" id="delete acl rules for deleted dashboards and folders" duration=0s
logger=migrator t=2026-08-06T12:48:54.8134758+03:00 level=info msg="Executing migration" id="create tag table"
logger=migrator t=2026-08-06T12:48:54.8144778+03:00 level=info msg="Migration successfully executed" id="create tag table" duration=1.002ms
logger=migrator t=2026-08-06T12:48:54.8204758+03:00 level=info msg="Executing migration" id="add index tag.key_value"
logger=migrator t=2026-08-06T12:48:54.8214776+03:00 level=info msg="Migration successfully executed" id="add index tag.key_value" duration=1.0018ms
logger=migrator t=2026-08-06T12:48:54.827507+03:00 level=info msg="Executing migration" id="create login attempt table"
logger=migrator t=2026-08-06T12:48:54.8285651+03:00 level=info msg="Migration successfully executed" id="create login attempt table" duration=1.0581ms
logger=migrator t=2026-08-06T12:48:54.8338+03:00 level=info msg="Executing migration" id="add index login_attempt.username"
logger=migrator t=2026-08-06T12:48:54.8343133+03:00 level=info msg="Migration successfully executed" id="add index login_attempt.username" duration=513.3µs
logger=migrator t=2026-08-06T12:48:54.8413111+03:00 level=info msg="Executing migration" id="drop index IDX_login_attempt_username - v1"
logger=migrator t=2026-08-06T12:48:54.8423119+03:00 level=info msg="Migration successfully executed" id="drop index IDX_login_attempt_username - v1" duration=1.0008ms
logger=migrator t=2026-08-06T12:48:54.8483088+03:00 level=info msg="Executing migration" id="Rename table login_attempt to login_attempt_tmp_qwerty - v1"
logger=migrator t=2026-08-06T12:48:54.85031+03:00 level=info msg="Migration successfully executed" id="Rename table login_attempt to login_attempt_tmp_qwerty - v1" duration=2.0012ms
logger=migrator t=2026-08-06T12:48:54.8553083+03:00 level=info msg="Executing migration" id="create login_attempt v2"
logger=migrator t=2026-08-06T12:48:54.8583757+03:00 level=info msg="Migration successfully executed" id="create login_attempt v2" duration=3.0674ms
logger=migrator t=2026-08-06T12:48:54.8646536+03:00 level=info msg="Executing migration" id="create index IDX_login_attempt_username - v2"
logger=migrator t=2026-08-06T12:48:54.8666549+03:00 level=info msg="Migration successfully executed" id="create index IDX_login_attempt_username - v2" duration=2.0013ms
logger=migrator t=2026-08-06T12:48:54.8726541+03:00 level=info msg="Executing migration" id="copy login_attempt v1 to v2"
logger=migrator t=2026-08-06T12:48:54.8736559+03:00 level=info msg="Migration successfully executed" id="copy login_attempt v1 to v2" duration=1.0018ms
logger=migrator t=2026-08-06T12:48:54.8796532+03:00 level=info msg="Executing migration" id="drop login_attempt_tmp_qwerty"
logger=migrator t=2026-08-06T12:48:54.880655+03:00 level=info msg="Migration successfully executed" id="drop login_attempt_tmp_qwerty" duration=1.0018ms
logger=migrator t=2026-08-06T12:48:54.8922468+03:00 level=info msg="Executing migration" id="increase login_attempt.ip_address column length for IPv6 support"
logger=migrator t=2026-08-06T12:48:54.8922468+03:00 level=info msg="Migration successfully executed" id="increase login_attempt.ip_address column length for IPv6 support" duration=0s
logger=migrator t=2026-08-06T12:48:54.9013704+03:00 level=info msg="Executing migration" id="alter table login_attempt alter column created type to bigint"
logger=migrator t=2026-08-06T12:48:54.9013704+03:00 level=info msg="Migration successfully executed" id="alter table login_attempt alter column created type to bigint" duration=0s
logger=migrator t=2026-08-06T12:48:54.9081616+03:00 level=info msg="Executing migration" id="create user auth table"
logger=migrator t=2026-08-06T12:48:54.9086799+03:00 level=info msg="Migration successfully executed" id="create user auth table" duration=518.3µs
logger=migrator t=2026-08-06T12:48:54.9139765+03:00 level=info msg="Executing migration" id="create index IDX_user_auth_auth_module_auth_id - v1"
logger=migrator t=2026-08-06T12:48:54.915003+03:00 level=info msg="Migration successfully executed" id="create index IDX_user_auth_auth_module_auth_id - v1" duration=1.0265ms
logger=migrator t=2026-08-06T12:48:54.9195364+03:00 level=info msg="Executing migration" id="alter user_auth.auth_id to length 190"
logger=migrator t=2026-08-06T12:48:54.9195364+03:00 level=info msg="Migration successfully executed" id="alter user_auth.auth_id to length 190" duration=0s
logger=migrator t=2026-08-06T12:48:54.9265356+03:00 level=info msg="Executing migration" id="Add OAuth access token to user_auth"
logger=migrator t=2026-08-06T12:48:54.928048+03:00 level=info msg="Migration successfully executed" id="Add OAuth access token to user_auth" duration=1.5124ms
logger=migrator t=2026-08-06T12:48:54.9330466+03:00 level=info msg="Executing migration" id="Add OAuth refresh token to user_auth"
logger=migrator t=2026-08-06T12:48:54.93505+03:00 level=info msg="Migration successfully executed" id="Add OAuth refresh token to user_auth" duration=2.0034ms
logger=migrator t=2026-08-06T12:48:54.9410461+03:00 level=info msg="Executing migration" id="Add OAuth token type to user_auth"
logger=migrator t=2026-08-06T12:48:54.9420475+03:00 level=info msg="Migration successfully executed" id="Add OAuth token type to user_auth" duration=1.0014ms
logger=migrator t=2026-08-06T12:48:54.9480462+03:00 level=info msg="Executing migration" id="Add OAuth expiry to user_auth"
logger=migrator t=2026-08-06T12:48:54.9500483+03:00 level=info msg="Migration successfully executed" id="Add OAuth expiry to user_auth" duration=2.0021ms
logger=migrator t=2026-08-06T12:48:54.9560474+03:00 level=info msg="Executing migration" id="Add index to user_id column in user_auth"
logger=migrator t=2026-08-06T12:48:54.9570481+03:00 level=info msg="Migration successfully executed" id="Add index to user_id column in user_auth" duration=1.0007ms
logger=migrator t=2026-08-06T12:48:54.962047+03:00 level=info msg="Executing migration" id="Add OAuth ID token to user_auth"
logger=migrator t=2026-08-06T12:48:54.9640493+03:00 level=info msg="Migration successfully executed" id="Add OAuth ID token to user_auth" duration=2.0023ms
logger=migrator t=2026-08-06T12:48:54.9730472+03:00 level=info msg="Executing migration" id="Add user_unique_id to user_auth"
logger=migrator t=2026-08-06T12:48:54.9740485+03:00 level=info msg="Migration successfully executed" id="Add user_unique_id to user_auth" duration=1.0013ms
logger=migrator t=2026-08-06T12:48:54.9800482+03:00 level=info msg="Executing migration" id="Add user_uid to user_auth"
logger=migrator t=2026-08-06T12:48:54.9830475+03:00 level=info msg="Migration successfully executed" id="Add user_uid to user_auth" duration=2.9993ms
logger=migrator t=2026-08-06T12:48:54.9890474+03:00 level=info msg="Executing migration" id="Populate user_uid in user_auth from user table"
logger=migrator t=2026-08-06T12:48:54.9890474+03:00 level=info msg="Migration successfully executed" id="Populate user_uid in user_auth from user table" duration=0s
logger=migrator t=2026-08-06T12:48:54.9960478+03:00 level=info msg="Executing migration" id="create server_lock table"
logger=migrator t=2026-08-06T12:48:54.9960478+03:00 level=info msg="Migration successfully executed" id="create server_lock table" duration=0s
logger=migrator t=2026-08-06T12:48:55.0030481+03:00 level=info msg="Executing migration" id="add index server_lock.operation_uid"
logger=migrator t=2026-08-06T12:48:55.0040512+03:00 level=info msg="Migration successfully executed" id="add index server_lock.operation_uid" duration=1.0031ms
logger=migrator t=2026-08-06T12:48:55.0100464+03:00 level=info msg="Executing migration" id="create user auth token table"
logger=migrator t=2026-08-06T12:48:55.011049+03:00 level=info msg="Migration successfully executed" id="create user auth token table" duration=1.0026ms
logger=migrator t=2026-08-06T12:48:55.0170479+03:00 level=info msg="Executing migration" id="add unique index user_auth_token.auth_token"
logger=migrator t=2026-08-06T12:48:55.0180496+03:00 level=info msg="Migration successfully executed" id="add unique index user_auth_token.auth_token" duration=1.0017ms
logger=migrator t=2026-08-06T12:48:55.0230477+03:00 level=info msg="Executing migration" id="add unique index user_auth_token.prev_auth_token"
logger=migrator t=2026-08-06T12:48:55.0240487+03:00 level=info msg="Migration successfully executed" id="add unique index user_auth_token.prev_auth_token" duration=1.001ms
logger=migrator t=2026-08-06T12:48:55.0300484+03:00 level=info msg="Executing migration" id="add index user_auth_token.user_id"
logger=migrator t=2026-08-06T12:48:55.031049+03:00 level=info msg="Migration successfully executed" id="add index user_auth_token.user_id" duration=1.0006ms
logger=migrator t=2026-08-06T12:48:55.0370468+03:00 level=info msg="Executing migration" id="Add revoked_at to the user auth token"
logger=migrator t=2026-08-06T12:48:55.0390478+03:00 level=info msg="Migration successfully executed" id="Add revoked_at to the user auth token" duration=2.001ms
logger=migrator t=2026-08-06T12:48:55.0440483+03:00 level=info msg="Executing migration" id="add index user_auth_token.revoked_at"
logger=migrator t=2026-08-06T12:48:55.0460494+03:00 level=info msg="Migration successfully executed" id="add index user_auth_token.revoked_at" duration=2.0011ms
logger=migrator t=2026-08-06T12:48:55.0520481+03:00 level=info msg="Executing migration" id="add external_session_id to user_auth_token"
logger=migrator t=2026-08-06T12:48:55.0530483+03:00 level=info msg="Migration successfully executed" id="add external_session_id to user_auth_token" duration=1.0002ms
logger=migrator t=2026-08-06T12:48:55.060048+03:00 level=info msg="Executing migration" id="create cache_data table"
logger=migrator t=2026-08-06T12:48:55.060048+03:00 level=info msg="Migration successfully executed" id="create cache_data table" duration=0s
logger=migrator t=2026-08-06T12:48:55.0650479+03:00 level=info msg="Executing migration" id="add unique index cache_data.cache_key"
logger=migrator t=2026-08-06T12:48:55.0670481+03:00 level=info msg="Migration successfully executed" id="add unique index cache_data.cache_key" duration=2.0002ms
logger=migrator t=2026-08-06T12:48:55.073049+03:00 level=info msg="Executing migration" id="create short_url table v1"
logger=migrator t=2026-08-06T12:48:55.0740485+03:00 level=info msg="Migration successfully executed" id="create short_url table v1" duration=999.5µs
logger=migrator t=2026-08-06T12:48:55.0801222+03:00 level=info msg="Executing migration" id="add index short_url.org_id-uid"
logger=migrator t=2026-08-06T12:48:55.0811545+03:00 level=info msg="Migration successfully executed" id="add index short_url.org_id-uid" duration=1.0323ms
logger=migrator t=2026-08-06T12:48:55.0865956+03:00 level=info msg="Executing migration" id="alter table short_url alter column created_by type to bigint"
logger=migrator t=2026-08-06T12:48:55.0865956+03:00 level=info msg="Migration successfully executed" id="alter table short_url alter column created_by type to bigint" duration=0s
logger=migrator t=2026-08-06T12:48:55.092532+03:00 level=info msg="Executing migration" id="add index short_url.org_id-id"
logger=migrator t=2026-08-06T12:48:55.0930741+03:00 level=info msg="Migration successfully executed" id="add index short_url.org_id-id" duration=542.1µs
logger=migrator t=2026-08-06T12:48:55.1100464+03:00 level=info msg="Executing migration" id="delete alert_definition table"
logger=migrator t=2026-08-06T12:48:55.11056+03:00 level=info msg="Migration successfully executed" id="delete alert_definition table" duration=513.6µs
logger=migrator t=2026-08-06T12:48:55.1154706+03:00 level=info msg="Executing migration" id="recreate alert_definition table"
logger=migrator t=2026-08-06T12:48:55.1165878+03:00 level=info msg="Migration successfully executed" id="recreate alert_definition table" duration=1.1172ms
logger=migrator t=2026-08-06T12:48:55.1212504+03:00 level=info msg="Executing migration" id="add index in alert_definition on org_id and title columns"
logger=migrator t=2026-08-06T12:48:55.1223147+03:00 level=info msg="Migration successfully executed" id="add index in alert_definition on org_id and title columns" duration=1.0643ms
logger=migrator t=2026-08-06T12:48:55.1270595+03:00 level=info msg="Executing migration" id="add index in alert_definition on org_id and uid columns"
logger=migrator t=2026-08-06T12:48:55.1280987+03:00 level=info msg="Migration successfully executed" id="add index in alert_definition on org_id and uid columns" duration=1.0392ms
logger=migrator t=2026-08-06T12:48:55.1332508+03:00 level=info msg="Executing migration" id="alter alert_definition table data column to mediumtext in mysql"
logger=migrator t=2026-08-06T12:48:55.1332508+03:00 level=info msg="Migration successfully executed" id="alter alert_definition table data column to mediumtext in mysql" duration=0s
logger=migrator t=2026-08-06T12:48:55.1399378+03:00 level=info msg="Executing migration" id="drop index in alert_definition on org_id and title columns"
logger=migrator t=2026-08-06T12:48:55.14098+03:00 level=info msg="Migration successfully executed" id="drop index in alert_definition on org_id and title columns" duration=1.0422ms
logger=migrator t=2026-08-06T12:48:55.1464346+03:00 level=info msg="Executing migration" id="drop index in alert_definition on org_id and uid columns"
logger=migrator t=2026-08-06T12:48:55.147435+03:00 level=info msg="Migration successfully executed" id="drop index in alert_definition on org_id and uid columns" duration=1.0004ms
logger=migrator t=2026-08-06T12:48:55.1524593+03:00 level=info msg="Executing migration" id="add unique index in alert_definition on org_id and title columns"
logger=migrator t=2026-08-06T12:48:55.1539175+03:00 level=info msg="Migration successfully executed" id="add unique index in alert_definition on org_id and title columns" duration=1.4582ms
logger=migrator t=2026-08-06T12:48:55.1594284+03:00 level=info msg="Executing migration" id="add unique index in alert_definition on org_id and uid columns"
logger=migrator t=2026-08-06T12:48:55.1594284+03:00 level=info msg="Migration successfully executed" id="add unique index in alert_definition on org_id and uid columns" duration=0s
logger=migrator t=2026-08-06T12:48:55.1664925+03:00 level=info msg="Executing migration" id="Add column paused in alert_definition"
logger=migrator t=2026-08-06T12:48:55.1677121+03:00 level=info msg="Migration successfully executed" id="Add column paused in alert_definition" duration=1.2196ms
logger=migrator t=2026-08-06T12:48:55.1732208+03:00 level=info msg="Executing migration" id="drop alert_definition table"
logger=migrator t=2026-08-06T12:48:55.1737618+03:00 level=info msg="Migration successfully executed" id="drop alert_definition table" duration=541µs
logger=migrator t=2026-08-06T12:48:55.1799628+03:00 level=info msg="Executing migration" id="delete alert_definition_version table"
logger=migrator t=2026-08-06T12:48:55.1799628+03:00 level=info msg="Migration successfully executed" id="delete alert_definition_version table" duration=0s
logger=migrator t=2026-08-06T12:48:55.1859617+03:00 level=info msg="Executing migration" id="recreate alert_definition_version table"
logger=migrator t=2026-08-06T12:48:55.1859617+03:00 level=info msg="Migration successfully executed" id="recreate alert_definition_version table" duration=0s
logger=migrator t=2026-08-06T12:48:55.1919623+03:00 level=info msg="Executing migration" id="add index in alert_definition_version table on alert_definition_id and version columns"
logger=migrator t=2026-08-06T12:48:55.192963+03:00 level=info msg="Migration successfully executed" id="add index in alert_definition_version table on alert_definition_id and version columns" duration=1.0007ms
logger=migrator t=2026-08-06T12:48:55.1990454+03:00 level=info msg="Executing migration" id="add index in alert_definition_version table on alert_definition_uid and version columns"
logger=migrator t=2026-08-06T12:48:55.2000339+03:00 level=info msg="Migration successfully executed" id="add index in alert_definition_version table on alert_definition_uid and version columns" duration=988.5µs
logger=migrator t=2026-08-06T12:48:55.2052917+03:00 level=info msg="Executing migration" id="alter alert_definition_version table data column to mediumtext in mysql"
logger=migrator t=2026-08-06T12:48:55.2052917+03:00 level=info msg="Migration successfully executed" id="alter alert_definition_version table data column to mediumtext in mysql" duration=0s
logger=migrator t=2026-08-06T12:48:55.2112775+03:00 level=info msg="Executing migration" id="drop alert_definition_version table"
logger=migrator t=2026-08-06T12:48:55.2112775+03:00 level=info msg="Migration successfully executed" id="drop alert_definition_version table" duration=0s
logger=migrator t=2026-08-06T12:48:55.2185291+03:00 level=info msg="Executing migration" id="create alert_instance table"
logger=migrator t=2026-08-06T12:48:55.2195899+03:00 level=info msg="Migration successfully executed" id="create alert_instance table" duration=1.0608ms
logger=migrator t=2026-08-06T12:48:55.2239381+03:00 level=info msg="Executing migration" id="add index in alert_instance table on def_org_id, def_uid and current_state columns"
logger=migrator t=2026-08-06T12:48:55.2250342+03:00 level=info msg="Migration successfully executed" id="add index in alert_instance table on def_org_id, def_uid and current_state columns" duration=1.0961ms
logger=migrator t=2026-08-06T12:48:55.2312869+03:00 level=info msg="Executing migration" id="add index in alert_instance table on def_org_id, current_state columns"
logger=migrator t=2026-08-06T12:48:55.2323706+03:00 level=info msg="Migration successfully executed" id="add index in alert_instance table on def_org_id, current_state columns" duration=1.0837ms
logger=migrator t=2026-08-06T12:48:55.2377218+03:00 level=info msg="Executing migration" id="add column current_state_end to alert_instance"
logger=migrator t=2026-08-06T12:48:55.2393148+03:00 level=info msg="Migration successfully executed" id="add column current_state_end to alert_instance" duration=1.593ms
logger=migrator t=2026-08-06T12:48:55.2445862+03:00 level=info msg="Executing migration" id="remove index def_org_id, def_uid, current_state on alert_instance"
logger=migrator t=2026-08-06T12:48:55.2451165+03:00 level=info msg="Migration successfully executed" id="remove index def_org_id, def_uid, current_state on alert_instance" duration=530.3µs
logger=migrator t=2026-08-06T12:48:55.2510681+03:00 level=info msg="Executing migration" id="remove index def_org_id, current_state on alert_instance"
logger=migrator t=2026-08-06T12:48:55.251595+03:00 level=info msg="Migration successfully executed" id="remove index def_org_id, current_state on alert_instance" duration=526.9µs
logger=migrator t=2026-08-06T12:48:55.2581342+03:00 level=info msg="Executing migration" id="rename def_org_id to rule_org_id in alert_instance"
logger=migrator t=2026-08-06T12:48:55.2621543+03:00 level=info msg="Migration successfully executed" id="rename def_org_id to rule_org_id in alert_instance" duration=4.0201ms
logger=migrator t=2026-08-06T12:48:55.2674492+03:00 level=info msg="Executing migration" id="rename def_uid to rule_uid in alert_instance"
logger=migrator t=2026-08-06T12:48:55.2724491+03:00 level=info msg="Migration successfully executed" id="rename def_uid to rule_uid in alert_instance" duration=4.9999ms
logger=migrator t=2026-08-06T12:48:55.2783518+03:00 level=info msg="Executing migration" id="add index rule_org_id, rule_uid, current_state on alert_instance"
logger=migrator t=2026-08-06T12:48:55.2791174+03:00 level=info msg="Migration successfully executed" id="add index rule_org_id, rule_uid, current_state on alert_instance" duration=765.6µs
logger=migrator t=2026-08-06T12:48:55.2847499+03:00 level=info msg="Executing migration" id="add index rule_org_id, current_state on alert_instance"
logger=migrator t=2026-08-06T12:48:55.2852732+03:00 level=info msg="Migration successfully executed" id="add index rule_org_id, current_state on alert_instance" duration=523.3µs
logger=migrator t=2026-08-06T12:48:55.2912062+03:00 level=info msg="Executing migration" id="add current_reason column related to current_state"
logger=migrator t=2026-08-06T12:48:55.2928797+03:00 level=info msg="Migration successfully executed" id="add current_reason column related to current_state" duration=1.6735ms
logger=migrator t=2026-08-06T12:48:55.2986108+03:00 level=info msg="Executing migration" id="add result_fingerprint column to alert_instance"
logger=migrator t=2026-08-06T12:48:55.3003098+03:00 level=info msg="Migration successfully executed" id="add result_fingerprint column to alert_instance" duration=1.699ms
logger=migrator t=2026-08-06T12:48:55.3052537+03:00 level=info msg="Executing migration" id="create alert_rule table"
logger=migrator t=2026-08-06T12:48:55.3062557+03:00 level=info msg="Migration successfully executed" id="create alert_rule table" duration=1.002ms
logger=migrator t=2026-08-06T12:48:55.3112551+03:00 level=info msg="Executing migration" id="add index in alert_rule on org_id and title columns"
logger=migrator t=2026-08-06T12:48:55.3122547+03:00 level=info msg="Migration successfully executed" id="add index in alert_rule on org_id and title columns" duration=999.6µs
logger=migrator t=2026-08-06T12:48:55.3183548+03:00 level=info msg="Executing migration" id="add index in alert_rule on org_id and uid columns"
logger=migrator t=2026-08-06T12:48:55.3192546+03:00 level=info msg="Migration successfully executed" id="add index in alert_rule on org_id and uid columns" duration=899.8µs
logger=migrator t=2026-08-06T12:48:55.324885+03:00 level=info msg="Executing migration" id="add index in alert_rule on org_id, namespace_uid, group_uid columns"
logger=migrator t=2026-08-06T12:48:55.3258646+03:00 level=info msg="Migration successfully executed" id="add index in alert_rule on org_id, namespace_uid, group_uid columns" duration=979.6µs
logger=migrator t=2026-08-06T12:48:55.3319982+03:00 level=info msg="Executing migration" id="alter alert_rule table data column to mediumtext in mysql"
logger=migrator t=2026-08-06T12:48:55.3319982+03:00 level=info msg="Migration successfully executed" id="alter alert_rule table data column to mediumtext in mysql" duration=0s
logger=migrator t=2026-08-06T12:48:55.3378445+03:00 level=info msg="Executing migration" id="add column for to alert_rule"
logger=migrator t=2026-08-06T12:48:55.3394295+03:00 level=info msg="Migration successfully executed" id="add column for to alert_rule" duration=1.585ms
logger=migrator t=2026-08-06T12:48:55.3443363+03:00 level=info msg="Executing migration" id="add column annotations to alert_rule"
logger=migrator t=2026-08-06T12:48:55.3454605+03:00 level=info msg="Migration successfully executed" id="add column annotations to alert_rule" duration=1.1242ms
logger=migrator t=2026-08-06T12:48:55.3512521+03:00 level=info msg="Executing migration" id="add column labels to alert_rule"
logger=migrator t=2026-08-06T12:48:55.3528383+03:00 level=info msg="Migration successfully executed" id="add column labels to alert_rule" duration=1.5862ms
logger=migrator t=2026-08-06T12:48:55.3577892+03:00 level=info msg="Executing migration" id="remove unique index from alert_rule on org_id, title columns"
logger=migrator t=2026-08-06T12:48:55.35836+03:00 level=info msg="Migration successfully executed" id="remove unique index from alert_rule on org_id, title columns" duration=570.8µs
logger=migrator t=2026-08-06T12:48:55.3640363+03:00 level=info msg="Executing migration" id="add index in alert_rule on org_id, namespase_uid and title columns"
logger=migrator t=2026-08-06T12:48:55.3650663+03:00 level=info msg="Migration successfully executed" id="add index in alert_rule on org_id, namespase_uid and title columns" duration=1.03ms
logger=migrator t=2026-08-06T12:48:55.3717372+03:00 level=info msg="Executing migration" id="add dashboard_uid column to alert_rule"
logger=migrator t=2026-08-06T12:48:55.3726866+03:00 level=info msg="Migration successfully executed" id="add dashboard_uid column to alert_rule" duration=949.4µs
logger=migrator t=2026-08-06T12:48:55.3797198+03:00 level=info msg="Executing migration" id="add panel_id column to alert_rule"
logger=migrator t=2026-08-06T12:48:55.3822156+03:00 level=info msg="Migration successfully executed" id="add panel_id column to alert_rule" duration=2.4958ms
logger=migrator t=2026-08-06T12:48:55.3880889+03:00 level=info msg="Executing migration" id="add index in alert_rule on org_id, dashboard_uid and panel_id columns"
logger=migrator t=2026-08-06T12:48:55.3891762+03:00 level=info msg="Migration successfully executed" id="add index in alert_rule on org_id, dashboard_uid and panel_id columns" duration=1.0873ms
logger=migrator t=2026-08-06T12:48:55.3950666+03:00 level=info msg="Executing migration" id="add rule_group_idx column to alert_rule"
logger=migrator t=2026-08-06T12:48:55.398208+03:00 level=info msg="Migration successfully executed" id="add rule_group_idx column to alert_rule" duration=2.6374ms
logger=migrator t=2026-08-06T12:48:55.4030685+03:00 level=info msg="Executing migration" id="add is_paused column to alert_rule table"
logger=migrator t=2026-08-06T12:48:55.4056322+03:00 level=info msg="Migration successfully executed" id="add is_paused column to alert_rule table" duration=2.5637ms
logger=migrator t=2026-08-06T12:48:55.41201+03:00 level=info msg="Executing migration" id="fix is_paused column for alert_rule table"
logger=migrator t=2026-08-06T12:48:55.41201+03:00 level=info msg="Migration successfully executed" id="fix is_paused column for alert_rule table" duration=0s
logger=migrator t=2026-08-06T12:48:55.4187787+03:00 level=info msg="Executing migration" id="alter table alert_rule alter column rule_group_idx type to bigint"
logger=migrator t=2026-08-06T12:48:55.4187787+03:00 level=info msg="Migration successfully executed" id="alter table alert_rule alter column rule_group_idx type to bigint" duration=0s
logger=migrator t=2026-08-06T12:48:55.4243573+03:00 level=info msg="Executing migration" id="create alert_rule_version table"
logger=migrator t=2026-08-06T12:48:55.4254833+03:00 level=info msg="Migration successfully executed" id="create alert_rule_version table" duration=1.126ms
logger=migrator t=2026-08-06T12:48:55.4396231+03:00 level=info msg="Executing migration" id="add index in alert_rule_version table on rule_org_id, rule_uid and version columns"
logger=migrator t=2026-08-06T12:48:55.4407042+03:00 level=info msg="Migration successfully executed" id="add index in alert_rule_version table on rule_org_id, rule_uid and version columns" duration=1.0811ms
logger=migrator t=2026-08-06T12:48:55.4562608+03:00 level=info msg="Executing migration" id="add index in alert_rule_version table on rule_org_id, rule_namespace_uid and rule_group columns"
logger=migrator t=2026-08-06T12:48:55.4592647+03:00 level=info msg="Migration successfully executed" id="add index in alert_rule_version table on rule_org_id, rule_namespace_uid and rule_group columns" duration=3.0039ms
logger=migrator t=2026-08-06T12:48:55.4782169+03:00 level=info msg="Executing migration" id="alter alert_rule_version table data column to mediumtext in mysql"
logger=migrator t=2026-08-06T12:48:55.4782169+03:00 level=info msg="Migration successfully executed" id="alter alert_rule_version table data column to mediumtext in mysql" duration=0s
logger=migrator t=2026-08-06T12:48:55.4854032+03:00 level=info msg="Executing migration" id="add column for to alert_rule_version"
logger=migrator t=2026-08-06T12:48:55.4984049+03:00 level=info msg="Migration successfully executed" id="add column for to alert_rule_version" duration=13.0017ms
logger=migrator t=2026-08-06T12:48:55.509821+03:00 level=info msg="Executing migration" id="add column annotations to alert_rule_version"
logger=migrator t=2026-08-06T12:48:55.5118226+03:00 level=info msg="Migration successfully executed" id="add column annotations to alert_rule_version" duration=2.0016ms
logger=migrator t=2026-08-06T12:48:55.519893+03:00 level=info msg="Executing migration" id="add column labels to alert_rule_version"
logger=migrator t=2026-08-06T12:48:55.5218225+03:00 level=info msg="Migration successfully executed" id="add column labels to alert_rule_version" duration=1.9295ms
logger=migrator t=2026-08-06T12:48:55.529822+03:00 level=info msg="Executing migration" id="add rule_group_idx column to alert_rule_version"
logger=migrator t=2026-08-06T12:48:55.5318227+03:00 level=info msg="Migration successfully executed" id="add rule_group_idx column to alert_rule_version" duration=2.0007ms
logger=migrator t=2026-08-06T12:48:55.542821+03:00 level=info msg="Executing migration" id="add is_paused column to alert_rule_versions table"
logger=migrator t=2026-08-06T12:48:55.5448416+03:00 level=info msg="Migration successfully executed" id="add is_paused column to alert_rule_versions table" duration=2.0206ms
logger=migrator t=2026-08-06T12:48:55.5594419+03:00 level=info msg="Executing migration" id="fix is_paused column for alert_rule_version table"
logger=migrator t=2026-08-06T12:48:55.5594419+03:00 level=info msg="Migration successfully executed" id="fix is_paused column for alert_rule_version table" duration=0s
logger=migrator t=2026-08-06T12:48:55.5652442+03:00 level=info msg="Executing migration" id="alter table alert_rule_version alter column rule_group_idx type to bigint"
logger=migrator t=2026-08-06T12:48:55.5652442+03:00 level=info msg="Migration successfully executed" id="alter table alert_rule_version alter column rule_group_idx type to bigint" duration=0s
logger=migrator t=2026-08-06T12:48:55.5701967+03:00 level=info msg="Executing migration" id=create_alert_configuration_table
logger=migrator t=2026-08-06T12:48:55.5722166+03:00 level=info msg="Migration successfully executed" id=create_alert_configuration_table duration=2.0199ms
logger=migrator t=2026-08-06T12:48:55.5773205+03:00 level=info msg="Executing migration" id="Add column default in alert_configuration"
logger=migrator t=2026-08-06T12:48:55.5784587+03:00 level=info msg="Migration successfully executed" id="Add column default in alert_configuration" duration=1.1382ms
logger=migrator t=2026-08-06T12:48:55.5841888+03:00 level=info msg="Executing migration" id="alert alert_configuration alertmanager_configuration column from TEXT to MEDIUMTEXT if mysql"
logger=migrator t=2026-08-06T12:48:55.5841888+03:00 level=info msg="Migration successfully executed" id="alert alert_configuration alertmanager_configuration column from TEXT to MEDIUMTEXT if mysql" duration=0s
logger=migrator t=2026-08-06T12:48:55.5898963+03:00 level=info msg="Executing migration" id="add column org_id in alert_configuration"
logger=migrator t=2026-08-06T12:48:55.5918921+03:00 level=info msg="Migration successfully executed" id="add column org_id in alert_configuration" duration=1.9958ms
logger=migrator t=2026-08-06T12:48:55.5972332+03:00 level=info msg="Executing migration" id="add index in alert_configuration table on org_id column"
logger=migrator t=2026-08-06T12:48:55.5983073+03:00 level=info msg="Migration successfully executed" id="add index in alert_configuration table on org_id column" duration=1.0741ms
logger=migrator t=2026-08-06T12:48:55.6037882+03:00 level=info msg="Executing migration" id="add configuration_hash column to alert_configuration"
logger=migrator t=2026-08-06T12:48:55.6059028+03:00 level=info msg="Migration successfully executed" id="add configuration_hash column to alert_configuration" duration=2.1146ms
logger=migrator t=2026-08-06T12:48:55.6120294+03:00 level=info msg="Executing migration" id=create_ngalert_configuration_table
logger=migrator t=2026-08-06T12:48:55.6131705+03:00 level=info msg="Migration successfully executed" id=create_ngalert_configuration_table duration=1.1411ms
logger=migrator t=2026-08-06T12:48:55.6188955+03:00 level=info msg="Executing migration" id="add index in ngalert_configuration on org_id column"
logger=migrator t=2026-08-06T12:48:55.6199332+03:00 level=info msg="Migration successfully executed" id="add index in ngalert_configuration on org_id column" duration=1.0377ms
logger=migrator t=2026-08-06T12:48:55.6262364+03:00 level=info msg="Executing migration" id="add column send_alerts_to in ngalert_configuration"
logger=migrator t=2026-08-06T12:48:55.6280306+03:00 level=info msg="Migration successfully executed" id="add column send_alerts_to in ngalert_configuration" duration=1.7942ms
logger=migrator t=2026-08-06T12:48:55.6333242+03:00 level=info msg="Executing migration" id="create provenance_type table"
logger=migrator t=2026-08-06T12:48:55.6343853+03:00 level=info msg="Migration successfully executed" id="create provenance_type table" duration=1.0611ms
logger=migrator t=2026-08-06T12:48:55.6399555+03:00 level=info msg="Executing migration" id="add index to uniquify (record_key, record_type, org_id) columns"
logger=migrator t=2026-08-06T12:48:55.640949+03:00 level=info msg="Migration successfully executed" id="add index to uniquify (record_key, record_type, org_id) columns" duration=993.5µs
logger=migrator t=2026-08-06T12:48:55.6467931+03:00 level=info msg="Executing migration" id="create alert_image table"
logger=migrator t=2026-08-06T12:48:55.6477945+03:00 level=info msg="Migration successfully executed" id="create alert_image table" duration=1.0014ms
logger=migrator t=2026-08-06T12:48:55.6534953+03:00 level=info msg="Executing migration" id="add unique index on token to alert_image table"
logger=migrator t=2026-08-06T12:48:55.6545484+03:00 level=info msg="Migration successfully executed" id="add unique index on token to alert_image table" duration=1.0531ms
logger=migrator t=2026-08-06T12:48:55.6610087+03:00 level=info msg="Executing migration" id="support longer URLs in alert_image table"
logger=migrator t=2026-08-06T12:48:55.6610087+03:00 level=info msg="Migration successfully executed" id="support longer URLs in alert_image table" duration=0s
logger=migrator t=2026-08-06T12:48:55.6669322+03:00 level=info msg="Executing migration" id=create_alert_configuration_history_table
logger=migrator t=2026-08-06T12:48:55.6681206+03:00 level=info msg="Migration successfully executed" id=create_alert_configuration_history_table duration=1.1884ms
logger=migrator t=2026-08-06T12:48:55.6737086+03:00 level=info msg="Executing migration" id="drop non-unique orgID index on alert_configuration"
logger=migrator t=2026-08-06T12:48:55.6744265+03:00 level=info msg="Migration successfully executed" id="drop non-unique orgID index on alert_configuration" duration=717.9µs
logger=migrator t=2026-08-06T12:48:55.6798269+03:00 level=info msg="Executing migration" id="drop unique orgID index on alert_configuration if exists"
logger=migrator t=2026-08-06T12:48:55.6798269+03:00 level=warn msg="Skipping migration: Already executed, but not recorded in migration log" id="drop unique orgID index on alert_configuration if exists"
logger=migrator t=2026-08-06T12:48:55.6860688+03:00 level=info msg="Executing migration" id="extract alertmanager configuration history to separate table"
logger=migrator t=2026-08-06T12:48:55.6870778+03:00 level=info msg="Migration successfully executed" id="extract alertmanager configuration history to separate table" duration=1.009ms
logger=migrator t=2026-08-06T12:48:55.6937117+03:00 level=info msg="Executing migration" id="add unique index on orgID to alert_configuration"
logger=migrator t=2026-08-06T12:48:55.6944843+03:00 level=info msg="Migration successfully executed" id="add unique index on orgID to alert_configuration" duration=1.0267ms
logger=migrator t=2026-08-06T12:48:55.7006548+03:00 level=info msg="Executing migration" id="add last_applied column to alert_configuration_history"
logger=migrator t=2026-08-06T12:48:55.7022983+03:00 level=info msg="Migration successfully executed" id="add last_applied column to alert_configuration_history" duration=1.6435ms
logger=migrator t=2026-08-06T12:48:55.7075417+03:00 level=info msg="Executing migration" id="add message column to alert_rule_version"
logger=migrator t=2026-08-06T12:48:55.7096044+03:00 level=info msg="Migration successfully executed" id="add message column to alert_rule_version" duration=2.0149ms
logger=migrator t=2026-08-06T12:48:55.7151957+03:00 level=info msg="Executing migration" id="add column external_alertmanager_uid in ngalert_configuration"
logger=migrator t=2026-08-06T12:48:55.7170736+03:00 level=info msg="Migration successfully executed" id="add column external_alertmanager_uid in ngalert_configuration" duration=1.8779ms
logger=migrator t=2026-08-06T12:48:55.7230812+03:00 level=info msg="Executing migration" id="create library_element table v1"
logger=migrator t=2026-08-06T12:48:55.7238944+03:00 level=info msg="Migration successfully executed" id="create library_element table v1" duration=813.2µs
logger=migrator t=2026-08-06T12:48:55.7299187+03:00 level=info msg="Executing migration" id="add index library_element org_id-folder_id-name-kind"
logger=migrator t=2026-08-06T12:48:55.7309493+03:00 level=info msg="Migration successfully executed" id="add index library_element org_id-folder_id-name-kind" duration=1.0306ms
logger=migrator t=2026-08-06T12:48:55.7360056+03:00 level=info msg="Executing migration" id="create library_element_connection table v1"
logger=migrator t=2026-08-06T12:48:55.7360056+03:00 level=info msg="Migration successfully executed" id="create library_element_connection table v1" duration=0s
logger=migrator t=2026-08-06T12:48:55.7432906+03:00 level=info msg="Executing migration" id="add index library_element_connection element_id-kind-connection_id"
logger=migrator t=2026-08-06T12:48:55.7442931+03:00 level=info msg="Migration successfully executed" id="add index library_element_connection element_id-kind-connection_id" duration=1.0025ms
logger=migrator t=2026-08-06T12:48:55.7492904+03:00 level=info msg="Executing migration" id="add unique index library_element org_id_uid"
logger=migrator t=2026-08-06T12:48:55.751293+03:00 level=info msg="Migration successfully executed" id="add unique index library_element org_id_uid" duration=2.0026ms
logger=migrator t=2026-08-06T12:48:55.7563183+03:00 level=info msg="Executing migration" id="increase max description length to 2048"
logger=migrator t=2026-08-06T12:48:55.7572891+03:00 level=info msg="Migration successfully executed" id="increase max description length to 2048" duration=970.8µs
logger=migrator t=2026-08-06T12:48:55.762534+03:00 level=info msg="Executing migration" id="alter library_element model to mediumtext"
logger=migrator t=2026-08-06T12:48:55.762534+03:00 level=info msg="Migration successfully executed" id="alter library_element model to mediumtext" duration=0s
logger=migrator t=2026-08-06T12:48:55.7681645+03:00 level=info msg="Executing migration" id="add library_element folder uid"
logger=migrator t=2026-08-06T12:48:55.7699452+03:00 level=info msg="Migration successfully executed" id="add library_element folder uid" duration=1.7807ms
logger=migrator t=2026-08-06T12:48:55.7749748+03:00 level=info msg="Executing migration" id="populate library_element folder_uid"
logger=migrator t=2026-08-06T12:48:55.7755378+03:00 level=info msg="Migration successfully executed" id="populate library_element folder_uid" duration=563µs
logger=migrator t=2026-08-06T12:48:55.7856894+03:00 level=info msg="Executing migration" id="add index library_element org_id-folder_uid-name-kind"
logger=migrator t=2026-08-06T12:48:55.7862063+03:00 level=info msg="Migration successfully executed" id="add index library_element org_id-folder_uid-name-kind" duration=516.9µs
logger=migrator t=2026-08-06T12:48:55.7967022+03:00 level=info msg="Executing migration" id="drop unique name in folder index (id)"
logger=migrator t=2026-08-06T12:48:55.79817+03:00 level=info msg="Migration successfully executed" id="drop unique name in folder index (id)" duration=1.4678ms
logger=migrator t=2026-08-06T12:48:55.8031683+03:00 level=info msg="Executing migration" id="drop unique name in folder index"
logger=migrator t=2026-08-06T12:48:55.8042619+03:00 level=info msg="Migration successfully executed" id="drop unique name in folder index" duration=1.0936ms
logger=migrator t=2026-08-06T12:48:55.8110271+03:00 level=info msg="Executing migration" id="clone move dashboard alerts to unified alerting"
logger=migrator t=2026-08-06T12:48:55.8116309+03:00 level=info msg="Migration successfully executed" id="clone move dashboard alerts to unified alerting" duration=603.8µs
logger=migrator t=2026-08-06T12:48:55.8187813+03:00 level=info msg="Executing migration" id="create data_keys table"
logger=migrator t=2026-08-06T12:48:55.8197363+03:00 level=info msg="Migration successfully executed" id="create data_keys table" duration=955µs
logger=migrator t=2026-08-06T12:48:55.8242737+03:00 level=info msg="Executing migration" id="create secrets table"
logger=migrator t=2026-08-06T12:48:55.8256163+03:00 level=info msg="Migration successfully executed" id="create secrets table" duration=1.3426ms
logger=migrator t=2026-08-06T12:48:55.8326527+03:00 level=info msg="Executing migration" id="rename data_keys name column to id"
logger=migrator t=2026-08-06T12:48:55.8376146+03:00 level=info msg="Migration successfully executed" id="rename data_keys name column to id" duration=4.9619ms
logger=migrator t=2026-08-06T12:48:55.8440753+03:00 level=info msg="Executing migration" id="add name column into data_keys"
logger=migrator t=2026-08-06T12:48:55.8464694+03:00 level=info msg="Migration successfully executed" id="add name column into data_keys" duration=2.3941ms
logger=migrator t=2026-08-06T12:48:55.8518128+03:00 level=info msg="Executing migration" id="copy data_keys id column values into name"
logger=migrator t=2026-08-06T12:48:55.8523393+03:00 level=info msg="Migration successfully executed" id="copy data_keys id column values into name" duration=526.5µs
logger=migrator t=2026-08-06T12:48:55.8576462+03:00 level=info msg="Executing migration" id="rename data_keys name column to label"
logger=migrator t=2026-08-06T12:48:55.8640736+03:00 level=info msg="Migration successfully executed" id="rename data_keys name column to label" duration=6.4274ms
logger=migrator t=2026-08-06T12:48:55.8700581+03:00 level=info msg="Executing migration" id="rename data_keys id column back to name"
logger=migrator t=2026-08-06T12:48:55.8756897+03:00 level=info msg="Migration successfully executed" id="rename data_keys id column back to name" duration=5.6316ms
logger=migrator t=2026-08-06T12:48:55.8853349+03:00 level=info msg="Executing migration" id="create kv_store table v1"
logger=migrator t=2026-08-06T12:48:55.8863352+03:00 level=info msg="Migration successfully executed" id="create kv_store table v1" duration=1.0003ms
logger=migrator t=2026-08-06T12:48:55.892186+03:00 level=info msg="Executing migration" id="add index kv_store.org_id-namespace-key"
logger=migrator t=2026-08-06T12:48:55.8932845+03:00 level=info msg="Migration successfully executed" id="add index kv_store.org_id-namespace-key" duration=1.0985ms
logger=migrator t=2026-08-06T12:48:55.898471+03:00 level=info msg="Executing migration" id="update dashboard_uid and panel_id from existing annotations"
logger=migrator t=2026-08-06T12:48:55.899024+03:00 level=info msg="Migration successfully executed" id="update dashboard_uid and panel_id from existing annotations" duration=553µs
logger=migrator t=2026-08-06T12:48:55.9118254+03:00 level=info msg="Executing migration" id="create permission table"
logger=migrator t=2026-08-06T12:48:55.91243+03:00 level=info msg="Migration successfully executed" id="create permission table" duration=604.6µs
logger=migrator t=2026-08-06T12:48:55.9186116+03:00 level=info msg="Executing migration" id="add unique index permission.role_id"
logger=migrator t=2026-08-06T12:48:55.9195584+03:00 level=info msg="Migration successfully executed" id="add unique index permission.role_id" duration=946.8µs
logger=migrator t=2026-08-06T12:48:55.9251517+03:00 level=info msg="Executing migration" id="add unique index role_id_action_scope"
logger=migrator t=2026-08-06T12:48:55.9261522+03:00 level=info msg="Migration successfully executed" id="add unique index role_id_action_scope" duration=1.0005ms
logger=migrator t=2026-08-06T12:48:55.9321894+03:00 level=info msg="Executing migration" id="create role table"
logger=migrator t=2026-08-06T12:48:55.933188+03:00 level=info msg="Migration successfully executed" id="create role table" duration=998.6µs
logger=migrator t=2026-08-06T12:48:55.9381819+03:00 level=info msg="Executing migration" id="add column display_name"
logger=migrator t=2026-08-06T12:48:55.9401816+03:00 level=info msg="Migration successfully executed" id="add column display_name" duration=1.9997ms
logger=migrator t=2026-08-06T12:48:55.9463527+03:00 level=info msg="Executing migration" id="add column group_name"
logger=migrator t=2026-08-06T12:48:55.9478864+03:00 level=info msg="Migration successfully executed" id="add column group_name" duration=1.5337ms
logger=migrator t=2026-08-06T12:48:55.9543437+03:00 level=info msg="Executing migration" id="add index role.org_id"
logger=migrator t=2026-08-06T12:48:55.9554014+03:00 level=info msg="Migration successfully executed" id="add index role.org_id" duration=1.0577ms
logger=migrator t=2026-08-06T12:48:55.9612994+03:00 level=info msg="Executing migration" id="add unique index role_org_id_name"
logger=migrator t=2026-08-06T12:48:55.9619+03:00 level=info msg="Migration successfully executed" id="add unique index role_org_id_name" duration=600.6µs
logger=migrator t=2026-08-06T12:48:55.9674256+03:00 level=info msg="Executing migration" id="add index role_org_id_uid"
logger=migrator t=2026-08-06T12:48:55.9685148+03:00 level=info msg="Migration successfully executed" id="add index role_org_id_uid" duration=1.0892ms
logger=migrator t=2026-08-06T12:48:55.9748984+03:00 level=info msg="Executing migration" id="create team role table"
logger=migrator t=2026-08-06T12:48:55.9748984+03:00 level=info msg="Migration successfully executed" id="create team role table" duration=0s
logger=migrator t=2026-08-06T12:48:55.9811783+03:00 level=info msg="Executing migration" id="add index team_role.org_id"
logger=migrator t=2026-08-06T12:48:55.9823614+03:00 level=info msg="Migration successfully executed" id="add index team_role.org_id" duration=1.1831ms
logger=migrator t=2026-08-06T12:48:55.9887483+03:00 level=info msg="Executing migration" id="add unique index team_role_org_id_team_id_role_id"
logger=migrator t=2026-08-06T12:48:55.9898153+03:00 level=info msg="Migration successfully executed" id="add unique index team_role_org_id_team_id_role_id" duration=1.067ms
logger=migrator t=2026-08-06T12:48:55.9966877+03:00 level=info msg="Executing migration" id="add index team_role.team_id"
logger=migrator t=2026-08-06T12:48:55.9982584+03:00 level=info msg="Migration successfully executed" id="add index team_role.team_id" duration=1.5707ms
logger=migrator t=2026-08-06T12:48:56.0041423+03:00 level=info msg="Executing migration" id="create user role table"
logger=migrator t=2026-08-06T12:48:56.0051864+03:00 level=info msg="Migration successfully executed" id="create user role table" duration=1.0441ms
logger=migrator t=2026-08-06T12:48:56.0109334+03:00 level=info msg="Executing migration" id="add index user_role.org_id"
logger=migrator t=2026-08-06T12:48:56.0120009+03:00 level=info msg="Migration successfully executed" id="add index user_role.org_id" duration=1.0675ms
logger=migrator t=2026-08-06T12:48:56.01777+03:00 level=info msg="Executing migration" id="add unique index user_role_org_id_user_id_role_id"
logger=migrator t=2026-08-06T12:48:56.0187615+03:00 level=info msg="Migration successfully executed" id="add unique index user_role_org_id_user_id_role_id" duration=991.5µs
logger=migrator t=2026-08-06T12:48:56.024137+03:00 level=info msg="Executing migration" id="add index user_role.user_id"
logger=migrator t=2026-08-06T12:48:56.0260301+03:00 level=info msg="Migration successfully executed" id="add index user_role.user_id" duration=1.8931ms
logger=migrator t=2026-08-06T12:48:56.0315976+03:00 level=info msg="Executing migration" id="create builtin role table"
logger=migrator t=2026-08-06T12:48:56.0327365+03:00 level=info msg="Migration successfully executed" id="create builtin role table" duration=1.1389ms
logger=migrator t=2026-08-06T12:48:56.0377279+03:00 level=info msg="Executing migration" id="add index builtin_role.role_id"
logger=migrator t=2026-08-06T12:48:56.0382734+03:00 level=info msg="Migration successfully executed" id="add index builtin_role.role_id" duration=545.5µs
logger=migrator t=2026-08-06T12:48:56.0436941+03:00 level=info msg="Executing migration" id="add index builtin_role.name"
logger=migrator t=2026-08-06T12:48:56.0446965+03:00 level=info msg="Migration successfully executed" id="add index builtin_role.name" duration=1.0024ms
logger=migrator t=2026-08-06T12:48:56.051846+03:00 level=info msg="Executing migration" id="Add column org_id to builtin_role table"
logger=migrator t=2026-08-06T12:48:56.0536009+03:00 level=info msg="Migration successfully executed" id="Add column org_id to builtin_role table" duration=1.7549ms
logger=migrator t=2026-08-06T12:48:56.0597133+03:00 level=info msg="Executing migration" id="add index builtin_role.org_id"
logger=migrator t=2026-08-06T12:48:56.0605248+03:00 level=info msg="Migration successfully executed" id="add index builtin_role.org_id" duration=811.5µs
logger=migrator t=2026-08-06T12:48:56.0663727+03:00 level=info msg="Executing migration" id="add unique index builtin_role_org_id_role_id_role"
logger=migrator t=2026-08-06T12:48:56.0674761+03:00 level=info msg="Migration successfully executed" id="add unique index builtin_role_org_id_role_id_role" duration=1.1034ms
logger=migrator t=2026-08-06T12:48:56.0728493+03:00 level=info msg="Executing migration" id="Remove unique index role_org_id_uid"
logger=migrator t=2026-08-06T12:48:56.0739042+03:00 level=info msg="Migration successfully executed" id="Remove unique index role_org_id_uid" duration=1.0549ms
logger=migrator t=2026-08-06T12:48:56.0801819+03:00 level=info msg="Executing migration" id="add unique index role.uid"
logger=migrator t=2026-08-06T12:48:56.0811815+03:00 level=info msg="Migration successfully executed" id="add unique index role.uid" duration=999.6µs
logger=migrator t=2026-08-06T12:48:56.0871843+03:00 level=info msg="Executing migration" id="create seed assignment table"
logger=migrator t=2026-08-06T12:48:56.0881827+03:00 level=info msg="Migration successfully executed" id="create seed assignment table" duration=998.4µs
logger=migrator t=2026-08-06T12:48:56.0941813+03:00 level=info msg="Executing migration" id="add unique index builtin_role_role_name"
logger=migrator t=2026-08-06T12:48:56.0941813+03:00 level=info msg="Migration successfully executed" id="add unique index builtin_role_role_name" duration=0s
logger=migrator t=2026-08-06T12:48:56.1001832+03:00 level=info msg="Executing migration" id="add column hidden to role table"
logger=migrator t=2026-08-06T12:48:56.1021825+03:00 level=info msg="Migration successfully executed" id="add column hidden to role table" duration=1.9993ms
logger=migrator t=2026-08-06T12:48:56.1072098+03:00 level=info msg="Executing migration" id="permission kind migration"
logger=migrator t=2026-08-06T12:48:56.1092079+03:00 level=info msg="Migration successfully executed" id="permission kind migration" duration=1.9981ms
logger=migrator t=2026-08-06T12:48:56.1142172+03:00 level=info msg="Executing migration" id="permission attribute migration"
logger=migrator t=2026-08-06T12:48:56.1169341+03:00 level=info msg="Migration successfully executed" id="permission attribute migration" duration=2.7169ms
logger=migrator t=2026-08-06T12:48:56.1219665+03:00 level=info msg="Executing migration" id="permission identifier migration"
logger=migrator t=2026-08-06T12:48:56.1236183+03:00 level=info msg="Migration successfully executed" id="permission identifier migration" duration=1.6518ms
logger=migrator t=2026-08-06T12:48:56.12971+03:00 level=info msg="Executing migration" id="add permission identifier index"
logger=migrator t=2026-08-06T12:48:56.1302323+03:00 level=info msg="Migration successfully executed" id="add permission identifier index" duration=522.3µs
logger=migrator t=2026-08-06T12:48:56.1355336+03:00 level=info msg="Executing migration" id="add permission action scope role_id index"
logger=migrator t=2026-08-06T12:48:56.1364684+03:00 level=info msg="Migration successfully executed" id="add permission action scope role_id index" duration=934.8µs
logger=migrator t=2026-08-06T12:48:56.1425699+03:00 level=info msg="Executing migration" id="remove permission role_id action scope index"
logger=migrator t=2026-08-06T12:48:56.1435511+03:00 level=info msg="Migration successfully executed" id="remove permission role_id action scope index" duration=981.2µs
logger=migrator t=2026-08-06T12:48:56.1496396+03:00 level=info msg="Executing migration" id="add group mapping UID column to user_role table"
logger=migrator t=2026-08-06T12:48:56.1519252+03:00 level=info msg="Migration successfully executed" id="add group mapping UID column to user_role table" duration=2.2856ms
logger=migrator t=2026-08-06T12:48:56.1573863+03:00 level=info msg="Executing migration" id="add user_role org ID, user ID, role ID, group mapping UID index"
logger=migrator t=2026-08-06T12:48:56.1584471+03:00 level=info msg="Migration successfully executed" id="add user_role org ID, user ID, role ID, group mapping UID index" duration=1.0608ms
logger=migrator t=2026-08-06T12:48:56.1634197+03:00 level=info msg="Executing migration" id="remove user_role org ID, user ID, role ID index"
logger=migrator t=2026-08-06T12:48:56.1644779+03:00 level=info msg="Migration successfully executed" id="remove user_role org ID, user ID, role ID index" duration=1.0582ms
logger=migrator t=2026-08-06T12:48:56.1699053+03:00 level=info msg="Executing migration" id="add permission role_id action index"
logger=migrator t=2026-08-06T12:48:56.1709773+03:00 level=info msg="Migration successfully executed" id="add permission role_id action index" duration=1.072ms
logger=migrator t=2026-08-06T12:48:56.1793411+03:00 level=info msg="Executing migration" id="Remove permission role_id index"
logger=migrator t=2026-08-06T12:48:56.1803399+03:00 level=info msg="Migration successfully executed" id="Remove permission role_id index" duration=998.8µs
logger=migrator t=2026-08-06T12:48:56.1862569+03:00 level=info msg="Executing migration" id="add permission role_id scope index"
logger=migrator t=2026-08-06T12:48:56.187356+03:00 level=info msg="Migration successfully executed" id="add permission role_id scope index" duration=1.0991ms
logger=migrator t=2026-08-06T12:48:56.1927353+03:00 level=info msg="Executing migration" id="alter permission.kind to length 80"
logger=migrator t=2026-08-06T12:48:56.1927353+03:00 level=info msg="Migration successfully executed" id="alter permission.kind to length 80" duration=0s
logger=migrator t=2026-08-06T12:48:56.1992658+03:00 level=info msg="Executing migration" id="add datasource_type column to permission table"
logger=migrator t=2026-08-06T12:48:56.2008518+03:00 level=info msg="Migration successfully executed" id="add datasource_type column to permission table" duration=1.586ms
logger=migrator t=2026-08-06T12:48:56.2065833+03:00 level=info msg="Executing migration" id="Expand role.uid length to 253"
logger=migrator t=2026-08-06T12:48:56.2065833+03:00 level=info msg="Migration successfully executed" id="Expand role.uid length to 253" duration=0s
logger=migrator t=2026-08-06T12:48:56.2122435+03:00 level=info msg="Executing migration" id="populate datasource_type in permission table for uid-scoped datasource permissions"
logger=migrator t=2026-08-06T12:48:56.2132286+03:00 level=info msg="Migration successfully executed" id="populate datasource_type in permission table for uid-scoped datasource permissions" duration=985.1µs
logger=migrator t=2026-08-06T12:48:56.2192617+03:00 level=info msg="Executing migration" id="create query_history table v1"
logger=migrator t=2026-08-06T12:48:56.2202275+03:00 level=info msg="Migration successfully executed" id="create query_history table v1" duration=965.8µs
logger=migrator t=2026-08-06T12:48:56.2257219+03:00 level=info msg="Executing migration" id="add index query_history.org_id-created_by-datasource_uid"
logger=migrator t=2026-08-06T12:48:56.2268988+03:00 level=info msg="Migration successfully executed" id="add index query_history.org_id-created_by-datasource_uid" duration=1.1769ms
logger=migrator t=2026-08-06T12:48:56.2336439+03:00 level=info msg="Executing migration" id="alter table query_history alter column created_by type to bigint"
logger=migrator t=2026-08-06T12:48:56.2336439+03:00 level=info msg="Migration successfully executed" id="alter table query_history alter column created_by type to bigint" duration=0s
logger=migrator t=2026-08-06T12:48:56.2398385+03:00 level=info msg="Executing migration" id="create query_history_details table v1"
logger=migrator t=2026-08-06T12:48:56.2403781+03:00 level=info msg="Migration successfully executed" id="create query_history_details table v1" duration=539.6µs
logger=migrator t=2026-08-06T12:48:56.2463137+03:00 level=info msg="Executing migration" id="rbac disabled migrator"
logger=migrator t=2026-08-06T12:48:56.2463137+03:00 level=info msg="Migration successfully executed" id="rbac disabled migrator" duration=0s
logger=migrator t=2026-08-06T12:48:56.2524712+03:00 level=info msg="Executing migration" id="teams permissions migration"
logger=migrator t=2026-08-06T12:48:56.2524712+03:00 level=info msg="Migration successfully executed" id="teams permissions migration" duration=0s
logger=migrator t=2026-08-06T12:48:56.2581838+03:00 level=info msg="Executing migration" id="dashboard permissions"
logger=migrator t=2026-08-06T12:48:56.2581838+03:00 level=info msg="Migration successfully executed" id="dashboard permissions" duration=0s
logger=migrator t=2026-08-06T12:48:56.2656245+03:00 level=info msg="Executing migration" id="dashboard permissions uid scopes"
logger=migrator t=2026-08-06T12:48:56.2656245+03:00 level=info msg="Migration successfully executed" id="dashboard permissions uid scopes" duration=0s
logger=migrator t=2026-08-06T12:48:56.2716226+03:00 level=info msg="Executing migration" id="drop managed folder create actions"
logger=migrator t=2026-08-06T12:48:56.2716226+03:00 level=info msg="Migration successfully executed" id="drop managed folder create actions" duration=0s
logger=migrator t=2026-08-06T12:48:56.2773496+03:00 level=info msg="Executing migration" id="alerting notification permissions"
logger=migrator t=2026-08-06T12:48:56.2783501+03:00 level=info msg="Migration successfully executed" id="alerting notification permissions" duration=1.0005ms
logger=migrator t=2026-08-06T12:48:56.2833517+03:00 level=info msg="Executing migration" id="create query_history_star table v1"
logger=migrator t=2026-08-06T12:48:56.2843494+03:00 level=info msg="Migration successfully executed" id="create query_history_star table v1" duration=997.7µs
logger=migrator t=2026-08-06T12:48:56.2904724+03:00 level=info msg="Executing migration" id="add index query_history.user_id-query_uid"
logger=migrator t=2026-08-06T12:48:56.2915477+03:00 level=info msg="Migration successfully executed" id="add index query_history.user_id-query_uid" duration=1.0753ms
logger=migrator t=2026-08-06T12:48:56.2969198+03:00 level=info msg="Executing migration" id="add column org_id in query_history_star"
logger=migrator t=2026-08-06T12:48:56.2994548+03:00 level=info msg="Migration successfully executed" id="add column org_id in query_history_star" duration=2.535ms
logger=migrator t=2026-08-06T12:48:56.3055396+03:00 level=info msg="Executing migration" id="alter table query_history_star_mig column user_id type to bigint"
logger=migrator t=2026-08-06T12:48:56.3055396+03:00 level=info msg="Migration successfully executed" id="alter table query_history_star_mig column user_id type to bigint" duration=0s
logger=migrator t=2026-08-06T12:48:56.3110179+03:00 level=info msg="Executing migration" id="create correlation table v1"
logger=migrator t=2026-08-06T12:48:56.3121692+03:00 level=info msg="Migration successfully executed" id="create correlation table v1" duration=1.1513ms
logger=migrator t=2026-08-06T12:48:56.3182341+03:00 level=info msg="Executing migration" id="add index correlations.uid"
logger=migrator t=2026-08-06T12:48:56.3193805+03:00 level=info msg="Migration successfully executed" id="add index correlations.uid" duration=1.1464ms
logger=migrator t=2026-08-06T12:48:56.3253249+03:00 level=info msg="Executing migration" id="add index correlations.source_uid"
logger=migrator t=2026-08-06T12:48:56.3258672+03:00 level=info msg="Migration successfully executed" id="add index correlations.source_uid" duration=542.3µs
logger=migrator t=2026-08-06T12:48:56.3312596+03:00 level=info msg="Executing migration" id="add correlation config column"
logger=migrator t=2026-08-06T12:48:56.3328075+03:00 level=info msg="Migration successfully executed" id="add correlation config column" duration=1.5479ms
logger=migrator t=2026-08-06T12:48:56.3389133+03:00 level=info msg="Executing migration" id="drop index IDX_correlation_uid - v1"
logger=migrator t=2026-08-06T12:48:56.3400119+03:00 level=info msg="Migration successfully executed" id="drop index IDX_correlation_uid - v1" duration=1.0986ms
logger=migrator t=2026-08-06T12:48:56.3454843+03:00 level=info msg="Executing migration" id="drop index IDX_correlation_source_uid - v1"
logger=migrator t=2026-08-06T12:48:56.3459971+03:00 level=info msg="Migration successfully executed" id="drop index IDX_correlation_source_uid - v1" duration=512.8µs
logger=migrator t=2026-08-06T12:48:56.3580218+03:00 level=info msg="Executing migration" id="Rename table correlation to correlation_tmp_qwerty - v1"
logger=migrator t=2026-08-06T12:48:56.3619949+03:00 level=info msg="Migration successfully executed" id="Rename table correlation to correlation_tmp_qwerty - v1" duration=3.9731ms
logger=migrator t=2026-08-06T12:48:56.3680687+03:00 level=info msg="Executing migration" id="create correlation v2"
logger=migrator t=2026-08-06T12:48:56.3690773+03:00 level=info msg="Migration successfully executed" id="create correlation v2" duration=1.0086ms
logger=migrator t=2026-08-06T12:48:56.3744054+03:00 level=info msg="Executing migration" id="create index IDX_correlation_uid - v2"
logger=migrator t=2026-08-06T12:48:56.3744054+03:00 level=info msg="Migration successfully executed" id="create index IDX_correlation_uid - v2" duration=0s
logger=migrator t=2026-08-06T12:48:56.380589+03:00 level=info msg="Executing migration" id="create index IDX_correlation_source_uid - v2"
logger=migrator t=2026-08-06T12:48:56.3811026+03:00 level=info msg="Migration successfully executed" id="create index IDX_correlation_source_uid - v2" duration=513.6µs
logger=migrator t=2026-08-06T12:48:56.3870125+03:00 level=info msg="Executing migration" id="create index IDX_correlation_org_id - v2"
logger=migrator t=2026-08-06T12:48:56.3881281+03:00 level=info msg="Migration successfully executed" id="create index IDX_correlation_org_id - v2" duration=1.1156ms
logger=migrator t=2026-08-06T12:48:56.3938157+03:00 level=info msg="Executing migration" id="copy correlation v1 to v2"
logger=migrator t=2026-08-06T12:48:56.3943347+03:00 level=info msg="Migration successfully executed" id="copy correlation v1 to v2" duration=519µs
logger=migrator t=2026-08-06T12:48:56.3999926+03:00 level=info msg="Executing migration" id="drop correlation_tmp_qwerty"
logger=migrator t=2026-08-06T12:48:56.4005118+03:00 level=info msg="Migration successfully executed" id="drop correlation_tmp_qwerty" duration=519.2µs
logger=migrator t=2026-08-06T12:48:56.4054926+03:00 level=info msg="Executing migration" id="add provisioning column"
logger=migrator t=2026-08-06T12:48:56.4075896+03:00 level=info msg="Migration successfully executed" id="add provisioning column" duration=2.097ms
logger=migrator t=2026-08-06T12:48:56.4123645+03:00 level=info msg="Executing migration" id="add type column"
logger=migrator t=2026-08-06T12:48:56.4143689+03:00 level=info msg="Migration successfully executed" id="add type column" duration=2.0044ms
logger=migrator t=2026-08-06T12:48:56.4197365+03:00 level=info msg="Executing migration" id="create dashboard public config v1"
logger=migrator t=2026-08-06T12:48:56.4207384+03:00 level=info msg="Migration successfully executed" id="create dashboard public config v1" duration=1.0019ms
logger=migrator t=2026-08-06T12:48:56.425743+03:00 level=info msg="Executing migration" id="drop index UQE_dashboard_public_config_uid - v1"
logger=migrator t=2026-08-06T12:48:56.426736+03:00 level=warn msg="Skipping migration: Already executed, but not recorded in migration log" id="drop index UQE_dashboard_public_config_uid - v1"
logger=migrator t=2026-08-06T12:48:56.4328055+03:00 level=info msg="Executing migration" id="drop index IDX_dashboard_public_config_org_id_dashboard_uid - v1"
logger=migrator t=2026-08-06T12:48:56.4333429+03:00 level=warn msg="Skipping migration: Already executed, but not recorded in migration log" id="drop index IDX_dashboard_public_config_org_id_dashboard_uid - v1"
logger=migrator t=2026-08-06T12:48:56.4385049+03:00 level=info msg="Executing migration" id="Drop old dashboard public config table"
logger=migrator t=2026-08-06T12:48:56.4396318+03:00 level=info msg="Migration successfully executed" id="Drop old dashboard public config table" duration=1.1269ms
logger=migrator t=2026-08-06T12:48:56.4450674+03:00 level=info msg="Executing migration" id="recreate dashboard public config v1"
logger=migrator t=2026-08-06T12:48:56.4467149+03:00 level=info msg="Migration successfully executed" id="recreate dashboard public config v1" duration=1.6373ms
logger=migrator t=2026-08-06T12:48:56.4522557+03:00 level=info msg="Executing migration" id="create index UQE_dashboard_public_config_uid - v1"
logger=migrator t=2026-08-06T12:48:56.4535302+03:00 level=info msg="Migration successfully executed" id="create index UQE_dashboard_public_config_uid - v1" duration=1.2745ms
logger=migrator t=2026-08-06T12:48:56.4595719+03:00 level=info msg="Executing migration" id="create index IDX_dashboard_public_config_org_id_dashboard_uid - v1"
logger=migrator t=2026-08-06T12:48:56.46061+03:00 level=info msg="Migration successfully executed" id="create index IDX_dashboard_public_config_org_id_dashboard_uid - v1" duration=1.0381ms
logger=migrator t=2026-08-06T12:48:56.4663434+03:00 level=info msg="Executing migration" id="drop index UQE_dashboard_public_config_uid - v2"
logger=migrator t=2026-08-06T12:48:56.4669017+03:00 level=info msg="Migration successfully executed" id="drop index UQE_dashboard_public_config_uid - v2" duration=558.3µs
logger=migrator t=2026-08-06T12:48:56.4727172+03:00 level=info msg="Executing migration" id="drop index IDX_dashboard_public_config_org_id_dashboard_uid - v2"
logger=migrator t=2026-08-06T12:48:56.4737183+03:00 level=info msg="Migration successfully executed" id="drop index IDX_dashboard_public_config_org_id_dashboard_uid - v2" duration=1.0011ms
logger=migrator t=2026-08-06T12:48:56.478962+03:00 level=info msg="Executing migration" id="Drop public config table"
logger=migrator t=2026-08-06T12:48:56.4800501+03:00 level=info msg="Migration successfully executed" id="Drop public config table" duration=1.0881ms
logger=migrator t=2026-08-06T12:48:56.4846644+03:00 level=info msg="Executing migration" id="Recreate dashboard public config v2"
logger=migrator t=2026-08-06T12:48:56.4856652+03:00 level=info msg="Migration successfully executed" id="Recreate dashboard public config v2" duration=1.0008ms
logger=migrator t=2026-08-06T12:48:56.4923368+03:00 level=info msg="Executing migration" id="create index UQE_dashboard_public_config_uid - v2"
logger=migrator t=2026-08-06T12:48:56.4928741+03:00 level=info msg="Migration successfully executed" id="create index UQE_dashboard_public_config_uid - v2" duration=537.3µs
logger=migrator t=2026-08-06T12:48:56.4989626+03:00 level=info msg="Executing migration" id="create index IDX_dashboard_public_config_org_id_dashboard_uid - v2"
logger=migrator t=2026-08-06T12:48:56.4998272+03:00 level=info msg="Migration successfully executed" id="create index IDX_dashboard_public_config_org_id_dashboard_uid - v2" duration=864.6µs
logger=migrator t=2026-08-06T12:48:56.5048449+03:00 level=info msg="Executing migration" id="create index UQE_dashboard_public_config_access_token - v2"
logger=migrator t=2026-08-06T12:48:56.5059388+03:00 level=info msg="Migration successfully executed" id="create index UQE_dashboard_public_config_access_token - v2" duration=1.0939ms
logger=migrator t=2026-08-06T12:48:56.5112657+03:00 level=info msg="Executing migration" id="Rename table dashboard_public_config to dashboard_public - v2"
logger=migrator t=2026-08-06T12:48:56.5153535+03:00 level=info msg="Migration successfully executed" id="Rename table dashboard_public_config to dashboard_public - v2" duration=4.0878ms
logger=migrator t=2026-08-06T12:48:56.5219467+03:00 level=info msg="Executing migration" id="add annotations_enabled column"
logger=migrator t=2026-08-06T12:48:56.5238404+03:00 level=info msg="Migration successfully executed" id="add annotations_enabled column" duration=1.8937ms
logger=migrator t=2026-08-06T12:48:56.5301006+03:00 level=info msg="Executing migration" id="add time_selection_enabled column"
logger=migrator t=2026-08-06T12:48:56.5311022+03:00 level=info msg="Migration successfully executed" id="add time_selection_enabled column" duration=1.0016ms
logger=migrator t=2026-08-06T12:48:56.5374342+03:00 level=info msg="Executing migration" id="delete orphaned public dashboards"
logger=migrator t=2026-08-06T12:48:56.5386186+03:00 level=info msg="Migration successfully executed" id="delete orphaned public dashboards" duration=1.1844ms
logger=migrator t=2026-08-06T12:48:56.5444504+03:00 level=info msg="Executing migration" id="add share column"
logger=migrator t=2026-08-06T12:48:56.5466271+03:00 level=info msg="Migration successfully executed" id="add share column" duration=2.1767ms
logger=migrator t=2026-08-06T12:48:56.5522377+03:00 level=info msg="Executing migration" id="backfill empty share column fields with default of public"
logger=migrator t=2026-08-06T12:48:56.5522377+03:00 level=info msg="Migration successfully executed" id="backfill empty share column fields with default of public" duration=55.6µs
logger=migrator t=2026-08-06T12:48:56.5584629+03:00 level=info msg="Executing migration" id="create file table"
logger=migrator t=2026-08-06T12:48:56.5591486+03:00 level=info msg="Migration successfully executed" id="create file table" duration=685.7µs
logger=migrator t=2026-08-06T12:48:56.5645364+03:00 level=info msg="Executing migration" id="file table idx: path natural pk"
logger=migrator t=2026-08-06T12:48:56.5668336+03:00 level=info msg="Migration successfully executed" id="file table idx: path natural pk" duration=2.2972ms
logger=migrator t=2026-08-06T12:48:56.5718318+03:00 level=info msg="Executing migration" id="file table idx: parent_folder_path_hash fast folder retrieval"
logger=migrator t=2026-08-06T12:48:56.572851+03:00 level=info msg="Migration successfully executed" id="file table idx: parent_folder_path_hash fast folder retrieval" duration=1.0192ms
logger=migrator t=2026-08-06T12:48:56.5784491+03:00 level=info msg="Executing migration" id="create file_meta table"
logger=migrator t=2026-08-06T12:48:56.5796286+03:00 level=info msg="Migration successfully executed" id="create file_meta table" duration=1.1795ms
logger=migrator t=2026-08-06T12:48:56.5860366+03:00 level=info msg="Executing migration" id="file table idx: path key"
logger=migrator t=2026-08-06T12:48:56.5870985+03:00 level=info msg="Migration successfully executed" id="file table idx: path key" duration=1.0619ms
logger=migrator t=2026-08-06T12:48:56.5931547+03:00 level=info msg="Executing migration" id="set path collation in file table"
logger=migrator t=2026-08-06T12:48:56.5931547+03:00 level=info msg="Migration successfully executed" id="set path collation in file table" duration=0s
logger=migrator t=2026-08-06T12:48:56.5990523+03:00 level=info msg="Executing migration" id="migrate contents column to mediumblob for MySQL"
logger=migrator t=2026-08-06T12:48:56.5990523+03:00 level=info msg="Migration successfully executed" id="migrate contents column to mediumblob for MySQL" duration=0s
logger=migrator t=2026-08-06T12:48:56.6053426+03:00 level=info msg="Executing migration" id="drop my_row_id and add primary key to file table if my_row_id exists (auto-generated mysql column)"
logger=migrator t=2026-08-06T12:48:56.6058888+03:00 level=warn msg="Skipping migration: Already executed, but not recorded in migration log" id="drop my_row_id and add primary key to file table if my_row_id exists (auto-generated mysql column)"
logger=migrator t=2026-08-06T12:48:56.6118742+03:00 level=info msg="Executing migration" id="drop file_path unique index from file table if it exists (mysql)"
logger=migrator t=2026-08-06T12:48:56.6118742+03:00 level=info msg="Migration successfully executed" id="drop file_path unique index from file table if it exists (mysql)" duration=0s
logger=migrator t=2026-08-06T12:48:56.6187087+03:00 level=info msg="Executing migration" id="add primary key to file table if it doesn't exist (mysql)"
logger=migrator t=2026-08-06T12:48:56.6187087+03:00 level=info msg="Migration successfully executed" id="add primary key to file table if it doesn't exist (mysql)" duration=0s
logger=migrator t=2026-08-06T12:48:56.6250554+03:00 level=info msg="Executing migration" id="add primary key to file table (postgres and sqlite)"
logger=migrator t=2026-08-06T12:48:56.6296345+03:00 level=info msg="Migration successfully executed" id="add primary key to file table (postgres and sqlite)" duration=4.5791ms
logger=migrator t=2026-08-06T12:48:56.6351833+03:00 level=info msg="Executing migration" id="drop my_row_id and add primary key to file_meta table if my_row_id exists (auto-generated mysql column)"
logger=migrator t=2026-08-06T12:48:56.635693+03:00 level=warn msg="Skipping migration: Already executed, but not recorded in migration log" id="drop my_row_id and add primary key to file_meta table if my_row_id exists (auto-generated mysql column)"
logger=migrator t=2026-08-06T12:48:56.6414746+03:00 level=info msg="Executing migration" id="drop file_path unique index from file_meta table if it exists (mysql)"
logger=migrator t=2026-08-06T12:48:56.6414746+03:00 level=info msg="Migration successfully executed" id="drop file_path unique index from file_meta table if it exists (mysql)" duration=0s
logger=migrator t=2026-08-06T12:48:56.6474735+03:00 level=info msg="Executing migration" id="add primary key to file_meta table if it doesn't exist (mysql)"
logger=migrator t=2026-08-06T12:48:56.6474735+03:00 level=info msg="Migration successfully executed" id="add primary key to file_meta table if it doesn't exist (mysql)" duration=0s
logger=migrator t=2026-08-06T12:48:56.6534702+03:00 level=info msg="Executing migration" id="add primary key to file_meta table (postgres and sqlite)"
logger=migrator t=2026-08-06T12:48:56.6574117+03:00 level=info msg="Migration successfully executed" id="add primary key to file_meta table (postgres and sqlite)" duration=3.9415ms
logger=migrator t=2026-08-06T12:48:56.6630723+03:00 level=info msg="Executing migration" id="managed permissions migration"
logger=migrator t=2026-08-06T12:48:56.6637217+03:00 level=info msg="Migration successfully executed" id="managed permissions migration" duration=649.4µs
logger=migrator t=2026-08-06T12:48:56.6692+03:00 level=info msg="Executing migration" id="managed folder permissions alert actions migration"
logger=migrator t=2026-08-06T12:48:56.6692+03:00 level=info msg="Migration successfully executed" id="managed folder permissions alert actions migration" duration=0s
logger=migrator t=2026-08-06T12:48:56.6753181+03:00 level=info msg="Executing migration" id="RBAC action name migrator"
logger=migrator t=2026-08-06T12:48:56.6763044+03:00 level=info msg="Migration successfully executed" id="RBAC action name migrator" duration=986.3µs
logger=migrator t=2026-08-06T12:48:56.6818718+03:00 level=info msg="Executing migration" id="update group index for alert rules"
logger=migrator t=2026-08-06T12:48:56.6818718+03:00 level=info msg="Migration successfully executed" id="update group index for alert rules" duration=0s
logger=migrator t=2026-08-06T12:48:56.6878909+03:00 level=info msg="Executing migration" id="managed folder permissions alert actions repeated migration"
logger=migrator t=2026-08-06T12:48:56.6878909+03:00 level=info msg="Migration successfully executed" id="managed folder permissions alert actions repeated migration" duration=0s
logger=migrator t=2026-08-06T12:48:56.6939228+03:00 level=info msg="Executing migration" id="admin only folder/dashboard permission"
logger=migrator t=2026-08-06T12:48:56.6939228+03:00 level=info msg="Migration successfully executed" id="admin only folder/dashboard permission" duration=0s
logger=migrator t=2026-08-06T12:48:56.7006799+03:00 level=info msg="Executing migration" id="add action column to seed_assignment"
logger=migrator t=2026-08-06T12:48:56.702433+03:00 level=info msg="Migration successfully executed" id="add action column to seed_assignment" duration=1.7531ms
logger=migrator t=2026-08-06T12:48:56.7080261+03:00 level=info msg="Executing migration" id="add scope column to seed_assignment"
logger=migrator t=2026-08-06T12:48:56.7094439+03:00 level=info msg="Migration successfully executed" id="add scope column to seed_assignment" duration=1.4178ms
logger=migrator t=2026-08-06T12:48:56.7154804+03:00 level=info msg="Executing migration" id="remove unique index builtin_role_role_name before nullable update"
logger=migrator t=2026-08-06T12:48:56.7165091+03:00 level=info msg="Migration successfully executed" id="remove unique index builtin_role_role_name before nullable update" duration=1.0287ms
logger=migrator t=2026-08-06T12:48:56.7217576+03:00 level=info msg="Executing migration" id="update seed_assignment role_name column to nullable"
logger=migrator t=2026-08-06T12:48:56.7342856+03:00 level=info msg="Migration successfully executed" id="update seed_assignment role_name column to nullable" duration=12.528ms
logger=migrator t=2026-08-06T12:48:56.7392838+03:00 level=info msg="Executing migration" id="add unique index builtin_role_name back"
logger=migrator t=2026-08-06T12:48:56.7402872+03:00 level=info msg="Migration successfully executed" id="add unique index builtin_role_name back" duration=1.0034ms
logger=migrator t=2026-08-06T12:48:56.7462823+03:00 level=info msg="Executing migration" id="add unique index builtin_role_action_scope"
logger=migrator t=2026-08-06T12:48:56.7472849+03:00 level=info msg="Migration successfully executed" id="add unique index builtin_role_action_scope" duration=1.0026ms
logger=migrator t=2026-08-06T12:48:56.753283+03:00 level=info msg="Executing migration" id="add primary key to seed_assigment"
logger=migrator t=2026-08-06T12:48:56.7572814+03:00 level=info msg="Migration successfully executed" id="add primary key to seed_assigment" duration=3.9984ms
logger=migrator t=2026-08-06T12:48:56.7631852+03:00 level=info msg="Executing migration" id="add origin column to seed_assignment"
logger=migrator t=2026-08-06T12:48:56.7661894+03:00 level=info msg="Migration successfully executed" id="add origin column to seed_assignment" duration=3.0042ms
logger=migrator t=2026-08-06T12:48:56.7720446+03:00 level=info msg="Executing migration" id="add origin to plugin seed_assignment"
logger=migrator t=2026-08-06T12:48:56.7720446+03:00 level=info msg="Migration successfully executed" id="add origin to plugin seed_assignment" duration=0s
logger=migrator t=2026-08-06T12:48:56.7786372+03:00 level=info msg="Executing migration" id="prevent seeding OnCall access"
logger=migrator t=2026-08-06T12:48:56.7786372+03:00 level=info msg="Migration successfully executed" id="prevent seeding OnCall access" duration=0s
logger=migrator t=2026-08-06T12:48:56.7846756+03:00 level=info msg="Executing migration" id="managed folder permissions alert actions repeated fixed migration"
logger=migrator t=2026-08-06T12:48:56.7846756+03:00 level=info msg="Migration successfully executed" id="managed folder permissions alert actions repeated fixed migration" duration=0s
logger=migrator t=2026-08-06T12:48:56.7900168+03:00 level=info msg="Executing migration" id="managed folder permissions library panel actions migration"
logger=migrator t=2026-08-06T12:48:56.7905631+03:00 level=info msg="Migration successfully executed" id="managed folder permissions library panel actions migration" duration=546.3µs
logger=migrator t=2026-08-06T12:48:56.7961962+03:00 level=info msg="Executing migration" id="migrate external alertmanagers to datsourcse"
logger=migrator t=2026-08-06T12:48:56.7967064+03:00 level=info msg="Migration successfully executed" id="migrate external alertmanagers to datsourcse" duration=510.2µs
logger=migrator t=2026-08-06T12:48:56.8134015+03:00 level=info msg="Executing migration" id="create folder table"
logger=migrator t=2026-08-06T12:48:56.8139492+03:00 level=info msg="Migration successfully executed" id="create folder table" duration=547.7µs
logger=migrator t=2026-08-06T12:48:56.8299094+03:00 level=info msg="Executing migration" id="Add index for parent_uid"
logger=migrator t=2026-08-06T12:48:56.8318851+03:00 level=info msg="Migration successfully executed" id="Add index for parent_uid" duration=1.9757ms
logger=migrator t=2026-08-06T12:48:56.850918+03:00 level=info msg="Executing migration" id="Add unique index for folder.uid and folder.org_id"
logger=migrator t=2026-08-06T12:48:56.8528833+03:00 level=info msg="Migration successfully executed" id="Add unique index for folder.uid and folder.org_id" duration=1.9653ms
logger=migrator t=2026-08-06T12:48:56.8654933+03:00 level=info msg="Executing migration" id="Update folder title length"
logger=migrator t=2026-08-06T12:48:56.8654933+03:00 level=info msg="Migration successfully executed" id="Update folder title length" duration=0s
logger=migrator t=2026-08-06T12:48:56.8737958+03:00 level=info msg="Executing migration" id="Add unique index for folder.title and folder.parent_uid"
logger=migrator t=2026-08-06T12:48:56.8748534+03:00 level=info msg="Migration successfully executed" id="Add unique index for folder.title and folder.parent_uid" duration=1.0576ms
logger=migrator t=2026-08-06T12:48:56.8802345+03:00 level=info msg="Executing migration" id="Remove unique index for folder.title and folder.parent_uid"
logger=migrator t=2026-08-06T12:48:56.8807859+03:00 level=info msg="Migration successfully executed" id="Remove unique index for folder.title and folder.parent_uid" duration=551.4µs
logger=migrator t=2026-08-06T12:48:56.8860816+03:00 level=info msg="Executing migration" id="Add unique index for title, parent_uid, and org_id"
logger=migrator t=2026-08-06T12:48:56.8873629+03:00 level=info msg="Migration successfully executed" id="Add unique index for title, parent_uid, and org_id" duration=1.2813ms
logger=migrator t=2026-08-06T12:48:56.8933607+03:00 level=info msg="Executing migration" id="Sync dashboard and folder table"
logger=migrator t=2026-08-06T12:48:56.8939069+03:00 level=info msg="Migration successfully executed" id="Sync dashboard and folder table" duration=546.2µs
logger=migrator t=2026-08-06T12:48:56.8990218+03:00 level=info msg="Executing migration" id="Remove ghost folders from the folder table"
logger=migrator t=2026-08-06T12:48:56.8995462+03:00 level=info msg="Migration successfully executed" id="Remove ghost folders from the folder table" duration=524.4µs
logger=migrator t=2026-08-06T12:48:56.9093135+03:00 level=info msg="Executing migration" id="Remove unique index UQE_folder_uid_org_id"
logger=migrator t=2026-08-06T12:48:56.9098611+03:00 level=info msg="Migration successfully executed" id="Remove unique index UQE_folder_uid_org_id" duration=547.6µs
logger=migrator t=2026-08-06T12:48:56.9153916+03:00 level=info msg="Executing migration" id="Add unique index UQE_folder_org_id_uid"
logger=migrator t=2026-08-06T12:48:56.9162537+03:00 level=info msg="Migration successfully executed" id="Add unique index UQE_folder_org_id_uid" duration=862.1µs
logger=migrator t=2026-08-06T12:48:56.9212883+03:00 level=info msg="Executing migration" id="Remove unique index UQE_folder_title_parent_uid_org_id"
logger=migrator t=2026-08-06T12:48:56.922252+03:00 level=info msg="Migration successfully executed" id="Remove unique index UQE_folder_title_parent_uid_org_id" duration=963.7µs
logger=migrator t=2026-08-06T12:48:56.9272775+03:00 level=info msg="Executing migration" id="Add unique index UQE_folder_org_id_parent_uid_title"
logger=migrator t=2026-08-06T12:48:56.9282543+03:00 level=info msg="Migration successfully executed" id="Add unique index UQE_folder_org_id_parent_uid_title" duration=976.8µs
logger=migrator t=2026-08-06T12:48:56.9350055+03:00 level=info msg="Executing migration" id="Remove index IDX_folder_parent_uid_org_id"
logger=migrator t=2026-08-06T12:48:56.9360531+03:00 level=info msg="Migration successfully executed" id="Remove index IDX_folder_parent_uid_org_id" duration=1.0476ms
logger=migrator t=2026-08-06T12:48:56.9424655+03:00 level=info msg="Executing migration" id="Remove unique index UQE_folder_org_id_parent_uid_title"
logger=migrator t=2026-08-06T12:48:56.9435071+03:00 level=info msg="Migration successfully executed" id="Remove unique index UQE_folder_org_id_parent_uid_title" duration=1.0416ms
logger=migrator t=2026-08-06T12:48:56.9487852+03:00 level=info msg="Executing migration" id="Add index IDX_folder_org_id_parent_uid"
logger=migrator t=2026-08-06T12:48:56.9500096+03:00 level=info msg="Migration successfully executed" id="Add index IDX_folder_org_id_parent_uid" duration=718.1µs
logger=migrator t=2026-08-06T12:48:56.9550195+03:00 level=info msg="Executing migration" id="create anon_device table"
logger=migrator t=2026-08-06T12:48:56.9560702+03:00 level=info msg="Migration successfully executed" id="create anon_device table" duration=1.0507ms
logger=migrator t=2026-08-06T12:48:56.9609936+03:00 level=info msg="Executing migration" id="add unique index anon_device.device_id"
logger=migrator t=2026-08-06T12:48:56.9620741+03:00 level=info msg="Migration successfully executed" id="add unique index anon_device.device_id" duration=1.0805ms
logger=migrator t=2026-08-06T12:48:56.9672125+03:00 level=info msg="Executing migration" id="add index anon_device.updated_at"
logger=migrator t=2026-08-06T12:48:56.968328+03:00 level=info msg="Migration successfully executed" id="add index anon_device.updated_at" duration=1.1155ms
logger=migrator t=2026-08-06T12:48:56.9742968+03:00 level=info msg="Executing migration" id="create signing_key table"
logger=migrator t=2026-08-06T12:48:56.9753353+03:00 level=info msg="Migration successfully executed" id="create signing_key table" duration=1.0385ms
logger=migrator t=2026-08-06T12:48:56.9812374+03:00 level=info msg="Executing migration" id="add unique index signing_key.key_id"
logger=migrator t=2026-08-06T12:48:56.981775+03:00 level=info msg="Migration successfully executed" id="add unique index signing_key.key_id" duration=546.9µs
logger=migrator t=2026-08-06T12:48:56.986962+03:00 level=info msg="Executing migration" id="set legacy alert migration status in kvstore"
logger=migrator t=2026-08-06T12:48:56.9879975+03:00 level=info msg="Migration successfully executed" id="set legacy alert migration status in kvstore" duration=1.0355ms
logger=migrator t=2026-08-06T12:48:56.9937768+03:00 level=info msg="Executing migration" id="migrate record of created folders during legacy migration to kvstore"
logger=migrator t=2026-08-06T12:48:56.9937768+03:00 level=info msg="Migration successfully executed" id="migrate record of created folders during legacy migration to kvstore" duration=0s
logger=migrator t=2026-08-06T12:48:57.0002907+03:00 level=info msg="Executing migration" id="Add folder_uid for dashboard"
logger=migrator t=2026-08-06T12:48:57.0013167+03:00 level=info msg="Migration successfully executed" id="Add folder_uid for dashboard" duration=1.026ms
logger=migrator t=2026-08-06T12:48:57.0079531+03:00 level=info msg="Executing migration" id="Populate dashboard folder_uid column"
logger=migrator t=2026-08-06T12:48:57.008476+03:00 level=info msg="Migration successfully executed" id="Populate dashboard folder_uid column" duration=1.0285ms
logger=migrator t=2026-08-06T12:48:57.0135105+03:00 level=info msg="Executing migration" id="Add unique index for dashboard_org_id_folder_uid_title"
logger=migrator t=2026-08-06T12:48:57.0135105+03:00 level=info msg="Migration successfully executed" id="Add unique index for dashboard_org_id_folder_uid_title" duration=0s
logger=migrator t=2026-08-06T12:48:57.0195025+03:00 level=info msg="Executing migration" id="Delete unique index for dashboard_org_id_folder_id_title"
logger=migrator t=2026-08-06T12:48:57.0205879+03:00 level=info msg="Migration successfully executed" id="Delete unique index for dashboard_org_id_folder_id_title" duration=1.0854ms
logger=migrator t=2026-08-06T12:48:57.0260213+03:00 level=info msg="Executing migration" id="Delete unique index for dashboard_org_id_folder_uid_title"
logger=migrator t=2026-08-06T12:48:57.0260213+03:00 level=info msg="Migration successfully executed" id="Delete unique index for dashboard_org_id_folder_uid_title" duration=0s
logger=migrator t=2026-08-06T12:48:57.0314787+03:00 level=info msg="Executing migration" id="Add unique index for dashboard_org_id_folder_uid_title_is_folder"
logger=migrator t=2026-08-06T12:48:57.0325432+03:00 level=info msg="Migration successfully executed" id="Add unique index for dashboard_org_id_folder_uid_title_is_folder" duration=1.0645ms
logger=migrator t=2026-08-06T12:48:57.0379407+03:00 level=info msg="Executing migration" id="Restore index for dashboard_org_id_folder_id_title"
logger=migrator t=2026-08-06T12:48:57.0385064+03:00 level=info msg="Migration successfully executed" id="Restore index for dashboard_org_id_folder_id_title" duration=565.7µs
logger=migrator t=2026-08-06T12:48:57.0436171+03:00 level=info msg="Executing migration" id="Remove unique index for dashboard_org_id_folder_uid_title_is_folder"
logger=migrator t=2026-08-06T12:48:57.044657+03:00 level=info msg="Migration successfully executed" id="Remove unique index for dashboard_org_id_folder_uid_title_is_folder" duration=1.0399ms
logger=migrator t=2026-08-06T12:48:57.0503062+03:00 level=info msg="Executing migration" id="create sso_setting table"
logger=migrator t=2026-08-06T12:48:57.0513071+03:00 level=info msg="Migration successfully executed" id="create sso_setting table" duration=1.0009ms
logger=migrator t=2026-08-06T12:48:57.0571833+03:00 level=info msg="Executing migration" id="update settings column to MEDIUMTEXT"
logger=migrator t=2026-08-06T12:48:57.0571833+03:00 level=info msg="Migration successfully executed" id="update settings column to MEDIUMTEXT" duration=0s
logger=migrator t=2026-08-06T12:48:57.0644225+03:00 level=info msg="Executing migration" id="copy kvstore migration status to each org"
logger=migrator t=2026-08-06T12:48:57.0654245+03:00 level=info msg="Migration successfully executed" id="copy kvstore migration status to each org" duration=1.002ms
logger=migrator t=2026-08-06T12:48:57.0710064+03:00 level=info msg="Executing migration" id="add back entry for orgid=0 migrated status"
logger=migrator t=2026-08-06T12:48:57.0718653+03:00 level=info msg="Migration successfully executed" id="add back entry for orgid=0 migrated status" duration=858.9µs
logger=migrator t=2026-08-06T12:48:57.0775657+03:00 level=info msg="Executing migration" id="managed dashboard permissions annotation actions migration"
logger=migrator t=2026-08-06T12:48:57.0781127+03:00 level=info msg="Migration successfully executed" id="managed dashboard permissions annotation actions migration" duration=547µs
logger=migrator t=2026-08-06T12:48:57.0840192+03:00 level=info msg="Executing migration" id="create cloud_migration table v1"
logger=migrator t=2026-08-06T12:48:57.0845638+03:00 level=info msg="Migration successfully executed" id="create cloud_migration table v1" duration=544.6µs
logger=migrator t=2026-08-06T12:48:57.089933+03:00 level=info msg="Executing migration" id="create cloud_migration_run table v1"
logger=migrator t=2026-08-06T12:48:57.0909346+03:00 level=info msg="Migration successfully executed" id="create cloud_migration_run table v1" duration=1.0016ms
logger=migrator t=2026-08-06T12:48:57.0966956+03:00 level=info msg="Executing migration" id="add stack_id column"
logger=migrator t=2026-08-06T12:48:57.0994237+03:00 level=info msg="Migration successfully executed" id="add stack_id column" duration=2.7281ms
logger=migrator t=2026-08-06T12:48:57.104223+03:00 level=info msg="Executing migration" id="add region_slug column"
logger=migrator t=2026-08-06T12:48:57.1063254+03:00 level=info msg="Migration successfully executed" id="add region_slug column" duration=2.1024ms
logger=migrator t=2026-08-06T12:48:57.1109736+03:00 level=info msg="Executing migration" id="add cluster_slug column"
logger=migrator t=2026-08-06T12:48:57.1131079+03:00 level=info msg="Migration successfully executed" id="add cluster_slug column" duration=2.1343ms
logger=migrator t=2026-08-06T12:48:57.1189945+03:00 level=info msg="Executing migration" id="add migration uid column"
logger=migrator t=2026-08-06T12:48:57.1205924+03:00 level=info msg="Migration successfully executed" id="add migration uid column" duration=1.5979ms
logger=migrator t=2026-08-06T12:48:57.1275398+03:00 level=info msg="Executing migration" id="Update uid column values for migration"
logger=migrator t=2026-08-06T12:48:57.1275398+03:00 level=info msg="Migration successfully executed" id="Update uid column values for migration" duration=0s
logger=migrator t=2026-08-06T12:48:57.1325663+03:00 level=info msg="Executing migration" id="Add unique index migration_uid"
logger=migrator t=2026-08-06T12:48:57.1335404+03:00 level=info msg="Migration successfully executed" id="Add unique index migration_uid" duration=974.1µs
logger=migrator t=2026-08-06T12:48:57.1395649+03:00 level=info msg="Executing migration" id="add migration run uid column"
logger=migrator t=2026-08-06T12:48:57.1415397+03:00 level=info msg="Migration successfully executed" id="add migration run uid column" duration=1.9748ms
logger=migrator t=2026-08-06T12:48:57.1482614+03:00 level=info msg="Executing migration" id="Update uid column values for migration run"
logger=migrator t=2026-08-06T12:48:57.1482614+03:00 level=info msg="Migration successfully executed" id="Update uid column values for migration run" duration=0s
logger=migrator t=2026-08-06T12:48:57.1537164+03:00 level=info msg="Executing migration" id="Add unique index migration_run_uid"
logger=migrator t=2026-08-06T12:48:57.1547723+03:00 level=info msg="Migration successfully executed" id="Add unique index migration_run_uid" duration=1.0559ms
logger=migrator t=2026-08-06T12:48:57.1596853+03:00 level=info msg="Executing migration" id="Rename table cloud_migration to cloud_migration_session_tmp_qwerty - v1"
logger=migrator t=2026-08-06T12:48:57.1642659+03:00 level=info msg="Migration successfully executed" id="Rename table cloud_migration to cloud_migration_session_tmp_qwerty - v1" duration=4.5806ms
logger=migrator t=2026-08-06T12:48:57.1728034+03:00 level=info msg="Executing migration" id="create cloud_migration_session v2"
logger=migrator t=2026-08-06T12:48:57.1738045+03:00 level=info msg="Migration successfully executed" id="create cloud_migration_session v2" duration=1.0011ms
logger=migrator t=2026-08-06T12:48:57.1793154+03:00 level=info msg="Executing migration" id="create index UQE_cloud_migration_session_uid - v2"
logger=migrator t=2026-08-06T12:48:57.1823148+03:00 level=info msg="Migration successfully executed" id="create index UQE_cloud_migration_session_uid - v2" duration=2.9994ms
logger=migrator t=2026-08-06T12:48:57.1923148+03:00 level=info msg="Executing migration" id="copy cloud_migration_session v1 to v2"
logger=migrator t=2026-08-06T12:48:57.1933157+03:00 level=info msg="Migration successfully executed" id="copy cloud_migration_session v1 to v2" duration=1.0009ms
logger=migrator t=2026-08-06T12:48:57.2063155+03:00 level=info msg="Executing migration" id="drop cloud_migration_session_tmp_qwerty"
logger=migrator t=2026-08-06T12:48:57.2073154+03:00 level=info msg="Migration successfully executed" id="drop cloud_migration_session_tmp_qwerty" duration=999.9µs
logger=migrator t=2026-08-06T12:48:57.2202453+03:00 level=info msg="Executing migration" id="Rename table cloud_migration_run to cloud_migration_snapshot_tmp_qwerty - v1"
logger=migrator t=2026-08-06T12:48:57.2244438+03:00 level=info msg="Migration successfully executed" id="Rename table cloud_migration_run to cloud_migration_snapshot_tmp_qwerty - v1" duration=4.1985ms
logger=migrator t=2026-08-06T12:48:57.2304782+03:00 level=info msg="Executing migration" id="create cloud_migration_snapshot v2"
logger=migrator t=2026-08-06T12:48:57.2315137+03:00 level=info msg="Migration successfully executed" id="create cloud_migration_snapshot v2" duration=531.6µs
logger=migrator t=2026-08-06T12:48:57.2375113+03:00 level=info msg="Executing migration" id="create index UQE_cloud_migration_snapshot_uid - v2"
logger=migrator t=2026-08-06T12:48:57.2386807+03:00 level=info msg="Migration successfully executed" id="create index UQE_cloud_migration_snapshot_uid - v2" duration=1.1694ms
logger=migrator t=2026-08-06T12:48:57.2440997+03:00 level=info msg="Executing migration" id="copy cloud_migration_snapshot v1 to v2"
logger=migrator t=2026-08-06T12:48:57.2446121+03:00 level=info msg="Migration successfully executed" id="copy cloud_migration_snapshot v1 to v2" duration=512.4µs
logger=migrator t=2026-08-06T12:48:57.2501718+03:00 level=info msg="Executing migration" id="drop cloud_migration_snapshot_tmp_qwerty"
logger=migrator t=2026-08-06T12:48:57.2511396+03:00 level=info msg="Migration successfully executed" id="drop cloud_migration_snapshot_tmp_qwerty" duration=967.8µs
logger=migrator t=2026-08-06T12:48:57.2566892+03:00 level=info msg="Executing migration" id="add snapshot upload_url column"
logger=migrator t=2026-08-06T12:48:57.2586889+03:00 level=info msg="Migration successfully executed" id="add snapshot upload_url column" duration=1.9997ms
logger=migrator t=2026-08-06T12:48:57.2647152+03:00 level=info msg="Executing migration" id="add snapshot status column"
logger=migrator t=2026-08-06T12:48:57.2667206+03:00 level=info msg="Migration successfully executed" id="add snapshot status column" duration=2.0054ms
logger=migrator t=2026-08-06T12:48:57.2746123+03:00 level=info msg="Executing migration" id="add snapshot local_directory column"
logger=migrator t=2026-08-06T12:48:57.2756142+03:00 level=info msg="Migration successfully executed" id="add snapshot local_directory column" duration=1.0019ms
logger=migrator t=2026-08-06T12:48:57.2822616+03:00 level=info msg="Executing migration" id="add snapshot gms_snapshot_uid column"
logger=migrator t=2026-08-06T12:48:57.2841241+03:00 level=info msg="Migration successfully executed" id="add snapshot gms_snapshot_uid column" duration=1.8625ms
logger=migrator t=2026-08-06T12:48:57.2901229+03:00 level=info msg="Executing migration" id="add snapshot encryption_key column"
logger=migrator t=2026-08-06T12:48:57.2921239+03:00 level=info msg="Migration successfully executed" id="add snapshot encryption_key column" duration=2.001ms
logger=migrator t=2026-08-06T12:48:57.2971226+03:00 level=info msg="Executing migration" id="add snapshot error_string column"
logger=migrator t=2026-08-06T12:48:57.3001253+03:00 level=info msg="Migration successfully executed" id="add snapshot error_string column" duration=3.0027ms
logger=migrator t=2026-08-06T12:48:57.3052434+03:00 level=info msg="Executing migration" id="create cloud_migration_resource table v1"
logger=migrator t=2026-08-06T12:48:57.3062921+03:00 level=info msg="Migration successfully executed" id="create cloud_migration_resource table v1" duration=1.0487ms
logger=migrator t=2026-08-06T12:48:57.3123989+03:00 level=info msg="Executing migration" id="delete cloud_migration_snapshot.result column"
logger=migrator t=2026-08-06T12:48:57.3170402+03:00 level=info msg="Migration successfully executed" id="delete cloud_migration_snapshot.result column" duration=4.6413ms
logger=migrator t=2026-08-06T12:48:57.3225851+03:00 level=info msg="Executing migration" id="add cloud_migration_resource.name column"
logger=migrator t=2026-08-06T12:48:57.3245762+03:00 level=info msg="Migration successfully executed" id="add cloud_migration_resource.name column" duration=1.9911ms
logger=migrator t=2026-08-06T12:48:57.3301058+03:00 level=info msg="Executing migration" id="add cloud_migration_resource.parent_name column"
logger=migrator t=2026-08-06T12:48:57.3323346+03:00 level=info msg="Migration successfully executed" id="add cloud_migration_resource.parent_name column" duration=2.2288ms
logger=migrator t=2026-08-06T12:48:57.3377345+03:00 level=info msg="Executing migration" id="add cloud_migration_session.org_id column"
logger=migrator t=2026-08-06T12:48:57.3404341+03:00 level=info msg="Migration successfully executed" id="add cloud_migration_session.org_id column" duration=2.6996ms
logger=migrator t=2026-08-06T12:48:57.3451138+03:00 level=info msg="Executing migration" id="add cloud_migration_resource.error_code column"
logger=migrator t=2026-08-06T12:48:57.3471362+03:00 level=info msg="Migration successfully executed" id="add cloud_migration_resource.error_code column" duration=2.0224ms
logger=migrator t=2026-08-06T12:48:57.3530415+03:00 level=info msg="Executing migration" id="increase resource_uid column length"
logger=migrator t=2026-08-06T12:48:57.3530415+03:00 level=info msg="Migration successfully executed" id="increase resource_uid column length" duration=0s
logger=migrator t=2026-08-06T12:48:57.3585658+03:00 level=info msg="Executing migration" id="create cloud_migration_snapshot_partition table v1"
logger=migrator t=2026-08-06T12:48:57.3591118+03:00 level=info msg="Migration successfully executed" id="create cloud_migration_snapshot_partition table v1" duration=546µs
logger=migrator t=2026-08-06T12:48:57.3650408+03:00 level=info msg="Executing migration" id="add cloud_migration_snapshot_partition srp_unique index"
logger=migrator t=2026-08-06T12:48:57.366185+03:00 level=info msg="Migration successfully executed" id="add cloud_migration_snapshot_partition srp_unique index" duration=1.1442ms
logger=migrator t=2026-08-06T12:48:57.3718734+03:00 level=info msg="Executing migration" id="add resource_storage_type column to cloud_migration_snapshot table"
logger=migrator t=2026-08-06T12:48:57.3734316+03:00 level=info msg="Migration successfully executed" id="add resource_storage_type column to cloud_migration_snapshot table" duration=1.5582ms
logger=migrator t=2026-08-06T12:48:57.3800658+03:00 level=info msg="Executing migration" id="add encryption_algo column to cloud_migration_snapshot table"
logger=migrator t=2026-08-06T12:48:57.3822533+03:00 level=info msg="Migration successfully executed" id="add encryption_algo column to cloud_migration_snapshot table" duration=2.1875ms
logger=migrator t=2026-08-06T12:48:57.3881328+03:00 level=info msg="Executing migration" id="add metadata column to cloud_migration_snapshot table"
logger=migrator t=2026-08-06T12:48:57.3902955+03:00 level=info msg="Migration successfully executed" id="add metadata column to cloud_migration_snapshot table" duration=2.1627ms
logger=migrator t=2026-08-06T12:48:57.3962595+03:00 level=info msg="Executing migration" id="add public_key column to cloud_migration_snapshot table"
logger=migrator t=2026-08-06T12:48:57.3982592+03:00 level=info msg="Migration successfully executed" id="add public_key column to cloud_migration_snapshot table" duration=1.9997ms
logger=migrator t=2026-08-06T12:48:57.4037073+03:00 level=info msg="Executing migration" id="drop my_row_id and add primary key with columns snapshot_uid,resource_type,partition_number to table cloud_migration_snapshot_partition if my_row_id exists (auto-generated mysql column)"
logger=migrator t=2026-08-06T12:48:57.4037073+03:00 level=warn msg="Skipping migration: Already executed, but not recorded in migration log" id="drop my_row_id and add primary key with columns snapshot_uid,resource_type,partition_number to table cloud_migration_snapshot_partition if my_row_id exists (auto-generated mysql column)"
logger=migrator t=2026-08-06T12:48:57.409306+03:00 level=info msg="Executing migration" id="drop unique index UQE_cloud_migration_snapshot_partition_srp_unique from cloud_migration_snapshot_partition table if it exists (mysql)"
logger=migrator t=2026-08-06T12:48:57.409306+03:00 level=info msg="Migration successfully executed" id="drop unique index UQE_cloud_migration_snapshot_partition_srp_unique from cloud_migration_snapshot_partition table if it exists (mysql)" duration=0s
logger=migrator t=2026-08-06T12:48:57.41597+03:00 level=info msg="Executing migration" id="add primary key with columns snapshot_uid,resource_type,partition_number to table cloud_migration_snapshot_partition if it doesn't exist (mysql)"
logger=migrator t=2026-08-06T12:48:57.41597+03:00 level=info msg="Migration successfully executed" id="add primary key with columns snapshot_uid,resource_type,partition_number to table cloud_migration_snapshot_partition if it doesn't exist (mysql)" duration=0s
logger=migrator t=2026-08-06T12:48:57.4222156+03:00 level=info msg="Executing migration" id="add primary key with columns snapshot_uid,resource_type,partition_number to table cloud_migration_snapshot_partition (postgres and sqlite)"
logger=migrator t=2026-08-06T12:48:57.4267239+03:00 level=info msg="Migration successfully executed" id="add primary key with columns snapshot_uid,resource_type,partition_number to table cloud_migration_snapshot_partition (postgres and sqlite)" duration=4.5083ms
logger=migrator t=2026-08-06T12:48:57.4321375+03:00 level=info msg="Executing migration" id="alter kv_store.value to longtext"
logger=migrator t=2026-08-06T12:48:57.4321375+03:00 level=info msg="Migration successfully executed" id="alter kv_store.value to longtext" duration=0s
logger=migrator t=2026-08-06T12:48:57.4383983+03:00 level=info msg="Executing migration" id="add notification_settings column to alert_rule table"
logger=migrator t=2026-08-06T12:48:57.4402909+03:00 level=info msg="Migration successfully executed" id="add notification_settings column to alert_rule table" duration=1.8926ms
logger=migrator t=2026-08-06T12:48:57.4459495+03:00 level=info msg="Executing migration" id="add notification_settings column to alert_rule_version table"
logger=migrator t=2026-08-06T12:48:57.4481191+03:00 level=info msg="Migration successfully executed" id="add notification_settings column to alert_rule_version table" duration=2.1696ms
logger=migrator t=2026-08-06T12:48:57.4544212+03:00 level=info msg="Executing migration" id="removing scope from alert.instances:read action migration"
logger=migrator t=2026-08-06T12:48:57.4554691+03:00 level=info msg="Migration successfully executed" id="removing scope from alert.instances:read action migration" duration=1.0479ms
logger=migrator t=2026-08-06T12:48:57.4692103+03:00 level=info msg="Executing migration" id="replacing annotations:* scope with annotations:type:organization scope"
logger=migrator t=2026-08-06T12:48:57.4697999+03:00 level=info msg="Migration successfully executed" id="replacing annotations:* scope with annotations:type:organization scope" duration=589.6µs
logger=migrator t=2026-08-06T12:48:57.4779622+03:00 level=info msg="Executing migration" id="managed folder permissions alerting silences actions migration"
logger=migrator t=2026-08-06T12:48:57.4789382+03:00 level=info msg="Migration successfully executed" id="managed folder permissions alerting silences actions migration" duration=976µs
logger=migrator t=2026-08-06T12:48:57.4868474+03:00 level=info msg="Executing migration" id="add record column to alert_rule table"
logger=migrator t=2026-08-06T12:48:57.4892919+03:00 level=info msg="Migration successfully executed" id="add record column to alert_rule table" duration=2.4445ms
logger=migrator t=2026-08-06T12:48:57.4957091+03:00 level=info msg="Executing migration" id="add record column to alert_rule_version table"
logger=migrator t=2026-08-06T12:48:57.4979412+03:00 level=info msg="Migration successfully executed" id="add record column to alert_rule_version table" duration=2.2321ms
logger=migrator t=2026-08-06T12:48:57.5036669+03:00 level=info msg="Executing migration" id="add resolved_at column to alert_instance table"
logger=migrator t=2026-08-06T12:48:57.5051795+03:00 level=info msg="Migration successfully executed" id="add resolved_at column to alert_instance table" duration=1.5126ms
logger=migrator t=2026-08-06T12:48:57.511159+03:00 level=info msg="Executing migration" id="add last_sent_at column to alert_instance table"
logger=migrator t=2026-08-06T12:48:57.5130515+03:00 level=info msg="Migration successfully executed" id="add last_sent_at column to alert_instance table" duration=1.8925ms
logger=migrator t=2026-08-06T12:48:57.5187353+03:00 level=info msg="Executing migration" id="Add scope to alert.notifications.receivers:read and alert.notifications.receivers.secrets:read"
logger=migrator t=2026-08-06T12:48:57.5197365+03:00 level=info msg="Migration successfully executed" id="Add scope to alert.notifications.receivers:read and alert.notifications.receivers.secrets:read" duration=1.0012ms
logger=migrator t=2026-08-06T12:48:57.5256936+03:00 level=info msg="Executing migration" id="add metadata column to alert_rule table"
logger=migrator t=2026-08-06T12:48:57.5282046+03:00 level=info msg="Migration successfully executed" id="add metadata column to alert_rule table" duration=2.511ms
logger=migrator t=2026-08-06T12:48:57.5332129+03:00 level=info msg="Executing migration" id="add metadata column to alert_rule_version table"
logger=migrator t=2026-08-06T12:48:57.5353709+03:00 level=info msg="Migration successfully executed" id="add metadata column to alert_rule_version table" duration=2.158ms
logger=migrator t=2026-08-06T12:48:57.5418241+03:00 level=info msg="Executing migration" id="delete orphaned service account permissions"
logger=migrator t=2026-08-06T12:48:57.5423444+03:00 level=info msg="Migration successfully executed" id="delete orphaned service account permissions" duration=520.3µs
logger=migrator t=2026-08-06T12:48:57.5477793+03:00 level=info msg="Executing migration" id="adding action set permissions"
logger=migrator t=2026-08-06T12:48:57.5483561+03:00 level=info msg="Migration successfully executed" id="adding action set permissions" duration=576.8µs
logger=migrator t=2026-08-06T12:48:57.5542977+03:00 level=info msg="Executing migration" id="adding service account action set permissions"
logger=migrator t=2026-08-06T12:48:57.5542977+03:00 level=info msg="Migration successfully executed" id="adding service account action set permissions" duration=0s
logger=migrator t=2026-08-06T12:48:57.5602176+03:00 level=info msg="Executing migration" id="create user_external_session table"
logger=migrator t=2026-08-06T12:48:57.5619466+03:00 level=info msg="Migration successfully executed" id="create user_external_session table" duration=1.729ms
logger=migrator t=2026-08-06T12:48:57.5705591+03:00 level=info msg="Executing migration" id="increase name_id column length to 1024"
logger=migrator t=2026-08-06T12:48:57.5705591+03:00 level=info msg="Migration successfully executed" id="increase name_id column length to 1024" duration=0s
logger=migrator t=2026-08-06T12:48:57.5819457+03:00 level=info msg="Executing migration" id="increase session_id column length to 1024"
logger=migrator t=2026-08-06T12:48:57.5819457+03:00 level=info msg="Migration successfully executed" id="increase session_id column length to 1024" duration=0s
logger=migrator t=2026-08-06T12:48:57.591434+03:00 level=info msg="Executing migration" id="remove scope from alert.notifications.receivers:create"
logger=migrator t=2026-08-06T12:48:57.5934355+03:00 level=info msg="Migration successfully executed" id="remove scope from alert.notifications.receivers:create" duration=2.0015ms
logger=migrator t=2026-08-06T12:48:57.601434+03:00 level=info msg="Executing migration" id="add created_by column to alert_rule_version table"
logger=migrator t=2026-08-06T12:48:57.6034337+03:00 level=info msg="Migration successfully executed" id="add created_by column to alert_rule_version table" duration=1.9997ms
logger=migrator t=2026-08-06T12:48:57.6094327+03:00 level=info msg="Executing migration" id="add updated_by column to alert_rule table"
logger=migrator t=2026-08-06T12:48:57.6140404+03:00 level=info msg="Migration successfully executed" id="add updated_by column to alert_rule table" duration=4.6077ms
logger=migrator t=2026-08-06T12:48:57.6206514+03:00 level=info msg="Executing migration" id="add alert_rule_state table"
logger=migrator t=2026-08-06T12:48:57.6215267+03:00 level=info msg="Migration successfully executed" id="add alert_rule_state table" duration=875.3µs
logger=migrator t=2026-08-06T12:48:57.6261883+03:00 level=info msg="Executing migration" id="add index to alert_rule_state on org_id and rule_uid columns"
logger=migrator t=2026-08-06T12:48:57.6277435+03:00 level=info msg="Migration successfully executed" id="add index to alert_rule_state on org_id and rule_uid columns" duration=1.5552ms
logger=migrator t=2026-08-06T12:48:57.6327064+03:00 level=info msg="Executing migration" id="add guid column to alert_rule table"
logger=migrator t=2026-08-06T12:48:57.63473+03:00 level=info msg="Migration successfully executed" id="add guid column to alert_rule table" duration=2.0236ms
logger=migrator t=2026-08-06T12:48:57.6405315+03:00 level=info msg="Executing migration" id="add rule_guid column to alert_rule_version table"
logger=migrator t=2026-08-06T12:48:57.6424215+03:00 level=info msg="Migration successfully executed" id="add rule_guid column to alert_rule_version table" duration=1.89ms
logger=migrator t=2026-08-06T12:48:57.648595+03:00 level=info msg="Executing migration" id="cleanup alert_rule_version table"
logger=migrator t=2026-08-06T12:48:57.6486445+03:00 level=info msg="Rule version record limit is not set, fallback to 100" limit=0
logger=migrator t=2026-08-06T12:48:57.6486445+03:00 level=info msg="Cleaning up table `alert_rule_version`" batchSize=50 batches=0 keepVersions=100
logger=migrator t=2026-08-06T12:48:57.6486445+03:00 level=info msg="Migration successfully executed" id="cleanup alert_rule_version table" duration=49.5µs
logger=migrator t=2026-08-06T12:48:57.6544109+03:00 level=info msg="Executing migration" id="populate rule guid in alert rule table"
logger=migrator t=2026-08-06T12:48:57.6544247+03:00 level=info msg="Migration successfully executed" id="populate rule guid in alert rule table" duration=518.5µs
logger=migrator t=2026-08-06T12:48:57.6603655+03:00 level=info msg="Executing migration" id="drop index in alert_rule_version table on rule_org_id, rule_uid and version columns"
logger=migrator t=2026-08-06T12:48:57.6614311+03:00 level=info msg="Migration successfully executed" id="drop index in alert_rule_version table on rule_org_id, rule_uid and version columns" duration=1.0656ms
logger=migrator t=2026-08-06T12:48:57.6668478+03:00 level=info msg="Executing migration" id="add index in alert_rule_version table on rule_org_id, rule_uid, rule_guid and version columns"
logger=migrator t=2026-08-06T12:48:57.6679187+03:00 level=info msg="Migration successfully executed" id="add index in alert_rule_version table on rule_org_id, rule_uid, rule_guid and version columns" duration=1.0709ms
logger=migrator t=2026-08-06T12:48:57.6741562+03:00 level=info msg="Executing migration" id="add index in alert_rule_version table on rule_guid and version columns"
logger=migrator t=2026-08-06T12:48:57.6746695+03:00 level=info msg="Migration successfully executed" id="add index in alert_rule_version table on rule_guid and version columns" duration=513.3µs
logger=migrator t=2026-08-06T12:48:57.6796689+03:00 level=info msg="Executing migration" id="add index in alert_rule table on guid columns"
logger=migrator t=2026-08-06T12:48:57.6806696+03:00 level=info msg="Migration successfully executed" id="add index in alert_rule table on guid columns" duration=1.0007ms
logger=migrator t=2026-08-06T12:48:57.6868231+03:00 level=info msg="Executing migration" id="add keep_firing_for column to alert_rule"
logger=migrator t=2026-08-06T12:48:57.6895688+03:00 level=info msg="Migration successfully executed" id="add keep_firing_for column to alert_rule" duration=2.6971ms
logger=migrator t=2026-08-06T12:48:57.6945667+03:00 level=info msg="Executing migration" id="add keep_firing_for column to alert_rule_version"
logger=migrator t=2026-08-06T12:48:57.6967442+03:00 level=info msg="Migration successfully executed" id="add keep_firing_for column to alert_rule_version" duration=2.1775ms
logger=migrator t=2026-08-06T12:48:57.7031523+03:00 level=info msg="Executing migration" id="add missing_series_evals_to_resolve column to alert_rule"
logger=migrator t=2026-08-06T12:48:57.705151+03:00 level=info msg="Migration successfully executed" id="add missing_series_evals_to_resolve column to alert_rule" duration=1.9987ms
logger=migrator t=2026-08-06T12:48:57.7101779+03:00 level=info msg="Executing migration" id="add missing_series_evals_to_resolve column to alert_rule_version"
logger=migrator t=2026-08-06T12:48:57.7121627+03:00 level=info msg="Migration successfully executed" id="add missing_series_evals_to_resolve column to alert_rule_version" duration=1.9848ms
logger=migrator t=2026-08-06T12:48:57.717266+03:00 level=info msg="Executing migration" id="remove the datasources:drilldown action"
logger=migrator t=2026-08-06T12:48:57.71815+03:00 level=info msg="Removed 0 datasources:drilldown permissions"
logger=migrator t=2026-08-06T12:48:57.71815+03:00 level=info msg="Migration successfully executed" id="remove the datasources:drilldown action" duration=884µs
logger=migrator t=2026-08-06T12:48:57.7241498+03:00 level=info msg="Executing migration" id="remove title in folder unique index"
logger=migrator t=2026-08-06T12:48:57.7251511+03:00 level=info msg="Migration successfully executed" id="remove title in folder unique index" duration=1.0013ms
logger=migrator t=2026-08-06T12:48:57.7311841+03:00 level=info msg="Executing migration" id="add fired_at column to alert_instance table"
logger=migrator t=2026-08-06T12:48:57.7331762+03:00 level=info msg="Migration successfully executed" id="add fired_at column to alert_instance table" duration=1.9921ms
logger=migrator t=2026-08-06T12:48:57.7437236+03:00 level=info msg="Executing migration" id="ensure rule_group column is case sensitive in returned results"
logger=migrator t=2026-08-06T12:48:57.7437236+03:00 level=info msg="Migration successfully executed" id="ensure rule_group column is case sensitive in returned results" duration=0s
logger=migrator t=2026-08-06T12:48:57.7581894+03:00 level=info msg="Executing migration" id="expand created_by in alert_rule_version table"
logger=migrator t=2026-08-06T12:48:57.7587014+03:00 level=info msg="Migration successfully executed" id="expand created_by in alert_rule_version table" duration=512µs
logger=migrator t=2026-08-06T12:48:57.7639602+03:00 level=info msg="Executing migration" id="expand updated_by in alert_rule table"
logger=migrator t=2026-08-06T12:48:57.7639602+03:00 level=info msg="Migration successfully executed" id="expand updated_by in alert_rule table" duration=0s
logger=migrator t=2026-08-06T12:48:57.7692176+03:00 level=info msg="Executing migration" id="add index in alert_rule on org_id, namespace_uid, rule_group and rule_group_idx columns"
logger=migrator t=2026-08-06T12:48:57.7702196+03:00 level=info msg="Migration successfully executed" id="add index in alert_rule on org_id, namespace_uid, rule_group and rule_group_idx columns" duration=1.002ms
logger=migrator t=2026-08-06T12:48:57.7752168+03:00 level=info msg="Executing migration" id="add annotations column to alert_instance table"
logger=migrator t=2026-08-06T12:48:57.7772439+03:00 level=info msg="Migration successfully executed" id="add annotations column to alert_instance table" duration=2.0271ms
logger=migrator t=2026-08-06T12:48:57.783195+03:00 level=info msg="Executing migration" id="ensure namespace_uid column sorts the same way as golang"
logger=migrator t=2026-08-06T12:48:57.783195+03:00 level=info msg="Migration successfully executed" id="ensure namespace_uid column sorts the same way as golang" duration=0s
logger=migrator t=2026-08-06T12:48:57.7888651+03:00 level=info msg="Executing migration" id="ensure rule_group column sorts the same way as golang"
logger=migrator t=2026-08-06T12:48:57.7888651+03:00 level=info msg="Migration successfully executed" id="ensure rule_group column sorts the same way as golang" duration=0s
logger=migrator t=2026-08-06T12:48:57.7941805+03:00 level=info msg="Executing migration" id="add 'alert.notifications.receivers.protected:write' to receiver admins"
logger=migrator t=2026-08-06T12:48:57.7953104+03:00 level=info msg="Migration successfully executed" id="add 'alert.notifications.receivers.protected:write' to receiver admins" duration=1.1299ms
logger=migrator t=2026-08-06T12:48:57.8005699+03:00 level=info msg="Executing migration" id="add evaluation_duration_ns column to alert_instance table"
logger=migrator t=2026-08-06T12:48:57.8026733+03:00 level=info msg="Migration successfully executed" id="add evaluation_duration_ns column to alert_instance table" duration=2.1034ms
logger=migrator t=2026-08-06T12:48:57.8082213+03:00 level=info msg="Executing migration" id="add last_error column to alert_instance table"
logger=migrator t=2026-08-06T12:48:57.8098869+03:00 level=info msg="Migration successfully executed" id="add last_error column to alert_instance table" duration=1.6656ms
logger=migrator t=2026-08-06T12:48:57.8161883+03:00 level=info msg="Executing migration" id="add last_result column to alert_instance table"
logger=migrator t=2026-08-06T12:48:57.8182703+03:00 level=info msg="Migration successfully executed" id="add last_result column to alert_instance table" duration=2.082ms
logger=migrator t=2026-08-06T12:48:57.8239615+03:00 level=info msg="Executing migration" id="add 'alert.notifications.receivers.test:create' to managed roles"
logger=migrator t=2026-08-06T12:48:57.8239615+03:00 level=info msg="Migration successfully executed" id="add 'alert.notifications.receivers.test:create' to managed roles" duration=0s
logger=migrator t=2026-08-06T12:48:57.8289438+03:00 level=info msg="Executing migration" id="add folder_fullpath column to alert_rule"
logger=migrator t=2026-08-06T12:48:57.8309173+03:00 level=info msg="Migration successfully executed" id="add folder_fullpath column to alert_rule" duration=1.9735ms
logger=migrator t=2026-08-06T12:48:57.8379553+03:00 level=info msg="Executing migration" id="add index on folder_fullpath in alert_rule"
logger=migrator t=2026-08-06T12:48:57.838917+03:00 level=info msg="Migration successfully executed" id="add index on folder_fullpath in alert_rule" duration=961.7µs
logger=migrator t=2026-08-06T12:48:57.8439161+03:00 level=info msg="Executing migration" id="add alert_routing column to alert_rule table"
logger=migrator t=2026-08-06T12:48:57.8473886+03:00 level=info msg="Migration successfully executed" id="add alert_routing column to alert_rule table" duration=3.4725ms
logger=migrator t=2026-08-06T12:48:57.853375+03:00 level=info msg="Executing migration" id="add alert_routing column to alert_rule_version table"
logger=migrator t=2026-08-06T12:48:57.8555364+03:00 level=info msg="Migration successfully executed" id="add alert_routing column to alert_rule_version table" duration=2.1614ms
logger=migrator t=2026-08-06T12:48:57.8614549+03:00 level=info msg="Executing migration" id="grant basic roles access to default notification policy"
logger=migrator t=2026-08-06T12:48:57.8620023+03:00 level=info msg="No managed roles found for editor/viewer, skipping default notification policy permissions"
logger=migrator t=2026-08-06T12:48:57.8620023+03:00 level=info msg="Migration successfully executed" id="grant basic roles access to default notification policy" duration=547.4µs
logger=migrator t=2026-08-06T12:48:57.8678139+03:00 level=info msg="Executing migration" id="create data_source_usage_by_day table"
logger=migrator t=2026-08-06T12:48:57.8683397+03:00 level=info msg="Migration successfully executed" id="create data_source_usage_by_day table" duration=525.8µs
logger=migrator t=2026-08-06T12:48:57.8739264+03:00 level=info msg="Executing migration" id="create data_source_usage_by_day(data_source_id) index"
logger=migrator t=2026-08-06T12:48:57.8744404+03:00 level=info msg="Migration successfully executed" id="create data_source_usage_by_day(data_source_id) index" duration=514µs
logger=migrator t=2026-08-06T12:48:57.8820833+03:00 level=info msg="Executing migration" id="create data_source_usage_by_day(data_source_id, day) unique index"
logger=migrator t=2026-08-06T12:48:57.8831798+03:00 level=info msg="Migration successfully executed" id="create data_source_usage_by_day(data_source_id, day) unique index" duration=1.0965ms
logger=migrator t=2026-08-06T12:48:57.8892946+03:00 level=info msg="Executing migration" id="Add column data_source_uid in data_source_usage_by_day"
logger=migrator t=2026-08-06T12:48:57.8912949+03:00 level=info msg="Migration successfully executed" id="Add column data_source_uid in data_source_usage_by_day" duration=2.0003ms
logger=migrator t=2026-08-06T12:48:57.8969652+03:00 level=info msg="Executing migration" id="Add column plugin in data_source_usage_by_day"
logger=migrator t=2026-08-06T12:48:57.898991+03:00 level=info msg="Migration successfully executed" id="Add column plugin in data_source_usage_by_day" duration=2.0258ms
logger=migrator t=2026-08-06T12:48:57.9043289+03:00 level=info msg="Executing migration" id="delete data_source_usage_by_day rows with negative data_source_id"
logger=migrator t=2026-08-06T12:48:57.9043289+03:00 level=info msg="Migration successfully executed" id="delete data_source_usage_by_day rows with negative data_source_id" duration=0s
logger=migrator t=2026-08-06T12:48:57.9103263+03:00 level=info msg="Executing migration" id="Update data_source_uid column values in data_source_usage_by_day"
logger=migrator t=2026-08-06T12:48:57.91084+03:00 level=info msg="Migration successfully executed" id="Update data_source_uid column values in data_source_usage_by_day" duration=513.7µs
logger=migrator t=2026-08-06T12:48:57.9158161+03:00 level=info msg="Executing migration" id="Add unique index data_source_usage_by_day(day, data_source_uid, plugin)"
logger=migrator t=2026-08-06T12:48:57.9167789+03:00 level=info msg="Migration successfully executed" id="Add unique index data_source_usage_by_day(day, data_source_uid, plugin)" duration=962.8µs
logger=migrator t=2026-08-06T12:48:57.9221568+03:00 level=info msg="Executing migration" id="drop data_source_usage_by_day(data_source_id) index"
logger=migrator t=2026-08-06T12:48:57.9232426+03:00 level=info msg="Migration successfully executed" id="drop data_source_usage_by_day(data_source_id) index" duration=1.0858ms
logger=migrator t=2026-08-06T12:48:57.9306134+03:00 level=info msg="Executing migration" id="drop data_source_usage_by_day(data_source_id, day) unique index"
logger=migrator t=2026-08-06T12:48:57.9315869+03:00 level=info msg="Migration successfully executed" id="drop data_source_usage_by_day(data_source_id, day) unique index" duration=973.5µs
logger=migrator t=2026-08-06T12:48:57.9374621+03:00 level=info msg="Executing migration" id="Make data_source_id nullable in data_source_usage_by_day"
logger=migrator t=2026-08-06T12:48:57.95188+03:00 level=info msg="Migration successfully executed" id="Make data_source_id nullable in data_source_usage_by_day" duration=14.4179ms
logger=migrator t=2026-08-06T12:48:57.9572236+03:00 level=info msg="Executing migration" id="Add column org_id in data_source_usage_by_day"
logger=migrator t=2026-08-06T12:48:57.9594936+03:00 level=info msg="Migration successfully executed" id="Add column org_id in data_source_usage_by_day" duration=2.27ms
logger=migrator t=2026-08-06T12:48:57.9646227+03:00 level=info msg="Executing migration" id="Drop unique index data_source_usage_by_day(day, data_source_uid, plugin)"
logger=migrator t=2026-08-06T12:48:57.9658582+03:00 level=info msg="Migration successfully executed" id="Drop unique index data_source_usage_by_day(day, data_source_uid, plugin)" duration=1.2355ms
logger=migrator t=2026-08-06T12:48:57.9720058+03:00 level=info msg="Executing migration" id="Add unique index data_source_usage_by_day(org_id, day, data_source_uid, plugin)"
logger=migrator t=2026-08-06T12:48:57.9731042+03:00 level=info msg="Migration successfully executed" id="Add unique index data_source_usage_by_day(org_id, day, data_source_uid, plugin)" duration=1.0984ms
logger=migrator t=2026-08-06T12:48:57.9783023+03:00 level=info msg="Executing migration" id="create dashboard_usage_by_day table"
logger=migrator t=2026-08-06T12:48:57.9793049+03:00 level=info msg="Migration successfully executed" id="create dashboard_usage_by_day table" duration=1.0026ms
logger=migrator t=2026-08-06T12:48:57.9865574+03:00 level=info msg="Executing migration" id="create dashboard_usage_sums table"
logger=migrator t=2026-08-06T12:48:57.9877202+03:00 level=info msg="Migration successfully executed" id="create dashboard_usage_sums table" duration=1.1628ms
logger=migrator t=2026-08-06T12:48:57.9927009+03:00 level=info msg="Executing migration" id="create dashboard_usage_by_day(dashboard_id) index"
logger=migrator t=2026-08-06T12:48:57.993804+03:00 level=info msg="Migration successfully executed" id="create dashboard_usage_by_day(dashboard_id) index" duration=1.1031ms
logger=migrator t=2026-08-06T12:48:57.9999922+03:00 level=info msg="Executing migration" id="create dashboard_usage_by_day(dashboard_id, day) index"
logger=migrator t=2026-08-06T12:48:58.0010385+03:00 level=info msg="Migration successfully executed" id="create dashboard_usage_by_day(dashboard_id, day) index" duration=1.0463ms
logger=migrator t=2026-08-06T12:48:58.006855+03:00 level=info msg="Executing migration" id="add column errors_last_1_days to dashboard_usage_sums"
logger=migrator t=2026-08-06T12:48:58.008418+03:00 level=info msg="Migration successfully executed" id="add column errors_last_1_days to dashboard_usage_sums" duration=1.563ms
logger=migrator t=2026-08-06T12:48:58.0144635+03:00 level=info msg="Executing migration" id="add column errors_last_7_days to dashboard_usage_sums"
logger=migrator t=2026-08-06T12:48:58.0166395+03:00 level=info msg="Migration successfully executed" id="add column errors_last_7_days to dashboard_usage_sums" duration=2.176ms
logger=migrator t=2026-08-06T12:48:58.0228914+03:00 level=info msg="Executing migration" id="add column errors_last_30_days to dashboard_usage_sums"
logger=migrator t=2026-08-06T12:48:58.0248891+03:00 level=info msg="Migration successfully executed" id="add column errors_last_30_days to dashboard_usage_sums" duration=998.6µs
logger=migrator t=2026-08-06T12:48:58.0297523+03:00 level=info msg="Executing migration" id="add column errors_total to dashboard_usage_sums"
logger=migrator t=2026-08-06T12:48:58.0315822+03:00 level=info msg="Migration successfully executed" id="add column errors_total to dashboard_usage_sums" duration=1.8299ms
logger=migrator t=2026-08-06T12:48:58.0373859+03:00 level=info msg="Executing migration" id="create dashboard_public_usage_by_day table"
logger=migrator t=2026-08-06T12:48:58.0384205+03:00 level=info msg="Migration successfully executed" id="create dashboard_public_usage_by_day table" duration=1.0346ms
logger=migrator t=2026-08-06T12:48:58.0443161+03:00 level=info msg="Executing migration" id="add column cached_queries to dashboard_usage_by_day table"
logger=migrator t=2026-08-06T12:48:58.0463936+03:00 level=info msg="Migration successfully executed" id="add column cached_queries to dashboard_usage_by_day table" duration=2.0775ms
logger=migrator t=2026-08-06T12:48:58.052646+03:00 level=info msg="Executing migration" id="add column cached_queries to dashboard_public_usage_by_day table"
logger=migrator t=2026-08-06T12:48:58.0542517+03:00 level=info msg="Migration successfully executed" id="add column cached_queries to dashboard_public_usage_by_day table" duration=1.6057ms
logger=migrator t=2026-08-06T12:48:58.0603147+03:00 level=info msg="Executing migration" id="add column dashboard_uid to dashboard_usage_sums"
logger=migrator t=2026-08-06T12:48:58.0623131+03:00 level=info msg="Migration successfully executed" id="add column dashboard_uid to dashboard_usage_sums" duration=1.9984ms
logger=migrator t=2026-08-06T12:48:58.0683147+03:00 level=info msg="Executing migration" id="add column org_id to dashboard_usage_sums"
logger=migrator t=2026-08-06T12:48:58.0713151+03:00 level=info msg="Migration successfully executed" id="add column org_id to dashboard_usage_sums" duration=3.0004ms
logger=migrator t=2026-08-06T12:48:58.0773139+03:00 level=info msg="Executing migration" id="add column dashboard_uid to dashboard_usage_by_day"
logger=migrator t=2026-08-06T12:48:58.0793136+03:00 level=info msg="Migration successfully executed" id="add column dashboard_uid to dashboard_usage_by_day" duration=1.9997ms
logger=migrator t=2026-08-06T12:48:58.0843468+03:00 level=info msg="Executing migration" id="add column org_id to dashboard_usage_by_day"
logger=migrator t=2026-08-06T12:48:58.0873398+03:00 level=info msg="Migration successfully executed" id="add column org_id to dashboard_usage_by_day" duration=2.993ms
logger=migrator t=2026-08-06T12:48:58.0923444+03:00 level=info msg="Executing migration" id="create dashboard_usage_by_day(dashboard_uid, org_id, day) unique index"
logger=migrator t=2026-08-06T12:48:58.0933143+03:00 level=info msg="Migration successfully executed" id="create dashboard_usage_by_day(dashboard_uid, org_id, day) unique index" duration=969.9µs
logger=migrator t=2026-08-06T12:48:58.0993135+03:00 level=info msg="Executing migration" id="Add missing dashboard_uid and org_id to dashboard_usage_by_day and dashboard_usage_sums"
logger=migrator t=2026-08-06T12:48:58.1003148+03:00 level=info msg="Migration successfully executed" id="Add missing dashboard_uid and org_id to dashboard_usage_by_day and dashboard_usage_sums" duration=1.0013ms
logger=migrator t=2026-08-06T12:48:58.1053379+03:00 level=info msg="Executing migration" id="Add dashboard_usage_sums(org_id, dashboard_uid) index"
logger=migrator t=2026-08-06T12:48:58.106315+03:00 level=info msg="Migration successfully executed" id="Add dashboard_usage_sums(org_id, dashboard_uid) index" duration=977.1µs
logger=migrator t=2026-08-06T12:48:58.1123404+03:00 level=info msg="Executing migration" id="drop dashboard_usage_by_day dashboard_id day unique index"
logger=migrator t=2026-08-06T12:48:58.1143158+03:00 level=info msg="Migration successfully executed" id="drop dashboard_usage_by_day dashboard_id day unique index" duration=1.9754ms
logger=migrator t=2026-08-06T12:48:58.1193127+03:00 level=info msg="Executing migration" id="create user_dashboard_views table"
logger=migrator t=2026-08-06T12:48:58.1213381+03:00 level=info msg="Migration successfully executed" id="create user_dashboard_views table" duration=1.001ms
logger=migrator t=2026-08-06T12:48:58.126314+03:00 level=info msg="Executing migration" id="add index user_dashboard_views.user_id"
logger=migrator t=2026-08-06T12:48:58.1273151+03:00 level=info msg="Migration successfully executed" id="add index user_dashboard_views.user_id" duration=1.0011ms
logger=migrator t=2026-08-06T12:48:58.1323458+03:00 level=info msg="Executing migration" id="add index user_dashboard_views.dashboard_id"
logger=migrator t=2026-08-06T12:48:58.1333135+03:00 level=info msg="Migration successfully executed" id="add index user_dashboard_views.dashboard_id" duration=967.7µs
logger=migrator t=2026-08-06T12:48:58.1393147+03:00 level=info msg="Executing migration" id="add unique index user_dashboard_views_user_id_dashboard_id"
logger=migrator t=2026-08-06T12:48:58.1403194+03:00 level=info msg="Migration successfully executed" id="add unique index user_dashboard_views_user_id_dashboard_id" duration=1.0047ms
logger=migrator t=2026-08-06T12:48:58.1467266+03:00 level=info msg="Executing migration" id="add org_id column to user_dashboard_views"
logger=migrator t=2026-08-06T12:48:58.1488309+03:00 level=info msg="Migration successfully executed" id="add org_id column to user_dashboard_views" duration=2.1043ms
logger=migrator t=2026-08-06T12:48:58.1545844+03:00 level=info msg="Executing migration" id="add dashboard_uid column to user_dashboard_views"
logger=migrator t=2026-08-06T12:48:58.1561931+03:00 level=info msg="Migration successfully executed" id="add dashboard_uid column to user_dashboard_views" duration=1.6087ms
logger=migrator t=2026-08-06T12:48:58.1621864+03:00 level=info msg="Executing migration" id="add unique index user_dashboard_views_org_id_dashboard_uid"
logger=migrator t=2026-08-06T12:48:58.1627126+03:00 level=info msg="Migration successfully executed" id="add unique index user_dashboard_views_org_id_dashboard_uid" duration=1.0452ms
logger=migrator t=2026-08-06T12:48:58.1754195+03:00 level=info msg="Executing migration" id="add unique index user_dashboard_views_org_id_user_id_dashboard_uid"
logger=migrator t=2026-08-06T12:48:58.1764211+03:00 level=info msg="Migration successfully executed" id="add unique index user_dashboard_views_org_id_user_id_dashboard_uid" duration=1.0016ms
logger=migrator t=2026-08-06T12:48:58.1908128+03:00 level=info msg="Executing migration" id="populate user_dashboard_views.dashboard_uid and user_dashboard_views.org_id from dashboard table"
logger=migrator t=2026-08-06T12:48:58.1908128+03:00 level=info msg="Migration successfully executed" id="populate user_dashboard_views.dashboard_uid and user_dashboard_views.org_id from dashboard table" duration=0s
logger=migrator t=2026-08-06T12:48:58.1996333+03:00 level=info msg="Executing migration" id="delete views where dashboard does not exist"
logger=migrator t=2026-08-06T12:48:58.2001844+03:00 level=info msg="Migration successfully executed" id="delete views where dashboard does not exist" duration=551.1µs
logger=migrator t=2026-08-06T12:48:58.2093964+03:00 level=info msg="Executing migration" id="drop unique index user_dashboard_views_user_id_dashboard_id"
logger=migrator t=2026-08-06T12:48:58.209913+03:00 level=info msg="Migration successfully executed" id="drop unique index user_dashboard_views_user_id_dashboard_id" duration=516.6µs
logger=migrator t=2026-08-06T12:48:58.2190064+03:00 level=info msg="Executing migration" id="drop index user_dashboard_views.dashboard_id"
logger=migrator t=2026-08-06T12:48:58.2210087+03:00 level=info msg="Migration successfully executed" id="drop index user_dashboard_views.dashboard_id" duration=2.0023ms
logger=migrator t=2026-08-06T12:48:58.2295718+03:00 level=info msg="Executing migration" id="make user_dashboard_views.dashboard_id nullable"
logger=migrator t=2026-08-06T12:48:58.2445446+03:00 level=info msg="Migration successfully executed" id="make user_dashboard_views.dashboard_id nullable" duration=14.9728ms
logger=migrator t=2026-08-06T12:48:58.2502521+03:00 level=info msg="Executing migration" id="create user_stats table"
logger=migrator t=2026-08-06T12:48:58.2512542+03:00 level=info msg="Migration successfully executed" id="create user_stats table" duration=1.0021ms
logger=migrator t=2026-08-06T12:48:58.2562771+03:00 level=info msg="Executing migration" id="add unique index user_stats(user_id)"
logger=migrator t=2026-08-06T12:48:58.2572535+03:00 level=info msg="Migration successfully executed" id="add unique index user_stats(user_id)" duration=976.4µs
logger=migrator t=2026-08-06T12:48:58.2622766+03:00 level=info msg="Executing migration" id="create data_source_cache table"
logger=migrator t=2026-08-06T12:48:58.2632532+03:00 level=info msg="Migration successfully executed" id="create data_source_cache table" duration=976.6µs
logger=migrator t=2026-08-06T12:48:58.2697654+03:00 level=info msg="Executing migration" id="add index data_source_cache.data_source_id"
logger=migrator t=2026-08-06T12:48:58.2697654+03:00 level=info msg="Migration successfully executed" id="add index data_source_cache.data_source_id" duration=967.7µs
logger=migrator t=2026-08-06T12:48:58.2764575+03:00 level=info msg="Executing migration" id="add use_default_ttl column"
logger=migrator t=2026-08-06T12:48:58.2780602+03:00 level=info msg="Migration successfully executed" id="add use_default_ttl column" duration=1.6027ms
logger=migrator t=2026-08-06T12:48:58.2850584+03:00 level=info msg="Executing migration" id="add data_source_cache.data_source_uid column"
logger=migrator t=2026-08-06T12:48:58.2870605+03:00 level=info msg="Migration successfully executed" id="add data_source_cache.data_source_uid column" duration=2.0021ms
logger=migrator t=2026-08-06T12:48:58.2920576+03:00 level=info msg="Executing migration" id="remove abandoned data_source_cache records"
logger=migrator t=2026-08-06T12:48:58.2930588+03:00 level=info msg="Migration successfully executed" id="remove abandoned data_source_cache records" duration=1.0012ms
logger=migrator t=2026-08-06T12:48:58.2983955+03:00 level=info msg="Executing migration" id="update data_source_cache.data_source_uid value"
logger=migrator t=2026-08-06T12:48:58.2989716+03:00 level=info msg="Migration successfully executed" id="update data_source_cache.data_source_uid value" duration=576.1µs
logger=migrator t=2026-08-06T12:48:58.3048869+03:00 level=info msg="Executing migration" id="add index data_source_cache.data_source_uid"
logger=migrator t=2026-08-06T12:48:58.3059339+03:00 level=info msg="Migration successfully executed" id="add index data_source_cache.data_source_uid" duration=1.047ms
logger=migrator t=2026-08-06T12:48:58.3138569+03:00 level=info msg="Executing migration" id="add data_source_cache.ttl_resources_ms column"
logger=migrator t=2026-08-06T12:48:58.3164552+03:00 level=info msg="Migration successfully executed" id="add data_source_cache.ttl_resources_ms column" duration=2.5983ms
logger=migrator t=2026-08-06T12:48:58.3230332+03:00 level=info msg="Executing migration" id="update data_source_cache.ttl_resources_ms to have the same value as ttl_ms"
logger=migrator t=2026-08-06T12:48:58.3230332+03:00 level=info msg="Migration successfully executed" id="update data_source_cache.ttl_resources_ms to have the same value as ttl_ms" duration=0s
logger=migrator t=2026-08-06T12:48:58.3294725+03:00 level=info msg="Executing migration" id="create data_source_acl table"
logger=migrator t=2026-08-06T12:48:58.3305667+03:00 level=info msg="Migration successfully executed" id="create data_source_acl table" duration=1.0942ms
logger=migrator t=2026-08-06T12:48:58.3371469+03:00 level=info msg="Executing migration" id="add index data_source_acl.data_source_id"
logger=migrator t=2026-08-06T12:48:58.3376706+03:00 level=info msg="Migration successfully executed" id="add index data_source_acl.data_source_id" duration=532.6µs
logger=migrator t=2026-08-06T12:48:58.3463237+03:00 level=info msg="Executing migration" id="add unique index datasource_acl.unique"
logger=migrator t=2026-08-06T12:48:58.3473902+03:00 level=info msg="Migration successfully executed" id="add unique index datasource_acl.unique" duration=1.0665ms
logger=migrator t=2026-08-06T12:48:58.3542601+03:00 level=info msg="Executing migration" id="create license_token table"
logger=migrator t=2026-08-06T12:48:58.3552618+03:00 level=info msg="Migration successfully executed" id="create license_token table" duration=1.0017ms
logger=migrator t=2026-08-06T12:48:58.3617055+03:00 level=info msg="Executing migration" id="drop recorded_queries table v14"
logger=migrator t=2026-08-06T12:48:58.3617055+03:00 level=info msg="Migration successfully executed" id="drop recorded_queries table v14" duration=0s
logger=migrator t=2026-08-06T12:48:58.3703551+03:00 level=info msg="Executing migration" id="drop recording_rules table v14"
logger=migrator t=2026-08-06T12:48:58.3703551+03:00 level=info msg="Migration successfully executed" id="drop recording_rules table v14" duration=0s
logger=migrator t=2026-08-06T12:48:58.3776613+03:00 level=info msg="Executing migration" id="create recording_rules table v14"
logger=migrator t=2026-08-06T12:48:58.3788825+03:00 level=info msg="Migration successfully executed" id="create recording_rules table v14" duration=1.2212ms
logger=migrator t=2026-08-06T12:48:58.3851868+03:00 level=info msg="Executing migration" id="create remote_write_targets table v1"
logger=migrator t=2026-08-06T12:48:58.385747+03:00 level=info msg="Migration successfully executed" id="create remote_write_targets table v1" duration=560.2µs
logger=migrator t=2026-08-06T12:48:58.392277+03:00 level=info msg="Executing migration" id="Add prom_name to recording_rules table"
logger=migrator t=2026-08-06T12:48:58.3944391+03:00 level=info msg="Migration successfully executed" id="Add prom_name to recording_rules table" duration=2.1621ms
logger=migrator t=2026-08-06T12:48:58.400981+03:00 level=info msg="Executing migration" id="ensure remote_write_targets table"
logger=migrator t=2026-08-06T12:48:58.400981+03:00 level=info msg="Migration successfully executed" id="ensure remote_write_targets table" duration=0s
logger=migrator t=2026-08-06T12:48:58.4076832+03:00 level=info msg="Executing migration" id="create report config table v1"
logger=migrator t=2026-08-06T12:48:58.4088053+03:00 level=info msg="Migration successfully executed" id="create report config table v1" duration=1.1221ms
logger=migrator t=2026-08-06T12:48:58.4152992+03:00 level=info msg="Executing migration" id="Add index report.user_id"
logger=migrator t=2026-08-06T12:48:58.4162935+03:00 level=info msg="Migration successfully executed" id="Add index report.user_id" duration=994.3µs
logger=migrator t=2026-08-06T12:48:58.4225957+03:00 level=info msg="Executing migration" id="add index to dashboard_id"
logger=migrator t=2026-08-06T12:48:58.4236132+03:00 level=info msg="Migration successfully executed" id="add index to dashboard_id" duration=1.0175ms
logger=migrator t=2026-08-06T12:48:58.4332371+03:00 level=info msg="Executing migration" id="add index to org_id"
logger=migrator t=2026-08-06T12:48:58.4343228+03:00 level=info msg="Migration successfully executed" id="add index to org_id" duration=1.0857ms
logger=migrator t=2026-08-06T12:48:58.4411895+03:00 level=info msg="Executing migration" id="Add timezone to the report"
logger=migrator t=2026-08-06T12:48:58.4436361+03:00 level=info msg="Migration successfully executed" id="Add timezone to the report" duration=2.4466ms
logger=migrator t=2026-08-06T12:48:58.4499556+03:00 level=info msg="Executing migration" id="Add time_from to the report"
logger=migrator t=2026-08-06T12:48:58.4518216+03:00 level=info msg="Migration successfully executed" id="Add time_from to the report" duration=2.3707ms
logger=migrator t=2026-08-06T12:48:58.4579889+03:00 level=info msg="Executing migration" id="Add time_to to the report"
logger=migrator t=2026-08-06T12:48:58.4606883+03:00 level=info msg="Migration successfully executed" id="Add time_to to the report" duration=2.6994ms
logger=migrator t=2026-08-06T12:48:58.4668237+03:00 level=info msg="Executing migration" id="Add PDF landscape option to the report"
logger=migrator t=2026-08-06T12:48:58.4687895+03:00 level=info msg="Migration successfully executed" id="Add PDF landscape option to the report" duration=1.9658ms
logger=migrator t=2026-08-06T12:48:58.4748799+03:00 level=info msg="Executing migration" id="Add monthly day scheduling option to the report"
logger=migrator t=2026-08-06T12:48:58.4768803+03:00 level=info msg="Migration successfully executed" id="Add monthly day scheduling option to the report" duration=2.0004ms
logger=migrator t=2026-08-06T12:48:58.4843332+03:00 level=info msg="Executing migration" id="Add PDF layout option to the report"
logger=migrator t=2026-08-06T12:48:58.4868872+03:00 level=info msg="Migration successfully executed" id="Add PDF layout option to the report" duration=2.554ms
logger=migrator t=2026-08-06T12:48:58.4940032+03:00 level=info msg="Executing migration" id="Add PDF orientation option to the report"
logger=migrator t=2026-08-06T12:48:58.4963165+03:00 level=info msg="Migration successfully executed" id="Add PDF orientation option to the report" duration=2.3133ms
logger=migrator t=2026-08-06T12:48:58.5024532+03:00 level=info msg="Executing migration" id="Update report pdf_orientation from pdf_landscape"
logger=migrator t=2026-08-06T12:48:58.5029892+03:00 level=info msg="Migration successfully executed" id="Update report pdf_orientation from pdf_landscape" duration=536µs
logger=migrator t=2026-08-06T12:48:58.5092957+03:00 level=info msg="Executing migration" id="create report settings table"
logger=migrator t=2026-08-06T12:48:58.51029+03:00 level=info msg="Migration successfully executed" id="create report settings table" duration=994.3µs
logger=migrator t=2026-08-06T12:48:58.5159505+03:00 level=info msg="Executing migration" id="Add dashboard_uid field to the report"
logger=migrator t=2026-08-06T12:48:58.5188752+03:00 level=info msg="Migration successfully executed" id="Add dashboard_uid field to the report" duration=2.9247ms
logger=migrator t=2026-08-06T12:48:58.5252683+03:00 level=info msg="Executing migration" id="Add template_vars field to the report"
logger=migrator t=2026-08-06T12:48:58.5280287+03:00 level=info msg="Migration successfully executed" id="Add template_vars field to the report" duration=2.7604ms
logger=migrator t=2026-08-06T12:48:58.5339229+03:00 level=info msg="Executing migration" id="Add option to include dashboard url in the report"
logger=migrator t=2026-08-06T12:48:58.5364338+03:00 level=info msg="Migration successfully executed" id="Add option to include dashboard url in the report" duration=2.5109ms
logger=migrator t=2026-08-06T12:48:58.5426056+03:00 level=info msg="Executing migration" id="Add state field to the report"
logger=migrator t=2026-08-06T12:48:58.5446309+03:00 level=info msg="Migration successfully executed" id="Add state field to the report" duration=2.0253ms
logger=migrator t=2026-08-06T12:48:58.5506728+03:00 level=info msg="Executing migration" id="Add option to add CSV files to the report"
logger=migrator t=2026-08-06T12:48:58.5526925+03:00 level=info msg="Migration successfully executed" id="Add option to add CSV files to the report" duration=2.0197ms
logger=migrator t=2026-08-06T12:48:58.5596714+03:00 level=info msg="Executing migration" id="Add scheduling start date"
logger=migrator t=2026-08-06T12:48:58.5616908+03:00 level=info msg="Migration successfully executed" id="Add scheduling start date" duration=2.0194ms
logger=migrator t=2026-08-06T12:48:58.5679931+03:00 level=info msg="Executing migration" id="Add missing schedule_start date for old reports"
logger=migrator t=2026-08-06T12:48:58.5686507+03:00 level=info msg="Migration successfully executed" id="Add missing schedule_start date for old reports" duration=657.6µs
logger=migrator t=2026-08-06T12:48:58.575214+03:00 level=info msg="Executing migration" id="Add scheduling end date"
logger=migrator t=2026-08-06T12:48:58.577279+03:00 level=info msg="Migration successfully executed" id="Add scheduling end date" duration=2.065ms
logger=migrator t=2026-08-06T12:48:58.5837715+03:00 level=info msg="Executing migration" id="Add schedulinng custom interval frequency"
logger=migrator t=2026-08-06T12:48:58.585837+03:00 level=info msg="Migration successfully executed" id="Add schedulinng custom interval frequency" duration=2.0655ms
logger=migrator t=2026-08-06T12:48:58.5910252+03:00 level=info msg="Executing migration" id="Add scheduling custom interval amount"
logger=migrator t=2026-08-06T12:48:58.594052+03:00 level=info msg="Migration successfully executed" id="Add scheduling custom interval amount" duration=3.0268ms
logger=migrator t=2026-08-06T12:48:58.6010471+03:00 level=info msg="Executing migration" id="Add workdays only flag to report"
logger=migrator t=2026-08-06T12:48:58.6030478+03:00 level=info msg="Migration successfully executed" id="Add workdays only flag to report" duration=2.0007ms
logger=migrator t=2026-08-06T12:48:58.6090531+03:00 level=info msg="Executing migration" id="create report dashboards table"
logger=migrator t=2026-08-06T12:48:58.6100477+03:00 level=info msg="Migration successfully executed" id="create report dashboards table" duration=994.6µs
logger=migrator t=2026-08-06T12:48:58.6166139+03:00 level=info msg="Executing migration" id="Add index report_dashboards.report_id"
logger=migrator t=2026-08-06T12:48:58.6177454+03:00 level=info msg="Migration successfully executed" id="Add index report_dashboards.report_id" duration=1.1315ms
logger=migrator t=2026-08-06T12:48:58.6249341+03:00 level=info msg="Executing migration" id="Migrate report fields into report_dashboards"
logger=migrator t=2026-08-06T12:48:58.6254462+03:00 level=info msg="Migration successfully executed" id="Migrate report fields into report_dashboards" duration=512.1µs
logger=migrator t=2026-08-06T12:48:58.6315102+03:00 level=info msg="Executing migration" id="Add formats option to the report"
logger=migrator t=2026-08-06T12:48:58.6336745+03:00 level=info msg="Migration successfully executed" id="Add formats option to the report" duration=2.1303ms
logger=migrator t=2026-08-06T12:48:58.639879+03:00 level=info msg="Executing migration" id="Migrate reports with csv enabled"
logger=migrator t=2026-08-06T12:48:58.6404221+03:00 level=info msg="Migration successfully executed" id="Migrate reports with csv enabled" duration=543.1µs
logger=migrator t=2026-08-06T12:48:58.6466947+03:00 level=info msg="Executing migration" id="Migrate ancient reports"
logger=migrator t=2026-08-06T12:48:58.6466947+03:00 level=info msg="Migration successfully executed" id="Migrate ancient reports" duration=0s
logger=migrator t=2026-08-06T12:48:58.6535871+03:00 level=info msg="Executing migration" id="Add created column in report_dashboards"
logger=migrator t=2026-08-06T12:48:58.6555856+03:00 level=info msg="Migration successfully executed" id="Add created column in report_dashboards" duration=1.9985ms
logger=migrator t=2026-08-06T12:48:58.6627093+03:00 level=info msg="Executing migration" id="Add scale_factor to the report"
logger=migrator t=2026-08-06T12:48:58.6647349+03:00 level=info msg="Migration successfully executed" id="Add scale_factor to the report" duration=2.0256ms
logger=migrator t=2026-08-06T12:48:58.6714708+03:00 level=info msg="Executing migration" id="Alter scale_factor from TINYINT to SMALLINT"
logger=migrator t=2026-08-06T12:48:58.6714708+03:00 level=info msg="Migration successfully executed" id="Alter scale_factor from TINYINT to SMALLINT" duration=0s
logger=migrator t=2026-08-06T12:48:58.6782901+03:00 level=info msg="Executing migration" id="Add uid column to report"
logger=migrator t=2026-08-06T12:48:58.6801979+03:00 level=info msg="Migration successfully executed" id="Add uid column to report" duration=1.9078ms
logger=migrator t=2026-08-06T12:48:58.6881817+03:00 level=info msg="Executing migration" id="Add unique index reports_org_id_uid"
logger=migrator t=2026-08-06T12:48:58.6891833+03:00 level=info msg="Migration successfully executed" id="Add unique index reports_org_id_uid" duration=1.0016ms
logger=migrator t=2026-08-06T12:48:58.6971257+03:00 level=info msg="Executing migration" id="Add pdf show template variable values to the report"
logger=migrator t=2026-08-06T12:48:58.6995953+03:00 level=info msg="Migration successfully executed" id="Add pdf show template variable values to the report" duration=2.4696ms
logger=migrator t=2026-08-06T12:48:58.7056373+03:00 level=info msg="Executing migration" id="Add pdf combine in one file"
logger=migrator t=2026-08-06T12:48:58.7078303+03:00 level=info msg="Migration successfully executed" id="Add pdf combine in one file" duration=2.193ms
logger=migrator t=2026-08-06T12:48:58.7135435+03:00 level=info msg="Executing migration" id="Add pdf theme to report settings table"
logger=migrator t=2026-08-06T12:48:58.7162096+03:00 level=info msg="Migration successfully executed" id="Add pdf theme to report settings table" duration=2.6661ms
logger=migrator t=2026-08-06T12:48:58.7228603+03:00 level=info msg="Executing migration" id="Add email subject to the report"
logger=migrator t=2026-08-06T12:48:58.7248612+03:00 level=info msg="Migration successfully executed" id="Add email subject to the report" duration=2.0009ms
logger=migrator t=2026-08-06T12:48:58.7312423+03:00 level=info msg="Executing migration" id="Populate email subject with report name"
logger=migrator t=2026-08-06T12:48:58.7312423+03:00 level=info msg="Migration successfully executed" id="Populate email subject with report name" duration=0s
logger=migrator t=2026-08-06T12:48:58.738208+03:00 level=info msg="Executing migration" id="Add embedded image theme to report settings table"
logger=migrator t=2026-08-06T12:48:58.7413071+03:00 level=info msg="Migration successfully executed" id="Add embedded image theme to report settings table" duration=3.0991ms
logger=migrator t=2026-08-06T12:48:58.7473239+03:00 level=info msg="Executing migration" id="Add csv_encoding to the report"
logger=migrator t=2026-08-06T12:48:58.7503056+03:00 level=info msg="Migration successfully executed" id="Add csv_encoding to the report" duration=2.9817ms
logger=migrator t=2026-08-06T12:48:58.7563067+03:00 level=info msg="Executing migration" id="Add pdf_header_enabled to report settings table"
logger=migrator t=2026-08-06T12:48:58.7583075+03:00 level=info msg="Migration successfully executed" id="Add pdf_header_enabled to report settings table" duration=2.0008ms
logger=migrator t=2026-08-06T12:48:58.7648693+03:00 level=info msg="Executing migration" id="Add pdf_time_range_enabled to report settings table"
logger=migrator t=2026-08-06T12:48:58.7685672+03:00 level=info msg="Migration successfully executed" id="Add pdf_time_range_enabled to report settings table" duration=3.6979ms
logger=migrator t=2026-08-06T12:48:58.7748109+03:00 level=info msg="Executing migration" id="Add pdf_dashboard_title_enabled to report settings table"
logger=migrator t=2026-08-06T12:48:58.7770045+03:00 level=info msg="Migration successfully executed" id="Add pdf_dashboard_title_enabled to report settings table" duration=2.1936ms
logger=migrator t=2026-08-06T12:48:58.7833252+03:00 level=info msg="Executing migration" id="Add footer_items to report settings table"
logger=migrator t=2026-08-06T12:48:58.7853805+03:00 level=info msg="Migration successfully executed" id="Add footer_items to report settings table" duration=2.0553ms
logger=migrator t=2026-08-06T12:48:58.791399+03:00 level=info msg="Executing migration" id="Add footer_font_family to report settings table"
logger=migrator t=2026-08-06T12:48:58.7934009+03:00 level=info msg="Migration successfully executed" id="Add footer_font_family to report settings table" duration=2.0019ms
logger=migrator t=2026-08-06T12:48:58.8037269+03:00 level=info msg="Executing migration" id="create report_url table"
logger=migrator t=2026-08-06T12:48:58.8048153+03:00 level=info msg="Migration successfully executed" id="create report_url table" duration=1.0884ms
logger=migrator t=2026-08-06T12:48:58.8178015+03:00 level=info msg="Executing migration" id="Add index report_url.report_id"
logger=migrator t=2026-08-06T12:48:58.8231695+03:00 level=info msg="Migration successfully executed" id="Add index report_url.report_id" duration=5.368ms
logger=migrator t=2026-08-06T12:48:58.8309444+03:00 level=info msg="Executing migration" id="create team group table"
logger=migrator t=2026-08-06T12:48:58.8319452+03:00 level=info msg="Migration successfully executed" id="create team group table" duration=1.0008ms
logger=migrator t=2026-08-06T12:48:58.8389419+03:00 level=info msg="Executing migration" id="add index team_group.org_id"
logger=migrator t=2026-08-06T12:48:58.8401413+03:00 level=info msg="Migration successfully executed" id="add index team_group.org_id" duration=1.0972ms
logger=migrator t=2026-08-06T12:48:58.8508185+03:00 level=info msg="Executing migration" id="add unique index team_group.org_id_team_id_group_id"
logger=migrator t=2026-08-06T12:48:58.8518748+03:00 level=info msg="Migration successfully executed" id="add unique index team_group.org_id_team_id_group_id" duration=1.0563ms
logger=migrator t=2026-08-06T12:48:58.8702113+03:00 level=info msg="Executing migration" id="add index team_group.group_id"
logger=migrator t=2026-08-06T12:48:58.8712134+03:00 level=info msg="Migration successfully executed" id="add index team_group.group_id" duration=1.0021ms
logger=migrator t=2026-08-06T12:48:58.8774035+03:00 level=info msg="Executing migration" id="Add column uid in team_group"
logger=migrator t=2026-08-06T12:48:58.8799071+03:00 level=info msg="Migration successfully executed" id="Add column uid in team_group" duration=2.5036ms
logger=migrator t=2026-08-06T12:48:58.8847925+03:00 level=info msg="Executing migration" id="Update uid column values in team_group"
logger=migrator t=2026-08-06T12:48:58.8853134+03:00 level=info msg="Migration successfully executed" id="Update uid column values in team_group" duration=520.9µs
logger=migrator t=2026-08-06T12:48:58.8912149+03:00 level=info msg="Executing migration" id="Add unique index team_group_uid"
logger=migrator t=2026-08-06T12:48:58.8922552+03:00 level=info msg="Migration successfully executed" id="Add unique index team_group_uid" duration=1.0403ms
logger=migrator t=2026-08-06T12:48:58.8981446+03:00 level=info msg="Executing migration" id="create settings table"
logger=migrator t=2026-08-06T12:48:58.8987364+03:00 level=info msg="Migration successfully executed" id="create settings table" duration=591.8µs
logger=migrator t=2026-08-06T12:48:58.903941+03:00 level=info msg="Executing migration" id="add unique index settings.section_key"
logger=migrator t=2026-08-06T12:48:58.9054356+03:00 level=info msg="Migration successfully executed" id="add unique index settings.section_key" duration=1.4946ms
logger=migrator t=2026-08-06T12:48:58.9124585+03:00 level=info msg="Executing migration" id="add setting.encrypted_value"
logger=migrator t=2026-08-06T12:48:58.9144385+03:00 level=info msg="Migration successfully executed" id="add setting.encrypted_value" duration=1.98ms
logger=migrator t=2026-08-06T12:48:58.9204352+03:00 level=info msg="Executing migration" id="drop my_row_id and add primary key to setting table if my_row_id exists (auto-generated mysql column)"
logger=migrator t=2026-08-06T12:48:58.9214338+03:00 level=warn msg="Skipping migration: Already executed, but not recorded in migration log" id="drop my_row_id and add primary key to setting table if my_row_id exists (auto-generated mysql column)"
logger=migrator t=2026-08-06T12:48:59.0460918+03:00 level=info msg="Executing migration" id="drop setting_section unique index from setting table if it exists (mysql)"
logger=migrator t=2026-08-06T12:48:59.0466149+03:00 level=info msg="Migration successfully executed" id="drop setting_section unique index from setting table if it exists (mysql)" duration=523.1µs
logger=migrator t=2026-08-06T12:48:59.3259125+03:00 level=info msg="Executing migration" id="add primary key to setting table if it doesn't exist (mysql)"
logger=migrator t=2026-08-06T12:48:59.3264249+03:00 level=info msg="Migration successfully executed" id="add primary key to setting table if it doesn't exist (mysql)" duration=512.4µs
logger=migrator t=2026-08-06T12:48:59.4868942+03:00 level=info msg="Executing migration" id="add primary key to setting table (postgres and sqlite)"
logger=migrator t=2026-08-06T12:48:59.4938196+03:00 level=info msg="Migration successfully executed" id="add primary key to setting table (postgres and sqlite)" duration=6.9254ms
logger=migrator t=2026-08-06T12:48:59.5008156+03:00 level=info msg="Executing migration" id="migrate role names"
logger=migrator t=2026-08-06T12:48:59.5030986+03:00 level=info msg="Migration successfully executed" id="migrate role names" duration=2.283ms
logger=migrator t=2026-08-06T12:48:59.5136768+03:00 level=info msg="Executing migration" id="rename orgs roles"
logger=migrator t=2026-08-06T12:48:59.5142298+03:00 level=info msg="Migration successfully executed" id="rename orgs roles" duration=553µs
logger=migrator t=2026-08-06T12:48:59.5222789+03:00 level=info msg="Executing migration" id="remove duplicated org role"
logger=migrator t=2026-08-06T12:48:59.5229994+03:00 level=info msg="Migration successfully executed" id="remove duplicated org role" duration=720.5µs
logger=migrator t=2026-08-06T12:48:59.5437319+03:00 level=info msg="Executing migration" id="migrate alerting role names"
logger=migrator t=2026-08-06T12:48:59.544281+03:00 level=info msg="Migration successfully executed" id="migrate alerting role names" duration=549.1µs
logger=migrator t=2026-08-06T12:48:59.5568968+03:00 level=info msg="Executing migration" id="data source permissions"
logger=migrator t=2026-08-06T12:48:59.5574428+03:00 level=info msg="Migration successfully executed" id="data source permissions" duration=546µs
logger=migrator t=2026-08-06T12:48:59.5688384+03:00 level=info msg="Executing migration" id="data source uid permissions"
logger=migrator t=2026-08-06T12:48:59.5688384+03:00 level=info msg="Migration successfully executed" id="data source uid permissions" duration=0s
logger=migrator t=2026-08-06T12:48:59.5799466+03:00 level=info msg="Executing migration" id="rename permissions:delegate scope"
logger=migrator t=2026-08-06T12:48:59.5805994+03:00 level=info msg="Migration successfully executed" id="rename permissions:delegate scope" duration=652.8µs
logger=migrator t=2026-08-06T12:48:59.5870655+03:00 level=info msg="Executing migration" id="remove invalid managed permissions"
logger=migrator t=2026-08-06T12:48:59.587589+03:00 level=info msg="Migration successfully executed" id="remove invalid managed permissions" duration=523.5µs
logger=migrator t=2026-08-06T12:48:59.5934901+03:00 level=info msg="Executing migration" id="builtin role migration"
logger="builtin-role migrator" t=2026-08-06T12:48:59.5950055+03:00 level=info msg="no permission to create"
logger=migrator t=2026-08-06T12:48:59.5950055+03:00 level=info msg="Migration successfully executed" id="builtin role migration" duration=1.5154ms
logger=migrator t=2026-08-06T12:48:59.6028534+03:00 level=info msg="Executing migration" id="seed permissions migration"
logger=migrator t=2026-08-06T12:48:59.6033755+03:00 level=info msg="Migration successfully executed" id="seed permissions migration" duration=522.1µs
logger=migrator t=2026-08-06T12:48:59.6098205+03:00 level=info msg="Executing migration" id="managed permissions migration enterprise"
logger=migrator t=2026-08-06T12:48:59.6098205+03:00 level=info msg="Migration successfully executed" id="managed permissions migration enterprise" duration=0s
logger=migrator t=2026-08-06T12:48:59.6164575+03:00 level=info msg="Executing migration" id="create table dashboard_public_email_share"
logger=migrator t=2026-08-06T12:48:59.6172032+03:00 level=info msg="Migration successfully executed" id="create table dashboard_public_email_share" duration=745.7µs
logger=migrator t=2026-08-06T12:48:59.6237056+03:00 level=info msg="Executing migration" id="create table dashboard_public_magic_link"
logger=migrator t=2026-08-06T12:48:59.6247716+03:00 level=info msg="Migration successfully executed" id="create table dashboard_public_magic_link" duration=1.066ms
logger=migrator t=2026-08-06T12:48:59.6308315+03:00 level=info msg="Executing migration" id="create table dashboard_public_session"
logger=migrator t=2026-08-06T12:48:59.6318944+03:00 level=info msg="Migration successfully executed" id="create table dashboard_public_session" duration=1.0629ms
logger=migrator t=2026-08-06T12:48:59.6387836+03:00 level=info msg="Executing migration" id="add last_seen_at column"
logger=migrator t=2026-08-06T12:48:59.6409862+03:00 level=info msg="Migration successfully executed" id="add last_seen_at column" duration=2.2026ms
logger=migrator t=2026-08-06T12:48:59.6474081+03:00 level=info msg="migrations completed" performed=858 skipped=0 duration=6.9947598s
logger=migrator t=2026-08-06T12:48:59.6474081+03:00 level=info msg="Unlocking database"
logger=sqlstore t=2026-08-06T12:48:59.6584063+03:00 level=info msg="Created default admin" user=admin
logger=sqlstore t=2026-08-06T12:48:59.6584063+03:00 level=info msg="Created default organization"
logger=licensing t=2026-08-06T12:48:59.6664187+03:00 level=info msg="Validated license token" appURL=http://localhost:3000/ source=disk status=NotFound
logger=secrets t=2026-08-06T12:48:59.6664187+03:00 level=info msg="Envelope encryption state" currentprovider=secretKey.v1
logger=resource-db t=2026-08-06T12:48:59.6680611+03:00 level=info msg="Using database section" db_type=sqlite3
logger=accesscontrol t=2026-08-06T12:48:59.6680611+03:00 level=info msg="Starting migration to remove deprecated permissions" migration=removeDeprecatedPermissions
logger=accesscontrol t=2026-08-06T12:48:59.6686048+03:00 level=info msg="Completed migration to remove deprecated permissions" migration=removeDeprecatedPermissions totalRemoved=0 duration=543.7µs
logger=plugin.angulardetectorsprovider.dynamic t=2026-08-06T12:48:59.7099381+03:00 level=info msg="Restored cache from database" duration=622.9µs
logger=plugin.store t=2026-08-06T12:48:59.7519517+03:00 level=info msg="Loading plugins..."
logger=plugins.registration t=2026-08-06T12:49:03.509804+03:00 level=info msg="Plugin registered" pluginId=elasticsearch
logger=plugins.registration t=2026-08-06T12:49:06.515589+03:00 level=info msg="Plugin registered" pluginId=zipkin
logger=plugin.store t=2026-08-06T12:49:06.5161099+03:00 level=info msg="Plugins loaded" count=52 duration=6.7641582s
logger=secret-migrator t=2026-08-06T12:49:06.5166344+03:00 level=info msg="Locking database"
logger=secret-migrator t=2026-08-06T12:49:06.5166344+03:00 level=info msg="Starting DB migrations"
logger=secret-migrator t=2026-08-06T12:49:06.5178848+03:00 level=info msg="Executing migration" id="create secret_migration_log table"
logger=secret-migrator t=2026-08-06T12:49:06.5189393+03:00 level=info msg="Migration successfully executed" id="create secret_migration_log table" duration=1.0545ms
logger=secret-migrator t=2026-08-06T12:49:06.5243992+03:00 level=info msg="Executing migration" id="Initialize secrets tables"
logger=secret-migrator t=2026-08-06T12:49:06.5249111+03:00 level=info msg="Migration successfully executed" id="Initialize secrets tables" duration=511.9µs
logger=secret-migrator t=2026-08-06T12:49:06.5310992+03:00 level=info msg="Executing migration" id="drop table secret_secure_value"
logger=secret-migrator t=2026-08-06T12:49:06.531609+03:00 level=info msg="Migration successfully executed" id="drop table secret_secure_value" duration=509.8µs
logger=secret-migrator t=2026-08-06T12:49:06.5370374+03:00 level=info msg="Executing migration" id="create table secret_secure_value"
logger=secret-migrator t=2026-08-06T12:49:06.5381379+03:00 level=info msg="Migration successfully executed" id="create table secret_secure_value" duration=1.1005ms
logger=secret-migrator t=2026-08-06T12:49:06.543905+03:00 level=info msg="Executing migration" id="create table secret_secure_value, index: 0"
logger=secret-migrator t=2026-08-06T12:49:06.5449381+03:00 level=info msg="Migration successfully executed" id="create table secret_secure_value, index: 0" duration=1.0331ms
logger=secret-migrator t=2026-08-06T12:49:06.5507621+03:00 level=info msg="Executing migration" id="create table secret_secure_value, index: 1"
logger=secret-migrator t=2026-08-06T12:49:06.5512791+03:00 level=info msg="Migration successfully executed" id="create table secret_secure_value, index: 1" duration=517µs
logger=secret-migrator t=2026-08-06T12:49:06.5564815+03:00 level=info msg="Executing migration" id="drop table secret_keeper"
logger=secret-migrator t=2026-08-06T12:49:06.5570843+03:00 level=info msg="Migration successfully executed" id="drop table secret_keeper" duration=602.8µs
logger=secret-migrator t=2026-08-06T12:49:06.5622407+03:00 level=info msg="Executing migration" id="create table secret_keeper"
logger=secret-migrator t=2026-08-06T12:49:06.5634453+03:00 level=info msg="Migration successfully executed" id="create table secret_keeper" duration=1.2046ms
logger=secret-migrator t=2026-08-06T12:49:06.5694349+03:00 level=info msg="Executing migration" id="create table secret_keeper, index: 0"
logger=secret-migrator t=2026-08-06T12:49:06.5704146+03:00 level=info msg="Migration successfully executed" id="create table secret_keeper, index: 0" duration=979.7µs
logger=secret-migrator t=2026-08-06T12:49:06.5754427+03:00 level=info msg="Executing migration" id="drop table secret_data_key"
logger=secret-migrator t=2026-08-06T12:49:06.5754427+03:00 level=info msg="Migration successfully executed" id="drop table secret_data_key" duration=0s
logger=secret-migrator t=2026-08-06T12:49:06.5814481+03:00 level=info msg="Executing migration" id="create table secret_data_key"
logger=secret-migrator t=2026-08-06T12:49:06.5824134+03:00 level=info msg="Migration successfully executed" id="create table secret_data_key" duration=965.3µs
logger=secret-migrator t=2026-08-06T12:49:06.588536+03:00 level=info msg="Executing migration" id="drop table secret_encrypted_value"
logger=secret-migrator t=2026-08-06T12:49:06.5890406+03:00 level=info msg="Migration successfully executed" id="drop table secret_encrypted_value" duration=504.6µs
logger=secret-migrator t=2026-08-06T12:49:06.5940346+03:00 level=info msg="Executing migration" id="create table secret_encrypted_value"
logger=secret-migrator t=2026-08-06T12:49:06.5950743+03:00 level=info msg="Migration successfully executed" id="create table secret_encrypted_value" duration=1.0397ms
logger=secret-migrator t=2026-08-06T12:49:06.6016038+03:00 level=info msg="Executing migration" id="create table secret_encrypted_value, index: 0"
logger=secret-migrator t=2026-08-06T12:49:06.6026703+03:00 level=info msg="Migration successfully executed" id="create table secret_encrypted_value, index: 0" duration=1.0665ms
logger=secret-migrator t=2026-08-06T12:49:06.6088487+03:00 level=info msg="Executing migration" id="create index for list on secret_secure_value"
logger=secret-migrator t=2026-08-06T12:49:06.6099296+03:00 level=info msg="Migration successfully executed" id="create index for list on secret_secure_value" duration=1.0809ms
logger=secret-migrator t=2026-08-06T12:49:06.6148604+03:00 level=info msg="Executing migration" id="create index for list and read current on secret_data_key"
logger=secret-migrator t=2026-08-06T12:49:06.6148604+03:00 level=info msg="Migration successfully executed" id="create index for list and read current on secret_data_key" duration=0s
logger=secret-migrator t=2026-08-06T12:49:06.6212954+03:00 level=info msg="Executing migration" id="add owner_reference_api_group column to secret_secure_value"
logger=secret-migrator t=2026-08-06T12:49:06.6232934+03:00 level=info msg="Migration successfully executed" id="add owner_reference_api_group column to secret_secure_value" duration=1.998ms
logger=secret-migrator t=2026-08-06T12:49:06.6285341+03:00 level=info msg="Executing migration" id="add owner_reference_api_version column to secret_secure_value"
logger=secret-migrator t=2026-08-06T12:49:06.6306817+03:00 level=info msg="Migration successfully executed" id="add owner_reference_api_version column to secret_secure_value" duration=2.1476ms
logger=secret-migrator t=2026-08-06T12:49:06.6364249+03:00 level=info msg="Executing migration" id="add owner_reference_kind column to secret_secure_value"
logger=secret-migrator t=2026-08-06T12:49:06.638596+03:00 level=info msg="Migration successfully executed" id="add owner_reference_kind column to secret_secure_value" duration=2.1711ms
logger=secret-migrator t=2026-08-06T12:49:06.6446156+03:00 level=info msg="Executing migration" id="add owner_reference_name column to secret_secure_value"
logger=secret-migrator t=2026-08-06T12:49:06.6467467+03:00 level=info msg="Migration successfully executed" id="add owner_reference_name column to secret_secure_value" duration=2.1311ms
logger=secret-migrator t=2026-08-06T12:49:06.6514739+03:00 level=info msg="Executing migration" id="add lease_token column to secret_secure_value"
logger=secret-migrator t=2026-08-06T12:49:06.6534754+03:00 level=info msg="Migration successfully executed" id="add lease_token column to secret_secure_value" duration=2.0015ms
logger=secret-migrator t=2026-08-06T12:49:06.6589511+03:00 level=info msg="Executing migration" id="add lease_token index to secret_secure_value"
logger=secret-migrator t=2026-08-06T12:49:06.6599295+03:00 level=info msg="Migration successfully executed" id="add lease_token index to secret_secure_value" duration=978.4µs
logger=secret-migrator t=2026-08-06T12:49:06.6649616+03:00 level=info msg="Executing migration" id="add lease_created column to secret_secure_value"
logger=secret-migrator t=2026-08-06T12:49:06.6668315+03:00 level=info msg="Migration successfully executed" id="add lease_created column to secret_secure_value" duration=1.8699ms
logger=secret-migrator t=2026-08-06T12:49:06.6728647+03:00 level=info msg="Executing migration" id="add lease_created index to secret_secure_value"
logger=secret-migrator t=2026-08-06T12:49:06.6738298+03:00 level=info msg="Migration successfully executed" id="add lease_created index to secret_secure_value" duration=965.1µs
logger=secret-migrator t=2026-08-06T12:49:06.6798999+03:00 level=info msg="Executing migration" id="add data_key_id column to secret_encrypted_value"
logger=secret-migrator t=2026-08-06T12:49:06.6821602+03:00 level=info msg="Migration successfully executed" id="add data_key_id column to secret_encrypted_value" duration=2.2603ms
logger=secret-migrator t=2026-08-06T12:49:06.6877954+03:00 level=info msg="Executing migration" id="add data_key_id index to secret_encrypted_value"
logger=secret-migrator t=2026-08-06T12:49:06.688341+03:00 level=info msg="Migration successfully executed" id="add data_key_id index to secret_encrypted_value" duration=545.6µs
logger=secret-migrator t=2026-08-06T12:49:06.7071138+03:00 level=info msg="Executing migration" id="add active column to secret_keeper"
logger=secret-migrator t=2026-08-06T12:49:06.7091122+03:00 level=info msg="Migration successfully executed" id="add active column to secret_keeper" duration=1.9984ms
logger=secret-migrator t=2026-08-06T12:49:06.7161124+03:00 level=info msg="Executing migration" id="add active column index to secret_keeper"
logger=secret-migrator t=2026-08-06T12:49:06.7171122+03:00 level=info msg="Migration successfully executed" id="add active column index to secret_keeper" duration=999.8µs
logger=secret-migrator t=2026-08-06T12:49:06.727137+03:00 level=info msg="Executing migration" id="set secret_secure_value.keeper to 'system' where keeper is null in secret_secure_value"
logger=secret-migrator t=2026-08-06T12:49:06.7281137+03:00 level=info msg="Migration successfully executed" id="set secret_secure_value.keeper to 'system' where keeper is null in secret_secure_value" duration=0s
logger=secret-migrator t=2026-08-06T12:49:06.7351118+03:00 level=info msg="Executing migration" id="drop my_row_id and add primary key with columns namespace,name,version to table secret_encrypted_value if my_row_id exists (auto-generated mysql column)"
logger=secret-migrator t=2026-08-06T12:49:06.7351118+03:00 level=warn msg="Skipping migration: Already executed, but not recorded in migration log" id="drop my_row_id and add primary key with columns namespace,name,version to table secret_encrypted_value if my_row_id exists (auto-generated mysql column)"
logger=secret-migrator t=2026-08-06T12:49:06.7411117+03:00 level=info msg="Executing migration" id="drop unique index UQE_secret_encrypted_value_namespace_name_version from secret_encrypted_value table if it exists (mysql)"
logger=secret-migrator t=2026-08-06T12:49:06.7411117+03:00 level=info msg="Migration successfully executed" id="drop unique index UQE_secret_encrypted_value_namespace_name_version from secret_encrypted_value table if it exists (mysql)" duration=0s
logger=secret-migrator t=2026-08-06T12:49:06.7501144+03:00 level=info msg="Executing migration" id="add primary key with columns namespace,name,version to table secret_encrypted_value if it doesn't exist (mysql)"
logger=secret-migrator t=2026-08-06T12:49:06.7501144+03:00 level=info msg="Migration successfully executed" id="add primary key with columns namespace,name,version to table secret_encrypted_value if it doesn't exist (mysql)" duration=0s
logger=secret-migrator t=2026-08-06T12:49:06.7561118+03:00 level=info msg="Executing migration" id="add primary key with columns namespace,name,version to table secret_encrypted_value (postgres and sqlite)"
logger=secret-migrator t=2026-08-06T12:49:06.762111+03:00 level=info msg="Migration successfully executed" id="add primary key with columns namespace,name,version to table secret_encrypted_value (postgres and sqlite)" duration=5.9992ms
logger=secret-migrator t=2026-08-06T12:49:06.7681119+03:00 level=info msg="Executing migration" id="add gc_attempts to secret_secure_value table"
logger=secret-migrator t=2026-08-06T12:49:06.7701124+03:00 level=info msg="Migration successfully executed" id="add gc_attempts to secret_secure_value table" duration=2.0005ms
logger=secret-migrator t=2026-08-06T12:49:06.7771116+03:00 level=info msg="Executing migration" id="add lease_duration to secret_secure_value table"
logger=secret-migrator t=2026-08-06T12:49:06.782113+03:00 level=info msg="Migration successfully executed" id="add lease_duration to secret_secure_value table" duration=5.0014ms
logger=secret-migrator t=2026-08-06T12:49:06.8174352+03:00 level=info msg="migrations completed" performed=35 skipped=0 duration=299.6075ms
logger=secret-migrator t=2026-08-06T12:49:06.8174352+03:00 level=info msg="Unlocking database"
logger=resource-db t=2026-08-06T12:49:06.8274375+03:00 level=info msg="Initializing Resource DB" db_type=sqlite3 open_conn=0 in_use_conn=0 idle_conn=0 max_open_conn=0
logger=resource-migrator t=2026-08-06T12:49:06.8304338+03:00 level=info msg="Locking database"
logger=resource-migrator t=2026-08-06T12:49:06.8304338+03:00 level=info msg="Starting DB migrations"
logger=resource-migrator t=2026-08-06T12:49:06.8357948+03:00 level=info msg="Executing migration" id="create resource_migration_log table"
logger=resource-migrator t=2026-08-06T12:49:06.8367955+03:00 level=info msg="Migration successfully executed" id="create resource_migration_log table" duration=1.0007ms
logger=resource-migrator t=2026-08-06T12:49:06.8427926+03:00 level=info msg="Executing migration" id="Initialize resource tables"
logger=resource-migrator t=2026-08-06T12:49:06.8427926+03:00 level=info msg="Migration successfully executed" id="Initialize resource tables" duration=0s
logger=resource-migrator t=2026-08-06T12:49:06.8487934+03:00 level=info msg="Executing migration" id="drop table resource"
logger=resource-migrator t=2026-08-06T12:49:06.849794+03:00 level=info msg="Migration successfully executed" id="drop table resource" duration=1.0006ms
logger=resource-migrator t=2026-08-06T12:49:06.8547926+03:00 level=info msg="Executing migration" id="create table resource"
logger=resource-migrator t=2026-08-06T12:49:06.8557941+03:00 level=info msg="Migration successfully executed" id="create table resource" duration=1.0015ms
logger=resource-migrator t=2026-08-06T12:49:06.8633748+03:00 level=info msg="Executing migration" id="create table resource, index: 0"
logger=resource-migrator t=2026-08-06T12:49:06.8645475+03:00 level=info msg="Migration successfully executed" id="create table resource, index: 0" duration=1.1727ms
logger=resource-migrator t=2026-08-06T12:49:06.8692508+03:00 level=info msg="Executing migration" id="drop table resource_history"
logger=resource-migrator t=2026-08-06T12:49:06.869758+03:00 level=info msg="Migration successfully executed" id="drop table resource_history" duration=507.2µs
logger=resource-migrator t=2026-08-06T12:49:06.8764543+03:00 level=info msg="Executing migration" id="create table resource_history"
logger=resource-migrator t=2026-08-06T12:49:06.8774937+03:00 level=info msg="Migration successfully executed" id="create table resource_history" duration=1.0394ms
logger=resource-migrator t=2026-08-06T12:49:06.8827597+03:00 level=info msg="Executing migration" id="create table resource_history, index: 0"
logger=resource-migrator t=2026-08-06T12:49:06.8832684+03:00 level=info msg="Migration successfully executed" id="create table resource_history, index: 0" duration=508.7µs
logger=resource-migrator t=2026-08-06T12:49:06.8891251+03:00 level=info msg="Executing migration" id="create table resource_history, index: 1"
logger=resource-migrator t=2026-08-06T12:49:06.8903084+03:00 level=info msg="Migration successfully executed" id="create table resource_history, index: 1" duration=1.1833ms
logger=resource-migrator t=2026-08-06T12:49:06.8944262+03:00 level=info msg="Executing migration" id="drop table resource_version"
logger=resource-migrator t=2026-08-06T12:49:06.8954279+03:00 level=info msg="Migration successfully executed" id="drop table resource_version" duration=1.0017ms
logger=resource-migrator t=2026-08-06T12:49:06.9004239+03:00 level=info msg="Executing migration" id="create table resource_version"
logger=resource-migrator t=2026-08-06T12:49:06.9014257+03:00 level=info msg="Migration successfully executed" id="create table resource_version" duration=1.0018ms
logger=resource-migrator t=2026-08-06T12:49:06.9084241+03:00 level=info msg="Executing migration" id="create table resource_version, index: 0"
logger=resource-migrator t=2026-08-06T12:49:06.9094255+03:00 level=info msg="Migration successfully executed" id="create table resource_version, index: 0" duration=1.0014ms
logger=resource-migrator t=2026-08-06T12:49:06.9144259+03:00 level=info msg="Executing migration" id="drop table resource_blob"
logger=resource-migrator t=2026-08-06T12:49:06.9154254+03:00 level=info msg="Migration successfully executed" id="drop table resource_blob" duration=999.5µs
logger=resource-migrator t=2026-08-06T12:49:06.9263376+03:00 level=info msg="Executing migration" id="create table resource_blob"
logger=resource-migrator t=2026-08-06T12:49:06.9280133+03:00 level=info msg="Migration successfully executed" id="create table resource_blob" duration=1.6757ms
logger=resource-migrator t=2026-08-06T12:49:06.9388845+03:00 level=info msg="Executing migration" id="create table resource_blob, index: 0"
logger=resource-migrator t=2026-08-06T12:49:06.9570108+03:00 level=info msg="Migration successfully executed" id="create table resource_blob, index: 0" duration=18.1263ms
logger=resource-migrator t=2026-08-06T12:49:06.9620467+03:00 level=info msg="Executing migration" id="create table resource_blob, index: 1"
logger=resource-migrator t=2026-08-06T12:49:06.963899+03:00 level=info msg="Migration successfully executed" id="create table resource_blob, index: 1" duration=1.8523ms
logger=resource-migrator t=2026-08-06T12:49:06.9694111+03:00 level=info msg="Executing migration" id="drop table resource_last_import_time"
logger=resource-migrator t=2026-08-06T12:49:06.9694111+03:00 level=info msg="Migration successfully executed" id="drop table resource_last_import_time" duration=0s
logger=resource-migrator t=2026-08-06T12:49:06.9753622+03:00 level=info msg="Executing migration" id="create table resource_last_import_time"
logger=resource-migrator t=2026-08-06T12:49:06.9759174+03:00 level=info msg="Migration successfully executed" id="create table resource_last_import_time" duration=555.2µs
logger=resource-migrator t=2026-08-06T12:49:06.9807534+03:00 level=info msg="Executing migration" id="Add column previous_resource_version in resource_history"
logger=resource-migrator t=2026-08-06T12:49:06.9855802+03:00 level=info msg="Migration successfully executed" id="Add column previous_resource_version in resource_history" duration=4.8268ms
logger=resource-migrator t=2026-08-06T12:49:06.9910141+03:00 level=info msg="Executing migration" id="Add column previous_resource_version in resource"
logger=resource-migrator t=2026-08-06T12:49:06.9936877+03:00 level=info msg="Migration successfully executed" id="Add column previous_resource_version in resource" duration=2.6736ms
logger=resource-migrator t=2026-08-06T12:49:06.9991401+03:00 level=info msg="Executing migration" id="Add index to resource_history for polling"
logger=resource-migrator t=2026-08-06T12:49:07.0005414+03:00 level=info msg="Migration successfully executed" id="Add index to resource_history for polling" duration=1.4013ms
logger=resource-migrator t=2026-08-06T12:49:07.0052393+03:00 level=info msg="Executing migration" id="Add index to resource for loading"
logger=resource-migrator t=2026-08-06T12:49:07.0070043+03:00 level=info msg="Migration successfully executed" id="Add index to resource for loading" duration=1.765ms
logger=resource-migrator t=2026-08-06T12:49:07.0121803+03:00 level=info msg="Executing migration" id="Add column folder in resource_history"
logger=resource-migrator t=2026-08-06T12:49:07.0156903+03:00 level=info msg="Migration successfully executed" id="Add column folder in resource_history" duration=3.51ms
logger=resource-migrator t=2026-08-06T12:49:07.0216883+03:00 level=info msg="Executing migration" id="Add column folder in resource"
logger=resource-migrator t=2026-08-06T12:49:07.0242021+03:00 level=info msg="Migration successfully executed" id="Add column folder in resource" duration=2.5138ms
logger=resource-migrator t=2026-08-06T12:49:07.0312033+03:00 level=info msg="Executing migration" id="Migrate DeletionMarkers to real Resource objects"
logger=deletion-marker-migrator t=2026-08-06T12:49:07.0312033+03:00 level=info msg="finding any deletion markers"
logger=resource-migrator t=2026-08-06T12:49:07.0312033+03:00 level=info msg="Migration successfully executed" id="Migrate DeletionMarkers to real Resource objects" duration=0s
logger=resource-migrator t=2026-08-06T12:49:07.0380792+03:00 level=info msg="Executing migration" id="Add index to resource_history for get trash"
logger=resource-migrator t=2026-08-06T12:49:07.0390806+03:00 level=info msg="Migration successfully executed" id="Add index to resource_history for get trash" duration=1.0014ms
logger=resource-migrator t=2026-08-06T12:49:07.0460811+03:00 level=info msg="Executing migration" id="Add generation to resource history"
logger=resource-migrator t=2026-08-06T12:49:07.0480806+03:00 level=info msg="Migration successfully executed" id="Add generation to resource history" duration=1.9995ms
logger=resource-migrator t=2026-08-06T12:49:07.0683912+03:00 level=info msg="Executing migration" id="Add generation index to resource history"
logger=resource-migrator t=2026-08-06T12:49:07.0704447+03:00 level=info msg="Migration successfully executed" id="Add generation index to resource history" duration=2.0535ms
logger=resource-migrator t=2026-08-06T12:49:07.077481+03:00 level=info msg="Executing migration" id="Add UQE_resource_last_import_time_last_import_time index"
logger=resource-migrator t=2026-08-06T12:49:07.078753+03:00 level=info msg="Migration successfully executed" id="Add UQE_resource_last_import_time_last_import_time index" duration=1.272ms
logger=resource-migrator t=2026-08-06T12:49:07.0846459+03:00 level=info msg="Executing migration" id="Add key_path column to resource_history"
logger=resource-migrator t=2026-08-06T12:49:07.0872774+03:00 level=info msg="Migration successfully executed" id="Add key_path column to resource_history" duration=2.6315ms
logger=resource-migrator t=2026-08-06T12:49:07.1086905+03:00 level=info msg="Executing migration" id="create table resource_events"
logger=resource-migrator t=2026-08-06T12:49:07.1109648+03:00 level=info msg="Migration successfully executed" id="create table resource_events" duration=2.2743ms
logger=resource-migrator t=2026-08-06T12:49:07.1209646+03:00 level=info msg="Executing migration" id="Add IDX_resource_history_key_path index"
logger=resource-migrator t=2026-08-06T12:49:07.1219636+03:00 level=info msg="Migration successfully executed" id="Add IDX_resource_history_key_path index" duration=999µs
logger=resource-migrator t=2026-08-06T12:49:07.1279625+03:00 level=info msg="Executing migration" id="drop my_row_id and add primary key with columns group,resource to table resource_version if my_row_id exists (auto-generated mysql column)"
logger=resource-migrator t=2026-08-06T12:49:07.1279625+03:00 level=warn msg="Skipping migration: Already executed, but not recorded in migration log" id="drop my_row_id and add primary key with columns group,resource to table resource_version if my_row_id exists (auto-generated mysql column)"
logger=resource-migrator t=2026-08-06T12:49:07.1349641+03:00 level=info msg="Executing migration" id="drop unique index UQE_resource_version_group_resource from resource_version table if it exists (mysql)"
logger=resource-migrator t=2026-08-06T12:49:07.1349641+03:00 level=info msg="Migration successfully executed" id="drop unique index UQE_resource_version_group_resource from resource_version table if it exists (mysql)" duration=0s
logger=resource-migrator t=2026-08-06T12:49:07.1492118+03:00 level=info msg="Executing migration" id="add primary key with columns group,resource to table resource_version if it doesn't exist (mysql)"
logger=resource-migrator t=2026-08-06T12:49:07.1492118+03:00 level=info msg="Migration successfully executed" id="add primary key with columns group,resource to table resource_version if it doesn't exist (mysql)" duration=0s
logger=resource-migrator t=2026-08-06T12:49:07.1551785+03:00 level=info msg="Executing migration" id="add primary key with columns group,resource to table resource_version (postgres and sqlite)"
logger=resource-migrator t=2026-08-06T12:49:07.1615379+03:00 level=info msg="Migration successfully executed" id="add primary key with columns group,resource to table resource_version (postgres and sqlite)" duration=6.3594ms
logger=resource-migrator t=2026-08-06T12:49:07.1671803+03:00 level=info msg="Executing migration" id="Change key_path collation of resource_history in postgres"
logger=resource-migrator t=2026-08-06T12:49:07.1671803+03:00 level=info msg="Migration successfully executed" id="Change key_path collation of resource_history in postgres" duration=0s
logger=resource-migrator t=2026-08-06T12:49:07.1731804+03:00 level=info msg="Executing migration" id="Change key_path collation of resource_events in postgres"
logger=resource-migrator t=2026-08-06T12:49:07.1731804+03:00 level=info msg="Migration successfully executed" id="Change key_path collation of resource_events in postgres" duration=0s
logger=resource-migrator t=2026-08-06T12:49:07.178934+03:00 level=info msg="Executing migration" id="resource_history key_path backfill"
logger=resource-migrator t=2026-08-06T12:49:07.1799776+03:00 level=info msg="Migration successfully executed" id="resource_history key_path backfill" duration=1.0436ms
logger=resource-migrator t=2026-08-06T12:49:07.194526+03:00 level=info msg="Executing migration" id="Add index to resource_history for garbage collection"
logger=resource-migrator t=2026-08-06T12:49:07.1955276+03:00 level=info msg="Migration successfully executed" id="Add index to resource_history for garbage collection" duration=1.0016ms
logger=resource-migrator t=2026-08-06T12:49:07.2025283+03:00 level=info msg="Executing migration" id="Fix small resource versions"
logger=resource-migrator t=2026-08-06T12:49:07.2025283+03:00 level=info msg="Migration successfully executed" id="Fix small resource versions" duration=0s
logger=resource-migrator t=2026-08-06T12:49:07.2085281+03:00 level=info msg="Executing migration" id="create table pending_tenant_deletions"
logger=resource-migrator t=2026-08-06T12:49:07.2095286+03:00 level=info msg="Migration successfully executed" id="create table pending_tenant_deletions" duration=1.0005ms
logger=resource-migrator t=2026-08-06T12:49:07.2165282+03:00 level=info msg="Executing migration" id="Change key_path collation of pending_tenant_deletions in postgres"
logger=resource-migrator t=2026-08-06T12:49:07.2165282+03:00 level=info msg="Migration successfully executed" id="Change key_path collation of pending_tenant_deletions in postgres" duration=0s
logger=resource-migrator t=2026-08-06T12:49:07.2218514+03:00 level=info msg="Executing migration" id="create table kv_leases"
logger=resource-migrator t=2026-08-06T12:49:07.2238522+03:00 level=info msg="Migration successfully executed" id="create table kv_leases" duration=2.0008ms
logger=resource-migrator t=2026-08-06T12:49:07.2318537+03:00 level=info msg="Executing migration" id="Change key_path collation of kv_leases in postgres"
logger=resource-migrator t=2026-08-06T12:49:07.2318537+03:00 level=info msg="Migration successfully executed" id="Change key_path collation of kv_leases in postgres" duration=0s
logger=resource-migrator t=2026-08-06T12:49:07.2378514+03:00 level=info msg="Executing migration" id="create table search_snapshot_manifest"
logger=resource-migrator t=2026-08-06T12:49:07.2388526+03:00 level=info msg="Migration successfully executed" id="create table search_snapshot_manifest" duration=1.0012ms
logger=resource-migrator t=2026-08-06T12:49:07.2440023+03:00 level=info msg="Executing migration" id="Change key_path collation of search_snapshot_manifest in postgres"
logger=resource-migrator t=2026-08-06T12:49:07.2440023+03:00 level=info msg="Migration successfully executed" id="Change key_path collation of search_snapshot_manifest in postgres" duration=0s
logger=resource-migrator t=2026-08-06T12:49:07.2495445+03:00 level=info msg="Executing migration" id="create table search_snapshot_data"
logger=resource-migrator t=2026-08-06T12:49:07.2503256+03:00 level=info msg="Migration successfully executed" id="create table search_snapshot_data" duration=781.1µs
logger=resource-migrator t=2026-08-06T12:49:07.2557611+03:00 level=info msg="Executing migration" id="Change key_path collation of search_snapshot_data in postgres"
logger=resource-migrator t=2026-08-06T12:49:07.2557611+03:00 level=info msg="Migration successfully executed" id="Change key_path collation of search_snapshot_data in postgres" duration=0s
logger=resource-migrator t=2026-08-06T12:49:07.2611762+03:00 level=info msg="migrations completed" performed=49 skipped=0 duration=425.3814ms
logger=resource-migrator t=2026-08-06T12:49:07.2617034+03:00 level=info msg="Unlocking database"
t=2026-08-06T12:49:07.2632144+03:00 level=info caller=logger.go:214 time=2026-08-06T12:49:07.2632144+03:00 msg="Using channel notifier" logger=sql-resource-server
logger=resource-search t=2026-08-06T12:49:07.2647555+03:00 level=info msg="search index initialized" duration_secs=0 total_docs=0
logger=caching.service t=2026-08-06T12:49:07.2765526+03:00 level=info msg="Caching service is disabled"
logger=unifiedstorage-migrator t=2026-08-06T12:49:07.2773327+03:00 level=info msg="Locking database"
logger=unifiedstorage-migrator t=2026-08-06T12:49:07.2773327+03:00 level=info msg="Starting DB migrations"
logger=unifiedstorage-migrator t=2026-08-06T12:49:07.2808464+03:00 level=info msg="Executing migration" id="create unifiedstorage_migration_log table"
logger=unifiedstorage-migrator t=2026-08-06T12:49:07.2820039+03:00 level=info msg="Migration successfully executed" id="create unifiedstorage_migration_log table" duration=1.1575ms
logger=unifiedstorage-migrator t=2026-08-06T12:49:07.2948443+03:00 level=info msg="migrations completed" performed=1 skipped=0 duration=13.9979ms
logger=unifiedstorage-migrator t=2026-08-06T12:49:07.2955916+03:00 level=info msg="Unlocking database"
logger=storage.unified.migrations t=2026-08-06T12:49:07.2955916+03:00 level=info msg="Running migrations for unified storage"
logger=storage.unified.migrations t=2026-08-06T12:49:07.2955916+03:00 level=info msg="Migration is disabled in config, skipping" migration=shorturls
logger=storage.unified.migrations t=2026-08-06T12:49:07.2955916+03:00 level=info msg="Migration is disabled in config, skipping" migration=datasource
logger=storage.unified.migrations t=2026-08-06T12:49:07.2955916+03:00 level=info msg="Migration is disabled in config, skipping" migration=stars
logger=storage.unified.migrations t=2026-08-06T12:49:07.2955916+03:00 level=info msg="Migration is disabled in config, skipping" migration=preferences
logger=storage.unified.migrations t=2026-08-06T12:49:07.2955916+03:00 level=info msg="Migration is disabled in config, skipping" migration=querycacheconfigs
logger=unifiedstorage-migrator t=2026-08-06T12:49:07.2955916+03:00 level=info msg="Locking database"
logger=unifiedstorage-migrator t=2026-08-06T12:49:07.2955916+03:00 level=info msg="Starting DB migrations"
logger=unifiedstorage-migrator t=2026-08-06T12:49:07.2961041+03:00 level=info msg="Executing migration" id="folders and dashboards migration"
logger=storage.unified.migration_runner.folders-dashboards t=2026-08-06T12:49:07.2961041+03:00 level=info msg="Starting migration for all organizations" org_count=1 resources="[folders.folder.grafana.app dashboards.dashboard.grafana.app]"
logger=storage.unified.migration_runner.folders-dashboards t=2026-08-06T12:49:07.2961041+03:00 level=info msg="Stored migrator transaction in context for bulk operations (SQLite compatibility)"
logger=storage.unified.migration_runner.folders-dashboards t=2026-08-06T12:49:07.2961041+03:00 level=info msg="Migrating organization" org_id=1 namespace=default
logger=storage.unified.migrator t=2026-08-06T12:49:07.2961041+03:00 level=info msg="start migrating legacy resources" namespace=default orgId=1 stackId=0
logger=storage.unified.migration_runner.folders-dashboards t=2026-08-06T12:49:07.2961041+03:00 level=info msg="Migration progress" org_id=1 count=-1 message="migrating folders..."
t=2026-08-06T12:49:07.2968598+03:00 level=info caller=logger.go:214 time=2026-08-06T12:49:07.2968598+03:00 msg="Using SQLite transaction from client context" logger=sql-resource-server
logger=storage.unified.migration_runner.folders-dashboards t=2026-08-06T12:49:07.2999038+03:00 level=info msg="Migration progress" org_id=1 count=-2 message="finished folders... (0)"
logger=storage.unified.migration_runner.folders-dashboards t=2026-08-06T12:49:07.2999038+03:00 level=info msg="Migration progress" org_id=1 count=-1 message="migrating dashboards..."
logger=storage.unified.migration_runner.folders-dashboards t=2026-08-06T12:49:07.3004166+03:00 level=info msg="Migration progress" org_id=1 count=-2 message="finished dashboards... (0)"
logger=storage.unified.migrator t=2026-08-06T12:49:07.3004166+03:00 level=info msg="finished migrating legacy resources" namespace=default orgId=1 stackId=0
t=2026-08-06T12:49:07.3004166+03:00 level=info caller=logger.go:214 time=2026-08-06T12:49:07.3004166+03:00 msg="synchronize collection" key=default/folder.grafana.app/folders
t=2026-08-06T12:49:07.3014153+03:00 level=info caller=logger.go:214 time=2026-08-06T12:49:07.3014153+03:00 msg="get stats (still in transaction)" key=default/folder.grafana.app/folders
t=2026-08-06T12:49:07.3024156+03:00 level=info caller=logger.go:214 time=2026-08-06T12:49:07.3024156+03:00 msg="successfully locked RV" logger=sql-resource-server nextRV=1786009747301012 key=default/folder.grafana.app/folders
t=2026-08-06T12:49:07.3024156+03:00 level=info caller=logger.go:214 time=2026-08-06T12:49:07.3024156+03:00 msg="successfully saved RV" logger=sql-resource-server rv=1786009747301012 key=default/folder.grafana.app/folders
t=2026-08-06T12:49:07.3024156+03:00 level=info caller=logger.go:214 time=2026-08-06T12:49:07.3024156+03:00 msg="synchronize collection" key=default/dashboard.grafana.app/dashboards
t=2026-08-06T12:49:07.3034171+03:00 level=info caller=logger.go:214 time=2026-08-06T12:49:07.3034171+03:00 msg="get stats (still in transaction)" key=default/dashboard.grafana.app/dashboards
t=2026-08-06T12:49:07.3034171+03:00 level=info caller=logger.go:214 time=2026-08-06T12:49:07.3034171+03:00 msg="successfully locked RV" logger=sql-resource-server nextRV=1786009747302983 key=default/dashboard.grafana.app/dashboards
t=2026-08-06T12:49:07.3044156+03:00 level=info caller=logger.go:214 time=2026-08-06T12:49:07.3044156+03:00 msg="successfully saved RV" logger=sql-resource-server rv=1786009747302983 key=default/dashboard.grafana.app/dashboards
logger=storage.unified.migrator t=2026-08-06T12:49:07.3044156+03:00 level=info msg="start rebuilding index for resources" namespace=default orgId=1 resources="[folders.folder.grafana.app dashboards.dashboard.grafana.app]"
logger=storage.unified.migrator t=2026-08-06T12:49:07.3044156+03:00 level=info msg="finished rebuilding index for resources" namespace=default orgId=1 resources="[folders.folder.grafana.app dashboards.dashboard.grafana.app]"
logger=storage.unified.migration_runner.folders-dashboards t=2026-08-06T12:49:07.3044156+03:00 level=info msg="Count validation" resource=folders.folder.grafana.app namespace=default legacy_count=0 unified_count=0 migration_summary_count=0 rejected=0 history=0
logger=storage.unified.migration_runner.folders-dashboards t=2026-08-06T12:49:07.3054157+03:00 level=info msg="Count validation" resource=dashboards.dashboard.grafana.app namespace=default legacy_count=0 unified_count=0 migration_summary_count=0 rejected=0 history=0
logger=storage.unified.migration_runner.folders-dashboards t=2026-08-06T12:49:07.3054157+03:00 level=info msg="Folder tree structure validation passed" folder_count=0 namespace=default
logger=storage.unified.migration_runner.folders-dashboards t=2026-08-06T12:49:07.3054157+03:00 level=info msg="Migration completed for organization" org_id=1 duration=9.3116ms processed=0 summaries=2 rejected=0
logger=storage.unified.migration_runner.folders-dashboards t=2026-08-06T12:49:07.3054157+03:00 level=info msg="Migration completed successfully for all organizations" org_count=1
logger=unifiedstorage-migrator t=2026-08-06T12:49:07.3054157+03:00 level=info msg="Migration successfully executed" id="folders and dashboards migration" duration=9.3116ms
logger=unifiedstorage-migrator t=2026-08-06T12:49:07.3114144+03:00 level=info msg="Executing migration" id="playlists migration"
logger=storage.unified.migration_runner.playlists t=2026-08-06T12:49:07.3114144+03:00 level=info msg="Starting migration for all organizations" org_count=1 resources=[playlists.playlist.grafana.app]
logger=storage.unified.migration_runner.playlists t=2026-08-06T12:49:07.3114144+03:00 level=info msg="Stored migrator transaction in context for bulk operations (SQLite compatibility)"
logger=storage.unified.migration_runner.playlists t=2026-08-06T12:49:07.3114144+03:00 level=info msg="Migration is not required, the legacy SQL table does not exist" table=playlist
logger=unifiedstorage-migrator t=2026-08-06T12:49:07.3114144+03:00 level=info msg="Migration successfully executed" id="playlists migration" duration=0s
logger=unifiedstorage-migrator t=2026-08-06T12:49:07.3174142+03:00 level=info msg="migrations completed" performed=2 skipped=1 duration=21.3101ms
logger=unifiedstorage-migrator t=2026-08-06T12:49:07.3194152+03:00 level=info msg="Unlocking database"
logger=storage.unified.migrations t=2026-08-06T12:49:07.3194152+03:00 level=info msg="Unified storage migrations completed successfully"
logger=live.push_http t=2026-08-06T12:49:07.535491+03:00 level=info msg="Live Push Gateway initialization"
logger=ngalert.notifier t=2026-08-06T12:49:07.537036+03:00 level=info component=alertmanager orgID=1 msg="template definitions loaded" mimir=0 grafana=0 total=0 maxTemplateOutput=10485760
logger=ngalert.notifier component=alertmanager orgID=1 t=2026-08-06T12:49:07.5401383+03:00 level=info msg="Applying new configuration to Alertmanager" configHash="{12383335334731491449 16454292769479786371 11535544170606148457 1343157387507078592 10278876130067529486 4613426124549341787 5144611013662998819}"
logger=ngalert.notifier t=2026-08-06T12:49:07.5401383+03:00 level=info component=alertmanager orgID=1 msg="template definitions loaded" mimir=0 grafana=0 total=0 maxTemplateOutput=10485760
logger=ngalert.writer t=2026-08-06T12:49:07.5549005+03:00 level=info msg="Setting up remote write using data sources" timeout=10s default_datasource_uid=
logger=ngalert t=2026-08-06T12:49:07.5554169+03:00 level=info msg="Using protobuf-based alert instance store"
logger=ngalert.state.manager.persist t=2026-08-06T12:49:07.5554169+03:00 level=info msg="Using sync rule state persister (compressed)"
logger=query_data t=2026-08-06T12:49:07.5559287+03:00 level=info msg="Query Service initialization"
logger=annotation.app t=2026-08-06T12:49:07.7570934+03:00 level=info msg="Starting annotation cleanup loop" interval=24h0m0s retention=2160h0m0s
logger=annotation.app t=2026-08-06T12:49:07.7570934+03:00 level=info msg="Annotation cleanup completed" rows_deleted=0 duration=0s
logger=scim-registry-setup t=2026-08-06T12:49:07.7714005+03:00 level=info msg="Successfully created K8s client; dynamic SCIM configuration enabled."
logger=scim-registry-setup t=2026-08-06T12:49:07.7714005+03:00 level=info msg="Registered SCIM usage stats collector."
logger=infra.usagestats.collector t=2026-08-06T12:49:07.7714005+03:00 level=info msg="registering usage stat providers" usageStatsProvidersLen=3
logger=backgroundsvcs.managerAdapter t=2026-08-06T12:49:08.7984099+03:00 level=info msg=starting module=*sqlstore.SQLStore
logger=backgroundsvcs.managerAdapter t=2026-08-06T12:49:08.7984099+03:00 level=info msg=starting module=tracing
logger=backgroundsvcs.managerAdapter t=2026-08-06T12:49:08.7984099+03:00 level=info msg=starting module=grafana-apiserver
logger=grafana-apiserver t=2026-08-06T12:49:08.9841326+03:00 level=info msg="Adding GroupVersion preferences.grafana.app v1alpha1 to ResourceManager"
logger=grafana-apiserver t=2026-08-06T12:49:08.9861316+03:00 level=info msg="Adding GroupVersion provisioning.grafana.app v0alpha1 to ResourceManager"
logger=grafana-apiserver t=2026-08-06T12:49:08.9886471+03:00 level=info msg="Adding GroupVersion provisioning.grafana.app v1beta1 to ResourceManager"
logger=grafana-apiserver t=2026-08-06T12:49:08.9886471+03:00 level=info msg="Adding GroupVersion features.grafana.app v0alpha1 to ResourceManager"
logger=grafana-apiserver t=2026-08-06T12:49:08.9956454+03:00 level=info msg="Adding GroupVersion dashboard.grafana.app v2 to ResourceManager"
logger=grafana-apiserver t=2026-08-06T12:49:08.9966451+03:00 level=info msg="Adding GroupVersion dashboard.grafana.app v2beta1 to ResourceManager"
logger=grafana-apiserver t=2026-08-06T12:49:08.9966451+03:00 level=info msg="Adding GroupVersion dashboard.grafana.app v2alpha1 to ResourceManager"
logger=grafana-apiserver t=2026-08-06T12:49:08.9966451+03:00 level=info msg="Adding GroupVersion dashboard.grafana.app v0alpha1 to ResourceManager"
logger=grafana-apiserver t=2026-08-06T12:49:08.9976444+03:00 level=info msg="Adding GroupVersion dashboard.grafana.app v1 to ResourceManager"
logger=grafana-apiserver t=2026-08-06T12:49:08.9976444+03:00 level=info msg="Adding GroupVersion dashboard.grafana.app v1beta1 to ResourceManager"
logger=grafana-apiserver t=2026-08-06T12:49:08.9976444+03:00 level=info msg="Adding GroupVersion userstorage.grafana.app v0alpha1 to ResourceManager"
logger=grafana-apiserver t=2026-08-06T12:49:08.999159+03:00 level=info msg="Adding GroupVersion collections.grafana.app v1alpha1 to ResourceManager"
logger=grafana-apiserver t=2026-08-06T12:49:08.999159+03:00 level=info msg="Adding GroupVersion sandboxsettings.grafana.app v0alpha1 to ResourceManager"
t=2026-08-06T12:49:08.999159+03:00 level=info caller=logger.go:214 time=2026-08-06T12:49:08.999159+03:00 msg="Zanzana is not enabled; skipping folder propagation hooks"
t=2026-08-06T12:49:08.999159+03:00 level=info caller=logger.go:214 time=2026-08-06T12:49:08.999159+03:00 msg="Zanzana is not enabled; skipping folder propagation hooks"
logger=grafana-apiserver t=2026-08-06T12:49:09.0001556+03:00 level=info msg="Adding GroupVersion folder.grafana.app v1 to ResourceManager"
logger=grafana-apiserver t=2026-08-06T12:49:09.0001556+03:00 level=info msg="Adding GroupVersion folder.grafana.app v1beta1 to ResourceManager"
logger=grafana-apiserver t=2026-08-06T12:49:09.0011559+03:00 level=info msg="Adding GroupVersion playlist.grafana.app v1 to ResourceManager"
logger=grafana-apiserver t=2026-08-06T12:49:09.0011559+03:00 level=info msg="Adding GroupVersion playlist.grafana.app v0alpha1 to ResourceManager"
t=2026-08-06T12:49:09.0011559+03:00 level=info caller=logger.go:214 time=2026-08-06T12:49:09.0011559+03:00 msg="Installed APIs for app" app=playlist
logger=grafana-apiserver t=2026-08-06T12:49:09.0021563+03:00 level=info msg="Adding GroupVersion plugins.grafana.app v0alpha1 to ResourceManager"
t=2026-08-06T12:49:09.0021563+03:00 level=info caller=logger.go:214 time=2026-08-06T12:49:09.0021563+03:00 msg="Installed APIs for app" app=plugins
logger=grafana-apiserver t=2026-08-06T12:49:09.0031561+03:00 level=info msg="Adding GroupVersion example.grafana.app v1alpha1 to ResourceManager"
logger=grafana-apiserver t=2026-08-06T12:49:09.004156+03:00 level=info msg="Adding GroupVersion example.grafana.app v0alpha1 to ResourceManager"
t=2026-08-06T12:49:09.004156+03:00 level=info caller=logger.go:214 time=2026-08-06T12:49:09.004156+03:00 msg="Installed APIs for app" app=example
logger=grafana-apiserver t=2026-08-06T12:49:09.004156+03:00 level=info msg="Skipping API quotas.grafana.app/v0alpha1 because it has no resources."
t=2026-08-06T12:49:09.004156+03:00 level=info caller=logger.go:214 time=2026-08-06T12:49:09.004156+03:00 msg="Installed APIs for app" app=quotas
logger=grafana-apiserver t=2026-08-06T12:49:09.0051562+03:00 level=info msg="Adding GroupVersion shorturl.grafana.app v1beta1 to ResourceManager"
t=2026-08-06T12:49:09.0051562+03:00 level=info caller=logger.go:214 time=2026-08-06T12:49:09.0051562+03:00 msg="Installed APIs for app" app=shorturl
t=2026-08-06T12:49:09.0051562+03:00 level=warn caller=logger.go:224 time=2026-08-06T12:49:09.0051562+03:00 msg="skipped registering status sub-resource that does not support dual writing" resource=alertrules.rules.alerting.grafana.app version=v0alpha1 storagePath=alertrules/status
t=2026-08-06T12:49:09.0051562+03:00 level=warn caller=logger.go:224 time=2026-08-06T12:49:09.0051562+03:00 msg="skipped registering status sub-resource that does not support dual writing" resource=recordingrules.rules.alerting.grafana.app version=v0alpha1 storagePath=recordingrules/status
logger=grafana-apiserver t=2026-08-06T12:49:09.0061562+03:00 level=info msg="Adding GroupVersion rules.alerting.grafana.app v0alpha1 to ResourceManager"
t=2026-08-06T12:49:09.0061562+03:00 level=info caller=logger.go:214 time=2026-08-06T12:49:09.0061562+03:00 msg="Installed APIs for app" app=alerting
logger=grafana-apiserver t=2026-08-06T12:49:09.0081581+03:00 level=info msg="Adding GroupVersion notifications.alerting.grafana.app v1beta1 to ResourceManager"
logger=grafana-apiserver t=2026-08-06T12:49:09.0096708+03:00 level=info msg="Adding GroupVersion notifications.alerting.grafana.app v0alpha1 to ResourceManager"
t=2026-08-06T12:49:09.0096708+03:00 level=info caller=logger.go:214 time=2026-08-06T12:49:09.0096708+03:00 msg="Installed APIs for app" app=alerting-notifications
logger=grafana-apiserver t=2026-08-06T12:49:09.0106666+03:00 level=info msg="Adding GroupVersion advisor.grafana.app v0alpha1 to ResourceManager"
t=2026-08-06T12:49:09.0106666+03:00 level=info caller=logger.go:214 time=2026-08-06T12:49:09.0106666+03:00 msg="Installed APIs for app" app=advisor
t=2026-08-06T12:49:09.4009351+03:00 level=info caller=logger.go:214 time=2026-08-06T12:49:09.4009351+03:00 msg="App initialized" app=playlist
t=2026-08-06T12:49:09.4009351+03:00 level=info caller=logger.go:214 time=2026-08-06T12:49:09.4009351+03:00 msg="App initialized" app=alerting-notifications
t=2026-08-06T12:49:09.4009351+03:00 level=info caller=logger.go:214 time=2026-08-06T12:49:09.4009351+03:00 msg="App initialized" app=quotas
t=2026-08-06T12:49:09.4009351+03:00 level=info caller=logger.go:214 time=2026-08-06T12:49:09.4009351+03:00 msg="App initialized" app=plugins
t=2026-08-06T12:49:09.4009351+03:00 level=info caller=logger.go:214 time=2026-08-06T12:49:09.4009351+03:00 msg="App initialized" app=example
t=2026-08-06T12:49:09.4009351+03:00 level=info caller=logger.go:214 time=2026-08-06T12:49:09.4009351+03:00 msg="App initialized" app=shorturl
t=2026-08-06T12:49:09.4019356+03:00 level=info caller=logger.go:214 time=2026-08-06T12:49:09.4019356+03:00 msg="App initialized" app=advisor
t=2026-08-06T12:49:09.4019356+03:00 level=info caller=logger.go:214 time=2026-08-06T12:49:09.4019356+03:00 msg="Starting RepositoryController" logger=provisioning-repository-controller
t=2026-08-06T12:49:09.4019356+03:00 level=info caller=logger.go:214 time=2026-08-06T12:49:09.4019356+03:00 msg="start concurrent job driver" logger=concurrent-job-driver num_drivers=3 num_drivers=3
t=2026-08-06T12:49:09.4019356+03:00 level=info caller=logger.go:214 time=2026-08-06T12:49:09.4019356+03:00 msg="starting job cleanup controller" logger=job-cleanup-controller cleanup_interval=1m30s expiry=30s
t=2026-08-06T12:49:09.4019356+03:00 level=info caller=logger.go:214 time=2026-08-06T12:49:09.4019356+03:00 msg="start job driver" logger=concurrent-job-driver num_drivers=3 driver_id=1
t=2026-08-06T12:49:09.4019356+03:00 level=info caller=logger.go:214 time=2026-08-06T12:49:09.4019356+03:00 msg="start job driver" logger=concurrent-job-driver num_drivers=3 driver_id=0
t=2026-08-06T12:49:09.4019356+03:00 level=info caller=logger.go:214 time=2026-08-06T12:49:09.4019356+03:00 msg="start job driver" logger=concurrent-job-driver num_drivers=3 driver_id=2
t=2026-08-06T12:49:09.4059365+03:00 level=info caller=logger.go:214 time=2026-08-06T12:49:09.4059365+03:00 msg="App initialized" app=alerting
logger=backgroundsvcs.managerAdapter t=2026-08-06T12:49:09.4059365+03:00 level=info msg=starting module=plugins.store
logger=backgroundsvcs.managerAdapter t=2026-08-06T12:49:09.4059365+03:00 level=info msg=starting module=plugin.backgroundinstaller
logger=plugin.backgroundinstaller t=2026-08-06T12:49:09.4059365+03:00 level=info msg="Plugins installed" plugins=[]
logger=plugin.backgroundinstaller t=2026-08-06T12:49:09.4059365+03:00 level=info msg="Installing plugins" plugins="[{ID:grafana-lokiexplore-app Version: URL:} {ID:grafana-assistant-app Version: URL:} {ID:grafana-pyroscope-app Version: URL:} {ID:grafana-exploretraces-app Version: URL:} {ID:grafana-metricsdrilldown-app Version: URL:} {ID:elasticsearch Version: URL:} {ID:zipkin Version: URL:}]"
logger=plugin.backgroundinstaller t=2026-08-06T12:49:09.4059365+03:00 level=info msg="Installing plugin" pluginId=grafana-lokiexplore-app version=
logger=backgroundsvcs.managerAdapter t=2026-08-06T12:49:09.4059365+03:00 level=info msg=starting module=provisioning
logger=provisioning.alerting t=2026-08-06T12:49:09.43904+03:00 level=info msg="starting to provision alerting"
logger=provisioning.alerting t=2026-08-06T12:49:09.43904+03:00 level=info msg="finished to provision alerting"
logger=bleve-backend namespace=default group=dashboard.grafana.app resource=dashboards reason=search t=2026-08-06T12:49:09.4640396+03:00 level=info msg="Building index using memory"
logger=bleve-backend namespace=default group=dashboard.grafana.app resource=dashboards reason=search t=2026-08-06T12:49:09.4700392+03:00 level=info msg="Finished building index" elapsed=5.9996ms listRV=1786009747302983
logger=bleve-backend namespace=default group=dashboard.grafana.app resource=dashboards reason=search t=2026-08-06T12:49:09.4700392+03:00 level=info msg="Storing index in cache" key="{Namespace:default Group:dashboard.grafana.app Resource:dashboards}" expiration=2026-08-06T12:59:09.4700392+03:00
logger=provisioning.dashboard t=2026-08-06T12:49:09.4760381+03:00 level=info msg="starting to provision dashboards"
logger=provisioning.dashboard t=2026-08-06T12:49:09.4760381+03:00 level=info msg="finished to provision dashboards"
logger=backgroundsvcs.managerAdapter t=2026-08-06T12:49:09.4820394+03:00 level=info msg=starting module=*rendering.RenderingService
logger=backgroundsvcs.managerAdapter t=2026-08-06T12:49:09.4820394+03:00 level=info msg=starting module=*cleanup.CleanUpService
logger=backgroundsvcs.managerAdapter t=2026-08-06T12:49:09.4820394+03:00 level=info msg=starting module=*dualwrite.ZanzanaReconciler
logger=backgroundsvcs.managerAdapter t=2026-08-06T12:49:09.4820394+03:00 level=info msg=starting module=*metric.Service
logger=backgroundsvcs.managerAdapter t=2026-08-06T12:49:09.4820394+03:00 level=info msg=starting module=*summaries.Summaries
logger=backgroundsvcs.managerAdapter t=2026-08-06T12:49:09.4820394+03:00 level=info msg=starting module=*report.Report
logger=report t=2026-08-06T12:49:09.4820394+03:00 level=warn msg="Scheduling and sending of reports disabled, SMTP is not configured and enabled. Configure SMTP to enable."
logger=backgroundsvcs.managerAdapter t=2026-08-06T12:49:09.4820394+03:00 level=info msg=starting module=*migrations.SecretMigrationProviderImpl
logger=backgroundsvcs.managerAdapter t=2026-08-06T12:49:09.4820394+03:00 level=info msg=starting module=*service.DashboardServiceImpl
logger=backgroundsvcs.managerAdapter t=2026-08-06T12:49:09.4820394+03:00 level=info msg=starting module=*vault.KeyStore
logger=backgroundsvcs.managerAdapter t=2026-08-06T12:49:09.4820394+03:00 level=info msg=starting module=*manager.SecretsService
logger=backgroundsvcs.managerAdapter t=2026-08-06T12:49:09.4820394+03:00 level=info msg=starting module=*anonimpl.AnonDeviceService
logger=backgroundsvcs.managerAdapter t=2026-08-06T12:49:09.4820394+03:00 level=info msg=starting module=*caching.Service
logger=backgroundsvcs.managerAdapter t=2026-08-06T12:49:09.4820394+03:00 level=info msg=starting module=*store.standardStorageService
logger=backgroundsvcs.managerAdapter t=2026-08-06T12:49:09.4820394+03:00 level=info msg=starting module=*authz.EmbeddedZanzanaService
logger=backgroundsvcs.managerAdapter t=2026-08-06T12:49:09.4820394+03:00 level=info msg=starting module=*service.DashboardUpdater
logger=backgroundsvcs.managerAdapter t=2026-08-06T12:49:09.4820394+03:00 level=info msg=starting module=*angulardetectorsprovider.Dynamic
logger=backgroundsvcs.managerAdapter t=2026-08-06T12:49:09.4820394+03:00 level=info msg=starting module=*ngalert.AlertNG
logger=backgroundsvcs.managerAdapter t=2026-08-06T12:49:09.4820394+03:00 level=info msg=starting module=*analytics.Meta
logger=backgroundsvcs.managerAdapter t=2026-08-06T12:49:09.4820394+03:00 level=info msg=starting module=*remotecache.RemoteCache
logger=ngalert t=2026-08-06T12:49:09.4830395+03:00 level=info msg="Primary node, alert rule evaluation enabled"
logger=backgroundsvcs.managerAdapter t=2026-08-06T12:49:09.4820394+03:00 level=info msg=starting module=*notifications.NotificationService
logger=backgroundsvcs.managerAdapter t=2026-08-06T12:49:09.4820394+03:00 level=info msg=starting module=*manager.ServiceAccountsService
logger=ngalert.state.manager t=2026-08-06T12:49:09.4830395+03:00 level=info msg="Warming state cache for startup"
logger=backgroundsvcs.managerAdapter t=2026-08-06T12:49:09.4820394+03:00 level=info msg=starting module=*garbagecollectionworker.Worker
logger=backgroundsvcs.managerAdapter t=2026-08-06T12:49:09.4820394+03:00 level=info msg=starting module=*service.RenewalService
logger=backgroundsvcs.managerAdapter t=2026-08-06T12:49:09.4820394+03:00 level=info msg=starting module=*loginattemptimpl.Service
logger=backgroundsvcs.managerAdapter t=2026-08-06T12:49:09.4820394+03:00 level=info msg=starting module=*alertenrichment.Service
logger=backgroundsvcs.managerAdapter t=2026-08-06T12:49:09.4820394+03:00 level=info msg=starting module=*auth.EnterpriseUserAuthTokenService
logger=backgroundsvcs.managerAdapter t=2026-08-06T12:49:09.4820394+03:00 level=info msg=starting module=*pushhttp.Gateway
logger=backgroundsvcs.managerAdapter t=2026-08-06T12:49:09.4820394+03:00 level=info msg=starting module=*service.LicenseTokenService
logger=backgroundsvcs.managerAdapter t=2026-08-06T12:49:09.4820394+03:00 level=info msg=starting module=*updatemanager.GrafanaService
logger=backgroundsvcs.managerAdapter t=2026-08-06T12:49:09.4820394+03:00 level=info msg=starting module=*statscollector.Service
logger=backgroundsvcs.managerAdapter t=2026-08-06T12:49:09.4820394+03:00 level=info msg=starting module=*updatemanager.PluginsService
logger=backgroundsvcs.managerAdapter t=2026-08-06T12:49:09.4820394+03:00 level=info msg=starting module=*api.HTTPServer
logger=backgroundsvcs.managerAdapter t=2026-08-06T12:49:09.4820394+03:00 level=info msg=starting module=*recordedqueries.Service
logger=backgroundsvcs.managerAdapter t=2026-08-06T12:49:09.4820394+03:00 level=info msg=starting module=*appregistry.Service
logger=ngalert.multiorg.alertmanager t=2026-08-06T12:49:09.4840395+03:00 level=info msg="Starting MultiOrg Alertmanager"
logger=backgroundsvcs.managerAdapter t=2026-08-06T12:49:09.4820394+03:00 level=info msg=starting module=*dynamic.KeyRetriever
logger=backgroundsvcs.managerAdapter t=2026-08-06T12:49:09.4820394+03:00 level=info msg=starting module=*metrics.InternalMetricsService
logger=backgroundsvcs.managerAdapter t=2026-08-06T12:49:09.4820394+03:00 level=info msg=starting module=*ssosettingsimpl.Service
logger=backgroundsvcs.managerAdapter t=2026-08-06T12:49:09.4820394+03:00 level=info msg=starting module=*service.EnterpriseProvisioningServiceImpl
logger=backgroundsvcs.managerAdapter t=2026-08-06T12:49:09.4820394+03:00 level=info msg=starting module=*pluginexternal.Service
logger=backgroundsvcs.managerAdapter t=2026-08-06T12:49:09.4820394+03:00 level=info msg=starting module=*supportbundlesimpl.Service
logger=backgroundsvcs.managerAdapter t=2026-08-06T12:49:09.4820394+03:00 level=info msg=starting module=*live.GrafanaLive
logger=backgroundsvcs.managerAdapter t=2026-08-06T12:49:09.4820394+03:00 level=info msg=starting module=*render.RenderService
logger=backgroundsvcs.managerAdapter t=2026-08-06T12:49:09.4820394+03:00 level=info msg=starting module=*service.UsageStats
logger=grafanaStorageLogger t=2026-08-06T12:49:09.4820394+03:00 level=info msg="Storage starting"
logger=app-registry t=2026-08-06T12:49:09.4850399+03:00 level=info msg="app registry initialized"
logger=backgroundsvcs.managerAdapter t=2026-08-06T12:49:09.4850399+03:00 level=info msg="All modules healthy"
t=2026-08-06T12:49:09.5020373+03:00 level=info caller=logger.go:214 time=2026-08-06T12:49:09.5020373+03:00 msg="Starting workers" logger=provisioning-repository-controller count=1
t=2026-08-06T12:49:09.5020373+03:00 level=info caller=logger.go:214 time=2026-08-06T12:49:09.5020373+03:00 msg="Starting ConnectionController" logger=provisioning-connection-controller
t=2026-08-06T12:49:09.5020373+03:00 level=info caller=logger.go:214 time=2026-08-06T12:49:09.5020373+03:00 msg="Starting workers" logger=provisioning-connection-controller count=1
t=2026-08-06T12:49:09.5020373+03:00 level=info caller=logger.go:214 time=2026-08-06T12:49:09.5020373+03:00 msg="Started workers" logger=provisioning-repository-controller
t=2026-08-06T12:49:09.5020373+03:00 level=info caller=logger.go:214 time=2026-08-06T12:49:09.5020373+03:00 msg="Started workers" logger=provisioning-connection-controller
logger=sqlstore.transactions t=2026-08-06T12:49:09.522039+03:00 level=info msg="Database locked, sleeping then retrying" error="database is locked (5) (SQLITE_BUSY)" retry=0 sleep=49.044112ms
logger=http.server t=2026-08-06T12:49:09.5840392+03:00 level=info msg="HTTP Server Listen" address=[::]:3000 protocol=http subUrl= socket=
logger=sqlstore.transactions t=2026-08-06T12:49:09.7216842+03:00 level=info msg="Database locked, sleeping then retrying" error="database is locked (5) (SQLITE_BUSY)" retry=0 sleep=79.023673ms
logger=grafana.update.checker t=2026-08-06T12:49:09.7334626+03:00 level=info msg="Update check succeeded" duration=249.4231ms
logger=plugins.update.checker t=2026-08-06T12:49:09.7389422+03:00 level=info msg="Update check succeeded" duration=254.9027ms
logger=plugins.update.checker t=2026-08-06T12:49:09.7389422+03:00 level=info msg="flag evaluation succeeded" flag="{Value:false EvaluationDetails:{FlagKey:pluginsAutoUpdate FlagType:bool ResolutionDetail:{Variant:default Reason:STATIC ErrorCode: ErrorMessage: FlagMetadata:map[]}}}" details="{Value:false EvaluationDetails:{FlagKey:pluginsAutoUpdate FlagType:bool ResolutionDetail:{Variant:default Reason:STATIC ErrorCode: ErrorMessage: FlagMetadata:map[]}}}"
logger=bleve-backend namespace=default group=folder.grafana.app resource=folders reason=search t=2026-08-06T12:49:09.7862386+03:00 level=info msg="Building index using memory"
logger=bleve-backend namespace=default group=folder.grafana.app resource=folders reason=search t=2026-08-06T12:49:09.7872383+03:00 level=info msg="Finished building index" elapsed=999.7µs listRV=1786009747301012
logger=bleve-backend namespace=default group=folder.grafana.app resource=folders reason=search t=2026-08-06T12:49:09.7872383+03:00 level=info msg="Storing index in cache" key="{Namespace:default Group:folder.grafana.app Resource:folders}" expiration=2026-08-06T12:59:09.7872383+03:00
logger=ngalert.state.manager t=2026-08-06T12:49:09.8008092+03:00 level=info msg="State cache has been initialized" states=0 duration=317.7697ms
logger=ngalert.scheduler t=2026-08-06T12:49:09.8008092+03:00 level=info msg="Starting scheduler" tickInterval=10s maxAttempts=3
logger=ngalert.scheduler t=2026-08-06T12:49:09.8008092+03:00 level=info msg=starting component=ticker first_tick=2026-08-06T12:49:10+03:00
logger=plugin.angulardetectorsprovider.dynamic t=2026-08-06T12:49:09.8218083+03:00 level=info msg="Patterns update finished" duration=338.7688ms
logger=plugin.repository t=2026-08-06T12:49:11.2400344+03:00 level=warn msg="Failed to remove temporary filefileC:\\Windows\\SystemTemp\\2295308717.ziperrorremove C:\\Windows\\SystemTemp\\2295308717.zip: The process cannot access the file because it is being used by another process."
logger=plugin.installer t=2026-08-06T12:49:11.2400344+03:00 level=info msg="Installing plugin" pluginId=grafana-lokiexplore-app version=
logger=installer.fs t=2026-08-06T12:49:11.775119+03:00 level=info msg="Downloaded and extracted grafana-lokiexplore-app v2.5.0 zip successfully to C:\\Users\\n.osipov\\monitoring\\grafana\\data\\plugins\\grafana-lokiexplore-app"
logger=plugins.registration t=2026-08-06T12:49:12.1600984+03:00 level=info msg="Plugin registered" pluginId=grafana-lokiexplore-app
logger=plugin.backgroundinstaller t=2026-08-06T12:49:12.1600984+03:00 level=info msg="Plugin successfully installed" pluginId=grafana-lokiexplore-app version= duration=2.7541619s
logger=plugin.backgroundinstaller t=2026-08-06T12:49:12.1600984+03:00 level=info msg="Installing plugin" pluginId=grafana-assistant-app version=
logger=plugin.repository t=2026-08-06T12:49:14.5635274+03:00 level=warn msg="Failed to remove temporary filefileC:\\Windows\\SystemTemp\\857284978.ziperrorremove C:\\Windows\\SystemTemp\\857284978.zip: The process cannot access the file because it is being used by another process."
logger=plugin.installer t=2026-08-06T12:49:14.5635274+03:00 level=info msg="Installing plugin" pluginId=grafana-assistant-app version=
logger=installer.fs t=2026-08-06T12:49:16.9620412+03:00 level=info msg="Downloaded and extracted grafana-assistant-app v2.0.46 zip successfully to C:\\Users\\n.osipov\\monitoring\\grafana\\data\\plugins\\grafana-assistant-app"
logger=plugins.external.registration t=2026-08-06T12:49:19.4410377+03:00 level=warn msg="Skipping External Service Registration. The feature is behind a feature toggle and needs to be enabled."
logger=plugins.registration t=2026-08-06T12:49:20.8046468+03:00 level=info msg="Plugin registered" pluginId=grafana-assistant-app
logger=plugins.registration t=2026-08-06T12:49:20.8046468+03:00 level=info msg="Plugin registered" pluginId=grafana-assistant-panel
logger=plugin.backgroundinstaller t=2026-08-06T12:49:20.8046468+03:00 level=info msg="Plugin successfully installed" pluginId=grafana-assistant-app version= duration=8.6445484s
logger=plugin.backgroundinstaller t=2026-08-06T12:49:20.8046468+03:00 level=info msg="Installing plugin" pluginId=grafana-pyroscope-app version=
logger=plugin.repository t=2026-08-06T12:49:21.8062717+03:00 level=warn msg="Failed to remove temporary filefileC:\\Windows\\SystemTemp\\2416733194.ziperrorremove C:\\Windows\\SystemTemp\\2416733194.zip: The process cannot access the file because it is being used by another process."
logger=plugin.installer t=2026-08-06T12:49:21.8062717+03:00 level=info msg="Installing plugin" pluginId=grafana-pyroscope-app version=
logger=installer.fs t=2026-08-06T12:49:22.1014536+03:00 level=info msg="Downloaded and extracted grafana-pyroscope-app v2.2.0 zip successfully to C:\\Users\\n.osipov\\monitoring\\grafana\\data\\plugins\\grafana-pyroscope-app"
logger=plugins.registration t=2026-08-06T12:49:22.5034285+03:00 level=info msg="Plugin registered" pluginId=grafana-pyroscope-app
logger=plugin.backgroundinstaller t=2026-08-06T12:49:22.5034285+03:00 level=info msg="Plugin successfully installed" pluginId=grafana-pyroscope-app version= duration=1.6987817s
logger=plugin.backgroundinstaller t=2026-08-06T12:49:22.5034285+03:00 level=info msg="Installing plugin" pluginId=grafana-exploretraces-app version=
logger=plugin.repository t=2026-08-06T12:49:23.1410256+03:00 level=warn msg="Failed to remove temporary filefileC:\\Windows\\SystemTemp\\2306166256.ziperrorremove C:\\Windows\\SystemTemp\\2306166256.zip: The process cannot access the file because it is being used by another process."
logger=plugin.installer t=2026-08-06T12:49:23.1410256+03:00 level=info msg="Installing plugin" pluginId=grafana-exploretraces-app version=
logger=installer.fs t=2026-08-06T12:49:23.443638+03:00 level=info msg="Downloaded and extracted grafana-exploretraces-app v2.1.0 zip successfully to C:\\Users\\n.osipov\\monitoring\\grafana\\data\\plugins\\grafana-exploretraces-app"
logger=plugins.registration t=2026-08-06T12:49:23.6389702+03:00 level=info msg="Plugin registered" pluginId=grafana-exploretraces-app
logger=plugin.backgroundinstaller t=2026-08-06T12:49:23.6389702+03:00 level=info msg="Plugin successfully installed" pluginId=grafana-exploretraces-app version= duration=1.1355417s
logger=plugin.backgroundinstaller t=2026-08-06T12:49:23.6389702+03:00 level=info msg="Installing plugin" pluginId=grafana-metricsdrilldown-app version=
logger=plugin.repository t=2026-08-06T12:49:24.7811756+03:00 level=warn msg="Failed to remove temporary filefileC:\\Windows\\SystemTemp\\4017507727.ziperrorremove C:\\Windows\\SystemTemp\\4017507727.zip: The process cannot access the file because it is being used by another process."
logger=plugin.installer t=2026-08-06T12:49:24.7811756+03:00 level=info msg="Installing plugin" pluginId=grafana-metricsdrilldown-app version=
logger=installer.fs t=2026-08-06T12:49:25.2121312+03:00 level=info msg="Downloaded and extracted grafana-metricsdrilldown-app v2.4.0 zip successfully to C:\\Users\\n.osipov\\monitoring\\grafana\\data\\plugins\\grafana-metricsdrilldown-app"
logger=plugins.registration t=2026-08-06T12:49:25.279424+03:00 level=info msg="Plugin registered" pluginId=grafana-metricsdrilldown-app
logger=plugin.backgroundinstaller t=2026-08-06T12:49:25.279424+03:00 level=info msg="Plugin successfully installed" pluginId=grafana-metricsdrilldown-app version= duration=1.6404538s
logger=context userId=0 orgId=0 uname= t=2026-08-06T12:49:38.5743515+03:00 level=info msg="Request Completed" method=GET path=/ status=302 remote_addr=127.0.0.1 time_ms=0 duration=0s size=29 referer= handler=/ status_source=server
logger=authn.service t=2026-08-06T12:49:53.0018128+03:00 level=info msg="Failed to authenticate request" client=auth.client.form error="[password-auth.failed] failed to authenticate identity: [identity.not-found] no user found: user not found"
logger=context userId=0 orgId=0 uname= t=2026-08-06T12:49:53.0028104+03:00 level=info msg="Request Completed" method=POST path=/login status=401 remote_addr=127.0.0.1 time_ms=11 duration=11.9584ms size=94 referer=http://localhost:3000/login handler=/login status_source=server errorReason=Unauthorized errorMessageID=password-auth.failed error="failed to authenticate identity: [identity.not-found] no user found: user not found"
logger=bleve-backend namespace=default group=provisioning.grafana.app resource=repositories reason=getStats t=2026-08-06T12:50:09.5011671+03:00 level=info msg="Building index using memory"
logger=bleve-backend namespace=default group=provisioning.grafana.app resource=repositories reason=getStats t=2026-08-06T12:50:09.5017005+03:00 level=info msg="Finished building index" elapsed=533.4µs listRV=1
logger=bleve-backend namespace=default group=provisioning.grafana.app resource=repositories reason=getStats t=2026-08-06T12:50:09.5017005+03:00 level=info msg="Storing index in cache" key="{Namespace:default Group:provisioning.grafana.app Resource:repositories}" expiration=2026-08-06T13:00:09.5017005+03:00
logger=bleve-backend namespace=default group=playlist.grafana.app resource=playlists reason=getStats t=2026-08-06T12:50:09.5022345+03:00 level=info msg="Building index using memory"
logger=bleve-backend namespace=default group=playlist.grafana.app resource=playlists reason=getStats t=2026-08-06T12:50:09.5027713+03:00 level=info msg="Finished building index" elapsed=536.8µs listRV=1
logger=bleve-backend namespace=default group=playlist.grafana.app resource=playlists reason=getStats t=2026-08-06T12:50:09.5027713+03:00 level=info msg="Storing index in cache" key="{Namespace:default Group:playlist.grafana.app Resource:playlists}" expiration=2026-08-06T13:00:09.5027713+03:00
logger=infra.usagestats t=2026-08-06T12:50:09.5038665+03:00 level=info msg="Usage stats are ready to report"
logger=context userId=0 orgId=0 uname= t=2026-08-06T12:51:12.6462798+03:00 level=info msg="Request Completed" method=GET path=/ status=302 remote_addr=127.0.0.1 time_ms=0 duration=0s size=29 referer= handler=/ status_source=server
logger=authn.service t=2026-08-06T12:51:18.349301+03:00 level=info msg="Failed to authenticate request" client=auth.client.form error="[password-auth.failed] failed to authenticate identity: [identity.not-found] no user found: user not found"
logger=context userId=0 orgId=0 uname= t=2026-08-06T12:51:18.3494551+03:00 level=info msg="Request Completed" method=POST path=/login status=401 remote_addr=127.0.0.1 time_ms=29 duration=29.1597ms size=94 referer=http://localhost:3000/login handler=/login status_source=server errorReason=Unauthorized errorMessageID=password-auth.failed error="failed to authenticate identity: [identity.not-found] no user found: user not found"
logger=context userId=0 orgId=0 uname= t=2026-08-06T12:51:22.4865977+03:00 level=info msg="Requested password reset for user that was not found" user=niosand166116@gmail.com error="user not found"
logger=authn.service t=2026-08-06T12:51:25.6245982+03:00 level=info msg="Failed to authenticate request" client=auth.client.form error="[password-auth.failed] failed to authenticate identity: [identity.not-found] no user found: user not found"
logger=context userId=0 orgId=0 uname= t=2026-08-06T12:51:25.6245982+03:00 level=info msg="Request Completed" method=POST path=/login status=401 remote_addr=127.0.0.1 time_ms=17 duration=17.2041ms size=94 referer=http://localhost:3000/login handler=/login status_source=server errorReason=Unauthorized errorMessageID=password-auth.failed error="failed to authenticate identity: [identity.not-found] no user found: user not found"
logger=authn.service t=2026-08-06T12:52:03.6374499+03:00 level=info msg="Failed to authenticate request" client=auth.client.form error="[password-auth.failed] failed to authenticate identity: [identity.not-found] no user found: user not found"
logger=context userId=0 orgId=0 uname= t=2026-08-06T12:52:03.63858+03:00 level=info msg="Request Completed" method=POST path=/login status=401 remote_addr=127.0.0.1 time_ms=8 duration=8.3141ms size=94 referer=http://localhost:3000/login handler=/login status_source=server errorReason=Unauthorized errorMessageID=password-auth.failed error="failed to authenticate identity: [identity.not-found] no user found: user not found"
logger=authn.service t=2026-08-06T12:52:04.1096649+03:00 level=info msg="Failed to authenticate request" client=auth.client.form error="[password-auth.failed] failed to authenticate identity: [identity.not-found] no user found: user not found"
logger=context userId=0 orgId=0 uname= t=2026-08-06T12:52:04.1108828+03:00 level=info msg="Request Completed" method=POST path=/login status=401 remote_addr=127.0.0.1 time_ms=9 duration=9.3215ms size=94 referer=http://localhost:3000/login handler=/login status_source=server errorReason=Unauthorized errorMessageID=password-auth.failed error="failed to authenticate identity: [identity.not-found] no user found: user not found"
logger=authn.service t=2026-08-06T12:52:04.2452427+03:00 level=info msg="Failed to authenticate request" client=auth.client.form error="[password-auth.failed] too many consecutive incorrect login attempts for user - login for user temporarily blocked"
logger=context userId=0 orgId=0 uname= t=2026-08-06T12:52:04.2468513+03:00 level=info msg="Request Completed" method=POST path=/login status=401 remote_addr=127.0.0.1 time_ms=1 duration=1.6086ms size=94 referer=http://localhost:3000/login handler=/login status_source=server errorReason=Unauthorized errorMessageID=password-auth.failed error="too many consecutive incorrect login attempts for user - login for user temporarily blocked"
logger=context userId=0 orgId=0 uname= t=2026-08-06T12:52:07.0630228+03:00 level=info msg="Requested password reset for user that was not found" user=niosand166116@gmail.com error="user not found"
logger=authn.service t=2026-08-06T12:52:42.9731206+03:00 level=info msg="Failed to authenticate request" client=auth.client.form error="[password-auth.failed] too many consecutive incorrect login attempts for user - login for user temporarily blocked"
logger=context userId=0 orgId=0 uname= t=2026-08-06T12:52:42.9752195+03:00 level=info msg="Request Completed" method=POST path=/login status=401 remote_addr=127.0.0.1 time_ms=2 duration=2.0989ms size=94 referer=http://localhost:3000/login handler=/login status_source=server errorReason=Unauthorized errorMessageID=password-auth.failed error="too many consecutive incorrect login attempts for user - login for user temporarily blocked"
logger=authn.service t=2026-08-06T12:53:27.5176861+03:00 level=info msg="Failed to authenticate request" client=auth.client.form error="[password-auth.failed] failed to authenticate identity: [identity.not-found] no user found: user not found"
logger=context userId=0 orgId=0 uname= t=2026-08-06T12:53:27.5188468+03:00 level=info msg="Request Completed" method=POST path=/login status=401 remote_addr=127.0.0.1 time_ms=9 duration=9.5364ms size=94 referer=http://localhost:3000/login handler=/login status_source=server errorReason=Unauthorized errorMessageID=password-auth.failed error="failed to authenticate identity: [identity.not-found] no user found: user not found"
logger=authn.service t=2026-08-06T12:53:28.0197658+03:00 level=info msg="Failed to authenticate request" client=auth.client.form error="[password-auth.failed] failed to authenticate identity: [identity.not-found] no user found: user not found"
logger=context userId=0 orgId=0 uname= t=2026-08-06T12:53:28.0213835+03:00 level=info msg="Request Completed" method=POST path=/login status=401 remote_addr=127.0.0.1 time_ms=8 duration=8.3808ms size=94 referer=http://localhost:3000/login handler=/login status_source=server errorReason=Unauthorized errorMessageID=password-auth.failed error="failed to authenticate identity: [identity.not-found] no user found: user not found"
logger=authn.service t=2026-08-06T12:53:28.1650823+03:00 level=info msg="Failed to authenticate request" client=auth.client.form error="[password-auth.failed] failed to authenticate identity: [identity.not-found] no user found: user not found"
logger=context userId=0 orgId=0 uname= t=2026-08-06T12:53:28.1661482+03:00 level=info msg="Request Completed" method=POST path=/login status=401 remote_addr=127.0.0.1 time_ms=8 duration=8.9268ms size=94 referer=http://localhost:3000/login handler=/login status_source=server errorReason=Unauthorized errorMessageID=password-auth.failed error="failed to authenticate identity: [identity.not-found] no user found: user not found"
logger=authn.service t=2026-08-06T12:53:28.3239775+03:00 level=info msg="Failed to authenticate request" client=auth.client.form error="[password-auth.failed] failed to authenticate identity: [identity.not-found] no user found: user not found"
logger=context userId=0 orgId=0 uname= t=2026-08-06T12:53:28.3250405+03:00 level=info msg="Request Completed" method=POST path=/login status=401 remote_addr=127.0.0.1 time_ms=7 duration=7.4849ms size=94 referer=http://localhost:3000/login handler=/login status_source=server errorReason=Unauthorized errorMessageID=password-auth.failed error="failed to authenticate identity: [identity.not-found] no user found: user not found"
logger=authn.service t=2026-08-06T12:53:28.4435921+03:00 level=info msg="Failed to authenticate request" client=auth.client.form error="[password-auth.failed] failed to authenticate identity: [identity.not-found] no user found: user not found"
logger=context userId=0 orgId=0 uname= t=2026-08-06T12:53:28.4451499+03:00 level=info msg="Request Completed" method=POST path=/login status=401 remote_addr=127.0.0.1 time_ms=7 duration=7.4444ms size=94 referer=http://localhost:3000/login handler=/login status_source=server errorReason=Unauthorized errorMessageID=password-auth.failed error="failed to authenticate identity: [identity.not-found] no user found: user not found"
logger=authn.service t=2026-08-06T12:53:28.5815206+03:00 level=info msg="Failed to authenticate request" client=auth.client.form error="[password-auth.failed] too many consecutive incorrect login attempts for user - login for user temporarily blocked"
logger=context userId=0 orgId=0 uname= t=2026-08-06T12:53:28.5826465+03:00 level=info msg="Request Completed" method=POST path=/login status=401 remote_addr=127.0.0.1 time_ms=1 duration=1.5404ms size=94 referer=http://localhost:3000/login handler=/login status_source=server errorReason=Unauthorized errorMessageID=password-auth.failed error="too many consecutive incorrect login attempts for user - login for user temporarily blocked"
logger=authn.service t=2026-08-06T12:53:38.2438016+03:00 level=info msg="Failed to authenticate request" client=auth.client.form error="[password-auth.failed] too many consecutive incorrect login attempts for user - login for user temporarily blocked"
logger=context userId=0 orgId=0 uname= t=2026-08-06T12:53:38.245914+03:00 level=info msg="Request Completed" method=POST path=/login status=401 remote_addr=127.0.0.1 time_ms=4 duration=4.2516ms size=94 referer=http://localhost:3000/login handler=/login status_source=server errorReason=Unauthorized errorMessageID=password-auth.failed error="too many consecutive incorrect login attempts for user - login for user temporarily blocked"
logger=authn.service t=2026-08-06T12:55:31.5182552+03:00 level=info msg="Failed to authenticate request" client=auth.client.form error="[password-auth.failed] failed to authenticate identity: [identity.not-found] no user found: user not found"
logger=context userId=0 orgId=0 uname= t=2026-08-06T12:55:31.5187744+03:00 level=info msg="Request Completed" method=POST path=/login status=401 remote_addr=127.0.0.1 time_ms=16 duration=16.0732ms size=94 referer=http://localhost:3000/login handler=/login status_source=server errorReason=Unauthorized errorMessageID=password-auth.failed error="failed to authenticate identity: [identity.not-found] no user found: user not found"
logger=context userId=0 orgId=0 uname= t=2026-08-06T12:55:37.6387071+03:00 level=info msg="Requested password reset for user that was not found" user=niosand error="user not found"
logger=authn.service t=2026-08-06T12:56:18.789774+03:00 level=info msg="Failed to authenticate request" client=auth.client.form error="[password-auth.failed] too many consecutive incorrect login attempts for user - login for user temporarily blocked"
logger=context userId=0 orgId=0 uname= t=2026-08-06T12:56:18.7907741+03:00 level=info msg="Request Completed" method=POST path=/login status=401 remote_addr=127.0.0.1 time_ms=1 duration=1.0001ms size=94 referer=http://localhost:3000/login handler=/login status_source=server errorReason=Unauthorized errorMessageID=password-auth.failed error="too many consecutive incorrect login attempts for user - login for user temporarily blocked"
logger=context userId=0 orgId=0 uname= t=2026-08-06T12:56:57.3239069+03:00 level=info msg="Request Completed" method=GET path=/ status=302 remote_addr=127.0.0.1 time_ms=1 duration=1.7253ms size=29 referer= handler=/ status_source=server
logger=context userId=1 orgId=1 uname=admin t=2026-08-06T12:57:22.5545656+03:00 level=info msg="Request Completed" method=GET path=/api/live/ws status=-1 remote_addr=127.0.0.1 time_ms=2 duration=2.1232ms size=0 referer= handler=/api/live/ws status_source=server
logger=plugin.grafana-assistant-app t=2026-08-06T12:57:23.2967995+03:00 level=error msg="Plugin app client secret not found" error="PluginAppClientSecret not set in config"
logger=plugin.grafana-assistant-app t=2026-08-06T12:57:23.2967995+03:00 level=info msg="SSE handler initialized" backendURL= tenantID=
logger=plugin.grafana-assistant-app t=2026-08-06T12:57:23.2967995+03:00 level=info msg="Setting Grafana user ID header" pluginVersion=2.0.46 userID=1 email=admin@localhost endpoint=callResource pluginId=grafana-assistant-app
logger=plugin.grafana-assistant-app t=2026-08-06T12:57:23.2967995+03:00 level=error msg="Post \"/api/v1/ofrep/v1/evaluate/flags\": unsupported protocol scheme \"\"" endpoint=callResource pluginId=grafana-assistant-app pluginVersion=2.0.46
logger=plugin.grafana-assistant-app t=2026-08-06T12:57:23.2972513+03:00 level=info msg="Plugin Request Completed" pluginVersion=2.0.46 status=ok duration=999.5µs endpoint=callResource pluginId=grafana-assistant-app statusSource=plugin
logger=context userId=1 orgId=1 uname=admin t=2026-08-06T12:57:23.2972513+03:00 level=error msg="Request Completed" method=POST path=/api/plugins/grafana-assistant-app/resources/api/v1/ofrep/v1/evaluate/flags status=503 remote_addr=127.0.0.1 time_ms=7 duration=7.5628ms size=71 referer="http://localhost:3000/?from=now-6h&orgId=1&timezone=browser&to=now" handler=/api/plugins/:pluginId/resources/* status_source=downstream
logger=context userId=1 orgId=1 uname=admin t=2026-08-06T12:57:23.317274+03:00 level=info msg="Request Completed" method=GET path=/apis/userstorage.grafana.app/v0alpha1/namespaces/default/user-storage/grafana-help-flags:cfucpwia57e2ob status=404 remote_addr=127.0.0.1 time_ms=5 duration=5.3643ms size=361 referer="http://localhost:3000/?from=now-6h&orgId=1&timezone=browser&to=now" handler=/apis/* status_source=server
t=2026-08-06T12:58:02.8655987+03:00 level=info caller=logger.go:214 time=2026-08-06T12:58:02.8655987+03:00 msg="custom route handler succeeded" method=GET path=/usage group=quotas.grafana.app version=v0alpha1 kind=
t=2026-08-06T12:58:02.8704796+03:00 level=info caller=logger.go:214 time=2026-08-06T12:58:02.8704704+03:00 msg="custom route handler succeeded" method=GET path=/usage group=quotas.grafana.app version=v0alpha1 kind=
logger=context userId=1 orgId=1 uname=admin t=2026-08-06T12:58:46.4482092+03:00 level=info msg="Request Completed" method=GET path=/api/live/ws status=-1 remote_addr=127.0.0.1 time_ms=2 duration=2.1377ms size=0 referer= handler=/api/live/ws status_source=server
logger=plugin.grafana-assistant-app t=2026-08-06T12:58:46.7293493+03:00 level=info msg="Setting Grafana user ID header" pluginVersion=2.0.46 userID=1 email=admin@localhost endpoint=callResource pluginId=grafana-assistant-app
logger=plugin.grafana-assistant-app t=2026-08-06T12:58:46.7293493+03:00 level=error msg="Post \"/api/v1/ofrep/v1/evaluate/flags\": unsupported protocol scheme \"\"" pluginId=grafana-assistant-app pluginVersion=2.0.46 endpoint=callResource
logger=plugin.grafana-assistant-app t=2026-08-06T12:58:46.7293493+03:00 level=info msg="Plugin Request Completed" pluginVersion=2.0.46 status=ok statusSource=plugin endpoint=callResource duration=1.1193ms pluginId=grafana-assistant-app
logger=context userId=1 orgId=1 uname=admin t=2026-08-06T12:58:46.7298637+03:00 level=error msg="Request Completed" method=POST path=/api/plugins/grafana-assistant-app/resources/api/v1/ofrep/v1/evaluate/flags status=503 remote_addr=127.0.0.1 time_ms=7 duration=7.0816ms size=71 referer=http://localhost:3000/connections/datasources/new handler=/api/plugins/:pluginId/resources/* status_source=downstream
logger=cleanup t=2026-08-06T12:59:09.5397229+03:00 level=info msg="Completed cleanup jobs" duration=56.125ms
logger=plugins.update.checker t=2026-08-06T12:59:10.052942+03:00 level=info msg="Update check succeeded" duration=313.8836ms
logger=plugins.update.checker t=2026-08-06T12:59:10.052942+03:00 level=info msg="flag evaluation succeeded" flag="{Value:false EvaluationDetails:{FlagKey:pluginsAutoUpdate FlagType:bool ResolutionDetail:{Variant:default Reason:STATIC ErrorCode: ErrorMessage: FlagMetadata:map[]}}}" details="{Value:false EvaluationDetails:{FlagKey:pluginsAutoUpdate FlagType:bool ResolutionDetail:{Variant:default Reason:STATIC ErrorCode: ErrorMessage: FlagMetadata:map[]}}}"
logger=bleve-backend t=2026-08-06T13:01:06.830473+03:00 level=info msg="index evicted from cache" reason=expired key="{Namespace:default Group:dashboard.grafana.app Resource:dashboards}" storage=memory
logger=bleve-backend t=2026-08-06T13:01:06.830473+03:00 level=info msg="index evicted from cache" reason=expired key="{Namespace:default Group:folder.grafana.app Resource:folders}" storage=memory
logger=bleve-backend t=2026-08-06T13:01:06.830473+03:00 level=info msg="index evicted from cache" reason=expired key="{Namespace:default Group:provisioning.grafana.app Resource:repositories}" storage=memory
logger=bleve-backend t=2026-08-06T13:01:06.830473+03:00 level=info msg="index evicted from cache" reason=expired key="{Namespace:default Group:playlist.grafana.app Resource:playlists}" storage=memory
logger=sqlstore.transactions t=2026-08-06T13:04:07.5380173+03:00 level=info msg="Database locked, sleeping then retrying" error="database is locked (5) (SQLITE_BUSY)" retry=0 sleep=47.091854ms
logger=cleanup t=2026-08-06T13:09:09.5272159+03:00 level=info msg="Completed cleanup jobs" duration=43.9296ms
logger=plugins.update.checker t=2026-08-06T13:09:11.2844422+03:00 level=info msg="Update check succeeded" duration=1.5449214s
logger=plugins.update.checker t=2026-08-06T13:09:11.2844422+03:00 level=info msg="flag evaluation succeeded" flag="{Value:false EvaluationDetails:{FlagKey:pluginsAutoUpdate FlagType:bool ResolutionDetail:{Variant:default Reason:STATIC ErrorCode: ErrorMessage: FlagMetadata:map[]}}}" details="{Value:false EvaluationDetails:{FlagKey:pluginsAutoUpdate FlagType:bool ResolutionDetail:{Variant:default Reason:STATIC ErrorCode: ErrorMessage: FlagMetadata:map[]}}}"
logger=context userId=1 orgId=1 uname=admin t=2026-08-06T13:17:34.3067872+03:00 level=info msg="Request Completed" method=GET path=/api/live/ws status=-1 remote_addr=127.0.0.1 time_ms=2 duration=2.1117ms size=0 referer= handler=/api/live/ws status_source=server
logger=plugin.grafana-assistant-app t=2026-08-06T13:17:34.4474265+03:00 level=info msg="Setting Grafana user ID header" email=admin@localhost endpoint=callResource pluginId=grafana-assistant-app pluginVersion=2.0.46 userID=1
logger=plugin.grafana-assistant-app t=2026-08-06T13:17:34.4474265+03:00 level=error msg="Post \"/api/v1/ofrep/v1/evaluate/flags\": unsupported protocol scheme \"\"" endpoint=callResource pluginId=grafana-assistant-app pluginVersion=2.0.46
logger=plugin.grafana-assistant-app t=2026-08-06T13:17:34.4474265+03:00 level=info msg="Plugin Request Completed" pluginVersion=2.0.46 status=ok duration=1.0187ms endpoint=callResource statusSource=plugin pluginId=grafana-assistant-app
logger=context userId=1 orgId=1 uname=admin t=2026-08-06T13:17:34.4474265+03:00 level=error msg="Request Completed" method=POST path=/api/plugins/grafana-assistant-app/resources/api/v1/ofrep/v1/evaluate/flags status=503 remote_addr=127.0.0.1 time_ms=3 duration=3.0194ms size=71 referer=http://localhost:3000/connections/datasources/new handler=/api/plugins/:pluginId/resources/* status_source=downstream
logger=cleanup t=2026-08-06T13:19:09.49831+03:00 level=info msg="Completed cleanup jobs" duration=15.2447ms
logger=plugins.update.checker t=2026-08-06T13:19:10.7152056+03:00 level=info msg="Update check succeeded" duration=976.2441ms
logger=plugins.update.checker t=2026-08-06T13:19:10.7152056+03:00 level=info msg="flag evaluation succeeded" flag="{Value:false EvaluationDetails:{FlagKey:pluginsAutoUpdate FlagType:bool ResolutionDetail:{Variant:default Reason:STATIC ErrorCode: ErrorMessage: FlagMetadata:map[]}}}" details="{Value:false EvaluationDetails:{FlagKey:pluginsAutoUpdate FlagType:bool ResolutionDetail:{Variant:default Reason:STATIC ErrorCode: ErrorMessage: FlagMetadata:map[]}}}"
logger=bleve-backend namespace=default group=provisioning.grafana.app resource=repositories reason=getStats t=2026-08-06T13:20:09.5066593+03:00 level=info msg="Building index using memory"
logger=bleve-backend namespace=default group=provisioning.grafana.app resource=repositories reason=getStats t=2026-08-06T13:20:09.5071986+03:00 level=info msg="Finished building index" elapsed=508µs listRV=1
logger=bleve-backend namespace=default group=provisioning.grafana.app resource=repositories reason=getStats t=2026-08-06T13:20:09.5072338+03:00 level=info msg="Storing index in cache" key="{Namespace:default Group:provisioning.grafana.app Resource:repositories}" expiration=2026-08-06T13:30:09.5071986+03:00
logger=bleve-backend namespace=default group=playlist.grafana.app resource=playlists reason=getStats t=2026-08-06T13:20:09.5078007+03:00 level=info msg="Building index using memory"
logger=bleve-backend namespace=default group=playlist.grafana.app resource=playlists reason=getStats t=2026-08-06T13:20:09.5083395+03:00 level=info msg="Finished building index" elapsed=538.8µs listRV=1
logger=bleve-backend namespace=default group=playlist.grafana.app resource=playlists reason=getStats t=2026-08-06T13:20:09.5083395+03:00 level=info msg="Storing index in cache" key="{Namespace:default Group:playlist.grafana.app Resource:playlists}" expiration=2026-08-06T13:30:09.5083395+03:00
logger=bleve-backend namespace=default group=folder.grafana.app resource=folders reason=getStats t=2026-08-06T13:20:09.509398+03:00 level=info msg="Building index using memory"
logger=bleve-backend namespace=default group=folder.grafana.app resource=folders reason=getStats t=2026-08-06T13:20:09.5099228+03:00 level=info msg="Finished building index" elapsed=524.8µs listRV=1786009747301012
logger=bleve-backend namespace=default group=folder.grafana.app resource=folders reason=getStats t=2026-08-06T13:20:09.5099565+03:00 level=info msg="Storing index in cache" key="{Namespace:default Group:folder.grafana.app Resource:folders}" expiration=2026-08-06T13:30:09.5099565+03:00
logger=bleve-backend namespace=default group=dashboard.grafana.app resource=dashboards reason=getStats t=2026-08-06T13:20:09.5110123+03:00 level=info msg="Building index using memory"
logger=bleve-backend namespace=default group=dashboard.grafana.app resource=dashboards reason=getStats t=2026-08-06T13:20:09.5110476+03:00 level=info msg="Finished building index" elapsed=35.3µs listRV=1786009747302983
logger=bleve-backend namespace=default group=dashboard.grafana.app resource=dashboards reason=getStats t=2026-08-06T13:20:09.5110476+03:00 level=info msg="Storing index in cache" key="{Namespace:default Group:dashboard.grafana.app Resource:dashboards}" expiration=2026-08-06T13:30:09.5110476+03:00
logger=infra.usagestats t=2026-08-06T13:20:09.5121353+03:00 level=info msg="Usage stats are ready to report"
logger=cleanup t=2026-08-06T13:29:09.5178919+03:00 level=info msg="Completed cleanup jobs" duration=34.3481ms
logger=plugins.update.checker t=2026-08-06T13:29:10.5501347+03:00 level=info msg="Update check succeeded" duration=810.8366ms
logger=plugins.update.checker t=2026-08-06T13:29:10.5501347+03:00 level=info msg="flag evaluation succeeded" flag="{Value:false EvaluationDetails:{FlagKey:pluginsAutoUpdate FlagType:bool ResolutionDetail:{Variant:default Reason:STATIC ErrorCode: ErrorMessage: FlagMetadata:map[]}}}" details="{Value:false EvaluationDetails:{FlagKey:pluginsAutoUpdate FlagType:bool ResolutionDetail:{Variant:default Reason:STATIC ErrorCode: ErrorMessage: FlagMetadata:map[]}}}"
logger=bleve-backend t=2026-08-06T13:31:06.8305384+03:00 level=info msg="index evicted from cache" reason=expired key="{Namespace:default Group:folder.grafana.app Resource:folders}" storage=memory
logger=bleve-backend t=2026-08-06T13:31:06.8305384+03:00 level=info msg="index evicted from cache" reason=expired key="{Namespace:default Group:dashboard.grafana.app Resource:dashboards}" storage=memory
logger=bleve-backend t=2026-08-06T13:31:06.8305384+03:00 level=info msg="index evicted from cache" reason=expired key="{Namespace:default Group:provisioning.grafana.app Resource:repositories}" storage=memory
logger=bleve-backend t=2026-08-06T13:31:06.8305384+03:00 level=info msg="index evicted from cache" reason=expired key="{Namespace:default Group:playlist.grafana.app Resource:playlists}" storage=memory
logger=cleanup t=2026-08-06T13:39:09.5062787+03:00 level=info msg="Completed cleanup jobs" duration=23.1423ms
logger=plugins.update.checker t=2026-08-06T13:39:11.0465882+03:00 level=info msg="Update check succeeded" duration=1.3073469s
logger=plugins.update.checker t=2026-08-06T13:39:11.0465882+03:00 level=info msg="flag evaluation succeeded" flag="{Value:false EvaluationDetails:{FlagKey:pluginsAutoUpdate FlagType:bool ResolutionDetail:{Variant:default Reason:STATIC ErrorCode: ErrorMessage: FlagMetadata:map[]}}}" details="{Value:false EvaluationDetails:{FlagKey:pluginsAutoUpdate FlagType:bool ResolutionDetail:{Variant:default Reason:STATIC ErrorCode: ErrorMessage: FlagMetadata:map[]}}}"
logger=context userId=1 orgId=1 uname=admin t=2026-08-06T13:39:48.0705765+03:00 level=info msg="Request Completed" method=GET path=/api/live/ws status=-1 remote_addr=127.0.0.1 time_ms=1 duration=1.7846ms size=0 referer= handler=/api/live/ws status_source=server
logger=plugin.grafana-assistant-app t=2026-08-06T13:39:48.2204736+03:00 level=info msg="Setting Grafana user ID header" endpoint=callResource pluginId=grafana-assistant-app pluginVersion=2.0.46 userID=1 email=admin@localhost
logger=plugin.grafana-assistant-app t=2026-08-06T13:39:48.2204736+03:00 level=error msg="Post \"/api/v1/ofrep/v1/evaluate/flags\": unsupported protocol scheme \"\"" endpoint=callResource pluginId=grafana-assistant-app pluginVersion=2.0.46
logger=plugin.grafana-assistant-app t=2026-08-06T13:39:48.2204736+03:00 level=info msg="Plugin Request Completed" pluginVersion=2.0.46 duration=0s status=ok statusSource=plugin endpoint=callResource pluginId=grafana-assistant-app
logger=context userId=1 orgId=1 uname=admin t=2026-08-06T13:39:48.2209935+03:00 level=error msg="Request Completed" method=POST path=/api/plugins/grafana-assistant-app/resources/api/v1/ofrep/v1/evaluate/flags status=503 remote_addr=127.0.0.1 time_ms=2 duration=2.6568ms size=71 referer=http://localhost:3000/connections/datasources/new handler=/api/plugins/:pluginId/resources/* status_source=downstream
logger=bleve-backend namespace=default group=folder.grafana.app resource=folders reason=search t=2026-08-06T13:40:37.1602232+03:00 level=info msg="Building index using memory"
logger=bleve-backend namespace=default group=folder.grafana.app resource=folders reason=search t=2026-08-06T13:40:37.1612212+03:00 level=info msg="Finished building index" elapsed=998µs listRV=1786009747301012
logger=bleve-backend namespace=default group=folder.grafana.app resource=folders reason=search t=2026-08-06T13:40:37.1612212+03:00 level=info msg="Storing index in cache" key="{Namespace:default Group:folder.grafana.app Resource:folders}" expiration=2026-08-06T13:50:37.1612212+03:00
logger=context userId=1 orgId=1 uname=admin t=2026-08-06T13:40:37.1912756+03:00 level=info msg="Request Completed" method=GET path=/apis/userstorage.grafana.app/v0alpha1/namespaces/default/user-storage/grafana-help-flags:cfucpwia57e2ob status=404 remote_addr=127.0.0.1 time_ms=19 duration=19.9784ms size=361 referer="http://localhost:3000/?from=now-6h&orgId=1&timezone=browser&to=now" handler=/apis/* status_source=server
logger=bleve-backend namespace=default group=dashboard.grafana.app resource=dashboards reason=search t=2026-08-06T13:40:37.1979597+03:00 level=info msg="Building index using memory"
logger=bleve-backend namespace=default group=dashboard.grafana.app resource=dashboards reason=search t=2026-08-06T13:40:37.1989986+03:00 level=info msg="Finished building index" elapsed=1.0389ms listRV=1786009747302983
logger=bleve-backend namespace=default group=dashboard.grafana.app resource=dashboards reason=search t=2026-08-06T13:40:37.1989986+03:00 level=info msg="Storing index in cache" key="{Namespace:default Group:dashboard.grafana.app Resource:dashboards}" expiration=2026-08-06T13:50:37.1989986+03:00
logger=context userId=1 orgId=1 uname=admin t=2026-08-06T13:40:48.4390741+03:00 level=error msg="Request Completed" method=GET path=/api/datasources/uid/ffucqs33vljb4d/resources/api/v1/metadata status=500 remote_addr=127.0.0.1 time_ms=5 duration=5.8603ms size=107 referer="http://localhost:3000/dashboard/new?editPanel=1&from=now-6h&orgId=1&timezone=browser&to=now" handler=/api/datasources/uid/:uid/resources/* status_source=downstream errorReason=InternalError errorMessageID=plugin.requestFailureError error="client: failed to call resources: error querying resource: parse \"\": empty url"
logger=context userId=1 orgId=1 uname=admin t=2026-08-06T13:40:48.4442145+03:00 level=error msg="Request Completed" method=GET path=/api/datasources/uid/ffucqs33vljb4d/resources/api/v1/label/__name__/values status=500 remote_addr=127.0.0.1 time_ms=1 duration=1.1306ms size=107 referer="http://localhost:3000/dashboard/new?editPanel=1&from=now-6h&orgId=1&timezone=browser&to=now" handler=/api/datasources/uid/:uid/resources/* status_source=downstream errorReason=InternalError errorMessageID=plugin.requestFailureError error="client: failed to call resources: error querying resource: parse \"\": empty url"
logger=context userId=1 orgId=1 uname=admin t=2026-08-06T13:40:58.0345746+03:00 level=error msg="Request Completed" method=GET path=/api/datasources/uid/ffucqs33vljb4d/resources/api/v1/metadata status=500 remote_addr=127.0.0.1 time_ms=1 duration=1.9131ms size=107 referer="http://localhost:3000/dashboard/new?editPanel=1&from=now-6h&orgId=1&timezone=browser&to=now" handler=/api/datasources/uid/:uid/resources/* status_source=downstream errorReason=InternalError errorMessageID=plugin.requestFailureError error="client: failed to call resources: error querying resource: parse \"\": empty url"
logger=context userId=1 orgId=1 uname=admin t=2026-08-06T13:40:58.0399006+03:00 level=error msg="Request Completed" method=GET path=/api/datasources/uid/ffucqs33vljb4d/resources/api/v1/label/__name__/values status=500 remote_addr=127.0.0.1 time_ms=1 duration=1.8151ms size=107 referer="http://localhost:3000/dashboard/new?editPanel=1&from=now-6h&orgId=1&timezone=browser&to=now" handler=/api/datasources/uid/:uid/resources/* status_source=downstream errorReason=InternalError errorMessageID=plugin.requestFailureError error="client: failed to call resources: error querying resource: parse \"\": empty url"
logger=context userId=1 orgId=1 uname=admin t=2026-08-06T13:40:58.6758933+03:00 level=error msg="Request Completed" method=GET path=/api/datasources/uid/ffucqs33vljb4d/resources/api/v1/metadata status=500 remote_addr=127.0.0.1 time_ms=2 duration=2.0056ms size=107 referer="http://localhost:3000/dashboard/new?editPanel=1&from=now-6h&orgId=1&timezone=browser&to=now" handler=/api/datasources/uid/:uid/resources/* status_source=downstream errorReason=InternalError errorMessageID=plugin.requestFailureError error="client: failed to call resources: error querying resource: parse \"\": empty url"
logger=context userId=1 orgId=1 uname=admin t=2026-08-06T13:40:58.7086698+03:00 level=error msg="Request Completed" method=GET path=/api/datasources/uid/ffucqs33vljb4d/resources/api/v1/label/__name__/values status=500 remote_addr=127.0.0.1 time_ms=1 duration=1.0467ms size=107 referer="http://localhost:3000/dashboard/new?editPanel=1&from=now-6h&orgId=1&timezone=browser&to=now" handler=/api/datasources/uid/:uid/resources/* status_source=downstream errorReason=InternalError errorMessageID=plugin.requestFailureError error="client: failed to call resources: error querying resource: parse \"\": empty url"
logger=context userId=1 orgId=1 uname=admin t=2026-08-06T13:41:03.9274998+03:00 level=error msg="Request Completed" method=GET path=/api/datasources/uid/ffucqs33vljb4d/resources/api/v1/metadata status=500 remote_addr=127.0.0.1 time_ms=2 duration=2.2691ms size=107 referer="http://localhost:3000/dashboard/new?editPanel=1&from=now-6h&orgId=1&timezone=browser&to=now" handler=/api/datasources/uid/:uid/resources/* status_source=downstream errorReason=InternalError errorMessageID=plugin.requestFailureError error="client: failed to call resources: error querying resource: parse \"\": empty url"
logger=context userId=1 orgId=1 uname=admin t=2026-08-06T13:41:03.9321086+03:00 level=error msg="Request Completed" method=GET path=/api/datasources/uid/ffucqs33vljb4d/resources/api/v1/label/__name__/values status=500 remote_addr=127.0.0.1 time_ms=1 duration=1.1941ms size=107 referer="http://localhost:3000/dashboard/new?editPanel=1&from=now-6h&orgId=1&timezone=browser&to=now" handler=/api/datasources/uid/:uid/resources/* status_source=downstream errorReason=InternalError errorMessageID=plugin.requestFailureError error="client: failed to call resources: error querying resource: parse \"\": empty url"
logger=context userId=1 orgId=1 uname=admin t=2026-08-06T13:41:07.5558558+03:00 level=error msg="Request Completed" method=GET path=/api/datasources/uid/ffucqs33vljb4d/resources/api/v1/metadata status=500 remote_addr=127.0.0.1 time_ms=1 duration=1.1447ms size=107 referer="http://localhost:3000/dashboard/new?editPanel=1&from=now-6h&orgId=1&timezone=browser&to=now" handler=/api/datasources/uid/:uid/resources/* status_source=downstream errorReason=InternalError errorMessageID=plugin.requestFailureError error="client: failed to call resources: error querying resource: parse \"\": empty url"
logger=context userId=1 orgId=1 uname=admin t=2026-08-06T13:41:07.5603964+03:00 level=error msg="Request Completed" method=GET path=/api/datasources/uid/ffucqs33vljb4d/resources/api/v1/label/__name__/values status=500 remote_addr=127.0.0.1 time_ms=1 duration=1.0903ms size=107 referer="http://localhost:3000/dashboard/new?editPanel=1&from=now-6h&orgId=1&timezone=browser&to=now" handler=/api/datasources/uid/:uid/resources/* status_source=downstream errorReason=InternalError errorMessageID=plugin.requestFailureError error="client: failed to call resources: error querying resource: parse \"\": empty url"
logger=context userId=1 orgId=1 uname=admin t=2026-08-06T13:41:08.3301305+03:00 level=error msg="Request Completed" method=GET path=/api/datasources/uid/ffucqs33vljb4d/resources/api/v1/label/__name__/values status=500 remote_addr=127.0.0.1 time_ms=1 duration=1.6489ms size=107 referer="http://localhost:3000/dashboard/new?editPanel=1&from=now-6h&orgId=1&timezone=browser&to=now" handler=/api/datasources/uid/:uid/resources/* status_source=downstream errorReason=InternalError errorMessageID=plugin.requestFailureError error="client: failed to call resources: error querying resource: parse \"\": empty url"
logger=context userId=1 orgId=1 uname=admin t=2026-08-06T13:41:09.875534+03:00 level=error msg="Request Completed" method=GET path=/api/datasources/uid/ffucqs33vljb4d/resources/api/v1/label/__name__/values status=500 remote_addr=127.0.0.1 time_ms=2 duration=2.4231ms size=107 referer="http://localhost:3000/dashboard/new?editPanel=1&from=now-6h&orgId=1&timezone=browser&to=now" handler=/api/datasources/uid/:uid/resources/* status_source=downstream errorReason=InternalError errorMessageID=plugin.requestFailureError error="client: failed to call resources: error querying resource: parse \"\": empty url"
logger=context userId=1 orgId=1 uname=admin t=2026-08-06T13:41:12.4531873+03:00 level=error msg="Request Completed" method=GET path=/api/datasources/uid/ffucqs33vljb4d/resources/api/v1/label/__name__/values status=500 remote_addr=127.0.0.1 time_ms=1 duration=1.0719ms size=107 referer="http://localhost:3000/dashboard/new?editPanel=1&from=now-6h&orgId=1&timezone=browser&to=now" handler=/api/datasources/uid/:uid/resources/* status_source=downstream errorReason=InternalError errorMessageID=plugin.requestFailureError error="client: failed to call resources: error querying resource: parse \"\": empty url"
logger=context userId=1 orgId=1 uname=admin t=2026-08-06T13:41:13.1473672+03:00 level=error msg="Request Completed" method=GET path=/api/datasources/uid/ffucqs33vljb4d/resources/api/v1/label/__name__/values status=500 remote_addr=127.0.0.1 time_ms=1 duration=1.7467ms size=107 referer="http://localhost:3000/dashboard/new?editPanel=1&from=now-6h&orgId=1&timezone=browser&to=now" handler=/api/datasources/uid/:uid/resources/* status_source=downstream errorReason=InternalError errorMessageID=plugin.requestFailureError error="client: failed to call resources: error querying resource: parse \"\": empty url"
logger=context userId=1 orgId=1 uname=admin t=2026-08-06T13:41:13.8013659+03:00 level=error msg="Request Completed" method=GET path=/api/datasources/uid/ffucqs33vljb4d/resources/api/v1/label/__name__/values status=500 remote_addr=127.0.0.1 time_ms=1 duration=1.1928ms size=107 referer="http://localhost:3000/dashboard/new?editPanel=1&from=now-6h&orgId=1&timezone=browser&to=now" handler=/api/datasources/uid/:uid/resources/* status_source=downstream errorReason=InternalError errorMessageID=plugin.requestFailureError error="client: failed to call resources: error querying resource: parse \"\": empty url"
logger=context userId=1 orgId=1 uname=admin t=2026-08-06T13:41:14.1874766+03:00 level=error msg="Request Completed" method=GET path=/api/datasources/uid/ffucqs33vljb4d/resources/api/v1/label/__name__/values status=500 remote_addr=127.0.0.1 time_ms=1 duration=1.0261ms size=107 referer="http://localhost:3000/dashboard/new?editPanel=1&from=now-6h&orgId=1&timezone=browser&to=now" handler=/api/datasources/uid/:uid/resources/* status_source=downstream errorReason=InternalError errorMessageID=plugin.requestFailureError error="client: failed to call resources: error querying resource: parse \"\": empty url"
logger=context userId=1 orgId=1 uname=admin t=2026-08-06T13:41:14.5223941+03:00 level=error msg="Request Completed" method=GET path=/api/datasources/uid/ffucqs33vljb4d/resources/api/v1/label/__name__/values status=500 remote_addr=127.0.0.1 time_ms=1 duration=1.6772ms size=107 referer="http://localhost:3000/dashboard/new?editPanel=1&from=now-6h&orgId=1&timezone=browser&to=now" handler=/api/datasources/uid/:uid/resources/* status_source=downstream errorReason=InternalError errorMessageID=plugin.requestFailureError error="client: failed to call resources: error querying resource: parse \"\": empty url"
logger=context userId=1 orgId=1 uname=admin t=2026-08-06T13:41:15.0700738+03:00 level=error msg="Request Completed" method=GET path=/api/datasources/uid/ffucqs33vljb4d/resources/api/v1/label/__name__/values status=500 remote_addr=127.0.0.1 time_ms=2 duration=2.0962ms size=107 referer="http://localhost:3000/dashboard/new?editPanel=1&from=now-6h&orgId=1&timezone=browser&to=now" handler=/api/datasources/uid/:uid/resources/* status_source=downstream errorReason=InternalError errorMessageID=plugin.requestFailureError error="client: failed to call resources: error querying resource: parse \"\": empty url"
logger=context userId=1 orgId=1 uname=admin t=2026-08-06T13:41:52.1799763+03:00 level=error msg="Request Completed" method=GET path=/api/datasources/uid/ffucqs33vljb4d/resources/api/v1/metadata status=500 remote_addr=127.0.0.1 time_ms=2 duration=2.986ms size=107 referer="http://localhost:3000/dashboard/new?editPanel=1&from=now-6h&orgId=1&tab=queries&timezone=browser&to=now" handler=/api/datasources/uid/:uid/resources/* status_source=downstream errorReason=InternalError errorMessageID=plugin.requestFailureError error="client: failed to call resources: error querying resource: parse \"\": empty url"
logger=context userId=1 orgId=1 uname=admin t=2026-08-06T13:41:52.1845352+03:00 level=error msg="Request Completed" method=GET path=/api/datasources/uid/ffucqs33vljb4d/resources/api/v1/label/__name__/values status=500 remote_addr=127.0.0.1 time_ms=1 duration=1.0701ms size=107 referer="http://localhost:3000/dashboard/new?editPanel=1&from=now-6h&orgId=1&tab=queries&timezone=browser&to=now" handler=/api/datasources/uid/:uid/resources/* status_source=downstream errorReason=InternalError errorMessageID=plugin.requestFailureError error="client: failed to call resources: error querying resource: parse \"\": empty url"
logger=context userId=1 orgId=1 uname=admin t=2026-08-06T13:41:53.4703938+03:00 level=error msg="Request Completed" method=GET path=/api/datasources/uid/ffucqs33vljb4d/resources/api/v1/labels status=500 remote_addr=127.0.0.1 time_ms=1 duration=1.097ms size=107 referer="http://localhost:3000/dashboard/new?editPanel=1&from=now-6h&orgId=1&tab=queries&timezone=browser&to=now" handler=/api/datasources/uid/:uid/resources/* status_source=downstream errorReason=InternalError errorMessageID=plugin.requestFailureError error="client: failed to call resources: error querying resource: parse \"\": empty url"
logger=context userId=1 orgId=1 uname=admin t=2026-08-06T13:42:26.0181627+03:00 level=error msg="Request Completed" method=GET path=/api/datasources/uid/ffucqs33vljb4d/resources/api/v1/metadata status=500 remote_addr=127.0.0.1 time_ms=2 duration=2.189ms size=107 referer="http://localhost:3000/dashboard/new?editPanel=1&from=now-6h&orgId=1&tab=queries&timezone=browser&to=now" handler=/api/datasources/uid/:uid/resources/* status_source=downstream errorReason=InternalError errorMessageID=plugin.requestFailureError error="client: failed to call resources: error querying resource: parse \"\": empty url"
logger=context userId=1 orgId=1 uname=admin t=2026-08-06T13:42:26.0226955+03:00 level=error msg="Request Completed" method=GET path=/api/datasources/uid/ffucqs33vljb4d/resources/api/v1/label/__name__/values status=500 remote_addr=127.0.0.1 time_ms=1 duration=1.2662ms size=107 referer="http://localhost:3000/dashboard/new?editPanel=1&from=now-6h&orgId=1&tab=queries&timezone=browser&to=now" handler=/api/datasources/uid/:uid/resources/* status_source=downstream errorReason=InternalError errorMessageID=plugin.requestFailureError error="client: failed to call resources: error querying resource: parse \"\": empty url"
logger=context userId=1 orgId=1 uname=admin t=2026-08-06T13:42:27.4977111+03:00 level=error msg="Request Completed" method=GET path=/api/datasources/uid/ffucqs33vljb4d/resources/api/v1/metadata status=500 remote_addr=127.0.0.1 time_ms=1 duration=1.1177ms size=107 referer="http://localhost:3000/dashboard/new?editPanel=1&from=now-6h&orgId=1&tab=queries&timezone=browser&to=now" handler=/api/datasources/uid/:uid/resources/* status_source=downstream errorReason=InternalError errorMessageID=plugin.requestFailureError error="client: failed to call resources: error querying resource: parse \"\": empty url"
logger=context userId=1 orgId=1 uname=admin t=2026-08-06T13:42:27.5233344+03:00 level=error msg="Request Completed" method=GET path=/api/datasources/uid/ffucqs33vljb4d/resources/api/v1/label/__name__/values status=500 remote_addr=127.0.0.1 time_ms=1 duration=1.6037ms size=107 referer="http://localhost:3000/dashboard/new?editPanel=1&from=now-6h&orgId=1&tab=queries&timezone=browser&to=now" handler=/api/datasources/uid/:uid/resources/* status_source=downstream errorReason=InternalError errorMessageID=plugin.requestFailureError error="client: failed to call resources: error querying resource: parse \"\": empty url"
logger=context userId=1 orgId=1 uname=admin t=2026-08-06T13:42:38.3846127+03:00 level=info msg="Request Completed" method=GET path=/api/live/ws status=-1 remote_addr=127.0.0.1 time_ms=1 duration=1.6694ms size=0 referer= handler=/api/live/ws status_source=server
logger=plugin.grafana-assistant-app t=2026-08-06T13:42:38.5434117+03:00 level=info msg="Setting Grafana user ID header" endpoint=callResource pluginId=grafana-assistant-app pluginVersion=2.0.46 userID=1 email=admin@localhost
logger=plugin.grafana-assistant-app t=2026-08-06T13:42:38.5434117+03:00 level=error msg="Post \"/api/v1/ofrep/v1/evaluate/flags\": unsupported protocol scheme \"\"" endpoint=callResource pluginId=grafana-assistant-app pluginVersion=2.0.46
logger=plugin.grafana-assistant-app t=2026-08-06T13:42:38.5434117+03:00 level=info msg="Plugin Request Completed" duration=0s pluginId=grafana-assistant-app pluginVersion=2.0.46 statusSource=plugin endpoint=callResource status=ok
logger=context userId=1 orgId=1 uname=admin t=2026-08-06T13:42:38.5434117+03:00 level=error msg="Request Completed" method=POST path=/api/plugins/grafana-assistant-app/resources/api/v1/ofrep/v1/evaluate/flags status=503 remote_addr=127.0.0.1 time_ms=2 duration=2.0005ms size=71 referer=http://localhost:3000/connections/datasources/new handler=/api/plugins/:pluginId/resources/* status_source=downstream
logger=context userId=1 orgId=1 uname=admin t=2026-08-06T13:44:27.992505+03:00 level=error msg="Request Completed" method=GET path=/api/datasources/uid/ffucqs33vljb4d/resources/api/v1/metadata status=500 remote_addr=127.0.0.1 time_ms=2 duration=2.0595ms size=107 referer="http://localhost:3000/dashboard/new?editPanel=1&from=now-6h&orgId=1&timezone=browser&to=now" handler=/api/datasources/uid/:uid/resources/* status_source=downstream errorReason=InternalError errorMessageID=plugin.requestFailureError error="client: failed to call resources: error querying resource: parse \"\": empty url"
logger=context userId=1 orgId=1 uname=admin t=2026-08-06T13:44:27.9973958+03:00 level=error msg="Request Completed" method=GET path=/api/datasources/uid/ffucqs33vljb4d/resources/api/v1/label/__name__/values status=500 remote_addr=127.0.0.1 time_ms=1 duration=1.0625ms size=107 referer="http://localhost:3000/dashboard/new?editPanel=1&from=now-6h&orgId=1&timezone=browser&to=now" handler=/api/datasources/uid/:uid/resources/* status_source=downstream errorReason=InternalError errorMessageID=plugin.requestFailureError error="client: failed to call resources: error querying resource: parse \"\": empty url"
logger=context userId=1 orgId=1 uname=admin t=2026-08-06T13:44:32.060106+03:00 level=error msg="Request Completed" method=GET path=/api/datasources/uid/ffucqs33vljb4d/resources/api/v1/metadata status=500 remote_addr=127.0.0.1 time_ms=1 duration=1.0705ms size=107 referer="http://localhost:3000/dashboard/new?editPanel=1&from=now-6h&orgId=1&timezone=browser&to=now" handler=/api/datasources/uid/:uid/resources/* status_source=downstream errorReason=InternalError errorMessageID=plugin.requestFailureError error="client: failed to call resources: error querying resource: parse \"\": empty url"
logger=context userId=1 orgId=1 uname=admin t=2026-08-06T13:44:32.065734+03:00 level=error msg="Request Completed" method=GET path=/api/datasources/uid/ffucqs33vljb4d/resources/api/v1/label/__name__/values status=500 remote_addr=127.0.0.1 time_ms=1 duration=1.0467ms size=107 referer="http://localhost:3000/dashboard/new?editPanel=1&from=now-6h&orgId=1&timezone=browser&to=now" handler=/api/datasources/uid/:uid/resources/* status_source=downstream errorReason=InternalError errorMessageID=plugin.requestFailureError error="client: failed to call resources: error querying resource: parse \"\": empty url"
logger=context userId=1 orgId=1 uname=admin t=2026-08-06T13:44:34.7584912+03:00 level=error msg="Request Completed" method=GET path=/api/datasources/uid/ffucqs33vljb4d/resources/api/v1/labels status=500 remote_addr=127.0.0.1 time_ms=2 duration=2.6796ms size=107 referer="http://localhost:3000/dashboard/new?editPanel=1&from=now-6h&orgId=1&timezone=browser&to=now" handler=/api/datasources/uid/:uid/resources/* status_source=downstream errorReason=InternalError errorMessageID=plugin.requestFailureError error="client: failed to call resources: error querying resource: parse \"\": empty url"
logger=context userId=1 orgId=1 uname=admin t=2026-08-06T13:44:56.4497327+03:00 level=error msg="Request Completed" method=GET path=/api/datasources/uid/dfucufrngvw1sf/resources/api/v1/metadata status=500 remote_addr=127.0.0.1 time_ms=5 duration=5.509ms size=107 referer="http://localhost:3000/dashboard/new?editPanel=1&from=now-6h&orgId=1&timezone=browser&to=now" handler=/api/datasources/uid/:uid/resources/* status_source=downstream errorReason=InternalError errorMessageID=plugin.requestFailureError error="client: failed to call resources: error querying resource: parse \"\": empty url"
logger=context userId=1 orgId=1 uname=admin t=2026-08-06T13:44:56.4564833+03:00 level=error msg="Request Completed" method=GET path=/api/datasources/uid/dfucufrngvw1sf/resources/api/v1/label/__name__/values status=500 remote_addr=127.0.0.1 time_ms=1 duration=1.731ms size=107 referer="http://localhost:3000/dashboard/new?editPanel=1&from=now-6h&orgId=1&timezone=browser&to=now" handler=/api/datasources/uid/:uid/resources/* status_source=downstream errorReason=InternalError errorMessageID=plugin.requestFailureError error="client: failed to call resources: error querying resource: parse \"\": empty url"
logger=context userId=1 orgId=1 uname=admin t=2026-08-06T13:47:09.8765365+03:00 level=info msg="Request Completed" method=GET path=/api/datasources/uid/afucuybzgd0jkb/resources/api/v1/label/__name__/values status=400 remote_addr=127.0.0.1 time_ms=3 duration=3.3369ms size=139 referer="http://localhost:3000/dashboard/new?editPanel=1&from=now-6h&orgId=1&timezone=browser&to=now" handler=/api/datasources/uid/:uid/resources/* status_source=server
logger=context userId=1 orgId=1 uname=admin t=2026-08-06T13:47:30.7085641+03:00 level=info msg="Request Completed" method=GET path=/api/live/ws status=-1 remote_addr=127.0.0.1 time_ms=2 duration=2.0001ms size=0 referer= handler=/api/live/ws status_source=server
logger=plugin.grafana-assistant-app t=2026-08-06T13:47:31.014854+03:00 level=info msg="Setting Grafana user ID header" email=admin@localhost endpoint=callResource pluginId=grafana-assistant-app pluginVersion=2.0.46 userID=1
logger=plugin.grafana-assistant-app t=2026-08-06T13:47:31.014854+03:00 level=error msg="Post \"/api/v1/ofrep/v1/evaluate/flags\": unsupported protocol scheme \"\"" endpoint=callResource pluginId=grafana-assistant-app pluginVersion=2.0.46
logger=plugin.grafana-assistant-app t=2026-08-06T13:47:31.014854+03:00 level=info msg="Plugin Request Completed" pluginId=grafana-assistant-app status=ok duration=537.9µs endpoint=callResource pluginVersion=2.0.46 statusSource=plugin
logger=context userId=1 orgId=1 uname=admin t=2026-08-06T13:47:31.014854+03:00 level=error msg="Request Completed" method=POST path=/api/plugins/grafana-assistant-app/resources/api/v1/ofrep/v1/evaluate/flags status=503 remote_addr=127.0.0.1 time_ms=2 duration=2.2304ms size=71 referer="http://localhost:3000/dashboard/new?editPanel=1&from=now-6h&orgId=1&timezone=browser&to=now" handler=/api/plugins/:pluginId/resources/* status_source=downstream
logger=context userId=1 orgId=1 uname=admin t=2026-08-06T13:47:37.3489195+03:00 level=info msg="Request Completed" method=GET path=/api/datasources/uid/afucuybzgd0jkb/resources/api/v1/label/__name__/values status=400 remote_addr=127.0.0.1 time_ms=3 duration=3.0209ms size=139 referer="http://localhost:3000/dashboard/new?editPanel=1&from=now-6h&orgId=1&timezone=browser&to=now" handler=/api/datasources/uid/:uid/resources/* status_source=server
logger=context userId=1 orgId=1 uname=admin t=2026-08-06T13:48:35.102651+03:00 level=info msg="Request Completed" method=GET path=/api/datasources/uid/afucuybzgd0jkb/resources/api/v1/label/__name__/values status=400 remote_addr=127.0.0.1 time_ms=2 duration=2.8968ms size=139 referer="http://localhost:3000/dashboard/new?editPanel=1&from=now-6h&orgId=1&timezone=browser&to=now" handler=/api/datasources/uid/:uid/resources/* status_source=server
logger=context userId=1 orgId=1 uname=admin t=2026-08-06T13:48:42.8982488+03:00 level=info msg="Request Completed" method=GET path=/api/datasources/uid/afucuybzgd0jkb/resources/api/v1/label/__name__/values status=400 remote_addr=127.0.0.1 time_ms=4 duration=4.863ms size=139 referer="http://localhost:3000/dashboard/new?editPanel=1&from=now-6h&orgId=1&timezone=browser&to=now" handler=/api/datasources/uid/:uid/resources/* status_source=server
logger=context userId=1 orgId=1 uname=admin t=2026-08-06T13:48:47.8446896+03:00 level=info msg="Request Completed" method=POST path=/api/ds/query status=400 remote_addr=127.0.0.1 time_ms=20 duration=20.7305ms size=553812 referer="http://localhost:3000/dashboard/new?editPanel=1&from=now-6h&orgId=1&timezone=browser&to=now" handler=/api/ds/query status_source=downstream
logger=licensing t=2026-08-06T13:49:09.5047424+03:00 level=info msg="Validated license token" appURL=http://localhost:3000/ source=disk status=NotFound
logger=licensing.renewal t=2026-08-06T13:49:09.5047424+03:00 level=warn msg="failed to load or validate token" err="license token file not found: C:\\Users\\n.osipov\\monitoring\\grafana\\data\\license.jwt"
logger=cleanup t=2026-08-06T13:49:09.5235103+03:00 level=info msg="Completed cleanup jobs" duration=40.081ms
logger=plugins.update.checker t=2026-08-06T13:49:10.5846777+03:00 level=info msg="Update check succeeded" duration=845.5512ms
logger=plugins.update.checker t=2026-08-06T13:49:10.5846777+03:00 level=info msg="flag evaluation succeeded" flag="{Value:false EvaluationDetails:{FlagKey:pluginsAutoUpdate FlagType:bool ResolutionDetail:{Variant:default Reason:STATIC ErrorCode: ErrorMessage: FlagMetadata:map[]}}}" details="{Value:false EvaluationDetails:{FlagKey:pluginsAutoUpdate FlagType:bool ResolutionDetail:{Variant:default Reason:STATIC ErrorCode: ErrorMessage: FlagMetadata:map[]}}}"
logger=bleve-backend namespace=default group=provisioning.grafana.app resource=repositories reason=getStats t=2026-08-06T13:50:09.5069996+03:00 level=info msg="Building index using memory"
logger=bleve-backend namespace=default group=provisioning.grafana.app resource=repositories reason=getStats t=2026-08-06T13:50:09.5069996+03:00 level=info msg="Finished building index" elapsed=0s listRV=1
logger=bleve-backend namespace=default group=provisioning.grafana.app resource=repositories reason=getStats t=2026-08-06T13:50:09.5069996+03:00 level=info msg="Storing index in cache" key="{Namespace:default Group:provisioning.grafana.app Resource:repositories}" expiration=2026-08-06T14:00:09.5069996+03:00
logger=bleve-backend namespace=default group=playlist.grafana.app resource=playlists reason=getStats t=2026-08-06T13:50:09.5079984+03:00 level=info msg="Building index using memory"
logger=bleve-backend namespace=default group=playlist.grafana.app resource=playlists reason=getStats t=2026-08-06T13:50:09.5089986+03:00 level=info msg="Finished building index" elapsed=1.0002ms listRV=1
logger=bleve-backend namespace=default group=playlist.grafana.app resource=playlists reason=getStats t=2026-08-06T13:50:09.5089986+03:00 level=info msg="Storing index in cache" key="{Namespace:default Group:playlist.grafana.app Resource:playlists}" expiration=2026-08-06T14:00:09.5089986+03:00
logger=infra.usagestats t=2026-08-06T13:50:09.5099973+03:00 level=info msg="Usage stats are ready to report"
logger=context userId=1 orgId=1 uname=admin t=2026-08-06T13:50:36.1453713+03:00 level=info msg="Request Completed" method=GET path=/api/datasources/uid/afucuybzgd0jkb/resources/api/v1/label/__name__/values status=400 remote_addr=127.0.0.1 time_ms=2 duration=2.6452ms size=137 referer="http://localhost:3000/dashboard/new?editPanel=1&from=now-6h&orgId=1&timezone=browser&to=now" handler=/api/datasources/uid/:uid/resources/* status_source=server
logger=context userId=1 orgId=1 uname=admin t=2026-08-06T13:50:44.630499+03:00 level=info msg="Request Completed" method=POST path=/api/ds/query status=400 remote_addr=127.0.0.1 time_ms=30 duration=30.3512ms size=553845 referer="http://localhost:3000/dashboard/new?editPanel=1&from=now-6h&orgId=1&timezone=browser&to=now" handler=/api/ds/query status_source=downstream
logger=bleve-backend t=2026-08-06T13:51:06.8299281+03:00 level=info msg="index evicted from cache" reason=expired key="{Namespace:default Group:folder.grafana.app Resource:folders}" storage=memory
logger=bleve-backend t=2026-08-06T13:51:06.8299281+03:00 level=info msg="index evicted from cache" reason=expired key="{Namespace:default Group:dashboard.grafana.app Resource:dashboards}" storage=memory
logger=context userId=1 orgId=1 uname=admin t=2026-08-06T13:51:21.3053499+03:00 level=info msg="Request Completed" method=POST path=/api/ds/query status=400 remote_addr=127.0.0.1 time_ms=21 duration=21.3584ms size=553845 referer="http://localhost:3000/dashboard/new?editPanel=1&from=now-6h&orgId=1&timezone=browser&to=now" handler=/api/ds/query status_source=downstream
logger=context userId=1 orgId=1 uname=admin t=2026-08-06T13:55:07.9698649+03:00 level=info msg="Request Completed" method=GET path=/api/datasources/uid/afucuybzgd0jkb/resources/api/v1/label/__name__/values status=400 remote_addr=127.0.0.1 time_ms=9 duration=9.8617ms size=140 referer="http://localhost:3000/dashboard/new?editPanel=1&from=now-6h&orgId=1&timezone=browser&to=now" handler=/api/datasources/uid/:uid/resources/* status_source=server
logger=context userId=1 orgId=1 uname=admin t=2026-08-06T13:55:14.1813114+03:00 level=info msg="Request Completed" method=GET path=/api/datasources/uid/afucuybzgd0jkb/resources/api/v1/label/__name__/values status=400 remote_addr=127.0.0.1 time_ms=2 duration=2.9982ms size=140 referer="http://localhost:3000/dashboard/new?editPanel=1&from=now-6h&orgId=1&timezone=browser&to=now" handler=/api/datasources/uid/:uid/resources/* status_source=server
logger=context userId=1 orgId=1 uname=admin t=2026-08-06T13:55:18.0780052+03:00 level=info msg="Request Completed" method=GET path=/api/datasources/uid/afucuybzgd0jkb/resources/api/v1/label/__name__/values status=400 remote_addr=127.0.0.1 time_ms=3 duration=3.0011ms size=140 referer="http://localhost:3000/dashboard/new?editPanel=1&from=now-6h&orgId=1&timezone=browser&to=now" handler=/api/datasources/uid/:uid/resources/* status_source=server
logger=context userId=1 orgId=1 uname=admin t=2026-08-06T13:55:18.6631133+03:00 level=info msg="Request Completed" method=GET path=/api/datasources/uid/afucuybzgd0jkb/resources/api/v1/label/__name__/values status=400 remote_addr=127.0.0.1 time_ms=1 duration=1.9982ms size=140 referer="http://localhost:3000/dashboard/new?editPanel=1&from=now-6h&orgId=1&timezone=browser&to=now" handler=/api/datasources/uid/:uid/resources/* status_source=server
logger=context userId=1 orgId=1 uname=admin t=2026-08-06T13:55:20.327669+03:00 level=info msg="Request Completed" method=GET path=/api/datasources/uid/afucuybzgd0jkb/resources/api/v1/label/__name__/values status=400 remote_addr=127.0.0.1 time_ms=3 duration=3.0212ms size=140 referer="http://localhost:3000/dashboard/new?editPanel=1&from=now-6h&orgId=1&timezone=browser&to=now" handler=/api/datasources/uid/:uid/resources/* status_source=server
logger=context userId=1 orgId=1 uname=admin t=2026-08-06T13:55:20.5452967+03:00 level=info msg="Request Completed" method=GET path=/api/datasources/uid/afucuybzgd0jkb/resources/api/v1/label/__name__/values status=400 remote_addr=127.0.0.1 time_ms=2 duration=2.0867ms size=140 referer="http://localhost:3000/dashboard/new?editPanel=1&from=now-6h&orgId=1&timezone=browser&to=now" handler=/api/datasources/uid/:uid/resources/* status_source=server
logger=context userId=1 orgId=1 uname=admin t=2026-08-06T13:55:22.1194656+03:00 level=info msg="Request Completed" method=GET path=/api/datasources/uid/afucuybzgd0jkb/resources/api/v1/label/__name__/values status=400 remote_addr=127.0.0.1 time_ms=1 duration=1.9934ms size=140 referer="http://localhost:3000/dashboard/new?editPanel=1&from=now-6h&orgId=1&timezone=browser&to=now" handler=/api/datasources/uid/:uid/resources/* status_source=server
logger=context userId=1 orgId=1 uname=admin t=2026-08-06T13:55:24.227128+03:00 level=info msg="Request Completed" method=GET path=/api/datasources/uid/afucuybzgd0jkb/resources/api/v1/label/__name__/values status=400 remote_addr=127.0.0.1 time_ms=1 duration=1.9993ms size=140 referer="http://localhost:3000/dashboard/new?editPanel=1&from=now-6h&orgId=1&timezone=browser&to=now" handler=/api/datasources/uid/:uid/resources/* status_source=server
logger=context userId=1 orgId=1 uname=admin t=2026-08-06T13:55:24.9088795+03:00 level=info msg="Request Completed" method=GET path=/api/datasources/uid/afucuybzgd0jkb/resources/api/v1/label/__name__/values status=400 remote_addr=127.0.0.1 time_ms=2 duration=2.0779ms size=140 referer="http://localhost:3000/dashboard/new?editPanel=1&from=now-6h&orgId=1&timezone=browser&to=now" handler=/api/datasources/uid/:uid/resources/* status_source=server
logger=context userId=1 orgId=1 uname=admin t=2026-08-06T13:55:27.2845124+03:00 level=info msg="Request Completed" method=GET path=/api/datasources/uid/afucuybzgd0jkb/resources/api/v1/label/__name__/values status=400 remote_addr=127.0.0.1 time_ms=2 duration=2.9985ms size=140 referer="http://localhost:3000/dashboard/new?editPanel=1&from=now-6h&orgId=1&timezone=browser&to=now" handler=/api/datasources/uid/:uid/resources/* status_source=server
logger=context userId=1 orgId=1 uname=admin t=2026-08-06T13:55:28.9518777+03:00 level=info msg="Request Completed" method=GET path=/api/datasources/uid/afucuybzgd0jkb/resources/api/v1/label/__name__/values status=400 remote_addr=127.0.0.1 time_ms=2 duration=2.999ms size=140 referer="http://localhost:3000/dashboard/new?editPanel=1&from=now-6h&orgId=1&timezone=browser&to=now" handler=/api/datasources/uid/:uid/resources/* status_source=server
logger=context userId=1 orgId=1 uname=admin t=2026-08-06T13:55:29.1780848+03:00 level=info msg="Request Completed" method=GET path=/api/datasources/uid/afucuybzgd0jkb/resources/api/v1/label/__name__/values status=400 remote_addr=127.0.0.1 time_ms=1 duration=1.9985ms size=140 referer="http://localhost:3000/dashboard/new?editPanel=1&from=now-6h&orgId=1&timezone=browser&to=now" handler=/api/datasources/uid/:uid/resources/* status_source=server
logger=context userId=1 orgId=1 uname=admin t=2026-08-06T13:55:30.2997128+03:00 level=info msg="Request Completed" method=GET path=/api/datasources/uid/afucuybzgd0jkb/resources/api/v1/label/__name__/values status=400 remote_addr=127.0.0.1 time_ms=2 duration=2.0767ms size=140 referer="http://localhost:3000/dashboard/new?editPanel=1&from=now-6h&orgId=1&timezone=browser&to=now" handler=/api/datasources/uid/:uid/resources/* status_source=server
logger=context userId=1 orgId=1 uname=admin t=2026-08-06T13:55:32.1407896+03:00 level=info msg="Request Completed" method=GET path=/api/datasources/uid/afucuybzgd0jkb/resources/api/v1/label/__name__/values status=400 remote_addr=127.0.0.1 time_ms=2 duration=2.377ms size=140 referer="http://localhost:3000/dashboard/new?editPanel=1&from=now-6h&orgId=1&timezone=browser&to=now" handler=/api/datasources/uid/:uid/resources/* status_source=server
logger=context userId=1 orgId=1 uname=admin t=2026-08-06T13:55:34.0833319+03:00 level=info msg="Request Completed" method=POST path=/api/ds/query status=400 remote_addr=127.0.0.1 time_ms=29 duration=29.5303ms size=544732 referer="http://localhost:3000/dashboard/new?editPanel=1&from=now-6h&orgId=1&timezone=browser&to=now" handler=/api/ds/query status_source=downstream
logger=context userId=1 orgId=1 uname=admin t=2026-08-06T13:55:45.6512091+03:00 level=info msg="Request Completed" method=POST path=/api/ds/query status=400 remote_addr=127.0.0.1 time_ms=22 duration=22.4714ms size=544732 referer="http://localhost:3000/dashboard/new?editPanel=1&from=now-6h&orgId=1&timezone=browser&to=now" handler=/api/ds/query status_source=downstream
logger=context userId=1 orgId=1 uname=admin t=2026-08-06T13:55:46.6833401+03:00 level=info msg="Request Completed" method=POST path=/api/ds/query status=400 remote_addr=127.0.0.1 time_ms=21 duration=21.6743ms size=544732 referer="http://localhost:3000/dashboard/new?editPanel=1&from=now-6h&orgId=1&timezone=browser&to=now" handler=/api/ds/query status_source=downstream
logger=plugin.grafana-assistant-app t=2026-08-06T13:55:48.8428824+03:00 level=info msg="Setting Grafana user ID header" email=admin@localhost endpoint=callResource pluginId=grafana-assistant-app pluginVersion=2.0.46 userID=1
logger=plugin.grafana-assistant-app t=2026-08-06T13:55:48.8428824+03:00 level=error msg="Get \"/api/v1/quickstarts?enabled_only=true\": unsupported protocol scheme \"\"" endpoint=callResource pluginId=grafana-assistant-app pluginVersion=2.0.46
logger=plugin.grafana-assistant-app t=2026-08-06T13:55:48.8428824+03:00 level=info msg="Plugin Request Completed" statusSource=plugin pluginVersion=2.0.46 status=ok duration=583.5µs endpoint=callResource pluginId=grafana-assistant-app
logger=context userId=1 orgId=1 uname=admin t=2026-08-06T13:55:48.8428824+03:00 level=error msg="Request Completed" method=GET path=/api/plugins/grafana-assistant-app/resources/api/v1/quickstarts status=503 remote_addr=127.0.0.1 time_ms=4 duration=4.2101ms size=76 referer="http://localhost:3000/dashboard/new?editPanel=1&from=now-6h&orgId=1&timezone=browser&to=now" handler=/api/plugins/:pluginId/resources/* status_source=downstream
logger=plugin.grafana-assistant-app t=2026-08-06T13:55:49.8609365+03:00 level=info msg="Setting Grafana user ID header" email=admin@localhost endpoint=callResource pluginId=grafana-assistant-app pluginVersion=2.0.46 userID=1
logger=plugin.grafana-assistant-app t=2026-08-06T13:55:49.8609365+03:00 level=error msg="Get \"/api/v1/quickstarts?enabled_only=true\": unsupported protocol scheme \"\"" pluginId=grafana-assistant-app pluginVersion=2.0.46 endpoint=callResource
logger=plugin.grafana-assistant-app t=2026-08-06T13:55:49.8609365+03:00 level=info msg="Plugin Request Completed" duration=0s endpoint=callResource pluginId=grafana-assistant-app status=ok statusSource=plugin pluginVersion=2.0.46
logger=context userId=1 orgId=1 uname=admin t=2026-08-06T13:55:49.8609365+03:00 level=error msg="Request Completed" method=GET path=/api/plugins/grafana-assistant-app/resources/api/v1/quickstarts status=503 remote_addr=127.0.0.1 time_ms=1 duration=1.8961ms size=76 referer="http://localhost:3000/dashboard/new?editPanel=1&from=now-6h&orgId=1&timezone=browser&to=now" handler=/api/plugins/:pluginId/resources/* status_source=downstream
logger=plugin.grafana-assistant-app t=2026-08-06T13:55:51.8730445+03:00 level=info msg="Setting Grafana user ID header" pluginId=grafana-assistant-app pluginVersion=2.0.46 userID=1 email=admin@localhost endpoint=callResource
logger=plugin.grafana-assistant-app t=2026-08-06T13:55:51.8730445+03:00 level=error msg="Get \"/api/v1/quickstarts?enabled_only=true\": unsupported protocol scheme \"\"" pluginId=grafana-assistant-app pluginVersion=2.0.46 endpoint=callResource
logger=plugin.grafana-assistant-app t=2026-08-06T13:55:51.8730445+03:00 level=info msg="Plugin Request Completed" pluginId=grafana-assistant-app status=ok statusSource=plugin duration=0s endpoint=callResource pluginVersion=2.0.46
logger=context userId=1 orgId=1 uname=admin t=2026-08-06T13:55:51.8736896+03:00 level=error msg="Request Completed" method=GET path=/api/plugins/grafana-assistant-app/resources/api/v1/quickstarts status=503 remote_addr=127.0.0.1 time_ms=3 duration=3.1235ms size=76 referer="http://localhost:3000/dashboard/new?editPanel=1&from=now-6h&orgId=1&timezone=browser&to=now" handler=/api/plugins/:pluginId/resources/* status_source=downstream
logger=plugin.grafana-assistant-app t=2026-08-06T13:55:55.8933535+03:00 level=info msg="Setting Grafana user ID header" pluginVersion=2.0.46 userID=1 email=admin@localhost endpoint=callResource pluginId=grafana-assistant-app
logger=plugin.grafana-assistant-app t=2026-08-06T13:55:55.8933535+03:00 level=error msg="Get \"/api/v1/quickstarts?enabled_only=true\": unsupported protocol scheme \"\"" endpoint=callResource pluginId=grafana-assistant-app pluginVersion=2.0.46
logger=plugin.grafana-assistant-app t=2026-08-06T13:55:55.8933535+03:00 level=info msg="Plugin Request Completed" duration=0s pluginId=grafana-assistant-app pluginVersion=2.0.46 statusSource=plugin endpoint=callResource status=ok
logger=context userId=1 orgId=1 uname=admin t=2026-08-06T13:55:55.8933535+03:00 level=error msg="Request Completed" method=GET path=/api/plugins/grafana-assistant-app/resources/api/v1/quickstarts status=503 remote_addr=127.0.0.1 time_ms=2 duration=2.5978ms size=76 referer="http://localhost:3000/dashboard/new?editPanel=1&from=now-6h&orgId=1&timezone=browser&to=now" handler=/api/plugins/:pluginId/resources/* status_source=downstream
logger=bleve-backend namespace=default group=folder.grafana.app resource=folders reason=search t=2026-08-06T13:57:12.2798199+03:00 level=info msg="Building index using memory"
logger=bleve-backend namespace=default group=folder.grafana.app resource=folders reason=search t=2026-08-06T13:57:12.2810147+03:00 level=info msg="Finished building index" elapsed=1.1948ms listRV=1786009747301012
logger=bleve-backend namespace=default group=folder.grafana.app resource=folders reason=search t=2026-08-06T13:57:12.2810147+03:00 level=info msg="Storing index in cache" key="{Namespace:default Group:folder.grafana.app Resource:folders}" expiration=2026-08-06T14:07:12.2810147+03:00
logger=bleve-backend namespace=default group=dashboard.grafana.app resource=dashboards reason=search t=2026-08-06T13:57:12.2941486+03:00 level=info msg="Building index using memory"
logger=bleve-backend namespace=default group=dashboard.grafana.app resource=dashboards reason=search t=2026-08-06T13:57:12.2952272+03:00 level=info msg="Finished building index" elapsed=1.0786ms listRV=1786009747302983
logger=bleve-backend namespace=default group=dashboard.grafana.app resource=dashboards reason=search t=2026-08-06T13:57:12.2952272+03:00 level=info msg="Storing index in cache" key="{Namespace:default Group:dashboard.grafana.app Resource:dashboards}" expiration=2026-08-06T14:07:12.2952272+03:00
logger=grafana-apiserver t=2026-08-06T13:57:20.6950691+03:00 level=error msg="[SHOULD NOT HAPPEN] failed to update managedFields" err="failed to convert new object (default/; dashboard.grafana.app/v2, Kind=Dashboard) to smd typed: errors:\n  .spec.elements.panel-1.kind: field not declared in schema\n  .spec.layout.kind: field not declared in schema\n  .spec.preferences.layout.kind: field not declared in schema" versionKind="dashboard.grafana.app/v2, Kind=Dashboard" namespace=default name=
logger=context userId=1 orgId=1 uname=admin t=2026-08-06T13:57:20.7246549+03:00 level=info msg="Request Completed" method=POST path=/apis/dashboard.grafana.app/v2/namespaces/default/dashboards status=201 remote_addr=127.0.0.1 time_ms=33 duration=33.1851ms size=5117 referer="http://localhost:3000/dashboard/new?editPanel=1&from=now-6h&orgId=1&timezone=browser&to=now" handler=/apis/* status_source=server
logger=live t=2026-08-06T13:57:21.1362671+03:00 level=info msg="Initialized channel handler" channel=grafana/dashboard/uid/adrgn2k address=grafana/dashboard/uid/adrgn2k
logger=context userId=1 orgId=1 uname=admin t=2026-08-06T13:57:22.0714327+03:00 level=info msg="Request Completed" method=GET path=/api/live/ws status=-1 remote_addr=127.0.0.1 time_ms=1 duration=1.599ms size=0 referer= handler=/api/live/ws status_source=server
logger=context userId=1 orgId=1 uname=admin t=2026-08-06T13:57:22.2819252+03:00 level=info msg="Request Completed" method=GET path=/api/live/ws status=-1 remote_addr=127.0.0.1 time_ms=1 duration=1.5584ms size=0 referer= handler=/api/live/ws status_source=server
logger=context userId=1 orgId=1 uname=admin t=2026-08-06T13:57:22.2960113+03:00 level=info msg="Request Completed" method=GET path=/api/live/ws status=-1 remote_addr=127.0.0.1 time_ms=1 duration=1.7993ms size=0 referer= handler=/api/live/ws status_source=server
logger=context userId=1 orgId=1 uname=admin t=2026-08-06T13:57:22.3122615+03:00 level=info msg="Request Completed" method=GET path=/api/live/ws status=-1 remote_addr=127.0.0.1 time_ms=3 duration=3.1141ms size=0 referer= handler=/api/live/ws status_source=server
t=2026-08-06T13:57:26.2014252+03:00 level=info caller=logger.go:214 time=2026-08-06T13:57:26.2014252+03:00 msg="custom route handler succeeded" method=GET path=/usage group=quotas.grafana.app version=v0alpha1 kind=
t=2026-08-06T13:57:26.2014252+03:00 level=info caller=logger.go:214 time=2026-08-06T13:57:26.2014252+03:00 msg="custom route handler succeeded" method=GET path=/usage group=quotas.grafana.app version=v0alpha1 kind=
logger=context userId=1 orgId=1 uname=admin t=2026-08-06T13:57:28.7010521+03:00 level=info msg="Request Completed" method=GET path=/apis/userstorage.grafana.app/v0alpha1/namespaces/default/user-storage/grafana-help-flags:cfucpwia57e2ob status=404 remote_addr=127.0.0.1 time_ms=3 duration=3.4236ms size=361 referer="http://localhost:3000/?from=now-6h&orgId=1&timezone=browser&to=now" handler=/apis/* status_source=server
logger=cleanup t=2026-08-06T13:59:09.5224126+03:00 level=info msg="Completed cleanup jobs" duration=38.775ms
logger=plugins.update.checker t=2026-08-06T13:59:11.8670029+03:00 level=info msg="Update check succeeded" duration=2.1277985s
logger=plugins.update.checker t=2026-08-06T13:59:11.8670029+03:00 level=info msg="flag evaluation succeeded" flag="{Value:false EvaluationDetails:{FlagKey:pluginsAutoUpdate FlagType:bool ResolutionDetail:{Variant:default Reason:STATIC ErrorCode: ErrorMessage: FlagMetadata:map[]}}}" details="{Value:false EvaluationDetails:{FlagKey:pluginsAutoUpdate FlagType:bool ResolutionDetail:{Variant:default Reason:STATIC ErrorCode: ErrorMessage: FlagMetadata:map[]}}}"
logger=context userId=1 orgId=1 uname=admin t=2026-08-06T13:59:32.5319124+03:00 level=info msg="Request Completed" method=GET path=/api/datasources/uid/afucuybzgd0jkb/resources/api/v1/label/__name__/values status=400 remote_addr=127.0.0.1 time_ms=3 duration=3.0005ms size=140 referer="http://localhost:3000/d/adrgn2k/first?editPanel=1&from=now-6h&orgId=1&tab=queries&timezone=browser&to=now" handler=/api/datasources/uid/:uid/resources/* status_source=server
logger=context userId=1 orgId=1 uname=admin t=2026-08-06T13:59:36.2800271+03:00 level=info msg="Request Completed" method=POST path=/api/ds/query status=400 remote_addr=127.0.0.1 time_ms=41 duration=41.222ms size=1040511 referer="http://localhost:3000/d/adrgn2k/first?editPanel=1&from=now-6h&orgId=1&tab=queries&timezone=browser&to=now" handler=/api/ds/query status_source=downstream
logger=context userId=1 orgId=1 uname=admin t=2026-08-06T13:59:56.5476775+03:00 level=info msg="Request Completed" method=POST path=/api/ds/query status=400 remote_addr=127.0.0.1 time_ms=45 duration=45.5151ms size=1040543 referer="http://localhost:3000/d/adrgn2k/first?editPanel=1&from=now-6h&orgId=1&tab=queries&timezone=browser&to=now" handler=/api/ds/query status_source=downstream
logger=context userId=1 orgId=1 uname=admin t=2026-08-06T13:59:57.2343838+03:00 level=info msg="Request Completed" method=POST path=/api/ds/query status=400 remote_addr=127.0.0.1 time_ms=44 duration=44.5564ms size=1040543 referer="http://localhost:3000/d/adrgn2k/first?editPanel=1&from=now-6h&orgId=1&tab=queries&timezone=browser&to=now" handler=/api/ds/query status_source=downstream
logger=context userId=1 orgId=1 uname=admin t=2026-08-06T14:00:09.7308384+03:00 level=info msg="Request Completed" method=POST path=/api/ds/query status=400 remote_addr=127.0.0.1 time_ms=5 duration=5.1854ms size=460 referer="http://localhost:3000/d/adrgn2k/first?editPanel=1&from=now-6h&orgId=1&tab=queries&timezone=browser&to=now" handler=/api/ds/query status_source=downstream
logger=context userId=1 orgId=1 uname=admin t=2026-08-06T14:00:10.6648027+03:00 level=info msg="Request Completed" method=POST path=/api/ds/query status=400 remote_addr=127.0.0.1 time_ms=4 duration=4.0607ms size=460 referer="http://localhost:3000/d/adrgn2k/first?editPanel=1&from=now-6h&orgId=1&tab=queries&timezone=browser&to=now" handler=/api/ds/query status_source=downstream
logger=context userId=1 orgId=1 uname=admin t=2026-08-06T14:00:18.2653576+03:00 level=info msg="Request Completed" method=POST path=/api/ds/query status=400 remote_addr=127.0.0.1 time_ms=3 duration=3.7605ms size=466 referer="http://localhost:3000/d/adrgn2k/first?editPanel=1&from=now-6h&orgId=1&tab=queries&timezone=browser&to=now" handler=/api/ds/query status_source=downstream
logger=context userId=1 orgId=1 uname=admin t=2026-08-06T14:00:18.4488948+03:00 level=info msg="Request Completed" method=POST path=/api/ds/query status=400 remote_addr=127.0.0.1 time_ms=2 duration=2.6959ms size=466 referer="http://localhost:3000/d/adrgn2k/first?editPanel=1&from=now-6h&orgId=1&tab=queries&timezone=browser&to=now" handler=/api/ds/query status_source=downstream
logger=context userId=1 orgId=1 uname=admin t=2026-08-06T14:00:36.4982868+03:00 level=info msg="Request Completed" method=GET path=/api/live/ws status=-1 remote_addr=127.0.0.1 time_ms=2 duration=2.4199ms size=0 referer= handler=/api/live/ws status_source=server
logger=bleve-backend t=2026-08-06T14:01:06.8302676+03:00 level=info msg="index evicted from cache" reason=expired key="{Namespace:default Group:provisioning.grafana.app Resource:repositories}" storage=memory
logger=bleve-backend t=2026-08-06T14:01:06.8302676+03:00 level=info msg="index evicted from cache" reason=expired key="{Namespace:default Group:playlist.grafana.app Resource:playlists}" storage=memory
logger=context userId=1 orgId=1 uname=admin t=2026-08-06T14:03:54.124981+03:00 level=info msg="Request Completed" method=GET path=/api/datasources/uid/afucuybzgd0jkb/resources/api/v1/label/__name__/values status=400 remote_addr=127.0.0.1 time_ms=4 duration=4.1699ms size=140 referer="http://localhost:3000/d/adrgn2k/first?editPanel=1&from=now-6h&orgId=1&tab=queries&timezone=browser&to=now" handler=/api/datasources/uid/:uid/resources/* status_source=server
logger=context userId=1 orgId=1 uname=admin t=2026-08-06T14:04:11.4469846+03:00 level=info msg="Request Completed" method=GET path=/api/datasources/uid/afucuybzgd0jkb/resources/api/v1/label/__name__/values status=400 remote_addr=127.0.0.1 time_ms=1 duration=1.987ms size=142 referer="http://localhost:3000/d/adrgn2k/first?editPanel=1&from=now-6h&orgId=1&tab=queries&timezone=browser&to=now" handler=/api/datasources/uid/:uid/resources/* status_source=server
logger=context userId=1 orgId=1 uname=admin t=2026-08-06T14:04:23.2434114+03:00 level=info msg="Request Completed" method=GET path=/api/datasources/uid/afucuybzgd0jkb/resources/api/v1/label/__name__/values status=400 remote_addr=127.0.0.1 time_ms=1 duration=1.318ms size=136 referer="http://localhost:3000/d/adrgn2k/first?editPanel=1&from=now-6h&orgId=1&tab=queries&timezone=browser&to=now" handler=/api/datasources/uid/:uid/resources/* status_source=server
logger=context userId=1 orgId=1 uname=admin t=2026-08-06T14:04:25.7778684+03:00 level=info msg="Request Completed" method=POST path=/api/ds/query status=400 remote_addr=127.0.0.1 time_ms=46 duration=46.2013ms size=1102094 referer="http://localhost:3000/d/adrgn2k/first?editPanel=1&from=now-6h&orgId=1&tab=queries&timezone=browser&to=now" handler=/api/ds/query status_source=downstream
logger=context userId=1 orgId=1 uname=admin t=2026-08-06T14:04:41.2100442+03:00 level=info msg="Request Completed" method=GET path=/api/datasources/uid/afucuybzgd0jkb/resources/api/v1/label/__name__/values status=400 remote_addr=127.0.0.1 time_ms=21 duration=21.0954ms size=140 referer="http://localhost:3000/d/adrgn2k/first?editPanel=1&from=now-6h&orgId=1&tab=queries&timezone=browser&to=now" handler=/api/datasources/uid/:uid/resources/* status_source=server
logger=context userId=1 orgId=1 uname=admin t=2026-08-06T14:04:42.9122048+03:00 level=info msg="Request Completed" method=GET path=/api/datasources/uid/afucuybzgd0jkb/resources/api/v1/label/__name__/values status=400 remote_addr=127.0.0.1 time_ms=1 duration=1.9912ms size=140 referer="http://localhost:3000/d/adrgn2k/first?editPanel=1&from=now-6h&orgId=1&tab=queries&timezone=browser&to=now" handler=/api/datasources/uid/:uid/resources/* status_source=server
logger=context userId=1 orgId=1 uname=admin t=2026-08-06T14:04:43.8519977+03:00 level=info msg="Request Completed" method=GET path=/api/datasources/uid/afucuybzgd0jkb/resources/api/v1/label/__name__/values status=400 remote_addr=127.0.0.1 time_ms=8 duration=8.073ms size=140 referer="http://localhost:3000/d/adrgn2k/first?editPanel=1&from=now-6h&orgId=1&tab=queries&timezone=browser&to=now" handler=/api/datasources/uid/:uid/resources/* status_source=server
logger=context userId=1 orgId=1 uname=admin t=2026-08-06T14:04:45.312952+03:00 level=info msg="Request Completed" method=POST path=/api/ds/query status=400 remote_addr=127.0.0.1 time_ms=35 duration=35.6132ms size=1102094 referer="http://localhost:3000/d/adrgn2k/first?editPanel=1&from=now-6h&orgId=1&tab=queries&timezone=browser&to=now" handler=/api/ds/query status_source=downstream
logger=context userId=1 orgId=1 uname=admin t=2026-08-06T14:04:47.3623004+03:00 level=info msg="Request Completed" method=POST path=/api/ds/query status=400 remote_addr=127.0.0.1 time_ms=35 duration=35.6794ms size=1102094 referer="http://localhost:3000/d/adrgn2k/first?editPanel=1&from=now-6h&orgId=1&tab=queries&timezone=browser&to=now" handler=/api/ds/query status_source=downstream
logger=context userId=1 orgId=1 uname=admin t=2026-08-06T14:04:52.3896098+03:00 level=info msg="Request Completed" method=POST path=/api/ds/query status=400 remote_addr=127.0.0.1 time_ms=8 duration=8.453ms size=17246 referer="http://localhost:3000/d/adrgn2k/first?editPanel=1&from=now-6h&orgId=1&tab=queries&timezone=browser&to=now" handler=/api/ds/query status_source=downstream
logger=context userId=1 orgId=1 uname=admin t=2026-08-06T14:04:53.3779149+03:00 level=info msg="Request Completed" method=POST path=/api/ds/query status=400 remote_addr=127.0.0.1 time_ms=5 duration=5.274ms size=17246 referer="http://localhost:3000/d/adrgn2k/first?editPanel=1&from=now-6h&orgId=1&tab=queries&timezone=browser&to=now" handler=/api/ds/query status_source=downstream
logger=context userId=1 orgId=1 uname=admin t=2026-08-06T14:04:54.2286066+03:00 level=info msg="Request Completed" method=POST path=/api/ds/query status=400 remote_addr=127.0.0.1 time_ms=5 duration=5.8803ms size=17246 referer="http://localhost:3000/d/adrgn2k/first?editPanel=1&from=now-6h&orgId=1&tab=queries&timezone=browser&to=now" handler=/api/ds/query status_source=downstream
logger=context userId=1 orgId=1 uname=admin t=2026-08-06T14:04:54.4041657+03:00 level=info msg="Request Completed" method=POST path=/api/ds/query status=400 remote_addr=127.0.0.1 time_ms=5 duration=5.4234ms size=17246 referer="http://localhost:3000/d/adrgn2k/first?editPanel=1&from=now-6h&orgId=1&tab=queries&timezone=browser&to=now" handler=/api/ds/query status_source=downstream
logger=context userId=1 orgId=1 uname=admin t=2026-08-06T14:04:54.5691478+03:00 level=info msg="Request Completed" method=POST path=/api/ds/query status=400 remote_addr=127.0.0.1 time_ms=3 duration=3.7287ms size=17246 referer="http://localhost:3000/d/adrgn2k/first?editPanel=1&from=now-6h&orgId=1&tab=queries&timezone=browser&to=now" handler=/api/ds/query status_source=downstream
logger=context userId=1 orgId=1 uname=admin t=2026-08-06T14:05:05.8479528+03:00 level=info msg="Request Completed" method=POST path=/api/ds/query status=400 remote_addr=127.0.0.1 time_ms=5 duration=5.0575ms size=17246 referer="http://localhost:3000/d/adrgn2k/first?editPanel=1&from=now-6h&orgId=1&tab=queries&timezone=browser&to=now" handler=/api/ds/query status_source=downstream
logger=context userId=1 orgId=1 uname=admin t=2026-08-06T14:05:06.5618406+03:00 level=info msg="Request Completed" method=POST path=/api/ds/query status=400 remote_addr=127.0.0.1 time_ms=4 duration=4.0408ms size=17246 referer="http://localhost:3000/d/adrgn2k/first?editPanel=1&from=now-6h&orgId=1&tab=queries&timezone=browser&to=now" handler=/api/ds/query status_source=downstream
logger=context userId=1 orgId=1 uname=admin t=2026-08-06T14:05:06.7143522+03:00 level=info msg="Request Completed" method=POST path=/api/ds/query status=400 remote_addr=127.0.0.1 time_ms=4 duration=4.7493ms size=17246 referer="http://localhost:3000/d/adrgn2k/first?editPanel=1&from=now-6h&orgId=1&tab=queries&timezone=browser&to=now" handler=/api/ds/query status_source=downstream
logger=context userId=1 orgId=1 uname=admin t=2026-08-06T14:05:13.0149074+03:00 level=info msg="Request Completed" method=POST path=/api/ds/query status=400 remote_addr=127.0.0.1 time_ms=9 duration=9.0395ms size=17246 referer="http://localhost:3000/d/adrgn2k/first?editPanel=1&from=now-6h&orgId=1&tab=queries&timezone=browser&to=now" handler=/api/ds/query status_source=downstream
logger=context userId=1 orgId=1 uname=admin t=2026-08-06T14:05:13.1888834+03:00 level=info msg="Request Completed" method=POST path=/api/ds/query status=400 remote_addr=127.0.0.1 time_ms=7 duration=7.1064ms size=17246 referer="http://localhost:3000/d/adrgn2k/first?editPanel=1&from=now-6h&orgId=1&tab=queries&timezone=browser&to=now" handler=/api/ds/query status_source=downstream
logger=context userId=1 orgId=1 uname=admin t=2026-08-06T14:05:13.3781101+03:00 level=info msg="Request Completed" method=POST path=/api/ds/query status=400 remote_addr=127.0.0.1 time_ms=4 duration=4.4851ms size=17246 referer="http://localhost:3000/d/adrgn2k/first?editPanel=1&from=now-6h&orgId=1&tab=queries&timezone=browser&to=now" handler=/api/ds/query status_source=downstream
logger=context userId=1 orgId=1 uname=admin t=2026-08-06T14:05:13.5380508+03:00 level=info msg="Request Completed" method=POST path=/api/ds/query status=400 remote_addr=127.0.0.1 time_ms=3 duration=3.9887ms size=17246 referer="http://localhost:3000/d/adrgn2k/first?editPanel=1&from=now-6h&orgId=1&tab=queries&timezone=browser&to=now" handler=/api/ds/query status_source=downstream
logger=context userId=1 orgId=1 uname=admin t=2026-08-06T14:05:13.7069938+03:00 level=info msg="Request Completed" method=POST path=/api/ds/query status=400 remote_addr=127.0.0.1 time_ms=5 duration=5.5897ms size=17246 referer="http://localhost:3000/d/adrgn2k/first?editPanel=1&from=now-6h&orgId=1&tab=queries&timezone=browser&to=now" handler=/api/ds/query status_source=downstream
logger=context userId=1 orgId=1 uname=admin t=2026-08-06T14:05:17.1578159+03:00 level=info msg="Request Completed" method=POST path=/api/ds/query status=400 remote_addr=127.0.0.1 time_ms=4 duration=4.7169ms size=17246 referer="http://localhost:3000/d/adrgn2k/first?editPanel=1&from=now-6h&orgId=1&tab=queries&timezone=browser&to=now" handler=/api/ds/query status_source=downstream
logger=context userId=1 orgId=1 uname=admin t=2026-08-06T14:05:17.3870311+03:00 level=info msg="Request Completed" method=POST path=/api/ds/query status=400 remote_addr=127.0.0.1 time_ms=4 duration=4.5399ms size=17246 referer="http://localhost:3000/d/adrgn2k/first?editPanel=1&from=now-6h&orgId=1&tab=queries&timezone=browser&to=now" handler=/api/ds/query status_source=downstream
logger=context userId=1 orgId=1 uname=admin t=2026-08-06T14:05:18.0436698+03:00 level=info msg="Request Completed" method=POST path=/api/ds/query status=400 remote_addr=127.0.0.1 time_ms=5 duration=5.7653ms size=17246 referer="http://localhost:3000/d/adrgn2k/first?editPanel=1&from=now-6h&orgId=1&tab=queries&timezone=browser&to=now" handler=/api/ds/query status_source=downstream
logger=context userId=1 orgId=1 uname=admin t=2026-08-06T14:05:18.7705585+03:00 level=info msg="Request Completed" method=POST path=/api/ds/query status=400 remote_addr=127.0.0.1 time_ms=5 duration=5.284ms size=17246 referer="http://localhost:3000/d/adrgn2k/first?editPanel=1&from=now-6h&orgId=1&tab=queries&timezone=browser&to=now" handler=/api/ds/query status_source=downstream
logger=context userId=1 orgId=1 uname=admin t=2026-08-06T14:05:18.9387156+03:00 level=info msg="Request Completed" method=POST path=/api/ds/query status=400 remote_addr=127.0.0.1 time_ms=5 duration=5.2371ms size=17246 referer="http://localhost:3000/d/adrgn2k/first?editPanel=1&from=now-6h&orgId=1&tab=queries&timezone=browser&to=now" handler=/api/ds/query status_source=downstream
logger=context userId=1 orgId=1 uname=admin t=2026-08-06T14:05:19.0907508+03:00 level=info msg="Request Completed" method=POST path=/api/ds/query status=400 remote_addr=127.0.0.1 time_ms=6 duration=6.0005ms size=17246 referer="http://localhost:3000/d/adrgn2k/first?editPanel=1&from=now-6h&orgId=1&tab=queries&timezone=browser&to=now" handler=/api/ds/query status_source=downstream
logger=context userId=1 orgId=1 uname=admin t=2026-08-06T14:05:22.4178073+03:00 level=info msg="Request Completed" method=POST path=/api/ds/query status=400 remote_addr=127.0.0.1 time_ms=4 duration=4.1214ms size=17246 referer="http://localhost:3000/d/adrgn2k/first?editPanel=1&from=now-6h&orgId=1&tab=queries&timezone=browser&to=now" handler=/api/ds/query status_source=downstream
logger=context userId=1 orgId=1 uname=admin t=2026-08-06T14:05:22.5777191+03:00 level=info msg="Request Completed" method=POST path=/api/ds/query status=400 remote_addr=127.0.0.1 time_ms=3 duration=3.6651ms size=17246 referer="http://localhost:3000/d/adrgn2k/first?editPanel=1&from=now-6h&orgId=1&tab=queries&timezone=browser&to=now" handler=/api/ds/query status_source=downstream
logger=context userId=1 orgId=1 uname=admin t=2026-08-06T14:05:22.7372014+03:00 level=info msg="Request Completed" method=POST path=/api/ds/query status=400 remote_addr=127.0.0.1 time_ms=3 duration=3.7899ms size=17246 referer="http://localhost:3000/d/adrgn2k/first?editPanel=1&from=now-6h&orgId=1&tab=queries&timezone=browser&to=now" handler=/api/ds/query status_source=downstream
logger=context userId=1 orgId=1 uname=admin t=2026-08-06T14:05:22.8973993+03:00 level=info msg="Request Completed" method=POST path=/api/ds/query status=400 remote_addr=127.0.0.1 time_ms=3 duration=3.9136ms size=17246 referer="http://localhost:3000/d/adrgn2k/first?editPanel=1&from=now-6h&orgId=1&tab=queries&timezone=browser&to=now" handler=/api/ds/query status_source=downstream
logger=context userId=1 orgId=1 uname=admin t=2026-08-06T14:05:23.0585199+03:00 level=info msg="Request Completed" method=POST path=/api/ds/query status=400 remote_addr=127.0.0.1 time_ms=4 duration=4.8813ms size=17246 referer="http://localhost:3000/d/adrgn2k/first?editPanel=1&from=now-6h&orgId=1&tab=queries&timezone=browser&to=now" handler=/api/ds/query status_source=downstream
logger=context userId=1 orgId=1 uname=admin t=2026-08-06T14:05:38.2446366+03:00 level=info msg="Request Completed" method=GET path=/api/datasources/uid/afucuybzgd0jkb/resources/api/v1/label/__name__/values status=400 remote_addr=127.0.0.1 time_ms=3 duration=3.0756ms size=140 referer="http://localhost:3000/d/adrgn2k/first?editPanel=1&from=now-6h&orgId=1&tab=queries&timezone=browser&to=now" handler=/api/datasources/uid/:uid/resources/* status_source=server
logger=context userId=1 orgId=1 uname=admin t=2026-08-06T14:05:46.2505539+03:00 level=info msg="Request Completed" method=GET path=/api/datasources/uid/afucuybzgd0jkb/resources/api/v1/label/__name__/values status=400 remote_addr=127.0.0.1 time_ms=9 duration=9.8437ms size=140 referer="http://localhost:3000/d/adrgn2k/first?editPanel=1&from=now-6h&orgId=1&tab=queries&timezone=browser&to=now" handler=/api/datasources/uid/:uid/resources/* status_source=server
logger=context userId=1 orgId=1 uname=admin t=2026-08-06T14:07:43.5729448+03:00 level=info msg="Request Completed" method=GET path=/api/datasources/uid/afucuybzgd0jkb/resources/api/v1/label/__name__/values status=400 remote_addr=127.0.0.1 time_ms=8 duration=8.2108ms size=139 referer="http://localhost:3000/d/adrgn2k/first?editPanel=1&from=now-6h&orgId=1&tab=queries&timezone=browser&to=now" handler=/api/datasources/uid/:uid/resources/* status_source=server
logger=context userId=1 orgId=1 uname=admin t=2026-08-06T14:07:49.2580253+03:00 level=info msg="Request Completed" method=POST path=/api/ds/query status=400 remote_addr=127.0.0.1 time_ms=3 duration=3.7515ms size=480 referer="http://localhost:3000/d/adrgn2k/first?editPanel=1&from=now-6h&orgId=1&tab=queries&timezone=browser&to=now" handler=/api/ds/query status_source=downstream
logger=context userId=1 orgId=1 uname=admin t=2026-08-06T14:08:06.1693126+03:00 level=info msg="Request Completed" method=POST path=/api/ds/query status=400 remote_addr=127.0.0.1 time_ms=3 duration=3.3957ms size=480 referer="http://localhost:3000/d/adrgn2k/first?editPanel=1&from=now-6h&orgId=1&tab=queries&timezone=browser&to=now" handler=/api/ds/query status_source=downstream
logger=context userId=1 orgId=1 uname=admin t=2026-08-06T14:08:06.7846502+03:00 level=info msg="Request Completed" method=POST path=/api/ds/query status=400 remote_addr=127.0.0.1 time_ms=2 duration=2.9751ms size=480 referer="http://localhost:3000/d/adrgn2k/first?editPanel=1&from=now-6h&orgId=1&tab=queries&timezone=browser&to=now" handler=/api/ds/query status_source=downstream
logger=context userId=1 orgId=1 uname=admin t=2026-08-06T14:08:06.993509+03:00 level=info msg="Request Completed" method=POST path=/api/ds/query status=400 remote_addr=127.0.0.1 time_ms=3 duration=3.2877ms size=480 referer="http://localhost:3000/d/adrgn2k/first?editPanel=1&from=now-6h&orgId=1&tab=queries&timezone=browser&to=now" handler=/api/ds/query status_source=downstream
logger=context userId=1 orgId=1 uname=admin t=2026-08-06T14:08:07.1835729+03:00 level=info msg="Request Completed" method=POST path=/api/ds/query status=400 remote_addr=127.0.0.1 time_ms=2 duration=2.0585ms size=480 referer="http://localhost:3000/d/adrgn2k/first?editPanel=1&from=now-6h&orgId=1&tab=queries&timezone=browser&to=now" handler=/api/ds/query status_source=downstream
logger=bleve-backend t=2026-08-06T14:09:06.8301579+03:00 level=info msg="index evicted from cache" reason=expired key="{Namespace:default Group:folder.grafana.app Resource:folders}" storage=memory
logger=bleve-backend t=2026-08-06T14:09:06.8301579+03:00 level=info msg="index evicted from cache" reason=expired key="{Namespace:default Group:dashboard.grafana.app Resource:dashboards}" storage=memory
logger=cleanup t=2026-08-06T14:09:09.5364322+03:00 level=info msg="Completed cleanup jobs" duration=53.3142ms
logger=context userId=1 orgId=1 uname=admin t=2026-08-06T14:09:10.2187122+03:00 level=info msg="Request Completed" method=GET path=/api/datasources/uid/afucuybzgd0jkb/resources/api/v1/label/__name__/values status=400 remote_addr=127.0.0.1 time_ms=3 duration=3.475ms size=139 referer="http://localhost:3000/d/adrgn2k/first?editPanel=1&from=now-6h&orgId=1&tab=queries&timezone=browser&to=now" handler=/api/datasources/uid/:uid/resources/* status_source=server
logger=plugins.update.checker t=2026-08-06T14:09:10.6770603+03:00 level=info msg="Update check succeeded" duration=937.0368ms
logger=plugins.update.checker t=2026-08-06T14:09:10.6770603+03:00 level=info msg="flag evaluation succeeded" flag="{Value:false EvaluationDetails:{FlagKey:pluginsAutoUpdate FlagType:bool ResolutionDetail:{Variant:default Reason:STATIC ErrorCode: ErrorMessage: FlagMetadata:map[]}}}" details="{Value:false EvaluationDetails:{FlagKey:pluginsAutoUpdate FlagType:bool ResolutionDetail:{Variant:default Reason:STATIC ErrorCode: ErrorMessage: FlagMetadata:map[]}}}"
logger=context userId=1 orgId=1 uname=admin t=2026-08-06T14:09:11.443074+03:00 level=info msg="Request Completed" method=POST path=/api/ds/query status=400 remote_addr=127.0.0.1 time_ms=2 duration=2.1218ms size=480 referer="http://localhost:3000/d/adrgn2k/first?editPanel=1&from=now-6h&orgId=1&tab=queries&timezone=browser&to=now" handler=/api/ds/query status_source=downstream
logger=context userId=1 orgId=1 uname=admin t=2026-08-06T14:09:12.2728131+03:00 level=info msg="Request Completed" method=POST path=/api/ds/query status=400 remote_addr=127.0.0.1 time_ms=2 duration=2.5691ms size=480 referer="http://localhost:3000/d/adrgn2k/first?editPanel=1&from=now-6h&orgId=1&tab=queries&timezone=browser&to=now" handler=/api/ds/query status_source=downstream
logger=context userId=1 orgId=1 uname=admin t=2026-08-06T14:09:12.7929489+03:00 level=info msg="Request Completed" method=POST path=/api/ds/query status=400 remote_addr=127.0.0.1 time_ms=2 duration=2.3969ms size=480 referer="http://localhost:3000/d/adrgn2k/first?editPanel=1&from=now-6h&orgId=1&tab=queries&timezone=browser&to=now" handler=/api/ds/query status_source=downstream
logger=context userId=1 orgId=1 uname=admin t=2026-08-06T14:09:12.9919334+03:00 level=info msg="Request Completed" method=POST path=/api/ds/query status=400 remote_addr=127.0.0.1 time_ms=2 duration=2.3636ms size=480 referer="http://localhost:3000/d/adrgn2k/first?editPanel=1&from=now-6h&orgId=1&tab=queries&timezone=browser&to=now" handler=/api/ds/query status_source=downstream
logger=context userId=1 orgId=1 uname=admin t=2026-08-06T14:09:13.1923346+03:00 level=info msg="Request Completed" method=POST path=/api/ds/query status=400 remote_addr=127.0.0.1 time_ms=2 duration=2.7352ms size=480 referer="http://localhost:3000/d/adrgn2k/first?editPanel=1&from=now-6h&orgId=1&tab=queries&timezone=browser&to=now" handler=/api/ds/query status_source=downstream
logger=context userId=1 orgId=1 uname=admin t=2026-08-06T14:09:13.3920512+03:00 level=info msg="Request Completed" method=POST path=/api/ds/query status=400 remote_addr=127.0.0.1 time_ms=2 duration=2.4011ms size=480 referer="http://localhost:3000/d/adrgn2k/first?editPanel=1&from=now-6h&orgId=1&tab=queries&timezone=browser&to=now" handler=/api/ds/query status_source=downstream
logger=context userId=1 orgId=1 uname=admin t=2026-08-06T14:09:13.6002688+03:00 level=info msg="Request Completed" method=POST path=/api/ds/query status=400 remote_addr=127.0.0.1 time_ms=2 duration=2.8481ms size=480 referer="http://localhost:3000/d/adrgn2k/first?editPanel=1&from=now-6h&orgId=1&tab=queries&timezone=browser&to=now" handler=/api/ds/query status_source=downstream
logger=context userId=1 orgId=1 uname=admin t=2026-08-06T14:09:13.7998909+03:00 level=info msg="Request Completed" method=POST path=/api/ds/query status=400 remote_addr=127.0.0.1 time_ms=2 duration=2.4796ms size=480 referer="http://localhost:3000/d/adrgn2k/first?editPanel=1&from=now-6h&orgId=1&tab=queries&timezone=browser&to=now" handler=/api/ds/query status_source=downstream
logger=context userId=1 orgId=1 uname=admin t=2026-08-06T14:09:14.008268+03:00 level=info msg="Request Completed" method=POST path=/api/ds/query status=400 remote_addr=127.0.0.1 time_ms=2 duration=2.4579ms size=480 referer="http://localhost:3000/d/adrgn2k/first?editPanel=1&from=now-6h&orgId=1&tab=queries&timezone=browser&to=now" handler=/api/ds/query status_source=downstream
logger=context userId=1 orgId=1 uname=admin t=2026-08-06T14:09:20.4267971+03:00 level=info msg="Request Completed" method=GET path=/api/datasources/uid/afucuybzgd0jkb/resources/api/v1/label/__name__/values status=400 remote_addr=127.0.0.1 time_ms=3 duration=3.2084ms size=139 referer="http://localhost:3000/d/adrgn2k/first?editPanel=1&from=now-6h&orgId=1&tab=queries&timezone=browser&to=now" handler=/api/datasources/uid/:uid/resources/* status_source=server
logger=context userId=1 orgId=1 uname=admin t=2026-08-06T14:10:37.6752572+03:00 level=info msg="Request Completed" method=GET path=/api/datasources/uid/afucuybzgd0jkb/resources/api/v1/label/__name__/values status=400 remote_addr=127.0.0.1 time_ms=4 duration=4.057ms size=139 referer="http://localhost:3000/d/adrgn2k/first?editPanel=1&from=now-6h&orgId=1&tab=queries&timezone=browser&to=now" handler=/api/datasources/uid/:uid/resources/* status_source=server
logger=context userId=1 orgId=1 uname=admin t=2026-08-06T14:10:39.0765946+03:00 level=info msg="Request Completed" method=POST path=/api/ds/query status=400 remote_addr=127.0.0.1 time_ms=3 duration=3.1509ms size=480 referer="http://localhost:3000/d/adrgn2k/first?editPanel=1&from=now-6h&orgId=1&tab=queries&timezone=browser&to=now" handler=/api/ds/query status_source=downstream
logger=context userId=1 orgId=1 uname=admin t=2026-08-06T14:10:40.0006669+03:00 level=info msg="Request Completed" method=POST path=/api/ds/query status=400 remote_addr=127.0.0.1 time_ms=2 duration=2.6598ms size=480 referer="http://localhost:3000/d/adrgn2k/first?editPanel=1&from=now-6h&orgId=1&tab=queries&timezone=browser&to=now" handler=/api/ds/query status_source=downstream
logger=context userId=1 orgId=1 uname=admin t=2026-08-06T14:10:40.1357374+03:00 level=info msg="Request Completed" method=POST path=/api/ds/query status=400 remote_addr=127.0.0.1 time_ms=2 duration=2.0942ms size=480 referer="http://localhost:3000/d/adrgn2k/first?editPanel=1&from=now-6h&orgId=1&tab=queries&timezone=browser&to=now" handler=/api/ds/query status_source=downstream
logger=context userId=1 orgId=1 uname=admin t=2026-08-06T14:11:44.2222038+03:00 level=info msg="Request Completed" method=POST path=/api/ds/query status=400 remote_addr=127.0.0.1 time_ms=7 duration=7.341ms size=4883 referer="http://localhost:3000/d/adrgn2k/first?editPanel=1&from=now-6h&orgId=1&tab=queries&timezone=browser&to=now" handler=/api/ds/query status_source=downstream
logger=bleve-backend namespace=default group=dashboard.grafana.app resource=dashboards reason=search t=2026-08-06T14:12:34.950889+03:00 level=info msg="Building index using memory"
logger=bleve-backend namespace=default group=dashboard.grafana.app resource=dashboards reason=search t=2026-08-06T14:12:34.9525166+03:00 level=info msg="Finished building index" elapsed=1.6276ms listRV=1786013845751002
logger=bleve-backend namespace=default group=dashboard.grafana.app resource=dashboards reason=search t=2026-08-06T14:12:34.9530404+03:00 level=info msg="Storing index in cache" key="{Namespace:default Group:dashboard.grafana.app Resource:dashboards}" expiration=2026-08-06T14:22:34.9530404+03:00
logger=bleve-backend namespace=default group=folder.grafana.app resource=folders reason=search t=2026-08-06T14:12:34.956197+03:00 level=info msg="Building index using memory"
logger=bleve-backend namespace=default group=folder.grafana.app resource=folders reason=search t=2026-08-06T14:12:34.9567202+03:00 level=info msg="Finished building index" elapsed=523.2µs listRV=1786009747301012
logger=bleve-backend namespace=default group=folder.grafana.app resource=folders reason=search t=2026-08-06T14:12:34.9567202+03:00 level=info msg="Storing index in cache" key="{Namespace:default Group:folder.grafana.app Resource:folders}" expiration=2026-08-06T14:22:34.9567202+03:00
logger=context userId=1 orgId=1 uname=admin t=2026-08-06T14:12:59.7047878+03:00 level=info msg="Request Completed" method=GET path=/api/live/ws status=-1 remote_addr=127.0.0.1 time_ms=1 duration=1.7234ms size=0 referer= handler=/api/live/ws status_source=server
logger=plugin.grafana-assistant-app t=2026-08-06T14:13:00.0147245+03:00 level=info msg="Setting Grafana user ID header" pluginVersion=2.0.46 userID=1 email=admin@localhost endpoint=callResource pluginId=grafana-assistant-app
logger=plugin.grafana-assistant-app t=2026-08-06T14:13:00.0152616+03:00 level=error msg="Post \"/api/v1/ofrep/v1/evaluate/flags\": unsupported protocol scheme \"\"" pluginId=grafana-assistant-app pluginVersion=2.0.46 endpoint=callResource
logger=plugin.grafana-assistant-app t=2026-08-06T14:13:00.0152616+03:00 level=info msg="Plugin Request Completed" pluginId=grafana-assistant-app pluginVersion=2.0.46 endpoint=callResource status=ok statusSource=plugin duration=505.6µs
logger=context userId=1 orgId=1 uname=admin t=2026-08-06T14:13:00.0152616+03:00 level=error msg="Request Completed" method=POST path=/api/plugins/grafana-assistant-app/resources/api/v1/ofrep/v1/evaluate/flags status=503 remote_addr=127.0.0.1 time_ms=2 duration=2.7563ms size=71 referer="http://localhost:3000/d/adrgn2k/first?editPanel=1&from=2020-12-27T07%3A57%3A21.083Z&orgId=1&tab=queries&timezone=browser&to=2032-03-15T07%3A57%3A21.083Z" handler=/api/plugins/:pluginId/resources/* status_source=downstream
logger=plugin.grafana-assistant-app t=2026-08-06T14:13:01.6353792+03:00 level=info msg="Setting Grafana user ID header" endpoint=callResource pluginId=grafana-assistant-app pluginVersion=2.0.46 userID=1 email=admin@localhost
logger=plugin.grafana-assistant-app t=2026-08-06T14:13:01.6358853+03:00 level=error msg="Get \"/api/v1/quickstarts?enabled_only=true\": unsupported protocol scheme \"\"" endpoint=callResource pluginId=grafana-assistant-app pluginVersion=2.0.46
logger=plugin.grafana-assistant-app t=2026-08-06T14:13:01.6358853+03:00 level=info msg="Plugin Request Completed" endpoint=callResource pluginVersion=2.0.46 status=ok duration=506.1µs pluginId=grafana-assistant-app statusSource=plugin
logger=context userId=1 orgId=1 uname=admin t=2026-08-06T14:13:01.6358853+03:00 level=error msg="Request Completed" method=GET path=/api/plugins/grafana-assistant-app/resources/api/v1/quickstarts status=503 remote_addr=127.0.0.1 time_ms=2 duration=2.65ms size=76 referer="http://localhost:3000/d/adrgn2k/first?editPanel=1&from=2020-12-27T07%3A57%3A21.083Z&orgId=1&tab=queries&timezone=browser&to=2032-03-15T07%3A57%3A21.083Z" handler=/api/plugins/:pluginId/resources/* status_source=downstream
logger=plugin.grafana-assistant-app t=2026-08-06T14:13:02.6464166+03:00 level=info msg="Setting Grafana user ID header" userID=1 email=admin@localhost endpoint=callResource pluginId=grafana-assistant-app pluginVersion=2.0.46
logger=plugin.grafana-assistant-app t=2026-08-06T14:13:02.6464166+03:00 level=error msg="Get \"/api/v1/quickstarts?enabled_only=true\": unsupported protocol scheme \"\"" pluginVersion=2.0.46 endpoint=callResource pluginId=grafana-assistant-app
logger=plugin.grafana-assistant-app t=2026-08-06T14:13:02.6464166+03:00 level=info msg="Plugin Request Completed" duration=547.1µs pluginVersion=2.0.46 status=ok endpoint=callResource pluginId=grafana-assistant-app statusSource=plugin
logger=context userId=1 orgId=1 uname=admin t=2026-08-06T14:13:02.6464166+03:00 level=error msg="Request Completed" method=GET path=/api/plugins/grafana-assistant-app/resources/api/v1/quickstarts status=503 remote_addr=127.0.0.1 time_ms=2 duration=2.1686ms size=76 referer="http://localhost:3000/d/adrgn2k/first?editPanel=1&from=2020-12-27T07%3A57%3A21.083Z&orgId=1&tab=queries&timezone=browser&to=2032-03-15T07%3A57%3A21.083Z" handler=/api/plugins/:pluginId/resources/* status_source=downstream
logger=plugin.grafana-assistant-app t=2026-08-06T14:13:04.6562303+03:00 level=info msg="Setting Grafana user ID header" endpoint=callResource pluginId=grafana-assistant-app pluginVersion=2.0.46 userID=1 email=admin@localhost
logger=plugin.grafana-assistant-app t=2026-08-06T14:13:04.6562303+03:00 level=error msg="Get \"/api/v1/quickstarts?enabled_only=true\": unsupported protocol scheme \"\"" pluginVersion=2.0.46 endpoint=callResource pluginId=grafana-assistant-app
logger=plugin.grafana-assistant-app t=2026-08-06T14:13:04.6562303+03:00 level=info msg="Plugin Request Completed" duration=558.4µs endpoint=callResource pluginVersion=2.0.46 pluginId=grafana-assistant-app status=ok statusSource=plugin
logger=context userId=1 orgId=1 uname=admin t=2026-08-06T14:13:04.6562303+03:00 level=error msg="Request Completed" method=GET path=/api/plugins/grafana-assistant-app/resources/api/v1/quickstarts status=503 remote_addr=127.0.0.1 time_ms=2 duration=2.2673ms size=76 referer="http://localhost:3000/d/adrgn2k/first?editPanel=1&from=2020-12-27T07%3A57%3A21.083Z&orgId=1&tab=queries&timezone=browser&to=2032-03-15T07%3A57%3A21.083Z" handler=/api/plugins/:pluginId/resources/* status_source=downstream
logger=plugin.grafana-assistant-app t=2026-08-06T14:13:08.6760012+03:00 level=info msg="Setting Grafana user ID header" pluginVersion=2.0.46 userID=1 email=admin@localhost endpoint=callResource pluginId=grafana-assistant-app
logger=plugin.grafana-assistant-app t=2026-08-06T14:13:08.6760012+03:00 level=error msg="Get \"/api/v1/quickstarts?enabled_only=true\": unsupported protocol scheme \"\"" endpoint=callResource pluginId=grafana-assistant-app pluginVersion=2.0.46
logger=plugin.grafana-assistant-app t=2026-08-06T14:13:08.6765114+03:00 level=info msg="Plugin Request Completed" pluginVersion=2.0.46 statusSource=plugin duration=0s pluginId=grafana-assistant-app status=ok endpoint=callResource
logger=context userId=1 orgId=1 uname=admin t=2026-08-06T14:13:08.6765218+03:00 level=error msg="Request Completed" method=GET path=/api/plugins/grafana-assistant-app/resources/api/v1/quickstarts status=503 remote_addr=127.0.0.1 time_ms=2 duration=2.3732ms size=76 referer="http://localhost:3000/d/adrgn2k/first?editPanel=1&from=2020-12-27T07%3A57%3A21.083Z&orgId=1&tab=queries&timezone=browser&to=2032-03-15T07%3A57%3A21.083Z" handler=/api/plugins/:pluginId/resources/* status_source=downstream
logger=context userId=1 orgId=1 uname=admin t=2026-08-06T14:13:20.958082+03:00 level=info msg="Request Completed" method=GET path=/.well-known/appspecific/com.chrome.devtools.json status=404 remote_addr=127.0.0.1 time_ms=6 duration=6.7724ms size=88053 referer= handler=notfound status_source=server
logger=cleanup t=2026-08-06T14:19:09.5138489+03:00 level=info msg="Completed cleanup jobs" duration=30.4449ms
logger=plugins.update.checker t=2026-08-06T14:19:11.2358341+03:00 level=info msg="Update check succeeded" duration=1.4964421s
logger=plugins.update.checker t=2026-08-06T14:19:11.2358341+03:00 level=info msg="flag evaluation succeeded" flag="{Value:false EvaluationDetails:{FlagKey:pluginsAutoUpdate FlagType:bool ResolutionDetail:{Variant:default Reason:STATIC ErrorCode: ErrorMessage: FlagMetadata:map[]}}}" details="{Value:false EvaluationDetails:{FlagKey:pluginsAutoUpdate FlagType:bool ResolutionDetail:{Variant:default Reason:STATIC ErrorCode: ErrorMessage: FlagMetadata:map[]}}}"
logger=bleve-backend namespace=default group=provisioning.grafana.app resource=repositories reason=getStats t=2026-08-06T14:20:09.50612+03:00 level=info msg="Building index using memory"
logger=bleve-backend namespace=default group=provisioning.grafana.app resource=repositories reason=getStats t=2026-08-06T14:20:09.5067833+03:00 level=info msg="Finished building index" elapsed=663.3µs listRV=1
logger=bleve-backend namespace=default group=provisioning.grafana.app resource=repositories reason=getStats t=2026-08-06T14:20:09.5067833+03:00 level=info msg="Storing index in cache" key="{Namespace:default Group:provisioning.grafana.app Resource:repositories}" expiration=2026-08-06T14:30:09.5067833+03:00
logger=bleve-backend namespace=default group=playlist.grafana.app resource=playlists reason=getStats t=2026-08-06T14:20:09.5078681+03:00 level=info msg="Building index using memory"
logger=bleve-backend namespace=default group=playlist.grafana.app resource=playlists reason=getStats t=2026-08-06T14:20:09.5078681+03:00 level=info msg="Finished building index" elapsed=0s listRV=1
logger=bleve-backend namespace=default group=playlist.grafana.app resource=playlists reason=getStats t=2026-08-06T14:20:09.5078681+03:00 level=info msg="Storing index in cache" key="{Namespace:default Group:playlist.grafana.app Resource:playlists}" expiration=2026-08-06T14:30:09.5078681+03:00
logger=infra.usagestats t=2026-08-06T14:20:09.5095208+03:00 level=info msg="Usage stats are ready to report"
logger=bleve-backend t=2026-08-06T14:23:06.8297884+03:00 level=info msg="index evicted from cache" reason=expired key="{Namespace:default Group:dashboard.grafana.app Resource:dashboards}" storage=memory
logger=bleve-backend t=2026-08-06T14:23:06.8297884+03:00 level=info msg="index evicted from cache" reason=expired key="{Namespace:default Group:folder.grafana.app Resource:folders}" storage=memory
logger=cleanup t=2026-08-06T14:29:09.5237984+03:00 level=info msg="Completed cleanup jobs" duration=40.667ms
logger=plugins.update.checker t=2026-08-06T14:29:10.5695184+03:00 level=info msg="Update check succeeded" duration=830.2568ms
logger=plugins.update.checker t=2026-08-06T14:29:10.5695184+03:00 level=info msg="flag evaluation succeeded" flag="{Value:false EvaluationDetails:{FlagKey:pluginsAutoUpdate FlagType:bool ResolutionDetail:{Variant:default Reason:STATIC ErrorCode: ErrorMessage: FlagMetadata:map[]}}}" details="{Value:false EvaluationDetails:{FlagKey:pluginsAutoUpdate FlagType:bool ResolutionDetail:{Variant:default Reason:STATIC ErrorCode: ErrorMessage: FlagMetadata:map[]}}}"
logger=bleve-backend t=2026-08-06T14:31:06.8296679+03:00 level=info msg="index evicted from cache" reason=expired key="{Namespace:default Group:provisioning.grafana.app Resource:repositories}" storage=memory
logger=bleve-backend t=2026-08-06T14:31:06.8296679+03:00 level=info msg="index evicted from cache" reason=expired key="{Namespace:default Group:playlist.grafana.app Resource:playlists}" storage=memory
logger=bleve-backend namespace=default group=folder.grafana.app resource=folders reason=search t=2026-08-06T14:36:25.904629+03:00 level=info msg="Building index using memory"
logger=bleve-backend namespace=default group=folder.grafana.app resource=folders reason=search t=2026-08-06T14:36:25.9051445+03:00 level=info msg="Finished building index" elapsed=515.5µs listRV=1786009747301012
logger=bleve-backend namespace=default group=folder.grafana.app resource=folders reason=search t=2026-08-06T14:36:25.9051445+03:00 level=info msg="Storing index in cache" key="{Namespace:default Group:folder.grafana.app Resource:folders}" expiration=2026-08-06T14:46:25.9051445+03:00
logger=bleve-backend namespace=default group=dashboard.grafana.app resource=dashboards reason=search t=2026-08-06T14:36:25.9125778+03:00 level=info msg="Building index using memory"
logger=bleve-backend namespace=default group=dashboard.grafana.app resource=dashboards reason=search t=2026-08-06T14:36:25.9153188+03:00 level=info msg="Finished building index" elapsed=2.741ms listRV=1786016185827989
logger=bleve-backend namespace=default group=dashboard.grafana.app resource=dashboards reason=search t=2026-08-06T14:36:25.9153188+03:00 level=info msg="Storing index in cache" key="{Namespace:default Group:dashboard.grafana.app Resource:dashboards}" expiration=2026-08-06T14:46:25.9153188+03:00
t=2026-08-06T14:36:28.4483881+03:00 level=info caller=logger.go:214 time=2026-08-06T14:36:28.4483881+03:00 msg="custom route handler succeeded" method=GET path=/usage group=quotas.grafana.app version=v0alpha1 kind=
t=2026-08-06T14:36:28.4513884+03:00 level=info caller=logger.go:214 time=2026-08-06T14:36:28.4513884+03:00 msg="custom route handler succeeded" method=GET path=/usage group=quotas.grafana.app version=v0alpha1 kind=
logger=context userId=1 orgId=1 uname=admin t=2026-08-06T14:36:30.5642572+03:00 level=info msg="Request Completed" method=GET path=/api/live/ws status=-1 remote_addr=127.0.0.1 time_ms=2 duration=2.1341ms size=0 referer= handler=/api/live/ws status_source=server
logger=cleanup t=2026-08-06T14:39:09.5251351+03:00 level=info msg="Completed cleanup jobs" duration=41.611ms
logger=plugins.update.checker t=2026-08-06T14:39:10.6818024+03:00 level=info msg="Update check succeeded" duration=942.5761ms
logger=plugins.update.checker t=2026-08-06T14:39:10.6818024+03:00 level=info msg="flag evaluation succeeded" flag="{Value:false EvaluationDetails:{FlagKey:pluginsAutoUpdate FlagType:bool ResolutionDetail:{Variant:default Reason:STATIC ErrorCode: ErrorMessage: FlagMetadata:map[]}}}" details="{Value:false EvaluationDetails:{FlagKey:pluginsAutoUpdate FlagType:bool ResolutionDetail:{Variant:default Reason:STATIC ErrorCode: ErrorMessage: FlagMetadata:map[]}}}"
