Order ID,Product,Quantity Ordered,Price Each,Order Date,Purchase Address,Month
141798,20in Monitor,1,109.99,2019-01-18 07:48:00,"482 Washington St, Boston, MA 02215",January
142521,20in Monitor,1,109.99,2019-01-25 11:58:00,"153 Center St, Los Angeles, CA 90001",January
144789,20in Monitor,1,109.99,2019-01-06 20:12:00,"617 Cedar St, Portland, OR 97035",January
148071,20in Monitor,1,109.99,2019-01-09 18:19:00,"585 Walnut St, Los Angeles, CA 90001",January
149126,20in Monitor,1,109.99,2019-01-09 21:50:00,"124 9th St, Dallas, TX 75001",January
150125,20in Monitor,1,109.99,2019-01-10 13:50:00,"153 Hickory St, Austin, TX 73301",January
143108,20in Monitor,1,109.99,2019-01-04 11:37:00,"64 Maple St, Portland, OR 97035",January
149920,20in Monitor,1,109.99,2019-01-11 15:56:00,"278 Lakeview St, New York City, NY 10001",January
145284,20in Monitor,1,109.99,2019-01-05 07:37:00,"567 Cedar St, San Francisco, CA 94016",January
147345,20in Monitor,1,109.99,2019-01-04 14:42:00,"542 Washington St, Los Angeles, CA 90001",January
142541,20in Monitor,1,109.99,2019-01-29 06:25:00,"681 Willow St, Los Angeles, CA 90001",January
143369,20in Monitor,1,109.99,2019-01-20 20:18:00,"226 Chestnut St, New York City, NY 10001",January
144279,20in Monitor,1,109.99,2019-01-07 19:13:00,"423 2nd St, Portland, OR 97035",January
148275,20in Monitor,1,109.99,2019-01-02 12:12:00,"38 Cedar St, New York City, NY 10001",January
144001,20in Monitor,1,109.99,2019-01-11 11:35:00,"646 Johnson St, Los Angeles, CA 90001",January
149257,20in Monitor,1,109.99,2019-01-30 22:52:00,"887 Dogwood St, New York City, NY 10001",January
141814,20in Monitor,1,109.99,2019-01-08 15:32:00,"583 North St, Los Angeles, CA 90001",January
145847,20in Monitor,1,109.99,2019-01-18 19:28:00,"565 Church St, San Francisco, CA 94016",January
142412,20in Monitor,1,109.99,2019-01-25 09:40:00,"503 Meadow St, Portland, OR 97035",January
147296,20in Monitor,1,109.99,2019-01-03 09:06:00,"906 Lakeview St, Austin, TX 73301",January
141869,20in Monitor,1,109.99,2019-01-25 11:13:00,"528 Maple St, Los Angeles, CA 90001",January
142199,20in Monitor,1,109.99,2019-01-05 10:33:00,"568 Willow St, Dallas, TX 75001",January
143631,20in Monitor,1,109.99,2019-01-22 14:57:00,"416 Dogwood St, Los Angeles, CA 90001",January
146665,20in Monitor,1,109.99,2019-01-22 13:24:00,"143 Cherry St, Austin, TX 73301",January
141641,20in Monitor,1,109.99,2019-01-30 11:12:00,"368 Forest St, San Francisco, CA 94016",January
150069,20in Monitor,1,109.99,2019-01-18 19:42:00,"385 Cherry St, Portland, OR 97035",January
150226,20in Monitor,1,109.99,2019-01-02 13:20:00,"322 Elm St, Austin, TX 73301",January
142187,20in Monitor,1,109.99,2019-01-30 20:39:00,"903 Maple St, Portland, OR 97035",January
144681,20in Monitor,1,109.99,2019-01-13 12:14:00,"865 Dogwood St, Boston, MA 02215",January
143824,20in Monitor,1,109.99,2019-01-20 18:39:00,"20 Hill St, Los Angeles, CA 90001",January
144004,20in Monitor,1,109.99,2019-01-19 21:37:00,"736 Cedar St, Portland, OR 97035",January
145504,20in Monitor,1,109.99,2019-01-02 20:31:00,"731 Elm St, Atlanta, GA 30301",January
143558,20in Monitor,1,109.99,2019-01-30 20:00:00,"787 Walnut St, Dallas, TX 75001",January
142437,20in Monitor,1,109.99,2019-01-21 20:39:00,"699 9th St, Portland, OR 97035",January
142940,20in Monitor,2,109.99,2019-01-12 08:40:00,"315 Park St, Atlanta, GA 30301",January
145468,20in Monitor,1,109.99,2019-01-23 18:30:00,"810 Ridge St, San Francisco, CA 94016",January
150006,20in Monitor,1,109.99,2019-01-24 17:15:00,"606 Church St, Seattle, WA 98101",January
142938,20in Monitor,1,109.99,2019-01-31 11:44:00,"697 North St, Boston, MA 02215",January
145106,20in Monitor,1,109.99,2019-01-13 17:04:00,"300 Jefferson St, Atlanta, GA 30301",January
142524,20in Monitor,1,109.99,2019-01-12 20:05:00,"949 Main St, Boston, MA 02215",January
148574,20in Monitor,1,109.99,2019-01-10 23:18:00,"413 Dogwood St, Los Angeles, CA 90001",January
143036,20in Monitor,1,109.99,2019-01-29 09:20:00,"752 Adams St, San Francisco, CA 94016",January
149061,20in Monitor,1,109.99,2019-01-21 08:23:00,"917 Wilson St, San Francisco, CA 94016",January
150224,20in Monitor,1,109.99,2019-01-28 10:05:00,"449 South St, San Francisco, CA 94016",January
158073,20in Monitor,1,109.99,2019-02-28 21:31:00,"815 Center St, Boston, MA 02215",February
150930,20in Monitor,1,109.99,2019-02-11 22:42:00,"916 2nd St, Los Angeles, CA 90001",February
154097,20in Monitor,1,109.99,2019-02-17 15:29:00,"277 Chestnut St, Dallas, TX 75001",February
152433,20in Monitor,1,109.99,2019-02-16 12:13:00,"71 Maple St, Los Angeles, CA 90001",February
154073,20in Monitor,1,109.99,2019-02-09 09:53:00,"521 Chestnut St, Atlanta, GA 30301",February
161674,20in Monitor,1,109.99,2019-02-06 10:20:00,"820 West St, Boston, MA 02215",February
157360,20in Monitor,1,109.99,2019-02-14 12:34:00,"273 10th St, Austin, TX 73301",February
153369,20in Monitor,1,109.99,2019-02-12 09:21:00,"724 Jackson St, San Francisco, CA 94016",February
160735,20in Monitor,1,109.99,2019-02-17 17:19:00,"447 6th St, San Francisco, CA 94016",February
152290,20in Monitor,1,109.99,2019-02-18 11:57:00,"824 Hickory St, San Francisco, CA 94016",February
153825,20in Monitor,1,109.99,2019-02-12 14:41:00,"405 Adams St, New York City, NY 10001",February
157999,20in Monitor,1,109.99,2019-02-14 20:59:00,"690 Johnson St, Los Angeles, CA 90001",February
152633,20in Monitor,1,109.99,2019-02-24 18:58:00,"479 11th St, Atlanta, GA 30301",February
152462,20in Monitor,1,109.99,2019-02-25 12:27:00,"562 Jackson St, San Francisco, CA 94016",February
153056,20in Monitor,1,109.99,2019-02-13 16:31:00,"97 Madison St, Atlanta, GA 30301",February
155266,20in Monitor,1,109.99,2019-02-18 12:28:00,"24 South St, Atlanta, GA 30301",February
157210,20in Monitor,1,109.99,2019-02-23 17:04:00,"565 Meadow St, Dallas, TX 75001",February
155441,20in Monitor,1,109.99,2019-02-06 12:46:00,"545 6th St, Seattle, WA 98101",February
151562,20in Monitor,1,109.99,2019-02-28 15:29:00,"576 6th St, Seattle, WA 98101",February
157764,20in Monitor,1,109.99,2019-02-05 01:49:00,"332 Elm St, San Francisco, CA 94016",February
161525,20in Monitor,1,109.99,2019-02-15 17:59:00,"986 9th St, Portland, OR 97035",February
152821,20in Monitor,1,109.99,2019-02-24 18:55:00,"295 Cherry St, Boston, MA 02215",February
151322,20in Monitor,1,109.99,2019-02-24 11:22:00,"232 Sunset St, New York City, NY 10001",February
152531,20in Monitor,1,109.99,2019-02-01 20:37:00,"665 13th St, Los Angeles, CA 90001",February
153527,20in Monitor,1,109.99,2019-02-21 17:24:00,"463 Meadow St, Boston, MA 02215",February
161967,20in Monitor,1,109.99,2019-02-20 12:27:00,"586 Ridge St, Austin, TX 73301",February
161551,20in Monitor,1,109.99,2019-02-11 20:23:00,"912 Jackson St, Los Angeles, CA 90001",February
153785,20in Monitor,1,109.99,2019-02-13 18:37:00,"271 Lake St, Portland, ME 04101",February
156452,20in Monitor,1,109.99,2019-02-19 10:15:00,"533 Chestnut St, Seattle, WA 98101",February
154415,20in Monitor,1,109.99,2019-02-05 07:54:00,"323 North St, San Francisco, CA 94016",February
160445,20in Monitor,1,109.99,2019-02-14 19:23:00,"762 Walnut St, Boston, MA 02215",February
151320,20in Monitor,1,109.99,2019-02-09 15:27:00,"449 Wilson St, Dallas, TX 75001",February
155356,20in Monitor,1,109.99,2019-02-07 16:59:00,"66 Forest St, San Francisco, CA 94016",February
155680,20in Monitor,1,109.99,2019-02-18 23:22:00,"582 Meadow St, New York City, NY 10001",February
156446,20in Monitor,1,109.99,2019-02-17 18:25:00,"874 Jefferson St, Dallas, TX 75001",February
159750,20in Monitor,1,109.99,2019-02-03 17:11:00,"154 11th St, Portland, OR 97035",February
156386,20in Monitor,1,109.99,2019-02-07 07:24:00,"200 Madison St, New York City, NY 10001",February
157731,20in Monitor,1,109.99,2019-02-16 09:55:00,"116 6th St, Austin, TX 73301",February
160533,20in Monitor,1,109.99,2019-02-27 21:12:00,"839 Lakeview St, San Francisco, CA 94016",February
159613,20in Monitor,1,109.99,2019-02-28 06:28:00,"403 Main St, New York City, NY 10001",February
160097,20in Monitor,1,109.99,2019-02-09 11:05:00,"964 Lakeview St, Los Angeles, CA 90001",February
161888,20in Monitor,1,109.99,2019-02-09 12:43:00,"545 North St, Atlanta, GA 30301",February
159292,20in Monitor,1,109.99,2019-02-04 00:38:00,"112 Walnut St, Boston, MA 02215",February
159729,20in Monitor,1,109.99,2019-02-14 12:28:00,"162 Pine St, San Francisco, CA 94016",February
152298,20in Monitor,1,109.99,2019-02-06 12:30:00,"79 2nd St, Portland, ME 04101",February
151594,20in Monitor,1,109.99,2019-02-02 22:07:00,"612 Meadow St, Portland, OR 97035",February
156347,20in Monitor,1,109.99,2019-02-25 16:15:00,"405 Pine St, Los Angeles, CA 90001",February
170110,20in Monitor,1,109.99,2019-03-27 13:18:00,"739 Center St, San Francisco, CA 94016",March
173846,20in Monitor,1,109.99,2019-03-31 10:52:00,"190 Willow St, Dallas, TX 75001",March
172494,20in Monitor,1,109.99,2019-03-01 21:08:00,"184 1st St, New York City, NY 10001",March
169886,20in Monitor,1,109.99,2019-03-27 14:29:00,"677 12th St, Seattle, WA 98101",March
172225,20in Monitor,1,109.99,2019-03-08 11:01:00,"64 River St, Atlanta, GA 30301",March
169696,20in Monitor,1,109.99,2019-03-05 11:21:00,"128 Cherry St, Dallas, TX 75001",March
175759,20in Monitor,1,109.99,2019-03-11 22:59:00,"800 Jefferson St, New York City, NY 10001",March
165407,20in Monitor,1,109.99,2019-03-08 18:16:00,"62 Center St, San Francisco, CA 94016",March
165805,20in Monitor,1,109.99,2019-03-28 06:15:00,"771 4th St, New York City, NY 10001",March
167386,20in Monitor,1,109.99,2019-03-10 18:35:00,"423 Jackson St, San Francisco, CA 94016",March
171908,20in Monitor,2,109.99,2019-03-06 14:38:00,"864 Lincoln St, Austin, TX 73301",March
174869,20in Monitor,1,109.99,2019-03-04 19:11:00,"240 River St, Austin, TX 73301",March
163288,20in Monitor,1,109.99,2019-03-07 12:47:00,"136 North St, San Francisco, CA 94016",March
174705,20in Monitor,1,109.99,2019-03-29 12:04:00,"235 Jefferson St, Boston, MA 02215",March
168531,20in Monitor,1,109.99,2019-03-03 13:55:00,"913 Park St, New York City, NY 10001",March
168682,20in Monitor,1,109.99,2019-03-20 23:49:00,"147 14th St, New York City, NY 10001",March
169188,20in Monitor,1,109.99,2019-03-14 19:28:00,"170 14th St, Atlanta, GA 30301",March
163912,20in Monitor,1,109.99,2019-03-09 14:44:00,"427 Cedar St, San Francisco, CA 94016",March
165627,20in Monitor,1,109.99,2019-03-11 12:21:00,"685 Madison St, Atlanta, GA 30301",March
169038,20in Monitor,1,109.99,2019-03-28 13:01:00,"841 Adams St, Seattle, WA 98101",March
165286,20in Monitor,1,109.99,2019-03-26 18:00:00,"133 9th St, San Francisco, CA 94016",March
170640,20in Monitor,1,109.99,2019-03-23 16:05:00,"181 Pine St, San Francisco, CA 94016",March
171193,20in Monitor,1,109.99,2019-03-20 20:16:00,"556 Wilson St, Seattle, WA 98101",March
176493,20in Monitor,1,109.99,2019-03-19 10:17:00,"127 Highland St, Los Angeles, CA 90001",March
170000,20in Monitor,1,109.99,2019-03-06 17:12:00,"398 Adams St, Portland, ME 04101",March
175459,20in Monitor,1,109.99,2019-03-10 10:36:00,"496 Park St, New York City, NY 10001",March
171443,20in Monitor,1,109.99,2019-03-19 12:07:00,"136 Spruce St, New York City, NY 10001",March
170648,20in Monitor,1,109.99,2019-03-21 22:37:00,"808 Chestnut St, Boston, MA 02215",March
172107,20in Monitor,1,109.99,2019-03-16 20:45:00,"226 Hill St, Seattle, WA 98101",March
163452,20in Monitor,1,109.99,2019-03-29 22:55:00,"436 Ridge St, Los Angeles, CA 90001",March
164697,20in Monitor,1,109.99,2019-03-24 08:51:00,"544 Elm St, Dallas, TX 75001",March
173012,20in Monitor,1,109.99,2019-03-04 13:32:00,"189 Center St, Seattle, WA 98101",March
175813,20in Monitor,1,109.99,2019-03-22 14:24:00,"433 West St, San Francisco, CA 94016",March
162327,20in Monitor,1,109.99,2019-03-09 01:51:00,"100 North St, New York City, NY 10001",March
170188,20in Monitor,1,109.99,2019-03-14 10:40:00,"466 Ridge St, Portland, OR 97035",March
166294,20in Monitor,1,109.99,2019-03-02 12:32:00,"545 1st St, Austin, TX 73301",March
166594,20in Monitor,1,109.99,2019-03-20 17:03:00,"564 Lakeview St, New York City, NY 10001",March
172116,20in Monitor,1,109.99,2019-03-15 16:15:00,"720 4th St, New York City, NY 10001",March
164505,20in Monitor,1,109.99,2019-03-19 12:53:00,"257 Maple St, Dallas, TX 75001",March
170469,20in Monitor,1,109.99,2019-03-06 13:33:00,"555 Madison St, New York City, NY 10001",March
175631,20in Monitor,1,109.99,2019-03-16 02:43:00,"144 Madison St, San Francisco, CA 94016",March
162138,20in Monitor,1,109.99,2019-03-19 10:10:00,"628 Forest St, Seattle, WA 98101",March
164870,20in Monitor,1,109.99,2019-03-01 19:03:00,"102 Lake St, Los Angeles, CA 90001",March
176010,20in Monitor,1,109.99,2019-03-07 20:10:00,"557 Meadow St, Austin, TX 73301",March
175786,20in Monitor,1,109.99,2019-03-01 18:52:00,"886 South St, San Francisco, CA 94016",March
165467,20in Monitor,1,109.99,2019-03-23 13:01:00,"222 South St, New York City, NY 10001",March
174630,20in Monitor,1,109.99,2019-03-21 18:06:00,"296 Hill St, San Francisco, CA 94016",March
163424,20in Monitor,1,109.99,2019-03-26 20:19:00,"87 12th St, Portland, OR 97035",March
163945,20in Monitor,1,109.99,2019-03-15 17:46:00,"11 1st St, Los Angeles, CA 90001",March
173959,20in Monitor,1,109.99,2019-03-19 08:22:00,"642 Elm St, New York City, NY 10001",March
174226,20in Monitor,1,109.99,2019-03-26 20:53:00,"666 11th St, Los Angeles, CA 90001",March
165842,20in Monitor,1,109.99,2019-03-19 10:38:00,"722 Cherry St, San Francisco, CA 94016",March
171292,20in Monitor,1,109.99,2019-03-18 15:50:00,"257 14th St, San Francisco, CA 94016",March
171404,20in Monitor,1,109.99,2019-03-18 00:09:00,"146 Lake St, Atlanta, GA 30301",March
174581,20in Monitor,1,109.99,2019-03-14 09:50:00,"46 Wilson St, New York City, NY 10001",March
162811,20in Monitor,1,109.99,2019-03-30 15:30:00,"147 Adams St, Boston, MA 02215",March
187430,20in Monitor,1,109.99,2019-04-26 14:18:00,"16 Highland St, Boston, MA 02215",April
187633,20in Monitor,1,109.99,2019-04-19 17:51:00,"112 Hill St, Seattle, WA 98101",April
189149,20in Monitor,1,109.99,2019-04-29 10:46:00,"501 8th St, Atlanta, GA 30301",April
189789,20in Monitor,1,109.99,2019-04-15 22:56:00,"243 River St, New York City, NY 10001",April
189180,20in Monitor,1,109.99,2019-04-23 21:14:00,"272 Hickory St, Los Angeles, CA 90001",April
177816,20in Monitor,1,109.99,2019-04-29 13:22:00,"319 9th St, New York City, NY 10001",April
177703,20in Monitor,1,109.99,2019-04-10 15:45:00,"15 Pine St, New York City, NY 10001",April
180917,20in Monitor,1,109.99,2019-04-05 09:52:00,"111 14th St, Boston, MA 02215",April
185235,20in Monitor,1,109.99,2019-04-27 14:23:00,"612 Cedar St, Austin, TX 73301",April
189493,20in Monitor,1,109.99,2019-04-27 10:55:00,"237 7th St, Seattle, WA 98101",April
188597,20in Monitor,1,109.99,2019-04-05 14:57:00,"196 5th St, Atlanta, GA 30301",April
192086,20in Monitor,1,109.99,2019-04-07 12:01:00,"949 West St, Dallas, TX 75001",April
177300,20in Monitor,1,109.99,2019-04-03 21:33:00,"276 Lincoln St, Los Angeles, CA 90001",April
187491,20in Monitor,1,109.99,2019-04-16 21:54:00,"719 10th St, Los Angeles, CA 90001",April
192220,20in Monitor,1,109.99,2019-04-13 08:52:00,"118 Lincoln St, Dallas, TX 75001",April
179052,20in Monitor,1,109.99,2019-04-08 17:06:00,"638 9th St, San Francisco, CA 94016",April
180969,20in Monitor,1,109.99,2019-04-02 06:53:00,"399 Center St, San Francisco, CA 94016",April
177760,20in Monitor,1,109.99,2019-04-24 00:27:00,"115 Park St, Portland, OR 97035",April
189014,20in Monitor,1,109.99,2019-04-22 15:33:00,"303 Madison St, San Francisco, CA 94016",April
190193,20in Monitor,1,109.99,2019-04-04 13:23:00,"592 6th St, San Francisco, CA 94016",April
193916,20in Monitor,1,109.99,2019-04-18 12:59:00,"653 Cherry St, Dallas, TX 75001",April
179349,20in Monitor,1,109.99,2019-04-07 13:51:00,"415 Lakeview St, New York City, NY 10001",April
191707,20in Monitor,1,109.99,2019-04-01 17:07:00,"810 12th St, Los Angeles, CA 90001",April
192928,20in Monitor,1,109.99,2019-04-15 19:49:00,"375 Madison St, Dallas, TX 75001",April
180807,20in Monitor,1,109.99,2019-04-21 12:22:00,"918 14th St, Boston, MA 02215",April
187835,20in Monitor,1,109.99,2019-04-23 08:29:00,"287 Hickory St, Dallas, TX 75001",April
190543,20in Monitor,2,109.99,2019-04-22 16:27:00,"893 Hickory St, Los Angeles, CA 90001",April
177623,20in Monitor,1,109.99,2019-04-20 19:39:00,"169 Center St, Austin, TX 73301",April
178222,20in Monitor,1,109.99,2019-04-14 12:04:00,"453 Park St, New York City, NY 10001",April
178942,20in Monitor,1,109.99,2019-04-25 08:35:00,"859 South St, Seattle, WA 98101",April
193130,20in Monitor,1,109.99,2019-04-25 10:38:00,"886 Sunset St, Dallas, TX 75001",April
183223,20in Monitor,1,109.99,2019-04-14 11:50:00,"729 12th St, San Francisco, CA 94016",April
179478,20in Monitor,1,109.99,2019-04-15 08:11:00,"388 Wilson St, Los Angeles, CA 90001",April
182957,20in Monitor,1,109.99,2019-04-18 07:32:00,"332 13th St, Portland, OR 97035",April
191061,20in Monitor,1,109.99,2019-04-25 21:05:00,"395 West St, Los Angeles, CA 90001",April
191767,20in Monitor,1,109.99,2019-04-19 17:52:00,"187 12th St, Portland, ME 04101",April
181705,20in Monitor,1,109.99,2019-04-06 11:48:00,"12 Forest St, Los Angeles, CA 90001",April
190397,20in Monitor,1,109.99,2019-04-15 13:14:00,"116 5th St, Los Angeles, CA 90001",April
177113,20in Monitor,1,109.99,2019-04-02 12:40:00,"554 Cedar St, Austin, TX 73301",April
190853,20in Monitor,1,109.99,2019-04-23 12:38:00,"12 Lake St, San Francisco, CA 94016",April
177881,20in Monitor,1,109.99,2019-04-01 10:52:00,"748 4th St, San Francisco, CA 94016",April
178978,20in Monitor,1,109.99,2019-04-11 10:41:00,"113 Spruce St, New York City, NY 10001",April
189831,20in Monitor,1,109.99,2019-04-15 20:22:00,"270 Wilson St, Seattle, WA 98101",April
177841,20in Monitor,1,109.99,2019-04-22 08:05:00,"815 West St, Austin, TX 73301",April
183263,20in Monitor,1,109.99,2019-04-23 05:00:00,"63 Center St, Los Angeles, CA 90001",April
191461,20in Monitor,1,109.99,2019-04-23 21:33:00,"890 1st St, Portland, OR 97035",April
191105,20in Monitor,1,109.99,2019-04-18 09:52:00,"385 Highland St, Atlanta, GA 30301",April
182065,20in Monitor,1,109.99,2019-04-21 14:16:00,"179 Hickory St, New York City, NY 10001",April
185451,20in Monitor,1,109.99,2019-04-05 11:02:00,"686 Jefferson St, New York City, NY 10001",April
186896,20in Monitor,1,109.99,2019-04-19 10:36:00,"9 Lake St, Atlanta, GA 30301",April
178586,20in Monitor,1,109.99,2019-04-23 23:59:00,"479 9th St, Los Angeles, CA 90001",April
188800,20in Monitor,1,109.99,2019-04-13 11:07:00,"990 Willow St, San Francisco, CA 94016",April
192842,20in Monitor,1,109.99,2019-04-03 11:35:00,"240 12th St, New York City, NY 10001",April
183195,20in Monitor,1,109.99,2019-04-05 20:05:00,"312 Johnson St, San Francisco, CA 94016",April
183452,20in Monitor,1,109.99,2019-04-03 12:09:00,"12 Ridge St, Austin, TX 73301",April
206837,20in Monitor,1,109.99,2019-05-06 17:07:00,"650 Washington St, Los Angeles, CA 90001",May
208796,20in Monitor,1,109.99,2019-05-05 16:03:00,"891 Willow St, Los Angeles, CA 90001",May
202978,20in Monitor,1,109.99,2019-05-23 12:58:00,"347 Pine St, San Francisco, CA 94016",May
206457,20in Monitor,1,109.99,2019-05-04 23:39:00,"659 Spruce St, San Francisco, CA 94016",May
209124,20in Monitor,1,109.99,2019-05-12 15:13:00,"581 Washington St, Dallas, TX 75001",May
194585,20in Monitor,1,109.99,2019-05-12 20:29:00,"186 Jackson St, San Francisco, CA 94016",May
204998,20in Monitor,1,109.99,2019-05-08 21:50:00,"887 Lake St, Los Angeles, CA 90001",May
205023,20in Monitor,1,109.99,2019-05-03 23:27:00,"180 Washington St, Dallas, TX 75001",May
200144,20in Monitor,1,109.99,2019-05-06 16:05:00,"469 Walnut St, Portland, ME 04101",May
200160,20in Monitor,1,109.99,2019-05-23 16:53:00,"102 Center St, Los Angeles, CA 90001",May
201611,20in Monitor,1,109.99,2019-05-10 12:40:00,"982 Center St, Boston, MA 02215",May
195864,20in Monitor,1,109.99,2019-05-17 16:35:00,"365 Willow St, Seattle, WA 98101",May
196146,20in Monitor,1,109.99,2019-05-05 17:26:00,"7 Main St, San Francisco, CA 94016",May
198563,20in Monitor,1,109.99,2019-05-03 12:29:00,"952 Spruce St, Los Angeles, CA 90001",May
199588,20in Monitor,1,109.99,2019-05-14 12:57:00,"193 Willow St, San Francisco, CA 94016",May
202929,20in Monitor,1,109.99,2019-05-14 14:40:00,"341 7th St, Boston, MA 02215",May
197745,20in Monitor,1,109.99,2019-05-22 23:31:00,"3 River St, Los Angeles, CA 90001",May
198825,20in Monitor,1,109.99,2019-05-19 06:29:00,"581 Adams St, Dallas, TX 75001",May
207721,20in Monitor,1,109.99,2019-05-12 13:20:00,"785 2nd St, New York City, NY 10001",May
196355,20in Monitor,1,109.99,2019-05-29 20:31:00,"719 Adams St, Atlanta, GA 30301",May
208605,20in Monitor,1,109.99,2019-05-03 15:55:00,"413 Lake St, Austin, TX 73301",May
197005,20in Monitor,1,109.99,2019-05-02 11:56:00,"682 Sunset St, Portland, OR 97035",May
202132,20in Monitor,1,109.99,2019-05-19 07:45:00,"712 North St, Atlanta, GA 30301",May
197897,20in Monitor,1,109.99,2019-05-10 17:52:00,"137 12th St, Los Angeles, CA 90001",May
200886,20in Monitor,1,109.99,2019-05-02 19:27:00,"680 Willow St, San Francisco, CA 94016",May
199175,20in Monitor,1,109.99,2019-05-28 22:25:00,"900 Pine St, Los Angeles, CA 90001",May
202280,20in Monitor,1,109.99,2019-05-28 10:59:00,"812 South St, New York City, NY 10001",May
198793,20in Monitor,1,109.99,2019-05-07 08:58:00,"672 West St, San Francisco, CA 94016",May
199253,20in Monitor,1,109.99,2019-05-22 18:10:00,"69 Main St, Boston, MA 02215",May
196777,20in Monitor,1,109.99,2019-05-09 17:59:00,"665 7th St, Boston, MA 02215",May
197264,20in Monitor,1,109.99,2019-05-30 21:59:00,"84 Main St, New York City, NY 10001",May
200917,20in Monitor,1,109.99,2019-06-01 00:36:00,"761 Highland St, Austin, TX 73301",June
206839,20in Monitor,1,109.99,2019-05-13 21:41:00,"976 Highland St, Los Angeles, CA 90001",May
194870,20in Monitor,1,109.99,2019-05-20 19:14:00,"820 12th St, Los Angeles, CA 90001",May
195128,20in Monitor,1,109.99,2019-05-05 13:17:00,"904 Sunset St, Seattle, WA 98101",May
195397,20in Monitor,1,109.99,2019-05-24 08:42:00,"724 4th St, San Francisco, CA 94016",May
201466,20in Monitor,1,109.99,2019-05-30 17:33:00,"496 Lake St, Boston, MA 02215",May
201104,20in Monitor,1,109.99,2019-05-27 19:00:00,"192 Spruce St, San Francisco, CA 94016",May
196274,20in Monitor,1,109.99,2019-05-01 09:37:00,"784 South St, San Francisco, CA 94016",May
198226,20in Monitor,1,109.99,2019-05-05 14:09:00,"436 10th St, Seattle, WA 98101",May
204216,20in Monitor,1,109.99,2019-05-17 11:56:00,"692 Elm St, Seattle, WA 98101",May
198770,20in Monitor,1,109.99,2019-05-21 00:17:00,"902 12th St, Boston, MA 02215",May
205758,20in Monitor,1,109.99,2019-05-12 20:39:00,"400 Wilson St, Austin, TX 73301",May
206574,20in Monitor,1,109.99,2019-05-28 16:53:00,"800 2nd St, San Francisco, CA 94016",May
194443,20in Monitor,1,109.99,2019-05-05 16:10:00,"109 Ridge St, Dallas, TX 75001",May
200658,20in Monitor,1,109.99,2019-05-31 21:22:00,"979 Lincoln St, Austin, TX 73301",May
197892,20in Monitor,1,109.99,2019-05-28 07:23:00,"283 Chestnut St, Austin, TX 73301",May
199507,20in Monitor,1,109.99,2019-05-09 14:06:00,"592 Lake St, Los Angeles, CA 90001",May
200324,20in Monitor,1,109.99,2019-05-03 11:18:00,"498 Lakeview St, Boston, MA 02215",May
196568,20in Monitor,1,109.99,2019-05-05 20:27:00,"84 10th St, Austin, TX 73301",May
196726,20in Monitor,1,109.99,2019-05-25 20:28:00,"566 Sunset St, San Francisco, CA 94016",May
201701,20in Monitor,1,109.99,2019-05-24 21:18:00,"475 Madison St, Los Angeles, CA 90001",May
205946,20in Monitor,1,109.99,2019-05-11 18:58:00,"992 4th St, Dallas, TX 75001",May
199882,20in Monitor,1,109.99,2019-05-25 09:07:00,"190 Park St, San Francisco, CA 94016",May
199946,20in Monitor,1,109.99,2019-05-16 10:03:00,"132 Meadow St, San Francisco, CA 94016",May
201509,20in Monitor,1,109.99,2019-05-04 11:44:00,"113 14th St, Atlanta, GA 30301",May
205831,20in Monitor,1,109.99,2019-05-16 10:16:00,"422 Center St, Boston, MA 02215",May
194932,20in Monitor,1,109.99,2019-05-22 18:13:00,"889 Washington St, Boston, MA 02215",May
199776,20in Monitor,1,109.99,2019-05-12 19:18:00,"401 Willow St, Boston, MA 02215",May
194242,20in Monitor,1,109.99,2019-05-24 20:18:00,"252 Johnson St, San Francisco, CA 94016",May
199463,20in Monitor,1,109.99,2019-05-29 11:03:00,"882 1st St, Dallas, TX 75001",May
201613,20in Monitor,1,109.99,2019-05-21 19:04:00,"215 Dogwood St, New York City, NY 10001",May
203728,20in Monitor,1,109.99,2019-05-09 11:42:00,"914 12th St, San Francisco, CA 94016",May
207291,20in Monitor,1,109.99,2019-05-29 22:19:00,"233 Hill St, Atlanta, GA 30301",May
194762,20in Monitor,1,109.99,2019-05-20 17:20:00,"202 8th St, New York City, NY 10001",May
199145,20in Monitor,1,109.99,2019-05-29 18:11:00,"775 10th St, Boston, MA 02215",May
200782,20in Monitor,1,109.99,2019-05-02 11:09:00,"45 South St, San Francisco, CA 94016",May
196009,20in Monitor,1,109.99,2019-05-25 12:07:00,"337 Jackson St, Los Angeles, CA 90001",May
201001,20in Monitor,1,109.99,2019-05-10 18:38:00,"270 West St, New York City, NY 10001",May
201771,20in Monitor,1,109.99,2019-05-01 21:17:00,"491 2nd St, San Francisco, CA 94016",May
204411,20in Monitor,1,109.99,2019-05-15 18:11:00,"708 Jefferson St, Boston, MA 02215",May
208077,20in Monitor,1,109.99,2019-05-11 23:39:00,"459 7th St, San Francisco, CA 94016",May
197966,20in Monitor,1,109.99,2019-05-13 14:22:00,"354 West St, Seattle, WA 98101",May
207676,20in Monitor,1,109.99,2019-05-06 16:18:00,"538 Hill St, Dallas, TX 75001",May
208771,20in Monitor,1,109.99,2019-05-31 18:18:00,"11 Meadow St, Dallas, TX 75001",May
200696,20in Monitor,1,109.99,2019-05-18 18:44:00,"461 Lincoln St, Atlanta, GA 30301",May
201325,20in Monitor,1,109.99,2019-05-29 20:36:00,"645 Park St, San Francisco, CA 94016",May
207711,20in Monitor,1,109.99,2019-05-09 18:07:00,"306 6th St, San Francisco, CA 94016",May
213632,20in Monitor,1,109.99,2019-06-23 17:12:00,"948 5th St, Boston, MA 02215",June
214512,20in Monitor,1,109.99,2019-06-12 07:40:00,"471 Park St, New York City, NY 10001",June
217493,20in Monitor,1,109.99,2019-06-23 12:30:00,"71 Lake St, San Francisco, CA 94016",June
219328,20in Monitor,1,109.99,2019-06-15 11:23:00,"785 4th St, Los Angeles, CA 90001",June
217780,20in Monitor,1,109.99,2019-06-06 21:49:00,"252 Spruce St, San Francisco, CA 94016",June
221686,20in Monitor,1,109.99,2019-06-13 11:58:00,"53 Chestnut St, Seattle, WA 98101",June
221879,20in Monitor,1,109.99,2019-06-05 16:18:00,"512 Lake St, New York City, NY 10001",June
214209,20in Monitor,1,109.99,2019-06-10 10:43:00,"561 Madison St, Seattle, WA 98101",June
218790,20in Monitor,1,109.99,2019-06-13 15:29:00,"322 Hickory St, San Francisco, CA 94016",June
221115,20in Monitor,1,109.99,2019-06-02 16:11:00,"557 Hill St, Seattle, WA 98101",June
209952,20in Monitor,1,109.99,2019-06-26 17:48:00,"314 Willow St, Dallas, TX 75001",June
221146,20in Monitor,1,109.99,2019-06-17 04:42:00,"581 North St, Boston, MA 02215",June
221509,20in Monitor,1,109.99,2019-06-25 17:17:00,"345 Johnson St, Dallas, TX 75001",June
219885,20in Monitor,1,109.99,2019-06-28 14:33:00,"381 Hickory St, Dallas, TX 75001",June
220019,20in Monitor,1,109.99,2019-06-10 15:25:00,"330 West St, Los Angeles, CA 90001",June
212984,20in Monitor,1,109.99,2019-06-21 16:17:00,"801 Meadow St, San Francisco, CA 94016",June
220438,20in Monitor,1,109.99,2019-06-07 08:17:00,"982 Chestnut St, San Francisco, CA 94016",June
211786,20in Monitor,1,109.99,2019-06-01 22:34:00,"712 4th St, Austin, TX 73301",June
217875,20in Monitor,1,109.99,2019-06-27 14:48:00,"664 Pine St, Seattle, WA 98101",June
221752,20in Monitor,1,109.99,2019-06-12 17:33:00,"343 Hill St, Boston, MA 02215",June
211028,20in Monitor,1,109.99,2019-06-25 23:19:00,"975 Lakeview St, Dallas, TX 75001",June
213371,20in Monitor,1,109.99,2019-06-25 14:57:00,"486 Cherry St, Los Angeles, CA 90001",June
220403,20in Monitor,1,109.99,2019-06-28 10:05:00,"407 Spruce St, Boston, MA 02215",June
212994,20in Monitor,1,109.99,2019-06-25 23:27:00,"589 Walnut St, San Francisco, CA 94016",June
214643,20in Monitor,1,109.99,2019-06-23 10:29:00,"918 Elm St, Los Angeles, CA 90001",June
222553,20in Monitor,1,109.99,2019-06-17 15:37:00,"473 Maple St, Los Angeles, CA 90001",June
215414,20in Monitor,1,109.99,2019-06-28 16:23:00,"15 Cherry St, San Francisco, CA 94016",June
216125,20in Monitor,1,109.99,2019-06-29 14:12:00,"87 Dogwood St, New York City, NY 10001",June
219115,20in Monitor,1,109.99,2019-06-30 15:25:00,"47 Main St, Portland, OR 97035",June
210714,20in Monitor,1,109.99,2019-06-28 12:59:00,"35 5th St, Dallas, TX 75001",June
215768,20in Monitor,1,109.99,2019-06-25 11:51:00,"623 12th St, San Francisco, CA 94016",June
221836,20in Monitor,1,109.99,2019-06-24 14:59:00,"780 Center St, Austin, TX 73301",June
221862,20in Monitor,1,109.99,2019-06-07 12:42:00,"855 7th St, Seattle, WA 98101",June
212373,20in Monitor,1,109.99,2019-06-07 10:15:00,"969 Walnut St, Boston, MA 02215",June
217256,20in Monitor,1,109.99,2019-06-26 16:06:00,"584 River St, Austin, TX 73301",June
217645,20in Monitor,1,109.99,2019-06-03 18:52:00,"89 South St, San Francisco, CA 94016",June
221525,20in Monitor,1,109.99,2019-06-12 23:01:00,"343 11th St, Austin, TX 73301",June
221208,20in Monitor,1,109.99,2019-06-05 10:23:00,"122 South St, Los Angeles, CA 90001",June
216364,20in Monitor,1,109.99,2019-06-17 16:27:00,"263 Lake St, Los Angeles, CA 90001",June
217886,20in Monitor,1,109.99,2019-06-15 14:26:00,"344 4th St, San Francisco, CA 94016",June
211642,20in Monitor,1,109.99,2019-06-10 11:13:00,"519 Sunset St, San Francisco, CA 94016",June
217384,20in Monitor,1,109.99,2019-06-06 09:42:00,"502 Maple St, Los Angeles, CA 90001",June
221800,20in Monitor,1,109.99,2019-06-09 11:43:00,"169 Highland St, Atlanta, GA 30301",June
221619,20in Monitor,1,109.99,2019-06-05 13:45:00,"206 14th St, Dallas, TX 75001",June
216331,20in Monitor,1,109.99,2019-06-18 18:16:00,"688 Main St, Atlanta, GA 30301",June
218048,20in Monitor,1,109.99,2019-06-17 11:25:00,"554 Hickory St, Dallas, TX 75001",June
222898,20in Monitor,1,109.99,2019-06-29 15:08:00,"798 Park St, San Francisco, CA 94016",June
210730,20in Monitor,1,109.99,2019-06-16 12:52:00,"185 Jackson St, Los Angeles, CA 90001",June
214234,20in Monitor,1,109.99,2019-06-09 12:41:00,"731 Cedar St, San Francisco, CA 94016",June
215783,20in Monitor,1,109.99,2019-06-17 19:21:00,"521 4th St, San Francisco, CA 94016",June
210675,20in Monitor,1,109.99,2019-06-02 18:49:00,"862 South St, Boston, MA 02215",June
230927,20in Monitor,1,109.99,2019-07-18 13:30:00,"629 Lakeview St, Portland, OR 97035",July
231521,20in Monitor,1,109.99,2019-07-31 19:31:00,"195 Cedar St, Atlanta, GA 30301",July
223477,20in Monitor,1,109.99,2019-07-09 17:10:00,"672 Walnut St, San Francisco, CA 94016",July
233364,20in Monitor,1,109.99,2019-07-12 19:16:00,"249 Sunset St, San Francisco, CA 94016",July
226349,20in Monitor,1,109.99,2019-07-19 18:30:00,"61 Main St, New York City, NY 10001",July
226032,20in Monitor,1,109.99,2019-07-20 09:54:00,"816 Jefferson St, Seattle, WA 98101",July
229472,20in Monitor,1,109.99,2019-07-02 14:23:00,"860 Lakeview St, Boston, MA 02215",July
230983,20in Monitor,1,109.99,2019-07-18 12:48:00,"571 Park St, San Francisco, CA 94016",July
227456,20in Monitor,1,109.99,2019-07-03 18:19:00,"775 8th St, Dallas, TX 75001",July
227237,20in Monitor,1,109.99,2019-07-05 15:38:00,"320 1st St, San Francisco, CA 94016",July
233458,20in Monitor,1,109.99,2019-07-30 01:51:00,"717 13th St, Atlanta, GA 30301",July
225215,20in Monitor,1,109.99,2019-07-06 19:59:00,"481 Forest St, San Francisco, CA 94016",July
224392,20in Monitor,1,109.99,2019-07-15 10:26:00,"841 Willow St, San Francisco, CA 94016",July
224655,20in Monitor,1,109.99,2019-07-26 17:50:00,"858 13th St, Portland, ME 04101",July
227329,20in Monitor,1,109.99,2019-07-02 18:22:00,"523 Highland St, San Francisco, CA 94016",July
227622,20in Monitor,1,109.99,2019-07-06 12:06:00,"400 10th St, New York City, NY 10001",July
229216,20in Monitor,1,109.99,2019-07-20 20:43:00,"776 Pine St, Boston, MA 02215",July
232251,20in Monitor,1,109.99,2019-07-17 00:12:00,"327 Madison St, Dallas, TX 75001",July
235419,20in Monitor,1,109.99,2019-07-12 06:53:00,"525 Lake St, San Francisco, CA 94016",July
222946,20in Monitor,1,109.99,2019-07-14 22:19:00,"49 Park St, New York City, NY 10001",July
229043,20in Monitor,1,109.99,2019-07-18 16:14:00,"73 Willow St, New York City, NY 10001",July
232670,20in Monitor,1,109.99,2019-07-25 22:36:00,"156 Wilson St, Austin, TX 73301",July
231396,20in Monitor,1,109.99,2019-07-06 17:38:00,"656 Washington St, San Francisco, CA 94016",July
231674,20in Monitor,1,109.99,2019-07-28 20:23:00,"889 Forest St, Boston, MA 02215",July
235696,20in Monitor,1,109.99,2019-07-23 12:49:00,"839 North St, Portland, OR 97035",July
226750,20in Monitor,1,109.99,2019-07-12 17:22:00,"279 Washington St, San Francisco, CA 94016",July
231342,20in Monitor,1,109.99,2019-07-01 14:18:00,"367 7th St, San Francisco, CA 94016",July
232584,20in Monitor,1,109.99,2019-07-29 12:57:00,"363 Meadow St, Boston, MA 02215",July
232495,20in Monitor,1,109.99,2019-07-03 22:52:00,"169 Spruce St, New York City, NY 10001",July
230558,20in Monitor,1,109.99,2019-07-18 22:41:00,"579 Lake St, Seattle, WA 98101",July
224673,20in Monitor,1,109.99,2019-07-20 09:28:00,"781 Jackson St, San Francisco, CA 94016",July
227182,20in Monitor,1,109.99,2019-07-07 17:42:00,"904 Lake St, New York City, NY 10001",July
230507,20in Monitor,1,109.99,2019-07-09 22:37:00,"805 Adams St, New York City, NY 10001",July
232426,20in Monitor,1,109.99,2019-07-24 16:43:00,"234 Park St, Atlanta, GA 30301",July
233032,20in Monitor,1,109.99,2019-07-18 15:53:00,"374 Highland St, Atlanta, GA 30301",July
225655,20in Monitor,1,109.99,2019-07-13 17:18:00,"160 Washington St, Boston, MA 02215",July
230097,20in Monitor,1,109.99,2019-07-10 15:51:00,"160 Meadow St, Dallas, TX 75001",July
232245,20in Monitor,1,109.99,2019-07-14 11:24:00,"304 7th St, Boston, MA 02215",July
225464,20in Monitor,1,109.99,2019-07-18 13:09:00,"862 Adams St, Seattle, WA 98101",July
228188,20in Monitor,1,109.99,2019-07-05 15:59:00,"184 8th St, Los Angeles, CA 90001",July
235487,20in Monitor,1,109.99,2019-07-18 14:47:00,"68 7th St, Los Angeles, CA 90001",July
235953,20in Monitor,1,109.99,2019-07-15 21:17:00,"914 River St, San Francisco, CA 94016",July
226345,20in Monitor,1,109.99,2019-07-11 19:08:00,"318 Maple St, Boston, MA 02215",July
234236,20in Monitor,1,109.99,2019-07-25 18:11:00,"981 Highland St, Seattle, WA 98101",July
223185,20in Monitor,1,109.99,2019-07-06 16:44:00,"551 Main St, Portland, OR 97035",July
224705,20in Monitor,1,109.99,2019-07-18 00:07:00,"709 Johnson St, Boston, MA 02215",July
231125,20in Monitor,1,109.99,2019-07-28 08:21:00,"117 14th St, Dallas, TX 75001",July
226998,20in Monitor,1,109.99,2019-07-31 12:36:00,"224 Maple St, Los Angeles, CA 90001",July
223766,20in Monitor,1,109.99,2019-07-05 12:55:00,"687 Park St, Boston, MA 02215",July
228296,20in Monitor,1,109.99,2019-07-06 09:48:00,"896 Adams St, Los Angeles, CA 90001",July
234678,20in Monitor,1,109.99,2019-07-21 12:20:00,"767 2nd St, Boston, MA 02215",July
224017,20in Monitor,1,109.99,2019-07-30 18:31:00,"215 Center St, Austin, TX 73301",July
225769,20in Monitor,1,109.99,2019-07-22 06:56:00,"499 Hickory St, Seattle, WA 98101",July
226755,20in Monitor,1,109.99,2019-07-26 22:20:00,"81 Church St, New York City, NY 10001",July
227127,20in Monitor,1,109.99,2019-07-09 11:27:00,"367 6th St, San Francisco, CA 94016",July
228893,20in Monitor,2,109.99,2019-07-11 16:01:00,"836 Wilson St, Seattle, WA 98101",July
225952,20in Monitor,1,109.99,2019-07-12 18:59:00,"958 South St, Atlanta, GA 30301",July
227837,20in Monitor,1,109.99,2019-07-24 18:01:00,"360 6th St, Atlanta, GA 30301",July
223334,20in Monitor,1,109.99,2019-07-01 23:39:00,"92 River St, San Francisco, CA 94016",July
225835,20in Monitor,1,109.99,2019-07-05 17:53:00,"205 North St, Portland, OR 97035",July
236204,20in Monitor,1,109.99,2019-07-11 19:48:00,"185 4th St, San Francisco, CA 94016",July
243997,20in Monitor,1,109.99,2019-08-07 17:29:00,"506 7th St, Dallas, TX 75001",August
241241,20in Monitor,1,109.99,2019-08-01 13:05:00,"426 Wilson St, Boston, MA 02215",August
240784,20in Monitor,1,109.99,2019-08-30 19:38:00,"511 Adams St, New York City, NY 10001",August
240192,20in Monitor,1,109.99,2019-08-16 09:55:00,"411 Wilson St, Atlanta, GA 30301",August
241325,20in Monitor,1,109.99,2019-08-01 13:30:00,"590 10th St, Atlanta, GA 30301",August
243771,20in Monitor,1,109.99,2019-08-18 17:27:00,"18 7th St, Portland, ME 04101",August
246349,20in Monitor,1,109.99,2019-08-18 20:28:00,"975 Cherry St, San Francisco, CA 94016",August
242774,20in Monitor,1,109.99,2019-08-28 17:08:00,"661 Jackson St, Dallas, TX 75001",August
243185,20in Monitor,1,109.99,2019-08-29 14:40:00,"224 8th St, New York City, NY 10001",August
247737,20in Monitor,1,109.99,2019-08-30 11:25:00,"855 2nd St, Boston, MA 02215",August
244689,20in Monitor,1,109.99,2019-08-20 16:11:00,"264 Meadow St, Atlanta, GA 30301",August
240427,20in Monitor,1,109.99,2019-08-16 20:47:00,"78 4th St, New York City, NY 10001",August
244663,20in Monitor,1,109.99,2019-08-01 21:38:00,"633 Adams St, Atlanta, GA 30301",August
239500,20in Monitor,1,109.99,2019-08-20 18:52:00,"101 Cedar St, Seattle, WA 98101",August
236947,20in Monitor,1,109.99,2019-08-19 23:52:00,"845 Lincoln St, Los Angeles, CA 90001",August
244617,20in Monitor,1,109.99,2019-08-07 21:18:00,"686 13th St, Boston, MA 02215",August
245646,20in Monitor,1,109.99,2019-08-13 11:21:00,"576 Chestnut St, Los Angeles, CA 90001",August
243919,20in Monitor,1,109.99,2019-08-02 15:52:00,"19 Jackson St, Dallas, TX 75001",August
247432,20in Monitor,1,109.99,2019-08-23 11:40:00,"790 Meadow St, Atlanta, GA 30301",August
241811,20in Monitor,1,109.99,2019-08-26 00:11:00,"773 7th St, Los Angeles, CA 90001",August
244693,20in Monitor,1,109.99,2019-08-02 18:52:00,"413 8th St, Dallas, TX 75001",August
236826,20in Monitor,1,109.99,2019-08-06 12:19:00,"636 9th St, Seattle, WA 98101",August
239480,20in Monitor,1,109.99,2019-08-20 18:37:00,"345 Jackson St, Atlanta, GA 30301",August
242064,20in Monitor,1,109.99,2019-08-07 14:24:00,"834 Hill St, New York City, NY 10001",August
242189,20in Monitor,1,109.99,2019-08-16 22:32:00,"720 9th St, Boston, MA 02215",August
237712,20in Monitor,1,109.99,2019-08-28 22:07:00,"98 Walnut St, Atlanta, GA 30301",August
238495,20in Monitor,1,109.99,2019-08-05 13:40:00,"988 14th St, San Francisco, CA 94016",August
246348,20in Monitor,1,109.99,2019-08-20 13:29:00,"382 Center St, San Francisco, CA 94016",August
241772,20in Monitor,1,109.99,2019-08-07 17:31:00,"630 Elm St, Boston, MA 02215",August
242452,20in Monitor,1,109.99,2019-08-08 18:51:00,"98 Dogwood St, San Francisco, CA 94016",August
242938,20in Monitor,1,109.99,2019-08-18 22:44:00,"571 Center St, Los Angeles, CA 90001",August
241791,20in Monitor,1,109.99,2019-08-13 23:04:00,"381 6th St, New York City, NY 10001",August
238674,20in Monitor,1,109.99,2019-08-08 12:49:00,"383 Hill St, Dallas, TX 75001",August
243966,20in Monitor,1,109.99,2019-08-02 17:32:00,"710 2nd St, Boston, MA 02215",August
236989,20in Monitor,1,109.99,2019-08-06 19:31:00,"412 Meadow St, Portland, OR 97035",August
239923,20in Monitor,1,109.99,2019-08-26 14:38:00,"165 Maple St, San Francisco, CA 94016",August
246189,20in Monitor,1,109.99,2019-08-07 08:07:00,"840 West St, San Francisco, CA 94016",August
246917,20in Monitor,1,109.99,2019-08-30 12:09:00,"228 10th St, Los Angeles, CA 90001",August
240147,20in Monitor,1,109.99,2019-08-24 15:43:00,"289 Spruce St, Dallas, TX 75001",August
237141,20in Monitor,1,109.99,2019-08-16 21:11:00,"536 Hickory St, Austin, TX 73301",August
237996,20in Monitor,1,109.99,2019-08-08 01:49:00,"752 14th St, Los Angeles, CA 90001",August
239916,20in Monitor,1,109.99,2019-08-13 15:57:00,"110 Washington St, Atlanta, GA 30301",August
242991,20in Monitor,1,109.99,2019-08-19 14:41:00,"926 Adams St, Austin, TX 73301",August
243233,20in Monitor,1,109.99,2019-08-24 19:14:00,"655 Maple St, New York City, NY 10001",August
248601,20in Monitor,1,109.99,2019-09-07 11:57:00,"337 12th St, Boston, MA 02215",September
254238,20in Monitor,1,109.99,2019-09-06 00:31:00,"477 Madison St, San Francisco, CA 94016",September
248303,20in Monitor,1,109.99,2019-09-17 19:50:00,"3 Hickory St, Dallas, TX 75001",September
250550,20in Monitor,1,109.99,2019-09-08 18:45:00,"335 Adams St, San Francisco, CA 94016",September
257119,20in Monitor,1,109.99,2019-09-25 13:13:00,"384 Main St, Dallas, TX 75001",September
249967,20in Monitor,1,109.99,2019-09-13 12:14:00,"227 Pine St, Atlanta, GA 30301",September
250979,20in Monitor,1,109.99,2019-09-18 12:38:00,"782 Pine St, Los Angeles, CA 90001",September
254850,20in Monitor,1,109.99,2019-09-30 12:55:00,"46 Lake St, New York City, NY 10001",September
252319,20in Monitor,1,109.99,2019-09-14 07:57:00,"736 Chestnut St, Austin, TX 73301",September
258144,20in Monitor,1,109.99,2019-09-29 19:53:00,"995 10th St, Seattle, WA 98101",September
258115,20in Monitor,1,109.99,2019-09-20 23:12:00,"525 7th St, New York City, NY 10001",September
258246,20in Monitor,1,109.99,2019-09-04 11:14:00,"492 Dogwood St, San Francisco, CA 94016",September
253338,20in Monitor,1,109.99,2019-09-14 16:56:00,"600 Johnson St, Seattle, WA 98101",September
258232,20in Monitor,1,109.99,2019-09-08 23:35:00,"192 North St, New York City, NY 10001",September
259245,20in Monitor,1,109.99,2019-09-18 17:37:00,"660 Meadow St, San Francisco, CA 94016",September
249167,20in Monitor,1,109.99,2019-09-30 21:48:00,"312 7th St, New York City, NY 10001",September
257410,20in Monitor,1,109.99,2019-09-17 12:09:00,"828 8th St, New York City, NY 10001",September
258782,20in Monitor,1,109.99,2019-09-29 13:15:00,"301 Washington St, Portland, OR 97035",September
250537,20in Monitor,1,109.99,2019-09-30 20:47:00,"727 Johnson St, Boston, MA 02215",September
254361,20in Monitor,1,109.99,2019-09-21 18:16:00,"668 Main St, San Francisco, CA 94016",September
258396,20in Monitor,1,109.99,2019-09-07 14:44:00,"454 Lake St, San Francisco, CA 94016",September
259207,20in Monitor,1,109.99,2019-09-04 22:43:00,"430 Sunset St, Austin, TX 73301",September
256829,20in Monitor,1,109.99,2019-09-04 19:10:00,"47 Main St, San Francisco, CA 94016",September
257842,20in Monitor,1,109.99,2019-09-27 06:40:00,"254 Adams St, Los Angeles, CA 90001",September
257147,20in Monitor,1,109.99,2019-09-27 19:46:00,"864 13th St, San Francisco, CA 94016",September
251841,20in Monitor,1,109.99,2019-09-01 12:51:00,"584 Forest St, Los Angeles, CA 90001",September
258164,20in Monitor,1,109.99,2019-09-06 07:13:00,"101 Cherry St, New York City, NY 10001",September
254384,20in Monitor,1,109.99,2019-09-25 10:56:00,"316 Cherry St, Los Angeles, CA 90001",September
256131,20in Monitor,1,109.99,2019-09-23 12:09:00,"676 11th St, New York City, NY 10001",September
257709,20in Monitor,1,109.99,2019-09-13 00:32:00,"131 13th St, Dallas, TX 75001",September
253890,20in Monitor,1,109.99,2019-09-15 08:45:00,"461 8th St, San Francisco, CA 94016",September
254959,20in Monitor,1,109.99,2019-09-30 01:30:00,"387 Adams St, Seattle, WA 98101",September
255921,20in Monitor,1,109.99,2019-09-19 23:47:00,"847 5th St, Atlanta, GA 30301",September
256880,20in Monitor,1,109.99,2019-09-15 15:44:00,"964 Walnut St, Seattle, WA 98101",September
250159,20in Monitor,1,109.99,2019-09-11 09:28:00,"923 5th St, New York City, NY 10001",September
252814,20in Monitor,1,109.99,2019-09-08 22:55:00,"444 Jackson St, Dallas, TX 75001",September
254658,20in Monitor,1,109.99,2019-09-15 20:01:00,"792 10th St, Los Angeles, CA 90001",September
248223,20in Monitor,1,109.99,2019-09-07 20:39:00,"350 11th St, Seattle, WA 98101",September
259054,20in Monitor,1,109.99,2019-09-12 23:28:00,"687 Walnut St, Seattle, WA 98101",September
275484,20in Monitor,1,109.99,2019-10-27 12:10:00,"311 River St, Los Angeles, CA 90001",October
269023,20in Monitor,1,109.99,2019-10-08 19:31:00,"508 Center St, Los Angeles, CA 90001",October
259845,20in Monitor,1,109.99,2019-10-04 17:08:00,"492 4th St, Portland, OR 97035",October
262411,20in Monitor,1,109.99,2019-10-17 04:17:00,"8 Walnut St, San Francisco, CA 94016",October
260283,20in Monitor,1,109.99,2019-10-02 06:26:00,"29 Pine St, San Francisco, CA 94016",October
272124,20in Monitor,1,109.99,2019-10-27 20:10:00,"795 Sunset St, Los Angeles, CA 90001",October
271647,20in Monitor,1,109.99,2019-10-29 17:40:00,"905 11th St, Boston, MA 02215",October
273442,20in Monitor,1,109.99,2019-10-20 19:15:00,"276 14th St, New York City, NY 10001",October
259977,20in Monitor,1,109.99,2019-10-16 17:53:00,"777 Spruce St, Los Angeles, CA 90001",October
274641,20in Monitor,1,109.99,2019-10-22 11:54:00,"958 Johnson St, New York City, NY 10001",October
275789,20in Monitor,1,109.99,2019-10-04 08:40:00,"747 Center St, Dallas, TX 75001",October
276891,20in Monitor,1,109.99,2019-10-20 19:58:00,"471 6th St, Los Angeles, CA 90001",October
266382,20in Monitor,1,109.99,2019-10-09 07:27:00,"359 Elm St, Seattle, WA 98101",October
266478,20in Monitor,1,109.99,2019-10-09 18:23:00,"106 Sunset St, Atlanta, GA 30301",October
274476,20in Monitor,1,109.99,2019-10-03 12:39:00,"321 Johnson St, Los Angeles, CA 90001",October
274520,20in Monitor,1,109.99,2019-10-07 12:58:00,"668 2nd St, San Francisco, CA 94016",October
276692,20in Monitor,1,109.99,2019-10-23 10:52:00,"939 River St, Atlanta, GA 30301",October
266511,20in Monitor,1,109.99,2019-10-05 21:10:00,"581 Main St, Boston, MA 02215",October
277184,20in Monitor,1,109.99,2019-10-06 16:13:00,"641 Ridge St, Seattle, WA 98101",October
265793,20in Monitor,1,109.99,2019-10-02 12:58:00,"483 River St, New York City, NY 10001",October
267834,20in Monitor,1,109.99,2019-10-07 21:09:00,"863 Highland St, Atlanta, GA 30301",October
271293,20in Monitor,1,109.99,2019-10-03 16:43:00,"861 Pine St, Austin, TX 73301",October
274344,20in Monitor,1,109.99,2019-10-25 12:54:00,"172 Cherry St, Los Angeles, CA 90001",October
270084,20in Monitor,1,109.99,2019-10-08 17:17:00,"667 Madison St, Atlanta, GA 30301",October
270485,20in Monitor,1,109.99,2019-10-31 06:21:00,"905 Cedar St, San Francisco, CA 94016",October
274769,20in Monitor,1,109.99,2019-10-21 14:25:00,"143 Center St, Austin, TX 73301",October
259551,20in Monitor,1,109.99,2019-10-29 19:50:00,"836 North St, Boston, MA 02215",October
260555,20in Monitor,1,109.99,2019-10-28 07:36:00,"601 Jefferson St, San Francisco, CA 94016",October
268083,20in Monitor,1,109.99,2019-10-20 21:15:00,"665 10th St, San Francisco, CA 94016",October
269873,20in Monitor,1,109.99,2019-10-15 09:08:00,"480 10th St, New York City, NY 10001",October
261868,20in Monitor,1,109.99,2019-10-05 15:36:00,"34 9th St, San Francisco, CA 94016",October
266247,20in Monitor,1,109.99,2019-10-15 16:24:00,"938 Madison St, New York City, NY 10001",October
274003,20in Monitor,1,109.99,2019-10-26 19:47:00,"337 2nd St, Dallas, TX 75001",October
276038,20in Monitor,1,109.99,2019-10-20 14:52:00,"290 South St, San Francisco, CA 94016",October
278712,20in Monitor,1,109.99,2019-10-30 16:20:00,"432 12th St, San Francisco, CA 94016",October
265879,20in Monitor,1,109.99,2019-10-13 11:48:00,"950 Center St, New York City, NY 10001",October
270706,20in Monitor,1,109.99,2019-10-01 10:57:00,"273 11th St, San Francisco, CA 94016",October
278399,20in Monitor,1,109.99,2019-10-24 15:57:00,"70 South St, Dallas, TX 75001",October
267222,20in Monitor,1,109.99,2019-10-07 09:23:00,"694 Chestnut St, San Francisco, CA 94016",October
263672,20in Monitor,1,109.99,2019-10-20 20:23:00,"290 5th St, New York City, NY 10001",October
260303,20in Monitor,1,109.99,2019-10-18 17:57:00,"737 Jackson St, San Francisco, CA 94016",October
266956,20in Monitor,1,109.99,2019-10-23 15:29:00,"703 11th St, San Francisco, CA 94016",October
270099,20in Monitor,1,109.99,2019-10-04 08:02:00,"632 10th St, New York City, NY 10001",October
265396,20in Monitor,1,109.99,2019-10-12 14:34:00,"544 8th St, Dallas, TX 75001",October
276263,20in Monitor,1,109.99,2019-10-16 08:24:00,"2 Adams St, Portland, ME 04101",October
263789,20in Monitor,1,109.99,2019-10-04 17:37:00,"280 4th St, New York City, NY 10001",October
261273,20in Monitor,1,109.99,2019-10-28 10:14:00,"27 Dogwood St, Portland, OR 97035",October
264987,20in Monitor,1,109.99,2019-10-10 13:09:00,"508 Elm St, New York City, NY 10001",October
276826,20in Monitor,1,109.99,2019-10-07 14:32:00,"945 Cherry St, San Francisco, CA 94016",October
278772,20in Monitor,1,109.99,2019-10-20 08:59:00,"181 North St, New York City, NY 10001",October
260325,20in Monitor,1,109.99,2019-10-03 11:08:00,"416 Adams St, Boston, MA 02215",October
263595,20in Monitor,1,109.99,2019-10-23 20:38:00,"665 South St, Portland, ME 04101",October
267847,20in Monitor,1,109.99,2019-10-30 04:52:00,"718 Hill St, Seattle, WA 98101",October
278604,20in Monitor,1,109.99,2019-10-05 03:43:00,"418 Adams St, Seattle, WA 98101",October
272347,20in Monitor,1,109.99,2019-10-01 07:47:00,"621 South St, San Francisco, CA 94016",October
273944,20in Monitor,1,109.99,2019-10-21 22:19:00,"698 2nd St, Portland, OR 97035",October
276906,20in Monitor,1,109.99,2019-10-07 09:50:00,"207 Main St, Portland, ME 04101",October
277951,20in Monitor,1,109.99,2019-10-31 11:12:00,"214 Lake St, San Francisco, CA 94016",October
261013,20in Monitor,1,109.99,2019-10-06 07:09:00,"266 11th St, Dallas, TX 75001",October
268858,20in Monitor,1,109.99,2019-10-16 19:09:00,"759 South St, Atlanta, GA 30301",October
264302,20in Monitor,1,109.99,2019-10-10 15:52:00,"958 Lincoln St, New York City, NY 10001",October
270984,20in Monitor,1,109.99,2019-10-08 16:59:00,"737 Lakeview St, New York City, NY 10001",October
261661,20in Monitor,1,109.99,2019-10-03 20:37:00,"361 Adams St, Dallas, TX 75001",October
266601,20in Monitor,1,109.99,2019-10-19 15:22:00,"471 Church St, Los Angeles, CA 90001",October
260788,20in Monitor,1,109.99,2019-10-13 11:35:00,"160 13th St, Seattle, WA 98101",October
265066,20in Monitor,1,109.99,2019-10-25 05:50:00,"193 Lakeview St, Los Angeles, CA 90001",October
262961,20in Monitor,1,109.99,2019-10-05 17:20:00,"473 Lake St, San Francisco, CA 94016",October
272538,20in Monitor,1,109.99,2019-10-19 23:21:00,"384 River St, Dallas, TX 75001",October
286453,20in Monitor,1,109.99,2019-11-14 18:57:00,"494 Lake St, Austin, TX 73301",November
289759,20in Monitor,1,109.99,2019-11-06 11:12:00,"214 2nd St, San Francisco, CA 94016",November
287643,20in Monitor,1,109.99,2019-11-27 09:36:00,"581 North St, Atlanta, GA 30301",November
289308,20in Monitor,1,109.99,2019-11-01 16:44:00,"996 9th St, Atlanta, GA 30301",November
283972,20in Monitor,1,109.99,2019-11-30 17:23:00,"766 Lake St, Atlanta, GA 30301",November
283101,20in Monitor,1,109.99,2019-11-25 09:06:00,"156 Maple St, Atlanta, GA 30301",November
283587,20in Monitor,1,109.99,2019-11-16 17:35:00,"505 Sunset St, San Francisco, CA 94016",November
291997,20in Monitor,1,109.99,2019-11-09 13:03:00,"843 Forest St, Seattle, WA 98101",November
293986,20in Monitor,1,109.99,2019-11-17 08:31:00,"84 Lincoln St, Los Angeles, CA 90001",November
286565,20in Monitor,1,109.99,2019-11-02 12:38:00,"733 4th St, Austin, TX 73301",November
290819,20in Monitor,1,109.99,2019-11-04 11:52:00,"156 14th St, New York City, NY 10001",November
293272,20in Monitor,1,109.99,2019-11-23 08:53:00,"990 Lakeview St, San Francisco, CA 94016",November
291111,20in Monitor,1,109.99,2019-11-17 23:52:00,"809 13th St, San Francisco, CA 94016",November
294138,20in Monitor,1,109.99,2019-11-18 18:13:00,"382 Lakeview St, Atlanta, GA 30301",November
280079,20in Monitor,1,109.99,2019-11-21 20:49:00,"829 Johnson St, Los Angeles, CA 90001",November
282930,20in Monitor,1,109.99,2019-11-26 19:28:00,"758 Lake St, New York City, NY 10001",November
289626,20in Monitor,1,109.99,2019-11-16 12:50:00,"436 Center St, Seattle, WA 98101",November
284582,20in Monitor,1,109.99,2019-11-19 09:29:00,"808 West St, Seattle, WA 98101",November
291126,20in Monitor,1,109.99,2019-11-18 10:44:00,"242 9th St, New York City, NY 10001",November
281149,20in Monitor,1,109.99,2019-11-04 20:42:00,"558 Hickory St, New York City, NY 10001",November
283031,20in Monitor,1,109.99,2019-11-13 07:44:00,"849 Hickory St, Seattle, WA 98101",November
287416,20in Monitor,1,109.99,2019-11-28 17:20:00,"815 Walnut St, Seattle, WA 98101",November
287625,20in Monitor,1,109.99,2019-11-10 09:55:00,"170 Jackson St, Boston, MA 02215",November
282773,20in Monitor,1,109.99,2019-11-30 13:45:00,"743 2nd St, Austin, TX 73301",November
279705,20in Monitor,1,109.99,2019-11-26 21:56:00,"163 West St, Seattle, WA 98101",November
287832,20in Monitor,1,109.99,2019-11-24 02:09:00,"779 Sunset St, Atlanta, GA 30301",November
293781,20in Monitor,1,109.99,2019-11-26 12:10:00,"250 7th St, San Francisco, CA 94016",November
279613,20in Monitor,1,109.99,2019-11-04 14:04:00,"44 Lincoln St, New York City, NY 10001",November
279883,20in Monitor,1,109.99,2019-11-21 00:20:00,"35 Hill St, Los Angeles, CA 90001",November
280349,20in Monitor,1,109.99,2019-11-29 12:59:00,"173 11th St, Dallas, TX 75001",November
288944,20in Monitor,1,109.99,2019-11-26 21:09:00,"386 Cedar St, Austin, TX 73301",November
294092,20in Monitor,1,109.99,2019-11-08 20:50:00,"566 Spruce St, San Francisco, CA 94016",November
279729,20in Monitor,1,109.99,2019-11-28 11:12:00,"152 Wilson St, San Francisco, CA 94016",November
290205,20in Monitor,1,109.99,2019-11-18 12:39:00,"415 10th St, Seattle, WA 98101",November
293889,20in Monitor,1,109.99,2019-11-10 16:11:00,"878 Highland St, Portland, OR 97035",November
288504,20in Monitor,1,109.99,2019-11-20 06:01:00,"220 Wilson St, Boston, MA 02215",November
291400,20in Monitor,1,109.99,2019-11-27 20:22:00,"573 Ridge St, Dallas, TX 75001",November
279257,20in Monitor,1,109.99,2019-11-17 08:24:00,"27 Madison St, Portland, OR 97035",November
284679,20in Monitor,1,109.99,2019-11-29 21:02:00,"164 Chestnut St, San Francisco, CA 94016",November
285415,20in Monitor,1,109.99,2019-11-07 21:42:00,"740 12th St, San Francisco, CA 94016",November
280376,20in Monitor,1,109.99,2019-11-30 23:54:00,"739 Pine St, Dallas, TX 75001",November
293294,20in Monitor,1,109.99,2019-11-12 06:01:00,"499 Dogwood St, Los Angeles, CA 90001",November
293930,20in Monitor,1,109.99,2019-11-13 21:07:00,"420 Wilson St, San Francisco, CA 94016",November
291766,20in Monitor,1,109.99,2019-11-30 00:13:00,"134 14th St, Dallas, TX 75001",November
289919,20in Monitor,1,109.99,2019-11-21 12:04:00,"532 Washington St, San Francisco, CA 94016",November
281626,20in Monitor,1,109.99,2019-11-13 20:25:00,"122 Walnut St, San Francisco, CA 94016",November
284887,20in Monitor,1,109.99,2019-11-16 11:41:00,"227 1st St, Seattle, WA 98101",November
293664,20in Monitor,1,109.99,2019-11-15 12:48:00,"79 Center St, Boston, MA 02215",November
294937,20in Monitor,1,109.99,2019-11-29 21:36:00,"206 7th St, Seattle, WA 98101",November
279144,20in Monitor,1,109.99,2019-11-17 18:09:00,"86 Highland St, San Francisco, CA 94016",November
286084,20in Monitor,1,109.99,2019-11-27 11:17:00,"841 13th St, Los Angeles, CA 90001",November
282905,20in Monitor,1,109.99,2019-11-22 10:10:00,"248 Dogwood St, Seattle, WA 98101",November
283544,20in Monitor,1,109.99,2019-11-28 14:53:00,"485 11th St, San Francisco, CA 94016",November
285778,20in Monitor,1,109.99,2019-11-17 11:16:00,"758 Park St, Boston, MA 02215",November
289365,20in Monitor,1,109.99,2019-11-27 05:42:00,"355 Hickory St, New York City, NY 10001",November
286990,20in Monitor,1,109.99,2019-11-13 11:08:00,"130 Elm St, Austin, TX 73301",November
288151,20in Monitor,1,109.99,2019-11-02 20:37:00,"66 Center St, Portland, OR 97035",November
294247,20in Monitor,1,109.99,2019-11-15 21:32:00,"11 9th St, Boston, MA 02215",November
284993,20in Monitor,1,109.99,2019-11-25 06:56:00,"928 Hickory St, Portland, OR 97035",November
285248,20in Monitor,1,109.99,2019-11-28 11:43:00,"648 Church St, New York City, NY 10001",November
286355,20in Monitor,1,109.99,2019-11-06 19:50:00,"481 Willow St, San Francisco, CA 94016",November
286493,20in Monitor,1,109.99,2019-11-24 09:58:00,"212 7th St, Atlanta, GA 30301",November
289634,20in Monitor,1,109.99,2019-11-24 21:52:00,"958 9th St, Seattle, WA 98101",November
291978,20in Monitor,1,109.99,2019-11-20 11:29:00,"84 4th St, San Francisco, CA 94016",November
289955,20in Monitor,1,109.99,2019-11-25 12:38:00,"19 Hickory St, Portland, OR 97035",November
294126,20in Monitor,1,109.99,2019-11-08 14:32:00,"990 1st St, New York City, NY 10001",November
316593,20in Monitor,1,109.99,2019-12-06 15:42:00,"683 8th St, San Francisco, CA 94016",December
299167,20in Monitor,2,109.99,2019-12-26 15:18:00,"973 Hill St, San Francisco, CA 94016",December
300553,20in Monitor,1,109.99,2019-12-08 13:06:00,"257 Walnut St, San Francisco, CA 94016",December
313031,20in Monitor,1,109.99,2019-12-11 20:01:00,"106 7th St, Los Angeles, CA 90001",December
301881,20in Monitor,1,109.99,2019-12-06 16:10:00,"258 Adams St, Seattle, WA 98101",December
308437,20in Monitor,1,109.99,2019-12-05 14:34:00,"467 North St, Los Angeles, CA 90001",December
296691,20in Monitor,1,109.99,2019-12-09 10:19:00,"655 Chestnut St, Los Angeles, CA 90001",December
308309,20in Monitor,1,109.99,2019-12-24 20:20:00,"308 Walnut St, New York City, NY 10001",December
315385,20in Monitor,1,109.99,2019-12-11 11:00:00,"290 Jackson St, New York City, NY 10001",December
300438,20in Monitor,1,109.99,2019-12-20 00:32:00,"264 Willow St, Boston, MA 02215",December
300759,20in Monitor,1,109.99,2020-01-01 00:14:00,"193 5th St, Austin, TX 73301",January
304421,20in Monitor,1,109.99,2019-12-23 22:52:00,"782 11th St, Los Angeles, CA 90001",December
304710,20in Monitor,1,109.99,2019-12-07 17:30:00,"872 Lakeview St, Austin, TX 73301",December
305096,20in Monitor,1,109.99,2019-12-22 20:19:00,"72 Pine St, Atlanta, GA 30301",December
306862,20in Monitor,1,109.99,2019-12-26 01:32:00,"691 Maple St, New York City, NY 10001",December
299279,20in Monitor,1,109.99,2019-12-14 22:40:00,"174 West St, Seattle, WA 98101",December
317824,20in Monitor,1,109.99,2019-12-08 14:58:00,"43 Church St, San Francisco, CA 94016",December
304068,20in Monitor,1,109.99,2019-12-19 00:22:00,"676 8th St, Los Angeles, CA 90001",December
311878,20in Monitor,1,109.99,2019-12-12 12:34:00,"230 Hickory St, Austin, TX 73301",December
305748,20in Monitor,1,109.99,2019-12-22 02:26:00,"482 2nd St, New York City, NY 10001",December
308443,20in Monitor,1,109.99,2019-12-24 13:41:00,"646 Willow St, Los Angeles, CA 90001",December
311302,20in Monitor,1,109.99,2019-12-10 10:39:00,"464 Jefferson St, New York City, NY 10001",December
300904,20in Monitor,1,109.99,2019-12-15 23:21:00,"26 Maple St, Austin, TX 73301",December
302730,20in Monitor,1,109.99,2019-12-27 22:31:00,"993 Forest St, Boston, MA 02215",December
307905,20in Monitor,1,109.99,2019-12-28 20:30:00,"374 Cedar St, Dallas, TX 75001",December
311231,20in Monitor,1,109.99,2019-12-11 12:32:00,"649 14th St, New York City, NY 10001",December
296902,20in Monitor,1,109.99,2019-12-30 06:38:00,"707 Johnson St, Boston, MA 02215",December
316282,20in Monitor,1,109.99,2019-12-22 21:02:00,"498 Lake St, Dallas, TX 75001",December
304007,20in Monitor,1,109.99,2019-12-06 01:51:00,"748 Dogwood St, San Francisco, CA 94016",December
306527,20in Monitor,1,109.99,2019-12-11 15:30:00,"886 12th St, New York City, NY 10001",December
307941,20in Monitor,1,109.99,2019-12-27 17:11:00,"903 Adams St, San Francisco, CA 94016",December
315888,20in Monitor,1,109.99,2019-12-21 14:30:00,"425 Lakeview St, Boston, MA 02215",December
295817,20in Monitor,1,109.99,2019-12-19 06:07:00,"963 Washington St, Austin, TX 73301",December
306055,20in Monitor,1,109.99,2019-12-19 10:42:00,"951 Lincoln St, New York City, NY 10001",December
310314,20in Monitor,1,109.99,2019-12-04 10:46:00,"990 11th St, Austin, TX 73301",December
313012,20in Monitor,1,109.99,2019-12-05 03:34:00,"700 Hickory St, New York City, NY 10001",December
317924,20in Monitor,1,109.99,2019-12-20 18:29:00,"173 9th St, Dallas, TX 75001",December
303265,20in Monitor,1,109.99,2019-12-30 17:00:00,"160 Jefferson St, Atlanta, GA 30301",December
306505,20in Monitor,1,109.99,2019-12-07 12:05:00,"23 5th St, San Francisco, CA 94016",December
297721,20in Monitor,1,109.99,2019-12-20 17:01:00,"409 13th St, Seattle, WA 98101",December
303141,20in Monitor,1,109.99,2019-12-25 18:23:00,"573 Washington St, New York City, NY 10001",December
307329,20in Monitor,1,109.99,2019-12-03 22:27:00,"807 Forest St, Los Angeles, CA 90001",December
307670,20in Monitor,1,109.99,2019-12-28 11:04:00,"912 Cherry St, Boston, MA 02215",December
311619,20in Monitor,1,109.99,2019-12-31 18:22:00,"121 Madison St, Atlanta, GA 30301",December
313159,20in Monitor,1,109.99,2019-12-16 16:20:00,"918 Walnut St, Dallas, TX 75001",December
319548,20in Monitor,1,109.99,2019-12-21 22:21:00,"476 Park St, San Francisco, CA 94016",December
297529,20in Monitor,1,109.99,2019-12-13 14:11:00,"527 Washington St, Dallas, TX 75001",December
296356,20in Monitor,1,109.99,2019-12-02 23:34:00,"61 Maple St, Portland, ME 04101",December
302901,20in Monitor,1,109.99,2019-12-16 10:41:00,"444 Adams St, San Francisco, CA 94016",December
298797,20in Monitor,1,109.99,2019-12-08 19:52:00,"669 5th St, Austin, TX 73301",December
299069,20in Monitor,1,109.99,2019-12-03 11:11:00,"912 Hill St, New York City, NY 10001",December
303013,20in Monitor,1,109.99,2019-12-29 21:04:00,"923 Ridge St, San Francisco, CA 94016",December
310214,20in Monitor,1,109.99,2019-12-12 17:05:00,"913 Jefferson St, New York City, NY 10001",December
315442,20in Monitor,1,109.99,2019-12-26 10:50:00,"711 Park St, San Francisco, CA 94016",December
176839,20in Monitor,1,109.99,2019-04-10 07:19:00,"625 Willow St, Boston, MA 02215",April
221122,20in Monitor,1,109.99,2019-06-20 11:15:00,"574 Church St, New York City, NY 10001",June
235399,20in Monitor,1,109.99,2019-07-15 19:51:00,"850 West St, San Francisco, CA 94016",July
247116,20in Monitor,1,109.99,2019-08-18 17:48:00,"199 Center St, Atlanta, GA 30301",August
254555,20in Monitor,1,109.99,2019-09-18 05:39:00,"722 Chestnut St, San Francisco, CA 94016",September
254670,20in Monitor,1,109.99,2019-09-08 23:44:00,"494 North St, Los Angeles, CA 90001",September
268427,20in Monitor,1,109.99,2019-10-06 19:03:00,"402 Cedar St, New York City, NY 10001",October
268610,20in Monitor,1,109.99,2019-10-17 11:03:00,"223 Lake St, Los Angeles, CA 90001",October
260469,20in Monitor,1,109.99,2019-10-20 14:20:00,"689 Highland St, San Francisco, CA 94016",October
292844,20in Monitor,1,109.99,2019-11-29 13:16:00,"6 Walnut St, San Francisco, CA 94016",November
287388,20in Monitor,1,109.99,2019-11-21 13:19:00,"639 Lakeview St, Atlanta, GA 30301",November
294657,20in Monitor,1,109.99,2019-11-30 18:04:00,"422 Elm St, Dallas, TX 75001",November
288513,20in Monitor,1,109.99,2019-11-22 18:05:00,"465 Chestnut St, San Francisco, CA 94016",November
294727,20in Monitor,1,109.99,2019-11-25 02:10:00,"583 4th St, Los Angeles, CA 90001",November
280952,20in Monitor,1,109.99,2019-11-03 22:48:00,"958 5th St, San Francisco, CA 94016",November
283078,20in Monitor,1,109.99,2019-11-17 22:35:00,"765 Adams St, New York City, NY 10001",November
317938,20in Monitor,1,109.99,2019-12-06 14:21:00,"483 Hickory St, Portland, OR 97035",December
308933,20in Monitor,1,109.99,2019-12-13 10:00:00,"411 Elm St, Los Angeles, CA 90001",December
303085,20in Monitor,1,109.99,2019-12-24 12:50:00,"148 Highland St, San Francisco, CA 94016",December
317165,20in Monitor,1,109.99,2019-12-10 11:44:00,"899 Center St, Seattle, WA 98101",December
298729,20in Monitor,1,109.99,2019-12-10 14:32:00,"39 Highland St, Boston, MA 02215",December
299310,20in Monitor,1,109.99,2019-12-19 19:00:00,"501 Center St, San Francisco, CA 94016",December
298060,20in Monitor,1,109.99,2019-12-12 23:05:00,"403 8th St, New York City, NY 10001",December
313272,20in Monitor,1,109.99,2019-12-10 09:55:00,"528 10th St, Austin, TX 73301",December
319384,20in Monitor,1,109.99,2019-12-26 15:06:00,"349 12th St, San Francisco, CA 94016",December
300498,20in Monitor,1,109.99,2019-12-18 12:21:00,"998 Elm St, Los Angeles, CA 90001",December
300894,20in Monitor,1,109.99,2019-12-30 19:50:00,"363 Washington St, San Francisco, CA 94016",December
310298,20in Monitor,1,109.99,2019-12-13 15:05:00,"839 Ridge St, Los Angeles, CA 90001",December
313816,20in Monitor,1,109.99,2019-12-17 10:29:00,"228 Cherry St, Seattle, WA 98101",December
313918,20in Monitor,1,109.99,2019-12-10 07:02:00,"402 Hickory St, San Francisco, CA 94016",December
315316,20in Monitor,1,109.99,2019-12-05 12:08:00,"364 6th St, Dallas, TX 75001",December
318109,20in Monitor,1,109.99,2019-12-31 19:51:00,"698 Forest St, Dallas, TX 75001",December
299956,20in Monitor,1,109.99,2019-12-17 07:24:00,"87 North St, San Francisco, CA 94016",December
307716,20in Monitor,1,109.99,2019-12-20 20:49:00,"377 Hill St, San Francisco, CA 94016",December
311182,20in Monitor,1,109.99,2019-12-20 21:42:00,"98 Lake St, Portland, OR 97035",December
313945,20in Monitor,1,109.99,2019-12-15 16:04:00,"766 Jefferson St, Boston, MA 02215",December
319568,20in Monitor,1,109.99,2019-12-29 18:25:00,"128 Pine St, Atlanta, GA 30301",December
297778,20in Monitor,1,109.99,2019-12-31 15:06:00,"988 14th St, San Francisco, CA 94016",December
300650,20in Monitor,1,109.99,2019-12-14 20:33:00,"516 Main St, Atlanta, GA 30301",December
300753,20in Monitor,1,109.99,2019-12-28 22:36:00,"563 Maple St, Atlanta, GA 30301",December
307393,20in Monitor,1,109.99,2019-12-06 08:08:00,"658 Jefferson St, Atlanta, GA 30301",December
310819,20in Monitor,1,109.99,2019-12-20 14:57:00,"911 Jackson St, Austin, TX 73301",December
311634,20in Monitor,1,109.99,2019-12-30 07:00:00,"451 Ridge St, Boston, MA 02215",December
317090,20in Monitor,1,109.99,2019-12-17 16:19:00,"41 Johnson St, San Francisco, CA 94016",December
296664,20in Monitor,1,109.99,2019-12-16 10:15:00,"460 Highland St, New York City, NY 10001",December
297923,20in Monitor,1,109.99,2019-12-13 23:18:00,"717 Cherry St, San Francisco, CA 94016",December
307460,20in Monitor,1,109.99,2019-12-29 11:20:00,"670 Madison St, Austin, TX 73301",December
307981,20in Monitor,1,109.99,2019-12-07 22:51:00,"195 Highland St, Portland, OR 97035",December
311859,20in Monitor,1,109.99,2019-12-31 16:54:00,"771 Dogwood St, San Francisco, CA 94016",December
298612,20in Monitor,1,109.99,2019-12-02 15:19:00,"969 7th St, Seattle, WA 98101",December
301513,20in Monitor,1,109.99,2019-12-23 22:19:00,"903 Church St, Los Angeles, CA 90001",December
312692,20in Monitor,1,109.99,2019-12-21 19:31:00,"223 Lakeview St, San Francisco, CA 94016",December
307860,20in Monitor,1,109.99,2019-12-01 16:03:00,"198 Lakeview St, San Francisco, CA 94016",December
313744,20in Monitor,1,109.99,2019-12-21 18:52:00,"2 North St, San Francisco, CA 94016",December
314942,20in Monitor,1,109.99,2019-12-13 08:11:00,"699 Walnut St, San Francisco, CA 94016",December
308824,20in Monitor,1,109.99,2019-12-20 17:55:00,"251 5th St, Austin, TX 73301",December
311087,20in Monitor,1,109.99,2019-12-14 19:51:00,"77 13th St, Boston, MA 02215",December
295908,20in Monitor,1,109.99,2019-12-17 10:28:00,"342 Adams St, New York City, NY 10001",December
300412,20in Monitor,1,109.99,2019-12-27 16:47:00,"626 Sunset St, Dallas, TX 75001",December
300609,20in Monitor,1,109.99,2019-12-27 23:16:00,"127 Cherry St, San Francisco, CA 94016",December
304986,20in Monitor,1,109.99,2019-12-20 23:21:00,"814 Johnson St, Los Angeles, CA 90001",December
319092,20in Monitor,1,109.99,2019-12-20 22:47:00,"853 South St, Atlanta, GA 30301",December
297475,20in Monitor,1,109.99,2019-12-24 14:14:00,"389 Cedar St, Austin, TX 73301",December
301404,20in Monitor,1,109.99,2019-12-30 19:53:00,"533 Cherry St, Austin, TX 73301",December
306283,20in Monitor,1,109.99,2019-12-10 10:06:00,"334 Meadow St, Los Angeles, CA 90001",December
309002,20in Monitor,1,109.99,2019-12-19 11:59:00,"22 13th St, Los Angeles, CA 90001",December
309534,20in Monitor,1,109.99,2019-12-30 12:08:00,"938 Walnut St, Los Angeles, CA 90001",December
319513,20in Monitor,1,109.99,2019-12-29 21:16:00,"305 Ridge St, Atlanta, GA 30301",December
296817,20in Monitor,1,109.99,2019-12-20 15:06:00,"541 Johnson St, San Francisco, CA 94016",December
315908,20in Monitor,1,109.99,2019-12-23 18:07:00,"921 Jefferson St, Atlanta, GA 30301",December
317474,20in Monitor,1,109.99,2019-12-27 15:29:00,"231 2nd St, Boston, MA 02215",December
141827,20in Monitor,1,109.99,2019-01-18 21:33:00,"497 Washington St, San Francisco, CA 94016",January
143079,20in Monitor,1,109.99,2019-01-11 12:54:00,"641 Lincoln St, Atlanta, GA 30301",January
149305,20in Monitor,1,109.99,2019-01-10 16:02:00,"27 Johnson St, San Francisco, CA 94016",January
149952,20in Monitor,1,109.99,2019-01-06 18:10:00,"200 Walnut St, Los Angeles, CA 90001",January
144824,20in Monitor,1,109.99,2019-01-25 16:52:00,"886 Forest St, San Francisco, CA 94016",January
147977,20in Monitor,1,109.99,2019-01-06 14:52:00,"529 Sunset St, Boston, MA 02215",January
149390,20in Monitor,1,109.99,2019-01-16 18:06:00,"6 7th St, San Francisco, CA 94016",January
141926,20in Monitor,2,109.99,2019-01-23 22:09:00,"177 12th St, Los Angeles, CA 90001",January
146494,20in Monitor,1,109.99,2019-01-11 12:38:00,"333 Pine St, Atlanta, GA 30301",January
146647,20in Monitor,1,109.99,2019-01-03 11:40:00,"862 Washington St, Dallas, TX 75001",January
144251,20in Monitor,1,109.99,2019-01-11 16:10:00,"837 Highland St, Dallas, TX 75001",January
143371,20in Monitor,1,109.99,2019-01-05 12:20:00,"607 7th St, Seattle, WA 98101",January
141941,20in Monitor,1,109.99,2019-01-27 10:50:00,"469 Johnson St, Los Angeles, CA 90001",January
148496,20in Monitor,1,109.99,2019-01-21 09:25:00,"801 Jackson St, Atlanta, GA 30301",January
149201,20in Monitor,1,109.99,2019-01-03 08:15:00,"475 Dogwood St, San Francisco, CA 94016",January
146441,20in Monitor,1,109.99,2019-01-18 09:15:00,"818 Wilson St, San Francisco, CA 94016",January
145026,20in Monitor,1,109.99,2019-01-26 06:44:00,"464 13th St, New York City, NY 10001",January
148382,20in Monitor,1,109.99,2019-01-13 15:31:00,"622 Lincoln St, San Francisco, CA 94016",January
141854,20in Monitor,1,109.99,2019-01-03 12:55:00,"238 Forest St, Dallas, TX 75001",January
144391,20in Monitor,1,109.99,2019-01-17 07:10:00,"378 Washington St, Portland, ME 04101",January
144327,20in Monitor,1,109.99,2019-01-15 20:42:00,"85 Elm St, Los Angeles, CA 90001",January
146686,20in Monitor,1,109.99,2019-01-11 10:42:00,"342 9th St, Los Angeles, CA 90001",January
146786,20in Monitor,1,109.99,2019-01-06 20:53:00,"209 Forest St, Seattle, WA 98101",January
144365,20in Monitor,1,109.99,2019-01-18 10:34:00,"146 Lake St, San Francisco, CA 94016",January
141981,20in Monitor,1,109.99,2019-01-02 22:10:00,"859 12th St, San Francisco, CA 94016",January
150463,20in Monitor,1,109.99,2019-01-14 20:02:00,"715 Meadow St, Los Angeles, CA 90001",January
143042,20in Monitor,1,109.99,2019-01-07 07:42:00,"612 10th St, New York City, NY 10001",January
145225,20in Monitor,1,109.99,2019-01-28 22:56:00,"707 6th St, Los Angeles, CA 90001",January
146156,20in Monitor,1,109.99,2019-01-24 12:23:00,"467 7th St, San Francisco, CA 94016",January
149120,20in Monitor,1,109.99,2019-01-23 09:29:00,"200 14th St, Dallas, TX 75001",January
141930,20in Monitor,1,109.99,2019-01-18 14:21:00,"173 Church St, Los Angeles, CA 90001",January
146689,20in Monitor,1,109.99,2019-01-28 05:26:00,"589 Main St, Los Angeles, CA 90001",January
144884,20in Monitor,1,109.99,2019-01-22 19:05:00,"263 Hickory St, Austin, TX 73301",January
160712,20in Monitor,1,109.99,2019-02-12 12:08:00,"993 Lincoln St, San Francisco, CA 94016",February
157071,20in Monitor,1,109.99,2019-02-27 11:09:00,"527 10th St, San Francisco, CA 94016",February
159037,20in Monitor,1,109.99,2019-02-08 10:44:00,"189 Church St, San Francisco, CA 94016",February
156482,20in Monitor,1,109.99,2019-02-15 09:31:00,"955 South St, Los Angeles, CA 90001",February
151680,20in Monitor,1,109.99,2019-02-08 17:45:00,"183 1st St, Atlanta, GA 30301",February
156357,20in Monitor,1,109.99,2019-02-07 12:39:00,"959 Lakeview St, New York City, NY 10001",February
153262,20in Monitor,1,109.99,2019-02-15 16:01:00,"746 5th St, Dallas, TX 75001",February
156316,20in Monitor,1,109.99,2019-02-01 11:46:00,"420 Washington St, Boston, MA 02215",February
161821,20in Monitor,1,109.99,2019-02-24 00:39:00,"517 Highland St, Atlanta, GA 30301",February
152673,20in Monitor,1,109.99,2019-02-22 16:17:00,"522 Cedar St, New York City, NY 10001",February
158937,20in Monitor,1,109.99,2019-02-11 12:39:00,"385 West St, San Francisco, CA 94016",February
161730,20in Monitor,1,109.99,2019-02-04 19:22:00,"309 Cedar St, Dallas, TX 75001",February
152199,20in Monitor,1,109.99,2019-02-04 09:47:00,"613 Hickory St, Atlanta, GA 30301",February
153993,20in Monitor,1,109.99,2019-02-01 13:39:00,"649 2nd St, San Francisco, CA 94016",February
157142,20in Monitor,1,109.99,2019-02-22 14:26:00,"447 Johnson St, Atlanta, GA 30301",February
157618,20in Monitor,1,109.99,2019-02-03 05:56:00,"137 Highland St, Austin, TX 73301",February
153696,20in Monitor,1,109.99,2019-02-09 20:42:00,"524 Forest St, Portland, OR 97035",February
161643,20in Monitor,1,109.99,2019-02-04 17:18:00,"467 12th St, New York City, NY 10001",February
157192,20in Monitor,1,109.99,2019-02-02 08:02:00,"892 Cedar St, Portland, OR 97035",February
161042,20in Monitor,1,109.99,2019-02-14 08:25:00,"697 Lake St, New York City, NY 10001",February
155908,20in Monitor,1,109.99,2019-02-25 16:16:00,"205 4th St, Portland, ME 04101",February
155097,20in Monitor,1,109.99,2019-02-07 10:32:00,"943 Wilson St, Portland, OR 97035",February
156195,20in Monitor,1,109.99,2019-02-05 10:43:00,"339 9th St, New York City, NY 10001",February
158686,20in Monitor,1,109.99,2019-02-25 14:11:00,"533 4th St, Los Angeles, CA 90001",February
160214,20in Monitor,1,109.99,2019-02-22 17:31:00,"615 4th St, San Francisco, CA 94016",February
158273,20in Monitor,1,109.99,2019-02-11 23:56:00,"401 Forest St, Atlanta, GA 30301",February
154475,20in Monitor,1,109.99,2019-02-22 12:49:00,"347 4th St, San Francisco, CA 94016",February
157195,20in Monitor,1,109.99,2019-02-25 12:46:00,"682 Church St, Portland, OR 97035",February
151424,20in Monitor,1,109.99,2019-02-13 14:10:00,"850 Meadow St, Dallas, TX 75001",February
152071,20in Monitor,1,109.99,2019-02-11 22:33:00,"611 Meadow St, San Francisco, CA 94016",February
156780,20in Monitor,1,109.99,2019-02-04 12:33:00,"553 Jackson St, San Francisco, CA 94016",February
153616,20in Monitor,1,109.99,2019-02-09 19:36:00,"801 Madison St, Seattle, WA 98101",February
159964,20in Monitor,1,109.99,2019-02-21 21:31:00,"265 Lakeview St, Austin, TX 73301",February
156494,20in Monitor,1,109.99,2019-02-04 19:56:00,"335 Forest St, Boston, MA 02215",February
160263,20in Monitor,1,109.99,2019-02-07 13:00:00,"154 Johnson St, Boston, MA 02215",February
160776,20in Monitor,1,109.99,2019-02-17 23:10:00,"303 Spruce St, Los Angeles, CA 90001",February
164765,20in Monitor,1,109.99,2019-03-25 10:15:00,"747 8th St, San Francisco, CA 94016",March
175408,20in Monitor,1,109.99,2019-03-07 14:20:00,"371 6th St, Los Angeles, CA 90001",March
163693,20in Monitor,1,109.99,2019-03-31 08:15:00,"523 2nd St, Los Angeles, CA 90001",March
167194,20in Monitor,1,109.99,2019-03-30 14:21:00,"491 Lincoln St, San Francisco, CA 94016",March
168197,20in Monitor,1,109.99,2019-03-30 21:43:00,"107 1st St, San Francisco, CA 94016",March
169504,20in Monitor,1,109.99,2019-03-31 19:38:00,"338 Meadow St, Los Angeles, CA 90001",March
169758,20in Monitor,1,109.99,2019-03-04 17:33:00,"63 Cedar St, San Francisco, CA 94016",March
162288,20in Monitor,1,109.99,2019-03-01 09:19:00,"113 7th St, Dallas, TX 75001",March
171512,20in Monitor,1,109.99,2019-03-11 14:50:00,"663 Lake St, New York City, NY 10001",March
175752,20in Monitor,1,109.99,2019-03-23 13:33:00,"132 North St, Seattle, WA 98101",March
163384,20in Monitor,1,109.99,2019-03-14 15:25:00,"594 9th St, Atlanta, GA 30301",March
169023,20in Monitor,1,109.99,2019-03-31 22:02:00,"404 Chestnut St, San Francisco, CA 94016",March
170163,20in Monitor,1,109.99,2019-03-09 14:23:00,"31 Ridge St, Los Angeles, CA 90001",March
166207,20in Monitor,1,109.99,2019-03-12 10:22:00,"57 Highland St, Los Angeles, CA 90001",March
165634,20in Monitor,1,109.99,2019-03-04 00:10:00,"524 Walnut St, New York City, NY 10001",March
169946,20in Monitor,1,109.99,2019-03-28 21:04:00,"499 Pine St, Boston, MA 02215",March
162110,20in Monitor,1,109.99,2019-03-15 09:05:00,"705 South St, Los Angeles, CA 90001",March
169099,20in Monitor,1,109.99,2019-03-12 15:53:00,"636 Park St, Portland, ME 04101",March
172070,20in Monitor,1,109.99,2019-03-08 22:32:00,"51 14th St, Los Angeles, CA 90001",March
166403,20in Monitor,1,109.99,2019-03-23 11:18:00,"105 Lake St, New York City, NY 10001",March
170432,20in Monitor,1,109.99,2019-03-06 09:46:00,"517 Main St, San Francisco, CA 94016",March
164293,20in Monitor,1,109.99,2019-03-28 07:58:00,"397 Jackson St, Los Angeles, CA 90001",March
166201,20in Monitor,1,109.99,2019-03-18 08:47:00,"323 South St, San Francisco, CA 94016",March
167250,20in Monitor,1,109.99,2019-03-26 20:45:00,"302 8th St, San Francisco, CA 94016",March
171763,20in Monitor,1,109.99,2019-03-26 18:55:00,"113 North St, New York City, NY 10001",March
162507,20in Monitor,1,109.99,2019-03-18 09:00:00,"358 Hickory St, San Francisco, CA 94016",March
165606,20in Monitor,1,109.99,2019-03-11 14:03:00,"884 Dogwood St, Boston, MA 02215",March
175401,20in Monitor,2,109.99,2019-03-05 11:15:00,"214 West St, Los Angeles, CA 90001",March
164676,20in Monitor,1,109.99,2019-03-14 10:45:00,"970 Church St, Atlanta, GA 30301",March
165596,20in Monitor,1,109.99,2019-03-09 18:45:00,"368 1st St, New York City, NY 10001",March
166692,20in Monitor,1,109.99,2019-03-15 21:53:00,"423 Church St, San Francisco, CA 94016",March
169173,20in Monitor,1,109.99,2019-03-02 21:45:00,"889 Center St, Dallas, TX 75001",March
172879,20in Monitor,1,109.99,2019-03-04 15:17:00,"970 12th St, Atlanta, GA 30301",March
174561,20in Monitor,1,109.99,2019-03-31 19:38:00,"337 River St, Portland, OR 97035",March
163763,20in Monitor,1,109.99,2019-03-26 16:55:00,"727 2nd St, Atlanta, GA 30301",March
164702,20in Monitor,1,109.99,2019-03-11 09:56:00,"59 1st St, Boston, MA 02215",March
172878,20in Monitor,1,109.99,2019-03-25 02:11:00,"69 Madison St, New York City, NY 10001",March
175445,20in Monitor,1,109.99,2019-03-15 19:05:00,"949 Elm St, Dallas, TX 75001",March
165723,20in Monitor,1,109.99,2019-03-03 14:38:00,"786 4th St, San Francisco, CA 94016",March
175537,20in Monitor,1,109.99,2019-03-18 23:11:00,"457 Meadow St, San Francisco, CA 94016",March
176497,20in Monitor,1,109.99,2019-03-12 17:37:00,"95 Dogwood St, New York City, NY 10001",March
168947,20in Monitor,1,109.99,2019-03-28 15:53:00,"485 10th St, Atlanta, GA 30301",March
167206,20in Monitor,1,109.99,2019-03-07 12:40:00,"521 Forest St, Los Angeles, CA 90001",March
164734,20in Monitor,1,109.99,2019-03-27 18:38:00,"195 12th St, Boston, MA 02215",March
174005,20in Monitor,1,109.99,2019-03-30 12:55:00,"899 8th St, Los Angeles, CA 90001",March
172241,20in Monitor,1,109.99,2019-03-13 12:11:00,"498 Madison St, New York City, NY 10001",March
166854,20in Monitor,1,109.99,2019-03-09 07:05:00,"284 10th St, San Francisco, CA 94016",March
162370,20in Monitor,1,109.99,2019-03-11 19:53:00,"235 Cedar St, Dallas, TX 75001",March
164501,20in Monitor,1,109.99,2019-03-22 14:28:00,"263 2nd St, Los Angeles, CA 90001",March
164916,20in Monitor,1,109.99,2019-03-09 21:10:00,"546 Pine St, San Francisco, CA 94016",March
170485,20in Monitor,1,109.99,2019-03-21 02:49:00,"88 Park St, Boston, MA 02215",March
172541,20in Monitor,1,109.99,2019-03-04 10:59:00,"936 Willow St, San Francisco, CA 94016",March
172744,20in Monitor,1,109.99,2019-03-31 16:37:00,"476 Jefferson St, San Francisco, CA 94016",March
164972,20in Monitor,1,109.99,2019-03-14 22:45:00,"343 10th St, San Francisco, CA 94016",March
166352,20in Monitor,1,109.99,2019-03-11 18:56:00,"138 River St, Austin, TX 73301",March
178928,20in Monitor,1,109.99,2019-04-07 15:09:00,"775 North St, Boston, MA 02215",April
187819,20in Monitor,1,109.99,2019-04-22 19:12:00,"508 8th St, Los Angeles, CA 90001",April
185401,20in Monitor,1,109.99,2019-04-09 12:52:00,"105 5th St, Los Angeles, CA 90001",April
189755,20in Monitor,1,109.99,2019-04-12 13:29:00,"378 Forest St, Los Angeles, CA 90001",April
191681,20in Monitor,1,109.99,2019-04-20 15:56:00,"280 River St, Austin, TX 73301",April
192095,20in Monitor,1,109.99,2019-04-03 14:03:00,"232 Main St, San Francisco, CA 94016",April
179885,20in Monitor,1,109.99,2019-04-26 17:53:00,"369 13th St, New York City, NY 10001",April
184093,20in Monitor,1,109.99,2019-04-24 23:58:00,"150 6th St, New York City, NY 10001",April
185749,20in Monitor,1,109.99,2019-04-26 21:20:00,"766 Maple St, Boston, MA 02215",April
191037,20in Monitor,1,109.99,2019-04-27 07:48:00,"393 14th St, Seattle, WA 98101",April
181980,20in Monitor,1,109.99,2019-04-29 21:39:00,"500 Willow St, Austin, TX 73301",April
182712,20in Monitor,1,109.99,2019-04-18 17:20:00,"986 Adams St, Los Angeles, CA 90001",April
187844,20in Monitor,1,109.99,2019-04-04 21:22:00,"945 10th St, Atlanta, GA 30301",April
177786,20in Monitor,1,109.99,2019-04-16 09:50:00,"999 12th St, New York City, NY 10001",April
181279,20in Monitor,1,109.99,2019-04-23 09:04:00,"968 River St, Boston, MA 02215",April
185805,20in Monitor,1,109.99,2019-04-23 10:52:00,"247 Adams St, New York City, NY 10001",April
182012,20in Monitor,1,109.99,2019-04-30 13:35:00,"93 Willow St, San Francisco, CA 94016",April
177247,20in Monitor,1,109.99,2019-04-05 14:24:00,"613 7th St, Los Angeles, CA 90001",April
183526,20in Monitor,1,109.99,2019-04-27 20:51:00,"398 7th St, San Francisco, CA 94016",April
187747,20in Monitor,1,109.99,2019-04-21 11:23:00,"957 Park St, Los Angeles, CA 90001",April
182136,20in Monitor,1,109.99,2019-04-10 11:40:00,"306 Cherry St, Boston, MA 02215",April
184296,20in Monitor,1,109.99,2019-04-04 23:39:00,"942 8th St, Boston, MA 02215",April
188892,20in Monitor,1,109.99,2019-04-04 13:38:00,"707 River St, San Francisco, CA 94016",April
176659,20in Monitor,1,109.99,2019-04-29 14:40:00,"804 Church St, Dallas, TX 75001",April
180334,20in Monitor,1,109.99,2019-04-22 20:14:00,"969 Spruce St, San Francisco, CA 94016",April
187080,20in Monitor,1,109.99,2019-04-18 11:41:00,"32 Jackson St, Dallas, TX 75001",April
184156,20in Monitor,1,109.99,2019-04-20 19:55:00,"559 Chestnut St, New York City, NY 10001",April
178519,20in Monitor,1,109.99,2019-04-04 12:13:00,"248 Sunset St, Portland, OR 97035",April
191619,20in Monitor,1,109.99,2019-04-25 16:25:00,"157 5th St, Atlanta, GA 30301",April
182169,20in Monitor,1,109.99,2019-04-06 10:56:00,"678 Lakeview St, Los Angeles, CA 90001",April
177305,20in Monitor,1,109.99,2019-04-19 11:25:00,"164 Pine St, Seattle, WA 98101",April
182974,20in Monitor,1,109.99,2019-04-29 14:33:00,"294 14th St, Dallas, TX 75001",April
184334,20in Monitor,1,109.99,2019-04-08 08:34:00,"964 Main St, Los Angeles, CA 90001",April
177615,20in Monitor,1,109.99,2019-04-25 11:13:00,"196 Lake St, Dallas, TX 75001",April
189857,20in Monitor,1,109.99,2019-04-15 20:58:00,"271 Walnut St, New York City, NY 10001",April
177147,20in Monitor,1,109.99,2019-04-26 14:06:00,"506 River St, San Francisco, CA 94016",April
181567,20in Monitor,1,109.99,2019-04-06 10:19:00,"997 Cherry St, Portland, OR 97035",April
182543,20in Monitor,1,109.99,2019-04-12 12:31:00,"886 12th St, New York City, NY 10001",April
184942,20in Monitor,1,109.99,2019-04-20 22:01:00,"590 2nd St, San Francisco, CA 94016",April
190281,20in Monitor,1,109.99,2019-04-30 00:53:00,"709 Wilson St, New York City, NY 10001",April
184464,20in Monitor,1,109.99,2019-04-30 08:58:00,"719 Park St, Boston, MA 02215",April
188825,20in Monitor,1,109.99,2019-04-02 08:55:00,"255 4th St, Los Angeles, CA 90001",April
182226,20in Monitor,1,109.99,2019-04-06 06:32:00,"396 13th St, Los Angeles, CA 90001",April
183694,20in Monitor,1,109.99,2019-04-24 08:09:00,"91 12th St, Boston, MA 02215",April
186222,20in Monitor,1,109.99,2019-04-12 08:01:00,"533 West St, Seattle, WA 98101",April
181042,20in Monitor,1,109.99,2019-04-17 15:50:00,"755 Willow St, San Francisco, CA 94016",April
178523,20in Monitor,1,109.99,2019-04-08 13:54:00,"840 Jefferson St, Boston, MA 02215",April
183190,20in Monitor,1,109.99,2019-04-22 14:56:00,"253 Cherry St, Austin, TX 73301",April
184756,20in Monitor,1,109.99,2019-04-17 13:41:00,"502 4th St, Los Angeles, CA 90001",April
188105,20in Monitor,1,109.99,2019-04-23 17:07:00,"403 North St, Seattle, WA 98101",April
190609,20in Monitor,1,109.99,2019-04-20 22:41:00,"255 Hickory St, New York City, NY 10001",April
192902,20in Monitor,1,109.99,2019-04-11 07:56:00,"467 Johnson St, Los Angeles, CA 90001",April
181796,20in Monitor,1,109.99,2019-04-24 20:19:00,"346 Pine St, New York City, NY 10001",April
182324,20in Monitor,1,109.99,2019-04-13 16:57:00,"74 Wilson St, Los Angeles, CA 90001",April
188435,20in Monitor,1,109.99,2019-04-13 05:59:00,"107 Sunset St, Portland, OR 97035",April
190422,20in Monitor,1,109.99,2019-04-26 20:41:00,"354 Adams St, Dallas, TX 75001",April
192142,20in Monitor,1,109.99,2019-04-04 13:24:00,"361 Hill St, Los Angeles, CA 90001",April
177963,20in Monitor,1,109.99,2019-04-29 10:16:00,"780 South St, New York City, NY 10001",April
182383,20in Monitor,1,109.99,2019-04-11 09:04:00,"250 9th St, Portland, OR 97035",April
183698,20in Monitor,1,109.99,2019-04-28 14:56:00,"964 9th St, Seattle, WA 98101",April
185995,20in Monitor,1,109.99,2019-04-27 10:40:00,"316 Walnut St, Los Angeles, CA 90001",April
187811,20in Monitor,1,109.99,2019-04-20 20:04:00,"457 River St, Seattle, WA 98101",April
180487,20in Monitor,1,109.99,2019-04-26 15:51:00,"161 Sunset St, Los Angeles, CA 90001",April
209091,20in Monitor,1,109.99,2019-05-12 18:05:00,"315 West St, New York City, NY 10001",May
197406,20in Monitor,1,109.99,2019-05-27 21:20:00,"294 Ridge St, San Francisco, CA 94016",May
198314,20in Monitor,1,109.99,2019-05-23 12:30:00,"50 Maple St, Austin, TX 73301",May
200431,20in Monitor,1,109.99,2019-05-25 22:12:00,"382 4th St, Los Angeles, CA 90001",May
194791,20in Monitor,1,109.99,2019-05-09 13:09:00,"28 11th St, Boston, MA 02215",May
198782,20in Monitor,1,109.99,2019-05-09 23:05:00,"679 Hickory St, Atlanta, GA 30301",May
204051,20in Monitor,1,109.99,2019-05-03 08:50:00,"639 Pine St, Boston, MA 02215",May
198616,20in Monitor,1,109.99,2019-05-29 09:41:00,"371 6th St, San Francisco, CA 94016",May
199748,20in Monitor,1,109.99,2019-05-11 08:30:00,"409 Main St, Atlanta, GA 30301",May
202995,20in Monitor,1,109.99,2019-05-23 06:37:00,"419 Hill St, Los Angeles, CA 90001",May
204500,20in Monitor,2,109.99,2019-05-26 22:02:00,"466 Jackson St, Dallas, TX 75001",May
202519,20in Monitor,1,109.99,2019-05-25 17:30:00,"910 9th St, Seattle, WA 98101",May
201432,20in Monitor,1,109.99,2019-05-13 15:07:00,"246 Center St, Boston, MA 02215",May
199144,20in Monitor,1,109.99,2019-05-25 18:28:00,"977 6th St, San Francisco, CA 94016",May
202755,20in Monitor,1,109.99,2019-05-20 13:44:00,"300 Cedar St, Los Angeles, CA 90001",May
203847,20in Monitor,1,109.99,2019-05-10 13:46:00,"471 Park St, Los Angeles, CA 90001",May
207337,20in Monitor,1,109.99,2019-05-27 06:10:00,"580 Hickory St, Austin, TX 73301",May
203972,20in Monitor,1,109.99,2019-05-24 16:13:00,"363 Washington St, Portland, OR 97035",May
205541,20in Monitor,1,109.99,2019-05-10 20:58:00,"490 Spruce St, Dallas, TX 75001",May
194163,20in Monitor,1,109.99,2019-05-03 12:51:00,"268 River St, Atlanta, GA 30301",May
199276,20in Monitor,1,109.99,2019-05-04 13:45:00,"889 Lakeview St, San Francisco, CA 94016",May
206020,20in Monitor,1,109.99,2019-05-12 02:44:00,"157 Center St, Los Angeles, CA 90001",May
209359,20in Monitor,1,109.99,2019-05-03 19:27:00,"360 Highland St, Los Angeles, CA 90001",May
201087,20in Monitor,1,109.99,2019-05-13 12:33:00,"364 Ridge St, Boston, MA 02215",May
205380,20in Monitor,1,109.99,2019-05-10 10:10:00,"329 Park St, San Francisco, CA 94016",May
201840,20in Monitor,1,109.99,2019-05-20 21:51:00,"778 10th St, Dallas, TX 75001",May
195683,20in Monitor,1,109.99,2019-05-02 20:31:00,"999 River St, New York City, NY 10001",May
196824,20in Monitor,1,109.99,2019-05-06 20:00:00,"487 Highland St, Los Angeles, CA 90001",May
197782,20in Monitor,1,109.99,2019-05-27 22:09:00,"335 North St, Dallas, TX 75001",May
198117,20in Monitor,1,109.99,2019-05-06 15:32:00,"498 Walnut St, Atlanta, GA 30301",May
206886,20in Monitor,1,109.99,2019-05-22 18:12:00,"730 Pine St, San Francisco, CA 94016",May
205994,20in Monitor,1,109.99,2019-05-11 10:22:00,"106 Hill St, Atlanta, GA 30301",May
207210,20in Monitor,1,109.99,2019-05-24 19:35:00,"122 11th St, Austin, TX 73301",May
203311,20in Monitor,1,109.99,2019-05-28 20:44:00,"607 6th St, San Francisco, CA 94016",May
199789,20in Monitor,1,109.99,2019-05-01 10:15:00,"625 13th St, Atlanta, GA 30301",May
206700,20in Monitor,1,109.99,2019-05-31 14:52:00,"331 14th St, San Francisco, CA 94016",May
210753,20in Monitor,1,109.99,2019-06-27 22:01:00,"177 Willow St, Los Angeles, CA 90001",June
211120,20in Monitor,1,109.99,2019-06-30 18:31:00,"110 Madison St, Atlanta, GA 30301",June
217433,20in Monitor,1,109.99,2019-06-08 15:57:00,"173 Center St, Boston, MA 02215",June
222603,20in Monitor,1,109.99,2019-06-22 12:46:00,"184 Adams St, San Francisco, CA 94016",June
222771,20in Monitor,1,109.99,2019-06-23 19:55:00,"512 Sunset St, Dallas, TX 75001",June
214534,20in Monitor,1,109.99,2019-06-06 23:04:00,"619 Center St, New York City, NY 10001",June
214920,20in Monitor,1,109.99,2019-06-09 20:30:00,"425 Madison St, San Francisco, CA 94016",June
218395,20in Monitor,1,109.99,2019-06-15 14:10:00,"676 Washington St, San Francisco, CA 94016",June
220121,20in Monitor,1,109.99,2019-06-22 10:30:00,"41 13th St, New York City, NY 10001",June
215188,20in Monitor,1,109.99,2019-06-15 23:03:00,"243 Church St, Los Angeles, CA 90001",June
211220,20in Monitor,1,109.99,2019-06-24 14:15:00,"346 Spruce St, Atlanta, GA 30301",June
212692,20in Monitor,1,109.99,2019-06-05 19:17:00,"877 Lincoln St, Seattle, WA 98101",June
214423,20in Monitor,1,109.99,2019-06-06 14:41:00,"918 Madison St, Austin, TX 73301",June
214452,20in Monitor,1,109.99,2019-06-13 14:23:00,"691 Madison St, San Francisco, CA 94016",June
217759,20in Monitor,1,109.99,2019-06-19 02:29:00,"884 Forest St, Boston, MA 02215",June
213518,20in Monitor,1,109.99,2019-06-16 09:50:00,"573 River St, Seattle, WA 98101",June
214493,20in Monitor,1,109.99,2019-06-28 18:30:00,"694 Willow St, Austin, TX 73301",June
213887,20in Monitor,1,109.99,2019-06-12 14:51:00,"718 12th St, Atlanta, GA 30301",June
221873,20in Monitor,1,109.99,2019-06-08 04:19:00,"472 Main St, New York City, NY 10001",June
216783,20in Monitor,1,109.99,2019-06-23 01:01:00,"139 Park St, San Francisco, CA 94016",June
222063,20in Monitor,1,109.99,2019-06-09 14:35:00,"536 Sunset St, San Francisco, CA 94016",June
210430,20in Monitor,1,109.99,2019-06-09 21:17:00,"729 Washington St, Seattle, WA 98101",June
212201,20in Monitor,1,109.99,2019-06-13 12:48:00,"281 Maple St, San Francisco, CA 94016",June
218627,20in Monitor,1,109.99,2019-06-15 19:42:00,"209 Sunset St, Portland, OR 97035",June
215583,20in Monitor,1,109.99,2019-06-16 18:14:00,"192 13th St, Los Angeles, CA 90001",June
215682,20in Monitor,1,109.99,2019-06-20 13:18:00,"245 6th St, Atlanta, GA 30301",June
219082,20in Monitor,1,109.99,2019-06-27 11:26:00,"509 10th St, Boston, MA 02215",June
217288,20in Monitor,1,109.99,2019-06-05 19:46:00,"775 Cedar St, Boston, MA 02215",June
220369,20in Monitor,1,109.99,2019-06-07 16:39:00,"635 Jackson St, San Francisco, CA 94016",June
212407,20in Monitor,1,109.99,2019-06-28 09:58:00,"785 Chestnut St, San Francisco, CA 94016",June
216779,20in Monitor,1,109.99,2019-06-25 13:43:00,"882 14th St, San Francisco, CA 94016",June
221415,20in Monitor,1,109.99,2019-06-14 15:48:00,"362 13th St, San Francisco, CA 94016",June
222050,20in Monitor,1,109.99,2019-06-03 16:52:00,"31 Forest St, Austin, TX 73301",June
217687,20in Monitor,1,109.99,2019-06-12 13:48:00,"222 Hill St, New York City, NY 10001",June
217701,20in Monitor,1,109.99,2019-06-29 20:49:00,"164 North St, Dallas, TX 75001",June
222780,20in Monitor,1,109.99,2019-06-27 05:31:00,"66 Ridge St, Portland, OR 97035",June
218559,20in Monitor,1,109.99,2019-06-15 20:38:00,"522 1st St, Los Angeles, CA 90001",June
212085,20in Monitor,1,109.99,2019-06-05 17:28:00,"170 10th St, San Francisco, CA 94016",June
221340,20in Monitor,1,109.99,2019-06-01 21:33:00,"136 River St, Boston, MA 02215",June
216841,20in Monitor,1,109.99,2019-06-22 18:34:00,"694 6th St, San Francisco, CA 94016",June
210414,20in Monitor,1,109.99,2019-06-16 17:04:00,"702 Cedar St, New York City, NY 10001",June
222167,20in Monitor,1,109.99,2019-06-16 19:59:00,"464 11th St, San Francisco, CA 94016",June
212841,20in Monitor,1,109.99,2019-06-07 09:18:00,"75 Lake St, Seattle, WA 98101",June
219764,20in Monitor,1,109.99,2019-06-14 14:54:00,"919 Meadow St, San Francisco, CA 94016",June
223854,20in Monitor,1,109.99,2019-07-08 09:53:00,"262 Washington St, Atlanta, GA 30301",July
227132,20in Monitor,1,109.99,2019-07-10 16:44:00,"966 12th St, San Francisco, CA 94016",July
228106,20in Monitor,1,109.99,2019-07-05 18:16:00,"428 Willow St, San Francisco, CA 94016",July
229900,20in Monitor,1,109.99,2019-07-23 12:57:00,"120 9th St, Boston, MA 02215",July
236069,20in Monitor,1,109.99,2019-07-23 18:32:00,"788 6th St, Los Angeles, CA 90001",July
229099,20in Monitor,1,109.99,2019-07-01 14:59:00,"487 Maple St, Dallas, TX 75001",July
231870,20in Monitor,1,109.99,2019-07-17 22:14:00,"251 Meadow St, Boston, MA 02215",July
228007,20in Monitor,1,109.99,2019-07-11 20:59:00,"192 Maple St, New York City, NY 10001",July
224312,20in Monitor,1,109.99,2019-07-16 15:33:00,"916 Walnut St, Los Angeles, CA 90001",July
234685,20in Monitor,1,109.99,2019-07-18 21:14:00,"450 Johnson St, San Francisco, CA 94016",July
224998,20in Monitor,1,109.99,2019-07-18 22:24:00,"268 8th St, San Francisco, CA 94016",July
230166,20in Monitor,1,109.99,2019-07-05 21:43:00,"885 Sunset St, San Francisco, CA 94016",July
233550,20in Monitor,1,109.99,2019-07-26 11:39:00,"35 Jackson St, Los Angeles, CA 90001",July
223594,20in Monitor,1,109.99,2019-07-13 15:17:00,"339 Lakeview St, Atlanta, GA 30301",July
226800,20in Monitor,1,109.99,2019-07-25 14:12:00,"769 Walnut St, New York City, NY 10001",July
234720,20in Monitor,1,109.99,2019-07-22 05:32:00,"81 Hill St, Dallas, TX 75001",July
226413,20in Monitor,1,109.99,2019-07-08 14:24:00,"279 8th St, Boston, MA 02215",July
232051,20in Monitor,1,109.99,2019-07-14 09:15:00,"759 Cherry St, Portland, OR 97035",July
236427,20in Monitor,1,109.99,2019-07-28 14:15:00,"263 4th St, Portland, ME 04101",July
225148,20in Monitor,1,109.99,2019-07-21 11:26:00,"950 Ridge St, Portland, OR 97035",July
224069,20in Monitor,1,109.99,2019-07-19 09:13:00,"847 Lake St, New York City, NY 10001",July
224365,20in Monitor,1,109.99,2019-07-22 00:02:00,"346 Wilson St, Seattle, WA 98101",July
225292,20in Monitor,1,109.99,2019-07-18 12:13:00,"601 6th St, Portland, OR 97035",July
234918,20in Monitor,1,109.99,2019-07-08 18:59:00,"4 Pine St, San Francisco, CA 94016",July
234177,20in Monitor,1,109.99,2019-07-18 16:22:00,"733 Hill St, San Francisco, CA 94016",July
224085,20in Monitor,1,109.99,2019-07-13 14:25:00,"116 Johnson St, Portland, OR 97035",July
224379,20in Monitor,1,109.99,2019-07-04 21:25:00,"859 12th St, San Francisco, CA 94016",July
229244,20in Monitor,1,109.99,2019-07-19 08:41:00,"166 Forest St, Atlanta, GA 30301",July
226278,20in Monitor,1,109.99,2019-07-28 22:18:00,"569 River St, San Francisco, CA 94016",July
226375,20in Monitor,1,109.99,2019-07-03 03:21:00,"613 Lincoln St, Austin, TX 73301",July
226604,20in Monitor,1,109.99,2019-07-31 01:13:00,"655 Lincoln St, Seattle, WA 98101",July
224793,20in Monitor,1,109.99,2019-07-06 05:36:00,"851 Forest St, Austin, TX 73301",July
233298,20in Monitor,1,109.99,2019-07-14 13:51:00,"524 Lakeview St, Boston, MA 02215",July
235188,20in Monitor,1,109.99,2019-07-30 21:00:00,"599 Johnson St, Atlanta, GA 30301",July
225879,20in Monitor,1,109.99,2019-07-09 09:39:00,"254 Main St, San Francisco, CA 94016",July
228266,20in Monitor,1,109.99,2019-07-26 20:44:00,"209 West St, San Francisco, CA 94016",July
224319,20in Monitor,1,109.99,2019-07-24 21:18:00,"192 West St, Atlanta, GA 30301",July
228749,20in Monitor,1,109.99,2019-07-31 02:17:00,"757 Elm St, San Francisco, CA 94016",July
233008,20in Monitor,1,109.99,2019-07-05 21:26:00,"191 7th St, Los Angeles, CA 90001",July
226043,20in Monitor,1,109.99,2019-07-23 11:11:00,"569 West St, Boston, MA 02215",July
232484,20in Monitor,1,109.99,2019-07-05 09:44:00,"105 13th St, Austin, TX 73301",July
232823,20in Monitor,1,109.99,2019-07-28 18:59:00,"477 Sunset St, Seattle, WA 98101",July
228234,20in Monitor,1,109.99,2019-07-02 23:18:00,"285 Willow St, Los Angeles, CA 90001",July
224182,20in Monitor,1,109.99,2019-07-07 22:48:00,"40 Willow St, Dallas, TX 75001",July
225290,20in Monitor,1,109.99,2019-07-30 15:39:00,"535 4th St, Dallas, TX 75001",July
233867,20in Monitor,1,109.99,2019-07-08 10:55:00,"968 Hickory St, New York City, NY 10001",July
233893,20in Monitor,1,109.99,2019-07-19 22:46:00,"108 Spruce St, Portland, OR 97035",July
234939,20in Monitor,1,109.99,2019-07-16 11:56:00,"649 North St, San Francisco, CA 94016",July
228043,20in Monitor,1,109.99,2019-07-29 00:21:00,"564 Willow St, San Francisco, CA 94016",July
228148,20in Monitor,1,109.99,2019-07-11 12:02:00,"254 9th St, San Francisco, CA 94016",July
230114,20in Monitor,1,109.99,2019-07-10 19:30:00,"863 Wilson St, Austin, TX 73301",July
232312,20in Monitor,1,109.99,2019-07-11 21:41:00,"386 12th St, Seattle, WA 98101",July
233360,20in Monitor,1,109.99,2019-07-21 15:14:00,"908 Chestnut St, New York City, NY 10001",July
234680,20in Monitor,1,109.99,2019-07-19 04:14:00,"83 Wilson St, San Francisco, CA 94016",July
233207,20in Monitor,1,109.99,2019-07-02 00:52:00,"868 6th St, Seattle, WA 98101",July
228514,20in Monitor,1,109.99,2019-07-04 16:51:00,"460 Jefferson St, Portland, OR 97035",July
230519,20in Monitor,1,109.99,2019-07-10 17:50:00,"760 Pine St, Dallas, TX 75001",July
242456,20in Monitor,1,109.99,2019-08-25 15:13:00,"406 Adams St, Dallas, TX 75001",August
242542,20in Monitor,1,109.99,2019-08-26 16:55:00,"779 Elm St, Portland, OR 97035",August
237798,20in Monitor,1,109.99,2019-08-22 06:21:00,"803 Lincoln St, San Francisco, CA 94016",August
246139,20in Monitor,1,109.99,2019-09-01 01:00:00,"761 Forest St, San Francisco, CA 94016",September
247114,20in Monitor,1,109.99,2019-08-23 18:17:00,"936 Ridge St, Dallas, TX 75001",August
237061,20in Monitor,1,109.99,2019-08-01 09:35:00,"847 West St, San Francisco, CA 94016",August
241929,20in Monitor,1,109.99,2019-08-16 08:57:00,"345 Center St, Seattle, WA 98101",August
239189,20in Monitor,1,109.99,2019-08-14 15:28:00,"540 Lincoln St, Los Angeles, CA 90001",August
243866,20in Monitor,1,109.99,2019-08-29 14:18:00,"198 Center St, Atlanta, GA 30301",August
237720,20in Monitor,1,109.99,2019-08-07 11:01:00,"569 Main St, Portland, ME 04101",August
241631,20in Monitor,1,109.99,2019-08-03 18:33:00,"447 1st St, San Francisco, CA 94016",August
246542,20in Monitor,1,109.99,2019-08-27 16:46:00,"790 4th St, New York City, NY 10001",August
247571,20in Monitor,1,109.99,2019-08-02 09:37:00,"232 4th St, Dallas, TX 75001",August
238938,20in Monitor,1,109.99,2019-08-30 17:37:00,"140 Spruce St, Portland, OR 97035",August
246479,20in Monitor,1,109.99,2019-08-15 13:17:00,"880 14th St, Boston, MA 02215",August
247390,20in Monitor,1,109.99,2019-08-20 02:27:00,"234 7th St, San Francisco, CA 94016",August
247627,20in Monitor,1,109.99,2019-08-24 20:23:00,"210 10th St, Dallas, TX 75001",August
246786,20in Monitor,1,109.99,2019-08-28 20:00:00,"85 9th St, Los Angeles, CA 90001",August
246360,20in Monitor,1,109.99,2019-08-03 22:07:00,"707 Spruce St, San Francisco, CA 94016",August
248129,20in Monitor,1,109.99,2019-08-04 11:43:00,"599 11th St, Dallas, TX 75001",August
237196,20in Monitor,1,109.99,2019-08-31 13:22:00,"685 Park St, San Francisco, CA 94016",August
237659,20in Monitor,1,109.99,2019-08-06 09:16:00,"387 River St, Seattle, WA 98101",August
245742,20in Monitor,1,109.99,2019-08-17 16:39:00,"323 North St, Seattle, WA 98101",August
239557,20in Monitor,1,109.99,2019-08-27 20:10:00,"722 9th St, Boston, MA 02215",August
240386,20in Monitor,1,109.99,2019-08-24 21:39:00,"802 West St, Boston, MA 02215",August
245639,20in Monitor,1,109.99,2019-08-19 12:17:00,"430 Walnut St, Los Angeles, CA 90001",August
242035,20in Monitor,1,109.99,2019-08-03 22:21:00,"44 Center St, Dallas, TX 75001",August
237354,20in Monitor,1,109.99,2019-08-31 12:07:00,"747 South St, Los Angeles, CA 90001",August
244559,20in Monitor,1,109.99,2019-08-09 23:19:00,"431 Maple St, New York City, NY 10001",August
246007,20in Monitor,1,109.99,2019-08-19 14:06:00,"112 Sunset St, New York City, NY 10001",August
243303,20in Monitor,1,109.99,2019-08-28 08:56:00,"992 Cedar St, New York City, NY 10001",August
241281,20in Monitor,1,109.99,2019-08-18 16:02:00,"903 Chestnut St, San Francisco, CA 94016",August
237583,20in Monitor,1,109.99,2019-08-02 17:49:00,"22 Sunset St, San Francisco, CA 94016",August
239012,20in Monitor,1,109.99,2019-08-23 12:29:00,"139 North St, Atlanta, GA 30301",August
236962,20in Monitor,1,109.99,2019-08-08 19:54:00,"296 14th St, Seattle, WA 98101",August
238735,20in Monitor,1,109.99,2019-08-18 22:56:00,"418 West St, San Francisco, CA 94016",August
242097,20in Monitor,1,109.99,2019-08-16 17:35:00,"333 Elm St, San Francisco, CA 94016",August
247631,20in Monitor,1,109.99,2019-08-04 18:04:00,"594 12th St, Los Angeles, CA 90001",August
237345,20in Monitor,1,109.99,2019-08-06 22:59:00,"86 2nd St, Seattle, WA 98101",August
238891,20in Monitor,1,109.99,2019-08-16 12:35:00,"128 Dogwood St, Los Angeles, CA 90001",August
238980,20in Monitor,1,109.99,2019-08-20 19:19:00,"427 Pine St, New York City, NY 10001",August
241562,20in Monitor,1,109.99,2019-08-06 17:09:00,"651 Willow St, New York City, NY 10001",August
241913,20in Monitor,1,109.99,2019-08-25 09:36:00,"190 Lake St, Austin, TX 73301",August
246879,20in Monitor,1,109.99,2019-08-06 07:28:00,"549 Cedar St, Atlanta, GA 30301",August
245250,20in Monitor,1,109.99,2019-08-28 13:17:00,"549 11th St, New York City, NY 10001",August
245994,20in Monitor,1,109.99,2019-08-27 09:37:00,"625 Hickory St, Seattle, WA 98101",August
248003,20in Monitor,1,109.99,2019-08-04 13:10:00,"214 Highland St, Los Angeles, CA 90001",August
257403,20in Monitor,1,109.99,2019-09-09 17:55:00,"666 Jackson St, Los Angeles, CA 90001",September
253289,20in Monitor,1,109.99,2019-09-22 11:56:00,"177 Jefferson St, Portland, OR 97035",September
256666,20in Monitor,1,109.99,2019-09-12 14:10:00,"169 8th St, Los Angeles, CA 90001",September
251424,20in Monitor,1,109.99,2019-09-01 06:14:00,"649 Sunset St, Portland, OR 97035",September
252850,20in Monitor,1,109.99,2019-09-06 20:52:00,"644 14th St, New York City, NY 10001",September
258251,20in Monitor,1,109.99,2019-09-19 19:00:00,"755 Cedar St, Los Angeles, CA 90001",September
248796,20in Monitor,1,109.99,2019-09-11 23:43:00,"559 Hill St, New York City, NY 10001",September
253487,20in Monitor,1,109.99,2019-09-20 22:03:00,"85 12th St, New York City, NY 10001",September
251060,20in Monitor,1,109.99,2019-09-17 13:09:00,"884 South St, Los Angeles, CA 90001",September
251525,20in Monitor,1,109.99,2019-09-18 17:47:00,"690 Lincoln St, Austin, TX 73301",September
251875,20in Monitor,1,109.99,2019-09-18 14:41:00,"504 Wilson St, Dallas, TX 75001",September
255654,20in Monitor,1,109.99,2019-09-20 10:36:00,"23 7th St, Portland, OR 97035",September
255716,20in Monitor,1,109.99,2019-09-20 20:27:00,"71 Pine St, Portland, ME 04101",September
253312,20in Monitor,1,109.99,2019-09-20 13:22:00,"830 Lincoln St, Los Angeles, CA 90001",September
253776,20in Monitor,1,109.99,2019-09-13 22:11:00,"370 Main St, Los Angeles, CA 90001",September
253865,20in Monitor,1,109.99,2019-09-05 13:42:00,"996 Church St, San Francisco, CA 94016",September
255269,20in Monitor,1,109.99,2019-09-23 11:55:00,"4 7th St, Portland, OR 97035",September
251279,20in Monitor,1,109.99,2019-09-28 18:48:00,"146 Lake St, Austin, TX 73301",September
252013,20in Monitor,1,109.99,2019-09-03 21:03:00,"259 Cherry St, Boston, MA 02215",September
252292,20in Monitor,1,109.99,2019-09-15 15:08:00,"947 7th St, Seattle, WA 98101",September
257714,20in Monitor,1,109.99,2019-09-25 09:30:00,"134 Church St, San Francisco, CA 94016",September
253238,20in Monitor,1,109.99,2019-09-05 08:32:00,"962 Maple St, Atlanta, GA 30301",September
248814,20in Monitor,1,109.99,2019-09-23 06:37:00,"530 5th St, Los Angeles, CA 90001",September
250053,20in Monitor,1,109.99,2019-09-12 02:39:00,"666 Spruce St, Los Angeles, CA 90001",September
255485,20in Monitor,1,109.99,2019-09-13 10:33:00,"115 11th St, San Francisco, CA 94016",September
257651,20in Monitor,1,109.99,2019-09-29 21:31:00,"764 Hickory St, New York City, NY 10001",September
249028,20in Monitor,1,109.99,2019-09-27 11:13:00,"64 Jefferson St, Boston, MA 02215",September
253553,20in Monitor,1,109.99,2019-09-09 13:43:00,"316 Hickory St, Los Angeles, CA 90001",September
251339,20in Monitor,1,109.99,2019-09-17 08:48:00,"620 Washington St, Los Angeles, CA 90001",September
255310,20in Monitor,1,109.99,2019-09-11 12:20:00,"555 West St, Los Angeles, CA 90001",September
255245,20in Monitor,1,109.99,2019-09-07 00:20:00,"523 6th St, Los Angeles, CA 90001",September
257252,20in Monitor,1,109.99,2019-09-19 14:18:00,"337 South St, Portland, OR 97035",September
250030,20in Monitor,1,109.99,2019-09-06 07:44:00,"545 Park St, San Francisco, CA 94016",September
253614,20in Monitor,1,109.99,2019-09-27 08:16:00,"513 12th St, Seattle, WA 98101",September
257074,20in Monitor,1,109.99,2019-09-16 07:26:00,"38 Washington St, San Francisco, CA 94016",September
255124,20in Monitor,1,109.99,2019-09-20 12:34:00,"977 Chestnut St, New York City, NY 10001",September
254062,20in Monitor,1,109.99,2019-09-16 19:43:00,"27 9th St, Los Angeles, CA 90001",September
256573,20in Monitor,1,109.99,2019-09-16 21:50:00,"677 Walnut St, San Francisco, CA 94016",September
256956,20in Monitor,1,109.99,2019-09-08 18:08:00,"816 Elm St, Los Angeles, CA 90001",September
258258,20in Monitor,1,109.99,2019-09-24 07:52:00,"560 1st St, Los Angeles, CA 90001",September
258414,20in Monitor,1,109.99,2019-09-02 13:21:00,"217 West St, Dallas, TX 75001",September
255732,20in Monitor,1,109.99,2019-09-04 21:29:00,"133 Church St, Los Angeles, CA 90001",September
257817,20in Monitor,1,109.99,2019-09-21 19:40:00,"102 Ridge St, Dallas, TX 75001",September
249026,20in Monitor,1,109.99,2019-09-03 20:10:00,"587 8th St, Boston, MA 02215",September
249401,20in Monitor,1,109.99,2019-09-10 12:15:00,"79 Johnson St, Atlanta, GA 30301",September
253080,20in Monitor,1,109.99,2019-09-06 15:15:00,"401 Church St, New York City, NY 10001",September
253626,20in Monitor,1,109.99,2019-09-05 21:34:00,"755 13th St, San Francisco, CA 94016",September
257086,20in Monitor,1,109.99,2019-09-14 09:29:00,"889 Dogwood St, Seattle, WA 98101",September
248472,20in Monitor,1,109.99,2019-09-27 23:55:00,"354 12th St, Boston, MA 02215",September
250295,20in Monitor,1,109.99,2019-09-27 23:38:00,"278 10th St, San Francisco, CA 94016",September
252442,20in Monitor,2,109.99,2019-09-17 20:12:00,"860 8th St, Atlanta, GA 30301",September
255117,20in Monitor,1,109.99,2019-09-11 17:18:00,"971 West St, San Francisco, CA 94016",September
254884,20in Monitor,1,109.99,2019-09-16 13:57:00,"508 10th St, Portland, OR 97035",September
256882,20in Monitor,1,109.99,2019-09-30 10:29:00,"288 Forest St, San Francisco, CA 94016",September
257996,20in Monitor,1,109.99,2019-09-02 19:58:00,"180 Chestnut St, San Francisco, CA 94016",September
268151,20in Monitor,1,109.99,2019-10-31 09:17:00,"772 Elm St, Dallas, TX 75001",October
268735,20in Monitor,1,109.99,2019-10-13 18:11:00,"120 Cedar St, Boston, MA 02215",October
271917,20in Monitor,1,109.99,2019-10-31 20:40:00,"985 River St, San Francisco, CA 94016",October
265669,20in Monitor,1,109.99,2019-10-13 15:12:00,"446 Chestnut St, Los Angeles, CA 90001",October
276794,20in Monitor,1,109.99,2019-10-12 20:31:00,"926 7th St, Atlanta, GA 30301",October
265900,20in Monitor,1,109.99,2019-10-19 08:46:00,"649 Willow St, San Francisco, CA 94016",October
275502,20in Monitor,1,109.99,2019-10-25 19:26:00,"747 12th St, Boston, MA 02215",October
265192,20in Monitor,1,109.99,2019-10-19 18:06:00,"991 Hickory St, New York City, NY 10001",October
259479,20in Monitor,1,109.99,2019-10-29 18:42:00,"43 Sunset St, Atlanta, GA 30301",October
259747,20in Monitor,1,109.99,2019-10-21 15:07:00,"24 Lincoln St, San Francisco, CA 94016",October
260173,20in Monitor,1,109.99,2019-10-26 11:38:00,"350 Washington St, Boston, MA 02215",October
262729,20in Monitor,1,109.99,2019-10-03 18:20:00,"420 Chestnut St, San Francisco, CA 94016",October
267187,20in Monitor,1,109.99,2019-10-01 13:26:00,"9 Church St, New York City, NY 10001",October
260508,20in Monitor,1,109.99,2019-10-23 14:00:00,"999 Main St, San Francisco, CA 94016",October
261331,20in Monitor,1,109.99,2019-10-16 12:41:00,"115 1st St, Seattle, WA 98101",October
269828,20in Monitor,1,109.99,2019-10-05 13:08:00,"681 Jackson St, New York City, NY 10001",October
272474,20in Monitor,1,109.99,2019-10-24 14:30:00,"171 Wilson St, New York City, NY 10001",October
275044,20in Monitor,1,109.99,2019-10-14 20:30:00,"200 7th St, Boston, MA 02215",October
277624,20in Monitor,1,109.99,2019-10-27 19:45:00,"163 Adams St, San Francisco, CA 94016",October
265918,20in Monitor,1,109.99,2019-10-29 22:51:00,"882 South St, New York City, NY 10001",October
266192,20in Monitor,1,109.99,2019-10-21 16:54:00,"268 Willow St, Boston, MA 02215",October
267245,20in Monitor,1,109.99,2019-10-27 20:35:00,"605 Cherry St, Dallas, TX 75001",October
273329,20in Monitor,1,109.99,2019-10-17 16:39:00,"177 Meadow St, Dallas, TX 75001",October
264275,20in Monitor,1,109.99,2019-10-11 12:21:00,"537 11th St, San Francisco, CA 94016",October
276274,20in Monitor,1,109.99,2019-10-18 19:10:00,"527 5th St, San Francisco, CA 94016",October
261585,20in Monitor,1,109.99,2019-10-09 14:36:00,"74 Lakeview St, Atlanta, GA 30301",October
266646,20in Monitor,1,109.99,2019-10-02 08:17:00,"655 Johnson St, San Francisco, CA 94016",October
275685,20in Monitor,1,109.99,2019-10-16 16:01:00,"672 Willow St, Boston, MA 02215",October
277584,20in Monitor,1,109.99,2019-10-04 12:57:00,"820 Main St, Atlanta, GA 30301",October
278034,20in Monitor,1,109.99,2019-10-26 01:40:00,"612 Walnut St, New York City, NY 10001",October
262474,20in Monitor,1,109.99,2019-10-31 00:25:00,"51 Ridge St, Boston, MA 02215",October
260909,20in Monitor,1,109.99,2019-10-07 21:43:00,"550 Jackson St, San Francisco, CA 94016",October
261641,20in Monitor,1,109.99,2019-10-31 17:09:00,"424 Dogwood St, New York City, NY 10001",October
261734,20in Monitor,1,109.99,2019-10-11 02:27:00,"452 9th St, Seattle, WA 98101",October
263677,20in Monitor,1,109.99,2019-10-11 16:32:00,"252 6th St, San Francisco, CA 94016",October
261558,20in Monitor,1,109.99,2019-10-21 05:43:00,"79 2nd St, Dallas, TX 75001",October
274244,20in Monitor,1,109.99,2019-10-14 23:27:00,"445 Hickory St, Los Angeles, CA 90001",October
274852,20in Monitor,1,109.99,2019-10-26 21:05:00,"426 Jefferson St, Los Angeles, CA 90001",October
276112,20in Monitor,1,109.99,2019-10-02 01:28:00,"487 Cedar St, Dallas, TX 75001",October
262055,20in Monitor,1,109.99,2019-10-22 20:28:00,"549 Lincoln St, San Francisco, CA 94016",October
267370,20in Monitor,1,109.99,2019-10-16 15:54:00,"379 Walnut St, San Francisco, CA 94016",October
268021,20in Monitor,1,109.99,2019-10-22 15:38:00,"22 Lakeview St, Dallas, TX 75001",October
269664,20in Monitor,1,109.99,2019-10-04 22:35:00,"125 Forest St, Los Angeles, CA 90001",October
270705,20in Monitor,1,109.99,2019-10-21 14:02:00,"402 Johnson St, Los Angeles, CA 90001",October
271818,20in Monitor,1,109.99,2019-10-27 10:53:00,"682 12th St, Los Angeles, CA 90001",October
275369,20in Monitor,1,109.99,2019-10-24 16:15:00,"177 Ridge St, Boston, MA 02215",October
266144,20in Monitor,1,109.99,2019-10-28 10:58:00,"846 9th St, San Francisco, CA 94016",October
266331,20in Monitor,1,109.99,2019-10-26 21:59:00,"483 10th St, Seattle, WA 98101",October
269282,20in Monitor,1,109.99,2019-10-21 00:32:00,"301 8th St, Portland, OR 97035",October
260082,20in Monitor,1,109.99,2019-10-10 19:08:00,"679 River St, Portland, OR 97035",October
260488,20in Monitor,1,109.99,2019-10-17 09:42:00,"562 South St, San Francisco, CA 94016",October
261925,20in Monitor,1,109.99,2019-10-02 10:56:00,"988 Park St, Atlanta, GA 30301",October
268237,20in Monitor,1,109.99,2019-10-26 22:42:00,"583 11th St, Los Angeles, CA 90001",October
265792,20in Monitor,1,109.99,2019-10-11 18:36:00,"264 Park St, New York City, NY 10001",October
272964,20in Monitor,1,109.99,2019-10-23 10:33:00,"722 Highland St, Boston, MA 02215",October
278664,20in Monitor,1,109.99,2019-10-08 19:42:00,"891 9th St, Los Angeles, CA 90001",October
260225,20in Monitor,1,109.99,2019-10-19 19:15:00,"323 Willow St, San Francisco, CA 94016",October
267536,20in Monitor,1,109.99,2019-10-05 12:01:00,"808 Main St, Austin, TX 73301",October
267766,20in Monitor,1,109.99,2019-10-28 22:52:00,"753 Maple St, Seattle, WA 98101",October
278496,20in Monitor,1,109.99,2019-10-31 19:06:00,"249 10th St, Dallas, TX 75001",October
263099,20in Monitor,1,109.99,2019-10-13 10:14:00,"484 Madison St, Portland, OR 97035",October
265995,20in Monitor,1,109.99,2019-10-02 13:04:00,"511 11th St, Austin, TX 73301",October
278515,20in Monitor,1,109.99,2019-10-10 21:01:00,"257 10th St, Los Angeles, CA 90001",October
274689,20in Monitor,1,109.99,2019-10-02 18:57:00,"385 Cherry St, Dallas, TX 75001",October
277668,20in Monitor,1,109.99,2019-10-22 07:59:00,"346 Jefferson St, New York City, NY 10001",October
270103,20in Monitor,1,109.99,2019-10-22 11:44:00,"864 Hill St, San Francisco, CA 94016",October
276688,20in Monitor,1,109.99,2019-10-02 18:12:00,"623 7th St, New York City, NY 10001",October
259817,20in Monitor,1,109.99,2019-10-19 14:14:00,"723 Center St, Los Angeles, CA 90001",October
275413,20in Monitor,1,109.99,2019-10-20 11:38:00,"976 Elm St, Boston, MA 02215",October
275557,20in Monitor,1,109.99,2019-10-09 21:51:00,"736 Johnson St, San Francisco, CA 94016",October
259370,20in Monitor,1,109.99,2019-10-28 23:56:00,"528 Forest St, San Francisco, CA 94016",October
260252,20in Monitor,1,109.99,2019-10-10 22:45:00,"809 Main St, Atlanta, GA 30301",October
264741,20in Monitor,1,109.99,2019-10-19 12:14:00,"261 Jefferson St, San Francisco, CA 94016",October
271598,20in Monitor,1,109.99,2019-10-05 18:20:00,"93 Park St, Dallas, TX 75001",October
267200,20in Monitor,1,109.99,2019-10-01 20:13:00,"971 Pine St, San Francisco, CA 94016",October
273038,20in Monitor,1,109.99,2019-10-06 20:18:00,"68 5th St, Dallas, TX 75001",October
277033,20in Monitor,1,109.99,2019-10-18 10:29:00,"164 13th St, San Francisco, CA 94016",October
262739,20in Monitor,1,109.99,2019-10-04 12:20:00,"905 Spruce St, San Francisco, CA 94016",October
271833,20in Monitor,1,109.99,2019-10-20 12:11:00,"572 Maple St, Boston, MA 02215",October
291288,20in Monitor,1,109.99,2019-11-30 18:17:00,"695 Highland St, Atlanta, GA 30301",November
282161,20in Monitor,1,109.99,2019-11-23 17:19:00,"423 Spruce St, San Francisco, CA 94016",November
290113,20in Monitor,1,109.99,2019-11-12 14:36:00,"819 5th St, Boston, MA 02215",November
290861,20in Monitor,1,109.99,2019-11-22 19:57:00,"323 Forest St, San Francisco, CA 94016",November
281764,20in Monitor,1,109.99,2019-11-24 21:45:00,"813 8th St, Austin, TX 73301",November
288654,20in Monitor,1,109.99,2019-11-28 17:17:00,"290 Madison St, Boston, MA 02215",November
279306,20in Monitor,1,109.99,2019-11-24 18:44:00,"135 11th St, San Francisco, CA 94016",November
278881,20in Monitor,1,109.99,2019-11-22 11:30:00,"695 Jefferson St, New York City, NY 10001",November
282060,20in Monitor,1,109.99,2019-11-22 07:59:00,"138 Chestnut St, New York City, NY 10001",November
286279,20in Monitor,1,109.99,2019-11-21 20:04:00,"580 Lincoln St, Boston, MA 02215",November
294351,20in Monitor,1,109.99,2019-11-27 17:38:00,"313 West St, Los Angeles, CA 90001",November
280151,20in Monitor,1,109.99,2019-11-27 13:57:00,"940 Meadow St, Portland, OR 97035",November
284739,20in Monitor,1,109.99,2019-11-25 13:11:00,"878 14th St, New York City, NY 10001",November
287212,20in Monitor,1,109.99,2019-11-05 19:01:00,"721 Hill St, New York City, NY 10001",November
290199,20in Monitor,1,109.99,2019-11-30 10:48:00,"701 Meadow St, San Francisco, CA 94016",November
279179,20in Monitor,1,109.99,2019-11-05 17:51:00,"568 Meadow St, San Francisco, CA 94016",November
290548,20in Monitor,1,109.99,2019-11-10 19:32:00,"523 Main St, Atlanta, GA 30301",November
281201,20in Monitor,1,109.99,2019-11-29 10:40:00,"129 14th St, Portland, OR 97035",November
284142,20in Monitor,1,109.99,2019-11-04 15:03:00,"10 Main St, Seattle, WA 98101",November
285265,20in Monitor,1,109.99,2019-11-16 13:06:00,"918 North St, Dallas, TX 75001",November
285494,20in Monitor,1,109.99,2019-11-05 00:21:00,"512 Meadow St, Los Angeles, CA 90001",November
287504,20in Monitor,1,109.99,2019-11-07 11:44:00,"771 Johnson St, San Francisco, CA 94016",November
280317,20in Monitor,1,109.99,2019-11-03 22:39:00,"722 Highland St, Los Angeles, CA 90001",November
287407,20in Monitor,1,109.99,2019-11-27 14:24:00,"614 2nd St, Los Angeles, CA 90001",November
289975,20in Monitor,1,109.99,2019-11-01 12:41:00,"646 12th St, San Francisco, CA 94016",November
293458,20in Monitor,1,109.99,2019-11-11 21:06:00,"154 6th St, New York City, NY 10001",November
281860,20in Monitor,1,109.99,2019-11-30 23:51:00,"606 Meadow St, Boston, MA 02215",November
282134,20in Monitor,1,109.99,2019-11-08 14:45:00,"903 Madison St, Seattle, WA 98101",November
279043,20in Monitor,1,109.99,2019-11-20 12:46:00,"174 2nd St, Portland, OR 97035",November
294070,20in Monitor,1,109.99,2019-11-16 00:43:00,"303 7th St, New York City, NY 10001",November
295038,20in Monitor,1,109.99,2019-11-15 16:30:00,"767 Center St, Portland, OR 97035",November
280915,20in Monitor,1,109.99,2019-11-15 19:52:00,"853 Wilson St, San Francisco, CA 94016",November
282421,20in Monitor,1,109.99,2019-11-30 18:42:00,"346 River St, Seattle, WA 98101",November
285059,20in Monitor,1,109.99,2019-11-01 16:22:00,"972 Cherry St, Boston, MA 02215",November
285453,20in Monitor,1,109.99,2019-11-02 10:51:00,"292 Cherry St, San Francisco, CA 94016",November
287374,20in Monitor,1,109.99,2019-11-17 10:24:00,"265 1st St, Los Angeles, CA 90001",November
282248,20in Monitor,1,109.99,2019-11-27 21:38:00,"604 1st St, San Francisco, CA 94016",November
291219,20in Monitor,1,109.99,2019-11-30 15:03:00,"191 Park St, Los Angeles, CA 90001",November
292354,20in Monitor,1,109.99,2019-11-12 11:58:00,"98 Lake St, Portland, OR 97035",November
289958,20in Monitor,1,109.99,2019-12-01 00:46:00,"833 River St, San Francisco, CA 94016",December
294015,20in Monitor,1,109.99,2019-11-21 11:12:00,"776 10th St, New York City, NY 10001",November
282540,20in Monitor,1,109.99,2019-11-12 15:29:00,"488 Center St, Dallas, TX 75001",November
288113,20in Monitor,1,109.99,2019-11-27 13:43:00,"899 Hickory St, San Francisco, CA 94016",November
279985,20in Monitor,1,109.99,2019-11-26 15:09:00,"54 1st St, Seattle, WA 98101",November
287351,20in Monitor,1,109.99,2019-11-22 07:12:00,"548 Forest St, Austin, TX 73301",November
292108,20in Monitor,1,109.99,2019-11-01 13:43:00,"46 5th St, Los Angeles, CA 90001",November
283796,20in Monitor,1,109.99,2019-11-29 17:13:00,"809 Jefferson St, San Francisco, CA 94016",November
284914,20in Monitor,1,109.99,2019-11-17 12:58:00,"447 Cherry St, New York City, NY 10001",November
280211,20in Monitor,1,109.99,2019-11-12 05:50:00,"671 Highland St, Boston, MA 02215",November
284054,20in Monitor,1,109.99,2019-11-10 11:19:00,"118 Walnut St, San Francisco, CA 94016",November
284703,20in Monitor,1,109.99,2019-11-05 17:12:00,"261 Wilson St, San Francisco, CA 94016",November
279738,20in Monitor,1,109.99,2019-11-13 16:27:00,"701 West St, San Francisco, CA 94016",November
280660,20in Monitor,1,109.99,2019-11-19 17:22:00,"937 Johnson St, Los Angeles, CA 90001",November
281073,20in Monitor,1,109.99,2019-11-16 14:13:00,"781 2nd St, Dallas, TX 75001",November
282904,20in Monitor,1,109.99,2019-11-01 19:00:00,"964 11th St, Austin, TX 73301",November
279120,20in Monitor,1,109.99,2019-11-03 17:35:00,"231 1st St, Boston, MA 02215",November
288934,20in Monitor,1,109.99,2019-11-15 08:44:00,"814 South St, Dallas, TX 75001",November
291608,20in Monitor,1,109.99,2019-11-01 20:49:00,"637 West St, Austin, TX 73301",November
291821,20in Monitor,1,109.99,2019-11-02 11:07:00,"674 Hill St, Seattle, WA 98101",November
292726,20in Monitor,1,109.99,2019-11-05 13:48:00,"707 Elm St, Los Angeles, CA 90001",November
290684,20in Monitor,1,109.99,2019-11-30 17:42:00,"320 Adams St, Los Angeles, CA 90001",November
292693,20in Monitor,1,109.99,2019-11-15 19:19:00,"764 7th St, Portland, OR 97035",November
294522,20in Monitor,1,109.99,2019-11-05 12:39:00,"838 South St, Los Angeles, CA 90001",November
289730,20in Monitor,1,109.99,2019-11-30 14:59:00,"652 West St, New York City, NY 10001",November
302794,20in Monitor,1,109.99,2019-12-22 09:53:00,"111 1st St, Los Angeles, CA 90001",December
296738,20in Monitor,1,109.99,2019-12-17 14:57:00,"207 Lakeview St, San Francisco, CA 94016",December
317576,20in Monitor,1,109.99,2019-12-21 21:45:00,"640 Lake St, Los Angeles, CA 90001",December
319166,20in Monitor,1,109.99,2019-12-27 07:29:00,"448 Spruce St, New York City, NY 10001",December
295855,20in Monitor,1,109.99,2019-12-12 17:43:00,"584 9th St, Boston, MA 02215",December
301117,20in Monitor,1,109.99,2019-12-22 16:03:00,"688 Elm St, Boston, MA 02215",December
308268,20in Monitor,1,109.99,2019-12-31 21:00:00,"411 5th St, New York City, NY 10001",December
311139,20in Monitor,1,109.99,2019-12-31 19:40:00,"349 Church St, Austin, TX 73301",December
300159,20in Monitor,1,109.99,2019-12-23 09:51:00,"565 Main St, Seattle, WA 98101",December
303549,20in Monitor,1,109.99,2019-12-17 07:13:00,"336 4th St, New York City, NY 10001",December
304202,20in Monitor,1,109.99,2019-12-31 12:57:00,"721 Elm St, Boston, MA 02215",December
297231,20in Monitor,1,109.99,2019-12-24 07:27:00,"13 4th St, Portland, OR 97035",December
299886,20in Monitor,1,109.99,2019-12-12 14:11:00,"368 11th St, San Francisco, CA 94016",December
309091,20in Monitor,1,109.99,2019-12-09 19:01:00,"533 Cherry St, San Francisco, CA 94016",December
312748,20in Monitor,1,109.99,2019-12-22 11:45:00,"314 2nd St, Boston, MA 02215",December
296661,20in Monitor,1,109.99,2019-12-29 22:30:00,"476 Ridge St, Los Angeles, CA 90001",December
303935,20in Monitor,1,109.99,2019-12-13 06:41:00,"676 14th St, Los Angeles, CA 90001",December
316286,20in Monitor,1,109.99,2019-12-21 08:36:00,"712 West St, Los Angeles, CA 90001",December
299876,20in Monitor,1,109.99,2019-12-05 18:51:00,"902 5th St, San Francisco, CA 94016",December
301720,20in Monitor,1,109.99,2019-12-12 10:15:00,"586 Walnut St, Los Angeles, CA 90001",December
303737,20in Monitor,1,109.99,2019-12-18 12:43:00,"442 Maple St, Los Angeles, CA 90001",December
315154,20in Monitor,1,109.99,2019-12-09 12:42:00,"372 8th St, San Francisco, CA 94016",December
310914,20in Monitor,1,109.99,2019-12-06 21:58:00,"247 Maple St, Los Angeles, CA 90001",December
315444,20in Monitor,1,109.99,2019-12-24 10:09:00,"311 Ridge St, San Francisco, CA 94016",December
315078,20in Monitor,1,109.99,2019-12-17 22:20:00,"237 Main St, San Francisco, CA 94016",December
302311,20in Monitor,1,109.99,2019-12-10 10:00:00,"270 Church St, Seattle, WA 98101",December
315337,20in Monitor,1,109.99,2019-12-11 13:29:00,"37 Jefferson St, San Francisco, CA 94016",December
316845,20in Monitor,1,109.99,2019-12-28 19:07:00,"643 Madison St, Dallas, TX 75001",December
297613,20in Monitor,1,109.99,2019-12-07 15:30:00,"642 Pine St, Los Angeles, CA 90001",December
298166,20in Monitor,1,109.99,2019-12-31 11:29:00,"414 Forest St, Portland, OR 97035",December
303421,20in Monitor,1,109.99,2019-12-10 20:36:00,"746 Walnut St, Seattle, WA 98101",December
304053,20in Monitor,1,109.99,2019-12-16 17:55:00,"954 Dogwood St, San Francisco, CA 94016",December
309454,20in Monitor,1,109.99,2019-12-18 17:49:00,"449 2nd St, Dallas, TX 75001",December
310810,20in Monitor,1,109.99,2019-12-27 07:19:00,"405 North St, Dallas, TX 75001",December
309588,20in Monitor,1,109.99,2019-12-20 21:50:00,"140 Forest St, San Francisco, CA 94016",December
316063,20in Monitor,1,109.99,2019-12-22 01:25:00,"203 Spruce St, Portland, OR 97035",December
298455,20in Monitor,1,109.99,2019-12-22 09:19:00,"702 Wilson St, New York City, NY 10001",December
304182,20in Monitor,1,109.99,2019-12-25 12:21:00,"859 Spruce St, Seattle, WA 98101",December
308402,20in Monitor,1,109.99,2019-12-19 20:53:00,"938 10th St, Boston, MA 02215",December
311261,20in Monitor,1,109.99,2019-12-16 15:29:00,"612 Spruce St, Atlanta, GA 30301",December
315741,20in Monitor,1,109.99,2019-12-23 17:46:00,"149 Sunset St, Atlanta, GA 30301",December
298399,20in Monitor,1,109.99,2019-12-31 03:14:00,"165 Sunset St, San Francisco, CA 94016",December
306814,20in Monitor,1,109.99,2019-12-02 18:53:00,"152 Ridge St, San Francisco, CA 94016",December
315511,20in Monitor,1,109.99,2019-12-17 14:07:00,"560 Jefferson St, New York City, NY 10001",December
316036,20in Monitor,1,109.99,2019-12-25 20:00:00,"114 Johnson St, Portland, OR 97035",December
319188,20in Monitor,1,109.99,2019-12-08 13:16:00,"884 Cherry St, San Francisco, CA 94016",December
296506,20in Monitor,1,109.99,2019-12-11 14:21:00,"276 South St, Portland, ME 04101",December
300249,20in Monitor,1,109.99,2019-12-17 11:27:00,"283 Lakeview St, Los Angeles, CA 90001",December
304510,20in Monitor,1,109.99,2019-12-21 17:42:00,"542 13th St, Austin, TX 73301",December
296740,20in Monitor,1,109.99,2019-12-06 06:13:00,"217 Forest St, Los Angeles, CA 90001",December
299706,20in Monitor,1,109.99,2019-12-17 09:33:00,"843 Wilson St, San Francisco, CA 94016",December
305847,20in Monitor,1,109.99,2019-12-07 15:20:00,"785 Pine St, Los Angeles, CA 90001",December
317762,20in Monitor,1,109.99,2019-12-15 10:05:00,"80 Park St, San Francisco, CA 94016",December
295716,20in Monitor,1,109.99,2019-12-03 23:28:00,"593 9th St, Los Angeles, CA 90001",December
297467,20in Monitor,1,109.99,2019-12-27 17:07:00,"53 Highland St, Dallas, TX 75001",December
303478,20in Monitor,1,109.99,2019-12-15 16:09:00,"179 Jefferson St, Seattle, WA 98101",December
301076,20in Monitor,1,109.99,2019-12-22 11:27:00,"145 Wilson St, Austin, TX 73301",December
304963,20in Monitor,1,109.99,2019-12-25 20:30:00,"802 Madison St, New York City, NY 10001",December
307459,20in Monitor,1,109.99,2019-12-16 12:42:00,"668 6th St, Seattle, WA 98101",December
220050,20in Monitor,1,109.99,2019-06-27 17:09:00,"875 10th St, Dallas, TX 75001",June
275455,20in Monitor,1,109.99,2019-10-01 12:22:00,"739 9th St, San Francisco, CA 94016",October
261684,20in Monitor,1,109.99,2019-10-12 13:17:00,"434 Maple St, Boston, MA 02215",October
287451,20in Monitor,1,109.99,2019-11-09 15:17:00,"519 Center St, Boston, MA 02215",November
281135,20in Monitor,1,109.99,2019-11-04 12:05:00,"115 Center St, San Francisco, CA 94016",November
295123,20in Monitor,1,109.99,2019-11-16 00:08:00,"121 Sunset St, San Francisco, CA 94016",November
306490,20in Monitor,1,109.99,2019-12-25 15:40:00,"456 14th St, Los Angeles, CA 90001",December
299079,20in Monitor,1,109.99,2019-12-18 13:45:00,"467 Ridge St, Boston, MA 02215",December
300068,20in Monitor,1,109.99,2019-12-02 17:47:00,"722 Cedar St, Los Angeles, CA 90001",December
312486,20in Monitor,1,109.99,2019-12-14 23:40:00,"405 10th St, Los Angeles, CA 90001",December
310529,20in Monitor,1,109.99,2019-12-28 15:36:00,"580 7th St, San Francisco, CA 94016",December
311632,20in Monitor,1,109.99,2019-12-28 17:44:00,"897 North St, Los Angeles, CA 90001",December
310632,20in Monitor,1,109.99,2019-12-08 13:47:00,"633 Center St, Seattle, WA 98101",December
311910,20in Monitor,1,109.99,2019-12-04 19:07:00,"413 Main St, Dallas, TX 75001",December
295807,20in Monitor,1,109.99,2019-12-23 10:59:00,"286 Lincoln St, Los Angeles, CA 90001",December
296326,20in Monitor,1,109.99,2019-12-25 11:10:00,"178 12th St, Los Angeles, CA 90001",December
297158,20in Monitor,1,109.99,2019-12-06 10:18:00,"119 Cedar St, Portland, OR 97035",December
297349,20in Monitor,1,109.99,2019-12-02 19:29:00,"165 River St, San Francisco, CA 94016",December
302144,20in Monitor,1,109.99,2019-12-04 11:17:00,"782 Adams St, Los Angeles, CA 90001",December
312193,20in Monitor,1,109.99,2019-12-13 04:29:00,"452 Hill St, Boston, MA 02215",December
312386,20in Monitor,1,109.99,2019-12-25 14:13:00,"637 Lake St, Los Angeles, CA 90001",December
316787,20in Monitor,1,109.99,2019-12-18 08:07:00,"957 2nd St, San Francisco, CA 94016",December
307648,20in Monitor,1,109.99,2019-12-21 09:51:00,"870 Chestnut St, San Francisco, CA 94016",December
313053,20in Monitor,1,109.99,2019-12-09 10:07:00,"377 Cedar St, New York City, NY 10001",December
301788,20in Monitor,1,109.99,2019-12-06 19:12:00,"666 Meadow St, San Francisco, CA 94016",December
304720,20in Monitor,1,109.99,2019-12-09 22:45:00,"852 Lakeview St, New York City, NY 10001",December
307839,20in Monitor,1,109.99,2019-12-26 03:33:00,"85 13th St, San Francisco, CA 94016",December
309730,20in Monitor,1,109.99,2019-12-28 13:59:00,"545 Ridge St, San Francisco, CA 94016",December
300565,20in Monitor,1,109.99,2019-12-09 15:49:00,"388 Center St, San Francisco, CA 94016",December
300915,20in Monitor,1,109.99,2019-12-24 02:36:00,"338 11th St, Atlanta, GA 30301",December
302871,20in Monitor,1,109.99,2019-12-20 16:31:00,"154 Spruce St, San Francisco, CA 94016",December
315455,20in Monitor,1,109.99,2019-12-22 14:15:00,"469 10th St, San Francisco, CA 94016",December
299154,20in Monitor,1,109.99,2019-12-06 07:57:00,"82 7th St, San Francisco, CA 94016",December
306642,20in Monitor,1,109.99,2019-12-09 13:18:00,"870 14th St, Los Angeles, CA 90001",December
306773,20in Monitor,1,109.99,2019-12-24 20:46:00,"751 14th St, Seattle, WA 98101",December
310801,20in Monitor,1,109.99,2019-12-22 13:05:00,"163 Adams St, Portland, ME 04101",December
318405,20in Monitor,1,109.99,2019-12-21 19:25:00,"662 Ridge St, Atlanta, GA 30301",December
319367,20in Monitor,1,109.99,2019-12-09 21:38:00,"995 North St, Austin, TX 73301",December
298005,20in Monitor,1,109.99,2019-12-25 09:22:00,"857 Cedar St, Austin, TX 73301",December
302322,20in Monitor,1,109.99,2019-12-14 19:44:00,"453 Adams St, Atlanta, GA 30301",December
305719,20in Monitor,1,109.99,2019-12-17 05:27:00,"984 8th St, Los Angeles, CA 90001",December
298939,20in Monitor,1,109.99,2019-12-13 23:51:00,"94 South St, San Francisco, CA 94016",December
311074,20in Monitor,1,109.99,2019-12-19 16:57:00,"137 13th St, Los Angeles, CA 90001",December
315446,20in Monitor,1,109.99,2019-12-25 18:53:00,"855 Ridge St, Austin, TX 73301",December
317399,20in Monitor,1,109.99,2019-12-29 16:48:00,"215 Ridge St, Portland, OR 97035",December
318937,20in Monitor,1,109.99,2019-12-04 20:59:00,"907 Wilson St, Seattle, WA 98101",December
315986,20in Monitor,1,109.99,2019-12-22 15:44:00,"17 2nd St, Los Angeles, CA 90001",December
299285,20in Monitor,1,109.99,2019-12-01 20:13:00,"640 11th St, Los Angeles, CA 90001",December
302526,20in Monitor,1,109.99,2019-12-21 09:19:00,"714 Jefferson St, Austin, TX 73301",December
310108,20in Monitor,1,109.99,2019-12-25 17:10:00,"993 Main St, Atlanta, GA 30301",December
318632,20in Monitor,1,109.99,2019-12-30 21:14:00,"651 North St, Los Angeles, CA 90001",December
311210,20in Monitor,1,109.99,2019-12-28 09:24:00,"38 Chestnut St, Boston, MA 02215",December
318936,20in Monitor,1,109.99,2019-12-19 10:31:00,"774 Spruce St, Portland, ME 04101",December
146367,20in Monitor,1,109.99,2019-01-27 19:46:00,"405 Spruce St, San Francisco, CA 94016",January
145776,20in Monitor,1,109.99,2019-01-17 08:52:00,"381 14th St, San Francisco, CA 94016",January
146439,20in Monitor,1,109.99,2019-01-20 11:27:00,"146 Ridge St, New York City, NY 10001",January
144261,20in Monitor,1,109.99,2019-01-30 16:17:00,"130 Walnut St, Austin, TX 73301",January
142964,20in Monitor,1,109.99,2019-01-22 19:19:00,"28 Chestnut St, Portland, OR 97035",January
143269,20in Monitor,1,109.99,2019-01-21 10:35:00,"108 Adams St, Boston, MA 02215",January
144436,20in Monitor,1,109.99,2019-01-10 17:16:00,"788 Dogwood St, Seattle, WA 98101",January
146772,20in Monitor,1,109.99,2019-01-13 15:14:00,"108 Cherry St, San Francisco, CA 94016",January
148911,20in Monitor,1,109.99,2019-01-30 13:27:00,"285 13th St, San Francisco, CA 94016",January
144836,20in Monitor,1,109.99,2019-01-02 15:25:00,"449 Maple St, Los Angeles, CA 90001",January
145865,20in Monitor,1,109.99,2019-01-23 11:56:00,"45 Ridge St, Dallas, TX 75001",January
147625,20in Monitor,1,109.99,2019-01-20 17:39:00,"781 Forest St, New York City, NY 10001",January
148805,20in Monitor,1,109.99,2019-01-13 14:14:00,"826 North St, New York City, NY 10001",January
149478,20in Monitor,1,109.99,2019-01-15 20:26:00,"961 Highland St, Portland, OR 97035",January
146325,20in Monitor,1,109.99,2019-01-09 21:06:00,"452 12th St, Portland, OR 97035",January
145415,20in Monitor,1,109.99,2019-01-26 15:07:00,"342 Willow St, Boston, MA 02215",January
145692,20in Monitor,1,109.99,2019-01-07 13:39:00,"711 Forest St, San Francisco, CA 94016",January
146436,20in Monitor,1,109.99,2019-01-18 10:30:00,"183 Adams St, New York City, NY 10001",January
144280,20in Monitor,1,109.99,2019-01-09 10:10:00,"509 Adams St, Los Angeles, CA 90001",January
147821,20in Monitor,1,109.99,2019-01-23 18:42:00,"720 9th St, San Francisco, CA 94016",January
143088,20in Monitor,1,109.99,2019-01-26 08:50:00,"367 1st St, Los Angeles, CA 90001",January
141944,20in Monitor,1,109.99,2019-01-31 18:04:00,"618 8th St, New York City, NY 10001",January
144606,20in Monitor,1,109.99,2019-01-26 20:12:00,"320 Jackson St, San Francisco, CA 94016",January
149764,20in Monitor,1,109.99,2019-01-25 07:28:00,"505 Lakeview St, Portland, OR 97035",January
145029,20in Monitor,1,109.99,2019-01-09 15:51:00,"108 Spruce St, Seattle, WA 98101",January
147865,20in Monitor,1,109.99,2019-01-14 11:00:00,"414 Center St, Portland, OR 97035",January
144738,20in Monitor,1,109.99,2019-01-09 12:38:00,"240 12th St, San Francisco, CA 94016",January
150250,20in Monitor,1,109.99,2019-01-16 13:51:00,"338 9th St, San Francisco, CA 94016",January
143739,20in Monitor,1,109.99,2019-01-21 09:19:00,"401 11th St, Los Angeles, CA 90001",January
142912,20in Monitor,1,109.99,2019-01-30 21:27:00,"7 Meadow St, New York City, NY 10001",January
143943,20in Monitor,1,109.99,2019-01-16 18:41:00,"43 Pine St, New York City, NY 10001",January
145069,20in Monitor,1,109.99,2019-01-04 22:46:00,"720 River St, Boston, MA 02215",January
145546,20in Monitor,1,109.99,2019-01-27 10:57:00,"459 Jefferson St, San Francisco, CA 94016",January
146535,20in Monitor,1,109.99,2019-01-04 21:36:00,"690 5th St, San Francisco, CA 94016",January
150258,20in Monitor,1,109.99,2019-01-24 13:35:00,"551 Willow St, Austin, TX 73301",January
143655,20in Monitor,1,109.99,2019-01-22 16:39:00,"102 2nd St, New York City, NY 10001",January
148768,20in Monitor,1,109.99,2019-01-18 16:14:00,"93 Cedar St, New York City, NY 10001",January
159822,20in Monitor,1,109.99,2019-02-06 12:09:00,"368 6th St, Los Angeles, CA 90001",February
160232,20in Monitor,1,109.99,2019-02-04 13:41:00,"786 Church St, San Francisco, CA 94016",February
151174,20in Monitor,1,109.99,2019-02-20 13:29:00,"784 13th St, Seattle, WA 98101",February
151381,20in Monitor,1,109.99,2019-02-20 15:26:00,"122 Johnson St, Los Angeles, CA 90001",February
151647,20in Monitor,1,109.99,2019-02-08 00:34:00,"743 Main St, Los Angeles, CA 90001",February
152992,20in Monitor,1,109.99,2019-02-02 14:13:00,"46 7th St, Seattle, WA 98101",February
151571,20in Monitor,1,109.99,2019-02-26 21:12:00,"322 Wilson St, Portland, OR 97035",February
155874,20in Monitor,1,109.99,2019-02-09 14:55:00,"337 West St, Austin, TX 73301",February
159493,20in Monitor,1,109.99,2019-02-19 22:50:00,"380 Meadow St, Dallas, TX 75001",February
159058,20in Monitor,1,109.99,2019-02-02 19:47:00,"282 North St, Boston, MA 02215",February
153546,20in Monitor,1,109.99,2019-02-05 16:04:00,"230 Meadow St, Los Angeles, CA 90001",February
157888,20in Monitor,1,109.99,2019-02-17 13:19:00,"506 Main St, Atlanta, GA 30301",February
160031,20in Monitor,1,109.99,2019-02-17 11:58:00,"994 Willow St, Atlanta, GA 30301",February
155404,20in Monitor,1,109.99,2019-02-14 00:30:00,"744 Walnut St, Boston, MA 02215",February
158592,20in Monitor,1,109.99,2019-02-02 18:31:00,"374 6th St, New York City, NY 10001",February
158102,20in Monitor,1,109.99,2019-02-07 23:37:00,"338 7th St, New York City, NY 10001",February
159537,20in Monitor,1,109.99,2019-02-28 00:53:00,"151 Lincoln St, Dallas, TX 75001",February
157689,20in Monitor,1,109.99,2019-02-24 11:41:00,"106 Meadow St, San Francisco, CA 94016",February
154515,20in Monitor,1,109.99,2019-02-05 10:54:00,"524 Lakeview St, Atlanta, GA 30301",February
161800,20in Monitor,1,109.99,2019-02-28 09:21:00,"572 12th St, New York City, NY 10001",February
155985,20in Monitor,1,109.99,2019-02-27 15:40:00,"955 Wilson St, San Francisco, CA 94016",February
154165,20in Monitor,1,109.99,2019-02-19 03:31:00,"960 Maple St, New York City, NY 10001",February
154794,20in Monitor,1,109.99,2019-02-07 17:26:00,"93 4th St, New York City, NY 10001",February
156940,20in Monitor,1,109.99,2019-02-09 21:03:00,"617 11th St, New York City, NY 10001",February
159915,20in Monitor,1,109.99,2019-02-11 19:30:00,"459 Washington St, San Francisco, CA 94016",February
154188,20in Monitor,1,109.99,2019-02-21 20:08:00,"111 Spruce St, Los Angeles, CA 90001",February
155633,20in Monitor,1,109.99,2019-02-18 23:30:00,"698 Cherry St, Los Angeles, CA 90001",February
160396,20in Monitor,1,109.99,2019-02-16 10:23:00,"665 Madison St, New York City, NY 10001",February
153889,20in Monitor,1,109.99,2019-02-05 14:48:00,"152 Jackson St, New York City, NY 10001",February
157983,20in Monitor,1,109.99,2019-02-27 08:22:00,"358 Highland St, Dallas, TX 75001",February
158490,20in Monitor,1,109.99,2019-02-15 15:07:00,"775 Wilson St, Los Angeles, CA 90001",February
160821,20in Monitor,1,109.99,2019-02-26 11:59:00,"991 Ridge St, Los Angeles, CA 90001",February
150647,20in Monitor,1,109.99,2019-02-20 16:34:00,"102 Dogwood St, New York City, NY 10001",February
159972,20in Monitor,1,109.99,2019-02-17 12:24:00,"827 Ridge St, Los Angeles, CA 90001",February
153661,20in Monitor,1,109.99,2019-02-17 23:56:00,"34 Hickory St, Los Angeles, CA 90001",February
159079,20in Monitor,1,109.99,2019-02-11 15:53:00,"834 Hickory St, San Francisco, CA 94016",February
151848,20in Monitor,1,109.99,2019-02-14 14:20:00,"974 West St, New York City, NY 10001",February
164840,20in Monitor,1,109.99,2019-03-04 18:45:00,"463 Ridge St, San Francisco, CA 94016",March
173451,20in Monitor,1,109.99,2019-03-22 18:23:00,"834 South St, Austin, TX 73301",March
175113,20in Monitor,1,109.99,2019-03-14 12:16:00,"669 Jefferson St, San Francisco, CA 94016",March
174531,20in Monitor,1,109.99,2019-03-23 17:44:00,"481 South St, Dallas, TX 75001",March
163562,20in Monitor,1,109.99,2019-03-09 18:28:00,"909 Meadow St, Seattle, WA 98101",March
166878,20in Monitor,1,109.99,2019-03-21 10:02:00,"840 7th St, Dallas, TX 75001",March
168204,20in Monitor,1,109.99,2019-03-31 13:20:00,"813 10th St, Los Angeles, CA 90001",March
168631,20in Monitor,1,109.99,2019-03-07 21:15:00,"533 1st St, Los Angeles, CA 90001",March
166273,20in Monitor,1,109.99,2019-03-28 01:02:00,"29 West St, Los Angeles, CA 90001",March
167661,20in Monitor,1,109.99,2019-03-12 12:50:00,"316 Hill St, Boston, MA 02215",March
170382,20in Monitor,1,109.99,2019-03-20 21:32:00,"209 River St, New York City, NY 10001",March
168234,20in Monitor,1,109.99,2019-03-16 11:42:00,"826 Lake St, New York City, NY 10001",March
169085,20in Monitor,1,109.99,2019-03-07 18:34:00,"249 South St, San Francisco, CA 94016",March
170870,20in Monitor,1,109.99,2019-03-10 12:39:00,"908 Elm St, Boston, MA 02215",March
171322,20in Monitor,1,109.99,2019-03-15 13:45:00,"357 Meadow St, Portland, ME 04101",March
164223,20in Monitor,1,109.99,2019-03-05 17:30:00,"507 8th St, Atlanta, GA 30301",March
176121,20in Monitor,1,109.99,2019-03-14 17:30:00,"412 Forest St, San Francisco, CA 94016",March
169162,20in Monitor,1,109.99,2019-03-18 10:54:00,"692 13th St, Portland, OR 97035",March
175763,20in Monitor,1,109.99,2019-03-05 14:19:00,"918 Hill St, Dallas, TX 75001",March
164069,20in Monitor,1,109.99,2019-03-18 08:18:00,"181 2nd St, Boston, MA 02215",March
170909,20in Monitor,1,109.99,2019-03-27 12:20:00,"365 North St, Portland, OR 97035",March
172806,20in Monitor,1,109.99,2019-03-06 16:12:00,"97 9th St, San Francisco, CA 94016",March
171421,20in Monitor,1,109.99,2019-03-04 13:04:00,"544 Pine St, Atlanta, GA 30301",March
172337,20in Monitor,1,109.99,2019-03-27 18:55:00,"587 1st St, New York City, NY 10001",March
166510,20in Monitor,1,109.99,2019-03-15 23:18:00,"45 Hickory St, New York City, NY 10001",March
172473,20in Monitor,1,109.99,2019-03-02 12:58:00,"12 Cedar St, Los Angeles, CA 90001",March
174244,20in Monitor,1,109.99,2019-03-12 14:02:00,"710 Hickory St, San Francisco, CA 94016",March
174099,20in Monitor,1,109.99,2019-03-07 11:45:00,"275 Maple St, Dallas, TX 75001",March
164660,20in Monitor,1,109.99,2019-03-02 18:56:00,"397 Cedar St, San Francisco, CA 94016",March
173917,20in Monitor,1,109.99,2019-03-23 19:23:00,"600 Adams St, Portland, ME 04101",March
172824,20in Monitor,1,109.99,2019-03-28 21:19:00,"370 Willow St, Atlanta, GA 30301",March
164285,20in Monitor,1,109.99,2019-03-24 18:56:00,"132 Lincoln St, Portland, ME 04101",March
165721,20in Monitor,1,109.99,2019-03-01 20:35:00,"746 6th St, San Francisco, CA 94016",March
168491,20in Monitor,1,109.99,2019-03-05 16:25:00,"243 1st St, Seattle, WA 98101",March
168568,20in Monitor,1,109.99,2019-03-31 02:01:00,"262 Elm St, Austin, TX 73301",March
170783,20in Monitor,1,109.99,2019-03-20 10:08:00,"366 Lake St, Los Angeles, CA 90001",March
162672,20in Monitor,1,109.99,2019-03-05 11:42:00,"762 Pine St, Atlanta, GA 30301",March
176495,20in Monitor,1,109.99,2019-03-19 18:48:00,"493 Cedar St, Portland, OR 97035",March
165982,20in Monitor,1,109.99,2019-03-17 12:09:00,"53 Lakeview St, San Francisco, CA 94016",March
166764,20in Monitor,1,109.99,2019-03-10 14:20:00,"580 5th St, Los Angeles, CA 90001",March
169864,20in Monitor,1,109.99,2019-03-11 20:39:00,"517 9th St, San Francisco, CA 94016",March
173952,20in Monitor,1,109.99,2019-03-12 12:17:00,"301 Church St, Atlanta, GA 30301",March
174111,20in Monitor,1,109.99,2019-03-23 22:38:00,"824 8th St, Portland, OR 97035",March
163699,20in Monitor,1,109.99,2019-03-01 14:04:00,"434 Dogwood St, Boston, MA 02215",March
165145,20in Monitor,1,109.99,2019-03-24 13:02:00,"992 Cedar St, San Francisco, CA 94016",March
167814,20in Monitor,1,109.99,2019-03-17 18:13:00,"400 Dogwood St, New York City, NY 10001",March
172779,20in Monitor,1,109.99,2019-03-15 22:46:00,"851 Chestnut St, San Francisco, CA 94016",March
163222,20in Monitor,1,109.99,2019-03-03 12:18:00,"399 South St, Seattle, WA 98101",March
169783,20in Monitor,1,109.99,2019-03-23 09:58:00,"668 Lake St, Los Angeles, CA 90001",March
171922,20in Monitor,1,109.99,2019-03-17 11:32:00,"762 Hickory St, San Francisco, CA 94016",March
162714,20in Monitor,1,109.99,2019-03-02 20:04:00,"401 11th St, Portland, OR 97035",March
166291,20in Monitor,1,109.99,2019-03-25 18:08:00,"566 North St, Los Angeles, CA 90001",March
172702,20in Monitor,1,109.99,2019-03-02 20:54:00,"5 Walnut St, Portland, OR 97035",March
162716,20in Monitor,1,109.99,2019-03-11 19:52:00,"941 Forest St, Seattle, WA 98101",March
162798,20in Monitor,1,109.99,2019-03-20 07:52:00,"591 9th St, San Francisco, CA 94016",March
173729,20in Monitor,1,109.99,2019-03-06 07:17:00,"25 Meadow St, Atlanta, GA 30301",March
174905,20in Monitor,1,109.99,2019-03-23 01:35:00,"792 Chestnut St, Austin, TX 73301",March
168771,20in Monitor,1,109.99,2019-03-02 18:25:00,"396 Sunset St, Los Angeles, CA 90001",March
177649,20in Monitor,1,109.99,2019-04-02 12:33:00,"117 5th St, Atlanta, GA 30301",April
185008,20in Monitor,1,109.99,2019-04-13 08:52:00,"158 1st St, Atlanta, GA 30301",April
188398,20in Monitor,1,109.99,2019-04-26 18:32:00,"650 Lake St, San Francisco, CA 94016",April
193621,20in Monitor,1,109.99,2019-04-01 07:21:00,"728 Highland St, Boston, MA 02215",April
186839,20in Monitor,1,109.99,2019-04-04 12:53:00,"897 Cherry St, Los Angeles, CA 90001",April
190830,20in Monitor,1,109.99,2019-04-01 13:35:00,"821 8th St, Seattle, WA 98101",April
190887,20in Monitor,1,109.99,2019-04-28 10:46:00,"934 Wilson St, Boston, MA 02215",April
187172,20in Monitor,1,109.99,2019-04-25 02:16:00,"821 Johnson St, Portland, OR 97035",April
187472,20in Monitor,1,109.99,2019-04-20 16:02:00,"607 Lake St, Los Angeles, CA 90001",April
184670,20in Monitor,1,109.99,2019-04-15 00:02:00,"524 Park St, Boston, MA 02215",April
189891,20in Monitor,1,109.99,2019-04-26 20:37:00,"802 Willow St, New York City, NY 10001",April
180097,20in Monitor,2,109.99,2019-04-25 22:40:00,"47 7th St, Seattle, WA 98101",April
181100,20in Monitor,1,109.99,2019-04-05 04:48:00,"536 Main St, New York City, NY 10001",April
184369,20in Monitor,1,109.99,2019-04-15 13:26:00,"971 Center St, Seattle, WA 98101",April
184617,20in Monitor,1,109.99,2019-04-09 22:05:00,"202 Church St, San Francisco, CA 94016",April
185532,20in Monitor,1,109.99,2019-04-19 19:33:00,"555 Lakeview St, New York City, NY 10001",April
188615,20in Monitor,1,109.99,2019-05-01 00:31:00,"858 12th St, San Francisco, CA 94016",May
178473,20in Monitor,1,109.99,2019-04-18 13:21:00,"408 Hill St, Boston, MA 02215",April
186043,20in Monitor,1,109.99,2019-04-14 19:10:00,"388 12th St, Portland, OR 97035",April
190531,20in Monitor,1,109.99,2019-04-08 18:26:00,"904 Ridge St, Los Angeles, CA 90001",April
192409,20in Monitor,1,109.99,2019-04-01 19:36:00,"810 Dogwood St, Boston, MA 02215",April
179739,20in Monitor,1,109.99,2019-04-24 14:43:00,"265 Park St, San Francisco, CA 94016",April
180074,20in Monitor,1,109.99,2019-04-08 18:02:00,"810 Sunset St, Dallas, TX 75001",April
181706,20in Monitor,1,109.99,2019-04-07 15:46:00,"84 7th St, San Francisco, CA 94016",April
193018,20in Monitor,1,109.99,2019-04-10 19:58:00,"378 Pine St, Seattle, WA 98101",April
176673,20in Monitor,1,109.99,2019-04-10 08:17:00,"952 1st St, Boston, MA 02215",April
180509,20in Monitor,1,109.99,2019-04-13 11:42:00,"57 Lincoln St, Boston, MA 02215",April
187286,20in Monitor,1,109.99,2019-04-23 16:31:00,"71 Jackson St, Austin, TX 73301",April
183471,20in Monitor,1,109.99,2019-04-02 18:30:00,"332 Cherry St, Seattle, WA 98101",April
185612,20in Monitor,1,109.99,2019-04-19 10:05:00,"670 2nd St, Seattle, WA 98101",April
177810,20in Monitor,1,109.99,2019-04-11 06:53:00,"340 Sunset St, Atlanta, GA 30301",April
181157,20in Monitor,1,109.99,2019-04-25 15:09:00,"606 South St, San Francisco, CA 94016",April
187183,20in Monitor,1,109.99,2019-04-08 13:45:00,"908 Elm St, New York City, NY 10001",April
188527,20in Monitor,1,109.99,2019-04-17 22:31:00,"217 Maple St, Dallas, TX 75001",April
190746,20in Monitor,1,109.99,2019-04-19 13:03:00,"623 Meadow St, Austin, TX 73301",April
187708,20in Monitor,1,109.99,2019-04-22 11:09:00,"686 Lakeview St, San Francisco, CA 94016",April
188307,20in Monitor,1,109.99,2019-04-26 16:07:00,"633 Forest St, San Francisco, CA 94016",April
177058,20in Monitor,1,109.99,2019-04-07 09:24:00,"144 Adams St, Los Angeles, CA 90001",April
192391,20in Monitor,1,109.99,2019-04-02 07:13:00,"935 Pine St, Seattle, WA 98101",April
185607,20in Monitor,1,109.99,2019-04-09 18:39:00,"136 12th St, Los Angeles, CA 90001",April
190336,20in Monitor,1,109.99,2019-04-13 04:55:00,"357 Spruce St, Austin, TX 73301",April
192513,20in Monitor,1,109.99,2019-04-03 16:12:00,"699 Cherry St, Austin, TX 73301",April
184108,20in Monitor,1,109.99,2019-04-09 17:43:00,"979 Wilson St, New York City, NY 10001",April
180647,20in Monitor,1,109.99,2019-04-24 21:34:00,"783 Dogwood St, Boston, MA 02215",April
185131,20in Monitor,1,109.99,2019-04-19 18:39:00,"827 Hickory St, Los Angeles, CA 90001",April
190241,20in Monitor,1,109.99,2019-04-21 22:53:00,"699 Johnson St, Los Angeles, CA 90001",April
191487,20in Monitor,1,109.99,2019-04-30 13:15:00,"101 North St, New York City, NY 10001",April
187381,20in Monitor,1,109.99,2019-04-28 11:15:00,"337 13th St, Atlanta, GA 30301",April
189865,20in Monitor,1,109.99,2019-04-19 20:53:00,"933 Cherry St, New York City, NY 10001",April
192942,20in Monitor,1,109.99,2019-04-28 13:26:00,"383 Madison St, Los Angeles, CA 90001",April
180098,20in Monitor,1,109.99,2019-04-12 10:23:00,"122 Forest St, Portland, OR 97035",April
189411,20in Monitor,1,109.99,2019-04-16 20:41:00,"982 6th St, Atlanta, GA 30301",April
178257,20in Monitor,1,109.99,2019-04-11 19:47:00,"954 Washington St, Seattle, WA 98101",April
179704,20in Monitor,1,109.99,2019-04-14 01:55:00,"139 Park St, San Francisco, CA 94016",April
184223,20in Monitor,1,109.99,2019-04-06 13:32:00,"273 4th St, Austin, TX 73301",April
179225,20in Monitor,1,109.99,2019-04-21 23:16:00,"928 West St, San Francisco, CA 94016",April
184051,20in Monitor,1,109.99,2019-04-18 10:52:00,"982 South St, Boston, MA 02215",April
192419,20in Monitor,1,109.99,2019-04-04 12:44:00,"583 Pine St, Dallas, TX 75001",April
193030,20in Monitor,1,109.99,2019-04-06 15:26:00,"474 Adams St, Dallas, TX 75001",April
185588,20in Monitor,1,109.99,2019-04-01 19:28:00,"598 Willow St, Los Angeles, CA 90001",April
205544,20in Monitor,1,109.99,2019-05-19 00:30:00,"219 Johnson St, Boston, MA 02215",May
198114,20in Monitor,1,109.99,2019-05-24 19:17:00,"897 Maple St, San Francisco, CA 94016",May
205520,20in Monitor,1,109.99,2019-05-05 18:38:00,"417 1st St, Boston, MA 02215",May
195634,20in Monitor,1,109.99,2019-05-06 12:31:00,"126 Church St, San Francisco, CA 94016",May
194751,20in Monitor,1,109.99,2019-05-30 14:44:00,"494 Center St, San Francisco, CA 94016",May
200496,20in Monitor,1,109.99,2019-05-25 19:47:00,"642 13th St, New York City, NY 10001",May
207448,20in Monitor,1,109.99,2019-05-18 07:58:00,"249 13th St, Portland, OR 97035",May
200645,20in Monitor,2,109.99,2019-05-23 17:48:00,"141 Ridge St, Los Angeles, CA 90001",May
209421,20in Monitor,1,109.99,2019-05-04 13:10:00,"717 9th St, New York City, NY 10001",May
197503,20in Monitor,1,109.99,2019-05-08 20:16:00,"423 Spruce St, Portland, OR 97035",May
202360,20in Monitor,1,109.99,2019-05-16 21:25:00,"726 8th St, Los Angeles, CA 90001",May
194278,20in Monitor,1,109.99,2019-05-18 21:27:00,"553 Walnut St, Portland, ME 04101",May
206086,20in Monitor,1,109.99,2019-05-11 15:38:00,"44 North St, San Francisco, CA 94016",May
208763,20in Monitor,1,109.99,2019-05-06 11:20:00,"128 7th St, Los Angeles, CA 90001",May
209034,20in Monitor,1,109.99,2019-05-17 19:40:00,"447 Lakeview St, Seattle, WA 98101",May
209610,20in Monitor,1,109.99,2019-05-14 21:33:00,"119 Hickory St, Portland, ME 04101",May
206277,20in Monitor,1,109.99,2019-05-13 11:05:00,"709 Hill St, New York City, NY 10001",May
201414,20in Monitor,1,109.99,2019-05-14 16:23:00,"318 Adams St, Boston, MA 02215",May
195498,20in Monitor,1,109.99,2019-05-01 16:14:00,"51 11th St, New York City, NY 10001",May
202906,20in Monitor,1,109.99,2019-05-09 12:13:00,"785 11th St, Dallas, TX 75001",May
205205,20in Monitor,1,109.99,2019-05-29 06:22:00,"321 South St, Boston, MA 02215",May
209876,20in Monitor,1,109.99,2019-05-26 05:51:00,"767 Adams St, Atlanta, GA 30301",May
199738,20in Monitor,1,109.99,2019-05-21 20:52:00,"621 Highland St, Dallas, TX 75001",May
204480,20in Monitor,1,109.99,2019-05-12 23:57:00,"187 Lincoln St, Portland, OR 97035",May
195478,20in Monitor,1,109.99,2019-05-29 09:56:00,"424 Elm St, Austin, TX 73301",May
195076,20in Monitor,1,109.99,2019-05-02 17:38:00,"179 Hickory St, Portland, OR 97035",May
196764,20in Monitor,1,109.99,2019-05-29 22:47:00,"730 Church St, San Francisco, CA 94016",May
195738,20in Monitor,1,109.99,2019-05-24 17:28:00,"736 10th St, Los Angeles, CA 90001",May
202806,20in Monitor,1,109.99,2019-05-08 10:03:00,"961 North St, Dallas, TX 75001",May
204887,20in Monitor,1,109.99,2019-05-02 07:21:00,"715 Park St, Boston, MA 02215",May
201630,20in Monitor,1,109.99,2019-05-28 11:11:00,"491 7th St, New York City, NY 10001",May
204033,20in Monitor,1,109.99,2019-05-29 21:36:00,"684 Washington St, San Francisco, CA 94016",May
207001,20in Monitor,1,109.99,2019-05-06 16:54:00,"633 Lake St, Portland, OR 97035",May
204484,20in Monitor,1,109.99,2019-05-04 17:27:00,"559 Main St, Portland, OR 97035",May
195962,20in Monitor,1,109.99,2019-05-14 16:47:00,"884 Spruce St, Seattle, WA 98101",May
204159,20in Monitor,1,109.99,2019-05-16 14:50:00,"742 11th St, Dallas, TX 75001",May
196590,20in Monitor,1,109.99,2019-05-24 23:22:00,"988 12th St, San Francisco, CA 94016",May
199051,20in Monitor,1,109.99,2019-05-06 12:04:00,"435 Willow St, Seattle, WA 98101",May
199589,20in Monitor,1,109.99,2019-05-07 19:22:00,"671 Jefferson St, New York City, NY 10001",May
206143,20in Monitor,1,109.99,2019-05-27 16:59:00,"962 Cherry St, Los Angeles, CA 90001",May
196840,20in Monitor,1,109.99,2019-05-12 09:02:00,"505 6th St, New York City, NY 10001",May
204489,20in Monitor,1,109.99,2019-05-13 20:18:00,"686 Jefferson St, Boston, MA 02215",May
196273,20in Monitor,1,109.99,2019-05-11 10:39:00,"563 Jefferson St, San Francisco, CA 94016",May
201354,20in Monitor,1,109.99,2019-05-15 14:27:00,"760 8th St, Austin, TX 73301",May
194732,20in Monitor,1,109.99,2019-05-18 18:12:00,"264 9th St, New York City, NY 10001",May
200523,20in Monitor,1,109.99,2019-05-30 08:44:00,"91 North St, San Francisco, CA 94016",May
203183,20in Monitor,2,109.99,2019-05-15 21:45:00,"238 Ridge St, New York City, NY 10001",May
206926,20in Monitor,1,109.99,2019-05-21 07:02:00,"225 Center St, San Francisco, CA 94016",May
209893,20in Monitor,1,109.99,2019-05-07 21:01:00,"437 12th St, New York City, NY 10001",May
195179,20in Monitor,1,109.99,2019-05-29 14:12:00,"993 Willow St, New York City, NY 10001",May
205911,20in Monitor,1,109.99,2019-05-29 17:10:00,"189 Jefferson St, New York City, NY 10001",May
210897,20in Monitor,1,109.99,2019-06-01 19:12:00,"705 7th St, New York City, NY 10001",June
214285,20in Monitor,1,109.99,2019-06-30 15:03:00,"609 Spruce St, Los Angeles, CA 90001",June
214587,20in Monitor,1,109.99,2019-06-28 20:54:00,"42 2nd St, San Francisco, CA 94016",June
219693,20in Monitor,1,109.99,2019-06-27 15:16:00,"385 Cherry St, San Francisco, CA 94016",June
212712,20in Monitor,1,109.99,2019-06-07 18:12:00,"981 2nd St, Austin, TX 73301",June
216452,20in Monitor,1,109.99,2019-06-24 15:31:00,"883 Jackson St, Atlanta, GA 30301",June
210702,20in Monitor,1,109.99,2019-06-18 20:14:00,"46 Washington St, San Francisco, CA 94016",June
214667,20in Monitor,1,109.99,2019-06-23 19:24:00,"733 Ridge St, San Francisco, CA 94016",June
215356,20in Monitor,1,109.99,2019-06-19 20:13:00,"804 13th St, Los Angeles, CA 90001",June
220696,20in Monitor,1,109.99,2019-06-06 13:33:00,"414 5th St, Dallas, TX 75001",June
220884,20in Monitor,1,109.99,2019-06-26 20:42:00,"36 Meadow St, Los Angeles, CA 90001",June
214127,20in Monitor,1,109.99,2019-06-20 10:09:00,"744 South St, New York City, NY 10001",June
216952,20in Monitor,1,109.99,2019-06-13 12:03:00,"617 Lake St, Portland, OR 97035",June
217910,20in Monitor,1,109.99,2019-06-27 20:10:00,"178 Cherry St, Los Angeles, CA 90001",June
220769,20in Monitor,1,109.99,2019-06-16 09:29:00,"353 Meadow St, Los Angeles, CA 90001",June
217490,20in Monitor,1,109.99,2019-06-17 09:42:00,"652 River St, Los Angeles, CA 90001",June
220051,20in Monitor,1,109.99,2019-06-09 21:18:00,"434 Highland St, Los Angeles, CA 90001",June
220775,20in Monitor,1,109.99,2019-06-04 16:00:00,"994 Main St, Austin, TX 73301",June
219179,20in Monitor,1,109.99,2019-06-15 11:46:00,"349 Dogwood St, Atlanta, GA 30301",June
215020,20in Monitor,1,109.99,2019-06-19 19:57:00,"496 Church St, San Francisco, CA 94016",June
222400,20in Monitor,1,109.99,2019-06-13 14:08:00,"320 River St, Los Angeles, CA 90001",June
218746,20in Monitor,1,109.99,2019-06-10 15:37:00,"727 Chestnut St, New York City, NY 10001",June
216468,20in Monitor,1,109.99,2019-06-21 12:38:00,"122 Johnson St, San Francisco, CA 94016",June
218536,20in Monitor,1,109.99,2019-06-26 16:15:00,"772 Pine St, Portland, OR 97035",June
216447,20in Monitor,1,109.99,2019-06-17 10:38:00,"670 Willow St, San Francisco, CA 94016",June
217667,20in Monitor,1,109.99,2019-06-25 20:46:00,"860 5th St, San Francisco, CA 94016",June
219413,20in Monitor,1,109.99,2019-06-02 21:34:00,"263 Lakeview St, Boston, MA 02215",June
221888,20in Monitor,1,109.99,2019-06-15 23:14:00,"169 Hill St, San Francisco, CA 94016",June
217239,20in Monitor,1,109.99,2019-06-21 21:04:00,"940 Pine St, New York City, NY 10001",June
214392,20in Monitor,1,109.99,2019-06-20 17:01:00,"969 River St, Seattle, WA 98101",June
218725,20in Monitor,1,109.99,2019-06-23 19:18:00,"352 Cherry St, New York City, NY 10001",June
219119,20in Monitor,1,109.99,2019-06-07 13:39:00,"10 North St, Los Angeles, CA 90001",June
220906,20in Monitor,1,109.99,2019-06-14 18:48:00,"392 South St, Dallas, TX 75001",June
214483,20in Monitor,1,109.99,2019-06-10 06:00:00,"338 Lake St, Seattle, WA 98101",June
220786,20in Monitor,1,109.99,2019-06-28 13:43:00,"930 14th St, Austin, TX 73301",June
214482,20in Monitor,1,109.99,2019-06-17 10:48:00,"354 North St, Boston, MA 02215",June
215653,20in Monitor,1,109.99,2019-06-18 21:27:00,"425 Lake St, Los Angeles, CA 90001",June
213493,20in Monitor,1,109.99,2019-06-24 02:26:00,"241 Main St, Los Angeles, CA 90001",June
214016,20in Monitor,1,109.99,2019-06-17 13:09:00,"997 13th St, Dallas, TX 75001",June
215792,20in Monitor,1,109.99,2019-06-07 00:19:00,"217 River St, San Francisco, CA 94016",June
211004,20in Monitor,1,109.99,2019-06-26 19:07:00,"4 Cherry St, Boston, MA 02215",June
213086,20in Monitor,1,109.99,2019-06-03 19:15:00,"506 Lakeview St, Seattle, WA 98101",June
214913,20in Monitor,1,109.99,2019-06-01 17:28:00,"779 Park St, Boston, MA 02215",June
211190,20in Monitor,1,109.99,2019-06-17 17:50:00,"620 10th St, San Francisco, CA 94016",June
212832,20in Monitor,1,109.99,2019-06-07 12:12:00,"479 Madison St, Austin, TX 73301",June
217596,20in Monitor,1,109.99,2019-06-02 23:04:00,"57 Hickory St, Atlanta, GA 30301",June
216065,20in Monitor,1,109.99,2019-06-29 17:53:00,"979 12th St, San Francisco, CA 94016",June
216095,20in Monitor,1,109.99,2019-06-20 16:45:00,"250 Washington St, New York City, NY 10001",June
214350,20in Monitor,1,109.99,2019-06-04 20:00:00,"69 7th St, San Francisco, CA 94016",June
216559,20in Monitor,1,109.99,2019-06-07 08:57:00,"861 8th St, New York City, NY 10001",June
221456,20in Monitor,1,109.99,2019-06-29 14:50:00,"827 9th St, Boston, MA 02215",June
220682,20in Monitor,1,109.99,2019-06-21 07:04:00,"710 8th St, New York City, NY 10001",June
211313,20in Monitor,2,109.99,2019-06-08 20:25:00,"322 Maple St, Austin, TX 73301",June
211579,20in Monitor,1,109.99,2019-06-27 21:10:00,"500 Highland St, Seattle, WA 98101",June
212011,20in Monitor,1,109.99,2019-06-22 09:39:00,"777 7th St, New York City, NY 10001",June
213509,20in Monitor,1,109.99,2019-06-19 20:04:00,"464 Madison St, San Francisco, CA 94016",June
222404,20in Monitor,1,109.99,2019-06-05 17:48:00,"157 Chestnut St, Dallas, TX 75001",June
211677,20in Monitor,1,109.99,2019-06-16 21:42:00,"76 Lincoln St, New York City, NY 10001",June
216315,20in Monitor,1,109.99,2019-06-15 15:48:00,"430 Meadow St, Los Angeles, CA 90001",June
222515,20in Monitor,1,109.99,2019-06-18 21:46:00,"936 9th St, San Francisco, CA 94016",June
210955,20in Monitor,1,109.99,2019-06-30 21:50:00,"908 7th St, San Francisco, CA 94016",June
234846,20in Monitor,1,109.99,2019-07-08 08:47:00,"313 Madison St, Boston, MA 02215",July
223177,20in Monitor,1,109.99,2019-07-28 12:52:00,"654 11th St, San Francisco, CA 94016",July
234791,20in Monitor,1,109.99,2019-07-03 13:50:00,"681 Ridge St, San Francisco, CA 94016",July
223598,20in Monitor,1,109.99,2019-07-23 15:04:00,"552 13th St, Boston, MA 02215",July
224909,20in Monitor,1,109.99,2019-07-17 09:35:00,"649 Forest St, New York City, NY 10001",July
230117,20in Monitor,1,109.99,2019-07-26 16:38:00,"282 Madison St, Portland, ME 04101",July
231162,20in Monitor,1,109.99,2019-07-18 19:14:00,"658 Walnut St, Boston, MA 02215",July
232710,20in Monitor,1,109.99,2019-07-06 18:29:00,"64 Adams St, San Francisco, CA 94016",July
230331,20in Monitor,1,109.99,2019-07-26 19:32:00,"356 Willow St, Los Angeles, CA 90001",July
223590,20in Monitor,1,109.99,2019-07-17 06:19:00,"139 Center St, Dallas, TX 75001",July
236066,20in Monitor,1,109.99,2019-07-21 21:47:00,"695 Johnson St, Los Angeles, CA 90001",July
226780,20in Monitor,1,109.99,2019-07-17 23:36:00,"548 Park St, Seattle, WA 98101",July
233723,20in Monitor,1,109.99,2019-07-16 14:56:00,"339 6th St, San Francisco, CA 94016",July
227310,20in Monitor,1,109.99,2019-07-01 15:40:00,"281 9th St, New York City, NY 10001",July
231118,20in Monitor,1,109.99,2019-07-29 20:15:00,"844 Hickory St, Portland, OR 97035",July
223890,20in Monitor,1,109.99,2019-07-05 10:10:00,"352 Park St, San Francisco, CA 94016",July
229591,20in Monitor,1,109.99,2019-07-25 15:03:00,"950 Dogwood St, Portland, OR 97035",July
234908,20in Monitor,1,109.99,2019-07-06 13:47:00,"311 Willow St, Boston, MA 02215",July
223435,20in Monitor,1,109.99,2019-07-05 12:46:00,"630 North St, Dallas, TX 75001",July
234830,20in Monitor,1,109.99,2019-07-10 01:27:00,"790 Hickory St, New York City, NY 10001",July
236434,20in Monitor,1,109.99,2019-07-26 11:07:00,"841 14th St, Atlanta, GA 30301",July
223368,20in Monitor,1,109.99,2019-07-27 17:33:00,"324 Maple St, Portland, OR 97035",July
223262,20in Monitor,1,109.99,2019-07-02 01:24:00,"875 7th St, Los Angeles, CA 90001",July
228040,20in Monitor,1,109.99,2019-07-19 13:01:00,"339 Cedar St, Dallas, TX 75001",July
233309,20in Monitor,1,109.99,2019-07-27 00:03:00,"120 4th St, Los Angeles, CA 90001",July
227419,20in Monitor,1,109.99,2019-07-13 17:01:00,"38 10th St, Atlanta, GA 30301",July
228310,20in Monitor,1,109.99,2019-07-03 20:55:00,"179 Lake St, New York City, NY 10001",July
234132,20in Monitor,1,109.99,2019-07-28 14:01:00,"443 Wilson St, Dallas, TX 75001",July
228711,20in Monitor,1,109.99,2019-07-15 08:33:00,"828 Willow St, San Francisco, CA 94016",July
223585,20in Monitor,1,109.99,2019-07-17 09:03:00,"26 Adams St, San Francisco, CA 94016",July
231463,20in Monitor,1,109.99,2019-07-07 21:48:00,"298 Madison St, Atlanta, GA 30301",July
235475,20in Monitor,1,109.99,2019-07-30 13:46:00,"961 Willow St, Atlanta, GA 30301",July
224286,20in Monitor,1,109.99,2019-07-20 14:38:00,"929 9th St, Portland, OR 97035",July
228001,20in Monitor,1,109.99,2019-07-09 22:06:00,"841 1st St, Los Angeles, CA 90001",July
224897,20in Monitor,1,109.99,2019-07-04 11:21:00,"113 Pine St, Boston, MA 02215",July
224377,20in Monitor,1,109.99,2019-07-06 23:32:00,"822 Hickory St, Boston, MA 02215",July
224825,20in Monitor,1,109.99,2019-07-06 11:31:00,"182 Cherry St, Boston, MA 02215",July
232862,20in Monitor,1,109.99,2019-07-01 18:51:00,"80 Wilson St, Atlanta, GA 30301",July
235330,20in Monitor,1,109.99,2019-07-01 20:43:00,"429 Ridge St, New York City, NY 10001",July
241265,20in Monitor,1,109.99,2019-08-29 12:48:00,"161 Jefferson St, Dallas, TX 75001",August
247367,20in Monitor,1,109.99,2019-08-19 20:22:00,"972 Meadow St, San Francisco, CA 94016",August
246033,20in Monitor,1,109.99,2019-08-19 20:52:00,"161 Willow St, Austin, TX 73301",August
247700,20in Monitor,1,109.99,2019-08-27 19:15:00,"210 Adams St, Boston, MA 02215",August
239568,20in Monitor,1,109.99,2019-08-08 13:51:00,"409 Forest St, Austin, TX 73301",August
245065,20in Monitor,1,109.99,2019-08-01 18:38:00,"228 1st St, San Francisco, CA 94016",August
245978,20in Monitor,1,109.99,2019-08-29 13:40:00,"40 Dogwood St, New York City, NY 10001",August
236924,20in Monitor,1,109.99,2019-08-29 16:39:00,"752 Willow St, Los Angeles, CA 90001",August
239106,20in Monitor,1,109.99,2019-08-17 12:23:00,"132 Spruce St, San Francisco, CA 94016",August
240335,20in Monitor,1,109.99,2019-08-25 16:35:00,"734 Willow St, Boston, MA 02215",August
242995,20in Monitor,1,109.99,2019-08-12 22:55:00,"532 7th St, Portland, ME 04101",August
244549,20in Monitor,1,109.99,2019-08-28 16:14:00,"195 Wilson St, Seattle, WA 98101",August
246055,20in Monitor,1,109.99,2019-08-21 10:49:00,"569 Washington St, Atlanta, GA 30301",August
246561,20in Monitor,1,109.99,2019-08-29 08:47:00,"428 Willow St, San Francisco, CA 94016",August
241918,20in Monitor,1,109.99,2019-08-05 11:07:00,"721 Jackson St, San Francisco, CA 94016",August
245474,20in Monitor,1,109.99,2019-08-28 17:34:00,"119 11th St, San Francisco, CA 94016",August
247309,20in Monitor,1,109.99,2019-08-03 19:32:00,"993 Center St, Los Angeles, CA 90001",August
243231,20in Monitor,1,109.99,2019-08-13 23:40:00,"150 West St, Boston, MA 02215",August
246255,20in Monitor,1,109.99,2019-08-12 13:32:00,"270 Jackson St, San Francisco, CA 94016",August
244407,20in Monitor,1,109.99,2019-08-01 22:04:00,"715 Adams St, San Francisco, CA 94016",August
238899,20in Monitor,1,109.99,2019-08-26 06:38:00,"456 Meadow St, Dallas, TX 75001",August
241249,20in Monitor,1,109.99,2019-08-12 18:21:00,"901 Cherry St, New York City, NY 10001",August
241159,20in Monitor,1,109.99,2019-08-29 12:39:00,"796 South St, San Francisco, CA 94016",August
243344,20in Monitor,1,109.99,2019-08-18 14:22:00,"640 Main St, Seattle, WA 98101",August
239920,20in Monitor,1,109.99,2019-08-26 23:10:00,"104 Pine St, Atlanta, GA 30301",August
243479,20in Monitor,1,109.99,2019-08-05 15:38:00,"988 Park St, Atlanta, GA 30301",August
245703,20in Monitor,1,109.99,2019-08-12 16:20:00,"780 Hill St, New York City, NY 10001",August
240957,20in Monitor,2,109.99,2019-08-11 01:19:00,"887 Elm St, Atlanta, GA 30301",August
241620,20in Monitor,1,109.99,2019-08-08 16:35:00,"599 7th St, Atlanta, GA 30301",August
244310,20in Monitor,1,109.99,2019-08-17 21:24:00,"675 Jackson St, Portland, OR 97035",August
247618,20in Monitor,1,109.99,2019-08-23 13:41:00,"184 Hickory St, Los Angeles, CA 90001",August
243898,20in Monitor,1,109.99,2019-08-20 09:56:00,"884 Main St, Dallas, TX 75001",August
245916,20in Monitor,1,109.99,2019-08-06 20:07:00,"251 Meadow St, Los Angeles, CA 90001",August
247761,20in Monitor,1,109.99,2019-08-01 22:05:00,"86 Forest St, Los Angeles, CA 90001",August
243559,20in Monitor,1,109.99,2019-08-03 11:49:00,"783 Wilson St, Austin, TX 73301",August
245465,20in Monitor,1,109.99,2019-08-23 15:44:00,"299 River St, New York City, NY 10001",August
247720,20in Monitor,1,109.99,2019-08-04 18:43:00,"95 Chestnut St, Los Angeles, CA 90001",August
237259,20in Monitor,1,109.99,2019-08-25 21:56:00,"734 Jefferson St, San Francisco, CA 94016",August
242860,20in Monitor,1,109.99,2019-08-21 11:11:00,"683 Sunset St, San Francisco, CA 94016",August
245347,20in Monitor,1,109.99,2019-08-14 11:26:00,"659 Maple St, Dallas, TX 75001",August
240835,20in Monitor,1,109.99,2019-08-08 15:31:00,"204 Johnson St, Los Angeles, CA 90001",August
246650,20in Monitor,1,109.99,2019-08-04 00:32:00,"797 Madison St, San Francisco, CA 94016",August
248053,20in Monitor,1,109.99,2019-08-05 09:03:00,"57 Highland St, New York City, NY 10001",August
241746,20in Monitor,1,109.99,2019-08-02 19:42:00,"842 Spruce St, Atlanta, GA 30301",August
238283,20in Monitor,1,109.99,2019-08-04 10:30:00,"624 Wilson St, San Francisco, CA 94016",August
250497,20in Monitor,1,109.99,2019-09-15 18:33:00,"349 Meadow St, Seattle, WA 98101",September
255225,20in Monitor,1,109.99,2019-09-07 13:45:00,"17 4th St, Austin, TX 73301",September
257065,20in Monitor,1,109.99,2019-09-08 10:57:00,"39 7th St, Seattle, WA 98101",September
257845,20in Monitor,1,109.99,2019-09-29 16:03:00,"235 Meadow St, San Francisco, CA 94016",September
249140,20in Monitor,1,109.99,2019-09-23 00:07:00,"270 Hill St, New York City, NY 10001",September
250722,20in Monitor,1,109.99,2019-09-03 06:07:00,"133 Washington St, New York City, NY 10001",September
254923,20in Monitor,1,109.99,2019-09-08 16:44:00,"536 Hill St, Austin, TX 73301",September
256124,20in Monitor,1,109.99,2019-09-25 21:59:00,"33 Lake St, Dallas, TX 75001",September
256271,20in Monitor,1,109.99,2019-09-24 10:49:00,"521 Cedar St, Seattle, WA 98101",September
251590,20in Monitor,1,109.99,2019-09-15 05:52:00,"816 Jackson St, Los Angeles, CA 90001",September
256711,20in Monitor,1,109.99,2019-09-28 21:15:00,"613 Ridge St, Los Angeles, CA 90001",September
248934,20in Monitor,1,109.99,2019-09-22 11:32:00,"689 West St, Seattle, WA 98101",September
251580,20in Monitor,1,109.99,2019-09-27 20:21:00,"172 4th St, Los Angeles, CA 90001",September
258157,20in Monitor,1,109.99,2019-09-30 10:53:00,"483 Dogwood St, Los Angeles, CA 90001",September
250417,20in Monitor,1,109.99,2019-09-04 06:03:00,"68 8th St, Austin, TX 73301",September
258278,20in Monitor,1,109.99,2019-09-10 18:51:00,"23 5th St, Dallas, TX 75001",September
250972,20in Monitor,1,109.99,2019-09-23 18:08:00,"774 Hickory St, Boston, MA 02215",September
258879,20in Monitor,1,109.99,2019-09-13 15:53:00,"246 Hill St, Boston, MA 02215",September
253474,20in Monitor,1,109.99,2019-09-22 10:59:00,"510 Center St, Los Angeles, CA 90001",September
249511,20in Monitor,1,109.99,2019-09-24 01:38:00,"356 7th St, San Francisco, CA 94016",September
258953,20in Monitor,1,109.99,2019-09-02 12:53:00,"864 Jefferson St, Los Angeles, CA 90001",September
250398,20in Monitor,1,109.99,2019-09-18 18:25:00,"362 Forest St, Los Angeles, CA 90001",September
252381,20in Monitor,1,109.99,2019-09-27 16:50:00,"946 Maple St, Los Angeles, CA 90001",September
253929,20in Monitor,1,109.99,2019-09-22 22:53:00,"710 Johnson St, New York City, NY 10001",September
257532,20in Monitor,1,109.99,2019-09-14 16:28:00,"819 Willow St, Dallas, TX 75001",September
250173,20in Monitor,1,109.99,2019-09-07 18:03:00,"132 Ridge St, Los Angeles, CA 90001",September
251763,20in Monitor,1,109.99,2019-09-14 22:38:00,"33 Elm St, San Francisco, CA 94016",September
256079,20in Monitor,1,109.99,2019-09-13 20:55:00,"786 12th St, Los Angeles, CA 90001",September
251325,20in Monitor,1,109.99,2019-09-06 23:23:00,"989 1st St, San Francisco, CA 94016",September
254047,20in Monitor,1,109.99,2019-09-07 21:47:00,"739 Sunset St, New York City, NY 10001",September
251164,20in Monitor,1,109.99,2019-09-28 11:46:00,"998 Church St, Seattle, WA 98101",September
254163,20in Monitor,1,109.99,2019-09-19 16:09:00,"815 Willow St, Los Angeles, CA 90001",September
259298,20in Monitor,1,109.99,2019-09-18 09:10:00,"188 11th St, Austin, TX 73301",September
248793,20in Monitor,1,109.99,2019-09-22 12:13:00,"283 Lake St, Los Angeles, CA 90001",September
253709,20in Monitor,1,109.99,2019-09-27 16:30:00,"968 5th St, San Francisco, CA 94016",September
249988,20in Monitor,1,109.99,2019-09-13 09:11:00,"594 Main St, Boston, MA 02215",September
257433,20in Monitor,1,109.99,2019-09-10 22:00:00,"89 Wilson St, Dallas, TX 75001",September
251528,20in Monitor,1,109.99,2019-09-08 11:03:00,"9 Center St, Dallas, TX 75001",September
260983,20in Monitor,1,109.99,2019-10-06 19:52:00,"796 Cherry St, San Francisco, CA 94016",October
272043,20in Monitor,1,109.99,2019-10-28 08:30:00,"187 Center St, Dallas, TX 75001",October
273394,20in Monitor,1,109.99,2019-10-04 09:41:00,"445 Jefferson St, San Francisco, CA 94016",October
275509,20in Monitor,1,109.99,2019-10-17 18:41:00,"45 North St, Dallas, TX 75001",October
278781,20in Monitor,1,109.99,2019-10-28 22:07:00,"112 Willow St, Seattle, WA 98101",October
264283,20in Monitor,1,109.99,2019-10-25 16:12:00,"186 Jefferson St, Los Angeles, CA 90001",October
264721,20in Monitor,1,109.99,2019-10-24 15:01:00,"852 Cedar St, Seattle, WA 98101",October
259914,20in Monitor,1,109.99,2019-10-14 19:27:00,"584 Cedar St, Boston, MA 02215",October
261465,20in Monitor,1,109.99,2019-10-14 10:38:00,"90 Church St, New York City, NY 10001",October
265834,20in Monitor,1,109.99,2019-10-08 16:56:00,"956 Adams St, San Francisco, CA 94016",October
260020,20in Monitor,1,109.99,2019-10-07 14:41:00,"853 Wilson St, San Francisco, CA 94016",October
262252,20in Monitor,1,109.99,2019-10-09 12:11:00,"302 Cedar St, San Francisco, CA 94016",October
263038,20in Monitor,1,109.99,2019-10-27 09:12:00,"275 Main St, Dallas, TX 75001",October
271902,20in Monitor,1,109.99,2019-10-22 08:57:00,"293 13th St, San Francisco, CA 94016",October
268032,20in Monitor,1,109.99,2019-10-13 15:42:00,"624 Jefferson St, Austin, TX 73301",October
272296,20in Monitor,1,109.99,2019-10-16 15:01:00,"428 Jackson St, Boston, MA 02215",October
269426,20in Monitor,1,109.99,2019-10-16 08:00:00,"662 Meadow St, New York City, NY 10001",October
274905,20in Monitor,1,109.99,2019-10-07 22:06:00,"357 South St, Austin, TX 73301",October
261253,20in Monitor,1,109.99,2019-10-08 10:42:00,"387 South St, Seattle, WA 98101",October
262227,20in Monitor,1,109.99,2019-10-07 19:34:00,"244 Lakeview St, New York City, NY 10001",October
266323,20in Monitor,1,109.99,2019-10-16 23:17:00,"427 Madison St, Portland, ME 04101",October
271455,20in Monitor,1,109.99,2019-10-12 21:15:00,"821 North St, Boston, MA 02215",October
264844,20in Monitor,1,109.99,2019-10-28 10:02:00,"155 Highland St, San Francisco, CA 94016",October
274777,20in Monitor,1,109.99,2019-10-23 15:24:00,"284 Jackson St, Los Angeles, CA 90001",October
259661,20in Monitor,1,109.99,2019-10-18 11:55:00,"449 9th St, San Francisco, CA 94016",October
268794,20in Monitor,1,109.99,2019-10-11 12:10:00,"393 Dogwood St, Los Angeles, CA 90001",October
264615,20in Monitor,1,109.99,2019-10-15 21:44:00,"58 10th St, Atlanta, GA 30301",October
268487,20in Monitor,1,109.99,2019-10-14 19:45:00,"310 Meadow St, Boston, MA 02215",October
272565,20in Monitor,1,109.99,2019-10-06 22:41:00,"177 1st St, Austin, TX 73301",October
276472,20in Monitor,1,109.99,2019-10-27 00:14:00,"853 Hickory St, Atlanta, GA 30301",October
271387,20in Monitor,1,109.99,2019-10-17 13:25:00,"508 Ridge St, Los Angeles, CA 90001",October
273825,20in Monitor,1,109.99,2019-10-31 06:35:00,"770 Washington St, San Francisco, CA 94016",October
277808,20in Monitor,1,109.99,2019-10-14 17:46:00,"676 Meadow St, San Francisco, CA 94016",October
277850,20in Monitor,1,109.99,2019-10-27 21:40:00,"235 Main St, San Francisco, CA 94016",October
267793,20in Monitor,1,109.99,2019-10-21 11:58:00,"767 Chestnut St, San Francisco, CA 94016",October
271550,20in Monitor,1,109.99,2019-10-06 18:00:00,"939 6th St, San Francisco, CA 94016",October
271280,20in Monitor,1,109.99,2019-10-20 19:26:00,"407 Cherry St, Los Angeles, CA 90001",October
277392,20in Monitor,1,109.99,2019-10-27 10:31:00,"734 Main St, Los Angeles, CA 90001",October
270330,20in Monitor,1,109.99,2019-10-29 09:29:00,"629 Lakeview St, Los Angeles, CA 90001",October
278122,20in Monitor,1,109.99,2019-10-02 21:40:00,"94 Johnson St, Portland, OR 97035",October
269214,20in Monitor,1,109.99,2019-10-10 15:16:00,"738 Meadow St, San Francisco, CA 94016",October
278744,20in Monitor,1,109.99,2019-10-28 12:52:00,"970 8th St, Boston, MA 02215",October
278692,20in Monitor,1,109.99,2019-10-21 15:58:00,"262 10th St, Dallas, TX 75001",October
260987,20in Monitor,1,109.99,2019-10-24 18:29:00,"909 Park St, San Francisco, CA 94016",October
263247,20in Monitor,1,109.99,2019-10-31 15:12:00,"794 Sunset St, Boston, MA 02215",October
263369,20in Monitor,1,109.99,2019-10-15 17:06:00,"23 Lakeview St, Atlanta, GA 30301",October
268462,20in Monitor,1,109.99,2019-10-25 10:02:00,"350 Highland St, Boston, MA 02215",October
275489,20in Monitor,1,109.99,2019-10-20 11:51:00,"515 Cedar St, Boston, MA 02215",October
267411,20in Monitor,1,109.99,2019-10-14 12:41:00,"649 Elm St, Los Angeles, CA 90001",October
273239,20in Monitor,1,109.99,2019-10-20 05:08:00,"157 11th St, San Francisco, CA 94016",October
274623,20in Monitor,1,109.99,2019-10-02 23:16:00,"860 13th St, Dallas, TX 75001",October
263423,20in Monitor,1,109.99,2019-10-15 19:20:00,"837 River St, San Francisco, CA 94016",October
263318,20in Monitor,1,109.99,2019-10-08 21:40:00,"360 11th St, Los Angeles, CA 90001",October
271142,20in Monitor,1,109.99,2019-10-09 10:11:00,"968 12th St, New York City, NY 10001",October
282647,20in Monitor,1,109.99,2019-11-15 21:25:00,"778 Lincoln St, Boston, MA 02215",November
285455,20in Monitor,1,109.99,2019-11-04 16:15:00,"250 Cedar St, Seattle, WA 98101",November
294424,20in Monitor,1,109.99,2019-11-12 21:15:00,"903 Lake St, Boston, MA 02215",November
289685,20in Monitor,1,109.99,2019-11-24 01:05:00,"316 Dogwood St, Atlanta, GA 30301",November
287849,20in Monitor,1,109.99,2019-11-01 17:13:00,"230 8th St, Boston, MA 02215",November
281694,20in Monitor,1,109.99,2019-11-13 12:32:00,"369 Wilson St, Seattle, WA 98101",November
287978,20in Monitor,1,109.99,2019-11-17 07:54:00,"240 Lake St, Los Angeles, CA 90001",November
293423,20in Monitor,1,109.99,2019-11-06 11:09:00,"782 8th St, Los Angeles, CA 90001",November
279340,20in Monitor,1,109.99,2019-11-16 10:48:00,"871 6th St, San Francisco, CA 94016",November
286092,20in Monitor,1,109.99,2019-11-06 12:30:00,"49 Meadow St, Boston, MA 02215",November
287102,20in Monitor,1,109.99,2019-11-28 20:13:00,"742 Park St, San Francisco, CA 94016",November
288251,20in Monitor,1,109.99,2019-11-10 06:09:00,"800 Madison St, San Francisco, CA 94016",November
279970,20in Monitor,1,109.99,2019-11-02 08:50:00,"549 Chestnut St, Boston, MA 02215",November
281587,20in Monitor,1,109.99,2019-11-10 15:10:00,"107 River St, Portland, OR 97035",November
291621,20in Monitor,1,109.99,2019-11-26 11:50:00,"931 8th St, San Francisco, CA 94016",November
293468,20in Monitor,1,109.99,2019-11-05 22:08:00,"669 Spruce St, San Francisco, CA 94016",November
285952,20in Monitor,1,109.99,2019-11-25 14:28:00,"402 Johnson St, San Francisco, CA 94016",November
293453,20in Monitor,1,109.99,2019-11-15 15:49:00,"771 Main St, San Francisco, CA 94016",November
284275,20in Monitor,1,109.99,2019-11-29 08:59:00,"624 Lincoln St, Seattle, WA 98101",November
283822,20in Monitor,1,109.99,2019-11-05 09:14:00,"841 South St, New York City, NY 10001",November
291780,20in Monitor,1,109.99,2019-11-13 14:45:00,"94 Lakeview St, Boston, MA 02215",November
283070,20in Monitor,1,109.99,2019-11-19 20:48:00,"104 Adams St, Boston, MA 02215",November
280694,20in Monitor,1,109.99,2019-11-20 09:19:00,"653 2nd St, Austin, TX 73301",November
282696,20in Monitor,1,109.99,2019-11-25 02:00:00,"584 Cherry St, Austin, TX 73301",November
290447,20in Monitor,1,109.99,2019-11-13 11:55:00,"840 Forest St, Austin, TX 73301",November
281881,20in Monitor,1,109.99,2019-11-28 09:14:00,"818 Elm St, San Francisco, CA 94016",November
289776,20in Monitor,1,109.99,2019-11-22 15:16:00,"758 5th St, Boston, MA 02215",November
290284,20in Monitor,1,109.99,2019-11-01 11:44:00,"475 14th St, New York City, NY 10001",November
287019,20in Monitor,1,109.99,2019-11-10 08:25:00,"885 Elm St, Austin, TX 73301",November
288639,20in Monitor,1,109.99,2019-11-21 13:24:00,"974 Main St, Dallas, TX 75001",November
279604,20in Monitor,1,109.99,2019-11-17 13:48:00,"353 Park St, Boston, MA 02215",November
280114,20in Monitor,1,109.99,2019-11-15 00:14:00,"755 Maple St, Los Angeles, CA 90001",November
280941,20in Monitor,1,109.99,2019-11-07 17:31:00,"601 9th St, San Francisco, CA 94016",November
286832,20in Monitor,1,109.99,2019-11-12 11:12:00,"309 Center St, Seattle, WA 98101",November
288920,20in Monitor,1,109.99,2019-11-28 20:10:00,"112 Walnut St, Atlanta, GA 30301",November
294496,20in Monitor,1,109.99,2019-11-19 12:29:00,"316 Ridge St, San Francisco, CA 94016",November
295015,20in Monitor,1,109.99,2019-11-05 12:01:00,"883 Hickory St, Atlanta, GA 30301",November
295139,20in Monitor,1,109.99,2019-11-24 22:00:00,"215 Church St, Dallas, TX 75001",November
285027,20in Monitor,1,109.99,2019-11-25 13:43:00,"410 Willow St, Atlanta, GA 30301",November
288978,20in Monitor,1,109.99,2019-11-11 21:12:00,"546 Forest St, San Francisco, CA 94016",November
293324,20in Monitor,1,109.99,2019-11-05 14:50:00,"51 Elm St, San Francisco, CA 94016",November
280630,20in Monitor,1,109.99,2019-11-24 14:23:00,"996 Cherry St, San Francisco, CA 94016",November
292172,20in Monitor,1,109.99,2019-11-07 19:27:00,"954 Lincoln St, Portland, OR 97035",November
281882,20in Monitor,1,109.99,2019-11-13 13:49:00,"982 Cherry St, Los Angeles, CA 90001",November
282934,20in Monitor,1,109.99,2019-11-24 08:06:00,"911 6th St, Boston, MA 02215",November
290393,20in Monitor,1,109.99,2019-11-10 18:57:00,"783 North St, Boston, MA 02215",November
280700,20in Monitor,1,109.99,2019-11-03 21:40:00,"828 13th St, Los Angeles, CA 90001",November
283107,20in Monitor,1,109.99,2019-11-24 07:49:00,"608 5th St, San Francisco, CA 94016",November
291422,20in Monitor,1,109.99,2019-11-07 19:26:00,"622 Jefferson St, San Francisco, CA 94016",November
280769,20in Monitor,1,109.99,2019-11-05 14:01:00,"102 9th St, Seattle, WA 98101",November
288182,20in Monitor,1,109.99,2019-11-16 10:30:00,"667 West St, Dallas, TX 75001",November
291327,20in Monitor,1,109.99,2019-11-28 14:19:00,"4 1st St, San Francisco, CA 94016",November
282385,20in Monitor,1,109.99,2019-11-06 22:58:00,"555 Jackson St, New York City, NY 10001",November
284728,20in Monitor,1,109.99,2019-11-11 19:40:00,"166 Lake St, Atlanta, GA 30301",November
278844,20in Monitor,1,109.99,2019-11-24 12:37:00,"944 Madison St, Los Angeles, CA 90001",November
279036,20in Monitor,1,109.99,2019-11-18 20:08:00,"582 6th St, San Francisco, CA 94016",November
279226,20in Monitor,1,109.99,2019-11-12 13:27:00,"329 West St, Los Angeles, CA 90001",November
282282,20in Monitor,1,109.99,2019-11-20 16:21:00,"622 13th St, Seattle, WA 98101",November
288045,20in Monitor,1,109.99,2019-11-11 16:43:00,"113 River St, Portland, OR 97035",November
288673,20in Monitor,1,109.99,2019-11-29 15:13:00,"801 River St, Dallas, TX 75001",November
293072,20in Monitor,1,109.99,2019-11-17 05:13:00,"613 North St, Seattle, WA 98101",November
288402,20in Monitor,1,109.99,2019-11-06 09:54:00,"494 Center St, San Francisco, CA 94016",November
288869,20in Monitor,1,109.99,2019-11-24 18:05:00,"724 Hill St, Atlanta, GA 30301",November
279740,20in Monitor,1,109.99,2019-11-19 18:33:00,"556 Pine St, Los Angeles, CA 90001",November
287622,20in Monitor,1,109.99,2019-11-27 02:46:00,"813 Chestnut St, New York City, NY 10001",November
284392,20in Monitor,1,109.99,2019-11-27 21:43:00,"506 14th St, Boston, MA 02215",November
290482,20in Monitor,1,109.99,2019-11-24 18:07:00,"7 Dogwood St, San Francisco, CA 94016",November
295643,20in Monitor,1,109.99,2019-11-27 14:25:00,"530 13th St, Boston, MA 02215",November
299970,20in Monitor,1,109.99,2019-12-29 07:41:00,"355 Chestnut St, Los Angeles, CA 90001",December
303653,20in Monitor,1,109.99,2019-12-03 09:18:00,"72 Madison St, Los Angeles, CA 90001",December
309351,20in Monitor,1,109.99,2019-12-01 20:55:00,"690 1st St, Dallas, TX 75001",December
309929,20in Monitor,1,109.99,2019-12-25 23:01:00,"34 Hill St, Los Angeles, CA 90001",December
306024,20in Monitor,1,109.99,2019-12-09 12:28:00,"888 8th St, Los Angeles, CA 90001",December
312201,20in Monitor,1,109.99,2019-12-16 22:43:00,"3 Ridge St, Seattle, WA 98101",December
317448,20in Monitor,1,109.99,2019-12-28 23:56:00,"144 Adams St, San Francisco, CA 94016",December
299375,20in Monitor,1,109.99,2019-12-17 11:05:00,"166 10th St, New York City, NY 10001",December
303645,20in Monitor,1,109.99,2019-12-24 18:52:00,"979 Lincoln St, Seattle, WA 98101",December
308578,20in Monitor,1,109.99,2019-12-18 00:33:00,"701 Lincoln St, New York City, NY 10001",December
299345,20in Monitor,1,109.99,2019-12-20 12:09:00,"440 5th St, Dallas, TX 75001",December
304341,20in Monitor,1,109.99,2019-12-18 20:18:00,"569 Elm St, Los Angeles, CA 90001",December
316964,20in Monitor,1,109.99,2019-12-23 19:17:00,"190 Jackson St, Portland, OR 97035",December
317416,20in Monitor,1,109.99,2019-12-19 18:40:00,"385 Adams St, Dallas, TX 75001",December
297260,20in Monitor,1,109.99,2019-12-05 10:30:00,"965 9th St, Atlanta, GA 30301",December
303391,20in Monitor,1,109.99,2019-12-29 00:17:00,"9 11th St, Boston, MA 02215",December
307765,20in Monitor,1,109.99,2019-12-27 14:40:00,"588 Chestnut St, Austin, TX 73301",December
312637,20in Monitor,1,109.99,2019-12-10 11:06:00,"31 Cedar St, New York City, NY 10001",December
307970,20in Monitor,1,109.99,2019-12-30 11:52:00,"816 Hill St, Boston, MA 02215",December
309406,20in Monitor,1,109.99,2019-12-15 19:37:00,"739 Lincoln St, Los Angeles, CA 90001",December
301557,20in Monitor,1,109.99,2019-12-30 21:56:00,"637 Hickory St, Los Angeles, CA 90001",December
308464,20in Monitor,1,109.99,2019-12-05 15:44:00,"521 River St, Austin, TX 73301",December
317085,20in Monitor,1,109.99,2019-12-07 11:11:00,"622 Maple St, New York City, NY 10001",December
318508,20in Monitor,1,109.99,2019-12-09 11:31:00,"886 7th St, Boston, MA 02215",December
313185,20in Monitor,1,109.99,2019-12-31 22:48:00,"594 South St, San Francisco, CA 94016",December
312259,20in Monitor,1,109.99,2019-12-09 17:19:00,"459 Cherry St, San Francisco, CA 94016",December
296268,20in Monitor,1,109.99,2019-12-14 11:04:00,"41 Willow St, Los Angeles, CA 90001",December
297696,20in Monitor,1,109.99,2019-12-10 17:22:00,"768 8th St, Dallas, TX 75001",December
312192,20in Monitor,1,109.99,2019-12-23 22:11:00,"547 Meadow St, Portland, ME 04101",December
317939,20in Monitor,1,109.99,2019-12-29 02:30:00,"538 8th St, San Francisco, CA 94016",December
318440,20in Monitor,1,109.99,2019-12-27 13:13:00,"363 North St, Boston, MA 02215",December
297739,20in Monitor,1,109.99,2019-12-23 17:45:00,"825 Meadow St, Atlanta, GA 30301",December
300401,20in Monitor,1,109.99,2019-12-12 21:19:00,"820 Park St, Boston, MA 02215",December
305291,20in Monitor,1,109.99,2019-12-29 14:06:00,"995 Adams St, Portland, ME 04101",December
311049,20in Monitor,1,109.99,2019-12-14 22:25:00,"696 Main St, San Francisco, CA 94016",December
307290,20in Monitor,1,109.99,2019-12-25 18:46:00,"875 13th St, Atlanta, GA 30301",December
319429,20in Monitor,1,109.99,2019-12-29 13:42:00,"271 Forest St, Seattle, WA 98101",December
308501,20in Monitor,1,109.99,2019-12-24 17:24:00,"113 Willow St, Seattle, WA 98101",December
309246,20in Monitor,1,109.99,2019-12-25 09:48:00,"340 Main St, Atlanta, GA 30301",December
309423,20in Monitor,1,109.99,2019-12-22 20:30:00,"222 12th St, San Francisco, CA 94016",December
315220,20in Monitor,1,109.99,2019-12-20 00:10:00,"289 Chestnut St, Atlanta, GA 30301",December
315583,20in Monitor,1,109.99,2019-12-20 12:37:00,"885 12th St, Los Angeles, CA 90001",December
300372,20in Monitor,1,109.99,2019-12-31 13:35:00,"170 2nd St, Dallas, TX 75001",December
302042,20in Monitor,1,109.99,2019-12-04 19:10:00,"667 West St, New York City, NY 10001",December
310311,20in Monitor,1,109.99,2019-12-24 23:59:00,"629 13th St, Boston, MA 02215",December
312793,20in Monitor,1,109.99,2019-12-25 14:04:00,"106 Cherry St, Seattle, WA 98101",December
312887,20in Monitor,1,109.99,2019-12-20 12:51:00,"909 11th St, San Francisco, CA 94016",December
313680,20in Monitor,1,109.99,2019-12-29 17:44:00,"440 10th St, Portland, ME 04101",December
317331,20in Monitor,1,109.99,2019-12-25 16:35:00,"578 Hill St, Dallas, TX 75001",December
317564,20in Monitor,1,109.99,2019-12-13 19:05:00,"755 Forest St, Portland, OR 97035",December
298842,20in Monitor,1,109.99,2019-12-03 13:54:00,"319 Ridge St, San Francisco, CA 94016",December
307788,20in Monitor,1,109.99,2019-12-04 17:25:00,"137 Lakeview St, Boston, MA 02215",December
297845,20in Monitor,1,109.99,2019-12-31 11:39:00,"605 Willow St, Seattle, WA 98101",December
198243,20in Monitor,1,109.99,2019-05-14 13:00:00,"435 Forest St, Los Angeles, CA 90001",May
220043,20in Monitor,1,109.99,2019-06-03 22:19:00,"184 Lake St, Portland, OR 97035",June
242672,20in Monitor,1,109.99,2019-08-11 20:05:00,"61 River St, San Francisco, CA 94016",August
252194,20in Monitor,1,109.99,2019-09-09 10:01:00,"883 Church St, Atlanta, GA 30301",September
270991,20in Monitor,1,109.99,2019-10-05 16:21:00,"466 10th St, Seattle, WA 98101",October
260544,20in Monitor,1,109.99,2019-10-23 13:52:00,"384 Lincoln St, Atlanta, GA 30301",October
293379,20in Monitor,1,109.99,2019-11-07 16:00:00,"836 Adams St, Atlanta, GA 30301",November
302409,20in Monitor,1,109.99,2019-12-23 15:21:00,"176 North St, San Francisco, CA 94016",December
317340,20in Monitor,1,109.99,2019-12-05 09:24:00,"752 2nd St, Los Angeles, CA 90001",December
301013,20in Monitor,1,109.99,2019-12-16 16:59:00,"812 Jackson St, Austin, TX 73301",December
303186,20in Monitor,1,109.99,2019-12-19 19:51:00,"682 Cedar St, Seattle, WA 98101",December
303847,20in Monitor,1,109.99,2019-12-14 20:13:00,"89 12th St, Los Angeles, CA 90001",December
310080,20in Monitor,1,109.99,2019-12-06 13:32:00,"496 North St, Portland, OR 97035",December
315647,20in Monitor,1,109.99,2019-12-16 19:40:00,"714 Johnson St, San Francisco, CA 94016",December
299485,20in Monitor,1,109.99,2019-12-29 16:29:00,"485 13th St, Seattle, WA 98101",December
300089,20in Monitor,1,109.99,2019-12-25 22:48:00,"476 7th St, New York City, NY 10001",December
300556,20in Monitor,1,109.99,2019-12-26 23:05:00,"766 Cedar St, Austin, TX 73301",December
302996,20in Monitor,1,109.99,2019-12-04 15:05:00,"178 Ridge St, Seattle, WA 98101",December
312376,20in Monitor,1,109.99,2019-12-24 11:14:00,"913 Forest St, Atlanta, GA 30301",December
313556,20in Monitor,1,109.99,2019-12-16 00:52:00,"426 Adams St, New York City, NY 10001",December
313984,20in Monitor,1,109.99,2019-12-02 00:09:00,"470 Jefferson St, San Francisco, CA 94016",December
301183,20in Monitor,1,109.99,2019-12-05 15:51:00,"417 6th St, Seattle, WA 98101",December
297089,20in Monitor,1,109.99,2019-12-02 19:56:00,"888 Wilson St, Los Angeles, CA 90001",December
298327,20in Monitor,1,109.99,2019-12-21 10:37:00,"215 Lake St, New York City, NY 10001",December
301099,20in Monitor,1,109.99,2019-12-16 07:09:00,"451 Cherry St, San Francisco, CA 94016",December
298582,20in Monitor,1,109.99,2019-12-25 14:43:00,"750 Lake St, San Francisco, CA 94016",December
300752,20in Monitor,1,109.99,2019-12-30 19:36:00,"303 Maple St, Atlanta, GA 30301",December
300270,20in Monitor,1,109.99,2019-12-21 06:04:00,"828 Church St, San Francisco, CA 94016",December
298725,20in Monitor,1,109.99,2019-12-26 12:04:00,"226 Meadow St, Austin, TX 73301",December
310403,20in Monitor,1,109.99,2019-12-10 11:19:00,"879 Maple St, Atlanta, GA 30301",December
310987,20in Monitor,1,109.99,2019-12-24 14:47:00,"204 7th St, Seattle, WA 98101",December
302677,20in Monitor,1,109.99,2019-12-03 17:21:00,"198 Ridge St, Seattle, WA 98101",December
306216,20in Monitor,1,109.99,2019-12-05 21:27:00,"98 10th St, Atlanta, GA 30301",December
315185,20in Monitor,1,109.99,2019-12-26 09:04:00,"258 Dogwood St, Atlanta, GA 30301",December
318756,20in Monitor,1,109.99,2019-12-21 10:59:00,"450 Adams St, Los Angeles, CA 90001",December
317568,20in Monitor,1,109.99,2019-12-24 19:53:00,"211 Johnson St, Boston, MA 02215",December
299561,20in Monitor,1,109.99,2019-12-22 19:46:00,"917 Forest St, Los Angeles, CA 90001",December
302300,20in Monitor,1,109.99,2019-12-18 13:51:00,"88 River St, Atlanta, GA 30301",December
305831,20in Monitor,1,109.99,2019-12-08 20:25:00,"311 Lincoln St, Boston, MA 02215",December
141492,20in Monitor,1,109.99,2019-01-18 09:23:00,"331 Chestnut St, Dallas, TX 75001",January
145393,20in Monitor,1,109.99,2019-01-06 13:26:00,"369 8th St, Boston, MA 02215",January
149851,20in Monitor,1,109.99,2019-01-13 06:12:00,"855 Hickory St, Dallas, TX 75001",January
141546,20in Monitor,1,109.99,2019-01-22 02:39:00,"390 Ridge St, Atlanta, GA 30301",January
142191,20in Monitor,1,109.99,2019-01-08 15:41:00,"246 Chestnut St, San Francisco, CA 94016",January
149463,20in Monitor,1,109.99,2019-01-15 15:04:00,"139 Jefferson St, Los Angeles, CA 90001",January
146058,20in Monitor,1,109.99,2019-01-25 16:55:00,"39 2nd St, Boston, MA 02215",January
148929,20in Monitor,1,109.99,2019-01-15 21:56:00,"179 Pine St, Boston, MA 02215",January
145713,20in Monitor,1,109.99,2019-01-28 19:48:00,"614 South St, San Francisco, CA 94016",January
143460,20in Monitor,1,109.99,2019-01-21 00:14:00,"493 6th St, Portland, OR 97035",January
145313,20in Monitor,1,109.99,2019-01-26 08:50:00,"681 1st St, Boston, MA 02215",January
147801,20in Monitor,1,109.99,2019-01-24 17:05:00,"572 Jefferson St, Boston, MA 02215",January
142336,20in Monitor,1,109.99,2019-01-28 14:32:00,"571 Hill St, Portland, OR 97035",January
144019,20in Monitor,1,109.99,2019-01-29 12:26:00,"889 Maple St, Boston, MA 02215",January
145559,20in Monitor,1,109.99,2019-01-23 10:00:00,"602 10th St, Austin, TX 73301",January
147176,20in Monitor,1,109.99,2019-01-07 08:51:00,"142 12th St, Atlanta, GA 30301",January
147681,20in Monitor,1,109.99,2019-01-05 14:38:00,"935 10th St, Dallas, TX 75001",January
145814,20in Monitor,1,109.99,2019-01-02 21:42:00,"616 9th St, Boston, MA 02215",January
143641,20in Monitor,1,109.99,2019-01-18 00:01:00,"485 Lake St, San Francisco, CA 94016",January
147044,20in Monitor,1,109.99,2019-01-24 13:58:00,"500 Chestnut St, Dallas, TX 75001",January
143767,20in Monitor,1,109.99,2019-01-09 20:55:00,"593 14th St, Los Angeles, CA 90001",January
147304,20in Monitor,1,109.99,2019-01-11 21:08:00,"964 Lake St, Los Angeles, CA 90001",January
146492,20in Monitor,1,109.99,2019-01-14 19:45:00,"214 14th St, New York City, NY 10001",January
149392,20in Monitor,1,109.99,2019-01-05 08:16:00,"883 Adams St, Dallas, TX 75001",January
145528,20in Monitor,1,109.99,2019-01-25 11:01:00,"710 River St, Seattle, WA 98101",January
146437,20in Monitor,1,109.99,2019-01-17 23:05:00,"269 Lincoln St, San Francisco, CA 94016",January
149927,20in Monitor,1,109.99,2019-01-29 10:32:00,"391 Highland St, Portland, OR 97035",January
144392,20in Monitor,1,109.99,2019-01-23 15:57:00,"353 Lake St, San Francisco, CA 94016",January
146882,20in Monitor,1,109.99,2019-01-04 19:28:00,"131 Lake St, San Francisco, CA 94016",January
143062,20in Monitor,1,109.99,2019-01-26 14:14:00,"615 Main St, Los Angeles, CA 90001",January
154880,20in Monitor,1,109.99,2019-02-22 17:13:00,"727 Willow St, Los Angeles, CA 90001",February
160516,20in Monitor,1,109.99,2019-02-21 17:14:00,"921 Cherry St, Los Angeles, CA 90001",February
161752,20in Monitor,1,109.99,2019-02-24 16:31:00,"255 Spruce St, San Francisco, CA 94016",February
157500,20in Monitor,1,109.99,2019-02-10 18:17:00,"898 Johnson St, Austin, TX 73301",February
158453,20in Monitor,1,109.99,2019-02-24 05:58:00,"767 2nd St, Boston, MA 02215",February
159887,20in Monitor,1,109.99,2019-02-17 21:36:00,"880 North St, Portland, OR 97035",February
161540,20in Monitor,1,109.99,2019-02-26 00:33:00,"465 Lake St, Portland, OR 97035",February
161411,20in Monitor,1,109.99,2019-02-10 17:38:00,"452 Cherry St, Atlanta, GA 30301",February
154032,20in Monitor,1,109.99,2019-02-18 19:17:00,"532 Park St, New York City, NY 10001",February
158808,20in Monitor,1,109.99,2019-02-27 22:53:00,"413 Ridge St, Los Angeles, CA 90001",February
155947,20in Monitor,1,109.99,2019-02-04 21:24:00,"615 Lake St, San Francisco, CA 94016",February
153225,20in Monitor,1,109.99,2019-02-19 07:24:00,"321 North St, San Francisco, CA 94016",February
160667,20in Monitor,1,109.99,2019-02-24 18:41:00,"122 Lake St, Atlanta, GA 30301",February
153840,20in Monitor,1,109.99,2019-02-21 07:40:00,"535 12th St, New York City, NY 10001",February
155369,20in Monitor,1,109.99,2019-02-21 11:28:00,"406 Walnut St, New York City, NY 10001",February
154530,20in Monitor,1,109.99,2019-02-21 16:04:00,"503 Spruce St, Dallas, TX 75001",February
156901,20in Monitor,1,109.99,2019-02-02 16:34:00,"270 Adams St, New York City, NY 10001",February
158916,20in Monitor,1,109.99,2019-02-03 01:25:00,"733 1st St, San Francisco, CA 94016",February
158302,20in Monitor,1,109.99,2019-02-27 22:31:00,"110 Madison St, New York City, NY 10001",February
159661,20in Monitor,1,109.99,2019-02-19 10:27:00,"531 Hill St, New York City, NY 10001",February
155977,20in Monitor,1,109.99,2019-02-28 21:29:00,"642 Meadow St, Boston, MA 02215",February
156599,20in Monitor,1,109.99,2019-02-25 22:14:00,"223 1st St, Seattle, WA 98101",February
157244,20in Monitor,1,109.99,2019-02-07 21:09:00,"341 Chestnut St, Atlanta, GA 30301",February
150862,20in Monitor,1,109.99,2019-02-05 07:56:00,"196 5th St, San Francisco, CA 94016",February
152558,20in Monitor,1,109.99,2019-02-02 12:19:00,"594 Johnson St, Los Angeles, CA 90001",February
152652,20in Monitor,1,109.99,2019-02-04 00:52:00,"526 14th St, New York City, NY 10001",February
155797,20in Monitor,1,109.99,2019-02-09 14:42:00,"756 Spruce St, Atlanta, GA 30301",February
150691,20in Monitor,1,109.99,2019-02-26 00:43:00,"902 Adams St, New York City, NY 10001",February
152738,20in Monitor,1,109.99,2019-02-27 20:15:00,"975 1st St, Boston, MA 02215",February
154939,20in Monitor,1,109.99,2019-02-15 13:07:00,"470 Adams St, Los Angeles, CA 90001",February
154961,20in Monitor,1,109.99,2019-02-17 21:55:00,"665 Willow St, San Francisco, CA 94016",February
156153,20in Monitor,1,109.99,2019-02-14 19:53:00,"97 10th St, Boston, MA 02215",February
152819,20in Monitor,1,109.99,2019-02-15 13:14:00,"215 11th St, San Francisco, CA 94016",February
161625,20in Monitor,1,109.99,2019-02-02 16:45:00,"881 Ridge St, New York City, NY 10001",February
150599,20in Monitor,1,109.99,2019-02-19 12:08:00,"677 South St, Atlanta, GA 30301",February
151465,20in Monitor,1,109.99,2019-02-21 21:38:00,"288 8th St, San Francisco, CA 94016",February
154236,20in Monitor,1,109.99,2019-02-15 09:58:00,"772 South St, San Francisco, CA 94016",February
153043,20in Monitor,1,109.99,2019-02-14 19:21:00,"72 Hickory St, Los Angeles, CA 90001",February
155645,20in Monitor,1,109.99,2019-02-02 05:47:00,"233 Lakeview St, Seattle, WA 98101",February
151376,20in Monitor,1,109.99,2019-02-18 08:43:00,"265 Lakeview St, Dallas, TX 75001",February
154796,20in Monitor,1,109.99,2019-02-05 19:19:00,"839 Washington St, Los Angeles, CA 90001",February
158267,20in Monitor,1,109.99,2019-02-25 23:51:00,"866 Sunset St, Austin, TX 73301",February
161325,20in Monitor,1,109.99,2019-02-20 16:58:00,"456 Lincoln St, Boston, MA 02215",February
160700,20in Monitor,1,109.99,2019-02-01 08:26:00,"703 9th St, Los Angeles, CA 90001",February
157822,20in Monitor,1,109.99,2019-02-12 14:04:00,"215 North St, Boston, MA 02215",February
164630,20in Monitor,1,109.99,2019-03-08 10:34:00,"761 Adams St, Los Angeles, CA 90001",March
168254,20in Monitor,1,109.99,2019-03-01 16:09:00,"390 Madison St, Boston, MA 02215",March
169499,20in Monitor,1,109.99,2019-03-21 19:57:00,"733 Madison St, Los Angeles, CA 90001",March
167657,20in Monitor,1,109.99,2019-03-26 20:15:00,"329 11th St, San Francisco, CA 94016",March
168012,20in Monitor,1,109.99,2019-03-20 12:03:00,"515 Hickory St, San Francisco, CA 94016",March
163231,20in Monitor,1,109.99,2019-03-16 19:14:00,"121 North St, San Francisco, CA 94016",March
168047,20in Monitor,1,109.99,2019-03-06 10:56:00,"423 Madison St, Austin, TX 73301",March
168556,20in Monitor,1,109.99,2019-03-10 09:03:00,"528 Hickory St, Boston, MA 02215",March
169458,20in Monitor,1,109.99,2019-03-22 16:38:00,"810 7th St, Portland, OR 97035",March
170646,20in Monitor,1,109.99,2019-03-29 21:23:00,"197 Adams St, San Francisco, CA 94016",March
170738,20in Monitor,1,109.99,2019-03-09 18:35:00,"789 River St, Atlanta, GA 30301",March
172714,20in Monitor,1,109.99,2019-03-25 10:14:00,"807 West St, San Francisco, CA 94016",March
175616,20in Monitor,1,109.99,2019-03-23 17:41:00,"545 9th St, Portland, ME 04101",March
176468,20in Monitor,1,109.99,2019-03-23 11:33:00,"491 Lakeview St, Atlanta, GA 30301",March
173121,20in Monitor,1,109.99,2019-03-28 19:29:00,"889 Cedar St, Atlanta, GA 30301",March
175304,20in Monitor,1,109.99,2019-03-18 22:09:00,"720 Cherry St, Atlanta, GA 30301",March
165523,20in Monitor,1,109.99,2019-03-05 15:44:00,"783 Jackson St, San Francisco, CA 94016",March
162200,20in Monitor,1,109.99,2019-03-15 14:50:00,"596 Meadow St, San Francisco, CA 94016",March
165389,20in Monitor,1,109.99,2019-03-04 16:43:00,"633 West St, Atlanta, GA 30301",March
171618,20in Monitor,1,109.99,2019-03-14 04:44:00,"258 Spruce St, San Francisco, CA 94016",March
174180,20in Monitor,1,109.99,2019-03-25 07:37:00,"395 Madison St, Austin, TX 73301",March
166047,20in Monitor,1,109.99,2019-03-14 20:15:00,"356 Forest St, Portland, OR 97035",March
167044,20in Monitor,1,109.99,2019-03-24 09:43:00,"39 Meadow St, Los Angeles, CA 90001",March
164628,20in Monitor,1,109.99,2019-03-24 13:06:00,"925 Cherry St, San Francisco, CA 94016",March
164686,20in Monitor,1,109.99,2019-03-29 19:38:00,"266 Maple St, Seattle, WA 98101",March
164895,20in Monitor,1,109.99,2019-03-13 18:13:00,"339 12th St, New York City, NY 10001",March
168898,20in Monitor,1,109.99,2019-03-08 12:02:00,"617 Maple St, Los Angeles, CA 90001",March
171697,20in Monitor,1,109.99,2019-03-13 17:25:00,"330 Cherry St, San Francisco, CA 94016",March
171661,20in Monitor,1,109.99,2019-03-29 11:35:00,"857 6th St, Atlanta, GA 30301",March
164184,20in Monitor,1,109.99,2019-03-04 19:19:00,"452 5th St, Los Angeles, CA 90001",March
166185,20in Monitor,1,109.99,2019-03-24 20:38:00,"945 Meadow St, San Francisco, CA 94016",March
171609,20in Monitor,1,109.99,2019-03-29 22:09:00,"52 Park St, Los Angeles, CA 90001",March
174506,20in Monitor,1,109.99,2019-03-11 12:27:00,"353 Jefferson St, Portland, OR 97035",March
168532,20in Monitor,1,109.99,2019-03-04 10:30:00,"527 Cedar St, Dallas, TX 75001",March
165781,20in Monitor,1,109.99,2019-03-24 12:45:00,"99 10th St, Atlanta, GA 30301",March
164864,20in Monitor,1,109.99,2019-03-15 16:54:00,"166 Walnut St, Los Angeles, CA 90001",March
165492,20in Monitor,1,109.99,2019-03-16 11:46:00,"839 8th St, Portland, ME 04101",March
165868,20in Monitor,1,109.99,2019-03-06 10:46:00,"464 Forest St, San Francisco, CA 94016",March
169068,20in Monitor,1,109.99,2019-03-07 13:09:00,"697 Jackson St, Boston, MA 02215",March
167514,20in Monitor,1,109.99,2019-03-14 09:18:00,"34 Willow St, Seattle, WA 98101",March
170874,20in Monitor,1,109.99,2019-03-05 13:45:00,"136 Adams St, Dallas, TX 75001",March
172128,20in Monitor,1,109.99,2019-03-04 18:00:00,"657 Johnson St, San Francisco, CA 94016",March
172683,20in Monitor,1,109.99,2019-03-25 19:46:00,"688 2nd St, Atlanta, GA 30301",March
165753,20in Monitor,1,109.99,2019-03-26 08:21:00,"994 13th St, New York City, NY 10001",March
170579,20in Monitor,1,109.99,2019-03-23 07:10:00,"443 River St, New York City, NY 10001",March
173362,20in Monitor,1,109.99,2019-03-30 18:28:00,"767 River St, San Francisco, CA 94016",March
174622,20in Monitor,1,109.99,2019-03-12 15:21:00,"18 Maple St, Los Angeles, CA 90001",March
176502,20in Monitor,1,109.99,2019-03-08 21:31:00,"413 Adams St, Portland, OR 97035",March
183328,20in Monitor,1,109.99,2019-04-28 09:58:00,"933 11th St, San Francisco, CA 94016",April
178294,20in Monitor,1,109.99,2019-04-04 21:40:00,"336 2nd St, Dallas, TX 75001",April
179632,20in Monitor,1,109.99,2019-04-06 18:19:00,"339 14th St, Seattle, WA 98101",April
186279,20in Monitor,1,109.99,2019-04-12 00:22:00,"535 Lake St, New York City, NY 10001",April
190014,20in Monitor,1,109.99,2019-04-03 20:18:00,"347 Hill St, San Francisco, CA 94016",April
191134,20in Monitor,2,109.99,2019-04-16 12:33:00,"617 Sunset St, New York City, NY 10001",April
192401,20in Monitor,1,109.99,2019-04-03 19:15:00,"503 Pine St, San Francisco, CA 94016",April
192616,20in Monitor,1,109.99,2019-04-05 20:57:00,"476 11th St, Seattle, WA 98101",April
178028,20in Monitor,1,109.99,2019-04-19 13:21:00,"408 10th St, San Francisco, CA 94016",April
178182,20in Monitor,1,109.99,2019-04-28 22:20:00,"179 River St, Austin, TX 73301",April
184777,20in Monitor,1,109.99,2019-04-02 19:16:00,"957 Main St, New York City, NY 10001",April
177397,20in Monitor,1,109.99,2019-04-27 18:20:00,"438 Park St, Austin, TX 73301",April
186880,20in Monitor,1,109.99,2019-04-29 23:11:00,"209 Johnson St, San Francisco, CA 94016",April
191310,20in Monitor,1,109.99,2019-04-03 13:47:00,"435 Highland St, Austin, TX 73301",April
183412,20in Monitor,1,109.99,2019-04-28 17:46:00,"883 Jefferson St, Boston, MA 02215",April
176588,20in Monitor,1,109.99,2019-04-02 04:00:00,"765 Cherry St, Seattle, WA 98101",April
182713,20in Monitor,1,109.99,2019-04-15 17:15:00,"960 Pine St, San Francisco, CA 94016",April
191032,20in Monitor,1,109.99,2019-04-20 21:44:00,"674 14th St, Atlanta, GA 30301",April
192982,20in Monitor,1,109.99,2019-04-03 06:01:00,"288 7th St, Atlanta, GA 30301",April
178649,20in Monitor,1,109.99,2019-04-05 16:37:00,"744 8th St, New York City, NY 10001",April
194006,20in Monitor,1,109.99,2019-04-20 14:58:00,"632 Chestnut St, Dallas, TX 75001",April
178187,20in Monitor,1,109.99,2019-04-25 08:32:00,"878 Elm St, Dallas, TX 75001",April
183429,20in Monitor,1,109.99,2019-04-21 12:24:00,"106 Sunset St, Los Angeles, CA 90001",April
176690,20in Monitor,1,109.99,2019-04-04 18:33:00,"873 Sunset St, San Francisco, CA 94016",April
185806,20in Monitor,1,109.99,2019-04-08 10:35:00,"405 Dogwood St, Seattle, WA 98101",April
187752,20in Monitor,1,109.99,2019-04-20 17:40:00,"699 Jefferson St, Austin, TX 73301",April
176733,20in Monitor,1,109.99,2019-04-11 13:31:00,"575 Hickory St, San Francisco, CA 94016",April
181080,20in Monitor,1,109.99,2019-04-02 15:41:00,"76 Cedar St, Los Angeles, CA 90001",April
189545,20in Monitor,1,109.99,2019-05-01 02:06:00,"670 5th St, San Francisco, CA 94016",May
190615,20in Monitor,1,109.99,2019-04-08 18:06:00,"639 Ridge St, Los Angeles, CA 90001",April
186988,20in Monitor,1,109.99,2019-04-28 11:31:00,"500 Highland St, San Francisco, CA 94016",April
188007,20in Monitor,1,109.99,2019-04-14 19:55:00,"309 12th St, Atlanta, GA 30301",April
186889,20in Monitor,1,109.99,2019-04-22 12:49:00,"321 Park St, New York City, NY 10001",April
188261,20in Monitor,1,109.99,2019-04-11 19:05:00,"1 Dogwood St, Dallas, TX 75001",April
188711,20in Monitor,1,109.99,2019-04-02 18:25:00,"865 Adams St, San Francisco, CA 94016",April
188968,20in Monitor,1,109.99,2019-04-09 23:42:00,"638 Sunset St, Dallas, TX 75001",April
179049,20in Monitor,1,109.99,2019-04-04 21:32:00,"326 Church St, Seattle, WA 98101",April
187871,20in Monitor,1,109.99,2019-04-20 20:30:00,"498 Hickory St, New York City, NY 10001",April
180326,20in Monitor,1,109.99,2019-04-11 15:58:00,"843 Lakeview St, Los Angeles, CA 90001",April
179535,20in Monitor,1,109.99,2019-04-13 17:47:00,"255 West St, Boston, MA 02215",April
187538,20in Monitor,1,109.99,2019-04-19 17:24:00,"185 Spruce St, Dallas, TX 75001",April
178899,20in Monitor,1,109.99,2019-04-29 22:18:00,"406 Chestnut St, Los Angeles, CA 90001",April
181356,20in Monitor,1,109.99,2019-04-24 07:50:00,"43 Lake St, Seattle, WA 98101",April
190711,20in Monitor,1,109.99,2019-04-26 12:49:00,"283 Wilson St, San Francisco, CA 94016",April
193980,20in Monitor,1,109.99,2019-04-09 13:21:00,"924 13th St, San Francisco, CA 94016",April
179331,20in Monitor,1,109.99,2019-04-01 15:08:00,"398 Cedar St, Los Angeles, CA 90001",April
179873,20in Monitor,1,109.99,2019-04-24 12:43:00,"777 Dogwood St, Atlanta, GA 30301",April
189295,20in Monitor,1,109.99,2019-04-07 22:26:00,"886 Johnson St, Portland, ME 04101",April
190559,20in Monitor,1,109.99,2019-04-27 21:35:00,"329 Main St, New York City, NY 10001",April
193064,20in Monitor,1,109.99,2019-04-01 17:46:00,"735 6th St, Portland, OR 97035",April
177798,20in Monitor,1,109.99,2019-04-10 13:47:00,"324 River St, New York City, NY 10001",April
177960,20in Monitor,1,109.99,2019-04-12 13:14:00,"74 Forest St, Seattle, WA 98101",April
178943,20in Monitor,1,109.99,2019-04-26 07:35:00,"561 Lake St, Seattle, WA 98101",April
179824,20in Monitor,1,109.99,2019-04-08 17:26:00,"531 7th St, Seattle, WA 98101",April
184873,20in Monitor,1,109.99,2019-04-27 03:33:00,"996 11th St, Austin, TX 73301",April
178803,20in Monitor,1,109.99,2019-04-26 08:56:00,"86 Sunset St, New York City, NY 10001",April
187275,20in Monitor,1,109.99,2019-04-15 19:01:00,"90 Maple St, New York City, NY 10001",April
180953,20in Monitor,1,109.99,2019-04-18 12:43:00,"566 5th St, Dallas, TX 75001",April
183369,20in Monitor,1,109.99,2019-04-23 20:47:00,"538 West St, Seattle, WA 98101",April
191909,20in Monitor,1,109.99,2019-04-15 14:08:00,"122 West St, San Francisco, CA 94016",April
177903,20in Monitor,1,109.99,2019-04-26 19:39:00,"50 Lincoln St, Los Angeles, CA 90001",April
178666,20in Monitor,1,109.99,2019-04-23 19:37:00,"604 Jackson St, Los Angeles, CA 90001",April
183984,20in Monitor,1,109.99,2019-04-24 17:00:00,"18 1st St, San Francisco, CA 94016",April
184294,20in Monitor,1,109.99,2019-04-28 23:18:00,"233 5th St, San Francisco, CA 94016",April
178107,20in Monitor,1,109.99,2019-04-02 23:12:00,"879 Washington St, New York City, NY 10001",April
179279,20in Monitor,1,109.99,2019-04-22 09:41:00,"796 Johnson St, Portland, OR 97035",April
179912,20in Monitor,1,109.99,2019-04-15 19:34:00,"124 Wilson St, Boston, MA 02215",April
191262,20in Monitor,1,109.99,2019-04-25 19:19:00,"380 7th St, Los Angeles, CA 90001",April
203238,20in Monitor,1,109.99,2019-05-11 22:25:00,"726 Walnut St, San Francisco, CA 94016",May
203529,20in Monitor,1,109.99,2019-05-02 11:23:00,"431 Willow St, Los Angeles, CA 90001",May
206634,20in Monitor,1,109.99,2019-05-06 11:59:00,"303 North St, New York City, NY 10001",May
196213,20in Monitor,1,109.99,2019-05-17 10:01:00,"98 9th St, New York City, NY 10001",May
205966,20in Monitor,1,109.99,2019-05-21 12:06:00,"888 River St, Los Angeles, CA 90001",May
209513,20in Monitor,1,109.99,2019-05-20 14:34:00,"754 Hickory St, Los Angeles, CA 90001",May
200358,20in Monitor,1,109.99,2019-05-09 20:49:00,"986 7th St, San Francisco, CA 94016",May
203181,20in Monitor,1,109.99,2019-05-02 11:22:00,"455 Park St, Portland, OR 97035",May
203955,20in Monitor,1,109.99,2019-05-28 15:36:00,"552 Maple St, San Francisco, CA 94016",May
209912,20in Monitor,1,109.99,2019-05-01 15:30:00,"482 Washington St, San Francisco, CA 94016",May
196045,20in Monitor,1,109.99,2019-05-02 07:18:00,"617 7th St, San Francisco, CA 94016",May
194799,20in Monitor,1,109.99,2019-05-30 08:05:00,"863 Center St, San Francisco, CA 94016",May
203498,20in Monitor,1,109.99,2019-05-09 09:13:00,"344 Lincoln St, San Francisco, CA 94016",May
207602,20in Monitor,1,109.99,2019-05-10 05:17:00,"255 West St, Portland, OR 97035",May
205715,20in Monitor,1,109.99,2019-05-19 12:38:00,"11 Maple St, New York City, NY 10001",May
207960,20in Monitor,1,109.99,2019-05-19 21:45:00,"547 Elm St, Los Angeles, CA 90001",May
194733,20in Monitor,1,109.99,2019-05-11 21:12:00,"914 13th St, Los Angeles, CA 90001",May
199134,20in Monitor,1,109.99,2019-05-24 08:34:00,"355 Madison St, Boston, MA 02215",May
200076,20in Monitor,1,109.99,2019-05-31 15:03:00,"104 Walnut St, Atlanta, GA 30301",May
209069,20in Monitor,1,109.99,2019-05-27 14:47:00,"953 Forest St, Portland, OR 97035",May
194941,20in Monitor,1,109.99,2019-05-29 02:02:00,"311 Hill St, Atlanta, GA 30301",May
195376,20in Monitor,1,109.99,2019-05-22 16:02:00,"727 South St, Seattle, WA 98101",May
201347,20in Monitor,1,109.99,2019-05-25 19:54:00,"497 14th St, Los Angeles, CA 90001",May
204127,20in Monitor,1,109.99,2019-05-01 13:44:00,"387 Ridge St, Portland, OR 97035",May
194341,20in Monitor,1,109.99,2019-05-21 11:30:00,"659 Highland St, Atlanta, GA 30301",May
202632,20in Monitor,1,109.99,2019-05-30 22:58:00,"582 Highland St, Los Angeles, CA 90001",May
209901,20in Monitor,1,109.99,2019-05-30 11:44:00,"387 Johnson St, San Francisco, CA 94016",May
203831,20in Monitor,1,109.99,2019-05-01 10:53:00,"304 Jackson St, Los Angeles, CA 90001",May
201757,20in Monitor,1,109.99,2019-05-31 10:58:00,"388 Church St, Los Angeles, CA 90001",May
203265,20in Monitor,1,109.99,2019-05-20 17:35:00,"786 Main St, New York City, NY 10001",May
201901,20in Monitor,1,109.99,2019-05-02 17:28:00,"554 Walnut St, Boston, MA 02215",May
202285,20in Monitor,1,109.99,2019-05-10 18:45:00,"21 Sunset St, New York City, NY 10001",May
203916,20in Monitor,1,109.99,2019-05-09 08:57:00,"602 Cedar St, Atlanta, GA 30301",May
197004,20in Monitor,1,109.99,2019-05-31 02:06:00,"544 Main St, New York City, NY 10001",May
199877,20in Monitor,1,109.99,2019-05-08 20:45:00,"719 Park St, New York City, NY 10001",May
209129,20in Monitor,1,109.99,2019-05-17 00:47:00,"335 South St, Los Angeles, CA 90001",May
201663,20in Monitor,1,109.99,2019-05-18 18:22:00,"40 Sunset St, San Francisco, CA 94016",May
204645,20in Monitor,1,109.99,2019-05-21 21:58:00,"128 Maple St, New York City, NY 10001",May
199673,20in Monitor,1,109.99,2019-05-19 11:06:00,"430 Sunset St, San Francisco, CA 94016",May
198862,20in Monitor,1,109.99,2019-05-12 22:50:00,"508 13th St, Boston, MA 02215",May
201544,20in Monitor,1,109.99,2019-05-04 20:53:00,"498 Walnut St, Los Angeles, CA 90001",May
201654,20in Monitor,1,109.99,2019-05-14 12:23:00,"790 Highland St, San Francisco, CA 94016",May
209107,20in Monitor,1,109.99,2019-05-01 11:07:00,"971 Hill St, San Francisco, CA 94016",May
197791,20in Monitor,1,109.99,2019-05-05 09:25:00,"299 5th St, Atlanta, GA 30301",May
196481,20in Monitor,1,109.99,2019-05-21 23:59:00,"779 1st St, Los Angeles, CA 90001",May
209555,20in Monitor,1,109.99,2019-05-18 18:55:00,"388 11th St, San Francisco, CA 94016",May
205379,20in Monitor,1,109.99,2019-05-07 19:10:00,"945 Hickory St, Dallas, TX 75001",May
205606,20in Monitor,1,109.99,2019-05-16 18:08:00,"889 Adams St, Boston, MA 02215",May
199026,20in Monitor,1,109.99,2019-05-22 17:29:00,"418 7th St, San Francisco, CA 94016",May
202362,20in Monitor,1,109.99,2019-05-20 23:15:00,"821 Cherry St, New York City, NY 10001",May
204018,20in Monitor,1,109.99,2019-05-14 10:48:00,"90 Center St, Boston, MA 02215",May
215344,20in Monitor,1,109.99,2019-06-19 07:39:00,"212 Lake St, Los Angeles, CA 90001",June
219642,20in Monitor,1,109.99,2019-06-13 10:11:00,"191 Madison St, New York City, NY 10001",June
220496,20in Monitor,1,109.99,2019-06-20 15:39:00,"889 Church St, Los Angeles, CA 90001",June
210569,20in Monitor,1,109.99,2019-06-30 19:22:00,"908 Lakeview St, Portland, OR 97035",June
213991,20in Monitor,1,109.99,2019-06-15 06:17:00,"221 Sunset St, Los Angeles, CA 90001",June
210905,20in Monitor,1,109.99,2019-06-03 11:33:00,"662 North St, Los Angeles, CA 90001",June
220295,20in Monitor,1,109.99,2019-06-07 09:57:00,"387 Maple St, San Francisco, CA 94016",June
211779,20in Monitor,1,109.99,2019-06-07 13:56:00,"301 Adams St, San Francisco, CA 94016",June
215865,20in Monitor,1,109.99,2019-06-04 12:46:00,"913 Main St, Boston, MA 02215",June
216286,20in Monitor,1,109.99,2019-06-06 12:00:00,"194 Pine St, Portland, ME 04101",June
222390,20in Monitor,1,109.99,2019-06-12 11:16:00,"7 Highland St, Boston, MA 02215",June
214939,20in Monitor,1,109.99,2019-06-12 20:26:00,"278 Jackson St, Seattle, WA 98101",June
218424,20in Monitor,1,109.99,2019-06-15 20:30:00,"194 6th St, Dallas, TX 75001",June
221571,20in Monitor,1,109.99,2019-06-28 10:31:00,"311 7th St, San Francisco, CA 94016",June
215500,20in Monitor,1,109.99,2019-06-23 13:32:00,"455 Church St, Austin, TX 73301",June
215692,20in Monitor,1,109.99,2019-06-01 17:04:00,"893 Lincoln St, San Francisco, CA 94016",June
218618,20in Monitor,1,109.99,2019-06-08 12:35:00,"614 Johnson St, Dallas, TX 75001",June
221130,20in Monitor,1,109.99,2019-06-27 12:52:00,"434 Pine St, Portland, ME 04101",June
211678,20in Monitor,1,109.99,2019-06-18 16:07:00,"699 Ridge St, San Francisco, CA 94016",June
213644,20in Monitor,1,109.99,2019-06-19 20:57:00,"804 River St, Portland, ME 04101",June
215311,20in Monitor,1,109.99,2019-06-09 19:10:00,"760 9th St, San Francisco, CA 94016",June
218660,20in Monitor,1,109.99,2019-06-02 12:48:00,"988 4th St, Boston, MA 02215",June
218890,20in Monitor,1,109.99,2019-06-30 15:42:00,"322 Dogwood St, New York City, NY 10001",June
209965,20in Monitor,1,109.99,2019-06-24 14:00:00,"910 North St, San Francisco, CA 94016",June
210306,20in Monitor,1,109.99,2019-06-19 19:09:00,"785 Forest St, New York City, NY 10001",June
214665,20in Monitor,1,109.99,2019-06-15 11:36:00,"936 Hill St, San Francisco, CA 94016",June
216179,20in Monitor,1,109.99,2019-06-26 00:29:00,"111 Lakeview St, Dallas, TX 75001",June
218582,20in Monitor,1,109.99,2019-06-06 22:18:00,"945 Adams St, Portland, OR 97035",June
211171,20in Monitor,1,109.99,2019-06-11 06:11:00,"408 14th St, Boston, MA 02215",June
211187,20in Monitor,1,109.99,2019-06-29 19:15:00,"306 Jefferson St, Los Angeles, CA 90001",June
214458,20in Monitor,1,109.99,2019-06-03 09:11:00,"766 Pine St, San Francisco, CA 94016",June
212091,20in Monitor,1,109.99,2019-06-26 12:28:00,"500 Lake St, Atlanta, GA 30301",June
212690,20in Monitor,1,109.99,2019-06-29 20:01:00,"919 Ridge St, San Francisco, CA 94016",June
210723,20in Monitor,1,109.99,2019-06-26 08:28:00,"216 Adams St, Atlanta, GA 30301",June
211557,20in Monitor,1,109.99,2019-06-21 20:57:00,"131 9th St, Atlanta, GA 30301",June
219080,20in Monitor,1,109.99,2019-06-13 10:19:00,"642 North St, Los Angeles, CA 90001",June
220132,20in Monitor,1,109.99,2019-06-02 12:24:00,"282 Cedar St, Seattle, WA 98101",June
210990,20in Monitor,1,109.99,2019-06-03 21:46:00,"602 10th St, Los Angeles, CA 90001",June
211593,20in Monitor,1,109.99,2019-06-26 18:49:00,"693 12th St, Seattle, WA 98101",June
219441,20in Monitor,1,109.99,2019-06-03 23:08:00,"810 Hill St, Seattle, WA 98101",June
218255,20in Monitor,1,109.99,2019-06-19 11:03:00,"880 Pine St, Dallas, TX 75001",June
214546,20in Monitor,1,109.99,2019-06-27 23:59:00,"638 Lakeview St, San Francisco, CA 94016",June
216743,20in Monitor,1,109.99,2019-06-18 08:12:00,"996 Dogwood St, Atlanta, GA 30301",June
219151,20in Monitor,1,109.99,2019-06-25 11:52:00,"911 5th St, New York City, NY 10001",June
220695,20in Monitor,1,109.99,2019-06-27 08:51:00,"945 9th St, Los Angeles, CA 90001",June
221490,20in Monitor,1,109.99,2019-06-19 13:40:00,"858 7th St, Los Angeles, CA 90001",June
221292,20in Monitor,1,109.99,2019-06-24 21:36:00,"124 Pine St, Dallas, TX 75001",June
216209,20in Monitor,1,109.99,2019-06-14 09:37:00,"141 Cedar St, Atlanta, GA 30301",June
222577,20in Monitor,1,109.99,2019-06-11 08:18:00,"857 Jackson St, Atlanta, GA 30301",June
216384,20in Monitor,1,109.99,2019-06-02 20:55:00,"801 9th St, Los Angeles, CA 90001",June
221478,20in Monitor,1,109.99,2019-06-05 23:26:00,"146 Maple St, Atlanta, GA 30301",June
213626,20in Monitor,1,109.99,2019-06-25 07:31:00,"20 Wilson St, Atlanta, GA 30301",June
221787,20in Monitor,1,109.99,2019-06-21 20:19:00,"479 Walnut St, San Francisco, CA 94016",June
212912,20in Monitor,1,109.99,2019-06-29 13:33:00,"583 Hickory St, Seattle, WA 98101",June
211276,20in Monitor,1,109.99,2019-06-20 08:50:00,"144 Hill St, New York City, NY 10001",June
213266,20in Monitor,1,109.99,2019-06-07 14:33:00,"422 10th St, Seattle, WA 98101",June
222854,20in Monitor,1,109.99,2019-06-30 01:06:00,"892 4th St, New York City, NY 10001",June
226647,20in Monitor,1,109.99,2019-07-30 06:57:00,"952 Wilson St, San Francisco, CA 94016",July
234587,20in Monitor,1,109.99,2019-07-12 10:33:00,"23 Walnut St, New York City, NY 10001",July
235350,20in Monitor,1,109.99,2019-07-24 19:35:00,"336 Walnut St, Atlanta, GA 30301",July
235579,20in Monitor,1,109.99,2019-07-29 20:04:00,"522 11th St, Austin, TX 73301",July
226553,20in Monitor,1,109.99,2019-07-18 00:27:00,"216 Walnut St, Los Angeles, CA 90001",July
227151,20in Monitor,2,109.99,2019-07-10 07:53:00,"885 Washington St, Dallas, TX 75001",July
229252,20in Monitor,1,109.99,2019-07-11 19:59:00,"368 Dogwood St, Los Angeles, CA 90001",July
226665,20in Monitor,1,109.99,2019-07-13 16:02:00,"672 Jackson St, Seattle, WA 98101",July
227983,20in Monitor,1,109.99,2019-07-10 08:59:00,"657 Jefferson St, New York City, NY 10001",July
226664,20in Monitor,1,109.99,2019-07-15 12:04:00,"924 Adams St, San Francisco, CA 94016",July
231429,20in Monitor,1,109.99,2019-07-02 12:50:00,"950 Jackson St, Los Angeles, CA 90001",July
236666,20in Monitor,1,109.99,2019-07-31 20:11:00,"866 14th St, San Francisco, CA 94016",July
233974,20in Monitor,1,109.99,2019-07-19 18:28:00,"235 Johnson St, San Francisco, CA 94016",July
225765,20in Monitor,2,109.99,2019-07-20 13:40:00,"943 Washington St, San Francisco, CA 94016",July
228637,20in Monitor,1,109.99,2019-07-06 17:17:00,"345 14th St, Austin, TX 73301",July
225648,20in Monitor,1,109.99,2019-07-23 11:59:00,"882 13th St, Portland, OR 97035",July
228090,20in Monitor,1,109.99,2019-07-19 18:12:00,"185 9th St, Seattle, WA 98101",July
233628,20in Monitor,1,109.99,2019-07-07 01:56:00,"976 Spruce St, San Francisco, CA 94016",July
226627,20in Monitor,1,109.99,2019-07-21 17:08:00,"328 8th St, Seattle, WA 98101",July
231198,20in Monitor,1,109.99,2019-07-04 18:33:00,"432 4th St, Los Angeles, CA 90001",July
224160,20in Monitor,1,109.99,2019-07-06 16:48:00,"611 Lincoln St, San Francisco, CA 94016",July
224714,20in Monitor,1,109.99,2019-07-14 15:24:00,"608 River St, Seattle, WA 98101",July
224904,20in Monitor,1,109.99,2019-07-01 06:08:00,"474 2nd St, Atlanta, GA 30301",July
225183,20in Monitor,1,109.99,2019-07-30 14:21:00,"249 6th St, Atlanta, GA 30301",July
227076,20in Monitor,1,109.99,2019-07-09 09:27:00,"67 Wilson St, San Francisco, CA 94016",July
231691,20in Monitor,1,109.99,2019-07-11 06:24:00,"120 4th St, Atlanta, GA 30301",July
235325,20in Monitor,1,109.99,2019-07-18 21:05:00,"113 Jefferson St, Dallas, TX 75001",July
225640,20in Monitor,1,109.99,2019-07-01 20:18:00,"772 Sunset St, San Francisco, CA 94016",July
233826,20in Monitor,1,109.99,2019-07-16 12:48:00,"102 Meadow St, Los Angeles, CA 90001",July
232673,20in Monitor,1,109.99,2019-07-02 09:54:00,"853 Meadow St, Seattle, WA 98101",July
233373,20in Monitor,1,109.99,2019-07-26 21:28:00,"782 Park St, New York City, NY 10001",July
227177,20in Monitor,1,109.99,2019-07-21 14:35:00,"920 Cherry St, New York City, NY 10001",July
228177,20in Monitor,1,109.99,2019-07-13 10:01:00,"33 6th St, Los Angeles, CA 90001",July
235104,20in Monitor,1,109.99,2019-07-15 09:16:00,"234 10th St, San Francisco, CA 94016",July
223104,20in Monitor,1,109.99,2019-07-08 07:29:00,"505 4th St, Los Angeles, CA 90001",July
226443,20in Monitor,1,109.99,2019-07-23 12:07:00,"913 13th St, Boston, MA 02215",July
231184,20in Monitor,1,109.99,2019-07-05 20:39:00,"912 Chestnut St, San Francisco, CA 94016",July
226645,20in Monitor,1,109.99,2019-07-02 18:06:00,"195 Johnson St, Boston, MA 02215",July
223326,20in Monitor,1,109.99,2019-07-23 10:05:00,"837 7th St, Boston, MA 02215",July
226727,20in Monitor,1,109.99,2019-07-17 07:07:00,"630 Spruce St, Seattle, WA 98101",July
232382,20in Monitor,1,109.99,2019-07-13 01:36:00,"4 Hickory St, San Francisco, CA 94016",July
224611,20in Monitor,1,109.99,2019-07-20 18:13:00,"20 Forest St, San Francisco, CA 94016",July
232821,20in Monitor,1,109.99,2019-07-31 02:23:00,"55 14th St, Boston, MA 02215",July
235051,20in Monitor,1,109.99,2019-07-29 18:37:00,"691 10th St, San Francisco, CA 94016",July
223602,20in Monitor,1,109.99,2019-07-13 18:56:00,"778 Hickory St, Los Angeles, CA 90001",July
231506,20in Monitor,1,109.99,2019-07-22 10:06:00,"948 Spruce St, San Francisco, CA 94016",July
224433,20in Monitor,1,109.99,2019-07-15 20:14:00,"734 Johnson St, Los Angeles, CA 90001",July
231795,20in Monitor,1,109.99,2019-07-01 16:54:00,"602 Maple St, Los Angeles, CA 90001",July
236645,20in Monitor,1,109.99,2019-07-30 22:27:00,"910 Adams St, Los Angeles, CA 90001",July
224298,20in Monitor,1,109.99,2019-07-18 12:31:00,"170 13th St, Austin, TX 73301",July
233878,20in Monitor,1,109.99,2019-07-15 19:02:00,"826 Church St, Boston, MA 02215",July
235221,20in Monitor,1,109.99,2019-07-01 19:01:00,"137 Lakeview St, Boston, MA 02215",July
230003,20in Monitor,1,109.99,2019-07-29 12:10:00,"168 Lake St, Dallas, TX 75001",July
235617,20in Monitor,1,109.99,2019-07-18 10:57:00,"246 Jackson St, Atlanta, GA 30301",July
232227,20in Monitor,1,109.99,2019-07-23 19:40:00,"669 Walnut St, New York City, NY 10001",July
227656,20in Monitor,1,109.99,2019-07-07 13:14:00,"10 Ridge St, Portland, OR 97035",July
230478,20in Monitor,1,109.99,2019-07-30 09:45:00,"179 Hickory St, Austin, TX 73301",July
231961,20in Monitor,1,109.99,2019-07-13 12:13:00,"588 Highland St, Boston, MA 02215",July
241275,20in Monitor,1,109.99,2019-08-10 20:05:00,"389 Maple St, Los Angeles, CA 90001",August
242575,20in Monitor,1,109.99,2019-08-20 20:37:00,"317 River St, Boston, MA 02215",August
243962,20in Monitor,1,109.99,2019-08-25 16:49:00,"70 Park St, Atlanta, GA 30301",August
239566,20in Monitor,1,109.99,2019-08-08 16:34:00,"711 River St, New York City, NY 10001",August
242724,20in Monitor,1,109.99,2019-08-07 17:06:00,"729 Park St, New York City, NY 10001",August
236841,20in Monitor,1,109.99,2019-08-30 13:29:00,"307 Jefferson St, Los Angeles, CA 90001",August
238718,20in Monitor,1,109.99,2019-08-26 18:10:00,"928 Madison St, Seattle, WA 98101",August
237988,20in Monitor,1,109.99,2019-08-04 22:59:00,"498 West St, Boston, MA 02215",August
239328,20in Monitor,1,109.99,2019-08-02 11:17:00,"490 Walnut St, Atlanta, GA 30301",August
239602,20in Monitor,1,109.99,2019-08-15 15:56:00,"877 Wilson St, Atlanta, GA 30301",August
241727,20in Monitor,1,109.99,2019-08-08 16:03:00,"837 Jackson St, New York City, NY 10001",August
246045,20in Monitor,1,109.99,2019-08-11 13:47:00,"91 14th St, Boston, MA 02215",August
244896,20in Monitor,1,109.99,2019-08-17 19:39:00,"461 River St, San Francisco, CA 94016",August
247656,20in Monitor,1,109.99,2019-08-04 08:37:00,"886 Lincoln St, San Francisco, CA 94016",August
247068,20in Monitor,1,109.99,2019-08-10 15:22:00,"872 Madison St, San Francisco, CA 94016",August
239159,20in Monitor,1,109.99,2019-08-18 18:04:00,"365 Highland St, Los Angeles, CA 90001",August
239254,20in Monitor,1,109.99,2019-08-14 21:58:00,"477 Jackson St, Boston, MA 02215",August
237037,20in Monitor,1,109.99,2019-08-08 16:44:00,"265 Maple St, Los Angeles, CA 90001",August
240023,20in Monitor,1,109.99,2019-08-30 02:45:00,"387 Madison St, San Francisco, CA 94016",August
240875,20in Monitor,1,109.99,2019-08-11 12:30:00,"116 10th St, Atlanta, GA 30301",August
247163,20in Monitor,1,109.99,2019-08-28 19:01:00,"323 Lincoln St, San Francisco, CA 94016",August
244783,20in Monitor,1,109.99,2019-08-14 11:38:00,"139 Church St, New York City, NY 10001",August
242096,20in Monitor,1,109.99,2019-08-08 20:03:00,"577 14th St, New York City, NY 10001",August
238105,20in Monitor,1,109.99,2019-08-31 14:27:00,"105 River St, Austin, TX 73301",August
239812,20in Monitor,1,109.99,2019-08-03 12:13:00,"838 Hill St, New York City, NY 10001",August
242946,20in Monitor,1,109.99,2019-08-08 09:57:00,"55 Wilson St, Los Angeles, CA 90001",August
246645,20in Monitor,1,109.99,2019-08-31 18:22:00,"388 10th St, Atlanta, GA 30301",August
246927,20in Monitor,1,109.99,2019-08-04 18:38:00,"715 Cedar St, New York City, NY 10001",August
243151,20in Monitor,1,109.99,2019-08-14 15:10:00,"858 Jefferson St, Los Angeles, CA 90001",August
241675,20in Monitor,1,109.99,2019-08-19 17:16:00,"943 Hill St, Atlanta, GA 30301",August
244262,20in Monitor,1,109.99,2019-08-02 11:47:00,"170 Madison St, San Francisco, CA 94016",August
237670,20in Monitor,1,109.99,2019-08-22 11:35:00,"780 8th St, San Francisco, CA 94016",August
237632,20in Monitor,1,109.99,2019-08-05 05:35:00,"477 8th St, San Francisco, CA 94016",August
249216,20in Monitor,1,109.99,2019-09-27 19:58:00,"623 Ridge St, Los Angeles, CA 90001",September
254341,20in Monitor,1,109.99,2019-09-11 09:16:00,"821 5th St, Los Angeles, CA 90001",September
255201,20in Monitor,1,109.99,2019-09-11 10:37:00,"128 Cedar St, Portland, OR 97035",September
249355,20in Monitor,1,109.99,2019-09-30 12:40:00,"408 9th St, Portland, OR 97035",September
250659,20in Monitor,1,109.99,2019-09-18 08:24:00,"748 Adams St, San Francisco, CA 94016",September
257733,20in Monitor,1,109.99,2019-09-05 22:32:00,"753 14th St, San Francisco, CA 94016",September
259094,20in Monitor,1,109.99,2019-09-05 20:13:00,"361 Lakeview St, Dallas, TX 75001",September
250959,20in Monitor,1,109.99,2019-09-02 12:59:00,"767 Sunset St, New York City, NY 10001",September
256914,20in Monitor,1,109.99,2019-09-01 14:37:00,"930 Forest St, Seattle, WA 98101",September
257453,20in Monitor,1,109.99,2019-09-13 07:07:00,"852 Jackson St, Dallas, TX 75001",September
253168,20in Monitor,1,109.99,2019-10-01 04:06:00,"105 Sunset St, Boston, MA 02215",October
249354,20in Monitor,1,109.99,2019-09-04 11:58:00,"786 8th St, Los Angeles, CA 90001",September
253364,20in Monitor,1,109.99,2019-09-24 23:50:00,"962 Cedar St, San Francisco, CA 94016",September
252603,20in Monitor,1,109.99,2019-09-11 21:36:00,"309 12th St, New York City, NY 10001",September
254392,20in Monitor,1,109.99,2019-09-04 19:44:00,"840 6th St, Seattle, WA 98101",September
254006,20in Monitor,1,109.99,2019-09-21 12:33:00,"639 Wilson St, Boston, MA 02215",September
248428,20in Monitor,1,109.99,2019-09-16 19:08:00,"328 Meadow St, San Francisco, CA 94016",September
249576,20in Monitor,1,109.99,2019-09-15 11:18:00,"136 Chestnut St, Los Angeles, CA 90001",September
256121,20in Monitor,1,109.99,2019-09-03 22:56:00,"110 West St, Seattle, WA 98101",September
257580,20in Monitor,1,109.99,2019-09-29 09:24:00,"287 13th St, Austin, TX 73301",September
253549,20in Monitor,1,109.99,2019-09-27 20:18:00,"726 Lakeview St, Los Angeles, CA 90001",September
252028,20in Monitor,1,109.99,2019-09-24 19:55:00,"348 11th St, Los Angeles, CA 90001",September
256342,20in Monitor,1,109.99,2019-09-29 23:36:00,"845 Church St, Boston, MA 02215",September
257898,20in Monitor,1,109.99,2019-09-19 09:58:00,"639 Highland St, New York City, NY 10001",September
250592,20in Monitor,1,109.99,2019-09-17 11:01:00,"640 Hickory St, New York City, NY 10001",September
251184,20in Monitor,1,109.99,2019-09-29 11:47:00,"997 Highland St, Los Angeles, CA 90001",September
258048,20in Monitor,1,109.99,2019-09-03 12:21:00,"207 Chestnut St, Atlanta, GA 30301",September
249119,20in Monitor,1,109.99,2019-09-23 23:34:00,"71 Washington St, Austin, TX 73301",September
253267,20in Monitor,1,109.99,2019-09-17 20:26:00,"792 Meadow St, Los Angeles, CA 90001",September
254978,20in Monitor,1,109.99,2019-09-20 12:39:00,"642 12th St, Dallas, TX 75001",September
258084,20in Monitor,1,109.99,2019-09-03 14:30:00,"991 Jefferson St, Los Angeles, CA 90001",September
251773,20in Monitor,1,109.99,2019-09-05 17:39:00,"810 Forest St, Portland, ME 04101",September
248384,20in Monitor,1,109.99,2019-09-17 12:48:00,"202 9th St, San Francisco, CA 94016",September
249321,20in Monitor,1,109.99,2019-09-20 17:19:00,"53 West St, Boston, MA 02215",September
250041,20in Monitor,1,109.99,2019-09-02 22:03:00,"887 Willow St, Los Angeles, CA 90001",September
255144,20in Monitor,1,109.99,2019-09-19 13:47:00,"473 Chestnut St, San Francisco, CA 94016",September
252625,20in Monitor,1,109.99,2019-09-30 17:19:00,"360 Spruce St, Seattle, WA 98101",September
249951,20in Monitor,1,109.99,2019-09-07 20:37:00,"418 Center St, San Francisco, CA 94016",September
250927,20in Monitor,1,109.99,2019-09-02 22:27:00,"282 South St, Boston, MA 02215",September
248169,20in Monitor,1,109.99,2019-09-24 19:40:00,"140 Ridge St, San Francisco, CA 94016",September
252677,20in Monitor,1,109.99,2019-09-15 03:00:00,"692 12th St, Boston, MA 02215",September
256708,20in Monitor,1,109.99,2019-09-08 08:02:00,"2 Spruce St, Portland, OR 97035",September
252100,20in Monitor,1,109.99,2019-09-14 20:55:00,"583 Park St, Austin, TX 73301",September
256504,20in Monitor,1,109.99,2019-09-03 21:44:00,"192 6th St, Portland, OR 97035",September
250682,20in Monitor,1,109.99,2019-09-07 12:00:00,"658 Park St, Austin, TX 73301",September
252189,20in Monitor,1,109.99,2019-09-23 23:46:00,"457 12th St, Atlanta, GA 30301",September
271265,20in Monitor,1,109.99,2019-10-09 19:41:00,"369 Highland St, Atlanta, GA 30301",October
261237,20in Monitor,1,109.99,2019-10-01 12:08:00,"376 West St, San Francisco, CA 94016",October
261503,20in Monitor,1,109.99,2019-10-08 12:22:00,"203 Jefferson St, Portland, OR 97035",October
268997,20in Monitor,1,109.99,2019-10-17 11:10:00,"749 Pine St, Atlanta, GA 30301",October
276995,20in Monitor,1,109.99,2019-10-13 14:33:00,"511 South St, Los Angeles, CA 90001",October
262927,20in Monitor,1,109.99,2019-10-02 05:45:00,"930 Madison St, Atlanta, GA 30301",October
278775,20in Monitor,1,109.99,2019-10-13 12:00:00,"400 Hickory St, San Francisco, CA 94016",October
265948,20in Monitor,1,109.99,2019-10-22 22:32:00,"113 Ridge St, Dallas, TX 75001",October
273175,20in Monitor,1,109.99,2019-10-21 11:51:00,"265 14th St, Dallas, TX 75001",October
264566,20in Monitor,1,109.99,2019-10-02 20:58:00,"417 Johnson St, Atlanta, GA 30301",October
265035,20in Monitor,1,109.99,2019-10-10 19:43:00,"804 Johnson St, San Francisco, CA 94016",October
271449,20in Monitor,1,109.99,2019-10-30 21:47:00,"498 10th St, Los Angeles, CA 90001",October
274537,20in Monitor,1,109.99,2019-10-04 18:44:00,"306 River St, Austin, TX 73301",October
275004,20in Monitor,1,109.99,2019-10-21 00:17:00,"967 Maple St, San Francisco, CA 94016",October
276445,20in Monitor,1,109.99,2019-10-04 20:37:00,"342 Lincoln St, New York City, NY 10001",October
275593,20in Monitor,1,109.99,2019-10-01 07:25:00,"51 Main St, Atlanta, GA 30301",October
265020,20in Monitor,1,109.99,2019-10-31 08:25:00,"265 Johnson St, San Francisco, CA 94016",October
261006,20in Monitor,1,109.99,2019-10-22 01:21:00,"778 Willow St, Atlanta, GA 30301",October
268711,20in Monitor,1,109.99,2019-10-05 22:33:00,"356 West St, New York City, NY 10001",October
270339,20in Monitor,1,109.99,2019-10-12 16:57:00,"960 River St, San Francisco, CA 94016",October
273349,20in Monitor,1,109.99,2019-10-30 13:25:00,"538 Spruce St, San Francisco, CA 94016",October
273868,20in Monitor,1,109.99,2019-10-20 10:56:00,"568 6th St, New York City, NY 10001",October
273978,20in Monitor,1,109.99,2019-10-26 09:47:00,"132 Forest St, Los Angeles, CA 90001",October
275880,20in Monitor,1,109.99,2019-10-08 09:57:00,"553 7th St, Boston, MA 02215",October
273833,20in Monitor,1,109.99,2019-10-07 18:41:00,"785 Adams St, Austin, TX 73301",October
263249,20in Monitor,1,109.99,2019-10-10 10:55:00,"677 West St, Boston, MA 02215",October
266663,20in Monitor,1,109.99,2019-10-04 19:31:00,"363 Lincoln St, San Francisco, CA 94016",October
276104,20in Monitor,1,109.99,2019-10-11 07:31:00,"96 4th St, Los Angeles, CA 90001",October
278573,20in Monitor,1,109.99,2019-10-02 17:14:00,"212 Elm St, San Francisco, CA 94016",October
265545,20in Monitor,1,109.99,2019-10-09 14:41:00,"369 14th St, Seattle, WA 98101",October
269070,20in Monitor,1,109.99,2019-10-06 12:56:00,"190 Highland St, New York City, NY 10001",October
276775,20in Monitor,1,109.99,2019-10-20 09:07:00,"972 Elm St, San Francisco, CA 94016",October
276632,20in Monitor,1,109.99,2019-10-29 14:38:00,"628 Sunset St, San Francisco, CA 94016",October
267428,20in Monitor,1,109.99,2019-10-10 12:33:00,"5 Hickory St, Los Angeles, CA 90001",October
267782,20in Monitor,1,109.99,2019-10-29 01:08:00,"125 8th St, Austin, TX 73301",October
262261,20in Monitor,1,109.99,2019-10-26 08:00:00,"442 Walnut St, Boston, MA 02215",October
265452,20in Monitor,1,109.99,2019-10-10 23:20:00,"86 Hill St, Portland, OR 97035",October
272246,20in Monitor,1,109.99,2019-10-17 15:33:00,"460 Jackson St, Atlanta, GA 30301",October
278031,20in Monitor,1,109.99,2019-10-18 19:44:00,"220 5th St, New York City, NY 10001",October
271334,20in Monitor,1,109.99,2019-10-01 13:53:00,"255 Maple St, Portland, OR 97035",October
265103,20in Monitor,1,109.99,2019-10-07 21:58:00,"334 8th St, Los Angeles, CA 90001",October
266613,20in Monitor,1,109.99,2019-10-12 14:03:00,"663 Lake St, New York City, NY 10001",October
264970,20in Monitor,1,109.99,2019-10-25 19:03:00,"350 11th St, San Francisco, CA 94016",October
260523,20in Monitor,1,109.99,2019-10-06 10:52:00,"238 13th St, Seattle, WA 98101",October
269938,20in Monitor,1,109.99,2019-10-11 11:46:00,"653 Ridge St, San Francisco, CA 94016",October
273113,20in Monitor,1,109.99,2019-10-01 05:24:00,"472 Cedar St, Los Angeles, CA 90001",October
278298,20in Monitor,1,109.99,2019-10-07 11:11:00,"481 14th St, Seattle, WA 98101",October
260187,20in Monitor,1,109.99,2019-10-21 08:34:00,"113 Cedar St, Dallas, TX 75001",October
261681,20in Monitor,1,109.99,2019-10-07 13:09:00,"758 Forest St, New York City, NY 10001",October
264529,20in Monitor,1,109.99,2019-10-17 13:02:00,"603 Elm St, New York City, NY 10001",October
273962,20in Monitor,1,109.99,2019-10-01 20:11:00,"970 Willow St, San Francisco, CA 94016",October
261290,20in Monitor,1,109.99,2019-10-16 13:04:00,"210 6th St, Portland, OR 97035",October
278722,20in Monitor,1,109.99,2019-10-17 20:17:00,"327 Hill St, Boston, MA 02215",October
267123,20in Monitor,1,109.99,2019-10-01 14:05:00,"495 North St, San Francisco, CA 94016",October
268242,20in Monitor,1,109.99,2019-10-06 23:47:00,"921 Lake St, San Francisco, CA 94016",October
275303,20in Monitor,1,109.99,2019-10-19 14:57:00,"867 10th St, San Francisco, CA 94016",October
273041,20in Monitor,1,109.99,2019-10-15 11:16:00,"765 14th St, San Francisco, CA 94016",October
276622,20in Monitor,1,109.99,2019-10-09 17:35:00,"959 River St, Dallas, TX 75001",October
260966,20in Monitor,1,109.99,2019-10-17 17:06:00,"606 Jackson St, Austin, TX 73301",October
270702,20in Monitor,1,109.99,2019-10-05 17:46:00,"641 Cherry St, New York City, NY 10001",October
270083,20in Monitor,1,109.99,2019-10-30 18:04:00,"777 9th St, New York City, NY 10001",October
267618,20in Monitor,1,109.99,2019-10-27 22:29:00,"583 Willow St, Portland, ME 04101",October
275874,20in Monitor,1,109.99,2019-10-06 15:46:00,"828 Forest St, Austin, TX 73301",October
274072,20in Monitor,1,109.99,2019-10-22 09:03:00,"894 Lincoln St, New York City, NY 10001",October
274076,20in Monitor,1,109.99,2019-10-17 18:31:00,"533 4th St, Atlanta, GA 30301",October
277376,20in Monitor,1,109.99,2019-10-19 03:37:00,"679 Chestnut St, Dallas, TX 75001",October
266557,20in Monitor,1,109.99,2019-10-18 18:32:00,"728 2nd St, Austin, TX 73301",October
275705,20in Monitor,1,109.99,2019-10-11 05:25:00,"820 5th St, San Francisco, CA 94016",October
277024,20in Monitor,1,109.99,2019-10-11 06:21:00,"44 10th St, San Francisco, CA 94016",October
277819,20in Monitor,1,109.99,2019-10-15 15:25:00,"56 1st St, San Francisco, CA 94016",October
278119,20in Monitor,1,109.99,2019-10-13 22:43:00,"306 6th St, Austin, TX 73301",October
267257,20in Monitor,1,109.99,2019-10-07 13:35:00,"757 6th St, Portland, OR 97035",October
266130,20in Monitor,1,109.99,2019-10-13 14:45:00,"82 Main St, San Francisco, CA 94016",October
270070,20in Monitor,1,109.99,2019-10-18 12:44:00,"289 Ridge St, San Francisco, CA 94016",October
273955,20in Monitor,1,109.99,2019-10-20 19:44:00,"213 14th St, Boston, MA 02215",October
277663,20in Monitor,1,109.99,2019-10-17 21:15:00,"983 13th St, New York City, NY 10001",October
263806,20in Monitor,1,109.99,2019-10-14 17:47:00,"133 10th St, Los Angeles, CA 90001",October
269784,20in Monitor,1,109.99,2019-10-11 16:17:00,"629 Center St, San Francisco, CA 94016",October
275894,20in Monitor,1,109.99,2019-10-14 15:04:00,"797 6th St, Boston, MA 02215",October
279414,20in Monitor,1,109.99,2019-11-08 11:13:00,"747 Washington St, San Francisco, CA 94016",November
280368,20in Monitor,1,109.99,2019-11-20 18:19:00,"93 Center St, Atlanta, GA 30301",November
289804,20in Monitor,1,109.99,2019-11-23 14:48:00,"251 Walnut St, Boston, MA 02215",November
292288,20in Monitor,1,109.99,2019-11-03 14:29:00,"818 9th St, Atlanta, GA 30301",November
281748,20in Monitor,1,109.99,2019-11-21 18:17:00,"519 Adams St, Portland, OR 97035",November
285552,20in Monitor,1,109.99,2019-11-02 08:20:00,"630 Cedar St, Portland, ME 04101",November
292858,20in Monitor,1,109.99,2019-11-16 10:57:00,"24 8th St, Seattle, WA 98101",November
293775,20in Monitor,1,109.99,2019-11-17 20:26:00,"913 Lakeview St, Atlanta, GA 30301",November
292982,20in Monitor,1,109.99,2019-11-16 16:35:00,"836 Wilson St, San Francisco, CA 94016",November
288646,20in Monitor,1,109.99,2019-11-25 17:41:00,"503 Wilson St, Los Angeles, CA 90001",November
294679,20in Monitor,1,109.99,2019-11-10 11:45:00,"231 Adams St, Boston, MA 02215",November
284044,20in Monitor,1,109.99,2019-11-08 10:29:00,"685 Highland St, San Francisco, CA 94016",November
287046,20in Monitor,1,109.99,2019-11-20 07:47:00,"749 Spruce St, Seattle, WA 98101",November
288155,20in Monitor,1,109.99,2019-11-24 23:20:00,"142 River St, Atlanta, GA 30301",November
293600,20in Monitor,1,109.99,2019-11-02 16:08:00,"3 Lake St, San Francisco, CA 94016",November
285088,20in Monitor,1,109.99,2019-11-09 21:00:00,"57 Spruce St, San Francisco, CA 94016",November
281212,20in Monitor,1,109.99,2019-11-12 11:30:00,"184 Hickory St, New York City, NY 10001",November
289284,20in Monitor,1,109.99,2019-11-15 18:38:00,"736 Jackson St, San Francisco, CA 94016",November
285456,20in Monitor,1,109.99,2019-11-11 16:32:00,"453 Center St, San Francisco, CA 94016",November
287263,20in Monitor,1,109.99,2019-11-05 00:15:00,"858 13th St, Portland, OR 97035",November
292626,20in Monitor,1,109.99,2019-11-10 05:07:00,"62 Willow St, Atlanta, GA 30301",November
293802,20in Monitor,1,109.99,2019-11-21 11:32:00,"742 7th St, New York City, NY 10001",November
282806,20in Monitor,1,109.99,2019-11-03 13:52:00,"376 4th St, Boston, MA 02215",November
291900,20in Monitor,1,109.99,2019-11-22 16:14:00,"256 Lincoln St, Dallas, TX 75001",November
295170,20in Monitor,1,109.99,2019-11-12 11:33:00,"679 West St, Boston, MA 02215",November
281040,20in Monitor,1,109.99,2019-11-13 11:57:00,"363 Ridge St, San Francisco, CA 94016",November
284562,20in Monitor,1,109.99,2019-11-04 14:07:00,"142 14th St, Seattle, WA 98101",November
287184,20in Monitor,1,109.99,2019-11-28 12:40:00,"980 Church St, Atlanta, GA 30301",November
287435,20in Monitor,1,109.99,2019-11-21 10:19:00,"814 Highland St, Los Angeles, CA 90001",November
289774,20in Monitor,1,109.99,2019-11-24 11:00:00,"640 Main St, Boston, MA 02215",November
295059,20in Monitor,1,109.99,2019-11-05 22:40:00,"883 5th St, Dallas, TX 75001",November
289959,20in Monitor,1,109.99,2019-11-30 18:05:00,"678 Highland St, San Francisco, CA 94016",November
288275,20in Monitor,1,109.99,2019-11-10 18:30:00,"192 Forest St, New York City, NY 10001",November
290409,20in Monitor,1,109.99,2019-11-16 13:45:00,"76 Highland St, San Francisco, CA 94016",November
284481,20in Monitor,1,109.99,2019-11-22 21:31:00,"772 Park St, Dallas, TX 75001",November
287865,20in Monitor,1,109.99,2019-11-21 22:06:00,"887 Hickory St, San Francisco, CA 94016",November
292075,20in Monitor,1,109.99,2019-11-16 00:44:00,"525 12th St, San Francisco, CA 94016",November
282581,20in Monitor,1,109.99,2019-11-15 10:58:00,"319 12th St, Boston, MA 02215",November
294944,20in Monitor,1,109.99,2019-11-05 18:03:00,"132 Forest St, Portland, OR 97035",November
290559,20in Monitor,1,109.99,2019-11-24 23:10:00,"251 Sunset St, Los Angeles, CA 90001",November
287294,20in Monitor,1,109.99,2019-11-19 19:02:00,"546 Adams St, Los Angeles, CA 90001",November
284721,20in Monitor,1,109.99,2019-11-30 20:49:00,"850 Spruce St, New York City, NY 10001",November
280416,20in Monitor,1,109.99,2019-11-08 07:37:00,"46 Willow St, Boston, MA 02215",November
291247,20in Monitor,1,109.99,2019-11-12 12:28:00,"942 Meadow St, Austin, TX 73301",November
288940,20in Monitor,1,109.99,2019-11-05 09:00:00,"308 Chestnut St, San Francisco, CA 94016",November
289558,20in Monitor,1,109.99,2019-11-18 12:35:00,"971 Wilson St, Los Angeles, CA 90001",November
293278,20in Monitor,1,109.99,2019-11-11 11:36:00,"882 Park St, Austin, TX 73301",November
283681,20in Monitor,1,109.99,2019-11-30 04:46:00,"796 Cherry St, Los Angeles, CA 90001",November
290628,20in Monitor,1,109.99,2019-11-22 22:12:00,"529 South St, Seattle, WA 98101",November
280331,20in Monitor,1,109.99,2019-11-18 21:39:00,"439 Hill St, Seattle, WA 98101",November
292988,20in Monitor,1,109.99,2019-11-09 22:22:00,"357 5th St, New York City, NY 10001",November
293531,20in Monitor,1,109.99,2019-11-06 17:42:00,"967 Chestnut St, San Francisco, CA 94016",November
281699,20in Monitor,1,109.99,2019-11-18 10:58:00,"450 Hickory St, Dallas, TX 75001",November
282870,20in Monitor,1,109.99,2019-11-06 23:26:00,"689 Lakeview St, San Francisco, CA 94016",November
290281,20in Monitor,1,109.99,2019-11-21 16:36:00,"442 Adams St, New York City, NY 10001",November
291157,20in Monitor,1,109.99,2019-11-18 09:55:00,"541 6th St, Dallas, TX 75001",November
291238,20in Monitor,1,109.99,2019-11-07 17:31:00,"225 Maple St, San Francisco, CA 94016",November
282804,20in Monitor,1,109.99,2019-11-09 13:07:00,"876 Johnson St, Dallas, TX 75001",November
292467,20in Monitor,1,109.99,2019-11-27 02:00:00,"716 Highland St, New York City, NY 10001",November
282407,20in Monitor,1,109.99,2019-11-05 14:37:00,"905 10th St, New York City, NY 10001",November
294369,20in Monitor,1,109.99,2019-11-06 14:31:00,"69 11th St, San Francisco, CA 94016",November
302133,20in Monitor,1,109.99,2019-12-05 20:42:00,"875 4th St, Boston, MA 02215",December
302472,20in Monitor,1,109.99,2019-12-04 07:08:00,"268 4th St, New York City, NY 10001",December
315655,20in Monitor,1,109.99,2019-12-04 17:29:00,"444 Johnson St, New York City, NY 10001",December
298387,20in Monitor,1,109.99,2019-12-23 11:08:00,"493 1st St, Seattle, WA 98101",December
301188,20in Monitor,1,109.99,2019-12-28 18:46:00,"294 5th St, Seattle, WA 98101",December
319366,20in Monitor,2,109.99,2020-01-01 00:45:00,"746 South St, San Francisco, CA 94016",January
306398,20in Monitor,1,109.99,2019-12-26 15:52:00,"197 South St, Los Angeles, CA 90001",December
308656,20in Monitor,1,109.99,2019-12-28 06:35:00,"543 Adams St, San Francisco, CA 94016",December
303133,20in Monitor,1,109.99,2019-12-19 17:12:00,"987 River St, Atlanta, GA 30301",December
316720,20in Monitor,1,109.99,2019-12-15 23:01:00,"402 Center St, Dallas, TX 75001",December
307361,20in Monitor,1,109.99,2019-12-28 15:03:00,"878 Walnut St, San Francisco, CA 94016",December
311333,20in Monitor,1,109.99,2019-12-12 22:08:00,"701 Adams St, Dallas, TX 75001",December
312175,20in Monitor,1,109.99,2019-12-19 15:39:00,"496 4th St, New York City, NY 10001",December
296690,20in Monitor,1,109.99,2019-12-02 19:58:00,"500 Maple St, Los Angeles, CA 90001",December
307957,20in Monitor,1,109.99,2019-12-06 16:26:00,"644 Adams St, Los Angeles, CA 90001",December
308667,20in Monitor,1,109.99,2019-12-29 18:16:00,"40 Elm St, Boston, MA 02215",December
319210,20in Monitor,1,109.99,2019-12-28 12:35:00,"767 2nd St, New York City, NY 10001",December
307578,20in Monitor,1,109.99,2019-12-28 22:52:00,"564 12th St, Los Angeles, CA 90001",December
304635,20in Monitor,1,109.99,2019-12-08 05:01:00,"413 Spruce St, San Francisco, CA 94016",December
299915,20in Monitor,1,109.99,2019-12-19 22:17:00,"112 Forest St, Portland, OR 97035",December
304941,20in Monitor,1,109.99,2019-12-11 18:35:00,"74 West St, Los Angeles, CA 90001",December
318147,20in Monitor,1,109.99,2019-12-12 10:17:00,"271 Elm St, San Francisco, CA 94016",December
302104,20in Monitor,1,109.99,2019-12-07 13:08:00,"127 Park St, Seattle, WA 98101",December
308538,20in Monitor,1,109.99,2019-12-13 08:18:00,"945 Cedar St, Atlanta, GA 30301",December
310514,20in Monitor,1,109.99,2019-12-19 11:14:00,"938 North St, Seattle, WA 98101",December
312766,20in Monitor,1,109.99,2019-12-16 11:37:00,"149 River St, Seattle, WA 98101",December
314364,20in Monitor,1,109.99,2019-12-21 20:39:00,"298 South St, Los Angeles, CA 90001",December
301258,20in Monitor,1,109.99,2019-12-10 09:29:00,"541 Highland St, San Francisco, CA 94016",December
303408,20in Monitor,1,109.99,2019-12-01 15:13:00,"468 Madison St, Atlanta, GA 30301",December
318928,20in Monitor,1,109.99,2019-12-09 12:50:00,"398 Willow St, Boston, MA 02215",December
314153,20in Monitor,1,109.99,2019-12-05 13:23:00,"25 Meadow St, Seattle, WA 98101",December
300228,20in Monitor,1,109.99,2019-12-02 13:53:00,"692 Johnson St, Boston, MA 02215",December
307893,20in Monitor,1,109.99,2019-12-05 22:49:00,"661 Madison St, San Francisco, CA 94016",December
311146,20in Monitor,1,109.99,2019-12-14 11:36:00,"997 Sunset St, New York City, NY 10001",December
318995,20in Monitor,1,109.99,2019-12-12 17:23:00,"590 Meadow St, Los Angeles, CA 90001",December
296197,20in Monitor,1,109.99,2019-12-19 19:25:00,"202 Washington St, New York City, NY 10001",December
300601,20in Monitor,1,109.99,2019-12-16 14:11:00,"577 Elm St, Los Angeles, CA 90001",December
311871,20in Monitor,1,109.99,2019-12-11 13:24:00,"951 Center St, Atlanta, GA 30301",December
317986,20in Monitor,1,109.99,2019-12-03 13:48:00,"920 7th St, Portland, ME 04101",December
315985,20in Monitor,1,109.99,2019-12-06 10:08:00,"904 Pine St, Atlanta, GA 30301",December
305726,20in Monitor,1,109.99,2019-12-13 19:52:00,"552 13th St, Los Angeles, CA 90001",December
318315,20in Monitor,1,109.99,2019-12-03 13:32:00,"759 6th St, New York City, NY 10001",December
316292,20in Monitor,1,109.99,2019-12-10 16:22:00,"898 13th St, San Francisco, CA 94016",December
310037,20in Monitor,1,109.99,2019-12-11 10:53:00,"671 Church St, Seattle, WA 98101",December
307340,20in Monitor,1,109.99,2019-12-06 15:41:00,"433 11th St, Boston, MA 02215",December
307764,20in Monitor,1,109.99,2019-12-15 21:14:00,"330 4th St, San Francisco, CA 94016",December
308613,20in Monitor,1,109.99,2019-12-28 17:14:00,"181 Spruce St, San Francisco, CA 94016",December
300972,20in Monitor,1,109.99,2019-12-27 13:13:00,"564 Pine St, Los Angeles, CA 90001",December
205899,20in Monitor,1,109.99,2019-05-11 19:40:00,"886 South St, New York City, NY 10001",May
224191,20in Monitor,1,109.99,2019-07-29 09:47:00,"280 Sunset St, Dallas, TX 75001",July
277966,20in Monitor,1,109.99,2019-10-20 07:12:00,"532 14th St, Los Angeles, CA 90001",October
267980,20in Monitor,1,109.99,2019-10-26 14:46:00,"282 5th St, Los Angeles, CA 90001",October
276064,20in Monitor,1,109.99,2019-10-13 20:24:00,"381 1st St, New York City, NY 10001",October
276851,20in Monitor,1,109.99,2019-10-26 13:22:00,"33 River St, San Francisco, CA 94016",October
295337,20in Monitor,1,109.99,2019-11-19 11:54:00,"725 14th St, Atlanta, GA 30301",November
285717,20in Monitor,1,109.99,2019-11-18 09:01:00,"432 5th St, San Francisco, CA 94016",November
309622,20in Monitor,1,109.99,2019-12-01 18:19:00,"673 Johnson St, Dallas, TX 75001",December
309032,20in Monitor,1,109.99,2019-12-21 18:06:00,"797 12th St, New York City, NY 10001",December
300851,20in Monitor,1,109.99,2019-12-12 12:53:00,"550 Cherry St, San Francisco, CA 94016",December
306064,20in Monitor,1,109.99,2019-12-18 12:12:00,"793 North St, San Francisco, CA 94016",December
313754,20in Monitor,1,109.99,2019-12-09 13:13:00,"963 1st St, Dallas, TX 75001",December
297874,20in Monitor,1,109.99,2019-12-04 21:10:00,"311 10th St, Los Angeles, CA 90001",December
310093,20in Monitor,1,109.99,2019-12-27 10:47:00,"712 Cherry St, San Francisco, CA 94016",December
307536,20in Monitor,1,109.99,2019-12-13 14:16:00,"865 8th St, Atlanta, GA 30301",December
308951,20in Monitor,1,109.99,2019-12-10 10:14:00,"414 4th St, Los Angeles, CA 90001",December
302141,20in Monitor,1,109.99,2019-12-08 13:06:00,"346 Forest St, New York City, NY 10001",December
303863,20in Monitor,1,109.99,2019-12-27 10:23:00,"331 Center St, Seattle, WA 98101",December
304601,20in Monitor,1,109.99,2019-12-31 19:20:00,"965 Lake St, Los Angeles, CA 90001",December
308031,20in Monitor,1,109.99,2019-12-11 18:56:00,"378 Lake St, Atlanta, GA 30301",December
310294,20in Monitor,1,109.99,2019-12-27 13:32:00,"975 Sunset St, Austin, TX 73301",December
319168,20in Monitor,1,109.99,2019-12-18 15:25:00,"472 Lincoln St, Los Angeles, CA 90001",December
300408,20in Monitor,1,109.99,2019-12-08 17:11:00,"380 Jackson St, New York City, NY 10001",December
301762,20in Monitor,1,109.99,2019-12-21 00:40:00,"321 Johnson St, Dallas, TX 75001",December
304269,20in Monitor,1,109.99,2019-12-27 18:29:00,"165 2nd St, Boston, MA 02215",December
314131,20in Monitor,1,109.99,2019-12-04 18:50:00,"497 9th St, San Francisco, CA 94016",December
306878,20in Monitor,1,109.99,2019-12-11 13:46:00,"346 West St, Austin, TX 73301",December
314962,20in Monitor,1,109.99,2019-12-12 15:40:00,"830 Ridge St, San Francisco, CA 94016",December
299163,20in Monitor,1,109.99,2019-12-01 08:06:00,"485 River St, Austin, TX 73301",December
299224,20in Monitor,1,109.99,2019-12-05 19:47:00,"526 Ridge St, Atlanta, GA 30301",December
310995,20in Monitor,1,109.99,2019-12-28 17:08:00,"318 Adams St, San Francisco, CA 94016",December
315701,20in Monitor,1,109.99,2019-12-16 23:47:00,"902 9th St, San Francisco, CA 94016",December
297955,20in Monitor,1,109.99,2019-12-29 18:40:00,"536 6th St, Austin, TX 73301",December
317013,20in Monitor,1,109.99,2019-12-08 13:16:00,"837 Hill St, Dallas, TX 75001",December
318448,20in Monitor,1,109.99,2019-12-24 23:59:00,"632 Park St, Portland, OR 97035",December
299927,20in Monitor,1,109.99,2019-12-31 16:55:00,"143 Chestnut St, Los Angeles, CA 90001",December
300003,20in Monitor,1,109.99,2019-12-14 14:49:00,"705 Sunset St, New York City, NY 10001",December
314913,20in Monitor,1,109.99,2019-12-15 20:30:00,"380 Center St, Boston, MA 02215",December
298370,20in Monitor,1,109.99,2019-12-06 08:45:00,"586 14th St, Atlanta, GA 30301",December
307520,20in Monitor,1,109.99,2019-12-30 23:12:00,"971 Madison St, Atlanta, GA 30301",December
313092,20in Monitor,1,109.99,2019-12-04 22:53:00,"974 Walnut St, Dallas, TX 75001",December
313366,20in Monitor,1,109.99,2019-12-21 12:16:00,"394 2nd St, Atlanta, GA 30301",December
314103,20in Monitor,1,109.99,2019-12-06 16:49:00,"243 4th St, New York City, NY 10001",December
296704,20in Monitor,1,109.99,2019-12-09 10:57:00,"294 9th St, San Francisco, CA 94016",December
147499,20in Monitor,1,109.99,2019-01-09 19:28:00,"781 9th St, New York City, NY 10001",January
150497,20in Monitor,1,109.99,2019-01-26 19:09:00,"95 8th St, Dallas, TX 75001",January
141598,20in Monitor,1,109.99,2019-01-12 13:28:00,"164 Pine St, Seattle, WA 98101",January
145451,20in Monitor,1,109.99,2019-01-10 22:59:00,"998 14th St, Austin, TX 73301",January
145445,20in Monitor,1,109.99,2019-01-26 23:08:00,"109 Spruce St, Atlanta, GA 30301",January
142338,20in Monitor,1,109.99,2019-01-24 16:48:00,"115 Sunset St, Portland, OR 97035",January
142366,20in Monitor,1,109.99,2019-01-13 16:07:00,"92 West St, San Francisco, CA 94016",January
144678,20in Monitor,1,109.99,2019-01-07 17:52:00,"223 Ridge St, San Francisco, CA 94016",January
143193,20in Monitor,1,109.99,2019-01-24 07:33:00,"737 Lincoln St, San Francisco, CA 94016",January
146980,20in Monitor,1,109.99,2019-01-26 13:55:00,"878 Wilson St, San Francisco, CA 94016",January
146562,20in Monitor,1,109.99,2019-01-23 19:08:00,"115 Cherry St, San Francisco, CA 94016",January
146575,20in Monitor,1,109.99,2019-01-03 21:49:00,"677 7th St, Dallas, TX 75001",January
141647,20in Monitor,1,109.99,2019-01-01 14:36:00,"434 Sunset St, Atlanta, GA 30301",January
147721,20in Monitor,1,109.99,2019-01-11 16:25:00,"697 Pine St, San Francisco, CA 94016",January
142658,20in Monitor,1,109.99,2019-01-26 23:09:00,"629 Lakeview St, Portland, OR 97035",January
142112,20in Monitor,1,109.99,2019-01-01 13:51:00,"625 Elm St, Boston, MA 02215",January
146289,20in Monitor,1,109.99,2019-01-27 20:18:00,"58 Lincoln St, New York City, NY 10001",January
148740,20in Monitor,1,109.99,2019-01-16 19:06:00,"423 Maple St, Dallas, TX 75001",January
149552,20in Monitor,1,109.99,2019-01-10 12:14:00,"862 4th St, Atlanta, GA 30301",January
144715,20in Monitor,1,109.99,2019-01-27 20:03:00,"761 Washington St, New York City, NY 10001",January
150038,20in Monitor,1,109.99,2019-01-01 12:50:00,"191 13th St, Dallas, TX 75001",January
145167,20in Monitor,1,109.99,2019-01-15 12:04:00,"192 South St, Portland, ME 04101",January
148546,20in Monitor,1,109.99,2019-01-27 15:03:00,"813 Main St, New York City, NY 10001",January
150058,20in Monitor,1,109.99,2019-01-10 06:27:00,"519 Center St, Boston, MA 02215",January
143318,20in Monitor,1,109.99,2019-01-16 13:29:00,"887 Main St, San Francisco, CA 94016",January
143938,20in Monitor,1,109.99,2019-01-04 22:05:00,"302 8th St, Seattle, WA 98101",January
148004,20in Monitor,1,109.99,2019-01-22 12:50:00,"537 Jefferson St, New York City, NY 10001",January
149571,20in Monitor,1,109.99,2019-01-02 15:08:00,"529 Jefferson St, Seattle, WA 98101",January
142023,20in Monitor,1,109.99,2019-01-29 20:02:00,"766 Maple St, San Francisco, CA 94016",January
149045,20in Monitor,1,109.99,2019-01-21 22:04:00,"958 Lake St, Dallas, TX 75001",January
149471,20in Monitor,1,109.99,2019-01-22 14:47:00,"527 Madison St, New York City, NY 10001",January
146953,20in Monitor,1,109.99,2019-01-12 12:47:00,"335 5th St, San Francisco, CA 94016",January
142881,20in Monitor,1,109.99,2019-01-24 06:20:00,"324 Park St, Boston, MA 02215",January
146846,20in Monitor,1,109.99,2019-01-17 19:13:00,"193 Forest St, New York City, NY 10001",January
143209,20in Monitor,1,109.99,2019-01-25 22:21:00,"373 Chestnut St, San Francisco, CA 94016",January
146124,20in Monitor,1,109.99,2019-01-18 23:09:00,"589 6th St, Austin, TX 73301",January
144441,20in Monitor,1,109.99,2019-01-23 17:16:00,"430 5th St, Los Angeles, CA 90001",January
148838,20in Monitor,1,109.99,2019-01-03 19:09:00,"269 2nd St, New York City, NY 10001",January
142029,20in Monitor,1,109.99,2019-01-08 12:39:00,"431 Cedar St, Los Angeles, CA 90001",January
146269,20in Monitor,1,109.99,2019-01-31 19:22:00,"220 Chestnut St, Los Angeles, CA 90001",January
160618,20in Monitor,1,109.99,2019-02-17 11:49:00,"980 8th St, New York City, NY 10001",February
160954,20in Monitor,1,109.99,2019-02-14 17:54:00,"536 13th St, Los Angeles, CA 90001",February
153234,20in Monitor,1,109.99,2019-02-01 11:31:00,"80 2nd St, Los Angeles, CA 90001",February
154173,20in Monitor,1,109.99,2019-02-12 21:43:00,"427 Meadow St, San Francisco, CA 94016",February
161618,20in Monitor,1,109.99,2019-02-12 21:13:00,"277 Wilson St, San Francisco, CA 94016",February
160624,20in Monitor,1,109.99,2019-02-14 22:04:00,"458 Chestnut St, New York City, NY 10001",February
155648,20in Monitor,1,109.99,2019-02-22 20:50:00,"725 10th St, Los Angeles, CA 90001",February
157070,20in Monitor,1,109.99,2019-02-17 11:35:00,"105 Lakeview St, Seattle, WA 98101",February
158887,20in Monitor,1,109.99,2019-02-15 13:59:00,"477 Park St, San Francisco, CA 94016",February
152169,20in Monitor,1,109.99,2019-02-16 17:39:00,"480 Chestnut St, New York City, NY 10001",February
158754,20in Monitor,1,109.99,2019-02-18 08:25:00,"662 Willow St, San Francisco, CA 94016",February
152505,20in Monitor,1,109.99,2019-02-07 23:24:00,"508 8th St, Seattle, WA 98101",February
161160,20in Monitor,1,109.99,2019-02-18 09:24:00,"997 Adams St, Portland, OR 97035",February
160659,20in Monitor,1,109.99,2019-02-05 07:34:00,"48 Spruce St, Los Angeles, CA 90001",February
151466,20in Monitor,1,109.99,2019-02-18 22:40:00,"132 Wilson St, Austin, TX 73301",February
154706,20in Monitor,1,109.99,2019-02-19 02:48:00,"140 Church St, Austin, TX 73301",February
158143,20in Monitor,1,109.99,2019-02-06 13:51:00,"426 Wilson St, Dallas, TX 75001",February
150980,20in Monitor,1,109.99,2019-02-13 20:21:00,"704 West St, Seattle, WA 98101",February
154191,20in Monitor,1,109.99,2019-02-21 11:04:00,"12 Lakeview St, Dallas, TX 75001",February
157547,20in Monitor,1,109.99,2019-02-27 12:30:00,"867 Cherry St, San Francisco, CA 94016",February
152425,20in Monitor,1,109.99,2019-02-26 20:40:00,"222 Hickory St, San Francisco, CA 94016",February
155321,20in Monitor,1,109.99,2019-02-01 14:35:00,"852 Jefferson St, San Francisco, CA 94016",February
160248,20in Monitor,1,109.99,2019-02-05 11:32:00,"954 Walnut St, New York City, NY 10001",February
154271,20in Monitor,1,109.99,2019-02-26 12:26:00,"557 Church St, New York City, NY 10001",February
157462,20in Monitor,1,109.99,2019-02-07 18:55:00,"20 River St, Los Angeles, CA 90001",February
154435,20in Monitor,1,109.99,2019-02-11 09:53:00,"769 Meadow St, New York City, NY 10001",February
158291,20in Monitor,1,109.99,2019-02-12 22:03:00,"743 Lake St, Boston, MA 02215",February
158921,20in Monitor,1,109.99,2019-02-09 20:02:00,"2 11th St, New York City, NY 10001",February
155307,20in Monitor,1,109.99,2019-02-01 20:08:00,"774 6th St, Los Angeles, CA 90001",February
159355,20in Monitor,1,109.99,2019-02-07 20:41:00,"810 10th St, San Francisco, CA 94016",February
160178,20in Monitor,1,109.99,2019-02-17 19:43:00,"773 Jefferson St, Los Angeles, CA 90001",February
153704,20in Monitor,1,109.99,2019-02-24 17:37:00,"747 2nd St, San Francisco, CA 94016",February
161337,20in Monitor,1,109.99,2019-02-27 22:33:00,"127 Johnson St, New York City, NY 10001",February
151152,20in Monitor,1,109.99,2019-02-07 22:41:00,"278 Johnson St, Boston, MA 02215",February
160193,20in Monitor,1,109.99,2019-02-27 19:01:00,"259 North St, San Francisco, CA 94016",February
151307,20in Monitor,1,109.99,2019-02-01 22:27:00,"957 Johnson St, San Francisco, CA 94016",February
151776,20in Monitor,1,109.99,2019-02-04 21:24:00,"517 Main St, New York City, NY 10001",February
153442,20in Monitor,1,109.99,2019-02-26 14:47:00,"625 Lincoln St, Los Angeles, CA 90001",February
159640,20in Monitor,1,109.99,2019-02-19 13:59:00,"501 Chestnut St, Portland, OR 97035",February
155975,20in Monitor,1,109.99,2019-02-27 17:12:00,"499 8th St, Seattle, WA 98101",February
155891,20in Monitor,2,109.99,2019-02-21 23:24:00,"471 West St, Portland, OR 97035",February
157947,20in Monitor,1,109.99,2019-02-19 15:57:00,"960 10th St, Los Angeles, CA 90001",February
166417,20in Monitor,1,109.99,2019-03-09 11:22:00,"915 Sunset St, Boston, MA 02215",March
166444,20in Monitor,1,109.99,2019-03-23 09:48:00,"103 Wilson St, Portland, OR 97035",March
162976,20in Monitor,1,109.99,2019-03-17 02:54:00,"497 4th St, New York City, NY 10001",March
167149,20in Monitor,1,109.99,2019-03-04 01:59:00,"241 Meadow St, San Francisco, CA 94016",March
176251,20in Monitor,1,109.99,2019-03-31 00:29:00,"965 Church St, New York City, NY 10001",March
163350,20in Monitor,1,109.99,2019-03-08 15:53:00,"715 Hill St, Atlanta, GA 30301",March
163655,20in Monitor,1,109.99,2019-03-16 14:35:00,"116 Madison St, Portland, OR 97035",March
169174,20in Monitor,1,109.99,2019-03-16 16:10:00,"117 Lincoln St, San Francisco, CA 94016",March
171743,20in Monitor,1,109.99,2019-03-23 18:50:00,"965 Madison St, Portland, OR 97035",March
173001,20in Monitor,1,109.99,2019-03-21 01:10:00,"670 8th St, New York City, NY 10001",March
164901,20in Monitor,1,109.99,2019-03-26 22:07:00,"488 10th St, San Francisco, CA 94016",March
174377,20in Monitor,1,109.99,2019-03-21 12:56:00,"123 Hickory St, Atlanta, GA 30301",March
164255,20in Monitor,1,109.99,2019-03-25 22:33:00,"44 12th St, Boston, MA 02215",March
169145,20in Monitor,1,109.99,2019-03-07 16:07:00,"920 11th St, Dallas, TX 75001",March
172669,20in Monitor,1,109.99,2019-03-03 21:29:00,"926 Pine St, Boston, MA 02215",March
169205,20in Monitor,1,109.99,2019-03-04 18:08:00,"225 Lakeview St, San Francisco, CA 94016",March
163915,20in Monitor,1,109.99,2019-03-20 16:42:00,"184 Jefferson St, Austin, TX 73301",March
169542,20in Monitor,1,109.99,2019-03-05 15:39:00,"964 Hill St, Boston, MA 02215",March
173812,20in Monitor,1,109.99,2019-03-08 13:32:00,"320 Maple St, Los Angeles, CA 90001",March
174567,20in Monitor,1,109.99,2019-03-21 09:45:00,"664 Hill St, San Francisco, CA 94016",March
172433,20in Monitor,1,109.99,2019-03-02 15:13:00,"80 Lincoln St, Austin, TX 73301",March
164367,20in Monitor,1,109.99,2019-03-16 14:08:00,"950 7th St, Los Angeles, CA 90001",March
165971,20in Monitor,1,109.99,2019-03-11 13:59:00,"486 Ridge St, San Francisco, CA 94016",March
169793,20in Monitor,1,109.99,2019-03-09 12:43:00,"3 Maple St, Atlanta, GA 30301",March
165397,20in Monitor,1,109.99,2019-03-24 11:37:00,"16 4th St, San Francisco, CA 94016",March
172215,20in Monitor,1,109.99,2019-03-14 16:11:00,"101 River St, San Francisco, CA 94016",March
162297,20in Monitor,1,109.99,2019-03-12 17:48:00,"466 Dogwood St, Boston, MA 02215",March
162603,20in Monitor,1,109.99,2019-03-30 13:34:00,"794 North St, Austin, TX 73301",March
174137,20in Monitor,1,109.99,2019-03-04 08:18:00,"78 Lake St, Seattle, WA 98101",March
166509,20in Monitor,1,109.99,2019-03-06 17:39:00,"400 Park St, Austin, TX 73301",March
169219,20in Monitor,1,109.99,2019-03-02 08:58:00,"527 Ridge St, Boston, MA 02215",March
172865,20in Monitor,1,109.99,2019-03-22 00:14:00,"347 10th St, Los Angeles, CA 90001",March
173760,20in Monitor,1,109.99,2019-03-18 15:34:00,"279 4th St, San Francisco, CA 94016",March
165571,20in Monitor,1,109.99,2019-03-23 22:26:00,"71 Wilson St, Los Angeles, CA 90001",March
169548,20in Monitor,1,109.99,2019-03-31 05:39:00,"345 Main St, Austin, TX 73301",March
166468,20in Monitor,1,109.99,2019-03-01 21:20:00,"313 River St, Portland, ME 04101",March
167926,20in Monitor,1,109.99,2019-03-24 17:01:00,"241 Dogwood St, Seattle, WA 98101",March
173228,20in Monitor,1,109.99,2019-03-09 19:28:00,"261 14th St, Seattle, WA 98101",March
174145,20in Monitor,1,109.99,2019-03-07 06:36:00,"99 Pine St, Seattle, WA 98101",March
167345,20in Monitor,1,109.99,2019-03-03 19:09:00,"11 5th St, Los Angeles, CA 90001",March
168960,20in Monitor,1,109.99,2019-03-26 15:27:00,"110 Adams St, New York City, NY 10001",March
175098,20in Monitor,1,109.99,2019-03-03 13:56:00,"388 Lake St, Atlanta, GA 30301",March
175145,20in Monitor,1,109.99,2019-03-24 09:07:00,"460 West St, Seattle, WA 98101",March
163089,20in Monitor,1,109.99,2019-03-28 03:43:00,"299 Lake St, Dallas, TX 75001",March
166061,20in Monitor,1,109.99,2019-03-19 03:48:00,"30 Hickory St, Los Angeles, CA 90001",March
163484,20in Monitor,1,109.99,2019-03-20 02:24:00,"784 Meadow St, San Francisco, CA 94016",March
164522,20in Monitor,1,109.99,2019-03-29 23:20:00,"201 Lincoln St, Los Angeles, CA 90001",March
164680,20in Monitor,1,109.99,2019-03-06 17:35:00,"387 Walnut St, San Francisco, CA 94016",March
167537,20in Monitor,1,109.99,2019-03-03 09:47:00,"620 Main St, Los Angeles, CA 90001",March
169444,20in Monitor,1,109.99,2019-03-07 12:19:00,"744 South St, Seattle, WA 98101",March
173927,20in Monitor,1,109.99,2019-03-27 19:50:00,"134 Johnson St, Los Angeles, CA 90001",March
168106,20in Monitor,1,109.99,2019-03-08 12:59:00,"414 12th St, San Francisco, CA 94016",March
164732,20in Monitor,1,109.99,2019-03-22 06:18:00,"95 6th St, Dallas, TX 75001",March
174385,20in Monitor,1,109.99,2019-03-25 12:39:00,"226 North St, San Francisco, CA 94016",March
174387,20in Monitor,1,109.99,2019-03-18 12:19:00,"539 11th St, Boston, MA 02215",March
178998,20in Monitor,1,109.99,2019-04-11 15:27:00,"4 8th St, New York City, NY 10001",April
183995,20in Monitor,1,109.99,2019-04-16 20:53:00,"694 Jackson St, Seattle, WA 98101",April
187110,20in Monitor,1,109.99,2019-04-21 18:53:00,"452 Spruce St, Atlanta, GA 30301",April
187441,20in Monitor,1,109.99,2019-04-22 14:25:00,"757 Spruce St, Dallas, TX 75001",April
183934,20in Monitor,1,109.99,2019-04-21 12:14:00,"253 Dogwood St, Portland, OR 97035",April
193026,20in Monitor,1,109.99,2019-04-20 18:18:00,"93 Church St, Austin, TX 73301",April
185253,20in Monitor,1,109.99,2019-04-01 14:55:00,"626 Wilson St, New York City, NY 10001",April
177306,20in Monitor,1,109.99,2019-04-02 18:03:00,"171 Chestnut St, Portland, ME 04101",April
185839,20in Monitor,1,109.99,2019-04-12 20:52:00,"938 Wilson St, Los Angeles, CA 90001",April
187346,20in Monitor,1,109.99,2019-04-01 23:52:00,"10 Meadow St, San Francisco, CA 94016",April
178277,20in Monitor,1,109.99,2019-04-29 19:16:00,"492 12th St, Dallas, TX 75001",April
179274,20in Monitor,1,109.99,2019-04-21 08:41:00,"866 14th St, Atlanta, GA 30301",April
186368,20in Monitor,1,109.99,2019-04-28 10:12:00,"352 8th St, New York City, NY 10001",April
193006,20in Monitor,1,109.99,2019-04-15 01:41:00,"24 Madison St, New York City, NY 10001",April
176703,20in Monitor,1,109.99,2019-04-17 10:00:00,"748 Washington St, New York City, NY 10001",April
189378,20in Monitor,1,109.99,2019-04-28 22:18:00,"32 Meadow St, New York City, NY 10001",April
181125,20in Monitor,1,109.99,2019-04-19 09:54:00,"743 Adams St, San Francisco, CA 94016",April
181700,20in Monitor,1,109.99,2019-04-04 14:14:00,"88 Main St, Austin, TX 73301",April
187734,20in Monitor,1,109.99,2019-04-26 21:02:00,"465 Hickory St, San Francisco, CA 94016",April
189341,20in Monitor,1,109.99,2019-04-03 08:05:00,"636 Church St, San Francisco, CA 94016",April
193226,20in Monitor,1,109.99,2019-04-13 20:57:00,"732 Main St, San Francisco, CA 94016",April
182584,20in Monitor,1,109.99,2019-04-08 15:53:00,"372 Jackson St, Portland, OR 97035",April
186912,20in Monitor,1,109.99,2019-04-04 09:45:00,"363 10th St, Dallas, TX 75001",April
192803,20in Monitor,1,109.99,2019-04-07 11:33:00,"929 13th St, San Francisco, CA 94016",April
177790,20in Monitor,1,109.99,2019-04-19 14:34:00,"958 Jackson St, San Francisco, CA 94016",April
179047,20in Monitor,1,109.99,2019-04-26 22:54:00,"635 Forest St, New York City, NY 10001",April
191829,20in Monitor,1,109.99,2019-04-18 10:42:00,"557 Jackson St, Dallas, TX 75001",April
191874,20in Monitor,1,109.99,2019-04-16 12:27:00,"646 Adams St, Seattle, WA 98101",April
179612,20in Monitor,1,109.99,2019-04-18 17:54:00,"714 Meadow St, Los Angeles, CA 90001",April
186150,20in Monitor,1,109.99,2019-04-23 07:30:00,"220 2nd St, Dallas, TX 75001",April
192736,20in Monitor,1,109.99,2019-04-13 09:41:00,"636 14th St, Austin, TX 73301",April
184329,20in Monitor,1,109.99,2019-04-20 17:57:00,"170 7th St, New York City, NY 10001",April
186282,20in Monitor,1,109.99,2019-04-06 14:21:00,"729 Jackson St, Seattle, WA 98101",April
190822,20in Monitor,1,109.99,2019-04-10 12:09:00,"175 Center St, Portland, ME 04101",April
178536,20in Monitor,1,109.99,2019-04-29 19:22:00,"523 6th St, San Francisco, CA 94016",April
193483,20in Monitor,1,109.99,2019-04-26 13:08:00,"104 Madison St, New York City, NY 10001",April
179811,20in Monitor,1,109.99,2019-04-10 15:54:00,"346 Church St, Seattle, WA 98101",April
184865,20in Monitor,1,109.99,2019-04-14 08:44:00,"300 Jackson St, Seattle, WA 98101",April
178646,20in Monitor,1,109.99,2019-04-08 12:27:00,"409 Jefferson St, San Francisco, CA 94016",April
180245,20in Monitor,1,109.99,2019-04-29 18:54:00,"593 North St, Boston, MA 02215",April
187321,20in Monitor,1,109.99,2019-04-25 12:12:00,"609 Highland St, Austin, TX 73301",April
187340,20in Monitor,1,109.99,2019-04-10 21:33:00,"783 South St, San Francisco, CA 94016",April
176710,20in Monitor,2,109.99,2019-04-07 10:00:00,"848 West St, Dallas, TX 75001",April
180323,20in Monitor,1,109.99,2019-04-13 12:25:00,"522 Dogwood St, Boston, MA 02215",April
183797,20in Monitor,1,109.99,2019-04-21 17:01:00,"295 Main St, Los Angeles, CA 90001",April
178369,20in Monitor,1,109.99,2019-04-20 10:55:00,"808 7th St, San Francisco, CA 94016",April
180541,20in Monitor,1,109.99,2019-04-30 22:40:00,"725 12th St, Atlanta, GA 30301",April
191536,20in Monitor,1,109.99,2019-04-21 01:23:00,"433 Sunset St, Los Angeles, CA 90001",April
176868,20in Monitor,1,109.99,2019-04-05 07:37:00,"213 Highland St, Boston, MA 02215",April
177285,20in Monitor,1,109.99,2019-04-02 21:26:00,"947 Hickory St, San Francisco, CA 94016",April
184027,20in Monitor,1,109.99,2019-04-01 14:28:00,"126 Dogwood St, Seattle, WA 98101",April
187816,20in Monitor,1,109.99,2019-04-15 16:58:00,"998 Chestnut St, Portland, OR 97035",April
192994,20in Monitor,1,109.99,2019-04-21 17:07:00,"964 Meadow St, Atlanta, GA 30301",April
178045,20in Monitor,1,109.99,2019-04-30 21:24:00,"871 Jefferson St, Los Angeles, CA 90001",April
180963,20in Monitor,1,109.99,2019-04-26 20:04:00,"104 Cedar St, San Francisco, CA 94016",April
184400,20in Monitor,1,109.99,2019-04-07 17:20:00,"746 Cherry St, Boston, MA 02215",April
181346,20in Monitor,1,109.99,2019-04-06 14:12:00,"783 Cherry St, Atlanta, GA 30301",April
183138,20in Monitor,1,109.99,2019-04-09 21:30:00,"594 13th St, San Francisco, CA 94016",April
180060,20in Monitor,1,109.99,2019-04-17 19:27:00,"237 12th St, New York City, NY 10001",April
188124,20in Monitor,1,109.99,2019-04-23 13:44:00,"773 Main St, Portland, ME 04101",April
193385,20in Monitor,1,109.99,2019-04-18 08:55:00,"861 Dogwood St, Austin, TX 73301",April
184996,20in Monitor,1,109.99,2019-04-29 13:26:00,"516 8th St, San Francisco, CA 94016",April
184680,20in Monitor,1,109.99,2019-04-11 23:57:00,"948 9th St, San Francisco, CA 94016",April
189673,20in Monitor,1,109.99,2019-04-18 21:53:00,"368 Maple St, Atlanta, GA 30301",April
182889,20in Monitor,1,109.99,2019-04-15 17:19:00,"511 10th St, Boston, MA 02215",April
187845,20in Monitor,1,109.99,2019-04-28 14:31:00,"761 5th St, Seattle, WA 98101",April
190688,20in Monitor,1,109.99,2019-04-24 18:00:00,"910 Park St, San Francisco, CA 94016",April
200181,20in Monitor,1,109.99,2019-05-02 13:09:00,"991 Lake St, Dallas, TX 75001",May
200272,20in Monitor,1,109.99,2019-05-04 14:22:00,"295 Highland St, Seattle, WA 98101",May
209731,20in Monitor,1,109.99,2019-05-15 10:29:00,"596 Chestnut St, San Francisco, CA 94016",May
200214,20in Monitor,1,109.99,2019-05-26 18:00:00,"226 7th St, Los Angeles, CA 90001",May
205159,20in Monitor,1,109.99,2019-05-22 19:27:00,"773 Hill St, Boston, MA 02215",May
202032,20in Monitor,1,109.99,2019-05-23 17:36:00,"805 Hickory St, Boston, MA 02215",May
201262,20in Monitor,1,109.99,2019-05-06 04:37:00,"835 Cherry St, Atlanta, GA 30301",May
194224,20in Monitor,1,109.99,2019-05-27 16:25:00,"360 Highland St, San Francisco, CA 94016",May
201387,20in Monitor,1,109.99,2019-05-06 19:29:00,"760 Highland St, New York City, NY 10001",May
194510,20in Monitor,1,109.99,2019-05-25 12:49:00,"566 Forest St, Los Angeles, CA 90001",May
208186,20in Monitor,1,109.99,2019-05-08 10:13:00,"469 1st St, Dallas, TX 75001",May
195077,20in Monitor,1,109.99,2019-05-10 20:16:00,"541 Park St, Seattle, WA 98101",May
207151,20in Monitor,1,109.99,2019-05-07 19:22:00,"122 Willow St, Dallas, TX 75001",May
200139,20in Monitor,1,109.99,2019-05-08 22:48:00,"360 5th St, San Francisco, CA 94016",May
201741,20in Monitor,1,109.99,2019-05-26 00:06:00,"977 Sunset St, New York City, NY 10001",May
203519,20in Monitor,1,109.99,2019-05-06 10:57:00,"154 Maple St, Los Angeles, CA 90001",May
205385,20in Monitor,1,109.99,2019-05-12 13:52:00,"21 4th St, Boston, MA 02215",May
206730,20in Monitor,1,109.99,2019-05-09 14:43:00,"982 Chestnut St, Portland, OR 97035",May
196504,20in Monitor,1,109.99,2019-05-22 19:33:00,"539 Spruce St, Boston, MA 02215",May
198838,20in Monitor,1,109.99,2019-05-25 17:25:00,"212 North St, Portland, OR 97035",May
199582,20in Monitor,1,109.99,2019-05-17 10:23:00,"898 Johnson St, Atlanta, GA 30301",May
205709,20in Monitor,1,109.99,2019-05-18 21:25:00,"978 Washington St, Los Angeles, CA 90001",May
206124,20in Monitor,1,109.99,2019-05-25 17:09:00,"883 Pine St, Austin, TX 73301",May
209035,20in Monitor,1,109.99,2019-05-27 15:57:00,"631 Forest St, Seattle, WA 98101",May
200132,20in Monitor,1,109.99,2019-05-02 12:28:00,"422 10th St, Portland, OR 97035",May
194699,20in Monitor,1,109.99,2019-05-09 15:36:00,"65 12th St, Los Angeles, CA 90001",May
204504,20in Monitor,1,109.99,2019-05-24 18:48:00,"843 Ridge St, Austin, TX 73301",May
202131,20in Monitor,1,109.99,2019-05-04 17:05:00,"655 Highland St, Los Angeles, CA 90001",May
204914,20in Monitor,1,109.99,2019-05-25 20:49:00,"649 Lakeview St, Dallas, TX 75001",May
205732,20in Monitor,1,109.99,2019-05-27 18:08:00,"276 North St, New York City, NY 10001",May
207161,20in Monitor,1,109.99,2019-05-03 20:33:00,"404 Johnson St, San Francisco, CA 94016",May
208782,20in Monitor,1,109.99,2019-05-13 07:44:00,"230 Wilson St, Austin, TX 73301",May
199498,20in Monitor,1,109.99,2019-05-27 16:57:00,"600 Dogwood St, Portland, OR 97035",May
198424,20in Monitor,1,109.99,2019-05-31 11:00:00,"378 13th St, Los Angeles, CA 90001",May
201770,20in Monitor,1,109.99,2019-05-17 20:46:00,"292 Jackson St, Portland, ME 04101",May
204470,20in Monitor,1,109.99,2019-05-03 14:35:00,"931 Spruce St, Boston, MA 02215",May
199023,20in Monitor,1,109.99,2019-05-22 19:12:00,"204 West St, Los Angeles, CA 90001",May
199957,20in Monitor,1,109.99,2019-05-05 14:08:00,"793 1st St, San Francisco, CA 94016",May
200230,20in Monitor,1,109.99,2019-05-20 12:44:00,"232 13th St, Los Angeles, CA 90001",May
202133,20in Monitor,1,109.99,2019-05-11 20:28:00,"524 Wilson St, Atlanta, GA 30301",May
195933,20in Monitor,1,109.99,2019-05-03 07:19:00,"229 Park St, Dallas, TX 75001",May
203200,20in Monitor,1,109.99,2019-05-22 23:43:00,"67 Madison St, New York City, NY 10001",May
207284,20in Monitor,1,109.99,2019-05-03 14:45:00,"419 14th St, Los Angeles, CA 90001",May
204313,20in Monitor,1,109.99,2019-05-28 12:45:00,"375 4th St, Portland, OR 97035",May
207405,20in Monitor,1,109.99,2019-05-06 10:58:00,"959 Chestnut St, Los Angeles, CA 90001",May
202665,20in Monitor,1,109.99,2019-05-15 23:17:00,"476 Lakeview St, Portland, OR 97035",May
207377,20in Monitor,1,109.99,2019-05-13 19:29:00,"706 Forest St, Seattle, WA 98101",May
209450,20in Monitor,1,109.99,2019-05-01 17:09:00,"622 Cedar St, Los Angeles, CA 90001",May
207188,20in Monitor,1,109.99,2019-05-27 05:31:00,"379 7th St, Los Angeles, CA 90001",May
217153,20in Monitor,1,109.99,2019-06-19 22:06:00,"321 4th St, San Francisco, CA 94016",June
218382,20in Monitor,1,109.99,2019-06-15 15:49:00,"595 7th St, Dallas, TX 75001",June
218889,20in Monitor,1,109.99,2019-06-07 00:16:00,"136 Church St, Los Angeles, CA 90001",June
215863,20in Monitor,1,109.99,2019-06-05 19:51:00,"154 Washington St, Los Angeles, CA 90001",June
220697,20in Monitor,1,109.99,2019-06-29 06:41:00,"840 Chestnut St, Los Angeles, CA 90001",June
220757,20in Monitor,1,109.99,2019-06-21 17:52:00,"358 Cedar St, Dallas, TX 75001",June
211864,20in Monitor,1,109.99,2019-06-28 19:49:00,"638 Hickory St, Los Angeles, CA 90001",June
220137,20in Monitor,1,109.99,2019-06-13 12:24:00,"76 13th St, Los Angeles, CA 90001",June
220972,20in Monitor,1,109.99,2019-06-17 09:38:00,"925 Willow St, Dallas, TX 75001",June
222022,20in Monitor,1,109.99,2019-06-30 08:24:00,"238 13th St, Dallas, TX 75001",June
217139,20in Monitor,1,109.99,2019-06-25 19:52:00,"310 4th St, Los Angeles, CA 90001",June
220135,20in Monitor,1,109.99,2019-06-21 13:12:00,"634 Chestnut St, Atlanta, GA 30301",June
210173,20in Monitor,1,109.99,2019-06-29 02:07:00,"240 Sunset St, Boston, MA 02215",June
214386,20in Monitor,1,109.99,2019-06-18 20:50:00,"591 7th St, Seattle, WA 98101",June
211920,20in Monitor,1,109.99,2019-06-29 09:41:00,"468 Madison St, Atlanta, GA 30301",June
219258,20in Monitor,1,109.99,2019-06-26 07:34:00,"316 6th St, Los Angeles, CA 90001",June
216336,20in Monitor,1,109.99,2019-06-04 22:06:00,"661 Pine St, San Francisco, CA 94016",June
211544,20in Monitor,1,109.99,2019-06-01 23:48:00,"22 Spruce St, New York City, NY 10001",June
214804,20in Monitor,1,109.99,2019-06-07 10:52:00,"415 Spruce St, Portland, OR 97035",June
216176,20in Monitor,1,109.99,2019-06-03 11:21:00,"117 North St, Dallas, TX 75001",June
222222,20in Monitor,1,109.99,2019-06-18 14:10:00,"685 Dogwood St, Austin, TX 73301",June
214683,20in Monitor,1,109.99,2019-06-01 11:06:00,"658 7th St, San Francisco, CA 94016",June
216469,20in Monitor,1,109.99,2019-06-24 19:54:00,"687 8th St, New York City, NY 10001",June
218049,20in Monitor,1,109.99,2019-06-19 14:09:00,"289 Lake St, San Francisco, CA 94016",June
220059,20in Monitor,1,109.99,2019-06-23 14:49:00,"391 Cedar St, Los Angeles, CA 90001",June
221637,20in Monitor,1,109.99,2019-06-09 12:52:00,"661 8th St, Los Angeles, CA 90001",June
222648,20in Monitor,1,109.99,2019-06-06 20:50:00,"731 Meadow St, Los Angeles, CA 90001",June
216196,20in Monitor,1,109.99,2019-06-04 16:32:00,"991 Adams St, San Francisco, CA 94016",June
217224,20in Monitor,1,109.99,2019-06-26 11:02:00,"639 2nd St, Los Angeles, CA 90001",June
213116,20in Monitor,1,109.99,2019-06-17 08:46:00,"344 2nd St, San Francisco, CA 94016",June
216094,20in Monitor,1,109.99,2019-06-14 14:23:00,"213 Lakeview St, Boston, MA 02215",June
210590,20in Monitor,1,109.99,2019-06-23 10:56:00,"991 4th St, Seattle, WA 98101",June
210145,20in Monitor,1,109.99,2019-06-28 22:20:00,"860 Washington St, Atlanta, GA 30301",June
219928,20in Monitor,1,109.99,2019-06-23 12:35:00,"843 Forest St, Boston, MA 02215",June
221455,20in Monitor,1,109.99,2019-06-09 11:24:00,"757 River St, San Francisco, CA 94016",June
216824,20in Monitor,1,109.99,2019-06-25 21:17:00,"932 Washington St, New York City, NY 10001",June
212701,20in Monitor,1,109.99,2019-06-03 13:58:00,"434 River St, New York City, NY 10001",June
219023,20in Monitor,1,109.99,2019-06-19 22:17:00,"9 Hickory St, Dallas, TX 75001",June
210148,20in Monitor,1,109.99,2019-06-16 07:24:00,"710 Washington St, Atlanta, GA 30301",June
210448,20in Monitor,1,109.99,2019-06-05 19:27:00,"248 Elm St, San Francisco, CA 94016",June
220164,20in Monitor,1,109.99,2019-06-25 12:14:00,"438 5th St, San Francisco, CA 94016",June
217638,20in Monitor,1,109.99,2019-06-30 21:01:00,"502 Park St, San Francisco, CA 94016",June
221494,20in Monitor,1,109.99,2019-06-19 10:46:00,"838 Lakeview St, Dallas, TX 75001",June
219823,20in Monitor,1,109.99,2019-06-20 05:31:00,"29 Chestnut St, New York City, NY 10001",June
213479,20in Monitor,1,109.99,2019-06-28 14:08:00,"816 Lake St, Dallas, TX 75001",June
213786,20in Monitor,1,109.99,2019-06-07 11:03:00,"498 Dogwood St, Boston, MA 02215",June
213835,20in Monitor,1,109.99,2019-06-30 15:59:00,"242 Spruce St, Portland, OR 97035",June
214527,20in Monitor,1,109.99,2019-06-29 10:41:00,"713 Wilson St, Boston, MA 02215",June
211051,20in Monitor,1,109.99,2019-06-06 10:38:00,"567 Dogwood St, Atlanta, GA 30301",June
211984,20in Monitor,1,109.99,2019-06-21 11:02:00,"984 2nd St, New York City, NY 10001",June
216807,20in Monitor,1,109.99,2019-06-21 14:12:00,"939 Maple St, Austin, TX 73301",June
214621,20in Monitor,1,109.99,2019-06-21 00:48:00,"894 Elm St, New York City, NY 10001",June
210025,20in Monitor,1,109.99,2019-06-02 16:59:00,"940 14th St, New York City, NY 10001",June
228621,20in Monitor,1,109.99,2019-07-15 21:19:00,"202 Hickory St, Los Angeles, CA 90001",July
234910,20in Monitor,1,109.99,2019-07-03 23:20:00,"61 Adams St, San Francisco, CA 94016",July
224463,20in Monitor,1,109.99,2019-07-01 20:38:00,"386 South St, Los Angeles, CA 90001",July
225931,20in Monitor,1,109.99,2019-07-16 21:28:00,"784 Main St, San Francisco, CA 94016",July
226004,20in Monitor,1,109.99,2019-07-21 11:45:00,"961 Jefferson St, Los Angeles, CA 90001",July
234259,20in Monitor,1,109.99,2019-07-15 07:33:00,"457 1st St, Los Angeles, CA 90001",July
229847,20in Monitor,1,109.99,2019-07-30 09:22:00,"983 12th St, Atlanta, GA 30301",July
232640,20in Monitor,1,109.99,2019-07-16 14:27:00,"15 Lincoln St, San Francisco, CA 94016",July
236394,20in Monitor,1,109.99,2019-07-30 15:40:00,"870 Jackson St, San Francisco, CA 94016",July
224958,20in Monitor,1,109.99,2019-07-01 08:59:00,"535 Jefferson St, New York City, NY 10001",July
233595,20in Monitor,1,109.99,2019-07-27 20:35:00,"658 Lake St, Los Angeles, CA 90001",July
234894,20in Monitor,1,109.99,2019-07-14 10:17:00,"134 Highland St, Dallas, TX 75001",July
231490,20in Monitor,1,109.99,2019-07-31 11:00:00,"920 7th St, San Francisco, CA 94016",July
233133,20in Monitor,1,109.99,2019-07-07 21:46:00,"339 Johnson St, Portland, OR 97035",July
236165,20in Monitor,1,109.99,2019-07-05 22:44:00,"128 12th St, Atlanta, GA 30301",July
223390,20in Monitor,1,109.99,2019-07-31 17:27:00,"345 Lakeview St, Atlanta, GA 30301",July
225257,20in Monitor,1,109.99,2019-07-11 11:44:00,"676 7th St, San Francisco, CA 94016",July
230660,20in Monitor,1,109.99,2019-07-20 14:38:00,"672 Lake St, San Francisco, CA 94016",July
235468,20in Monitor,1,109.99,2019-07-10 07:55:00,"302 Lake St, Atlanta, GA 30301",July
228045,20in Monitor,1,109.99,2019-07-13 13:09:00,"717 7th St, Portland, OR 97035",July
232333,20in Monitor,1,109.99,2019-07-25 20:22:00,"34 Main St, San Francisco, CA 94016",July
224527,20in Monitor,1,109.99,2019-07-01 12:08:00,"625 Elm St, Boston, MA 02215",July
234440,20in Monitor,1,109.99,2019-07-07 13:20:00,"137 Forest St, Portland, OR 97035",July
236382,20in Monitor,1,109.99,2019-07-02 21:27:00,"935 14th St, San Francisco, CA 94016",July
225065,20in Monitor,1,109.99,2019-07-19 09:37:00,"946 Ridge St, Dallas, TX 75001",July
225168,20in Monitor,1,109.99,2019-07-09 11:33:00,"115 North St, Seattle, WA 98101",July
236040,20in Monitor,1,109.99,2019-07-06 13:50:00,"133 Church St, San Francisco, CA 94016",July
229517,20in Monitor,1,109.99,2019-07-29 19:22:00,"644 Willow St, Los Angeles, CA 90001",July
234303,20in Monitor,1,109.99,2019-07-12 21:10:00,"840 4th St, New York City, NY 10001",July
236395,20in Monitor,1,109.99,2019-07-28 10:50:00,"457 Meadow St, San Francisco, CA 94016",July
225153,20in Monitor,1,109.99,2019-07-21 13:47:00,"919 Lake St, Los Angeles, CA 90001",July
227236,20in Monitor,1,109.99,2019-07-09 05:56:00,"869 1st St, Seattle, WA 98101",July
226419,20in Monitor,1,109.99,2019-07-09 22:06:00,"988 Spruce St, San Francisco, CA 94016",July
226672,20in Monitor,1,109.99,2019-07-22 13:33:00,"416 Maple St, Los Angeles, CA 90001",July
235274,20in Monitor,1,109.99,2019-07-10 18:06:00,"880 Madison St, Atlanta, GA 30301",July
227273,20in Monitor,1,109.99,2019-07-30 18:21:00,"437 Center St, Dallas, TX 75001",July
233618,20in Monitor,1,109.99,2019-07-23 12:10:00,"294 Sunset St, Atlanta, GA 30301",July
235627,20in Monitor,1,109.99,2019-07-18 23:18:00,"134 Walnut St, New York City, NY 10001",July
224670,20in Monitor,1,109.99,2019-07-12 09:40:00,"191 Elm St, New York City, NY 10001",July
231053,20in Monitor,1,109.99,2019-07-19 11:46:00,"330 7th St, Los Angeles, CA 90001",July
232955,20in Monitor,1,109.99,2019-07-17 13:23:00,"436 Cherry St, Boston, MA 02215",July
226484,20in Monitor,1,109.99,2019-07-24 20:45:00,"42 Center St, New York City, NY 10001",July
227126,20in Monitor,1,109.99,2019-07-01 16:45:00,"799 4th St, New York City, NY 10001",July
224254,20in Monitor,1,109.99,2019-07-24 10:35:00,"178 Dogwood St, San Francisco, CA 94016",July
234956,20in Monitor,1,109.99,2019-07-14 12:10:00,"825 9th St, New York City, NY 10001",July
236074,20in Monitor,1,109.99,2019-07-07 18:30:00,"764 Washington St, San Francisco, CA 94016",July
234594,20in Monitor,1,109.99,2019-07-06 10:00:00,"822 South St, Seattle, WA 98101",July
224240,20in Monitor,1,109.99,2019-07-20 12:08:00,"955 1st St, San Francisco, CA 94016",July
228049,20in Monitor,1,109.99,2019-07-27 07:34:00,"493 10th St, Seattle, WA 98101",July
234764,20in Monitor,1,109.99,2019-07-06 19:34:00,"448 South St, Boston, MA 02215",July
232379,20in Monitor,1,109.99,2019-07-06 23:53:00,"864 2nd St, San Francisco, CA 94016",July
233253,20in Monitor,1,109.99,2019-07-12 16:23:00,"451 2nd St, New York City, NY 10001",July
245237,20in Monitor,1,109.99,2019-08-23 19:22:00,"715 1st St, Los Angeles, CA 90001",August
243387,20in Monitor,1,109.99,2019-08-07 22:20:00,"854 Chestnut St, Los Angeles, CA 90001",August
236790,20in Monitor,2,109.99,2019-08-21 21:28:00,"212 Hill St, San Francisco, CA 94016",August
242087,20in Monitor,1,109.99,2019-08-04 15:09:00,"413 8th St, Portland, OR 97035",August
242278,20in Monitor,1,109.99,2019-08-05 20:57:00,"91 Willow St, New York City, NY 10001",August
240058,20in Monitor,1,109.99,2019-08-26 22:46:00,"300 1st St, New York City, NY 10001",August
237624,20in Monitor,1,109.99,2019-08-02 18:43:00,"670 Wilson St, New York City, NY 10001",August
241252,20in Monitor,1,109.99,2019-08-13 19:52:00,"778 Meadow St, Los Angeles, CA 90001",August
242469,20in Monitor,1,109.99,2019-08-25 16:30:00,"540 Jefferson St, Dallas, TX 75001",August
242502,20in Monitor,1,109.99,2019-08-27 12:19:00,"864 Meadow St, Dallas, TX 75001",August
246475,20in Monitor,1,109.99,2019-08-19 14:11:00,"817 Adams St, Dallas, TX 75001",August
240484,20in Monitor,1,109.99,2019-08-25 13:49:00,"559 Cedar St, San Francisco, CA 94016",August
241056,20in Monitor,1,109.99,2019-08-08 10:09:00,"99 Walnut St, Los Angeles, CA 90001",August
244665,20in Monitor,1,109.99,2019-08-29 09:39:00,"143 Cherry St, Los Angeles, CA 90001",August
237564,20in Monitor,1,109.99,2019-08-25 12:05:00,"12 Madison St, San Francisco, CA 94016",August
242751,20in Monitor,1,109.99,2019-08-20 12:56:00,"820 Pine St, Austin, TX 73301",August
246972,20in Monitor,1,109.99,2019-08-05 12:11:00,"100 Park St, New York City, NY 10001",August
240342,20in Monitor,1,109.99,2019-08-21 00:24:00,"622 Jackson St, Boston, MA 02215",August
243830,20in Monitor,1,109.99,2019-08-31 17:29:00,"263 6th St, Atlanta, GA 30301",August
246323,20in Monitor,1,109.99,2019-08-17 16:46:00,"457 Lake St, Portland, OR 97035",August
238596,20in Monitor,1,109.99,2019-08-25 06:36:00,"708 Pine St, Los Angeles, CA 90001",August
244653,20in Monitor,1,109.99,2019-08-13 20:54:00,"760 Main St, Atlanta, GA 30301",August
239195,20in Monitor,1,109.99,2019-08-01 12:28:00,"51 Lincoln St, Boston, MA 02215",August
247725,20in Monitor,1,109.99,2019-08-01 12:58:00,"270 12th St, Seattle, WA 98101",August
238076,20in Monitor,1,109.99,2019-08-21 14:36:00,"893 11th St, Seattle, WA 98101",August
244196,20in Monitor,1,109.99,2019-08-25 17:10:00,"62 Johnson St, San Francisco, CA 94016",August
242736,20in Monitor,1,109.99,2019-08-28 15:26:00,"192 Elm St, San Francisco, CA 94016",August
246641,20in Monitor,2,109.99,2019-08-22 13:44:00,"785 Lakeview St, San Francisco, CA 94016",August
236677,20in Monitor,1,109.99,2019-08-13 07:16:00,"918 6th St, San Francisco, CA 94016",August
241117,20in Monitor,1,109.99,2019-08-10 21:29:00,"709 Jackson St, Los Angeles, CA 90001",August
245191,20in Monitor,1,109.99,2019-08-18 22:40:00,"57 Wilson St, Atlanta, GA 30301",August
238219,20in Monitor,1,109.99,2019-08-07 20:30:00,"632 Lake St, Seattle, WA 98101",August
237308,20in Monitor,1,109.99,2019-08-27 14:58:00,"556 Church St, San Francisco, CA 94016",August
240100,20in Monitor,1,109.99,2019-08-09 06:49:00,"445 7th St, Austin, TX 73301",August
243918,20in Monitor,1,109.99,2019-08-07 13:07:00,"527 Lakeview St, Seattle, WA 98101",August
244456,20in Monitor,1,109.99,2019-08-20 20:57:00,"354 2nd St, New York City, NY 10001",August
244863,20in Monitor,1,109.99,2019-08-31 09:38:00,"829 11th St, Seattle, WA 98101",August
248973,20in Monitor,1,109.99,2019-09-08 14:29:00,"947 Wilson St, New York City, NY 10001",September
254661,20in Monitor,1,109.99,2019-09-26 12:23:00,"186 West St, New York City, NY 10001",September
258638,20in Monitor,1,109.99,2019-09-10 11:38:00,"353 Lakeview St, Seattle, WA 98101",September
249328,20in Monitor,1,109.99,2019-09-11 20:44:00,"123 14th St, New York City, NY 10001",September
255060,20in Monitor,1,109.99,2019-09-28 11:51:00,"495 South St, Boston, MA 02215",September
254201,20in Monitor,1,109.99,2019-09-21 10:27:00,"384 Jefferson St, San Francisco, CA 94016",September
248262,20in Monitor,1,109.99,2019-09-11 11:44:00,"100 Jefferson St, Seattle, WA 98101",September
258116,20in Monitor,1,109.99,2019-09-30 19:51:00,"433 Cedar St, Portland, OR 97035",September
249943,20in Monitor,1,109.99,2019-09-06 03:22:00,"262 Johnson St, Dallas, TX 75001",September
252998,20in Monitor,2,109.99,2019-09-29 12:51:00,"415 5th St, Atlanta, GA 30301",September
255577,20in Monitor,1,109.99,2019-09-18 09:16:00,"718 5th St, Austin, TX 73301",September
252696,20in Monitor,1,109.99,2019-09-03 11:30:00,"522 6th St, New York City, NY 10001",September
256615,20in Monitor,1,109.99,2019-09-13 19:06:00,"102 Lakeview St, San Francisco, CA 94016",September
253247,20in Monitor,1,109.99,2019-09-13 20:46:00,"906 Church St, Atlanta, GA 30301",September
249135,20in Monitor,1,109.99,2019-09-15 17:45:00,"783 5th St, San Francisco, CA 94016",September
249948,20in Monitor,1,109.99,2019-09-19 11:24:00,"204 11th St, Portland, OR 97035",September
257814,20in Monitor,1,109.99,2019-09-17 08:58:00,"113 Jackson St, San Francisco, CA 94016",September
251016,20in Monitor,1,109.99,2019-09-02 09:46:00,"866 Spruce St, New York City, NY 10001",September
256758,20in Monitor,1,109.99,2019-09-11 17:54:00,"810 Cedar St, San Francisco, CA 94016",September
253803,20in Monitor,1,109.99,2019-09-01 12:26:00,"39 Spruce St, New York City, NY 10001",September
254627,20in Monitor,1,109.99,2019-09-22 06:34:00,"703 Wilson St, Boston, MA 02215",September
248324,20in Monitor,1,109.99,2019-09-12 23:11:00,"728 Hickory St, Dallas, TX 75001",September
256853,20in Monitor,1,109.99,2019-09-03 15:14:00,"581 8th St, Boston, MA 02215",September
258054,20in Monitor,1,109.99,2019-09-30 22:33:00,"905 Lake St, San Francisco, CA 94016",September
251771,20in Monitor,1,109.99,2019-09-12 09:51:00,"756 11th St, Portland, OR 97035",September
258073,20in Monitor,1,109.99,2019-09-04 10:54:00,"864 Willow St, Atlanta, GA 30301",September
253950,20in Monitor,1,109.99,2019-09-10 19:21:00,"528 Madison St, Austin, TX 73301",September
255337,20in Monitor,2,109.99,2019-09-23 08:16:00,"183 Maple St, New York City, NY 10001",September
254218,20in Monitor,1,109.99,2019-09-30 09:01:00,"488 Walnut St, Atlanta, GA 30301",September
254227,20in Monitor,1,109.99,2019-09-16 20:51:00,"47 Maple St, New York City, NY 10001",September
248768,20in Monitor,1,109.99,2019-09-10 00:09:00,"584 2nd St, San Francisco, CA 94016",September
249779,20in Monitor,1,109.99,2019-09-13 16:20:00,"288 Wilson St, San Francisco, CA 94016",September
256972,20in Monitor,1,109.99,2019-09-05 12:17:00,"466 Cherry St, New York City, NY 10001",September
252428,20in Monitor,1,109.99,2019-09-04 21:03:00,"44 Lake St, Atlanta, GA 30301",September
256803,20in Monitor,1,109.99,2019-09-14 15:41:00,"311 1st St, Boston, MA 02215",September
257053,20in Monitor,1,109.99,2019-09-24 15:53:00,"725 13th St, San Francisco, CA 94016",September
249991,20in Monitor,1,109.99,2019-09-03 11:39:00,"423 10th St, San Francisco, CA 94016",September
253832,20in Monitor,1,109.99,2019-09-21 09:38:00,"914 North St, Austin, TX 73301",September
258142,20in Monitor,1,109.99,2019-09-29 13:07:00,"294 13th St, Los Angeles, CA 90001",September
250617,20in Monitor,1,109.99,2019-09-16 10:51:00,"949 Cedar St, Austin, TX 73301",September
253599,20in Monitor,1,109.99,2019-09-03 15:45:00,"55 Madison St, Portland, OR 97035",September
252439,20in Monitor,1,109.99,2019-09-17 11:26:00,"872 Hill St, Portland, OR 97035",September
258451,20in Monitor,1,109.99,2019-09-23 10:29:00,"766 Elm St, Seattle, WA 98101",September
272298,20in Monitor,1,109.99,2019-10-09 11:27:00,"394 4th St, Dallas, TX 75001",October
273694,20in Monitor,1,109.99,2019-10-10 13:36:00,"2 Hill St, San Francisco, CA 94016",October
271521,20in Monitor,1,109.99,2019-10-14 18:50:00,"814 8th St, Dallas, TX 75001",October
270296,20in Monitor,1,109.99,2019-10-09 11:26:00,"906 Lake St, Los Angeles, CA 90001",October
272325,20in Monitor,1,109.99,2019-10-19 08:28:00,"849 4th St, New York City, NY 10001",October
277383,20in Monitor,1,109.99,2019-10-25 18:52:00,"560 Cherry St, San Francisco, CA 94016",October
278442,20in Monitor,1,109.99,2019-10-18 14:05:00,"437 Park St, New York City, NY 10001",October
267419,20in Monitor,1,109.99,2019-10-13 21:55:00,"864 Main St, New York City, NY 10001",October
266052,20in Monitor,1,109.99,2019-10-11 22:29:00,"945 South St, San Francisco, CA 94016",October
270684,20in Monitor,2,109.99,2019-10-16 09:04:00,"77 Elm St, San Francisco, CA 94016",October
271243,20in Monitor,1,109.99,2019-10-12 07:53:00,"484 Johnson St, Atlanta, GA 30301",October
272181,20in Monitor,1,109.99,2019-10-18 14:25:00,"569 6th St, San Francisco, CA 94016",October
276586,20in Monitor,1,109.99,2019-10-23 17:04:00,"267 Madison St, San Francisco, CA 94016",October
262320,20in Monitor,1,109.99,2019-10-16 15:12:00,"696 Main St, Los Angeles, CA 90001",October
266806,20in Monitor,1,109.99,2019-10-30 21:28:00,"21 Jackson St, Seattle, WA 98101",October
274609,20in Monitor,1,109.99,2019-10-07 21:14:00,"916 Church St, Austin, TX 73301",October
274390,20in Monitor,1,109.99,2019-10-07 16:31:00,"803 Church St, San Francisco, CA 94016",October
274816,20in Monitor,1,109.99,2019-10-26 00:18:00,"153 Park St, Austin, TX 73301",October
264165,20in Monitor,1,109.99,2019-10-26 08:14:00,"326 7th St, Austin, TX 73301",October
267441,20in Monitor,1,109.99,2019-10-12 14:10:00,"599 Willow St, Dallas, TX 75001",October
274795,20in Monitor,1,109.99,2019-10-26 22:28:00,"204 Sunset St, Boston, MA 02215",October
274813,20in Monitor,1,109.99,2019-10-16 19:05:00,"864 Cherry St, Dallas, TX 75001",October
263641,20in Monitor,1,109.99,2019-10-01 22:17:00,"258 5th St, Dallas, TX 75001",October
261379,20in Monitor,1,109.99,2019-10-19 19:46:00,"537 4th St, New York City, NY 10001",October
265631,20in Monitor,1,109.99,2019-10-27 16:14:00,"446 Forest St, Los Angeles, CA 90001",October
259955,20in Monitor,1,109.99,2019-10-29 07:06:00,"39 10th St, San Francisco, CA 94016",October
263778,20in Monitor,1,109.99,2019-10-11 07:24:00,"886 Center St, San Francisco, CA 94016",October
260771,20in Monitor,1,109.99,2019-10-03 18:37:00,"748 13th St, New York City, NY 10001",October
259446,20in Monitor,1,109.99,2019-10-16 15:01:00,"796 Washington St, Los Angeles, CA 90001",October
275064,20in Monitor,1,109.99,2019-10-29 17:55:00,"301 Church St, Seattle, WA 98101",October
264080,20in Monitor,1,109.99,2019-10-07 15:38:00,"96 Forest St, Los Angeles, CA 90001",October
264313,20in Monitor,1,109.99,2019-10-18 20:01:00,"345 Highland St, New York City, NY 10001",October
265821,20in Monitor,1,109.99,2019-10-18 20:35:00,"905 River St, Boston, MA 02215",October
259732,20in Monitor,1,109.99,2019-10-01 13:03:00,"977 7th St, New York City, NY 10001",October
273996,20in Monitor,1,109.99,2019-10-23 09:48:00,"355 North St, New York City, NY 10001",October
275633,20in Monitor,1,109.99,2019-10-02 13:48:00,"500 7th St, San Francisco, CA 94016",October
260853,20in Monitor,1,109.99,2019-10-09 21:16:00,"408 North St, San Francisco, CA 94016",October
269838,20in Monitor,1,109.99,2019-10-05 20:05:00,"24 Dogwood St, New York City, NY 10001",October
274070,20in Monitor,1,109.99,2019-10-21 09:38:00,"509 9th St, Seattle, WA 98101",October
278262,20in Monitor,1,109.99,2019-10-04 00:02:00,"741 8th St, San Francisco, CA 94016",October
262387,20in Monitor,1,109.99,2019-10-21 21:47:00,"922 Willow St, Boston, MA 02215",October
275650,20in Monitor,1,109.99,2019-10-27 20:36:00,"664 Chestnut St, New York City, NY 10001",October
260175,20in Monitor,1,109.99,2019-10-24 19:01:00,"658 Church St, Dallas, TX 75001",October
262615,20in Monitor,1,109.99,2019-10-20 08:00:00,"378 Lake St, Seattle, WA 98101",October
267117,20in Monitor,1,109.99,2019-10-10 13:21:00,"555 North St, Los Angeles, CA 90001",October
265503,20in Monitor,1,109.99,2019-10-10 15:12:00,"990 Sunset St, Boston, MA 02215",October
272836,20in Monitor,1,109.99,2019-10-04 18:31:00,"899 Church St, San Francisco, CA 94016",October
266521,20in Monitor,1,109.99,2019-10-23 19:12:00,"416 West St, San Francisco, CA 94016",October
268727,20in Monitor,1,109.99,2019-10-15 22:52:00,"164 Dogwood St, Boston, MA 02215",October
270772,20in Monitor,1,109.99,2019-10-03 13:44:00,"653 Park St, Boston, MA 02215",October
268186,20in Monitor,1,109.99,2019-10-04 13:59:00,"686 Spruce St, San Francisco, CA 94016",October
269627,20in Monitor,1,109.99,2019-10-23 15:06:00,"32 Spruce St, New York City, NY 10001",October
277841,20in Monitor,1,109.99,2019-10-22 13:34:00,"580 8th St, San Francisco, CA 94016",October
261446,20in Monitor,1,109.99,2019-10-16 19:22:00,"378 Park St, New York City, NY 10001",October
266741,20in Monitor,1,109.99,2019-10-22 10:19:00,"365 Lincoln St, Dallas, TX 75001",October
269649,20in Monitor,1,109.99,2019-10-21 15:03:00,"383 Highland St, Portland, OR 97035",October
278731,20in Monitor,1,109.99,2019-10-12 23:58:00,"809 6th St, Seattle, WA 98101",October
264959,20in Monitor,1,109.99,2019-10-03 15:15:00,"770 Hickory St, Austin, TX 73301",October
268342,20in Monitor,1,109.99,2019-10-15 21:09:00,"929 5th St, Los Angeles, CA 90001",October
269164,20in Monitor,1,109.99,2019-10-01 04:24:00,"856 13th St, New York City, NY 10001",October
273350,20in Monitor,1,109.99,2019-10-20 06:52:00,"124 Chestnut St, New York City, NY 10001",October
274989,20in Monitor,1,109.99,2019-10-21 17:28:00,"712 14th St, Los Angeles, CA 90001",October
268879,20in Monitor,1,109.99,2019-10-23 16:01:00,"778 7th St, San Francisco, CA 94016",October
276195,20in Monitor,1,109.99,2019-10-18 23:05:00,"915 Park St, Los Angeles, CA 90001",October
279642,20in Monitor,1,109.99,2019-11-02 21:08:00,"848 Adams St, Austin, TX 73301",November
282906,20in Monitor,1,109.99,2019-11-06 09:19:00,"116 Jefferson St, Los Angeles, CA 90001",November
289951,20in Monitor,1,109.99,2019-11-03 20:47:00,"413 Cherry St, Los Angeles, CA 90001",November
280267,20in Monitor,1,109.99,2019-11-09 20:58:00,"933 Maple St, Los Angeles, CA 90001",November
282506,20in Monitor,1,109.99,2019-11-17 18:02:00,"557 Hill St, San Francisco, CA 94016",November
287524,20in Monitor,1,109.99,2019-11-29 21:05:00,"698 Walnut St, San Francisco, CA 94016",November
295039,20in Monitor,1,109.99,2019-11-30 14:07:00,"602 North St, New York City, NY 10001",November
293212,20in Monitor,1,109.99,2019-11-23 15:15:00,"141 Center St, New York City, NY 10001",November
280501,20in Monitor,1,109.99,2019-11-08 17:16:00,"485 Pine St, San Francisco, CA 94016",November
281854,20in Monitor,1,109.99,2019-11-17 21:00:00,"678 13th St, Dallas, TX 75001",November
280093,20in Monitor,1,109.99,2019-11-26 18:28:00,"786 Sunset St, Austin, TX 73301",November
280852,20in Monitor,1,109.99,2019-11-05 21:36:00,"756 Jackson St, Austin, TX 73301",November
281657,20in Monitor,1,109.99,2019-11-16 11:41:00,"791 Madison St, New York City, NY 10001",November
286568,20in Monitor,1,109.99,2019-11-12 22:17:00,"394 14th St, San Francisco, CA 94016",November
292326,20in Monitor,1,109.99,2019-11-25 20:48:00,"770 8th St, New York City, NY 10001",November
281014,20in Monitor,1,109.99,2019-11-28 21:16:00,"231 5th St, San Francisco, CA 94016",November
288165,20in Monitor,1,109.99,2019-11-09 12:49:00,"310 Jefferson St, San Francisco, CA 94016",November
292907,20in Monitor,1,109.99,2019-11-03 09:55:00,"30 Willow St, New York City, NY 10001",November
283686,20in Monitor,1,109.99,2019-11-09 15:02:00,"743 4th St, Los Angeles, CA 90001",November
285852,20in Monitor,1,109.99,2019-11-10 21:03:00,"534 Jackson St, San Francisco, CA 94016",November
280614,20in Monitor,1,109.99,2019-11-13 06:12:00,"604 Center St, Atlanta, GA 30301",November
292378,20in Monitor,1,109.99,2019-11-30 07:07:00,"330 1st St, Los Angeles, CA 90001",November
279272,20in Monitor,1,109.99,2019-11-21 21:15:00,"300 1st St, Los Angeles, CA 90001",November
291867,20in Monitor,1,109.99,2019-11-15 18:13:00,"241 7th St, New York City, NY 10001",November
280190,20in Monitor,1,109.99,2019-11-13 12:46:00,"796 10th St, San Francisco, CA 94016",November
280257,20in Monitor,1,109.99,2019-11-16 16:59:00,"63 Church St, Portland, ME 04101",November
294160,20in Monitor,1,109.99,2019-11-14 21:19:00,"226 Center St, New York City, NY 10001",November
289185,20in Monitor,1,109.99,2019-11-14 18:08:00,"937 Lakeview St, Boston, MA 02215",November
290361,20in Monitor,1,109.99,2019-11-01 13:54:00,"660 Hill St, Boston, MA 02215",November
292697,20in Monitor,2,109.99,2019-11-03 16:03:00,"364 13th St, New York City, NY 10001",November
293168,20in Monitor,1,109.99,2019-11-08 17:31:00,"581 Wilson St, New York City, NY 10001",November
291234,20in Monitor,1,109.99,2019-11-22 10:24:00,"586 7th St, Portland, ME 04101",November
281270,20in Monitor,1,109.99,2019-11-24 13:51:00,"173 Forest St, Austin, TX 73301",November
291028,20in Monitor,1,109.99,2019-11-04 12:16:00,"355 West St, Los Angeles, CA 90001",November
292809,20in Monitor,1,109.99,2019-11-02 22:27:00,"445 8th St, San Francisco, CA 94016",November
287306,20in Monitor,1,109.99,2019-11-23 11:31:00,"66 Cedar St, San Francisco, CA 94016",November
289060,20in Monitor,1,109.99,2019-11-04 10:18:00,"977 Jefferson St, New York City, NY 10001",November
279351,20in Monitor,1,109.99,2019-11-07 13:31:00,"700 Walnut St, San Francisco, CA 94016",November
287517,20in Monitor,1,109.99,2019-11-17 12:50:00,"256 7th St, San Francisco, CA 94016",November
294955,20in Monitor,1,109.99,2019-11-13 19:03:00,"926 Chestnut St, Seattle, WA 98101",November
283700,20in Monitor,1,109.99,2019-11-18 15:51:00,"648 Johnson St, Atlanta, GA 30301",November
284663,20in Monitor,1,109.99,2019-11-23 08:40:00,"9 Johnson St, Portland, OR 97035",November
287782,20in Monitor,1,109.99,2019-11-10 10:49:00,"273 Chestnut St, Seattle, WA 98101",November
279216,20in Monitor,1,109.99,2019-11-22 17:18:00,"975 13th St, San Francisco, CA 94016",November
288483,20in Monitor,1,109.99,2019-11-01 15:01:00,"913 9th St, Atlanta, GA 30301",November
283711,20in Monitor,1,109.99,2019-11-15 19:44:00,"716 Washington St, San Francisco, CA 94016",November
287628,20in Monitor,1,109.99,2019-11-10 10:38:00,"137 5th St, Austin, TX 73301",November
280811,20in Monitor,1,109.99,2019-11-03 21:51:00,"937 Meadow St, San Francisco, CA 94016",November
287872,20in Monitor,1,109.99,2019-11-07 23:27:00,"864 Willow St, Austin, TX 73301",November
283236,20in Monitor,1,109.99,2019-11-05 13:26:00,"740 4th St, Boston, MA 02215",November
285799,20in Monitor,1,109.99,2019-11-24 12:46:00,"471 Ridge St, Boston, MA 02215",November
283427,20in Monitor,1,109.99,2019-11-11 16:48:00,"286 North St, Austin, TX 73301",November
292514,20in Monitor,1,109.99,2019-11-17 16:07:00,"474 8th St, San Francisco, CA 94016",November
279485,20in Monitor,1,109.99,2019-11-29 15:56:00,"865 Forest St, Portland, OR 97035",November
282219,20in Monitor,1,109.99,2019-11-19 20:19:00,"73 1st St, Dallas, TX 75001",November
288792,20in Monitor,1,109.99,2019-11-27 22:49:00,"349 6th St, Portland, OR 97035",November
280295,20in Monitor,1,109.99,2019-11-25 18:57:00,"768 Madison St, San Francisco, CA 94016",November
281315,20in Monitor,1,109.99,2019-11-03 19:38:00,"788 13th St, San Francisco, CA 94016",November
285164,20in Monitor,1,109.99,2019-11-19 17:51:00,"164 13th St, San Francisco, CA 94016",November
280800,20in Monitor,1,109.99,2019-11-30 15:27:00,"388 Chestnut St, Atlanta, GA 30301",November
285794,20in Monitor,1,109.99,2019-11-11 10:24:00,"552 Main St, Los Angeles, CA 90001",November
291361,20in Monitor,1,109.99,2019-11-12 14:06:00,"828 Chestnut St, Portland, OR 97035",November
292670,20in Monitor,1,109.99,2019-11-03 20:04:00,"202 Main St, Atlanta, GA 30301",November
303330,20in Monitor,1,109.99,2019-12-15 20:58:00,"425 1st St, Dallas, TX 75001",December
315789,20in Monitor,1,109.99,2019-12-07 08:08:00,"125 Lakeview St, Boston, MA 02215",December
317921,20in Monitor,1,109.99,2019-12-21 05:03:00,"309 Center St, New York City, NY 10001",December
299072,20in Monitor,1,109.99,2019-12-17 19:05:00,"492 Chestnut St, Dallas, TX 75001",December
301091,20in Monitor,1,109.99,2019-12-22 22:12:00,"246 Maple St, Atlanta, GA 30301",December
309170,20in Monitor,1,109.99,2019-12-09 21:28:00,"60 Hill St, New York City, NY 10001",December
316157,20in Monitor,1,109.99,2019-12-30 16:11:00,"886 9th St, Los Angeles, CA 90001",December
318221,20in Monitor,1,109.99,2019-12-05 18:33:00,"981 Elm St, Los Angeles, CA 90001",December
301190,20in Monitor,1,109.99,2019-12-08 18:05:00,"182 West St, San Francisco, CA 94016",December
303553,20in Monitor,1,109.99,2019-12-21 17:28:00,"975 Park St, New York City, NY 10001",December
313439,20in Monitor,1,109.99,2019-12-01 13:42:00,"554 Sunset St, Los Angeles, CA 90001",December
308997,20in Monitor,1,109.99,2019-12-26 12:18:00,"473 Sunset St, Atlanta, GA 30301",December
314027,20in Monitor,1,109.99,2019-12-31 02:51:00,"15 Chestnut St, Boston, MA 02215",December
319467,20in Monitor,1,109.99,2019-12-16 13:23:00,"904 Ridge St, New York City, NY 10001",December
306860,20in Monitor,1,109.99,2019-12-25 17:40:00,"481 Cherry St, Los Angeles, CA 90001",December
308712,20in Monitor,1,109.99,2019-12-21 13:47:00,"846 11th St, San Francisco, CA 94016",December
298148,20in Monitor,1,109.99,2019-12-13 08:27:00,"12 Maple St, San Francisco, CA 94016",December
299845,20in Monitor,1,109.99,2019-12-19 19:02:00,"256 11th St, Atlanta, GA 30301",December
301149,20in Monitor,1,109.99,2019-12-16 18:37:00,"495 Jefferson St, Boston, MA 02215",December
311360,20in Monitor,1,109.99,2019-12-01 12:00:00,"771 Jackson St, Boston, MA 02215",December
305128,20in Monitor,1,109.99,2019-12-26 22:09:00,"364 8th St, New York City, NY 10001",December
310712,20in Monitor,1,109.99,2019-12-17 20:39:00,"143 Johnson St, San Francisco, CA 94016",December
310716,20in Monitor,1,109.99,2019-12-18 10:57:00,"260 13th St, Los Angeles, CA 90001",December
312733,20in Monitor,1,109.99,2019-12-02 16:17:00,"330 13th St, Boston, MA 02215",December
306813,20in Monitor,1,109.99,2019-12-04 12:25:00,"557 Madison St, San Francisco, CA 94016",December
296623,20in Monitor,1,109.99,2019-12-29 00:04:00,"764 Elm St, Boston, MA 02215",December
301699,20in Monitor,1,109.99,2019-12-21 15:51:00,"792 6th St, San Francisco, CA 94016",December
307933,20in Monitor,1,109.99,2019-12-05 19:07:00,"802 Maple St, Los Angeles, CA 90001",December
312228,20in Monitor,1,109.99,2019-12-18 23:08:00,"514 9th St, Boston, MA 02215",December
299238,20in Monitor,1,109.99,2019-12-13 18:26:00,"89 Maple St, San Francisco, CA 94016",December
307014,20in Monitor,1,109.99,2019-12-28 09:25:00,"537 Center St, Dallas, TX 75001",December
310515,20in Monitor,1,109.99,2019-12-28 15:12:00,"93 Cedar St, Los Angeles, CA 90001",December
315892,20in Monitor,1,109.99,2019-12-23 17:15:00,"897 Pine St, New York City, NY 10001",December
319414,20in Monitor,1,109.99,2019-12-12 20:17:00,"285 Lake St, Los Angeles, CA 90001",December
303074,20in Monitor,1,109.99,2019-12-12 17:32:00,"105 Chestnut St, San Francisco, CA 94016",December
305549,20in Monitor,1,109.99,2019-12-18 18:05:00,"941 Lakeview St, San Francisco, CA 94016",December
307100,20in Monitor,1,109.99,2019-12-18 19:15:00,"216 9th St, Seattle, WA 98101",December
312160,20in Monitor,1,109.99,2019-12-12 11:32:00,"795 Washington St, San Francisco, CA 94016",December
296694,20in Monitor,1,109.99,2019-12-20 12:08:00,"307 5th St, San Francisco, CA 94016",December
314592,20in Monitor,1,109.99,2019-12-27 22:01:00,"636 12th St, Boston, MA 02215",December
314877,20in Monitor,1,109.99,2019-12-04 08:29:00,"983 Wilson St, San Francisco, CA 94016",December
315978,20in Monitor,1,109.99,2019-12-10 17:41:00,"198 2nd St, Atlanta, GA 30301",December
318016,20in Monitor,1,109.99,2019-12-16 16:24:00,"20 Wilson St, Dallas, TX 75001",December
319480,20in Monitor,1,109.99,2019-12-13 19:05:00,"965 7th St, Austin, TX 73301",December
295901,20in Monitor,1,109.99,2019-12-05 20:02:00,"67 12th St, San Francisco, CA 94016",December
306668,20in Monitor,1,109.99,2019-12-09 14:39:00,"858 Walnut St, New York City, NY 10001",December
311811,20in Monitor,1,109.99,2019-12-09 15:16:00,"684 Lincoln St, San Francisco, CA 94016",December
297196,20in Monitor,1,109.99,2019-12-12 20:16:00,"928 River St, Seattle, WA 98101",December
300871,20in Monitor,1,109.99,2019-12-02 10:22:00,"438 Johnson St, Los Angeles, CA 90001",December
301143,20in Monitor,1,109.99,2019-12-30 16:56:00,"74 Walnut St, Los Angeles, CA 90001",December
308886,20in Monitor,1,109.99,2019-12-05 12:36:00,"588 North St, Dallas, TX 75001",December
315082,20in Monitor,1,109.99,2019-12-05 13:21:00,"532 Elm St, San Francisco, CA 94016",December
316742,20in Monitor,1,109.99,2019-12-20 10:35:00,"79 6th St, Austin, TX 73301",December
319428,20in Monitor,1,109.99,2019-12-05 02:03:00,"373 Hill St, Los Angeles, CA 90001",December
312114,20in Monitor,1,109.99,2019-12-08 12:59:00,"592 Spruce St, Los Angeles, CA 90001",December
209645,20in Monitor,1,109.99,2019-05-28 11:39:00,"659 West St, San Francisco, CA 94016",May
232177,20in Monitor,1,109.99,2019-07-12 07:51:00,"964 6th St, San Francisco, CA 94016",July
233663,20in Monitor,1,109.99,2019-07-07 10:14:00,"169 Forest St, San Francisco, CA 94016",July
245756,20in Monitor,1,109.99,2019-08-03 15:14:00,"11 Washington St, Austin, TX 73301",August
246179,20in Monitor,1,109.99,2019-08-13 21:27:00,"381 Chestnut St, San Francisco, CA 94016",August
255525,20in Monitor,1,109.99,2019-09-08 15:02:00,"384 Lincoln St, Los Angeles, CA 90001",September
260568,20in Monitor,1,109.99,2019-10-03 20:02:00,"448 2nd St, Dallas, TX 75001",October
274472,20in Monitor,1,109.99,2019-10-03 10:54:00,"662 Spruce St, Portland, OR 97035",October
282239,20in Monitor,1,109.99,2019-11-12 13:54:00,"468 West St, Los Angeles, CA 90001",November
293166,20in Monitor,1,109.99,2019-11-08 15:24:00,"946 Cedar St, Seattle, WA 98101",November
286748,20in Monitor,1,109.99,2019-11-28 11:08:00,"445 Ridge St, New York City, NY 10001",November
307772,20in Monitor,1,109.99,2019-12-28 22:57:00,"229 Willow St, Boston, MA 02215",December
296319,20in Monitor,1,109.99,2019-12-31 09:58:00,"208 6th St, Dallas, TX 75001",December
299820,20in Monitor,1,109.99,2019-12-08 18:52:00,"903 Cedar St, Atlanta, GA 30301",December
299815,20in Monitor,1,109.99,2019-12-19 09:13:00,"29 Main St, Austin, TX 73301",December
309867,20in Monitor,1,109.99,2019-12-12 02:51:00,"811 Cherry St, San Francisco, CA 94016",December
298274,20in Monitor,1,109.99,2019-12-14 21:51:00,"16 Sunset St, Seattle, WA 98101",December
302877,20in Monitor,1,109.99,2019-12-21 22:56:00,"319 Park St, Boston, MA 02215",December
312253,20in Monitor,1,109.99,2019-12-16 15:45:00,"824 12th St, Austin, TX 73301",December
315507,20in Monitor,1,109.99,2019-12-05 15:10:00,"213 Lake St, Dallas, TX 75001",December
307829,20in Monitor,1,109.99,2019-12-06 11:02:00,"103 Dogwood St, New York City, NY 10001",December
311286,20in Monitor,1,109.99,2019-12-30 17:49:00,"106 Main St, San Francisco, CA 94016",December
319393,20in Monitor,1,109.99,2019-12-02 19:03:00,"832 Main St, Los Angeles, CA 90001",December
299276,20in Monitor,1,109.99,2019-12-08 18:35:00,"773 Adams St, Boston, MA 02215",December
300205,20in Monitor,1,109.99,2019-12-01 19:39:00,"944 Lakeview St, Los Angeles, CA 90001",December
308012,20in Monitor,1,109.99,2019-12-13 19:37:00,"166 Forest St, San Francisco, CA 94016",December
317847,20in Monitor,1,109.99,2019-12-07 17:08:00,"995 Lake St, Boston, MA 02215",December
299844,20in Monitor,1,109.99,2019-12-15 18:17:00,"77 Jackson St, San Francisco, CA 94016",December
308228,20in Monitor,1,109.99,2019-12-04 19:53:00,"71 Walnut St, San Francisco, CA 94016",December
303095,20in Monitor,1,109.99,2019-12-12 10:03:00,"902 Washington St, Los Angeles, CA 90001",December
305746,20in Monitor,1,109.99,2019-12-14 16:00:00,"19 Center St, San Francisco, CA 94016",December
305050,20in Monitor,1,109.99,2019-12-31 13:31:00,"20 Hill St, Los Angeles, CA 90001",December
309549,20in Monitor,1,109.99,2019-12-02 11:53:00,"568 14th St, San Francisco, CA 94016",December
310950,20in Monitor,1,109.99,2019-12-27 12:43:00,"308 Walnut St, San Francisco, CA 94016",December
297728,20in Monitor,1,109.99,2019-12-29 09:46:00,"211 Spruce St, Boston, MA 02215",December
315215,20in Monitor,1,109.99,2019-12-28 22:34:00,"891 Walnut St, San Francisco, CA 94016",December
313325,20in Monitor,1,109.99,2019-12-03 15:57:00,"576 South St, Portland, OR 97035",December
314145,20in Monitor,1,109.99,2019-12-23 19:12:00,"857 Lincoln St, San Francisco, CA 94016",December
306356,20in Monitor,1,109.99,2019-12-09 08:48:00,"189 5th St, Boston, MA 02215",December
316235,20in Monitor,1,109.99,2019-12-27 17:52:00,"339 Jackson St, San Francisco, CA 94016",December
316671,20in Monitor,1,109.99,2019-12-12 09:58:00,"872 Spruce St, Los Angeles, CA 90001",December
311492,20in Monitor,1,109.99,2019-12-02 15:52:00,"363 Madison St, Dallas, TX 75001",December
314666,20in Monitor,1,109.99,2019-12-14 11:56:00,"816 Cedar St, Los Angeles, CA 90001",December
315438,20in Monitor,1,109.99,2019-12-02 13:56:00,"394 13th St, New York City, NY 10001",December
316795,20in Monitor,1,109.99,2019-12-23 13:36:00,"850 Maple St, Portland, OR 97035",December
146940,20in Monitor,1,109.99,2019-01-28 20:52:00,"867 2nd St, Dallas, TX 75001",January
146550,20in Monitor,1,109.99,2019-01-04 11:26:00,"390 Maple St, Boston, MA 02215",January
146147,20in Monitor,1,109.99,2019-01-09 13:40:00,"61 Chestnut St, Boston, MA 02215",January
150147,20in Monitor,1,109.99,2019-01-02 01:07:00,"541 Elm St, Los Angeles, CA 90001",January
144492,20in Monitor,1,109.99,2019-01-13 00:37:00,"11 Cherry St, Seattle, WA 98101",January
144857,20in Monitor,1,109.99,2019-01-01 14:29:00,"654 6th St, Atlanta, GA 30301",January
145794,20in Monitor,1,109.99,2019-01-25 20:19:00,"407 Jackson St, Dallas, TX 75001",January
148715,20in Monitor,1,109.99,2019-01-07 00:04:00,"866 River St, San Francisco, CA 94016",January
149976,20in Monitor,1,109.99,2019-01-27 12:50:00,"81 Elm St, Seattle, WA 98101",January
141767,20in Monitor,1,109.99,2019-01-23 22:30:00,"752 Walnut St, Austin, TX 73301",January
143448,20in Monitor,1,109.99,2019-01-09 13:32:00,"802 Main St, San Francisco, CA 94016",January
142584,20in Monitor,1,109.99,2019-01-02 23:16:00,"775 River St, Boston, MA 02215",January
142655,20in Monitor,1,109.99,2019-01-16 20:09:00,"492 2nd St, New York City, NY 10001",January
143169,20in Monitor,1,109.99,2019-01-28 16:41:00,"980 13th St, Los Angeles, CA 90001",January
147538,20in Monitor,1,109.99,2019-01-11 16:22:00,"700 Washington St, New York City, NY 10001",January
146001,20in Monitor,1,109.99,2019-01-22 08:09:00,"664 2nd St, San Francisco, CA 94016",January
144265,20in Monitor,1,109.99,2019-01-23 09:55:00,"980 2nd St, Seattle, WA 98101",January
141289,20in Monitor,1,109.99,2019-01-28 11:17:00,"534 Elm St, Atlanta, GA 30301",January
142692,20in Monitor,1,109.99,2019-01-11 01:49:00,"441 2nd St, New York City, NY 10001",January
145949,20in Monitor,1,109.99,2019-01-25 15:05:00,"300 North St, San Francisco, CA 94016",January
149944,20in Monitor,1,109.99,2019-01-07 21:34:00,"653 Church St, New York City, NY 10001",January
143459,20in Monitor,1,109.99,2019-01-06 21:48:00,"209 Lakeview St, Dallas, TX 75001",January
147585,20in Monitor,1,109.99,2019-01-25 18:38:00,"845 14th St, Dallas, TX 75001",January
145556,20in Monitor,1,109.99,2019-01-18 18:59:00,"36 Cherry St, Los Angeles, CA 90001",January
149129,20in Monitor,1,109.99,2019-01-21 18:18:00,"219 Jackson St, New York City, NY 10001",January
146083,20in Monitor,1,109.99,2019-01-20 14:20:00,"43 Lakeview St, San Francisco, CA 94016",January
146057,20in Monitor,1,109.99,2019-01-26 16:54:00,"896 Johnson St, Seattle, WA 98101",January
147216,20in Monitor,1,109.99,2019-01-09 21:24:00,"991 2nd St, Atlanta, GA 30301",January
145494,20in Monitor,1,109.99,2019-01-23 14:03:00,"882 Lakeview St, San Francisco, CA 94016",January
150522,20in Monitor,1,109.99,2019-02-12 00:00:00,"633 Cherry St, Boston, MA 02215",February
157909,20in Monitor,1,109.99,2019-02-12 12:40:00,"684 Dogwood St, San Francisco, CA 94016",February
159125,20in Monitor,1,109.99,2019-02-23 09:13:00,"161 Lake St, San Francisco, CA 94016",February
157077,20in Monitor,1,109.99,2019-02-11 07:33:00,"268 River St, Boston, MA 02215",February
158071,20in Monitor,1,109.99,2019-02-10 11:45:00,"729 Lake St, New York City, NY 10001",February
152564,20in Monitor,1,109.99,2019-02-13 22:43:00,"959 7th St, Austin, TX 73301",February
153013,20in Monitor,1,109.99,2019-02-25 20:48:00,"222 Meadow St, Dallas, TX 75001",February
158943,20in Monitor,1,109.99,2019-02-25 11:57:00,"6 Lakeview St, Portland, OR 97035",February
157426,20in Monitor,1,109.99,2019-02-27 12:19:00,"999 Willow St, Seattle, WA 98101",February
150525,20in Monitor,1,109.99,2019-02-25 09:38:00,"874 Jefferson St, San Francisco, CA 94016",February
158773,20in Monitor,1,109.99,2019-02-11 19:05:00,"578 Forest St, New York City, NY 10001",February
160276,20in Monitor,1,109.99,2019-02-27 15:02:00,"227 Jefferson St, Portland, OR 97035",February
152106,20in Monitor,1,109.99,2019-02-15 13:00:00,"483 Lake St, Los Angeles, CA 90001",February
155808,20in Monitor,1,109.99,2019-02-28 12:56:00,"920 Cedar St, Portland, OR 97035",February
158332,20in Monitor,1,109.99,2019-02-14 16:48:00,"852 Sunset St, Portland, OR 97035",February
157583,20in Monitor,1,109.99,2019-02-10 15:53:00,"153 Park St, Dallas, TX 75001",February
161355,20in Monitor,1,109.99,2019-02-13 15:24:00,"195 Cherry St, San Francisco, CA 94016",February
156064,20in Monitor,1,109.99,2019-02-18 21:14:00,"517 11th St, Los Angeles, CA 90001",February
159166,20in Monitor,1,109.99,2019-02-26 10:02:00,"189 Main St, Seattle, WA 98101",February
150631,20in Monitor,1,109.99,2019-02-26 14:12:00,"483 14th St, Atlanta, GA 30301",February
152615,20in Monitor,1,109.99,2019-02-02 15:26:00,"184 Center St, Dallas, TX 75001",February
160391,20in Monitor,1,109.99,2019-02-01 09:32:00,"606 Pine St, San Francisco, CA 94016",February
160959,20in Monitor,1,109.99,2019-02-14 19:43:00,"121 Church St, Seattle, WA 98101",February
159322,20in Monitor,1,109.99,2019-02-15 10:28:00,"899 Jackson St, Seattle, WA 98101",February
158154,20in Monitor,1,109.99,2019-02-06 15:14:00,"428 12th St, Portland, OR 97035",February
154914,20in Monitor,1,109.99,2019-02-08 12:27:00,"902 Center St, Los Angeles, CA 90001",February
160856,20in Monitor,1,109.99,2019-02-03 16:25:00,"767 12th St, San Francisco, CA 94016",February
158533,20in Monitor,1,109.99,2019-02-16 19:54:00,"29 Adams St, San Francisco, CA 94016",February
151548,20in Monitor,1,109.99,2019-02-12 13:57:00,"990 Willow St, Seattle, WA 98101",February
151751,20in Monitor,1,109.99,2019-02-01 18:39:00,"467 Chestnut St, Portland, OR 97035",February
154619,20in Monitor,1,109.99,2019-02-21 19:00:00,"415 Cherry St, Los Angeles, CA 90001",February
159902,20in Monitor,1,109.99,2019-02-15 13:44:00,"196 Lakeview St, Portland, OR 97035",February
160939,20in Monitor,1,109.99,2019-02-08 09:59:00,"493 Meadow St, Los Angeles, CA 90001",February
158976,20in Monitor,1,109.99,2019-02-27 20:54:00,"267 4th St, San Francisco, CA 94016",February
161611,20in Monitor,1,109.99,2019-02-05 12:36:00,"11 Walnut St, Los Angeles, CA 90001",February
161679,20in Monitor,1,109.99,2019-02-15 12:47:00,"780 Chestnut St, New York City, NY 10001",February
159933,20in Monitor,1,109.99,2019-02-14 17:57:00,"975 Chestnut St, Seattle, WA 98101",February
152506,20in Monitor,1,109.99,2019-02-22 15:08:00,"247 9th St, Los Angeles, CA 90001",February
164033,20in Monitor,1,109.99,2019-03-19 10:32:00,"778 6th St, Austin, TX 73301",March
164606,20in Monitor,1,109.99,2019-03-01 13:05:00,"630 Spruce St, Boston, MA 02215",March
169622,20in Monitor,1,109.99,2019-03-22 09:57:00,"111 Elm St, Portland, OR 97035",March
170699,20in Monitor,1,109.99,2019-03-25 12:17:00,"855 Madison St, Los Angeles, CA 90001",March
175567,20in Monitor,1,109.99,2019-03-06 13:33:00,"553 2nd St, San Francisco, CA 94016",March
171873,20in Monitor,1,109.99,2019-03-02 20:52:00,"937 Forest St, Los Angeles, CA 90001",March
172056,20in Monitor,1,109.99,2019-03-10 23:31:00,"476 Chestnut St, New York City, NY 10001",March
165997,20in Monitor,1,109.99,2019-03-19 10:35:00,"604 Meadow St, Boston, MA 02215",March
165428,20in Monitor,1,109.99,2019-03-23 12:32:00,"535 Madison St, San Francisco, CA 94016",March
172758,20in Monitor,1,109.99,2019-03-22 17:06:00,"684 Pine St, Atlanta, GA 30301",March
175293,20in Monitor,1,109.99,2019-03-03 09:44:00,"510 Church St, Seattle, WA 98101",March
175770,20in Monitor,1,109.99,2019-03-04 22:57:00,"146 13th St, Portland, OR 97035",March
172483,20in Monitor,1,109.99,2019-03-03 22:31:00,"853 Center St, San Francisco, CA 94016",March
173896,20in Monitor,1,109.99,2019-03-07 17:41:00,"743 Hill St, Dallas, TX 75001",March
164578,20in Monitor,1,109.99,2019-03-10 23:45:00,"313 11th St, San Francisco, CA 94016",March
165851,20in Monitor,1,109.99,2019-03-16 16:39:00,"804 Hickory St, Los Angeles, CA 90001",March
168485,20in Monitor,1,109.99,2019-03-02 21:38:00,"742 Forest St, Atlanta, GA 30301",March
171872,20in Monitor,1,109.99,2019-03-31 13:57:00,"466 Pine St, San Francisco, CA 94016",March
176500,20in Monitor,1,109.99,2019-03-15 23:22:00,"866 9th St, Atlanta, GA 30301",March
169311,20in Monitor,1,109.99,2019-03-29 15:42:00,"115 Lincoln St, Los Angeles, CA 90001",March
172238,20in Monitor,1,109.99,2019-03-20 15:01:00,"653 11th St, Los Angeles, CA 90001",March
175990,20in Monitor,1,109.99,2019-03-10 14:25:00,"620 Willow St, San Francisco, CA 94016",March
164053,20in Monitor,1,109.99,2019-03-19 17:37:00,"491 Spruce St, Seattle, WA 98101",March
175503,20in Monitor,1,109.99,2019-03-02 15:14:00,"615 Church St, San Francisco, CA 94016",March
162256,20in Monitor,1,109.99,2019-03-15 11:55:00,"217 4th St, New York City, NY 10001",March
175462,20in Monitor,1,109.99,2019-03-19 17:08:00,"542 West St, San Francisco, CA 94016",March
167051,20in Monitor,1,109.99,2019-03-15 04:59:00,"373 13th St, New York City, NY 10001",March
176404,20in Monitor,1,109.99,2019-03-07 17:42:00,"741 Forest St, Los Angeles, CA 90001",March
164331,20in Monitor,1,109.99,2019-03-27 17:42:00,"496 7th St, San Francisco, CA 94016",March
174134,20in Monitor,1,109.99,2019-03-03 14:27:00,"859 Hill St, Los Angeles, CA 90001",March
175665,20in Monitor,1,109.99,2019-03-20 18:38:00,"895 9th St, New York City, NY 10001",March
166363,20in Monitor,1,109.99,2019-03-28 07:37:00,"280 Jackson St, New York City, NY 10001",March
166512,20in Monitor,1,109.99,2019-03-17 22:17:00,"560 Lakeview St, Boston, MA 02215",March
166898,20in Monitor,1,109.99,2019-03-03 15:26:00,"915 Main St, San Francisco, CA 94016",March
168968,20in Monitor,1,109.99,2019-03-26 19:49:00,"264 Cedar St, Boston, MA 02215",March
175132,20in Monitor,1,109.99,2019-03-24 00:15:00,"327 Willow St, Los Angeles, CA 90001",March
165053,20in Monitor,1,109.99,2019-03-11 13:23:00,"809 Hill St, Los Angeles, CA 90001",March
171516,20in Monitor,1,109.99,2019-03-05 21:10:00,"926 Maple St, Los Angeles, CA 90001",March
162293,20in Monitor,1,109.99,2019-03-04 17:57:00,"332 2nd St, Dallas, TX 75001",March
167464,20in Monitor,1,109.99,2019-03-19 18:59:00,"791 10th St, Dallas, TX 75001",March
168997,20in Monitor,1,109.99,2019-03-29 20:45:00,"856 2nd St, New York City, NY 10001",March
171434,20in Monitor,1,109.99,2019-03-17 14:23:00,"630 4th St, San Francisco, CA 94016",March
171494,20in Monitor,1,109.99,2019-03-10 23:24:00,"263 5th St, Atlanta, GA 30301",March
163974,20in Monitor,1,109.99,2019-03-25 03:39:00,"496 Wilson St, Los Angeles, CA 90001",March
173667,20in Monitor,1,109.99,2019-03-09 20:43:00,"25 Meadow St, Los Angeles, CA 90001",March
176524,20in Monitor,1,109.99,2019-03-26 19:22:00,"710 River St, Seattle, WA 98101",March
165788,20in Monitor,1,109.99,2019-03-21 16:37:00,"878 Spruce St, San Francisco, CA 94016",March
166504,20in Monitor,1,109.99,2019-03-07 19:59:00,"81 8th St, Seattle, WA 98101",March
169497,20in Monitor,1,109.99,2019-03-23 06:54:00,"485 Lakeview St, Los Angeles, CA 90001",March
173102,20in Monitor,1,109.99,2019-03-25 14:27:00,"249 Lincoln St, New York City, NY 10001",March
173579,20in Monitor,1,109.99,2019-03-22 00:58:00,"920 Elm St, San Francisco, CA 94016",March
183366,20in Monitor,1,109.99,2019-04-30 16:09:00,"321 Hill St, Atlanta, GA 30301",April
187509,20in Monitor,1,109.99,2019-04-27 17:39:00,"447 10th St, Seattle, WA 98101",April
178273,20in Monitor,1,109.99,2019-04-11 08:55:00,"308 14th St, Austin, TX 73301",April
183545,20in Monitor,1,109.99,2019-04-10 02:08:00,"455 13th St, Atlanta, GA 30301",April
178075,20in Monitor,1,109.99,2019-04-17 02:20:00,"952 Center St, New York City, NY 10001",April
176786,20in Monitor,1,109.99,2019-04-06 16:40:00,"701 North St, San Francisco, CA 94016",April
182252,20in Monitor,1,109.99,2019-04-07 11:46:00,"557 6th St, Dallas, TX 75001",April
184994,20in Monitor,1,109.99,2019-04-23 14:07:00,"444 Maple St, Atlanta, GA 30301",April
191585,20in Monitor,1,109.99,2019-04-01 05:58:00,"686 Main St, New York City, NY 10001",April
178577,20in Monitor,1,109.99,2019-04-06 12:37:00,"485 Highland St, Dallas, TX 75001",April
179928,20in Monitor,1,109.99,2019-04-07 12:27:00,"873 Willow St, Boston, MA 02215",April
184897,20in Monitor,1,109.99,2019-04-18 11:16:00,"105 Lakeview St, San Francisco, CA 94016",April
183418,20in Monitor,1,109.99,2019-04-02 10:58:00,"324 Cedar St, San Francisco, CA 94016",April
191274,20in Monitor,1,109.99,2019-04-13 20:18:00,"20 Lincoln St, Atlanta, GA 30301",April
193707,20in Monitor,1,109.99,2019-04-14 15:06:00,"61 8th St, San Francisco, CA 94016",April
179593,20in Monitor,1,109.99,2019-04-29 07:23:00,"129 Forest St, Los Angeles, CA 90001",April
180007,20in Monitor,1,109.99,2019-04-12 11:03:00,"536 11th St, Los Angeles, CA 90001",April
182377,20in Monitor,1,109.99,2019-04-02 21:15:00,"545 Jefferson St, New York City, NY 10001",April
186385,20in Monitor,1,109.99,2019-04-09 12:36:00,"660 11th St, Boston, MA 02215",April
187792,20in Monitor,1,109.99,2019-04-13 14:15:00,"327 Maple St, Los Angeles, CA 90001",April
191248,20in Monitor,1,109.99,2019-04-21 13:49:00,"796 1st St, Portland, OR 97035",April
182122,20in Monitor,1,109.99,2019-04-26 07:59:00,"413 Maple St, New York City, NY 10001",April
185395,20in Monitor,1,109.99,2019-04-23 20:13:00,"51 North St, Dallas, TX 75001",April
191840,20in Monitor,1,109.99,2019-04-17 19:01:00,"310 6th St, Seattle, WA 98101",April
193093,20in Monitor,1,109.99,2019-04-11 12:39:00,"698 Lakeview St, New York City, NY 10001",April
180983,20in Monitor,1,109.99,2019-04-24 09:09:00,"758 Park St, New York City, NY 10001",April
186611,20in Monitor,1,109.99,2019-04-12 10:42:00,"331 Chestnut St, Seattle, WA 98101",April
186422,20in Monitor,2,109.99,2019-04-05 15:22:00,"467 Elm St, New York City, NY 10001",April
190665,20in Monitor,1,109.99,2019-04-15 10:20:00,"470 7th St, New York City, NY 10001",April
181307,20in Monitor,1,109.99,2019-04-09 21:52:00,"453 Willow St, Los Angeles, CA 90001",April
178559,20in Monitor,1,109.99,2019-04-13 22:41:00,"24 Willow St, San Francisco, CA 94016",April
182035,20in Monitor,1,109.99,2019-04-30 17:25:00,"130 Lake St, Seattle, WA 98101",April
182346,20in Monitor,1,109.99,2019-04-12 10:54:00,"389 Lincoln St, San Francisco, CA 94016",April
189808,20in Monitor,1,109.99,2019-04-11 21:41:00,"232 Elm St, New York City, NY 10001",April
190103,20in Monitor,1,109.99,2019-04-04 21:20:00,"741 Church St, Dallas, TX 75001",April
190335,20in Monitor,1,109.99,2019-04-06 00:34:00,"625 Elm St, Los Angeles, CA 90001",April
185397,20in Monitor,1,109.99,2019-04-07 12:38:00,"421 Center St, Portland, OR 97035",April
179921,20in Monitor,1,109.99,2019-04-13 17:49:00,"970 Park St, Dallas, TX 75001",April
182796,20in Monitor,1,109.99,2019-04-03 21:22:00,"189 Sunset St, Los Angeles, CA 90001",April
186109,20in Monitor,1,109.99,2019-04-13 19:26:00,"733 Forest St, Los Angeles, CA 90001",April
190089,20in Monitor,1,109.99,2019-04-07 15:19:00,"149 7th St, Atlanta, GA 30301",April
177988,20in Monitor,1,109.99,2019-04-28 18:32:00,"728 12th St, Dallas, TX 75001",April
180218,20in Monitor,1,109.99,2019-04-13 11:30:00,"605 River St, Portland, ME 04101",April
180698,20in Monitor,1,109.99,2019-04-15 11:02:00,"939 Pine St, San Francisco, CA 94016",April
183367,20in Monitor,1,109.99,2019-04-20 06:04:00,"727 Dogwood St, Portland, OR 97035",April
184304,20in Monitor,1,109.99,2019-04-09 12:15:00,"156 12th St, New York City, NY 10001",April
184580,20in Monitor,1,109.99,2019-04-24 17:48:00,"221 Ridge St, San Francisco, CA 94016",April
189531,20in Monitor,1,109.99,2019-04-28 13:00:00,"597 6th St, New York City, NY 10001",April
193602,20in Monitor,1,109.99,2019-04-10 18:43:00,"436 Park St, Dallas, TX 75001",April
185875,20in Monitor,1,109.99,2019-04-08 19:17:00,"740 River St, Atlanta, GA 30301",April
190384,20in Monitor,1,109.99,2019-04-06 22:56:00,"864 Lincoln St, Austin, TX 73301",April
192668,20in Monitor,1,109.99,2019-04-10 11:48:00,"72 Center St, Atlanta, GA 30301",April
178076,20in Monitor,1,109.99,2019-04-19 14:22:00,"405 Cherry St, Boston, MA 02215",April
193210,20in Monitor,1,109.99,2019-04-14 22:20:00,"394 Sunset St, New York City, NY 10001",April
183979,20in Monitor,1,109.99,2019-04-11 17:45:00,"849 Jefferson St, Los Angeles, CA 90001",April
190036,20in Monitor,1,109.99,2019-04-04 07:00:00,"609 13th St, Los Angeles, CA 90001",April
191564,20in Monitor,1,109.99,2019-04-04 20:21:00,"33 Ridge St, San Francisco, CA 94016",April
192536,20in Monitor,1,109.99,2019-04-17 22:29:00,"588 Church St, San Francisco, CA 94016",April
193154,20in Monitor,1,109.99,2019-04-04 22:45:00,"647 1st St, Los Angeles, CA 90001",April
192906,20in Monitor,1,109.99,2019-04-30 07:50:00,"881 Adams St, San Francisco, CA 94016",April
181648,20in Monitor,1,109.99,2019-04-29 20:01:00,"583 9th St, San Francisco, CA 94016",April
189020,20in Monitor,1,109.99,2019-04-27 09:35:00,"485 8th St, Los Angeles, CA 90001",April
191506,20in Monitor,1,109.99,2019-04-04 18:58:00,"616 North St, Los Angeles, CA 90001",April
181070,20in Monitor,1,109.99,2019-04-17 22:08:00,"689 9th St, Atlanta, GA 30301",April
192656,20in Monitor,1,109.99,2019-04-22 07:09:00,"603 1st St, Los Angeles, CA 90001",April
185460,20in Monitor,1,109.99,2019-04-26 12:12:00,"91 Church St, New York City, NY 10001",April
186503,20in Monitor,1,109.99,2019-04-23 22:58:00,"953 Center St, San Francisco, CA 94016",April
193150,20in Monitor,1,109.99,2019-04-21 12:37:00,"89 Main St, San Francisco, CA 94016",April
187643,20in Monitor,1,109.99,2019-04-10 15:07:00,"912 1st St, San Francisco, CA 94016",April
194022,20in Monitor,1,109.99,2019-04-13 12:38:00,"938 Center St, San Francisco, CA 94016",April
183572,20in Monitor,1,109.99,2019-04-01 19:59:00,"702 6th St, Atlanta, GA 30301",April
188103,20in Monitor,1,109.99,2019-04-05 11:28:00,"522 Elm St, Dallas, TX 75001",April
193431,20in Monitor,1,109.99,2019-04-23 18:47:00,"528 Forest St, New York City, NY 10001",April
179434,20in Monitor,1,109.99,2019-04-24 14:26:00,"263 Washington St, New York City, NY 10001",April
181830,20in Monitor,1,109.99,2019-04-04 04:36:00,"619 11th St, Los Angeles, CA 90001",April
206063,20in Monitor,1,109.99,2019-05-06 22:22:00,"44 Forest St, Dallas, TX 75001",May
195795,20in Monitor,1,109.99,2019-05-11 10:05:00,"583 Meadow St, Dallas, TX 75001",May
205787,20in Monitor,1,109.99,2019-05-21 13:15:00,"289 Lake St, Atlanta, GA 30301",May
200284,20in Monitor,1,109.99,2019-05-16 13:00:00,"202 Hill St, Austin, TX 73301",May
195286,20in Monitor,1,109.99,2019-05-28 20:00:00,"775 5th St, Atlanta, GA 30301",May
201032,20in Monitor,1,109.99,2019-05-08 00:36:00,"196 2nd St, Dallas, TX 75001",May
203438,20in Monitor,1,109.99,2019-05-08 19:52:00,"718 Hill St, San Francisco, CA 94016",May
196655,20in Monitor,1,109.99,2019-05-08 12:16:00,"140 Wilson St, Dallas, TX 75001",May
198221,20in Monitor,1,109.99,2019-05-25 18:51:00,"906 Lake St, Seattle, WA 98101",May
208283,20in Monitor,1,109.99,2019-05-21 08:46:00,"785 Willow St, San Francisco, CA 94016",May
199070,20in Monitor,1,109.99,2019-05-04 19:19:00,"198 Lincoln St, Los Angeles, CA 90001",May
195320,20in Monitor,1,109.99,2019-05-03 16:48:00,"172 2nd St, San Francisco, CA 94016",May
197905,20in Monitor,1,109.99,2019-05-10 17:10:00,"964 12th St, Atlanta, GA 30301",May
199494,20in Monitor,1,109.99,2019-05-07 19:29:00,"371 Maple St, Los Angeles, CA 90001",May
195551,20in Monitor,1,109.99,2019-05-24 15:03:00,"693 Meadow St, Los Angeles, CA 90001",May
202999,20in Monitor,1,109.99,2019-05-03 20:41:00,"27 Jefferson St, San Francisco, CA 94016",May
199939,20in Monitor,1,109.99,2019-05-15 10:36:00,"131 Forest St, Boston, MA 02215",May
200037,20in Monitor,1,109.99,2019-05-01 21:47:00,"524 Church St, San Francisco, CA 94016",May
202620,20in Monitor,1,109.99,2019-05-03 00:08:00,"54 Willow St, Los Angeles, CA 90001",May
204237,20in Monitor,1,109.99,2019-05-20 09:49:00,"513 Willow St, Seattle, WA 98101",May
195605,20in Monitor,1,109.99,2019-05-01 11:11:00,"737 Maple St, Los Angeles, CA 90001",May
197861,20in Monitor,1,109.99,2019-05-03 19:53:00,"565 Spruce St, San Francisco, CA 94016",May
204938,20in Monitor,1,109.99,2019-05-08 13:11:00,"739 Madison St, Los Angeles, CA 90001",May
207537,20in Monitor,1,109.99,2019-05-16 01:13:00,"1 Walnut St, New York City, NY 10001",May
208524,20in Monitor,1,109.99,2019-05-08 09:29:00,"87 Adams St, San Francisco, CA 94016",May
204423,20in Monitor,1,109.99,2019-05-04 17:25:00,"985 5th St, New York City, NY 10001",May
204703,20in Monitor,1,109.99,2019-05-14 08:20:00,"792 Forest St, Portland, OR 97035",May
206031,20in Monitor,1,109.99,2019-05-14 01:20:00,"680 Walnut St, Seattle, WA 98101",May
209584,20in Monitor,1,109.99,2019-05-06 18:17:00,"873 2nd St, Dallas, TX 75001",May
203784,20in Monitor,1,109.99,2019-05-20 19:55:00,"213 Spruce St, San Francisco, CA 94016",May
207249,20in Monitor,1,109.99,2019-05-14 11:40:00,"326 Hill St, Boston, MA 02215",May
205547,20in Monitor,1,109.99,2019-05-07 12:07:00,"760 Washington St, Atlanta, GA 30301",May
208473,20in Monitor,1,109.99,2019-05-10 18:53:00,"663 Hickory St, Portland, OR 97035",May
194544,20in Monitor,1,109.99,2019-05-12 11:14:00,"876 Highland St, San Francisco, CA 94016",May
208642,20in Monitor,1,109.99,2019-05-03 11:55:00,"7 Lake St, Atlanta, GA 30301",May
195436,20in Monitor,1,109.99,2019-05-14 18:18:00,"240 6th St, Boston, MA 02215",May
205423,20in Monitor,1,109.99,2019-05-20 13:51:00,"133 West St, Seattle, WA 98101",May
207191,20in Monitor,1,109.99,2019-05-10 08:08:00,"979 Wilson St, San Francisco, CA 94016",May
195667,20in Monitor,1,109.99,2019-05-20 18:27:00,"169 Lake St, Seattle, WA 98101",May
201700,20in Monitor,1,109.99,2019-05-01 17:51:00,"938 South St, San Francisco, CA 94016",May
194175,20in Monitor,1,109.99,2019-05-26 17:08:00,"651 Cedar St, Austin, TX 73301",May
195028,20in Monitor,1,109.99,2019-05-07 20:19:00,"747 Johnson St, San Francisco, CA 94016",May
203359,20in Monitor,1,109.99,2019-05-13 19:41:00,"526 Ridge St, Atlanta, GA 30301",May
206496,20in Monitor,1,109.99,2019-05-10 12:32:00,"889 Wilson St, San Francisco, CA 94016",May
198020,20in Monitor,1,109.99,2019-05-13 20:10:00,"471 Jefferson St, San Francisco, CA 94016",May
207148,20in Monitor,1,109.99,2019-05-02 11:30:00,"600 Adams St, Dallas, TX 75001",May
194375,20in Monitor,1,109.99,2019-05-25 16:05:00,"602 Washington St, New York City, NY 10001",May
195221,20in Monitor,1,109.99,2019-05-12 13:35:00,"411 Church St, New York City, NY 10001",May
202532,20in Monitor,1,109.99,2019-05-28 19:59:00,"547 Pine St, Seattle, WA 98101",May
194348,20in Monitor,1,109.99,2019-05-18 20:03:00,"153 10th St, New York City, NY 10001",May
194500,20in Monitor,1,109.99,2019-05-03 13:02:00,"414 Dogwood St, Portland, OR 97035",May
205226,20in Monitor,1,109.99,2019-05-18 14:22:00,"459 10th St, Los Angeles, CA 90001",May
199844,20in Monitor,1,109.99,2019-05-09 12:32:00,"124 1st St, New York City, NY 10001",May
201047,20in Monitor,1,109.99,2019-05-13 13:39:00,"86 2nd St, San Francisco, CA 94016",May
202609,20in Monitor,1,109.99,2019-05-05 12:23:00,"214 Madison St, San Francisco, CA 94016",May
199129,20in Monitor,1,109.99,2019-05-13 14:58:00,"958 Cedar St, Los Angeles, CA 90001",May
208135,20in Monitor,1,109.99,2019-05-29 19:47:00,"778 Main St, New York City, NY 10001",May
209687,20in Monitor,1,109.99,2019-05-12 16:30:00,"725 11th St, Portland, ME 04101",May
196196,20in Monitor,1,109.99,2019-05-28 22:49:00,"614 Lake St, San Francisco, CA 94016",May
199905,20in Monitor,1,109.99,2019-05-09 07:12:00,"606 4th St, New York City, NY 10001",May
200477,20in Monitor,1,109.99,2019-05-07 22:35:00,"58 11th St, New York City, NY 10001",May
205230,20in Monitor,1,109.99,2019-05-16 02:23:00,"384 11th St, Dallas, TX 75001",May
209123,20in Monitor,1,109.99,2019-05-07 09:47:00,"987 Washington St, Los Angeles, CA 90001",May
209206,20in Monitor,1,109.99,2019-05-19 19:33:00,"435 11th St, Boston, MA 02215",May
194286,20in Monitor,1,109.99,2019-05-20 10:17:00,"629 Washington St, Dallas, TX 75001",May
205297,20in Monitor,1,109.99,2019-05-20 10:15:00,"785 Church St, San Francisco, CA 94016",May
205916,20in Monitor,1,109.99,2019-05-16 12:52:00,"687 Cherry St, San Francisco, CA 94016",May
199583,20in Monitor,1,109.99,2019-05-17 10:39:00,"865 Highland St, Dallas, TX 75001",May
205823,20in Monitor,1,109.99,2019-05-24 21:30:00,"849 Meadow St, San Francisco, CA 94016",May
214077,20in Monitor,1,109.99,2019-06-04 21:12:00,"314 4th St, San Francisco, CA 94016",June
217483,20in Monitor,1,109.99,2019-06-17 10:35:00,"965 Church St, Austin, TX 73301",June
210126,20in Monitor,1,109.99,2019-06-21 18:51:00,"803 Pine St, Los Angeles, CA 90001",June
211205,20in Monitor,1,109.99,2019-06-14 14:32:00,"599 Jefferson St, Boston, MA 02215",June
221403,20in Monitor,1,109.99,2019-06-19 08:04:00,"498 Jackson St, San Francisco, CA 94016",June
211458,20in Monitor,1,109.99,2019-06-25 12:42:00,"396 13th St, Seattle, WA 98101",June
212330,20in Monitor,1,109.99,2019-06-28 13:55:00,"705 1st St, Atlanta, GA 30301",June
212726,20in Monitor,1,109.99,2019-06-12 08:26:00,"107 Wilson St, San Francisco, CA 94016",June
210221,20in Monitor,1,109.99,2019-06-11 11:27:00,"285 1st St, Boston, MA 02215",June
217897,20in Monitor,1,109.99,2019-06-03 14:13:00,"251 Meadow St, Austin, TX 73301",June
218479,20in Monitor,1,109.99,2019-06-25 06:30:00,"207 Park St, Los Angeles, CA 90001",June
213931,20in Monitor,1,109.99,2019-06-08 18:14:00,"244 Jefferson St, Portland, OR 97035",June
219059,20in Monitor,1,109.99,2019-06-03 16:45:00,"190 Hickory St, Austin, TX 73301",June
213034,20in Monitor,1,109.99,2019-06-27 00:31:00,"956 Dogwood St, New York City, NY 10001",June
215804,20in Monitor,1,109.99,2019-06-20 20:25:00,"634 Hickory St, San Francisco, CA 94016",June
221452,20in Monitor,1,109.99,2019-06-29 19:03:00,"193 Spruce St, Dallas, TX 75001",June
211292,20in Monitor,1,109.99,2019-06-21 11:36:00,"865 12th St, Dallas, TX 75001",June
211914,20in Monitor,1,109.99,2019-06-09 20:34:00,"597 Pine St, Dallas, TX 75001",June
212550,20in Monitor,1,109.99,2019-06-21 21:42:00,"606 Madison St, Boston, MA 02215",June
221511,20in Monitor,1,109.99,2019-06-13 23:01:00,"608 Chestnut St, Seattle, WA 98101",June
221627,20in Monitor,1,109.99,2019-06-16 21:22:00,"400 Lake St, New York City, NY 10001",June
211634,20in Monitor,1,109.99,2019-06-10 23:59:00,"714 Cedar St, New York City, NY 10001",June
213752,20in Monitor,1,109.99,2019-06-01 13:38:00,"121 Chestnut St, Atlanta, GA 30301",June
222810,20in Monitor,1,109.99,2019-06-15 10:23:00,"347 Adams St, San Francisco, CA 94016",June
214280,20in Monitor,1,109.99,2019-06-01 17:14:00,"221 11th St, New York City, NY 10001",June
215861,20in Monitor,1,109.99,2019-06-18 09:53:00,"944 Hill St, Dallas, TX 75001",June
210217,20in Monitor,1,109.99,2019-06-16 16:58:00,"735 Church St, Atlanta, GA 30301",June
222754,20in Monitor,1,109.99,2019-06-04 13:02:00,"228 2nd St, New York City, NY 10001",June
219109,20in Monitor,1,109.99,2019-06-06 15:35:00,"335 Jackson St, Atlanta, GA 30301",June
222611,20in Monitor,1,109.99,2019-06-03 16:40:00,"105 Highland St, New York City, NY 10001",June
214408,20in Monitor,1,109.99,2019-06-17 19:40:00,"89 14th St, San Francisco, CA 94016",June
215154,20in Monitor,1,109.99,2019-06-28 21:54:00,"8 Willow St, Dallas, TX 75001",June
214699,20in Monitor,1,109.99,2019-06-26 08:20:00,"963 North St, Dallas, TX 75001",June
216617,20in Monitor,1,109.99,2019-06-01 17:32:00,"840 14th St, New York City, NY 10001",June
213577,20in Monitor,1,109.99,2019-06-09 17:55:00,"931 Jefferson St, Seattle, WA 98101",June
222797,20in Monitor,1,109.99,2019-06-12 09:38:00,"609 Lakeview St, Boston, MA 02215",June
219652,20in Monitor,1,109.99,2019-06-21 17:42:00,"408 North St, Los Angeles, CA 90001",June
211618,20in Monitor,1,109.99,2019-06-13 18:57:00,"82 Cherry St, Atlanta, GA 30301",June
214058,20in Monitor,1,109.99,2019-06-18 12:33:00,"726 Washington St, Boston, MA 02215",June
218186,20in Monitor,1,109.99,2019-06-13 19:00:00,"223 Adams St, New York City, NY 10001",June
211227,20in Monitor,1,109.99,2019-06-01 13:18:00,"476 Ridge St, Portland, OR 97035",June
220400,20in Monitor,1,109.99,2019-06-25 18:57:00,"618 12th St, New York City, NY 10001",June
209986,20in Monitor,1,109.99,2019-06-23 16:49:00,"11 Wilson St, New York City, NY 10001",June
211464,20in Monitor,1,109.99,2019-06-09 02:05:00,"937 West St, Dallas, TX 75001",June
211366,20in Monitor,1,109.99,2019-06-02 14:35:00,"575 Lincoln St, Seattle, WA 98101",June
220367,20in Monitor,1,109.99,2019-06-15 22:22:00,"938 Hill St, Los Angeles, CA 90001",June
220864,20in Monitor,1,109.99,2019-06-25 21:50:00,"331 Center St, New York City, NY 10001",June
221094,20in Monitor,1,109.99,2019-06-11 14:27:00,"135 7th St, Austin, TX 73301",June
226797,20in Monitor,1,109.99,2019-07-10 23:33:00,"99 5th St, San Francisco, CA 94016",July
236564,20in Monitor,1,109.99,2019-07-04 18:25:00,"917 2nd St, Boston, MA 02215",July
222967,20in Monitor,1,109.99,2019-07-14 11:58:00,"161 13th St, San Francisco, CA 94016",July
223222,20in Monitor,1,109.99,2019-07-14 16:21:00,"534 Lincoln St, San Francisco, CA 94016",July
235661,20in Monitor,1,109.99,2019-07-29 08:28:00,"203 1st St, San Francisco, CA 94016",July
231790,20in Monitor,1,109.99,2019-07-27 12:55:00,"129 Meadow St, San Francisco, CA 94016",July
226973,20in Monitor,1,109.99,2019-07-08 20:32:00,"43 Jefferson St, Seattle, WA 98101",July
229255,20in Monitor,1,109.99,2019-07-22 11:46:00,"332 9th St, San Francisco, CA 94016",July
229798,20in Monitor,1,109.99,2019-07-26 00:23:00,"222 Chestnut St, Los Angeles, CA 90001",July
233068,20in Monitor,1,109.99,2019-07-23 14:16:00,"738 Ridge St, Seattle, WA 98101",July
236262,20in Monitor,1,109.99,2019-07-06 12:11:00,"486 Cherry St, San Francisco, CA 94016",July
225356,20in Monitor,1,109.99,2019-07-26 16:28:00,"246 Washington St, Dallas, TX 75001",July
232224,20in Monitor,1,109.99,2019-07-15 03:54:00,"902 Washington St, Los Angeles, CA 90001",July
236515,20in Monitor,1,109.99,2019-07-31 03:57:00,"105 Meadow St, Austin, TX 73301",July
223263,20in Monitor,1,109.99,2019-07-18 21:24:00,"591 Willow St, New York City, NY 10001",July
235762,20in Monitor,1,109.99,2019-07-02 20:27:00,"740 West St, Austin, TX 73301",July
224460,20in Monitor,1,109.99,2019-07-14 20:54:00,"57 Wilson St, San Francisco, CA 94016",July
230155,20in Monitor,1,109.99,2019-07-15 07:23:00,"32 9th St, Atlanta, GA 30301",July
235033,20in Monitor,1,109.99,2019-07-11 19:13:00,"90 Church St, Los Angeles, CA 90001",July
228929,20in Monitor,1,109.99,2019-07-14 12:41:00,"226 Cherry St, Seattle, WA 98101",July
234570,20in Monitor,1,109.99,2019-07-11 21:28:00,"655 Cedar St, Los Angeles, CA 90001",July
232605,20in Monitor,1,109.99,2019-07-12 07:58:00,"593 Jefferson St, New York City, NY 10001",July
227403,20in Monitor,1,109.99,2019-07-11 20:08:00,"732 Lake St, San Francisco, CA 94016",July
231101,20in Monitor,1,109.99,2019-07-19 08:33:00,"232 12th St, Atlanta, GA 30301",July
231604,20in Monitor,1,109.99,2019-07-04 08:18:00,"598 11th St, Los Angeles, CA 90001",July
232973,20in Monitor,1,109.99,2019-07-26 06:51:00,"7 Adams St, Los Angeles, CA 90001",July
234615,20in Monitor,1,109.99,2019-07-16 11:17:00,"745 Dogwood St, Dallas, TX 75001",July
234745,20in Monitor,1,109.99,2019-07-14 21:24:00,"631 12th St, San Francisco, CA 94016",July
225354,20in Monitor,1,109.99,2019-07-27 21:55:00,"286 Madison St, Atlanta, GA 30301",July
225193,20in Monitor,1,109.99,2019-07-07 10:42:00,"547 12th St, New York City, NY 10001",July
236045,20in Monitor,1,109.99,2019-07-03 07:43:00,"654 12th St, Seattle, WA 98101",July
233970,20in Monitor,1,109.99,2019-07-15 20:09:00,"78 Chestnut St, New York City, NY 10001",July
234778,20in Monitor,1,109.99,2019-07-23 17:48:00,"71 Adams St, Atlanta, GA 30301",July
229250,20in Monitor,1,109.99,2019-07-22 15:07:00,"458 Jackson St, Austin, TX 73301",July
225461,20in Monitor,1,109.99,2019-07-22 13:21:00,"777 7th St, Los Angeles, CA 90001",July
231311,20in Monitor,1,109.99,2019-07-04 21:36:00,"190 Madison St, Portland, OR 97035",July
232764,20in Monitor,1,109.99,2019-07-10 12:59:00,"762 5th St, New York City, NY 10001",July
234552,20in Monitor,1,109.99,2019-07-26 19:15:00,"862 River St, Austin, TX 73301",July
229860,20in Monitor,1,109.99,2019-07-15 10:36:00,"18 Cedar St, Dallas, TX 75001",July
233909,20in Monitor,1,109.99,2019-07-09 11:36:00,"311 13th St, San Francisco, CA 94016",July
234124,20in Monitor,1,109.99,2019-07-20 12:18:00,"586 14th St, San Francisco, CA 94016",July
235248,20in Monitor,1,109.99,2019-07-06 02:30:00,"311 9th St, San Francisco, CA 94016",July
228516,20in Monitor,1,109.99,2019-07-20 12:26:00,"505 Lake St, Portland, ME 04101",July
233097,20in Monitor,1,109.99,2019-07-02 11:57:00,"295 Main St, Seattle, WA 98101",July
225384,20in Monitor,1,109.99,2019-07-08 09:30:00,"382 River St, Dallas, TX 75001",July
227345,20in Monitor,1,109.99,2019-07-18 19:49:00,"594 Church St, San Francisco, CA 94016",July
234093,20in Monitor,1,109.99,2019-07-15 17:49:00,"924 Madison St, Austin, TX 73301",July
236313,20in Monitor,1,109.99,2019-07-12 10:14:00,"701 Dogwood St, San Francisco, CA 94016",July
223416,20in Monitor,1,109.99,2019-07-21 16:22:00,"75 Dogwood St, San Francisco, CA 94016",July
225819,20in Monitor,1,109.99,2019-07-11 21:08:00,"249 7th St, New York City, NY 10001",July
227685,20in Monitor,1,109.99,2019-07-26 21:28:00,"564 Forest St, New York City, NY 10001",July
234572,20in Monitor,1,109.99,2019-07-01 18:10:00,"365 Washington St, New York City, NY 10001",July
238808,20in Monitor,1,109.99,2019-08-13 16:55:00,"299 River St, Los Angeles, CA 90001",August
246359,20in Monitor,1,109.99,2019-08-26 21:24:00,"290 7th St, Los Angeles, CA 90001",August
246431,20in Monitor,1,109.99,2019-08-01 18:54:00,"905 Lincoln St, San Francisco, CA 94016",August
248113,20in Monitor,1,109.99,2019-08-14 06:02:00,"62 Washington St, Portland, OR 97035",August
243854,20in Monitor,1,109.99,2019-08-26 21:14:00,"867 Park St, Austin, TX 73301",August
238430,20in Monitor,1,109.99,2019-08-29 22:00:00,"100 River St, San Francisco, CA 94016",August
242610,20in Monitor,1,109.99,2019-08-14 17:40:00,"44 12th St, Seattle, WA 98101",August
244016,20in Monitor,1,109.99,2019-08-02 11:43:00,"534 Park St, New York City, NY 10001",August
236985,20in Monitor,1,109.99,2019-08-14 06:47:00,"770 12th St, Dallas, TX 75001",August
239502,20in Monitor,1,109.99,2019-08-09 14:50:00,"935 Willow St, Seattle, WA 98101",August
245845,20in Monitor,1,109.99,2019-08-04 13:03:00,"544 Washington St, New York City, NY 10001",August
241557,20in Monitor,1,109.99,2019-08-10 11:13:00,"403 9th St, New York City, NY 10001",August
247353,20in Monitor,1,109.99,2019-08-31 22:11:00,"728 Sunset St, Atlanta, GA 30301",August
246870,20in Monitor,1,109.99,2019-08-13 08:22:00,"723 Willow St, Seattle, WA 98101",August
246981,20in Monitor,1,109.99,2019-08-11 18:51:00,"585 Chestnut St, Dallas, TX 75001",August
240826,20in Monitor,1,109.99,2019-08-20 15:36:00,"747 Johnson St, Dallas, TX 75001",August
241070,20in Monitor,1,109.99,2019-08-12 08:14:00,"959 Johnson St, Boston, MA 02215",August
244380,20in Monitor,1,109.99,2019-08-01 13:26:00,"887 Lakeview St, New York City, NY 10001",August
247425,20in Monitor,1,109.99,2019-08-09 19:10:00,"644 Lincoln St, Los Angeles, CA 90001",August
239933,20in Monitor,1,109.99,2019-08-12 15:13:00,"204 8th St, San Francisco, CA 94016",August
245452,20in Monitor,1,109.99,2019-08-04 12:27:00,"333 4th St, San Francisco, CA 94016",August
248104,20in Monitor,1,109.99,2019-08-01 07:00:00,"528 9th St, Dallas, TX 75001",August
246815,20in Monitor,1,109.99,2019-08-06 22:39:00,"999 2nd St, Austin, TX 73301",August
242301,20in Monitor,1,109.99,2019-08-22 23:08:00,"796 Jefferson St, Austin, TX 73301",August
237009,20in Monitor,1,109.99,2019-08-07 15:43:00,"73 4th St, Los Angeles, CA 90001",August
239397,20in Monitor,1,109.99,2019-08-12 22:06:00,"162 Sunset St, New York City, NY 10001",August
243986,20in Monitor,1,109.99,2019-08-27 07:43:00,"250 Chestnut St, New York City, NY 10001",August
246817,20in Monitor,1,109.99,2019-08-17 23:17:00,"643 Park St, Seattle, WA 98101",August
238356,20in Monitor,1,109.99,2019-08-16 19:34:00,"139 Adams St, Seattle, WA 98101",August
241032,20in Monitor,1,109.99,2019-08-07 14:58:00,"828 Lincoln St, Boston, MA 02215",August
241251,20in Monitor,1,109.99,2019-08-12 16:54:00,"545 Center St, New York City, NY 10001",August
241663,20in Monitor,1,109.99,2019-08-26 19:14:00,"744 11th St, San Francisco, CA 94016",August
242017,20in Monitor,1,109.99,2019-08-23 18:27:00,"624 Hill St, Boston, MA 02215",August
245069,20in Monitor,1,109.99,2019-08-29 21:05:00,"293 Meadow St, New York City, NY 10001",August
246205,20in Monitor,1,109.99,2019-08-22 20:15:00,"258 Elm St, Los Angeles, CA 90001",August
247848,20in Monitor,1,109.99,2019-08-06 12:13:00,"738 Forest St, Atlanta, GA 30301",August
243261,20in Monitor,1,109.99,2019-08-14 15:57:00,"125 Pine St, New York City, NY 10001",August
247819,20in Monitor,1,109.99,2019-08-08 15:04:00,"956 Cherry St, New York City, NY 10001",August
246372,20in Monitor,1,109.99,2019-08-10 16:20:00,"716 Madison St, Los Angeles, CA 90001",August
245268,20in Monitor,1,109.99,2019-08-06 08:37:00,"16 13th St, Los Angeles, CA 90001",August
246710,20in Monitor,1,109.99,2019-08-21 23:19:00,"879 Lake St, New York City, NY 10001",August
238203,20in Monitor,1,109.99,2019-08-18 19:51:00,"476 Jackson St, Boston, MA 02215",August
240457,20in Monitor,1,109.99,2019-08-03 12:12:00,"500 11th St, Boston, MA 02215",August
246748,20in Monitor,1,109.99,2019-08-02 13:07:00,"701 Chestnut St, Austin, TX 73301",August
239463,20in Monitor,1,109.99,2019-08-04 14:30:00,"581 Maple St, Seattle, WA 98101",August
242195,20in Monitor,1,109.99,2019-08-22 17:05:00,"94 10th St, Dallas, TX 75001",August
243525,20in Monitor,1,109.99,2019-08-23 21:07:00,"556 13th St, Seattle, WA 98101",August
245788,20in Monitor,1,109.99,2019-08-03 11:44:00,"619 Elm St, Dallas, TX 75001",August
250803,20in Monitor,1,109.99,2019-09-14 13:20:00,"226 Washington St, San Francisco, CA 94016",September
256211,20in Monitor,1,109.99,2019-09-18 15:53:00,"45 12th St, Seattle, WA 98101",September
254691,20in Monitor,1,109.99,2019-09-23 11:27:00,"873 Wilson St, Boston, MA 02215",September
253801,20in Monitor,1,109.99,2019-09-28 09:53:00,"446 Lake St, Seattle, WA 98101",September
257104,20in Monitor,1,109.99,2019-09-26 17:38:00,"912 13th St, Los Angeles, CA 90001",September
258124,20in Monitor,1,109.99,2019-09-17 22:41:00,"842 12th St, New York City, NY 10001",September
251216,20in Monitor,1,109.99,2019-09-03 08:51:00,"814 Walnut St, New York City, NY 10001",September
252917,20in Monitor,1,109.99,2019-09-23 15:43:00,"711 Adams St, Seattle, WA 98101",September
248194,20in Monitor,1,109.99,2019-09-29 20:50:00,"519 Cherry St, Dallas, TX 75001",September
248884,20in Monitor,1,109.99,2019-09-11 15:01:00,"592 11th St, Austin, TX 73301",September
251739,20in Monitor,1,109.99,2019-09-13 14:19:00,"208 Elm St, Boston, MA 02215",September
256751,20in Monitor,1,109.99,2019-09-21 17:45:00,"708 Willow St, Boston, MA 02215",September
258852,20in Monitor,1,109.99,2019-09-11 11:44:00,"608 Johnson St, Seattle, WA 98101",September
253533,20in Monitor,1,109.99,2019-09-15 22:17:00,"627 Chestnut St, New York City, NY 10001",September
258789,20in Monitor,1,109.99,2019-09-07 14:56:00,"385 Dogwood St, San Francisco, CA 94016",September
253665,20in Monitor,1,109.99,2019-09-15 15:14:00,"510 Wilson St, San Francisco, CA 94016",September
254189,20in Monitor,1,109.99,2019-09-04 18:25:00,"776 Jefferson St, San Francisco, CA 94016",September
254386,20in Monitor,1,109.99,2019-09-13 10:03:00,"956 Sunset St, Seattle, WA 98101",September
249693,20in Monitor,1,109.99,2019-09-21 10:03:00,"828 8th St, San Francisco, CA 94016",September
253217,20in Monitor,1,109.99,2019-09-24 20:52:00,"812 Lake St, Los Angeles, CA 90001",September
257491,20in Monitor,1,109.99,2019-09-25 13:01:00,"167 Hickory St, Boston, MA 02215",September
255763,20in Monitor,1,109.99,2019-09-19 15:30:00,"502 13th St, Los Angeles, CA 90001",September
255524,20in Monitor,1,109.99,2019-09-20 06:59:00,"127 Church St, Portland, OR 97035",September
256005,20in Monitor,1,109.99,2019-09-18 12:16:00,"254 Johnson St, New York City, NY 10001",September
253281,20in Monitor,1,109.99,2019-09-20 00:32:00,"511 Jefferson St, Atlanta, GA 30301",September
249604,20in Monitor,1,109.99,2019-09-25 08:01:00,"233 Johnson St, San Francisco, CA 94016",September
253767,20in Monitor,1,109.99,2019-09-17 22:33:00,"861 Main St, Atlanta, GA 30301",September
251813,20in Monitor,1,109.99,2019-09-09 16:55:00,"203 9th St, Los Angeles, CA 90001",September
254794,20in Monitor,1,109.99,2019-09-02 18:53:00,"151 Johnson St, New York City, NY 10001",September
251655,20in Monitor,1,109.99,2019-09-25 08:37:00,"728 Maple St, San Francisco, CA 94016",September
251644,20in Monitor,1,109.99,2019-09-11 20:40:00,"12 5th St, San Francisco, CA 94016",September
252059,20in Monitor,1,109.99,2019-09-28 13:54:00,"96 7th St, San Francisco, CA 94016",September
255922,20in Monitor,1,109.99,2019-09-01 15:47:00,"212 5th St, San Francisco, CA 94016",September
258613,20in Monitor,1,109.99,2019-09-06 10:35:00,"732 Lakeview St, New York City, NY 10001",September
251245,20in Monitor,1,109.99,2019-09-03 19:12:00,"52 Adams St, Portland, OR 97035",September
255078,20in Monitor,1,109.99,2019-09-19 21:55:00,"831 River St, Atlanta, GA 30301",September
250925,20in Monitor,1,109.99,2019-09-25 10:31:00,"977 12th St, Boston, MA 02215",September
250238,20in Monitor,1,109.99,2019-09-20 15:44:00,"169 9th St, Dallas, TX 75001",September
251814,20in Monitor,1,109.99,2019-09-24 20:51:00,"2 11th St, Atlanta, GA 30301",September
252978,20in Monitor,1,109.99,2019-09-21 09:18:00,"996 9th St, Seattle, WA 98101",September
253608,20in Monitor,1,109.99,2019-09-21 16:40:00,"81 North St, Atlanta, GA 30301",September
248493,20in Monitor,1,109.99,2019-09-04 12:39:00,"513 9th St, Atlanta, GA 30301",September
254488,20in Monitor,1,109.99,2019-09-09 12:32:00,"735 9th St, Dallas, TX 75001",September
258854,20in Monitor,1,109.99,2019-09-11 13:05:00,"306 Church St, Austin, TX 73301",September
250049,20in Monitor,1,109.99,2019-09-11 09:22:00,"320 8th St, Dallas, TX 75001",September
258282,20in Monitor,1,109.99,2019-09-05 15:01:00,"787 Highland St, Portland, OR 97035",September
248376,20in Monitor,1,109.99,2019-09-22 15:14:00,"982 Adams St, San Francisco, CA 94016",September
254141,20in Monitor,1,109.99,2019-09-19 10:17:00,"274 Washington St, Boston, MA 02215",September
255569,20in Monitor,1,109.99,2019-09-23 16:18:00,"474 Maple St, Seattle, WA 98101",September
262195,20in Monitor,1,109.99,2019-10-05 20:39:00,"240 West St, San Francisco, CA 94016",October
266095,20in Monitor,1,109.99,2019-10-29 23:22:00,"267 Chestnut St, San Francisco, CA 94016",October
275540,20in Monitor,1,109.99,2019-10-27 17:27:00,"310 1st St, Los Angeles, CA 90001",October
277152,20in Monitor,1,109.99,2019-10-25 12:17:00,"249 Willow St, Dallas, TX 75001",October
266490,20in Monitor,1,109.99,2019-10-04 13:44:00,"480 4th St, Austin, TX 73301",October
278596,20in Monitor,1,109.99,2019-10-13 18:28:00,"408 8th St, Los Angeles, CA 90001",October
268404,20in Monitor,1,109.99,2019-10-21 05:18:00,"722 4th St, Austin, TX 73301",October
273502,20in Monitor,1,109.99,2019-10-29 20:15:00,"20 Johnson St, Los Angeles, CA 90001",October
274924,20in Monitor,1,109.99,2019-10-06 21:58:00,"123 Chestnut St, Dallas, TX 75001",October
262629,20in Monitor,1,109.99,2019-10-12 19:54:00,"319 Elm St, Austin, TX 73301",October
277895,20in Monitor,1,109.99,2019-10-07 15:17:00,"230 Forest St, New York City, NY 10001",October
262429,20in Monitor,1,109.99,2019-10-03 09:16:00,"461 14th St, San Francisco, CA 94016",October
262728,20in Monitor,1,109.99,2019-10-25 10:22:00,"118 6th St, San Francisco, CA 94016",October
271775,20in Monitor,1,109.99,2019-10-08 13:44:00,"656 5th St, Los Angeles, CA 90001",October
263014,20in Monitor,1,109.99,2019-10-15 17:34:00,"206 Adams St, Los Angeles, CA 90001",October
273070,20in Monitor,1,109.99,2019-10-01 12:02:00,"484 Pine St, Boston, MA 02215",October
274683,20in Monitor,1,109.99,2019-10-28 12:47:00,"327 North St, Seattle, WA 98101",October
261537,20in Monitor,1,109.99,2019-10-06 18:42:00,"902 Main St, Los Angeles, CA 90001",October
275419,20in Monitor,1,109.99,2019-10-30 12:09:00,"728 Lake St, San Francisco, CA 94016",October
266996,20in Monitor,1,109.99,2019-10-11 12:47:00,"440 6th St, San Francisco, CA 94016",October
269183,20in Monitor,1,109.99,2019-10-25 12:31:00,"598 Madison St, San Francisco, CA 94016",October
275992,20in Monitor,1,109.99,2019-10-27 17:37:00,"418 14th St, New York City, NY 10001",October
277496,20in Monitor,1,109.99,2019-10-27 14:27:00,"67 Pine St, Dallas, TX 75001",October
265761,20in Monitor,1,109.99,2019-10-06 01:10:00,"564 Chestnut St, Los Angeles, CA 90001",October
260092,20in Monitor,1,109.99,2019-10-20 18:23:00,"608 5th St, New York City, NY 10001",October
262802,20in Monitor,1,109.99,2019-10-26 04:50:00,"812 12th St, Seattle, WA 98101",October
268042,20in Monitor,1,109.99,2019-10-28 10:46:00,"408 Main St, Portland, OR 97035",October
261759,20in Monitor,1,109.99,2019-10-26 19:37:00,"248 12th St, Atlanta, GA 30301",October
262484,20in Monitor,1,109.99,2019-10-11 15:48:00,"992 Wilson St, San Francisco, CA 94016",October
265758,20in Monitor,1,109.99,2019-10-02 21:09:00,"147 14th St, Seattle, WA 98101",October
276047,20in Monitor,1,109.99,2019-10-13 16:11:00,"300 Hill St, Atlanta, GA 30301",October
276948,20in Monitor,1,109.99,2019-10-19 15:19:00,"597 9th St, San Francisco, CA 94016",October
266254,20in Monitor,1,109.99,2019-10-18 11:33:00,"687 6th St, Dallas, TX 75001",October
269279,20in Monitor,1,109.99,2019-10-24 00:09:00,"313 Johnson St, Boston, MA 02215",October
262184,20in Monitor,1,109.99,2019-10-27 09:14:00,"291 Pine St, San Francisco, CA 94016",October
269862,20in Monitor,1,109.99,2019-10-11 08:22:00,"371 Lake St, Portland, OR 97035",October
277011,20in Monitor,1,109.99,2019-10-04 17:32:00,"525 10th St, Austin, TX 73301",October
260639,20in Monitor,1,109.99,2019-10-18 07:33:00,"636 Elm St, Los Angeles, CA 90001",October
261283,20in Monitor,1,109.99,2019-10-29 14:44:00,"374 5th St, New York City, NY 10001",October
263617,20in Monitor,1,109.99,2019-10-27 12:01:00,"772 North St, Boston, MA 02215",October
264394,20in Monitor,1,109.99,2019-10-17 16:16:00,"837 Center St, Boston, MA 02215",October
269078,20in Monitor,1,109.99,2019-10-22 19:02:00,"143 1st St, New York City, NY 10001",October
270548,20in Monitor,1,109.99,2019-10-07 10:57:00,"339 Lakeview St, Dallas, TX 75001",October
274454,20in Monitor,1,109.99,2019-10-03 19:39:00,"945 6th St, Los Angeles, CA 90001",October
266533,20in Monitor,1,109.99,2019-10-08 09:28:00,"255 Elm St, San Francisco, CA 94016",October
263818,20in Monitor,1,109.99,2019-10-14 11:41:00,"680 Lincoln St, Seattle, WA 98101",October
266820,20in Monitor,1,109.99,2019-10-16 16:27:00,"89 Wilson St, Seattle, WA 98101",October
275210,20in Monitor,1,109.99,2019-10-23 12:13:00,"678 Walnut St, Dallas, TX 75001",October
266436,20in Monitor,1,109.99,2019-10-27 22:46:00,"415 Pine St, Atlanta, GA 30301",October
271070,20in Monitor,1,109.99,2019-10-11 23:00:00,"876 Lake St, Dallas, TX 75001",October
271587,20in Monitor,1,109.99,2019-10-02 06:14:00,"753 Park St, Los Angeles, CA 90001",October
264614,20in Monitor,1,109.99,2019-10-02 08:39:00,"482 Adams St, San Francisco, CA 94016",October
261118,20in Monitor,1,109.99,2019-10-07 15:46:00,"387 Walnut St, Boston, MA 02215",October
275041,20in Monitor,1,109.99,2019-10-02 16:40:00,"31 Cherry St, New York City, NY 10001",October
267931,20in Monitor,1,109.99,2019-10-29 09:38:00,"52 Madison St, San Francisco, CA 94016",October
269552,20in Monitor,1,109.99,2019-10-01 13:13:00,"784 14th St, Boston, MA 02215",October
276341,20in Monitor,1,109.99,2019-10-20 17:03:00,"779 North St, New York City, NY 10001",October
277792,20in Monitor,1,109.99,2019-10-24 11:33:00,"19 Washington St, Boston, MA 02215",October
270177,20in Monitor,1,109.99,2019-10-09 21:33:00,"313 Sunset St, Seattle, WA 98101",October
275813,20in Monitor,1,109.99,2019-10-01 12:55:00,"808 Madison St, New York City, NY 10001",October
278556,20in Monitor,1,109.99,2019-10-22 10:25:00,"790 Main St, Los Angeles, CA 90001",October
273144,20in Monitor,1,109.99,2019-10-13 01:57:00,"194 8th St, Atlanta, GA 30301",October
271749,20in Monitor,1,109.99,2019-10-17 20:51:00,"857 Johnson St, Boston, MA 02215",October
272039,20in Monitor,1,109.99,2019-10-14 18:39:00,"241 Jackson St, Los Angeles, CA 90001",October
277213,20in Monitor,1,109.99,2019-10-02 12:50:00,"809 Dogwood St, Austin, TX 73301",October
286536,20in Monitor,1,109.99,2019-11-15 17:47:00,"962 Center St, San Francisco, CA 94016",November
291464,20in Monitor,1,109.99,2019-11-15 22:43:00,"655 Hickory St, Los Angeles, CA 90001",November
283819,20in Monitor,1,109.99,2019-11-01 18:45:00,"38 Spruce St, San Francisco, CA 94016",November
286249,20in Monitor,1,109.99,2019-11-01 09:17:00,"405 2nd St, San Francisco, CA 94016",November
284082,20in Monitor,1,109.99,2019-11-30 22:49:00,"283 Ridge St, New York City, NY 10001",November
291168,20in Monitor,1,109.99,2019-11-01 20:09:00,"893 Church St, Dallas, TX 75001",November
282640,20in Monitor,1,109.99,2019-11-10 21:40:00,"979 2nd St, Boston, MA 02215",November
284198,20in Monitor,1,109.99,2019-11-25 15:25:00,"257 Sunset St, Los Angeles, CA 90001",November
284267,20in Monitor,1,109.99,2019-11-18 09:31:00,"654 1st St, New York City, NY 10001",November
288611,20in Monitor,1,109.99,2019-11-28 17:43:00,"881 Dogwood St, San Francisco, CA 94016",November
280070,20in Monitor,1,109.99,2019-11-16 16:54:00,"776 Washington St, New York City, NY 10001",November
292547,20in Monitor,1,109.99,2019-11-03 10:04:00,"257 Center St, Portland, ME 04101",November
290872,20in Monitor,1,109.99,2019-11-19 07:30:00,"577 Cedar St, Portland, OR 97035",November
285089,20in Monitor,1,109.99,2019-11-23 10:29:00,"567 5th St, Dallas, TX 75001",November
281574,20in Monitor,1,109.99,2019-11-21 09:37:00,"336 Maple St, New York City, NY 10001",November
278826,20in Monitor,1,109.99,2019-11-26 15:58:00,"532 Cedar St, Austin, TX 73301",November
280240,20in Monitor,1,109.99,2019-11-20 19:56:00,"366 7th St, San Francisco, CA 94016",November
281562,20in Monitor,1,109.99,2019-11-12 14:33:00,"673 Meadow St, New York City, NY 10001",November
293810,20in Monitor,1,109.99,2019-11-15 11:09:00,"4 South St, Los Angeles, CA 90001",November
280912,20in Monitor,1,109.99,2019-11-07 20:37:00,"903 4th St, San Francisco, CA 94016",November
281723,20in Monitor,1,109.99,2019-11-16 17:34:00,"875 10th St, Los Angeles, CA 90001",November
293049,20in Monitor,1,109.99,2019-11-01 14:13:00,"373 Lincoln St, Boston, MA 02215",November
283994,20in Monitor,1,109.99,2019-11-29 23:55:00,"337 Park St, Boston, MA 02215",November
285201,20in Monitor,1,109.99,2019-11-12 18:35:00,"193 Ridge St, Los Angeles, CA 90001",November
291647,20in Monitor,1,109.99,2019-11-01 06:30:00,"540 Hill St, San Francisco, CA 94016",November
287131,20in Monitor,1,109.99,2019-11-28 23:50:00,"40 Dogwood St, Portland, ME 04101",November
279832,20in Monitor,1,109.99,2019-11-19 11:38:00,"172 9th St, Portland, OR 97035",November
282754,20in Monitor,1,109.99,2019-11-10 12:40:00,"922 South St, New York City, NY 10001",November
289471,20in Monitor,1,109.99,2019-11-22 17:51:00,"180 Jackson St, Dallas, TX 75001",November
294931,20in Monitor,1,109.99,2019-11-22 11:36:00,"118 6th St, New York City, NY 10001",November
283342,20in Monitor,1,109.99,2019-11-27 12:09:00,"65 Park St, Los Angeles, CA 90001",November
290186,20in Monitor,1,109.99,2019-11-02 10:54:00,"496 Willow St, Seattle, WA 98101",November
280097,20in Monitor,1,109.99,2019-11-16 21:51:00,"929 Highland St, Dallas, TX 75001",November
285148,20in Monitor,1,109.99,2019-11-05 09:38:00,"635 9th St, Austin, TX 73301",November
292444,20in Monitor,1,109.99,2019-11-07 21:10:00,"915 14th St, Austin, TX 73301",November
286385,20in Monitor,1,109.99,2019-11-01 15:08:00,"682 North St, San Francisco, CA 94016",November
281803,20in Monitor,1,109.99,2019-11-11 20:37:00,"793 Dogwood St, Los Angeles, CA 90001",November
286171,20in Monitor,1,109.99,2019-11-23 19:56:00,"770 Hill St, New York City, NY 10001",November
282195,20in Monitor,1,109.99,2019-11-17 17:56:00,"425 Forest St, San Francisco, CA 94016",November
283003,20in Monitor,1,109.99,2019-11-10 13:03:00,"470 Meadow St, Los Angeles, CA 90001",November
279726,20in Monitor,1,109.99,2019-11-23 08:44:00,"275 Cherry St, New York City, NY 10001",November
283478,20in Monitor,1,109.99,2019-11-24 18:02:00,"443 12th St, San Francisco, CA 94016",November
293877,20in Monitor,1,109.99,2019-11-29 23:20:00,"392 6th St, San Francisco, CA 94016",November
285419,20in Monitor,1,109.99,2019-11-21 20:11:00,"417 11th St, San Francisco, CA 94016",November
286121,20in Monitor,1,109.99,2019-11-25 11:59:00,"242 13th St, New York City, NY 10001",November
282742,20in Monitor,1,109.99,2019-11-18 16:08:00,"992 5th St, Atlanta, GA 30301",November
285892,20in Monitor,1,109.99,2019-11-09 23:04:00,"105 14th St, San Francisco, CA 94016",November
289605,20in Monitor,1,109.99,2019-11-24 15:18:00,"525 Wilson St, Atlanta, GA 30301",November
281284,20in Monitor,1,109.99,2019-11-08 00:55:00,"205 9th St, Seattle, WA 98101",November
288238,20in Monitor,1,109.99,2019-11-02 06:54:00,"256 7th St, Seattle, WA 98101",November
292319,20in Monitor,1,109.99,2019-11-26 20:47:00,"669 6th St, Dallas, TX 75001",November
281691,20in Monitor,1,109.99,2019-11-09 14:12:00,"220 Wilson St, San Francisco, CA 94016",November
291440,20in Monitor,1,109.99,2019-11-29 01:34:00,"366 West St, San Francisco, CA 94016",November
292008,20in Monitor,1,109.99,2019-11-03 19:16:00,"901 Lakeview St, San Francisco, CA 94016",November
280708,20in Monitor,1,109.99,2019-11-28 20:37:00,"764 Maple St, New York City, NY 10001",November
282305,20in Monitor,1,109.99,2019-11-02 10:47:00,"558 6th St, Atlanta, GA 30301",November
294125,20in Monitor,1,109.99,2019-11-20 08:31:00,"994 6th St, Los Angeles, CA 90001",November
281858,20in Monitor,1,109.99,2019-11-29 16:15:00,"848 West St, Portland, ME 04101",November
290578,20in Monitor,1,109.99,2019-11-03 18:14:00,"864 Johnson St, San Francisco, CA 94016",November
279879,20in Monitor,1,109.99,2019-11-21 16:57:00,"940 Cherry St, San Francisco, CA 94016",November
287899,20in Monitor,1,109.99,2019-11-26 07:31:00,"20 5th St, Los Angeles, CA 90001",November
287968,20in Monitor,1,109.99,2019-11-06 13:52:00,"920 Meadow St, San Francisco, CA 94016",November
291926,20in Monitor,1,109.99,2019-11-17 10:29:00,"193 10th St, New York City, NY 10001",November
294342,20in Monitor,1,109.99,2019-11-07 01:48:00,"999 Park St, Los Angeles, CA 90001",November
282995,20in Monitor,1,109.99,2019-11-21 17:54:00,"112 11th St, New York City, NY 10001",November
290269,20in Monitor,1,109.99,2019-11-09 18:01:00,"132 South St, Atlanta, GA 30301",November
294668,20in Monitor,1,109.99,2019-11-26 13:10:00,"136 Jackson St, San Francisco, CA 94016",November
281617,20in Monitor,1,109.99,2019-11-02 17:40:00,"181 Lakeview St, Dallas, TX 75001",November
283359,20in Monitor,1,109.99,2019-11-22 13:43:00,"9 2nd St, Austin, TX 73301",November
286405,20in Monitor,1,109.99,2019-11-18 15:26:00,"19 North St, Austin, TX 73301",November
279208,20in Monitor,1,109.99,2019-11-25 08:23:00,"623 Spruce St, Los Angeles, CA 90001",November
282314,20in Monitor,1,109.99,2019-11-09 08:59:00,"158 North St, Atlanta, GA 30301",November
282612,20in Monitor,1,109.99,2019-11-24 20:15:00,"215 Hickory St, San Francisco, CA 94016",November
292303,20in Monitor,1,109.99,2019-11-24 10:57:00,"824 Willow St, Boston, MA 02215",November
316842,20in Monitor,1,109.99,2019-12-23 10:21:00,"321 Johnson St, San Francisco, CA 94016",December
315454,20in Monitor,1,109.99,2019-12-27 09:53:00,"120 Lakeview St, New York City, NY 10001",December
317761,20in Monitor,1,109.99,2019-12-18 14:13:00,"341 Hill St, San Francisco, CA 94016",December
298368,20in Monitor,1,109.99,2019-12-29 23:01:00,"258 6th St, Atlanta, GA 30301",December
298485,20in Monitor,1,109.99,2019-12-19 14:34:00,"713 Forest St, San Francisco, CA 94016",December
301897,20in Monitor,1,109.99,2019-12-25 08:29:00,"558 7th St, Seattle, WA 98101",December
302263,20in Monitor,1,109.99,2019-12-07 10:37:00,"513 Park St, Boston, MA 02215",December
305139,20in Monitor,1,109.99,2019-12-30 17:04:00,"132 Jackson St, San Francisco, CA 94016",December
316343,20in Monitor,1,109.99,2019-12-07 23:35:00,"401 South St, San Francisco, CA 94016",December
318033,20in Monitor,1,109.99,2019-12-31 13:27:00,"890 Willow St, San Francisco, CA 94016",December
304466,20in Monitor,1,109.99,2019-12-03 19:18:00,"716 Center St, Boston, MA 02215",December
313944,20in Monitor,1,109.99,2019-12-25 17:12:00,"507 Sunset St, Los Angeles, CA 90001",December
295946,20in Monitor,1,109.99,2019-12-09 11:44:00,"970 Lincoln St, Portland, OR 97035",December
301385,20in Monitor,1,109.99,2019-12-27 19:52:00,"973 Johnson St, Boston, MA 02215",December
311972,20in Monitor,1,109.99,2019-12-31 18:46:00,"973 Sunset St, Boston, MA 02215",December
317455,20in Monitor,1,109.99,2019-12-13 06:26:00,"971 Sunset St, New York City, NY 10001",December
318757,20in Monitor,1,109.99,2019-12-30 21:13:00,"230 Maple St, Los Angeles, CA 90001",December
319648,20in Monitor,1,109.99,2019-12-25 11:31:00,"839 Chestnut St, San Francisco, CA 94016",December
301231,20in Monitor,1,109.99,2019-12-08 21:01:00,"49 Meadow St, Los Angeles, CA 90001",December
219755,20in Monitor,1,109.99,2019-06-30 00:04:00,"577 West St, New York City, NY 10001",June
213869,20in Monitor,1,109.99,2019-06-19 13:37:00,"536 Spruce St, New York City, NY 10001",June
211751,20in Monitor,1,109.99,2019-06-01 15:10:00,"391 Pine St, San Francisco, CA 94016",June
225980,20in Monitor,1,109.99,2019-07-12 13:41:00,"44 13th St, San Francisco, CA 94016",July
238671,20in Monitor,1,109.99,2019-08-02 19:04:00,"434 Walnut St, San Francisco, CA 94016",August
265117,20in Monitor,1,109.99,2019-10-23 13:50:00,"279 4th St, Seattle, WA 98101",October
268870,20in Monitor,1,109.99,2019-10-04 13:08:00,"37 Church St, Dallas, TX 75001",October
277660,20in Monitor,1,109.99,2019-10-19 11:12:00,"285 2nd St, Dallas, TX 75001",October
277206,20in Monitor,1,109.99,2019-10-06 12:57:00,"906 North St, Los Angeles, CA 90001",October
280397,20in Monitor,1,109.99,2019-11-29 07:56:00,"654 Chestnut St, Los Angeles, CA 90001",November
292893,20in Monitor,1,109.99,2019-11-23 20:50:00,"540 Hickory St, Los Angeles, CA 90001",November
295609,20in Monitor,1,109.99,2019-11-01 10:21:00,"307 Hickory St, San Francisco, CA 94016",November
290261,20in Monitor,1,109.99,2019-11-23 15:22:00,"264 Church St, Boston, MA 02215",November
288750,20in Monitor,1,109.99,2019-11-25 14:08:00,"450 Sunset St, Dallas, TX 75001",November
291539,20in Monitor,1,109.99,2019-11-30 11:45:00,"518 14th St, San Francisco, CA 94016",November
287664,20in Monitor,1,109.99,2019-11-09 15:43:00,"920 Willow St, Los Angeles, CA 90001",November
280002,20in Monitor,1,109.99,2019-11-27 16:46:00,"276 Lake St, Seattle, WA 98101",November
309202,20in Monitor,1,109.99,2019-12-30 18:00:00,"19 11th St, Atlanta, GA 30301",December
315846,20in Monitor,1,109.99,2019-12-11 00:06:00,"755 9th St, Boston, MA 02215",December
317319,20in Monitor,1,109.99,2019-12-25 12:28:00,"575 Jackson St, Seattle, WA 98101",December
303178,20in Monitor,1,109.99,2019-12-11 20:27:00,"192 Willow St, Los Angeles, CA 90001",December
295962,20in Monitor,1,109.99,2019-12-25 16:15:00,"668 14th St, San Francisco, CA 94016",December
304115,20in Monitor,1,109.99,2019-12-12 22:16:00,"187 Washington St, Portland, ME 04101",December
307650,20in Monitor,1,109.99,2019-12-02 20:15:00,"871 6th St, Atlanta, GA 30301",December
310843,20in Monitor,1,109.99,2019-12-17 15:55:00,"249 Highland St, San Francisco, CA 94016",December
298219,20in Monitor,1,109.99,2019-12-03 09:34:00,"118 11th St, Los Angeles, CA 90001",December
304629,20in Monitor,1,109.99,2019-12-20 11:16:00,"88 Johnson St, San Francisco, CA 94016",December
315703,20in Monitor,1,109.99,2019-12-28 13:20:00,"934 Lake St, Boston, MA 02215",December
305762,20in Monitor,1,109.99,2019-12-20 17:07:00,"981 Sunset St, San Francisco, CA 94016",December
306202,20in Monitor,1,109.99,2019-12-11 16:54:00,"511 Walnut St, Atlanta, GA 30301",December
306336,20in Monitor,1,109.99,2019-12-28 23:22:00,"570 13th St, San Francisco, CA 94016",December
308326,20in Monitor,1,109.99,2019-12-18 12:17:00,"460 Main St, San Francisco, CA 94016",December
301422,20in Monitor,1,109.99,2019-12-11 11:34:00,"284 Pine St, Seattle, WA 98101",December
301832,20in Monitor,2,109.99,2019-12-31 20:51:00,"774 Washington St, San Francisco, CA 94016",December
314746,20in Monitor,1,109.99,2019-12-20 01:03:00,"24 13th St, San Francisco, CA 94016",December
319256,20in Monitor,1,109.99,2019-12-30 17:17:00,"97 Willow St, Portland, ME 04101",December
299223,20in Monitor,1,109.99,2019-12-23 23:04:00,"388 Washington St, Los Angeles, CA 90001",December
312294,20in Monitor,1,109.99,2019-12-31 15:37:00,"3 Jackson St, New York City, NY 10001",December
316903,20in Monitor,1,109.99,2019-12-10 23:09:00,"966 Johnson St, Portland, OR 97035",December
310708,20in Monitor,1,109.99,2019-12-19 12:05:00,"409 Chestnut St, Boston, MA 02215",December
314628,20in Monitor,1,109.99,2019-12-12 14:26:00,"825 North St, Portland, OR 97035",December
315182,20in Monitor,1,109.99,2019-12-01 13:33:00,"291 Pine St, San Francisco, CA 94016",December
315638,20in Monitor,1,109.99,2019-12-25 00:53:00,"235 Chestnut St, Portland, OR 97035",December
314543,20in Monitor,1,109.99,2019-12-01 13:24:00,"998 Hickory St, San Francisco, CA 94016",December
314579,20in Monitor,1,109.99,2019-12-13 11:13:00,"183 8th St, San Francisco, CA 94016",December
318298,20in Monitor,1,109.99,2019-12-11 07:25:00,"947 Willow St, San Francisco, CA 94016",December
304883,20in Monitor,1,109.99,2019-12-19 17:40:00,"974 Lake St, Portland, OR 97035",December
307336,20in Monitor,1,109.99,2019-12-22 21:02:00,"415 4th St, Boston, MA 02215",December
296023,20in Monitor,1,109.99,2019-12-11 11:52:00,"699 Walnut St, Los Angeles, CA 90001",December
311761,20in Monitor,1,109.99,2019-12-29 15:03:00,"821 4th St, Los Angeles, CA 90001",December
317104,20in Monitor,1,109.99,2019-12-31 22:15:00,"172 2nd St, San Francisco, CA 94016",December
315311,20in Monitor,1,109.99,2019-12-10 19:53:00,"334 Lake St, New York City, NY 10001",December
297864,20in Monitor,1,109.99,2019-12-31 18:39:00,"556 9th St, Atlanta, GA 30301",December
302986,20in Monitor,1,109.99,2019-12-05 15:19:00,"187 Cedar St, San Francisco, CA 94016",December
303970,20in Monitor,1,109.99,2019-12-24 11:34:00,"813 Lincoln St, Los Angeles, CA 90001",December
298471,20in Monitor,1,109.99,2019-12-05 11:14:00,"549 Meadow St, San Francisco, CA 94016",December
300147,20in Monitor,1,109.99,2019-12-28 15:15:00,"192 Maple St, San Francisco, CA 94016",December
301647,20in Monitor,1,109.99,2019-12-05 12:21:00,"455 Cherry St, San Francisco, CA 94016",December
305135,20in Monitor,1,109.99,2019-12-22 18:28:00,"796 Washington St, Boston, MA 02215",December
311052,20in Monitor,1,109.99,2019-12-16 15:33:00,"578 Lakeview St, Dallas, TX 75001",December
315758,20in Monitor,1,109.99,2019-12-19 12:43:00,"916 5th St, San Francisco, CA 94016",December
317737,20in Monitor,1,109.99,2019-12-30 16:18:00,"488 13th St, Portland, OR 97035",December
296132,20in Monitor,1,109.99,2019-12-02 20:21:00,"219 Jefferson St, Portland, OR 97035",December
298678,20in Monitor,1,109.99,2019-12-24 08:32:00,"682 14th St, San Francisco, CA 94016",December
300632,20in Monitor,1,109.99,2019-12-13 17:29:00,"583 Lake St, Boston, MA 02215",December
305007,20in Monitor,1,109.99,2019-12-23 20:09:00,"559 Lakeview St, Boston, MA 02215",December
311271,20in Monitor,1,109.99,2019-12-14 22:51:00,"77 West St, San Francisco, CA 94016",December
309806,20in Monitor,1,109.99,2019-12-02 12:34:00,"889 Lakeview St, New York City, NY 10001",December
313066,20in Monitor,1,109.99,2019-12-25 05:42:00,"988 4th St, Boston, MA 02215",December
314593,20in Monitor,1,109.99,2019-12-29 23:07:00,"224 6th St, San Francisco, CA 94016",December
319342,20in Monitor,1,109.99,2019-12-24 16:36:00,"419 River St, Dallas, TX 75001",December
305666,20in Monitor,1,109.99,2019-12-29 00:34:00,"361 Lincoln St, San Francisco, CA 94016",December
308559,20in Monitor,1,109.99,2019-12-26 14:20:00,"3 Hill St, Atlanta, GA 30301",December
308028,20in Monitor,1,109.99,2019-12-17 15:01:00,"333 Highland St, New York City, NY 10001",December
304111,20in Monitor,1,109.99,2019-12-25 12:46:00,"592 West St, Los Angeles, CA 90001",December
305301,20in Monitor,1,109.99,2019-12-10 06:34:00,"582 South St, Portland, OR 97035",December
312603,20in Monitor,1,109.99,2019-12-21 19:25:00,"941 Hill St, San Francisco, CA 94016",December
315341,20in Monitor,1,109.99,2019-12-16 15:22:00,"567 8th St, Portland, ME 04101",December
315898,20in Monitor,1,109.99,2019-12-17 10:28:00,"103 Sunset St, Dallas, TX 75001",December
308593,20in Monitor,1,109.99,2019-12-20 18:57:00,"950 Hickory St, Portland, OR 97035",December
299539,20in Monitor,1,109.99,2019-12-17 17:59:00,"821 Willow St, Seattle, WA 98101",December
300298,20in Monitor,1,109.99,2019-12-30 06:12:00,"457 Hickory St, San Francisco, CA 94016",December
315021,20in Monitor,1,109.99,2019-12-15 14:01:00,"39 4th St, Boston, MA 02215",December
316599,20in Monitor,1,109.99,2019-12-15 22:02:00,"345 7th St, San Francisco, CA 94016",December
319440,20in Monitor,1,109.99,2019-12-20 10:53:00,"417 Lakeview St, San Francisco, CA 94016",December
307021,20in Monitor,1,109.99,2019-12-28 16:23:00,"189 Pine St, Los Angeles, CA 90001",December
309437,20in Monitor,1,109.99,2019-12-11 15:15:00,"235 South St, San Francisco, CA 94016",December
313240,20in Monitor,1,109.99,2019-12-06 21:08:00,"841 Main St, San Francisco, CA 94016",December
314449,20in Monitor,1,109.99,2019-12-13 11:08:00,"490 Madison St, Portland, OR 97035",December
303590,20in Monitor,1,109.99,2019-12-03 10:45:00,"769 Willow St, Seattle, WA 98101",December
314409,20in Monitor,1,109.99,2019-12-29 01:48:00,"598 Adams St, San Francisco, CA 94016",December
318690,20in Monitor,1,109.99,2019-12-20 19:43:00,"899 Meadow St, San Francisco, CA 94016",December
