Order ID,Product,Quantity Ordered,Price Each,Order Date,Purchase Address,Month
143989,34in Ultrawide Monitor,1,379.99,2019-01-13 07:44:00,"217 9th St, Los Angeles, CA 90001",January
146877,34in Ultrawide Monitor,1,379.99,2019-01-13 11:02:00,"978 10th St, Atlanta, GA 30301",January
148438,34in Ultrawide Monitor,1,379.99,2019-01-10 20:10:00,"253 Center St, San Francisco, CA 94016",January
148726,34in Ultrawide Monitor,1,379.99,2019-01-16 09:35:00,"182 12th St, Atlanta, GA 30301",January
141735,34in Ultrawide Monitor,1,379.99,2019-01-25 12:34:00,"997 Jefferson St, New York City, NY 10001",January
142190,34in Ultrawide Monitor,1,379.99,2019-01-13 14:58:00,"356 Walnut St, San Francisco, CA 94016",January
147456,34in Ultrawide Monitor,1,379.99,2019-01-27 19:05:00,"709 River St, San Francisco, CA 94016",January
149840,34in Ultrawide Monitor,1,379.99,2019-01-20 15:01:00,"522 Sunset St, New York City, NY 10001",January
144954,34in Ultrawide Monitor,1,379.99,2019-01-03 08:11:00,"977 2nd St, San Francisco, CA 94016",January
144245,34in Ultrawide Monitor,1,379.99,2019-01-12 21:46:00,"42 Main St, San Francisco, CA 94016",January
144549,34in Ultrawide Monitor,1,379.99,2019-01-26 14:12:00,"364 Lincoln St, San Francisco, CA 94016",January
146453,34in Ultrawide Monitor,1,379.99,2019-01-26 17:43:00,"373 Chestnut St, New York City, NY 10001",January
142294,34in Ultrawide Monitor,1,379.99,2019-01-01 12:17:00,"116 Maple St, Seattle, WA 98101",January
150276,34in Ultrawide Monitor,1,379.99,2019-01-07 12:33:00,"570 Pine St, Dallas, TX 75001",January
142528,34in Ultrawide Monitor,1,379.99,2019-01-25 19:33:00,"140 Johnson St, Los Angeles, CA 90001",January
143806,34in Ultrawide Monitor,1,379.99,2019-01-14 12:58:00,"114 South St, Boston, MA 02215",January
144638,34in Ultrawide Monitor,1,379.99,2019-01-04 13:12:00,"299 9th St, San Francisco, CA 94016",January
146782,34in Ultrawide Monitor,1,379.99,2019-01-08 20:25:00,"922 Willow St, Atlanta, GA 30301",January
147639,34in Ultrawide Monitor,1,379.99,2019-01-04 22:22:00,"118 Lakeview St, San Francisco, CA 94016",January
144481,34in Ultrawide Monitor,1,379.99,2019-01-16 08:48:00,"180 West St, San Francisco, CA 94016",January
148249,34in Ultrawide Monitor,1,379.99,2019-01-29 13:28:00,"906 Chestnut St, Los Angeles, CA 90001",January
143171,34in Ultrawide Monitor,1,379.99,2019-01-16 19:37:00,"109 Forest St, Portland, OR 97035",January
150371,34in Ultrawide Monitor,1,379.99,2019-01-05 19:12:00,"32 Elm St, Portland, ME 04101",January
147847,34in Ultrawide Monitor,1,379.99,2019-01-21 18:56:00,"589 Dogwood St, San Francisco, CA 94016",January
150178,34in Ultrawide Monitor,1,379.99,2019-01-30 21:17:00,"872 Highland St, New York City, NY 10001",January
150460,34in Ultrawide Monitor,1,379.99,2019-01-06 00:46:00,"803 14th St, New York City, NY 10001",January
143379,34in Ultrawide Monitor,1,379.99,2019-01-12 19:01:00,"651 Lake St, San Francisco, CA 94016",January
145622,34in Ultrawide Monitor,1,379.99,2019-01-02 12:54:00,"351 2nd St, Dallas, TX 75001",January
143893,34in Ultrawide Monitor,1,379.99,2019-01-15 05:49:00,"163 9th St, San Francisco, CA 94016",January
146730,34in Ultrawide Monitor,1,379.99,2019-01-31 16:53:00,"372 7th St, San Francisco, CA 94016",January
147486,34in Ultrawide Monitor,1,379.99,2019-01-22 17:07:00,"714 Main St, Atlanta, GA 30301",January
145386,34in Ultrawide Monitor,1,379.99,2019-01-02 16:29:00,"441 Cedar St, Boston, MA 02215",January
146622,34in Ultrawide Monitor,1,379.99,2019-01-17 00:31:00,"412 Madison St, New York City, NY 10001",January
146526,34in Ultrawide Monitor,1,379.99,2019-01-12 17:15:00,"375 8th St, Portland, OR 97035",January
141560,34in Ultrawide Monitor,1,379.99,2019-01-09 13:34:00,"559 Adams St, Seattle, WA 98101",January
141832,34in Ultrawide Monitor,1,379.99,2019-01-03 19:01:00,"254 Cedar St, New York City, NY 10001",January
147075,34in Ultrawide Monitor,1,379.99,2019-01-11 11:45:00,"449 10th St, Los Angeles, CA 90001",January
149713,34in Ultrawide Monitor,1,379.99,2019-01-26 16:40:00,"313 Church St, San Francisco, CA 94016",January
148127,34in Ultrawide Monitor,1,379.99,2019-01-17 10:29:00,"711 Spruce St, Seattle, WA 98101",January
146896,34in Ultrawide Monitor,1,379.99,2019-01-13 15:38:00,"667 North St, Portland, OR 97035",January
148248,34in Ultrawide Monitor,1,379.99,2019-01-26 12:09:00,"52 North St, New York City, NY 10001",January
149714,34in Ultrawide Monitor,1,379.99,2019-01-13 14:48:00,"710 Park St, Los Angeles, CA 90001",January
146581,34in Ultrawide Monitor,1,379.99,2019-01-24 12:08:00,"582 Church St, Los Angeles, CA 90001",January
147726,34in Ultrawide Monitor,1,379.99,2019-01-01 18:56:00,"214 Lincoln St, San Francisco, CA 94016",January
149418,34in Ultrawide Monitor,1,379.99,2019-01-15 10:52:00,"786 Hill St, San Francisco, CA 94016",January
146806,34in Ultrawide Monitor,1,379.99,2019-01-25 08:22:00,"698 12th St, San Francisco, CA 94016",January
145271,34in Ultrawide Monitor,1,379.99,2019-01-23 21:00:00,"391 10th St, Los Angeles, CA 90001",January
150328,34in Ultrawide Monitor,1,379.99,2019-01-10 21:24:00,"47 Pine St, New York City, NY 10001",January
144290,34in Ultrawide Monitor,1,379.99,2019-01-08 08:59:00,"631 13th St, Seattle, WA 98101",January
144722,34in Ultrawide Monitor,1,379.99,2019-01-16 22:50:00,"337 Church St, San Francisco, CA 94016",January
148020,34in Ultrawide Monitor,1,379.99,2019-01-05 20:44:00,"488 West St, Seattle, WA 98101",January
156040,34in Ultrawide Monitor,1,379.99,2019-02-05 17:21:00,"614 South St, Los Angeles, CA 90001",February
160765,34in Ultrawide Monitor,1,379.99,2019-02-23 09:42:00,"744 River St, Austin, TX 73301",February
152019,34in Ultrawide Monitor,1,379.99,2019-02-15 08:27:00,"459 Sunset St, Boston, MA 02215",February
152541,34in Ultrawide Monitor,1,379.99,2019-02-06 13:31:00,"40 North St, San Francisco, CA 94016",February
150861,34in Ultrawide Monitor,1,379.99,2019-02-23 14:42:00,"794 Washington St, Los Angeles, CA 90001",February
153441,34in Ultrawide Monitor,1,379.99,2019-02-17 18:30:00,"954 Cedar St, Los Angeles, CA 90001",February
161934,34in Ultrawide Monitor,1,379.99,2019-02-09 01:51:00,"111 Walnut St, Portland, OR 97035",February
157215,34in Ultrawide Monitor,1,379.99,2019-02-03 21:55:00,"456 8th St, San Francisco, CA 94016",February
153719,34in Ultrawide Monitor,1,379.99,2019-02-07 01:11:00,"640 Pine St, San Francisco, CA 94016",February
155801,34in Ultrawide Monitor,1,379.99,2019-02-23 16:43:00,"318 6th St, San Francisco, CA 94016",February
154302,34in Ultrawide Monitor,1,379.99,2019-02-10 15:59:00,"421 Dogwood St, Los Angeles, CA 90001",February
156125,34in Ultrawide Monitor,1,379.99,2019-02-03 13:42:00,"23 Adams St, Austin, TX 73301",February
158338,34in Ultrawide Monitor,1,379.99,2019-02-05 21:05:00,"513 1st St, Los Angeles, CA 90001",February
152967,34in Ultrawide Monitor,1,379.99,2019-02-13 21:46:00,"85 Ridge St, Boston, MA 02215",February
154525,34in Ultrawide Monitor,1,379.99,2019-02-19 14:25:00,"972 Lakeview St, Atlanta, GA 30301",February
161111,34in Ultrawide Monitor,1,379.99,2019-02-10 18:47:00,"926 Lincoln St, Boston, MA 02215",February
151450,34in Ultrawide Monitor,1,379.99,2019-02-19 18:28:00,"390 Hickory St, San Francisco, CA 94016",February
159879,34in Ultrawide Monitor,1,379.99,2019-02-09 11:14:00,"185 Washington St, New York City, NY 10001",February
157449,34in Ultrawide Monitor,1,379.99,2019-02-04 19:18:00,"761 Lakeview St, San Francisco, CA 94016",February
159475,34in Ultrawide Monitor,1,379.99,2019-02-24 16:15:00,"837 10th St, Atlanta, GA 30301",February
160664,34in Ultrawide Monitor,1,379.99,2019-02-22 21:13:00,"163 Hill St, New York City, NY 10001",February
150622,34in Ultrawide Monitor,1,379.99,2019-02-12 16:05:00,"230 Washington St, Boston, MA 02215",February
155214,34in Ultrawide Monitor,1,379.99,2019-02-05 14:29:00,"966 Spruce St, Austin, TX 73301",February
155614,34in Ultrawide Monitor,1,379.99,2019-02-17 20:17:00,"378 1st St, San Francisco, CA 94016",February
151180,34in Ultrawide Monitor,1,379.99,2019-02-09 23:01:00,"157 7th St, San Francisco, CA 94016",February
151840,34in Ultrawide Monitor,1,379.99,2019-02-14 11:29:00,"544 11th St, Los Angeles, CA 90001",February
150744,34in Ultrawide Monitor,1,379.99,2019-02-07 13:45:00,"682 5th St, Atlanta, GA 30301",February
152177,34in Ultrawide Monitor,1,379.99,2019-02-03 13:50:00,"613 11th St, New York City, NY 10001",February
152875,34in Ultrawide Monitor,1,379.99,2019-02-28 21:11:00,"353 Spruce St, San Francisco, CA 94016",February
157036,34in Ultrawide Monitor,1,379.99,2019-02-17 20:07:00,"767 Willow St, Atlanta, GA 30301",February
157536,34in Ultrawide Monitor,1,379.99,2019-02-26 18:42:00,"306 6th St, San Francisco, CA 94016",February
150904,34in Ultrawide Monitor,1,379.99,2019-02-08 08:17:00,"593 13th St, Seattle, WA 98101",February
156853,34in Ultrawide Monitor,1,379.99,2019-02-14 22:06:00,"953 Forest St, Atlanta, GA 30301",February
159631,34in Ultrawide Monitor,1,379.99,2019-02-16 18:46:00,"235 7th St, San Francisco, CA 94016",February
160643,34in Ultrawide Monitor,1,379.99,2019-02-03 06:57:00,"993 9th St, Seattle, WA 98101",February
153417,34in Ultrawide Monitor,1,379.99,2019-02-11 03:44:00,"803 Maple St, New York City, NY 10001",February
159452,34in Ultrawide Monitor,1,379.99,2019-02-01 08:32:00,"107 Walnut St, Atlanta, GA 30301",February
158093,34in Ultrawide Monitor,1,379.99,2019-02-13 19:20:00,"612 Church St, Dallas, TX 75001",February
161974,34in Ultrawide Monitor,1,379.99,2019-02-24 10:12:00,"812 Forest St, Boston, MA 02215",February
156462,34in Ultrawide Monitor,1,379.99,2019-02-19 05:28:00,"645 12th St, Boston, MA 02215",February
157408,34in Ultrawide Monitor,1,379.99,2019-02-02 12:48:00,"904 2nd St, Los Angeles, CA 90001",February
158515,34in Ultrawide Monitor,1,379.99,2019-02-25 11:35:00,"430 Hill St, New York City, NY 10001",February
154947,34in Ultrawide Monitor,1,379.99,2019-02-05 17:51:00,"757 4th St, San Francisco, CA 94016",February
152578,34in Ultrawide Monitor,1,379.99,2019-02-22 15:06:00,"397 Lincoln St, Boston, MA 02215",February
155116,34in Ultrawide Monitor,1,379.99,2019-02-20 21:29:00,"658 Cedar St, Austin, TX 73301",February
151770,34in Ultrawide Monitor,1,379.99,2019-02-06 16:40:00,"489 2nd St, Seattle, WA 98101",February
159320,34in Ultrawide Monitor,1,379.99,2019-02-27 11:58:00,"601 Spruce St, Dallas, TX 75001",February
161548,34in Ultrawide Monitor,1,379.99,2019-02-22 21:41:00,"806 8th St, Seattle, WA 98101",February
157300,34in Ultrawide Monitor,1,379.99,2019-02-19 18:45:00,"969 Madison St, New York City, NY 10001",February
156230,34in Ultrawide Monitor,1,379.99,2019-02-18 22:21:00,"811 Johnson St, Atlanta, GA 30301",February
153634,34in Ultrawide Monitor,1,379.99,2019-02-13 08:40:00,"250 Jackson St, Seattle, WA 98101",February
160073,34in Ultrawide Monitor,1,379.99,2019-02-08 22:21:00,"486 Dogwood St, New York City, NY 10001",February
155073,34in Ultrawide Monitor,1,379.99,2019-02-04 12:34:00,"450 Cherry St, New York City, NY 10001",February
157934,34in Ultrawide Monitor,1,379.99,2019-02-26 19:04:00,"292 Park St, Dallas, TX 75001",February
161029,34in Ultrawide Monitor,1,379.99,2019-02-11 22:41:00,"235 West St, Austin, TX 73301",February
152444,34in Ultrawide Monitor,1,379.99,2019-02-17 15:18:00,"639 Wilson St, Seattle, WA 98101",February
152608,34in Ultrawide Monitor,1,379.99,2019-02-15 18:05:00,"264 Chestnut St, Austin, TX 73301",February
156063,34in Ultrawide Monitor,1,379.99,2019-02-06 13:45:00,"585 1st St, New York City, NY 10001",February
152622,34in Ultrawide Monitor,1,379.99,2019-02-10 21:41:00,"920 Cherry St, Portland, OR 97035",February
153803,34in Ultrawide Monitor,1,379.99,2019-02-21 21:47:00,"195 12th St, Dallas, TX 75001",February
172477,34in Ultrawide Monitor,1,379.99,2019-03-14 14:00:00,"617 Highland St, Austin, TX 73301",March
170928,34in Ultrawide Monitor,1,379.99,2019-03-18 13:50:00,"173 Lakeview St, Los Angeles, CA 90001",March
175724,34in Ultrawide Monitor,1,379.99,2019-03-10 13:50:00,"638 Park St, San Francisco, CA 94016",March
164999,34in Ultrawide Monitor,1,379.99,2019-03-11 14:07:00,"651 Cedar St, Portland, OR 97035",March
169070,34in Ultrawide Monitor,1,379.99,2019-03-11 21:05:00,"96 5th St, Boston, MA 02215",March
175344,34in Ultrawide Monitor,1,379.99,2019-03-13 13:32:00,"936 Lake St, Atlanta, GA 30301",March
162597,34in Ultrawide Monitor,1,379.99,2019-03-14 09:15:00,"901 Ridge St, Portland, OR 97035",March
164268,34in Ultrawide Monitor,1,379.99,2019-03-19 11:23:00,"656 14th St, New York City, NY 10001",March
165970,34in Ultrawide Monitor,1,379.99,2019-03-26 12:32:00,"842 2nd St, San Francisco, CA 94016",March
166892,34in Ultrawide Monitor,1,379.99,2019-03-30 19:47:00,"853 Sunset St, Portland, OR 97035",March
167132,34in Ultrawide Monitor,1,379.99,2019-03-24 09:25:00,"566 Church St, Seattle, WA 98101",March
167950,34in Ultrawide Monitor,1,379.99,2019-03-12 19:41:00,"336 South St, Atlanta, GA 30301",March
168550,34in Ultrawide Monitor,1,379.99,2019-03-21 15:00:00,"358 Ridge St, Seattle, WA 98101",March
173495,34in Ultrawide Monitor,1,379.99,2019-03-13 19:39:00,"639 Lincoln St, Los Angeles, CA 90001",March
164009,34in Ultrawide Monitor,1,379.99,2019-03-05 14:40:00,"4 Ridge St, Boston, MA 02215",March
169990,34in Ultrawide Monitor,1,379.99,2019-03-08 17:06:00,"391 Maple St, Seattle, WA 98101",March
173217,34in Ultrawide Monitor,1,379.99,2019-03-14 00:14:00,"118 Hill St, San Francisco, CA 94016",March
176401,34in Ultrawide Monitor,1,379.99,2019-03-22 18:20:00,"709 1st St, San Francisco, CA 94016",March
168113,34in Ultrawide Monitor,1,379.99,2019-03-26 23:10:00,"290 12th St, Boston, MA 02215",March
168245,34in Ultrawide Monitor,1,379.99,2019-03-01 09:10:00,"102 Main St, Atlanta, GA 30301",March
172553,34in Ultrawide Monitor,1,379.99,2019-03-27 00:41:00,"949 Maple St, New York City, NY 10001",March
164365,34in Ultrawide Monitor,1,379.99,2019-03-13 00:54:00,"687 7th St, Los Angeles, CA 90001",March
168811,34in Ultrawide Monitor,1,379.99,2019-03-17 18:18:00,"723 River St, San Francisco, CA 94016",March
170005,34in Ultrawide Monitor,1,379.99,2019-03-07 16:11:00,"252 South St, Austin, TX 73301",March
172725,34in Ultrawide Monitor,1,379.99,2019-03-19 09:32:00,"192 1st St, San Francisco, CA 94016",March
174733,34in Ultrawide Monitor,1,379.99,2019-03-18 23:00:00,"576 Hill St, San Francisco, CA 94016",March
173801,34in Ultrawide Monitor,1,379.99,2019-03-20 15:35:00,"434 9th St, Atlanta, GA 30301",March
168198,34in Ultrawide Monitor,1,379.99,2019-03-29 20:59:00,"436 Lincoln St, Portland, OR 97035",March
170004,34in Ultrawide Monitor,1,379.99,2019-03-12 14:57:00,"61 Maple St, Boston, MA 02215",March
164254,34in Ultrawide Monitor,1,379.99,2019-03-26 08:44:00,"885 South St, Seattle, WA 98101",March
175389,34in Ultrawide Monitor,1,379.99,2019-03-30 11:21:00,"315 Elm St, San Francisco, CA 94016",March
163802,34in Ultrawide Monitor,1,379.99,2019-03-13 17:29:00,"888 1st St, San Francisco, CA 94016",March
172896,34in Ultrawide Monitor,1,379.99,2019-03-22 12:58:00,"182 Ridge St, Atlanta, GA 30301",March
163598,34in Ultrawide Monitor,1,379.99,2019-03-31 01:46:00,"819 Hill St, Seattle, WA 98101",March
166853,34in Ultrawide Monitor,1,379.99,2019-03-13 06:09:00,"384 River St, Seattle, WA 98101",March
162013,34in Ultrawide Monitor,1,379.99,2019-03-15 23:05:00,"904 Main St, Austin, TX 73301",March
168969,34in Ultrawide Monitor,1,379.99,2019-03-20 16:57:00,"129 Walnut St, San Francisco, CA 94016",March
174817,34in Ultrawide Monitor,1,379.99,2019-03-16 11:07:00,"241 Willow St, Portland, OR 97035",March
165948,34in Ultrawide Monitor,1,379.99,2019-03-24 18:01:00,"663 Center St, San Francisco, CA 94016",March
173175,34in Ultrawide Monitor,1,379.99,2019-03-06 18:55:00,"914 11th St, Austin, TX 73301",March
166225,34in Ultrawide Monitor,1,379.99,2019-03-01 11:05:00,"587 West St, San Francisco, CA 94016",March
166254,34in Ultrawide Monitor,1,379.99,2019-03-11 15:44:00,"487 10th St, Atlanta, GA 30301",March
166340,34in Ultrawide Monitor,1,379.99,2019-03-25 11:25:00,"377 Jackson St, Boston, MA 02215",March
167751,34in Ultrawide Monitor,1,379.99,2019-03-05 10:19:00,"559 Washington St, Atlanta, GA 30301",March
168727,34in Ultrawide Monitor,1,379.99,2019-03-22 00:34:00,"693 14th St, Los Angeles, CA 90001",March
170544,34in Ultrawide Monitor,1,379.99,2019-03-05 16:25:00,"732 10th St, Los Angeles, CA 90001",March
174455,34in Ultrawide Monitor,1,379.99,2019-03-15 13:39:00,"357 4th St, San Francisco, CA 94016",March
169069,34in Ultrawide Monitor,1,379.99,2019-03-19 06:22:00,"503 Johnson St, Dallas, TX 75001",March
166600,34in Ultrawide Monitor,1,379.99,2019-03-12 08:56:00,"532 Hickory St, Dallas, TX 75001",March
166948,34in Ultrawide Monitor,1,379.99,2019-03-18 15:02:00,"401 Walnut St, Austin, TX 73301",March
174848,34in Ultrawide Monitor,1,379.99,2019-03-09 22:42:00,"628 Lakeview St, San Francisco, CA 94016",March
176318,34in Ultrawide Monitor,1,379.99,2019-03-13 22:13:00,"433 Main St, Los Angeles, CA 90001",March
176516,34in Ultrawide Monitor,1,379.99,2019-03-27 06:58:00,"277 2nd St, Portland, OR 97035",March
163670,34in Ultrawide Monitor,1,379.99,2019-03-29 09:05:00,"67 Park St, Boston, MA 02215",March
171671,34in Ultrawide Monitor,1,379.99,2019-03-09 02:23:00,"438 North St, San Francisco, CA 94016",March
173263,34in Ultrawide Monitor,1,379.99,2019-03-16 13:01:00,"622 Lakeview St, Los Angeles, CA 90001",March
164622,34in Ultrawide Monitor,1,379.99,2019-03-28 18:54:00,"802 11th St, Atlanta, GA 30301",March
166265,34in Ultrawide Monitor,1,379.99,2019-03-23 11:31:00,"134 South St, Los Angeles, CA 90001",March
168533,34in Ultrawide Monitor,1,379.99,2019-03-28 18:16:00,"107 13th St, San Francisco, CA 94016",March
171274,34in Ultrawide Monitor,1,379.99,2019-03-17 16:27:00,"839 Walnut St, San Francisco, CA 94016",March
174249,34in Ultrawide Monitor,1,379.99,2019-03-20 09:08:00,"795 Washington St, Portland, OR 97035",March
170131,34in Ultrawide Monitor,1,379.99,2019-03-29 15:21:00,"860 4th St, Los Angeles, CA 90001",March
162413,34in Ultrawide Monitor,1,379.99,2019-03-18 12:52:00,"210 Main St, Los Angeles, CA 90001",March
163891,34in Ultrawide Monitor,1,379.99,2019-03-17 15:54:00,"433 10th St, Portland, OR 97035",March
164245,34in Ultrawide Monitor,1,379.99,2019-03-12 13:29:00,"447 Cedar St, San Francisco, CA 94016",March
164635,34in Ultrawide Monitor,1,379.99,2019-03-03 20:35:00,"892 Pine St, New York City, NY 10001",March
164769,34in Ultrawide Monitor,1,379.99,2019-03-27 08:57:00,"765 Park St, Portland, OR 97035",March
172307,34in Ultrawide Monitor,1,379.99,2019-03-02 17:50:00,"745 North St, Atlanta, GA 30301",March
176230,34in Ultrawide Monitor,1,379.99,2019-03-27 06:43:00,"873 Dogwood St, Atlanta, GA 30301",March
165718,34in Ultrawide Monitor,1,379.99,2019-03-14 20:47:00,"152 Madison St, Portland, OR 97035",March
171149,34in Ultrawide Monitor,1,379.99,2019-03-01 11:52:00,"756 Center St, Dallas, TX 75001",March
176297,34in Ultrawide Monitor,1,379.99,2019-03-17 19:27:00,"718 Maple St, New York City, NY 10001",March
177221,34in Ultrawide Monitor,1,379.99,2019-04-12 20:33:00,"5 Hickory St, San Francisco, CA 94016",April
179923,34in Ultrawide Monitor,1,379.99,2019-04-03 19:16:00,"718 Highland St, New York City, NY 10001",April
183565,34in Ultrawide Monitor,1,379.99,2019-04-30 16:39:00,"929 7th St, New York City, NY 10001",April
184773,34in Ultrawide Monitor,1,379.99,2019-04-26 11:40:00,"364 Hickory St, San Francisco, CA 94016",April
188546,34in Ultrawide Monitor,1,379.99,2019-04-15 10:47:00,"452 Highland St, Seattle, WA 98101",April
177149,34in Ultrawide Monitor,1,379.99,2019-04-24 06:23:00,"346 12th St, Dallas, TX 75001",April
177766,34in Ultrawide Monitor,1,379.99,2019-04-07 11:49:00,"881 Sunset St, Boston, MA 02215",April
179486,34in Ultrawide Monitor,1,379.99,2019-04-09 20:15:00,"577 Center St, San Francisco, CA 94016",April
180688,34in Ultrawide Monitor,1,379.99,2019-04-30 15:55:00,"918 South St, Seattle, WA 98101",April
189598,34in Ultrawide Monitor,1,379.99,2019-04-09 19:29:00,"103 Meadow St, Boston, MA 02215",April
193145,34in Ultrawide Monitor,1,379.99,2019-04-19 17:45:00,"395 Jackson St, San Francisco, CA 94016",April
182457,34in Ultrawide Monitor,1,379.99,2019-04-04 08:08:00,"698 Center St, Boston, MA 02215",April
182472,34in Ultrawide Monitor,1,379.99,2019-04-13 17:24:00,"626 1st St, San Francisco, CA 94016",April
190171,34in Ultrawide Monitor,1,379.99,2019-04-22 18:37:00,"55 Cedar St, New York City, NY 10001",April
178138,34in Ultrawide Monitor,1,379.99,2019-04-15 17:43:00,"263 Cherry St, San Francisco, CA 94016",April
187677,34in Ultrawide Monitor,1,379.99,2019-04-29 13:55:00,"578 6th St, Austin, TX 73301",April
187705,34in Ultrawide Monitor,1,379.99,2019-04-03 14:37:00,"917 1st St, Boston, MA 02215",April
192607,34in Ultrawide Monitor,1,379.99,2019-04-05 00:00:00,"645 Lake St, San Francisco, CA 94016",April
179465,34in Ultrawide Monitor,1,379.99,2019-04-25 14:33:00,"804 Cedar St, Seattle, WA 98101",April
184318,34in Ultrawide Monitor,1,379.99,2019-04-02 12:45:00,"517 6th St, San Francisco, CA 94016",April
185177,34in Ultrawide Monitor,1,379.99,2019-04-19 14:53:00,"626 14th St, San Francisco, CA 94016",April
188228,34in Ultrawide Monitor,1,379.99,2019-04-06 20:00:00,"832 Chestnut St, Seattle, WA 98101",April
191268,34in Ultrawide Monitor,1,379.99,2019-04-25 02:27:00,"641 Johnson St, San Francisco, CA 94016",April
182146,34in Ultrawide Monitor,1,379.99,2019-04-21 07:30:00,"500 South St, Portland, OR 97035",April
187272,34in Ultrawide Monitor,1,379.99,2019-04-07 19:47:00,"249 Lake St, Dallas, TX 75001",April
188368,34in Ultrawide Monitor,1,379.99,2019-04-25 23:45:00,"406 Park St, New York City, NY 10001",April
191326,34in Ultrawide Monitor,1,379.99,2019-04-03 08:09:00,"24 11th St, New York City, NY 10001",April
177636,34in Ultrawide Monitor,1,379.99,2019-04-18 11:50:00,"510 Lake St, Los Angeles, CA 90001",April
179931,34in Ultrawide Monitor,1,379.99,2019-04-02 10:09:00,"151 Lake St, Los Angeles, CA 90001",April
180878,34in Ultrawide Monitor,1,379.99,2019-04-27 01:44:00,"334 Sunset St, San Francisco, CA 94016",April
191005,34in Ultrawide Monitor,1,379.99,2019-04-15 18:48:00,"444 Johnson St, New York City, NY 10001",April
177964,34in Ultrawide Monitor,1,379.99,2019-04-06 16:48:00,"852 Spruce St, New York City, NY 10001",April
183056,34in Ultrawide Monitor,1,379.99,2019-04-18 01:58:00,"622 Willow St, New York City, NY 10001",April
189790,34in Ultrawide Monitor,1,379.99,2019-04-11 11:02:00,"496 Pine St, San Francisco, CA 94016",April
191897,34in Ultrawide Monitor,1,379.99,2019-04-25 03:15:00,"493 Elm St, San Francisco, CA 94016",April
178141,34in Ultrawide Monitor,1,379.99,2019-04-03 12:48:00,"662 Dogwood St, San Francisco, CA 94016",April
180344,34in Ultrawide Monitor,1,379.99,2019-04-25 15:27:00,"281 Washington St, Atlanta, GA 30301",April
190231,34in Ultrawide Monitor,1,379.99,2019-04-13 16:33:00,"72 Madison St, Austin, TX 73301",April
190562,34in Ultrawide Monitor,1,379.99,2019-04-02 21:15:00,"289 10th St, Los Angeles, CA 90001",April
184325,34in Ultrawide Monitor,1,379.99,2019-04-13 23:42:00,"87 6th St, Los Angeles, CA 90001",April
178571,34in Ultrawide Monitor,1,379.99,2019-04-18 13:46:00,"253 Jefferson St, Boston, MA 02215",April
191458,34in Ultrawide Monitor,1,379.99,2019-04-15 21:19:00,"823 Dogwood St, Portland, OR 97035",April
179793,34in Ultrawide Monitor,1,379.99,2019-04-09 15:03:00,"466 Cedar St, Atlanta, GA 30301",April
184205,34in Ultrawide Monitor,1,379.99,2019-04-30 11:55:00,"122 Lakeview St, Dallas, TX 75001",April
184507,34in Ultrawide Monitor,1,379.99,2019-04-08 15:58:00,"719 Walnut St, Boston, MA 02215",April
178654,34in Ultrawide Monitor,1,379.99,2019-04-21 18:46:00,"373 South St, Dallas, TX 75001",April
178807,34in Ultrawide Monitor,1,379.99,2019-04-12 13:09:00,"387 4th St, Atlanta, GA 30301",April
184462,34in Ultrawide Monitor,1,379.99,2019-04-04 19:21:00,"568 River St, San Francisco, CA 94016",April
185231,34in Ultrawide Monitor,1,379.99,2019-04-12 17:43:00,"311 North St, San Francisco, CA 94016",April
187017,34in Ultrawide Monitor,1,379.99,2019-04-21 17:09:00,"308 Cherry St, New York City, NY 10001",April
191723,34in Ultrawide Monitor,1,379.99,2019-04-17 10:53:00,"6 Center St, Boston, MA 02215",April
181069,34in Ultrawide Monitor,1,379.99,2019-04-27 21:01:00,"668 Park St, San Francisco, CA 94016",April
181163,34in Ultrawide Monitor,1,379.99,2019-04-27 12:04:00,"960 12th St, San Francisco, CA 94016",April
181711,34in Ultrawide Monitor,1,379.99,2019-04-28 08:55:00,"208 Washington St, San Francisco, CA 94016",April
191912,34in Ultrawide Monitor,1,379.99,2019-04-14 15:24:00,"486 2nd St, San Francisco, CA 94016",April
178009,34in Ultrawide Monitor,1,379.99,2019-04-10 16:01:00,"829 1st St, New York City, NY 10001",April
178542,34in Ultrawide Monitor,1,379.99,2019-04-07 12:34:00,"495 Lake St, Portland, OR 97035",April
183237,34in Ultrawide Monitor,1,379.99,2019-04-14 06:58:00,"640 South St, Seattle, WA 98101",April
189228,34in Ultrawide Monitor,1,379.99,2019-04-13 11:20:00,"632 Jackson St, New York City, NY 10001",April
193894,34in Ultrawide Monitor,1,379.99,2019-04-29 16:18:00,"324 10th St, San Francisco, CA 94016",April
179314,34in Ultrawide Monitor,1,379.99,2019-04-04 13:37:00,"348 14th St, New York City, NY 10001",April
180448,34in Ultrawide Monitor,1,379.99,2019-04-12 22:48:00,"882 Hill St, San Francisco, CA 94016",April
182722,34in Ultrawide Monitor,1,379.99,2019-04-22 21:40:00,"402 1st St, Los Angeles, CA 90001",April
186248,34in Ultrawide Monitor,1,379.99,2019-04-12 14:27:00,"13 Church St, Portland, OR 97035",April
178539,34in Ultrawide Monitor,1,379.99,2019-04-29 10:38:00,"576 West St, Los Angeles, CA 90001",April
191349,34in Ultrawide Monitor,1,379.99,2019-04-02 16:49:00,"885 Elm St, Portland, ME 04101",April
179205,34in Ultrawide Monitor,1,379.99,2019-04-02 20:20:00,"74 Chestnut St, Seattle, WA 98101",April
184549,34in Ultrawide Monitor,1,379.99,2019-04-21 19:56:00,"89 Park St, Seattle, WA 98101",April
190407,34in Ultrawide Monitor,1,379.99,2019-04-12 18:50:00,"71 West St, Seattle, WA 98101",April
191936,34in Ultrawide Monitor,1,379.99,2019-04-01 15:10:00,"832 Main St, Austin, TX 73301",April
177415,34in Ultrawide Monitor,1,379.99,2019-04-07 01:27:00,"505 10th St, Portland, ME 04101",April
181452,34in Ultrawide Monitor,1,379.99,2019-04-28 11:51:00,"535 Willow St, Boston, MA 02215",April
184809,34in Ultrawide Monitor,1,379.99,2019-04-21 20:58:00,"42 Madison St, Los Angeles, CA 90001",April
187198,34in Ultrawide Monitor,1,379.99,2019-04-18 20:25:00,"987 Chestnut St, New York City, NY 10001",April
189786,34in Ultrawide Monitor,1,379.99,2019-04-29 18:17:00,"20 Madison St, Dallas, TX 75001",April
176849,34in Ultrawide Monitor,1,379.99,2019-04-22 10:59:00,"309 West St, San Francisco, CA 94016",April
177939,34in Ultrawide Monitor,1,379.99,2019-04-10 14:28:00,"11 Dogwood St, New York City, NY 10001",April
179569,34in Ultrawide Monitor,1,379.99,2019-04-11 18:34:00,"52 Lake St, New York City, NY 10001",April
182822,34in Ultrawide Monitor,1,379.99,2019-05-01 00:46:00,"295 Ridge St, Dallas, TX 75001",May
187076,34in Ultrawide Monitor,1,379.99,2019-04-10 19:28:00,"999 2nd St, Los Angeles, CA 90001",April
177796,34in Ultrawide Monitor,1,379.99,2019-04-11 12:53:00,"774 Washington St, Boston, MA 02215",April
178284,34in Ultrawide Monitor,1,379.99,2019-04-10 19:42:00,"243 Hill St, San Francisco, CA 94016",April
179644,34in Ultrawide Monitor,1,379.99,2019-04-28 10:40:00,"120 Lake St, Dallas, TX 75001",April
182137,34in Ultrawide Monitor,1,379.99,2019-04-12 11:48:00,"65 Cedar St, San Francisco, CA 94016",April
177417,34in Ultrawide Monitor,1,379.99,2019-04-10 07:10:00,"13 Cherry St, San Francisco, CA 94016",April
185615,34in Ultrawide Monitor,1,379.99,2019-04-25 17:50:00,"953 Center St, San Francisco, CA 94016",April
187094,34in Ultrawide Monitor,1,379.99,2019-04-18 21:47:00,"398 11th St, Seattle, WA 98101",April
190920,34in Ultrawide Monitor,1,379.99,2019-04-28 19:43:00,"649 Park St, New York City, NY 10001",April
177991,34in Ultrawide Monitor,1,379.99,2019-04-21 21:42:00,"560 Willow St, Boston, MA 02215",April
180055,34in Ultrawide Monitor,1,379.99,2019-04-21 18:31:00,"549 8th St, Los Angeles, CA 90001",April
185595,34in Ultrawide Monitor,1,379.99,2019-04-02 14:43:00,"854 5th St, Dallas, TX 75001",April
191547,34in Ultrawide Monitor,1,379.99,2019-04-12 15:01:00,"984 14th St, Los Angeles, CA 90001",April
191820,34in Ultrawide Monitor,1,379.99,2019-04-23 16:45:00,"388 South St, New York City, NY 10001",April
177006,34in Ultrawide Monitor,1,379.99,2019-04-02 16:42:00,"776 Spruce St, Austin, TX 73301",April
193053,34in Ultrawide Monitor,1,379.99,2019-04-20 19:10:00,"78 Adams St, Seattle, WA 98101",April
193902,34in Ultrawide Monitor,1,379.99,2019-04-09 13:32:00,"986 North St, New York City, NY 10001",April
179285,34in Ultrawide Monitor,1,379.99,2019-04-03 09:18:00,"773 6th St, Portland, ME 04101",April
184456,34in Ultrawide Monitor,1,379.99,2019-04-19 18:57:00,"140 9th St, Austin, TX 73301",April
184592,34in Ultrawide Monitor,1,379.99,2019-04-12 11:58:00,"645 4th St, Portland, OR 97035",April
188811,34in Ultrawide Monitor,1,379.99,2019-04-06 20:47:00,"402 Center St, San Francisco, CA 94016",April
189028,34in Ultrawide Monitor,1,379.99,2019-04-25 17:46:00,"206 Dogwood St, Boston, MA 02215",April
181146,34in Ultrawide Monitor,1,379.99,2019-04-10 00:03:00,"610 4th St, Seattle, WA 98101",April
186952,34in Ultrawide Monitor,1,379.99,2019-04-23 15:21:00,"582 Church St, San Francisco, CA 94016",April
178822,34in Ultrawide Monitor,1,379.99,2019-04-26 13:09:00,"701 Johnson St, San Francisco, CA 94016",April
181575,34in Ultrawide Monitor,1,379.99,2019-04-26 23:39:00,"915 Adams St, San Francisco, CA 94016",April
186434,34in Ultrawide Monitor,1,379.99,2019-04-16 18:50:00,"20 Sunset St, Atlanta, GA 30301",April
178863,34in Ultrawide Monitor,1,379.99,2019-04-01 14:21:00,"764 Adams St, San Francisco, CA 94016",April
181484,34in Ultrawide Monitor,1,379.99,2019-04-20 22:06:00,"424 1st St, New York City, NY 10001",April
182206,34in Ultrawide Monitor,1,379.99,2019-04-22 11:11:00,"340 6th St, San Francisco, CA 94016",April
185947,34in Ultrawide Monitor,1,379.99,2019-04-07 07:30:00,"98 12th St, Boston, MA 02215",April
179040,34in Ultrawide Monitor,1,379.99,2019-04-04 13:49:00,"398 Willow St, San Francisco, CA 94016",April
183192,34in Ultrawide Monitor,1,379.99,2019-04-13 21:07:00,"500 Walnut St, Boston, MA 02215",April
189463,34in Ultrawide Monitor,1,379.99,2019-04-25 11:51:00,"853 Dogwood St, Los Angeles, CA 90001",April
190967,34in Ultrawide Monitor,1,379.99,2019-04-27 23:02:00,"603 Walnut St, San Francisco, CA 94016",April
207977,34in Ultrawide Monitor,1,379.99,2019-05-26 12:26:00,"15 Hickory St, San Francisco, CA 94016",May
209127,34in Ultrawide Monitor,1,379.99,2019-05-01 07:09:00,"865 Wilson St, San Francisco, CA 94016",May
195375,34in Ultrawide Monitor,1,379.99,2019-05-28 08:43:00,"215 Chestnut St, New York City, NY 10001",May
196846,34in Ultrawide Monitor,1,379.99,2019-05-02 20:18:00,"52 Dogwood St, Atlanta, GA 30301",May
203382,34in Ultrawide Monitor,1,379.99,2019-05-17 10:10:00,"994 Pine St, Los Angeles, CA 90001",May
203470,34in Ultrawide Monitor,1,379.99,2019-05-15 09:12:00,"110 Sunset St, Portland, OR 97035",May
206882,34in Ultrawide Monitor,1,379.99,2019-05-23 00:14:00,"418 Adams St, Seattle, WA 98101",May
197402,34in Ultrawide Monitor,1,379.99,2019-05-01 19:30:00,"306 Lakeview St, San Francisco, CA 94016",May
197805,34in Ultrawide Monitor,1,379.99,2019-05-10 21:50:00,"67 Hickory St, Los Angeles, CA 90001",May
207189,34in Ultrawide Monitor,1,379.99,2019-05-15 16:12:00,"906 Dogwood St, Boston, MA 02215",May
194503,34in Ultrawide Monitor,1,379.99,2019-05-09 23:17:00,"947 Madison St, Portland, OR 97035",May
196766,34in Ultrawide Monitor,1,379.99,2019-05-03 12:04:00,"131 12th St, San Francisco, CA 94016",May
197040,34in Ultrawide Monitor,1,379.99,2019-05-22 19:02:00,"986 Jefferson St, New York City, NY 10001",May
199690,34in Ultrawide Monitor,1,379.99,2019-05-29 05:25:00,"445 Sunset St, San Francisco, CA 94016",May
199868,34in Ultrawide Monitor,1,379.99,2019-05-12 23:18:00,"572 8th St, Los Angeles, CA 90001",May
209211,34in Ultrawide Monitor,1,379.99,2019-05-16 13:29:00,"261 1st St, Seattle, WA 98101",May
194316,34in Ultrawide Monitor,1,379.99,2019-05-20 15:06:00,"663 Elm St, Los Angeles, CA 90001",May
199371,34in Ultrawide Monitor,1,379.99,2019-05-10 11:46:00,"261 Wilson St, Boston, MA 02215",May
205021,34in Ultrawide Monitor,1,379.99,2019-05-07 17:22:00,"486 4th St, San Francisco, CA 94016",May
208099,34in Ultrawide Monitor,1,379.99,2019-05-30 08:35:00,"886 12th St, Austin, TX 73301",May
201041,34in Ultrawide Monitor,1,379.99,2019-05-17 16:58:00,"637 Dogwood St, San Francisco, CA 94016",May
201370,34in Ultrawide Monitor,1,379.99,2019-05-09 19:08:00,"788 14th St, Portland, OR 97035",May
205113,34in Ultrawide Monitor,1,379.99,2019-05-17 21:38:00,"473 Madison St, New York City, NY 10001",May
208662,34in Ultrawide Monitor,1,379.99,2019-05-14 12:31:00,"189 Cherry St, San Francisco, CA 94016",May
202682,34in Ultrawide Monitor,1,379.99,2019-05-24 11:36:00,"568 Main St, Atlanta, GA 30301",May
202876,34in Ultrawide Monitor,1,379.99,2019-05-22 17:53:00,"718 River St, Los Angeles, CA 90001",May
203864,34in Ultrawide Monitor,1,379.99,2019-05-13 16:30:00,"626 Johnson St, Austin, TX 73301",May
204072,34in Ultrawide Monitor,1,379.99,2019-05-11 20:35:00,"549 Adams St, Los Angeles, CA 90001",May
206913,34in Ultrawide Monitor,1,379.99,2019-05-23 14:27:00,"470 Ridge St, Boston, MA 02215",May
209319,34in Ultrawide Monitor,1,379.99,2019-05-02 21:30:00,"436 Church St, New York City, NY 10001",May
203757,34in Ultrawide Monitor,1,379.99,2019-05-18 08:39:00,"343 4th St, San Francisco, CA 94016",May
196600,34in Ultrawide Monitor,1,379.99,2019-05-14 00:31:00,"582 Lake St, Portland, OR 97035",May
197541,34in Ultrawide Monitor,1,379.99,2019-05-04 16:28:00,"904 14th St, San Francisco, CA 94016",May
198628,34in Ultrawide Monitor,1,379.99,2019-05-04 07:49:00,"739 Lakeview St, Boston, MA 02215",May
197492,34in Ultrawide Monitor,1,379.99,2019-05-02 16:00:00,"143 Willow St, San Francisco, CA 94016",May
197234,34in Ultrawide Monitor,1,379.99,2019-05-26 13:26:00,"837 5th St, Atlanta, GA 30301",May
197691,34in Ultrawide Monitor,1,379.99,2019-05-26 18:43:00,"342 Park St, Boston, MA 02215",May
204952,34in Ultrawide Monitor,1,379.99,2019-05-22 17:22:00,"305 7th St, San Francisco, CA 94016",May
206450,34in Ultrawide Monitor,1,379.99,2019-05-10 17:41:00,"819 8th St, Boston, MA 02215",May
209125,34in Ultrawide Monitor,1,379.99,2019-05-11 08:09:00,"817 11th St, Boston, MA 02215",May
209271,34in Ultrawide Monitor,1,379.99,2019-05-23 14:36:00,"195 Lake St, New York City, NY 10001",May
198181,34in Ultrawide Monitor,1,379.99,2019-05-08 20:34:00,"887 North St, Portland, OR 97035",May
198228,34in Ultrawide Monitor,1,379.99,2019-05-22 23:29:00,"12 14th St, Dallas, TX 75001",May
201411,34in Ultrawide Monitor,1,379.99,2019-05-04 17:29:00,"306 Ridge St, Los Angeles, CA 90001",May
208707,34in Ultrawide Monitor,1,379.99,2019-05-10 20:34:00,"283 River St, Boston, MA 02215",May
201058,34in Ultrawide Monitor,1,379.99,2019-05-19 22:59:00,"200 7th St, Los Angeles, CA 90001",May
200454,34in Ultrawide Monitor,1,379.99,2019-05-04 22:08:00,"393 Main St, San Francisco, CA 94016",May
201639,34in Ultrawide Monitor,1,379.99,2019-05-03 12:46:00,"558 Hickory St, Dallas, TX 75001",May
204084,34in Ultrawide Monitor,1,379.99,2019-05-25 11:02:00,"120 10th St, Atlanta, GA 30301",May
198111,34in Ultrawide Monitor,1,379.99,2019-05-15 08:33:00,"323 Highland St, New York City, NY 10001",May
201896,34in Ultrawide Monitor,1,379.99,2019-05-30 20:40:00,"819 11th St, San Francisco, CA 94016",May
209278,34in Ultrawide Monitor,1,379.99,2019-05-28 15:42:00,"721 Highland St, Dallas, TX 75001",May
209734,34in Ultrawide Monitor,1,379.99,2019-05-11 21:02:00,"940 Jackson St, Los Angeles, CA 90001",May
194508,34in Ultrawide Monitor,1,379.99,2019-05-08 14:40:00,"503 River St, New York City, NY 10001",May
195805,34in Ultrawide Monitor,1,379.99,2019-05-20 12:38:00,"805 Willow St, Austin, TX 73301",May
197961,34in Ultrawide Monitor,1,379.99,2019-05-29 17:52:00,"126 Main St, Dallas, TX 75001",May
204825,34in Ultrawide Monitor,1,379.99,2019-05-25 20:48:00,"386 Meadow St, Boston, MA 02215",May
197676,34in Ultrawide Monitor,1,379.99,2019-05-09 17:56:00,"621 Ridge St, San Francisco, CA 94016",May
197726,34in Ultrawide Monitor,1,379.99,2019-05-08 23:22:00,"828 Maple St, Austin, TX 73301",May
199047,34in Ultrawide Monitor,1,379.99,2019-05-26 17:35:00,"182 Center St, New York City, NY 10001",May
200714,34in Ultrawide Monitor,1,379.99,2019-05-19 19:34:00,"878 1st St, Seattle, WA 98101",May
209030,34in Ultrawide Monitor,1,379.99,2019-05-06 06:31:00,"985 10th St, Portland, OR 97035",May
205815,34in Ultrawide Monitor,1,379.99,2019-05-08 08:06:00,"633 8th St, San Francisco, CA 94016",May
208410,34in Ultrawide Monitor,1,379.99,2019-05-10 18:30:00,"13 South St, San Francisco, CA 94016",May
195764,34in Ultrawide Monitor,1,379.99,2019-05-01 11:27:00,"680 1st St, Seattle, WA 98101",May
200785,34in Ultrawide Monitor,1,379.99,2019-05-10 21:05:00,"570 10th St, Seattle, WA 98101",May
201376,34in Ultrawide Monitor,1,379.99,2019-05-09 11:16:00,"978 Highland St, San Francisco, CA 94016",May
203558,34in Ultrawide Monitor,1,379.99,2019-05-01 18:49:00,"336 Adams St, San Francisco, CA 94016",May
203003,34in Ultrawide Monitor,1,379.99,2019-05-15 22:03:00,"320 Elm St, New York City, NY 10001",May
209144,34in Ultrawide Monitor,1,379.99,2019-05-06 16:27:00,"540 Main St, Austin, TX 73301",May
202396,34in Ultrawide Monitor,1,379.99,2019-05-30 17:17:00,"150 Church St, San Francisco, CA 94016",May
195111,34in Ultrawide Monitor,1,379.99,2019-05-25 08:05:00,"328 Elm St, Austin, TX 73301",May
195616,34in Ultrawide Monitor,1,379.99,2019-05-07 11:59:00,"212 Washington St, Dallas, TX 75001",May
201772,34in Ultrawide Monitor,1,379.99,2019-05-20 12:36:00,"443 9th St, Dallas, TX 75001",May
202347,34in Ultrawide Monitor,1,379.99,2019-05-13 09:18:00,"929 Willow St, Boston, MA 02215",May
202553,34in Ultrawide Monitor,1,379.99,2019-05-31 23:20:00,"734 Spruce St, Los Angeles, CA 90001",May
204784,34in Ultrawide Monitor,1,379.99,2019-05-19 16:26:00,"287 South St, New York City, NY 10001",May
198928,34in Ultrawide Monitor,1,379.99,2019-05-08 22:46:00,"31 Pine St, Boston, MA 02215",May
202353,34in Ultrawide Monitor,1,379.99,2019-05-29 12:20:00,"456 Lakeview St, Atlanta, GA 30301",May
202401,34in Ultrawide Monitor,1,379.99,2019-05-30 06:36:00,"519 Pine St, Los Angeles, CA 90001",May
199529,34in Ultrawide Monitor,1,379.99,2019-05-03 16:38:00,"860 10th St, San Francisco, CA 94016",May
199575,34in Ultrawide Monitor,1,379.99,2019-05-08 12:33:00,"249 Hickory St, Austin, TX 73301",May
199646,34in Ultrawide Monitor,1,379.99,2019-05-06 11:32:00,"227 6th St, Seattle, WA 98101",May
194772,34in Ultrawide Monitor,1,379.99,2019-05-04 12:14:00,"340 Lincoln St, Seattle, WA 98101",May
197100,34in Ultrawide Monitor,1,379.99,2019-05-20 21:14:00,"352 8th St, Portland, OR 97035",May
197558,34in Ultrawide Monitor,1,379.99,2019-05-13 17:01:00,"587 Elm St, Los Angeles, CA 90001",May
203833,34in Ultrawide Monitor,1,379.99,2019-05-28 11:08:00,"174 Cedar St, Portland, OR 97035",May
204526,34in Ultrawide Monitor,1,379.99,2019-05-10 00:01:00,"312 Highland St, San Francisco, CA 94016",May
211035,34in Ultrawide Monitor,1,379.99,2019-06-23 14:03:00,"933 Hill St, San Francisco, CA 94016",June
213475,34in Ultrawide Monitor,1,379.99,2019-06-07 18:14:00,"924 Walnut St, Atlanta, GA 30301",June
218491,34in Ultrawide Monitor,1,379.99,2019-06-14 10:06:00,"702 2nd St, Austin, TX 73301",June
214223,34in Ultrawide Monitor,1,379.99,2019-06-26 14:35:00,"404 Cedar St, Austin, TX 73301",June
221684,34in Ultrawide Monitor,1,379.99,2019-06-25 17:20:00,"274 Main St, Seattle, WA 98101",June
213305,34in Ultrawide Monitor,1,379.99,2019-06-24 04:40:00,"505 Park St, Los Angeles, CA 90001",June
222021,34in Ultrawide Monitor,1,379.99,2019-06-17 16:25:00,"632 10th St, Los Angeles, CA 90001",June
212129,34in Ultrawide Monitor,1,379.99,2019-06-17 00:13:00,"151 Madison St, New York City, NY 10001",June
222211,34in Ultrawide Monitor,1,379.99,2019-06-02 09:59:00,"163 Elm St, San Francisco, CA 94016",June
220749,34in Ultrawide Monitor,1,379.99,2019-06-27 11:12:00,"966 Wilson St, New York City, NY 10001",June
216262,34in Ultrawide Monitor,1,379.99,2019-06-30 22:12:00,"486 River St, San Francisco, CA 94016",June
218383,34in Ultrawide Monitor,1,379.99,2019-06-17 19:51:00,"769 Hickory St, Los Angeles, CA 90001",June
219172,34in Ultrawide Monitor,1,379.99,2019-06-26 20:33:00,"46 Maple St, Los Angeles, CA 90001",June
221309,34in Ultrawide Monitor,1,379.99,2019-06-01 11:39:00,"510 Lakeview St, Portland, OR 97035",June
210452,34in Ultrawide Monitor,1,379.99,2019-06-13 12:03:00,"243 Center St, New York City, NY 10001",June
211139,34in Ultrawide Monitor,1,379.99,2019-06-12 15:18:00,"742 Spruce St, New York City, NY 10001",June
217821,34in Ultrawide Monitor,1,379.99,2019-06-02 14:31:00,"719 Chestnut St, Atlanta, GA 30301",June
219484,34in Ultrawide Monitor,1,379.99,2019-06-16 13:03:00,"688 Main St, San Francisco, CA 94016",June
222371,34in Ultrawide Monitor,1,379.99,2019-06-03 23:24:00,"164 14th St, Austin, TX 73301",June
221682,34in Ultrawide Monitor,1,379.99,2019-06-09 16:51:00,"942 Sunset St, New York City, NY 10001",June
215055,34in Ultrawide Monitor,1,379.99,2019-06-25 05:03:00,"52 5th St, Atlanta, GA 30301",June
217143,34in Ultrawide Monitor,1,379.99,2019-06-14 17:30:00,"844 Madison St, Austin, TX 73301",June
210731,34in Ultrawide Monitor,1,379.99,2019-06-26 19:53:00,"894 Sunset St, San Francisco, CA 94016",June
212868,34in Ultrawide Monitor,1,379.99,2019-06-11 20:56:00,"632 12th St, Boston, MA 02215",June
215378,34in Ultrawide Monitor,1,379.99,2019-06-21 15:00:00,"291 4th St, Dallas, TX 75001",June
217808,34in Ultrawide Monitor,1,379.99,2019-06-02 06:31:00,"986 10th St, Seattle, WA 98101",June
220643,34in Ultrawide Monitor,1,379.99,2019-06-30 11:37:00,"60 North St, Los Angeles, CA 90001",June
221355,34in Ultrawide Monitor,1,379.99,2019-06-10 09:02:00,"426 South St, Seattle, WA 98101",June
218691,34in Ultrawide Monitor,1,379.99,2019-06-29 12:34:00,"364 Church St, San Francisco, CA 94016",June
219579,34in Ultrawide Monitor,1,379.99,2019-06-21 12:59:00,"507 5th St, Atlanta, GA 30301",June
222100,34in Ultrawide Monitor,1,379.99,2019-06-23 20:59:00,"624 12th St, San Francisco, CA 94016",June
214511,34in Ultrawide Monitor,1,379.99,2019-06-15 20:05:00,"78 Highland St, Los Angeles, CA 90001",June
213687,34in Ultrawide Monitor,1,379.99,2019-06-15 21:00:00,"716 Sunset St, San Francisco, CA 94016",June
215675,34in Ultrawide Monitor,1,379.99,2019-06-10 19:24:00,"702 4th St, Atlanta, GA 30301",June
219055,34in Ultrawide Monitor,1,379.99,2019-06-08 12:47:00,"780 4th St, San Francisco, CA 94016",June
210844,34in Ultrawide Monitor,1,379.99,2019-06-12 11:12:00,"724 Lakeview St, Boston, MA 02215",June
219282,34in Ultrawide Monitor,1,379.99,2019-06-25 15:55:00,"932 Main St, San Francisco, CA 94016",June
219287,34in Ultrawide Monitor,1,379.99,2019-06-06 10:04:00,"463 Church St, San Francisco, CA 94016",June
217614,34in Ultrawide Monitor,1,379.99,2019-06-28 17:47:00,"899 8th St, Los Angeles, CA 90001",June
218995,34in Ultrawide Monitor,1,379.99,2019-06-20 12:51:00,"470 4th St, New York City, NY 10001",June
222332,34in Ultrawide Monitor,1,379.99,2019-06-04 14:22:00,"182 Lake St, Los Angeles, CA 90001",June
222278,34in Ultrawide Monitor,1,379.99,2019-06-08 18:45:00,"911 Dogwood St, Dallas, TX 75001",June
220154,34in Ultrawide Monitor,1,379.99,2019-06-22 17:15:00,"492 South St, Austin, TX 73301",June
212509,34in Ultrawide Monitor,1,379.99,2019-06-29 14:00:00,"826 Lakeview St, Boston, MA 02215",June
220692,34in Ultrawide Monitor,1,379.99,2019-06-27 12:57:00,"169 4th St, Boston, MA 02215",June
211018,34in Ultrawide Monitor,1,379.99,2019-06-24 18:21:00,"743 Main St, Seattle, WA 98101",June
215446,34in Ultrawide Monitor,1,379.99,2019-06-15 18:59:00,"477 Main St, Los Angeles, CA 90001",June
219176,34in Ultrawide Monitor,1,379.99,2019-06-20 16:09:00,"863 South St, Portland, OR 97035",June
220896,34in Ultrawide Monitor,1,379.99,2019-06-27 14:49:00,"647 Main St, Dallas, TX 75001",June
219581,34in Ultrawide Monitor,1,379.99,2019-06-18 20:34:00,"573 Johnson St, New York City, NY 10001",June
216878,34in Ultrawide Monitor,1,379.99,2019-06-18 19:36:00,"109 Wilson St, Boston, MA 02215",June
219504,34in Ultrawide Monitor,1,379.99,2019-06-25 19:34:00,"50 Johnson St, Dallas, TX 75001",June
221698,34in Ultrawide Monitor,1,379.99,2019-06-01 10:16:00,"171 Johnson St, San Francisco, CA 94016",June
211946,34in Ultrawide Monitor,1,379.99,2019-06-21 01:02:00,"157 Forest St, San Francisco, CA 94016",June
221554,34in Ultrawide Monitor,1,379.99,2019-06-22 20:12:00,"73 Center St, Atlanta, GA 30301",June
210200,34in Ultrawide Monitor,1,379.99,2019-06-14 20:33:00,"688 Lincoln St, Dallas, TX 75001",June
211098,34in Ultrawide Monitor,1,379.99,2019-06-02 16:17:00,"668 Dogwood St, Boston, MA 02215",June
218828,34in Ultrawide Monitor,1,379.99,2019-06-27 11:49:00,"149 Pine St, Boston, MA 02215",June
212973,34in Ultrawide Monitor,1,379.99,2019-06-29 04:59:00,"834 12th St, Dallas, TX 75001",June
216741,34in Ultrawide Monitor,1,379.99,2019-06-23 10:03:00,"832 10th St, Los Angeles, CA 90001",June
222786,34in Ultrawide Monitor,1,379.99,2019-06-21 13:20:00,"875 Johnson St, New York City, NY 10001",June
214619,34in Ultrawide Monitor,1,379.99,2019-06-22 10:45:00,"852 Lakeview St, San Francisco, CA 94016",June
210488,34in Ultrawide Monitor,1,379.99,2019-06-08 22:36:00,"835 Madison St, New York City, NY 10001",June
211186,34in Ultrawide Monitor,1,379.99,2019-06-13 16:07:00,"30 Main St, New York City, NY 10001",June
214121,34in Ultrawide Monitor,1,379.99,2019-06-20 19:12:00,"291 10th St, Los Angeles, CA 90001",June
215794,34in Ultrawide Monitor,1,379.99,2019-06-04 18:39:00,"674 9th St, Los Angeles, CA 90001",June
216438,34in Ultrawide Monitor,1,379.99,2019-06-18 17:12:00,"214 Ridge St, New York City, NY 10001",June
211255,34in Ultrawide Monitor,1,379.99,2019-06-30 17:25:00,"457 12th St, San Francisco, CA 94016",June
212638,34in Ultrawide Monitor,1,379.99,2019-06-14 22:40:00,"289 Park St, New York City, NY 10001",June
216993,34in Ultrawide Monitor,1,379.99,2019-06-07 21:02:00,"382 2nd St, San Francisco, CA 94016",June
220440,34in Ultrawide Monitor,1,379.99,2019-06-13 10:14:00,"845 Cedar St, Seattle, WA 98101",June
230001,34in Ultrawide Monitor,1,379.99,2019-07-30 12:23:00,"506 10th St, Austin, TX 73301",July
236482,34in Ultrawide Monitor,1,379.99,2019-07-13 18:01:00,"20 Cherry St, Seattle, WA 98101",July
232847,34in Ultrawide Monitor,1,379.99,2019-07-16 18:10:00,"515 North St, San Francisco, CA 94016",July
227018,34in Ultrawide Monitor,1,379.99,2019-07-29 22:18:00,"355 Cherry St, Dallas, TX 75001",July
234343,34in Ultrawide Monitor,1,379.99,2019-07-21 23:55:00,"92 7th St, San Francisco, CA 94016",July
235506,34in Ultrawide Monitor,1,379.99,2019-07-28 18:54:00,"415 4th St, Dallas, TX 75001",July
226543,34in Ultrawide Monitor,1,379.99,2019-07-10 08:47:00,"44 4th St, San Francisco, CA 94016",July
230919,34in Ultrawide Monitor,1,379.99,2019-07-19 18:49:00,"267 Park St, Los Angeles, CA 90001",July
232412,34in Ultrawide Monitor,1,379.99,2019-07-21 12:59:00,"785 South St, Seattle, WA 98101",July
224842,34in Ultrawide Monitor,1,379.99,2019-07-27 06:16:00,"303 Ridge St, Portland, ME 04101",July
230019,34in Ultrawide Monitor,1,379.99,2019-07-23 02:03:00,"942 Chestnut St, Austin, TX 73301",July
236300,34in Ultrawide Monitor,1,379.99,2019-07-02 14:09:00,"635 Meadow St, Los Angeles, CA 90001",July
236470,34in Ultrawide Monitor,1,379.99,2019-07-14 09:07:00,"867 Dogwood St, Dallas, TX 75001",July
225352,34in Ultrawide Monitor,1,379.99,2019-07-04 09:46:00,"178 9th St, Austin, TX 73301",July
227527,34in Ultrawide Monitor,1,379.99,2019-07-22 22:33:00,"299 Hill St, Atlanta, GA 30301",July
228688,34in Ultrawide Monitor,1,379.99,2019-07-25 00:06:00,"419 Cherry St, New York City, NY 10001",July
230430,34in Ultrawide Monitor,1,379.99,2019-07-21 11:39:00,"672 Center St, Los Angeles, CA 90001",July
231185,34in Ultrawide Monitor,1,379.99,2019-07-28 15:38:00,"907 4th St, San Francisco, CA 94016",July
223344,34in Ultrawide Monitor,1,379.99,2019-07-02 18:31:00,"765 Dogwood St, San Francisco, CA 94016",July
231430,34in Ultrawide Monitor,1,379.99,2019-07-29 21:32:00,"871 1st St, New York City, NY 10001",July
229403,34in Ultrawide Monitor,1,379.99,2019-07-28 20:57:00,"191 7th St, San Francisco, CA 94016",July
230762,34in Ultrawide Monitor,1,379.99,2019-07-24 17:37:00,"502 8th St, San Francisco, CA 94016",July
224313,34in Ultrawide Monitor,1,379.99,2019-07-19 20:18:00,"244 Church St, Los Angeles, CA 90001",July
227105,34in Ultrawide Monitor,1,379.99,2019-07-09 01:22:00,"646 Wilson St, Portland, ME 04101",July
229564,34in Ultrawide Monitor,1,379.99,2019-07-16 14:44:00,"466 7th St, Los Angeles, CA 90001",July
233791,34in Ultrawide Monitor,1,379.99,2019-07-08 09:41:00,"11 Maple St, Boston, MA 02215",July
227918,34in Ultrawide Monitor,1,379.99,2019-07-22 14:08:00,"910 8th St, Dallas, TX 75001",July
228955,34in Ultrawide Monitor,1,379.99,2019-07-23 21:42:00,"294 Johnson St, Seattle, WA 98101",July
230491,34in Ultrawide Monitor,1,379.99,2019-07-30 18:53:00,"482 14th St, Los Angeles, CA 90001",July
233147,34in Ultrawide Monitor,1,379.99,2019-07-06 12:03:00,"813 Cedar St, Portland, ME 04101",July
223277,34in Ultrawide Monitor,1,379.99,2019-07-09 12:18:00,"610 14th St, Atlanta, GA 30301",July
231980,34in Ultrawide Monitor,1,379.99,2019-07-02 11:49:00,"470 11th St, Los Angeles, CA 90001",July
233284,34in Ultrawide Monitor,1,379.99,2019-07-21 20:50:00,"301 River St, Austin, TX 73301",July
233998,34in Ultrawide Monitor,1,379.99,2019-07-20 15:29:00,"188 Park St, Portland, ME 04101",July
232967,34in Ultrawide Monitor,1,379.99,2019-07-21 16:24:00,"471 6th St, Dallas, TX 75001",July
230505,34in Ultrawide Monitor,1,379.99,2019-07-22 11:37:00,"472 Spruce St, San Francisco, CA 94016",July
227504,34in Ultrawide Monitor,1,379.99,2019-07-29 17:18:00,"561 Lincoln St, San Francisco, CA 94016",July
232028,34in Ultrawide Monitor,1,379.99,2019-07-29 05:21:00,"873 Hickory St, Boston, MA 02215",July
234976,34in Ultrawide Monitor,1,379.99,2019-07-27 22:58:00,"370 8th St, Austin, TX 73301",July
227564,34in Ultrawide Monitor,1,379.99,2019-07-14 17:22:00,"444 Lake St, San Francisco, CA 94016",July
227923,34in Ultrawide Monitor,1,379.99,2019-07-08 17:27:00,"516 Chestnut St, San Francisco, CA 94016",July
230744,34in Ultrawide Monitor,1,379.99,2019-07-20 11:27:00,"132 North St, Los Angeles, CA 90001",July
223753,34in Ultrawide Monitor,1,379.99,2019-07-08 13:02:00,"171 7th St, Los Angeles, CA 90001",July
233491,34in Ultrawide Monitor,1,379.99,2019-07-02 19:18:00,"343 Pine St, Los Angeles, CA 90001",July
234331,34in Ultrawide Monitor,1,379.99,2019-07-25 12:43:00,"632 Cherry St, San Francisco, CA 94016",July
235108,34in Ultrawide Monitor,1,379.99,2019-07-18 01:40:00,"70 Cherry St, Seattle, WA 98101",July
228901,34in Ultrawide Monitor,1,379.99,2019-07-31 21:05:00,"142 5th St, New York City, NY 10001",July
236257,34in Ultrawide Monitor,1,379.99,2019-07-10 21:38:00,"86 Dogwood St, Dallas, TX 75001",July
224925,34in Ultrawide Monitor,1,379.99,2019-07-23 13:10:00,"819 9th St, Boston, MA 02215",July
225554,34in Ultrawide Monitor,1,379.99,2019-07-11 20:08:00,"61 South St, San Francisco, CA 94016",July
226382,34in Ultrawide Monitor,1,379.99,2019-07-24 19:55:00,"912 Hill St, New York City, NY 10001",July
230291,34in Ultrawide Monitor,1,379.99,2019-07-09 12:27:00,"694 Pine St, Boston, MA 02215",July
224537,34in Ultrawide Monitor,1,379.99,2019-07-05 19:19:00,"98 Walnut St, Austin, TX 73301",July
226546,34in Ultrawide Monitor,1,379.99,2019-07-25 15:22:00,"512 Maple St, Boston, MA 02215",July
227828,34in Ultrawide Monitor,1,379.99,2019-07-24 23:17:00,"746 Ridge St, Dallas, TX 75001",July
228659,34in Ultrawide Monitor,1,379.99,2019-07-09 09:07:00,"216 7th St, Atlanta, GA 30301",July
233145,34in Ultrawide Monitor,1,379.99,2019-07-12 12:51:00,"449 8th St, Dallas, TX 75001",July
223822,34in Ultrawide Monitor,1,379.99,2019-07-18 22:23:00,"461 Sunset St, Los Angeles, CA 90001",July
225626,34in Ultrawide Monitor,1,379.99,2019-07-19 09:57:00,"456 Cherry St, Austin, TX 73301",July
233252,34in Ultrawide Monitor,1,379.99,2019-07-15 00:23:00,"90 Adams St, New York City, NY 10001",July
229100,34in Ultrawide Monitor,1,379.99,2019-07-12 20:43:00,"204 Meadow St, New York City, NY 10001",July
232598,34in Ultrawide Monitor,1,379.99,2019-07-10 08:15:00,"910 Elm St, Los Angeles, CA 90001",July
234345,34in Ultrawide Monitor,1,379.99,2019-07-21 00:54:00,"34 Jefferson St, New York City, NY 10001",July
234417,34in Ultrawide Monitor,1,379.99,2019-07-25 17:28:00,"952 7th St, Seattle, WA 98101",July
236346,34in Ultrawide Monitor,1,379.99,2019-07-23 07:24:00,"986 Spruce St, Portland, ME 04101",July
225441,34in Ultrawide Monitor,1,379.99,2019-07-12 01:59:00,"757 4th St, Atlanta, GA 30301",July
235377,34in Ultrawide Monitor,1,379.99,2019-07-07 20:44:00,"263 Ridge St, Los Angeles, CA 90001",July
225781,34in Ultrawide Monitor,1,379.99,2019-07-20 10:00:00,"306 11th St, Atlanta, GA 30301",July
226420,34in Ultrawide Monitor,1,379.99,2019-07-25 15:56:00,"179 Johnson St, Austin, TX 73301",July
227683,34in Ultrawide Monitor,1,379.99,2019-07-04 11:18:00,"664 5th St, San Francisco, CA 94016",July
234466,34in Ultrawide Monitor,1,379.99,2019-07-26 12:35:00,"588 Madison St, New York City, NY 10001",July
247662,34in Ultrawide Monitor,1,379.99,2019-08-06 13:21:00,"909 Lake St, San Francisco, CA 94016",August
237648,34in Ultrawide Monitor,1,379.99,2019-08-02 19:32:00,"457 Lincoln St, Los Angeles, CA 90001",August
236880,34in Ultrawide Monitor,1,379.99,2019-08-10 14:46:00,"631 Highland St, Atlanta, GA 30301",August
242891,34in Ultrawide Monitor,1,379.99,2019-08-20 14:38:00,"959 North St, Los Angeles, CA 90001",August
247614,34in Ultrawide Monitor,1,379.99,2019-08-05 18:19:00,"185 South St, Austin, TX 73301",August
247683,34in Ultrawide Monitor,1,379.99,2019-08-05 20:54:00,"647 Lakeview St, Atlanta, GA 30301",August
240646,34in Ultrawide Monitor,1,379.99,2019-08-26 18:46:00,"688 Maple St, San Francisco, CA 94016",August
247058,34in Ultrawide Monitor,1,379.99,2019-08-08 20:24:00,"286 Maple St, Seattle, WA 98101",August
239290,34in Ultrawide Monitor,1,379.99,2019-08-13 10:11:00,"15 9th St, New York City, NY 10001",August
241352,34in Ultrawide Monitor,1,379.99,2019-08-06 22:53:00,"116 Maple St, Seattle, WA 98101",August
247409,34in Ultrawide Monitor,1,379.99,2019-08-15 10:12:00,"886 Wilson St, Portland, OR 97035",August
238522,34in Ultrawide Monitor,1,379.99,2019-08-31 13:48:00,"93 Jefferson St, Dallas, TX 75001",August
241027,34in Ultrawide Monitor,1,379.99,2019-08-15 11:48:00,"954 2nd St, Austin, TX 73301",August
241290,34in Ultrawide Monitor,1,379.99,2019-08-15 16:30:00,"456 North St, Boston, MA 02215",August
247446,34in Ultrawide Monitor,1,379.99,2019-08-11 09:21:00,"415 Lakeview St, Boston, MA 02215",August
248142,34in Ultrawide Monitor,1,379.99,2019-08-25 09:35:00,"928 Sunset St, Seattle, WA 98101",August
244507,34in Ultrawide Monitor,1,379.99,2019-08-26 10:40:00,"702 Hickory St, Los Angeles, CA 90001",August
247529,34in Ultrawide Monitor,1,379.99,2019-08-29 10:32:00,"266 8th St, New York City, NY 10001",August
236688,34in Ultrawide Monitor,1,379.99,2019-08-08 16:06:00,"821 7th St, Los Angeles, CA 90001",August
240814,34in Ultrawide Monitor,1,379.99,2019-08-18 23:06:00,"709 7th St, San Francisco, CA 94016",August
239936,34in Ultrawide Monitor,1,379.99,2019-08-28 18:13:00,"704 7th St, Seattle, WA 98101",August
242715,34in Ultrawide Monitor,1,379.99,2019-08-10 08:10:00,"201 Jackson St, Boston, MA 02215",August
245776,34in Ultrawide Monitor,1,379.99,2019-08-25 21:44:00,"329 Wilson St, San Francisco, CA 94016",August
245343,34in Ultrawide Monitor,1,379.99,2019-08-11 13:13:00,"733 Willow St, Portland, ME 04101",August
244881,34in Ultrawide Monitor,1,379.99,2019-08-10 19:47:00,"747 Madison St, San Francisco, CA 94016",August
245826,34in Ultrawide Monitor,1,379.99,2019-08-24 22:35:00,"70 Lake St, San Francisco, CA 94016",August
238935,34in Ultrawide Monitor,1,379.99,2019-08-27 22:22:00,"77 2nd St, Boston, MA 02215",August
242957,34in Ultrawide Monitor,1,379.99,2019-08-17 08:23:00,"769 River St, New York City, NY 10001",August
245491,34in Ultrawide Monitor,1,379.99,2019-08-14 19:38:00,"867 West St, Boston, MA 02215",August
246594,34in Ultrawide Monitor,1,379.99,2019-08-26 16:26:00,"669 8th St, Dallas, TX 75001",August
240668,34in Ultrawide Monitor,1,379.99,2019-08-28 21:09:00,"454 Willow St, San Francisco, CA 94016",August
241469,34in Ultrawide Monitor,1,379.99,2019-08-18 15:37:00,"323 9th St, San Francisco, CA 94016",August
245252,34in Ultrawide Monitor,1,379.99,2019-08-06 11:40:00,"84 West St, San Francisco, CA 94016",August
241714,34in Ultrawide Monitor,1,379.99,2019-08-06 17:05:00,"979 11th St, Boston, MA 02215",August
239528,34in Ultrawide Monitor,1,379.99,2019-08-06 11:54:00,"889 2nd St, Portland, OR 97035",August
245001,34in Ultrawide Monitor,1,379.99,2019-08-10 12:21:00,"35 Hickory St, Seattle, WA 98101",August
245521,34in Ultrawide Monitor,1,379.99,2019-08-13 00:59:00,"300 Highland St, San Francisco, CA 94016",August
242069,34in Ultrawide Monitor,1,379.99,2019-08-10 23:24:00,"848 6th St, San Francisco, CA 94016",August
242122,34in Ultrawide Monitor,1,379.99,2019-08-29 22:08:00,"51 River St, New York City, NY 10001",August
245501,34in Ultrawide Monitor,1,379.99,2019-08-17 22:04:00,"320 Walnut St, Austin, TX 73301",August
237233,34in Ultrawide Monitor,1,379.99,2019-08-17 02:40:00,"962 7th St, Boston, MA 02215",August
237378,34in Ultrawide Monitor,1,379.99,2019-08-26 09:13:00,"741 13th St, San Francisco, CA 94016",August
241058,34in Ultrawide Monitor,1,379.99,2019-08-04 16:59:00,"218 2nd St, Dallas, TX 75001",August
238524,34in Ultrawide Monitor,1,379.99,2019-08-09 12:53:00,"872 1st St, San Francisco, CA 94016",August
243691,34in Ultrawide Monitor,1,379.99,2019-08-15 22:59:00,"667 11th St, Atlanta, GA 30301",August
244722,34in Ultrawide Monitor,1,379.99,2019-08-27 13:35:00,"300 West St, Dallas, TX 75001",August
239072,34in Ultrawide Monitor,1,379.99,2019-08-31 22:29:00,"498 Jackson St, San Francisco, CA 94016",August
238894,34in Ultrawide Monitor,1,379.99,2019-08-28 20:32:00,"409 Lincoln St, Atlanta, GA 30301",August
237462,34in Ultrawide Monitor,1,379.99,2019-08-21 00:09:00,"943 10th St, Boston, MA 02215",August
240320,34in Ultrawide Monitor,1,379.99,2019-08-06 02:43:00,"5 Meadow St, New York City, NY 10001",August
240598,34in Ultrawide Monitor,1,379.99,2019-08-10 22:49:00,"872 River St, Seattle, WA 98101",August
243320,34in Ultrawide Monitor,1,379.99,2019-08-15 07:09:00,"29 Main St, Boston, MA 02215",August
237214,34in Ultrawide Monitor,1,379.99,2019-08-26 17:55:00,"908 Madison St, San Francisco, CA 94016",August
239253,34in Ultrawide Monitor,1,379.99,2019-08-23 17:46:00,"43 8th St, Los Angeles, CA 90001",August
239710,34in Ultrawide Monitor,1,379.99,2019-08-30 18:27:00,"862 Maple St, San Francisco, CA 94016",August
243615,34in Ultrawide Monitor,1,379.99,2019-08-29 21:16:00,"308 Hill St, Dallas, TX 75001",August
240154,34in Ultrawide Monitor,1,379.99,2019-08-05 10:41:00,"721 Walnut St, Los Angeles, CA 90001",August
244368,34in Ultrawide Monitor,1,379.99,2019-08-30 20:31:00,"879 Park St, New York City, NY 10001",August
237318,34in Ultrawide Monitor,1,379.99,2019-08-10 17:15:00,"123 Dogwood St, San Francisco, CA 94016",August
242781,34in Ultrawide Monitor,1,379.99,2019-08-19 19:30:00,"587 Church St, Los Angeles, CA 90001",August
239142,34in Ultrawide Monitor,1,379.99,2019-08-15 22:43:00,"978 Walnut St, San Francisco, CA 94016",August
239712,34in Ultrawide Monitor,1,379.99,2019-08-25 10:51:00,"758 4th St, San Francisco, CA 94016",August
240655,34in Ultrawide Monitor,1,379.99,2019-08-14 16:39:00,"913 Washington St, Dallas, TX 75001",August
243954,34in Ultrawide Monitor,1,379.99,2019-08-14 19:07:00,"922 Adams St, Austin, TX 73301",August
245985,34in Ultrawide Monitor,1,379.99,2019-08-20 14:37:00,"18 Adams St, Seattle, WA 98101",August
246780,34in Ultrawide Monitor,1,379.99,2019-08-22 20:44:00,"453 Park St, San Francisco, CA 94016",August
251996,34in Ultrawide Monitor,1,379.99,2019-09-08 19:41:00,"401 Sunset St, Atlanta, GA 30301",September
257821,34in Ultrawide Monitor,1,379.99,2019-09-12 18:44:00,"27 Center St, New York City, NY 10001",September
257939,34in Ultrawide Monitor,1,379.99,2019-09-16 00:01:00,"389 Maple St, Dallas, TX 75001",September
250812,34in Ultrawide Monitor,1,379.99,2019-09-12 17:00:00,"302 11th St, Dallas, TX 75001",September
256455,34in Ultrawide Monitor,1,379.99,2019-09-30 14:05:00,"874 Walnut St, Los Angeles, CA 90001",September
251093,34in Ultrawide Monitor,1,379.99,2019-09-18 17:28:00,"726 11th St, Boston, MA 02215",September
255428,34in Ultrawide Monitor,1,379.99,2019-09-28 12:37:00,"254 6th St, Portland, OR 97035",September
248976,34in Ultrawide Monitor,1,379.99,2019-09-11 11:12:00,"498 2nd St, Los Angeles, CA 90001",September
257319,34in Ultrawide Monitor,1,379.99,2019-09-25 17:56:00,"988 Lakeview St, Austin, TX 73301",September
252054,34in Ultrawide Monitor,1,379.99,2019-09-30 10:52:00,"438 Hill St, Seattle, WA 98101",September
257223,34in Ultrawide Monitor,1,379.99,2019-09-30 15:12:00,"744 Pine St, San Francisco, CA 94016",September
257224,34in Ultrawide Monitor,1,379.99,2019-09-09 00:35:00,"93 Walnut St, Los Angeles, CA 90001",September
250849,34in Ultrawide Monitor,1,379.99,2019-09-27 18:54:00,"552 South St, Atlanta, GA 30301",September
259303,34in Ultrawide Monitor,1,379.99,2019-09-20 20:18:00,"106 7th St, Atlanta, GA 30301",September
248183,34in Ultrawide Monitor,1,379.99,2019-09-18 17:47:00,"968 Ridge St, San Francisco, CA 94016",September
249905,34in Ultrawide Monitor,1,379.99,2019-09-05 10:05:00,"806 Willow St, Atlanta, GA 30301",September
254958,34in Ultrawide Monitor,1,379.99,2019-09-07 07:19:00,"409 Walnut St, San Francisco, CA 94016",September
250766,34in Ultrawide Monitor,1,379.99,2019-09-01 12:58:00,"278 11th St, Dallas, TX 75001",September
251666,34in Ultrawide Monitor,1,379.99,2019-09-27 08:59:00,"606 13th St, Los Angeles, CA 90001",September
258778,34in Ultrawide Monitor,1,379.99,2019-09-27 16:49:00,"280 Forest St, Seattle, WA 98101",September
253417,34in Ultrawide Monitor,1,379.99,2019-09-03 07:01:00,"779 7th St, Seattle, WA 98101",September
254628,34in Ultrawide Monitor,1,379.99,2019-09-28 17:22:00,"141 Pine St, New York City, NY 10001",September
257514,34in Ultrawide Monitor,1,379.99,2019-09-13 15:12:00,"886 10th St, Austin, TX 73301",September
254878,34in Ultrawide Monitor,1,379.99,2019-09-25 18:43:00,"324 Jefferson St, Seattle, WA 98101",September
259189,34in Ultrawide Monitor,1,379.99,2019-09-19 12:26:00,"467 Spruce St, Portland, OR 97035",September
248558,34in Ultrawide Monitor,1,379.99,2019-09-27 16:56:00,"665 Meadow St, San Francisco, CA 94016",September
248589,34in Ultrawide Monitor,1,379.99,2019-09-18 18:33:00,"196 Lakeview St, Seattle, WA 98101",September
254823,34in Ultrawide Monitor,1,379.99,2019-09-26 18:23:00,"217 10th St, Los Angeles, CA 90001",September
257050,34in Ultrawide Monitor,1,379.99,2019-09-04 14:10:00,"549 8th St, Los Angeles, CA 90001",September
248406,34in Ultrawide Monitor,1,379.99,2019-09-05 16:50:00,"631 Highland St, Los Angeles, CA 90001",September
248931,34in Ultrawide Monitor,1,379.99,2019-09-16 16:17:00,"715 Johnson St, Seattle, WA 98101",September
250516,34in Ultrawide Monitor,1,379.99,2019-09-05 19:19:00,"572 South St, San Francisco, CA 94016",September
256544,34in Ultrawide Monitor,1,379.99,2019-09-18 09:23:00,"693 Jefferson St, Los Angeles, CA 90001",September
252780,34in Ultrawide Monitor,1,379.99,2019-09-25 13:53:00,"677 1st St, San Francisco, CA 94016",September
254353,34in Ultrawide Monitor,1,379.99,2019-09-15 12:01:00,"269 Spruce St, Seattle, WA 98101",September
255264,34in Ultrawide Monitor,2,379.99,2019-09-25 19:40:00,"945 Chestnut St, New York City, NY 10001",September
248156,34in Ultrawide Monitor,1,379.99,2019-09-13 14:59:00,"469 12th St, Los Angeles, CA 90001",September
252740,34in Ultrawide Monitor,1,379.99,2019-09-23 19:25:00,"617 Madison St, Dallas, TX 75001",September
256118,34in Ultrawide Monitor,1,379.99,2019-09-29 13:21:00,"488 4th St, Austin, TX 73301",September
253671,34in Ultrawide Monitor,1,379.99,2019-09-01 18:55:00,"274 Elm St, San Francisco, CA 94016",September
255307,34in Ultrawide Monitor,1,379.99,2019-09-18 11:41:00,"714 2nd St, San Francisco, CA 94016",September
258814,34in Ultrawide Monitor,1,379.99,2019-09-14 23:07:00,"515 South St, Atlanta, GA 30301",September
251749,34in Ultrawide Monitor,1,379.99,2019-09-15 13:25:00,"512 Jackson St, Dallas, TX 75001",September
255731,34in Ultrawide Monitor,1,379.99,2019-09-17 09:23:00,"332 South St, Portland, OR 97035",September
260137,34in Ultrawide Monitor,1,379.99,2019-10-10 19:24:00,"801 West St, Austin, TX 73301",October
261071,34in Ultrawide Monitor,1,379.99,2019-10-02 16:52:00,"49 Dogwood St, Portland, OR 97035",October
262529,34in Ultrawide Monitor,1,379.99,2019-10-23 13:44:00,"832 Dogwood St, San Francisco, CA 94016",October
274389,34in Ultrawide Monitor,1,379.99,2019-10-29 20:16:00,"747 Lake St, San Francisco, CA 94016",October
277709,34in Ultrawide Monitor,1,379.99,2019-10-15 17:36:00,"679 11th St, Los Angeles, CA 90001",October
278147,34in Ultrawide Monitor,1,379.99,2019-10-27 11:47:00,"459 9th St, Seattle, WA 98101",October
271196,34in Ultrawide Monitor,1,379.99,2019-10-09 12:14:00,"136 1st St, New York City, NY 10001",October
260051,34in Ultrawide Monitor,1,379.99,2019-10-19 10:50:00,"777 North St, San Francisco, CA 94016",October
265065,34in Ultrawide Monitor,1,379.99,2019-10-31 20:35:00,"120 Wilson St, San Francisco, CA 94016",October
267468,34in Ultrawide Monitor,1,379.99,2019-10-28 14:36:00,"890 4th St, Atlanta, GA 30301",October
271226,34in Ultrawide Monitor,1,379.99,2019-10-05 18:26:00,"559 2nd St, San Francisco, CA 94016",October
275096,34in Ultrawide Monitor,1,379.99,2019-10-23 21:09:00,"113 Adams St, Portland, OR 97035",October
260479,34in Ultrawide Monitor,1,379.99,2019-10-25 19:30:00,"737 West St, San Francisco, CA 94016",October
260717,34in Ultrawide Monitor,1,379.99,2019-10-24 18:15:00,"12 Park St, New York City, NY 10001",October
272961,34in Ultrawide Monitor,1,379.99,2019-10-27 07:27:00,"121 Walnut St, Portland, OR 97035",October
273931,34in Ultrawide Monitor,1,379.99,2019-10-25 12:04:00,"83 Washington St, Portland, OR 97035",October
270420,34in Ultrawide Monitor,1,379.99,2019-10-10 19:57:00,"676 Highland St, San Francisco, CA 94016",October
273479,34in Ultrawide Monitor,1,379.99,2019-10-02 19:15:00,"28 Center St, Boston, MA 02215",October
274900,34in Ultrawide Monitor,1,379.99,2019-10-10 16:42:00,"620 2nd St, Portland, OR 97035",October
260714,34in Ultrawide Monitor,1,379.99,2019-10-31 14:19:00,"791 8th St, Atlanta, GA 30301",October
263592,34in Ultrawide Monitor,1,379.99,2019-10-12 20:48:00,"659 West St, Los Angeles, CA 90001",October
271942,34in Ultrawide Monitor,1,379.99,2019-10-03 10:16:00,"584 Hill St, Atlanta, GA 30301",October
276619,34in Ultrawide Monitor,1,379.99,2019-10-12 21:21:00,"780 12th St, San Francisco, CA 94016",October
277290,34in Ultrawide Monitor,1,379.99,2019-10-21 02:31:00,"169 Cherry St, Los Angeles, CA 90001",October
262946,34in Ultrawide Monitor,1,379.99,2019-10-04 15:53:00,"99 14th St, Atlanta, GA 30301",October
264836,34in Ultrawide Monitor,1,379.99,2019-10-18 18:10:00,"54 9th St, San Francisco, CA 94016",October
265501,34in Ultrawide Monitor,1,379.99,2019-10-10 17:15:00,"366 Cedar St, New York City, NY 10001",October
266031,34in Ultrawide Monitor,1,379.99,2019-10-23 18:30:00,"201 6th St, New York City, NY 10001",October
269761,34in Ultrawide Monitor,1,379.99,2019-10-24 18:05:00,"509 Main St, Seattle, WA 98101",October
271830,34in Ultrawide Monitor,1,379.99,2019-10-26 23:12:00,"713 Pine St, San Francisco, CA 94016",October
273862,34in Ultrawide Monitor,1,379.99,2019-10-21 20:26:00,"349 Hickory St, New York City, NY 10001",October
260004,34in Ultrawide Monitor,1,379.99,2019-10-21 21:34:00,"690 13th St, San Francisco, CA 94016",October
262423,34in Ultrawide Monitor,1,379.99,2019-10-28 11:48:00,"887 Elm St, Dallas, TX 75001",October
275252,34in Ultrawide Monitor,1,379.99,2019-10-08 17:29:00,"727 Cedar St, San Francisco, CA 94016",October
277661,34in Ultrawide Monitor,1,379.99,2019-10-11 11:38:00,"809 North St, Dallas, TX 75001",October
260621,34in Ultrawide Monitor,1,379.99,2019-10-21 09:56:00,"812 Hickory St, Austin, TX 73301",October
260957,34in Ultrawide Monitor,1,379.99,2019-10-02 09:56:00,"43 Highland St, Dallas, TX 75001",October
261941,34in Ultrawide Monitor,1,379.99,2019-10-15 23:44:00,"800 Park St, New York City, NY 10001",October
263360,34in Ultrawide Monitor,1,379.99,2019-10-03 17:37:00,"507 Dogwood St, San Francisco, CA 94016",October
272724,34in Ultrawide Monitor,1,379.99,2019-10-30 06:55:00,"21 1st St, Austin, TX 73301",October
277698,34in Ultrawide Monitor,1,379.99,2019-10-27 23:20:00,"201 Forest St, New York City, NY 10001",October
277549,34in Ultrawide Monitor,1,379.99,2019-10-23 19:07:00,"262 4th St, New York City, NY 10001",October
259722,34in Ultrawide Monitor,1,379.99,2019-10-22 19:14:00,"47 Hickory St, Los Angeles, CA 90001",October
260352,34in Ultrawide Monitor,1,379.99,2019-10-02 11:57:00,"126 Cherry St, San Francisco, CA 94016",October
264405,34in Ultrawide Monitor,1,379.99,2019-10-17 12:03:00,"516 Wilson St, New York City, NY 10001",October
259524,34in Ultrawide Monitor,1,379.99,2019-10-12 21:04:00,"384 Chestnut St, San Francisco, CA 94016",October
273738,34in Ultrawide Monitor,1,379.99,2019-10-31 11:43:00,"400 River St, Boston, MA 02215",October
275310,34in Ultrawide Monitor,1,379.99,2019-10-16 21:42:00,"675 Hickory St, San Francisco, CA 94016",October
277604,34in Ultrawide Monitor,1,379.99,2019-10-03 04:07:00,"78 8th St, Portland, OR 97035",October
265294,34in Ultrawide Monitor,1,379.99,2019-10-18 10:17:00,"513 7th St, Dallas, TX 75001",October
273233,34in Ultrawide Monitor,1,379.99,2019-10-16 10:07:00,"502 Sunset St, New York City, NY 10001",October
261615,34in Ultrawide Monitor,1,379.99,2019-10-28 12:29:00,"98 Chestnut St, Atlanta, GA 30301",October
267992,34in Ultrawide Monitor,1,379.99,2019-10-25 22:54:00,"884 Johnson St, Los Angeles, CA 90001",October
263508,34in Ultrawide Monitor,1,379.99,2019-10-21 19:06:00,"765 Jefferson St, Dallas, TX 75001",October
268292,34in Ultrawide Monitor,1,379.99,2019-10-14 12:39:00,"558 West St, San Francisco, CA 94016",October
270349,34in Ultrawide Monitor,1,379.99,2019-10-14 06:34:00,"637 West St, Atlanta, GA 30301",October
259451,34in Ultrawide Monitor,1,379.99,2019-10-13 19:46:00,"951 Elm St, Dallas, TX 75001",October
264262,34in Ultrawide Monitor,1,379.99,2019-10-01 19:27:00,"637 7th St, Atlanta, GA 30301",October
264684,34in Ultrawide Monitor,1,379.99,2019-10-30 09:56:00,"26 Hickory St, New York City, NY 10001",October
264904,34in Ultrawide Monitor,1,379.99,2019-10-11 15:05:00,"591 Main St, New York City, NY 10001",October
267589,34in Ultrawide Monitor,1,379.99,2019-10-26 18:28:00,"921 5th St, Los Angeles, CA 90001",October
275848,34in Ultrawide Monitor,1,379.99,2019-10-31 13:39:00,"696 Hill St, San Francisco, CA 94016",October
278701,34in Ultrawide Monitor,1,379.99,2019-10-10 10:32:00,"71 9th St, New York City, NY 10001",October
264930,34in Ultrawide Monitor,1,379.99,2019-10-12 13:19:00,"840 14th St, Atlanta, GA 30301",October
268622,34in Ultrawide Monitor,1,379.99,2019-10-17 11:09:00,"859 River St, Dallas, TX 75001",October
278318,34in Ultrawide Monitor,1,379.99,2019-10-27 12:15:00,"569 Highland St, San Francisco, CA 94016",October
272291,34in Ultrawide Monitor,1,379.99,2019-10-20 19:24:00,"263 7th St, Austin, TX 73301",October
275239,34in Ultrawide Monitor,1,379.99,2019-10-10 14:31:00,"453 Maple St, New York City, NY 10001",October
277065,34in Ultrawide Monitor,1,379.99,2019-10-14 06:03:00,"430 South St, Dallas, TX 75001",October
277542,34in Ultrawide Monitor,1,379.99,2019-10-22 11:46:00,"139 Church St, New York City, NY 10001",October
262371,34in Ultrawide Monitor,1,379.99,2019-10-23 22:48:00,"514 Ridge St, Atlanta, GA 30301",October
266923,34in Ultrawide Monitor,1,379.99,2019-10-17 20:43:00,"97 Main St, Los Angeles, CA 90001",October
274762,34in Ultrawide Monitor,1,379.99,2019-10-02 18:48:00,"739 Pine St, San Francisco, CA 94016",October
261105,34in Ultrawide Monitor,1,379.99,2019-10-20 18:14:00,"454 Hill St, Los Angeles, CA 90001",October
264713,34in Ultrawide Monitor,1,379.99,2019-10-09 14:30:00,"986 North St, Boston, MA 02215",October
270869,34in Ultrawide Monitor,1,379.99,2019-10-03 11:11:00,"444 Lake St, Los Angeles, CA 90001",October
272749,34in Ultrawide Monitor,1,379.99,2019-10-17 22:51:00,"490 Walnut St, San Francisco, CA 94016",October
277692,34in Ultrawide Monitor,1,379.99,2019-10-14 22:43:00,"577 Cherry St, San Francisco, CA 94016",October
264780,34in Ultrawide Monitor,1,379.99,2019-10-16 16:44:00,"350 Wilson St, Portland, OR 97035",October
275500,34in Ultrawide Monitor,1,379.99,2019-10-08 19:26:00,"734 Lakeview St, New York City, NY 10001",October
270547,34in Ultrawide Monitor,1,379.99,2019-10-12 16:56:00,"931 Church St, San Francisco, CA 94016",October
278375,34in Ultrawide Monitor,1,379.99,2019-10-30 21:53:00,"377 Dogwood St, Boston, MA 02215",October
259518,34in Ultrawide Monitor,1,379.99,2019-10-25 14:09:00,"662 West St, San Francisco, CA 94016",October
275562,34in Ultrawide Monitor,1,379.99,2019-10-29 14:52:00,"877 Jefferson St, Dallas, TX 75001",October
260546,34in Ultrawide Monitor,1,379.99,2019-10-06 20:54:00,"645 Johnson St, Atlanta, GA 30301",October
274190,34in Ultrawide Monitor,1,379.99,2019-10-21 20:08:00,"449 Chestnut St, San Francisco, CA 94016",October
276207,34in Ultrawide Monitor,1,379.99,2019-10-05 00:31:00,"873 Walnut St, San Francisco, CA 94016",October
263158,34in Ultrawide Monitor,1,379.99,2019-10-03 12:57:00,"64 Dogwood St, Atlanta, GA 30301",October
269251,34in Ultrawide Monitor,1,379.99,2019-10-13 22:37:00,"590 Willow St, Atlanta, GA 30301",October
272529,34in Ultrawide Monitor,1,379.99,2019-10-18 15:51:00,"460 Jefferson St, Dallas, TX 75001",October
278250,34in Ultrawide Monitor,1,379.99,2019-10-09 06:35:00,"902 Pine St, San Francisco, CA 94016",October
262470,34in Ultrawide Monitor,1,379.99,2019-10-19 18:18:00,"129 5th St, Dallas, TX 75001",October
271498,34in Ultrawide Monitor,1,379.99,2019-10-11 18:10:00,"321 9th St, Los Angeles, CA 90001",October
276377,34in Ultrawide Monitor,1,379.99,2019-10-07 23:08:00,"231 Cedar St, San Francisco, CA 94016",October
264746,34in Ultrawide Monitor,1,379.99,2019-10-26 12:20:00,"163 Lakeview St, San Francisco, CA 94016",October
268468,34in Ultrawide Monitor,1,379.99,2019-10-31 12:13:00,"404 Washington St, New York City, NY 10001",October
275243,34in Ultrawide Monitor,1,379.99,2019-10-15 13:28:00,"686 2nd St, Los Angeles, CA 90001",October
278136,34in Ultrawide Monitor,1,379.99,2019-10-10 16:54:00,"355 Lake St, Los Angeles, CA 90001",October
278269,34in Ultrawide Monitor,1,379.99,2019-10-05 11:49:00,"630 Meadow St, New York City, NY 10001",October
262094,34in Ultrawide Monitor,1,379.99,2019-10-29 11:59:00,"762 14th St, San Francisco, CA 94016",October
262666,34in Ultrawide Monitor,1,379.99,2019-10-28 23:49:00,"705 Ridge St, Austin, TX 73301",October
266224,34in Ultrawide Monitor,1,379.99,2019-10-15 19:36:00,"425 14th St, New York City, NY 10001",October
275427,34in Ultrawide Monitor,1,379.99,2019-10-26 12:54:00,"154 10th St, Dallas, TX 75001",October
278754,34in Ultrawide Monitor,1,379.99,2019-10-30 19:54:00,"798 Lincoln St, Austin, TX 73301",October
265028,34in Ultrawide Monitor,1,379.99,2019-10-12 16:19:00,"337 13th St, Portland, OR 97035",October
267060,34in Ultrawide Monitor,1,379.99,2019-10-05 20:33:00,"162 River St, San Francisco, CA 94016",October
276141,34in Ultrawide Monitor,1,379.99,2019-10-26 23:41:00,"633 Church St, New York City, NY 10001",October
263534,34in Ultrawide Monitor,1,379.99,2019-10-23 09:38:00,"429 4th St, Seattle, WA 98101",October
277925,34in Ultrawide Monitor,1,379.99,2019-10-07 08:27:00,"490 Johnson St, Portland, ME 04101",October
278554,34in Ultrawide Monitor,1,379.99,2019-10-24 16:19:00,"25 Jefferson St, Boston, MA 02215",October
259840,34in Ultrawide Monitor,1,379.99,2019-10-06 13:32:00,"755 Church St, Austin, TX 73301",October
270173,34in Ultrawide Monitor,1,379.99,2019-10-21 16:32:00,"967 9th St, New York City, NY 10001",October
277136,34in Ultrawide Monitor,1,379.99,2019-10-28 12:18:00,"409 Hickory St, Dallas, TX 75001",October
278745,34in Ultrawide Monitor,1,379.99,2019-10-26 12:39:00,"311 Pine St, New York City, NY 10001",October
286764,34in Ultrawide Monitor,1,379.99,2019-11-09 19:55:00,"622 14th St, Austin, TX 73301",November
293112,34in Ultrawide Monitor,1,379.99,2019-11-11 18:29:00,"92 Lakeview St, Seattle, WA 98101",November
294615,34in Ultrawide Monitor,1,379.99,2019-11-22 18:27:00,"215 Highland St, New York City, NY 10001",November
280557,34in Ultrawide Monitor,1,379.99,2019-11-18 20:42:00,"551 Cherry St, San Francisco, CA 94016",November
280571,34in Ultrawide Monitor,1,379.99,2019-11-13 12:24:00,"30 Church St, Boston, MA 02215",November
281575,34in Ultrawide Monitor,1,379.99,2019-11-04 13:14:00,"919 Meadow St, Seattle, WA 98101",November
284918,34in Ultrawide Monitor,1,379.99,2019-11-26 00:19:00,"204 River St, San Francisco, CA 94016",November
292934,34in Ultrawide Monitor,1,379.99,2019-11-02 16:38:00,"952 10th St, Los Angeles, CA 90001",November
283229,34in Ultrawide Monitor,1,379.99,2019-11-04 19:11:00,"978 Ridge St, Dallas, TX 75001",November
283469,34in Ultrawide Monitor,1,379.99,2019-11-24 11:14:00,"450 Park St, Los Angeles, CA 90001",November
283510,34in Ultrawide Monitor,1,379.99,2019-11-10 17:02:00,"170 7th St, Austin, TX 73301",November
286192,34in Ultrawide Monitor,1,379.99,2019-11-24 19:02:00,"213 Church St, Atlanta, GA 30301",November
286676,34in Ultrawide Monitor,1,379.99,2019-11-07 17:56:00,"156 Elm St, San Francisco, CA 94016",November
288455,34in Ultrawide Monitor,1,379.99,2019-11-12 21:42:00,"149 6th St, Atlanta, GA 30301",November
291878,34in Ultrawide Monitor,1,379.99,2019-11-07 17:50:00,"966 Hickory St, Dallas, TX 75001",November
287364,34in Ultrawide Monitor,1,379.99,2019-11-14 05:17:00,"181 Hill St, San Francisco, CA 94016",November
289848,34in Ultrawide Monitor,1,379.99,2019-11-26 21:55:00,"459 Dogwood St, Dallas, TX 75001",November
285382,34in Ultrawide Monitor,1,379.99,2019-11-19 10:20:00,"313 13th St, San Francisco, CA 94016",November
283944,34in Ultrawide Monitor,1,379.99,2019-11-30 18:09:00,"350 6th St, Boston, MA 02215",November
292658,34in Ultrawide Monitor,1,379.99,2019-11-23 09:47:00,"145 Cedar St, Dallas, TX 75001",November
294195,34in Ultrawide Monitor,1,379.99,2019-11-16 16:56:00,"981 Jefferson St, New York City, NY 10001",November
294348,34in Ultrawide Monitor,1,379.99,2019-11-06 17:05:00,"975 Lincoln St, New York City, NY 10001",November
294379,34in Ultrawide Monitor,1,379.99,2019-11-30 09:00:00,"569 Cherry St, Boston, MA 02215",November
280480,34in Ultrawide Monitor,1,379.99,2019-11-04 08:08:00,"635 Center St, San Francisco, CA 94016",November
279992,34in Ultrawide Monitor,1,379.99,2019-11-02 00:01:00,"721 8th St, San Francisco, CA 94016",November
281468,34in Ultrawide Monitor,1,379.99,2019-11-15 14:13:00,"338 Walnut St, Seattle, WA 98101",November
284380,34in Ultrawide Monitor,1,379.99,2019-11-27 22:18:00,"958 10th St, Austin, TX 73301",November
282485,34in Ultrawide Monitor,1,379.99,2019-11-05 20:12:00,"956 10th St, Dallas, TX 75001",November
291747,34in Ultrawide Monitor,1,379.99,2019-11-01 21:17:00,"726 7th St, Los Angeles, CA 90001",November
278885,34in Ultrawide Monitor,1,379.99,2019-11-12 18:53:00,"129 Ridge St, Austin, TX 73301",November
285349,34in Ultrawide Monitor,1,379.99,2019-11-08 13:22:00,"51 Madison St, Dallas, TX 75001",November
290859,34in Ultrawide Monitor,1,379.99,2019-11-18 12:38:00,"545 Cherry St, Atlanta, GA 30301",November
292627,34in Ultrawide Monitor,1,379.99,2019-11-29 13:31:00,"50 1st St, Portland, OR 97035",November
279402,34in Ultrawide Monitor,1,379.99,2019-11-11 05:03:00,"315 11th St, Boston, MA 02215",November
280891,34in Ultrawide Monitor,1,379.99,2019-11-12 19:40:00,"548 Chestnut St, Seattle, WA 98101",November
286335,34in Ultrawide Monitor,1,379.99,2019-11-06 21:21:00,"276 Walnut St, Los Angeles, CA 90001",November
293510,34in Ultrawide Monitor,1,379.99,2019-11-26 16:41:00,"330 7th St, Los Angeles, CA 90001",November
286644,34in Ultrawide Monitor,1,379.99,2019-11-15 15:26:00,"377 7th St, Boston, MA 02215",November
290179,34in Ultrawide Monitor,1,379.99,2019-11-12 15:50:00,"297 Wilson St, Boston, MA 02215",November
294217,34in Ultrawide Monitor,1,379.99,2019-11-29 17:13:00,"666 Sunset St, New York City, NY 10001",November
279901,34in Ultrawide Monitor,1,379.99,2019-11-25 12:42:00,"603 Hill St, Atlanta, GA 30301",November
282669,34in Ultrawide Monitor,1,379.99,2019-11-23 17:53:00,"461 River St, Austin, TX 73301",November
290084,34in Ultrawide Monitor,1,379.99,2019-11-18 12:43:00,"51 Center St, San Francisco, CA 94016",November
290590,34in Ultrawide Monitor,1,379.99,2019-11-03 15:42:00,"244 Jackson St, Boston, MA 02215",November
281655,34in Ultrawide Monitor,1,379.99,2019-11-17 17:47:00,"933 Johnson St, Seattle, WA 98101",November
282528,34in Ultrawide Monitor,1,379.99,2019-11-09 07:00:00,"294 Sunset St, Portland, OR 97035",November
286029,34in Ultrawide Monitor,1,379.99,2019-11-10 20:11:00,"613 Pine St, Los Angeles, CA 90001",November
287016,34in Ultrawide Monitor,1,379.99,2019-11-10 13:48:00,"781 Cedar St, New York City, NY 10001",November
293701,34in Ultrawide Monitor,1,379.99,2019-11-06 14:28:00,"968 6th St, New York City, NY 10001",November
278871,34in Ultrawide Monitor,1,379.99,2019-11-22 14:01:00,"95 Willow St, Dallas, TX 75001",November
283543,34in Ultrawide Monitor,1,379.99,2019-11-05 23:05:00,"93 10th St, New York City, NY 10001",November
280589,34in Ultrawide Monitor,1,379.99,2019-11-22 08:09:00,"255 Madison St, San Francisco, CA 94016",November
281893,34in Ultrawide Monitor,1,379.99,2019-11-10 18:14:00,"591 12th St, San Francisco, CA 94016",November
282108,34in Ultrawide Monitor,1,379.99,2019-11-15 18:26:00,"573 Jackson St, Los Angeles, CA 90001",November
288063,34in Ultrawide Monitor,1,379.99,2019-11-11 13:55:00,"799 10th St, Portland, OR 97035",November
279673,34in Ultrawide Monitor,1,379.99,2019-11-09 23:40:00,"142 Willow St, Atlanta, GA 30301",November
284735,34in Ultrawide Monitor,1,379.99,2019-11-12 17:11:00,"867 2nd St, Los Angeles, CA 90001",November
288085,34in Ultrawide Monitor,1,379.99,2019-11-02 21:25:00,"291 8th St, Boston, MA 02215",November
291177,34in Ultrawide Monitor,1,379.99,2019-11-21 21:05:00,"15 11th St, San Francisco, CA 94016",November
283982,34in Ultrawide Monitor,1,379.99,2019-11-26 13:49:00,"349 West St, Los Angeles, CA 90001",November
289684,34in Ultrawide Monitor,1,379.99,2019-11-27 22:24:00,"521 2nd St, Boston, MA 02215",November
291948,34in Ultrawide Monitor,1,379.99,2019-11-29 12:45:00,"126 8th St, Los Angeles, CA 90001",November
279380,34in Ultrawide Monitor,1,379.99,2019-11-18 10:38:00,"71 Johnson St, Los Angeles, CA 90001",November
282714,34in Ultrawide Monitor,1,379.99,2019-11-05 19:05:00,"938 Washington St, San Francisco, CA 94016",November
286461,34in Ultrawide Monitor,1,379.99,2019-11-01 10:29:00,"460 Sunset St, Austin, TX 73301",November
288574,34in Ultrawide Monitor,1,379.99,2019-11-07 12:10:00,"112 Hill St, Boston, MA 02215",November
280970,34in Ultrawide Monitor,1,379.99,2019-11-08 10:46:00,"358 Johnson St, Los Angeles, CA 90001",November
282426,34in Ultrawide Monitor,1,379.99,2019-11-10 11:38:00,"881 Main St, Seattle, WA 98101",November
283393,34in Ultrawide Monitor,1,379.99,2019-11-20 19:34:00,"121 4th St, Los Angeles, CA 90001",November
284869,34in Ultrawide Monitor,1,379.99,2019-11-13 15:05:00,"762 Chestnut St, San Francisco, CA 94016",November
290855,34in Ultrawide Monitor,1,379.99,2019-11-04 08:39:00,"17 Church St, Boston, MA 02215",November
294704,34in Ultrawide Monitor,1,379.99,2019-11-21 10:05:00,"440 Cherry St, San Francisco, CA 94016",November
295575,34in Ultrawide Monitor,1,379.99,2019-11-26 06:34:00,"197 14th St, Boston, MA 02215",November
279484,34in Ultrawide Monitor,1,379.99,2019-11-14 15:04:00,"954 Hill St, Portland, OR 97035",November
284074,34in Ultrawide Monitor,1,379.99,2019-11-21 22:54:00,"231 Forest St, Los Angeles, CA 90001",November
284772,34in Ultrawide Monitor,1,379.99,2019-11-14 14:45:00,"49 14th St, San Francisco, CA 94016",November
289971,34in Ultrawide Monitor,1,379.99,2019-11-26 10:16:00,"449 12th St, Seattle, WA 98101",November
291817,34in Ultrawide Monitor,1,379.99,2019-11-02 14:50:00,"515 Dogwood St, San Francisco, CA 94016",November
292719,34in Ultrawide Monitor,1,379.99,2019-11-06 13:00:00,"759 11th St, Seattle, WA 98101",November
292983,34in Ultrawide Monitor,1,379.99,2019-11-16 15:47:00,"784 11th St, Boston, MA 02215",November
286593,34in Ultrawide Monitor,1,379.99,2019-11-26 21:07:00,"567 Walnut St, New York City, NY 10001",November
288678,34in Ultrawide Monitor,1,379.99,2019-11-15 14:15:00,"427 6th St, New York City, NY 10001",November
291046,34in Ultrawide Monitor,1,379.99,2019-11-20 13:11:00,"647 Cherry St, Austin, TX 73301",November
284509,34in Ultrawide Monitor,1,379.99,2019-11-03 11:49:00,"289 11th St, Los Angeles, CA 90001",November
289022,34in Ultrawide Monitor,1,379.99,2019-11-28 08:48:00,"31 Meadow St, Los Angeles, CA 90001",November
288556,34in Ultrawide Monitor,1,379.99,2019-11-01 10:35:00,"568 Madison St, Dallas, TX 75001",November
288831,34in Ultrawide Monitor,1,379.99,2019-11-05 14:01:00,"378 7th St, Boston, MA 02215",November
283670,34in Ultrawide Monitor,1,379.99,2019-11-06 11:23:00,"503 Pine St, New York City, NY 10001",November
283928,34in Ultrawide Monitor,1,379.99,2019-11-01 12:05:00,"287 Center St, Los Angeles, CA 90001",November
286679,34in Ultrawide Monitor,1,379.99,2019-11-15 11:13:00,"511 Hill St, New York City, NY 10001",November
294167,34in Ultrawide Monitor,1,379.99,2019-11-10 03:55:00,"880 Hill St, Seattle, WA 98101",November
289654,34in Ultrawide Monitor,1,379.99,2019-11-09 15:37:00,"387 Maple St, Atlanta, GA 30301",November
284931,34in Ultrawide Monitor,1,379.99,2019-11-22 10:29:00,"960 Cherry St, Austin, TX 73301",November
291328,34in Ultrawide Monitor,1,379.99,2019-11-23 21:49:00,"543 7th St, Seattle, WA 98101",November
295569,34in Ultrawide Monitor,1,379.99,2019-11-21 05:27:00,"631 9th St, Los Angeles, CA 90001",November
279060,34in Ultrawide Monitor,1,379.99,2019-11-15 12:23:00,"671 Hickory St, Boston, MA 02215",November
281914,34in Ultrawide Monitor,1,379.99,2019-11-30 21:30:00,"78 Highland St, Atlanta, GA 30301",November
288274,34in Ultrawide Monitor,1,379.99,2019-11-02 14:52:00,"309 Hickory St, New York City, NY 10001",November
296699,34in Ultrawide Monitor,1,379.99,2019-12-09 10:24:00,"129 Center St, Dallas, TX 75001",December
296913,34in Ultrawide Monitor,1,379.99,2019-12-02 19:46:00,"283 Elm St, Dallas, TX 75001",December
302228,34in Ultrawide Monitor,1,379.99,2019-12-12 15:17:00,"350 Madison St, San Francisco, CA 94016",December
306836,34in Ultrawide Monitor,1,379.99,2019-12-02 12:17:00,"766 13th St, San Francisco, CA 94016",December
301061,34in Ultrawide Monitor,1,379.99,2019-12-24 11:12:00,"676 Willow St, Atlanta, GA 30301",December
299221,34in Ultrawide Monitor,1,379.99,2019-12-07 21:10:00,"832 Chestnut St, San Francisco, CA 94016",December
301744,34in Ultrawide Monitor,1,379.99,2019-12-09 18:26:00,"384 West St, Los Angeles, CA 90001",December
318840,34in Ultrawide Monitor,1,379.99,2019-12-18 18:29:00,"448 Adams St, Los Angeles, CA 90001",December
319578,34in Ultrawide Monitor,1,379.99,2019-12-13 11:39:00,"458 Center St, Austin, TX 73301",December
298187,34in Ultrawide Monitor,1,379.99,2019-12-27 16:03:00,"848 Willow St, Atlanta, GA 30301",December
301815,34in Ultrawide Monitor,1,379.99,2019-12-08 13:26:00,"856 14th St, Los Angeles, CA 90001",December
308191,34in Ultrawide Monitor,1,379.99,2019-12-15 23:00:00,"179 Forest St, New York City, NY 10001",December
309173,34in Ultrawide Monitor,1,379.99,2019-12-26 18:01:00,"868 Forest St, Los Angeles, CA 90001",December
314358,34in Ultrawide Monitor,1,379.99,2019-12-11 21:50:00,"963 10th St, San Francisco, CA 94016",December
301260,34in Ultrawide Monitor,1,379.99,2019-12-23 12:33:00,"753 West St, Los Angeles, CA 90001",December
303578,34in Ultrawide Monitor,1,379.99,2019-12-28 11:10:00,"435 14th St, New York City, NY 10001",December
309603,34in Ultrawide Monitor,1,379.99,2019-12-28 19:21:00,"203 Hill St, New York City, NY 10001",December
312957,34in Ultrawide Monitor,1,379.99,2019-12-19 11:06:00,"746 Lincoln St, San Francisco, CA 94016",December
314811,34in Ultrawide Monitor,1,379.99,2019-12-04 07:30:00,"591 7th St, Los Angeles, CA 90001",December
315324,34in Ultrawide Monitor,1,379.99,2019-12-22 13:00:00,"998 Dogwood St, Austin, TX 73301",December
317257,34in Ultrawide Monitor,1,379.99,2019-12-04 13:12:00,"463 6th St, Austin, TX 73301",December
317758,34in Ultrawide Monitor,1,379.99,2019-12-24 14:47:00,"977 12th St, Atlanta, GA 30301",December
299170,34in Ultrawide Monitor,1,379.99,2019-12-05 09:19:00,"972 8th St, Austin, TX 73301",December
313305,34in Ultrawide Monitor,1,379.99,2019-12-08 18:25:00,"915 Ridge St, Boston, MA 02215",December
299346,34in Ultrawide Monitor,1,379.99,2019-12-19 11:17:00,"593 Center St, Austin, TX 73301",December
300997,34in Ultrawide Monitor,1,379.99,2019-12-09 15:08:00,"468 Spruce St, Atlanta, GA 30301",December
309069,34in Ultrawide Monitor,1,379.99,2019-12-19 13:10:00,"731 Wilson St, Portland, OR 97035",December
309873,34in Ultrawide Monitor,1,379.99,2019-12-11 00:23:00,"266 Madison St, San Francisco, CA 94016",December
312653,34in Ultrawide Monitor,1,379.99,2019-12-24 21:14:00,"28 Main St, New York City, NY 10001",December
295987,34in Ultrawide Monitor,1,379.99,2019-12-06 19:07:00,"351 9th St, San Francisco, CA 94016",December
297449,34in Ultrawide Monitor,1,379.99,2019-12-09 12:01:00,"195 11th St, San Francisco, CA 94016",December
309311,34in Ultrawide Monitor,1,379.99,2019-12-25 19:03:00,"90 West St, Dallas, TX 75001",December
300533,34in Ultrawide Monitor,1,379.99,2019-12-23 13:34:00,"239 Maple St, San Francisco, CA 94016",December
309841,34in Ultrawide Monitor,1,379.99,2019-12-09 17:03:00,"137 12th St, New York City, NY 10001",December
312421,34in Ultrawide Monitor,1,379.99,2019-12-07 00:09:00,"437 Highland St, San Francisco, CA 94016",December
296045,34in Ultrawide Monitor,1,379.99,2019-12-22 07:03:00,"262 Elm St, New York City, NY 10001",December
301657,34in Ultrawide Monitor,1,379.99,2019-12-04 18:12:00,"93 4th St, Los Angeles, CA 90001",December
308525,34in Ultrawide Monitor,1,379.99,2019-12-17 10:13:00,"702 Dogwood St, San Francisco, CA 94016",December
314444,34in Ultrawide Monitor,1,379.99,2019-12-26 17:22:00,"67 Washington St, San Francisco, CA 94016",December
300234,34in Ultrawide Monitor,1,379.99,2019-12-23 09:07:00,"679 Wilson St, Boston, MA 02215",December
301130,34in Ultrawide Monitor,1,379.99,2019-12-11 20:13:00,"376 Forest St, New York City, NY 10001",December
308612,34in Ultrawide Monitor,1,379.99,2019-12-21 19:31:00,"930 Walnut St, Boston, MA 02215",December
315290,34in Ultrawide Monitor,1,379.99,2019-12-01 07:59:00,"353 West St, Boston, MA 02215",December
317470,34in Ultrawide Monitor,1,379.99,2019-12-26 10:26:00,"894 Lake St, San Francisco, CA 94016",December
302732,34in Ultrawide Monitor,1,379.99,2019-12-27 21:35:00,"331 Sunset St, Portland, OR 97035",December
308580,34in Ultrawide Monitor,1,379.99,2019-12-17 09:29:00,"512 Pine St, Austin, TX 73301",December
309353,34in Ultrawide Monitor,1,379.99,2019-12-23 01:44:00,"644 West St, Los Angeles, CA 90001",December
311645,34in Ultrawide Monitor,1,379.99,2019-12-09 09:30:00,"179 14th St, New York City, NY 10001",December
314692,34in Ultrawide Monitor,1,379.99,2019-12-23 14:46:00,"950 5th St, San Francisco, CA 94016",December
299794,34in Ultrawide Monitor,1,379.99,2019-12-28 14:32:00,"878 2nd St, Dallas, TX 75001",December
300932,34in Ultrawide Monitor,1,379.99,2019-12-23 21:24:00,"680 Adams St, New York City, NY 10001",December
305232,34in Ultrawide Monitor,1,379.99,2019-12-24 14:16:00,"627 Forest St, Los Angeles, CA 90001",December
308297,34in Ultrawide Monitor,1,379.99,2019-12-22 21:02:00,"536 14th St, Seattle, WA 98101",December
309360,34in Ultrawide Monitor,1,379.99,2019-12-18 10:03:00,"111 13th St, San Francisco, CA 94016",December
311229,34in Ultrawide Monitor,1,379.99,2019-12-15 08:46:00,"356 5th St, San Francisco, CA 94016",December
298794,34in Ultrawide Monitor,1,379.99,2019-12-17 15:27:00,"185 2nd St, Atlanta, GA 30301",December
304637,34in Ultrawide Monitor,1,379.99,2019-12-20 17:08:00,"811 Walnut St, San Francisco, CA 94016",December
309103,34in Ultrawide Monitor,1,379.99,2019-12-15 08:16:00,"782 Maple St, San Francisco, CA 94016",December
316346,34in Ultrawide Monitor,1,379.99,2019-12-02 11:01:00,"319 Adams St, Portland, OR 97035",December
310714,34in Ultrawide Monitor,1,379.99,2019-12-01 16:55:00,"638 6th St, San Francisco, CA 94016",December
298088,34in Ultrawide Monitor,1,379.99,2019-12-14 22:18:00,"689 River St, Los Angeles, CA 90001",December
301417,34in Ultrawide Monitor,1,379.99,2019-12-20 11:27:00,"437 Main St, Atlanta, GA 30301",December
316270,34in Ultrawide Monitor,1,379.99,2019-12-07 19:34:00,"830 Lincoln St, Los Angeles, CA 90001",December
317325,34in Ultrawide Monitor,1,379.99,2019-12-24 11:54:00,"880 Lakeview St, Atlanta, GA 30301",December
295802,34in Ultrawide Monitor,1,379.99,2019-12-11 19:45:00,"838 Ridge St, San Francisco, CA 94016",December
296358,34in Ultrawide Monitor,1,379.99,2019-12-15 19:02:00,"61 4th St, Seattle, WA 98101",December
306403,34in Ultrawide Monitor,1,379.99,2019-12-10 17:17:00,"952 Meadow St, Los Angeles, CA 90001",December
311359,34in Ultrawide Monitor,1,379.99,2019-12-20 16:45:00,"842 Sunset St, Dallas, TX 75001",December
309856,34in Ultrawide Monitor,1,379.99,2019-12-23 19:49:00,"438 13th St, Portland, OR 97035",December
314926,34in Ultrawide Monitor,1,379.99,2019-12-20 12:29:00,"105 Highland St, San Francisco, CA 94016",December
307813,34in Ultrawide Monitor,1,379.99,2019-12-07 14:59:00,"859 12th St, San Francisco, CA 94016",December
311405,34in Ultrawide Monitor,1,379.99,2019-12-07 10:18:00,"290 Dogwood St, Dallas, TX 75001",December
297567,34in Ultrawide Monitor,1,379.99,2019-12-08 13:33:00,"442 Dogwood St, Dallas, TX 75001",December
309250,34in Ultrawide Monitor,1,379.99,2019-12-21 10:14:00,"435 Jefferson St, Atlanta, GA 30301",December
310051,34in Ultrawide Monitor,1,379.99,2019-12-16 20:12:00,"752 6th St, San Francisco, CA 94016",December
296277,34in Ultrawide Monitor,1,379.99,2019-12-10 16:46:00,"839 Lake St, New York City, NY 10001",December
307362,34in Ultrawide Monitor,1,379.99,2019-12-25 14:39:00,"463 Wilson St, Los Angeles, CA 90001",December
309611,34in Ultrawide Monitor,1,379.99,2019-12-26 20:53:00,"57 West St, Los Angeles, CA 90001",December
313249,34in Ultrawide Monitor,1,379.99,2019-12-02 13:39:00,"633 Chestnut St, Portland, OR 97035",December
187126,34in Ultrawide Monitor,1,379.99,2019-04-11 17:48:00,"216 Forest St, Seattle, WA 98101",April
233130,34in Ultrawide Monitor,1,379.99,2019-07-21 19:49:00,"832 Maple St, Los Angeles, CA 90001",July
245463,34in Ultrawide Monitor,1,379.99,2019-08-02 08:03:00,"283 14th St, Dallas, TX 75001",August
255492,34in Ultrawide Monitor,1,379.99,2019-09-27 11:55:00,"454 Dogwood St, San Francisco, CA 94016",September
253467,34in Ultrawide Monitor,1,379.99,2019-09-24 19:03:00,"507 Chestnut St, Seattle, WA 98101",September
257925,34in Ultrawide Monitor,1,379.99,2019-09-16 13:07:00,"231 13th St, San Francisco, CA 94016",September
278574,34in Ultrawide Monitor,1,379.99,2019-10-12 19:44:00,"13 1st St, Austin, TX 73301",October
260335,34in Ultrawide Monitor,1,379.99,2019-10-09 18:49:00,"141 Jackson St, Seattle, WA 98101",October
262363,34in Ultrawide Monitor,1,379.99,2019-10-31 13:53:00,"709 9th St, Dallas, TX 75001",October
264776,34in Ultrawide Monitor,1,379.99,2019-10-30 15:36:00,"267 14th St, Seattle, WA 98101",October
276471,34in Ultrawide Monitor,1,379.99,2019-10-11 11:15:00,"956 5th St, San Francisco, CA 94016",October
284011,34in Ultrawide Monitor,1,379.99,2019-11-10 00:40:00,"923 Spruce St, New York City, NY 10001",November
294040,34in Ultrawide Monitor,1,379.99,2019-11-13 21:46:00,"402 North St, New York City, NY 10001",November
291112,34in Ultrawide Monitor,1,379.99,2019-11-15 14:53:00,"873 7th St, New York City, NY 10001",November
296549,34in Ultrawide Monitor,1,379.99,2019-12-29 13:19:00,"740 7th St, New York City, NY 10001",December
299032,34in Ultrawide Monitor,1,379.99,2019-12-25 22:58:00,"806 Spruce St, San Francisco, CA 94016",December
299581,34in Ultrawide Monitor,1,379.99,2019-12-31 10:53:00,"564 Main St, Dallas, TX 75001",December
304661,34in Ultrawide Monitor,1,379.99,2019-12-14 09:06:00,"677 Spruce St, San Francisco, CA 94016",December
306079,34in Ultrawide Monitor,1,379.99,2019-12-23 17:20:00,"128 Sunset St, New York City, NY 10001",December
306137,34in Ultrawide Monitor,1,379.99,2019-12-23 12:20:00,"105 Church St, Austin, TX 73301",December
315368,34in Ultrawide Monitor,1,379.99,2019-12-22 14:38:00,"409 Johnson St, Dallas, TX 75001",December
304472,34in Ultrawide Monitor,1,379.99,2019-12-26 10:45:00,"431 Ridge St, Boston, MA 02215",December
310039,34in Ultrawide Monitor,1,379.99,2019-12-07 14:22:00,"326 Adams St, New York City, NY 10001",December
311701,34in Ultrawide Monitor,1,379.99,2019-12-04 19:44:00,"290 Lake St, San Francisco, CA 94016",December
315535,34in Ultrawide Monitor,1,379.99,2019-12-07 14:48:00,"141 Cedar St, Dallas, TX 75001",December
317649,34in Ultrawide Monitor,1,379.99,2019-12-03 11:33:00,"326 Ridge St, Los Angeles, CA 90001",December
318003,34in Ultrawide Monitor,1,379.99,2019-12-27 23:53:00,"881 Forest St, Los Angeles, CA 90001",December
296749,34in Ultrawide Monitor,1,379.99,2019-12-05 21:21:00,"570 Adams St, Seattle, WA 98101",December
305910,34in Ultrawide Monitor,1,379.99,2019-12-22 08:43:00,"444 Cedar St, Portland, OR 97035",December
314241,34in Ultrawide Monitor,1,379.99,2019-12-30 09:33:00,"401 Church St, Austin, TX 73301",December
316666,34in Ultrawide Monitor,1,379.99,2019-12-17 14:07:00,"977 River St, San Francisco, CA 94016",December
318044,34in Ultrawide Monitor,1,379.99,2019-12-26 22:58:00,"641 Center St, New York City, NY 10001",December
296844,34in Ultrawide Monitor,1,379.99,2019-12-06 09:31:00,"971 Hill St, Dallas, TX 75001",December
303882,34in Ultrawide Monitor,1,379.99,2019-12-01 18:01:00,"313 Lincoln St, San Francisco, CA 94016",December
306980,34in Ultrawide Monitor,1,379.99,2019-12-11 08:32:00,"978 Chestnut St, Los Angeles, CA 90001",December
312435,34in Ultrawide Monitor,1,379.99,2019-12-28 20:12:00,"324 Johnson St, San Francisco, CA 94016",December
314515,34in Ultrawide Monitor,1,379.99,2019-12-31 10:02:00,"421 Elm St, San Francisco, CA 94016",December
296314,34in Ultrawide Monitor,1,379.99,2019-12-20 14:47:00,"931 7th St, Boston, MA 02215",December
316714,34in Ultrawide Monitor,1,379.99,2019-12-19 20:14:00,"507 West St, Los Angeles, CA 90001",December
299486,34in Ultrawide Monitor,1,379.99,2019-12-01 23:05:00,"678 Cherry St, San Francisco, CA 94016",December
306548,34in Ultrawide Monitor,1,379.99,2019-12-03 15:33:00,"690 Pine St, Seattle, WA 98101",December
300520,34in Ultrawide Monitor,1,379.99,2019-12-23 16:40:00,"214 Washington St, San Francisco, CA 94016",December
309828,34in Ultrawide Monitor,1,379.99,2019-12-06 19:59:00,"984 Madison St, Atlanta, GA 30301",December
301409,34in Ultrawide Monitor,1,379.99,2019-12-17 19:39:00,"64 South St, Dallas, TX 75001",December
308263,34in Ultrawide Monitor,1,379.99,2019-12-23 21:22:00,"823 Adams St, Seattle, WA 98101",December
299061,34in Ultrawide Monitor,1,379.99,2019-12-23 00:03:00,"435 Wilson St, Seattle, WA 98101",December
302904,34in Ultrawide Monitor,1,379.99,2019-12-17 21:43:00,"883 14th St, Atlanta, GA 30301",December
308338,34in Ultrawide Monitor,1,379.99,2019-12-29 11:44:00,"326 11th St, Boston, MA 02215",December
309237,34in Ultrawide Monitor,1,379.99,2019-12-29 10:59:00,"814 Maple St, Los Angeles, CA 90001",December
310831,34in Ultrawide Monitor,1,379.99,2019-12-18 12:33:00,"571 6th St, Dallas, TX 75001",December
312241,34in Ultrawide Monitor,1,379.99,2019-12-01 20:28:00,"81 14th St, New York City, NY 10001",December
315492,34in Ultrawide Monitor,1,379.99,2019-12-08 23:03:00,"990 Jackson St, New York City, NY 10001",December
315879,34in Ultrawide Monitor,1,379.99,2019-12-01 18:03:00,"650 2nd St, Los Angeles, CA 90001",December
298890,34in Ultrawide Monitor,1,379.99,2019-12-16 09:12:00,"675 Sunset St, Seattle, WA 98101",December
299038,34in Ultrawide Monitor,1,379.99,2019-12-28 11:31:00,"94 Adams St, San Francisco, CA 94016",December
309460,34in Ultrawide Monitor,1,379.99,2019-12-16 15:29:00,"74 Dogwood St, New York City, NY 10001",December
313790,34in Ultrawide Monitor,1,379.99,2019-12-11 10:56:00,"135 Willow St, Los Angeles, CA 90001",December
315086,34in Ultrawide Monitor,1,379.99,2019-12-26 17:26:00,"748 Elm St, San Francisco, CA 94016",December
295847,34in Ultrawide Monitor,1,379.99,2019-12-13 15:56:00,"40 Madison St, Dallas, TX 75001",December
302679,34in Ultrawide Monitor,1,379.99,2019-12-28 19:42:00,"881 Dogwood St, San Francisco, CA 94016",December
304257,34in Ultrawide Monitor,1,379.99,2019-12-11 18:04:00,"68 9th St, Boston, MA 02215",December
305755,34in Ultrawide Monitor,1,379.99,2019-12-30 08:33:00,"111 Highland St, Austin, TX 73301",December
308883,34in Ultrawide Monitor,1,379.99,2019-12-03 21:19:00,"607 Sunset St, Los Angeles, CA 90001",December
314825,34in Ultrawide Monitor,1,379.99,2019-12-11 11:45:00,"335 13th St, Dallas, TX 75001",December
317998,34in Ultrawide Monitor,1,379.99,2019-12-03 17:41:00,"138 12th St, San Francisco, CA 94016",December
143963,34in Ultrawide Monitor,1,379.99,2019-01-28 01:06:00,"915 6th St, Austin, TX 73301",January
146696,34in Ultrawide Monitor,1,379.99,2019-01-14 23:45:00,"420 2nd St, San Francisco, CA 94016",January
150430,34in Ultrawide Monitor,1,379.99,2019-01-21 12:17:00,"767 Park St, San Francisco, CA 94016",January
142716,34in Ultrawide Monitor,1,379.99,2019-01-28 10:28:00,"228 Forest St, San Francisco, CA 94016",January
146022,34in Ultrawide Monitor,1,379.99,2019-01-01 21:32:00,"256 10th St, New York City, NY 10001",January
143122,34in Ultrawide Monitor,1,379.99,2019-01-17 16:43:00,"845 4th St, Portland, OR 97035",January
145148,34in Ultrawide Monitor,1,379.99,2019-01-05 20:33:00,"253 Madison St, Los Angeles, CA 90001",January
147874,34in Ultrawide Monitor,1,379.99,2019-01-18 01:59:00,"435 Highland St, New York City, NY 10001",January
149817,34in Ultrawide Monitor,1,379.99,2019-01-14 18:29:00,"21 Lakeview St, Boston, MA 02215",January
144808,34in Ultrawide Monitor,1,379.99,2019-01-13 13:18:00,"100 Walnut St, San Francisco, CA 94016",January
145130,34in Ultrawide Monitor,1,379.99,2019-01-09 15:42:00,"69 Hickory St, San Francisco, CA 94016",January
149123,34in Ultrawide Monitor,1,379.99,2019-01-22 16:07:00,"776 Sunset St, Portland, ME 04101",January
144523,34in Ultrawide Monitor,1,379.99,2019-01-22 12:37:00,"186 Meadow St, New York City, NY 10001",January
149328,34in Ultrawide Monitor,1,379.99,2019-01-03 19:02:00,"142 Park St, Dallas, TX 75001",January
145454,34in Ultrawide Monitor,1,379.99,2019-01-04 11:15:00,"807 Lincoln St, Atlanta, GA 30301",January
147664,34in Ultrawide Monitor,1,379.99,2019-01-27 18:11:00,"875 13th St, New York City, NY 10001",January
142408,34in Ultrawide Monitor,1,379.99,2019-01-17 14:21:00,"34 Park St, Seattle, WA 98101",January
146186,34in Ultrawide Monitor,1,379.99,2019-01-20 09:50:00,"466 Elm St, Atlanta, GA 30301",January
149815,34in Ultrawide Monitor,1,379.99,2019-01-14 21:09:00,"801 Wilson St, Dallas, TX 75001",January
141515,34in Ultrawide Monitor,1,379.99,2019-01-12 16:34:00,"179 Highland St, Seattle, WA 98101",January
147882,34in Ultrawide Monitor,1,379.99,2019-01-07 11:05:00,"405 Park St, New York City, NY 10001",January
142270,34in Ultrawide Monitor,1,379.99,2019-01-08 12:32:00,"36 Madison St, Dallas, TX 75001",January
149434,34in Ultrawide Monitor,1,379.99,2019-01-14 15:04:00,"525 Highland St, San Francisco, CA 94016",January
142561,34in Ultrawide Monitor,1,379.99,2019-01-16 18:16:00,"679 Ridge St, New York City, NY 10001",January
145659,34in Ultrawide Monitor,1,379.99,2019-01-28 18:14:00,"382 Wilson St, San Francisco, CA 94016",January
150108,34in Ultrawide Monitor,1,379.99,2019-01-06 13:39:00,"638 Willow St, Boston, MA 02215",January
145375,34in Ultrawide Monitor,1,379.99,2019-01-15 18:05:00,"934 Main St, Seattle, WA 98101",January
146039,34in Ultrawide Monitor,1,379.99,2019-01-01 07:24:00,"53 River St, San Francisco, CA 94016",January
143582,34in Ultrawide Monitor,1,379.99,2019-01-30 12:22:00,"8 South St, Los Angeles, CA 90001",January
145376,34in Ultrawide Monitor,1,379.99,2019-01-22 08:41:00,"867 Jefferson St, Boston, MA 02215",January
144674,34in Ultrawide Monitor,1,379.99,2019-01-16 11:37:00,"440 5th St, Seattle, WA 98101",January
145123,34in Ultrawide Monitor,1,379.99,2019-01-03 20:16:00,"706 Center St, Los Angeles, CA 90001",January
148558,34in Ultrawide Monitor,1,379.99,2019-01-20 15:24:00,"693 13th St, San Francisco, CA 94016",January
147278,34in Ultrawide Monitor,1,379.99,2019-01-27 17:28:00,"387 Maple St, Dallas, TX 75001",January
144858,34in Ultrawide Monitor,1,379.99,2019-01-01 14:29:00,"907 9th St, San Francisco, CA 94016",January
142650,34in Ultrawide Monitor,1,379.99,2019-01-11 19:16:00,"642 Hickory St, Los Angeles, CA 90001",January
149456,34in Ultrawide Monitor,1,379.99,2019-01-20 14:43:00,"753 Madison St, New York City, NY 10001",January
143929,34in Ultrawide Monitor,1,379.99,2019-01-29 23:20:00,"765 Sunset St, Los Angeles, CA 90001",January
147637,34in Ultrawide Monitor,1,379.99,2019-01-03 08:40:00,"470 Meadow St, Portland, OR 97035",January
148711,34in Ultrawide Monitor,1,379.99,2019-01-29 20:25:00,"688 Pine St, Portland, OR 97035",January
143608,34in Ultrawide Monitor,1,379.99,2019-01-06 22:14:00,"846 Johnson St, Los Angeles, CA 90001",January
149136,34in Ultrawide Monitor,1,379.99,2019-01-24 16:36:00,"269 Highland St, New York City, NY 10001",January
145088,34in Ultrawide Monitor,1,379.99,2019-01-20 08:03:00,"21 Ridge St, San Francisco, CA 94016",January
149516,34in Ultrawide Monitor,1,379.99,2019-01-23 11:02:00,"897 9th St, Seattle, WA 98101",January
145980,34in Ultrawide Monitor,1,379.99,2019-01-16 09:11:00,"951 6th St, San Francisco, CA 94016",January
148681,34in Ultrawide Monitor,1,379.99,2019-01-24 19:14:00,"656 13th St, Seattle, WA 98101",January
150129,34in Ultrawide Monitor,1,379.99,2019-01-11 08:50:00,"689 Chestnut St, Portland, ME 04101",January
151526,34in Ultrawide Monitor,1,379.99,2019-02-09 08:20:00,"17 Dogwood St, Atlanta, GA 30301",February
153158,34in Ultrawide Monitor,1,379.99,2019-02-14 08:24:00,"130 Jefferson St, Dallas, TX 75001",February
161020,34in Ultrawide Monitor,1,379.99,2019-02-06 11:14:00,"385 8th St, San Francisco, CA 94016",February
157473,34in Ultrawide Monitor,1,379.99,2019-02-12 21:16:00,"899 Cherry St, Dallas, TX 75001",February
158380,34in Ultrawide Monitor,1,379.99,2019-02-11 09:24:00,"906 Johnson St, Portland, ME 04101",February
150887,34in Ultrawide Monitor,1,379.99,2019-02-08 08:05:00,"186 Elm St, Seattle, WA 98101",February
154221,34in Ultrawide Monitor,1,379.99,2019-02-08 12:12:00,"910 Highland St, Atlanta, GA 30301",February
157271,34in Ultrawide Monitor,1,379.99,2019-02-01 14:08:00,"183 Highland St, Portland, OR 97035",February
161678,34in Ultrawide Monitor,1,379.99,2019-02-16 21:49:00,"235 Spruce St, Los Angeles, CA 90001",February
159298,34in Ultrawide Monitor,1,379.99,2019-02-04 11:22:00,"942 10th St, San Francisco, CA 94016",February
152167,34in Ultrawide Monitor,1,379.99,2019-02-20 19:31:00,"593 West St, San Francisco, CA 94016",February
154905,34in Ultrawide Monitor,1,379.99,2019-02-25 13:14:00,"113 10th St, Boston, MA 02215",February
152208,34in Ultrawide Monitor,1,379.99,2019-02-09 22:57:00,"672 Lincoln St, Dallas, TX 75001",February
154368,34in Ultrawide Monitor,1,379.99,2019-02-19 21:51:00,"791 Chestnut St, New York City, NY 10001",February
158392,34in Ultrawide Monitor,1,379.99,2019-02-11 17:46:00,"495 Hickory St, Atlanta, GA 30301",February
160043,34in Ultrawide Monitor,1,379.99,2019-02-13 19:26:00,"102 14th St, Boston, MA 02215",February
151001,34in Ultrawide Monitor,1,379.99,2019-02-08 13:15:00,"46 Elm St, New York City, NY 10001",February
157320,34in Ultrawide Monitor,1,379.99,2019-02-12 18:18:00,"92 Elm St, Los Angeles, CA 90001",February
155151,34in Ultrawide Monitor,1,379.99,2019-02-12 13:32:00,"22 Lakeview St, Austin, TX 73301",February
159040,34in Ultrawide Monitor,1,379.99,2019-02-14 12:06:00,"528 Madison St, San Francisco, CA 94016",February
160107,34in Ultrawide Monitor,1,379.99,2019-02-06 11:12:00,"860 Chestnut St, San Francisco, CA 94016",February
152577,34in Ultrawide Monitor,1,379.99,2019-02-15 10:36:00,"884 Walnut St, New York City, NY 10001",February
153089,34in Ultrawide Monitor,1,379.99,2019-02-15 19:11:00,"75 Maple St, Boston, MA 02215",February
156119,34in Ultrawide Monitor,1,379.99,2019-02-27 17:05:00,"602 Pine St, Seattle, WA 98101",February
157540,34in Ultrawide Monitor,1,379.99,2019-02-12 08:14:00,"748 6th St, Dallas, TX 75001",February
157631,34in Ultrawide Monitor,1,379.99,2019-02-21 12:25:00,"459 Walnut St, Los Angeles, CA 90001",February
152278,34in Ultrawide Monitor,1,379.99,2019-02-12 15:31:00,"2 Pine St, Boston, MA 02215",February
153659,34in Ultrawide Monitor,1,379.99,2019-02-19 15:18:00,"284 4th St, Los Angeles, CA 90001",February
154661,34in Ultrawide Monitor,1,379.99,2019-02-13 19:38:00,"155 Church St, New York City, NY 10001",February
152131,34in Ultrawide Monitor,1,379.99,2019-02-12 23:33:00,"975 Sunset St, New York City, NY 10001",February
153715,34in Ultrawide Monitor,1,379.99,2019-02-24 12:12:00,"285 Maple St, New York City, NY 10001",February
155313,34in Ultrawide Monitor,1,379.99,2019-02-13 15:57:00,"591 Hill St, Seattle, WA 98101",February
152268,34in Ultrawide Monitor,1,379.99,2019-02-25 19:29:00,"83 14th St, Los Angeles, CA 90001",February
153658,34in Ultrawide Monitor,1,379.99,2019-02-03 18:30:00,"610 Highland St, New York City, NY 10001",February
156319,34in Ultrawide Monitor,1,379.99,2019-02-23 06:55:00,"826 Adams St, New York City, NY 10001",February
160462,34in Ultrawide Monitor,1,379.99,2019-02-17 19:47:00,"331 Church St, Austin, TX 73301",February
151970,34in Ultrawide Monitor,1,379.99,2019-02-01 10:06:00,"966 Jefferson St, New York City, NY 10001",February
157738,34in Ultrawide Monitor,1,379.99,2019-02-22 14:46:00,"156 14th St, Boston, MA 02215",February
154004,34in Ultrawide Monitor,1,379.99,2019-02-05 04:19:00,"182 Adams St, Boston, MA 02215",February
156801,34in Ultrawide Monitor,1,379.99,2019-02-10 18:20:00,"361 Johnson St, Los Angeles, CA 90001",February
160470,34in Ultrawide Monitor,1,379.99,2019-02-05 17:33:00,"175 Lake St, Seattle, WA 98101",February
161370,34in Ultrawide Monitor,1,379.99,2019-02-26 11:11:00,"365 Adams St, San Francisco, CA 94016",February
153435,34in Ultrawide Monitor,1,379.99,2019-02-10 12:22:00,"25 North St, Los Angeles, CA 90001",February
153700,34in Ultrawide Monitor,1,379.99,2019-02-04 10:37:00,"490 Hickory St, San Francisco, CA 94016",February
154187,34in Ultrawide Monitor,1,379.99,2019-02-21 08:22:00,"428 2nd St, Seattle, WA 98101",February
154332,34in Ultrawide Monitor,1,379.99,2019-02-27 11:15:00,"642 10th St, Los Angeles, CA 90001",February
156631,34in Ultrawide Monitor,1,379.99,2019-02-21 20:49:00,"21 Center St, Los Angeles, CA 90001",February
153444,34in Ultrawide Monitor,1,379.99,2019-02-05 20:48:00,"724 Lakeview St, New York City, NY 10001",February
157003,34in Ultrawide Monitor,1,379.99,2019-02-22 17:49:00,"239 Main St, Boston, MA 02215",February
159077,34in Ultrawide Monitor,1,379.99,2019-02-17 08:32:00,"291 Maple St, Seattle, WA 98101",February
155152,34in Ultrawide Monitor,1,379.99,2019-02-24 04:51:00,"684 Lincoln St, Atlanta, GA 30301",February
155662,34in Ultrawide Monitor,1,379.99,2019-02-07 20:36:00,"90 Park St, New York City, NY 10001",February
155639,34in Ultrawide Monitor,1,379.99,2019-02-05 08:03:00,"995 Main St, Atlanta, GA 30301",February
151658,34in Ultrawide Monitor,2,379.99,2019-02-22 09:22:00,"473 Walnut St, Boston, MA 02215",February
156803,34in Ultrawide Monitor,1,379.99,2019-02-01 20:15:00,"989 10th St, San Francisco, CA 94016",February
156908,34in Ultrawide Monitor,1,379.99,2019-02-28 10:41:00,"418 Meadow St, Los Angeles, CA 90001",February
153912,34in Ultrawide Monitor,1,379.99,2019-02-09 20:45:00,"531 2nd St, Dallas, TX 75001",February
160303,34in Ultrawide Monitor,1,379.99,2019-02-17 21:30:00,"61 13th St, San Francisco, CA 94016",February
156258,34in Ultrawide Monitor,1,379.99,2019-02-03 18:20:00,"340 Sunset St, New York City, NY 10001",February
160144,34in Ultrawide Monitor,1,379.99,2019-02-24 18:16:00,"150 4th St, Dallas, TX 75001",February
157953,34in Ultrawide Monitor,1,379.99,2019-02-22 08:11:00,"867 1st St, San Francisco, CA 94016",February
160240,34in Ultrawide Monitor,1,379.99,2019-02-16 10:36:00,"414 River St, San Francisco, CA 94016",February
158841,34in Ultrawide Monitor,1,379.99,2019-02-01 23:16:00,"786 Willow St, Boston, MA 02215",February
159891,34in Ultrawide Monitor,1,379.99,2019-02-18 13:40:00,"689 10th St, New York City, NY 10001",February
161687,34in Ultrawide Monitor,1,379.99,2019-02-26 20:47:00,"387 Hickory St, Dallas, TX 75001",February
156793,34in Ultrawide Monitor,1,379.99,2019-02-11 19:01:00,"676 14th St, Seattle, WA 98101",February
157275,34in Ultrawide Monitor,1,379.99,2019-02-27 19:00:00,"430 Lake St, New York City, NY 10001",February
160808,34in Ultrawide Monitor,1,379.99,2019-02-06 21:03:00,"989 Lake St, San Francisco, CA 94016",February
159349,34in Ultrawide Monitor,1,379.99,2019-02-15 11:45:00,"838 Lake St, New York City, NY 10001",February
163952,34in Ultrawide Monitor,1,379.99,2019-03-19 18:38:00,"463 Elm St, Los Angeles, CA 90001",March
169170,34in Ultrawide Monitor,1,379.99,2019-03-28 14:13:00,"566 13th St, New York City, NY 10001",March
163527,34in Ultrawide Monitor,1,379.99,2019-03-22 15:21:00,"542 North St, Atlanta, GA 30301",March
168477,34in Ultrawide Monitor,1,379.99,2019-03-06 09:10:00,"471 Johnson St, Los Angeles, CA 90001",March
163166,34in Ultrawide Monitor,1,379.99,2019-03-19 23:08:00,"176 9th St, San Francisco, CA 94016",March
165007,34in Ultrawide Monitor,1,379.99,2019-04-01 00:12:00,"389 Willow St, New York City, NY 10001",April
175906,34in Ultrawide Monitor,1,379.99,2019-03-12 15:39:00,"79 1st St, Boston, MA 02215",March
162712,34in Ultrawide Monitor,1,379.99,2019-03-07 20:33:00,"608 Center St, Seattle, WA 98101",March
166166,34in Ultrawide Monitor,1,379.99,2019-03-23 16:25:00,"614 Forest St, San Francisco, CA 94016",March
170217,34in Ultrawide Monitor,1,379.99,2019-03-13 14:12:00,"795 14th St, New York City, NY 10001",March
167499,34in Ultrawide Monitor,1,379.99,2019-03-11 08:56:00,"766 12th St, Portland, OR 97035",March
163847,34in Ultrawide Monitor,1,379.99,2019-03-13 18:52:00,"802 West St, San Francisco, CA 94016",March
164497,34in Ultrawide Monitor,1,379.99,2019-03-29 10:11:00,"82 Hickory St, Atlanta, GA 30301",March
165368,34in Ultrawide Monitor,1,379.99,2019-03-17 23:18:00,"596 Lake St, Los Angeles, CA 90001",March
162729,34in Ultrawide Monitor,1,379.99,2019-03-16 19:21:00,"744 Washington St, New York City, NY 10001",March
171534,34in Ultrawide Monitor,1,379.99,2019-03-26 12:14:00,"534 Park St, Portland, OR 97035",March
171640,34in Ultrawide Monitor,1,379.99,2019-03-28 12:18:00,"624 Lakeview St, New York City, NY 10001",March
172475,34in Ultrawide Monitor,1,379.99,2019-03-02 16:55:00,"784 Adams St, San Francisco, CA 94016",March
176455,34in Ultrawide Monitor,1,379.99,2019-03-16 19:55:00,"601 River St, Austin, TX 73301",March
165668,34in Ultrawide Monitor,1,379.99,2019-03-27 11:28:00,"386 Jackson St, San Francisco, CA 94016",March
174262,34in Ultrawide Monitor,1,379.99,2019-03-11 22:06:00,"243 11th St, New York City, NY 10001",March
174309,34in Ultrawide Monitor,1,379.99,2019-03-12 17:14:00,"733 Center St, San Francisco, CA 94016",March
176530,34in Ultrawide Monitor,1,379.99,2019-03-30 19:17:00,"652 Spruce St, San Francisco, CA 94016",March
162538,34in Ultrawide Monitor,1,379.99,2019-03-22 19:06:00,"434 Elm St, Seattle, WA 98101",March
164278,34in Ultrawide Monitor,1,379.99,2019-03-14 08:31:00,"26 Hickory St, Boston, MA 02215",March
170693,34in Ultrawide Monitor,1,379.99,2019-03-16 10:41:00,"556 Main St, New York City, NY 10001",March
171416,34in Ultrawide Monitor,1,379.99,2019-03-31 06:48:00,"575 Church St, Boston, MA 02215",March
175742,34in Ultrawide Monitor,1,379.99,2019-03-20 17:14:00,"281 Adams St, Los Angeles, CA 90001",March
163576,34in Ultrawide Monitor,1,379.99,2019-03-26 19:34:00,"633 13th St, Los Angeles, CA 90001",March
167154,34in Ultrawide Monitor,1,379.99,2019-03-06 10:40:00,"264 Johnson St, San Francisco, CA 94016",March
167515,34in Ultrawide Monitor,1,379.99,2019-03-02 16:34:00,"86 Cedar St, Atlanta, GA 30301",March
166516,34in Ultrawide Monitor,1,379.99,2019-03-05 20:38:00,"195 Hickory St, New York City, NY 10001",March
166856,34in Ultrawide Monitor,1,379.99,2019-03-14 07:06:00,"908 Park St, Atlanta, GA 30301",March
167595,34in Ultrawide Monitor,1,379.99,2019-03-24 13:14:00,"351 North St, San Francisco, CA 94016",March
168692,34in Ultrawide Monitor,1,379.99,2019-03-22 12:17:00,"953 Pine St, Atlanta, GA 30301",March
169973,34in Ultrawide Monitor,1,379.99,2019-03-22 14:41:00,"654 Meadow St, San Francisco, CA 94016",March
172243,34in Ultrawide Monitor,1,379.99,2019-03-30 18:43:00,"564 1st St, Boston, MA 02215",March
171947,34in Ultrawide Monitor,1,379.99,2019-03-25 00:43:00,"783 1st St, Seattle, WA 98101",March
163036,34in Ultrawide Monitor,1,379.99,2019-03-01 22:05:00,"452 Meadow St, Los Angeles, CA 90001",March
164287,34in Ultrawide Monitor,1,379.99,2019-03-23 16:29:00,"706 Church St, Dallas, TX 75001",March
169692,34in Ultrawide Monitor,1,379.99,2019-03-16 11:51:00,"738 Elm St, Atlanta, GA 30301",March
173886,34in Ultrawide Monitor,1,379.99,2019-03-31 15:53:00,"855 Wilson St, San Francisco, CA 94016",March
166994,34in Ultrawide Monitor,1,379.99,2019-03-17 17:37:00,"992 Maple St, New York City, NY 10001",March
167461,34in Ultrawide Monitor,1,379.99,2019-03-30 19:32:00,"241 2nd St, Atlanta, GA 30301",March
174724,34in Ultrawide Monitor,1,379.99,2019-03-31 20:04:00,"228 Spruce St, Austin, TX 73301",March
166519,34in Ultrawide Monitor,1,379.99,2019-03-13 12:44:00,"219 Church St, Seattle, WA 98101",March
164231,34in Ultrawide Monitor,1,379.99,2019-03-14 10:38:00,"598 8th St, Los Angeles, CA 90001",March
165453,34in Ultrawide Monitor,1,379.99,2019-03-27 00:10:00,"46 Hickory St, Seattle, WA 98101",March
167201,34in Ultrawide Monitor,1,379.99,2019-03-14 15:49:00,"643 Pine St, Atlanta, GA 30301",March
165613,34in Ultrawide Monitor,1,379.99,2019-03-27 15:16:00,"913 Hickory St, New York City, NY 10001",March
166881,34in Ultrawide Monitor,1,379.99,2019-03-07 15:44:00,"137 Center St, Los Angeles, CA 90001",March
173607,34in Ultrawide Monitor,1,379.99,2019-03-21 19:08:00,"262 Lake St, New York City, NY 10001",March
168233,34in Ultrawide Monitor,1,379.99,2019-03-19 19:50:00,"792 West St, Los Angeles, CA 90001",March
169179,34in Ultrawide Monitor,1,379.99,2019-03-30 15:01:00,"677 12th St, San Francisco, CA 94016",March
171951,34in Ultrawide Monitor,1,379.99,2019-03-03 18:18:00,"184 Lincoln St, Los Angeles, CA 90001",March
168178,34in Ultrawide Monitor,1,379.99,2019-03-22 07:52:00,"6 10th St, Boston, MA 02215",March
172700,34in Ultrawide Monitor,1,379.99,2019-03-18 12:19:00,"612 Maple St, Dallas, TX 75001",March
164334,34in Ultrawide Monitor,1,379.99,2019-03-18 10:27:00,"468 Chestnut St, San Francisco, CA 94016",March
165322,34in Ultrawide Monitor,1,379.99,2019-03-24 13:59:00,"854 Chestnut St, Seattle, WA 98101",March
170202,34in Ultrawide Monitor,1,379.99,2019-03-20 18:32:00,"58 Pine St, Seattle, WA 98101",March
173339,34in Ultrawide Monitor,1,379.99,2019-03-22 19:27:00,"641 12th St, Los Angeles, CA 90001",March
166618,34in Ultrawide Monitor,1,379.99,2019-03-22 14:12:00,"490 Wilson St, Austin, TX 73301",March
162139,34in Ultrawide Monitor,1,379.99,2019-03-21 12:21:00,"869 9th St, New York City, NY 10001",March
162168,34in Ultrawide Monitor,1,379.99,2019-03-20 10:26:00,"699 11th St, Boston, MA 02215",March
167894,34in Ultrawide Monitor,1,379.99,2019-03-17 18:44:00,"407 8th St, Seattle, WA 98101",March
167912,34in Ultrawide Monitor,1,379.99,2019-03-01 18:34:00,"298 Hill St, Dallas, TX 75001",March
169575,34in Ultrawide Monitor,1,379.99,2019-03-09 19:54:00,"764 14th St, Austin, TX 73301",March
176198,34in Ultrawide Monitor,1,379.99,2019-03-11 09:44:00,"974 8th St, Boston, MA 02215",March
176274,34in Ultrawide Monitor,1,379.99,2019-03-20 19:55:00,"740 Lakeview St, San Francisco, CA 94016",March
164448,34in Ultrawide Monitor,1,379.99,2019-03-04 20:43:00,"555 5th St, Seattle, WA 98101",March
166152,34in Ultrawide Monitor,1,379.99,2019-03-28 11:53:00,"337 Johnson St, Dallas, TX 75001",March
163464,34in Ultrawide Monitor,1,379.99,2019-03-14 21:46:00,"490 8th St, Atlanta, GA 30301",March
166676,34in Ultrawide Monitor,1,379.99,2019-03-07 10:27:00,"349 Wilson St, San Francisco, CA 94016",March
168894,34in Ultrawide Monitor,1,379.99,2019-03-08 15:02:00,"534 Pine St, Seattle, WA 98101",March
174086,34in Ultrawide Monitor,1,379.99,2019-03-09 20:15:00,"595 Main St, Los Angeles, CA 90001",March
174845,34in Ultrawide Monitor,1,379.99,2019-03-28 18:58:00,"912 West St, Dallas, TX 75001",March
162939,34in Ultrawide Monitor,1,379.99,2019-03-24 10:34:00,"885 4th St, Los Angeles, CA 90001",March
167565,34in Ultrawide Monitor,1,379.99,2019-03-18 06:06:00,"468 Forest St, Dallas, TX 75001",March
172622,34in Ultrawide Monitor,1,379.99,2019-03-12 07:25:00,"72 4th St, Portland, OR 97035",March
172691,34in Ultrawide Monitor,1,379.99,2019-03-14 11:21:00,"510 Spruce St, San Francisco, CA 94016",March
164488,34in Ultrawide Monitor,1,379.99,2019-03-26 20:35:00,"460 Hill St, Seattle, WA 98101",March
165504,34in Ultrawide Monitor,1,379.99,2019-03-26 06:44:00,"299 Ridge St, Los Angeles, CA 90001",March
166949,34in Ultrawide Monitor,1,379.99,2019-03-21 01:05:00,"85 Jackson St, Boston, MA 02215",March
167041,34in Ultrawide Monitor,1,379.99,2019-03-23 18:50:00,"779 Hill St, Atlanta, GA 30301",March
167622,34in Ultrawide Monitor,1,379.99,2019-03-26 20:59:00,"680 10th St, Dallas, TX 75001",March
172746,34in Ultrawide Monitor,1,379.99,2019-03-05 18:40:00,"742 Lincoln St, Seattle, WA 98101",March
175275,34in Ultrawide Monitor,1,379.99,2019-03-07 10:27:00,"933 Chestnut St, Boston, MA 02215",March
191011,34in Ultrawide Monitor,1,379.99,2019-04-06 05:39:00,"962 7th St, San Francisco, CA 94016",April
183944,34in Ultrawide Monitor,1,379.99,2019-04-30 19:33:00,"693 Spruce St, Dallas, TX 75001",April
193428,34in Ultrawide Monitor,1,379.99,2019-04-02 09:21:00,"410 Hill St, Boston, MA 02215",April
191101,34in Ultrawide Monitor,1,379.99,2019-04-17 15:58:00,"870 North St, San Francisco, CA 94016",April
180154,34in Ultrawide Monitor,1,379.99,2019-04-20 10:55:00,"475 4th St, Austin, TX 73301",April
185546,34in Ultrawide Monitor,1,379.99,2019-04-08 17:09:00,"841 Church St, San Francisco, CA 94016",April
190923,34in Ultrawide Monitor,1,379.99,2019-04-24 18:09:00,"32 Cedar St, San Francisco, CA 94016",April
191529,34in Ultrawide Monitor,1,379.99,2019-04-15 22:14:00,"886 6th St, Los Angeles, CA 90001",April
183730,34in Ultrawide Monitor,1,379.99,2019-04-06 13:41:00,"121 9th St, Boston, MA 02215",April
190565,34in Ultrawide Monitor,1,379.99,2019-04-10 14:31:00,"821 Center St, Portland, OR 97035",April
193375,34in Ultrawide Monitor,1,379.99,2019-04-30 22:57:00,"36 Jackson St, Los Angeles, CA 90001",April
177355,34in Ultrawide Monitor,1,379.99,2019-04-07 13:52:00,"233 Jefferson St, Seattle, WA 98101",April
177462,34in Ultrawide Monitor,1,379.99,2019-04-10 16:25:00,"792 Meadow St, Seattle, WA 98101",April
183994,34in Ultrawide Monitor,1,379.99,2019-04-04 18:56:00,"441 11th St, San Francisco, CA 94016",April
192370,34in Ultrawide Monitor,1,379.99,2019-04-26 15:45:00,"151 Wilson St, San Francisco, CA 94016",April
190861,34in Ultrawide Monitor,1,379.99,2019-04-10 02:07:00,"455 Lake St, San Francisco, CA 94016",April
184611,34in Ultrawide Monitor,1,379.99,2019-04-20 21:03:00,"196 Highland St, Boston, MA 02215",April
186555,34in Ultrawide Monitor,1,379.99,2019-04-30 14:03:00,"79 West St, San Francisco, CA 94016",April
187808,34in Ultrawide Monitor,1,379.99,2019-04-07 07:29:00,"154 2nd St, Boston, MA 02215",April
191997,34in Ultrawide Monitor,1,379.99,2019-04-20 08:30:00,"308 Highland St, San Francisco, CA 94016",April
178616,34in Ultrawide Monitor,1,379.99,2019-04-26 14:25:00,"646 Meadow St, San Francisco, CA 94016",April
188846,34in Ultrawide Monitor,1,379.99,2019-04-29 12:35:00,"251 West St, New York City, NY 10001",April
189428,34in Ultrawide Monitor,1,379.99,2019-04-30 20:01:00,"788 Park St, Los Angeles, CA 90001",April
176700,34in Ultrawide Monitor,1,379.99,2019-04-07 23:10:00,"967 Walnut St, Dallas, TX 75001",April
177469,34in Ultrawide Monitor,1,379.99,2019-04-22 10:04:00,"293 10th St, San Francisco, CA 94016",April
182399,34in Ultrawide Monitor,1,379.99,2019-04-03 10:13:00,"724 Adams St, San Francisco, CA 94016",April
185159,34in Ultrawide Monitor,1,379.99,2019-04-17 21:36:00,"192 Lincoln St, Seattle, WA 98101",April
188995,34in Ultrawide Monitor,1,379.99,2019-04-03 12:16:00,"469 9th St, San Francisco, CA 94016",April
189626,34in Ultrawide Monitor,1,379.99,2019-04-25 13:09:00,"483 Sunset St, San Francisco, CA 94016",April
192072,34in Ultrawide Monitor,1,379.99,2019-04-11 18:20:00,"568 Adams St, Austin, TX 73301",April
178452,34in Ultrawide Monitor,1,379.99,2019-04-17 15:00:00,"963 River St, New York City, NY 10001",April
180052,34in Ultrawide Monitor,1,379.99,2019-04-23 18:39:00,"952 Pine St, Los Angeles, CA 90001",April
180860,34in Ultrawide Monitor,1,379.99,2019-04-11 01:06:00,"975 Wilson St, Austin, TX 73301",April
182959,34in Ultrawide Monitor,1,379.99,2019-04-12 15:16:00,"712 Ridge St, Los Angeles, CA 90001",April
188356,34in Ultrawide Monitor,1,379.99,2019-04-18 23:38:00,"659 Hill St, Los Angeles, CA 90001",April
180282,34in Ultrawide Monitor,1,379.99,2019-04-13 16:47:00,"368 Washington St, New York City, NY 10001",April
187545,34in Ultrawide Monitor,1,379.99,2019-04-24 10:51:00,"175 Willow St, New York City, NY 10001",April
179170,34in Ultrawide Monitor,1,379.99,2019-04-29 13:30:00,"522 Center St, Atlanta, GA 30301",April
179586,34in Ultrawide Monitor,1,379.99,2019-04-21 16:20:00,"302 Highland St, San Francisco, CA 94016",April
182014,34in Ultrawide Monitor,1,379.99,2019-04-21 08:04:00,"747 Dogwood St, Los Angeles, CA 90001",April
187571,34in Ultrawide Monitor,1,379.99,2019-04-13 23:32:00,"427 1st St, Seattle, WA 98101",April
188542,34in Ultrawide Monitor,1,379.99,2019-04-16 11:30:00,"342 Hickory St, New York City, NY 10001",April
192127,34in Ultrawide Monitor,1,379.99,2019-04-15 16:18:00,"22 11th St, Los Angeles, CA 90001",April
176932,34in Ultrawide Monitor,1,379.99,2019-04-28 17:02:00,"118 Church St, Seattle, WA 98101",April
180714,34in Ultrawide Monitor,1,379.99,2019-04-03 21:00:00,"913 13th St, San Francisco, CA 94016",April
193640,34in Ultrawide Monitor,1,379.99,2019-04-27 18:04:00,"667 13th St, Portland, OR 97035",April
182029,34in Ultrawide Monitor,1,379.99,2019-04-30 19:37:00,"584 Highland St, New York City, NY 10001",April
192827,34in Ultrawide Monitor,1,379.99,2019-04-18 21:02:00,"649 South St, Atlanta, GA 30301",April
177352,34in Ultrawide Monitor,1,379.99,2019-04-30 18:46:00,"464 Walnut St, Los Angeles, CA 90001",April
177673,34in Ultrawide Monitor,1,379.99,2019-04-06 09:04:00,"523 Madison St, San Francisco, CA 94016",April
192320,34in Ultrawide Monitor,1,379.99,2019-04-03 17:36:00,"851 West St, Portland, OR 97035",April
180556,34in Ultrawide Monitor,1,379.99,2019-04-12 23:45:00,"923 Dogwood St, Los Angeles, CA 90001",April
183484,34in Ultrawide Monitor,1,379.99,2019-04-09 19:33:00,"204 Meadow St, Los Angeles, CA 90001",April
189218,34in Ultrawide Monitor,1,379.99,2019-04-19 12:44:00,"365 5th St, Seattle, WA 98101",April
190870,34in Ultrawide Monitor,1,379.99,2019-04-29 14:10:00,"141 Wilson St, Atlanta, GA 30301",April
176885,34in Ultrawide Monitor,1,379.99,2019-04-22 21:26:00,"582 River St, Boston, MA 02215",April
178706,34in Ultrawide Monitor,1,379.99,2019-04-20 21:51:00,"795 Wilson St, Los Angeles, CA 90001",April
187060,34in Ultrawide Monitor,1,379.99,2019-04-29 19:14:00,"179 Hickory St, Los Angeles, CA 90001",April
187281,34in Ultrawide Monitor,1,379.99,2019-04-10 11:01:00,"274 13th St, San Francisco, CA 94016",April
192237,34in Ultrawide Monitor,1,379.99,2019-04-18 02:30:00,"110 4th St, San Francisco, CA 94016",April
179850,34in Ultrawide Monitor,1,379.99,2019-04-22 17:08:00,"343 Ridge St, San Francisco, CA 94016",April
187712,34in Ultrawide Monitor,1,379.99,2019-04-16 09:01:00,"930 River St, San Francisco, CA 94016",April
187956,34in Ultrawide Monitor,1,379.99,2019-04-28 17:08:00,"649 10th St, San Francisco, CA 94016",April
178163,34in Ultrawide Monitor,1,379.99,2019-04-17 17:18:00,"967 12th St, San Francisco, CA 94016",April
179409,34in Ultrawide Monitor,1,379.99,2019-04-24 13:40:00,"325 8th St, San Francisco, CA 94016",April
180754,34in Ultrawide Monitor,1,379.99,2019-04-28 12:59:00,"71 Hickory St, New York City, NY 10001",April
183383,34in Ultrawide Monitor,1,379.99,2019-04-16 14:47:00,"696 Jackson St, Los Angeles, CA 90001",April
193507,34in Ultrawide Monitor,1,379.99,2019-04-19 16:59:00,"16 West St, New York City, NY 10001",April
176677,34in Ultrawide Monitor,1,379.99,2019-04-01 11:50:00,"661 Washington St, Austin, TX 73301",April
178410,34in Ultrawide Monitor,1,379.99,2019-04-29 20:32:00,"671 North St, Los Angeles, CA 90001",April
178968,34in Ultrawide Monitor,1,379.99,2019-04-24 18:40:00,"683 11th St, San Francisco, CA 94016",April
179207,34in Ultrawide Monitor,1,379.99,2019-04-03 09:43:00,"465 Wilson St, San Francisco, CA 94016",April
179719,34in Ultrawide Monitor,1,379.99,2019-04-03 13:44:00,"650 Lakeview St, Seattle, WA 98101",April
179816,34in Ultrawide Monitor,1,379.99,2019-04-01 21:52:00,"615 Chestnut St, San Francisco, CA 94016",April
180534,34in Ultrawide Monitor,1,379.99,2019-04-19 17:33:00,"560 7th St, New York City, NY 10001",April
182873,34in Ultrawide Monitor,1,379.99,2019-04-15 22:26:00,"193 Meadow St, Seattle, WA 98101",April
183682,34in Ultrawide Monitor,1,379.99,2019-04-05 18:20:00,"941 South St, Seattle, WA 98101",April
189188,34in Ultrawide Monitor,1,379.99,2019-04-03 16:41:00,"877 North St, Portland, OR 97035",April
176821,34in Ultrawide Monitor,1,379.99,2019-04-18 15:08:00,"72 Meadow St, San Francisco, CA 94016",April
186544,34in Ultrawide Monitor,1,379.99,2019-04-04 17:56:00,"440 Madison St, San Francisco, CA 94016",April
189679,34in Ultrawide Monitor,1,379.99,2019-04-24 16:49:00,"212 Lakeview St, San Francisco, CA 94016",April
191514,34in Ultrawide Monitor,1,379.99,2019-04-09 18:23:00,"916 Main St, Dallas, TX 75001",April
178094,34in Ultrawide Monitor,1,379.99,2019-04-17 04:39:00,"225 4th St, Dallas, TX 75001",April
180756,34in Ultrawide Monitor,1,379.99,2019-04-23 06:14:00,"93 Lake St, San Francisco, CA 94016",April
183499,34in Ultrawide Monitor,1,379.99,2019-04-20 16:52:00,"123 Maple St, New York City, NY 10001",April
178955,34in Ultrawide Monitor,1,379.99,2019-04-21 22:45:00,"799 Forest St, San Francisco, CA 94016",April
181091,34in Ultrawide Monitor,1,379.99,2019-04-11 14:05:00,"156 13th St, Dallas, TX 75001",April
184615,34in Ultrawide Monitor,1,379.99,2019-04-27 21:14:00,"573 Center St, San Francisco, CA 94016",April
185491,34in Ultrawide Monitor,1,379.99,2019-04-16 07:10:00,"72 West St, San Francisco, CA 94016",April
188285,34in Ultrawide Monitor,1,379.99,2019-04-04 17:45:00,"177 Chestnut St, Los Angeles, CA 90001",April
176758,34in Ultrawide Monitor,1,379.99,2019-04-18 21:26:00,"166 Highland St, San Francisco, CA 94016",April
182637,34in Ultrawide Monitor,1,379.99,2019-04-03 22:52:00,"359 Pine St, San Francisco, CA 94016",April
191605,34in Ultrawide Monitor,1,379.99,2019-04-23 19:17:00,"144 Madison St, Seattle, WA 98101",April
183529,34in Ultrawide Monitor,1,379.99,2019-04-29 12:40:00,"783 13th St, San Francisco, CA 94016",April
180438,34in Ultrawide Monitor,1,379.99,2019-04-18 08:52:00,"985 4th St, New York City, NY 10001",April
182232,34in Ultrawide Monitor,1,379.99,2019-04-21 13:22:00,"91 Lincoln St, Boston, MA 02215",April
177026,34in Ultrawide Monitor,1,379.99,2019-04-11 22:15:00,"892 5th St, Austin, TX 73301",April
177071,34in Ultrawide Monitor,1,379.99,2019-04-22 22:28:00,"149 Ridge St, San Francisco, CA 94016",April
177480,34in Ultrawide Monitor,1,379.99,2019-04-24 14:40:00,"560 Lake St, Austin, TX 73301",April
178150,34in Ultrawide Monitor,1,379.99,2019-04-30 12:35:00,"434 South St, San Francisco, CA 94016",April
185175,34in Ultrawide Monitor,1,379.99,2019-04-01 21:07:00,"992 Chestnut St, Los Angeles, CA 90001",April
191470,34in Ultrawide Monitor,1,379.99,2019-04-12 16:00:00,"476 South St, San Francisco, CA 94016",April
177597,34in Ultrawide Monitor,1,379.99,2019-04-17 20:31:00,"577 Madison St, San Francisco, CA 94016",April
192712,34in Ultrawide Monitor,1,379.99,2019-04-04 20:29:00,"815 10th St, Austin, TX 73301",April
194276,34in Ultrawide Monitor,1,379.99,2019-05-02 17:21:00,"632 Church St, New York City, NY 10001",May
197898,34in Ultrawide Monitor,1,379.99,2019-05-30 07:19:00,"109 Walnut St, Seattle, WA 98101",May
207612,34in Ultrawide Monitor,1,379.99,2019-05-12 19:20:00,"136 West St, Austin, TX 73301",May
207822,34in Ultrawide Monitor,1,379.99,2019-05-06 14:39:00,"607 Pine St, San Francisco, CA 94016",May
194576,34in Ultrawide Monitor,1,379.99,2019-05-26 20:54:00,"622 Church St, Seattle, WA 98101",May
207917,34in Ultrawide Monitor,1,379.99,2019-05-06 12:50:00,"794 Madison St, San Francisco, CA 94016",May
202202,34in Ultrawide Monitor,1,379.99,2019-05-16 23:07:00,"598 Willow St, Los Angeles, CA 90001",May
203630,34in Ultrawide Monitor,1,379.99,2019-05-07 20:30:00,"649 Johnson St, San Francisco, CA 94016",May
206865,34in Ultrawide Monitor,1,379.99,2019-05-22 00:16:00,"612 Sunset St, Los Angeles, CA 90001",May
209028,34in Ultrawide Monitor,1,379.99,2019-05-20 16:39:00,"298 Forest St, Seattle, WA 98101",May
199821,34in Ultrawide Monitor,1,379.99,2019-05-18 14:10:00,"721 Johnson St, Dallas, TX 75001",May
206194,34in Ultrawide Monitor,1,379.99,2019-05-11 00:17:00,"843 Center St, Dallas, TX 75001",May
198391,34in Ultrawide Monitor,1,379.99,2019-05-19 19:37:00,"405 Lakeview St, New York City, NY 10001",May
202164,34in Ultrawide Monitor,1,379.99,2019-05-29 14:05:00,"203 River St, Portland, OR 97035",May
204298,34in Ultrawide Monitor,1,379.99,2019-05-06 21:10:00,"781 Madison St, New York City, NY 10001",May
205662,34in Ultrawide Monitor,1,379.99,2019-05-22 19:12:00,"647 Main St, Los Angeles, CA 90001",May
209111,34in Ultrawide Monitor,1,379.99,2019-05-04 23:08:00,"433 Willow St, San Francisco, CA 94016",May
199634,34in Ultrawide Monitor,1,379.99,2019-05-07 14:33:00,"556 Jefferson St, Los Angeles, CA 90001",May
199966,34in Ultrawide Monitor,1,379.99,2019-05-01 13:32:00,"350 Lincoln St, New York City, NY 10001",May
209572,34in Ultrawide Monitor,1,379.99,2019-05-15 17:35:00,"775 Lincoln St, Los Angeles, CA 90001",May
195250,34in Ultrawide Monitor,1,379.99,2019-05-16 11:05:00,"722 Washington St, San Francisco, CA 94016",May
203849,34in Ultrawide Monitor,1,379.99,2019-05-31 08:00:00,"213 West St, San Francisco, CA 94016",May
205251,34in Ultrawide Monitor,1,379.99,2019-05-19 18:39:00,"939 Chestnut St, Los Angeles, CA 90001",May
194337,34in Ultrawide Monitor,1,379.99,2019-05-30 12:45:00,"176 7th St, Atlanta, GA 30301",May
197204,34in Ultrawide Monitor,1,379.99,2019-05-12 09:58:00,"703 9th St, Seattle, WA 98101",May
202048,34in Ultrawide Monitor,1,379.99,2019-05-15 14:13:00,"653 Adams St, San Francisco, CA 94016",May
202260,34in Ultrawide Monitor,1,379.99,2019-05-01 08:10:00,"93 Highland St, Dallas, TX 75001",May
201418,34in Ultrawide Monitor,1,379.99,2019-05-21 13:51:00,"556 Adams St, San Francisco, CA 94016",May
204928,34in Ultrawide Monitor,1,379.99,2019-05-19 18:16:00,"679 Wilson St, Austin, TX 73301",May
207776,34in Ultrawide Monitor,1,379.99,2019-05-12 22:50:00,"588 Lakeview St, San Francisco, CA 94016",May
208236,34in Ultrawide Monitor,1,379.99,2019-05-01 13:28:00,"112 Elm St, Dallas, TX 75001",May
197277,34in Ultrawide Monitor,1,379.99,2019-05-17 02:16:00,"688 Willow St, Dallas, TX 75001",May
199430,34in Ultrawide Monitor,1,379.99,2019-05-24 08:55:00,"911 Chestnut St, Portland, ME 04101",May
201919,34in Ultrawide Monitor,1,379.99,2019-05-31 12:47:00,"967 Main St, Seattle, WA 98101",May
194916,34in Ultrawide Monitor,1,379.99,2019-05-30 17:41:00,"7 4th St, Seattle, WA 98101",May
197540,34in Ultrawide Monitor,1,379.99,2019-05-21 13:49:00,"383 Madison St, Austin, TX 73301",May
202629,34in Ultrawide Monitor,1,379.99,2019-05-14 12:47:00,"951 6th St, Los Angeles, CA 90001",May
204116,34in Ultrawide Monitor,1,379.99,2019-05-30 19:16:00,"505 Church St, San Francisco, CA 94016",May
198859,34in Ultrawide Monitor,1,379.99,2019-05-27 12:45:00,"267 6th St, San Francisco, CA 94016",May
205820,34in Ultrawide Monitor,1,379.99,2019-05-02 12:09:00,"879 Meadow St, Atlanta, GA 30301",May
204290,34in Ultrawide Monitor,1,379.99,2019-05-29 16:12:00,"96 Forest St, New York City, NY 10001",May
194998,34in Ultrawide Monitor,1,379.99,2019-05-30 11:43:00,"272 Cherry St, Los Angeles, CA 90001",May
202736,34in Ultrawide Monitor,1,379.99,2019-05-07 21:22:00,"170 Dogwood St, Boston, MA 02215",May
205019,34in Ultrawide Monitor,1,379.99,2019-05-26 21:07:00,"909 4th St, Boston, MA 02215",May
209521,34in Ultrawide Monitor,1,379.99,2019-05-12 00:03:00,"771 Walnut St, Dallas, TX 75001",May
198044,34in Ultrawide Monitor,1,379.99,2019-05-05 23:04:00,"860 Jackson St, San Francisco, CA 94016",May
200629,34in Ultrawide Monitor,1,379.99,2019-05-07 03:05:00,"848 Church St, San Francisco, CA 94016",May
208299,34in Ultrawide Monitor,1,379.99,2019-05-10 19:38:00,"930 1st St, San Francisco, CA 94016",May
196038,34in Ultrawide Monitor,1,379.99,2019-05-18 13:32:00,"469 Willow St, Atlanta, GA 30301",May
201282,34in Ultrawide Monitor,1,379.99,2019-05-08 18:35:00,"559 Madison St, Los Angeles, CA 90001",May
202005,34in Ultrawide Monitor,1,379.99,2019-05-19 23:27:00,"25 12th St, Boston, MA 02215",May
207260,34in Ultrawide Monitor,1,379.99,2019-05-14 22:10:00,"238 Adams St, Boston, MA 02215",May
195556,34in Ultrawide Monitor,1,379.99,2019-05-23 13:50:00,"237 Hickory St, New York City, NY 10001",May
202249,34in Ultrawide Monitor,1,379.99,2019-05-07 14:21:00,"870 Sunset St, Boston, MA 02215",May
195553,34in Ultrawide Monitor,1,379.99,2019-05-01 07:00:00,"908 Lake St, Dallas, TX 75001",May
195561,34in Ultrawide Monitor,1,379.99,2019-05-24 17:28:00,"111 Hill St, New York City, NY 10001",May
199709,34in Ultrawide Monitor,1,379.99,2019-05-04 13:44:00,"473 Johnson St, Boston, MA 02215",May
206410,34in Ultrawide Monitor,1,379.99,2019-05-17 19:42:00,"815 Walnut St, San Francisco, CA 94016",May
207961,34in Ultrawide Monitor,1,379.99,2019-05-31 04:39:00,"937 6th St, Boston, MA 02215",May
198240,34in Ultrawide Monitor,1,379.99,2019-05-08 16:42:00,"588 Willow St, San Francisco, CA 94016",May
199917,34in Ultrawide Monitor,1,379.99,2019-05-10 16:01:00,"230 10th St, New York City, NY 10001",May
201219,34in Ultrawide Monitor,1,379.99,2019-05-11 23:26:00,"996 Elm St, Portland, OR 97035",May
203235,34in Ultrawide Monitor,1,379.99,2019-05-29 17:28:00,"855 Highland St, San Francisco, CA 94016",May
209420,34in Ultrawide Monitor,1,379.99,2019-05-12 11:29:00,"650 Jackson St, Boston, MA 02215",May
198569,34in Ultrawide Monitor,1,379.99,2019-05-13 20:37:00,"216 9th St, San Francisco, CA 94016",May
200387,34in Ultrawide Monitor,1,379.99,2019-05-17 11:59:00,"511 Johnson St, Los Angeles, CA 90001",May
199842,34in Ultrawide Monitor,1,379.99,2019-05-13 11:55:00,"742 Sunset St, Boston, MA 02215",May
204492,34in Ultrawide Monitor,1,379.99,2019-05-17 18:13:00,"392 1st St, Boston, MA 02215",May
194107,34in Ultrawide Monitor,1,379.99,2019-05-19 17:52:00,"451 Walnut St, New York City, NY 10001",May
200814,34in Ultrawide Monitor,1,379.99,2019-05-24 14:36:00,"283 Hill St, New York City, NY 10001",May
208690,34in Ultrawide Monitor,1,379.99,2019-05-18 14:20:00,"132 Madison St, Los Angeles, CA 90001",May
195310,34in Ultrawide Monitor,2,379.99,2019-05-14 19:27:00,"612 Jackson St, New York City, NY 10001",May
208080,34in Ultrawide Monitor,1,379.99,2019-05-24 09:44:00,"654 South St, Los Angeles, CA 90001",May
208586,34in Ultrawide Monitor,1,379.99,2019-05-14 22:56:00,"66 2nd St, Los Angeles, CA 90001",May
212729,34in Ultrawide Monitor,1,379.99,2019-06-14 10:57:00,"915 Walnut St, New York City, NY 10001",June
217039,34in Ultrawide Monitor,1,379.99,2019-06-27 17:39:00,"493 Jackson St, New York City, NY 10001",June
220930,34in Ultrawide Monitor,1,379.99,2019-06-26 08:30:00,"700 Meadow St, San Francisco, CA 94016",June
222807,34in Ultrawide Monitor,1,379.99,2019-06-26 22:28:00,"924 Pine St, New York City, NY 10001",June
214129,34in Ultrawide Monitor,1,379.99,2019-06-19 09:39:00,"632 Willow St, Atlanta, GA 30301",June
214753,34in Ultrawide Monitor,1,379.99,2019-06-27 14:19:00,"810 Pine St, San Francisco, CA 94016",June
214990,34in Ultrawide Monitor,1,379.99,2019-06-27 19:28:00,"894 Maple St, Austin, TX 73301",June
217812,34in Ultrawide Monitor,1,379.99,2019-06-30 17:41:00,"863 Cedar St, New York City, NY 10001",June
217848,34in Ultrawide Monitor,1,379.99,2019-06-09 09:04:00,"227 Forest St, Seattle, WA 98101",June
212854,34in Ultrawide Monitor,1,379.99,2019-06-14 20:55:00,"656 Adams St, Los Angeles, CA 90001",June
214334,34in Ultrawide Monitor,1,379.99,2019-06-24 16:30:00,"549 Lake St, Seattle, WA 98101",June
214519,34in Ultrawide Monitor,1,379.99,2019-06-07 21:22:00,"163 Jackson St, Portland, OR 97035",June
219086,34in Ultrawide Monitor,1,379.99,2019-06-18 21:03:00,"389 West St, Boston, MA 02215",June
219427,34in Ultrawide Monitor,1,379.99,2019-06-28 08:25:00,"827 Hickory St, New York City, NY 10001",June
220670,34in Ultrawide Monitor,1,379.99,2019-06-15 20:26:00,"17 Lakeview St, New York City, NY 10001",June
216898,34in Ultrawide Monitor,1,379.99,2019-06-02 05:21:00,"186 Chestnut St, Los Angeles, CA 90001",June
216968,34in Ultrawide Monitor,1,379.99,2019-06-19 19:04:00,"424 1st St, San Francisco, CA 94016",June
217825,34in Ultrawide Monitor,1,379.99,2019-06-18 16:02:00,"553 9th St, Portland, OR 97035",June
222773,34in Ultrawide Monitor,1,379.99,2019-06-23 14:35:00,"904 Walnut St, New York City, NY 10001",June
213811,34in Ultrawide Monitor,1,379.99,2019-06-21 19:29:00,"481 Lincoln St, New York City, NY 10001",June
218873,34in Ultrawide Monitor,1,379.99,2019-06-29 17:32:00,"356 14th St, Boston, MA 02215",June
210543,34in Ultrawide Monitor,1,379.99,2019-06-09 20:03:00,"929 Chestnut St, Dallas, TX 75001",June
212636,34in Ultrawide Monitor,1,379.99,2019-06-08 10:48:00,"563 Park St, Seattle, WA 98101",June
214784,34in Ultrawide Monitor,1,379.99,2019-06-18 15:41:00,"44 Jefferson St, San Francisco, CA 94016",June
215505,34in Ultrawide Monitor,1,379.99,2019-06-19 08:04:00,"948 Washington St, Los Angeles, CA 90001",June
217411,34in Ultrawide Monitor,1,379.99,2019-06-08 14:06:00,"298 14th St, San Francisco, CA 94016",June
218631,34in Ultrawide Monitor,1,379.99,2019-06-21 18:22:00,"131 West St, San Francisco, CA 94016",June
221061,34in Ultrawide Monitor,1,379.99,2019-06-24 17:20:00,"559 2nd St, Atlanta, GA 30301",June
213354,34in Ultrawide Monitor,1,379.99,2019-06-04 20:52:00,"565 Main St, New York City, NY 10001",June
218547,34in Ultrawide Monitor,1,379.99,2019-06-21 14:24:00,"491 Washington St, Seattle, WA 98101",June
222204,34in Ultrawide Monitor,1,379.99,2019-06-15 18:53:00,"921 Maple St, San Francisco, CA 94016",June
214327,34in Ultrawide Monitor,1,379.99,2019-06-08 21:03:00,"90 Dogwood St, Portland, ME 04101",June
220275,34in Ultrawide Monitor,1,379.99,2019-06-01 10:20:00,"290 Walnut St, Los Angeles, CA 90001",June
222514,34in Ultrawide Monitor,1,379.99,2019-06-28 14:42:00,"558 Highland St, San Francisco, CA 94016",June
212341,34in Ultrawide Monitor,1,379.99,2019-06-14 17:36:00,"320 14th St, San Francisco, CA 94016",June
218943,34in Ultrawide Monitor,1,379.99,2019-06-28 20:04:00,"298 Wilson St, San Francisco, CA 94016",June
220306,34in Ultrawide Monitor,1,379.99,2019-06-28 09:22:00,"577 River St, Seattle, WA 98101",June
220923,34in Ultrawide Monitor,1,379.99,2019-06-20 00:27:00,"761 Pine St, Seattle, WA 98101",June
213955,34in Ultrawide Monitor,1,379.99,2019-06-12 19:00:00,"959 Lakeview St, San Francisco, CA 94016",June
216509,34in Ultrawide Monitor,1,379.99,2019-06-26 22:27:00,"879 Washington St, San Francisco, CA 94016",June
221877,34in Ultrawide Monitor,1,379.99,2019-06-08 20:24:00,"168 6th St, Los Angeles, CA 90001",June
215342,34in Ultrawide Monitor,1,379.99,2019-06-17 10:57:00,"324 Pine St, Los Angeles, CA 90001",June
218056,34in Ultrawide Monitor,1,379.99,2019-06-24 09:42:00,"497 11th St, Los Angeles, CA 90001",June
217178,34in Ultrawide Monitor,1,379.99,2019-06-22 10:48:00,"751 Adams St, Los Angeles, CA 90001",June
219714,34in Ultrawide Monitor,1,379.99,2019-06-09 20:09:00,"249 Highland St, Portland, OR 97035",June
210190,34in Ultrawide Monitor,1,379.99,2019-06-14 11:28:00,"475 Sunset St, Los Angeles, CA 90001",June
218019,34in Ultrawide Monitor,1,379.99,2019-06-08 16:24:00,"306 11th St, Dallas, TX 75001",June
220791,34in Ultrawide Monitor,1,379.99,2019-06-01 10:01:00,"964 Cherry St, Los Angeles, CA 90001",June
214616,34in Ultrawide Monitor,1,379.99,2019-06-05 11:40:00,"655 10th St, Atlanta, GA 30301",June
221913,34in Ultrawide Monitor,1,379.99,2019-06-19 04:55:00,"355 Dogwood St, New York City, NY 10001",June
211246,34in Ultrawide Monitor,1,379.99,2019-06-27 14:24:00,"766 Hill St, Los Angeles, CA 90001",June
218037,34in Ultrawide Monitor,1,379.99,2019-06-30 19:39:00,"177 11th St, Dallas, TX 75001",June
219580,34in Ultrawide Monitor,1,379.99,2019-06-12 16:31:00,"412 Maple St, Los Angeles, CA 90001",June
220033,34in Ultrawide Monitor,1,379.99,2019-06-29 20:21:00,"984 Meadow St, Seattle, WA 98101",June
216533,34in Ultrawide Monitor,1,379.99,2019-06-05 18:08:00,"215 Spruce St, San Francisco, CA 94016",June
221922,34in Ultrawide Monitor,1,379.99,2019-06-03 16:31:00,"26 10th St, San Francisco, CA 94016",June
219848,34in Ultrawide Monitor,1,379.99,2019-06-21 08:31:00,"911 Maple St, Seattle, WA 98101",June
221941,34in Ultrawide Monitor,1,379.99,2019-06-26 14:25:00,"556 Jefferson St, New York City, NY 10001",June
215635,34in Ultrawide Monitor,1,379.99,2019-06-14 13:51:00,"521 Spruce St, Boston, MA 02215",June
218199,34in Ultrawide Monitor,1,379.99,2019-06-12 12:26:00,"35 River St, Seattle, WA 98101",June
219284,34in Ultrawide Monitor,1,379.99,2019-06-13 09:28:00,"385 Hickory St, San Francisco, CA 94016",June
219966,34in Ultrawide Monitor,1,379.99,2019-06-12 10:36:00,"571 Walnut St, Austin, TX 73301",June
213133,34in Ultrawide Monitor,1,379.99,2019-06-12 11:13:00,"658 Highland St, New York City, NY 10001",June
213260,34in Ultrawide Monitor,1,379.99,2019-06-23 23:57:00,"811 Center St, Austin, TX 73301",June
213775,34in Ultrawide Monitor,1,379.99,2019-06-09 20:13:00,"761 8th St, Los Angeles, CA 90001",June
215083,34in Ultrawide Monitor,1,379.99,2019-06-29 14:34:00,"580 Johnson St, San Francisco, CA 94016",June
215652,34in Ultrawide Monitor,1,379.99,2019-06-03 20:19:00,"583 Hill St, Atlanta, GA 30301",June
221016,34in Ultrawide Monitor,1,379.99,2019-06-25 10:22:00,"948 Highland St, San Francisco, CA 94016",June
230262,34in Ultrawide Monitor,1,379.99,2019-07-25 22:21:00,"216 Hill St, San Francisco, CA 94016",July
230615,34in Ultrawide Monitor,1,379.99,2019-07-25 11:00:00,"506 South St, New York City, NY 10001",July
235997,34in Ultrawide Monitor,1,379.99,2019-07-06 07:12:00,"746 Center St, Portland, OR 97035",July
236621,34in Ultrawide Monitor,1,379.99,2019-07-15 01:28:00,"792 Cherry St, Portland, OR 97035",July
230042,34in Ultrawide Monitor,1,379.99,2019-07-13 11:03:00,"649 13th St, Boston, MA 02215",July
228238,34in Ultrawide Monitor,1,379.99,2019-07-10 22:59:00,"729 10th St, Atlanta, GA 30301",July
232091,34in Ultrawide Monitor,1,379.99,2019-07-27 12:11:00,"521 Forest St, Los Angeles, CA 90001",July
236100,34in Ultrawide Monitor,1,379.99,2019-07-28 22:35:00,"815 North St, Boston, MA 02215",July
227176,34in Ultrawide Monitor,1,379.99,2019-07-28 18:12:00,"751 14th St, San Francisco, CA 94016",July
226915,34in Ultrawide Monitor,1,379.99,2019-07-22 15:30:00,"98 South St, Portland, ME 04101",July
231333,34in Ultrawide Monitor,1,379.99,2019-07-14 23:26:00,"335 Main St, Seattle, WA 98101",July
234642,34in Ultrawide Monitor,1,379.99,2019-07-08 11:30:00,"236 5th St, New York City, NY 10001",July
225563,34in Ultrawide Monitor,1,379.99,2019-07-06 18:27:00,"995 Sunset St, Los Angeles, CA 90001",July
233428,34in Ultrawide Monitor,1,379.99,2019-07-22 20:44:00,"331 7th St, New York City, NY 10001",July
231920,34in Ultrawide Monitor,1,379.99,2019-07-22 11:55:00,"362 Jefferson St, New York City, NY 10001",July
233115,34in Ultrawide Monitor,1,379.99,2019-07-23 11:47:00,"883 Pine St, San Francisco, CA 94016",July
235291,34in Ultrawide Monitor,1,379.99,2019-07-04 21:33:00,"657 Adams St, Dallas, TX 75001",July
226991,34in Ultrawide Monitor,1,379.99,2019-07-07 13:00:00,"700 8th St, Austin, TX 73301",July
228414,34in Ultrawide Monitor,1,379.99,2019-07-18 16:23:00,"32 River St, San Francisco, CA 94016",July
232841,34in Ultrawide Monitor,1,379.99,2019-07-27 16:41:00,"180 Jackson St, New York City, NY 10001",July
223997,34in Ultrawide Monitor,1,379.99,2019-07-18 10:30:00,"375 Cedar St, Atlanta, GA 30301",July
224860,34in Ultrawide Monitor,1,379.99,2019-07-13 17:15:00,"735 Spruce St, New York City, NY 10001",July
232712,34in Ultrawide Monitor,1,379.99,2019-07-28 14:16:00,"112 14th St, New York City, NY 10001",July
233054,34in Ultrawide Monitor,1,379.99,2019-07-14 21:08:00,"893 Washington St, Los Angeles, CA 90001",July
233363,34in Ultrawide Monitor,1,379.99,2019-07-04 09:50:00,"996 Pine St, New York City, NY 10001",July
231780,34in Ultrawide Monitor,1,379.99,2019-07-22 11:57:00,"459 13th St, San Francisco, CA 94016",July
233151,34in Ultrawide Monitor,1,379.99,2019-07-03 13:30:00,"710 13th St, New York City, NY 10001",July
234906,34in Ultrawide Monitor,1,379.99,2019-07-31 08:24:00,"29 Jackson St, Boston, MA 02215",July
230730,34in Ultrawide Monitor,1,379.99,2019-07-10 13:38:00,"211 Park St, Atlanta, GA 30301",July
231431,34in Ultrawide Monitor,1,379.99,2019-07-03 10:50:00,"711 Park St, San Francisco, CA 94016",July
223105,34in Ultrawide Monitor,1,379.99,2019-07-17 00:06:00,"589 8th St, Portland, OR 97035",July
236477,34in Ultrawide Monitor,1,379.99,2019-07-05 08:28:00,"308 Church St, San Francisco, CA 94016",July
236623,34in Ultrawide Monitor,1,379.99,2019-07-10 13:17:00,"399 River St, Los Angeles, CA 90001",July
227880,34in Ultrawide Monitor,1,379.99,2019-07-15 19:04:00,"764 11th St, San Francisco, CA 94016",July
228205,34in Ultrawide Monitor,1,379.99,2019-07-10 21:26:00,"840 7th St, San Francisco, CA 94016",July
235175,34in Ultrawide Monitor,1,379.99,2019-07-06 09:23:00,"75 Lincoln St, Atlanta, GA 30301",July
225971,34in Ultrawide Monitor,1,379.99,2019-07-03 17:16:00,"753 Wilson St, Boston, MA 02215",July
229355,34in Ultrawide Monitor,1,379.99,2019-07-11 07:41:00,"410 9th St, Los Angeles, CA 90001",July
234789,34in Ultrawide Monitor,1,379.99,2019-07-15 15:06:00,"114 4th St, Seattle, WA 98101",July
236304,34in Ultrawide Monitor,1,379.99,2019-07-25 20:13:00,"290 5th St, Seattle, WA 98101",July
223234,34in Ultrawide Monitor,1,379.99,2019-07-29 10:56:00,"351 Meadow St, Austin, TX 73301",July
231528,34in Ultrawide Monitor,1,379.99,2019-07-15 12:17:00,"344 Willow St, Los Angeles, CA 90001",July
228454,34in Ultrawide Monitor,1,379.99,2019-07-01 16:45:00,"536 Hickory St, Seattle, WA 98101",July
233926,34in Ultrawide Monitor,1,379.99,2019-07-15 00:44:00,"402 Main St, Portland, OR 97035",July
225277,34in Ultrawide Monitor,1,379.99,2019-07-25 00:05:00,"307 Adams St, New York City, NY 10001",July
236527,34in Ultrawide Monitor,1,379.99,2019-07-27 01:07:00,"297 Hill St, Seattle, WA 98101",July
233476,34in Ultrawide Monitor,1,379.99,2019-07-17 18:10:00,"236 West St, Portland, OR 97035",July
223369,34in Ultrawide Monitor,1,379.99,2019-07-12 10:00:00,"753 Sunset St, Los Angeles, CA 90001",July
226006,34in Ultrawide Monitor,1,379.99,2019-07-11 02:18:00,"481 Hickory St, Boston, MA 02215",July
231589,34in Ultrawide Monitor,1,379.99,2019-07-24 08:56:00,"552 5th St, San Francisco, CA 94016",July
231797,34in Ultrawide Monitor,1,379.99,2019-07-06 20:53:00,"418 13th St, San Francisco, CA 94016",July
231968,34in Ultrawide Monitor,1,379.99,2019-07-26 12:02:00,"480 Forest St, San Francisco, CA 94016",July
234839,34in Ultrawide Monitor,2,379.99,2019-07-10 14:58:00,"974 2nd St, New York City, NY 10001",July
235422,34in Ultrawide Monitor,1,379.99,2019-07-17 18:09:00,"627 Meadow St, Dallas, TX 75001",July
235608,34in Ultrawide Monitor,1,379.99,2019-07-14 12:05:00,"688 6th St, San Francisco, CA 94016",July
234342,34in Ultrawide Monitor,1,379.99,2019-07-25 19:39:00,"800 2nd St, New York City, NY 10001",July
229456,34in Ultrawide Monitor,1,379.99,2019-07-06 13:38:00,"510 North St, Los Angeles, CA 90001",July
235235,34in Ultrawide Monitor,1,379.99,2019-07-02 00:55:00,"99 Cedar St, Seattle, WA 98101",July
228971,34in Ultrawide Monitor,1,379.99,2019-07-10 21:17:00,"145 Cherry St, San Francisco, CA 94016",July
226748,34in Ultrawide Monitor,1,379.99,2019-07-18 13:40:00,"486 Madison St, Los Angeles, CA 90001",July
228964,34in Ultrawide Monitor,1,379.99,2019-07-13 15:49:00,"136 13th St, San Francisco, CA 94016",July
230909,34in Ultrawide Monitor,1,379.99,2019-07-30 10:15:00,"949 1st St, Portland, OR 97035",July
225088,34in Ultrawide Monitor,1,379.99,2019-07-15 11:38:00,"246 West St, New York City, NY 10001",July
229893,34in Ultrawide Monitor,1,379.99,2019-07-18 19:52:00,"125 6th St, San Francisco, CA 94016",July
233266,34in Ultrawide Monitor,1,379.99,2019-07-07 21:13:00,"883 Forest St, Boston, MA 02215",July
234427,34in Ultrawide Monitor,1,379.99,2019-07-19 10:34:00,"624 West St, San Francisco, CA 94016",July
223592,34in Ultrawide Monitor,1,379.99,2019-07-02 16:31:00,"271 10th St, Dallas, TX 75001",July
230194,34in Ultrawide Monitor,1,379.99,2019-07-30 03:21:00,"667 River St, New York City, NY 10001",July
234210,34in Ultrawide Monitor,1,379.99,2019-07-17 21:19:00,"976 Sunset St, New York City, NY 10001",July
236168,34in Ultrawide Monitor,1,379.99,2019-07-07 21:15:00,"942 Adams St, New York City, NY 10001",July
226740,34in Ultrawide Monitor,1,379.99,2019-07-16 12:00:00,"732 Cedar St, San Francisco, CA 94016",July
233460,34in Ultrawide Monitor,1,379.99,2019-07-18 10:58:00,"552 Spruce St, New York City, NY 10001",July
235605,34in Ultrawide Monitor,1,379.99,2019-07-15 02:15:00,"839 12th St, Los Angeles, CA 90001",July
245714,34in Ultrawide Monitor,1,379.99,2019-08-25 06:05:00,"107 14th St, Boston, MA 02215",August
247313,34in Ultrawide Monitor,1,379.99,2019-08-04 19:18:00,"459 13th St, Portland, OR 97035",August
237949,34in Ultrawide Monitor,1,379.99,2019-08-29 10:55:00,"909 Wilson St, Portland, OR 97035",August
244283,34in Ultrawide Monitor,1,379.99,2019-08-23 22:21:00,"706 6th St, San Francisco, CA 94016",August
237390,34in Ultrawide Monitor,1,379.99,2019-08-04 07:30:00,"294 Wilson St, Austin, TX 73301",August
237185,34in Ultrawide Monitor,1,379.99,2019-08-25 14:40:00,"744 Hickory St, New York City, NY 10001",August
247568,34in Ultrawide Monitor,1,379.99,2019-08-03 17:14:00,"301 2nd St, San Francisco, CA 94016",August
243068,34in Ultrawide Monitor,1,379.99,2019-08-18 13:59:00,"450 14th St, New York City, NY 10001",August
244930,34in Ultrawide Monitor,1,379.99,2019-08-19 08:11:00,"961 Lake St, Los Angeles, CA 90001",August
237035,34in Ultrawide Monitor,1,379.99,2019-08-17 09:27:00,"875 North St, Los Angeles, CA 90001",August
245288,34in Ultrawide Monitor,1,379.99,2019-08-20 14:43:00,"847 Pine St, Seattle, WA 98101",August
248095,34in Ultrawide Monitor,1,379.99,2019-08-23 12:48:00,"905 Pine St, San Francisco, CA 94016",August
247374,34in Ultrawide Monitor,1,379.99,2019-08-30 08:50:00,"565 10th St, Austin, TX 73301",August
246715,34in Ultrawide Monitor,1,379.99,2019-08-22 18:29:00,"787 8th St, Seattle, WA 98101",August
248031,34in Ultrawide Monitor,1,379.99,2019-08-09 17:28:00,"907 8th St, San Francisco, CA 94016",August
237836,34in Ultrawide Monitor,1,379.99,2019-08-17 11:37:00,"78 5th St, San Francisco, CA 94016",August
240540,34in Ultrawide Monitor,1,379.99,2019-08-27 19:23:00,"603 Jefferson St, San Francisco, CA 94016",August
238661,34in Ultrawide Monitor,1,379.99,2019-08-17 07:57:00,"807 Willow St, San Francisco, CA 94016",August
240830,34in Ultrawide Monitor,1,379.99,2019-08-25 22:56:00,"792 2nd St, Dallas, TX 75001",August
246174,34in Ultrawide Monitor,1,379.99,2019-08-25 17:17:00,"265 10th St, Portland, OR 97035",August
237074,34in Ultrawide Monitor,1,379.99,2019-08-21 06:10:00,"123 Adams St, San Francisco, CA 94016",August
238817,34in Ultrawide Monitor,1,379.99,2019-08-07 18:35:00,"489 Madison St, Boston, MA 02215",August
239285,34in Ultrawide Monitor,1,379.99,2019-09-01 01:09:00,"373 1st St, San Francisco, CA 94016",September
239591,34in Ultrawide Monitor,1,379.99,2019-08-15 14:05:00,"793 Madison St, Seattle, WA 98101",August
240430,34in Ultrawide Monitor,1,379.99,2019-08-24 11:32:00,"199 Dogwood St, New York City, NY 10001",August
240466,34in Ultrawide Monitor,1,379.99,2019-08-02 12:33:00,"178 North St, Seattle, WA 98101",August
246687,34in Ultrawide Monitor,1,379.99,2019-08-28 11:39:00,"667 2nd St, Los Angeles, CA 90001",August
243350,34in Ultrawide Monitor,1,379.99,2019-08-25 09:55:00,"986 Elm St, San Francisco, CA 94016",August
247256,34in Ultrawide Monitor,1,379.99,2019-08-13 22:51:00,"176 Church St, Los Angeles, CA 90001",August
239180,34in Ultrawide Monitor,1,379.99,2019-08-01 21:53:00,"277 11th St, New York City, NY 10001",August
246822,34in Ultrawide Monitor,1,379.99,2019-08-20 10:41:00,"625 Main St, New York City, NY 10001",August
247569,34in Ultrawide Monitor,1,379.99,2019-08-11 20:37:00,"53 Meadow St, Dallas, TX 75001",August
238824,34in Ultrawide Monitor,1,379.99,2019-08-13 16:13:00,"560 6th St, Boston, MA 02215",August
239176,34in Ultrawide Monitor,1,379.99,2019-08-28 18:35:00,"76 7th St, San Francisco, CA 94016",August
238483,34in Ultrawide Monitor,1,379.99,2019-08-29 18:19:00,"442 Hill St, New York City, NY 10001",August
239779,34in Ultrawide Monitor,1,379.99,2019-08-09 09:00:00,"372 5th St, Boston, MA 02215",August
241440,34in Ultrawide Monitor,1,379.99,2019-08-06 04:15:00,"727 Walnut St, Austin, TX 73301",August
241370,34in Ultrawide Monitor,1,379.99,2019-08-23 11:26:00,"714 Spruce St, New York City, NY 10001",August
242449,34in Ultrawide Monitor,1,379.99,2019-08-09 21:15:00,"697 Center St, Los Angeles, CA 90001",August
247583,34in Ultrawide Monitor,1,379.99,2019-08-28 08:06:00,"821 Cedar St, San Francisco, CA 94016",August
241606,34in Ultrawide Monitor,1,379.99,2019-08-14 11:41:00,"789 Johnson St, San Francisco, CA 94016",August
247865,34in Ultrawide Monitor,1,379.99,2019-08-04 13:10:00,"578 Johnson St, Los Angeles, CA 90001",August
246856,34in Ultrawide Monitor,1,379.99,2019-08-07 11:24:00,"691 Sunset St, Boston, MA 02215",August
242480,34in Ultrawide Monitor,1,379.99,2019-08-15 09:42:00,"928 Chestnut St, Atlanta, GA 30301",August
245787,34in Ultrawide Monitor,1,379.99,2019-08-21 04:11:00,"589 8th St, San Francisco, CA 94016",August
247678,34in Ultrawide Monitor,1,379.99,2019-08-03 11:44:00,"642 Willow St, Seattle, WA 98101",August
238573,34in Ultrawide Monitor,1,379.99,2019-08-15 16:38:00,"87 Cherry St, Los Angeles, CA 90001",August
246237,34in Ultrawide Monitor,1,379.99,2019-08-09 11:29:00,"312 Willow St, Boston, MA 02215",August
245820,34in Ultrawide Monitor,1,379.99,2019-08-09 12:00:00,"733 Forest St, Boston, MA 02215",August
242178,34in Ultrawide Monitor,1,379.99,2019-08-30 18:08:00,"763 Elm St, San Francisco, CA 94016",August
245689,34in Ultrawide Monitor,1,379.99,2019-08-30 08:20:00,"794 11th St, Seattle, WA 98101",August
238548,34in Ultrawide Monitor,1,379.99,2019-08-12 05:43:00,"345 Adams St, Atlanta, GA 30301",August
243502,34in Ultrawide Monitor,1,379.99,2019-08-19 18:46:00,"911 Lincoln St, San Francisco, CA 94016",August
245161,34in Ultrawide Monitor,1,379.99,2019-08-15 21:56:00,"576 West St, Boston, MA 02215",August
247919,34in Ultrawide Monitor,1,379.99,2019-08-10 23:57:00,"168 Willow St, Dallas, TX 75001",August
254349,34in Ultrawide Monitor,1,379.99,2019-09-07 14:48:00,"26 West St, Austin, TX 73301",September
257476,34in Ultrawide Monitor,1,379.99,2019-09-07 12:07:00,"409 Lake St, Boston, MA 02215",September
257745,34in Ultrawide Monitor,1,379.99,2019-09-29 11:00:00,"25 Park St, Seattle, WA 98101",September
251944,34in Ultrawide Monitor,1,379.99,2019-09-02 10:00:00,"174 6th St, Atlanta, GA 30301",September
248381,34in Ultrawide Monitor,1,379.99,2019-09-29 14:51:00,"511 Chestnut St, San Francisco, CA 94016",September
249970,34in Ultrawide Monitor,1,379.99,2019-09-29 17:38:00,"318 River St, Austin, TX 73301",September
252697,34in Ultrawide Monitor,1,379.99,2019-09-04 11:17:00,"496 Meadow St, Atlanta, GA 30301",September
254322,34in Ultrawide Monitor,1,379.99,2019-09-22 13:48:00,"526 5th St, Seattle, WA 98101",September
255720,34in Ultrawide Monitor,1,379.99,2019-09-29 14:56:00,"120 Main St, San Francisco, CA 94016",September
253300,34in Ultrawide Monitor,1,379.99,2019-09-16 19:25:00,"409 Jackson St, Boston, MA 02215",September
254096,34in Ultrawide Monitor,1,379.99,2019-09-27 09:52:00,"390 5th St, Austin, TX 73301",September
257715,34in Ultrawide Monitor,1,379.99,2019-09-23 23:33:00,"871 Ridge St, New York City, NY 10001",September
249025,34in Ultrawide Monitor,1,379.99,2019-09-10 01:35:00,"864 River St, San Francisco, CA 94016",September
249902,34in Ultrawide Monitor,1,379.99,2019-09-29 20:20:00,"811 Washington St, San Francisco, CA 94016",September
253296,34in Ultrawide Monitor,1,379.99,2019-09-14 22:29:00,"218 Spruce St, Los Angeles, CA 90001",September
248602,34in Ultrawide Monitor,1,379.99,2019-09-19 20:26:00,"174 Sunset St, San Francisco, CA 94016",September
248971,34in Ultrawide Monitor,1,379.99,2019-09-09 15:36:00,"417 Chestnut St, New York City, NY 10001",September
254532,34in Ultrawide Monitor,1,379.99,2019-09-25 20:44:00,"252 Spruce St, Dallas, TX 75001",September
250691,34in Ultrawide Monitor,1,379.99,2019-09-15 14:57:00,"475 West St, Portland, OR 97035",September
258661,34in Ultrawide Monitor,1,379.99,2019-09-13 18:09:00,"531 Chestnut St, Boston, MA 02215",September
258801,34in Ultrawide Monitor,1,379.99,2019-09-21 21:11:00,"430 Highland St, Los Angeles, CA 90001",September
250590,34in Ultrawide Monitor,1,379.99,2019-09-03 10:36:00,"629 Church St, Portland, ME 04101",September
254263,34in Ultrawide Monitor,1,379.99,2019-09-12 22:42:00,"491 10th St, Los Angeles, CA 90001",September
256063,34in Ultrawide Monitor,1,379.99,2019-09-27 18:51:00,"60 6th St, New York City, NY 10001",September
250529,34in Ultrawide Monitor,1,379.99,2019-09-12 18:40:00,"886 Ridge St, San Francisco, CA 94016",September
250583,34in Ultrawide Monitor,1,379.99,2019-09-15 18:29:00,"860 7th St, San Francisco, CA 94016",September
254873,34in Ultrawide Monitor,1,379.99,2019-09-29 12:21:00,"598 Lakeview St, Los Angeles, CA 90001",September
258159,34in Ultrawide Monitor,1,379.99,2019-09-01 09:07:00,"994 5th St, Austin, TX 73301",September
255951,34in Ultrawide Monitor,1,379.99,2019-09-21 14:51:00,"12 Wilson St, Los Angeles, CA 90001",September
250485,34in Ultrawide Monitor,1,379.99,2019-09-04 20:30:00,"692 5th St, Los Angeles, CA 90001",September
258478,34in Ultrawide Monitor,1,379.99,2019-09-23 20:15:00,"824 Meadow St, San Francisco, CA 94016",September
253936,34in Ultrawide Monitor,1,379.99,2019-09-13 21:43:00,"844 9th St, Los Angeles, CA 90001",September
256162,34in Ultrawide Monitor,1,379.99,2019-09-04 10:10:00,"165 Pine St, San Francisco, CA 94016",September
251733,34in Ultrawide Monitor,1,379.99,2019-09-12 18:02:00,"416 10th St, Seattle, WA 98101",September
248271,34in Ultrawide Monitor,1,379.99,2019-09-09 15:33:00,"871 Lincoln St, Boston, MA 02215",September
250280,34in Ultrawide Monitor,1,379.99,2019-09-16 12:24:00,"606 Adams St, Los Angeles, CA 90001",September
252025,34in Ultrawide Monitor,1,379.99,2019-09-05 15:21:00,"190 Jefferson St, Seattle, WA 98101",September
256347,34in Ultrawide Monitor,1,379.99,2019-09-20 21:31:00,"40 Jefferson St, Atlanta, GA 30301",September
252761,34in Ultrawide Monitor,1,379.99,2019-09-14 15:11:00,"641 14th St, San Francisco, CA 94016",September
253983,34in Ultrawide Monitor,1,379.99,2019-09-08 09:55:00,"773 Johnson St, Los Angeles, CA 90001",September
254662,34in Ultrawide Monitor,1,379.99,2019-09-09 22:54:00,"263 Church St, Dallas, TX 75001",September
254863,34in Ultrawide Monitor,1,379.99,2019-09-10 22:36:00,"610 Lincoln St, Boston, MA 02215",September
255189,34in Ultrawide Monitor,1,379.99,2019-09-27 14:01:00,"64 Adams St, Boston, MA 02215",September
256770,34in Ultrawide Monitor,1,379.99,2019-09-12 11:54:00,"530 12th St, Boston, MA 02215",September
257783,34in Ultrawide Monitor,1,379.99,2019-09-21 21:26:00,"678 Dogwood St, Seattle, WA 98101",September
250895,34in Ultrawide Monitor,1,379.99,2019-09-28 14:03:00,"60 Lakeview St, Atlanta, GA 30301",September
255858,34in Ultrawide Monitor,1,379.99,2019-09-15 09:45:00,"187 Jackson St, New York City, NY 10001",September
255372,34in Ultrawide Monitor,1,379.99,2019-09-07 13:51:00,"866 Walnut St, Boston, MA 02215",September
258673,34in Ultrawide Monitor,1,379.99,2019-09-27 17:20:00,"472 Walnut St, San Francisco, CA 94016",September
256902,34in Ultrawide Monitor,1,379.99,2019-09-20 18:13:00,"626 Madison St, Boston, MA 02215",September
249233,34in Ultrawide Monitor,1,379.99,2019-09-10 13:50:00,"551 Highland St, Portland, OR 97035",September
251946,34in Ultrawide Monitor,1,379.99,2019-09-04 21:37:00,"79 Center St, Austin, TX 73301",September
257757,34in Ultrawide Monitor,1,379.99,2019-09-02 16:47:00,"605 Jefferson St, Los Angeles, CA 90001",September
259677,34in Ultrawide Monitor,1,379.99,2019-10-14 17:16:00,"363 Chestnut St, Atlanta, GA 30301",October
268277,34in Ultrawide Monitor,1,379.99,2019-10-15 21:21:00,"377 Jefferson St, New York City, NY 10001",October
270964,34in Ultrawide Monitor,1,379.99,2019-10-25 21:58:00,"444 11th St, San Francisco, CA 94016",October
271318,34in Ultrawide Monitor,1,379.99,2019-10-12 12:18:00,"634 Lakeview St, San Francisco, CA 94016",October
275701,34in Ultrawide Monitor,1,379.99,2019-10-04 00:22:00,"116 10th St, New York City, NY 10001",October
278511,34in Ultrawide Monitor,1,379.99,2019-10-01 13:03:00,"468 2nd St, San Francisco, CA 94016",October
264586,34in Ultrawide Monitor,1,379.99,2019-10-19 11:34:00,"182 Hill St, Dallas, TX 75001",October
271008,34in Ultrawide Monitor,1,379.99,2019-10-14 18:07:00,"404 South St, Boston, MA 02215",October
264284,34in Ultrawide Monitor,1,379.99,2019-10-25 08:08:00,"938 1st St, Portland, ME 04101",October
269049,34in Ultrawide Monitor,1,379.99,2019-10-15 14:54:00,"91 Adams St, New York City, NY 10001",October
274963,34in Ultrawide Monitor,1,379.99,2019-10-20 20:04:00,"387 Jefferson St, San Francisco, CA 94016",October
277615,34in Ultrawide Monitor,1,379.99,2019-10-23 20:45:00,"761 Meadow St, San Francisco, CA 94016",October
264567,34in Ultrawide Monitor,1,379.99,2019-10-18 17:56:00,"608 Elm St, San Francisco, CA 94016",October
267819,34in Ultrawide Monitor,1,379.99,2019-10-10 01:07:00,"757 6th St, San Francisco, CA 94016",October
269744,34in Ultrawide Monitor,1,379.99,2019-10-04 19:03:00,"400 Hickory St, Portland, ME 04101",October
276476,34in Ultrawide Monitor,1,379.99,2019-10-16 00:16:00,"930 Main St, New York City, NY 10001",October
266339,34in Ultrawide Monitor,1,379.99,2019-10-20 18:57:00,"62 9th St, Dallas, TX 75001",October
270320,34in Ultrawide Monitor,1,379.99,2019-10-20 10:12:00,"563 North St, Austin, TX 73301",October
264134,34in Ultrawide Monitor,1,379.99,2019-10-10 11:44:00,"979 Park St, Dallas, TX 75001",October
265919,34in Ultrawide Monitor,1,379.99,2019-10-20 14:38:00,"46 Cedar St, Atlanta, GA 30301",October
266439,34in Ultrawide Monitor,1,379.99,2019-10-15 00:44:00,"810 Main St, New York City, NY 10001",October
266617,34in Ultrawide Monitor,1,379.99,2019-10-29 21:51:00,"409 Willow St, Atlanta, GA 30301",October
270458,34in Ultrawide Monitor,1,379.99,2019-10-16 18:20:00,"412 West St, Portland, OR 97035",October
272375,34in Ultrawide Monitor,1,379.99,2019-10-07 12:52:00,"301 Ridge St, Austin, TX 73301",October
273848,34in Ultrawide Monitor,1,379.99,2019-10-26 13:26:00,"948 6th St, San Francisco, CA 94016",October
274615,34in Ultrawide Monitor,1,379.99,2019-10-05 11:45:00,"441 Main St, New York City, NY 10001",October
260135,34in Ultrawide Monitor,1,379.99,2019-10-01 07:35:00,"550 Cherry St, San Francisco, CA 94016",October
261279,34in Ultrawide Monitor,1,379.99,2019-10-09 09:35:00,"606 4th St, Portland, OR 97035",October
270265,34in Ultrawide Monitor,1,379.99,2019-10-02 13:23:00,"584 8th St, Portland, OR 97035",October
264585,34in Ultrawide Monitor,1,379.99,2019-10-17 13:39:00,"595 8th St, Boston, MA 02215",October
264645,34in Ultrawide Monitor,1,379.99,2019-10-09 17:24:00,"879 Johnson St, Boston, MA 02215",October
272726,34in Ultrawide Monitor,1,379.99,2019-10-26 14:10:00,"331 14th St, New York City, NY 10001",October
272875,34in Ultrawide Monitor,1,379.99,2019-10-08 18:11:00,"100 Meadow St, New York City, NY 10001",October
275869,34in Ultrawide Monitor,1,379.99,2019-10-26 12:08:00,"189 13th St, San Francisco, CA 94016",October
276818,34in Ultrawide Monitor,1,379.99,2019-10-14 15:40:00,"388 South St, Los Angeles, CA 90001",October
272626,34in Ultrawide Monitor,1,379.99,2019-10-08 14:59:00,"768 Meadow St, San Francisco, CA 94016",October
262766,34in Ultrawide Monitor,1,379.99,2019-10-01 09:34:00,"600 Main St, Austin, TX 73301",October
263947,34in Ultrawide Monitor,1,379.99,2019-10-31 12:15:00,"13 5th St, Boston, MA 02215",October
264320,34in Ultrawide Monitor,1,379.99,2019-10-17 14:24:00,"464 West St, New York City, NY 10001",October
271276,34in Ultrawide Monitor,1,379.99,2019-10-01 13:23:00,"900 Lake St, Portland, OR 97035",October
269717,34in Ultrawide Monitor,1,379.99,2019-10-03 01:34:00,"211 Washington St, Austin, TX 73301",October
270901,34in Ultrawide Monitor,1,379.99,2019-10-26 21:26:00,"812 14th St, Dallas, TX 75001",October
272107,34in Ultrawide Monitor,1,379.99,2019-10-01 14:33:00,"80 Pine St, New York City, NY 10001",October
274839,34in Ultrawide Monitor,1,379.99,2019-10-21 16:22:00,"277 Center St, Boston, MA 02215",October
274921,34in Ultrawide Monitor,1,379.99,2019-10-02 15:07:00,"469 5th St, Seattle, WA 98101",October
262559,34in Ultrawide Monitor,1,379.99,2019-10-18 09:20:00,"500 Meadow St, Boston, MA 02215",October
263456,34in Ultrawide Monitor,1,379.99,2019-10-23 13:22:00,"418 Park St, New York City, NY 10001",October
269800,34in Ultrawide Monitor,1,379.99,2019-10-20 00:56:00,"825 Church St, Los Angeles, CA 90001",October
265673,34in Ultrawide Monitor,1,379.99,2019-10-18 00:42:00,"545 West St, Los Angeles, CA 90001",October
259618,34in Ultrawide Monitor,1,379.99,2019-10-03 16:16:00,"11 Forest St, Dallas, TX 75001",October
266995,34in Ultrawide Monitor,1,379.99,2019-10-16 06:52:00,"370 Spruce St, Los Angeles, CA 90001",October
271826,34in Ultrawide Monitor,1,379.99,2019-10-11 13:51:00,"257 Hickory St, Portland, OR 97035",October
273592,34in Ultrawide Monitor,1,379.99,2019-10-29 18:49:00,"704 7th St, Dallas, TX 75001",October
262591,34in Ultrawide Monitor,1,379.99,2019-10-15 14:45:00,"671 Willow St, San Francisco, CA 94016",October
270587,34in Ultrawide Monitor,1,379.99,2019-10-05 08:46:00,"329 4th St, New York City, NY 10001",October
273595,34in Ultrawide Monitor,1,379.99,2019-10-18 20:31:00,"859 9th St, New York City, NY 10001",October
274321,34in Ultrawide Monitor,1,379.99,2019-10-27 16:14:00,"312 6th St, Los Angeles, CA 90001",October
264148,34in Ultrawide Monitor,1,379.99,2019-10-29 17:34:00,"869 Hickory St, Boston, MA 02215",October
266312,34in Ultrawide Monitor,1,379.99,2019-10-30 11:17:00,"850 2nd St, Los Angeles, CA 90001",October
272305,34in Ultrawide Monitor,1,379.99,2019-10-11 12:26:00,"911 Forest St, Seattle, WA 98101",October
260989,34in Ultrawide Monitor,1,379.99,2019-10-26 10:28:00,"39 Elm St, New York City, NY 10001",October
262831,34in Ultrawide Monitor,1,379.99,2019-10-31 20:41:00,"741 Walnut St, Boston, MA 02215",October
265888,34in Ultrawide Monitor,1,379.99,2019-10-19 11:27:00,"344 Chestnut St, Atlanta, GA 30301",October
270067,34in Ultrawide Monitor,1,379.99,2019-10-25 19:54:00,"579 4th St, San Francisco, CA 94016",October
272745,34in Ultrawide Monitor,1,379.99,2019-10-30 19:00:00,"385 Center St, Portland, OR 97035",October
270314,34in Ultrawide Monitor,1,379.99,2019-10-27 18:27:00,"801 Center St, Los Angeles, CA 90001",October
262042,34in Ultrawide Monitor,1,379.99,2019-10-02 16:50:00,"62 Johnson St, Los Angeles, CA 90001",October
274871,34in Ultrawide Monitor,1,379.99,2019-10-12 09:01:00,"170 Sunset St, New York City, NY 10001",October
263006,34in Ultrawide Monitor,1,379.99,2019-10-30 22:40:00,"274 6th St, San Francisco, CA 94016",October
272016,34in Ultrawide Monitor,1,379.99,2019-10-24 04:39:00,"747 7th St, Los Angeles, CA 90001",October
273088,34in Ultrawide Monitor,1,379.99,2019-10-18 13:59:00,"840 Lakeview St, Seattle, WA 98101",October
262939,34in Ultrawide Monitor,1,379.99,2019-10-13 19:52:00,"270 Walnut St, San Francisco, CA 94016",October
266344,34in Ultrawide Monitor,1,379.99,2019-10-02 11:42:00,"351 Spruce St, New York City, NY 10001",October
270685,34in Ultrawide Monitor,1,379.99,2019-10-21 16:21:00,"407 9th St, San Francisco, CA 94016",October
277088,34in Ultrawide Monitor,1,379.99,2019-10-21 15:31:00,"389 Adams St, Los Angeles, CA 90001",October
260328,34in Ultrawide Monitor,1,379.99,2019-10-23 13:39:00,"613 Main St, Austin, TX 73301",October
262059,34in Ultrawide Monitor,1,379.99,2019-10-31 16:20:00,"77 Jackson St, Portland, OR 97035",October
268647,34in Ultrawide Monitor,1,379.99,2019-10-10 21:40:00,"4 Washington St, San Francisco, CA 94016",October
272635,34in Ultrawide Monitor,1,379.99,2019-10-29 14:22:00,"550 Chestnut St, Los Angeles, CA 90001",October
273545,34in Ultrawide Monitor,1,379.99,2019-10-05 13:58:00,"92 Jefferson St, Los Angeles, CA 90001",October
278001,34in Ultrawide Monitor,1,379.99,2019-10-10 09:48:00,"688 Church St, New York City, NY 10001",October
260538,34in Ultrawide Monitor,1,379.99,2019-10-11 10:38:00,"813 South St, Dallas, TX 75001",October
271547,34in Ultrawide Monitor,1,379.99,2019-10-19 09:47:00,"822 4th St, San Francisco, CA 94016",October
277337,34in Ultrawide Monitor,1,379.99,2019-10-27 22:20:00,"592 Hill St, Austin, TX 73301",October
263535,34in Ultrawide Monitor,1,379.99,2019-10-26 16:36:00,"67 Ridge St, Boston, MA 02215",October
264627,34in Ultrawide Monitor,1,379.99,2019-10-17 13:57:00,"3 Madison St, Dallas, TX 75001",October
265231,34in Ultrawide Monitor,1,379.99,2019-10-31 18:03:00,"270 South St, Los Angeles, CA 90001",October
270469,34in Ultrawide Monitor,1,379.99,2019-10-10 11:04:00,"88 Center St, New York City, NY 10001",October
264279,34in Ultrawide Monitor,1,379.99,2019-10-18 23:38:00,"758 Chestnut St, Los Angeles, CA 90001",October
272220,34in Ultrawide Monitor,1,379.99,2019-10-07 20:34:00,"219 River St, Dallas, TX 75001",October
275330,34in Ultrawide Monitor,1,379.99,2019-10-14 02:53:00,"343 6th St, Seattle, WA 98101",October
276076,34in Ultrawide Monitor,1,379.99,2019-10-07 17:32:00,"726 Adams St, Boston, MA 02215",October
278205,34in Ultrawide Monitor,1,379.99,2019-10-29 22:50:00,"29 Meadow St, Portland, OR 97035",October
261005,34in Ultrawide Monitor,1,379.99,2019-10-01 20:18:00,"67 Sunset St, Los Angeles, CA 90001",October
268658,34in Ultrawide Monitor,1,379.99,2019-10-22 17:13:00,"912 Washington St, Los Angeles, CA 90001",October
269297,34in Ultrawide Monitor,1,379.99,2019-10-18 17:01:00,"233 Lincoln St, Los Angeles, CA 90001",October
270741,34in Ultrawide Monitor,1,379.99,2019-10-31 09:57:00,"443 Center St, Boston, MA 02215",October
271845,34in Ultrawide Monitor,1,379.99,2019-10-01 14:50:00,"826 7th St, Seattle, WA 98101",October
276211,34in Ultrawide Monitor,1,379.99,2019-10-09 22:25:00,"212 Spruce St, Boston, MA 02215",October
260371,34in Ultrawide Monitor,1,379.99,2019-10-03 11:08:00,"163 Hill St, Boston, MA 02215",October
275394,34in Ultrawide Monitor,1,379.99,2019-10-05 09:51:00,"147 Jefferson St, New York City, NY 10001",October
261106,34in Ultrawide Monitor,1,379.99,2019-10-18 20:56:00,"236 Center St, Austin, TX 73301",October
262568,34in Ultrawide Monitor,1,379.99,2019-10-07 14:05:00,"666 Lake St, New York City, NY 10001",October
274134,34in Ultrawide Monitor,1,379.99,2019-10-10 11:17:00,"669 Madison St, Austin, TX 73301",October
281230,34in Ultrawide Monitor,1,379.99,2019-11-01 22:02:00,"505 Sunset St, Austin, TX 73301",November
282800,34in Ultrawide Monitor,1,379.99,2019-11-04 10:49:00,"67 River St, Los Angeles, CA 90001",November
287544,34in Ultrawide Monitor,1,379.99,2019-11-19 22:45:00,"636 West St, San Francisco, CA 94016",November
285230,34in Ultrawide Monitor,1,379.99,2019-11-13 10:03:00,"184 Pine St, San Francisco, CA 94016",November
286874,34in Ultrawide Monitor,1,379.99,2019-11-04 22:17:00,"424 11th St, New York City, NY 10001",November
287300,34in Ultrawide Monitor,1,379.99,2019-11-27 14:13:00,"598 9th St, Portland, OR 97035",November
294953,34in Ultrawide Monitor,1,379.99,2019-11-22 01:32:00,"827 Park St, Los Angeles, CA 90001",November
279118,34in Ultrawide Monitor,1,379.99,2019-11-04 13:32:00,"700 Spruce St, New York City, NY 10001",November
280230,34in Ultrawide Monitor,1,379.99,2019-11-23 15:23:00,"295 Ridge St, San Francisco, CA 94016",November
293816,34in Ultrawide Monitor,1,379.99,2019-11-09 11:38:00,"53 9th St, Seattle, WA 98101",November
285574,34in Ultrawide Monitor,1,379.99,2019-11-06 11:21:00,"909 2nd St, San Francisco, CA 94016",November
291514,34in Ultrawide Monitor,1,379.99,2019-11-28 08:19:00,"440 Pine St, Los Angeles, CA 90001",November
295418,34in Ultrawide Monitor,1,379.99,2019-11-25 10:35:00,"447 11th St, Austin, TX 73301",November
282646,34in Ultrawide Monitor,1,379.99,2019-11-17 13:21:00,"348 Spruce St, Dallas, TX 75001",November
284616,34in Ultrawide Monitor,1,379.99,2019-11-02 17:34:00,"42 4th St, Dallas, TX 75001",November
283029,34in Ultrawide Monitor,1,379.99,2019-11-13 09:56:00,"803 South St, New York City, NY 10001",November
280260,34in Ultrawide Monitor,1,379.99,2019-11-27 12:32:00,"307 6th St, New York City, NY 10001",November
281397,34in Ultrawide Monitor,1,379.99,2019-11-18 17:11:00,"772 Madison St, Los Angeles, CA 90001",November
282759,34in Ultrawide Monitor,1,379.99,2019-11-12 21:14:00,"175 Chestnut St, Seattle, WA 98101",November
283503,34in Ultrawide Monitor,1,379.99,2019-11-21 16:12:00,"216 6th St, New York City, NY 10001",November
284137,34in Ultrawide Monitor,1,379.99,2019-11-05 07:58:00,"128 Wilson St, New York City, NY 10001",November
286224,34in Ultrawide Monitor,1,379.99,2019-11-30 16:34:00,"649 4th St, New York City, NY 10001",November
289394,34in Ultrawide Monitor,1,379.99,2019-11-28 20:51:00,"290 Jackson St, Boston, MA 02215",November
288647,34in Ultrawide Monitor,1,379.99,2019-11-27 18:14:00,"795 2nd St, Boston, MA 02215",November
291759,34in Ultrawide Monitor,1,379.99,2019-11-22 11:17:00,"147 Ridge St, Los Angeles, CA 90001",November
292431,34in Ultrawide Monitor,1,379.99,2019-11-09 16:50:00,"968 West St, San Francisco, CA 94016",November
284901,34in Ultrawide Monitor,1,379.99,2019-11-12 11:08:00,"922 Cherry St, Boston, MA 02215",November
294042,34in Ultrawide Monitor,1,379.99,2019-11-29 17:31:00,"877 Pine St, New York City, NY 10001",November
283604,34in Ultrawide Monitor,1,379.99,2019-11-18 11:16:00,"547 Jackson St, New York City, NY 10001",November
294460,34in Ultrawide Monitor,1,379.99,2019-11-23 20:55:00,"411 Walnut St, San Francisco, CA 94016",November
282662,34in Ultrawide Monitor,1,379.99,2019-11-02 01:37:00,"778 6th St, Seattle, WA 98101",November
283767,34in Ultrawide Monitor,1,379.99,2019-11-01 14:03:00,"947 North St, New York City, NY 10001",November
285026,34in Ultrawide Monitor,1,379.99,2019-11-03 22:11:00,"185 Cherry St, San Francisco, CA 94016",November
280984,34in Ultrawide Monitor,1,379.99,2019-11-15 16:23:00,"653 1st St, Boston, MA 02215",November
280414,34in Ultrawide Monitor,1,379.99,2019-11-05 21:23:00,"933 8th St, Los Angeles, CA 90001",November
286546,34in Ultrawide Monitor,1,379.99,2019-11-07 13:21:00,"208 9th St, New York City, NY 10001",November
287291,34in Ultrawide Monitor,1,379.99,2019-11-14 20:12:00,"835 West St, Atlanta, GA 30301",November
291228,34in Ultrawide Monitor,1,379.99,2019-11-22 20:02:00,"387 8th St, Portland, ME 04101",November
293952,34in Ultrawide Monitor,1,379.99,2019-11-09 20:13:00,"504 North St, San Francisco, CA 94016",November
294832,34in Ultrawide Monitor,1,379.99,2019-11-24 09:45:00,"303 9th St, Seattle, WA 98101",November
282358,34in Ultrawide Monitor,1,379.99,2019-11-01 18:41:00,"636 North St, New York City, NY 10001",November
284666,34in Ultrawide Monitor,1,379.99,2019-11-29 11:42:00,"531 Hickory St, Atlanta, GA 30301",November
289293,34in Ultrawide Monitor,1,379.99,2019-11-03 01:08:00,"756 Hill St, Boston, MA 02215",November
292454,34in Ultrawide Monitor,1,379.99,2019-11-07 16:19:00,"12 Adams St, Los Angeles, CA 90001",November
287272,34in Ultrawide Monitor,1,379.99,2019-11-30 11:35:00,"837 River St, Atlanta, GA 30301",November
279854,34in Ultrawide Monitor,1,379.99,2019-11-28 17:20:00,"117 7th St, Portland, OR 97035",November
282237,34in Ultrawide Monitor,1,379.99,2019-11-06 07:17:00,"720 North St, San Francisco, CA 94016",November
287389,34in Ultrawide Monitor,1,379.99,2019-11-05 11:48:00,"104 Sunset St, Los Angeles, CA 90001",November
292370,34in Ultrawide Monitor,1,379.99,2019-11-07 20:45:00,"425 10th St, New York City, NY 10001",November
285326,34in Ultrawide Monitor,1,379.99,2019-11-04 12:04:00,"471 Johnson St, San Francisco, CA 94016",November
293005,34in Ultrawide Monitor,1,379.99,2019-11-20 23:02:00,"127 13th St, Los Angeles, CA 90001",November
290639,34in Ultrawide Monitor,1,379.99,2019-11-12 18:36:00,"709 Main St, New York City, NY 10001",November
282211,34in Ultrawide Monitor,1,379.99,2019-11-19 13:21:00,"40 Madison St, San Francisco, CA 94016",November
289351,34in Ultrawide Monitor,1,379.99,2019-11-06 20:44:00,"258 12th St, Boston, MA 02215",November
290625,34in Ultrawide Monitor,1,379.99,2019-11-03 23:05:00,"544 12th St, New York City, NY 10001",November
282509,34in Ultrawide Monitor,1,379.99,2019-11-10 19:42:00,"383 Johnson St, Boston, MA 02215",November
282658,34in Ultrawide Monitor,1,379.99,2019-11-04 10:45:00,"205 Spruce St, New York City, NY 10001",November
288788,34in Ultrawide Monitor,1,379.99,2019-11-15 17:26:00,"643 5th St, San Francisco, CA 94016",November
292066,34in Ultrawide Monitor,1,379.99,2019-11-23 19:32:00,"212 4th St, San Francisco, CA 94016",November
286086,34in Ultrawide Monitor,1,379.99,2019-11-05 16:29:00,"609 Jefferson St, Dallas, TX 75001",November
285381,34in Ultrawide Monitor,1,379.99,2019-11-13 15:13:00,"371 Jackson St, Austin, TX 73301",November
285814,34in Ultrawide Monitor,1,379.99,2019-11-16 12:31:00,"941 Forest St, Atlanta, GA 30301",November
288949,34in Ultrawide Monitor,1,379.99,2019-11-26 15:47:00,"279 Pine St, Boston, MA 02215",November
292845,34in Ultrawide Monitor,1,379.99,2019-11-26 00:29:00,"20 Jackson St, New York City, NY 10001",November
289001,34in Ultrawide Monitor,1,379.99,2019-11-06 13:57:00,"568 South St, New York City, NY 10001",November
285660,34in Ultrawide Monitor,1,379.99,2019-11-20 22:55:00,"284 Spruce St, Atlanta, GA 30301",November
286997,34in Ultrawide Monitor,1,379.99,2019-11-26 22:56:00,"100 10th St, Portland, ME 04101",November
286662,34in Ultrawide Monitor,1,379.99,2019-11-08 14:29:00,"293 Hill St, Atlanta, GA 30301",November
292605,34in Ultrawide Monitor,1,379.99,2019-11-09 12:25:00,"913 Wilson St, Boston, MA 02215",November
283646,34in Ultrawide Monitor,1,379.99,2019-11-06 11:13:00,"943 11th St, Atlanta, GA 30301",November
288360,34in Ultrawide Monitor,1,379.99,2019-11-04 17:09:00,"773 Lakeview St, Los Angeles, CA 90001",November
291879,34in Ultrawide Monitor,1,379.99,2019-11-16 12:51:00,"775 River St, Portland, OR 97035",November
301483,34in Ultrawide Monitor,1,379.99,2019-12-04 23:25:00,"974 Jefferson St, San Francisco, CA 94016",December
304279,34in Ultrawide Monitor,1,379.99,2019-12-09 19:15:00,"413 Cedar St, Los Angeles, CA 90001",December
305173,34in Ultrawide Monitor,1,379.99,2019-12-23 10:33:00,"748 North St, San Francisco, CA 94016",December
309866,34in Ultrawide Monitor,1,379.99,2019-12-22 18:54:00,"954 10th St, Atlanta, GA 30301",December
309927,34in Ultrawide Monitor,1,379.99,2019-12-25 10:22:00,"530 Hickory St, San Francisco, CA 94016",December
310075,34in Ultrawide Monitor,1,379.99,2019-12-16 14:26:00,"343 Washington St, Boston, MA 02215",December
302780,34in Ultrawide Monitor,1,379.99,2019-12-19 18:11:00,"188 Sunset St, Austin, TX 73301",December
311461,34in Ultrawide Monitor,1,379.99,2019-12-18 14:00:00,"74 Church St, New York City, NY 10001",December
314035,34in Ultrawide Monitor,1,379.99,2019-12-27 14:59:00,"996 Johnson St, Seattle, WA 98101",December
317290,34in Ultrawide Monitor,1,379.99,2019-12-03 13:52:00,"743 Sunset St, San Francisco, CA 94016",December
299198,34in Ultrawide Monitor,1,379.99,2019-12-04 20:23:00,"202 Pine St, Boston, MA 02215",December
301545,34in Ultrawide Monitor,1,379.99,2019-12-18 15:01:00,"652 Pine St, Austin, TX 73301",December
304649,34in Ultrawide Monitor,1,379.99,2019-12-20 15:08:00,"768 Church St, Seattle, WA 98101",December
307963,34in Ultrawide Monitor,1,379.99,2019-12-22 11:36:00,"41 8th St, Boston, MA 02215",December
317468,34in Ultrawide Monitor,1,379.99,2019-12-14 19:15:00,"481 Cherry St, Dallas, TX 75001",December
317711,34in Ultrawide Monitor,1,379.99,2019-12-12 17:49:00,"151 South St, Los Angeles, CA 90001",December
298595,34in Ultrawide Monitor,1,379.99,2019-12-02 10:55:00,"575 Highland St, Los Angeles, CA 90001",December
300713,34in Ultrawide Monitor,1,379.99,2019-12-22 20:55:00,"264 Church St, Portland, OR 97035",December
308413,34in Ultrawide Monitor,1,379.99,2019-12-19 17:59:00,"712 Cedar St, Atlanta, GA 30301",December
309932,34in Ultrawide Monitor,1,379.99,2019-12-14 18:43:00,"655 Forest St, New York City, NY 10001",December
314487,34in Ultrawide Monitor,1,379.99,2019-12-31 13:45:00,"833 Chestnut St, Los Angeles, CA 90001",December
318773,34in Ultrawide Monitor,1,379.99,2019-12-23 21:11:00,"106 2nd St, New York City, NY 10001",December
296203,34in Ultrawide Monitor,1,379.99,2019-12-22 11:43:00,"732 Highland St, New York City, NY 10001",December
300481,34in Ultrawide Monitor,1,379.99,2019-12-30 17:15:00,"906 7th St, Atlanta, GA 30301",December
307570,34in Ultrawide Monitor,1,379.99,2019-12-15 13:51:00,"809 8th St, Dallas, TX 75001",December
308115,34in Ultrawide Monitor,1,379.99,2019-12-13 17:51:00,"366 10th St, San Francisco, CA 94016",December
309331,34in Ultrawide Monitor,1,379.99,2019-12-09 09:10:00,"634 2nd St, Portland, OR 97035",December
301785,34in Ultrawide Monitor,1,379.99,2019-12-25 07:49:00,"55 7th St, New York City, NY 10001",December
303831,34in Ultrawide Monitor,1,379.99,2019-12-15 08:57:00,"875 Sunset St, San Francisco, CA 94016",December
306294,34in Ultrawide Monitor,1,379.99,2019-12-22 19:06:00,"130 Forest St, Seattle, WA 98101",December
313536,34in Ultrawide Monitor,1,379.99,2019-12-09 00:20:00,"216 Elm St, Seattle, WA 98101",December
313614,34in Ultrawide Monitor,1,379.99,2019-12-20 12:25:00,"43 River St, Austin, TX 73301",December
317479,34in Ultrawide Monitor,1,379.99,2019-12-26 08:20:00,"66 South St, Boston, MA 02215",December
296053,34in Ultrawide Monitor,1,379.99,2019-12-05 18:59:00,"538 8th St, Boston, MA 02215",December
298131,34in Ultrawide Monitor,1,379.99,2019-12-16 21:22:00,"133 Park St, New York City, NY 10001",December
312095,34in Ultrawide Monitor,1,379.99,2019-12-27 21:23:00,"516 1st St, Boston, MA 02215",December
316609,34in Ultrawide Monitor,1,379.99,2019-12-10 19:34:00,"656 Park St, New York City, NY 10001",December
317820,34in Ultrawide Monitor,1,379.99,2019-12-30 17:25:00,"120 14th St, Los Angeles, CA 90001",December
318452,34in Ultrawide Monitor,1,379.99,2019-12-06 22:10:00,"524 River St, New York City, NY 10001",December
295756,34in Ultrawide Monitor,1,379.99,2019-12-02 22:44:00,"20 Wilson St, Atlanta, GA 30301",December
297693,34in Ultrawide Monitor,1,379.99,2019-12-27 14:19:00,"903 11th St, New York City, NY 10001",December
311195,34in Ultrawide Monitor,1,379.99,2019-12-20 19:58:00,"877 Johnson St, Austin, TX 73301",December
312315,34in Ultrawide Monitor,1,379.99,2019-12-13 22:33:00,"219 1st St, San Francisco, CA 94016",December
313830,34in Ultrawide Monitor,1,379.99,2019-12-26 22:57:00,"182 Church St, San Francisco, CA 94016",December
314403,34in Ultrawide Monitor,1,379.99,2019-12-25 18:34:00,"760 Willow St, San Francisco, CA 94016",December
316974,34in Ultrawide Monitor,1,379.99,2019-12-06 20:10:00,"633 Elm St, Atlanta, GA 30301",December
301978,34in Ultrawide Monitor,2,379.99,2019-12-08 20:23:00,"905 Park St, Los Angeles, CA 90001",December
312484,34in Ultrawide Monitor,1,379.99,2019-12-11 19:39:00,"197 Wilson St, New York City, NY 10001",December
317815,34in Ultrawide Monitor,1,379.99,2019-12-04 10:15:00,"490 Park St, Atlanta, GA 30301",December
297797,34in Ultrawide Monitor,1,379.99,2019-12-02 18:45:00,"894 Ridge St, San Francisco, CA 94016",December
303047,34in Ultrawide Monitor,1,379.99,2019-12-16 10:49:00,"600 Forest St, Dallas, TX 75001",December
304665,34in Ultrawide Monitor,1,379.99,2019-12-03 21:55:00,"983 Center St, Dallas, TX 75001",December
306095,34in Ultrawide Monitor,1,379.99,2019-12-31 10:25:00,"843 South St, Boston, MA 02215",December
308458,34in Ultrawide Monitor,1,379.99,2019-12-17 10:12:00,"886 Madison St, New York City, NY 10001",December
314479,34in Ultrawide Monitor,1,379.99,2019-12-11 15:19:00,"469 River St, New York City, NY 10001",December
296911,34in Ultrawide Monitor,1,379.99,2019-12-26 09:07:00,"722 Highland St, Los Angeles, CA 90001",December
305804,34in Ultrawide Monitor,1,379.99,2019-12-15 21:53:00,"445 Main St, San Francisco, CA 94016",December
306858,34in Ultrawide Monitor,1,379.99,2019-12-30 10:28:00,"631 6th St, New York City, NY 10001",December
318444,34in Ultrawide Monitor,1,379.99,2019-12-24 11:50:00,"49 Dogwood St, San Francisco, CA 94016",December
296876,34in Ultrawide Monitor,1,379.99,2019-12-10 23:17:00,"68 14th St, Los Angeles, CA 90001",December
296895,34in Ultrawide Monitor,1,379.99,2019-12-09 15:17:00,"326 Highland St, New York City, NY 10001",December
296954,34in Ultrawide Monitor,1,379.99,2019-12-25 20:19:00,"953 Hickory St, San Francisco, CA 94016",December
300591,34in Ultrawide Monitor,1,379.99,2019-12-10 17:38:00,"79 7th St, Portland, OR 97035",December
309245,34in Ultrawide Monitor,1,379.99,2019-12-04 23:48:00,"907 Jackson St, Seattle, WA 98101",December
310634,34in Ultrawide Monitor,1,379.99,2019-12-20 13:42:00,"669 Chestnut St, Austin, TX 73301",December
316739,34in Ultrawide Monitor,1,379.99,2019-12-20 13:28:00,"846 Park St, Dallas, TX 75001",December
306621,34in Ultrawide Monitor,1,379.99,2019-12-11 08:21:00,"802 12th St, Dallas, TX 75001",December
311033,34in Ultrawide Monitor,1,379.99,2019-12-01 14:52:00,"39 North St, Seattle, WA 98101",December
315459,34in Ultrawide Monitor,1,379.99,2019-12-15 06:46:00,"22 Meadow St, San Francisco, CA 94016",December
301110,34in Ultrawide Monitor,1,379.99,2019-12-07 08:48:00,"55 Willow St, Boston, MA 02215",December
304112,34in Ultrawide Monitor,1,379.99,2019-12-22 10:58:00,"32 South St, San Francisco, CA 94016",December
306735,34in Ultrawide Monitor,1,379.99,2019-12-05 15:34:00,"874 Willow St, Atlanta, GA 30301",December
307261,34in Ultrawide Monitor,1,379.99,2019-12-06 21:59:00,"198 North St, Atlanta, GA 30301",December
308702,34in Ultrawide Monitor,1,379.99,2019-12-30 14:45:00,"349 1st St, Austin, TX 73301",December
318417,34in Ultrawide Monitor,1,379.99,2019-12-29 20:22:00,"894 Forest St, San Francisco, CA 94016",December
309889,34in Ultrawide Monitor,1,379.99,2019-12-25 11:56:00,"373 Elm St, Los Angeles, CA 90001",December
315555,34in Ultrawide Monitor,1,379.99,2019-12-09 16:00:00,"679 Park St, Los Angeles, CA 90001",December
297381,34in Ultrawide Monitor,1,379.99,2019-12-29 00:34:00,"977 Hickory St, Atlanta, GA 30301",December
297543,34in Ultrawide Monitor,1,379.99,2019-12-15 17:10:00,"916 7th St, Dallas, TX 75001",December
300539,34in Ultrawide Monitor,1,379.99,2019-12-24 08:44:00,"186 Sunset St, Dallas, TX 75001",December
302934,34in Ultrawide Monitor,1,379.99,2019-12-19 12:48:00,"263 Sunset St, Boston, MA 02215",December
306772,34in Ultrawide Monitor,1,379.99,2019-12-31 10:28:00,"504 Madison St, San Francisco, CA 94016",December
313143,34in Ultrawide Monitor,1,379.99,2019-12-03 19:14:00,"636 Jackson St, San Francisco, CA 94016",December
319432,34in Ultrawide Monitor,1,379.99,2019-12-12 22:17:00,"493 Lakeview St, Seattle, WA 98101",December
297450,34in Ultrawide Monitor,1,379.99,2019-12-12 15:45:00,"762 Elm St, Los Angeles, CA 90001",December
310606,34in Ultrawide Monitor,1,379.99,2019-12-04 00:21:00,"472 Ridge St, Portland, ME 04101",December
313571,34in Ultrawide Monitor,1,379.99,2019-12-30 12:21:00,"86 14th St, Atlanta, GA 30301",December
296337,34in Ultrawide Monitor,1,379.99,2019-12-23 11:23:00,"783 South St, Los Angeles, CA 90001",December
297913,34in Ultrawide Monitor,1,379.99,2019-12-29 14:26:00,"50 Forest St, Los Angeles, CA 90001",December
299057,34in Ultrawide Monitor,1,379.99,2019-12-09 11:14:00,"457 12th St, San Francisco, CA 94016",December
311239,34in Ultrawide Monitor,1,379.99,2019-12-28 08:11:00,"741 Church St, Los Angeles, CA 90001",December
312726,34in Ultrawide Monitor,1,379.99,2019-12-15 19:36:00,"123 Cherry St, Boston, MA 02215",December
314582,34in Ultrawide Monitor,1,379.99,2019-12-02 17:40:00,"79 Chestnut St, Los Angeles, CA 90001",December
318032,34in Ultrawide Monitor,1,379.99,2019-12-21 20:38:00,"682 4th St, New York City, NY 10001",December
318425,34in Ultrawide Monitor,1,379.99,2019-12-30 12:16:00,"389 4th St, New York City, NY 10001",December
300920,34in Ultrawide Monitor,1,379.99,2019-12-17 13:36:00,"126 North St, San Francisco, CA 94016",December
301705,34in Ultrawide Monitor,1,379.99,2019-12-24 14:33:00,"4 North St, New York City, NY 10001",December
302288,34in Ultrawide Monitor,1,379.99,2019-12-18 18:51:00,"862 Chestnut St, Atlanta, GA 30301",December
304273,34in Ultrawide Monitor,1,379.99,2019-12-24 15:13:00,"979 Elm St, Boston, MA 02215",December
308395,34in Ultrawide Monitor,1,379.99,2019-12-30 12:32:00,"198 Jefferson St, Seattle, WA 98101",December
308900,34in Ultrawide Monitor,1,379.99,2019-12-11 06:22:00,"843 12th St, Austin, TX 73301",December
311974,34in Ultrawide Monitor,1,379.99,2019-12-08 13:46:00,"448 Main St, San Francisco, CA 94016",December
318210,34in Ultrawide Monitor,1,379.99,2019-12-04 07:06:00,"202 Church St, Los Angeles, CA 90001",December
318236,34in Ultrawide Monitor,1,379.99,2019-12-17 18:56:00,"212 Hill St, Boston, MA 02215",December
309497,34in Ultrawide Monitor,1,379.99,2019-12-02 21:20:00,"712 Jefferson St, San Francisco, CA 94016",December
310879,34in Ultrawide Monitor,1,379.99,2019-12-17 11:48:00,"766 Highland St, Atlanta, GA 30301",December
297025,34in Ultrawide Monitor,1,379.99,2019-12-18 12:04:00,"836 Forest St, Boston, MA 02215",December
302244,34in Ultrawide Monitor,1,379.99,2019-12-25 22:46:00,"79 Ridge St, San Francisco, CA 94016",December
313485,34in Ultrawide Monitor,1,379.99,2019-12-02 11:38:00,"353 1st St, Los Angeles, CA 90001",December
316447,34in Ultrawide Monitor,1,379.99,2019-12-01 09:17:00,"797 2nd St, San Francisco, CA 94016",December
299422,34in Ultrawide Monitor,1,379.99,2019-12-11 13:47:00,"267 Madison St, Seattle, WA 98101",December
300327,34in Ultrawide Monitor,1,379.99,2019-12-21 17:49:00,"382 Cedar St, Los Angeles, CA 90001",December
301267,34in Ultrawide Monitor,1,379.99,2019-12-13 19:36:00,"429 Washington St, Atlanta, GA 30301",December
306729,34in Ultrawide Monitor,1,379.99,2019-12-17 23:23:00,"671 Spruce St, Dallas, TX 75001",December
210193,34in Ultrawide Monitor,1,379.99,2019-06-05 12:36:00,"902 Maple St, New York City, NY 10001",June
230294,34in Ultrawide Monitor,1,379.99,2019-07-03 17:17:00,"943 Sunset St, Boston, MA 02215",July
229384,34in Ultrawide Monitor,1,379.99,2019-07-31 17:27:00,"641 Church St, Dallas, TX 75001",July
246473,34in Ultrawide Monitor,1,379.99,2019-08-25 14:38:00,"798 Hill St, Atlanta, GA 30301",August
249359,34in Ultrawide Monitor,1,379.99,2019-09-25 11:41:00,"495 Cherry St, Seattle, WA 98101",September
302463,34in Ultrawide Monitor,1,379.99,2019-12-07 06:27:00,"268 Cedar St, Boston, MA 02215",December
305157,34in Ultrawide Monitor,1,379.99,2019-12-11 01:32:00,"494 14th St, Atlanta, GA 30301",December
296138,34in Ultrawide Monitor,1,379.99,2019-12-19 13:19:00,"235 Adams St, San Francisco, CA 94016",December
306674,34in Ultrawide Monitor,1,379.99,2019-12-09 12:05:00,"830 Meadow St, New York City, NY 10001",December
307168,34in Ultrawide Monitor,1,379.99,2019-12-03 07:39:00,"76 7th St, New York City, NY 10001",December
313651,34in Ultrawide Monitor,1,379.99,2019-12-06 16:14:00,"797 Cherry St, Portland, OR 97035",December
318610,34in Ultrawide Monitor,1,379.99,2019-12-12 17:57:00,"134 6th St, San Francisco, CA 94016",December
318827,34in Ultrawide Monitor,1,379.99,2019-12-05 18:38:00,"345 Spruce St, Seattle, WA 98101",December
300772,34in Ultrawide Monitor,1,379.99,2019-12-22 15:14:00,"315 Maple St, Boston, MA 02215",December
302093,34in Ultrawide Monitor,1,379.99,2019-12-06 10:25:00,"731 Dogwood St, Austin, TX 73301",December
307238,34in Ultrawide Monitor,1,379.99,2019-12-06 11:22:00,"505 Willow St, San Francisco, CA 94016",December
314897,34in Ultrawide Monitor,1,379.99,2019-12-01 09:31:00,"750 Main St, Atlanta, GA 30301",December
315760,34in Ultrawide Monitor,1,379.99,2019-12-21 11:56:00,"22 Jackson St, Dallas, TX 75001",December
307953,34in Ultrawide Monitor,1,379.99,2019-12-04 13:32:00,"924 2nd St, Seattle, WA 98101",December
309641,34in Ultrawide Monitor,1,379.99,2019-12-17 19:34:00,"602 Walnut St, Atlanta, GA 30301",December
312715,34in Ultrawide Monitor,1,379.99,2019-12-01 11:49:00,"359 Pine St, New York City, NY 10001",December
313843,34in Ultrawide Monitor,1,379.99,2019-12-23 15:35:00,"913 Park St, San Francisco, CA 94016",December
296811,34in Ultrawide Monitor,1,379.99,2019-12-10 07:39:00,"485 11th St, Portland, OR 97035",December
303854,34in Ultrawide Monitor,1,379.99,2019-12-15 01:49:00,"479 Hickory St, New York City, NY 10001",December
306895,34in Ultrawide Monitor,1,379.99,2019-12-17 15:25:00,"121 Cedar St, New York City, NY 10001",December
313506,34in Ultrawide Monitor,1,379.99,2019-12-29 14:47:00,"50 Chestnut St, New York City, NY 10001",December
298208,34in Ultrawide Monitor,1,379.99,2019-12-09 14:35:00,"452 Cedar St, Seattle, WA 98101",December
314225,34in Ultrawide Monitor,1,379.99,2019-12-20 00:14:00,"402 West St, Los Angeles, CA 90001",December
305400,34in Ultrawide Monitor,1,379.99,2019-12-05 06:40:00,"491 Jefferson St, Los Angeles, CA 90001",December
317885,34in Ultrawide Monitor,1,379.99,2019-12-11 22:56:00,"813 7th St, Atlanta, GA 30301",December
318172,34in Ultrawide Monitor,1,379.99,2019-12-25 16:12:00,"81 6th St, Austin, TX 73301",December
297977,34in Ultrawide Monitor,1,379.99,2019-12-22 20:33:00,"834 Jefferson St, New York City, NY 10001",December
305038,34in Ultrawide Monitor,1,379.99,2019-12-19 07:50:00,"59 Maple St, Boston, MA 02215",December
305738,34in Ultrawide Monitor,1,379.99,2019-12-30 20:01:00,"309 Spruce St, Los Angeles, CA 90001",December
308700,34in Ultrawide Monitor,1,379.99,2019-12-16 14:27:00,"239 7th St, San Francisco, CA 94016",December
316932,34in Ultrawide Monitor,1,379.99,2019-12-13 20:16:00,"72 7th St, San Francisco, CA 94016",December
305876,34in Ultrawide Monitor,1,379.99,2019-12-23 13:46:00,"952 Cherry St, San Francisco, CA 94016",December
311898,34in Ultrawide Monitor,1,379.99,2019-12-02 15:02:00,"658 10th St, San Francisco, CA 94016",December
314973,34in Ultrawide Monitor,1,379.99,2019-12-16 20:54:00,"905 Wilson St, San Francisco, CA 94016",December
301512,34in Ultrawide Monitor,1,379.99,2019-12-11 23:14:00,"134 Center St, Dallas, TX 75001",December
304596,34in Ultrawide Monitor,1,379.99,2019-12-12 22:42:00,"496 8th St, Atlanta, GA 30301",December
309541,34in Ultrawide Monitor,1,379.99,2019-12-13 12:14:00,"567 2nd St, Los Angeles, CA 90001",December
311103,34in Ultrawide Monitor,1,379.99,2019-12-16 15:07:00,"36 Church St, Los Angeles, CA 90001",December
313879,34in Ultrawide Monitor,1,379.99,2019-12-09 23:19:00,"456 Ridge St, Austin, TX 73301",December
315979,34in Ultrawide Monitor,1,379.99,2019-12-21 14:17:00,"623 Ridge St, Boston, MA 02215",December
301673,34in Ultrawide Monitor,1,379.99,2019-12-27 08:53:00,"411 Jefferson St, Boston, MA 02215",December
307237,34in Ultrawide Monitor,1,379.99,2019-12-04 16:33:00,"889 Meadow St, Portland, OR 97035",December
316277,34in Ultrawide Monitor,1,379.99,2019-12-28 13:23:00,"256 6th St, New York City, NY 10001",December
316895,34in Ultrawide Monitor,1,379.99,2019-12-19 23:43:00,"707 Adams St, Boston, MA 02215",December
319636,34in Ultrawide Monitor,1,379.99,2019-12-19 18:21:00,"829 6th St, Boston, MA 02215",December
296368,34in Ultrawide Monitor,1,379.99,2019-12-19 13:44:00,"223 10th St, New York City, NY 10001",December
298633,34in Ultrawide Monitor,1,379.99,2019-12-07 18:40:00,"300 Pine St, Boston, MA 02215",December
304813,34in Ultrawide Monitor,1,379.99,2019-12-16 09:39:00,"146 5th St, San Francisco, CA 94016",December
312978,34in Ultrawide Monitor,1,379.99,2019-12-25 09:28:00,"603 Center St, San Francisco, CA 94016",December
316507,34in Ultrawide Monitor,1,379.99,2019-12-03 12:46:00,"751 7th St, Boston, MA 02215",December
316815,34in Ultrawide Monitor,1,379.99,2019-12-14 00:29:00,"782 1st St, San Francisco, CA 94016",December
142387,34in Ultrawide Monitor,1,379.99,2019-01-25 23:50:00,"239 Lakeview St, Boston, MA 02215",January
142432,34in Ultrawide Monitor,1,379.99,2019-01-05 23:33:00,"777 12th St, Portland, ME 04101",January
145522,34in Ultrawide Monitor,1,379.99,2019-01-02 13:54:00,"775 2nd St, San Francisco, CA 94016",January
149558,34in Ultrawide Monitor,1,379.99,2019-01-30 23:07:00,"602 Pine St, Dallas, TX 75001",January
146699,34in Ultrawide Monitor,1,379.99,2019-01-18 21:13:00,"394 Chestnut St, San Francisco, CA 94016",January
142186,34in Ultrawide Monitor,1,379.99,2019-01-30 18:42:00,"505 Wilson St, Los Angeles, CA 90001",January
146051,34in Ultrawide Monitor,1,379.99,2019-01-20 07:40:00,"379 9th St, San Francisco, CA 94016",January
148075,34in Ultrawide Monitor,1,379.99,2019-01-03 08:26:00,"455 West St, Los Angeles, CA 90001",January
149532,34in Ultrawide Monitor,1,379.99,2019-01-27 12:08:00,"186 Jackson St, Boston, MA 02215",January
146949,34in Ultrawide Monitor,1,379.99,2019-01-13 22:31:00,"180 8th St, Boston, MA 02215",January
147197,34in Ultrawide Monitor,1,379.99,2019-01-11 08:18:00,"454 Walnut St, Los Angeles, CA 90001",January
143007,34in Ultrawide Monitor,1,379.99,2019-01-03 20:20:00,"355 Pine St, Dallas, TX 75001",January
145519,34in Ultrawide Monitor,1,379.99,2019-01-01 18:57:00,"36 5th St, Los Angeles, CA 90001",January
148454,34in Ultrawide Monitor,1,379.99,2019-01-21 15:40:00,"450 Jefferson St, Los Angeles, CA 90001",January
149374,34in Ultrawide Monitor,1,379.99,2019-01-24 15:25:00,"5 7th St, Seattle, WA 98101",January
143430,34in Ultrawide Monitor,1,379.99,2019-01-16 14:24:00,"756 1st St, Dallas, TX 75001",January
149996,34in Ultrawide Monitor,1,379.99,2019-01-01 11:35:00,"338 North St, New York City, NY 10001",January
149079,34in Ultrawide Monitor,1,379.99,2019-01-22 13:33:00,"734 North St, Portland, OR 97035",January
150449,34in Ultrawide Monitor,1,379.99,2019-01-26 20:05:00,"824 Pine St, New York City, NY 10001",January
148043,34in Ultrawide Monitor,1,379.99,2019-01-01 20:39:00,"622 Meadow St, Boston, MA 02215",January
147642,34in Ultrawide Monitor,1,379.99,2019-01-20 12:15:00,"487 Lincoln St, San Francisco, CA 94016",January
142516,34in Ultrawide Monitor,1,379.99,2019-01-03 17:34:00,"640 Main St, Los Angeles, CA 90001",January
147210,34in Ultrawide Monitor,1,379.99,2019-01-11 11:38:00,"942 Adams St, Dallas, TX 75001",January
150088,34in Ultrawide Monitor,1,379.99,2019-01-01 16:35:00,"505 Lakeview St, Austin, TX 73301",January
146667,34in Ultrawide Monitor,1,379.99,2019-01-25 20:34:00,"672 Meadow St, New York City, NY 10001",January
146369,34in Ultrawide Monitor,1,379.99,2019-01-14 14:42:00,"248 Jefferson St, Seattle, WA 98101",January
144220,34in Ultrawide Monitor,1,379.99,2019-01-07 21:20:00,"354 1st St, Austin, TX 73301",January
141679,34in Ultrawide Monitor,1,379.99,2019-01-03 19:55:00,"621 13th St, San Francisco, CA 94016",January
147622,34in Ultrawide Monitor,1,379.99,2019-01-10 15:32:00,"484 Lakeview St, Boston, MA 02215",January
141816,34in Ultrawide Monitor,1,379.99,2019-01-09 09:22:00,"730 Adams St, Boston, MA 02215",January
141873,34in Ultrawide Monitor,1,379.99,2019-01-19 19:12:00,"521 Ridge St, San Francisco, CA 94016",January
144264,34in Ultrawide Monitor,1,379.99,2019-01-16 10:52:00,"416 South St, New York City, NY 10001",January
147002,34in Ultrawide Monitor,1,379.99,2019-01-19 08:29:00,"353 Hill St, San Francisco, CA 94016",January
144011,34in Ultrawide Monitor,1,379.99,2019-01-04 09:05:00,"438 North St, Los Angeles, CA 90001",January
142891,34in Ultrawide Monitor,1,379.99,2019-01-30 14:58:00,"597 Lakeview St, Los Angeles, CA 90001",January
146964,34in Ultrawide Monitor,1,379.99,2019-01-30 08:19:00,"883 1st St, New York City, NY 10001",January
142148,34in Ultrawide Monitor,1,379.99,2019-01-24 02:46:00,"104 4th St, Los Angeles, CA 90001",January
146155,34in Ultrawide Monitor,1,379.99,2019-01-29 12:03:00,"374 Willow St, San Francisco, CA 94016",January
149291,34in Ultrawide Monitor,1,379.99,2019-01-21 11:41:00,"216 Cherry St, New York City, NY 10001",January
148193,34in Ultrawide Monitor,1,379.99,2019-01-04 18:33:00,"968 Forest St, San Francisco, CA 94016",January
149602,34in Ultrawide Monitor,1,379.99,2019-01-22 11:32:00,"430 Church St, Seattle, WA 98101",January
143167,34in Ultrawide Monitor,1,379.99,2019-01-27 22:19:00,"640 Dogwood St, San Francisco, CA 94016",January
150770,34in Ultrawide Monitor,1,379.99,2019-02-06 10:02:00,"721 Dogwood St, Seattle, WA 98101",February
155177,34in Ultrawide Monitor,1,379.99,2019-02-26 18:18:00,"851 2nd St, Seattle, WA 98101",February
156030,34in Ultrawide Monitor,1,379.99,2019-02-16 20:54:00,"241 West St, Los Angeles, CA 90001",February
159665,34in Ultrawide Monitor,1,379.99,2019-02-15 17:09:00,"415 Lake St, New York City, NY 10001",February
159794,34in Ultrawide Monitor,1,379.99,2019-02-21 22:23:00,"212 Chestnut St, Los Angeles, CA 90001",February
160739,34in Ultrawide Monitor,1,379.99,2019-02-12 23:23:00,"37 Ridge St, Los Angeles, CA 90001",February
152038,34in Ultrawide Monitor,1,379.99,2019-02-02 15:53:00,"642 Jackson St, Los Angeles, CA 90001",February
158557,34in Ultrawide Monitor,1,379.99,2019-02-16 14:24:00,"762 6th St, San Francisco, CA 94016",February
160859,34in Ultrawide Monitor,1,379.99,2019-02-22 13:08:00,"533 7th St, San Francisco, CA 94016",February
152739,34in Ultrawide Monitor,1,379.99,2019-02-20 13:29:00,"51 Spruce St, Boston, MA 02215",February
155514,34in Ultrawide Monitor,1,379.99,2019-02-12 08:55:00,"305 Highland St, New York City, NY 10001",February
156892,34in Ultrawide Monitor,1,379.99,2019-02-20 18:09:00,"405 Wilson St, Los Angeles, CA 90001",February
155810,34in Ultrawide Monitor,1,379.99,2019-02-19 11:04:00,"491 Lakeview St, Seattle, WA 98101",February
159138,34in Ultrawide Monitor,1,379.99,2019-02-02 12:15:00,"57 8th St, Los Angeles, CA 90001",February
150994,34in Ultrawide Monitor,1,379.99,2019-02-22 16:02:00,"892 Ridge St, Austin, TX 73301",February
157470,34in Ultrawide Monitor,1,379.99,2019-02-13 14:22:00,"329 Dogwood St, New York City, NY 10001",February
151502,34in Ultrawide Monitor,1,379.99,2019-02-20 23:25:00,"216 12th St, Los Angeles, CA 90001",February
160006,34in Ultrawide Monitor,1,379.99,2019-02-05 20:54:00,"974 Lakeview St, Los Angeles, CA 90001",February
151386,34in Ultrawide Monitor,1,379.99,2019-02-18 15:25:00,"78 4th St, Seattle, WA 98101",February
151657,34in Ultrawide Monitor,1,379.99,2019-02-10 09:36:00,"431 Johnson St, Dallas, TX 75001",February
158618,34in Ultrawide Monitor,1,379.99,2019-02-09 13:52:00,"415 12th St, New York City, NY 10001",February
155115,34in Ultrawide Monitor,1,379.99,2019-02-05 12:53:00,"625 Lake St, Los Angeles, CA 90001",February
159302,34in Ultrawide Monitor,1,379.99,2019-02-10 11:43:00,"929 10th St, San Francisco, CA 94016",February
151446,34in Ultrawide Monitor,1,379.99,2019-02-13 12:28:00,"654 South St, Los Angeles, CA 90001",February
152932,34in Ultrawide Monitor,1,379.99,2019-02-15 13:59:00,"726 14th St, Seattle, WA 98101",February
152950,34in Ultrawide Monitor,1,379.99,2019-02-21 20:43:00,"28 Cedar St, New York City, NY 10001",February
154831,34in Ultrawide Monitor,1,379.99,2019-02-13 15:08:00,"981 Elm St, San Francisco, CA 94016",February
158843,34in Ultrawide Monitor,1,379.99,2019-02-11 22:29:00,"462 6th St, Seattle, WA 98101",February
161201,34in Ultrawide Monitor,1,379.99,2019-02-04 19:28:00,"12 Madison St, San Francisco, CA 94016",February
152442,34in Ultrawide Monitor,1,379.99,2019-02-19 17:57:00,"881 Pine St, Los Angeles, CA 90001",February
156339,34in Ultrawide Monitor,1,379.99,2019-02-27 19:09:00,"603 Walnut St, San Francisco, CA 94016",February
151255,34in Ultrawide Monitor,1,379.99,2019-02-14 23:30:00,"72 Lake St, New York City, NY 10001",February
154943,34in Ultrawide Monitor,1,379.99,2019-02-08 17:22:00,"306 Church St, Dallas, TX 75001",February
154946,34in Ultrawide Monitor,1,379.99,2019-02-08 15:10:00,"930 Washington St, Austin, TX 73301",February
156360,34in Ultrawide Monitor,1,379.99,2019-02-01 06:51:00,"215 Cedar St, New York City, NY 10001",February
155176,34in Ultrawide Monitor,1,379.99,2019-02-28 01:03:00,"858 8th St, San Francisco, CA 94016",February
155317,34in Ultrawide Monitor,1,379.99,2019-02-22 01:16:00,"826 Center St, Atlanta, GA 30301",February
159688,34in Ultrawide Monitor,1,379.99,2019-02-05 22:33:00,"388 Chestnut St, Austin, TX 73301",February
158899,34in Ultrawide Monitor,1,379.99,2019-02-11 15:24:00,"884 Lincoln St, Austin, TX 73301",February
152222,34in Ultrawide Monitor,1,379.99,2019-02-18 11:00:00,"677 Lake St, Los Angeles, CA 90001",February
160529,34in Ultrawide Monitor,1,379.99,2019-02-11 11:05:00,"156 Lakeview St, Seattle, WA 98101",February
160696,34in Ultrawide Monitor,1,379.99,2019-02-10 12:18:00,"804 Wilson St, San Francisco, CA 94016",February
161629,34in Ultrawide Monitor,1,379.99,2019-02-15 18:51:00,"19 Church St, San Francisco, CA 94016",February
150702,34in Ultrawide Monitor,1,379.99,2019-02-23 20:58:00,"27 Wilson St, Los Angeles, CA 90001",February
157311,34in Ultrawide Monitor,1,379.99,2019-02-13 10:20:00,"130 Lakeview St, Seattle, WA 98101",February
155067,34in Ultrawide Monitor,1,379.99,2019-02-22 11:14:00,"764 Willow St, San Francisco, CA 94016",February
156519,34in Ultrawide Monitor,1,379.99,2019-02-21 14:46:00,"822 Highland St, Dallas, TX 75001",February
151414,34in Ultrawide Monitor,1,379.99,2019-02-17 19:03:00,"242 13th St, New York City, NY 10001",February
158120,34in Ultrawide Monitor,1,379.99,2019-02-20 23:29:00,"422 2nd St, San Francisco, CA 94016",February
153160,34in Ultrawide Monitor,1,379.99,2019-02-01 15:46:00,"256 Forest St, Seattle, WA 98101",February
159478,34in Ultrawide Monitor,1,379.99,2019-02-12 22:16:00,"863 Cherry St, San Francisco, CA 94016",February
161027,34in Ultrawide Monitor,1,379.99,2019-02-16 10:16:00,"375 Washington St, San Francisco, CA 94016",February
150740,34in Ultrawide Monitor,1,379.99,2019-02-08 19:30:00,"838 11th St, Portland, OR 97035",February
154297,34in Ultrawide Monitor,1,379.99,2019-02-28 13:57:00,"670 Cherry St, Portland, OR 97035",February
154344,34in Ultrawide Monitor,1,379.99,2019-02-13 11:38:00,"968 Lakeview St, San Francisco, CA 94016",February
152667,34in Ultrawide Monitor,1,379.99,2019-02-20 15:55:00,"573 9th St, Atlanta, GA 30301",February
156749,34in Ultrawide Monitor,1,379.99,2019-02-07 09:25:00,"38 North St, New York City, NY 10001",February
156241,34in Ultrawide Monitor,1,379.99,2019-02-15 09:23:00,"619 6th St, Boston, MA 02215",February
150553,34in Ultrawide Monitor,1,379.99,2019-02-20 21:42:00,"700 1st St, Dallas, TX 75001",February
151480,34in Ultrawide Monitor,1,379.99,2019-02-03 19:00:00,"583 Center St, Boston, MA 02215",February
154005,34in Ultrawide Monitor,1,379.99,2019-02-21 15:14:00,"13 12th St, San Francisco, CA 94016",February
160929,34in Ultrawide Monitor,1,379.99,2019-02-17 10:00:00,"276 River St, Dallas, TX 75001",February
152957,34in Ultrawide Monitor,1,379.99,2019-02-22 16:02:00,"863 2nd St, New York City, NY 10001",February
154197,34in Ultrawide Monitor,1,379.99,2019-02-07 09:10:00,"375 Willow St, San Francisco, CA 94016",February
154230,34in Ultrawide Monitor,1,379.99,2019-02-21 22:41:00,"939 Church St, Boston, MA 02215",February
154476,34in Ultrawide Monitor,1,379.99,2019-02-01 10:39:00,"598 North St, Los Angeles, CA 90001",February
155207,34in Ultrawide Monitor,1,379.99,2019-02-27 13:35:00,"769 10th St, San Francisco, CA 94016",February
158194,34in Ultrawide Monitor,1,379.99,2019-02-14 06:13:00,"786 10th St, San Francisco, CA 94016",February
151027,34in Ultrawide Monitor,1,379.99,2019-02-24 16:26:00,"151 Hill St, San Francisco, CA 94016",February
153804,34in Ultrawide Monitor,1,379.99,2019-02-25 23:13:00,"268 Hill St, San Francisco, CA 94016",February
164369,34in Ultrawide Monitor,1,379.99,2019-03-10 20:40:00,"182 Adams St, San Francisco, CA 94016",March
171192,34in Ultrawide Monitor,1,379.99,2019-03-26 20:29:00,"193 Johnson St, San Francisco, CA 94016",March
171748,34in Ultrawide Monitor,1,379.99,2019-03-10 22:44:00,"697 Jackson St, Seattle, WA 98101",March
162207,34in Ultrawide Monitor,1,379.99,2019-03-02 12:54:00,"69 Adams St, Atlanta, GA 30301",March
167432,34in Ultrawide Monitor,1,379.99,2019-03-24 19:14:00,"515 Cedar St, Dallas, TX 75001",March
168708,34in Ultrawide Monitor,1,379.99,2019-03-07 08:21:00,"741 Adams St, San Francisco, CA 94016",March
169700,34in Ultrawide Monitor,1,379.99,2019-03-10 11:55:00,"35 Ridge St, Seattle, WA 98101",March
163170,34in Ultrawide Monitor,1,379.99,2019-03-02 11:28:00,"575 Spruce St, San Francisco, CA 94016",March
175898,34in Ultrawide Monitor,1,379.99,2019-03-13 14:01:00,"176 Church St, Boston, MA 02215",March
165260,34in Ultrawide Monitor,1,379.99,2019-03-03 17:22:00,"716 Washington St, San Francisco, CA 94016",March
176252,34in Ultrawide Monitor,1,379.99,2019-03-14 11:51:00,"396 2nd St, Los Angeles, CA 90001",March
163058,34in Ultrawide Monitor,1,379.99,2019-03-05 10:43:00,"425 Forest St, San Francisco, CA 94016",March
167716,34in Ultrawide Monitor,1,379.99,2019-03-23 09:46:00,"864 Spruce St, New York City, NY 10001",March
167726,34in Ultrawide Monitor,1,379.99,2019-03-24 15:09:00,"706 Dogwood St, Seattle, WA 98101",March
174265,34in Ultrawide Monitor,1,379.99,2019-03-24 10:12:00,"258 South St, Seattle, WA 98101",March
174731,34in Ultrawide Monitor,1,379.99,2019-03-27 12:33:00,"431 Chestnut St, San Francisco, CA 94016",March
171497,34in Ultrawide Monitor,1,379.99,2019-03-24 12:37:00,"656 9th St, Austin, TX 73301",March
164032,34in Ultrawide Monitor,1,379.99,2019-03-31 17:33:00,"329 Johnson St, San Francisco, CA 94016",March
176361,34in Ultrawide Monitor,1,379.99,2019-03-20 16:39:00,"937 Johnson St, Seattle, WA 98101",March
169770,34in Ultrawide Monitor,1,379.99,2019-03-12 21:17:00,"404 Main St, Dallas, TX 75001",March
172484,34in Ultrawide Monitor,1,379.99,2019-03-15 20:57:00,"917 Johnson St, New York City, NY 10001",March
174952,34in Ultrawide Monitor,1,379.99,2019-03-10 17:28:00,"233 12th St, Austin, TX 73301",March
175191,34in Ultrawide Monitor,1,379.99,2019-03-03 10:25:00,"625 7th St, Portland, OR 97035",March
170786,34in Ultrawide Monitor,1,379.99,2019-03-02 18:24:00,"129 Johnson St, Boston, MA 02215",March
174864,34in Ultrawide Monitor,1,379.99,2019-03-19 08:39:00,"329 Johnson St, San Francisco, CA 94016",March
167596,34in Ultrawide Monitor,1,379.99,2019-03-31 20:19:00,"206 Washington St, Los Angeles, CA 90001",March
171092,34in Ultrawide Monitor,1,379.99,2019-03-27 10:05:00,"538 Jackson St, Seattle, WA 98101",March
173480,34in Ultrawide Monitor,1,379.99,2019-03-13 09:08:00,"553 5th St, San Francisco, CA 94016",March
176402,34in Ultrawide Monitor,1,379.99,2019-03-18 12:03:00,"340 Jackson St, Los Angeles, CA 90001",March
167323,34in Ultrawide Monitor,1,379.99,2019-03-14 09:14:00,"252 Park St, Dallas, TX 75001",March
167820,34in Ultrawide Monitor,1,379.99,2019-03-11 23:39:00,"310 Lincoln St, New York City, NY 10001",March
163181,34in Ultrawide Monitor,1,379.99,2019-03-15 21:51:00,"45 13th St, Portland, OR 97035",March
166601,34in Ultrawide Monitor,1,379.99,2019-03-29 16:21:00,"779 Hill St, Los Angeles, CA 90001",March
172928,34in Ultrawide Monitor,1,379.99,2019-03-23 17:47:00,"294 Walnut St, San Francisco, CA 94016",March
174417,34in Ultrawide Monitor,1,379.99,2019-03-30 15:15:00,"423 Church St, Dallas, TX 75001",March
163454,34in Ultrawide Monitor,1,379.99,2019-03-12 21:01:00,"712 South St, Los Angeles, CA 90001",March
165219,34in Ultrawide Monitor,1,379.99,2019-03-03 19:20:00,"919 13th St, San Francisco, CA 94016",March
162525,34in Ultrawide Monitor,1,379.99,2019-03-10 19:00:00,"415 Forest St, San Francisco, CA 94016",March
166356,34in Ultrawide Monitor,1,379.99,2019-03-24 17:01:00,"394 Main St, Seattle, WA 98101",March
176411,34in Ultrawide Monitor,1,379.99,2019-03-25 06:55:00,"76 Chestnut St, Boston, MA 02215",March
169115,34in Ultrawide Monitor,1,379.99,2019-03-20 12:43:00,"22 Spruce St, Los Angeles, CA 90001",March
175923,34in Ultrawide Monitor,1,379.99,2019-03-18 21:48:00,"520 1st St, Los Angeles, CA 90001",March
164930,34in Ultrawide Monitor,1,379.99,2019-03-06 07:00:00,"780 Washington St, San Francisco, CA 94016",March
167071,34in Ultrawide Monitor,1,379.99,2019-03-04 19:21:00,"383 Johnson St, Los Angeles, CA 90001",March
171936,34in Ultrawide Monitor,1,379.99,2019-03-18 19:26:00,"585 9th St, Portland, OR 97035",March
173452,34in Ultrawide Monitor,1,379.99,2019-03-11 18:08:00,"158 Lake St, Dallas, TX 75001",March
173687,34in Ultrawide Monitor,1,379.99,2019-03-19 12:35:00,"600 Madison St, New York City, NY 10001",March
169086,34in Ultrawide Monitor,1,379.99,2019-03-24 20:03:00,"272 River St, New York City, NY 10001",March
170035,34in Ultrawide Monitor,1,379.99,2019-03-09 15:16:00,"43 Meadow St, Los Angeles, CA 90001",March
171372,34in Ultrawide Monitor,1,379.99,2019-03-18 21:22:00,"180 10th St, Los Angeles, CA 90001",March
164065,34in Ultrawide Monitor,1,379.99,2019-03-10 23:16:00,"217 4th St, New York City, NY 10001",March
167756,34in Ultrawide Monitor,1,379.99,2019-03-16 01:15:00,"127 Dogwood St, Los Angeles, CA 90001",March
173301,34in Ultrawide Monitor,1,379.99,2019-03-19 15:20:00,"902 Adams St, Los Angeles, CA 90001",March
167361,34in Ultrawide Monitor,1,379.99,2019-03-27 18:54:00,"971 Lake St, San Francisco, CA 94016",March
172954,34in Ultrawide Monitor,1,379.99,2019-03-13 07:15:00,"500 Madison St, Atlanta, GA 30301",March
162657,34in Ultrawide Monitor,1,379.99,2019-03-13 07:40:00,"326 9th St, San Francisco, CA 94016",March
164582,34in Ultrawide Monitor,1,379.99,2019-03-17 18:48:00,"114 13th St, San Francisco, CA 94016",March
165039,34in Ultrawide Monitor,1,379.99,2019-03-08 20:44:00,"802 Chestnut St, Boston, MA 02215",March
169237,34in Ultrawide Monitor,1,379.99,2019-03-14 21:56:00,"681 Lincoln St, San Francisco, CA 94016",March
174327,34in Ultrawide Monitor,1,379.99,2019-03-19 18:50:00,"668 6th St, New York City, NY 10001",March
175333,34in Ultrawide Monitor,1,379.99,2019-03-05 18:53:00,"761 Highland St, Austin, TX 73301",March
165588,34in Ultrawide Monitor,1,379.99,2019-03-28 22:16:00,"231 Cherry St, San Francisco, CA 94016",March
167842,34in Ultrawide Monitor,1,379.99,2019-03-28 10:33:00,"771 Lincoln St, Los Angeles, CA 90001",March
176140,34in Ultrawide Monitor,1,379.99,2019-03-25 13:46:00,"475 Chestnut St, New York City, NY 10001",March
163511,34in Ultrawide Monitor,1,379.99,2019-03-28 16:05:00,"356 Adams St, Seattle, WA 98101",March
166865,34in Ultrawide Monitor,1,379.99,2019-03-01 08:46:00,"638 Dogwood St, Seattle, WA 98101",March
169163,34in Ultrawide Monitor,1,379.99,2019-03-17 07:37:00,"372 Jackson St, Seattle, WA 98101",March
170468,34in Ultrawide Monitor,1,379.99,2019-03-11 17:23:00,"561 Madison St, San Francisco, CA 94016",March
174252,34in Ultrawide Monitor,1,379.99,2019-03-16 22:42:00,"382 Jackson St, Boston, MA 02215",March
166792,34in Ultrawide Monitor,1,379.99,2019-03-24 18:16:00,"60 Madison St, Seattle, WA 98101",March
175328,34in Ultrawide Monitor,1,379.99,2019-03-28 15:22:00,"318 South St, Los Angeles, CA 90001",March
162112,34in Ultrawide Monitor,1,379.99,2019-03-15 21:52:00,"953 Spruce St, Boston, MA 02215",March
172193,34in Ultrawide Monitor,1,379.99,2019-03-01 21:31:00,"132 Johnson St, Los Angeles, CA 90001",March
165290,34in Ultrawide Monitor,1,379.99,2019-03-20 16:49:00,"616 9th St, San Francisco, CA 94016",March
170039,34in Ultrawide Monitor,1,379.99,2019-03-26 12:22:00,"727 Washington St, New York City, NY 10001",March
164557,34in Ultrawide Monitor,1,379.99,2019-03-07 17:20:00,"855 Church St, San Francisco, CA 94016",March
171250,34in Ultrawide Monitor,1,379.99,2019-03-14 22:19:00,"148 Spruce St, Dallas, TX 75001",March
172591,34in Ultrawide Monitor,1,379.99,2019-03-16 09:33:00,"382 North St, Portland, OR 97035",March
163423,34in Ultrawide Monitor,1,379.99,2019-03-13 21:45:00,"15 13th St, New York City, NY 10001",March
168996,34in Ultrawide Monitor,1,379.99,2019-03-15 14:34:00,"723 River St, Dallas, TX 75001",March
170413,34in Ultrawide Monitor,1,379.99,2019-03-21 00:23:00,"733 Madison St, Los Angeles, CA 90001",March
163208,34in Ultrawide Monitor,1,379.99,2019-03-08 14:28:00,"752 Willow St, Seattle, WA 98101",March
165075,34in Ultrawide Monitor,1,379.99,2019-03-22 23:09:00,"495 South St, Seattle, WA 98101",March
166014,34in Ultrawide Monitor,1,379.99,2019-03-28 06:59:00,"853 Madison St, Dallas, TX 75001",March
170581,34in Ultrawide Monitor,1,379.99,2019-03-25 22:07:00,"182 Walnut St, Atlanta, GA 30301",March
164776,34in Ultrawide Monitor,1,379.99,2019-03-13 13:23:00,"512 Church St, Seattle, WA 98101",March
169488,34in Ultrawide Monitor,1,379.99,2019-03-04 15:36:00,"554 North St, Seattle, WA 98101",March
167496,34in Ultrawide Monitor,1,379.99,2019-03-27 16:13:00,"569 14th St, Seattle, WA 98101",March
175392,34in Ultrawide Monitor,1,379.99,2019-03-11 11:42:00,"187 Church St, Atlanta, GA 30301",March
178891,34in Ultrawide Monitor,1,379.99,2019-04-15 16:45:00,"903 Forest St, San Francisco, CA 94016",April
183824,34in Ultrawide Monitor,1,379.99,2019-04-25 19:15:00,"418 12th St, Seattle, WA 98101",April
186726,34in Ultrawide Monitor,1,379.99,2019-04-09 12:07:00,"750 North St, Boston, MA 02215",April
192434,34in Ultrawide Monitor,1,379.99,2019-04-04 11:09:00,"165 Forest St, Dallas, TX 75001",April
181606,34in Ultrawide Monitor,1,379.99,2019-04-29 14:58:00,"439 Lakeview St, Portland, OR 97035",April
187696,34in Ultrawide Monitor,1,379.99,2019-04-16 20:52:00,"688 8th St, Seattle, WA 98101",April
192441,34in Ultrawide Monitor,1,379.99,2019-04-12 19:57:00,"290 South St, New York City, NY 10001",April
178514,34in Ultrawide Monitor,1,379.99,2019-04-08 19:24:00,"332 Church St, San Francisco, CA 94016",April
182424,34in Ultrawide Monitor,1,379.99,2019-04-09 14:23:00,"860 Meadow St, San Francisco, CA 94016",April
189296,34in Ultrawide Monitor,1,379.99,2019-04-30 17:05:00,"43 10th St, Dallas, TX 75001",April
190698,34in Ultrawide Monitor,1,379.99,2019-04-18 11:16:00,"859 Ridge St, San Francisco, CA 94016",April
192573,34in Ultrawide Monitor,1,379.99,2019-04-01 20:08:00,"458 8th St, New York City, NY 10001",April
177386,34in Ultrawide Monitor,1,379.99,2019-04-17 15:44:00,"154 South St, Atlanta, GA 30301",April
178393,34in Ultrawide Monitor,1,379.99,2019-04-22 10:07:00,"481 Adams St, Seattle, WA 98101",April
187459,34in Ultrawide Monitor,1,379.99,2019-04-28 17:14:00,"828 Hickory St, New York City, NY 10001",April
190149,34in Ultrawide Monitor,1,379.99,2019-04-14 00:45:00,"535 River St, Los Angeles, CA 90001",April
190172,34in Ultrawide Monitor,1,379.99,2019-04-05 23:54:00,"346 1st St, Los Angeles, CA 90001",April
177670,34in Ultrawide Monitor,1,379.99,2019-04-11 10:25:00,"636 14th St, New York City, NY 10001",April
177966,34in Ultrawide Monitor,1,379.99,2019-04-04 13:43:00,"712 7th St, San Francisco, CA 94016",April
179849,34in Ultrawide Monitor,1,379.99,2019-04-20 10:26:00,"861 4th St, New York City, NY 10001",April
179389,34in Ultrawide Monitor,1,379.99,2019-04-25 20:04:00,"718 13th St, Los Angeles, CA 90001",April
186562,34in Ultrawide Monitor,1,379.99,2019-04-01 18:08:00,"754 Pine St, Atlanta, GA 30301",April
188370,34in Ultrawide Monitor,1,379.99,2019-04-16 21:09:00,"491 Johnson St, San Francisco, CA 94016",April
191654,34in Ultrawide Monitor,1,379.99,2019-04-02 12:27:00,"78 Hill St, San Francisco, CA 94016",April
177259,34in Ultrawide Monitor,1,379.99,2019-04-08 13:36:00,"176 Hill St, New York City, NY 10001",April
180691,34in Ultrawide Monitor,1,379.99,2019-04-28 13:08:00,"199 14th St, Los Angeles, CA 90001",April
191480,34in Ultrawide Monitor,1,379.99,2019-04-02 11:45:00,"743 Hill St, Los Angeles, CA 90001",April
178249,34in Ultrawide Monitor,1,379.99,2019-04-02 13:08:00,"615 Adams St, San Francisco, CA 94016",April
189900,34in Ultrawide Monitor,1,379.99,2019-04-19 12:57:00,"667 4th St, Boston, MA 02215",April
193692,34in Ultrawide Monitor,1,379.99,2019-04-17 19:20:00,"574 Jackson St, New York City, NY 10001",April
179939,34in Ultrawide Monitor,1,379.99,2019-04-03 19:04:00,"212 1st St, Boston, MA 02215",April
181230,34in Ultrawide Monitor,1,379.99,2019-04-19 18:53:00,"458 Dogwood St, Seattle, WA 98101",April
189254,34in Ultrawide Monitor,1,379.99,2019-04-19 09:50:00,"210 Willow St, Los Angeles, CA 90001",April
188512,34in Ultrawide Monitor,1,379.99,2019-04-26 07:09:00,"151 Willow St, Dallas, TX 75001",April
191106,34in Ultrawide Monitor,1,379.99,2019-04-11 15:21:00,"497 8th St, Atlanta, GA 30301",April
191689,34in Ultrawide Monitor,1,379.99,2019-04-18 07:10:00,"738 Lakeview St, San Francisco, CA 94016",April
181920,34in Ultrawide Monitor,1,379.99,2019-04-04 13:13:00,"730 Church St, New York City, NY 10001",April
184466,34in Ultrawide Monitor,1,379.99,2019-04-27 23:30:00,"445 4th St, Atlanta, GA 30301",April
187664,34in Ultrawide Monitor,1,379.99,2019-04-13 12:24:00,"322 Hill St, Portland, OR 97035",April
188520,34in Ultrawide Monitor,1,379.99,2019-04-24 16:52:00,"519 Pine St, San Francisco, CA 94016",April
189199,34in Ultrawide Monitor,1,379.99,2019-04-05 09:36:00,"398 12th St, Boston, MA 02215",April
189466,34in Ultrawide Monitor,1,379.99,2019-04-05 20:45:00,"196 South St, Boston, MA 02215",April
189729,34in Ultrawide Monitor,1,379.99,2019-04-20 15:02:00,"206 7th St, San Francisco, CA 94016",April
191693,34in Ultrawide Monitor,1,379.99,2019-04-14 22:39:00,"926 West St, Austin, TX 73301",April
192675,34in Ultrawide Monitor,1,379.99,2019-04-05 09:47:00,"234 11th St, San Francisco, CA 94016",April
192231,34in Ultrawide Monitor,1,379.99,2019-04-12 17:41:00,"399 Jefferson St, Seattle, WA 98101",April
187228,34in Ultrawide Monitor,1,379.99,2019-04-01 08:38:00,"289 North St, Portland, OR 97035",April
190469,34in Ultrawide Monitor,1,379.99,2019-04-13 19:22:00,"187 Johnson St, Atlanta, GA 30301",April
180853,34in Ultrawide Monitor,1,379.99,2019-04-02 00:41:00,"433 Jefferson St, Boston, MA 02215",April
181241,34in Ultrawide Monitor,1,379.99,2019-04-08 16:30:00,"106 Maple St, New York City, NY 10001",April
183005,34in Ultrawide Monitor,1,379.99,2019-04-28 14:23:00,"367 9th St, Portland, OR 97035",April
187516,34in Ultrawide Monitor,1,379.99,2019-04-30 14:35:00,"188 Willow St, Dallas, TX 75001",April
190774,34in Ultrawide Monitor,1,379.99,2019-04-27 19:17:00,"842 4th St, Los Angeles, CA 90001",April
192793,34in Ultrawide Monitor,1,379.99,2019-04-19 18:12:00,"907 Highland St, Boston, MA 02215",April
192816,34in Ultrawide Monitor,1,379.99,2019-04-24 14:29:00,"832 Hill St, Portland, OR 97035",April
178157,34in Ultrawide Monitor,1,379.99,2019-04-15 20:56:00,"919 Lincoln St, Boston, MA 02215",April
184609,34in Ultrawide Monitor,1,379.99,2019-04-13 17:35:00,"317 North St, Los Angeles, CA 90001",April
192514,34in Ultrawide Monitor,1,379.99,2019-04-27 19:48:00,"263 North St, Boston, MA 02215",April
176662,34in Ultrawide Monitor,1,379.99,2019-04-05 12:46:00,"678 Hickory St, Portland, OR 97035",April
183798,34in Ultrawide Monitor,1,379.99,2019-04-18 12:02:00,"691 Lakeview St, Los Angeles, CA 90001",April
184425,34in Ultrawide Monitor,1,379.99,2019-04-13 09:45:00,"672 Madison St, Los Angeles, CA 90001",April
189216,34in Ultrawide Monitor,1,379.99,2019-04-27 02:29:00,"376 Maple St, New York City, NY 10001",April
192105,34in Ultrawide Monitor,2,379.99,2019-04-03 07:06:00,"950 Hill St, San Francisco, CA 94016",April
192481,34in Ultrawide Monitor,1,379.99,2019-04-09 13:52:00,"150 Elm St, Los Angeles, CA 90001",April
193988,34in Ultrawide Monitor,1,379.99,2019-04-18 12:21:00,"570 South St, Atlanta, GA 30301",April
180485,34in Ultrawide Monitor,1,379.99,2019-04-18 14:19:00,"704 Forest St, Los Angeles, CA 90001",April
179167,34in Ultrawide Monitor,1,379.99,2019-04-07 19:41:00,"883 Center St, Austin, TX 73301",April
186438,34in Ultrawide Monitor,1,379.99,2019-04-17 13:32:00,"971 Center St, Boston, MA 02215",April
188814,34in Ultrawide Monitor,1,379.99,2019-04-29 12:03:00,"767 Jackson St, Seattle, WA 98101",April
192939,34in Ultrawide Monitor,1,379.99,2019-04-29 21:07:00,"519 Adams St, Seattle, WA 98101",April
178121,34in Ultrawide Monitor,1,379.99,2019-04-07 11:25:00,"50 West St, New York City, NY 10001",April
181159,34in Ultrawide Monitor,1,379.99,2019-04-05 14:36:00,"994 West St, Los Angeles, CA 90001",April
188849,34in Ultrawide Monitor,1,379.99,2019-04-30 16:34:00,"4 14th St, Dallas, TX 75001",April
180957,34in Ultrawide Monitor,1,379.99,2019-04-21 18:14:00,"830 6th St, Los Angeles, CA 90001",April
191439,34in Ultrawide Monitor,1,379.99,2019-04-18 10:56:00,"645 9th St, New York City, NY 10001",April
192478,34in Ultrawide Monitor,1,379.99,2019-04-30 13:47:00,"786 Madison St, Boston, MA 02215",April
177702,34in Ultrawide Monitor,1,379.99,2019-04-03 09:43:00,"901 Lincoln St, Dallas, TX 75001",April
181694,34in Ultrawide Monitor,1,379.99,2019-04-27 12:19:00,"205 10th St, Austin, TX 73301",April
186599,34in Ultrawide Monitor,1,379.99,2019-04-28 18:56:00,"538 Ridge St, Boston, MA 02215",April
191290,34in Ultrawide Monitor,1,379.99,2019-04-17 13:33:00,"769 Madison St, Boston, MA 02215",April
181277,34in Ultrawide Monitor,1,379.99,2019-04-02 14:20:00,"852 Walnut St, Atlanta, GA 30301",April
188002,34in Ultrawide Monitor,1,379.99,2019-04-28 13:50:00,"458 Madison St, Seattle, WA 98101",April
190761,34in Ultrawide Monitor,1,379.99,2019-04-24 21:57:00,"849 Main St, Boston, MA 02215",April
193209,34in Ultrawide Monitor,1,379.99,2019-04-30 08:00:00,"182 1st St, Los Angeles, CA 90001",April
179035,34in Ultrawide Monitor,1,379.99,2019-04-24 08:10:00,"800 Lakeview St, Dallas, TX 75001",April
184319,34in Ultrawide Monitor,1,379.99,2019-04-24 05:25:00,"73 Main St, Portland, OR 97035",April
192961,34in Ultrawide Monitor,1,379.99,2019-04-25 18:57:00,"807 South St, San Francisco, CA 94016",April
184554,34in Ultrawide Monitor,1,379.99,2019-04-24 12:14:00,"715 Dogwood St, Los Angeles, CA 90001",April
184564,34in Ultrawide Monitor,1,379.99,2019-04-13 20:53:00,"140 Lincoln St, Los Angeles, CA 90001",April
185308,34in Ultrawide Monitor,1,379.99,2019-04-10 13:43:00,"286 West St, San Francisco, CA 94016",April
177037,34in Ultrawide Monitor,1,379.99,2019-04-27 01:44:00,"135 Jefferson St, San Francisco, CA 94016",April
179304,34in Ultrawide Monitor,1,379.99,2019-04-30 20:56:00,"48 Jefferson St, Los Angeles, CA 90001",April
180301,34in Ultrawide Monitor,1,379.99,2019-04-21 16:49:00,"75 Hickory St, Seattle, WA 98101",April
181825,34in Ultrawide Monitor,1,379.99,2019-04-13 12:33:00,"371 Cherry St, Seattle, WA 98101",April
194051,34in Ultrawide Monitor,1,379.99,2019-04-15 22:05:00,"812 13th St, Los Angeles, CA 90001",April
185277,34in Ultrawide Monitor,1,379.99,2019-04-06 16:19:00,"775 1st St, Seattle, WA 98101",April
189203,34in Ultrawide Monitor,1,379.99,2019-04-17 00:14:00,"727 Madison St, Los Angeles, CA 90001",April
195629,34in Ultrawide Monitor,1,379.99,2019-05-17 15:44:00,"215 5th St, Los Angeles, CA 90001",May
200946,34in Ultrawide Monitor,1,379.99,2019-05-18 07:47:00,"466 Adams St, Seattle, WA 98101",May
195732,34in Ultrawide Monitor,1,379.99,2019-05-25 11:49:00,"35 10th St, San Francisco, CA 94016",May
196259,34in Ultrawide Monitor,1,379.99,2019-05-29 17:40:00,"425 Highland St, Seattle, WA 98101",May
201484,34in Ultrawide Monitor,1,379.99,2019-05-03 10:28:00,"352 13th St, San Francisco, CA 94016",May
203513,34in Ultrawide Monitor,1,379.99,2019-05-18 07:40:00,"239 Lake St, Seattle, WA 98101",May
195541,34in Ultrawide Monitor,1,379.99,2019-05-06 14:56:00,"683 Pine St, Seattle, WA 98101",May
196276,34in Ultrawide Monitor,1,379.99,2019-05-16 00:28:00,"171 Cherry St, Austin, TX 73301",May
196934,34in Ultrawide Monitor,1,379.99,2019-05-17 22:50:00,"477 River St, Portland, ME 04101",May
202649,34in Ultrawide Monitor,1,379.99,2019-05-22 19:06:00,"271 5th St, Atlanta, GA 30301",May
195245,34in Ultrawide Monitor,1,379.99,2019-05-04 18:21:00,"274 Meadow St, Los Angeles, CA 90001",May
202348,34in Ultrawide Monitor,1,379.99,2019-05-30 22:14:00,"490 Park St, Atlanta, GA 30301",May
202768,34in Ultrawide Monitor,1,379.99,2019-05-16 22:28:00,"845 Elm St, Seattle, WA 98101",May
198684,34in Ultrawide Monitor,1,379.99,2019-05-07 15:23:00,"893 Main St, San Francisco, CA 94016",May
200891,34in Ultrawide Monitor,1,379.99,2019-05-10 16:00:00,"653 Hickory St, San Francisco, CA 94016",May
205586,34in Ultrawide Monitor,1,379.99,2019-05-18 22:30:00,"47 6th St, Boston, MA 02215",May
199680,34in Ultrawide Monitor,1,379.99,2019-05-09 10:19:00,"621 Sunset St, Atlanta, GA 30301",May
199889,34in Ultrawide Monitor,1,379.99,2019-05-15 07:53:00,"664 11th St, Austin, TX 73301",May
201867,34in Ultrawide Monitor,1,379.99,2019-05-27 16:54:00,"281 Ridge St, San Francisco, CA 94016",May
202112,34in Ultrawide Monitor,1,379.99,2019-05-04 09:14:00,"564 10th St, Dallas, TX 75001",May
196108,34in Ultrawide Monitor,1,379.99,2019-05-30 21:00:00,"638 8th St, New York City, NY 10001",May
200374,34in Ultrawide Monitor,1,379.99,2019-05-05 13:00:00,"126 Cedar St, San Francisco, CA 94016",May
202927,34in Ultrawide Monitor,1,379.99,2019-05-19 18:37:00,"909 6th St, Boston, MA 02215",May
207750,34in Ultrawide Monitor,1,379.99,2019-05-29 17:02:00,"102 Hickory St, Dallas, TX 75001",May
199031,34in Ultrawide Monitor,1,379.99,2019-05-05 11:55:00,"71 Madison St, Boston, MA 02215",May
208910,34in Ultrawide Monitor,1,379.99,2019-05-18 16:44:00,"864 14th St, Boston, MA 02215",May
196603,34in Ultrawide Monitor,1,379.99,2019-05-05 21:02:00,"375 Main St, Los Angeles, CA 90001",May
204595,34in Ultrawide Monitor,1,379.99,2019-05-23 12:19:00,"607 11th St, San Francisco, CA 94016",May
195460,34in Ultrawide Monitor,1,379.99,2019-05-23 14:33:00,"125 Jackson St, San Francisco, CA 94016",May
200112,34in Ultrawide Monitor,1,379.99,2019-05-10 12:31:00,"798 Jefferson St, Seattle, WA 98101",May
207246,34in Ultrawide Monitor,1,379.99,2019-05-10 11:03:00,"749 Lincoln St, Boston, MA 02215",May
209762,34in Ultrawide Monitor,1,379.99,2019-05-27 14:06:00,"940 Lakeview St, Boston, MA 02215",May
208390,34in Ultrawide Monitor,1,379.99,2019-05-08 13:11:00,"663 South St, Dallas, TX 75001",May
196843,34in Ultrawide Monitor,1,379.99,2019-05-05 17:36:00,"37 Forest St, Atlanta, GA 30301",May
201100,34in Ultrawide Monitor,1,379.99,2019-05-05 21:04:00,"487 Main St, San Francisco, CA 94016",May
204125,34in Ultrawide Monitor,1,379.99,2019-05-19 23:13:00,"969 Lakeview St, New York City, NY 10001",May
207687,34in Ultrawide Monitor,1,379.99,2019-05-07 19:09:00,"678 Cherry St, San Francisco, CA 94016",May
209083,34in Ultrawide Monitor,1,379.99,2019-05-17 09:18:00,"797 Jefferson St, Dallas, TX 75001",May
195280,34in Ultrawide Monitor,1,379.99,2019-05-21 13:47:00,"531 1st St, San Francisco, CA 94016",May
197227,34in Ultrawide Monitor,1,379.99,2019-05-14 20:24:00,"110 Walnut St, New York City, NY 10001",May
198074,34in Ultrawide Monitor,1,379.99,2019-05-30 20:18:00,"127 West St, San Francisco, CA 94016",May
201875,34in Ultrawide Monitor,1,379.99,2019-05-16 08:12:00,"120 Cherry St, New York City, NY 10001",May
205278,34in Ultrawide Monitor,1,379.99,2019-05-08 18:08:00,"667 Hill St, San Francisco, CA 94016",May
206384,34in Ultrawide Monitor,1,379.99,2019-05-05 10:23:00,"415 Madison St, Austin, TX 73301",May
199029,34in Ultrawide Monitor,1,379.99,2019-05-15 15:38:00,"793 Hickory St, Portland, OR 97035",May
200666,34in Ultrawide Monitor,1,379.99,2019-05-28 00:10:00,"2 Cherry St, San Francisco, CA 94016",May
204263,34in Ultrawide Monitor,1,379.99,2019-05-09 18:31:00,"487 11th St, New York City, NY 10001",May
206104,34in Ultrawide Monitor,1,379.99,2019-05-09 14:17:00,"69 Adams St, Austin, TX 73301",May
206253,34in Ultrawide Monitor,1,379.99,2019-05-10 23:43:00,"255 1st St, New York City, NY 10001",May
199891,34in Ultrawide Monitor,1,379.99,2019-05-30 17:39:00,"252 Adams St, Boston, MA 02215",May
202940,34in Ultrawide Monitor,1,379.99,2019-05-01 19:25:00,"553 Madison St, San Francisco, CA 94016",May
203372,34in Ultrawide Monitor,1,379.99,2019-05-13 15:07:00,"265 West St, Seattle, WA 98101",May
207972,34in Ultrawide Monitor,1,379.99,2019-05-30 09:55:00,"607 2nd St, Portland, OR 97035",May
209351,34in Ultrawide Monitor,1,379.99,2019-05-24 11:08:00,"356 River St, Boston, MA 02215",May
209699,34in Ultrawide Monitor,1,379.99,2019-05-20 11:43:00,"862 6th St, New York City, NY 10001",May
197548,34in Ultrawide Monitor,1,379.99,2019-05-09 12:34:00,"650 Ridge St, New York City, NY 10001",May
198567,34in Ultrawide Monitor,1,379.99,2019-05-15 13:51:00,"992 Highland St, Atlanta, GA 30301",May
195513,34in Ultrawide Monitor,1,379.99,2019-05-04 22:03:00,"619 Dogwood St, Los Angeles, CA 90001",May
199570,34in Ultrawide Monitor,1,379.99,2019-05-29 08:17:00,"875 Lake St, San Francisco, CA 94016",May
205945,34in Ultrawide Monitor,1,379.99,2019-05-29 18:34:00,"539 Main St, Los Angeles, CA 90001",May
200655,34in Ultrawide Monitor,1,379.99,2019-05-12 22:48:00,"972 4th St, Los Angeles, CA 90001",May
201767,34in Ultrawide Monitor,1,379.99,2019-05-20 02:07:00,"408 Willow St, Boston, MA 02215",May
206013,34in Ultrawide Monitor,1,379.99,2019-05-21 20:31:00,"687 Wilson St, New York City, NY 10001",May
208906,34in Ultrawide Monitor,1,379.99,2019-05-16 18:49:00,"836 Walnut St, San Francisco, CA 94016",May
199322,34in Ultrawide Monitor,1,379.99,2019-05-11 12:50:00,"704 Lake St, New York City, NY 10001",May
205889,34in Ultrawide Monitor,1,379.99,2019-05-15 22:50:00,"731 Pine St, New York City, NY 10001",May
206135,34in Ultrawide Monitor,1,379.99,2019-05-06 21:09:00,"73 Spruce St, Boston, MA 02215",May
196805,34in Ultrawide Monitor,1,379.99,2019-05-15 10:47:00,"286 Highland St, Austin, TX 73301",May
197435,34in Ultrawide Monitor,1,379.99,2019-05-05 19:22:00,"882 Highland St, Atlanta, GA 30301",May
206370,34in Ultrawide Monitor,1,379.99,2019-05-26 09:54:00,"540 5th St, New York City, NY 10001",May
195663,34in Ultrawide Monitor,1,379.99,2019-05-17 20:36:00,"485 Washington St, New York City, NY 10001",May
195939,34in Ultrawide Monitor,1,379.99,2019-05-27 17:33:00,"739 Sunset St, San Francisco, CA 94016",May
196226,34in Ultrawide Monitor,1,379.99,2019-05-21 18:37:00,"179 Church St, Portland, OR 97035",May
205532,34in Ultrawide Monitor,1,379.99,2019-05-21 13:09:00,"623 12th St, Austin, TX 73301",May
202263,34in Ultrawide Monitor,1,379.99,2019-05-15 17:46:00,"228 Dogwood St, Portland, ME 04101",May
204538,34in Ultrawide Monitor,1,379.99,2019-05-10 15:15:00,"426 Jackson St, Los Angeles, CA 90001",May
206412,34in Ultrawide Monitor,1,379.99,2019-05-13 16:13:00,"890 10th St, San Francisco, CA 94016",May
209866,34in Ultrawide Monitor,1,379.99,2019-05-05 11:20:00,"316 Elm St, Los Angeles, CA 90001",May
199169,34in Ultrawide Monitor,1,379.99,2019-05-03 09:06:00,"596 Johnson St, Portland, OR 97035",May
202412,34in Ultrawide Monitor,1,379.99,2019-05-13 04:39:00,"630 5th St, New York City, NY 10001",May
203584,34in Ultrawide Monitor,1,379.99,2019-05-30 19:39:00,"407 Church St, Austin, TX 73301",May
197856,34in Ultrawide Monitor,1,379.99,2019-05-28 14:48:00,"609 Johnson St, Los Angeles, CA 90001",May
201469,34in Ultrawide Monitor,1,379.99,2019-05-23 13:51:00,"400 Dogwood St, Los Angeles, CA 90001",May
200752,34in Ultrawide Monitor,1,379.99,2019-05-26 00:56:00,"438 Jackson St, Dallas, TX 75001",May
206848,34in Ultrawide Monitor,1,379.99,2019-05-27 14:38:00,"671 North St, San Francisco, CA 94016",May
207067,34in Ultrawide Monitor,1,379.99,2019-05-06 11:31:00,"431 Washington St, Atlanta, GA 30301",May
199662,34in Ultrawide Monitor,1,379.99,2019-05-28 15:13:00,"768 Meadow St, San Francisco, CA 94016",May
201808,34in Ultrawide Monitor,1,379.99,2019-05-28 08:18:00,"258 8th St, Los Angeles, CA 90001",May
202283,34in Ultrawide Monitor,1,379.99,2019-05-11 18:49:00,"968 Elm St, Los Angeles, CA 90001",May
205371,34in Ultrawide Monitor,1,379.99,2019-05-07 10:21:00,"802 Washington St, San Francisco, CA 94016",May
196838,34in Ultrawide Monitor,1,379.99,2019-05-25 00:35:00,"725 9th St, San Francisco, CA 94016",May
207978,34in Ultrawide Monitor,1,379.99,2019-05-22 17:40:00,"116 9th St, Dallas, TX 75001",May
213307,34in Ultrawide Monitor,1,379.99,2019-06-30 12:43:00,"985 2nd St, New York City, NY 10001",June
215201,34in Ultrawide Monitor,1,379.99,2019-06-26 22:04:00,"380 West St, San Francisco, CA 94016",June
216269,34in Ultrawide Monitor,1,379.99,2019-06-27 17:59:00,"65 Jefferson St, New York City, NY 10001",June
216549,34in Ultrawide Monitor,1,379.99,2019-06-01 18:46:00,"958 Lakeview St, San Francisco, CA 94016",June
219167,34in Ultrawide Monitor,1,379.99,2019-06-10 09:02:00,"445 Park St, San Francisco, CA 94016",June
209940,34in Ultrawide Monitor,1,379.99,2019-06-26 15:24:00,"990 South St, Atlanta, GA 30301",June
218650,34in Ultrawide Monitor,1,379.99,2019-06-14 10:31:00,"633 9th St, Los Angeles, CA 90001",June
220713,34in Ultrawide Monitor,1,379.99,2019-06-14 15:57:00,"566 Center St, San Francisco, CA 94016",June
212971,34in Ultrawide Monitor,1,379.99,2019-06-12 10:14:00,"721 Hickory St, Austin, TX 73301",June
209936,34in Ultrawide Monitor,1,379.99,2019-06-15 12:21:00,"769 Dogwood St, Dallas, TX 75001",June
213844,34in Ultrawide Monitor,1,379.99,2019-06-26 14:28:00,"598 Hickory St, San Francisco, CA 94016",June
215757,34in Ultrawide Monitor,1,379.99,2019-06-22 17:00:00,"878 Willow St, Los Angeles, CA 90001",June
217805,34in Ultrawide Monitor,1,379.99,2019-06-18 18:32:00,"668 West St, Portland, ME 04101",June
212501,34in Ultrawide Monitor,1,379.99,2019-06-11 18:20:00,"269 Lakeview St, San Francisco, CA 94016",June
213592,34in Ultrawide Monitor,1,379.99,2019-06-15 16:43:00,"706 Madison St, Boston, MA 02215",June
216208,34in Ultrawide Monitor,1,379.99,2019-06-27 12:01:00,"66 Church St, New York City, NY 10001",June
219487,34in Ultrawide Monitor,1,379.99,2019-06-26 11:55:00,"336 West St, New York City, NY 10001",June
219763,34in Ultrawide Monitor,1,379.99,2019-06-01 22:05:00,"420 Center St, New York City, NY 10001",June
212498,34in Ultrawide Monitor,1,379.99,2019-06-04 17:44:00,"338 Cedar St, Boston, MA 02215",June
219310,34in Ultrawide Monitor,1,379.99,2019-06-03 23:41:00,"115 Cherry St, Boston, MA 02215",June
220024,34in Ultrawide Monitor,1,379.99,2019-06-12 11:03:00,"36 14th St, Dallas, TX 75001",June
217075,34in Ultrawide Monitor,1,379.99,2019-06-19 09:13:00,"999 Walnut St, Atlanta, GA 30301",June
222217,34in Ultrawide Monitor,1,379.99,2019-06-04 20:59:00,"823 2nd St, Austin, TX 73301",June
214078,34in Ultrawide Monitor,1,379.99,2019-06-04 16:39:00,"568 North St, Portland, ME 04101",June
216324,34in Ultrawide Monitor,1,379.99,2019-06-01 23:47:00,"785 Lincoln St, Boston, MA 02215",June
217755,34in Ultrawide Monitor,1,379.99,2019-06-09 22:44:00,"544 8th St, New York City, NY 10001",June
220086,34in Ultrawide Monitor,1,379.99,2019-06-28 13:53:00,"568 Lake St, New York City, NY 10001",June
222296,34in Ultrawide Monitor,1,379.99,2019-06-09 23:14:00,"688 Wilson St, San Francisco, CA 94016",June
222895,34in Ultrawide Monitor,1,379.99,2019-06-29 20:39:00,"497 1st St, San Francisco, CA 94016",June
210413,34in Ultrawide Monitor,1,379.99,2019-06-15 13:02:00,"627 Washington St, San Francisco, CA 94016",June
211794,34in Ultrawide Monitor,1,379.99,2019-06-09 23:05:00,"325 Lakeview St, San Francisco, CA 94016",June
215297,34in Ultrawide Monitor,1,379.99,2019-06-03 00:41:00,"802 Sunset St, San Francisco, CA 94016",June
215911,34in Ultrawide Monitor,1,379.99,2019-06-12 16:34:00,"633 2nd St, Boston, MA 02215",June
221005,34in Ultrawide Monitor,1,379.99,2019-06-08 13:00:00,"366 7th St, Portland, ME 04101",June
212938,34in Ultrawide Monitor,1,379.99,2019-06-24 07:55:00,"580 Cedar St, San Francisco, CA 94016",June
217121,34in Ultrawide Monitor,1,379.99,2019-06-09 16:41:00,"11 Church St, Dallas, TX 75001",June
217777,34in Ultrawide Monitor,1,379.99,2019-06-03 21:00:00,"107 14th St, Los Angeles, CA 90001",June
218388,34in Ultrawide Monitor,1,379.99,2019-06-15 20:41:00,"507 Lake St, San Francisco, CA 94016",June
210178,34in Ultrawide Monitor,1,379.99,2019-06-14 20:06:00,"2 Lake St, Boston, MA 02215",June
210437,34in Ultrawide Monitor,1,379.99,2019-06-22 22:41:00,"129 Hickory St, Dallas, TX 75001",June
212019,34in Ultrawide Monitor,1,379.99,2019-06-03 21:30:00,"909 6th St, Austin, TX 73301",June
215726,34in Ultrawide Monitor,1,379.99,2019-06-13 22:48:00,"747 Meadow St, New York City, NY 10001",June
216039,34in Ultrawide Monitor,1,379.99,2019-06-07 15:18:00,"667 Spruce St, San Francisco, CA 94016",June
210771,34in Ultrawide Monitor,1,379.99,2019-06-24 09:37:00,"47 Lake St, San Francisco, CA 94016",June
217564,34in Ultrawide Monitor,1,379.99,2019-06-06 18:48:00,"34 Maple St, Portland, OR 97035",June
212344,34in Ultrawide Monitor,1,379.99,2019-06-06 14:42:00,"115 Church St, Portland, OR 97035",June
217931,34in Ultrawide Monitor,1,379.99,2019-06-04 15:50:00,"606 Jackson St, Los Angeles, CA 90001",June
221008,34in Ultrawide Monitor,1,379.99,2019-06-01 22:12:00,"619 Hickory St, Los Angeles, CA 90001",June
213227,34in Ultrawide Monitor,1,379.99,2019-06-12 14:41:00,"921 Church St, San Francisco, CA 94016",June
221162,34in Ultrawide Monitor,1,379.99,2019-06-19 21:45:00,"181 Main St, Atlanta, GA 30301",June
222319,34in Ultrawide Monitor,1,379.99,2019-06-28 16:29:00,"565 Forest St, Los Angeles, CA 90001",June
212111,34in Ultrawide Monitor,1,379.99,2019-06-15 10:04:00,"417 Lakeview St, San Francisco, CA 94016",June
217962,34in Ultrawide Monitor,1,379.99,2019-06-16 15:46:00,"404 Chestnut St, New York City, NY 10001",June
222883,34in Ultrawide Monitor,1,379.99,2019-06-14 09:12:00,"508 West St, San Francisco, CA 94016",June
210258,34in Ultrawide Monitor,1,379.99,2019-06-01 14:03:00,"82 Cherry St, Austin, TX 73301",June
211650,34in Ultrawide Monitor,1,379.99,2019-06-16 18:14:00,"123 Lakeview St, New York City, NY 10001",June
211982,34in Ultrawide Monitor,1,379.99,2019-06-04 23:19:00,"588 North St, New York City, NY 10001",June
212527,34in Ultrawide Monitor,1,379.99,2019-06-23 19:08:00,"989 Ridge St, Los Angeles, CA 90001",June
211102,34in Ultrawide Monitor,1,379.99,2019-06-09 21:52:00,"826 Jefferson St, San Francisco, CA 94016",June
214417,34in Ultrawide Monitor,1,379.99,2019-06-24 15:12:00,"854 Main St, San Francisco, CA 94016",June
215664,34in Ultrawide Monitor,1,379.99,2019-06-18 19:09:00,"362 14th St, Dallas, TX 75001",June
212092,34in Ultrawide Monitor,1,379.99,2019-06-21 19:58:00,"643 Wilson St, Austin, TX 73301",June
218604,34in Ultrawide Monitor,1,379.99,2019-06-06 18:53:00,"825 8th St, Los Angeles, CA 90001",June
214065,34in Ultrawide Monitor,1,379.99,2019-06-11 10:02:00,"681 6th St, Los Angeles, CA 90001",June
211239,34in Ultrawide Monitor,1,379.99,2019-06-22 08:00:00,"116 13th St, Seattle, WA 98101",June
212569,34in Ultrawide Monitor,1,379.99,2019-06-29 17:56:00,"173 10th St, Seattle, WA 98101",June
215892,34in Ultrawide Monitor,1,379.99,2019-06-24 18:23:00,"962 Lakeview St, San Francisco, CA 94016",June
216941,34in Ultrawide Monitor,1,379.99,2019-06-14 11:55:00,"740 Hill St, Los Angeles, CA 90001",June
211121,34in Ultrawide Monitor,1,379.99,2019-06-14 21:53:00,"800 8th St, Seattle, WA 98101",June
217416,34in Ultrawide Monitor,1,379.99,2019-06-04 08:44:00,"271 Center St, Boston, MA 02215",June
217901,34in Ultrawide Monitor,1,379.99,2019-06-14 16:03:00,"10 13th St, San Francisco, CA 94016",June
219111,34in Ultrawide Monitor,1,379.99,2019-06-19 18:35:00,"178 Highland St, San Francisco, CA 94016",June
210591,34in Ultrawide Monitor,1,379.99,2019-06-07 10:28:00,"394 Wilson St, Austin, TX 73301",June
231553,34in Ultrawide Monitor,1,379.99,2019-07-02 14:30:00,"565 West St, Atlanta, GA 30301",July
225694,34in Ultrawide Monitor,1,379.99,2019-07-20 20:51:00,"239 1st St, Portland, OR 97035",July
232469,34in Ultrawide Monitor,1,379.99,2019-07-17 17:46:00,"627 11th St, Atlanta, GA 30301",July
234701,34in Ultrawide Monitor,1,379.99,2019-07-03 19:29:00,"409 Center St, Portland, OR 97035",July
223169,34in Ultrawide Monitor,1,379.99,2019-07-21 18:25:00,"460 Sunset St, Los Angeles, CA 90001",July
230397,34in Ultrawide Monitor,1,379.99,2019-07-19 14:54:00,"393 Hill St, Portland, OR 97035",July
230852,34in Ultrawide Monitor,1,379.99,2019-07-29 15:12:00,"916 Washington St, San Francisco, CA 94016",July
232228,34in Ultrawide Monitor,1,379.99,2019-07-06 18:47:00,"519 River St, New York City, NY 10001",July
232649,34in Ultrawide Monitor,1,379.99,2019-07-24 20:12:00,"931 River St, Seattle, WA 98101",July
226063,34in Ultrawide Monitor,1,379.99,2019-07-06 11:39:00,"560 Wilson St, New York City, NY 10001",July
227938,34in Ultrawide Monitor,1,379.99,2019-07-05 16:34:00,"668 Walnut St, Los Angeles, CA 90001",July
236524,34in Ultrawide Monitor,1,379.99,2019-07-28 18:31:00,"500 Lakeview St, Atlanta, GA 30301",July
224578,34in Ultrawide Monitor,1,379.99,2019-07-19 10:52:00,"140 Dogwood St, San Francisco, CA 94016",July
233200,34in Ultrawide Monitor,1,379.99,2019-07-21 08:45:00,"202 Maple St, Boston, MA 02215",July
225339,34in Ultrawide Monitor,1,379.99,2019-07-31 23:03:00,"704 Wilson St, New York City, NY 10001",July
225621,34in Ultrawide Monitor,1,379.99,2019-07-15 20:31:00,"672 Church St, San Francisco, CA 94016",July
236161,34in Ultrawide Monitor,1,379.99,2019-07-06 15:06:00,"265 Wilson St, Portland, OR 97035",July
236255,34in Ultrawide Monitor,1,379.99,2019-07-09 09:23:00,"227 7th St, Dallas, TX 75001",July
223976,34in Ultrawide Monitor,1,379.99,2019-07-14 09:41:00,"654 Pine St, San Francisco, CA 94016",July
224564,34in Ultrawide Monitor,1,379.99,2019-07-27 00:44:00,"594 12th St, San Francisco, CA 94016",July
227264,34in Ultrawide Monitor,1,379.99,2019-07-19 19:34:00,"22 Adams St, San Francisco, CA 94016",July
227702,34in Ultrawide Monitor,1,379.99,2019-07-31 09:02:00,"239 Lakeview St, Seattle, WA 98101",July
236332,34in Ultrawide Monitor,1,379.99,2019-07-31 20:02:00,"104 Jackson St, Los Angeles, CA 90001",July
223665,34in Ultrawide Monitor,1,379.99,2019-07-04 12:39:00,"182 Park St, New York City, NY 10001",July
226415,34in Ultrawide Monitor,1,379.99,2019-07-03 23:08:00,"185 Cedar St, Austin, TX 73301",July
232754,34in Ultrawide Monitor,1,379.99,2019-07-13 20:39:00,"448 Jefferson St, San Francisco, CA 94016",July
235678,34in Ultrawide Monitor,1,379.99,2019-07-20 15:31:00,"605 River St, Boston, MA 02215",July
225295,34in Ultrawide Monitor,1,379.99,2019-07-18 13:24:00,"667 Chestnut St, San Francisco, CA 94016",July
234546,34in Ultrawide Monitor,1,379.99,2019-07-20 10:00:00,"810 5th St, Austin, TX 73301",July
235835,34in Ultrawide Monitor,1,379.99,2019-07-03 12:42:00,"136 Church St, Portland, OR 97035",July
234000,34in Ultrawide Monitor,1,379.99,2019-07-22 20:11:00,"946 2nd St, Seattle, WA 98101",July
230184,34in Ultrawide Monitor,1,379.99,2019-07-07 12:36:00,"190 14th St, New York City, NY 10001",July
235275,34in Ultrawide Monitor,1,379.99,2019-07-13 12:40:00,"240 Maple St, San Francisco, CA 94016",July
226544,34in Ultrawide Monitor,1,379.99,2019-07-22 15:18:00,"589 Willow St, San Francisco, CA 94016",July
231388,34in Ultrawide Monitor,1,379.99,2019-07-26 15:05:00,"780 10th St, Boston, MA 02215",July
228230,34in Ultrawide Monitor,1,379.99,2019-07-06 08:03:00,"803 Pine St, Seattle, WA 98101",July
230912,34in Ultrawide Monitor,1,379.99,2019-07-31 21:51:00,"931 Pine St, Atlanta, GA 30301",July
236372,34in Ultrawide Monitor,1,379.99,2019-07-12 01:27:00,"817 Highland St, San Francisco, CA 94016",July
235296,34in Ultrawide Monitor,1,379.99,2019-07-05 20:48:00,"338 Johnson St, San Francisco, CA 94016",July
225586,34in Ultrawide Monitor,1,379.99,2019-07-11 11:54:00,"576 8th St, Portland, ME 04101",July
227320,34in Ultrawide Monitor,1,379.99,2019-07-17 09:01:00,"595 Elm St, Atlanta, GA 30301",July
232969,34in Ultrawide Monitor,1,379.99,2019-07-11 09:59:00,"114 Forest St, Atlanta, GA 30301",July
223256,34in Ultrawide Monitor,1,379.99,2019-07-03 19:21:00,"825 Chestnut St, Boston, MA 02215",July
224810,34in Ultrawide Monitor,1,379.99,2019-07-12 17:56:00,"708 14th St, Los Angeles, CA 90001",July
225954,34in Ultrawide Monitor,1,379.99,2019-07-04 18:01:00,"135 Forest St, New York City, NY 10001",July
231359,34in Ultrawide Monitor,1,379.99,2019-07-14 12:38:00,"198 Washington St, Seattle, WA 98101",July
232707,34in Ultrawide Monitor,1,379.99,2019-07-27 13:38:00,"724 Hill St, New York City, NY 10001",July
223514,34in Ultrawide Monitor,1,379.99,2019-07-25 15:20:00,"513 Hill St, New York City, NY 10001",July
229360,34in Ultrawide Monitor,1,379.99,2019-07-27 15:17:00,"655 Chestnut St, San Francisco, CA 94016",July
224563,34in Ultrawide Monitor,1,379.99,2019-07-24 11:11:00,"560 Church St, Los Angeles, CA 90001",July
229646,34in Ultrawide Monitor,1,379.99,2019-07-20 20:21:00,"628 Maple St, Seattle, WA 98101",July
225021,34in Ultrawide Monitor,1,379.99,2019-07-28 20:07:00,"261 13th St, Los Angeles, CA 90001",July
231859,34in Ultrawide Monitor,1,379.99,2019-07-16 09:00:00,"792 Johnson St, Seattle, WA 98101",July
235575,34in Ultrawide Monitor,1,379.99,2019-07-17 19:20:00,"912 14th St, New York City, NY 10001",July
227187,34in Ultrawide Monitor,1,379.99,2019-07-14 11:03:00,"174 Johnson St, Dallas, TX 75001",July
230554,34in Ultrawide Monitor,1,379.99,2019-07-03 17:31:00,"17 Hickory St, San Francisco, CA 94016",July
230845,34in Ultrawide Monitor,1,379.99,2019-07-06 20:19:00,"910 Maple St, Atlanta, GA 30301",July
233462,34in Ultrawide Monitor,1,379.99,2019-07-14 14:25:00,"756 Willow St, Portland, ME 04101",July
230250,34in Ultrawide Monitor,1,379.99,2019-07-15 18:11:00,"812 Adams St, Austin, TX 73301",July
229058,34in Ultrawide Monitor,1,379.99,2019-07-28 13:05:00,"810 Hill St, San Francisco, CA 94016",July
225972,34in Ultrawide Monitor,1,379.99,2019-07-03 11:37:00,"801 Wilson St, Seattle, WA 98101",July
226226,34in Ultrawide Monitor,1,379.99,2019-07-30 22:02:00,"149 6th St, Boston, MA 02215",July
228590,34in Ultrawide Monitor,1,379.99,2019-07-11 09:11:00,"364 Maple St, Boston, MA 02215",July
228994,34in Ultrawide Monitor,1,379.99,2019-07-12 19:42:00,"709 14th St, Boston, MA 02215",July
230238,34in Ultrawide Monitor,1,379.99,2019-07-02 05:36:00,"813 Forest St, Dallas, TX 75001",July
235435,34in Ultrawide Monitor,1,379.99,2019-07-16 11:46:00,"438 Jefferson St, New York City, NY 10001",July
232099,34in Ultrawide Monitor,1,379.99,2019-07-16 23:04:00,"679 Hickory St, Austin, TX 73301",July
244648,34in Ultrawide Monitor,1,379.99,2019-08-08 11:58:00,"258 Ridge St, Dallas, TX 75001",August
239365,34in Ultrawide Monitor,1,379.99,2019-08-30 13:23:00,"97 4th St, Dallas, TX 75001",August
244792,34in Ultrawide Monitor,1,379.99,2019-08-24 13:06:00,"84 Hickory St, Portland, OR 97035",August
247827,34in Ultrawide Monitor,1,379.99,2019-08-03 18:33:00,"557 11th St, New York City, NY 10001",August
237746,34in Ultrawide Monitor,1,379.99,2019-08-09 13:41:00,"718 Johnson St, New York City, NY 10001",August
240751,34in Ultrawide Monitor,1,379.99,2019-08-13 18:14:00,"919 Church St, Seattle, WA 98101",August
244002,34in Ultrawide Monitor,1,379.99,2019-08-16 16:04:00,"223 Maple St, Seattle, WA 98101",August
238537,34in Ultrawide Monitor,1,379.99,2019-08-29 19:45:00,"833 5th St, Boston, MA 02215",August
238651,34in Ultrawide Monitor,1,379.99,2019-08-06 08:00:00,"771 13th St, Atlanta, GA 30301",August
241560,34in Ultrawide Monitor,1,379.99,2019-08-21 21:08:00,"468 Highland St, Los Angeles, CA 90001",August
242149,34in Ultrawide Monitor,1,379.99,2019-08-25 02:44:00,"845 14th St, Atlanta, GA 30301",August
245058,34in Ultrawide Monitor,1,379.99,2019-08-24 14:16:00,"556 1st St, New York City, NY 10001",August
239266,34in Ultrawide Monitor,1,379.99,2019-08-28 09:12:00,"504 Hickory St, New York City, NY 10001",August
240264,34in Ultrawide Monitor,1,379.99,2019-08-15 13:37:00,"305 4th St, Seattle, WA 98101",August
241172,34in Ultrawide Monitor,1,379.99,2019-08-25 13:58:00,"356 Center St, Atlanta, GA 30301",August
237610,34in Ultrawide Monitor,1,379.99,2019-08-20 16:55:00,"289 Lakeview St, New York City, NY 10001",August
239932,34in Ultrawide Monitor,1,379.99,2019-08-18 18:41:00,"851 4th St, New York City, NY 10001",August
239952,34in Ultrawide Monitor,1,379.99,2019-08-13 21:52:00,"501 Cedar St, Boston, MA 02215",August
244793,34in Ultrawide Monitor,1,379.99,2019-08-30 10:08:00,"743 13th St, Los Angeles, CA 90001",August
245785,34in Ultrawide Monitor,1,379.99,2019-08-24 19:57:00,"478 6th St, San Francisco, CA 94016",August
247755,34in Ultrawide Monitor,1,379.99,2019-08-31 14:28:00,"412 Park St, Los Angeles, CA 90001",August
237508,34in Ultrawide Monitor,1,379.99,2019-08-26 20:38:00,"542 9th St, Austin, TX 73301",August
242949,34in Ultrawide Monitor,1,379.99,2019-08-26 02:03:00,"16 Walnut St, Dallas, TX 75001",August
243166,34in Ultrawide Monitor,1,379.99,2019-08-26 09:48:00,"299 Forest St, San Francisco, CA 94016",August
247753,34in Ultrawide Monitor,1,379.99,2019-08-13 21:35:00,"542 9th St, San Francisco, CA 94016",August
245762,34in Ultrawide Monitor,1,379.99,2019-08-15 14:21:00,"929 Washington St, Boston, MA 02215",August
240109,34in Ultrawide Monitor,1,379.99,2019-08-25 18:31:00,"219 Dogwood St, San Francisco, CA 94016",August
243153,34in Ultrawide Monitor,1,379.99,2019-08-08 14:41:00,"869 13th St, New York City, NY 10001",August
246244,34in Ultrawide Monitor,1,379.99,2019-08-23 18:30:00,"859 Ridge St, Austin, TX 73301",August
236874,34in Ultrawide Monitor,1,379.99,2019-08-10 01:57:00,"800 4th St, Los Angeles, CA 90001",August
241323,34in Ultrawide Monitor,1,379.99,2019-08-02 19:47:00,"17 Adams St, Austin, TX 73301",August
241838,34in Ultrawide Monitor,1,379.99,2019-08-29 12:37:00,"395 Cedar St, Los Angeles, CA 90001",August
243622,34in Ultrawide Monitor,1,379.99,2019-08-09 11:55:00,"88 Hill St, San Francisco, CA 94016",August
238244,34in Ultrawide Monitor,1,379.99,2019-08-19 07:28:00,"924 4th St, Dallas, TX 75001",August
238883,34in Ultrawide Monitor,1,379.99,2019-08-21 19:57:00,"29 Spruce St, Los Angeles, CA 90001",August
240626,34in Ultrawide Monitor,1,379.99,2019-08-09 14:02:00,"356 8th St, Austin, TX 73301",August
242306,34in Ultrawide Monitor,1,379.99,2019-08-30 23:31:00,"453 11th St, Dallas, TX 75001",August
244527,34in Ultrawide Monitor,1,379.99,2019-08-05 17:17:00,"942 Washington St, Seattle, WA 98101",August
241930,34in Ultrawide Monitor,1,379.99,2019-08-08 11:58:00,"520 8th St, New York City, NY 10001",August
245131,34in Ultrawide Monitor,1,379.99,2019-08-11 18:05:00,"587 Johnson St, Atlanta, GA 30301",August
246305,34in Ultrawide Monitor,1,379.99,2019-08-05 10:14:00,"861 Willow St, Dallas, TX 75001",August
238599,34in Ultrawide Monitor,1,379.99,2019-08-09 06:44:00,"62 Chestnut St, New York City, NY 10001",August
242977,34in Ultrawide Monitor,1,379.99,2019-08-13 18:37:00,"705 Wilson St, Boston, MA 02215",August
245193,34in Ultrawide Monitor,1,379.99,2019-08-31 15:08:00,"511 Forest St, San Francisco, CA 94016",August
241518,34in Ultrawide Monitor,1,379.99,2019-08-27 06:19:00,"120 Pine St, New York City, NY 10001",August
238001,34in Ultrawide Monitor,1,379.99,2019-08-15 23:06:00,"179 7th St, New York City, NY 10001",August
244421,34in Ultrawide Monitor,1,379.99,2019-08-27 15:27:00,"148 Dogwood St, Boston, MA 02215",August
247176,34in Ultrawide Monitor,1,379.99,2019-08-17 21:05:00,"137 Chestnut St, Seattle, WA 98101",August
248117,34in Ultrawide Monitor,1,379.99,2019-08-04 14:20:00,"598 Johnson St, Los Angeles, CA 90001",August
240388,34in Ultrawide Monitor,1,379.99,2019-08-17 18:02:00,"773 Adams St, Los Angeles, CA 90001",August
241272,34in Ultrawide Monitor,1,379.99,2019-08-19 14:49:00,"502 Highland St, Portland, OR 97035",August
242638,34in Ultrawide Monitor,1,379.99,2019-08-04 12:23:00,"144 Washington St, New York City, NY 10001",August
244125,34in Ultrawide Monitor,1,379.99,2019-08-09 20:10:00,"153 6th St, New York City, NY 10001",August
248075,34in Ultrawide Monitor,1,379.99,2019-08-28 13:39:00,"607 West St, San Francisco, CA 94016",August
244600,34in Ultrawide Monitor,1,379.99,2019-08-23 16:51:00,"440 Johnson St, San Francisco, CA 94016",August
251668,34in Ultrawide Monitor,1,379.99,2019-09-27 21:29:00,"836 River St, Boston, MA 02215",September
254901,34in Ultrawide Monitor,1,379.99,2019-09-09 23:34:00,"316 Pine St, San Francisco, CA 94016",September
254138,34in Ultrawide Monitor,1,379.99,2019-09-29 19:27:00,"50 Lincoln St, Dallas, TX 75001",September
252550,34in Ultrawide Monitor,1,379.99,2019-09-09 11:37:00,"763 5th St, Seattle, WA 98101",September
253223,34in Ultrawide Monitor,1,379.99,2019-09-13 11:00:00,"965 Jackson St, Portland, OR 97035",September
253835,34in Ultrawide Monitor,1,379.99,2019-09-26 08:49:00,"127 North St, Boston, MA 02215",September
249398,34in Ultrawide Monitor,1,379.99,2019-09-08 15:45:00,"318 Church St, San Francisco, CA 94016",September
249641,34in Ultrawide Monitor,1,379.99,2019-09-22 23:29:00,"853 Hill St, San Francisco, CA 94016",September
250491,34in Ultrawide Monitor,1,379.99,2019-09-22 14:23:00,"42 Lincoln St, San Francisco, CA 94016",September
259153,34in Ultrawide Monitor,1,379.99,2019-09-10 21:02:00,"737 Elm St, Los Angeles, CA 90001",September
256895,34in Ultrawide Monitor,1,379.99,2019-09-22 16:48:00,"37 Dogwood St, Portland, OR 97035",September
248854,34in Ultrawide Monitor,1,379.99,2019-09-20 14:27:00,"674 8th St, Los Angeles, CA 90001",September
252645,34in Ultrawide Monitor,1,379.99,2019-09-18 19:16:00,"586 Maple St, San Francisco, CA 94016",September
257583,34in Ultrawide Monitor,1,379.99,2019-09-02 23:42:00,"862 Hickory St, Los Angeles, CA 90001",September
251746,34in Ultrawide Monitor,1,379.99,2019-09-11 17:18:00,"516 River St, San Francisco, CA 94016",September
257353,34in Ultrawide Monitor,1,379.99,2019-09-08 23:54:00,"807 Lake St, San Francisco, CA 94016",September
258714,34in Ultrawide Monitor,1,379.99,2019-09-14 21:06:00,"905 Meadow St, Atlanta, GA 30301",September
251880,34in Ultrawide Monitor,1,379.99,2019-09-17 14:37:00,"351 Chestnut St, Dallas, TX 75001",September
258152,34in Ultrawide Monitor,1,379.99,2019-09-11 17:50:00,"757 North St, San Francisco, CA 94016",September
258490,34in Ultrawide Monitor,1,379.99,2019-09-09 17:17:00,"39 Park St, Los Angeles, CA 90001",September
252733,34in Ultrawide Monitor,1,379.99,2019-09-15 16:31:00,"373 Washington St, Los Angeles, CA 90001",September
257620,34in Ultrawide Monitor,1,379.99,2019-09-21 18:14:00,"293 1st St, Seattle, WA 98101",September
259356,34in Ultrawide Monitor,1,379.99,2019-09-19 17:30:00,"511 Forest St, San Francisco, CA 94016",September
251153,34in Ultrawide Monitor,1,379.99,2019-09-16 10:12:00,"624 Jefferson St, Los Angeles, CA 90001",September
254278,34in Ultrawide Monitor,1,379.99,2019-09-03 21:54:00,"249 7th St, Austin, TX 73301",September
248263,34in Ultrawide Monitor,1,379.99,2019-09-30 05:37:00,"327 Forest St, New York City, NY 10001",September
251087,34in Ultrawide Monitor,1,379.99,2019-09-27 01:25:00,"309 Meadow St, San Francisco, CA 94016",September
251414,34in Ultrawide Monitor,1,379.99,2019-09-02 13:35:00,"113 Madison St, Portland, OR 97035",September
253693,34in Ultrawide Monitor,1,379.99,2019-09-21 17:50:00,"293 South St, Los Angeles, CA 90001",September
255392,34in Ultrawide Monitor,1,379.99,2019-09-27 17:10:00,"194 2nd St, Seattle, WA 98101",September
257008,34in Ultrawide Monitor,1,379.99,2019-09-13 21:54:00,"602 Willow St, Boston, MA 02215",September
259090,34in Ultrawide Monitor,1,379.99,2019-09-10 06:48:00,"505 North St, New York City, NY 10001",September
258547,34in Ultrawide Monitor,1,379.99,2019-09-17 14:26:00,"873 Willow St, New York City, NY 10001",September
253898,34in Ultrawide Monitor,1,379.99,2019-09-23 00:56:00,"172 Church St, Boston, MA 02215",September
255121,34in Ultrawide Monitor,1,379.99,2019-09-28 17:54:00,"375 Wilson St, Dallas, TX 75001",September
256616,34in Ultrawide Monitor,1,379.99,2019-09-22 18:04:00,"868 South St, San Francisco, CA 94016",September
259014,34in Ultrawide Monitor,1,379.99,2019-09-06 21:32:00,"171 7th St, Boston, MA 02215",September
253959,34in Ultrawide Monitor,1,379.99,2019-09-25 16:13:00,"887 Sunset St, Atlanta, GA 30301",September
256146,34in Ultrawide Monitor,1,379.99,2019-09-16 19:48:00,"351 Pine St, New York City, NY 10001",September
248978,34in Ultrawide Monitor,1,379.99,2019-09-24 21:49:00,"352 Highland St, Dallas, TX 75001",September
249821,34in Ultrawide Monitor,1,379.99,2019-09-16 10:26:00,"135 5th St, Los Angeles, CA 90001",September
258004,34in Ultrawide Monitor,1,379.99,2019-09-17 17:59:00,"191 11th St, San Francisco, CA 94016",September
250560,34in Ultrawide Monitor,1,379.99,2019-09-28 20:49:00,"888 Cherry St, New York City, NY 10001",September
252628,34in Ultrawide Monitor,1,379.99,2019-09-10 06:38:00,"439 Lake St, Seattle, WA 98101",September
255529,34in Ultrawide Monitor,1,379.99,2019-09-11 12:10:00,"100 Ridge St, New York City, NY 10001",September
257009,34in Ultrawide Monitor,1,379.99,2019-09-09 11:43:00,"178 10th St, Los Angeles, CA 90001",September
251089,34in Ultrawide Monitor,1,379.99,2019-09-19 20:15:00,"770 Hickory St, Atlanta, GA 30301",September
255609,34in Ultrawide Monitor,1,379.99,2019-09-16 14:35:00,"758 4th St, Los Angeles, CA 90001",September
252122,34in Ultrawide Monitor,1,379.99,2019-09-04 18:12:00,"786 10th St, Boston, MA 02215",September
256176,34in Ultrawide Monitor,1,379.99,2019-09-20 16:01:00,"789 Lakeview St, Los Angeles, CA 90001",September
257645,34in Ultrawide Monitor,1,379.99,2019-09-21 17:53:00,"225 13th St, Seattle, WA 98101",September
258952,34in Ultrawide Monitor,1,379.99,2019-09-09 13:56:00,"787 Hickory St, San Francisco, CA 94016",September
256925,34in Ultrawide Monitor,1,379.99,2019-09-07 18:51:00,"12 Hill St, Dallas, TX 75001",September
257707,34in Ultrawide Monitor,1,379.99,2019-09-30 13:36:00,"493 Chestnut St, Seattle, WA 98101",September
254957,34in Ultrawide Monitor,1,379.99,2019-09-17 21:35:00,"243 5th St, Portland, OR 97035",September
252053,34in Ultrawide Monitor,1,379.99,2019-09-11 22:51:00,"768 11th St, New York City, NY 10001",September
254255,34in Ultrawide Monitor,1,379.99,2019-09-11 21:53:00,"53 Willow St, Dallas, TX 75001",September
256750,34in Ultrawide Monitor,1,379.99,2019-09-21 20:33:00,"831 6th St, Los Angeles, CA 90001",September
257377,34in Ultrawide Monitor,1,379.99,2019-09-18 11:50:00,"506 6th St, San Francisco, CA 94016",September
255680,34in Ultrawide Monitor,1,379.99,2019-09-15 18:55:00,"109 West St, New York City, NY 10001",September
249411,34in Ultrawide Monitor,1,379.99,2019-09-23 11:03:00,"31 8th St, Los Angeles, CA 90001",September
259713,34in Ultrawide Monitor,1,379.99,2019-10-17 11:58:00,"777 2nd St, Los Angeles, CA 90001",October
272736,34in Ultrawide Monitor,1,379.99,2019-10-09 09:32:00,"51 Cherry St, Dallas, TX 75001",October
275686,34in Ultrawide Monitor,1,379.99,2019-10-25 23:42:00,"500 Jefferson St, New York City, NY 10001",October
260792,34in Ultrawide Monitor,1,379.99,2019-10-24 12:39:00,"827 Walnut St, Portland, OR 97035",October
266735,34in Ultrawide Monitor,1,379.99,2019-10-17 20:50:00,"494 6th St, San Francisco, CA 94016",October
267495,34in Ultrawide Monitor,1,379.99,2019-10-01 20:42:00,"194 Main St, Los Angeles, CA 90001",October
269472,34in Ultrawide Monitor,1,379.99,2019-10-06 09:58:00,"265 Elm St, San Francisco, CA 94016",October
264307,34in Ultrawide Monitor,1,379.99,2019-10-24 19:49:00,"234 Hill St, New York City, NY 10001",October
264976,34in Ultrawide Monitor,1,379.99,2019-10-10 14:22:00,"713 5th St, New York City, NY 10001",October
266435,34in Ultrawide Monitor,1,379.99,2019-10-11 16:24:00,"828 Lake St, Dallas, TX 75001",October
272778,34in Ultrawide Monitor,1,379.99,2019-10-27 07:52:00,"822 Cedar St, Dallas, TX 75001",October
275073,34in Ultrawide Monitor,1,379.99,2019-10-19 10:02:00,"466 River St, New York City, NY 10001",October
261689,34in Ultrawide Monitor,1,379.99,2019-10-14 09:13:00,"569 Washington St, Austin, TX 73301",October
268556,34in Ultrawide Monitor,1,379.99,2019-10-12 10:19:00,"278 1st St, San Francisco, CA 94016",October
270473,34in Ultrawide Monitor,1,379.99,2019-10-17 22:36:00,"521 Jefferson St, Atlanta, GA 30301",October
276491,34in Ultrawide Monitor,1,379.99,2019-10-07 22:12:00,"476 Main St, Austin, TX 73301",October
262917,34in Ultrawide Monitor,1,379.99,2019-10-25 13:58:00,"749 Maple St, New York City, NY 10001",October
274341,34in Ultrawide Monitor,1,379.99,2019-10-26 10:41:00,"978 Center St, Austin, TX 73301",October
278533,34in Ultrawide Monitor,1,379.99,2019-10-04 06:42:00,"196 2nd St, San Francisco, CA 94016",October
262830,34in Ultrawide Monitor,1,379.99,2019-10-17 14:04:00,"101 Meadow St, San Francisco, CA 94016",October
276068,34in Ultrawide Monitor,1,379.99,2019-10-02 13:52:00,"333 13th St, Seattle, WA 98101",October
264471,34in Ultrawide Monitor,1,379.99,2019-10-02 23:04:00,"400 Hill St, San Francisco, CA 94016",October
268154,34in Ultrawide Monitor,1,379.99,2019-10-22 00:51:00,"292 1st St, Seattle, WA 98101",October
274565,34in Ultrawide Monitor,1,379.99,2019-10-19 16:05:00,"294 2nd St, Los Angeles, CA 90001",October
276539,34in Ultrawide Monitor,1,379.99,2019-10-18 18:23:00,"573 Washington St, Los Angeles, CA 90001",October
277906,34in Ultrawide Monitor,1,379.99,2019-10-12 12:58:00,"171 Elm St, San Francisco, CA 94016",October
260306,34in Ultrawide Monitor,1,379.99,2019-10-20 11:51:00,"872 Lakeview St, Seattle, WA 98101",October
261130,34in Ultrawide Monitor,1,379.99,2019-10-22 23:52:00,"792 Hickory St, Portland, ME 04101",October
268170,34in Ultrawide Monitor,1,379.99,2019-10-11 19:44:00,"607 14th St, Los Angeles, CA 90001",October
273254,34in Ultrawide Monitor,1,379.99,2019-10-18 14:20:00,"582 Highland St, Austin, TX 73301",October
259815,34in Ultrawide Monitor,1,379.99,2019-10-04 03:11:00,"16 Park St, Los Angeles, CA 90001",October
260985,34in Ultrawide Monitor,1,379.99,2019-10-13 12:39:00,"506 Johnson St, Dallas, TX 75001",October
263398,34in Ultrawide Monitor,1,379.99,2019-10-22 12:10:00,"558 Church St, Boston, MA 02215",October
263519,34in Ultrawide Monitor,1,379.99,2019-10-08 14:45:00,"371 Forest St, Los Angeles, CA 90001",October
278010,34in Ultrawide Monitor,1,379.99,2019-10-22 12:42:00,"11 9th St, Los Angeles, CA 90001",October
278144,34in Ultrawide Monitor,1,379.99,2019-10-09 19:01:00,"141 Highland St, Portland, OR 97035",October
265779,34in Ultrawide Monitor,1,379.99,2019-10-24 21:17:00,"482 10th St, Seattle, WA 98101",October
276605,34in Ultrawide Monitor,1,379.99,2019-10-22 22:21:00,"693 Adams St, Los Angeles, CA 90001",October
261012,34in Ultrawide Monitor,1,379.99,2019-10-19 18:39:00,"42 12th St, Seattle, WA 98101",October
265641,34in Ultrawide Monitor,1,379.99,2019-10-20 17:31:00,"789 8th St, San Francisco, CA 94016",October
261674,34in Ultrawide Monitor,1,379.99,2019-10-26 13:50:00,"263 Spruce St, Atlanta, GA 30301",October
277562,34in Ultrawide Monitor,1,379.99,2019-10-31 17:49:00,"939 Chestnut St, Boston, MA 02215",October
261619,34in Ultrawide Monitor,1,379.99,2019-10-25 10:43:00,"979 Pine St, Los Angeles, CA 90001",October
269911,34in Ultrawide Monitor,1,379.99,2019-10-12 17:45:00,"866 9th St, Seattle, WA 98101",October
262515,34in Ultrawide Monitor,1,379.99,2019-10-25 07:30:00,"373 Cedar St, Seattle, WA 98101",October
265935,34in Ultrawide Monitor,1,379.99,2019-10-17 17:02:00,"989 Jackson St, Atlanta, GA 30301",October
269154,34in Ultrawide Monitor,1,379.99,2019-10-13 14:19:00,"558 Washington St, San Francisco, CA 94016",October
271901,34in Ultrawide Monitor,1,379.99,2019-10-14 19:38:00,"239 Church St, Los Angeles, CA 90001",October
262991,34in Ultrawide Monitor,1,379.99,2019-10-25 13:58:00,"65 9th St, Portland, OR 97035",October
270762,34in Ultrawide Monitor,1,379.99,2019-10-06 22:45:00,"263 Hill St, San Francisco, CA 94016",October
275845,34in Ultrawide Monitor,1,379.99,2019-10-18 12:24:00,"8 1st St, San Francisco, CA 94016",October
260380,34in Ultrawide Monitor,1,379.99,2019-10-02 20:47:00,"35 10th St, New York City, NY 10001",October
261597,34in Ultrawide Monitor,1,379.99,2019-10-18 22:07:00,"817 Center St, Dallas, TX 75001",October
272944,34in Ultrawide Monitor,1,379.99,2019-10-17 23:08:00,"628 5th St, Atlanta, GA 30301",October
276700,34in Ultrawide Monitor,1,379.99,2019-10-16 23:19:00,"375 Spruce St, San Francisco, CA 94016",October
261557,34in Ultrawide Monitor,1,379.99,2019-10-09 19:51:00,"284 Johnson St, Seattle, WA 98101",October
268684,34in Ultrawide Monitor,1,379.99,2019-10-21 22:35:00,"881 13th St, Dallas, TX 75001",October
272742,34in Ultrawide Monitor,1,379.99,2019-10-03 20:42:00,"361 North St, San Francisco, CA 94016",October
275463,34in Ultrawide Monitor,1,379.99,2019-10-18 11:32:00,"229 Jackson St, New York City, NY 10001",October
260750,34in Ultrawide Monitor,1,379.99,2019-10-16 19:24:00,"871 Lincoln St, Portland, OR 97035",October
263709,34in Ultrawide Monitor,1,379.99,2019-10-31 12:34:00,"293 South St, San Francisco, CA 94016",October
263908,34in Ultrawide Monitor,1,379.99,2019-10-09 21:37:00,"701 Adams St, Atlanta, GA 30301",October
271683,34in Ultrawide Monitor,1,379.99,2019-10-07 23:12:00,"722 Highland St, Dallas, TX 75001",October
274568,34in Ultrawide Monitor,1,379.99,2019-10-16 17:55:00,"386 5th St, San Francisco, CA 94016",October
265252,34in Ultrawide Monitor,1,379.99,2019-10-10 18:00:00,"717 Ridge St, San Francisco, CA 94016",October
265519,34in Ultrawide Monitor,1,379.99,2019-10-27 20:15:00,"582 Jackson St, Seattle, WA 98101",October
269138,34in Ultrawide Monitor,1,379.99,2019-10-14 14:22:00,"59 Willow St, New York City, NY 10001",October
269372,34in Ultrawide Monitor,1,379.99,2019-10-11 18:48:00,"492 14th St, San Francisco, CA 94016",October
273076,34in Ultrawide Monitor,1,379.99,2019-10-31 02:36:00,"660 Park St, San Francisco, CA 94016",October
259486,34in Ultrawide Monitor,1,379.99,2019-10-27 13:22:00,"766 Hickory St, San Francisco, CA 94016",October
260982,34in Ultrawide Monitor,1,379.99,2019-10-18 20:39:00,"627 Maple St, Atlanta, GA 30301",October
264465,34in Ultrawide Monitor,1,379.99,2019-10-20 16:28:00,"949 Adams St, Los Angeles, CA 90001",October
270810,34in Ultrawide Monitor,1,379.99,2019-10-28 13:12:00,"533 9th St, Seattle, WA 98101",October
272235,34in Ultrawide Monitor,1,379.99,2019-10-03 09:07:00,"115 Jackson St, San Francisco, CA 94016",October
272259,34in Ultrawide Monitor,1,379.99,2019-10-31 07:58:00,"981 Main St, Los Angeles, CA 90001",October
263502,34in Ultrawide Monitor,1,379.99,2019-10-17 21:54:00,"946 Park St, Boston, MA 02215",October
269124,34in Ultrawide Monitor,1,379.99,2019-10-27 11:42:00,"363 Center St, New York City, NY 10001",October
260016,34in Ultrawide Monitor,1,379.99,2019-10-30 17:24:00,"706 Main St, Los Angeles, CA 90001",October
260890,34in Ultrawide Monitor,1,379.99,2019-10-09 17:45:00,"85 Madison St, Austin, TX 73301",October
262211,34in Ultrawide Monitor,1,379.99,2019-10-11 07:27:00,"527 Hickory St, Seattle, WA 98101",October
271849,34in Ultrawide Monitor,1,379.99,2019-10-23 00:21:00,"351 Main St, Seattle, WA 98101",October
272190,34in Ultrawide Monitor,1,379.99,2019-10-30 21:54:00,"356 Lake St, Los Angeles, CA 90001",October
262378,34in Ultrawide Monitor,1,379.99,2019-10-20 14:34:00,"408 4th St, Los Angeles, CA 90001",October
265655,34in Ultrawide Monitor,1,379.99,2019-10-26 22:40:00,"863 Ridge St, San Francisco, CA 94016",October
268267,34in Ultrawide Monitor,1,379.99,2019-10-27 12:59:00,"593 Walnut St, Austin, TX 73301",October
269572,34in Ultrawide Monitor,1,379.99,2019-10-03 13:00:00,"367 Pine St, Los Angeles, CA 90001",October
260025,34in Ultrawide Monitor,1,379.99,2019-10-08 17:05:00,"849 Willow St, Atlanta, GA 30301",October
265030,34in Ultrawide Monitor,1,379.99,2019-10-06 18:45:00,"393 11th St, Atlanta, GA 30301",October
265663,34in Ultrawide Monitor,1,379.99,2019-10-31 15:25:00,"563 Forest St, Dallas, TX 75001",October
275444,34in Ultrawide Monitor,1,379.99,2019-10-09 05:46:00,"435 Lake St, Los Angeles, CA 90001",October
276067,34in Ultrawide Monitor,1,379.99,2019-10-17 11:22:00,"499 Maple St, San Francisco, CA 94016",October
262543,34in Ultrawide Monitor,1,379.99,2019-10-13 15:30:00,"890 Lincoln St, Portland, OR 97035",October
267297,34in Ultrawide Monitor,1,379.99,2019-10-09 19:01:00,"648 Park St, Austin, TX 73301",October
278658,34in Ultrawide Monitor,1,379.99,2019-10-19 19:25:00,"684 Lake St, San Francisco, CA 94016",October
267939,34in Ultrawide Monitor,1,379.99,2019-10-05 15:13:00,"226 7th St, Dallas, TX 75001",October
268442,34in Ultrawide Monitor,1,379.99,2019-10-28 09:01:00,"472 Forest St, Boston, MA 02215",October
273089,34in Ultrawide Monitor,1,379.99,2019-10-30 19:28:00,"303 10th St, Dallas, TX 75001",October
273969,34in Ultrawide Monitor,1,379.99,2019-10-05 22:18:00,"55 Lincoln St, Los Angeles, CA 90001",October
262115,34in Ultrawide Monitor,1,379.99,2019-10-26 12:07:00,"183 Hill St, San Francisco, CA 94016",October
265432,34in Ultrawide Monitor,1,379.99,2019-10-29 22:11:00,"756 Main St, San Francisco, CA 94016",October
270934,34in Ultrawide Monitor,1,379.99,2019-10-27 08:52:00,"896 Hickory St, Los Angeles, CA 90001",October
271051,34in Ultrawide Monitor,1,379.99,2019-10-03 15:45:00,"670 11th St, Seattle, WA 98101",October
272931,34in Ultrawide Monitor,1,379.99,2019-10-29 15:54:00,"477 West St, San Francisco, CA 94016",October
273531,34in Ultrawide Monitor,1,379.99,2019-10-18 23:26:00,"306 Center St, Dallas, TX 75001",October
260671,34in Ultrawide Monitor,1,379.99,2019-10-30 10:21:00,"663 Meadow St, New York City, NY 10001",October
262628,34in Ultrawide Monitor,1,379.99,2019-10-17 18:01:00,"128 Lakeview St, San Francisco, CA 94016",October
267837,34in Ultrawide Monitor,1,379.99,2019-10-09 10:12:00,"96 Spruce St, Boston, MA 02215",October
274252,34in Ultrawide Monitor,1,379.99,2019-10-28 14:31:00,"417 4th St, Los Angeles, CA 90001",October
275976,34in Ultrawide Monitor,1,379.99,2019-10-04 13:23:00,"533 Hill St, Los Angeles, CA 90001",October
276521,34in Ultrawide Monitor,1,379.99,2019-10-28 20:05:00,"869 Lincoln St, New York City, NY 10001",October
277080,34in Ultrawide Monitor,1,379.99,2019-10-29 13:27:00,"463 North St, Portland, OR 97035",October
264920,34in Ultrawide Monitor,1,379.99,2019-10-12 01:26:00,"76 Lakeview St, San Francisco, CA 94016",October
278155,34in Ultrawide Monitor,1,379.99,2019-10-09 01:53:00,"483 Hickory St, Boston, MA 02215",October
271974,34in Ultrawide Monitor,1,379.99,2019-10-02 19:36:00,"760 Willow St, Dallas, TX 75001",October
275852,34in Ultrawide Monitor,1,379.99,2019-10-16 12:44:00,"252 Center St, Portland, ME 04101",October
284798,34in Ultrawide Monitor,1,379.99,2019-11-06 22:16:00,"206 14th St, Los Angeles, CA 90001",November
291103,34in Ultrawide Monitor,1,379.99,2019-11-25 15:45:00,"332 Spruce St, Seattle, WA 98101",November
295629,34in Ultrawide Monitor,1,379.99,2019-11-21 13:09:00,"239 River St, Austin, TX 73301",November
282652,34in Ultrawide Monitor,1,379.99,2019-11-17 22:56:00,"319 Spruce St, Los Angeles, CA 90001",November
282988,34in Ultrawide Monitor,1,379.99,2019-11-03 06:52:00,"723 10th St, New York City, NY 10001",November
292513,34in Ultrawide Monitor,1,379.99,2019-11-08 07:17:00,"522 10th St, Boston, MA 02215",November
286217,34in Ultrawide Monitor,1,379.99,2019-11-20 11:48:00,"230 Cedar St, Los Angeles, CA 90001",November
283151,34in Ultrawide Monitor,1,379.99,2019-11-07 16:29:00,"286 Washington St, Boston, MA 02215",November
284085,34in Ultrawide Monitor,1,379.99,2019-11-18 18:06:00,"198 Highland St, New York City, NY 10001",November
285366,34in Ultrawide Monitor,1,379.99,2019-11-30 16:40:00,"530 Washington St, Los Angeles, CA 90001",November
285665,34in Ultrawide Monitor,1,379.99,2019-11-11 18:33:00,"847 5th St, Boston, MA 02215",November
285898,34in Ultrawide Monitor,1,379.99,2019-11-16 18:49:00,"737 Jackson St, Los Angeles, CA 90001",November
279363,34in Ultrawide Monitor,1,379.99,2019-11-05 12:33:00,"231 Lake St, Boston, MA 02215",November
289818,34in Ultrawide Monitor,1,379.99,2019-11-26 23:29:00,"871 Willow St, San Francisco, CA 94016",November
280565,34in Ultrawide Monitor,1,379.99,2019-11-30 18:34:00,"308 Chestnut St, San Francisco, CA 94016",November
286829,34in Ultrawide Monitor,1,379.99,2019-11-21 16:05:00,"221 Wilson St, New York City, NY 10001",November
288216,34in Ultrawide Monitor,1,379.99,2019-11-06 17:51:00,"952 Lincoln St, San Francisco, CA 94016",November
279714,34in Ultrawide Monitor,1,379.99,2019-11-06 19:43:00,"951 North St, San Francisco, CA 94016",November
280604,34in Ultrawide Monitor,1,379.99,2019-11-25 19:05:00,"137 13th St, Boston, MA 02215",November
284446,34in Ultrawide Monitor,1,379.99,2019-11-27 17:30:00,"703 10th St, Boston, MA 02215",November
284587,34in Ultrawide Monitor,1,379.99,2019-11-14 21:43:00,"247 8th St, Boston, MA 02215",November
290291,34in Ultrawide Monitor,1,379.99,2019-11-20 14:54:00,"661 Pine St, San Francisco, CA 94016",November
291617,34in Ultrawide Monitor,1,379.99,2019-11-28 16:18:00,"197 Main St, Portland, OR 97035",November
291792,34in Ultrawide Monitor,1,379.99,2019-11-22 20:51:00,"216 9th St, San Francisco, CA 94016",November
293487,34in Ultrawide Monitor,1,379.99,2019-11-25 21:09:00,"208 Park St, Portland, OR 97035",November
279087,34in Ultrawide Monitor,1,379.99,2019-11-18 15:44:00,"594 South St, San Francisco, CA 94016",November
286541,34in Ultrawide Monitor,1,379.99,2019-11-18 21:17:00,"238 Hill St, San Francisco, CA 94016",November
287399,34in Ultrawide Monitor,1,379.99,2019-11-05 15:27:00,"637 Lake St, New York City, NY 10001",November
278877,34in Ultrawide Monitor,1,379.99,2019-11-24 20:08:00,"684 Madison St, Atlanta, GA 30301",November
286353,34in Ultrawide Monitor,1,379.99,2019-11-10 14:21:00,"890 Church St, Boston, MA 02215",November
287112,34in Ultrawide Monitor,1,379.99,2019-11-23 16:13:00,"381 West St, New York City, NY 10001",November
287496,34in Ultrawide Monitor,1,379.99,2019-11-16 17:31:00,"337 Elm St, Dallas, TX 75001",November
294005,34in Ultrawide Monitor,1,379.99,2019-11-21 21:18:00,"433 2nd St, Seattle, WA 98101",November
291502,34in Ultrawide Monitor,1,379.99,2019-11-10 11:47:00,"269 Lake St, San Francisco, CA 94016",November
281362,34in Ultrawide Monitor,1,379.99,2019-11-23 15:01:00,"706 4th St, Atlanta, GA 30301",November
286437,34in Ultrawide Monitor,1,379.99,2019-11-03 01:39:00,"724 1st St, Seattle, WA 98101",November
289898,34in Ultrawide Monitor,1,379.99,2019-11-09 07:51:00,"496 Hickory St, San Francisco, CA 94016",November
293902,34in Ultrawide Monitor,1,379.99,2019-11-12 13:54:00,"410 6th St, Los Angeles, CA 90001",November
286475,34in Ultrawide Monitor,1,379.99,2019-11-28 21:31:00,"406 Wilson St, San Francisco, CA 94016",November
287367,34in Ultrawide Monitor,1,379.99,2019-11-02 22:19:00,"886 Lincoln St, Dallas, TX 75001",November
283777,34in Ultrawide Monitor,1,379.99,2019-11-06 21:12:00,"344 Highland St, Seattle, WA 98101",November
286772,34in Ultrawide Monitor,1,379.99,2019-11-06 11:51:00,"994 Church St, San Francisco, CA 94016",November
291965,34in Ultrawide Monitor,1,379.99,2019-11-19 20:55:00,"145 1st St, Atlanta, GA 30301",November
294215,34in Ultrawide Monitor,1,379.99,2019-11-05 17:26:00,"532 14th St, San Francisco, CA 94016",November
294333,34in Ultrawide Monitor,1,379.99,2019-11-15 04:33:00,"107 Lakeview St, San Francisco, CA 94016",November
295549,34in Ultrawide Monitor,1,379.99,2019-11-09 14:25:00,"881 Jackson St, Seattle, WA 98101",November
280375,34in Ultrawide Monitor,1,379.99,2019-11-17 12:51:00,"911 11th St, Portland, OR 97035",November
280588,34in Ultrawide Monitor,1,379.99,2019-11-22 22:45:00,"432 Meadow St, San Francisco, CA 94016",November
291554,34in Ultrawide Monitor,1,379.99,2019-11-26 15:47:00,"584 5th St, New York City, NY 10001",November
279816,34in Ultrawide Monitor,1,379.99,2019-11-25 18:05:00,"878 Sunset St, Dallas, TX 75001",November
282359,34in Ultrawide Monitor,1,379.99,2019-11-06 17:52:00,"410 Walnut St, San Francisco, CA 94016",November
288557,34in Ultrawide Monitor,1,379.99,2019-11-29 07:14:00,"147 Lakeview St, Boston, MA 02215",November
293179,34in Ultrawide Monitor,1,379.99,2019-11-12 17:19:00,"871 West St, Boston, MA 02215",November
282589,34in Ultrawide Monitor,1,379.99,2019-11-05 22:33:00,"188 13th St, San Francisco, CA 94016",November
283915,34in Ultrawide Monitor,1,379.99,2019-11-02 13:31:00,"835 Lakeview St, New York City, NY 10001",November
295256,34in Ultrawide Monitor,1,379.99,2019-11-16 15:38:00,"12 9th St, Dallas, TX 75001",November
285827,34in Ultrawide Monitor,1,379.99,2019-11-04 10:29:00,"581 Cherry St, Boston, MA 02215",November
286778,34in Ultrawide Monitor,1,379.99,2019-11-27 11:18:00,"379 Sunset St, Los Angeles, CA 90001",November
282412,34in Ultrawide Monitor,1,379.99,2019-11-21 12:15:00,"693 Madison St, Los Angeles, CA 90001",November
290266,34in Ultrawide Monitor,1,379.99,2019-11-30 19:59:00,"213 Madison St, Austin, TX 73301",November
292041,34in Ultrawide Monitor,1,379.99,2019-11-30 16:55:00,"936 13th St, Seattle, WA 98101",November
293630,34in Ultrawide Monitor,1,379.99,2019-11-19 11:32:00,"758 Hickory St, Seattle, WA 98101",November
295241,34in Ultrawide Monitor,1,379.99,2019-11-07 11:56:00,"371 Wilson St, New York City, NY 10001",November
279281,34in Ultrawide Monitor,1,379.99,2019-11-20 11:14:00,"703 West St, Los Angeles, CA 90001",November
283058,34in Ultrawide Monitor,1,379.99,2019-11-13 14:18:00,"912 River St, Boston, MA 02215",November
292422,34in Ultrawide Monitor,1,379.99,2019-11-15 16:25:00,"552 Elm St, Austin, TX 73301",November
294037,34in Ultrawide Monitor,1,379.99,2019-11-08 09:22:00,"549 Meadow St, Los Angeles, CA 90001",November
281738,34in Ultrawide Monitor,1,379.99,2019-11-29 11:42:00,"288 12th St, Portland, OR 97035",November
292706,34in Ultrawide Monitor,1,379.99,2019-11-23 20:53:00,"934 Jackson St, Los Angeles, CA 90001",November
282061,34in Ultrawide Monitor,1,379.99,2019-11-17 16:21:00,"703 7th St, Seattle, WA 98101",November
287245,34in Ultrawide Monitor,1,379.99,2019-11-15 20:07:00,"728 7th St, Boston, MA 02215",November
293943,34in Ultrawide Monitor,1,379.99,2019-11-10 18:11:00,"798 7th St, Dallas, TX 75001",November
280184,34in Ultrawide Monitor,1,379.99,2019-11-22 20:29:00,"607 Highland St, Portland, OR 97035",November
286270,34in Ultrawide Monitor,1,379.99,2019-11-22 18:36:00,"137 Center St, Atlanta, GA 30301",November
293749,34in Ultrawide Monitor,1,379.99,2019-11-27 15:04:00,"168 Hill St, New York City, NY 10001",November
281935,34in Ultrawide Monitor,1,379.99,2019-11-21 20:22:00,"120 Lakeview St, Portland, OR 97035",November
285546,34in Ultrawide Monitor,1,379.99,2019-11-11 17:46:00,"741 10th St, New York City, NY 10001",November
288196,34in Ultrawide Monitor,1,379.99,2019-11-27 14:56:00,"869 Spruce St, Seattle, WA 98101",November
292953,34in Ultrawide Monitor,1,379.99,2019-11-20 18:54:00,"712 Church St, Seattle, WA 98101",November
293446,34in Ultrawide Monitor,1,379.99,2019-11-20 09:08:00,"705 Main St, Atlanta, GA 30301",November
290213,34in Ultrawide Monitor,1,379.99,2019-11-13 19:03:00,"523 Madison St, Boston, MA 02215",November
294307,34in Ultrawide Monitor,1,379.99,2019-11-27 10:21:00,"167 13th St, Los Angeles, CA 90001",November
281109,34in Ultrawide Monitor,1,379.99,2019-11-03 13:36:00,"925 Walnut St, Seattle, WA 98101",November
279803,34in Ultrawide Monitor,1,379.99,2019-11-07 08:19:00,"44 Church St, San Francisco, CA 94016",November
281007,34in Ultrawide Monitor,1,379.99,2019-11-26 22:17:00,"739 2nd St, New York City, NY 10001",November
282217,34in Ultrawide Monitor,1,379.99,2019-11-06 17:21:00,"529 Cherry St, Los Angeles, CA 90001",November
286998,34in Ultrawide Monitor,1,379.99,2019-11-04 21:22:00,"361 12th St, New York City, NY 10001",November
279576,34in Ultrawide Monitor,1,379.99,2019-11-06 14:56:00,"958 Lake St, San Francisco, CA 94016",November
290621,34in Ultrawide Monitor,1,379.99,2019-11-26 20:41:00,"955 Lake St, Austin, TX 73301",November
295647,34in Ultrawide Monitor,1,379.99,2019-11-14 21:12:00,"720 4th St, Boston, MA 02215",November
281775,34in Ultrawide Monitor,1,379.99,2019-11-26 17:47:00,"936 9th St, San Francisco, CA 94016",November
297269,34in Ultrawide Monitor,1,379.99,2019-12-07 13:42:00,"114 North St, San Francisco, CA 94016",December
299358,34in Ultrawide Monitor,1,379.99,2019-12-03 20:07:00,"707 Hill St, San Francisco, CA 94016",December
303393,34in Ultrawide Monitor,1,379.99,2019-12-06 00:29:00,"219 4th St, San Francisco, CA 94016",December
312227,34in Ultrawide Monitor,1,379.99,2019-12-09 22:46:00,"934 8th St, Los Angeles, CA 90001",December
313206,34in Ultrawide Monitor,1,379.99,2019-12-14 09:42:00,"431 Spruce St, Los Angeles, CA 90001",December
318378,34in Ultrawide Monitor,1,379.99,2019-12-09 13:33:00,"118 Forest St, Boston, MA 02215",December
296324,34in Ultrawide Monitor,1,379.99,2019-12-19 12:33:00,"76 Madison St, New York City, NY 10001",December
302532,34in Ultrawide Monitor,1,379.99,2019-12-07 20:37:00,"255 Madison St, Portland, ME 04101",December
304153,34in Ultrawide Monitor,1,379.99,2019-12-15 01:03:00,"395 13th St, Los Angeles, CA 90001",December
305164,34in Ultrawide Monitor,1,379.99,2019-12-09 17:36:00,"382 Center St, Los Angeles, CA 90001",December
310731,34in Ultrawide Monitor,1,379.99,2019-12-21 09:20:00,"346 7th St, Atlanta, GA 30301",December
316965,34in Ultrawide Monitor,1,379.99,2019-12-27 12:41:00,"93 Church St, San Francisco, CA 94016",December
304888,34in Ultrawide Monitor,1,379.99,2019-12-30 19:23:00,"550 Adams St, San Francisco, CA 94016",December
306665,34in Ultrawide Monitor,1,379.99,2019-12-14 13:27:00,"125 Johnson St, San Francisco, CA 94016",December
319150,34in Ultrawide Monitor,1,379.99,2019-12-08 21:18:00,"654 Adams St, Boston, MA 02215",December
309405,34in Ultrawide Monitor,1,379.99,2019-12-05 11:25:00,"661 Lake St, San Francisco, CA 94016",December
296092,34in Ultrawide Monitor,1,379.99,2019-12-11 11:07:00,"546 Meadow St, Boston, MA 02215",December
302137,34in Ultrawide Monitor,1,379.99,2019-12-26 19:28:00,"577 10th St, Portland, OR 97035",December
302319,34in Ultrawide Monitor,1,379.99,2019-12-23 19:48:00,"442 10th St, San Francisco, CA 94016",December
302970,34in Ultrawide Monitor,1,379.99,2019-12-14 11:05:00,"993 Highland St, Dallas, TX 75001",December
304126,34in Ultrawide Monitor,1,379.99,2019-12-04 18:45:00,"563 Lincoln St, San Francisco, CA 94016",December
304192,34in Ultrawide Monitor,1,379.99,2019-12-13 23:06:00,"463 10th St, Boston, MA 02215",December
318381,34in Ultrawide Monitor,1,379.99,2019-12-30 13:38:00,"235 North St, Los Angeles, CA 90001",December
298354,34in Ultrawide Monitor,1,379.99,2019-12-22 10:39:00,"676 Hill St, San Francisco, CA 94016",December
301734,34in Ultrawide Monitor,1,379.99,2019-12-04 08:20:00,"533 Highland St, New York City, NY 10001",December
305126,34in Ultrawide Monitor,1,379.99,2019-12-12 18:30:00,"925 Jefferson St, San Francisco, CA 94016",December
309607,34in Ultrawide Monitor,1,379.99,2019-12-11 15:32:00,"205 Walnut St, Los Angeles, CA 90001",December
310902,34in Ultrawide Monitor,1,379.99,2019-12-02 10:44:00,"661 Cedar St, New York City, NY 10001",December
312992,34in Ultrawide Monitor,1,379.99,2019-12-31 15:24:00,"837 14th St, Los Angeles, CA 90001",December
298955,34in Ultrawide Monitor,1,379.99,2019-12-31 08:06:00,"79 6th St, Los Angeles, CA 90001",December
301747,34in Ultrawide Monitor,1,379.99,2019-12-13 11:22:00,"795 Johnson St, Boston, MA 02215",December
304863,34in Ultrawide Monitor,1,379.99,2019-12-04 20:10:00,"867 Center St, Seattle, WA 98101",December
317060,34in Ultrawide Monitor,1,379.99,2019-12-09 12:12:00,"624 Dogwood St, Dallas, TX 75001",December
318833,34in Ultrawide Monitor,1,379.99,2019-12-13 22:03:00,"796 1st St, New York City, NY 10001",December
298689,34in Ultrawide Monitor,1,379.99,2019-12-13 22:26:00,"187 13th St, Los Angeles, CA 90001",December
303725,34in Ultrawide Monitor,1,379.99,2019-12-25 10:56:00,"384 Main St, Seattle, WA 98101",December
317037,34in Ultrawide Monitor,1,379.99,2019-12-02 20:16:00,"729 2nd St, New York City, NY 10001",December
296414,34in Ultrawide Monitor,1,379.99,2019-12-08 23:42:00,"815 Maple St, Dallas, TX 75001",December
302108,34in Ultrawide Monitor,1,379.99,2019-12-18 18:40:00,"12 13th St, Los Angeles, CA 90001",December
315143,34in Ultrawide Monitor,1,379.99,2019-12-17 21:59:00,"305 Washington St, San Francisco, CA 94016",December
315243,34in Ultrawide Monitor,1,379.99,2019-12-22 06:59:00,"615 Center St, New York City, NY 10001",December
317791,34in Ultrawide Monitor,1,379.99,2019-12-06 22:51:00,"428 Chestnut St, San Francisco, CA 94016",December
301203,34in Ultrawide Monitor,1,379.99,2019-12-17 20:31:00,"659 River St, New York City, NY 10001",December
305352,34in Ultrawide Monitor,1,379.99,2019-12-25 15:28:00,"539 Main St, San Francisco, CA 94016",December
299696,34in Ultrawide Monitor,1,379.99,2019-12-17 20:49:00,"976 Washington St, New York City, NY 10001",December
301798,34in Ultrawide Monitor,1,379.99,2019-12-28 18:54:00,"902 Highland St, Boston, MA 02215",December
306921,34in Ultrawide Monitor,1,379.99,2019-12-28 06:51:00,"504 2nd St, San Francisco, CA 94016",December
310461,34in Ultrawide Monitor,1,379.99,2019-12-12 18:31:00,"5 Park St, Los Angeles, CA 90001",December
310546,34in Ultrawide Monitor,1,379.99,2019-12-13 21:00:00,"731 8th St, Los Angeles, CA 90001",December
314314,34in Ultrawide Monitor,1,379.99,2019-12-15 23:13:00,"724 Main St, Seattle, WA 98101",December
300720,34in Ultrawide Monitor,1,379.99,2019-12-06 22:24:00,"86 6th St, New York City, NY 10001",December
302166,34in Ultrawide Monitor,1,379.99,2019-12-13 22:57:00,"447 2nd St, Los Angeles, CA 90001",December
303763,34in Ultrawide Monitor,1,379.99,2019-12-18 20:37:00,"29 Center St, Seattle, WA 98101",December
311402,34in Ultrawide Monitor,1,379.99,2019-12-23 14:51:00,"939 West St, Dallas, TX 75001",December
296439,34in Ultrawide Monitor,1,379.99,2019-12-10 18:05:00,"882 Elm St, Seattle, WA 98101",December
296726,34in Ultrawide Monitor,1,379.99,2019-12-14 17:33:00,"662 13th St, San Francisco, CA 94016",December
300106,34in Ultrawide Monitor,1,379.99,2019-12-28 05:59:00,"214 Maple St, San Francisco, CA 94016",December
301792,34in Ultrawide Monitor,1,379.99,2019-12-12 19:01:00,"831 Jackson St, Boston, MA 02215",December
305103,34in Ultrawide Monitor,1,379.99,2019-12-13 22:57:00,"920 Pine St, San Francisco, CA 94016",December
307455,34in Ultrawide Monitor,1,379.99,2019-12-06 07:36:00,"416 Church St, Atlanta, GA 30301",December
307494,34in Ultrawide Monitor,1,379.99,2019-12-21 20:50:00,"251 Washington St, Atlanta, GA 30301",December
318314,34in Ultrawide Monitor,1,379.99,2019-12-12 22:53:00,"753 Willow St, Los Angeles, CA 90001",December
296871,34in Ultrawide Monitor,1,379.99,2019-12-07 08:36:00,"618 Center St, Seattle, WA 98101",December
301991,34in Ultrawide Monitor,1,379.99,2019-12-17 15:02:00,"257 Adams St, Dallas, TX 75001",December
307906,34in Ultrawide Monitor,1,379.99,2019-12-02 12:18:00,"670 12th St, Los Angeles, CA 90001",December
310142,34in Ultrawide Monitor,1,379.99,2019-12-13 17:24:00,"669 11th St, New York City, NY 10001",December
310545,34in Ultrawide Monitor,1,379.99,2019-12-25 09:01:00,"937 Forest St, New York City, NY 10001",December
311390,34in Ultrawide Monitor,1,379.99,2019-12-14 18:04:00,"99 9th St, San Francisco, CA 94016",December
313713,34in Ultrawide Monitor,1,379.99,2019-12-20 20:34:00,"35 Walnut St, Los Angeles, CA 90001",December
299479,34in Ultrawide Monitor,1,379.99,2019-12-03 20:34:00,"294 Ridge St, Los Angeles, CA 90001",December
299937,34in Ultrawide Monitor,1,379.99,2019-12-12 09:50:00,"155 Jefferson St, San Francisco, CA 94016",December
302906,34in Ultrawide Monitor,1,379.99,2019-12-17 12:56:00,"375 Center St, Boston, MA 02215",December
298163,34in Ultrawide Monitor,1,379.99,2019-12-02 09:23:00,"848 Lincoln St, Boston, MA 02215",December
301573,34in Ultrawide Monitor,1,379.99,2019-12-13 12:23:00,"709 Elm St, Boston, MA 02215",December
309665,34in Ultrawide Monitor,1,379.99,2019-12-11 03:31:00,"100 Madison St, San Francisco, CA 94016",December
311790,34in Ultrawide Monitor,1,379.99,2019-12-26 20:22:00,"520 Sunset St, Dallas, TX 75001",December
319126,34in Ultrawide Monitor,1,379.99,2019-12-14 14:48:00,"950 Adams St, Austin, TX 73301",December
300376,34in Ultrawide Monitor,1,379.99,2019-12-10 13:02:00,"457 Pine St, San Francisco, CA 94016",December
309909,34in Ultrawide Monitor,1,379.99,2019-12-23 14:46:00,"714 Center St, Atlanta, GA 30301",December
311776,34in Ultrawide Monitor,1,379.99,2019-12-15 20:08:00,"101 5th St, Atlanta, GA 30301",December
312683,34in Ultrawide Monitor,1,379.99,2019-12-22 10:18:00,"893 4th St, San Francisco, CA 94016",December
310965,34in Ultrawide Monitor,1,379.99,2019-12-31 19:42:00,"566 Jefferson St, San Francisco, CA 94016",December
313500,34in Ultrawide Monitor,1,379.99,2019-12-17 13:24:00,"484 11th St, Dallas, TX 75001",December
318629,34in Ultrawide Monitor,1,379.99,2019-12-16 13:33:00,"398 Chestnut St, Boston, MA 02215",December
319631,34in Ultrawide Monitor,1,379.99,2019-12-17 22:35:00,"363 Highland St, Austin, TX 73301",December
300219,34in Ultrawide Monitor,1,379.99,2019-12-16 20:53:00,"475 Center St, San Francisco, CA 94016",December
308142,34in Ultrawide Monitor,1,379.99,2019-12-02 22:02:00,"843 6th St, Dallas, TX 75001",December
309630,34in Ultrawide Monitor,1,379.99,2019-12-11 11:10:00,"525 12th St, New York City, NY 10001",December
296020,34in Ultrawide Monitor,1,379.99,2019-12-25 23:36:00,"533 Chestnut St, San Francisco, CA 94016",December
301759,34in Ultrawide Monitor,1,379.99,2019-12-02 10:35:00,"876 Maple St, Los Angeles, CA 90001",December
305516,34in Ultrawide Monitor,1,379.99,2019-12-24 14:00:00,"27 Madison St, Los Angeles, CA 90001",December
310597,34in Ultrawide Monitor,1,379.99,2019-12-09 22:22:00,"345 Sunset St, Boston, MA 02215",December
311056,34in Ultrawide Monitor,1,379.99,2019-12-02 11:58:00,"856 Church St, Atlanta, GA 30301",December
317206,34in Ultrawide Monitor,1,379.99,2019-12-03 14:13:00,"947 Park St, San Francisco, CA 94016",December
318084,34in Ultrawide Monitor,1,379.99,2019-12-27 20:23:00,"909 13th St, Dallas, TX 75001",December
296751,34in Ultrawide Monitor,1,379.99,2019-12-07 08:24:00,"231 11th St, San Francisco, CA 94016",December
198436,34in Ultrawide Monitor,1,379.99,2019-05-16 15:02:00,"485 4th St, Seattle, WA 98101",May
195423,34in Ultrawide Monitor,1,379.99,2019-05-06 10:26:00,"517 Pine St, Los Angeles, CA 90001",May
213516,34in Ultrawide Monitor,1,379.99,2019-06-01 17:51:00,"348 Hill St, Los Angeles, CA 90001",June
235739,34in Ultrawide Monitor,1,379.99,2019-07-16 12:02:00,"284 Meadow St, San Francisco, CA 94016",July
231169,34in Ultrawide Monitor,1,379.99,2019-07-26 17:04:00,"612 6th St, Seattle, WA 98101",July
255535,34in Ultrawide Monitor,1,379.99,2019-09-25 09:25:00,"837 Johnson St, San Francisco, CA 94016",September
251706,34in Ultrawide Monitor,1,379.99,2019-09-02 20:10:00,"883 Lincoln St, Los Angeles, CA 90001",September
271990,34in Ultrawide Monitor,1,379.99,2019-10-04 16:14:00,"643 Center St, San Francisco, CA 94016",October
266711,34in Ultrawide Monitor,1,379.99,2019-10-28 01:57:00,"625 Highland St, New York City, NY 10001",October
266106,34in Ultrawide Monitor,1,379.99,2019-10-19 09:25:00,"289 North St, Seattle, WA 98101",October
278142,34in Ultrawide Monitor,1,379.99,2019-10-28 23:09:00,"826 9th St, Dallas, TX 75001",October
260941,34in Ultrawide Monitor,1,379.99,2019-10-06 11:07:00,"693 Highland St, Los Angeles, CA 90001",October
265469,34in Ultrawide Monitor,1,379.99,2019-10-08 02:08:00,"170 Madison St, New York City, NY 10001",October
261412,34in Ultrawide Monitor,1,379.99,2019-10-26 17:24:00,"421 Main St, Los Angeles, CA 90001",October
293841,34in Ultrawide Monitor,1,379.99,2019-11-02 22:46:00,"663 Church St, Dallas, TX 75001",November
291104,34in Ultrawide Monitor,1,379.99,2019-11-26 13:59:00,"344 Meadow St, Boston, MA 02215",November
307266,34in Ultrawide Monitor,1,379.99,2019-12-06 18:46:00,"638 Johnson St, San Francisco, CA 94016",December
316012,34in Ultrawide Monitor,1,379.99,2019-12-16 00:13:00,"471 Dogwood St, Boston, MA 02215",December
318054,34in Ultrawide Monitor,1,379.99,2019-12-24 19:40:00,"411 Hill St, Atlanta, GA 30301",December
301299,34in Ultrawide Monitor,1,379.99,2019-12-10 15:27:00,"87 Elm St, Los Angeles, CA 90001",December
302470,34in Ultrawide Monitor,1,379.99,2019-12-25 11:15:00,"233 Dogwood St, Dallas, TX 75001",December
319017,34in Ultrawide Monitor,1,379.99,2019-12-06 12:11:00,"659 1st St, San Francisco, CA 94016",December
298045,34in Ultrawide Monitor,1,379.99,2019-12-17 05:51:00,"301 Center St, Atlanta, GA 30301",December
298190,34in Ultrawide Monitor,1,379.99,2019-12-02 17:10:00,"973 Madison St, Atlanta, GA 30301",December
299063,34in Ultrawide Monitor,1,379.99,2019-12-25 22:31:00,"257 12th St, Portland, OR 97035",December
302577,34in Ultrawide Monitor,1,379.99,2019-12-30 10:54:00,"86 Spruce St, Boston, MA 02215",December
308300,34in Ultrawide Monitor,1,379.99,2019-12-31 21:45:00,"384 Jackson St, Los Angeles, CA 90001",December
300477,34in Ultrawide Monitor,1,379.99,2019-12-22 18:06:00,"213 Cedar St, Seattle, WA 98101",December
300832,34in Ultrawide Monitor,1,379.99,2019-12-26 19:46:00,"738 10th St, Seattle, WA 98101",December
303453,34in Ultrawide Monitor,1,379.99,2019-12-14 23:22:00,"241 Park St, San Francisco, CA 94016",December
304819,34in Ultrawide Monitor,1,379.99,2019-12-10 05:05:00,"691 Washington St, Boston, MA 02215",December
307818,34in Ultrawide Monitor,1,379.99,2019-12-28 23:30:00,"401 4th St, Seattle, WA 98101",December
318326,34in Ultrawide Monitor,1,379.99,2019-12-02 23:30:00,"787 Spruce St, Portland, ME 04101",December
302153,34in Ultrawide Monitor,1,379.99,2019-12-16 17:17:00,"601 4th St, San Francisco, CA 94016",December
304520,34in Ultrawide Monitor,1,379.99,2019-12-04 10:32:00,"817 Ridge St, San Francisco, CA 94016",December
303336,34in Ultrawide Monitor,1,379.99,2019-12-17 12:03:00,"520 Chestnut St, New York City, NY 10001",December
303498,34in Ultrawide Monitor,1,379.99,2019-12-10 10:34:00,"451 Lincoln St, Portland, ME 04101",December
305560,34in Ultrawide Monitor,1,379.99,2019-12-12 14:52:00,"651 Maple St, Austin, TX 73301",December
305873,34in Ultrawide Monitor,1,379.99,2019-12-08 21:55:00,"18 Forest St, New York City, NY 10001",December
308679,34in Ultrawide Monitor,1,379.99,2019-12-23 14:47:00,"946 Maple St, Los Angeles, CA 90001",December
314707,34in Ultrawide Monitor,1,379.99,2019-12-25 09:01:00,"573 Maple St, New York City, NY 10001",December
298754,34in Ultrawide Monitor,1,379.99,2019-12-09 08:04:00,"858 North St, Portland, OR 97035",December
308239,34in Ultrawide Monitor,1,379.99,2019-12-08 12:42:00,"43 Elm St, San Francisco, CA 94016",December
309448,34in Ultrawide Monitor,1,379.99,2019-12-06 12:59:00,"810 6th St, Atlanta, GA 30301",December
299181,34in Ultrawide Monitor,1,379.99,2019-12-31 17:06:00,"65 Jackson St, San Francisco, CA 94016",December
299228,34in Ultrawide Monitor,1,379.99,2019-12-13 10:55:00,"482 2nd St, Los Angeles, CA 90001",December
301198,34in Ultrawide Monitor,1,379.99,2019-12-29 14:13:00,"396 Meadow St, Atlanta, GA 30301",December
307638,34in Ultrawide Monitor,1,379.99,2019-12-13 15:15:00,"238 11th St, Los Angeles, CA 90001",December
296651,34in Ultrawide Monitor,1,379.99,2019-12-03 12:53:00,"188 Hickory St, San Francisco, CA 94016",December
299614,34in Ultrawide Monitor,1,379.99,2019-12-15 16:19:00,"268 5th St, Boston, MA 02215",December
305880,34in Ultrawide Monitor,1,379.99,2019-12-18 14:19:00,"413 4th St, Atlanta, GA 30301",December
312230,34in Ultrawide Monitor,1,379.99,2019-12-12 09:23:00,"397 14th St, San Francisco, CA 94016",December
295729,34in Ultrawide Monitor,1,379.99,2019-12-28 21:58:00,"432 1st St, Dallas, TX 75001",December
298428,34in Ultrawide Monitor,1,379.99,2019-12-01 14:04:00,"971 North St, New York City, NY 10001",December
296813,34in Ultrawide Monitor,1,379.99,2019-12-11 22:12:00,"986 Elm St, Los Angeles, CA 90001",December
299436,34in Ultrawide Monitor,1,379.99,2019-12-29 19:47:00,"804 7th St, New York City, NY 10001",December
302547,34in Ultrawide Monitor,1,379.99,2019-12-05 12:12:00,"845 Johnson St, Boston, MA 02215",December
303067,34in Ultrawide Monitor,1,379.99,2019-12-27 21:26:00,"746 South St, Boston, MA 02215",December
314323,34in Ultrawide Monitor,1,379.99,2019-12-08 17:51:00,"781 Cherry St, Dallas, TX 75001",December
302615,34in Ultrawide Monitor,1,379.99,2019-12-14 16:14:00,"966 Main St, Atlanta, GA 30301",December
141971,34in Ultrawide Monitor,1,379.99,2019-01-19 07:00:00,"219 Elm St, New York City, NY 10001",January
144995,34in Ultrawide Monitor,1,379.99,2019-01-12 15:32:00,"314 Lincoln St, Atlanta, GA 30301",January
146663,34in Ultrawide Monitor,1,379.99,2019-01-31 10:53:00,"634 9th St, Seattle, WA 98101",January
148286,34in Ultrawide Monitor,1,379.99,2019-01-17 18:41:00,"587 Sunset St, Boston, MA 02215",January
150251,34in Ultrawide Monitor,1,379.99,2019-01-11 23:39:00,"365 Jefferson St, San Francisco, CA 94016",January
144452,34in Ultrawide Monitor,1,379.99,2019-01-13 12:05:00,"413 North St, Boston, MA 02215",January
145132,34in Ultrawide Monitor,1,379.99,2019-01-10 15:10:00,"396 North St, San Francisco, CA 94016",January
145861,34in Ultrawide Monitor,1,379.99,2019-01-14 15:48:00,"769 5th St, San Francisco, CA 94016",January
147750,34in Ultrawide Monitor,1,379.99,2019-01-26 12:18:00,"285 9th St, Portland, OR 97035",January
146010,34in Ultrawide Monitor,1,379.99,2019-01-08 22:23:00,"621 Adams St, New York City, NY 10001",January
142853,34in Ultrawide Monitor,1,379.99,2019-01-20 11:47:00,"885 Elm St, Atlanta, GA 30301",January
143566,34in Ultrawide Monitor,1,379.99,2019-01-26 09:08:00,"508 7th St, Boston, MA 02215",January
146316,34in Ultrawide Monitor,1,379.99,2019-01-19 14:57:00,"612 4th St, Dallas, TX 75001",January
147371,34in Ultrawide Monitor,1,379.99,2019-01-11 08:30:00,"175 Hill St, Los Angeles, CA 90001",January
150252,34in Ultrawide Monitor,1,379.99,2019-01-31 14:50:00,"193 4th St, Austin, TX 73301",January
147104,34in Ultrawide Monitor,1,379.99,2019-01-25 09:51:00,"456 Madison St, Los Angeles, CA 90001",January
149818,34in Ultrawide Monitor,1,379.99,2019-01-08 21:18:00,"43 Dogwood St, Los Angeles, CA 90001",January
142470,34in Ultrawide Monitor,1,379.99,2019-01-15 18:55:00,"835 12th St, Dallas, TX 75001",January
143500,34in Ultrawide Monitor,1,379.99,2019-01-10 17:58:00,"158 Jefferson St, Boston, MA 02215",January
143092,34in Ultrawide Monitor,1,379.99,2019-01-02 09:03:00,"43 14th St, San Francisco, CA 94016",January
145751,34in Ultrawide Monitor,1,379.99,2019-01-04 13:32:00,"613 Highland St, New York City, NY 10001",January
141493,34in Ultrawide Monitor,1,379.99,2019-01-02 11:26:00,"922 2nd St, Los Angeles, CA 90001",January
142209,34in Ultrawide Monitor,1,379.99,2019-01-09 14:23:00,"536 River St, Austin, TX 73301",January
145901,34in Ultrawide Monitor,1,379.99,2019-01-10 01:26:00,"705 8th St, San Francisco, CA 94016",January
143898,34in Ultrawide Monitor,1,379.99,2019-01-18 07:51:00,"11 4th St, New York City, NY 10001",January
144211,34in Ultrawide Monitor,1,379.99,2019-01-09 21:29:00,"943 13th St, Austin, TX 73301",January
147153,34in Ultrawide Monitor,1,379.99,2019-01-05 18:51:00,"802 Lakeview St, Dallas, TX 75001",January
147208,34in Ultrawide Monitor,1,379.99,2019-01-11 18:19:00,"403 Pine St, New York City, NY 10001",January
144197,34in Ultrawide Monitor,1,379.99,2019-01-01 18:22:00,"332 Wilson St, Boston, MA 02215",January
149063,34in Ultrawide Monitor,1,379.99,2019-01-26 13:39:00,"951 12th St, Dallas, TX 75001",January
150230,34in Ultrawide Monitor,1,379.99,2019-01-01 18:55:00,"485 Madison St, Atlanta, GA 30301",January
142892,34in Ultrawide Monitor,1,379.99,2019-01-10 10:22:00,"846 Lincoln St, Portland, OR 97035",January
143441,34in Ultrawide Monitor,1,379.99,2019-01-08 15:39:00,"462 Washington St, Portland, OR 97035",January
148609,34in Ultrawide Monitor,1,379.99,2019-01-06 12:32:00,"609 4th St, Los Angeles, CA 90001",January
150175,34in Ultrawide Monitor,1,379.99,2019-01-01 16:44:00,"16 2nd St, Los Angeles, CA 90001",January
144102,34in Ultrawide Monitor,1,379.99,2019-01-16 23:03:00,"794 Church St, Austin, TX 73301",January
143052,34in Ultrawide Monitor,1,379.99,2019-01-19 18:53:00,"421 5th St, New York City, NY 10001",January
148889,34in Ultrawide Monitor,1,379.99,2019-01-04 18:02:00,"138 Center St, Seattle, WA 98101",January
149861,34in Ultrawide Monitor,1,379.99,2019-01-19 10:56:00,"353 8th St, San Francisco, CA 94016",January
148487,34in Ultrawide Monitor,1,379.99,2019-01-12 12:11:00,"841 11th St, Boston, MA 02215",January
144935,34in Ultrawide Monitor,1,379.99,2019-01-25 22:27:00,"217 Adams St, San Francisco, CA 94016",January
141872,34in Ultrawide Monitor,1,379.99,2019-01-19 12:46:00,"428 Madison St, Seattle, WA 98101",January
142442,34in Ultrawide Monitor,1,379.99,2019-01-14 14:40:00,"307 10th St, New York City, NY 10001",January
145217,34in Ultrawide Monitor,1,379.99,2019-01-07 09:17:00,"19 Park St, Atlanta, GA 30301",January
141682,34in Ultrawide Monitor,1,379.99,2019-01-24 07:03:00,"672 Ridge St, Los Angeles, CA 90001",January
141689,34in Ultrawide Monitor,1,379.99,2019-01-09 13:56:00,"348 River St, San Francisco, CA 94016",January
142682,34in Ultrawide Monitor,1,379.99,2019-01-22 20:16:00,"99 River St, Los Angeles, CA 90001",January
143166,34in Ultrawide Monitor,1,379.99,2019-01-08 14:32:00,"939 10th St, Los Angeles, CA 90001",January
144100,34in Ultrawide Monitor,1,379.99,2019-01-31 15:40:00,"780 Center St, Dallas, TX 75001",January
145098,34in Ultrawide Monitor,1,379.99,2019-01-10 19:47:00,"774 Ridge St, Seattle, WA 98101",January
145539,34in Ultrawide Monitor,1,379.99,2019-01-13 15:43:00,"955 Lincoln St, Boston, MA 02215",January
149391,34in Ultrawide Monitor,1,379.99,2019-01-15 12:34:00,"55 Johnson St, Portland, OR 97035",January
144179,34in Ultrawide Monitor,1,379.99,2019-01-21 22:12:00,"408 Cedar St, Los Angeles, CA 90001",January
143680,34in Ultrawide Monitor,2,379.99,2019-01-10 12:35:00,"337 Highland St, Seattle, WA 98101",January
146827,34in Ultrawide Monitor,1,379.99,2019-01-06 15:23:00,"777 2nd St, San Francisco, CA 94016",January
147839,34in Ultrawide Monitor,1,379.99,2019-01-07 09:40:00,"106 Cedar St, Seattle, WA 98101",January
148309,34in Ultrawide Monitor,1,379.99,2019-01-29 14:54:00,"418 Willow St, Dallas, TX 75001",January
146401,34in Ultrawide Monitor,1,379.99,2019-01-18 13:55:00,"349 Hickory St, San Francisco, CA 94016",January
146962,34in Ultrawide Monitor,1,379.99,2019-01-22 16:07:00,"482 11th St, Los Angeles, CA 90001",January
148089,34in Ultrawide Monitor,1,379.99,2019-01-31 11:26:00,"41 Cherry St, San Francisco, CA 94016",January
146854,34in Ultrawide Monitor,1,379.99,2019-01-22 06:29:00,"149 6th St, New York City, NY 10001",January
147563,34in Ultrawide Monitor,1,379.99,2019-01-04 15:41:00,"345 Jackson St, San Francisco, CA 94016",January
153514,34in Ultrawide Monitor,1,379.99,2019-02-17 19:28:00,"389 North St, Los Angeles, CA 90001",February
155048,34in Ultrawide Monitor,1,379.99,2019-02-09 12:12:00,"257 Sunset St, Boston, MA 02215",February
161550,34in Ultrawide Monitor,1,379.99,2019-02-19 18:15:00,"718 14th St, San Francisco, CA 94016",February
155009,34in Ultrawide Monitor,1,379.99,2019-02-04 21:34:00,"780 4th St, Seattle, WA 98101",February
159707,34in Ultrawide Monitor,1,379.99,2019-02-15 15:13:00,"990 Ridge St, Seattle, WA 98101",February
153677,34in Ultrawide Monitor,1,379.99,2019-02-21 09:00:00,"962 Elm St, Los Angeles, CA 90001",February
156665,34in Ultrawide Monitor,1,379.99,2019-02-09 22:53:00,"315 5th St, Portland, OR 97035",February
161396,34in Ultrawide Monitor,1,379.99,2019-02-19 05:43:00,"828 Spruce St, Seattle, WA 98101",February
152249,34in Ultrawide Monitor,1,379.99,2019-02-11 12:01:00,"324 Main St, Los Angeles, CA 90001",February
152418,34in Ultrawide Monitor,1,379.99,2019-02-01 10:24:00,"835 Johnson St, San Francisco, CA 94016",February
154349,34in Ultrawide Monitor,1,379.99,2019-02-04 21:14:00,"627 13th St, Los Angeles, CA 90001",February
151217,34in Ultrawide Monitor,1,379.99,2019-02-13 18:43:00,"960 Walnut St, Los Angeles, CA 90001",February
159961,34in Ultrawide Monitor,1,379.99,2019-02-25 23:44:00,"555 Highland St, San Francisco, CA 94016",February
154000,34in Ultrawide Monitor,1,379.99,2019-02-24 10:15:00,"143 13th St, Dallas, TX 75001",February
158060,34in Ultrawide Monitor,1,379.99,2019-02-10 13:25:00,"118 1st St, San Francisco, CA 94016",February
152133,34in Ultrawide Monitor,1,379.99,2019-02-09 09:53:00,"148 Spruce St, San Francisco, CA 94016",February
154724,34in Ultrawide Monitor,1,379.99,2019-02-20 14:03:00,"525 Cedar St, New York City, NY 10001",February
159215,34in Ultrawide Monitor,1,379.99,2019-02-05 13:02:00,"538 4th St, Atlanta, GA 30301",February
156878,34in Ultrawide Monitor,1,379.99,2019-02-23 20:29:00,"506 Ridge St, Atlanta, GA 30301",February
158263,34in Ultrawide Monitor,2,379.99,2019-02-20 13:24:00,"820 Hill St, Dallas, TX 75001",February
160206,34in Ultrawide Monitor,1,379.99,2019-02-13 11:04:00,"62 Elm St, New York City, NY 10001",February
154729,34in Ultrawide Monitor,1,379.99,2019-02-27 08:52:00,"728 Hickory St, San Francisco, CA 94016",February
154846,34in Ultrawide Monitor,1,379.99,2019-02-24 00:51:00,"254 Meadow St, Boston, MA 02215",February
156633,34in Ultrawide Monitor,1,379.99,2019-02-12 01:42:00,"558 Jackson St, Dallas, TX 75001",February
160374,34in Ultrawide Monitor,1,379.99,2019-02-01 18:35:00,"979 West St, Los Angeles, CA 90001",February
151391,34in Ultrawide Monitor,1,379.99,2019-02-23 10:30:00,"448 12th St, Seattle, WA 98101",February
153761,34in Ultrawide Monitor,1,379.99,2019-02-09 02:13:00,"492 West St, Atlanta, GA 30301",February
159237,34in Ultrawide Monitor,1,379.99,2019-02-06 16:32:00,"25 Center St, San Francisco, CA 94016",February
161096,34in Ultrawide Monitor,1,379.99,2019-02-07 18:34:00,"459 Sunset St, Atlanta, GA 30301",February
161933,34in Ultrawide Monitor,1,379.99,2019-02-20 16:51:00,"851 4th St, San Francisco, CA 94016",February
158827,34in Ultrawide Monitor,1,379.99,2019-02-07 17:57:00,"632 Madison St, New York City, NY 10001",February
151732,34in Ultrawide Monitor,1,379.99,2019-02-17 19:24:00,"814 Meadow St, San Francisco, CA 94016",February
150990,34in Ultrawide Monitor,1,379.99,2019-02-16 18:05:00,"420 9th St, Dallas, TX 75001",February
152728,34in Ultrawide Monitor,1,379.99,2019-02-07 01:28:00,"216 Washington St, Austin, TX 73301",February
159755,34in Ultrawide Monitor,1,379.99,2019-02-01 09:37:00,"760 14th St, Dallas, TX 75001",February
160129,34in Ultrawide Monitor,1,379.99,2019-02-15 13:03:00,"47 11th St, Seattle, WA 98101",February
161672,34in Ultrawide Monitor,1,379.99,2019-02-07 16:18:00,"863 Meadow St, Los Angeles, CA 90001",February
151164,34in Ultrawide Monitor,1,379.99,2019-02-21 12:14:00,"310 Cedar St, Boston, MA 02215",February
156397,34in Ultrawide Monitor,1,379.99,2019-02-25 19:29:00,"879 Cherry St, San Francisco, CA 94016",February
151083,34in Ultrawide Monitor,1,379.99,2019-02-15 21:03:00,"401 Spruce St, Boston, MA 02215",February
155089,34in Ultrawide Monitor,1,379.99,2019-02-23 20:23:00,"856 Sunset St, Dallas, TX 75001",February
157384,34in Ultrawide Monitor,1,379.99,2019-02-20 19:13:00,"903 Adams St, Boston, MA 02215",February
153855,34in Ultrawide Monitor,1,379.99,2019-02-12 17:12:00,"852 Dogwood St, Boston, MA 02215",February
152129,34in Ultrawide Monitor,1,379.99,2019-02-25 10:20:00,"830 Lake St, San Francisco, CA 94016",February
153465,34in Ultrawide Monitor,1,379.99,2019-02-13 13:24:00,"16 Center St, San Francisco, CA 94016",February
161466,34in Ultrawide Monitor,1,379.99,2019-02-16 11:55:00,"930 Chestnut St, Boston, MA 02215",February
151325,34in Ultrawide Monitor,1,379.99,2019-02-23 09:23:00,"217 West St, San Francisco, CA 94016",February
152800,34in Ultrawide Monitor,1,379.99,2019-02-01 10:33:00,"789 West St, Atlanta, GA 30301",February
158275,34in Ultrawide Monitor,1,379.99,2019-02-07 16:13:00,"505 Adams St, Portland, OR 97035",February
154301,34in Ultrawide Monitor,1,379.99,2019-02-20 13:26:00,"799 North St, Los Angeles, CA 90001",February
156636,34in Ultrawide Monitor,1,379.99,2019-02-10 12:45:00,"545 Main St, Dallas, TX 75001",February
151524,34in Ultrawide Monitor,1,379.99,2019-02-21 15:28:00,"688 South St, Los Angeles, CA 90001",February
152308,34in Ultrawide Monitor,1,379.99,2019-02-20 12:30:00,"641 Jackson St, Los Angeles, CA 90001",February
152717,34in Ultrawide Monitor,1,379.99,2019-02-20 11:47:00,"473 Adams St, Portland, OR 97035",February
153086,34in Ultrawide Monitor,1,379.99,2019-02-16 15:41:00,"591 7th St, Austin, TX 73301",February
157243,34in Ultrawide Monitor,1,379.99,2019-02-26 23:42:00,"802 North St, Atlanta, GA 30301",February
155032,34in Ultrawide Monitor,1,379.99,2019-02-18 18:31:00,"355 Main St, Los Angeles, CA 90001",February
158442,34in Ultrawide Monitor,1,379.99,2019-02-14 03:33:00,"925 5th St, San Francisco, CA 94016",February
160742,34in Ultrawide Monitor,1,379.99,2019-02-16 08:50:00,"98 Park St, San Francisco, CA 94016",February
151824,34in Ultrawide Monitor,1,379.99,2019-02-13 13:21:00,"883 14th St, San Francisco, CA 94016",February
153029,34in Ultrawide Monitor,1,379.99,2019-02-28 20:11:00,"779 Main St, Los Angeles, CA 90001",February
154279,34in Ultrawide Monitor,1,379.99,2019-02-19 01:44:00,"514 10th St, Los Angeles, CA 90001",February
155083,34in Ultrawide Monitor,1,379.99,2019-02-07 00:06:00,"849 Sunset St, San Francisco, CA 94016",February
160635,34in Ultrawide Monitor,1,379.99,2019-02-15 16:25:00,"585 Jefferson St, Boston, MA 02215",February
151150,34in Ultrawide Monitor,1,379.99,2019-02-17 20:29:00,"566 4th St, San Francisco, CA 94016",February
161153,34in Ultrawide Monitor,1,379.99,2019-02-08 20:46:00,"904 Forest St, Atlanta, GA 30301",February
154966,34in Ultrawide Monitor,1,379.99,2019-02-05 09:52:00,"395 Sunset St, Dallas, TX 75001",February
155961,34in Ultrawide Monitor,1,379.99,2019-02-28 10:44:00,"832 12th St, Portland, OR 97035",February
159461,34in Ultrawide Monitor,1,379.99,2019-02-16 22:25:00,"839 11th St, New York City, NY 10001",February
159967,34in Ultrawide Monitor,1,379.99,2019-02-22 19:32:00,"942 Cherry St, Seattle, WA 98101",February
156913,34in Ultrawide Monitor,1,379.99,2019-02-27 16:54:00,"333 Maple St, Portland, OR 97035",February
157525,34in Ultrawide Monitor,1,379.99,2019-02-11 15:43:00,"444 Highland St, San Francisco, CA 94016",February
168013,34in Ultrawide Monitor,1,379.99,2019-03-24 19:53:00,"248 Jefferson St, Seattle, WA 98101",March
165325,34in Ultrawide Monitor,1,379.99,2019-03-20 19:41:00,"156 Pine St, San Francisco, CA 94016",March
169290,34in Ultrawide Monitor,1,379.99,2019-03-28 05:22:00,"957 5th St, Los Angeles, CA 90001",March
170327,34in Ultrawide Monitor,1,379.99,2019-03-08 17:08:00,"745 10th St, Boston, MA 02215",March
170314,34in Ultrawide Monitor,1,379.99,2019-03-28 20:59:00,"768 Jackson St, San Francisco, CA 94016",March
171208,34in Ultrawide Monitor,1,379.99,2019-03-19 19:49:00,"752 Center St, Los Angeles, CA 90001",March
171519,34in Ultrawide Monitor,1,379.99,2019-03-19 15:17:00,"799 Hill St, San Francisco, CA 94016",March
164823,34in Ultrawide Monitor,1,379.99,2019-03-04 07:51:00,"567 11th St, Dallas, TX 75001",March
166704,34in Ultrawide Monitor,1,379.99,2019-03-03 11:51:00,"550 Lincoln St, Seattle, WA 98101",March
166727,34in Ultrawide Monitor,1,379.99,2019-03-23 19:14:00,"148 Dogwood St, Seattle, WA 98101",March
165454,34in Ultrawide Monitor,1,379.99,2019-03-14 21:22:00,"605 12th St, San Francisco, CA 94016",March
162447,34in Ultrawide Monitor,1,379.99,2019-03-17 16:37:00,"133 South St, Los Angeles, CA 90001",March
162483,34in Ultrawide Monitor,1,379.99,2019-03-12 14:26:00,"893 Dogwood St, San Francisco, CA 94016",March
164242,34in Ultrawide Monitor,1,379.99,2019-03-25 21:26:00,"373 4th St, Portland, ME 04101",March
171719,34in Ultrawide Monitor,1,379.99,2019-03-28 00:28:00,"223 Lake St, Austin, TX 73301",March
172281,34in Ultrawide Monitor,1,379.99,2019-03-18 17:09:00,"940 6th St, Portland, OR 97035",March
163403,34in Ultrawide Monitor,1,379.99,2019-03-30 10:27:00,"51 11th St, Los Angeles, CA 90001",March
168440,34in Ultrawide Monitor,1,379.99,2019-03-19 17:06:00,"334 5th St, Atlanta, GA 30301",March
170456,34in Ultrawide Monitor,1,379.99,2019-03-03 22:27:00,"540 Wilson St, San Francisco, CA 94016",March
172071,34in Ultrawide Monitor,1,379.99,2019-03-19 08:21:00,"463 North St, Portland, OR 97035",March
173003,34in Ultrawide Monitor,1,379.99,2019-03-16 16:33:00,"222 Spruce St, New York City, NY 10001",March
163501,34in Ultrawide Monitor,1,379.99,2019-03-28 21:19:00,"781 5th St, New York City, NY 10001",March
165192,34in Ultrawide Monitor,1,379.99,2019-03-18 10:37:00,"283 Jefferson St, Portland, OR 97035",March
168057,34in Ultrawide Monitor,1,379.99,2019-03-10 16:59:00,"741 Lake St, San Francisco, CA 94016",March
169332,34in Ultrawide Monitor,1,379.99,2019-03-09 23:42:00,"458 14th St, New York City, NY 10001",March
172972,34in Ultrawide Monitor,1,379.99,2019-03-01 08:04:00,"92 Church St, New York City, NY 10001",March
174029,34in Ultrawide Monitor,1,379.99,2019-03-12 12:22:00,"151 Lakeview St, Boston, MA 02215",March
173350,34in Ultrawide Monitor,1,379.99,2019-03-05 09:30:00,"578 Cedar St, Dallas, TX 75001",March
162504,34in Ultrawide Monitor,1,379.99,2019-03-04 17:42:00,"146 Willow St, Atlanta, GA 30301",March
167018,34in Ultrawide Monitor,1,379.99,2019-03-22 12:37:00,"963 Washington St, San Francisco, CA 94016",March
174906,34in Ultrawide Monitor,1,379.99,2019-03-26 16:07:00,"621 Dogwood St, Dallas, TX 75001",March
166239,34in Ultrawide Monitor,1,379.99,2019-03-19 14:30:00,"860 Hill St, Atlanta, GA 30301",March
169836,34in Ultrawide Monitor,1,379.99,2019-03-22 15:58:00,"726 11th St, Dallas, TX 75001",March
174112,34in Ultrawide Monitor,1,379.99,2019-03-07 19:49:00,"788 Madison St, Seattle, WA 98101",March
176183,34in Ultrawide Monitor,1,379.99,2019-03-02 12:47:00,"511 Main St, Atlanta, GA 30301",March
169567,34in Ultrawide Monitor,1,379.99,2019-03-01 18:36:00,"916 Forest St, San Francisco, CA 94016",March
171571,34in Ultrawide Monitor,1,379.99,2019-03-13 14:44:00,"649 Meadow St, San Francisco, CA 94016",March
173086,34in Ultrawide Monitor,1,379.99,2019-03-07 12:06:00,"870 Forest St, Los Angeles, CA 90001",March
170169,34in Ultrawide Monitor,1,379.99,2019-03-17 22:04:00,"482 Chestnut St, Atlanta, GA 30301",March
164198,34in Ultrawide Monitor,1,379.99,2019-03-15 13:12:00,"156 7th St, San Francisco, CA 94016",March
169469,34in Ultrawide Monitor,1,379.99,2019-03-06 23:11:00,"20 Cedar St, Seattle, WA 98101",March
163733,34in Ultrawide Monitor,1,379.99,2019-03-22 18:40:00,"57 River St, New York City, NY 10001",March
164280,34in Ultrawide Monitor,1,379.99,2019-03-01 23:46:00,"476 Park St, Los Angeles, CA 90001",March
167065,34in Ultrawide Monitor,1,379.99,2019-03-15 18:11:00,"403 Park St, Austin, TX 73301",March
174778,34in Ultrawide Monitor,1,379.99,2019-03-12 00:27:00,"579 Church St, San Francisco, CA 94016",March
163840,34in Ultrawide Monitor,1,379.99,2019-03-09 16:11:00,"809 4th St, Boston, MA 02215",March
165567,34in Ultrawide Monitor,1,379.99,2019-03-21 08:53:00,"729 Ridge St, Portland, ME 04101",March
171737,34in Ultrawide Monitor,1,379.99,2019-03-09 20:05:00,"60 6th St, Portland, OR 97035",March
171957,34in Ultrawide Monitor,1,379.99,2019-03-27 06:28:00,"46 Lake St, Dallas, TX 75001",March
165717,34in Ultrawide Monitor,1,379.99,2019-03-23 09:05:00,"476 Ridge St, New York City, NY 10001",March
174247,34in Ultrawide Monitor,1,379.99,2019-03-16 19:51:00,"392 Hickory St, Atlanta, GA 30301",March
165210,34in Ultrawide Monitor,1,379.99,2019-03-29 16:15:00,"383 Cedar St, Boston, MA 02215",March
174399,34in Ultrawide Monitor,1,379.99,2019-03-13 11:56:00,"734 Pine St, Austin, TX 73301",March
170705,34in Ultrawide Monitor,1,379.99,2019-03-22 21:53:00,"743 Center St, Boston, MA 02215",March
169656,34in Ultrawide Monitor,1,379.99,2019-03-09 12:22:00,"682 Forest St, Dallas, TX 75001",March
173268,34in Ultrawide Monitor,1,379.99,2019-03-26 08:48:00,"258 5th St, San Francisco, CA 94016",March
164017,34in Ultrawide Monitor,1,379.99,2019-03-01 18:47:00,"302 Lincoln St, Los Angeles, CA 90001",March
164815,34in Ultrawide Monitor,1,379.99,2019-03-06 12:09:00,"296 Church St, San Francisco, CA 94016",March
168244,34in Ultrawide Monitor,1,379.99,2019-03-30 20:51:00,"828 Madison St, New York City, NY 10001",March
168643,34in Ultrawide Monitor,1,379.99,2019-03-29 09:51:00,"840 Spruce St, New York City, NY 10001",March
162011,34in Ultrawide Monitor,1,379.99,2019-03-10 00:01:00,"764 13th St, San Francisco, CA 94016",March
172191,34in Ultrawide Monitor,1,379.99,2019-03-18 13:04:00,"908 5th St, Los Angeles, CA 90001",March
164418,34in Ultrawide Monitor,1,379.99,2019-03-26 10:23:00,"336 Dogwood St, Atlanta, GA 30301",March
169292,34in Ultrawide Monitor,1,379.99,2019-03-03 09:56:00,"656 Jackson St, San Francisco, CA 94016",March
169981,34in Ultrawide Monitor,1,379.99,2019-03-11 21:14:00,"693 9th St, Portland, ME 04101",March
170989,34in Ultrawide Monitor,1,379.99,2019-03-17 17:12:00,"435 Jackson St, Los Angeles, CA 90001",March
166855,34in Ultrawide Monitor,1,379.99,2019-03-30 18:27:00,"782 7th St, San Francisco, CA 94016",March
174368,34in Ultrawide Monitor,1,379.99,2019-03-10 16:09:00,"702 9th St, Portland, OR 97035",March
174694,34in Ultrawide Monitor,1,379.99,2019-03-11 15:47:00,"689 Lincoln St, Austin, TX 73301",March
163416,34in Ultrawide Monitor,1,379.99,2019-03-05 12:28:00,"557 Chestnut St, Seattle, WA 98101",March
171884,34in Ultrawide Monitor,1,379.99,2019-03-18 15:49:00,"899 Willow St, Dallas, TX 75001",March
175726,34in Ultrawide Monitor,1,379.99,2019-03-14 09:58:00,"625 River St, Dallas, TX 75001",March
176194,34in Ultrawide Monitor,1,379.99,2019-03-23 18:20:00,"157 Park St, Austin, TX 73301",March
164049,34in Ultrawide Monitor,1,379.99,2019-03-25 21:06:00,"772 Jackson St, San Francisco, CA 94016",March
165334,34in Ultrawide Monitor,1,379.99,2019-03-31 21:55:00,"484 Highland St, Los Angeles, CA 90001",March
166657,34in Ultrawide Monitor,1,379.99,2019-03-19 08:50:00,"940 Willow St, Los Angeles, CA 90001",March
169269,34in Ultrawide Monitor,1,379.99,2019-03-29 19:47:00,"740 Cedar St, Seattle, WA 98101",March
169284,34in Ultrawide Monitor,1,379.99,2019-03-06 23:44:00,"136 1st St, Los Angeles, CA 90001",March
166484,34in Ultrawide Monitor,1,379.99,2019-03-29 09:02:00,"761 Cedar St, Atlanta, GA 30301",March
167334,34in Ultrawide Monitor,1,379.99,2019-03-20 17:02:00,"852 Johnson St, San Francisco, CA 94016",March
174804,34in Ultrawide Monitor,1,379.99,2019-03-27 09:27:00,"872 North St, Atlanta, GA 30301",March
165450,34in Ultrawide Monitor,1,379.99,2019-03-20 14:45:00,"174 Park St, Austin, TX 73301",March
168293,34in Ultrawide Monitor,1,379.99,2019-03-14 00:54:00,"379 Sunset St, Portland, ME 04101",March
176311,34in Ultrawide Monitor,1,379.99,2019-03-29 21:02:00,"451 West St, Boston, MA 02215",March
162584,34in Ultrawide Monitor,1,379.99,2019-03-25 23:04:00,"459 Hill St, New York City, NY 10001",March
163482,34in Ultrawide Monitor,1,379.99,2019-03-02 13:26:00,"636 Pine St, San Francisco, CA 94016",March
164524,34in Ultrawide Monitor,1,379.99,2019-03-15 12:32:00,"462 West St, Boston, MA 02215",March
191206,34in Ultrawide Monitor,1,379.99,2019-04-29 14:35:00,"747 1st St, San Francisco, CA 94016",April
188802,34in Ultrawide Monitor,1,379.99,2019-04-16 07:01:00,"904 Main St, New York City, NY 10001",April
178386,34in Ultrawide Monitor,1,379.99,2019-04-04 12:10:00,"255 South St, San Francisco, CA 94016",April
181549,34in Ultrawide Monitor,1,379.99,2019-04-26 22:45:00,"297 Hickory St, Los Angeles, CA 90001",April
182526,34in Ultrawide Monitor,1,379.99,2019-04-26 10:29:00,"567 Main St, Austin, TX 73301",April
187458,34in Ultrawide Monitor,1,379.99,2019-04-10 11:05:00,"290 Highland St, San Francisco, CA 94016",April
191386,34in Ultrawide Monitor,1,379.99,2019-04-01 20:38:00,"824 Jefferson St, Dallas, TX 75001",April
179968,34in Ultrawide Monitor,1,379.99,2019-04-05 12:44:00,"218 Church St, New York City, NY 10001",April
179220,34in Ultrawide Monitor,1,379.99,2019-04-25 08:14:00,"748 Walnut St, Dallas, TX 75001",April
186651,34in Ultrawide Monitor,1,379.99,2019-04-17 17:22:00,"901 Lincoln St, Los Angeles, CA 90001",April
190382,34in Ultrawide Monitor,1,379.99,2019-04-08 16:35:00,"553 Washington St, Los Angeles, CA 90001",April
182117,34in Ultrawide Monitor,1,379.99,2019-04-09 19:24:00,"253 Lake St, Portland, ME 04101",April
184428,34in Ultrawide Monitor,1,379.99,2019-04-04 13:05:00,"544 South St, New York City, NY 10001",April
186487,34in Ultrawide Monitor,1,379.99,2019-04-16 03:15:00,"431 Madison St, Portland, OR 97035",April
187211,34in Ultrawide Monitor,1,379.99,2019-04-03 09:06:00,"791 Hill St, Dallas, TX 75001",April
192876,34in Ultrawide Monitor,1,379.99,2019-04-06 11:57:00,"234 8th St, New York City, NY 10001",April
185739,34in Ultrawide Monitor,1,379.99,2019-04-21 15:46:00,"492 1st St, San Francisco, CA 94016",April
187219,34in Ultrawide Monitor,1,379.99,2019-04-27 17:41:00,"174 River St, Austin, TX 73301",April
188790,34in Ultrawide Monitor,1,379.99,2019-04-08 13:11:00,"271 Wilson St, Boston, MA 02215",April
179144,34in Ultrawide Monitor,1,379.99,2019-04-14 14:35:00,"880 Center St, San Francisco, CA 94016",April
179925,34in Ultrawide Monitor,1,379.99,2019-04-03 12:58:00,"183 5th St, San Francisco, CA 94016",April
182280,34in Ultrawide Monitor,1,379.99,2019-04-13 17:14:00,"710 Lake St, Austin, TX 73301",April
187010,34in Ultrawide Monitor,1,379.99,2019-04-09 16:10:00,"665 Washington St, Atlanta, GA 30301",April
187176,34in Ultrawide Monitor,1,379.99,2019-04-20 13:20:00,"197 6th St, Boston, MA 02215",April
189634,34in Ultrawide Monitor,1,379.99,2019-04-07 15:33:00,"687 4th St, Dallas, TX 75001",April
193241,34in Ultrawide Monitor,1,379.99,2019-04-14 11:46:00,"128 2nd St, San Francisco, CA 94016",April
187749,34in Ultrawide Monitor,1,379.99,2019-04-28 15:24:00,"90 Jackson St, Portland, OR 97035",April
188562,34in Ultrawide Monitor,1,379.99,2019-04-28 08:56:00,"981 9th St, Portland, OR 97035",April
189525,34in Ultrawide Monitor,1,379.99,2019-04-10 08:01:00,"764 Lakeview St, San Francisco, CA 94016",April
192222,34in Ultrawide Monitor,1,379.99,2019-04-12 20:24:00,"312 6th St, San Francisco, CA 94016",April
188070,34in Ultrawide Monitor,1,379.99,2019-04-18 11:50:00,"998 Madison St, San Francisco, CA 94016",April
191432,34in Ultrawide Monitor,1,379.99,2019-04-28 18:07:00,"78 Washington St, Portland, OR 97035",April
178766,34in Ultrawide Monitor,1,379.99,2019-04-16 16:15:00,"534 9th St, New York City, NY 10001",April
185863,34in Ultrawide Monitor,1,379.99,2019-04-27 09:36:00,"50 1st St, San Francisco, CA 94016",April
190572,34in Ultrawide Monitor,1,379.99,2019-04-02 11:18:00,"896 Lake St, New York City, NY 10001",April
190645,34in Ultrawide Monitor,1,379.99,2019-04-17 22:43:00,"284 Meadow St, New York City, NY 10001",April
192556,34in Ultrawide Monitor,1,379.99,2019-04-06 04:30:00,"860 2nd St, San Francisco, CA 94016",April
193913,34in Ultrawide Monitor,1,379.99,2019-04-04 21:31:00,"117 Main St, Boston, MA 02215",April
177744,34in Ultrawide Monitor,1,379.99,2019-04-20 22:45:00,"189 Madison St, Los Angeles, CA 90001",April
181464,34in Ultrawide Monitor,1,379.99,2019-04-09 10:47:00,"647 Elm St, New York City, NY 10001",April
192229,34in Ultrawide Monitor,1,379.99,2019-04-30 22:03:00,"347 Lakeview St, New York City, NY 10001",April
193795,34in Ultrawide Monitor,1,379.99,2019-04-27 15:51:00,"927 10th St, San Francisco, CA 94016",April
179891,34in Ultrawide Monitor,1,379.99,2019-04-30 20:46:00,"505 Ridge St, Dallas, TX 75001",April
181947,34in Ultrawide Monitor,1,379.99,2019-04-19 22:34:00,"297 Elm St, Dallas, TX 75001",April
184899,34in Ultrawide Monitor,1,379.99,2019-04-08 22:40:00,"480 West St, Atlanta, GA 30301",April
187135,34in Ultrawide Monitor,1,379.99,2019-04-20 19:36:00,"698 West St, San Francisco, CA 94016",April
192865,34in Ultrawide Monitor,1,379.99,2019-04-01 19:11:00,"605 Pine St, Los Angeles, CA 90001",April
187078,34in Ultrawide Monitor,1,379.99,2019-04-28 19:54:00,"853 Lincoln St, New York City, NY 10001",April
177520,34in Ultrawide Monitor,1,379.99,2019-04-11 22:43:00,"652 Park St, Atlanta, GA 30301",April
187237,34in Ultrawide Monitor,1,379.99,2019-04-23 18:09:00,"814 Ridge St, Dallas, TX 75001",April
188022,34in Ultrawide Monitor,1,379.99,2019-04-13 21:38:00,"931 South St, San Francisco, CA 94016",April
188286,34in Ultrawide Monitor,1,379.99,2019-04-24 14:41:00,"847 5th St, Boston, MA 02215",April
180080,34in Ultrawide Monitor,1,379.99,2019-04-12 17:03:00,"386 Walnut St, Los Angeles, CA 90001",April
188155,34in Ultrawide Monitor,1,379.99,2019-04-13 10:50:00,"869 9th St, San Francisco, CA 94016",April
177589,34in Ultrawide Monitor,1,379.99,2019-04-16 06:54:00,"836 Cherry St, Los Angeles, CA 90001",April
179223,34in Ultrawide Monitor,1,379.99,2019-04-01 22:09:00,"73 Adams St, San Francisco, CA 94016",April
185465,34in Ultrawide Monitor,1,379.99,2019-04-12 06:36:00,"523 9th St, Austin, TX 73301",April
188238,34in Ultrawide Monitor,1,379.99,2019-04-07 08:32:00,"232 Walnut St, Portland, ME 04101",April
178336,34in Ultrawide Monitor,1,379.99,2019-04-04 20:43:00,"756 Jackson St, Portland, OR 97035",April
186705,34in Ultrawide Monitor,1,379.99,2019-04-09 15:43:00,"182 Jefferson St, Portland, OR 97035",April
181604,34in Ultrawide Monitor,1,379.99,2019-04-11 18:21:00,"9 Johnson St, San Francisco, CA 94016",April
184440,34in Ultrawide Monitor,1,379.99,2019-04-04 23:53:00,"490 11th St, New York City, NY 10001",April
189658,34in Ultrawide Monitor,1,379.99,2019-04-03 16:12:00,"377 Main St, Dallas, TX 75001",April
192691,34in Ultrawide Monitor,1,379.99,2019-04-10 18:30:00,"623 Jackson St, Austin, TX 73301",April
179226,34in Ultrawide Monitor,1,379.99,2019-04-09 19:45:00,"332 Adams St, New York City, NY 10001",April
185190,34in Ultrawide Monitor,1,379.99,2019-04-10 19:36:00,"707 West St, Boston, MA 02215",April
185840,34in Ultrawide Monitor,1,379.99,2019-04-26 20:43:00,"457 Park St, Los Angeles, CA 90001",April
193499,34in Ultrawide Monitor,1,379.99,2019-04-08 16:13:00,"558 Spruce St, New York City, NY 10001",April
179169,34in Ultrawide Monitor,1,379.99,2019-04-03 22:21:00,"347 Lakeview St, San Francisco, CA 94016",April
179188,34in Ultrawide Monitor,1,379.99,2019-04-13 12:37:00,"44 Washington St, Boston, MA 02215",April
184065,34in Ultrawide Monitor,2,379.99,2019-04-26 10:30:00,"859 14th St, Boston, MA 02215",April
191847,34in Ultrawide Monitor,1,379.99,2019-04-24 09:32:00,"568 Adams St, Los Angeles, CA 90001",April
193147,34in Ultrawide Monitor,1,379.99,2019-04-05 23:14:00,"103 13th St, San Francisco, CA 94016",April
191790,34in Ultrawide Monitor,1,379.99,2019-04-21 11:51:00,"54 Spruce St, New York City, NY 10001",April
187882,34in Ultrawide Monitor,1,379.99,2019-04-13 13:55:00,"863 10th St, Los Angeles, CA 90001",April
189752,34in Ultrawide Monitor,1,379.99,2019-04-09 17:25:00,"650 Chestnut St, Dallas, TX 75001",April
178494,34in Ultrawide Monitor,1,379.99,2019-04-07 17:33:00,"772 Jackson St, Atlanta, GA 30301",April
189918,34in Ultrawide Monitor,1,379.99,2019-04-12 14:05:00,"154 Church St, Portland, OR 97035",April
193281,34in Ultrawide Monitor,1,379.99,2019-04-01 14:49:00,"178 4th St, New York City, NY 10001",April
176843,34in Ultrawide Monitor,1,379.99,2019-04-21 11:22:00,"733 Maple St, Atlanta, GA 30301",April
180799,34in Ultrawide Monitor,1,379.99,2019-04-17 20:59:00,"496 Elm St, San Francisco, CA 94016",April
182404,34in Ultrawide Monitor,1,379.99,2019-04-01 13:10:00,"620 4th St, San Francisco, CA 94016",April
192005,34in Ultrawide Monitor,1,379.99,2019-04-15 09:54:00,"231 Ridge St, Boston, MA 02215",April
192633,34in Ultrawide Monitor,1,379.99,2019-04-01 17:34:00,"205 Walnut St, New York City, NY 10001",April
194055,34in Ultrawide Monitor,1,379.99,2019-04-20 08:57:00,"620 Meadow St, New York City, NY 10001",April
178204,34in Ultrawide Monitor,1,379.99,2019-04-18 20:40:00,"618 Elm St, San Francisco, CA 94016",April
181104,34in Ultrawide Monitor,1,379.99,2019-04-18 13:40:00,"666 Walnut St, San Francisco, CA 94016",April
181864,34in Ultrawide Monitor,1,379.99,2019-04-13 21:11:00,"718 14th St, Los Angeles, CA 90001",April
186013,34in Ultrawide Monitor,1,379.99,2019-04-02 18:25:00,"974 Madison St, Boston, MA 02215",April
186021,34in Ultrawide Monitor,1,379.99,2019-04-23 05:51:00,"392 Elm St, San Francisco, CA 94016",April
188729,34in Ultrawide Monitor,1,379.99,2019-04-06 22:14:00,"106 Hickory St, Seattle, WA 98101",April
178898,34in Ultrawide Monitor,1,379.99,2019-04-06 09:49:00,"661 Forest St, San Francisco, CA 94016",April
184952,34in Ultrawide Monitor,1,379.99,2019-04-17 09:13:00,"747 Sunset St, San Francisco, CA 94016",April
190473,34in Ultrawide Monitor,1,379.99,2019-04-29 14:26:00,"65 Washington St, San Francisco, CA 94016",April
192665,34in Ultrawide Monitor,1,379.99,2019-04-04 11:40:00,"166 Park St, Atlanta, GA 30301",April
176739,34in Ultrawide Monitor,1,379.99,2019-04-05 17:38:00,"730 6th St, Austin, TX 73301",April
180745,34in Ultrawide Monitor,1,379.99,2019-04-21 15:15:00,"803 Chestnut St, San Francisco, CA 94016",April
190875,34in Ultrawide Monitor,1,379.99,2019-04-17 05:43:00,"601 1st St, Portland, OR 97035",April
190739,34in Ultrawide Monitor,1,379.99,2019-04-11 01:56:00,"435 1st St, San Francisco, CA 94016",April
181911,34in Ultrawide Monitor,1,379.99,2019-04-10 15:31:00,"942 Lakeview St, Atlanta, GA 30301",April
183710,34in Ultrawide Monitor,1,379.99,2019-04-13 13:01:00,"695 Main St, Los Angeles, CA 90001",April
185331,34in Ultrawide Monitor,1,379.99,2019-04-19 19:53:00,"68 5th St, Los Angeles, CA 90001",April
188647,34in Ultrawide Monitor,1,379.99,2019-04-08 11:28:00,"687 5th St, Boston, MA 02215",April
188698,34in Ultrawide Monitor,1,379.99,2019-04-08 02:34:00,"255 12th St, San Francisco, CA 94016",April
198225,34in Ultrawide Monitor,1,379.99,2019-05-05 21:49:00,"504 14th St, New York City, NY 10001",May
206530,34in Ultrawide Monitor,1,379.99,2019-05-28 13:38:00,"335 7th St, Austin, TX 73301",May
194754,34in Ultrawide Monitor,1,379.99,2019-05-26 17:18:00,"942 10th St, Los Angeles, CA 90001",May
195782,34in Ultrawide Monitor,1,379.99,2019-05-10 20:42:00,"951 Park St, New York City, NY 10001",May
201882,34in Ultrawide Monitor,1,379.99,2019-05-17 18:05:00,"919 7th St, San Francisco, CA 94016",May
199446,34in Ultrawide Monitor,1,379.99,2019-05-22 22:54:00,"415 Spruce St, Austin, TX 73301",May
205186,34in Ultrawide Monitor,1,379.99,2019-05-27 17:07:00,"504 Spruce St, San Francisco, CA 94016",May
202931,34in Ultrawide Monitor,1,379.99,2019-05-23 10:38:00,"503 South St, Seattle, WA 98101",May
195931,34in Ultrawide Monitor,1,379.99,2019-05-07 12:04:00,"831 Chestnut St, Portland, OR 97035",May
204043,34in Ultrawide Monitor,1,379.99,2019-05-21 22:45:00,"171 11th St, Boston, MA 02215",May
197159,34in Ultrawide Monitor,1,379.99,2019-05-16 09:38:00,"330 6th St, Los Angeles, CA 90001",May
199199,34in Ultrawide Monitor,1,379.99,2019-05-26 12:01:00,"190 2nd St, Boston, MA 02215",May
199858,34in Ultrawide Monitor,1,379.99,2019-05-04 13:13:00,"867 13th St, Boston, MA 02215",May
201140,34in Ultrawide Monitor,1,379.99,2019-05-08 01:22:00,"997 14th St, Portland, OR 97035",May
201444,34in Ultrawide Monitor,1,379.99,2019-05-05 12:38:00,"681 Wilson St, Dallas, TX 75001",May
205342,34in Ultrawide Monitor,1,379.99,2019-05-29 19:45:00,"811 7th St, Atlanta, GA 30301",May
206456,34in Ultrawide Monitor,1,379.99,2019-05-30 21:22:00,"412 Washington St, San Francisco, CA 94016",May
195779,34in Ultrawide Monitor,1,379.99,2019-05-02 17:18:00,"378 Walnut St, Portland, ME 04101",May
200295,34in Ultrawide Monitor,1,379.99,2019-05-31 12:48:00,"801 Lakeview St, San Francisco, CA 94016",May
203793,34in Ultrawide Monitor,1,379.99,2019-05-19 09:57:00,"47 Park St, Atlanta, GA 30301",May
207596,34in Ultrawide Monitor,1,379.99,2019-05-30 09:58:00,"92 Lake St, San Francisco, CA 94016",May
198597,34in Ultrawide Monitor,1,379.99,2019-05-28 15:34:00,"280 Hickory St, San Francisco, CA 94016",May
201208,34in Ultrawide Monitor,1,379.99,2019-05-16 09:19:00,"930 West St, Seattle, WA 98101",May
197874,34in Ultrawide Monitor,1,379.99,2019-05-18 16:25:00,"6 12th St, Dallas, TX 75001",May
203725,34in Ultrawide Monitor,1,379.99,2019-05-20 23:12:00,"609 Johnson St, Los Angeles, CA 90001",May
208921,34in Ultrawide Monitor,1,379.99,2019-05-26 07:56:00,"195 Walnut St, Dallas, TX 75001",May
198744,34in Ultrawide Monitor,1,379.99,2019-05-17 00:03:00,"506 Madison St, Seattle, WA 98101",May
201311,34in Ultrawide Monitor,1,379.99,2019-05-14 02:36:00,"922 Madison St, Boston, MA 02215",May
204964,34in Ultrawide Monitor,1,379.99,2019-05-08 19:06:00,"160 Cedar St, Boston, MA 02215",May
196542,34in Ultrawide Monitor,1,379.99,2019-05-18 18:59:00,"573 Walnut St, Los Angeles, CA 90001",May
206677,34in Ultrawide Monitor,1,379.99,2019-05-14 09:55:00,"695 7th St, Austin, TX 73301",May
198660,34in Ultrawide Monitor,1,379.99,2019-05-14 19:27:00,"86 Meadow St, New York City, NY 10001",May
205354,34in Ultrawide Monitor,1,379.99,2019-05-13 15:50:00,"598 River St, Los Angeles, CA 90001",May
206549,34in Ultrawide Monitor,1,379.99,2019-05-03 10:39:00,"718 Chestnut St, San Francisco, CA 94016",May
207706,34in Ultrawide Monitor,1,379.99,2019-05-05 16:44:00,"905 12th St, Los Angeles, CA 90001",May
208681,34in Ultrawide Monitor,1,379.99,2019-05-04 20:23:00,"30 1st St, Austin, TX 73301",May
208913,34in Ultrawide Monitor,1,379.99,2019-05-08 16:06:00,"427 Johnson St, New York City, NY 10001",May
194366,34in Ultrawide Monitor,1,379.99,2019-05-16 23:43:00,"642 Elm St, Atlanta, GA 30301",May
197135,34in Ultrawide Monitor,1,379.99,2019-05-27 16:00:00,"976 2nd St, New York City, NY 10001",May
197616,34in Ultrawide Monitor,1,379.99,2019-05-07 11:21:00,"489 Cedar St, San Francisco, CA 94016",May
198164,34in Ultrawide Monitor,1,379.99,2019-05-29 20:52:00,"985 South St, San Francisco, CA 94016",May
203357,34in Ultrawide Monitor,1,379.99,2019-05-21 10:07:00,"248 4th St, Portland, ME 04101",May
208654,34in Ultrawide Monitor,1,379.99,2019-05-07 12:04:00,"508 West St, San Francisco, CA 94016",May
195031,34in Ultrawide Monitor,1,379.99,2019-05-21 08:26:00,"323 Jackson St, Dallas, TX 75001",May
200875,34in Ultrawide Monitor,1,379.99,2019-05-01 17:33:00,"194 5th St, Los Angeles, CA 90001",May
201465,34in Ultrawide Monitor,1,379.99,2019-05-01 16:30:00,"616 Jackson St, Portland, OR 97035",May
202626,34in Ultrawide Monitor,1,379.99,2019-05-04 20:44:00,"24 14th St, Atlanta, GA 30301",May
206165,34in Ultrawide Monitor,1,379.99,2019-05-14 22:04:00,"66 Lincoln St, Los Angeles, CA 90001",May
202155,34in Ultrawide Monitor,1,379.99,2019-05-18 21:42:00,"400 10th St, Boston, MA 02215",May
206058,34in Ultrawide Monitor,1,379.99,2019-05-25 21:37:00,"402 Park St, Boston, MA 02215",May
209169,34in Ultrawide Monitor,1,379.99,2019-05-06 11:25:00,"309 Center St, New York City, NY 10001",May
204879,34in Ultrawide Monitor,1,379.99,2019-05-26 22:16:00,"836 Church St, Los Angeles, CA 90001",May
205300,34in Ultrawide Monitor,1,379.99,2019-05-31 09:07:00,"898 Ridge St, San Francisco, CA 94016",May
205482,34in Ultrawide Monitor,1,379.99,2019-05-06 22:50:00,"500 10th St, San Francisco, CA 94016",May
208794,34in Ultrawide Monitor,1,379.99,2019-05-08 07:38:00,"85 12th St, San Francisco, CA 94016",May
200967,34in Ultrawide Monitor,1,379.99,2019-05-09 17:59:00,"396 8th St, Portland, OR 97035",May
200560,34in Ultrawide Monitor,1,379.99,2019-05-03 18:17:00,"264 4th St, Boston, MA 02215",May
209112,34in Ultrawide Monitor,1,379.99,2019-05-15 00:53:00,"616 7th St, Boston, MA 02215",May
197987,34in Ultrawide Monitor,1,379.99,2019-05-21 17:07:00,"308 Spruce St, Boston, MA 02215",May
203821,34in Ultrawide Monitor,1,379.99,2019-05-19 00:21:00,"914 Main St, Dallas, TX 75001",May
205490,34in Ultrawide Monitor,1,379.99,2019-05-24 14:40:00,"967 South St, New York City, NY 10001",May
196607,34in Ultrawide Monitor,1,379.99,2019-05-15 17:48:00,"150 Lakeview St, Los Angeles, CA 90001",May
201099,34in Ultrawide Monitor,1,379.99,2019-05-03 06:52:00,"602 Lakeview St, Seattle, WA 98101",May
202712,34in Ultrawide Monitor,1,379.99,2019-05-18 11:48:00,"787 South St, Boston, MA 02215",May
203514,34in Ultrawide Monitor,1,379.99,2019-05-11 08:04:00,"281 Wilson St, Boston, MA 02215",May
207111,34in Ultrawide Monitor,1,379.99,2019-05-09 17:35:00,"11 10th St, Atlanta, GA 30301",May
207367,34in Ultrawide Monitor,1,379.99,2019-05-30 20:50:00,"392 Chestnut St, Dallas, TX 75001",May
201789,34in Ultrawide Monitor,1,379.99,2019-05-30 18:55:00,"805 Church St, Atlanta, GA 30301",May
202579,34in Ultrawide Monitor,1,379.99,2019-05-15 23:02:00,"492 4th St, New York City, NY 10001",May
209505,34in Ultrawide Monitor,1,379.99,2019-05-17 02:00:00,"568 9th St, Dallas, TX 75001",May
194643,34in Ultrawide Monitor,1,379.99,2019-05-08 01:03:00,"422 Church St, Seattle, WA 98101",May
203086,34in Ultrawide Monitor,1,379.99,2019-05-22 17:01:00,"567 Meadow St, San Francisco, CA 94016",May
194501,34in Ultrawide Monitor,1,379.99,2019-05-09 15:50:00,"1 Chestnut St, San Francisco, CA 94016",May
203196,34in Ultrawide Monitor,1,379.99,2019-05-19 01:02:00,"967 Adams St, New York City, NY 10001",May
204421,34in Ultrawide Monitor,1,379.99,2019-05-27 16:36:00,"810 Main St, Portland, OR 97035",May
205619,34in Ultrawide Monitor,1,379.99,2019-06-01 03:22:00,"627 Cherry St, New York City, NY 10001",June
196013,34in Ultrawide Monitor,1,379.99,2019-05-29 14:39:00,"186 Jefferson St, New York City, NY 10001",May
200333,34in Ultrawide Monitor,1,379.99,2019-05-23 11:59:00,"5 Adams St, Portland, OR 97035",May
201375,34in Ultrawide Monitor,1,379.99,2019-05-08 05:24:00,"587 14th St, San Francisco, CA 94016",May
204203,34in Ultrawide Monitor,1,379.99,2019-05-31 14:11:00,"178 Chestnut St, New York City, NY 10001",May
207683,34in Ultrawide Monitor,1,379.99,2019-05-03 21:44:00,"276 13th St, New York City, NY 10001",May
208183,34in Ultrawide Monitor,1,379.99,2019-05-02 07:08:00,"95 Forest St, San Francisco, CA 94016",May
195623,34in Ultrawide Monitor,1,379.99,2019-05-25 09:55:00,"83 10th St, New York City, NY 10001",May
199050,34in Ultrawide Monitor,1,379.99,2019-05-06 19:55:00,"176 Lincoln St, Boston, MA 02215",May
203683,34in Ultrawide Monitor,1,379.99,2019-05-29 13:17:00,"1 Lake St, Boston, MA 02215",May
205378,34in Ultrawide Monitor,1,379.99,2019-05-24 10:29:00,"974 South St, Austin, TX 73301",May
209322,34in Ultrawide Monitor,1,379.99,2019-05-17 15:28:00,"331 Wilson St, Los Angeles, CA 90001",May
210309,34in Ultrawide Monitor,1,379.99,2019-06-26 10:58:00,"676 Cedar St, Austin, TX 73301",June
216897,34in Ultrawide Monitor,1,379.99,2019-06-05 22:56:00,"504 Jackson St, Portland, OR 97035",June
211066,34in Ultrawide Monitor,1,379.99,2019-06-24 21:28:00,"788 South St, Boston, MA 02215",June
222770,34in Ultrawide Monitor,1,379.99,2019-06-27 14:55:00,"34 Sunset St, San Francisco, CA 94016",June
210281,34in Ultrawide Monitor,1,379.99,2019-06-02 20:09:00,"230 9th St, Dallas, TX 75001",June
211065,34in Ultrawide Monitor,1,379.99,2019-06-11 15:42:00,"556 Sunset St, San Francisco, CA 94016",June
211335,34in Ultrawide Monitor,1,379.99,2019-06-11 13:11:00,"506 2nd St, San Francisco, CA 94016",June
211734,34in Ultrawide Monitor,1,379.99,2019-06-09 18:27:00,"553 14th St, Portland, OR 97035",June
216233,34in Ultrawide Monitor,1,379.99,2019-06-01 17:20:00,"528 Cedar St, Boston, MA 02215",June
220641,34in Ultrawide Monitor,1,379.99,2019-06-27 20:51:00,"657 Hickory St, San Francisco, CA 94016",June
217415,34in Ultrawide Monitor,1,379.99,2019-06-29 21:29:00,"332 Maple St, New York City, NY 10001",June
217949,34in Ultrawide Monitor,1,379.99,2019-06-08 18:42:00,"300 Hill St, New York City, NY 10001",June
218881,34in Ultrawide Monitor,1,379.99,2019-06-01 07:40:00,"410 Elm St, San Francisco, CA 94016",June
210503,34in Ultrawide Monitor,1,379.99,2019-06-20 14:20:00,"897 Cedar St, Los Angeles, CA 90001",June
212446,34in Ultrawide Monitor,1,379.99,2019-06-27 12:16:00,"477 13th St, Boston, MA 02215",June
221207,34in Ultrawide Monitor,1,379.99,2019-06-28 10:51:00,"483 West St, Boston, MA 02215",June
211975,34in Ultrawide Monitor,1,379.99,2019-06-27 17:43:00,"36 Pine St, Boston, MA 02215",June
211736,34in Ultrawide Monitor,1,379.99,2019-06-23 20:01:00,"131 Maple St, New York City, NY 10001",June
215866,34in Ultrawide Monitor,1,379.99,2019-06-14 20:20:00,"496 Park St, Boston, MA 02215",June
219774,34in Ultrawide Monitor,1,379.99,2019-06-16 08:33:00,"332 9th St, San Francisco, CA 94016",June
220240,34in Ultrawide Monitor,1,379.99,2019-06-27 20:52:00,"266 Johnson St, San Francisco, CA 94016",June
215174,34in Ultrawide Monitor,1,379.99,2019-06-02 13:39:00,"477 11th St, San Francisco, CA 94016",June
214535,34in Ultrawide Monitor,1,379.99,2019-06-10 03:22:00,"408 5th St, Atlanta, GA 30301",June
215546,34in Ultrawide Monitor,1,379.99,2019-06-06 21:37:00,"385 5th St, New York City, NY 10001",June
218663,34in Ultrawide Monitor,1,379.99,2019-06-30 21:21:00,"849 Adams St, Atlanta, GA 30301",June
210235,34in Ultrawide Monitor,1,379.99,2019-06-18 15:14:00,"922 Ridge St, Boston, MA 02215",June
213289,34in Ultrawide Monitor,1,379.99,2019-06-19 22:33:00,"404 11th St, Seattle, WA 98101",June
216001,34in Ultrawide Monitor,1,379.99,2019-06-16 19:29:00,"66 West St, San Francisco, CA 94016",June
216602,34in Ultrawide Monitor,1,379.99,2019-06-09 21:23:00,"927 Center St, Boston, MA 02215",June
210820,34in Ultrawide Monitor,1,379.99,2019-06-23 21:21:00,"932 12th St, New York City, NY 10001",June
215996,34in Ultrawide Monitor,1,379.99,2019-06-09 14:52:00,"20 1st St, Boston, MA 02215",June
222075,34in Ultrawide Monitor,1,379.99,2019-06-02 22:50:00,"880 Johnson St, Atlanta, GA 30301",June
212115,34in Ultrawide Monitor,1,379.99,2019-06-18 21:12:00,"155 Forest St, San Francisco, CA 94016",June
213861,34in Ultrawide Monitor,1,379.99,2019-06-15 12:22:00,"705 Lake St, Seattle, WA 98101",June
212470,34in Ultrawide Monitor,1,379.99,2019-06-28 07:47:00,"609 7th St, New York City, NY 10001",June
218435,34in Ultrawide Monitor,1,379.99,2019-06-26 13:41:00,"382 North St, Dallas, TX 75001",June
213768,34in Ultrawide Monitor,1,379.99,2019-06-23 15:25:00,"858 Highland St, Atlanta, GA 30301",June
214284,34in Ultrawide Monitor,1,379.99,2019-06-26 10:51:00,"541 2nd St, Boston, MA 02215",June
218805,34in Ultrawide Monitor,1,379.99,2019-06-19 14:22:00,"619 Spruce St, Los Angeles, CA 90001",June
212335,34in Ultrawide Monitor,1,379.99,2019-06-16 17:15:00,"76 1st St, Dallas, TX 75001",June
213330,34in Ultrawide Monitor,1,379.99,2019-06-03 09:38:00,"60 North St, San Francisco, CA 94016",June
215491,34in Ultrawide Monitor,1,379.99,2019-06-25 15:23:00,"980 Madison St, San Francisco, CA 94016",June
216377,34in Ultrawide Monitor,1,379.99,2019-06-23 22:14:00,"322 Walnut St, Dallas, TX 75001",June
221502,34in Ultrawide Monitor,1,379.99,2019-06-22 15:19:00,"496 7th St, Los Angeles, CA 90001",June
221781,34in Ultrawide Monitor,1,379.99,2019-06-28 15:56:00,"521 Lincoln St, Los Angeles, CA 90001",June
213474,34in Ultrawide Monitor,1,379.99,2019-06-28 14:30:00,"109 Ridge St, Seattle, WA 98101",June
218357,34in Ultrawide Monitor,1,379.99,2019-06-03 12:37:00,"81 Johnson St, Seattle, WA 98101",June
220592,34in Ultrawide Monitor,1,379.99,2019-06-08 11:43:00,"513 Main St, San Francisco, CA 94016",June
213636,34in Ultrawide Monitor,1,379.99,2019-06-23 18:40:00,"401 Chestnut St, Atlanta, GA 30301",June
218371,34in Ultrawide Monitor,1,379.99,2019-06-18 10:48:00,"226 Church St, Austin, TX 73301",June
219869,34in Ultrawide Monitor,1,379.99,2019-06-13 11:50:00,"978 Wilson St, San Francisco, CA 94016",June
219920,34in Ultrawide Monitor,1,379.99,2019-06-06 09:17:00,"214 Maple St, New York City, NY 10001",June
211874,34in Ultrawide Monitor,1,379.99,2019-06-28 14:37:00,"420 Washington St, Boston, MA 02215",June
216162,34in Ultrawide Monitor,1,379.99,2019-06-23 09:49:00,"671 11th St, Los Angeles, CA 90001",June
210257,34in Ultrawide Monitor,1,379.99,2019-06-16 13:33:00,"302 Jefferson St, Boston, MA 02215",June
210436,34in Ultrawide Monitor,1,379.99,2019-06-14 12:35:00,"632 6th St, Los Angeles, CA 90001",June
211754,34in Ultrawide Monitor,1,379.99,2019-06-18 23:05:00,"775 8th St, San Francisco, CA 94016",June
217032,34in Ultrawide Monitor,1,379.99,2019-06-06 18:42:00,"208 9th St, San Francisco, CA 94016",June
213793,34in Ultrawide Monitor,1,379.99,2019-06-24 09:22:00,"173 Cherry St, San Francisco, CA 94016",June
216627,34in Ultrawide Monitor,1,379.99,2019-06-07 04:39:00,"489 Jackson St, New York City, NY 10001",June
218511,34in Ultrawide Monitor,1,379.99,2019-06-06 19:43:00,"294 Adams St, Seattle, WA 98101",June
219826,34in Ultrawide Monitor,1,379.99,2019-06-21 20:40:00,"386 Spruce St, Atlanta, GA 30301",June
211516,34in Ultrawide Monitor,1,379.99,2019-06-07 22:18:00,"100 5th St, San Francisco, CA 94016",June
220706,34in Ultrawide Monitor,1,379.99,2019-06-08 19:57:00,"146 Cherry St, Portland, OR 97035",June
211737,34in Ultrawide Monitor,1,379.99,2019-06-18 19:57:00,"434 Elm St, Los Angeles, CA 90001",June
214068,34in Ultrawide Monitor,1,379.99,2019-06-05 16:24:00,"255 Lincoln St, San Francisco, CA 94016",June
222596,34in Ultrawide Monitor,1,379.99,2019-06-05 14:41:00,"105 Jefferson St, Atlanta, GA 30301",June
221474,34in Ultrawide Monitor,1,379.99,2019-06-23 19:58:00,"158 Washington St, San Francisco, CA 94016",June
210754,34in Ultrawide Monitor,1,379.99,2019-06-15 18:15:00,"409 Lake St, Atlanta, GA 30301",June
221187,34in Ultrawide Monitor,1,379.99,2019-06-04 16:22:00,"108 4th St, San Francisco, CA 94016",June
221473,34in Ultrawide Monitor,1,379.99,2019-06-16 11:18:00,"127 Spruce St, New York City, NY 10001",June
218456,34in Ultrawide Monitor,1,379.99,2019-06-28 22:33:00,"1 Maple St, New York City, NY 10001",June
219233,34in Ultrawide Monitor,1,379.99,2019-06-29 20:03:00,"457 Madison St, Seattle, WA 98101",June
222591,34in Ultrawide Monitor,1,379.99,2019-06-08 08:37:00,"853 7th St, New York City, NY 10001",June
212654,34in Ultrawide Monitor,1,379.99,2019-06-19 09:12:00,"286 North St, New York City, NY 10001",June
226092,34in Ultrawide Monitor,1,379.99,2019-07-26 08:07:00,"702 Hill St, Dallas, TX 75001",July
228910,34in Ultrawide Monitor,1,379.99,2019-07-04 00:56:00,"858 14th St, Dallas, TX 75001",July
226903,34in Ultrawide Monitor,1,379.99,2019-07-21 09:44:00,"122 Maple St, New York City, NY 10001",July
231248,34in Ultrawide Monitor,1,379.99,2019-07-02 20:09:00,"906 Lakeview St, New York City, NY 10001",July
223927,34in Ultrawide Monitor,1,379.99,2019-07-06 15:47:00,"151 5th St, Los Angeles, CA 90001",July
230461,34in Ultrawide Monitor,1,379.99,2019-07-29 13:55:00,"805 West St, San Francisco, CA 94016",July
231230,34in Ultrawide Monitor,1,379.99,2019-07-23 13:21:00,"948 4th St, New York City, NY 10001",July
235480,34in Ultrawide Monitor,1,379.99,2019-07-30 14:09:00,"150 Lincoln St, San Francisco, CA 94016",July
236412,34in Ultrawide Monitor,1,379.99,2019-07-11 14:22:00,"816 13th St, San Francisco, CA 94016",July
227399,34in Ultrawide Monitor,1,379.99,2019-07-22 18:12:00,"126 Willow St, Los Angeles, CA 90001",July
228112,34in Ultrawide Monitor,1,379.99,2019-07-13 18:04:00,"372 Adams St, Dallas, TX 75001",July
235592,34in Ultrawide Monitor,1,379.99,2019-07-07 17:18:00,"489 Dogwood St, Atlanta, GA 30301",July
229375,34in Ultrawide Monitor,1,379.99,2019-07-23 21:10:00,"898 Lake St, New York City, NY 10001",July
225581,34in Ultrawide Monitor,1,379.99,2019-07-12 13:45:00,"168 13th St, Portland, OR 97035",July
231483,34in Ultrawide Monitor,1,379.99,2019-07-16 21:05:00,"222 12th St, Los Angeles, CA 90001",July
232210,34in Ultrawide Monitor,1,379.99,2019-07-01 20:52:00,"188 Hill St, San Francisco, CA 94016",July
227668,34in Ultrawide Monitor,1,379.99,2019-07-13 12:32:00,"177 10th St, Seattle, WA 98101",July
229327,34in Ultrawide Monitor,1,379.99,2019-07-10 09:54:00,"595 6th St, Atlanta, GA 30301",July
232043,34in Ultrawide Monitor,1,379.99,2019-07-30 14:08:00,"824 Forest St, New York City, NY 10001",July
233215,34in Ultrawide Monitor,1,379.99,2019-07-09 13:24:00,"513 Adams St, Atlanta, GA 30301",July
233312,34in Ultrawide Monitor,1,379.99,2019-07-10 19:48:00,"174 6th St, San Francisco, CA 94016",July
235226,34in Ultrawide Monitor,1,379.99,2019-07-19 21:38:00,"83 Willow St, New York City, NY 10001",July
235190,34in Ultrawide Monitor,1,379.99,2019-07-01 21:31:00,"697 Johnson St, Boston, MA 02215",July
224351,34in Ultrawide Monitor,1,379.99,2019-07-25 20:52:00,"729 North St, Atlanta, GA 30301",July
226690,34in Ultrawide Monitor,1,379.99,2019-07-09 14:12:00,"412 Hickory St, Portland, ME 04101",July
230285,34in Ultrawide Monitor,1,379.99,2019-07-18 14:53:00,"918 Jackson St, New York City, NY 10001",July
228232,34in Ultrawide Monitor,1,379.99,2019-07-22 15:04:00,"92 Madison St, Portland, OR 97035",July
226570,34in Ultrawide Monitor,1,379.99,2019-07-22 12:24:00,"149 Church St, Atlanta, GA 30301",July
229510,34in Ultrawide Monitor,1,379.99,2019-07-07 14:18:00,"96 Spruce St, Dallas, TX 75001",July
232103,34in Ultrawide Monitor,1,379.99,2019-07-24 12:09:00,"127 Washington St, Los Angeles, CA 90001",July
233705,34in Ultrawide Monitor,1,379.99,2019-07-05 06:07:00,"518 Dogwood St, Seattle, WA 98101",July
234889,34in Ultrawide Monitor,1,379.99,2019-07-15 12:58:00,"692 Spruce St, San Francisco, CA 94016",July
229669,34in Ultrawide Monitor,1,379.99,2019-07-18 12:45:00,"694 Wilson St, Seattle, WA 98101",July
228446,34in Ultrawide Monitor,1,379.99,2019-07-23 13:54:00,"708 13th St, Portland, OR 97035",July
236219,34in Ultrawide Monitor,1,379.99,2019-07-12 21:40:00,"817 Sunset St, Boston, MA 02215",July
235714,34in Ultrawide Monitor,1,379.99,2019-07-24 15:00:00,"149 5th St, Atlanta, GA 30301",July
236432,34in Ultrawide Monitor,1,379.99,2019-07-18 17:15:00,"75 12th St, Boston, MA 02215",July
234418,34in Ultrawide Monitor,1,379.99,2019-07-31 23:43:00,"552 Walnut St, Los Angeles, CA 90001",July
235128,34in Ultrawide Monitor,1,379.99,2019-07-01 20:10:00,"146 Hill St, Austin, TX 73301",July
235442,34in Ultrawide Monitor,1,379.99,2019-07-18 14:53:00,"498 Lincoln St, Atlanta, GA 30301",July
226506,34in Ultrawide Monitor,1,379.99,2019-07-15 22:38:00,"459 4th St, New York City, NY 10001",July
233080,34in Ultrawide Monitor,1,379.99,2019-07-10 22:23:00,"338 Park St, Atlanta, GA 30301",July
234688,34in Ultrawide Monitor,1,379.99,2019-07-14 21:26:00,"995 West St, Los Angeles, CA 90001",July
234726,34in Ultrawide Monitor,1,379.99,2019-07-25 10:08:00,"741 Elm St, Boston, MA 02215",July
223492,34in Ultrawide Monitor,1,379.99,2019-07-02 18:52:00,"326 Hickory St, Seattle, WA 98101",July
229204,34in Ultrawide Monitor,1,379.99,2019-07-04 23:39:00,"722 Hickory St, Boston, MA 02215",July
224462,34in Ultrawide Monitor,1,379.99,2019-07-28 19:45:00,"431 Cherry St, Dallas, TX 75001",July
225078,34in Ultrawide Monitor,1,379.99,2019-07-04 12:33:00,"736 14th St, Seattle, WA 98101",July
230517,34in Ultrawide Monitor,1,379.99,2019-07-14 08:21:00,"523 River St, Dallas, TX 75001",July
227548,34in Ultrawide Monitor,1,379.99,2019-07-16 23:09:00,"370 Church St, Austin, TX 73301",July
229325,34in Ultrawide Monitor,1,379.99,2019-07-17 23:04:00,"752 Sunset St, New York City, NY 10001",July
233541,34in Ultrawide Monitor,1,379.99,2019-07-14 15:35:00,"359 2nd St, Los Angeles, CA 90001",July
233629,34in Ultrawide Monitor,1,379.99,2019-07-10 11:57:00,"332 Center St, New York City, NY 10001",July
229544,34in Ultrawide Monitor,1,379.99,2019-07-09 09:36:00,"948 11th St, Boston, MA 02215",July
228665,34in Ultrawide Monitor,1,379.99,2019-07-06 13:51:00,"658 Maple St, San Francisco, CA 94016",July
230813,34in Ultrawide Monitor,1,379.99,2019-07-05 10:00:00,"466 West St, Boston, MA 02215",July
233320,34in Ultrawide Monitor,1,379.99,2019-07-17 20:48:00,"323 Main St, Los Angeles, CA 90001",July
236601,34in Ultrawide Monitor,1,379.99,2019-07-01 10:56:00,"27 Maple St, Los Angeles, CA 90001",July
225492,34in Ultrawide Monitor,1,379.99,2019-07-10 00:30:00,"821 Washington St, Portland, OR 97035",July
229954,34in Ultrawide Monitor,1,379.99,2019-07-14 13:18:00,"645 Center St, San Francisco, CA 94016",July
231309,34in Ultrawide Monitor,1,379.99,2019-07-09 18:18:00,"121 12th St, Seattle, WA 98101",July
234551,34in Ultrawide Monitor,1,379.99,2019-07-20 21:29:00,"36 Chestnut St, Austin, TX 73301",July
235144,34in Ultrawide Monitor,1,379.99,2019-07-21 15:29:00,"239 Johnson St, Atlanta, GA 30301",July
224921,34in Ultrawide Monitor,1,379.99,2019-07-19 21:33:00,"548 Church St, New York City, NY 10001",July
225738,34in Ultrawide Monitor,1,379.99,2019-07-11 18:58:00,"349 Lake St, San Francisco, CA 94016",July
231012,34in Ultrawide Monitor,1,379.99,2019-07-08 09:43:00,"43 Lincoln St, New York City, NY 10001",July
234189,34in Ultrawide Monitor,1,379.99,2019-07-24 07:00:00,"171 River St, San Francisco, CA 94016",July
224461,34in Ultrawide Monitor,1,379.99,2019-07-02 17:07:00,"924 River St, Seattle, WA 98101",July
225429,34in Ultrawide Monitor,1,379.99,2019-07-28 12:04:00,"378 Cedar St, San Francisco, CA 94016",July
229258,34in Ultrawide Monitor,1,379.99,2019-07-25 09:08:00,"837 River St, San Francisco, CA 94016",July
230204,34in Ultrawide Monitor,1,379.99,2019-07-31 15:52:00,"871 Main St, San Francisco, CA 94016",July
234010,34in Ultrawide Monitor,1,379.99,2019-07-07 10:58:00,"561 12th St, New York City, NY 10001",July
235748,34in Ultrawide Monitor,1,379.99,2019-07-23 21:56:00,"685 Elm St, Atlanta, GA 30301",July
223412,34in Ultrawide Monitor,1,379.99,2019-07-01 22:04:00,"353 13th St, Boston, MA 02215",July
233149,34in Ultrawide Monitor,1,379.99,2019-07-10 19:04:00,"434 Center St, San Francisco, CA 94016",July
223391,34in Ultrawide Monitor,1,379.99,2019-07-27 13:27:00,"194 Lincoln St, Boston, MA 02215",July
225410,34in Ultrawide Monitor,1,379.99,2019-07-06 14:40:00,"594 Dogwood St, Los Angeles, CA 90001",July
235788,34in Ultrawide Monitor,1,379.99,2019-07-25 19:01:00,"129 River St, San Francisco, CA 94016",July
237469,34in Ultrawide Monitor,1,379.99,2019-08-13 16:56:00,"752 Jackson St, Los Angeles, CA 90001",August
242257,34in Ultrawide Monitor,1,379.99,2019-08-06 13:54:00,"840 Lincoln St, New York City, NY 10001",August
246799,34in Ultrawide Monitor,1,379.99,2019-08-07 00:21:00,"972 11th St, New York City, NY 10001",August
241484,34in Ultrawide Monitor,1,379.99,2019-08-20 11:01:00,"644 Main St, Los Angeles, CA 90001",August
239766,34in Ultrawide Monitor,1,379.99,2019-08-05 10:31:00,"629 Ridge St, Boston, MA 02215",August
243562,34in Ultrawide Monitor,1,379.99,2019-08-10 16:30:00,"879 14th St, Boston, MA 02215",August
239174,34in Ultrawide Monitor,1,379.99,2019-08-21 09:13:00,"182 North St, Dallas, TX 75001",August
242654,34in Ultrawide Monitor,1,379.99,2019-08-08 20:23:00,"433 1st St, San Francisco, CA 94016",August
247513,34in Ultrawide Monitor,1,379.99,2019-08-27 00:28:00,"976 Elm St, New York City, NY 10001",August
239706,34in Ultrawide Monitor,1,379.99,2019-08-29 13:36:00,"616 Hill St, Los Angeles, CA 90001",August
243115,34in Ultrawide Monitor,1,379.99,2019-08-23 12:04:00,"65 West St, San Francisco, CA 94016",August
239925,34in Ultrawide Monitor,1,379.99,2019-08-13 15:26:00,"856 Sunset St, Boston, MA 02215",August
241506,34in Ultrawide Monitor,1,379.99,2019-08-09 13:39:00,"752 Hill St, Boston, MA 02215",August
242221,34in Ultrawide Monitor,1,379.99,2019-08-24 19:25:00,"618 5th St, Dallas, TX 75001",August
242283,34in Ultrawide Monitor,1,379.99,2019-08-06 17:23:00,"282 North St, New York City, NY 10001",August
244710,34in Ultrawide Monitor,1,379.99,2019-08-30 09:56:00,"128 South St, Austin, TX 73301",August
237085,34in Ultrawide Monitor,1,379.99,2019-08-26 17:58:00,"475 Lake St, San Francisco, CA 94016",August
239705,34in Ultrawide Monitor,1,379.99,2019-08-17 14:25:00,"345 Center St, San Francisco, CA 94016",August
239993,34in Ultrawide Monitor,1,379.99,2019-08-10 01:36:00,"653 Chestnut St, New York City, NY 10001",August
242423,34in Ultrawide Monitor,1,379.99,2019-08-14 12:40:00,"436 Wilson St, Los Angeles, CA 90001",August
243046,34in Ultrawide Monitor,1,379.99,2019-08-24 12:11:00,"430 Sunset St, Boston, MA 02215",August
243924,34in Ultrawide Monitor,1,379.99,2019-08-30 18:43:00,"692 Hickory St, Boston, MA 02215",August
246409,34in Ultrawide Monitor,1,379.99,2019-08-06 11:03:00,"224 Highland St, Portland, OR 97035",August
238238,34in Ultrawide Monitor,1,379.99,2019-08-05 20:25:00,"327 Dogwood St, San Francisco, CA 94016",August
238693,34in Ultrawide Monitor,1,379.99,2019-08-18 20:55:00,"795 Jackson St, Atlanta, GA 30301",August
236955,34in Ultrawide Monitor,1,379.99,2019-08-03 13:15:00,"833 River St, Los Angeles, CA 90001",August
237231,34in Ultrawide Monitor,1,379.99,2019-08-27 12:05:00,"635 Willow St, Boston, MA 02215",August
247196,34in Ultrawide Monitor,1,379.99,2019-08-25 18:37:00,"822 1st St, Dallas, TX 75001",August
247534,34in Ultrawide Monitor,1,379.99,2019-08-15 06:53:00,"315 5th St, Atlanta, GA 30301",August
238783,34in Ultrawide Monitor,1,379.99,2019-08-29 14:41:00,"27 Pine St, New York City, NY 10001",August
239279,34in Ultrawide Monitor,1,379.99,2019-08-01 15:59:00,"700 River St, Boston, MA 02215",August
242685,34in Ultrawide Monitor,1,379.99,2019-08-14 15:24:00,"343 10th St, Dallas, TX 75001",August
248067,34in Ultrawide Monitor,1,379.99,2019-08-03 20:10:00,"830 Dogwood St, Seattle, WA 98101",August
241699,34in Ultrawide Monitor,1,379.99,2019-08-01 20:50:00,"531 Elm St, San Francisco, CA 94016",August
243179,34in Ultrawide Monitor,1,379.99,2019-08-08 07:34:00,"602 Forest St, New York City, NY 10001",August
243415,34in Ultrawide Monitor,1,379.99,2019-08-26 23:20:00,"558 4th St, Dallas, TX 75001",August
240081,34in Ultrawide Monitor,1,379.99,2019-08-06 20:05:00,"683 13th St, San Francisco, CA 94016",August
237102,34in Ultrawide Monitor,1,379.99,2019-08-31 17:28:00,"372 Forest St, Atlanta, GA 30301",August
239089,34in Ultrawide Monitor,1,379.99,2019-08-02 14:18:00,"425 8th St, Los Angeles, CA 90001",August
244067,34in Ultrawide Monitor,1,379.99,2019-08-07 18:02:00,"367 Center St, Boston, MA 02215",August
244962,34in Ultrawide Monitor,1,379.99,2019-08-13 00:00:00,"636 Washington St, Austin, TX 73301",August
244876,34in Ultrawide Monitor,1,379.99,2019-08-21 16:15:00,"358 Center St, San Francisco, CA 94016",August
247512,34in Ultrawide Monitor,1,379.99,2019-08-13 21:15:00,"156 4th St, Atlanta, GA 30301",August
246693,34in Ultrawide Monitor,1,379.99,2019-08-12 08:39:00,"114 Washington St, New York City, NY 10001",August
238169,34in Ultrawide Monitor,1,379.99,2019-08-23 00:32:00,"417 8th St, San Francisco, CA 94016",August
244884,34in Ultrawide Monitor,1,379.99,2019-08-10 19:30:00,"493 Elm St, Dallas, TX 75001",August
245863,34in Ultrawide Monitor,1,379.99,2019-08-08 20:11:00,"403 Park St, San Francisco, CA 94016",August
246586,34in Ultrawide Monitor,1,379.99,2019-08-19 10:35:00,"742 Highland St, Los Angeles, CA 90001",August
244533,34in Ultrawide Monitor,1,379.99,2019-08-17 11:52:00,"406 Highland St, San Francisco, CA 94016",August
239544,34in Ultrawide Monitor,1,379.99,2019-08-02 13:10:00,"801 5th St, San Francisco, CA 94016",August
239622,34in Ultrawide Monitor,1,379.99,2019-08-02 13:56:00,"700 Meadow St, Boston, MA 02215",August
247657,34in Ultrawide Monitor,1,379.99,2019-08-22 09:23:00,"993 Ridge St, Los Angeles, CA 90001",August
237205,34in Ultrawide Monitor,1,379.99,2019-08-22 13:45:00,"716 Hill St, Los Angeles, CA 90001",August
243137,34in Ultrawide Monitor,1,379.99,2019-08-02 23:01:00,"336 Jackson St, Los Angeles, CA 90001",August
237934,34in Ultrawide Monitor,1,379.99,2019-08-19 22:58:00,"955 Lakeview St, Seattle, WA 98101",August
241886,34in Ultrawide Monitor,1,379.99,2019-08-23 20:28:00,"951 Cedar St, Atlanta, GA 30301",August
240034,34in Ultrawide Monitor,1,379.99,2019-08-07 16:04:00,"259 South St, San Francisco, CA 94016",August
242772,34in Ultrawide Monitor,1,379.99,2019-08-07 08:03:00,"426 Dogwood St, Seattle, WA 98101",August
239438,34in Ultrawide Monitor,1,379.99,2019-08-17 12:23:00,"10 North St, San Francisco, CA 94016",August
238577,34in Ultrawide Monitor,1,379.99,2019-08-02 18:31:00,"272 Elm St, Portland, ME 04101",August
241236,34in Ultrawide Monitor,1,379.99,2019-08-01 17:08:00,"657 Hill St, Boston, MA 02215",August
241969,34in Ultrawide Monitor,1,379.99,2019-08-06 08:44:00,"471 Church St, San Francisco, CA 94016",August
245838,34in Ultrawide Monitor,1,379.99,2019-08-08 09:22:00,"771 9th St, San Francisco, CA 94016",August
238179,34in Ultrawide Monitor,1,379.99,2019-08-13 08:47:00,"598 Ridge St, Austin, TX 73301",August
238954,34in Ultrawide Monitor,1,379.99,2019-08-01 10:20:00,"282 West St, Boston, MA 02215",August
243621,34in Ultrawide Monitor,1,379.99,2019-08-18 19:11:00,"380 13th St, San Francisco, CA 94016",August
247868,34in Ultrawide Monitor,1,379.99,2019-08-19 07:39:00,"151 Willow St, New York City, NY 10001",August
254289,34in Ultrawide Monitor,1,379.99,2019-09-01 16:39:00,"132 Forest St, New York City, NY 10001",September
255919,34in Ultrawide Monitor,1,379.99,2019-09-28 14:22:00,"948 Park St, New York City, NY 10001",September
256453,34in Ultrawide Monitor,1,379.99,2019-09-29 19:31:00,"551 Chestnut St, Seattle, WA 98101",September
251635,34in Ultrawide Monitor,1,379.99,2019-09-19 15:11:00,"582 Ridge St, Atlanta, GA 30301",September
253332,34in Ultrawide Monitor,1,379.99,2019-09-07 10:35:00,"356 Maple St, Atlanta, GA 30301",September
253968,34in Ultrawide Monitor,1,379.99,2019-09-11 16:55:00,"63 8th St, Boston, MA 02215",September
252863,34in Ultrawide Monitor,1,379.99,2019-09-16 21:17:00,"55 1st St, San Francisco, CA 94016",September
256898,34in Ultrawide Monitor,1,379.99,2019-09-12 13:58:00,"891 Jackson St, Atlanta, GA 30301",September
258495,34in Ultrawide Monitor,1,379.99,2019-09-12 17:37:00,"152 Center St, New York City, NY 10001",September
253682,34in Ultrawide Monitor,1,379.99,2019-09-27 10:11:00,"963 Main St, San Francisco, CA 94016",September
257387,34in Ultrawide Monitor,1,379.99,2019-09-16 14:05:00,"729 11th St, Los Angeles, CA 90001",September
258991,34in Ultrawide Monitor,1,379.99,2019-09-19 17:18:00,"625 Adams St, New York City, NY 10001",September
251847,34in Ultrawide Monitor,1,379.99,2019-09-23 23:05:00,"199 Hill St, Boston, MA 02215",September
253526,34in Ultrawide Monitor,1,379.99,2019-09-12 11:46:00,"248 Cherry St, Los Angeles, CA 90001",September
258985,34in Ultrawide Monitor,1,379.99,2019-09-30 07:29:00,"934 10th St, New York City, NY 10001",September
252845,34in Ultrawide Monitor,1,379.99,2019-09-17 21:50:00,"899 Johnson St, Los Angeles, CA 90001",September
254331,34in Ultrawide Monitor,1,379.99,2019-09-22 19:02:00,"591 Johnson St, Dallas, TX 75001",September
251232,34in Ultrawide Monitor,1,379.99,2019-09-15 19:17:00,"513 Maple St, Austin, TX 73301",September
254246,34in Ultrawide Monitor,1,379.99,2019-09-21 14:19:00,"332 Center St, Boston, MA 02215",September
255895,34in Ultrawide Monitor,1,379.99,2019-09-07 15:59:00,"8 8th St, San Francisco, CA 94016",September
252896,34in Ultrawide Monitor,1,379.99,2019-09-11 14:54:00,"661 Spruce St, Boston, MA 02215",September
251161,34in Ultrawide Monitor,1,379.99,2019-09-13 22:56:00,"438 Sunset St, Boston, MA 02215",September
250452,34in Ultrawide Monitor,1,379.99,2019-09-22 22:11:00,"866 Dogwood St, San Francisco, CA 94016",September
256129,34in Ultrawide Monitor,1,379.99,2019-09-02 07:14:00,"545 Meadow St, Los Angeles, CA 90001",September
256508,34in Ultrawide Monitor,1,379.99,2019-09-24 16:16:00,"165 Chestnut St, Atlanta, GA 30301",September
256067,34in Ultrawide Monitor,1,379.99,2019-09-15 06:45:00,"806 Meadow St, San Francisco, CA 94016",September
257112,34in Ultrawide Monitor,1,379.99,2019-09-28 21:24:00,"869 1st St, Portland, OR 97035",September
256240,34in Ultrawide Monitor,1,379.99,2019-09-09 01:15:00,"424 12th St, Portland, OR 97035",September
257841,34in Ultrawide Monitor,1,379.99,2019-09-04 18:38:00,"43 Forest St, Seattle, WA 98101",September
250777,34in Ultrawide Monitor,1,379.99,2019-09-21 12:31:00,"774 Spruce St, Seattle, WA 98101",September
251596,34in Ultrawide Monitor,1,379.99,2019-09-16 12:31:00,"796 Ridge St, Los Angeles, CA 90001",September
255848,34in Ultrawide Monitor,1,379.99,2019-09-10 22:33:00,"596 West St, Seattle, WA 98101",September
258574,34in Ultrawide Monitor,1,379.99,2019-09-26 21:57:00,"889 Madison St, San Francisco, CA 94016",September
248327,34in Ultrawide Monitor,1,379.99,2019-09-14 12:05:00,"52 13th St, San Francisco, CA 94016",September
251925,34in Ultrawide Monitor,1,379.99,2019-09-17 08:17:00,"241 Sunset St, New York City, NY 10001",September
256918,34in Ultrawide Monitor,1,379.99,2019-09-29 20:44:00,"964 Park St, San Francisco, CA 94016",September
259176,34in Ultrawide Monitor,1,379.99,2019-09-22 20:32:00,"840 2nd St, Portland, OR 97035",September
257357,34in Ultrawide Monitor,1,379.99,2019-09-29 13:57:00,"113 Cedar St, Los Angeles, CA 90001",September
248535,34in Ultrawide Monitor,1,379.99,2019-09-30 14:25:00,"585 Elm St, San Francisco, CA 94016",September
250103,34in Ultrawide Monitor,1,379.99,2019-09-23 14:47:00,"290 Elm St, New York City, NY 10001",September
253839,34in Ultrawide Monitor,1,379.99,2019-09-05 13:14:00,"466 Ridge St, Seattle, WA 98101",September
251032,34in Ultrawide Monitor,1,379.99,2019-09-15 11:10:00,"172 Highland St, Portland, OR 97035",September
251960,34in Ultrawide Monitor,1,379.99,2019-09-24 20:34:00,"212 Willow St, Los Angeles, CA 90001",September
254527,34in Ultrawide Monitor,1,379.99,2019-09-28 05:27:00,"421 Ridge St, New York City, NY 10001",September
256428,34in Ultrawide Monitor,1,379.99,2019-09-01 19:43:00,"145 7th St, Los Angeles, CA 90001",September
248444,34in Ultrawide Monitor,1,379.99,2019-09-02 18:14:00,"779 14th St, New York City, NY 10001",September
251265,34in Ultrawide Monitor,1,379.99,2019-09-16 08:21:00,"639 Spruce St, San Francisco, CA 94016",September
252126,34in Ultrawide Monitor,1,379.99,2019-09-09 03:15:00,"431 Hill St, San Francisco, CA 94016",September
253048,34in Ultrawide Monitor,1,379.99,2019-09-12 16:47:00,"29 North St, Boston, MA 02215",September
256051,34in Ultrawide Monitor,1,379.99,2019-09-21 19:29:00,"145 Church St, Seattle, WA 98101",September
252192,34in Ultrawide Monitor,1,379.99,2019-09-29 09:58:00,"377 Cherry St, San Francisco, CA 94016",September
254752,34in Ultrawide Monitor,1,379.99,2019-09-10 10:23:00,"328 10th St, Los Angeles, CA 90001",September
248185,34in Ultrawide Monitor,1,379.99,2019-09-17 15:10:00,"967 Center St, New York City, NY 10001",September
251106,34in Ultrawide Monitor,1,379.99,2019-09-25 20:09:00,"407 Jackson St, Boston, MA 02215",September
256667,34in Ultrawide Monitor,1,379.99,2019-09-22 16:41:00,"259 7th St, San Francisco, CA 94016",September
248929,34in Ultrawide Monitor,1,379.99,2019-09-28 09:12:00,"58 Sunset St, Los Angeles, CA 90001",September
249929,34in Ultrawide Monitor,1,379.99,2019-09-10 17:00:00,"677 Cedar St, Los Angeles, CA 90001",September
251058,34in Ultrawide Monitor,1,379.99,2019-09-26 12:46:00,"90 11th St, Seattle, WA 98101",September
257746,34in Ultrawide Monitor,1,379.99,2019-09-16 21:28:00,"913 Adams St, San Francisco, CA 94016",September
250833,34in Ultrawide Monitor,1,379.99,2019-09-17 23:56:00,"869 Adams St, Los Angeles, CA 90001",September
255185,34in Ultrawide Monitor,1,379.99,2019-09-03 16:21:00,"821 Jackson St, Los Angeles, CA 90001",September
257601,34in Ultrawide Monitor,1,379.99,2019-09-07 18:48:00,"587 12th St, Austin, TX 73301",September
249694,34in Ultrawide Monitor,1,379.99,2019-09-14 08:40:00,"509 2nd St, San Francisco, CA 94016",September
251092,34in Ultrawide Monitor,1,379.99,2019-09-15 09:18:00,"985 South St, New York City, NY 10001",September
254890,34in Ultrawide Monitor,1,379.99,2019-09-10 15:19:00,"56 2nd St, Los Angeles, CA 90001",September
255351,34in Ultrawide Monitor,1,379.99,2019-09-30 12:14:00,"533 2nd St, Dallas, TX 75001",September
250982,34in Ultrawide Monitor,1,379.99,2019-09-02 22:08:00,"655 Cedar St, Boston, MA 02215",September
252541,34in Ultrawide Monitor,1,379.99,2019-09-22 15:42:00,"341 12th St, Los Angeles, CA 90001",September
254519,34in Ultrawide Monitor,1,379.99,2019-09-04 06:53:00,"488 Church St, Boston, MA 02215",September
255892,34in Ultrawide Monitor,1,379.99,2019-09-20 14:45:00,"614 11th St, Dallas, TX 75001",September
265355,34in Ultrawide Monitor,1,379.99,2019-10-17 14:23:00,"330 Chestnut St, New York City, NY 10001",October
267421,34in Ultrawide Monitor,1,379.99,2019-10-04 11:49:00,"312 Wilson St, New York City, NY 10001",October
270868,34in Ultrawide Monitor,1,379.99,2019-10-19 18:52:00,"330 Jefferson St, New York City, NY 10001",October
272173,34in Ultrawide Monitor,1,379.99,2019-10-09 18:54:00,"390 South St, San Francisco, CA 94016",October
276718,34in Ultrawide Monitor,1,379.99,2019-10-13 18:00:00,"248 Ridge St, Atlanta, GA 30301",October
270761,34in Ultrawide Monitor,1,379.99,2019-10-28 11:55:00,"546 Jackson St, Portland, ME 04101",October
261127,34in Ultrawide Monitor,1,379.99,2019-11-01 01:49:00,"917 Madison St, Seattle, WA 98101",November
266498,34in Ultrawide Monitor,1,379.99,2019-10-30 07:04:00,"185 Lake St, Los Angeles, CA 90001",October
271287,34in Ultrawide Monitor,1,379.99,2019-10-16 20:42:00,"791 Main St, Los Angeles, CA 90001",October
276900,34in Ultrawide Monitor,1,379.99,2019-10-30 00:42:00,"407 South St, Atlanta, GA 30301",October
277283,34in Ultrawide Monitor,1,379.99,2019-10-16 20:29:00,"498 Forest St, Portland, ME 04101",October
267813,34in Ultrawide Monitor,1,379.99,2019-10-13 13:28:00,"384 Walnut St, New York City, NY 10001",October
261588,34in Ultrawide Monitor,1,379.99,2019-10-16 17:10:00,"887 Lake St, Boston, MA 02215",October
262362,34in Ultrawide Monitor,1,379.99,2019-10-23 11:40:00,"135 North St, Boston, MA 02215",October
270974,34in Ultrawide Monitor,1,379.99,2019-10-11 16:27:00,"277 Church St, Atlanta, GA 30301",October
265094,34in Ultrawide Monitor,1,379.99,2019-10-22 21:38:00,"205 Adams St, San Francisco, CA 94016",October
268932,34in Ultrawide Monitor,1,379.99,2019-10-15 00:10:00,"46 Meadow St, Seattle, WA 98101",October
272879,34in Ultrawide Monitor,1,379.99,2019-10-26 10:24:00,"769 Cedar St, San Francisco, CA 94016",October
260984,34in Ultrawide Monitor,1,379.99,2019-10-10 21:34:00,"879 8th St, Seattle, WA 98101",October
265385,34in Ultrawide Monitor,1,379.99,2019-10-18 21:50:00,"105 Cedar St, San Francisco, CA 94016",October
265586,34in Ultrawide Monitor,1,379.99,2019-10-08 11:57:00,"576 Adams St, Dallas, TX 75001",October
270820,34in Ultrawide Monitor,1,379.99,2019-10-10 15:11:00,"290 Jackson St, San Francisco, CA 94016",October
278652,34in Ultrawide Monitor,1,379.99,2019-10-25 09:23:00,"897 Maple St, Dallas, TX 75001",October
260464,34in Ultrawide Monitor,1,379.99,2019-10-02 12:55:00,"92 Jefferson St, Seattle, WA 98101",October
261077,34in Ultrawide Monitor,1,379.99,2019-10-24 13:28:00,"807 Lincoln St, New York City, NY 10001",October
267949,34in Ultrawide Monitor,1,379.99,2019-10-14 15:47:00,"295 Lakeview St, Los Angeles, CA 90001",October
274569,34in Ultrawide Monitor,1,379.99,2019-10-15 21:58:00,"879 Park St, San Francisco, CA 94016",October
260586,34in Ultrawide Monitor,1,379.99,2019-10-14 08:33:00,"873 Elm St, Boston, MA 02215",October
271945,34in Ultrawide Monitor,1,379.99,2019-10-26 20:39:00,"468 Center St, Portland, ME 04101",October
270426,34in Ultrawide Monitor,1,379.99,2019-10-24 13:30:00,"626 Hill St, San Francisco, CA 94016",October
273790,34in Ultrawide Monitor,1,379.99,2019-10-06 17:36:00,"686 Ridge St, San Francisco, CA 94016",October
277224,34in Ultrawide Monitor,1,379.99,2019-10-18 16:45:00,"491 Dogwood St, San Francisco, CA 94016",October
278606,34in Ultrawide Monitor,1,379.99,2019-10-19 00:53:00,"980 Park St, Los Angeles, CA 90001",October
261788,34in Ultrawide Monitor,1,379.99,2019-10-26 13:27:00,"879 Highland St, Seattle, WA 98101",October
266938,34in Ultrawide Monitor,1,379.99,2019-10-20 08:52:00,"28 1st St, Los Angeles, CA 90001",October
273486,34in Ultrawide Monitor,1,379.99,2019-10-26 13:26:00,"599 1st St, Los Angeles, CA 90001",October
277708,34in Ultrawide Monitor,1,379.99,2019-10-05 18:45:00,"146 Spruce St, Los Angeles, CA 90001",October
275212,34in Ultrawide Monitor,1,379.99,2019-10-12 23:59:00,"68 Walnut St, New York City, NY 10001",October
275786,34in Ultrawide Monitor,1,379.99,2019-10-23 13:04:00,"872 Pine St, Portland, OR 97035",October
261515,34in Ultrawide Monitor,1,379.99,2019-10-01 16:39:00,"51 Lakeview St, Los Angeles, CA 90001",October
262893,34in Ultrawide Monitor,1,379.99,2019-10-08 22:33:00,"227 Forest St, Boston, MA 02215",October
263949,34in Ultrawide Monitor,1,379.99,2019-10-22 18:18:00,"317 10th St, Atlanta, GA 30301",October
270511,34in Ultrawide Monitor,1,379.99,2019-10-31 18:10:00,"659 5th St, Portland, OR 97035",October
276166,34in Ultrawide Monitor,1,379.99,2019-10-29 12:35:00,"394 Main St, Los Angeles, CA 90001",October
278758,34in Ultrawide Monitor,1,379.99,2019-10-13 18:39:00,"804 Willow St, Seattle, WA 98101",October
264144,34in Ultrawide Monitor,1,379.99,2019-10-14 19:05:00,"815 River St, New York City, NY 10001",October
265755,34in Ultrawide Monitor,1,379.99,2019-10-26 20:18:00,"367 Hill St, New York City, NY 10001",October
266738,34in Ultrawide Monitor,1,379.99,2019-10-02 18:17:00,"822 Walnut St, Boston, MA 02215",October
271753,34in Ultrawide Monitor,1,379.99,2019-10-22 13:11:00,"139 4th St, Atlanta, GA 30301",October
261876,34in Ultrawide Monitor,1,379.99,2019-10-21 10:43:00,"382 Sunset St, San Francisco, CA 94016",October
265147,34in Ultrawide Monitor,1,379.99,2019-10-06 19:27:00,"791 Adams St, Portland, ME 04101",October
268047,34in Ultrawide Monitor,1,379.99,2019-10-18 06:36:00,"196 Pine St, Austin, TX 73301",October
273280,34in Ultrawide Monitor,1,379.99,2019-10-20 19:26:00,"563 Elm St, Seattle, WA 98101",October
278476,34in Ultrawide Monitor,1,379.99,2019-10-10 13:36:00,"403 7th St, San Francisco, CA 94016",October
274357,34in Ultrawide Monitor,1,379.99,2019-10-29 21:44:00,"267 Cedar St, Boston, MA 02215",October
277321,34in Ultrawide Monitor,1,379.99,2019-10-10 10:58:00,"109 14th St, Los Angeles, CA 90001",October
259901,34in Ultrawide Monitor,1,379.99,2019-10-07 14:41:00,"917 Spruce St, San Francisco, CA 94016",October
273779,34in Ultrawide Monitor,1,379.99,2019-10-22 00:59:00,"827 10th St, Los Angeles, CA 90001",October
278537,34in Ultrawide Monitor,1,379.99,2019-10-19 12:31:00,"413 14th St, Dallas, TX 75001",October
260200,34in Ultrawide Monitor,1,379.99,2019-10-12 19:19:00,"40 Ridge St, Los Angeles, CA 90001",October
277761,34in Ultrawide Monitor,1,379.99,2019-10-14 20:17:00,"346 Lincoln St, New York City, NY 10001",October
277833,34in Ultrawide Monitor,1,379.99,2019-10-07 13:37:00,"933 Hickory St, Dallas, TX 75001",October
268218,34in Ultrawide Monitor,1,379.99,2019-10-21 10:18:00,"802 Wilson St, San Francisco, CA 94016",October
275800,34in Ultrawide Monitor,1,379.99,2019-10-10 00:59:00,"414 13th St, Dallas, TX 75001",October
259780,34in Ultrawide Monitor,1,379.99,2019-10-06 14:02:00,"148 West St, San Francisco, CA 94016",October
260110,34in Ultrawide Monitor,1,379.99,2019-10-17 20:32:00,"472 River St, San Francisco, CA 94016",October
263333,34in Ultrawide Monitor,1,379.99,2019-10-30 21:39:00,"525 Meadow St, San Francisco, CA 94016",October
273574,34in Ultrawide Monitor,1,379.99,2019-10-29 08:12:00,"946 12th St, San Francisco, CA 94016",October
268096,34in Ultrawide Monitor,1,379.99,2019-10-01 10:29:00,"384 Chestnut St, Boston, MA 02215",October
272379,34in Ultrawide Monitor,1,379.99,2019-10-25 11:48:00,"463 Ridge St, Austin, TX 73301",October
276230,34in Ultrawide Monitor,1,379.99,2019-10-02 20:18:00,"222 14th St, New York City, NY 10001",October
260625,34in Ultrawide Monitor,1,379.99,2019-10-10 21:18:00,"24 River St, Dallas, TX 75001",October
264473,34in Ultrawide Monitor,1,379.99,2019-10-25 13:05:00,"493 1st St, Boston, MA 02215",October
271181,34in Ultrawide Monitor,1,379.99,2019-10-16 18:19:00,"465 Church St, Seattle, WA 98101",October
272473,34in Ultrawide Monitor,1,379.99,2019-10-22 12:15:00,"574 Pine St, San Francisco, CA 94016",October
274330,34in Ultrawide Monitor,1,379.99,2019-10-20 11:05:00,"752 Church St, Atlanta, GA 30301",October
276594,34in Ultrawide Monitor,1,379.99,2019-10-13 23:10:00,"535 Washington St, New York City, NY 10001",October
260397,34in Ultrawide Monitor,1,379.99,2019-10-18 00:45:00,"11 1st St, Dallas, TX 75001",October
262401,34in Ultrawide Monitor,1,379.99,2019-10-27 22:15:00,"986 Spruce St, Austin, TX 73301",October
270459,34in Ultrawide Monitor,1,379.99,2019-10-02 15:05:00,"559 South St, Seattle, WA 98101",October
278512,34in Ultrawide Monitor,1,379.99,2019-10-08 18:41:00,"924 Spruce St, Seattle, WA 98101",October
260423,34in Ultrawide Monitor,1,379.99,2019-10-02 10:12:00,"419 Church St, Los Angeles, CA 90001",October
262758,34in Ultrawide Monitor,1,379.99,2019-10-05 10:26:00,"226 Pine St, San Francisco, CA 94016",October
263230,34in Ultrawide Monitor,1,379.99,2019-10-24 00:48:00,"97 Chestnut St, San Francisco, CA 94016",October
266500,34in Ultrawide Monitor,1,379.99,2019-10-06 20:35:00,"551 1st St, Boston, MA 02215",October
272466,34in Ultrawide Monitor,1,379.99,2019-10-10 11:51:00,"137 Cherry St, Seattle, WA 98101",October
274799,34in Ultrawide Monitor,1,379.99,2019-10-31 11:15:00,"785 Jackson St, San Francisco, CA 94016",October
277883,34in Ultrawide Monitor,1,379.99,2019-10-01 16:32:00,"247 7th St, Austin, TX 73301",October
278632,34in Ultrawide Monitor,1,379.99,2019-10-04 19:58:00,"820 Hickory St, Seattle, WA 98101",October
260176,34in Ultrawide Monitor,1,379.99,2019-10-20 22:37:00,"209 West St, San Francisco, CA 94016",October
261016,34in Ultrawide Monitor,1,379.99,2019-10-17 21:01:00,"442 Elm St, Los Angeles, CA 90001",October
261733,34in Ultrawide Monitor,1,379.99,2019-10-10 17:43:00,"874 4th St, San Francisco, CA 94016",October
266004,34in Ultrawide Monitor,1,379.99,2019-10-02 21:33:00,"313 Forest St, New York City, NY 10001",October
278704,34in Ultrawide Monitor,1,379.99,2019-10-10 15:43:00,"871 Cherry St, New York City, NY 10001",October
283555,34in Ultrawide Monitor,1,379.99,2019-11-30 20:16:00,"32 Pine St, San Francisco, CA 94016",November
290315,34in Ultrawide Monitor,1,379.99,2019-11-02 23:33:00,"320 Ridge St, San Francisco, CA 94016",November
280639,34in Ultrawide Monitor,1,379.99,2019-11-03 18:28:00,"180 10th St, Portland, OR 97035",November
285773,34in Ultrawide Monitor,1,379.99,2019-11-12 16:20:00,"523 Wilson St, Dallas, TX 75001",November
280168,34in Ultrawide Monitor,1,379.99,2019-11-06 15:50:00,"73 Madison St, San Francisco, CA 94016",November
285330,34in Ultrawide Monitor,1,379.99,2019-11-03 11:22:00,"909 Cherry St, New York City, NY 10001",November
289531,34in Ultrawide Monitor,1,379.99,2019-11-26 22:52:00,"964 River St, San Francisco, CA 94016",November
281027,34in Ultrawide Monitor,1,379.99,2019-11-26 19:47:00,"781 Adams St, Portland, ME 04101",November
289049,34in Ultrawide Monitor,1,379.99,2019-11-24 23:50:00,"627 11th St, Los Angeles, CA 90001",November
294046,34in Ultrawide Monitor,1,379.99,2019-11-17 15:12:00,"746 Washington St, Los Angeles, CA 90001",November
284162,34in Ultrawide Monitor,1,379.99,2019-11-27 20:41:00,"289 South St, Los Angeles, CA 90001",November
284359,34in Ultrawide Monitor,1,379.99,2019-11-30 18:46:00,"433 Park St, Los Angeles, CA 90001",November
290942,34in Ultrawide Monitor,1,379.99,2019-11-24 13:17:00,"508 Sunset St, Boston, MA 02215",November
291851,34in Ultrawide Monitor,1,379.99,2019-11-28 18:30:00,"989 South St, Los Angeles, CA 90001",November
293362,34in Ultrawide Monitor,1,379.99,2019-11-25 12:08:00,"587 Lakeview St, Boston, MA 02215",November
281215,34in Ultrawide Monitor,1,379.99,2019-11-17 12:16:00,"104 Cherry St, Portland, OR 97035",November
282368,34in Ultrawide Monitor,1,379.99,2019-11-22 00:52:00,"153 Cedar St, Austin, TX 73301",November
282556,34in Ultrawide Monitor,1,379.99,2019-11-28 20:22:00,"405 5th St, Austin, TX 73301",November
282691,34in Ultrawide Monitor,1,379.99,2019-11-02 18:07:00,"74 South St, Portland, OR 97035",November
284106,34in Ultrawide Monitor,1,379.99,2019-11-09 00:39:00,"894 Park St, Dallas, TX 75001",November
284126,34in Ultrawide Monitor,1,379.99,2019-11-21 14:27:00,"345 6th St, San Francisco, CA 94016",November
288147,34in Ultrawide Monitor,1,379.99,2019-11-20 21:56:00,"547 Madison St, San Francisco, CA 94016",November
280487,34in Ultrawide Monitor,1,379.99,2019-11-12 16:31:00,"203 6th St, Los Angeles, CA 90001",November
283314,34in Ultrawide Monitor,1,379.99,2019-11-30 21:09:00,"684 14th St, Boston, MA 02215",November
285036,34in Ultrawide Monitor,1,379.99,2019-11-15 06:39:00,"857 Pine St, San Francisco, CA 94016",November
285097,34in Ultrawide Monitor,1,379.99,2019-11-17 12:23:00,"149 Dogwood St, New York City, NY 10001",November
286378,34in Ultrawide Monitor,1,379.99,2019-11-29 09:34:00,"867 Elm St, Los Angeles, CA 90001",November
288407,34in Ultrawide Monitor,1,379.99,2019-11-09 10:22:00,"4 Madison St, Boston, MA 02215",November
279288,34in Ultrawide Monitor,1,379.99,2019-11-24 14:25:00,"984 10th St, Atlanta, GA 30301",November
290873,34in Ultrawide Monitor,1,379.99,2019-11-30 14:10:00,"797 Lakeview St, Austin, TX 73301",November
292114,34in Ultrawide Monitor,1,379.99,2019-11-20 17:20:00,"337 Center St, Los Angeles, CA 90001",November
292551,34in Ultrawide Monitor,1,379.99,2019-11-20 05:37:00,"244 Lake St, Los Angeles, CA 90001",November
279099,34in Ultrawide Monitor,1,379.99,2019-11-28 12:16:00,"921 River St, New York City, NY 10001",November
282835,34in Ultrawide Monitor,1,379.99,2019-11-18 23:15:00,"70 Maple St, New York City, NY 10001",November
285438,34in Ultrawide Monitor,1,379.99,2019-11-26 10:06:00,"663 Cherry St, New York City, NY 10001",November
290978,34in Ultrawide Monitor,1,379.99,2019-11-13 16:30:00,"599 Washington St, Portland, ME 04101",November
292171,34in Ultrawide Monitor,1,379.99,2019-11-12 19:40:00,"136 Ridge St, Seattle, WA 98101",November
294499,34in Ultrawide Monitor,1,379.99,2019-11-16 10:21:00,"245 River St, New York City, NY 10001",November
278996,34in Ultrawide Monitor,1,379.99,2019-11-26 19:23:00,"762 Madison St, Portland, OR 97035",November
284499,34in Ultrawide Monitor,1,379.99,2019-11-03 17:57:00,"703 Lake St, San Francisco, CA 94016",November
294560,34in Ultrawide Monitor,1,379.99,2019-11-25 08:03:00,"604 Jackson St, San Francisco, CA 94016",November
280117,34in Ultrawide Monitor,1,379.99,2019-11-14 18:55:00,"771 4th St, Seattle, WA 98101",November
286194,34in Ultrawide Monitor,1,379.99,2019-11-27 18:15:00,"398 Meadow St, Atlanta, GA 30301",November
293978,34in Ultrawide Monitor,1,379.99,2019-11-27 22:53:00,"117 Cherry St, New York City, NY 10001",November
278828,34in Ultrawide Monitor,1,379.99,2019-11-12 20:24:00,"470 13th St, San Francisco, CA 94016",November
288585,34in Ultrawide Monitor,1,379.99,2019-11-29 17:40:00,"381 12th St, Austin, TX 73301",November
279953,34in Ultrawide Monitor,1,379.99,2019-11-18 13:01:00,"106 Hill St, Boston, MA 02215",November
281729,34in Ultrawide Monitor,1,379.99,2019-11-05 13:44:00,"851 4th St, Los Angeles, CA 90001",November
285049,34in Ultrawide Monitor,1,379.99,2019-11-07 09:30:00,"984 14th St, Boston, MA 02215",November
295105,34in Ultrawide Monitor,1,379.99,2019-11-25 19:31:00,"404 Cherry St, San Francisco, CA 94016",November
295485,34in Ultrawide Monitor,1,379.99,2019-11-18 20:43:00,"829 Jefferson St, Atlanta, GA 30301",November
282432,34in Ultrawide Monitor,1,379.99,2019-11-08 13:35:00,"319 South St, Seattle, WA 98101",November
283713,34in Ultrawide Monitor,1,379.99,2019-11-20 16:51:00,"554 4th St, Los Angeles, CA 90001",November
283360,34in Ultrawide Monitor,1,379.99,2019-11-05 21:51:00,"68 Lincoln St, San Francisco, CA 94016",November
291317,34in Ultrawide Monitor,1,379.99,2019-11-24 23:51:00,"29 West St, Boston, MA 02215",November
279707,34in Ultrawide Monitor,1,379.99,2019-11-01 23:27:00,"501 Johnson St, Los Angeles, CA 90001",November
280082,34in Ultrawide Monitor,1,379.99,2019-11-15 10:04:00,"901 West St, Los Angeles, CA 90001",November
292834,34in Ultrawide Monitor,1,379.99,2019-11-22 19:00:00,"208 Jefferson St, Atlanta, GA 30301",November
294564,34in Ultrawide Monitor,1,379.99,2019-11-25 11:41:00,"192 Lincoln St, San Francisco, CA 94016",November
280140,34in Ultrawide Monitor,1,379.99,2019-11-14 11:28:00,"520 Jefferson St, Boston, MA 02215",November
280983,34in Ultrawide Monitor,1,379.99,2019-11-08 21:22:00,"604 Jefferson St, Boston, MA 02215",November
293894,34in Ultrawide Monitor,1,379.99,2019-11-23 16:26:00,"659 Highland St, San Francisco, CA 94016",November
280774,34in Ultrawide Monitor,1,379.99,2019-11-01 21:38:00,"509 Jackson St, Seattle, WA 98101",November
286137,34in Ultrawide Monitor,1,379.99,2019-11-19 09:15:00,"262 10th St, San Francisco, CA 94016",November
292279,34in Ultrawide Monitor,1,379.99,2019-11-20 23:44:00,"210 Park St, New York City, NY 10001",November
282433,34in Ultrawide Monitor,1,379.99,2019-11-12 07:57:00,"432 10th St, Seattle, WA 98101",November
283148,34in Ultrawide Monitor,1,379.99,2019-11-13 06:30:00,"89 Park St, Seattle, WA 98101",November
288705,34in Ultrawide Monitor,1,379.99,2019-11-18 01:30:00,"589 11th St, Los Angeles, CA 90001",November
289388,34in Ultrawide Monitor,1,379.99,2019-11-16 14:45:00,"580 9th St, Seattle, WA 98101",November
292158,34in Ultrawide Monitor,1,379.99,2019-11-12 14:15:00,"336 Chestnut St, New York City, NY 10001",November
279105,34in Ultrawide Monitor,1,379.99,2019-11-19 12:23:00,"736 Washington St, Dallas, TX 75001",November
280689,34in Ultrawide Monitor,2,379.99,2019-11-29 14:14:00,"43 10th St, Portland, OR 97035",November
284435,34in Ultrawide Monitor,1,379.99,2019-11-02 21:56:00,"463 Ridge St, San Francisco, CA 94016",November
284450,34in Ultrawide Monitor,1,379.99,2019-11-05 19:47:00,"234 6th St, Dallas, TX 75001",November
289299,34in Ultrawide Monitor,1,379.99,2019-11-13 21:11:00,"260 Jackson St, Austin, TX 73301",November
284631,34in Ultrawide Monitor,1,379.99,2019-11-16 09:55:00,"253 Highland St, Austin, TX 73301",November
286205,34in Ultrawide Monitor,1,379.99,2019-11-25 16:22:00,"260 Main St, Los Angeles, CA 90001",November
286503,34in Ultrawide Monitor,1,379.99,2019-11-01 23:36:00,"324 Maple St, Los Angeles, CA 90001",November
279177,34in Ultrawide Monitor,1,379.99,2019-11-22 16:02:00,"151 5th St, Portland, OR 97035",November
282066,34in Ultrawide Monitor,1,379.99,2019-11-18 07:47:00,"292 Lakeview St, Portland, OR 97035",November
290715,34in Ultrawide Monitor,1,379.99,2019-11-30 19:48:00,"266 Sunset St, San Francisco, CA 94016",November
293676,34in Ultrawide Monitor,1,379.99,2019-11-17 07:45:00,"543 10th St, San Francisco, CA 94016",November
295354,34in Ultrawide Monitor,1,379.99,2019-11-12 22:37:00,"243 Cedar St, New York City, NY 10001",November
290485,34in Ultrawide Monitor,1,379.99,2019-11-23 23:32:00,"616 Willow St, Boston, MA 02215",November
290670,34in Ultrawide Monitor,1,379.99,2019-11-26 14:05:00,"149 Washington St, Los Angeles, CA 90001",November
291179,34in Ultrawide Monitor,1,379.99,2019-11-05 18:17:00,"964 Elm St, Austin, TX 73301",November
290986,34in Ultrawide Monitor,1,379.99,2019-11-24 16:44:00,"183 9th St, Seattle, WA 98101",November
292757,34in Ultrawide Monitor,1,379.99,2019-11-08 11:06:00,"81 5th St, San Francisco, CA 94016",November
295627,34in Ultrawide Monitor,1,379.99,2019-11-23 21:01:00,"982 Jefferson St, New York City, NY 10001",November
279374,34in Ultrawide Monitor,1,379.99,2019-11-09 19:11:00,"440 Spruce St, Atlanta, GA 30301",November
279828,34in Ultrawide Monitor,1,379.99,2019-11-30 21:50:00,"374 Dogwood St, Portland, OR 97035",November
284765,34in Ultrawide Monitor,1,379.99,2019-11-04 00:49:00,"376 4th St, Boston, MA 02215",November
285652,34in Ultrawide Monitor,1,379.99,2019-11-30 23:14:00,"681 Lakeview St, Austin, TX 73301",November
289270,34in Ultrawide Monitor,1,379.99,2019-11-29 12:06:00,"989 Cedar St, Dallas, TX 75001",November
289682,34in Ultrawide Monitor,1,379.99,2019-11-12 18:33:00,"382 Lakeview St, Boston, MA 02215",November
293578,34in Ultrawide Monitor,1,379.99,2019-11-03 11:20:00,"168 12th St, San Francisco, CA 94016",November
301923,34in Ultrawide Monitor,1,379.99,2019-12-19 03:40:00,"552 Ridge St, San Francisco, CA 94016",December
304259,34in Ultrawide Monitor,1,379.99,2019-12-10 20:54:00,"356 Elm St, Atlanta, GA 30301",December
311126,34in Ultrawide Monitor,1,379.99,2019-12-16 16:58:00,"374 Jackson St, San Francisco, CA 94016",December
295872,34in Ultrawide Monitor,1,379.99,2019-12-14 10:49:00,"845 Forest St, Los Angeles, CA 90001",December
302165,34in Ultrawide Monitor,1,379.99,2019-12-16 21:50:00,"271 10th St, San Francisco, CA 94016",December
306087,34in Ultrawide Monitor,1,379.99,2019-12-22 21:42:00,"390 11th St, Portland, OR 97035",December
315989,34in Ultrawide Monitor,1,379.99,2019-12-17 11:42:00,"818 South St, Atlanta, GA 30301",December
319297,34in Ultrawide Monitor,1,379.99,2019-12-27 16:06:00,"366 Center St, Dallas, TX 75001",December
319345,34in Ultrawide Monitor,1,379.99,2019-12-08 18:35:00,"265 Dogwood St, San Francisco, CA 94016",December
298910,34in Ultrawide Monitor,1,379.99,2019-12-25 14:36:00,"619 Center St, Seattle, WA 98101",December
300589,34in Ultrawide Monitor,1,379.99,2019-12-22 04:53:00,"476 7th St, San Francisco, CA 94016",December
305114,34in Ultrawide Monitor,1,379.99,2019-12-18 01:42:00,"616 Park St, Los Angeles, CA 90001",December
307230,34in Ultrawide Monitor,1,379.99,2019-12-28 06:50:00,"255 Madison St, San Francisco, CA 94016",December
308523,34in Ultrawide Monitor,1,379.99,2019-12-11 18:10:00,"287 14th St, Portland, OR 97035",December
310235,34in Ultrawide Monitor,1,379.99,2019-12-19 11:31:00,"337 Chestnut St, Boston, MA 02215",December
314587,34in Ultrawide Monitor,1,379.99,2019-12-01 04:06:00,"746 North St, Dallas, TX 75001",December
303452,34in Ultrawide Monitor,1,379.99,2019-12-12 20:04:00,"811 Walnut St, Los Angeles, CA 90001",December
304185,34in Ultrawide Monitor,1,379.99,2019-12-03 09:29:00,"724 West St, San Francisco, CA 94016",December
307930,34in Ultrawide Monitor,1,379.99,2019-12-11 13:20:00,"887 Jefferson St, Dallas, TX 75001",December
310889,34in Ultrawide Monitor,1,379.99,2019-12-13 09:51:00,"738 12th St, San Francisco, CA 94016",December
311255,34in Ultrawide Monitor,1,379.99,2019-12-22 17:18:00,"120 Lakeview St, Seattle, WA 98101",December
314384,34in Ultrawide Monitor,1,379.99,2019-12-21 15:22:00,"171 8th St, Los Angeles, CA 90001",December
315568,34in Ultrawide Monitor,1,379.99,2019-12-30 21:11:00,"100 5th St, Boston, MA 02215",December
306032,34in Ultrawide Monitor,1,379.99,2019-12-30 16:17:00,"795 Willow St, New York City, NY 10001",December
307172,34in Ultrawide Monitor,1,379.99,2019-12-08 15:58:00,"188 Cherry St, Los Angeles, CA 90001",December
312431,34in Ultrawide Monitor,1,379.99,2019-12-13 06:50:00,"141 Lincoln St, New York City, NY 10001",December
318022,34in Ultrawide Monitor,1,379.99,2019-12-22 12:00:00,"567 Main St, San Francisco, CA 94016",December
296846,34in Ultrawide Monitor,1,379.99,2019-12-21 21:38:00,"527 13th St, San Francisco, CA 94016",December
308130,34in Ultrawide Monitor,1,379.99,2019-12-24 10:59:00,"933 Spruce St, Dallas, TX 75001",December
315300,34in Ultrawide Monitor,1,379.99,2019-12-25 10:14:00,"423 Willow St, Seattle, WA 98101",December
315508,34in Ultrawide Monitor,1,379.99,2019-12-19 18:23:00,"977 1st St, New York City, NY 10001",December
307473,34in Ultrawide Monitor,1,379.99,2019-12-09 18:34:00,"245 Lake St, San Francisco, CA 94016",December
311219,34in Ultrawide Monitor,1,379.99,2019-12-11 12:25:00,"570 Lincoln St, Austin, TX 73301",December
311429,34in Ultrawide Monitor,1,379.99,2019-12-05 15:35:00,"359 Maple St, San Francisco, CA 94016",December
296612,34in Ultrawide Monitor,1,379.99,2019-12-02 10:40:00,"161 Sunset St, New York City, NY 10001",December
303167,34in Ultrawide Monitor,1,379.99,2019-12-27 09:38:00,"922 Chestnut St, Seattle, WA 98101",December
303473,34in Ultrawide Monitor,1,379.99,2019-12-28 12:40:00,"56 Walnut St, Boston, MA 02215",December
304062,34in Ultrawide Monitor,1,379.99,2019-12-02 00:54:00,"997 9th St, Atlanta, GA 30301",December
307794,34in Ultrawide Monitor,1,379.99,2019-12-02 20:49:00,"534 Ridge St, Atlanta, GA 30301",December
315959,34in Ultrawide Monitor,1,379.99,2019-12-28 10:24:00,"623 Dogwood St, New York City, NY 10001",December
297293,34in Ultrawide Monitor,1,379.99,2019-12-25 18:05:00,"160 Madison St, San Francisco, CA 94016",December
298593,34in Ultrawide Monitor,1,379.99,2019-12-31 10:16:00,"515 Adams St, Los Angeles, CA 90001",December
307987,34in Ultrawide Monitor,1,379.99,2019-12-29 18:01:00,"675 Cherry St, San Francisco, CA 94016",December
310724,34in Ultrawide Monitor,1,379.99,2019-12-23 11:16:00,"674 South St, Atlanta, GA 30301",December
318238,34in Ultrawide Monitor,1,379.99,2019-12-26 11:41:00,"219 Church St, Los Angeles, CA 90001",December
296831,34in Ultrawide Monitor,1,379.99,2019-12-31 11:18:00,"420 Lincoln St, Boston, MA 02215",December
309467,34in Ultrawide Monitor,1,379.99,2019-12-27 11:00:00,"552 North St, New York City, NY 10001",December
317293,34in Ultrawide Monitor,1,379.99,2019-12-22 22:05:00,"421 Madison St, San Francisco, CA 94016",December
309417,34in Ultrawide Monitor,1,379.99,2019-12-03 10:27:00,"218 Park St, Portland, OR 97035",December
313028,34in Ultrawide Monitor,1,379.99,2019-12-30 08:13:00,"753 8th St, Los Angeles, CA 90001",December
313719,34in Ultrawide Monitor,1,379.99,2019-12-07 00:34:00,"613 Washington St, Austin, TX 73301",December
318669,34in Ultrawide Monitor,1,379.99,2019-12-17 17:16:00,"797 Walnut St, Portland, OR 97035",December
300087,34in Ultrawide Monitor,1,379.99,2019-12-27 11:09:00,"325 8th St, Seattle, WA 98101",December
303079,34in Ultrawide Monitor,1,379.99,2019-12-23 01:35:00,"685 Chestnut St, Austin, TX 73301",December
308101,34in Ultrawide Monitor,1,379.99,2019-12-26 23:42:00,"101 11th St, Boston, MA 02215",December
308380,34in Ultrawide Monitor,1,379.99,2019-12-09 16:28:00,"240 Forest St, Los Angeles, CA 90001",December
296077,34in Ultrawide Monitor,1,379.99,2019-12-27 09:09:00,"941 Park St, Los Angeles, CA 90001",December
297910,34in Ultrawide Monitor,1,379.99,2019-12-29 10:39:00,"121 Lakeview St, Atlanta, GA 30301",December
298686,34in Ultrawide Monitor,1,379.99,2019-12-01 21:33:00,"282 Ridge St, Dallas, TX 75001",December
299947,34in Ultrawide Monitor,1,379.99,2019-12-10 17:36:00,"537 Lakeview St, Los Angeles, CA 90001",December
300627,34in Ultrawide Monitor,1,379.99,2019-12-24 15:00:00,"798 Highland St, Seattle, WA 98101",December
317081,34in Ultrawide Monitor,1,379.99,2019-12-22 16:22:00,"902 South St, San Francisco, CA 94016",December
308298,34in Ultrawide Monitor,1,379.99,2019-12-10 04:29:00,"705 7th St, Seattle, WA 98101",December
301022,34in Ultrawide Monitor,1,379.99,2019-12-19 11:54:00,"487 Sunset St, Los Angeles, CA 90001",December
307481,34in Ultrawide Monitor,1,379.99,2019-12-06 14:23:00,"697 12th St, Boston, MA 02215",December
311595,34in Ultrawide Monitor,1,379.99,2019-12-27 23:41:00,"730 Lakeview St, Los Angeles, CA 90001",December
316806,34in Ultrawide Monitor,1,379.99,2019-12-11 12:25:00,"534 Wilson St, Seattle, WA 98101",December
300809,34in Ultrawide Monitor,1,379.99,2019-12-21 15:35:00,"849 Forest St, New York City, NY 10001",December
304073,34in Ultrawide Monitor,1,379.99,2019-12-03 18:08:00,"671 Lakeview St, Austin, TX 73301",December
307625,34in Ultrawide Monitor,1,379.99,2019-12-06 17:42:00,"692 Highland St, Austin, TX 73301",December
309420,34in Ultrawide Monitor,1,379.99,2019-12-06 23:00:00,"999 6th St, Dallas, TX 75001",December
310429,34in Ultrawide Monitor,1,379.99,2019-12-05 13:14:00,"366 9th St, San Francisco, CA 94016",December
310482,34in Ultrawide Monitor,1,379.99,2019-12-26 19:39:00,"504 Sunset St, Atlanta, GA 30301",December
310655,34in Ultrawide Monitor,1,379.99,2019-12-04 05:31:00,"844 Elm St, Austin, TX 73301",December
310961,34in Ultrawide Monitor,1,379.99,2019-12-12 18:13:00,"279 Maple St, Boston, MA 02215",December
315007,34in Ultrawide Monitor,1,379.99,2019-12-04 09:22:00,"629 6th St, San Francisco, CA 94016",December
299503,34in Ultrawide Monitor,1,379.99,2019-12-03 14:48:00,"239 Main St, Austin, TX 73301",December
316119,34in Ultrawide Monitor,1,379.99,2019-12-01 07:05:00,"121 Cedar St, Dallas, TX 75001",December
309529,34in Ultrawide Monitor,1,379.99,2019-12-07 21:19:00,"730 Dogwood St, Boston, MA 02215",December
310302,34in Ultrawide Monitor,1,379.99,2019-12-28 13:16:00,"283 5th St, Seattle, WA 98101",December
311479,34in Ultrawide Monitor,1,379.99,2019-12-08 16:27:00,"292 Center St, Seattle, WA 98101",December
313986,34in Ultrawide Monitor,1,379.99,2019-12-01 22:06:00,"809 5th St, San Francisco, CA 94016",December
312818,34in Ultrawide Monitor,1,379.99,2019-12-22 11:47:00,"462 West St, Seattle, WA 98101",December
297916,34in Ultrawide Monitor,1,379.99,2019-12-25 16:36:00,"537 14th St, Portland, OR 97035",December
183502,34in Ultrawide Monitor,1,379.99,2019-04-02 15:12:00,"20 Lincoln St, Los Angeles, CA 90001",April
232337,34in Ultrawide Monitor,1,379.99,2019-07-18 01:08:00,"906 8th St, New York City, NY 10001",July
229632,34in Ultrawide Monitor,1,379.99,2019-07-20 11:28:00,"645 Church St, Los Angeles, CA 90001",July
249294,34in Ultrawide Monitor,1,379.99,2019-09-10 18:54:00,"693 Forest St, Austin, TX 73301",September
258217,34in Ultrawide Monitor,1,379.99,2019-09-16 06:43:00,"335 Jackson St, Atlanta, GA 30301",September
271985,34in Ultrawide Monitor,1,379.99,2019-10-25 20:28:00,"104 Chestnut St, New York City, NY 10001",October
276118,34in Ultrawide Monitor,1,379.99,2019-10-07 16:49:00,"174 Meadow St, Seattle, WA 98101",October
266396,34in Ultrawide Monitor,1,379.99,2019-10-04 02:26:00,"837 Main St, San Francisco, CA 94016",October
273984,34in Ultrawide Monitor,1,379.99,2019-10-14 16:28:00,"314 Lincoln St, New York City, NY 10001",October
276310,34in Ultrawide Monitor,1,379.99,2019-10-08 14:42:00,"378 Lakeview St, Los Angeles, CA 90001",October
284826,34in Ultrawide Monitor,1,379.99,2019-11-20 20:44:00,"512 West St, Los Angeles, CA 90001",November
280453,34in Ultrawide Monitor,1,379.99,2019-11-18 00:07:00,"553 Madison St, San Francisco, CA 94016",November
288417,34in Ultrawide Monitor,1,379.99,2019-11-18 23:10:00,"753 West St, San Francisco, CA 94016",November
314907,34in Ultrawide Monitor,1,379.99,2019-12-05 22:06:00,"249 5th St, San Francisco, CA 94016",December
316873,34in Ultrawide Monitor,1,379.99,2019-12-19 08:13:00,"213 6th St, Los Angeles, CA 90001",December
313640,34in Ultrawide Monitor,1,379.99,2019-12-09 09:16:00,"670 Cherry St, San Francisco, CA 94016",December
308153,34in Ultrawide Monitor,1,379.99,2019-12-25 21:03:00,"279 1st St, Dallas, TX 75001",December
309974,34in Ultrawide Monitor,1,379.99,2019-12-23 21:08:00,"641 Lakeview St, Dallas, TX 75001",December
315151,34in Ultrawide Monitor,1,379.99,2019-12-11 14:18:00,"971 Washington St, San Francisco, CA 94016",December
308463,34in Ultrawide Monitor,1,379.99,2019-12-08 19:55:00,"827 Chestnut St, San Francisco, CA 94016",December
309637,34in Ultrawide Monitor,1,379.99,2019-12-20 08:03:00,"227 Spruce St, San Francisco, CA 94016",December
318247,34in Ultrawide Monitor,1,379.99,2019-12-22 21:17:00,"388 1st St, Atlanta, GA 30301",December
319386,34in Ultrawide Monitor,1,379.99,2019-12-28 09:48:00,"110 Washington St, Seattle, WA 98101",December
296243,34in Ultrawide Monitor,1,379.99,2019-12-07 19:30:00,"263 Adams St, Atlanta, GA 30301",December
302737,34in Ultrawide Monitor,1,379.99,2019-12-17 09:35:00,"980 Washington St, Seattle, WA 98101",December
298341,34in Ultrawide Monitor,1,379.99,2019-12-22 13:40:00,"826 12th St, San Francisco, CA 94016",December
300071,34in Ultrawide Monitor,1,379.99,2019-12-26 20:25:00,"847 Jefferson St, Seattle, WA 98101",December
301601,34in Ultrawide Monitor,1,379.99,2019-12-11 17:02:00,"532 Washington St, Atlanta, GA 30301",December
306431,34in Ultrawide Monitor,1,379.99,2019-12-07 09:13:00,"471 9th St, New York City, NY 10001",December
313807,34in Ultrawide Monitor,1,379.99,2019-12-18 06:14:00,"924 Chestnut St, Los Angeles, CA 90001",December
315891,34in Ultrawide Monitor,1,379.99,2019-12-07 18:47:00,"953 Sunset St, San Francisco, CA 94016",December
299116,34in Ultrawide Monitor,1,379.99,2019-12-30 08:03:00,"545 Dogwood St, Los Angeles, CA 90001",December
304921,34in Ultrawide Monitor,1,379.99,2019-12-21 08:12:00,"207 Meadow St, New York City, NY 10001",December
307120,34in Ultrawide Monitor,1,379.99,2019-12-03 12:42:00,"453 Chestnut St, Portland, OR 97035",December
311957,34in Ultrawide Monitor,1,379.99,2019-12-22 13:44:00,"338 Chestnut St, Boston, MA 02215",December
312060,34in Ultrawide Monitor,1,379.99,2019-12-13 15:55:00,"699 Madison St, Boston, MA 02215",December
314880,34in Ultrawide Monitor,1,379.99,2019-12-16 10:02:00,"504 Lakeview St, New York City, NY 10001",December
301822,34in Ultrawide Monitor,1,379.99,2019-12-20 17:13:00,"462 Cedar St, Dallas, TX 75001",December
299469,34in Ultrawide Monitor,1,379.99,2019-12-13 00:29:00,"726 11th St, New York City, NY 10001",December
300971,34in Ultrawide Monitor,1,379.99,2019-12-23 17:25:00,"24 13th St, San Francisco, CA 94016",December
301159,34in Ultrawide Monitor,1,379.99,2019-12-08 11:05:00,"639 Jackson St, Seattle, WA 98101",December
308665,34in Ultrawide Monitor,1,379.99,2019-12-12 11:30:00,"44 Pine St, New York City, NY 10001",December
310128,34in Ultrawide Monitor,1,379.99,2019-12-13 06:27:00,"562 Hill St, New York City, NY 10001",December
312482,34in Ultrawide Monitor,1,379.99,2019-12-18 06:48:00,"697 Jefferson St, Dallas, TX 75001",December
318244,34in Ultrawide Monitor,1,379.99,2019-12-25 23:37:00,"273 Johnson St, Los Angeles, CA 90001",December
302010,34in Ultrawide Monitor,1,379.99,2019-12-10 01:43:00,"509 Church St, Los Angeles, CA 90001",December
304587,34in Ultrawide Monitor,1,379.99,2019-12-02 22:14:00,"150 Main St, New York City, NY 10001",December
308060,34in Ultrawide Monitor,1,379.99,2019-12-10 20:33:00,"644 Forest St, Boston, MA 02215",December
309222,34in Ultrawide Monitor,1,379.99,2019-12-24 12:04:00,"924 7th St, New York City, NY 10001",December
313346,34in Ultrawide Monitor,1,379.99,2019-12-17 20:56:00,"24 10th St, Los Angeles, CA 90001",December
312893,34in Ultrawide Monitor,1,379.99,2019-12-10 22:53:00,"676 Park St, Los Angeles, CA 90001",December
302492,34in Ultrawide Monitor,1,379.99,2019-12-04 10:18:00,"437 Elm St, Boston, MA 02215",December
304371,34in Ultrawide Monitor,1,379.99,2019-12-09 17:24:00,"982 Cedar St, Boston, MA 02215",December
305211,34in Ultrawide Monitor,1,379.99,2019-12-26 14:06:00,"729 Cedar St, Boston, MA 02215",December
310179,34in Ultrawide Monitor,1,379.99,2019-12-03 19:17:00,"553 10th St, Dallas, TX 75001",December
316244,34in Ultrawide Monitor,1,379.99,2019-12-27 09:53:00,"904 Center St, San Francisco, CA 94016",December
299270,34in Ultrawide Monitor,1,379.99,2019-12-16 18:22:00,"721 1st St, Dallas, TX 75001",December
299964,34in Ultrawide Monitor,1,379.99,2019-12-02 18:45:00,"911 12th St, Portland, OR 97035",December
300547,34in Ultrawide Monitor,1,379.99,2019-12-25 10:19:00,"53 7th St, Los Angeles, CA 90001",December
304471,34in Ultrawide Monitor,1,379.99,2019-12-20 16:43:00,"123 Walnut St, San Francisco, CA 94016",December
304920,34in Ultrawide Monitor,1,379.99,2019-12-14 14:28:00,"714 Willow St, Atlanta, GA 30301",December
309936,34in Ultrawide Monitor,1,379.99,2019-12-28 20:21:00,"386 Lakeview St, San Francisco, CA 94016",December
302786,34in Ultrawide Monitor,1,379.99,2019-12-18 10:36:00,"703 Maple St, Boston, MA 02215",December
312002,34in Ultrawide Monitor,1,379.99,2019-12-03 20:11:00,"924 Forest St, Austin, TX 73301",December
314565,34in Ultrawide Monitor,1,379.99,2019-12-18 23:13:00,"874 Spruce St, Seattle, WA 98101",December
145083,34in Ultrawide Monitor,1,379.99,2019-01-02 21:50:00,"410 Hill St, Portland, OR 97035",January
145675,34in Ultrawide Monitor,1,379.99,2019-01-17 18:54:00,"621 Dogwood St, Atlanta, GA 30301",January
142619,34in Ultrawide Monitor,1,379.99,2019-01-12 14:09:00,"389 Adams St, San Francisco, CA 94016",January
142450,34in Ultrawide Monitor,1,379.99,2019-01-12 18:55:00,"930 Wilson St, Dallas, TX 75001",January
148830,34in Ultrawide Monitor,1,379.99,2019-01-17 23:45:00,"597 8th St, San Francisco, CA 94016",January
145112,34in Ultrawide Monitor,1,379.99,2019-01-01 16:44:00,"787 Wilson St, Atlanta, GA 30301",January
147113,34in Ultrawide Monitor,1,379.99,2019-01-11 18:10:00,"474 Main St, Dallas, TX 75001",January
148367,34in Ultrawide Monitor,1,379.99,2019-01-16 11:45:00,"345 1st St, San Francisco, CA 94016",January
143685,34in Ultrawide Monitor,1,379.99,2019-01-04 16:55:00,"206 North St, Los Angeles, CA 90001",January
141889,34in Ultrawide Monitor,1,379.99,2019-01-12 13:03:00,"12 Cedar St, Boston, MA 02215",January
142445,34in Ultrawide Monitor,1,379.99,2019-01-09 06:41:00,"753 Lincoln St, Atlanta, GA 30301",January
146313,34in Ultrawide Monitor,1,379.99,2019-01-12 21:29:00,"184 Walnut St, Boston, MA 02215",January
148635,34in Ultrawide Monitor,1,379.99,2019-01-26 19:17:00,"660 South St, San Francisco, CA 94016",January
144990,34in Ultrawide Monitor,1,379.99,2019-01-18 16:50:00,"782 Forest St, Los Angeles, CA 90001",January
147188,34in Ultrawide Monitor,1,379.99,2019-01-15 15:52:00,"883 Maple St, New York City, NY 10001",January
142757,34in Ultrawide Monitor,1,379.99,2019-01-07 10:26:00,"614 Cedar St, Atlanta, GA 30301",January
148268,34in Ultrawide Monitor,1,379.99,2019-01-28 21:20:00,"379 Sunset St, San Francisco, CA 94016",January
148418,34in Ultrawide Monitor,1,379.99,2019-01-26 13:50:00,"602 14th St, San Francisco, CA 94016",January
142240,34in Ultrawide Monitor,1,379.99,2019-01-04 19:20:00,"966 Jefferson St, Dallas, TX 75001",January
142845,34in Ultrawide Monitor,1,379.99,2019-01-03 17:53:00,"67 2nd St, Seattle, WA 98101",January
144239,34in Ultrawide Monitor,1,379.99,2019-01-08 19:38:00,"601 Johnson St, San Francisco, CA 94016",January
146102,34in Ultrawide Monitor,1,379.99,2019-01-27 10:48:00,"213 Willow St, Boston, MA 02215",January
141311,34in Ultrawide Monitor,1,379.99,2019-01-28 12:45:00,"223 North St, Atlanta, GA 30301",January
143740,34in Ultrawide Monitor,1,379.99,2019-01-11 23:47:00,"703 Main St, Los Angeles, CA 90001",January
144107,34in Ultrawide Monitor,1,379.99,2019-01-30 01:46:00,"9 Chestnut St, San Francisco, CA 94016",January
145747,34in Ultrawide Monitor,1,379.99,2019-01-28 20:25:00,"774 2nd St, San Francisco, CA 94016",January
148938,34in Ultrawide Monitor,1,379.99,2019-01-10 20:37:00,"654 Jefferson St, Austin, TX 73301",January
142183,34in Ultrawide Monitor,1,379.99,2019-01-09 12:13:00,"406 Johnson St, Boston, MA 02215",January
144701,34in Ultrawide Monitor,1,379.99,2019-01-24 15:00:00,"646 Ridge St, Los Angeles, CA 90001",January
150228,34in Ultrawide Monitor,1,379.99,2019-01-24 19:31:00,"119 Elm St, Los Angeles, CA 90001",January
150275,34in Ultrawide Monitor,1,379.99,2019-01-09 21:01:00,"569 Cherry St, Dallas, TX 75001",January
144596,34in Ultrawide Monitor,1,379.99,2019-01-01 16:05:00,"47 Hill St, Seattle, WA 98101",January
141691,34in Ultrawide Monitor,1,379.99,2019-01-18 18:34:00,"640 Lake St, New York City, NY 10001",January
148682,34in Ultrawide Monitor,1,379.99,2019-01-21 01:20:00,"282 1st St, San Francisco, CA 94016",January
148849,34in Ultrawide Monitor,1,379.99,2019-01-15 21:45:00,"311 Washington St, Seattle, WA 98101",January
147573,34in Ultrawide Monitor,1,379.99,2019-01-04 10:25:00,"63 7th St, Los Angeles, CA 90001",January
148832,34in Ultrawide Monitor,1,379.99,2019-01-22 12:09:00,"192 Meadow St, Los Angeles, CA 90001",January
142420,34in Ultrawide Monitor,1,379.99,2019-01-30 15:43:00,"243 14th St, Los Angeles, CA 90001",January
145348,34in Ultrawide Monitor,1,379.99,2019-01-08 23:47:00,"112 River St, Seattle, WA 98101",January
146338,34in Ultrawide Monitor,1,379.99,2019-01-23 11:49:00,"90 Jackson St, Portland, OR 97035",January
149235,34in Ultrawide Monitor,1,379.99,2019-01-09 19:28:00,"238 Maple St, Atlanta, GA 30301",January
142873,34in Ultrawide Monitor,1,379.99,2019-01-29 15:55:00,"936 River St, Dallas, TX 75001",January
147249,34in Ultrawide Monitor,1,379.99,2019-01-19 11:33:00,"377 Wilson St, San Francisco, CA 94016",January
150415,34in Ultrawide Monitor,1,379.99,2019-01-28 10:38:00,"33 Willow St, Austin, TX 73301",January
149846,34in Ultrawide Monitor,1,379.99,2019-01-07 14:36:00,"707 Lincoln St, Boston, MA 02215",January
147205,34in Ultrawide Monitor,1,379.99,2019-01-30 07:56:00,"386 Center St, Atlanta, GA 30301",January
149658,34in Ultrawide Monitor,1,379.99,2019-01-30 18:46:00,"1 9th St, Dallas, TX 75001",January
141430,34in Ultrawide Monitor,1,379.99,2019-01-23 21:37:00,"428 Cedar St, Los Angeles, CA 90001",January
146308,34in Ultrawide Monitor,1,379.99,2019-01-17 21:54:00,"580 Wilson St, New York City, NY 10001",January
148354,34in Ultrawide Monitor,1,379.99,2019-01-19 13:56:00,"30 6th St, Seattle, WA 98101",January
149319,34in Ultrawide Monitor,1,379.99,2019-01-09 23:08:00,"40 Dogwood St, Los Angeles, CA 90001",January
146713,34in Ultrawide Monitor,1,379.99,2019-01-14 09:34:00,"64 Main St, Seattle, WA 98101",January
149269,34in Ultrawide Monitor,1,379.99,2019-01-18 14:32:00,"208 2nd St, Los Angeles, CA 90001",January
150312,34in Ultrawide Monitor,1,379.99,2019-01-23 10:01:00,"814 Forest St, San Francisco, CA 94016",January
141833,34in Ultrawide Monitor,1,379.99,2019-01-11 21:16:00,"689 6th St, San Francisco, CA 94016",January
144289,34in Ultrawide Monitor,1,379.99,2019-01-21 22:49:00,"449 Pine St, Boston, MA 02215",January
149405,34in Ultrawide Monitor,1,379.99,2019-01-31 19:17:00,"665 South St, San Francisco, CA 94016",January
159652,34in Ultrawide Monitor,1,379.99,2019-02-20 12:30:00,"561 5th St, Portland, OR 97035",February
152941,34in Ultrawide Monitor,1,379.99,2019-02-13 13:08:00,"975 Main St, Boston, MA 02215",February
156554,34in Ultrawide Monitor,1,379.99,2019-02-16 18:56:00,"380 Cedar St, San Francisco, CA 94016",February
150916,34in Ultrawide Monitor,1,379.99,2019-02-08 22:15:00,"844 5th St, Dallas, TX 75001",February
151361,34in Ultrawide Monitor,1,379.99,2019-02-14 14:52:00,"53 6th St, Boston, MA 02215",February
157565,34in Ultrawide Monitor,1,379.99,2019-02-18 21:11:00,"501 4th St, New York City, NY 10001",February
160757,34in Ultrawide Monitor,1,379.99,2019-02-04 18:08:00,"310 Meadow St, Los Angeles, CA 90001",February
156605,34in Ultrawide Monitor,1,379.99,2019-02-11 10:44:00,"974 10th St, Los Angeles, CA 90001",February
155182,34in Ultrawide Monitor,1,379.99,2019-02-06 23:40:00,"701 Walnut St, Los Angeles, CA 90001",February
153531,34in Ultrawide Monitor,1,379.99,2019-02-15 08:28:00,"678 2nd St, Los Angeles, CA 90001",February
151781,34in Ultrawide Monitor,1,379.99,2019-02-21 12:39:00,"202 Pine St, Boston, MA 02215",February
152734,34in Ultrawide Monitor,1,379.99,2019-02-08 14:19:00,"412 Maple St, San Francisco, CA 94016",February
154897,34in Ultrawide Monitor,1,379.99,2019-02-07 16:48:00,"904 Pine St, Austin, TX 73301",February
155305,34in Ultrawide Monitor,1,379.99,2019-02-01 21:22:00,"826 14th St, San Francisco, CA 94016",February
153805,34in Ultrawide Monitor,1,379.99,2019-02-26 14:24:00,"943 Washington St, Seattle, WA 98101",February
157218,34in Ultrawide Monitor,1,379.99,2019-02-07 13:42:00,"102 Center St, Atlanta, GA 30301",February
159134,34in Ultrawide Monitor,1,379.99,2019-02-11 09:52:00,"2 Lake St, Boston, MA 02215",February
151769,34in Ultrawide Monitor,1,379.99,2019-02-13 22:03:00,"27 Washington St, Portland, OR 97035",February
159228,34in Ultrawide Monitor,1,379.99,2019-02-18 13:29:00,"534 Park St, Seattle, WA 98101",February
160199,34in Ultrawide Monitor,1,379.99,2019-02-20 10:07:00,"813 4th St, New York City, NY 10001",February
151482,34in Ultrawide Monitor,1,379.99,2019-02-08 15:57:00,"397 Park St, Dallas, TX 75001",February
156354,34in Ultrawide Monitor,1,379.99,2019-02-27 22:22:00,"762 Adams St, New York City, NY 10001",February
158973,34in Ultrawide Monitor,1,379.99,2019-02-10 20:19:00,"602 Cherry St, San Francisco, CA 94016",February
159897,34in Ultrawide Monitor,1,379.99,2019-02-09 13:25:00,"704 Sunset St, Austin, TX 73301",February
160330,34in Ultrawide Monitor,1,379.99,2019-02-25 13:33:00,"999 Lakeview St, Boston, MA 02215",February
161443,34in Ultrawide Monitor,1,379.99,2019-02-17 09:31:00,"409 Pine St, New York City, NY 10001",February
161922,34in Ultrawide Monitor,1,379.99,2019-02-09 10:08:00,"783 Elm St, Portland, ME 04101",February
159336,34in Ultrawide Monitor,1,379.99,2019-02-18 00:35:00,"195 Pine St, San Francisco, CA 94016",February
159392,34in Ultrawide Monitor,1,379.99,2019-02-28 11:39:00,"527 Jefferson St, San Francisco, CA 94016",February
161449,34in Ultrawide Monitor,1,379.99,2019-02-18 17:36:00,"596 Lake St, Dallas, TX 75001",February
156464,34in Ultrawide Monitor,1,379.99,2019-02-19 13:13:00,"699 Madison St, New York City, NY 10001",February
153034,34in Ultrawide Monitor,1,379.99,2019-02-26 17:05:00,"814 River St, Los Angeles, CA 90001",February
159766,34in Ultrawide Monitor,1,379.99,2019-02-23 18:01:00,"782 12th St, New York City, NY 10001",February
151596,34in Ultrawide Monitor,1,379.99,2019-02-27 19:44:00,"683 Meadow St, Boston, MA 02215",February
156534,34in Ultrawide Monitor,1,379.99,2019-02-12 21:54:00,"291 5th St, San Francisco, CA 94016",February
152792,34in Ultrawide Monitor,1,379.99,2019-02-21 09:13:00,"134 Chestnut St, Seattle, WA 98101",February
158805,34in Ultrawide Monitor,1,379.99,2019-02-16 10:44:00,"345 Lakeview St, Los Angeles, CA 90001",February
150880,34in Ultrawide Monitor,1,379.99,2019-02-03 19:18:00,"548 Pine St, San Francisco, CA 94016",February
154295,34in Ultrawide Monitor,1,379.99,2019-02-28 05:18:00,"244 Madison St, Los Angeles, CA 90001",February
156248,34in Ultrawide Monitor,1,379.99,2019-02-03 16:18:00,"959 Main St, Atlanta, GA 30301",February
159022,34in Ultrawide Monitor,1,379.99,2019-02-15 14:22:00,"15 11th St, Dallas, TX 75001",February
161041,34in Ultrawide Monitor,1,379.99,2019-02-22 10:29:00,"383 Hill St, San Francisco, CA 94016",February
155668,34in Ultrawide Monitor,1,379.99,2019-02-16 08:15:00,"570 Sunset St, San Francisco, CA 94016",February
158544,34in Ultrawide Monitor,1,379.99,2019-02-19 00:06:00,"290 7th St, Boston, MA 02215",February
150724,34in Ultrawide Monitor,1,379.99,2019-02-14 18:37:00,"168 Forest St, Seattle, WA 98101",February
152708,34in Ultrawide Monitor,1,379.99,2019-02-20 14:45:00,"274 Highland St, Atlanta, GA 30301",February
151170,34in Ultrawide Monitor,1,379.99,2019-02-01 17:29:00,"625 Park St, Boston, MA 02215",February
154240,34in Ultrawide Monitor,1,379.99,2019-02-13 09:02:00,"441 Hickory St, Los Angeles, CA 90001",February
161023,34in Ultrawide Monitor,1,379.99,2019-02-27 11:53:00,"96 River St, Seattle, WA 98101",February
151018,34in Ultrawide Monitor,1,379.99,2019-02-05 09:18:00,"896 Chestnut St, Los Angeles, CA 90001",February
152777,34in Ultrawide Monitor,1,379.99,2019-02-11 17:01:00,"396 14th St, Portland, OR 97035",February
155174,34in Ultrawide Monitor,1,379.99,2019-02-27 09:30:00,"63 Jefferson St, San Francisco, CA 94016",February
155940,34in Ultrawide Monitor,1,379.99,2019-02-11 18:30:00,"778 Hill St, Portland, ME 04101",February
155012,34in Ultrawide Monitor,1,379.99,2019-02-01 20:11:00,"697 Church St, Dallas, TX 75001",February
155201,34in Ultrawide Monitor,1,379.99,2019-02-07 20:47:00,"375 Johnson St, Los Angeles, CA 90001",February
158653,34in Ultrawide Monitor,1,379.99,2019-02-07 21:50:00,"516 1st St, Atlanta, GA 30301",February
158050,34in Ultrawide Monitor,1,379.99,2019-02-15 17:34:00,"328 Main St, San Francisco, CA 94016",February
150855,34in Ultrawide Monitor,1,379.99,2019-02-11 14:38:00,"418 North St, Dallas, TX 75001",February
153463,34in Ultrawide Monitor,1,379.99,2019-02-19 15:31:00,"783 1st St, Los Angeles, CA 90001",February
156657,34in Ultrawide Monitor,1,379.99,2019-02-20 22:31:00,"230 Chestnut St, New York City, NY 10001",February
160054,34in Ultrawide Monitor,1,379.99,2019-02-04 13:18:00,"825 Meadow St, Portland, OR 97035",February
157918,34in Ultrawide Monitor,1,379.99,2019-02-25 09:35:00,"644 5th St, San Francisco, CA 94016",February
158054,34in Ultrawide Monitor,1,379.99,2019-02-10 20:39:00,"176 12th St, Boston, MA 02215",February
150624,34in Ultrawide Monitor,1,379.99,2019-02-16 09:59:00,"582 Wilson St, Los Angeles, CA 90001",February
152021,34in Ultrawide Monitor,1,379.99,2019-02-10 20:59:00,"879 Hickory St, New York City, NY 10001",February
160341,34in Ultrawide Monitor,1,379.99,2019-02-17 18:13:00,"371 11th St, Los Angeles, CA 90001",February
161607,34in Ultrawide Monitor,1,379.99,2019-02-17 16:16:00,"612 Chestnut St, Atlanta, GA 30301",February
151032,34in Ultrawide Monitor,1,379.99,2019-02-09 22:49:00,"799 Park St, Dallas, TX 75001",February
153510,34in Ultrawide Monitor,1,379.99,2019-02-09 17:28:00,"250 Lake St, Boston, MA 02215",February
158924,34in Ultrawide Monitor,1,379.99,2019-02-20 06:35:00,"849 1st St, Portland, OR 97035",February
150698,34in Ultrawide Monitor,1,379.99,2019-02-08 13:19:00,"375 Maple St, Los Angeles, CA 90001",February
154129,34in Ultrawide Monitor,1,379.99,2019-02-18 16:51:00,"969 Highland St, Atlanta, GA 30301",February
158116,34in Ultrawide Monitor,1,379.99,2019-02-13 17:07:00,"496 Cedar St, Dallas, TX 75001",February
172641,34in Ultrawide Monitor,1,379.99,2019-03-04 20:24:00,"890 Sunset St, Atlanta, GA 30301",March
173419,34in Ultrawide Monitor,1,379.99,2019-03-07 17:35:00,"888 7th St, San Francisco, CA 94016",March
174190,34in Ultrawide Monitor,1,379.99,2019-03-21 01:07:00,"385 13th St, San Francisco, CA 94016",March
174270,34in Ultrawide Monitor,1,379.99,2019-03-21 11:20:00,"215 Center St, Atlanta, GA 30301",March
165729,34in Ultrawide Monitor,1,379.99,2019-03-23 19:24:00,"217 Walnut St, Los Angeles, CA 90001",March
171230,34in Ultrawide Monitor,1,379.99,2019-03-30 23:18:00,"682 Park St, San Francisco, CA 94016",March
174007,34in Ultrawide Monitor,1,379.99,2019-03-04 13:22:00,"621 Walnut St, San Francisco, CA 94016",March
164472,34in Ultrawide Monitor,1,379.99,2019-03-27 21:07:00,"618 River St, Seattle, WA 98101",March
166243,34in Ultrawide Monitor,1,379.99,2019-03-12 17:46:00,"910 7th St, Boston, MA 02215",March
171521,34in Ultrawide Monitor,1,379.99,2019-03-22 13:35:00,"735 Pine St, San Francisco, CA 94016",March
173905,34in Ultrawide Monitor,1,379.99,2019-03-09 17:19:00,"48 Lincoln St, San Francisco, CA 94016",March
168656,34in Ultrawide Monitor,1,379.99,2019-03-25 19:34:00,"109 12th St, New York City, NY 10001",March
174819,34in Ultrawide Monitor,1,379.99,2019-03-25 13:13:00,"890 Lincoln St, Portland, OR 97035",March
175657,34in Ultrawide Monitor,1,379.99,2019-03-26 21:09:00,"878 Ridge St, Los Angeles, CA 90001",March
164160,34in Ultrawide Monitor,1,379.99,2019-03-30 16:25:00,"493 Sunset St, Los Angeles, CA 90001",March
169100,34in Ultrawide Monitor,1,379.99,2019-03-21 21:42:00,"5 7th St, Dallas, TX 75001",March
169195,34in Ultrawide Monitor,1,379.99,2019-03-29 22:31:00,"76 Cherry St, San Francisco, CA 94016",March
170352,34in Ultrawide Monitor,1,379.99,2019-03-31 22:07:00,"48 Pine St, San Francisco, CA 94016",March
170641,34in Ultrawide Monitor,1,379.99,2019-03-28 01:30:00,"879 14th St, Seattle, WA 98101",March
174108,34in Ultrawide Monitor,1,379.99,2019-03-05 09:51:00,"705 Jefferson St, San Francisco, CA 94016",March
175711,34in Ultrawide Monitor,1,379.99,2019-03-02 11:19:00,"222 Wilson St, New York City, NY 10001",March
162899,34in Ultrawide Monitor,1,379.99,2019-03-17 19:42:00,"577 Lincoln St, Dallas, TX 75001",March
163078,34in Ultrawide Monitor,1,379.99,2019-03-14 11:41:00,"601 14th St, New York City, NY 10001",March
163135,34in Ultrawide Monitor,1,379.99,2019-03-03 16:11:00,"290 13th St, Seattle, WA 98101",March
163690,34in Ultrawide Monitor,1,379.99,2019-03-05 20:38:00,"925 Dogwood St, Boston, MA 02215",March
166087,34in Ultrawide Monitor,1,379.99,2019-03-27 15:49:00,"133 Johnson St, Austin, TX 73301",March
169528,34in Ultrawide Monitor,1,379.99,2019-03-07 20:50:00,"265 Ridge St, Portland, ME 04101",March
176389,34in Ultrawide Monitor,1,379.99,2019-03-23 15:44:00,"936 12th St, San Francisco, CA 94016",March
168742,34in Ultrawide Monitor,1,379.99,2019-03-07 22:34:00,"953 Lincoln St, Dallas, TX 75001",March
170574,34in Ultrawide Monitor,1,379.99,2019-03-23 09:05:00,"690 Adams St, Seattle, WA 98101",March
171106,34in Ultrawide Monitor,1,379.99,2019-03-15 12:27:00,"110 14th St, Dallas, TX 75001",March
172159,34in Ultrawide Monitor,1,379.99,2019-03-06 19:58:00,"23 Willow St, San Francisco, CA 94016",March
166142,34in Ultrawide Monitor,1,379.99,2019-03-11 13:35:00,"387 14th St, Atlanta, GA 30301",March
166351,34in Ultrawide Monitor,1,379.99,2019-03-15 10:42:00,"457 Elm St, Atlanta, GA 30301",March
170587,34in Ultrawide Monitor,1,379.99,2019-03-18 12:39:00,"494 Maple St, San Francisco, CA 94016",March
175467,34in Ultrawide Monitor,1,379.99,2019-03-03 11:45:00,"130 14th St, Los Angeles, CA 90001",March
167153,34in Ultrawide Monitor,1,379.99,2019-03-28 20:06:00,"129 Jefferson St, Boston, MA 02215",March
169525,34in Ultrawide Monitor,1,379.99,2019-03-29 13:03:00,"655 Forest St, New York City, NY 10001",March
175664,34in Ultrawide Monitor,1,379.99,2019-03-27 18:33:00,"76 1st St, Los Angeles, CA 90001",March
176328,34in Ultrawide Monitor,1,379.99,2019-03-09 15:55:00,"446 Jefferson St, Seattle, WA 98101",March
162719,34in Ultrawide Monitor,1,379.99,2019-03-18 12:25:00,"270 Church St, San Francisco, CA 94016",March
166642,34in Ultrawide Monitor,1,379.99,2019-03-22 13:55:00,"375 Lake St, Los Angeles, CA 90001",March
168457,34in Ultrawide Monitor,1,379.99,2019-03-27 20:21:00,"799 Wilson St, New York City, NY 10001",March
171625,34in Ultrawide Monitor,1,379.99,2019-03-31 10:22:00,"398 Walnut St, Dallas, TX 75001",March
171956,34in Ultrawide Monitor,1,379.99,2019-03-23 13:35:00,"442 Hill St, New York City, NY 10001",March
175185,34in Ultrawide Monitor,1,379.99,2019-03-27 20:14:00,"596 1st St, Boston, MA 02215",March
176227,34in Ultrawide Monitor,1,379.99,2019-03-15 14:55:00,"823 North St, Dallas, TX 75001",March
162882,34in Ultrawide Monitor,1,379.99,2019-03-12 23:10:00,"345 Forest St, Portland, OR 97035",March
170437,34in Ultrawide Monitor,1,379.99,2019-03-06 21:13:00,"9 Lakeview St, Dallas, TX 75001",March
166952,34in Ultrawide Monitor,1,379.99,2019-03-14 08:19:00,"571 Jackson St, New York City, NY 10001",March
169073,34in Ultrawide Monitor,1,379.99,2019-03-20 12:26:00,"797 Church St, Seattle, WA 98101",March
170044,34in Ultrawide Monitor,1,379.99,2019-03-17 20:19:00,"559 Ridge St, Portland, OR 97035",March
171726,34in Ultrawide Monitor,1,379.99,2019-03-27 13:29:00,"771 12th St, Dallas, TX 75001",March
173111,34in Ultrawide Monitor,1,379.99,2019-03-06 07:22:00,"34 12th St, San Francisco, CA 94016",March
172580,34in Ultrawide Monitor,1,379.99,2019-03-14 13:35:00,"807 Washington St, Los Angeles, CA 90001",March
164565,34in Ultrawide Monitor,1,379.99,2019-03-30 10:49:00,"194 Willow St, San Francisco, CA 94016",March
165677,34in Ultrawide Monitor,1,379.99,2019-03-11 11:44:00,"902 11th St, Seattle, WA 98101",March
168865,34in Ultrawide Monitor,1,379.99,2019-03-01 15:33:00,"414 2nd St, San Francisco, CA 94016",March
169154,34in Ultrawide Monitor,1,379.99,2019-03-06 16:56:00,"21 Johnson St, San Francisco, CA 94016",March
170138,34in Ultrawide Monitor,1,379.99,2019-03-07 11:41:00,"728 Forest St, Atlanta, GA 30301",March
162630,34in Ultrawide Monitor,1,379.99,2019-03-09 00:36:00,"418 7th St, Boston, MA 02215",March
171385,34in Ultrawide Monitor,1,379.99,2019-03-24 23:41:00,"653 6th St, Seattle, WA 98101",March
172720,34in Ultrawide Monitor,1,379.99,2019-03-15 09:42:00,"617 Jefferson St, New York City, NY 10001",March
174150,34in Ultrawide Monitor,1,379.99,2019-03-22 21:57:00,"966 2nd St, San Francisco, CA 94016",March
163475,34in Ultrawide Monitor,1,379.99,2019-03-24 15:34:00,"604 4th St, San Francisco, CA 94016",March
168196,34in Ultrawide Monitor,1,379.99,2019-03-03 20:11:00,"157 Lakeview St, Portland, OR 97035",March
169126,34in Ultrawide Monitor,1,379.99,2019-03-09 20:53:00,"202 Park St, Portland, OR 97035",March
170718,34in Ultrawide Monitor,1,379.99,2019-03-04 18:56:00,"669 Hickory St, Boston, MA 02215",March
174782,34in Ultrawide Monitor,1,379.99,2019-03-13 18:50:00,"411 Jackson St, Atlanta, GA 30301",March
169566,34in Ultrawide Monitor,1,379.99,2019-03-28 22:27:00,"340 2nd St, Atlanta, GA 30301",March
164096,34in Ultrawide Monitor,1,379.99,2019-03-22 20:36:00,"707 Center St, New York City, NY 10001",March
165513,34in Ultrawide Monitor,1,379.99,2019-03-19 02:18:00,"610 11th St, Atlanta, GA 30301",March
165730,34in Ultrawide Monitor,1,379.99,2019-03-08 21:16:00,"769 Meadow St, New York City, NY 10001",March
168861,34in Ultrawide Monitor,1,379.99,2019-03-03 09:13:00,"92 Jackson St, New York City, NY 10001",March
169699,34in Ultrawide Monitor,1,379.99,2019-03-28 12:57:00,"268 Lake St, New York City, NY 10001",March
169784,34in Ultrawide Monitor,1,379.99,2019-03-11 17:07:00,"544 South St, San Francisco, CA 94016",March
162857,34in Ultrawide Monitor,1,379.99,2019-03-05 00:08:00,"15 Madison St, Los Angeles, CA 90001",March
164843,34in Ultrawide Monitor,1,379.99,2019-03-02 08:50:00,"158 Lakeview St, Boston, MA 02215",March
168451,34in Ultrawide Monitor,1,379.99,2019-03-27 11:03:00,"969 Ridge St, New York City, NY 10001",March
168434,34in Ultrawide Monitor,1,379.99,2019-03-22 10:11:00,"787 Park St, San Francisco, CA 94016",March
168964,34in Ultrawide Monitor,1,379.99,2019-03-17 14:11:00,"545 Hill St, Los Angeles, CA 90001",March
171211,34in Ultrawide Monitor,1,379.99,2019-03-10 11:35:00,"337 Meadow St, San Francisco, CA 94016",March
173093,34in Ultrawide Monitor,1,379.99,2019-03-02 15:05:00,"882 Ridge St, Austin, TX 73301",March
174452,34in Ultrawide Monitor,1,379.99,2019-03-30 20:27:00,"517 7th St, San Francisco, CA 94016",March
162600,34in Ultrawide Monitor,1,379.99,2019-03-18 10:48:00,"198 Jefferson St, Dallas, TX 75001",March
163250,34in Ultrawide Monitor,1,379.99,2019-03-10 16:32:00,"733 7th St, New York City, NY 10001",March
168261,34in Ultrawide Monitor,1,379.99,2019-03-15 20:54:00,"12 South St, San Francisco, CA 94016",March
169423,34in Ultrawide Monitor,1,379.99,2019-03-18 22:58:00,"26 Lincoln St, Austin, TX 73301",March
163408,34in Ultrawide Monitor,1,379.99,2019-03-27 21:57:00,"104 Lake St, Dallas, TX 75001",March
164052,34in Ultrawide Monitor,1,379.99,2019-03-10 11:33:00,"927 Dogwood St, San Francisco, CA 94016",March
171417,34in Ultrawide Monitor,1,379.99,2019-03-09 10:57:00,"213 Lake St, San Francisco, CA 94016",March
167866,34in Ultrawide Monitor,1,379.99,2019-03-06 15:37:00,"710 Elm St, San Francisco, CA 94016",March
170984,34in Ultrawide Monitor,1,379.99,2019-03-24 15:38:00,"254 8th St, Austin, TX 73301",March
168052,34in Ultrawide Monitor,1,379.99,2019-03-21 10:17:00,"945 Highland St, Dallas, TX 75001",March
169571,34in Ultrawide Monitor,1,379.99,2019-03-19 19:34:00,"929 Madison St, San Francisco, CA 94016",March
163477,34in Ultrawide Monitor,1,379.99,2019-03-30 01:20:00,"104 Cedar St, Boston, MA 02215",March
173754,34in Ultrawide Monitor,1,379.99,2019-03-24 22:05:00,"901 12th St, Portland, OR 97035",March
162347,34in Ultrawide Monitor,1,379.99,2019-03-31 19:04:00,"805 Jackson St, Austin, TX 73301",March
168756,34in Ultrawide Monitor,1,379.99,2019-03-14 19:59:00,"247 Lincoln St, San Francisco, CA 94016",March
173704,34in Ultrawide Monitor,1,379.99,2019-03-25 22:00:00,"4 South St, Boston, MA 02215",March
163493,34in Ultrawide Monitor,1,379.99,2019-03-24 18:29:00,"685 Meadow St, Los Angeles, CA 90001",March
170153,34in Ultrawide Monitor,1,379.99,2019-03-23 12:47:00,"42 Washington St, New York City, NY 10001",March
185057,34in Ultrawide Monitor,1,379.99,2019-04-04 10:28:00,"474 Lincoln St, New York City, NY 10001",April
191952,34in Ultrawide Monitor,1,379.99,2019-04-26 13:13:00,"603 7th St, Los Angeles, CA 90001",April
180150,34in Ultrawide Monitor,1,379.99,2019-04-14 15:11:00,"632 Lakeview St, Los Angeles, CA 90001",April
180643,34in Ultrawide Monitor,1,379.99,2019-04-09 00:15:00,"277 6th St, Austin, TX 73301",April
183877,34in Ultrawide Monitor,1,379.99,2019-04-15 00:52:00,"330 Willow St, New York City, NY 10001",April
188516,34in Ultrawide Monitor,1,379.99,2019-04-12 00:51:00,"173 Main St, San Francisco, CA 94016",April
190431,34in Ultrawide Monitor,1,379.99,2019-04-05 10:01:00,"934 Cherry St, Dallas, TX 75001",April
176778,34in Ultrawide Monitor,1,379.99,2019-04-12 17:46:00,"201 Madison St, San Francisco, CA 94016",April
178390,34in Ultrawide Monitor,1,379.99,2019-04-01 22:49:00,"530 Center St, San Francisco, CA 94016",April
186655,34in Ultrawide Monitor,1,379.99,2019-04-20 09:34:00,"465 10th St, Atlanta, GA 30301",April
190582,34in Ultrawide Monitor,1,379.99,2019-04-24 14:57:00,"34 11th St, Boston, MA 02215",April
192417,34in Ultrawide Monitor,1,379.99,2019-04-25 12:40:00,"510 Highland St, San Francisco, CA 94016",April
178042,34in Ultrawide Monitor,1,379.99,2019-04-11 20:37:00,"234 5th St, New York City, NY 10001",April
185495,34in Ultrawide Monitor,1,379.99,2019-04-09 23:07:00,"714 Sunset St, San Francisco, CA 94016",April
188011,34in Ultrawide Monitor,1,379.99,2019-04-26 00:53:00,"553 Church St, Boston, MA 02215",April
192411,34in Ultrawide Monitor,1,379.99,2019-04-18 09:26:00,"512 Cherry St, New York City, NY 10001",April
177082,34in Ultrawide Monitor,1,379.99,2019-04-12 02:30:00,"15 Johnson St, Seattle, WA 98101",April
178716,34in Ultrawide Monitor,1,379.99,2019-04-14 22:20:00,"245 Wilson St, New York City, NY 10001",April
179030,34in Ultrawide Monitor,1,379.99,2019-04-26 10:28:00,"206 Lake St, Los Angeles, CA 90001",April
192140,34in Ultrawide Monitor,1,379.99,2019-04-23 18:45:00,"181 Lake St, Portland, OR 97035",April
180821,34in Ultrawide Monitor,1,379.99,2019-04-28 17:26:00,"564 2nd St, Boston, MA 02215",April
180926,34in Ultrawide Monitor,1,379.99,2019-04-20 22:01:00,"887 Highland St, Dallas, TX 75001",April
190506,34in Ultrawide Monitor,1,379.99,2019-04-23 08:07:00,"867 Johnson St, San Francisco, CA 94016",April
191029,34in Ultrawide Monitor,1,379.99,2019-04-05 13:09:00,"510 Lake St, Los Angeles, CA 90001",April
191405,34in Ultrawide Monitor,1,379.99,2019-04-02 14:01:00,"361 5th St, New York City, NY 10001",April
177955,34in Ultrawide Monitor,1,379.99,2019-04-26 12:11:00,"71 Lake St, San Francisco, CA 94016",April
181113,34in Ultrawide Monitor,1,379.99,2019-04-25 15:43:00,"262 Wilson St, Atlanta, GA 30301",April
183885,34in Ultrawide Monitor,1,379.99,2019-04-16 15:54:00,"554 Dogwood St, Atlanta, GA 30301",April
187513,34in Ultrawide Monitor,1,379.99,2019-04-16 18:48:00,"507 6th St, Los Angeles, CA 90001",April
193912,34in Ultrawide Monitor,1,379.99,2019-04-06 09:03:00,"230 Washington St, New York City, NY 10001",April
190670,34in Ultrawide Monitor,1,379.99,2019-04-19 13:44:00,"626 Johnson St, San Francisco, CA 94016",April
191513,34in Ultrawide Monitor,1,379.99,2019-04-23 19:25:00,"740 Madison St, Boston, MA 02215",April
181030,34in Ultrawide Monitor,1,379.99,2019-04-10 21:48:00,"397 Main St, Seattle, WA 98101",April
183222,34in Ultrawide Monitor,1,379.99,2019-04-04 02:21:00,"141 Lincoln St, Atlanta, GA 30301",April
183916,34in Ultrawide Monitor,1,379.99,2019-04-02 10:40:00,"545 Hill St, Portland, OR 97035",April
185443,34in Ultrawide Monitor,1,379.99,2019-04-06 10:09:00,"631 14th St, San Francisco, CA 94016",April
188380,34in Ultrawide Monitor,1,379.99,2019-04-14 18:48:00,"344 2nd St, Los Angeles, CA 90001",April
191317,34in Ultrawide Monitor,1,379.99,2019-04-04 22:11:00,"988 4th St, Atlanta, GA 30301",April
178826,34in Ultrawide Monitor,1,379.99,2019-04-09 07:20:00,"968 Dogwood St, New York City, NY 10001",April
185097,34in Ultrawide Monitor,1,379.99,2019-04-19 20:20:00,"38 Pine St, New York City, NY 10001",April
190084,34in Ultrawide Monitor,1,379.99,2019-04-18 11:00:00,"634 Highland St, San Francisco, CA 94016",April
191371,34in Ultrawide Monitor,1,379.99,2019-04-23 08:59:00,"733 Chestnut St, Atlanta, GA 30301",April
192967,34in Ultrawide Monitor,1,379.99,2019-04-27 20:12:00,"322 Cherry St, Los Angeles, CA 90001",April
180764,34in Ultrawide Monitor,1,379.99,2019-04-13 11:27:00,"423 Wilson St, Atlanta, GA 30301",April
185018,34in Ultrawide Monitor,1,379.99,2019-04-11 00:07:00,"853 Pine St, Seattle, WA 98101",April
191567,34in Ultrawide Monitor,1,379.99,2019-04-16 21:06:00,"717 Highland St, Los Angeles, CA 90001",April
181411,34in Ultrawide Monitor,1,379.99,2019-04-20 13:56:00,"233 7th St, New York City, NY 10001",April
182177,34in Ultrawide Monitor,1,379.99,2019-04-15 13:59:00,"9 Wilson St, Boston, MA 02215",April
182251,34in Ultrawide Monitor,1,379.99,2019-04-16 11:39:00,"207 11th St, New York City, NY 10001",April
185249,34in Ultrawide Monitor,1,379.99,2019-04-17 10:50:00,"401 4th St, San Francisco, CA 94016",April
190842,34in Ultrawide Monitor,1,379.99,2019-04-12 15:32:00,"411 Wilson St, Portland, OR 97035",April
192475,34in Ultrawide Monitor,1,379.99,2019-04-14 13:00:00,"846 Johnson St, Boston, MA 02215",April
181342,34in Ultrawide Monitor,1,379.99,2019-04-09 23:03:00,"725 Cedar St, Atlanta, GA 30301",April
182095,34in Ultrawide Monitor,1,379.99,2019-04-28 13:27:00,"683 Forest St, Boston, MA 02215",April
187596,34in Ultrawide Monitor,1,379.99,2019-04-26 20:33:00,"618 Main St, San Francisco, CA 94016",April
183374,34in Ultrawide Monitor,1,379.99,2019-04-24 13:30:00,"483 Wilson St, Boston, MA 02215",April
185285,34in Ultrawide Monitor,1,379.99,2019-04-12 20:00:00,"13 2nd St, San Francisco, CA 94016",April
186091,34in Ultrawide Monitor,1,379.99,2019-04-24 03:35:00,"80 11th St, San Francisco, CA 94016",April
188229,34in Ultrawide Monitor,1,379.99,2019-04-09 16:31:00,"943 Lincoln St, Seattle, WA 98101",April
191824,34in Ultrawide Monitor,1,379.99,2019-04-30 16:09:00,"419 10th St, Los Angeles, CA 90001",April
193833,34in Ultrawide Monitor,1,379.99,2019-04-06 09:40:00,"413 Center St, Portland, ME 04101",April
178346,34in Ultrawide Monitor,1,379.99,2019-04-14 08:59:00,"417 Main St, San Francisco, CA 94016",April
180035,34in Ultrawide Monitor,1,379.99,2019-04-10 07:32:00,"798 12th St, Los Angeles, CA 90001",April
193834,34in Ultrawide Monitor,1,379.99,2019-04-26 13:20:00,"688 Highland St, Atlanta, GA 30301",April
188179,34in Ultrawide Monitor,1,379.99,2019-04-09 15:59:00,"940 5th St, Austin, TX 73301",April
193167,34in Ultrawide Monitor,1,379.99,2019-04-27 18:27:00,"225 North St, Los Angeles, CA 90001",April
190225,34in Ultrawide Monitor,1,379.99,2019-04-01 21:58:00,"354 5th St, Los Angeles, CA 90001",April
193229,34in Ultrawide Monitor,1,379.99,2019-04-09 17:06:00,"814 14th St, New York City, NY 10001",April
180635,34in Ultrawide Monitor,1,379.99,2019-04-07 16:38:00,"8 Dogwood St, Seattle, WA 98101",April
183448,34in Ultrawide Monitor,1,379.99,2019-04-19 17:35:00,"283 12th St, Portland, OR 97035",April
183667,34in Ultrawide Monitor,1,379.99,2019-04-09 10:36:00,"687 13th St, Boston, MA 02215",April
181016,34in Ultrawide Monitor,1,379.99,2019-04-01 07:42:00,"26 Cedar St, Atlanta, GA 30301",April
182040,34in Ultrawide Monitor,1,379.99,2019-04-15 09:26:00,"175 Jefferson St, Atlanta, GA 30301",April
184005,34in Ultrawide Monitor,1,379.99,2019-04-08 15:46:00,"305 6th St, San Francisco, CA 94016",April
193415,34in Ultrawide Monitor,1,379.99,2019-04-23 18:43:00,"604 Park St, Boston, MA 02215",April
178548,34in Ultrawide Monitor,1,379.99,2019-04-12 20:13:00,"773 Dogwood St, New York City, NY 10001",April
182760,34in Ultrawide Monitor,1,379.99,2019-04-06 15:08:00,"309 Center St, Dallas, TX 75001",April
184807,34in Ultrawide Monitor,1,379.99,2019-04-21 21:56:00,"924 5th St, New York City, NY 10001",April
184871,34in Ultrawide Monitor,1,379.99,2019-04-14 20:59:00,"600 Chestnut St, Atlanta, GA 30301",April
185706,34in Ultrawide Monitor,1,379.99,2019-04-29 07:44:00,"487 5th St, Portland, OR 97035",April
189886,34in Ultrawide Monitor,1,379.99,2019-04-27 20:02:00,"662 14th St, San Francisco, CA 94016",April
192286,34in Ultrawide Monitor,1,379.99,2019-04-02 13:24:00,"481 Jackson St, Portland, ME 04101",April
193322,34in Ultrawide Monitor,1,379.99,2019-04-21 13:45:00,"266 Jefferson St, San Francisco, CA 94016",April
182043,34in Ultrawide Monitor,1,379.99,2019-04-16 22:16:00,"348 Highland St, San Francisco, CA 94016",April
184343,34in Ultrawide Monitor,1,379.99,2019-04-24 21:24:00,"894 7th St, Seattle, WA 98101",April
184935,34in Ultrawide Monitor,1,379.99,2019-04-20 14:38:00,"360 Highland St, Austin, TX 73301",April
185384,34in Ultrawide Monitor,1,379.99,2019-04-20 09:21:00,"416 7th St, Los Angeles, CA 90001",April
185430,34in Ultrawide Monitor,1,379.99,2019-04-18 09:40:00,"916 Park St, Dallas, TX 75001",April
190890,34in Ultrawide Monitor,1,379.99,2019-04-03 16:36:00,"886 Cedar St, Atlanta, GA 30301",April
192482,34in Ultrawide Monitor,1,379.99,2019-04-14 08:17:00,"581 12th St, Dallas, TX 75001",April
193812,34in Ultrawide Monitor,1,379.99,2019-04-03 18:41:00,"277 Lincoln St, Portland, OR 97035",April
179259,34in Ultrawide Monitor,1,379.99,2019-04-07 18:40:00,"979 Wilson St, Portland, OR 97035",April
182398,34in Ultrawide Monitor,1,379.99,2019-04-14 14:25:00,"524 10th St, New York City, NY 10001",April
182503,34in Ultrawide Monitor,1,379.99,2019-04-22 13:31:00,"643 Lincoln St, Los Angeles, CA 90001",April
183232,34in Ultrawide Monitor,1,379.99,2019-04-07 18:58:00,"98 Forest St, Dallas, TX 75001",April
185393,34in Ultrawide Monitor,1,379.99,2019-04-20 13:12:00,"174 Washington St, New York City, NY 10001",April
177261,34in Ultrawide Monitor,1,379.99,2019-04-16 23:25:00,"804 8th St, Boston, MA 02215",April
189947,34in Ultrawide Monitor,1,379.99,2019-04-29 10:45:00,"512 Forest St, Los Angeles, CA 90001",April
188943,34in Ultrawide Monitor,1,379.99,2019-04-10 20:40:00,"779 Maple St, New York City, NY 10001",April
189449,34in Ultrawide Monitor,1,379.99,2019-04-28 11:31:00,"29 Jefferson St, San Francisco, CA 94016",April
192133,34in Ultrawide Monitor,1,379.99,2019-04-09 15:37:00,"203 9th St, Boston, MA 02215",April
192033,34in Ultrawide Monitor,1,379.99,2019-04-03 18:46:00,"241 13th St, Los Angeles, CA 90001",April
179529,34in Ultrawide Monitor,1,379.99,2019-04-21 17:08:00,"295 13th St, San Francisco, CA 94016",April
179887,34in Ultrawide Monitor,1,379.99,2019-04-18 14:59:00,"397 Elm St, New York City, NY 10001",April
183446,34in Ultrawide Monitor,1,379.99,2019-04-24 01:59:00,"234 Wilson St, Austin, TX 73301",April
188804,34in Ultrawide Monitor,1,379.99,2019-04-15 11:20:00,"156 Sunset St, New York City, NY 10001",April
179996,34in Ultrawide Monitor,1,379.99,2019-04-14 00:20:00,"829 Jackson St, Dallas, TX 75001",April
182602,34in Ultrawide Monitor,1,379.99,2019-04-13 11:46:00,"629 7th St, Los Angeles, CA 90001",April
189287,34in Ultrawide Monitor,1,379.99,2019-04-17 22:35:00,"249 Johnson St, Austin, TX 73301",April
191302,34in Ultrawide Monitor,1,379.99,2019-04-07 15:53:00,"441 Pine St, New York City, NY 10001",April
191600,34in Ultrawide Monitor,1,379.99,2019-04-02 13:49:00,"772 North St, San Francisco, CA 94016",April
192156,34in Ultrawide Monitor,1,379.99,2019-04-06 18:16:00,"345 7th St, Portland, OR 97035",April
193180,34in Ultrawide Monitor,1,379.99,2019-04-24 17:50:00,"179 Hickory St, Seattle, WA 98101",April
183770,34in Ultrawide Monitor,1,379.99,2019-04-28 13:01:00,"220 Highland St, San Francisco, CA 94016",April
176916,34in Ultrawide Monitor,1,379.99,2019-04-18 07:45:00,"285 Cedar St, San Francisco, CA 94016",April
178373,34in Ultrawide Monitor,1,379.99,2019-04-08 06:44:00,"372 10th St, Los Angeles, CA 90001",April
192696,34in Ultrawide Monitor,1,379.99,2019-04-01 08:32:00,"925 South St, San Francisco, CA 94016",April
205724,34in Ultrawide Monitor,1,379.99,2019-05-12 23:42:00,"888 10th St, San Francisco, CA 94016",May
194760,34in Ultrawide Monitor,1,379.99,2019-05-04 16:36:00,"964 Hill St, Seattle, WA 98101",May
203053,34in Ultrawide Monitor,1,379.99,2019-05-09 12:07:00,"81 Lincoln St, San Francisco, CA 94016",May
205660,34in Ultrawide Monitor,1,379.99,2019-05-23 11:27:00,"574 Ridge St, Austin, TX 73301",May
206417,34in Ultrawide Monitor,1,379.99,2019-05-24 08:30:00,"401 River St, New York City, NY 10001",May
197334,34in Ultrawide Monitor,1,379.99,2019-05-25 06:05:00,"840 Hill St, San Francisco, CA 94016",May
205527,34in Ultrawide Monitor,1,379.99,2019-05-26 11:09:00,"104 Adams St, Seattle, WA 98101",May
205822,34in Ultrawide Monitor,1,379.99,2019-05-18 21:58:00,"223 12th St, San Francisco, CA 94016",May
209131,34in Ultrawide Monitor,1,379.99,2019-05-21 23:41:00,"955 Forest St, Dallas, TX 75001",May
195558,34in Ultrawide Monitor,1,379.99,2019-05-22 12:39:00,"732 12th St, Portland, OR 97035",May
196874,34in Ultrawide Monitor,1,379.99,2019-05-23 19:26:00,"337 1st St, Portland, OR 97035",May
198200,34in Ultrawide Monitor,1,379.99,2019-05-11 19:19:00,"953 14th St, Atlanta, GA 30301",May
204118,34in Ultrawide Monitor,1,379.99,2019-05-22 20:07:00,"143 9th St, Portland, ME 04101",May
194745,34in Ultrawide Monitor,1,379.99,2019-05-28 16:59:00,"164 6th St, Los Angeles, CA 90001",May
199522,34in Ultrawide Monitor,1,379.99,2019-05-18 12:08:00,"326 Main St, San Francisco, CA 94016",May
201218,34in Ultrawide Monitor,1,379.99,2019-05-04 18:06:00,"931 Spruce St, San Francisco, CA 94016",May
199313,34in Ultrawide Monitor,1,379.99,2019-05-09 19:26:00,"255 North St, Atlanta, GA 30301",May
200576,34in Ultrawide Monitor,1,379.99,2019-05-29 14:05:00,"274 Spruce St, San Francisco, CA 94016",May
202726,34in Ultrawide Monitor,1,379.99,2019-05-19 10:33:00,"186 Elm St, Dallas, TX 75001",May
205631,34in Ultrawide Monitor,1,379.99,2019-05-01 12:04:00,"267 Center St, Dallas, TX 75001",May
196309,34in Ultrawide Monitor,1,379.99,2019-05-23 19:54:00,"831 Lincoln St, San Francisco, CA 94016",May
196814,34in Ultrawide Monitor,1,379.99,2019-05-03 09:51:00,"745 Sunset St, Dallas, TX 75001",May
207639,34in Ultrawide Monitor,1,379.99,2019-05-01 18:29:00,"683 Forest St, Atlanta, GA 30301",May
203477,34in Ultrawide Monitor,1,379.99,2019-05-20 12:24:00,"704 Hickory St, Dallas, TX 75001",May
204439,34in Ultrawide Monitor,1,379.99,2019-05-07 08:14:00,"91 5th St, New York City, NY 10001",May
209148,34in Ultrawide Monitor,1,379.99,2019-05-30 14:25:00,"131 Main St, San Francisco, CA 94016",May
198086,34in Ultrawide Monitor,1,379.99,2019-05-21 14:19:00,"215 Washington St, Dallas, TX 75001",May
194669,34in Ultrawide Monitor,1,379.99,2019-05-16 18:01:00,"678 Johnson St, Los Angeles, CA 90001",May
197386,34in Ultrawide Monitor,1,379.99,2019-05-19 13:36:00,"995 Lake St, Dallas, TX 75001",May
197744,34in Ultrawide Monitor,1,379.99,2019-05-22 16:26:00,"176 10th St, Atlanta, GA 30301",May
198526,34in Ultrawide Monitor,1,379.99,2019-05-31 11:35:00,"649 South St, San Francisco, CA 94016",May
201434,34in Ultrawide Monitor,1,379.99,2019-05-10 09:12:00,"109 Maple St, Austin, TX 73301",May
205235,34in Ultrawide Monitor,1,379.99,2019-05-30 17:54:00,"196 Adams St, New York City, NY 10001",May
206433,34in Ultrawide Monitor,1,379.99,2019-05-28 09:34:00,"107 Ridge St, Atlanta, GA 30301",May
194164,34in Ultrawide Monitor,1,379.99,2019-05-28 14:00:00,"755 Dogwood St, New York City, NY 10001",May
197425,34in Ultrawide Monitor,1,379.99,2019-05-28 20:00:00,"466 14th St, Austin, TX 73301",May
200135,34in Ultrawide Monitor,1,379.99,2019-05-29 16:05:00,"458 Walnut St, New York City, NY 10001",May
200242,34in Ultrawide Monitor,1,379.99,2019-05-30 21:20:00,"823 Elm St, Los Angeles, CA 90001",May
200626,34in Ultrawide Monitor,1,379.99,2019-05-10 19:31:00,"344 5th St, San Francisco, CA 94016",May
201782,34in Ultrawide Monitor,1,379.99,2019-05-30 09:28:00,"534 North St, San Francisco, CA 94016",May
195411,34in Ultrawide Monitor,1,379.99,2019-05-02 20:38:00,"345 Walnut St, Seattle, WA 98101",May
199250,34in Ultrawide Monitor,1,379.99,2019-05-03 14:06:00,"845 Madison St, Boston, MA 02215",May
201094,34in Ultrawide Monitor,1,379.99,2019-05-16 13:59:00,"822 South St, San Francisco, CA 94016",May
194859,34in Ultrawide Monitor,1,379.99,2019-05-23 09:37:00,"866 Cedar St, New York City, NY 10001",May
209327,34in Ultrawide Monitor,1,379.99,2019-05-13 00:06:00,"812 South St, Boston, MA 02215",May
195597,34in Ultrawide Monitor,1,379.99,2019-05-22 17:38:00,"812 Main St, Dallas, TX 75001",May
197236,34in Ultrawide Monitor,1,379.99,2019-05-30 07:18:00,"660 Dogwood St, Dallas, TX 75001",May
202161,34in Ultrawide Monitor,1,379.99,2019-05-19 16:52:00,"539 Center St, New York City, NY 10001",May
203627,34in Ultrawide Monitor,1,379.99,2019-05-29 00:18:00,"189 South St, Dallas, TX 75001",May
207083,34in Ultrawide Monitor,1,379.99,2019-05-20 09:28:00,"746 Highland St, Boston, MA 02215",May
201665,34in Ultrawide Monitor,1,379.99,2019-05-01 17:04:00,"692 5th St, Los Angeles, CA 90001",May
202549,34in Ultrawide Monitor,1,379.99,2019-05-24 15:40:00,"357 Elm St, Portland, OR 97035",May
205114,34in Ultrawide Monitor,1,379.99,2019-05-01 08:51:00,"544 Lincoln St, Dallas, TX 75001",May
206023,34in Ultrawide Monitor,1,379.99,2019-05-28 17:56:00,"199 West St, Boston, MA 02215",May
194130,34in Ultrawide Monitor,1,379.99,2019-05-09 15:57:00,"847 Lakeview St, San Francisco, CA 94016",May
198772,34in Ultrawide Monitor,1,379.99,2019-05-06 13:20:00,"478 Lakeview St, San Francisco, CA 94016",May
200694,34in Ultrawide Monitor,1,379.99,2019-05-01 14:49:00,"690 Cedar St, Los Angeles, CA 90001",May
201320,34in Ultrawide Monitor,1,379.99,2019-05-14 17:17:00,"115 10th St, San Francisco, CA 94016",May
202262,34in Ultrawide Monitor,1,379.99,2019-05-18 06:02:00,"815 Lakeview St, Los Angeles, CA 90001",May
200562,34in Ultrawide Monitor,1,379.99,2019-05-31 12:52:00,"785 12th St, San Francisco, CA 94016",May
199825,34in Ultrawide Monitor,1,379.99,2019-05-23 22:21:00,"467 5th St, Portland, ME 04101",May
204149,34in Ultrawide Monitor,1,379.99,2019-05-13 17:18:00,"472 Maple St, Austin, TX 73301",May
205657,34in Ultrawide Monitor,1,379.99,2019-05-20 19:42:00,"306 Sunset St, San Francisco, CA 94016",May
195323,34in Ultrawide Monitor,1,379.99,2019-05-11 10:17:00,"236 Walnut St, Portland, OR 97035",May
196937,34in Ultrawide Monitor,1,379.99,2019-05-02 12:00:00,"344 Meadow St, Los Angeles, CA 90001",May
199381,34in Ultrawide Monitor,1,379.99,2019-05-29 07:38:00,"298 Pine St, Dallas, TX 75001",May
207565,34in Ultrawide Monitor,1,379.99,2019-05-06 20:20:00,"805 Lake St, New York City, NY 10001",May
206285,34in Ultrawide Monitor,1,379.99,2019-05-19 12:07:00,"677 South St, Portland, OR 97035",May
195536,34in Ultrawide Monitor,1,379.99,2019-05-27 08:49:00,"263 Lake St, San Francisco, CA 94016",May
196075,34in Ultrawide Monitor,1,379.99,2019-05-05 12:04:00,"639 Willow St, Los Angeles, CA 90001",May
196537,34in Ultrawide Monitor,1,379.99,2019-05-28 20:50:00,"986 Park St, New York City, NY 10001",May
199130,34in Ultrawide Monitor,1,379.99,2019-05-26 00:23:00,"538 12th St, San Francisco, CA 94016",May
199205,34in Ultrawide Monitor,1,379.99,2019-05-31 14:18:00,"383 Ridge St, San Francisco, CA 94016",May
200623,34in Ultrawide Monitor,1,379.99,2019-05-30 13:07:00,"20 Walnut St, Los Angeles, CA 90001",May
203824,34in Ultrawide Monitor,1,379.99,2019-05-23 04:49:00,"694 Willow St, San Francisco, CA 94016",May
197456,34in Ultrawide Monitor,1,379.99,2019-05-03 19:49:00,"865 Lakeview St, Boston, MA 02215",May
199156,34in Ultrawide Monitor,1,379.99,2019-05-13 21:58:00,"57 8th St, Atlanta, GA 30301",May
205058,34in Ultrawide Monitor,1,379.99,2019-05-11 10:07:00,"332 Cedar St, San Francisco, CA 94016",May
205818,34in Ultrawide Monitor,1,379.99,2019-05-02 13:11:00,"815 2nd St, Seattle, WA 98101",May
207983,34in Ultrawide Monitor,1,379.99,2019-05-08 18:55:00,"477 Ridge St, Seattle, WA 98101",May
196386,34in Ultrawide Monitor,1,379.99,2019-05-26 12:31:00,"692 Adams St, Dallas, TX 75001",May
196594,34in Ultrawide Monitor,1,379.99,2019-05-07 15:59:00,"327 Park St, New York City, NY 10001",May
203604,34in Ultrawide Monitor,1,379.99,2019-05-31 12:23:00,"979 Center St, Dallas, TX 75001",May
205797,34in Ultrawide Monitor,1,379.99,2019-05-10 00:40:00,"518 Center St, Los Angeles, CA 90001",May
207952,34in Ultrawide Monitor,1,379.99,2019-05-23 22:29:00,"145 Lakeview St, San Francisco, CA 94016",May
196801,34in Ultrawide Monitor,1,379.99,2019-05-16 10:48:00,"204 7th St, San Francisco, CA 94016",May
201279,34in Ultrawide Monitor,1,379.99,2019-05-03 13:57:00,"88 Jackson St, New York City, NY 10001",May
208478,34in Ultrawide Monitor,1,379.99,2019-05-09 14:03:00,"119 Washington St, New York City, NY 10001",May
195501,34in Ultrawide Monitor,1,379.99,2019-05-06 13:08:00,"278 11th St, Dallas, TX 75001",May
195716,34in Ultrawide Monitor,1,379.99,2019-05-15 08:19:00,"624 9th St, Boston, MA 02215",May
196506,34in Ultrawide Monitor,1,379.99,2019-05-14 11:03:00,"129 Sunset St, Austin, TX 73301",May
206729,34in Ultrawide Monitor,1,379.99,2019-05-22 15:03:00,"460 7th St, Portland, ME 04101",May
199794,34in Ultrawide Monitor,1,379.99,2019-05-03 00:31:00,"451 Jackson St, Atlanta, GA 30301",May
204736,34in Ultrawide Monitor,1,379.99,2019-05-15 15:58:00,"34 Washington St, Portland, ME 04101",May
209647,34in Ultrawide Monitor,1,379.99,2019-05-24 11:57:00,"470 Church St, New York City, NY 10001",May
197279,34in Ultrawide Monitor,1,379.99,2019-05-02 18:24:00,"135 Chestnut St, Seattle, WA 98101",May
208029,34in Ultrawide Monitor,1,379.99,2019-05-22 18:25:00,"850 Lincoln St, Los Angeles, CA 90001",May
200418,34in Ultrawide Monitor,1,379.99,2019-05-20 11:28:00,"757 11th St, Los Angeles, CA 90001",May
205723,34in Ultrawide Monitor,1,379.99,2019-05-29 08:17:00,"467 11th St, New York City, NY 10001",May
205236,34in Ultrawide Monitor,1,379.99,2019-05-24 20:35:00,"804 13th St, Los Angeles, CA 90001",May
211415,34in Ultrawide Monitor,1,379.99,2019-06-24 13:03:00,"693 Church St, Los Angeles, CA 90001",June
212842,34in Ultrawide Monitor,1,379.99,2019-06-12 10:26:00,"820 Jefferson St, Atlanta, GA 30301",June
210012,34in Ultrawide Monitor,1,379.99,2019-06-04 17:21:00,"507 1st St, San Francisco, CA 94016",June
210974,34in Ultrawide Monitor,1,379.99,2019-06-02 12:19:00,"560 Meadow St, New York City, NY 10001",June
212099,34in Ultrawide Monitor,1,379.99,2019-06-25 14:29:00,"829 West St, San Francisco, CA 94016",June
214326,34in Ultrawide Monitor,1,379.99,2019-06-02 11:22:00,"971 Meadow St, Seattle, WA 98101",June
211393,34in Ultrawide Monitor,1,379.99,2019-06-08 21:59:00,"499 9th St, Austin, TX 73301",June
218282,34in Ultrawide Monitor,1,379.99,2019-06-03 11:01:00,"335 4th St, Seattle, WA 98101",June
210086,34in Ultrawide Monitor,1,379.99,2019-06-02 21:09:00,"550 Lake St, San Francisco, CA 94016",June
213595,34in Ultrawide Monitor,1,379.99,2019-06-30 08:51:00,"842 6th St, Los Angeles, CA 90001",June
221437,34in Ultrawide Monitor,1,379.99,2019-06-17 20:30:00,"597 Center St, San Francisco, CA 94016",June
221701,34in Ultrawide Monitor,1,379.99,2019-06-20 02:11:00,"210 Washington St, Austin, TX 73301",June
210222,34in Ultrawide Monitor,1,379.99,2019-06-16 10:57:00,"83 Lincoln St, Los Angeles, CA 90001",June
216772,34in Ultrawide Monitor,1,379.99,2019-06-13 12:03:00,"855 Chestnut St, Austin, TX 73301",June
210910,34in Ultrawide Monitor,1,379.99,2019-06-03 15:58:00,"32 Wilson St, Los Angeles, CA 90001",June
213264,34in Ultrawide Monitor,1,379.99,2019-06-24 18:17:00,"913 Hill St, Austin, TX 73301",June
212929,34in Ultrawide Monitor,1,379.99,2019-06-12 11:47:00,"963 Ridge St, San Francisco, CA 94016",June
213633,34in Ultrawide Monitor,1,379.99,2019-06-25 18:30:00,"264 13th St, Los Angeles, CA 90001",June
215553,34in Ultrawide Monitor,1,379.99,2019-06-18 14:28:00,"271 Washington St, New York City, NY 10001",June
219780,34in Ultrawide Monitor,1,379.99,2019-06-06 17:53:00,"645 Meadow St, Boston, MA 02215",June
222607,34in Ultrawide Monitor,1,379.99,2019-06-10 22:02:00,"871 Spruce St, San Francisco, CA 94016",June
213432,34in Ultrawide Monitor,1,379.99,2019-06-03 16:41:00,"486 Main St, Seattle, WA 98101",June
217084,34in Ultrawide Monitor,2,379.99,2019-06-29 19:17:00,"294 Hill St, Los Angeles, CA 90001",June
217158,34in Ultrawide Monitor,1,379.99,2019-06-21 12:46:00,"762 Willow St, Los Angeles, CA 90001",June
218410,34in Ultrawide Monitor,1,379.99,2019-06-26 07:38:00,"484 Elm St, Los Angeles, CA 90001",June
219708,34in Ultrawide Monitor,1,379.99,2019-06-03 19:16:00,"4 Cedar St, Austin, TX 73301",June
222464,34in Ultrawide Monitor,1,379.99,2019-06-04 21:56:00,"680 Walnut St, San Francisco, CA 94016",June
216400,34in Ultrawide Monitor,1,379.99,2019-06-02 11:49:00,"697 Center St, Boston, MA 02215",June
222558,34in Ultrawide Monitor,1,379.99,2019-06-17 16:12:00,"658 8th St, Los Angeles, CA 90001",June
212810,34in Ultrawide Monitor,1,379.99,2019-06-16 13:25:00,"285 12th St, Boston, MA 02215",June
212659,34in Ultrawide Monitor,1,379.99,2019-06-15 22:25:00,"78 13th St, Seattle, WA 98101",June
215236,34in Ultrawide Monitor,1,379.99,2019-06-08 10:51:00,"700 1st St, Seattle, WA 98101",June
215607,34in Ultrawide Monitor,1,379.99,2019-06-04 12:50:00,"215 Johnson St, Los Angeles, CA 90001",June
217550,34in Ultrawide Monitor,1,379.99,2019-06-23 15:30:00,"711 Forest St, Boston, MA 02215",June
210318,34in Ultrawide Monitor,1,379.99,2019-06-22 23:07:00,"344 Highland St, Los Angeles, CA 90001",June
214988,34in Ultrawide Monitor,1,379.99,2019-06-04 04:49:00,"958 4th St, Los Angeles, CA 90001",June
212572,34in Ultrawide Monitor,1,379.99,2019-06-09 23:05:00,"605 2nd St, San Francisco, CA 94016",June
217604,34in Ultrawide Monitor,1,379.99,2019-06-11 23:18:00,"971 Spruce St, Los Angeles, CA 90001",June
210689,34in Ultrawide Monitor,1,379.99,2019-06-29 14:56:00,"920 Lincoln St, Dallas, TX 75001",June
211625,34in Ultrawide Monitor,1,379.99,2019-06-10 17:24:00,"203 1st St, New York City, NY 10001",June
217929,34in Ultrawide Monitor,1,379.99,2019-06-07 17:10:00,"140 Wilson St, San Francisco, CA 94016",June
217662,34in Ultrawide Monitor,1,379.99,2019-06-29 09:42:00,"496 Hickory St, Boston, MA 02215",June
217757,34in Ultrawide Monitor,1,379.99,2019-06-12 13:17:00,"19 Madison St, San Francisco, CA 94016",June
214335,34in Ultrawide Monitor,1,379.99,2019-06-27 20:36:00,"11 Dogwood St, San Francisco, CA 94016",June
215328,34in Ultrawide Monitor,1,379.99,2019-06-02 03:42:00,"67 Maple St, New York City, NY 10001",June
220992,34in Ultrawide Monitor,1,379.99,2019-06-25 15:54:00,"701 10th St, Dallas, TX 75001",June
217016,34in Ultrawide Monitor,1,379.99,2019-06-27 14:31:00,"974 South St, New York City, NY 10001",June
217366,34in Ultrawide Monitor,1,379.99,2019-06-20 18:05:00,"606 West St, Atlanta, GA 30301",June
221413,34in Ultrawide Monitor,1,379.99,2019-06-29 19:48:00,"982 Maple St, Los Angeles, CA 90001",June
213866,34in Ultrawide Monitor,1,379.99,2019-06-20 12:31:00,"312 Willow St, Los Angeles, CA 90001",June
219278,34in Ultrawide Monitor,1,379.99,2019-06-25 16:05:00,"790 Cherry St, San Francisco, CA 94016",June
213767,34in Ultrawide Monitor,1,379.99,2019-06-25 11:52:00,"351 Lake St, New York City, NY 10001",June
216313,34in Ultrawide Monitor,1,379.99,2019-06-20 10:48:00,"881 Pine St, Portland, OR 97035",June
216574,34in Ultrawide Monitor,1,379.99,2019-06-15 16:17:00,"74 Spruce St, San Francisco, CA 94016",June
219379,34in Ultrawide Monitor,1,379.99,2019-06-20 04:15:00,"287 6th St, Boston, MA 02215",June
213848,34in Ultrawide Monitor,1,379.99,2019-06-28 12:33:00,"456 Cherry St, Dallas, TX 75001",June
220897,34in Ultrawide Monitor,1,379.99,2019-06-06 21:48:00,"453 Elm St, Austin, TX 73301",June
211777,34in Ultrawide Monitor,1,379.99,2019-06-19 23:32:00,"580 7th St, Atlanta, GA 30301",June
213030,34in Ultrawide Monitor,1,379.99,2019-06-08 09:36:00,"317 Chestnut St, New York City, NY 10001",June
215128,34in Ultrawide Monitor,1,379.99,2019-06-13 19:43:00,"659 Lake St, New York City, NY 10001",June
222425,34in Ultrawide Monitor,1,379.99,2019-06-07 13:22:00,"209 2nd St, San Francisco, CA 94016",June
212488,34in Ultrawide Monitor,1,379.99,2019-06-09 10:41:00,"952 Pine St, Portland, OR 97035",June
213588,34in Ultrawide Monitor,1,379.99,2019-06-29 17:14:00,"988 Willow St, Atlanta, GA 30301",June
215827,34in Ultrawide Monitor,1,379.99,2019-06-30 19:09:00,"143 10th St, Portland, OR 97035",June
219604,34in Ultrawide Monitor,1,379.99,2019-06-14 09:47:00,"526 Cedar St, Los Angeles, CA 90001",June
221334,34in Ultrawide Monitor,1,379.99,2019-06-02 19:41:00,"53 Johnson St, Portland, OR 97035",June
214288,34in Ultrawide Monitor,1,379.99,2019-06-30 14:35:00,"822 Elm St, New York City, NY 10001",June
224789,34in Ultrawide Monitor,1,379.99,2019-07-08 10:44:00,"205 Forest St, Seattle, WA 98101",July
226535,34in Ultrawide Monitor,1,379.99,2019-07-14 14:59:00,"669 South St, Austin, TX 73301",July
224096,34in Ultrawide Monitor,1,379.99,2019-07-28 12:11:00,"695 Pine St, San Francisco, CA 94016",July
231641,34in Ultrawide Monitor,1,379.99,2019-07-14 07:59:00,"260 Chestnut St, San Francisco, CA 94016",July
231802,34in Ultrawide Monitor,1,379.99,2019-07-07 10:22:00,"336 Jackson St, New York City, NY 10001",July
232255,34in Ultrawide Monitor,1,379.99,2019-07-21 15:19:00,"540 Madison St, Boston, MA 02215",July
232339,34in Ultrawide Monitor,1,379.99,2019-07-25 21:22:00,"4 Chestnut St, San Francisco, CA 94016",July
235201,34in Ultrawide Monitor,1,379.99,2019-07-13 19:17:00,"20 Wilson St, New York City, NY 10001",July
232529,34in Ultrawide Monitor,1,379.99,2019-07-04 16:10:00,"536 Walnut St, New York City, NY 10001",July
233847,34in Ultrawide Monitor,1,379.99,2019-07-18 22:43:00,"783 Lincoln St, Dallas, TX 75001",July
232444,34in Ultrawide Monitor,1,379.99,2019-07-11 20:47:00,"914 Elm St, Dallas, TX 75001",July
228162,34in Ultrawide Monitor,1,379.99,2019-07-18 22:05:00,"257 11th St, Portland, OR 97035",July
234447,34in Ultrawide Monitor,1,379.99,2019-07-08 00:22:00,"125 Wilson St, Dallas, TX 75001",July
227083,34in Ultrawide Monitor,1,379.99,2019-07-16 16:36:00,"685 8th St, Atlanta, GA 30301",July
228178,34in Ultrawide Monitor,1,379.99,2019-07-05 16:53:00,"852 Center St, Los Angeles, CA 90001",July
228182,34in Ultrawide Monitor,1,379.99,2019-07-16 16:27:00,"701 6th St, Dallas, TX 75001",July
229460,34in Ultrawide Monitor,1,379.99,2019-07-10 15:38:00,"780 Main St, San Francisco, CA 94016",July
232400,34in Ultrawide Monitor,1,379.99,2019-07-28 20:14:00,"933 4th St, Seattle, WA 98101",July
236144,34in Ultrawide Monitor,1,379.99,2019-07-18 18:19:00,"436 12th St, Boston, MA 02215",July
233218,34in Ultrawide Monitor,1,379.99,2019-07-29 12:55:00,"622 Lincoln St, San Francisco, CA 94016",July
235223,34in Ultrawide Monitor,1,379.99,2019-07-26 12:37:00,"170 Maple St, Boston, MA 02215",July
233317,34in Ultrawide Monitor,1,379.99,2019-07-31 15:44:00,"805 Lake St, New York City, NY 10001",July
233326,34in Ultrawide Monitor,1,379.99,2019-07-12 10:22:00,"704 6th St, Boston, MA 02215",July
223481,34in Ultrawide Monitor,1,379.99,2019-07-19 15:37:00,"12 9th St, Los Angeles, CA 90001",July
229640,34in Ultrawide Monitor,1,379.99,2019-07-03 22:19:00,"515 South St, Portland, OR 97035",July
235089,34in Ultrawide Monitor,1,379.99,2019-07-27 03:00:00,"94 Center St, Los Angeles, CA 90001",July
231602,34in Ultrawide Monitor,1,379.99,2019-07-20 13:38:00,"241 13th St, New York City, NY 10001",July
234690,34in Ultrawide Monitor,1,379.99,2019-07-08 21:14:00,"554 Jackson St, Seattle, WA 98101",July
222922,34in Ultrawide Monitor,1,379.99,2019-07-20 21:12:00,"616 Chestnut St, Dallas, TX 75001",July
226123,34in Ultrawide Monitor,1,379.99,2019-07-03 11:58:00,"839 6th St, Austin, TX 73301",July
230088,34in Ultrawide Monitor,1,379.99,2019-07-25 13:49:00,"501 Spruce St, Los Angeles, CA 90001",July
234473,34in Ultrawide Monitor,1,379.99,2019-07-02 10:20:00,"975 1st St, Boston, MA 02215",July
231010,34in Ultrawide Monitor,1,379.99,2019-07-20 19:37:00,"575 Chestnut St, Austin, TX 73301",July
233122,34in Ultrawide Monitor,1,379.99,2019-07-30 10:37:00,"903 Pine St, New York City, NY 10001",July
233527,34in Ultrawide Monitor,1,379.99,2019-07-03 10:38:00,"804 Main St, Los Angeles, CA 90001",July
224179,34in Ultrawide Monitor,1,379.99,2019-07-10 12:19:00,"15 Highland St, Boston, MA 02215",July
236545,34in Ultrawide Monitor,1,379.99,2019-07-30 14:35:00,"295 2nd St, New York City, NY 10001",July
227442,34in Ultrawide Monitor,1,379.99,2019-07-08 16:59:00,"293 Highland St, Atlanta, GA 30301",July
231614,34in Ultrawide Monitor,1,379.99,2019-07-06 10:32:00,"304 Highland St, Atlanta, GA 30301",July
234772,34in Ultrawide Monitor,1,379.99,2019-07-10 12:38:00,"689 South St, Los Angeles, CA 90001",July
226081,34in Ultrawide Monitor,1,379.99,2019-07-04 03:54:00,"286 Washington St, New York City, NY 10001",July
229866,34in Ultrawide Monitor,1,379.99,2019-07-13 13:41:00,"712 Adams St, Seattle, WA 98101",July
223163,34in Ultrawide Monitor,1,379.99,2019-07-02 00:37:00,"801 Lakeview St, Austin, TX 73301",July
225510,34in Ultrawide Monitor,1,379.99,2019-07-05 09:34:00,"884 13th St, Austin, TX 73301",July
234355,34in Ultrawide Monitor,1,379.99,2019-07-06 12:26:00,"967 Willow St, Portland, OR 97035",July
225801,34in Ultrawide Monitor,1,379.99,2019-07-14 11:34:00,"975 West St, Portland, OR 97035",July
227460,34in Ultrawide Monitor,1,379.99,2019-07-11 00:39:00,"350 12th St, New York City, NY 10001",July
229243,34in Ultrawide Monitor,1,379.99,2019-07-08 15:30:00,"977 Maple St, Seattle, WA 98101",July
230973,34in Ultrawide Monitor,1,379.99,2019-07-31 16:52:00,"387 12th St, New York City, NY 10001",July
233391,34in Ultrawide Monitor,1,379.99,2019-07-21 13:50:00,"686 Madison St, Boston, MA 02215",July
236007,34in Ultrawide Monitor,1,379.99,2019-07-05 11:37:00,"401 Washington St, Atlanta, GA 30301",July
225025,34in Ultrawide Monitor,1,379.99,2019-07-17 23:55:00,"971 Hill St, Seattle, WA 98101",July
225683,34in Ultrawide Monitor,1,379.99,2019-07-11 16:09:00,"795 West St, Portland, OR 97035",July
225730,34in Ultrawide Monitor,1,379.99,2019-07-16 18:04:00,"13 Maple St, New York City, NY 10001",July
226788,34in Ultrawide Monitor,1,379.99,2019-07-01 14:08:00,"126 Johnson St, Seattle, WA 98101",July
232776,34in Ultrawide Monitor,1,379.99,2019-07-08 13:10:00,"12 1st St, San Francisco, CA 94016",July
224346,34in Ultrawide Monitor,1,379.99,2019-07-24 12:36:00,"451 9th St, San Francisco, CA 94016",July
226739,34in Ultrawide Monitor,1,379.99,2019-07-08 05:12:00,"343 Wilson St, Austin, TX 73301",July
229021,34in Ultrawide Monitor,1,379.99,2019-07-28 18:40:00,"863 Jefferson St, Seattle, WA 98101",July
232927,34in Ultrawide Monitor,1,379.99,2019-07-31 19:37:00,"931 9th St, Los Angeles, CA 90001",July
223126,34in Ultrawide Monitor,1,379.99,2019-07-29 16:38:00,"858 6th St, San Francisco, CA 94016",July
224878,34in Ultrawide Monitor,1,379.99,2019-07-26 12:34:00,"697 West St, Boston, MA 02215",July
235203,34in Ultrawide Monitor,1,379.99,2019-07-02 11:58:00,"462 Church St, Austin, TX 73301",July
230151,34in Ultrawide Monitor,1,379.99,2019-07-10 09:51:00,"959 6th St, Los Angeles, CA 90001",July
232704,34in Ultrawide Monitor,1,379.99,2019-07-25 13:57:00,"80 6th St, San Francisco, CA 94016",July
234330,34in Ultrawide Monitor,1,379.99,2019-07-17 00:25:00,"983 7th St, San Francisco, CA 94016",July
224762,34in Ultrawide Monitor,1,379.99,2019-07-21 15:28:00,"383 Adams St, Seattle, WA 98101",July
224843,34in Ultrawide Monitor,1,379.99,2019-07-11 08:53:00,"472 Walnut St, San Francisco, CA 94016",July
226427,34in Ultrawide Monitor,1,379.99,2019-07-10 00:29:00,"679 Jefferson St, New York City, NY 10001",July
227415,34in Ultrawide Monitor,1,379.99,2019-07-05 20:52:00,"810 Maple St, Los Angeles, CA 90001",July
231095,34in Ultrawide Monitor,1,379.99,2019-07-11 19:19:00,"709 9th St, Atlanta, GA 30301",July
232114,34in Ultrawide Monitor,1,379.99,2019-07-11 23:58:00,"912 7th St, San Francisco, CA 94016",July
223191,34in Ultrawide Monitor,1,379.99,2019-07-18 15:19:00,"25 7th St, San Francisco, CA 94016",July
226641,34in Ultrawide Monitor,1,379.99,2019-07-02 20:50:00,"708 Washington St, Dallas, TX 75001",July
230666,34in Ultrawide Monitor,1,379.99,2019-07-27 16:54:00,"804 Pine St, Portland, OR 97035",July
247888,34in Ultrawide Monitor,1,379.99,2019-08-26 16:23:00,"674 Sunset St, Dallas, TX 75001",August
237424,34in Ultrawide Monitor,1,379.99,2019-08-20 20:05:00,"369 4th St, Los Angeles, CA 90001",August
239949,34in Ultrawide Monitor,1,379.99,2019-08-22 13:00:00,"904 Meadow St, Austin, TX 73301",August
242008,34in Ultrawide Monitor,1,379.99,2019-08-21 11:45:00,"717 Wilson St, Los Angeles, CA 90001",August
243038,34in Ultrawide Monitor,1,379.99,2019-08-17 23:35:00,"925 Cedar St, Boston, MA 02215",August
239289,34in Ultrawide Monitor,1,379.99,2019-08-24 21:03:00,"350 8th St, Dallas, TX 75001",August
246235,34in Ultrawide Monitor,1,379.99,2019-08-25 15:59:00,"296 1st St, Boston, MA 02215",August
243613,34in Ultrawide Monitor,1,379.99,2019-08-26 22:49:00,"108 Hill St, Atlanta, GA 30301",August
244416,34in Ultrawide Monitor,1,379.99,2019-08-18 13:28:00,"658 14th St, New York City, NY 10001",August
242622,34in Ultrawide Monitor,1,379.99,2019-08-03 12:25:00,"579 Walnut St, Boston, MA 02215",August
243906,34in Ultrawide Monitor,1,379.99,2019-08-31 22:54:00,"320 Cedar St, Boston, MA 02215",August
246173,34in Ultrawide Monitor,1,379.99,2019-08-28 15:51:00,"363 Chestnut St, Dallas, TX 75001",August
238958,34in Ultrawide Monitor,1,379.99,2019-08-05 21:53:00,"176 Highland St, San Francisco, CA 94016",August
239922,34in Ultrawide Monitor,1,379.99,2019-08-09 18:53:00,"549 Wilson St, Austin, TX 73301",August
241157,34in Ultrawide Monitor,1,379.99,2019-08-03 12:09:00,"92 Jefferson St, Portland, OR 97035",August
239494,34in Ultrawide Monitor,1,379.99,2019-08-28 17:16:00,"600 13th St, Boston, MA 02215",August
247824,34in Ultrawide Monitor,1,379.99,2019-08-20 15:32:00,"951 Dogwood St, Dallas, TX 75001",August
240793,34in Ultrawide Monitor,1,379.99,2019-08-10 19:52:00,"966 Dogwood St, New York City, NY 10001",August
246602,34in Ultrawide Monitor,1,379.99,2019-08-01 14:05:00,"490 Sunset St, Seattle, WA 98101",August
243193,34in Ultrawide Monitor,1,379.99,2019-08-13 18:36:00,"431 13th St, San Francisco, CA 94016",August
247758,34in Ultrawide Monitor,1,379.99,2019-08-07 14:28:00,"857 6th St, San Francisco, CA 94016",August
237145,34in Ultrawide Monitor,1,379.99,2019-08-09 10:27:00,"541 Cedar St, Portland, OR 97035",August
238539,34in Ultrawide Monitor,1,379.99,2019-08-23 09:30:00,"914 Adams St, Boston, MA 02215",August
244691,34in Ultrawide Monitor,1,379.99,2019-08-11 08:55:00,"568 Washington St, Los Angeles, CA 90001",August
246445,34in Ultrawide Monitor,1,379.99,2019-08-14 22:54:00,"28 Main St, San Francisco, CA 94016",August
246513,34in Ultrawide Monitor,1,379.99,2019-08-10 12:42:00,"390 11th St, Boston, MA 02215",August
247283,34in Ultrawide Monitor,1,379.99,2019-08-11 13:35:00,"525 Elm St, Boston, MA 02215",August
240883,34in Ultrawide Monitor,1,379.99,2019-08-24 09:36:00,"495 Lake St, Dallas, TX 75001",August
243289,34in Ultrawide Monitor,1,379.99,2019-08-18 17:59:00,"304 South St, Portland, OR 97035",August
243340,34in Ultrawide Monitor,1,379.99,2019-08-29 12:01:00,"842 South St, Seattle, WA 98101",August
239649,34in Ultrawide Monitor,1,379.99,2019-08-10 02:57:00,"514 Madison St, Dallas, TX 75001",August
244745,34in Ultrawide Monitor,1,379.99,2019-08-01 23:01:00,"286 Highland St, San Francisco, CA 94016",August
237465,34in Ultrawide Monitor,1,379.99,2019-08-15 04:59:00,"266 South St, Los Angeles, CA 90001",August
237428,34in Ultrawide Monitor,1,379.99,2019-08-22 12:23:00,"115 6th St, Los Angeles, CA 90001",August
245977,34in Ultrawide Monitor,1,379.99,2019-08-05 10:49:00,"840 Washington St, Boston, MA 02215",August
240960,34in Ultrawide Monitor,1,379.99,2019-08-12 11:43:00,"676 Main St, Dallas, TX 75001",August
244276,34in Ultrawide Monitor,1,379.99,2019-08-19 09:32:00,"112 6th St, San Francisco, CA 94016",August
244575,34in Ultrawide Monitor,1,379.99,2019-08-18 20:54:00,"68 Center St, San Francisco, CA 94016",August
242530,34in Ultrawide Monitor,1,379.99,2019-08-19 15:36:00,"743 River St, Boston, MA 02215",August
237898,34in Ultrawide Monitor,1,379.99,2019-08-10 12:38:00,"774 Jefferson St, Dallas, TX 75001",August
241480,34in Ultrawide Monitor,1,379.99,2019-08-08 12:32:00,"89 North St, Atlanta, GA 30301",August
238442,34in Ultrawide Monitor,1,379.99,2019-08-14 07:21:00,"330 Johnson St, San Francisco, CA 94016",August
238928,34in Ultrawide Monitor,1,379.99,2019-08-30 18:22:00,"652 South St, San Francisco, CA 94016",August
239868,34in Ultrawide Monitor,1,379.99,2019-08-05 18:05:00,"83 West St, San Francisco, CA 94016",August
243197,34in Ultrawide Monitor,1,379.99,2019-08-06 21:15:00,"738 12th St, Portland, OR 97035",August
243812,34in Ultrawide Monitor,1,379.99,2019-08-25 00:56:00,"644 Spruce St, Los Angeles, CA 90001",August
245167,34in Ultrawide Monitor,1,379.99,2019-08-11 09:47:00,"814 Main St, Seattle, WA 98101",August
245736,34in Ultrawide Monitor,1,379.99,2019-08-07 16:00:00,"954 Madison St, Los Angeles, CA 90001",August
241264,34in Ultrawide Monitor,1,379.99,2019-08-16 10:11:00,"684 Johnson St, Austin, TX 73301",August
238648,34in Ultrawide Monitor,1,379.99,2019-08-02 21:26:00,"929 Meadow St, San Francisco, CA 94016",August
239104,34in Ultrawide Monitor,1,379.99,2019-08-10 17:43:00,"524 Sunset St, San Francisco, CA 94016",August
240861,34in Ultrawide Monitor,1,379.99,2019-08-26 22:32:00,"840 Wilson St, Boston, MA 02215",August
241119,34in Ultrawide Monitor,1,379.99,2019-08-26 20:57:00,"851 Jefferson St, Los Angeles, CA 90001",August
237016,34in Ultrawide Monitor,1,379.99,2019-08-21 07:38:00,"696 Cedar St, New York City, NY 10001",August
237693,34in Ultrawide Monitor,1,379.99,2019-08-24 21:16:00,"603 Spruce St, New York City, NY 10001",August
239539,34in Ultrawide Monitor,1,379.99,2019-08-30 15:49:00,"330 Forest St, San Francisco, CA 94016",August
237971,34in Ultrawide Monitor,1,379.99,2019-08-08 21:12:00,"655 Forest St, San Francisco, CA 94016",August
244562,34in Ultrawide Monitor,1,379.99,2019-08-07 15:00:00,"892 Lake St, Austin, TX 73301",August
245187,34in Ultrawide Monitor,1,379.99,2019-08-24 15:35:00,"569 Cedar St, New York City, NY 10001",August
239109,34in Ultrawide Monitor,1,379.99,2019-08-30 16:47:00,"170 13th St, Atlanta, GA 30301",August
239821,34in Ultrawide Monitor,1,379.99,2019-08-19 11:38:00,"25 Ridge St, Boston, MA 02215",August
242567,34in Ultrawide Monitor,1,379.99,2019-08-29 21:38:00,"810 10th St, Portland, ME 04101",August
248370,34in Ultrawide Monitor,1,379.99,2019-09-07 09:40:00,"825 Lincoln St, Seattle, WA 98101",September
249278,34in Ultrawide Monitor,1,379.99,2019-09-01 20:38:00,"89 Chestnut St, Dallas, TX 75001",September
249470,34in Ultrawide Monitor,1,379.99,2019-09-24 14:46:00,"857 Lake St, Dallas, TX 75001",September
249697,34in Ultrawide Monitor,1,379.99,2019-09-05 20:03:00,"279 Wilson St, Los Angeles, CA 90001",September
253030,34in Ultrawide Monitor,1,379.99,2019-09-20 13:56:00,"179 Cherry St, Los Angeles, CA 90001",September
256214,34in Ultrawide Monitor,1,379.99,2019-09-26 10:52:00,"734 9th St, New York City, NY 10001",September
248363,34in Ultrawide Monitor,1,379.99,2019-09-29 21:35:00,"182 Maple St, Los Angeles, CA 90001",September
249229,34in Ultrawide Monitor,1,379.99,2019-09-27 12:56:00,"989 8th St, Dallas, TX 75001",September
249592,34in Ultrawide Monitor,1,379.99,2019-09-09 08:14:00,"811 Walnut St, San Francisco, CA 94016",September
258687,34in Ultrawide Monitor,1,379.99,2019-09-08 16:29:00,"81 Spruce St, Dallas, TX 75001",September
251697,34in Ultrawide Monitor,1,379.99,2019-09-12 13:25:00,"931 Madison St, Atlanta, GA 30301",September
253552,34in Ultrawide Monitor,1,379.99,2019-09-23 19:11:00,"581 2nd St, Atlanta, GA 30301",September
258096,34in Ultrawide Monitor,1,379.99,2019-09-29 23:16:00,"927 4th St, Dallas, TX 75001",September
258461,34in Ultrawide Monitor,1,379.99,2019-09-08 12:39:00,"668 Hickory St, San Francisco, CA 94016",September
250785,34in Ultrawide Monitor,1,379.99,2019-09-23 13:18:00,"136 Spruce St, Boston, MA 02215",September
259087,34in Ultrawide Monitor,1,379.99,2019-09-13 12:41:00,"551 Maple St, San Francisco, CA 94016",September
250184,34in Ultrawide Monitor,1,379.99,2019-09-20 11:37:00,"993 Forest St, Dallas, TX 75001",September
254226,34in Ultrawide Monitor,1,379.99,2019-09-08 17:55:00,"825 Spruce St, Boston, MA 02215",September
256283,34in Ultrawide Monitor,1,379.99,2019-09-03 00:21:00,"694 Park St, Boston, MA 02215",September
248900,34in Ultrawide Monitor,1,379.99,2019-09-18 20:20:00,"429 South St, San Francisco, CA 94016",September
253538,34in Ultrawide Monitor,1,379.99,2019-09-25 12:40:00,"566 Johnson St, Los Angeles, CA 90001",September
249660,34in Ultrawide Monitor,1,379.99,2019-09-18 20:08:00,"280 1st St, Seattle, WA 98101",September
249895,34in Ultrawide Monitor,1,379.99,2019-09-19 22:14:00,"901 South St, San Francisco, CA 94016",September
250366,34in Ultrawide Monitor,1,379.99,2019-09-25 03:48:00,"608 Johnson St, Los Angeles, CA 90001",September
252160,34in Ultrawide Monitor,1,379.99,2019-09-14 19:53:00,"636 South St, Austin, TX 73301",September
257376,34in Ultrawide Monitor,1,379.99,2019-09-08 15:35:00,"387 11th St, San Francisco, CA 94016",September
248742,34in Ultrawide Monitor,1,379.99,2019-09-13 18:44:00,"533 10th St, San Francisco, CA 94016",September
254354,34in Ultrawide Monitor,1,379.99,2019-09-12 12:21:00,"250 4th St, Boston, MA 02215",September
252214,34in Ultrawide Monitor,1,379.99,2019-09-21 18:02:00,"667 Church St, Portland, OR 97035",September
249609,34in Ultrawide Monitor,1,379.99,2019-09-13 19:38:00,"228 9th St, Portland, OR 97035",September
251664,34in Ultrawide Monitor,1,379.99,2019-09-11 14:14:00,"871 6th St, San Francisco, CA 94016",September
248478,34in Ultrawide Monitor,1,379.99,2019-09-12 17:56:00,"775 12th St, Atlanta, GA 30301",September
250140,34in Ultrawide Monitor,1,379.99,2019-09-23 16:48:00,"654 7th St, San Francisco, CA 94016",September
251638,34in Ultrawide Monitor,1,379.99,2019-09-27 18:51:00,"820 13th St, New York City, NY 10001",September
253120,34in Ultrawide Monitor,1,379.99,2019-09-29 13:18:00,"939 4th St, New York City, NY 10001",September
257284,34in Ultrawide Monitor,1,379.99,2019-09-26 15:50:00,"752 8th St, New York City, NY 10001",September
250438,34in Ultrawide Monitor,1,379.99,2019-09-27 00:23:00,"60 Madison St, Los Angeles, CA 90001",September
252106,34in Ultrawide Monitor,1,379.99,2019-09-12 17:53:00,"815 Cedar St, Dallas, TX 75001",September
249047,34in Ultrawide Monitor,1,379.99,2019-09-28 22:53:00,"245 9th St, San Francisco, CA 94016",September
250395,34in Ultrawide Monitor,1,379.99,2019-09-22 22:50:00,"138 Johnson St, San Francisco, CA 94016",September
252342,34in Ultrawide Monitor,1,379.99,2019-09-02 12:32:00,"181 14th St, New York City, NY 10001",September
254411,34in Ultrawide Monitor,1,379.99,2019-09-05 16:15:00,"602 12th St, Dallas, TX 75001",September
248215,34in Ultrawide Monitor,1,379.99,2019-09-24 13:36:00,"876 Maple St, San Francisco, CA 94016",September
248723,34in Ultrawide Monitor,1,379.99,2019-09-26 10:58:00,"336 Washington St, Los Angeles, CA 90001",September
251778,34in Ultrawide Monitor,1,379.99,2019-09-15 12:17:00,"2 South St, Atlanta, GA 30301",September
251913,34in Ultrawide Monitor,1,379.99,2019-09-19 14:46:00,"513 North St, Atlanta, GA 30301",September
252555,34in Ultrawide Monitor,1,379.99,2019-09-12 12:20:00,"394 River St, Los Angeles, CA 90001",September
249024,34in Ultrawide Monitor,1,379.99,2019-09-18 09:53:00,"485 6th St, San Francisco, CA 94016",September
249554,34in Ultrawide Monitor,1,379.99,2019-09-22 11:35:00,"331 Adams St, San Francisco, CA 94016",September
254933,34in Ultrawide Monitor,1,379.99,2019-09-27 09:10:00,"380 Meadow St, Boston, MA 02215",September
257618,34in Ultrawide Monitor,1,379.99,2019-09-08 12:24:00,"68 Spruce St, Boston, MA 02215",September
249762,34in Ultrawide Monitor,1,379.99,2019-09-23 08:23:00,"273 Spruce St, Los Angeles, CA 90001",September
249844,34in Ultrawide Monitor,1,379.99,2019-09-15 16:05:00,"793 Ridge St, Portland, OR 97035",September
254071,34in Ultrawide Monitor,1,379.99,2019-09-16 16:08:00,"579 Meadow St, Seattle, WA 98101",September
257068,34in Ultrawide Monitor,1,379.99,2019-09-22 21:56:00,"611 Spruce St, New York City, NY 10001",September
257562,34in Ultrawide Monitor,1,379.99,2019-09-11 19:49:00,"845 4th St, Los Angeles, CA 90001",September
257762,34in Ultrawide Monitor,1,379.99,2019-09-11 17:38:00,"617 Cherry St, New York City, NY 10001",September
250267,34in Ultrawide Monitor,1,379.99,2019-09-21 11:57:00,"272 7th St, Dallas, TX 75001",September
248871,34in Ultrawide Monitor,1,379.99,2019-09-24 02:39:00,"228 West St, Atlanta, GA 30301",September
253225,34in Ultrawide Monitor,1,379.99,2019-09-11 06:03:00,"927 9th St, Dallas, TX 75001",September
250094,34in Ultrawide Monitor,1,379.99,2019-09-03 08:13:00,"53 Madison St, Boston, MA 02215",September
251928,34in Ultrawide Monitor,1,379.99,2019-09-10 21:01:00,"941 10th St, San Francisco, CA 94016",September
252994,34in Ultrawide Monitor,1,379.99,2019-09-25 18:01:00,"694 Cherry St, Dallas, TX 75001",September
251250,34in Ultrawide Monitor,1,379.99,2019-09-21 12:41:00,"533 2nd St, Los Angeles, CA 90001",September
256153,34in Ultrawide Monitor,1,379.99,2019-09-26 15:54:00,"850 4th St, Portland, OR 97035",September
256336,34in Ultrawide Monitor,1,379.99,2019-09-10 00:15:00,"574 Walnut St, Atlanta, GA 30301",September
256870,34in Ultrawide Monitor,1,379.99,2019-09-04 15:09:00,"875 9th St, San Francisco, CA 94016",September
248491,34in Ultrawide Monitor,1,379.99,2019-09-17 20:06:00,"194 Park St, San Francisco, CA 94016",September
248921,34in Ultrawide Monitor,1,379.99,2019-09-28 19:49:00,"758 14th St, Los Angeles, CA 90001",September
255044,34in Ultrawide Monitor,1,379.99,2019-09-24 13:32:00,"47 Park St, Seattle, WA 98101",September
248684,34in Ultrawide Monitor,1,379.99,2019-09-23 14:18:00,"681 Wilson St, New York City, NY 10001",September
257749,34in Ultrawide Monitor,1,379.99,2019-09-02 09:58:00,"296 Spruce St, Boston, MA 02215",September
254407,34in Ultrawide Monitor,1,379.99,2019-09-19 10:36:00,"468 Wilson St, Los Angeles, CA 90001",September
254926,34in Ultrawide Monitor,1,379.99,2019-09-18 05:09:00,"415 Wilson St, San Francisco, CA 94016",September
249004,34in Ultrawide Monitor,1,379.99,2019-09-29 12:17:00,"192 Washington St, San Francisco, CA 94016",September
251704,34in Ultrawide Monitor,1,379.99,2019-09-27 11:34:00,"386 Wilson St, San Francisco, CA 94016",September
276273,34in Ultrawide Monitor,1,379.99,2019-10-29 10:56:00,"229 Washington St, San Francisco, CA 94016",October
277244,34in Ultrawide Monitor,1,379.99,2019-10-22 20:00:00,"33 North St, San Francisco, CA 94016",October
277834,34in Ultrawide Monitor,1,379.99,2019-10-21 11:47:00,"618 Washington St, San Francisco, CA 94016",October
262386,34in Ultrawide Monitor,1,379.99,2019-10-20 10:47:00,"836 Maple St, Los Angeles, CA 90001",October
270270,34in Ultrawide Monitor,1,379.99,2019-10-11 10:03:00,"65 River St, Atlanta, GA 30301",October
272342,34in Ultrawide Monitor,1,379.99,2019-10-29 13:58:00,"528 Forest St, Los Angeles, CA 90001",October
273623,34in Ultrawide Monitor,1,379.99,2019-10-06 00:21:00,"179 12th St, Austin, TX 73301",October
277302,34in Ultrawide Monitor,1,379.99,2019-10-29 11:38:00,"259 Johnson St, New York City, NY 10001",October
278377,34in Ultrawide Monitor,1,379.99,2019-10-03 10:15:00,"733 Maple St, Los Angeles, CA 90001",October
259887,34in Ultrawide Monitor,1,379.99,2019-10-24 16:34:00,"946 7th St, New York City, NY 10001",October
260113,34in Ultrawide Monitor,1,379.99,2019-10-29 15:42:00,"115 Jackson St, Seattle, WA 98101",October
270611,34in Ultrawide Monitor,1,379.99,2019-10-26 19:07:00,"195 Hill St, Portland, OR 97035",October
275903,34in Ultrawide Monitor,1,379.99,2019-10-27 19:47:00,"877 12th St, Seattle, WA 98101",October
278224,34in Ultrawide Monitor,1,379.99,2019-10-22 22:51:00,"153 Ridge St, Atlanta, GA 30301",October
267110,34in Ultrawide Monitor,1,379.99,2019-10-09 13:21:00,"858 14th St, Dallas, TX 75001",October
268094,34in Ultrawide Monitor,1,379.99,2019-10-04 15:17:00,"935 Maple St, New York City, NY 10001",October
270354,34in Ultrawide Monitor,1,379.99,2019-10-16 14:57:00,"767 11th St, Los Angeles, CA 90001",October
272244,34in Ultrawide Monitor,1,379.99,2019-10-04 12:23:00,"294 1st St, Los Angeles, CA 90001",October
266120,34in Ultrawide Monitor,1,379.99,2019-10-03 20:30:00,"532 Maple St, Seattle, WA 98101",October
274898,34in Ultrawide Monitor,1,379.99,2019-10-17 12:26:00,"743 Lake St, New York City, NY 10001",October
275081,34in Ultrawide Monitor,1,379.99,2019-10-14 17:30:00,"273 Elm St, San Francisco, CA 94016",October
277786,34in Ultrawide Monitor,1,379.99,2019-10-17 08:44:00,"532 Highland St, Los Angeles, CA 90001",October
274837,34in Ultrawide Monitor,1,379.99,2019-10-16 13:13:00,"570 Dogwood St, Seattle, WA 98101",October
263779,34in Ultrawide Monitor,1,379.99,2019-10-12 12:12:00,"723 4th St, San Francisco, CA 94016",October
265456,34in Ultrawide Monitor,1,379.99,2019-10-30 18:34:00,"950 Hill St, Boston, MA 02215",October
273062,34in Ultrawide Monitor,1,379.99,2019-10-25 11:25:00,"691 10th St, San Francisco, CA 94016",October
275435,34in Ultrawide Monitor,1,379.99,2019-10-25 17:51:00,"852 Park St, Atlanta, GA 30301",October
259936,34in Ultrawide Monitor,1,379.99,2019-10-14 20:58:00,"585 Walnut St, San Francisco, CA 94016",October
263087,34in Ultrawide Monitor,1,379.99,2019-10-24 20:11:00,"453 2nd St, Dallas, TX 75001",October
264085,34in Ultrawide Monitor,1,379.99,2019-10-01 18:19:00,"242 Hickory St, New York City, NY 10001",October
270565,34in Ultrawide Monitor,1,379.99,2019-10-24 10:39:00,"993 Adams St, San Francisco, CA 94016",October
271999,34in Ultrawide Monitor,1,379.99,2019-10-19 20:39:00,"570 1st St, Dallas, TX 75001",October
273497,34in Ultrawide Monitor,1,379.99,2019-10-12 13:22:00,"405 2nd St, San Francisco, CA 94016",October
273605,34in Ultrawide Monitor,1,379.99,2019-10-18 17:15:00,"928 Spruce St, San Francisco, CA 94016",October
275565,34in Ultrawide Monitor,1,379.99,2019-10-09 15:34:00,"881 Church St, San Francisco, CA 94016",October
275943,34in Ultrawide Monitor,1,379.99,2019-10-25 20:49:00,"821 Lake St, Seattle, WA 98101",October
276271,34in Ultrawide Monitor,1,379.99,2019-10-07 21:12:00,"113 Willow St, Boston, MA 02215",October
278409,34in Ultrawide Monitor,1,379.99,2019-10-12 19:21:00,"571 1st St, Los Angeles, CA 90001",October
270436,34in Ultrawide Monitor,1,379.99,2019-10-12 18:16:00,"607 2nd St, Atlanta, GA 30301",October
273393,34in Ultrawide Monitor,1,379.99,2019-10-21 07:30:00,"532 Willow St, New York City, NY 10001",October
262528,34in Ultrawide Monitor,1,379.99,2019-10-03 15:56:00,"514 Hickory St, Boston, MA 02215",October
276408,34in Ultrawide Monitor,1,379.99,2019-10-21 10:36:00,"674 6th St, Los Angeles, CA 90001",October
276973,34in Ultrawide Monitor,1,379.99,2019-10-09 18:40:00,"319 Cherry St, Los Angeles, CA 90001",October
275086,34in Ultrawide Monitor,1,379.99,2019-10-11 20:39:00,"66 Lakeview St, New York City, NY 10001",October
259562,34in Ultrawide Monitor,1,379.99,2019-10-05 20:03:00,"85 8th St, Boston, MA 02215",October
260290,34in Ultrawide Monitor,1,379.99,2019-10-17 13:12:00,"812 Lakeview St, New York City, NY 10001",October
263631,34in Ultrawide Monitor,1,379.99,2019-10-11 16:03:00,"468 Forest St, Austin, TX 73301",October
263833,34in Ultrawide Monitor,1,379.99,2019-10-16 09:54:00,"14 Spruce St, Seattle, WA 98101",October
266170,34in Ultrawide Monitor,1,379.99,2019-10-05 16:19:00,"478 6th St, San Francisco, CA 94016",October
266897,34in Ultrawide Monitor,1,379.99,2019-10-20 18:01:00,"37 8th St, Dallas, TX 75001",October
273121,34in Ultrawide Monitor,1,379.99,2019-10-31 09:41:00,"713 1st St, New York City, NY 10001",October
273187,34in Ultrawide Monitor,1,379.99,2019-10-06 15:06:00,"510 North St, Austin, TX 73301",October
277828,34in Ultrawide Monitor,1,379.99,2019-10-20 14:25:00,"872 West St, Austin, TX 73301",October
270732,34in Ultrawide Monitor,1,379.99,2019-10-24 16:15:00,"248 Jackson St, San Francisco, CA 94016",October
274485,34in Ultrawide Monitor,1,379.99,2019-10-06 14:49:00,"179 10th St, New York City, NY 10001",October
276942,34in Ultrawide Monitor,1,379.99,2019-10-27 19:33:00,"537 Center St, Atlanta, GA 30301",October
261108,34in Ultrawide Monitor,1,379.99,2019-10-03 17:40:00,"906 Dogwood St, New York City, NY 10001",October
263929,34in Ultrawide Monitor,1,379.99,2019-10-13 13:43:00,"80 Lincoln St, Boston, MA 02215",October
270422,34in Ultrawide Monitor,1,379.99,2019-10-03 14:19:00,"331 4th St, Portland, ME 04101",October
259358,34in Ultrawide Monitor,1,379.99,2019-10-28 10:56:00,"609 Cherry St, Dallas, TX 75001",October
263374,34in Ultrawide Monitor,1,379.99,2019-10-13 08:19:00,"822 Pine St, Dallas, TX 75001",October
274673,34in Ultrawide Monitor,1,379.99,2019-10-29 08:10:00,"753 Cedar St, Los Angeles, CA 90001",October
261315,34in Ultrawide Monitor,1,379.99,2019-10-14 19:05:00,"29 Cherry St, Portland, OR 97035",October
262243,34in Ultrawide Monitor,1,379.99,2019-10-31 10:14:00,"177 Chestnut St, Atlanta, GA 30301",October
273940,34in Ultrawide Monitor,1,379.99,2019-10-18 16:39:00,"937 Maple St, Boston, MA 02215",October
277203,34in Ultrawide Monitor,1,379.99,2019-10-31 22:34:00,"645 Center St, New York City, NY 10001",October
262193,34in Ultrawide Monitor,1,379.99,2019-10-08 19:51:00,"319 6th St, San Francisco, CA 94016",October
264714,34in Ultrawide Monitor,1,379.99,2019-10-05 10:52:00,"86 North St, Dallas, TX 75001",October
270301,34in Ultrawide Monitor,1,379.99,2019-10-23 10:50:00,"608 10th St, San Francisco, CA 94016",October
271372,34in Ultrawide Monitor,1,379.99,2019-10-26 13:38:00,"809 Main St, Austin, TX 73301",October
272950,34in Ultrawide Monitor,1,379.99,2019-10-11 19:19:00,"104 Elm St, Los Angeles, CA 90001",October
276123,34in Ultrawide Monitor,1,379.99,2019-10-03 15:15:00,"111 Hickory St, New York City, NY 10001",October
267198,34in Ultrawide Monitor,1,379.99,2019-10-04 11:45:00,"925 Pine St, San Francisco, CA 94016",October
269120,34in Ultrawide Monitor,1,379.99,2019-10-23 14:30:00,"530 9th St, Boston, MA 02215",October
271538,34in Ultrawide Monitor,1,379.99,2019-10-07 16:01:00,"444 Madison St, Atlanta, GA 30301",October
271738,34in Ultrawide Monitor,1,379.99,2019-10-28 10:09:00,"391 5th St, Los Angeles, CA 90001",October
271941,34in Ultrawide Monitor,1,379.99,2019-10-13 19:08:00,"645 Dogwood St, Atlanta, GA 30301",October
269983,34in Ultrawide Monitor,1,379.99,2019-10-16 19:15:00,"595 12th St, Boston, MA 02215",October
272847,34in Ultrawide Monitor,1,379.99,2019-10-07 23:28:00,"339 Washington St, Austin, TX 73301",October
276623,34in Ultrawide Monitor,1,379.99,2019-10-26 19:15:00,"2 Sunset St, Seattle, WA 98101",October
260633,34in Ultrawide Monitor,1,379.99,2019-10-27 17:39:00,"112 Jackson St, Austin, TX 73301",October
278555,34in Ultrawide Monitor,1,379.99,2019-10-09 19:15:00,"28 8th St, San Francisco, CA 94016",October
264826,34in Ultrawide Monitor,1,379.99,2019-10-11 21:26:00,"423 8th St, San Francisco, CA 94016",October
270045,34in Ultrawide Monitor,1,379.99,2019-10-03 20:27:00,"171 5th St, Los Angeles, CA 90001",October
265411,34in Ultrawide Monitor,1,379.99,2019-10-06 10:26:00,"707 Walnut St, New York City, NY 10001",October
266131,34in Ultrawide Monitor,1,379.99,2019-10-28 09:14:00,"630 Pine St, Seattle, WA 98101",October
267639,34in Ultrawide Monitor,1,379.99,2019-10-09 12:45:00,"270 Adams St, San Francisco, CA 94016",October
272855,34in Ultrawide Monitor,1,379.99,2019-10-21 08:33:00,"493 Jefferson St, Los Angeles, CA 90001",October
263068,34in Ultrawide Monitor,1,379.99,2019-10-13 19:13:00,"537 Hill St, San Francisco, CA 94016",October
260478,34in Ultrawide Monitor,1,379.99,2019-10-08 17:47:00,"693 7th St, New York City, NY 10001",October
269929,34in Ultrawide Monitor,1,379.99,2019-10-29 23:27:00,"813 4th St, New York City, NY 10001",October
270928,34in Ultrawide Monitor,1,379.99,2019-10-27 21:48:00,"978 Maple St, Los Angeles, CA 90001",October
271914,34in Ultrawide Monitor,1,379.99,2019-10-04 13:44:00,"531 10th St, New York City, NY 10001",October
276616,34in Ultrawide Monitor,1,379.99,2019-10-23 21:20:00,"606 Dogwood St, San Francisco, CA 94016",October
276827,34in Ultrawide Monitor,1,379.99,2019-10-22 12:06:00,"186 Spruce St, Portland, OR 97035",October
264661,34in Ultrawide Monitor,1,379.99,2019-10-29 19:18:00,"709 14th St, Los Angeles, CA 90001",October
267298,34in Ultrawide Monitor,1,379.99,2019-10-18 07:05:00,"698 Meadow St, Austin, TX 73301",October
271687,34in Ultrawide Monitor,1,379.99,2019-10-13 09:45:00,"946 Ridge St, Boston, MA 02215",October
271719,34in Ultrawide Monitor,1,379.99,2019-10-28 08:25:00,"53 Forest St, San Francisco, CA 94016",October
274567,34in Ultrawide Monitor,2,379.99,2019-10-17 15:22:00,"994 Lakeview St, Atlanta, GA 30301",October
275001,34in Ultrawide Monitor,1,379.99,2019-10-02 16:36:00,"731 River St, New York City, NY 10001",October
276463,34in Ultrawide Monitor,1,379.99,2019-10-14 09:49:00,"576 Center St, Los Angeles, CA 90001",October
259458,34in Ultrawide Monitor,1,379.99,2019-10-08 09:08:00,"728 1st St, Portland, OR 97035",October
261033,34in Ultrawide Monitor,1,379.99,2019-10-26 19:42:00,"330 Willow St, Boston, MA 02215",October
268224,34in Ultrawide Monitor,1,379.99,2019-10-18 10:37:00,"818 Forest St, San Francisco, CA 94016",October
270503,34in Ultrawide Monitor,1,379.99,2019-10-04 11:43:00,"308 Dogwood St, New York City, NY 10001",October
270899,34in Ultrawide Monitor,1,379.99,2019-10-06 11:51:00,"928 Walnut St, Seattle, WA 98101",October
271209,34in Ultrawide Monitor,1,379.99,2019-10-19 23:41:00,"183 8th St, Boston, MA 02215",October
271993,34in Ultrawide Monitor,1,379.99,2019-10-31 13:30:00,"820 Ridge St, Seattle, WA 98101",October
273625,34in Ultrawide Monitor,1,379.99,2019-10-25 23:34:00,"361 8th St, Dallas, TX 75001",October
274997,34in Ultrawide Monitor,1,379.99,2019-10-04 23:46:00,"66 Lakeview St, New York City, NY 10001",October
274016,34in Ultrawide Monitor,1,379.99,2019-10-10 21:13:00,"315 Highland St, San Francisco, CA 94016",October
277313,34in Ultrawide Monitor,1,379.99,2019-10-03 12:02:00,"566 14th St, San Francisco, CA 94016",October
272765,34in Ultrawide Monitor,1,379.99,2019-10-13 09:56:00,"268 Wilson St, New York City, NY 10001",October
277166,34in Ultrawide Monitor,1,379.99,2019-10-22 21:56:00,"989 Park St, Dallas, TX 75001",October
277780,34in Ultrawide Monitor,1,379.99,2019-10-17 12:14:00,"508 Johnson St, Seattle, WA 98101",October
262347,34in Ultrawide Monitor,1,379.99,2019-10-22 05:40:00,"433 Ridge St, Atlanta, GA 30301",October
263843,34in Ultrawide Monitor,1,379.99,2019-10-20 21:07:00,"900 Center St, Austin, TX 73301",October
264333,34in Ultrawide Monitor,1,379.99,2019-10-23 15:12:00,"576 Lincoln St, Austin, TX 73301",October
281235,34in Ultrawide Monitor,1,379.99,2019-11-15 12:18:00,"245 Lincoln St, Boston, MA 02215",November
287857,34in Ultrawide Monitor,1,379.99,2019-11-17 17:04:00,"883 Forest St, Atlanta, GA 30301",November
289214,34in Ultrawide Monitor,1,379.99,2019-11-24 01:13:00,"245 Ridge St, San Francisco, CA 94016",November
280678,34in Ultrawide Monitor,1,379.99,2019-11-07 10:32:00,"797 10th St, San Francisco, CA 94016",November
288843,34in Ultrawide Monitor,1,379.99,2019-11-08 09:30:00,"737 Lincoln St, New York City, NY 10001",November
288853,34in Ultrawide Monitor,1,379.99,2019-11-24 17:53:00,"924 Spruce St, Boston, MA 02215",November
289944,34in Ultrawide Monitor,1,379.99,2019-11-29 14:56:00,"178 Forest St, Austin, TX 73301",November
292329,34in Ultrawide Monitor,1,379.99,2019-11-24 13:39:00,"747 10th St, Portland, ME 04101",November
279809,34in Ultrawide Monitor,1,379.99,2019-11-25 09:23:00,"254 Church St, San Francisco, CA 94016",November
283998,34in Ultrawide Monitor,1,379.99,2019-11-03 15:50:00,"513 South St, Atlanta, GA 30301",November
286501,34in Ultrawide Monitor,1,379.99,2019-11-16 11:13:00,"341 Highland St, New York City, NY 10001",November
288946,34in Ultrawide Monitor,1,379.99,2019-11-18 21:36:00,"539 Johnson St, Atlanta, GA 30301",November
292594,34in Ultrawide Monitor,1,379.99,2019-11-13 13:36:00,"567 South St, Atlanta, GA 30301",November
295352,34in Ultrawide Monitor,1,379.99,2019-11-10 10:08:00,"456 Lincoln St, New York City, NY 10001",November
284138,34in Ultrawide Monitor,1,379.99,2019-11-10 17:09:00,"612 Hill St, Dallas, TX 75001",November
281025,34in Ultrawide Monitor,1,379.99,2019-11-07 13:17:00,"287 Main St, Seattle, WA 98101",November
284468,34in Ultrawide Monitor,1,379.99,2019-11-03 06:24:00,"370 11th St, Dallas, TX 75001",November
287642,34in Ultrawide Monitor,1,379.99,2019-11-26 10:08:00,"217 14th St, Dallas, TX 75001",November
290386,34in Ultrawide Monitor,1,379.99,2019-11-24 09:33:00,"188 4th St, Atlanta, GA 30301",November
294887,34in Ultrawide Monitor,1,379.99,2019-11-29 18:58:00,"973 Forest St, New York City, NY 10001",November
279521,34in Ultrawide Monitor,1,379.99,2019-11-14 14:01:00,"469 14th St, Los Angeles, CA 90001",November
280906,34in Ultrawide Monitor,1,379.99,2019-11-17 09:06:00,"64 Church St, Seattle, WA 98101",November
285654,34in Ultrawide Monitor,1,379.99,2019-11-10 07:29:00,"907 11th St, Portland, ME 04101",November
290545,34in Ultrawide Monitor,1,379.99,2019-11-19 19:55:00,"422 Center St, San Francisco, CA 94016",November
294877,34in Ultrawide Monitor,1,379.99,2019-11-14 21:42:00,"64 1st St, Seattle, WA 98101",November
288893,34in Ultrawide Monitor,1,379.99,2019-11-13 11:30:00,"945 Main St, Los Angeles, CA 90001",November
290015,34in Ultrawide Monitor,1,379.99,2019-11-13 17:53:00,"639 Jefferson St, Atlanta, GA 30301",November
292629,34in Ultrawide Monitor,1,379.99,2019-11-16 14:44:00,"110 Main St, San Francisco, CA 94016",November
293275,34in Ultrawide Monitor,1,379.99,2019-11-02 17:56:00,"628 7th St, New York City, NY 10001",November
280235,34in Ultrawide Monitor,1,379.99,2019-11-23 18:20:00,"59 Pine St, Los Angeles, CA 90001",November
281760,34in Ultrawide Monitor,1,379.99,2019-11-08 21:21:00,"433 Dogwood St, Seattle, WA 98101",November
284813,34in Ultrawide Monitor,1,379.99,2019-11-24 19:51:00,"417 Lake St, San Francisco, CA 94016",November
286122,34in Ultrawide Monitor,1,379.99,2019-11-06 14:10:00,"638 7th St, Los Angeles, CA 90001",November
288235,34in Ultrawide Monitor,1,379.99,2019-11-08 12:04:00,"631 Wilson St, San Francisco, CA 94016",November
289170,34in Ultrawide Monitor,1,379.99,2019-11-29 10:23:00,"769 Maple St, Los Angeles, CA 90001",November
290818,34in Ultrawide Monitor,1,379.99,2019-11-19 06:57:00,"548 Center St, San Francisco, CA 94016",November
292660,34in Ultrawide Monitor,1,379.99,2019-11-22 01:07:00,"407 Hickory St, Los Angeles, CA 90001",November
279461,34in Ultrawide Monitor,1,379.99,2019-11-08 17:03:00,"880 Walnut St, New York City, NY 10001",November
280207,34in Ultrawide Monitor,1,379.99,2019-11-18 21:01:00,"528 Pine St, Los Angeles, CA 90001",November
281220,34in Ultrawide Monitor,1,379.99,2019-11-08 10:23:00,"74 West St, New York City, NY 10001",November
281892,34in Ultrawide Monitor,1,379.99,2019-11-22 15:23:00,"499 Jackson St, Portland, OR 97035",November
283676,34in Ultrawide Monitor,1,379.99,2019-11-11 01:12:00,"451 Lincoln St, Dallas, TX 75001",November
279820,34in Ultrawide Monitor,1,379.99,2019-11-08 11:46:00,"101 Main St, New York City, NY 10001",November
283216,34in Ultrawide Monitor,1,379.99,2019-11-12 20:02:00,"626 Adams St, Seattle, WA 98101",November
287510,34in Ultrawide Monitor,1,379.99,2019-11-12 12:14:00,"848 Spruce St, Seattle, WA 98101",November
288767,34in Ultrawide Monitor,1,379.99,2019-11-29 21:30:00,"47 Main St, Dallas, TX 75001",November
288909,34in Ultrawide Monitor,1,379.99,2019-11-04 22:13:00,"335 Jackson St, Atlanta, GA 30301",November
284513,34in Ultrawide Monitor,1,379.99,2019-11-20 22:36:00,"522 Church St, New York City, NY 10001",November
284534,34in Ultrawide Monitor,1,379.99,2019-11-02 20:01:00,"96 10th St, New York City, NY 10001",November
285636,34in Ultrawide Monitor,1,379.99,2019-11-11 08:47:00,"277 Meadow St, Los Angeles, CA 90001",November
289318,34in Ultrawide Monitor,1,379.99,2019-11-14 13:30:00,"537 Meadow St, New York City, NY 10001",November
279567,34in Ultrawide Monitor,1,379.99,2019-11-29 10:20:00,"160 Walnut St, Portland, ME 04101",November
285848,34in Ultrawide Monitor,1,379.99,2019-11-11 20:48:00,"898 Walnut St, Austin, TX 73301",November
282481,34in Ultrawide Monitor,1,379.99,2019-11-10 11:54:00,"837 Highland St, Boston, MA 02215",November
288150,34in Ultrawide Monitor,1,379.99,2019-11-07 10:19:00,"190 9th St, Austin, TX 73301",November
288738,34in Ultrawide Monitor,1,379.99,2019-11-09 18:05:00,"736 11th St, Atlanta, GA 30301",November
292394,34in Ultrawide Monitor,1,379.99,2019-11-29 11:12:00,"807 Church St, Atlanta, GA 30301",November
293070,34in Ultrawide Monitor,1,379.99,2019-11-28 19:50:00,"127 4th St, Atlanta, GA 30301",November
282834,34in Ultrawide Monitor,1,379.99,2019-11-28 12:48:00,"316 2nd St, San Francisco, CA 94016",November
282139,34in Ultrawide Monitor,1,379.99,2019-11-23 14:01:00,"586 12th St, Los Angeles, CA 90001",November
279020,34in Ultrawide Monitor,1,379.99,2019-11-28 17:00:00,"518 Forest St, Seattle, WA 98101",November
280379,34in Ultrawide Monitor,1,379.99,2019-11-23 22:00:00,"37 Chestnut St, New York City, NY 10001",November
293018,34in Ultrawide Monitor,1,379.99,2019-11-20 17:22:00,"366 Johnson St, San Francisco, CA 94016",November
281269,34in Ultrawide Monitor,1,379.99,2019-11-25 16:10:00,"572 Spruce St, Boston, MA 02215",November
283579,34in Ultrawide Monitor,1,379.99,2019-11-13 13:12:00,"617 River St, Los Angeles, CA 90001",November
295184,34in Ultrawide Monitor,1,379.99,2019-11-27 19:15:00,"47 Cherry St, Los Angeles, CA 90001",November
284068,34in Ultrawide Monitor,1,379.99,2019-11-03 20:17:00,"436 4th St, San Francisco, CA 94016",November
291227,34in Ultrawide Monitor,1,379.99,2019-11-06 08:31:00,"181 Cherry St, Boston, MA 02215",November
281148,34in Ultrawide Monitor,1,379.99,2019-11-15 14:34:00,"757 8th St, San Francisco, CA 94016",November
283038,34in Ultrawide Monitor,1,379.99,2019-11-10 08:31:00,"296 Hickory St, Seattle, WA 98101",November
286605,34in Ultrawide Monitor,1,379.99,2019-11-02 12:41:00,"420 Jackson St, Portland, OR 97035",November
286823,34in Ultrawide Monitor,1,379.99,2019-11-27 00:16:00,"773 River St, New York City, NY 10001",November
289857,34in Ultrawide Monitor,1,379.99,2019-11-07 12:47:00,"536 Forest St, New York City, NY 10001",November
293181,34in Ultrawide Monitor,1,379.99,2019-11-11 06:27:00,"465 Adams St, Seattle, WA 98101",November
293183,34in Ultrawide Monitor,1,379.99,2019-11-06 05:33:00,"504 1st St, Atlanta, GA 30301",November
285816,34in Ultrawide Monitor,1,379.99,2019-11-06 13:20:00,"139 Lincoln St, Austin, TX 73301",November
290436,34in Ultrawide Monitor,1,379.99,2019-11-14 09:41:00,"210 Forest St, San Francisco, CA 94016",November
288123,34in Ultrawide Monitor,1,379.99,2019-11-04 15:28:00,"776 Pine St, New York City, NY 10001",November
278898,34in Ultrawide Monitor,1,379.99,2019-11-02 20:23:00,"938 6th St, Los Angeles, CA 90001",November
280667,34in Ultrawide Monitor,1,379.99,2019-11-05 18:30:00,"461 Lakeview St, Atlanta, GA 30301",November
290149,34in Ultrawide Monitor,1,379.99,2019-11-06 01:35:00,"393 Cherry St, San Francisco, CA 94016",November
281604,34in Ultrawide Monitor,1,379.99,2019-11-08 19:35:00,"148 Lake St, San Francisco, CA 94016",November
279812,34in Ultrawide Monitor,1,379.99,2019-11-16 18:09:00,"386 12th St, Atlanta, GA 30301",November
289130,34in Ultrawide Monitor,1,379.99,2019-11-10 12:58:00,"446 10th St, Boston, MA 02215",November
289207,34in Ultrawide Monitor,1,379.99,2019-11-30 10:25:00,"424 Highland St, Austin, TX 73301",November
289522,34in Ultrawide Monitor,1,379.99,2019-11-21 19:26:00,"113 2nd St, San Francisco, CA 94016",November
283792,34in Ultrawide Monitor,1,379.99,2019-11-28 12:47:00,"431 10th St, Boston, MA 02215",November
293435,34in Ultrawide Monitor,1,379.99,2019-11-20 22:06:00,"390 Spruce St, Austin, TX 73301",November
294448,34in Ultrawide Monitor,1,379.99,2019-11-10 08:37:00,"5 14th St, Boston, MA 02215",November
279537,34in Ultrawide Monitor,1,379.99,2019-11-12 18:39:00,"852 Hill St, Seattle, WA 98101",November
284635,34in Ultrawide Monitor,1,379.99,2019-11-24 15:52:00,"383 Highland St, Boston, MA 02215",November
295437,34in Ultrawide Monitor,1,379.99,2019-11-02 18:45:00,"483 10th St, Boston, MA 02215",November
305708,34in Ultrawide Monitor,1,379.99,2019-12-29 19:54:00,"421 Washington St, Boston, MA 02215",December
307123,34in Ultrawide Monitor,1,379.99,2019-12-29 18:41:00,"832 5th St, Los Angeles, CA 90001",December
313913,34in Ultrawide Monitor,1,379.99,2019-12-31 11:39:00,"251 10th St, Dallas, TX 75001",December
300120,34in Ultrawide Monitor,1,379.99,2019-12-04 20:17:00,"984 Spruce St, Los Angeles, CA 90001",December
306834,34in Ultrawide Monitor,1,379.99,2019-12-18 14:03:00,"288 South St, San Francisco, CA 94016",December
307763,34in Ultrawide Monitor,1,379.99,2019-12-11 14:12:00,"251 Wilson St, San Francisco, CA 94016",December
310638,34in Ultrawide Monitor,1,379.99,2019-12-15 18:09:00,"656 14th St, New York City, NY 10001",December
315491,34in Ultrawide Monitor,1,379.99,2019-12-10 12:33:00,"664 Lincoln St, San Francisco, CA 94016",December
296878,34in Ultrawide Monitor,1,379.99,2019-12-04 22:00:00,"232 Chestnut St, New York City, NY 10001",December
298137,34in Ultrawide Monitor,2,379.99,2019-12-18 16:07:00,"587 Hickory St, San Francisco, CA 94016",December
307834,34in Ultrawide Monitor,1,379.99,2019-12-09 18:06:00,"701 Washington St, New York City, NY 10001",December
308234,34in Ultrawide Monitor,1,379.99,2019-12-21 19:31:00,"507 Center St, Los Angeles, CA 90001",December
308735,34in Ultrawide Monitor,1,379.99,2019-12-14 15:59:00,"113 Washington St, Portland, OR 97035",December
309329,34in Ultrawide Monitor,1,379.99,2019-12-14 08:52:00,"853 River St, San Francisco, CA 94016",December
302003,34in Ultrawide Monitor,1,379.99,2019-12-28 08:00:00,"579 Madison St, San Francisco, CA 94016",December
304216,34in Ultrawide Monitor,1,379.99,2019-12-08 19:25:00,"766 Wilson St, Dallas, TX 75001",December
311630,34in Ultrawide Monitor,1,379.99,2019-12-03 06:49:00,"631 Meadow St, San Francisco, CA 94016",December
301963,34in Ultrawide Monitor,1,379.99,2019-12-13 09:48:00,"186 Main St, San Francisco, CA 94016",December
302636,34in Ultrawide Monitor,1,379.99,2019-12-22 07:07:00,"629 Center St, San Francisco, CA 94016",December
317402,34in Ultrawide Monitor,1,379.99,2019-12-26 01:17:00,"384 Main St, Los Angeles, CA 90001",December
317873,34in Ultrawide Monitor,1,379.99,2019-12-16 20:34:00,"289 River St, Boston, MA 02215",December
296764,34in Ultrawide Monitor,1,379.99,2019-12-06 21:48:00,"262 Hickory St, Atlanta, GA 30301",December
301804,34in Ultrawide Monitor,1,379.99,2019-12-11 20:40:00,"272 Lake St, New York City, NY 10001",December
303390,34in Ultrawide Monitor,1,379.99,2019-12-14 11:26:00,"950 7th St, New York City, NY 10001",December
309065,34in Ultrawide Monitor,1,379.99,2019-12-05 12:34:00,"569 Cherry St, San Francisco, CA 94016",December
313103,34in Ultrawide Monitor,1,379.99,2019-12-17 19:05:00,"527 Meadow St, San Francisco, CA 94016",December
313173,34in Ultrawide Monitor,1,379.99,2019-12-10 15:27:00,"829 Cherry St, Dallas, TX 75001",December
313444,34in Ultrawide Monitor,1,379.99,2019-12-19 12:07:00,"964 Hickory St, Portland, ME 04101",December
310702,34in Ultrawide Monitor,1,379.99,2019-12-01 19:34:00,"807 5th St, San Francisco, CA 94016",December
317581,34in Ultrawide Monitor,1,379.99,2019-12-23 19:59:00,"604 Cedar St, New York City, NY 10001",December
300816,34in Ultrawide Monitor,1,379.99,2019-12-31 19:16:00,"344 2nd St, San Francisco, CA 94016",December
298814,34in Ultrawide Monitor,1,379.99,2019-12-31 06:30:00,"199 Highland St, Portland, ME 04101",December
300055,34in Ultrawide Monitor,1,379.99,2019-12-20 21:40:00,"442 North St, New York City, NY 10001",December
301757,34in Ultrawide Monitor,1,379.99,2019-12-16 11:45:00,"188 Johnson St, New York City, NY 10001",December
302743,34in Ultrawide Monitor,1,379.99,2019-12-21 19:30:00,"429 Lincoln St, San Francisco, CA 94016",December
298491,34in Ultrawide Monitor,1,379.99,2019-12-06 22:40:00,"259 Hill St, Los Angeles, CA 90001",December
304327,34in Ultrawide Monitor,1,379.99,2019-12-23 11:12:00,"493 Cherry St, Portland, OR 97035",December
314299,34in Ultrawide Monitor,1,379.99,2019-12-12 13:34:00,"391 North St, New York City, NY 10001",December
314651,34in Ultrawide Monitor,1,379.99,2019-12-15 17:21:00,"514 Sunset St, San Francisco, CA 94016",December
299325,34in Ultrawide Monitor,1,379.99,2019-12-04 07:49:00,"155 Johnson St, Boston, MA 02215",December
308352,34in Ultrawide Monitor,1,379.99,2019-12-25 09:04:00,"192 13th St, Seattle, WA 98101",December
314391,34in Ultrawide Monitor,1,379.99,2019-12-30 23:08:00,"70 9th St, Dallas, TX 75001",December
306801,34in Ultrawide Monitor,1,379.99,2019-12-14 19:25:00,"168 5th St, Dallas, TX 75001",December
316484,34in Ultrawide Monitor,1,379.99,2019-12-13 18:02:00,"581 Forest St, San Francisco, CA 94016",December
299473,34in Ultrawide Monitor,1,379.99,2019-12-07 12:31:00,"619 Willow St, Atlanta, GA 30301",December
304171,34in Ultrawide Monitor,1,379.99,2019-12-05 07:47:00,"223 Elm St, Los Angeles, CA 90001",December
308922,34in Ultrawide Monitor,1,379.99,2019-12-15 15:04:00,"878 12th St, San Francisco, CA 94016",December
314119,34in Ultrawide Monitor,1,379.99,2019-12-22 10:09:00,"602 Jackson St, Dallas, TX 75001",December
314647,34in Ultrawide Monitor,1,379.99,2019-12-01 12:23:00,"991 Sunset St, New York City, NY 10001",December
302875,34in Ultrawide Monitor,1,379.99,2019-12-29 14:40:00,"477 2nd St, Seattle, WA 98101",December
306481,34in Ultrawide Monitor,1,379.99,2019-12-02 18:12:00,"81 Lake St, Boston, MA 02215",December
315127,34in Ultrawide Monitor,1,379.99,2019-12-07 18:53:00,"865 Pine St, Atlanta, GA 30301",December
305728,34in Ultrawide Monitor,1,379.99,2019-12-22 18:39:00,"151 Lakeview St, Atlanta, GA 30301",December
314741,34in Ultrawide Monitor,1,379.99,2019-12-10 21:15:00,"961 2nd St, Portland, OR 97035",December
314946,34in Ultrawide Monitor,1,379.99,2019-12-08 20:21:00,"136 South St, Los Angeles, CA 90001",December
300579,34in Ultrawide Monitor,1,379.99,2019-12-14 14:28:00,"229 2nd St, Austin, TX 73301",December
301581,34in Ultrawide Monitor,1,379.99,2019-12-07 20:54:00,"992 Meadow St, Boston, MA 02215",December
303992,34in Ultrawide Monitor,1,379.99,2019-12-25 16:11:00,"922 Cedar St, San Francisco, CA 94016",December
305734,34in Ultrawide Monitor,1,379.99,2019-12-16 16:04:00,"480 13th St, San Francisco, CA 94016",December
309640,34in Ultrawide Monitor,1,379.99,2019-12-14 20:07:00,"718 Lincoln St, San Francisco, CA 94016",December
317106,34in Ultrawide Monitor,1,379.99,2019-12-24 10:22:00,"639 Park St, Boston, MA 02215",December
318777,34in Ultrawide Monitor,1,379.99,2019-12-08 13:09:00,"347 Hill St, New York City, NY 10001",December
295730,34in Ultrawide Monitor,1,379.99,2019-12-14 20:04:00,"574 West St, San Francisco, CA 94016",December
299518,34in Ultrawide Monitor,1,379.99,2019-12-07 10:24:00,"273 Meadow St, New York City, NY 10001",December
315939,34in Ultrawide Monitor,1,379.99,2019-12-05 20:58:00,"314 11th St, Boston, MA 02215",December
298186,34in Ultrawide Monitor,1,379.99,2019-12-22 00:02:00,"678 Willow St, Austin, TX 73301",December
299802,34in Ultrawide Monitor,1,379.99,2019-12-24 09:08:00,"554 Church St, San Francisco, CA 94016",December
306211,34in Ultrawide Monitor,1,379.99,2019-12-05 08:53:00,"859 Chestnut St, Portland, ME 04101",December
316848,34in Ultrawide Monitor,1,379.99,2019-12-02 19:03:00,"871 Madison St, Austin, TX 73301",December
317446,34in Ultrawide Monitor,1,379.99,2019-12-06 11:32:00,"773 Madison St, Dallas, TX 75001",December
220063,34in Ultrawide Monitor,1,379.99,2019-06-27 10:22:00,"561 7th St, New York City, NY 10001",June
212754,34in Ultrawide Monitor,1,379.99,2019-06-09 19:43:00,"624 13th St, New York City, NY 10001",June
222761,34in Ultrawide Monitor,1,379.99,2019-06-17 09:45:00,"288 7th St, New York City, NY 10001",June
227585,34in Ultrawide Monitor,1,379.99,2019-07-13 15:07:00,"85 Highland St, New York City, NY 10001",July
224352,34in Ultrawide Monitor,1,379.99,2019-07-05 23:26:00,"994 Pine St, Dallas, TX 75001",July
241321,34in Ultrawide Monitor,1,379.99,2019-08-11 19:44:00,"543 Cherry St, Boston, MA 02215",August
253434,34in Ultrawide Monitor,1,379.99,2019-09-30 15:13:00,"597 Center St, Dallas, TX 75001",September
252038,34in Ultrawide Monitor,1,379.99,2019-09-15 17:47:00,"262 2nd St, Los Angeles, CA 90001",September
278188,34in Ultrawide Monitor,1,379.99,2019-10-25 13:15:00,"279 13th St, New York City, NY 10001",October
292777,34in Ultrawide Monitor,1,379.99,2019-11-04 13:07:00,"769 Forest St, San Francisco, CA 94016",November
282204,34in Ultrawide Monitor,1,379.99,2019-11-24 22:23:00,"479 Sunset St, Los Angeles, CA 90001",November
284675,34in Ultrawide Monitor,1,379.99,2019-11-29 23:30:00,"376 West St, Boston, MA 02215",November
289062,34in Ultrawide Monitor,1,379.99,2019-11-23 09:17:00,"255 6th St, Seattle, WA 98101",November
295125,34in Ultrawide Monitor,1,379.99,2019-11-26 14:12:00,"652 Highland St, New York City, NY 10001",November
282322,34in Ultrawide Monitor,1,379.99,2019-11-05 22:38:00,"725 Hill St, Portland, ME 04101",November
297941,34in Ultrawide Monitor,1,379.99,2019-12-31 16:00:00,"279 Sunset St, San Francisco, CA 94016",December
295838,34in Ultrawide Monitor,1,379.99,2019-12-14 22:57:00,"321 8th St, San Francisco, CA 94016",December
311264,34in Ultrawide Monitor,1,379.99,2019-12-26 13:50:00,"436 Chestnut St, New York City, NY 10001",December
303450,34in Ultrawide Monitor,1,379.99,2019-12-27 10:51:00,"276 Hickory St, New York City, NY 10001",December
313615,34in Ultrawide Monitor,1,379.99,2019-12-24 07:54:00,"563 Lincoln St, Portland, OR 97035",December
317661,34in Ultrawide Monitor,1,379.99,2019-12-31 16:44:00,"403 Chestnut St, Boston, MA 02215",December
305968,34in Ultrawide Monitor,1,379.99,2019-12-19 11:55:00,"704 Elm St, Los Angeles, CA 90001",December
308089,34in Ultrawide Monitor,1,379.99,2019-12-09 01:58:00,"892 Ridge St, Seattle, WA 98101",December
311640,34in Ultrawide Monitor,1,379.99,2019-12-11 09:25:00,"48 Hill St, San Francisco, CA 94016",December
316199,34in Ultrawide Monitor,1,379.99,2019-12-13 11:24:00,"27 Forest St, New York City, NY 10001",December
295879,34in Ultrawide Monitor,1,379.99,2019-12-24 11:54:00,"893 Park St, Boston, MA 02215",December
296114,34in Ultrawide Monitor,1,379.99,2019-12-07 17:35:00,"983 Jefferson St, Los Angeles, CA 90001",December
303950,34in Ultrawide Monitor,1,379.99,2019-12-31 13:30:00,"435 Chestnut St, Portland, OR 97035",December
308310,34in Ultrawide Monitor,1,379.99,2019-12-24 22:47:00,"163 Adams St, Los Angeles, CA 90001",December
315765,34in Ultrawide Monitor,1,379.99,2019-12-25 11:06:00,"648 12th St, Los Angeles, CA 90001",December
296677,34in Ultrawide Monitor,1,379.99,2019-12-20 13:07:00,"909 Wilson St, San Francisco, CA 94016",December
297671,34in Ultrawide Monitor,1,379.99,2019-12-17 10:59:00,"736 Madison St, Portland, OR 97035",December
300998,34in Ultrawide Monitor,1,379.99,2019-12-30 19:44:00,"674 Meadow St, Seattle, WA 98101",December
318918,34in Ultrawide Monitor,1,379.99,2019-12-10 16:03:00,"351 South St, San Francisco, CA 94016",December
306753,34in Ultrawide Monitor,1,379.99,2019-12-06 19:51:00,"37 9th St, San Francisco, CA 94016",December
308244,34in Ultrawide Monitor,1,379.99,2019-12-08 22:39:00,"101 Lincoln St, Austin, TX 73301",December
311099,34in Ultrawide Monitor,1,379.99,2019-12-24 11:31:00,"363 11th St, Dallas, TX 75001",December
313181,34in Ultrawide Monitor,1,379.99,2019-12-14 23:53:00,"877 12th St, Los Angeles, CA 90001",December
315679,34in Ultrawide Monitor,1,379.99,2019-12-22 20:22:00,"245 6th St, Los Angeles, CA 90001",December
315849,34in Ultrawide Monitor,1,379.99,2019-12-14 14:43:00,"872 12th St, New York City, NY 10001",December
317077,34in Ultrawide Monitor,1,379.99,2019-12-12 07:17:00,"383 Hickory St, Los Angeles, CA 90001",December
302965,34in Ultrawide Monitor,1,379.99,2019-12-12 12:54:00,"314 Main St, Dallas, TX 75001",December
304136,34in Ultrawide Monitor,1,379.99,2019-12-23 12:08:00,"610 11th St, Portland, OR 97035",December
304571,34in Ultrawide Monitor,1,379.99,2019-12-14 19:10:00,"888 Johnson St, New York City, NY 10001",December
314150,34in Ultrawide Monitor,1,379.99,2019-12-16 19:31:00,"905 Lincoln St, New York City, NY 10001",December
297890,34in Ultrawide Monitor,1,379.99,2019-12-17 15:09:00,"812 Highland St, Los Angeles, CA 90001",December
307728,34in Ultrawide Monitor,1,379.99,2019-12-11 08:47:00,"651 8th St, New York City, NY 10001",December
311817,34in Ultrawide Monitor,1,379.99,2019-12-10 10:01:00,"766 West St, Austin, TX 73301",December
317929,34in Ultrawide Monitor,1,379.99,2019-12-08 00:49:00,"120 Ridge St, Los Angeles, CA 90001",December
319488,34in Ultrawide Monitor,1,379.99,2019-12-12 19:18:00,"798 Forest St, Austin, TX 73301",December
308378,34in Ultrawide Monitor,1,379.99,2019-12-20 09:11:00,"362 Highland St, Boston, MA 02215",December
314458,34in Ultrawide Monitor,1,379.99,2019-12-09 16:32:00,"207 West St, Portland, OR 97035",December
312100,34in Ultrawide Monitor,1,379.99,2019-12-10 13:56:00,"645 Lakeview St, Los Angeles, CA 90001",December
312379,34in Ultrawide Monitor,1,379.99,2019-12-21 18:43:00,"160 Park St, San Francisco, CA 94016",December
304242,34in Ultrawide Monitor,1,379.99,2019-12-24 14:07:00,"578 9th St, Portland, OR 97035",December
310006,34in Ultrawide Monitor,1,379.99,2019-12-19 19:52:00,"906 Johnson St, San Francisco, CA 94016",December
297673,34in Ultrawide Monitor,1,379.99,2019-12-02 19:52:00,"162 Willow St, Seattle, WA 98101",December
306919,34in Ultrawide Monitor,1,379.99,2019-12-07 21:35:00,"973 Lincoln St, San Francisco, CA 94016",December
313005,34in Ultrawide Monitor,1,379.99,2019-12-07 17:52:00,"891 Wilson St, Los Angeles, CA 90001",December
317001,34in Ultrawide Monitor,1,379.99,2019-12-16 21:11:00,"675 Walnut St, Atlanta, GA 30301",December
315037,34in Ultrawide Monitor,1,379.99,2019-12-10 21:05:00,"465 Willow St, Seattle, WA 98101",December
298515,34in Ultrawide Monitor,1,379.99,2019-12-27 08:42:00,"577 10th St, Los Angeles, CA 90001",December
302748,34in Ultrawide Monitor,2,379.99,2019-12-05 18:11:00,"186 Pine St, Atlanta, GA 30301",December
303306,34in Ultrawide Monitor,1,379.99,2019-12-12 20:48:00,"727 Forest St, San Francisco, CA 94016",December
315320,34in Ultrawide Monitor,1,379.99,2019-12-30 10:06:00,"76 Jefferson St, Los Angeles, CA 90001",December
319483,34in Ultrawide Monitor,1,379.99,2019-12-12 14:51:00,"793 Wilson St, Los Angeles, CA 90001",December
144398,34in Ultrawide Monitor,1,379.99,2019-01-16 08:32:00,"824 Forest St, Boston, MA 02215",January
145199,34in Ultrawide Monitor,1,379.99,2019-01-15 08:09:00,"238 Spruce St, Portland, OR 97035",January
145977,34in Ultrawide Monitor,1,379.99,2019-01-20 12:54:00,"39 Lakeview St, Boston, MA 02215",January
149789,34in Ultrawide Monitor,1,379.99,2019-01-13 15:33:00,"302 West St, Los Angeles, CA 90001",January
141939,34in Ultrawide Monitor,1,379.99,2019-01-11 14:36:00,"119 Walnut St, Dallas, TX 75001",January
144377,34in Ultrawide Monitor,1,379.99,2019-01-30 14:33:00,"877 1st St, Atlanta, GA 30301",January
144320,34in Ultrawide Monitor,1,379.99,2019-01-21 14:49:00,"118 South St, San Francisco, CA 94016",January
147035,34in Ultrawide Monitor,1,379.99,2019-01-21 22:15:00,"755 River St, Portland, OR 97035",January
145815,34in Ultrawide Monitor,1,379.99,2019-01-12 22:10:00,"193 Park St, Boston, MA 02215",January
148228,34in Ultrawide Monitor,1,379.99,2019-01-26 17:50:00,"653 Hill St, Los Angeles, CA 90001",January
142767,34in Ultrawide Monitor,1,379.99,2019-01-25 20:12:00,"128 Center St, Atlanta, GA 30301",January
146555,34in Ultrawide Monitor,1,379.99,2019-01-21 12:46:00,"440 Lakeview St, Boston, MA 02215",January
149037,34in Ultrawide Monitor,1,379.99,2019-01-18 10:41:00,"271 Washington St, Seattle, WA 98101",January
146400,34in Ultrawide Monitor,1,379.99,2019-01-24 12:13:00,"453 Spruce St, Austin, TX 73301",January
146757,34in Ultrawide Monitor,1,379.99,2019-01-03 16:03:00,"374 Ridge St, Los Angeles, CA 90001",January
145800,34in Ultrawide Monitor,1,379.99,2019-01-26 11:41:00,"371 4th St, Seattle, WA 98101",January
147646,34in Ultrawide Monitor,1,379.99,2019-01-05 11:29:00,"724 North St, Los Angeles, CA 90001",January
147980,34in Ultrawide Monitor,1,379.99,2019-01-01 15:41:00,"76 Dogwood St, New York City, NY 10001",January
148596,34in Ultrawide Monitor,1,379.99,2019-01-28 16:37:00,"76 Adams St, Boston, MA 02215",January
143305,34in Ultrawide Monitor,1,379.99,2019-01-22 15:14:00,"127 Lake St, Los Angeles, CA 90001",January
141533,34in Ultrawide Monitor,1,379.99,2019-01-01 13:34:00,"400 Lakeview St, Seattle, WA 98101",January
144705,34in Ultrawide Monitor,1,379.99,2019-01-16 11:47:00,"811 Highland St, Atlanta, GA 30301",January
144725,34in Ultrawide Monitor,1,379.99,2019-01-11 10:38:00,"129 North St, Boston, MA 02215",January
149356,34in Ultrawide Monitor,1,379.99,2019-01-07 10:46:00,"905 Jefferson St, Los Angeles, CA 90001",January
149833,34in Ultrawide Monitor,1,379.99,2019-01-09 00:29:00,"266 Madison St, Los Angeles, CA 90001",January
149475,34in Ultrawide Monitor,1,379.99,2019-01-22 08:51:00,"750 River St, Austin, TX 73301",January
142792,34in Ultrawide Monitor,1,379.99,2019-01-16 08:31:00,"387 Maple St, Boston, MA 02215",January
148917,34in Ultrawide Monitor,1,379.99,2019-01-02 21:43:00,"517 Sunset St, Austin, TX 73301",January
149101,34in Ultrawide Monitor,1,379.99,2019-01-29 20:27:00,"198 Meadow St, Austin, TX 73301",January
149250,34in Ultrawide Monitor,1,379.99,2019-01-11 22:53:00,"521 Cedar St, Los Angeles, CA 90001",January
146033,34in Ultrawide Monitor,1,379.99,2019-01-12 20:51:00,"526 Cedar St, San Francisco, CA 94016",January
148551,34in Ultrawide Monitor,1,379.99,2019-01-27 09:00:00,"666 11th St, Dallas, TX 75001",January
147335,34in Ultrawide Monitor,1,379.99,2019-01-05 13:42:00,"368 11th St, New York City, NY 10001",January
144238,34in Ultrawide Monitor,1,379.99,2019-01-26 07:45:00,"460 Church St, Portland, OR 97035",January
148133,34in Ultrawide Monitor,1,379.99,2019-01-01 14:23:00,"877 1st St, Dallas, TX 75001",January
149453,34in Ultrawide Monitor,1,379.99,2019-01-21 13:51:00,"31 Adams St, New York City, NY 10001",January
143363,34in Ultrawide Monitor,1,379.99,2019-01-22 11:13:00,"16 Washington St, Boston, MA 02215",January
143977,34in Ultrawide Monitor,1,379.99,2019-01-13 14:27:00,"934 Maple St, Dallas, TX 75001",January
145296,34in Ultrawide Monitor,1,379.99,2019-01-03 22:17:00,"235 Spruce St, Los Angeles, CA 90001",January
146277,34in Ultrawide Monitor,1,379.99,2019-01-08 23:54:00,"327 Lake St, Seattle, WA 98101",January
142156,34in Ultrawide Monitor,1,379.99,2019-01-01 08:16:00,"540 2nd St, San Francisco, CA 94016",January
148627,34in Ultrawide Monitor,1,379.99,2019-01-12 23:01:00,"475 Elm St, Los Angeles, CA 90001",January
143552,34in Ultrawide Monitor,1,379.99,2019-01-05 19:14:00,"656 Lakeview St, New York City, NY 10001",January
141935,34in Ultrawide Monitor,1,379.99,2019-01-17 20:12:00,"365 Dogwood St, New York City, NY 10001",January
145326,34in Ultrawide Monitor,1,379.99,2019-01-02 23:43:00,"126 Park St, Los Angeles, CA 90001",January
146623,34in Ultrawide Monitor,1,379.99,2019-01-18 22:56:00,"75 Lakeview St, Portland, OR 97035",January
148273,34in Ultrawide Monitor,1,379.99,2019-01-15 13:57:00,"510 Lake St, Dallas, TX 75001",January
142273,34in Ultrawide Monitor,1,379.99,2019-01-20 12:08:00,"636 Elm St, Los Angeles, CA 90001",January
147633,34in Ultrawide Monitor,1,379.99,2019-01-18 13:25:00,"113 Sunset St, Los Angeles, CA 90001",January
149485,34in Ultrawide Monitor,1,379.99,2019-01-13 00:40:00,"553 Jefferson St, Atlanta, GA 30301",January
148073,34in Ultrawide Monitor,1,379.99,2019-01-07 11:52:00,"551 5th St, Atlanta, GA 30301",January
148784,34in Ultrawide Monitor,1,379.99,2019-01-19 20:08:00,"334 Willow St, San Francisco, CA 94016",January
148848,34in Ultrawide Monitor,1,379.99,2019-01-07 12:51:00,"624 Wilson St, New York City, NY 10001",January
145956,34in Ultrawide Monitor,1,379.99,2019-01-27 12:44:00,"177 Hill St, Los Angeles, CA 90001",January
156854,34in Ultrawide Monitor,1,379.99,2019-02-03 15:45:00,"177 6th St, Portland, OR 97035",February
156910,34in Ultrawide Monitor,1,379.99,2019-02-10 14:45:00,"249 11th St, Portland, OR 97035",February
159008,34in Ultrawide Monitor,1,379.99,2019-02-04 07:19:00,"442 Church St, Seattle, WA 98101",February
160390,34in Ultrawide Monitor,1,379.99,2019-02-14 10:44:00,"525 Wilson St, San Francisco, CA 94016",February
150684,34in Ultrawide Monitor,1,379.99,2019-02-23 18:41:00,"615 Jefferson St, San Francisco, CA 94016",February
158676,34in Ultrawide Monitor,1,379.99,2019-02-02 21:23:00,"150 5th St, Seattle, WA 98101",February
154865,34in Ultrawide Monitor,1,379.99,2019-02-19 16:20:00,"678 Lake St, Seattle, WA 98101",February
151182,34in Ultrawide Monitor,1,379.99,2019-02-27 23:29:00,"800 8th St, Atlanta, GA 30301",February
155086,34in Ultrawide Monitor,1,379.99,2019-02-04 11:37:00,"594 Cherry St, Boston, MA 02215",February
156413,34in Ultrawide Monitor,1,379.99,2019-02-01 17:25:00,"578 Hickory St, Atlanta, GA 30301",February
151900,34in Ultrawide Monitor,1,379.99,2019-02-10 06:51:00,"100 Ridge St, Austin, TX 73301",February
152513,34in Ultrawide Monitor,1,379.99,2019-02-18 19:40:00,"40 Sunset St, Austin, TX 73301",February
156624,34in Ultrawide Monitor,1,379.99,2019-02-06 22:03:00,"179 13th St, New York City, NY 10001",February
161435,34in Ultrawide Monitor,1,379.99,2019-02-01 18:42:00,"729 South St, Boston, MA 02215",February
159796,34in Ultrawide Monitor,1,379.99,2019-02-10 13:14:00,"270 Church St, Dallas, TX 75001",February
160331,34in Ultrawide Monitor,1,379.99,2019-02-07 19:42:00,"428 Washington St, Dallas, TX 75001",February
160949,34in Ultrawide Monitor,1,379.99,2019-02-26 23:42:00,"163 Elm St, Atlanta, GA 30301",February
160387,34in Ultrawide Monitor,1,379.99,2019-02-23 20:34:00,"437 6th St, Dallas, TX 75001",February
151525,34in Ultrawide Monitor,1,379.99,2019-02-10 16:26:00,"964 Ridge St, New York City, NY 10001",February
156513,34in Ultrawide Monitor,1,379.99,2019-02-19 17:36:00,"296 Cherry St, Portland, OR 97035",February
161390,34in Ultrawide Monitor,1,379.99,2019-02-08 22:04:00,"894 9th St, New York City, NY 10001",February
160016,34in Ultrawide Monitor,1,379.99,2019-02-06 16:16:00,"925 4th St, Dallas, TX 75001",February
158518,34in Ultrawide Monitor,1,379.99,2019-02-15 09:59:00,"497 Highland St, Austin, TX 73301",February
160836,34in Ultrawide Monitor,1,379.99,2019-02-22 20:05:00,"910 North St, Dallas, TX 75001",February
161008,34in Ultrawide Monitor,1,379.99,2019-02-17 12:41:00,"252 Forest St, Boston, MA 02215",February
161247,34in Ultrawide Monitor,1,379.99,2019-02-18 09:43:00,"669 11th St, Boston, MA 02215",February
161992,34in Ultrawide Monitor,1,379.99,2019-02-01 23:27:00,"101 Walnut St, Boston, MA 02215",February
160942,34in Ultrawide Monitor,1,379.99,2019-02-18 18:23:00,"862 Jackson St, Dallas, TX 75001",February
154739,34in Ultrawide Monitor,1,379.99,2019-02-09 21:38:00,"460 Dogwood St, San Francisco, CA 94016",February
159092,34in Ultrawide Monitor,1,379.99,2019-02-28 09:48:00,"381 7th St, Atlanta, GA 30301",February
159590,34in Ultrawide Monitor,1,379.99,2019-02-04 21:39:00,"836 Pine St, Atlanta, GA 30301",February
155160,34in Ultrawide Monitor,1,379.99,2019-02-11 00:59:00,"191 Walnut St, Dallas, TX 75001",February
155162,34in Ultrawide Monitor,1,379.99,2019-02-24 13:53:00,"418 Highland St, Los Angeles, CA 90001",February
155719,34in Ultrawide Monitor,1,379.99,2019-02-19 17:09:00,"338 5th St, New York City, NY 10001",February
154553,34in Ultrawide Monitor,1,379.99,2019-02-27 19:16:00,"340 Highland St, Dallas, TX 75001",February
154686,34in Ultrawide Monitor,1,379.99,2019-02-08 15:52:00,"281 1st St, San Francisco, CA 94016",February
158387,34in Ultrawide Monitor,1,379.99,2019-02-24 20:37:00,"918 Spruce St, Atlanta, GA 30301",February
161423,34in Ultrawide Monitor,1,379.99,2019-02-22 11:04:00,"393 Johnson St, San Francisco, CA 94016",February
157777,34in Ultrawide Monitor,1,379.99,2019-02-17 16:15:00,"704 Hickory St, San Francisco, CA 94016",February
152701,34in Ultrawide Monitor,1,379.99,2019-02-10 16:34:00,"774 Maple St, Boston, MA 02215",February
152884,34in Ultrawide Monitor,1,379.99,2019-02-24 22:46:00,"893 Spruce St, San Francisco, CA 94016",February
153566,34in Ultrawide Monitor,1,379.99,2019-02-27 08:37:00,"140 7th St, Boston, MA 02215",February
153577,34in Ultrawide Monitor,1,379.99,2019-02-21 10:51:00,"425 Spruce St, Dallas, TX 75001",February
154722,34in Ultrawide Monitor,1,379.99,2019-02-07 11:45:00,"579 Walnut St, Los Angeles, CA 90001",February
158247,34in Ultrawide Monitor,1,379.99,2019-02-07 17:14:00,"347 Forest St, Boston, MA 02215",February
161267,34in Ultrawide Monitor,1,379.99,2019-02-18 18:40:00,"155 Willow St, Dallas, TX 75001",February
161542,34in Ultrawide Monitor,1,379.99,2019-02-19 18:05:00,"690 Church St, New York City, NY 10001",February
155902,34in Ultrawide Monitor,1,379.99,2019-02-01 12:56:00,"233 Walnut St, New York City, NY 10001",February
158479,34in Ultrawide Monitor,1,379.99,2019-02-12 00:03:00,"498 Maple St, Portland, OR 97035",February
152183,34in Ultrawide Monitor,1,379.99,2019-02-17 10:06:00,"194 Center St, San Francisco, CA 94016",February
158495,34in Ultrawide Monitor,1,379.99,2019-02-02 15:21:00,"334 Maple St, New York City, NY 10001",February
152174,34in Ultrawide Monitor,1,379.99,2019-02-06 12:05:00,"493 Sunset St, Austin, TX 73301",February
151327,34in Ultrawide Monitor,1,379.99,2019-02-09 16:20:00,"214 4th St, Austin, TX 73301",February
161916,34in Ultrawide Monitor,1,379.99,2019-02-05 22:02:00,"212 Cedar St, New York City, NY 10001",February
161939,34in Ultrawide Monitor,1,379.99,2019-02-05 20:24:00,"109 Madison St, San Francisco, CA 94016",February
154679,34in Ultrawide Monitor,1,379.99,2019-02-13 07:23:00,"351 Madison St, San Francisco, CA 94016",February
160017,34in Ultrawide Monitor,1,379.99,2019-02-25 15:43:00,"356 Spruce St, Boston, MA 02215",February
161945,34in Ultrawide Monitor,1,379.99,2019-02-19 09:44:00,"814 Highland St, Dallas, TX 75001",February
154588,34in Ultrawide Monitor,1,379.99,2019-02-12 09:53:00,"315 Washington St, San Francisco, CA 94016",February
158431,34in Ultrawide Monitor,1,379.99,2019-02-25 12:42:00,"915 Forest St, Seattle, WA 98101",February
153926,34in Ultrawide Monitor,1,379.99,2019-02-06 18:13:00,"587 13th St, Dallas, TX 75001",February
159663,34in Ultrawide Monitor,1,379.99,2019-02-13 13:41:00,"71 7th St, Los Angeles, CA 90001",February
154672,34in Ultrawide Monitor,1,379.99,2019-02-20 19:54:00,"123 Johnson St, San Francisco, CA 94016",February
157913,34in Ultrawide Monitor,1,379.99,2019-02-12 22:24:00,"229 Church St, Los Angeles, CA 90001",February
152228,34in Ultrawide Monitor,1,379.99,2019-02-10 13:22:00,"785 Center St, Los Angeles, CA 90001",February
158008,34in Ultrawide Monitor,1,379.99,2019-02-05 11:33:00,"501 Sunset St, New York City, NY 10001",February
158227,34in Ultrawide Monitor,1,379.99,2019-02-11 10:02:00,"730 Hill St, San Francisco, CA 94016",February
161981,34in Ultrawide Monitor,1,379.99,2019-02-26 11:47:00,"901 12th St, Portland, OR 97035",February
159175,34in Ultrawide Monitor,1,379.99,2019-02-28 18:01:00,"231 Pine St, New York City, NY 10001",February
152002,34in Ultrawide Monitor,1,379.99,2019-02-14 12:11:00,"992 Adams St, Atlanta, GA 30301",February
156672,34in Ultrawide Monitor,1,379.99,2019-02-16 19:34:00,"983 Madison St, San Francisco, CA 94016",February
168279,34in Ultrawide Monitor,1,379.99,2019-03-19 19:25:00,"18 Center St, Los Angeles, CA 90001",March
167550,34in Ultrawide Monitor,1,379.99,2019-03-20 10:45:00,"310 Madison St, San Francisco, CA 94016",March
167909,34in Ultrawide Monitor,1,379.99,2019-03-06 23:00:00,"861 Hill St, Dallas, TX 75001",March
168422,34in Ultrawide Monitor,1,379.99,2019-03-28 06:42:00,"535 Lakeview St, Atlanta, GA 30301",March
163146,34in Ultrawide Monitor,1,379.99,2019-03-10 06:18:00,"184 South St, Dallas, TX 75001",March
163696,34in Ultrawide Monitor,1,379.99,2019-03-07 18:44:00,"467 Chestnut St, Los Angeles, CA 90001",March
176157,34in Ultrawide Monitor,1,379.99,2019-03-11 01:12:00,"35 Washington St, Portland, OR 97035",March
162455,34in Ultrawide Monitor,1,379.99,2019-03-14 10:52:00,"425 Lake St, Seattle, WA 98101",March
165377,34in Ultrawide Monitor,1,379.99,2019-03-02 17:25:00,"913 Madison St, San Francisco, CA 94016",March
166868,34in Ultrawide Monitor,1,379.99,2019-03-28 19:02:00,"916 Center St, San Francisco, CA 94016",March
176041,34in Ultrawide Monitor,1,379.99,2019-03-16 23:46:00,"541 7th St, Dallas, TX 75001",March
170512,34in Ultrawide Monitor,1,379.99,2019-03-09 13:13:00,"592 Jefferson St, Boston, MA 02215",March
173181,34in Ultrawide Monitor,1,379.99,2019-03-28 19:29:00,"894 Jefferson St, Dallas, TX 75001",March
164685,34in Ultrawide Monitor,1,379.99,2019-03-31 11:06:00,"691 10th St, Los Angeles, CA 90001",March
165320,34in Ultrawide Monitor,1,379.99,2019-03-30 23:45:00,"541 Hickory St, Dallas, TX 75001",March
170519,34in Ultrawide Monitor,1,379.99,2019-03-03 11:45:00,"301 9th St, Boston, MA 02215",March
162569,34in Ultrawide Monitor,1,379.99,2019-03-27 12:16:00,"196 Church St, New York City, NY 10001",March
164247,34in Ultrawide Monitor,1,379.99,2019-03-18 18:18:00,"215 14th St, San Francisco, CA 94016",March
167394,34in Ultrawide Monitor,1,379.99,2019-03-07 19:27:00,"796 Sunset St, Los Angeles, CA 90001",March
174123,34in Ultrawide Monitor,1,379.99,2019-03-25 14:16:00,"583 Walnut St, Boston, MA 02215",March
174855,34in Ultrawide Monitor,1,379.99,2019-03-25 14:37:00,"659 Cherry St, Seattle, WA 98101",March
175747,34in Ultrawide Monitor,1,379.99,2019-03-12 19:27:00,"62 Hill St, Boston, MA 02215",March
166316,34in Ultrawide Monitor,1,379.99,2019-03-17 17:35:00,"369 Park St, New York City, NY 10001",March
170529,34in Ultrawide Monitor,1,379.99,2019-03-25 14:46:00,"892 Adams St, Los Angeles, CA 90001",March
171428,34in Ultrawide Monitor,1,379.99,2019-03-09 10:19:00,"211 Adams St, Los Angeles, CA 90001",March
170642,34in Ultrawide Monitor,1,379.99,2019-03-20 19:48:00,"686 West St, New York City, NY 10001",March
175056,34in Ultrawide Monitor,1,379.99,2019-03-08 15:17:00,"579 Dogwood St, Boston, MA 02215",March
163174,34in Ultrawide Monitor,1,379.99,2019-03-31 11:53:00,"379 Jackson St, Seattle, WA 98101",March
167338,34in Ultrawide Monitor,1,379.99,2019-03-08 17:51:00,"457 Willow St, Los Angeles, CA 90001",March
171786,34in Ultrawide Monitor,1,379.99,2019-03-16 21:41:00,"199 River St, Boston, MA 02215",March
171883,34in Ultrawide Monitor,1,379.99,2019-03-23 08:10:00,"883 North St, Atlanta, GA 30301",March
169344,34in Ultrawide Monitor,1,379.99,2019-03-20 11:02:00,"712 West St, Seattle, WA 98101",March
164561,34in Ultrawide Monitor,1,379.99,2019-03-01 14:25:00,"548 13th St, New York City, NY 10001",March
167310,34in Ultrawide Monitor,1,379.99,2019-03-21 09:58:00,"156 Jefferson St, Dallas, TX 75001",March
170690,34in Ultrawide Monitor,1,379.99,2019-03-16 20:39:00,"215 South St, Atlanta, GA 30301",March
164256,34in Ultrawide Monitor,1,379.99,2019-03-25 09:46:00,"325 Maple St, Los Angeles, CA 90001",March
164562,34in Ultrawide Monitor,1,379.99,2019-03-03 12:51:00,"305 Meadow St, Boston, MA 02215",March
167585,34in Ultrawide Monitor,1,379.99,2019-03-02 01:43:00,"25 South St, Portland, OR 97035",March
162923,34in Ultrawide Monitor,1,379.99,2019-03-09 00:17:00,"746 Lakeview St, Atlanta, GA 30301",March
164102,34in Ultrawide Monitor,1,379.99,2019-03-11 08:26:00,"508 West St, New York City, NY 10001",March
166567,34in Ultrawide Monitor,1,379.99,2019-04-01 00:12:00,"937 Cedar St, New York City, NY 10001",April
162482,34in Ultrawide Monitor,1,379.99,2019-03-23 20:42:00,"722 Church St, Los Angeles, CA 90001",March
163661,34in Ultrawide Monitor,1,379.99,2019-03-04 21:28:00,"910 7th St, San Francisco, CA 94016",March
168542,34in Ultrawide Monitor,1,379.99,2019-03-09 01:16:00,"740 7th St, Austin, TX 73301",March
168966,34in Ultrawide Monitor,1,379.99,2019-03-03 21:57:00,"216 Wilson St, Austin, TX 73301",March
174228,34in Ultrawide Monitor,1,379.99,2019-03-26 08:19:00,"64 Spruce St, Los Angeles, CA 90001",March
174338,34in Ultrawide Monitor,1,379.99,2019-03-03 20:31:00,"464 Wilson St, Atlanta, GA 30301",March
174821,34in Ultrawide Monitor,1,379.99,2019-03-30 19:54:00,"349 8th St, Los Angeles, CA 90001",March
168139,34in Ultrawide Monitor,1,379.99,2019-03-01 21:59:00,"51 Lake St, Atlanta, GA 30301",March
174708,34in Ultrawide Monitor,1,379.99,2019-03-28 15:44:00,"54 4th St, Boston, MA 02215",March
165001,34in Ultrawide Monitor,1,379.99,2019-03-25 11:51:00,"733 11th St, Seattle, WA 98101",March
168173,34in Ultrawide Monitor,1,379.99,2019-03-24 16:51:00,"930 Wilson St, Boston, MA 02215",March
169554,34in Ultrawide Monitor,1,379.99,2019-03-09 18:43:00,"637 11th St, Atlanta, GA 30301",March
170356,34in Ultrawide Monitor,1,379.99,2019-03-27 19:37:00,"483 North St, San Francisco, CA 94016",March
167376,34in Ultrawide Monitor,1,379.99,2019-03-31 18:48:00,"301 5th St, Boston, MA 02215",March
164692,34in Ultrawide Monitor,1,379.99,2019-03-10 13:23:00,"828 Church St, Dallas, TX 75001",March
169850,34in Ultrawide Monitor,1,379.99,2019-03-26 16:15:00,"904 Main St, Seattle, WA 98101",March
170173,34in Ultrawide Monitor,1,379.99,2019-03-20 23:21:00,"285 Hickory St, Seattle, WA 98101",March
174477,34in Ultrawide Monitor,1,379.99,2019-03-01 17:31:00,"570 Meadow St, San Francisco, CA 94016",March
171628,34in Ultrawide Monitor,1,379.99,2019-03-06 17:39:00,"130 1st St, Seattle, WA 98101",March
163019,34in Ultrawide Monitor,1,379.99,2019-03-18 15:37:00,"27 Lake St, San Francisco, CA 94016",March
163020,34in Ultrawide Monitor,1,379.99,2019-03-15 09:27:00,"851 Hill St, Los Angeles, CA 90001",March
165585,34in Ultrawide Monitor,1,379.99,2019-03-11 07:44:00,"549 9th St, New York City, NY 10001",March
170834,34in Ultrawide Monitor,1,379.99,2019-03-26 20:50:00,"170 Meadow St, Portland, OR 97035",March
175411,34in Ultrawide Monitor,1,379.99,2019-03-27 19:30:00,"713 Dogwood St, Los Angeles, CA 90001",March
163111,34in Ultrawide Monitor,1,379.99,2019-03-23 12:19:00,"728 Jackson St, San Francisco, CA 94016",March
163374,34in Ultrawide Monitor,1,379.99,2019-03-17 09:39:00,"470 Ridge St, Boston, MA 02215",March
165895,34in Ultrawide Monitor,1,379.99,2019-03-05 12:53:00,"781 Center St, New York City, NY 10001",March
167198,34in Ultrawide Monitor,1,379.99,2019-03-31 22:35:00,"464 South St, New York City, NY 10001",March
169190,34in Ultrawide Monitor,1,379.99,2019-03-26 10:02:00,"600 1st St, Boston, MA 02215",March
164932,34in Ultrawide Monitor,1,379.99,2019-03-05 18:24:00,"895 Madison St, Seattle, WA 98101",March
171979,34in Ultrawide Monitor,1,379.99,2019-03-13 16:12:00,"980 South St, Dallas, TX 75001",March
174954,34in Ultrawide Monitor,1,379.99,2019-03-16 11:36:00,"30 Cedar St, Los Angeles, CA 90001",March
168151,34in Ultrawide Monitor,1,379.99,2019-03-01 12:29:00,"435 Spruce St, Boston, MA 02215",March
172583,34in Ultrawide Monitor,1,379.99,2019-03-10 18:50:00,"799 11th St, San Francisco, CA 94016",March
164750,34in Ultrawide Monitor,1,379.99,2019-03-31 17:14:00,"243 Walnut St, Los Angeles, CA 90001",March
165340,34in Ultrawide Monitor,1,379.99,2019-03-26 19:15:00,"762 Lake St, New York City, NY 10001",March
174540,34in Ultrawide Monitor,1,379.99,2019-03-07 09:14:00,"171 Lake St, Austin, TX 73301",March
175440,34in Ultrawide Monitor,2,379.99,2019-03-24 13:19:00,"300 2nd St, Atlanta, GA 30301",March
163337,34in Ultrawide Monitor,1,379.99,2019-03-20 16:41:00,"92 Chestnut St, San Francisco, CA 94016",March
163718,34in Ultrawide Monitor,1,379.99,2019-03-23 10:58:00,"901 Sunset St, San Francisco, CA 94016",March
164137,34in Ultrawide Monitor,1,379.99,2019-03-05 22:09:00,"181 Dogwood St, Los Angeles, CA 90001",March
171617,34in Ultrawide Monitor,1,379.99,2019-03-10 17:40:00,"205 Main St, New York City, NY 10001",March
167772,34in Ultrawide Monitor,1,379.99,2019-03-16 17:34:00,"670 West St, Dallas, TX 75001",March
175245,34in Ultrawide Monitor,1,379.99,2019-03-12 19:25:00,"907 Forest St, Portland, OR 97035",March
179471,34in Ultrawide Monitor,1,379.99,2019-04-13 13:19:00,"245 Hill St, Dallas, TX 75001",April
191122,34in Ultrawide Monitor,1,379.99,2019-04-10 13:34:00,"284 Sunset St, Seattle, WA 98101",April
178031,34in Ultrawide Monitor,1,379.99,2019-04-11 14:22:00,"844 11th St, Boston, MA 02215",April
184993,34in Ultrawide Monitor,1,379.99,2019-04-05 23:48:00,"783 Highland St, San Francisco, CA 94016",April
181419,34in Ultrawide Monitor,1,379.99,2019-04-04 17:31:00,"524 Cherry St, Portland, OR 97035",April
181770,34in Ultrawide Monitor,1,379.99,2019-04-24 17:37:00,"612 Dogwood St, San Francisco, CA 94016",April
190728,34in Ultrawide Monitor,1,379.99,2019-04-26 20:34:00,"890 Elm St, Atlanta, GA 30301",April
191120,34in Ultrawide Monitor,1,379.99,2019-04-13 13:15:00,"890 South St, Seattle, WA 98101",April
177298,34in Ultrawide Monitor,1,379.99,2019-04-13 14:44:00,"173 1st St, New York City, NY 10001",April
181385,34in Ultrawide Monitor,1,379.99,2019-04-18 19:31:00,"118 7th St, Portland, OR 97035",April
178764,34in Ultrawide Monitor,1,379.99,2019-04-22 14:42:00,"779 Hill St, Dallas, TX 75001",April
180238,34in Ultrawide Monitor,1,379.99,2019-04-25 20:17:00,"722 Lake St, San Francisco, CA 94016",April
178201,34in Ultrawide Monitor,1,379.99,2019-04-07 05:37:00,"253 8th St, Atlanta, GA 30301",April
178100,34in Ultrawide Monitor,1,379.99,2019-04-11 21:13:00,"713 Wilson St, New York City, NY 10001",April
178363,34in Ultrawide Monitor,1,379.99,2019-04-25 20:45:00,"450 Lincoln St, Los Angeles, CA 90001",April
178561,34in Ultrawide Monitor,1,379.99,2019-04-30 12:22:00,"410 North St, Portland, OR 97035",April
186262,34in Ultrawide Monitor,1,379.99,2019-04-04 16:19:00,"783 1st St, Dallas, TX 75001",April
190852,34in Ultrawide Monitor,1,379.99,2019-04-11 09:18:00,"753 12th St, San Francisco, CA 94016",April
191661,34in Ultrawide Monitor,1,379.99,2019-04-04 13:22:00,"904 North St, San Francisco, CA 94016",April
184438,34in Ultrawide Monitor,1,379.99,2019-04-04 15:47:00,"266 Sunset St, Portland, OR 97035",April
185114,34in Ultrawide Monitor,1,379.99,2019-04-08 12:06:00,"992 Willow St, Seattle, WA 98101",April
187597,34in Ultrawide Monitor,1,379.99,2019-04-07 14:23:00,"306 Forest St, Los Angeles, CA 90001",April
192456,34in Ultrawide Monitor,1,379.99,2019-04-18 02:11:00,"480 Lake St, Dallas, TX 75001",April
176685,34in Ultrawide Monitor,1,379.99,2019-04-23 22:53:00,"114 10th St, New York City, NY 10001",April
177444,34in Ultrawide Monitor,1,379.99,2019-04-19 10:59:00,"670 Elm St, Atlanta, GA 30301",April
186852,34in Ultrawide Monitor,1,379.99,2019-04-14 09:47:00,"540 8th St, Portland, OR 97035",April
187231,34in Ultrawide Monitor,1,379.99,2019-04-03 08:14:00,"887 South St, San Francisco, CA 94016",April
177715,34in Ultrawide Monitor,1,379.99,2019-04-29 12:20:00,"550 Main St, San Francisco, CA 94016",April
178633,34in Ultrawide Monitor,1,379.99,2019-04-12 20:06:00,"966 Jackson St, New York City, NY 10001",April
184125,34in Ultrawide Monitor,1,379.99,2019-04-09 12:46:00,"890 Hickory St, Los Angeles, CA 90001",April
186349,34in Ultrawide Monitor,1,379.99,2019-04-02 22:53:00,"551 Ridge St, San Francisco, CA 94016",April
187149,34in Ultrawide Monitor,1,379.99,2019-04-03 12:03:00,"507 Lakeview St, Austin, TX 73301",April
177395,34in Ultrawide Monitor,1,379.99,2019-04-03 00:08:00,"22 Main St, San Francisco, CA 94016",April
182244,34in Ultrawide Monitor,1,379.99,2019-04-24 23:50:00,"718 South St, Atlanta, GA 30301",April
186519,34in Ultrawide Monitor,1,379.99,2019-04-29 20:18:00,"933 Cherry St, Los Angeles, CA 90001",April
177779,34in Ultrawide Monitor,1,379.99,2019-04-11 17:24:00,"99 Church St, San Francisco, CA 94016",April
181441,34in Ultrawide Monitor,1,379.99,2019-04-30 16:12:00,"197 Hill St, New York City, NY 10001",April
190994,34in Ultrawide Monitor,1,379.99,2019-04-27 08:35:00,"2 River St, New York City, NY 10001",April
180273,34in Ultrawide Monitor,1,379.99,2019-04-28 22:53:00,"129 River St, Atlanta, GA 30301",April
183536,34in Ultrawide Monitor,1,379.99,2019-04-10 21:26:00,"841 River St, Seattle, WA 98101",April
185786,34in Ultrawide Monitor,1,379.99,2019-04-01 21:58:00,"965 Sunset St, New York City, NY 10001",April
189931,34in Ultrawide Monitor,1,379.99,2019-04-03 15:10:00,"40 Main St, Atlanta, GA 30301",April
192484,34in Ultrawide Monitor,1,379.99,2019-04-10 00:36:00,"361 Washington St, Los Angeles, CA 90001",April
180277,34in Ultrawide Monitor,1,379.99,2019-04-28 00:19:00,"462 Elm St, Boston, MA 02215",April
187432,34in Ultrawide Monitor,1,379.99,2019-04-12 11:57:00,"116 Main St, San Francisco, CA 94016",April
190146,34in Ultrawide Monitor,1,379.99,2019-04-04 12:37:00,"229 Cherry St, Los Angeles, CA 90001",April
191369,34in Ultrawide Monitor,1,379.99,2019-04-13 08:17:00,"853 Highland St, New York City, NY 10001",April
178920,34in Ultrawide Monitor,1,379.99,2019-04-21 21:15:00,"590 12th St, Portland, OR 97035",April
179411,34in Ultrawide Monitor,1,379.99,2019-04-22 09:02:00,"996 Lake St, Los Angeles, CA 90001",April
183103,34in Ultrawide Monitor,1,379.99,2019-04-25 14:46:00,"156 12th St, Boston, MA 02215",April
191836,34in Ultrawide Monitor,1,379.99,2019-04-18 13:38:00,"99 Dogwood St, Dallas, TX 75001",April
178038,34in Ultrawide Monitor,1,379.99,2019-04-27 19:09:00,"355 12th St, San Francisco, CA 94016",April
179307,34in Ultrawide Monitor,1,379.99,2019-04-07 19:11:00,"300 Jefferson St, Seattle, WA 98101",April
184590,34in Ultrawide Monitor,1,379.99,2019-04-24 20:45:00,"421 Elm St, Los Angeles, CA 90001",April
188609,34in Ultrawide Monitor,1,379.99,2019-04-04 16:20:00,"989 14th St, Austin, TX 73301",April
189429,34in Ultrawide Monitor,1,379.99,2019-04-06 18:57:00,"522 Adams St, Austin, TX 73301",April
192896,34in Ultrawide Monitor,1,379.99,2019-04-06 21:29:00,"945 6th St, Seattle, WA 98101",April
181422,34in Ultrawide Monitor,1,379.99,2019-04-30 19:36:00,"804 10th St, San Francisco, CA 94016",April
190213,34in Ultrawide Monitor,1,379.99,2019-04-14 03:41:00,"159 Church St, San Francisco, CA 94016",April
193052,34in Ultrawide Monitor,1,379.99,2019-04-24 19:49:00,"241 Park St, Boston, MA 02215",April
178081,34in Ultrawide Monitor,1,379.99,2019-04-11 08:07:00,"992 Elm St, Los Angeles, CA 90001",April
179437,34in Ultrawide Monitor,1,379.99,2019-04-27 21:26:00,"439 1st St, Austin, TX 73301",April
185408,34in Ultrawide Monitor,1,379.99,2019-04-03 11:12:00,"218 12th St, Los Angeles, CA 90001",April
191187,34in Ultrawide Monitor,1,379.99,2019-04-09 09:17:00,"135 River St, San Francisco, CA 94016",April
194072,34in Ultrawide Monitor,1,379.99,2019-04-18 16:41:00,"999 Madison St, Seattle, WA 98101",April
177756,34in Ultrawide Monitor,1,379.99,2019-04-16 11:33:00,"858 10th St, Boston, MA 02215",April
182220,34in Ultrawide Monitor,2,379.99,2019-04-14 12:04:00,"587 Dogwood St, San Francisco, CA 94016",April
184632,34in Ultrawide Monitor,1,379.99,2019-04-28 22:10:00,"329 Washington St, Boston, MA 02215",April
185383,34in Ultrawide Monitor,1,379.99,2019-04-19 10:54:00,"723 13th St, Seattle, WA 98101",April
187579,34in Ultrawide Monitor,1,379.99,2019-04-13 07:07:00,"659 Wilson St, San Francisco, CA 94016",April
188956,34in Ultrawide Monitor,1,379.99,2019-04-03 16:49:00,"54 Highland St, Boston, MA 02215",April
187284,34in Ultrawide Monitor,1,379.99,2019-04-21 19:24:00,"625 Hickory St, Los Angeles, CA 90001",April
193315,34in Ultrawide Monitor,1,379.99,2019-04-22 18:22:00,"320 Center St, New York City, NY 10001",April
182694,34in Ultrawide Monitor,1,379.99,2019-04-24 20:23:00,"264 Lincoln St, Boston, MA 02215",April
186154,34in Ultrawide Monitor,1,379.99,2019-04-28 12:58:00,"626 Spruce St, Los Angeles, CA 90001",April
186560,34in Ultrawide Monitor,1,379.99,2019-04-09 01:00:00,"968 4th St, San Francisco, CA 94016",April
187638,34in Ultrawide Monitor,1,379.99,2019-04-29 15:54:00,"637 Jefferson St, Portland, OR 97035",April
188957,34in Ultrawide Monitor,1,379.99,2019-04-04 09:31:00,"923 Spruce St, San Francisco, CA 94016",April
193744,34in Ultrawide Monitor,1,379.99,2019-04-08 16:12:00,"128 Pine St, Boston, MA 02215",April
185910,34in Ultrawide Monitor,1,379.99,2019-04-13 15:07:00,"102 Adams St, Seattle, WA 98101",April
181256,34in Ultrawide Monitor,1,379.99,2019-04-20 13:43:00,"105 Walnut St, Austin, TX 73301",April
182217,34in Ultrawide Monitor,1,379.99,2019-04-13 18:51:00,"361 Spruce St, Seattle, WA 98101",April
184014,34in Ultrawide Monitor,1,379.99,2019-04-23 12:30:00,"259 14th St, Boston, MA 02215",April
191589,34in Ultrawide Monitor,1,379.99,2019-04-07 19:00:00,"60 14th St, San Francisco, CA 94016",April
181940,34in Ultrawide Monitor,1,379.99,2019-04-20 12:02:00,"863 Lake St, Los Angeles, CA 90001",April
184151,34in Ultrawide Monitor,1,379.99,2019-04-13 13:29:00,"162 Walnut St, San Francisco, CA 94016",April
185403,34in Ultrawide Monitor,1,379.99,2019-04-10 20:20:00,"224 Cedar St, San Francisco, CA 94016",April
187862,34in Ultrawide Monitor,1,379.99,2019-04-20 22:48:00,"105 Adams St, Austin, TX 73301",April
188490,34in Ultrawide Monitor,1,379.99,2019-04-14 18:59:00,"715 Meadow St, Dallas, TX 75001",April
184826,34in Ultrawide Monitor,1,379.99,2019-04-08 20:17:00,"429 Cherry St, New York City, NY 10001",April
185498,34in Ultrawide Monitor,1,379.99,2019-04-19 08:09:00,"822 Jackson St, Austin, TX 73301",April
189086,34in Ultrawide Monitor,1,379.99,2019-04-19 23:26:00,"598 Church St, Los Angeles, CA 90001",April
189749,34in Ultrawide Monitor,1,379.99,2019-04-03 10:39:00,"710 Madison St, Seattle, WA 98101",April
191792,34in Ultrawide Monitor,1,379.99,2019-04-21 23:19:00,"165 Maple St, Boston, MA 02215",April
181024,34in Ultrawide Monitor,1,379.99,2019-04-14 22:36:00,"37 Hill St, Seattle, WA 98101",April
188042,34in Ultrawide Monitor,1,379.99,2019-04-20 10:17:00,"279 Chestnut St, New York City, NY 10001",April
177951,34in Ultrawide Monitor,1,379.99,2019-04-01 19:45:00,"256 Meadow St, Seattle, WA 98101",April
182900,34in Ultrawide Monitor,1,379.99,2019-04-13 10:35:00,"971 4th St, Seattle, WA 98101",April
189949,34in Ultrawide Monitor,1,379.99,2019-04-17 14:54:00,"388 Johnson St, San Francisco, CA 94016",April
182453,34in Ultrawide Monitor,1,379.99,2019-04-25 16:53:00,"550 Madison St, Portland, OR 97035",April
183554,34in Ultrawide Monitor,1,379.99,2019-04-13 19:02:00,"906 10th St, Los Angeles, CA 90001",April
183914,34in Ultrawide Monitor,1,379.99,2019-04-20 23:47:00,"713 Meadow St, Seattle, WA 98101",April
187530,34in Ultrawide Monitor,1,379.99,2019-04-23 06:23:00,"809 Lincoln St, San Francisco, CA 94016",April
188310,34in Ultrawide Monitor,1,379.99,2019-04-11 07:21:00,"462 North St, Dallas, TX 75001",April
189500,34in Ultrawide Monitor,1,379.99,2019-04-26 15:42:00,"635 Jackson St, Los Angeles, CA 90001",April
189696,34in Ultrawide Monitor,1,379.99,2019-04-20 10:12:00,"401 River St, San Francisco, CA 94016",April
180355,34in Ultrawide Monitor,1,379.99,2019-04-09 09:12:00,"369 Meadow St, Dallas, TX 75001",April
180432,34in Ultrawide Monitor,1,379.99,2019-04-06 11:49:00,"616 Sunset St, Seattle, WA 98101",April
180974,34in Ultrawide Monitor,1,379.99,2019-04-02 23:25:00,"682 Chestnut St, Atlanta, GA 30301",April
183081,34in Ultrawide Monitor,1,379.99,2019-04-21 12:33:00,"235 Park St, Austin, TX 73301",April
199293,34in Ultrawide Monitor,1,379.99,2019-05-18 19:22:00,"302 Jackson St, San Francisco, CA 94016",May
206411,34in Ultrawide Monitor,1,379.99,2019-05-10 17:19:00,"929 Park St, Los Angeles, CA 90001",May
205546,34in Ultrawide Monitor,1,379.99,2019-05-10 10:00:00,"283 Church St, New York City, NY 10001",May
201356,34in Ultrawide Monitor,1,379.99,2019-05-13 16:55:00,"340 Hickory St, San Francisco, CA 94016",May
203366,34in Ultrawide Monitor,1,379.99,2019-05-07 19:18:00,"92 Jefferson St, Portland, OR 97035",May
202287,34in Ultrawide Monitor,1,379.99,2019-05-22 08:23:00,"442 Elm St, Seattle, WA 98101",May
196530,34in Ultrawide Monitor,1,379.99,2019-05-22 14:54:00,"64 4th St, Boston, MA 02215",May
197413,34in Ultrawide Monitor,1,379.99,2019-05-30 10:51:00,"229 Park St, Boston, MA 02215",May
199486,34in Ultrawide Monitor,1,379.99,2019-05-22 03:50:00,"800 Forest St, Seattle, WA 98101",May
200183,34in Ultrawide Monitor,1,379.99,2019-05-16 15:07:00,"167 Hickory St, Los Angeles, CA 90001",May
201228,34in Ultrawide Monitor,1,379.99,2019-05-30 19:41:00,"604 Hickory St, San Francisco, CA 94016",May
207106,34in Ultrawide Monitor,1,379.99,2019-05-07 10:33:00,"519 Cherry St, Dallas, TX 75001",May
207309,34in Ultrawide Monitor,1,379.99,2019-05-08 19:20:00,"985 Washington St, Boston, MA 02215",May
196054,34in Ultrawide Monitor,1,379.99,2019-05-30 18:48:00,"920 Meadow St, Dallas, TX 75001",May
205116,34in Ultrawide Monitor,1,379.99,2019-05-14 12:39:00,"482 11th St, Los Angeles, CA 90001",May
208576,34in Ultrawide Monitor,1,379.99,2019-05-10 00:37:00,"814 Pine St, Portland, OR 97035",May
203834,34in Ultrawide Monitor,1,379.99,2019-05-03 21:20:00,"165 Jackson St, San Francisco, CA 94016",May
207007,34in Ultrawide Monitor,1,379.99,2019-05-15 17:16:00,"766 South St, San Francisco, CA 94016",May
209738,34in Ultrawide Monitor,1,379.99,2019-05-22 11:06:00,"704 Main St, Atlanta, GA 30301",May
196669,34in Ultrawide Monitor,1,379.99,2019-05-31 11:44:00,"793 11th St, Atlanta, GA 30301",May
200898,34in Ultrawide Monitor,1,379.99,2019-05-05 13:09:00,"534 Lincoln St, Los Angeles, CA 90001",May
194282,34in Ultrawide Monitor,1,379.99,2019-05-25 06:32:00,"319 Walnut St, Boston, MA 02215",May
194936,34in Ultrawide Monitor,1,379.99,2019-05-02 17:33:00,"930 Hickory St, Seattle, WA 98101",May
201422,34in Ultrawide Monitor,1,379.99,2019-05-29 12:03:00,"102 12th St, Los Angeles, CA 90001",May
202099,34in Ultrawide Monitor,1,379.99,2019-05-01 10:57:00,"467 Church St, Seattle, WA 98101",May
202844,34in Ultrawide Monitor,1,379.99,2019-05-26 12:17:00,"655 Center St, Seattle, WA 98101",May
205563,34in Ultrawide Monitor,1,379.99,2019-05-29 10:59:00,"758 1st St, Los Angeles, CA 90001",May
209715,34in Ultrawide Monitor,1,379.99,2019-05-04 20:55:00,"643 2nd St, Boston, MA 02215",May
201650,34in Ultrawide Monitor,1,379.99,2019-05-07 18:25:00,"999 Maple St, Boston, MA 02215",May
202226,34in Ultrawide Monitor,1,379.99,2019-05-12 21:05:00,"250 6th St, Boston, MA 02215",May
202742,34in Ultrawide Monitor,1,379.99,2019-05-01 11:14:00,"842 Willow St, Los Angeles, CA 90001",May
207174,34in Ultrawide Monitor,1,379.99,2019-05-27 16:21:00,"405 7th St, Portland, OR 97035",May
204240,34in Ultrawide Monitor,1,379.99,2019-05-03 12:42:00,"933 Wilson St, Los Angeles, CA 90001",May
205213,34in Ultrawide Monitor,1,379.99,2019-05-04 15:22:00,"579 Cherry St, Atlanta, GA 30301",May
206586,34in Ultrawide Monitor,1,379.99,2019-05-15 13:36:00,"39 Ridge St, Boston, MA 02215",May
202445,34in Ultrawide Monitor,1,379.99,2019-05-23 22:30:00,"292 Washington St, San Francisco, CA 94016",May
194991,34in Ultrawide Monitor,1,379.99,2019-05-26 12:19:00,"504 Lincoln St, New York City, NY 10001",May
208194,34in Ultrawide Monitor,1,379.99,2019-05-16 22:41:00,"942 West St, Portland, OR 97035",May
199497,34in Ultrawide Monitor,1,379.99,2019-05-12 01:25:00,"47 Cherry St, Austin, TX 73301",May
202692,34in Ultrawide Monitor,1,379.99,2019-05-01 13:12:00,"715 Walnut St, New York City, NY 10001",May
205872,34in Ultrawide Monitor,1,379.99,2019-05-09 23:23:00,"498 Forest St, Los Angeles, CA 90001",May
197538,34in Ultrawide Monitor,1,379.99,2019-05-04 12:08:00,"119 River St, San Francisco, CA 94016",May
197588,34in Ultrawide Monitor,1,379.99,2019-05-25 13:52:00,"32 Church St, San Francisco, CA 94016",May
198629,34in Ultrawide Monitor,1,379.99,2019-05-15 15:56:00,"621 Center St, San Francisco, CA 94016",May
202722,34in Ultrawide Monitor,1,379.99,2019-05-27 00:51:00,"468 12th St, Boston, MA 02215",May
203363,34in Ultrawide Monitor,1,379.99,2019-05-03 19:57:00,"949 Johnson St, Seattle, WA 98101",May
194610,34in Ultrawide Monitor,1,379.99,2019-05-22 13:45:00,"297 14th St, New York City, NY 10001",May
198344,34in Ultrawide Monitor,1,379.99,2019-05-21 18:14:00,"594 Maple St, Atlanta, GA 30301",May
207064,34in Ultrawide Monitor,1,379.99,2019-05-06 07:28:00,"72 4th St, Dallas, TX 75001",May
207757,34in Ultrawide Monitor,1,379.99,2019-05-24 16:27:00,"866 13th St, Boston, MA 02215",May
195449,34in Ultrawide Monitor,1,379.99,2019-05-21 06:08:00,"696 5th St, San Francisco, CA 94016",May
196270,34in Ultrawide Monitor,1,379.99,2019-05-20 14:45:00,"925 Hill St, New York City, NY 10001",May
200001,34in Ultrawide Monitor,1,379.99,2019-05-17 12:50:00,"210 5th St, Atlanta, GA 30301",May
200821,34in Ultrawide Monitor,1,379.99,2019-05-12 16:00:00,"121 4th St, Boston, MA 02215",May
202240,34in Ultrawide Monitor,1,379.99,2019-05-22 16:24:00,"2 Lake St, Atlanta, GA 30301",May
203135,34in Ultrawide Monitor,1,379.99,2019-05-05 11:13:00,"90 Dogwood St, Dallas, TX 75001",May
202057,34in Ultrawide Monitor,1,379.99,2019-05-26 19:57:00,"953 Wilson St, New York City, NY 10001",May
202361,34in Ultrawide Monitor,1,379.99,2019-05-30 12:45:00,"158 14th St, Atlanta, GA 30301",May
203182,34in Ultrawide Monitor,1,379.99,2019-05-09 21:09:00,"691 6th St, Seattle, WA 98101",May
204638,34in Ultrawide Monitor,1,379.99,2019-05-12 12:55:00,"941 North St, San Francisco, CA 94016",May
200964,34in Ultrawide Monitor,1,379.99,2019-05-25 22:00:00,"79 West St, Los Angeles, CA 90001",May
201482,34in Ultrawide Monitor,1,379.99,2019-05-06 14:27:00,"170 Center St, Dallas, TX 75001",May
208922,34in Ultrawide Monitor,1,379.99,2019-05-28 20:10:00,"531 8th St, San Francisco, CA 94016",May
207100,34in Ultrawide Monitor,1,379.99,2019-05-05 16:40:00,"440 6th St, New York City, NY 10001",May
194293,34in Ultrawide Monitor,1,379.99,2019-05-16 19:09:00,"910 Madison St, Boston, MA 02215",May
195043,34in Ultrawide Monitor,1,379.99,2019-05-02 10:29:00,"508 West St, San Francisco, CA 94016",May
209697,34in Ultrawide Monitor,1,379.99,2019-05-05 17:50:00,"686 Lincoln St, New York City, NY 10001",May
196348,34in Ultrawide Monitor,1,379.99,2019-05-25 11:31:00,"825 Elm St, San Francisco, CA 94016",May
201231,34in Ultrawide Monitor,1,379.99,2019-05-05 16:34:00,"983 6th St, San Francisco, CA 94016",May
206550,34in Ultrawide Monitor,1,379.99,2019-05-10 01:36:00,"180 Washington St, Seattle, WA 98101",May
209809,34in Ultrawide Monitor,1,379.99,2019-05-26 17:59:00,"504 1st St, Portland, OR 97035",May
197577,34in Ultrawide Monitor,1,379.99,2019-05-25 20:28:00,"897 Hickory St, San Francisco, CA 94016",May
197645,34in Ultrawide Monitor,1,379.99,2019-05-03 16:33:00,"927 14th St, Portland, OR 97035",May
199626,34in Ultrawide Monitor,1,379.99,2019-05-25 20:34:00,"582 Wilson St, Dallas, TX 75001",May
200787,34in Ultrawide Monitor,1,379.99,2019-05-06 17:44:00,"617 Jackson St, Boston, MA 02215",May
203753,34in Ultrawide Monitor,1,379.99,2019-05-08 08:46:00,"779 Pine St, San Francisco, CA 94016",May
196747,34in Ultrawide Monitor,1,379.99,2019-05-28 10:52:00,"194 1st St, San Francisco, CA 94016",May
199831,34in Ultrawide Monitor,1,379.99,2019-05-05 15:58:00,"310 2nd St, New York City, NY 10001",May
207634,34in Ultrawide Monitor,1,379.99,2019-05-04 12:36:00,"937 2nd St, Seattle, WA 98101",May
195546,34in Ultrawide Monitor,1,379.99,2019-05-24 22:03:00,"837 8th St, Seattle, WA 98101",May
195633,34in Ultrawide Monitor,1,379.99,2019-05-13 20:29:00,"501 Jackson St, Seattle, WA 98101",May
202107,34in Ultrawide Monitor,1,379.99,2019-05-08 20:31:00,"426 Highland St, New York City, NY 10001",May
204911,34in Ultrawide Monitor,1,379.99,2019-05-18 11:59:00,"844 Pine St, Boston, MA 02215",May
197198,34in Ultrawide Monitor,1,379.99,2019-05-14 14:28:00,"959 North St, San Francisco, CA 94016",May
201852,34in Ultrawide Monitor,1,379.99,2019-05-31 07:50:00,"33 14th St, New York City, NY 10001",May
196174,34in Ultrawide Monitor,1,379.99,2019-05-29 17:01:00,"758 5th St, Los Angeles, CA 90001",May
208853,34in Ultrawide Monitor,1,379.99,2019-05-27 14:25:00,"108 7th St, Atlanta, GA 30301",May
209336,34in Ultrawide Monitor,1,379.99,2019-05-14 14:57:00,"697 Hickory St, Dallas, TX 75001",May
200755,34in Ultrawide Monitor,1,379.99,2019-05-27 14:27:00,"195 Highland St, Boston, MA 02215",May
205083,34in Ultrawide Monitor,1,379.99,2019-05-21 11:59:00,"26 Hill St, Atlanta, GA 30301",May
196051,34in Ultrawide Monitor,1,379.99,2019-05-15 23:17:00,"267 8th St, Portland, OR 97035",May
201122,34in Ultrawide Monitor,1,379.99,2019-05-04 21:56:00,"368 Ridge St, Atlanta, GA 30301",May
202299,34in Ultrawide Monitor,1,379.99,2019-05-17 18:14:00,"644 Lincoln St, Dallas, TX 75001",May
204111,34in Ultrawide Monitor,1,379.99,2019-05-01 16:28:00,"414 Madison St, Boston, MA 02215",May
208900,34in Ultrawide Monitor,1,379.99,2019-05-12 14:11:00,"507 Johnson St, Dallas, TX 75001",May
198556,34in Ultrawide Monitor,1,379.99,2019-05-04 14:09:00,"866 North St, Portland, OR 97035",May
200514,34in Ultrawide Monitor,1,379.99,2019-05-26 10:54:00,"496 10th St, Atlanta, GA 30301",May
203710,34in Ultrawide Monitor,1,379.99,2019-05-19 15:14:00,"849 Main St, Boston, MA 02215",May
196026,34in Ultrawide Monitor,1,379.99,2019-05-06 18:04:00,"158 11th St, Portland, OR 97035",May
196955,34in Ultrawide Monitor,1,379.99,2019-05-14 11:26:00,"842 Walnut St, Dallas, TX 75001",May
214080,34in Ultrawide Monitor,1,379.99,2019-06-19 18:09:00,"738 Jackson St, San Francisco, CA 94016",June
215262,34in Ultrawide Monitor,1,379.99,2019-06-09 05:04:00,"315 Maple St, San Francisco, CA 94016",June
218619,34in Ultrawide Monitor,1,379.99,2019-06-14 10:42:00,"467 1st St, San Francisco, CA 94016",June
220009,34in Ultrawide Monitor,1,379.99,2019-06-02 17:34:00,"601 10th St, Seattle, WA 98101",June
218937,34in Ultrawide Monitor,1,379.99,2019-06-12 21:15:00,"103 14th St, Boston, MA 02215",June
220034,34in Ultrawide Monitor,1,379.99,2019-06-19 16:45:00,"153 West St, San Francisco, CA 94016",June
221535,34in Ultrawide Monitor,1,379.99,2019-06-12 00:20:00,"291 13th St, New York City, NY 10001",June
218006,34in Ultrawide Monitor,1,379.99,2019-06-02 17:03:00,"473 Jefferson St, Los Angeles, CA 90001",June
219588,34in Ultrawide Monitor,1,379.99,2019-06-17 04:17:00,"38 8th St, Atlanta, GA 30301",June
211563,34in Ultrawide Monitor,1,379.99,2019-06-09 14:36:00,"918 Lincoln St, Seattle, WA 98101",June
212134,34in Ultrawide Monitor,1,379.99,2019-06-07 15:09:00,"406 Dogwood St, Seattle, WA 98101",June
213359,34in Ultrawide Monitor,1,379.99,2019-06-18 20:57:00,"81 9th St, San Francisco, CA 94016",June
211343,34in Ultrawide Monitor,1,379.99,2019-06-17 19:33:00,"314 Johnson St, Boston, MA 02215",June
217257,34in Ultrawide Monitor,1,379.99,2019-06-15 21:40:00,"705 12th St, Los Angeles, CA 90001",June
218597,34in Ultrawide Monitor,1,379.99,2019-06-11 13:59:00,"752 Spruce St, Portland, OR 97035",June
218956,34in Ultrawide Monitor,1,379.99,2019-06-14 16:37:00,"815 10th St, Boston, MA 02215",June
221545,34in Ultrawide Monitor,1,379.99,2019-06-13 13:56:00,"865 12th St, Portland, OR 97035",June
219352,34in Ultrawide Monitor,1,379.99,2019-06-10 13:03:00,"794 9th St, Los Angeles, CA 90001",June
213742,34in Ultrawide Monitor,1,379.99,2019-06-14 10:44:00,"78 Jefferson St, Dallas, TX 75001",June
215847,34in Ultrawide Monitor,1,379.99,2019-06-28 17:35:00,"763 Dogwood St, Austin, TX 73301",June
222262,34in Ultrawide Monitor,1,379.99,2019-06-02 15:09:00,"218 Madison St, New York City, NY 10001",June
213805,34in Ultrawide Monitor,1,379.99,2019-06-23 16:52:00,"737 Spruce St, San Francisco, CA 94016",June
214118,34in Ultrawide Monitor,1,379.99,2019-06-28 14:40:00,"412 14th St, San Francisco, CA 94016",June
220358,34in Ultrawide Monitor,1,379.99,2019-06-27 08:14:00,"725 5th St, New York City, NY 10001",June
221542,34in Ultrawide Monitor,1,379.99,2019-06-21 15:23:00,"707 Meadow St, Boston, MA 02215",June
211652,34in Ultrawide Monitor,1,379.99,2019-06-21 00:28:00,"881 Lincoln St, Atlanta, GA 30301",June
213583,34in Ultrawide Monitor,1,379.99,2019-06-14 11:51:00,"138 12th St, San Francisco, CA 94016",June
221914,34in Ultrawide Monitor,1,379.99,2019-06-04 12:05:00,"731 Forest St, Atlanta, GA 30301",June
211409,34in Ultrawide Monitor,1,379.99,2019-06-23 17:10:00,"778 River St, Portland, OR 97035",June
217294,34in Ultrawide Monitor,1,379.99,2019-06-05 09:30:00,"336 Washington St, Los Angeles, CA 90001",June
211741,34in Ultrawide Monitor,1,379.99,2019-06-20 21:59:00,"830 Adams St, San Francisco, CA 94016",June
215002,34in Ultrawide Monitor,1,379.99,2019-06-26 17:25:00,"210 Lincoln St, Dallas, TX 75001",June
215384,34in Ultrawide Monitor,1,379.99,2019-06-04 22:19:00,"744 Highland St, Portland, ME 04101",June
221345,34in Ultrawide Monitor,1,379.99,2019-06-16 15:27:00,"471 Walnut St, Boston, MA 02215",June
221691,34in Ultrawide Monitor,1,379.99,2019-06-22 08:44:00,"24 Lake St, Atlanta, GA 30301",June
211957,34in Ultrawide Monitor,1,379.99,2019-06-01 12:53:00,"510 Walnut St, Boston, MA 02215",June
212264,34in Ultrawide Monitor,1,379.99,2019-06-10 11:51:00,"297 Highland St, Los Angeles, CA 90001",June
216862,34in Ultrawide Monitor,1,379.99,2019-06-26 15:22:00,"998 12th St, Dallas, TX 75001",June
221912,34in Ultrawide Monitor,1,379.99,2019-06-23 15:16:00,"980 Jefferson St, Los Angeles, CA 90001",June
212031,34in Ultrawide Monitor,1,379.99,2019-06-16 15:05:00,"564 Washington St, San Francisco, CA 94016",June
212961,34in Ultrawide Monitor,1,379.99,2019-06-22 11:08:00,"622 River St, Dallas, TX 75001",June
213979,34in Ultrawide Monitor,1,379.99,2019-06-27 20:32:00,"214 Hill St, Los Angeles, CA 90001",June
214374,34in Ultrawide Monitor,1,379.99,2019-06-18 18:21:00,"561 Walnut St, Los Angeles, CA 90001",June
219814,34in Ultrawide Monitor,1,379.99,2019-06-06 20:55:00,"172 7th St, San Francisco, CA 94016",June
212205,34in Ultrawide Monitor,1,379.99,2019-06-21 20:06:00,"120 5th St, San Francisco, CA 94016",June
210383,34in Ultrawide Monitor,1,379.99,2019-06-02 13:35:00,"617 Highland St, Los Angeles, CA 90001",June
210892,34in Ultrawide Monitor,1,379.99,2019-06-01 18:48:00,"38 Cedar St, Seattle, WA 98101",June
211388,34in Ultrawide Monitor,1,379.99,2019-06-15 07:16:00,"223 11th St, Boston, MA 02215",June
216757,34in Ultrawide Monitor,1,379.99,2019-06-06 15:30:00,"445 North St, Atlanta, GA 30301",June
217616,34in Ultrawide Monitor,1,379.99,2019-06-25 20:46:00,"149 Spruce St, Los Angeles, CA 90001",June
219889,34in Ultrawide Monitor,1,379.99,2019-06-27 09:08:00,"57 Maple St, New York City, NY 10001",June
220772,34in Ultrawide Monitor,1,379.99,2019-06-05 16:06:00,"103 Washington St, Los Angeles, CA 90001",June
211272,34in Ultrawide Monitor,1,379.99,2019-06-18 15:16:00,"531 Spruce St, San Francisco, CA 94016",June
216420,34in Ultrawide Monitor,1,379.99,2019-06-18 22:53:00,"751 Jefferson St, San Francisco, CA 94016",June
220862,34in Ultrawide Monitor,1,379.99,2019-06-05 13:38:00,"366 9th St, Los Angeles, CA 90001",June
221088,34in Ultrawide Monitor,1,379.99,2019-06-01 11:07:00,"776 Main St, San Francisco, CA 94016",June
222573,34in Ultrawide Monitor,1,379.99,2019-06-27 13:20:00,"408 Center St, New York City, NY 10001",June
220762,34in Ultrawide Monitor,1,379.99,2019-06-08 20:57:00,"331 Highland St, Boston, MA 02215",June
215999,34in Ultrawide Monitor,1,379.99,2019-06-01 18:55:00,"237 Wilson St, Atlanta, GA 30301",June
216432,34in Ultrawide Monitor,1,379.99,2019-06-07 17:41:00,"319 Forest St, Atlanta, GA 30301",June
216641,34in Ultrawide Monitor,1,379.99,2019-06-12 11:36:00,"204 14th St, Boston, MA 02215",June
216796,34in Ultrawide Monitor,1,379.99,2019-06-28 20:21:00,"848 Wilson St, San Francisco, CA 94016",June
218172,34in Ultrawide Monitor,1,379.99,2019-06-18 12:36:00,"862 Highland St, Atlanta, GA 30301",June
220918,34in Ultrawide Monitor,1,379.99,2019-06-05 06:52:00,"706 Madison St, San Francisco, CA 94016",June
210047,34in Ultrawide Monitor,1,379.99,2019-06-06 18:53:00,"973 Lakeview St, San Francisco, CA 94016",June
212421,34in Ultrawide Monitor,1,379.99,2019-06-07 14:09:00,"160 Adams St, Dallas, TX 75001",June
217498,34in Ultrawide Monitor,1,379.99,2019-06-20 20:49:00,"233 12th St, Los Angeles, CA 90001",June
217751,34in Ultrawide Monitor,1,379.99,2019-06-26 16:32:00,"12 Sunset St, Atlanta, GA 30301",June
218121,34in Ultrawide Monitor,1,379.99,2019-06-30 20:49:00,"782 Lincoln St, San Francisco, CA 94016",June
219154,34in Ultrawide Monitor,1,379.99,2019-06-29 05:56:00,"267 Cedar St, Boston, MA 02215",June
221628,34in Ultrawide Monitor,1,379.99,2019-06-19 20:53:00,"829 4th St, Dallas, TX 75001",June
220567,34in Ultrawide Monitor,1,379.99,2019-06-16 11:41:00,"950 Center St, Austin, TX 73301",June
211185,34in Ultrawide Monitor,1,379.99,2019-06-02 07:17:00,"643 Cherry St, New York City, NY 10001",June
216715,34in Ultrawide Monitor,1,379.99,2019-06-02 15:49:00,"329 Adams St, Los Angeles, CA 90001",June
211224,34in Ultrawide Monitor,1,379.99,2019-06-10 14:58:00,"27 8th St, Dallas, TX 75001",June
216194,34in Ultrawide Monitor,1,379.99,2019-06-17 11:07:00,"7 Spruce St, Los Angeles, CA 90001",June
216628,34in Ultrawide Monitor,1,379.99,2019-06-28 07:53:00,"774 Highland St, Los Angeles, CA 90001",June
217480,34in Ultrawide Monitor,1,379.99,2019-06-12 19:55:00,"577 Highland St, Boston, MA 02215",June
214696,34in Ultrawide Monitor,1,379.99,2019-06-14 22:39:00,"846 6th St, Seattle, WA 98101",June
215525,34in Ultrawide Monitor,1,379.99,2019-06-12 10:09:00,"752 West St, New York City, NY 10001",June
213770,34in Ultrawide Monitor,1,379.99,2019-06-28 19:06:00,"671 13th St, San Francisco, CA 94016",June
215559,34in Ultrawide Monitor,1,379.99,2019-06-02 12:41:00,"92 Hill St, New York City, NY 10001",June
213871,34in Ultrawide Monitor,1,379.99,2019-06-05 19:39:00,"457 Spruce St, Dallas, TX 75001",June
220082,34in Ultrawide Monitor,1,379.99,2019-06-13 18:07:00,"226 Cedar St, Atlanta, GA 30301",June
211127,34in Ultrawide Monitor,1,379.99,2019-06-20 18:59:00,"431 Hickory St, Seattle, WA 98101",June
216106,34in Ultrawide Monitor,1,379.99,2019-06-22 13:57:00,"259 Lincoln St, Dallas, TX 75001",June
213708,34in Ultrawide Monitor,1,379.99,2019-06-17 13:59:00,"949 Hickory St, New York City, NY 10001",June
220315,34in Ultrawide Monitor,1,379.99,2019-06-01 20:07:00,"5 Lincoln St, Portland, OR 97035",June
213827,34in Ultrawide Monitor,1,379.99,2019-06-09 04:17:00,"84 10th St, Atlanta, GA 30301",June
215833,34in Ultrawide Monitor,1,379.99,2019-06-15 16:06:00,"822 6th St, San Francisco, CA 94016",June
216335,34in Ultrawide Monitor,1,379.99,2019-06-25 20:24:00,"995 Chestnut St, New York City, NY 10001",June
220338,34in Ultrawide Monitor,1,379.99,2019-06-22 07:16:00,"243 Madison St, San Francisco, CA 94016",June
221066,34in Ultrawide Monitor,1,379.99,2019-06-24 14:48:00,"160 Maple St, Boston, MA 02215",June
231335,34in Ultrawide Monitor,1,379.99,2019-07-24 16:53:00,"613 Madison St, Austin, TX 73301",July
224074,34in Ultrawide Monitor,1,379.99,2019-07-01 09:59:00,"355 Washington St, San Francisco, CA 94016",July
231112,34in Ultrawide Monitor,1,379.99,2019-07-04 10:47:00,"612 Sunset St, Dallas, TX 75001",July
234585,34in Ultrawide Monitor,1,379.99,2019-07-20 03:41:00,"214 Hickory St, San Francisco, CA 94016",July
225040,34in Ultrawide Monitor,1,379.99,2019-07-26 00:30:00,"698 2nd St, San Francisco, CA 94016",July
227100,34in Ultrawide Monitor,1,379.99,2019-07-15 18:24:00,"583 Center St, Boston, MA 02215",July
230944,34in Ultrawide Monitor,1,379.99,2019-07-12 12:05:00,"820 Spruce St, Los Angeles, CA 90001",July
224931,34in Ultrawide Monitor,1,379.99,2019-07-26 13:35:00,"795 Main St, Boston, MA 02215",July
224447,34in Ultrawide Monitor,1,379.99,2019-07-30 12:56:00,"348 River St, Seattle, WA 98101",July
233123,34in Ultrawide Monitor,1,379.99,2019-07-25 12:25:00,"932 River St, Seattle, WA 98101",July
233927,34in Ultrawide Monitor,1,379.99,2019-07-01 09:29:00,"197 Madison St, San Francisco, CA 94016",July
222995,34in Ultrawide Monitor,1,379.99,2019-07-27 16:15:00,"837 Park St, San Francisco, CA 94016",July
224440,34in Ultrawide Monitor,1,379.99,2019-07-02 12:30:00,"132 4th St, San Francisco, CA 94016",July
229830,34in Ultrawide Monitor,1,379.99,2019-07-26 15:22:00,"510 Hickory St, Atlanta, GA 30301",July
232177,34in Ultrawide Monitor,1,379.99,2019-07-12 07:51:00,"964 6th St, San Francisco, CA 94016",July
233456,34in Ultrawide Monitor,1,379.99,2019-07-16 00:03:00,"428 Sunset St, New York City, NY 10001",July
234820,34in Ultrawide Monitor,1,379.99,2019-07-30 17:13:00,"371 Cherry St, San Francisco, CA 94016",July
235081,34in Ultrawide Monitor,1,379.99,2019-07-04 21:10:00,"962 Lakeview St, Los Angeles, CA 90001",July
235892,34in Ultrawide Monitor,1,379.99,2019-07-19 20:02:00,"668 Elm St, San Francisco, CA 94016",July
226307,34in Ultrawide Monitor,1,379.99,2019-07-07 07:50:00,"349 West St, Portland, ME 04101",July
232837,34in Ultrawide Monitor,1,379.99,2019-07-23 14:56:00,"77 River St, San Francisco, CA 94016",July
236517,34in Ultrawide Monitor,1,379.99,2019-07-17 20:12:00,"610 Park St, San Francisco, CA 94016",July
225712,34in Ultrawide Monitor,1,379.99,2019-07-24 18:49:00,"724 North St, New York City, NY 10001",July
230260,34in Ultrawide Monitor,1,379.99,2019-07-30 21:43:00,"998 Washington St, Los Angeles, CA 90001",July
232957,34in Ultrawide Monitor,1,379.99,2019-07-06 23:39:00,"604 6th St, New York City, NY 10001",July
223404,34in Ultrawide Monitor,1,379.99,2019-07-24 09:54:00,"399 Park St, New York City, NY 10001",July
230674,34in Ultrawide Monitor,1,379.99,2019-07-12 09:32:00,"932 10th St, Atlanta, GA 30301",July
231160,34in Ultrawide Monitor,1,379.99,2019-07-25 02:04:00,"326 5th St, New York City, NY 10001",July
233644,34in Ultrawide Monitor,1,379.99,2019-07-22 08:21:00,"470 Park St, Boston, MA 02215",July
236367,34in Ultrawide Monitor,1,379.99,2019-07-20 16:41:00,"863 Center St, San Francisco, CA 94016",July
226278,34in Ultrawide Monitor,1,379.99,2019-07-28 22:18:00,"569 River St, San Francisco, CA 94016",July
223371,34in Ultrawide Monitor,1,379.99,2019-07-18 20:39:00,"632 Walnut St, San Francisco, CA 94016",July
225280,34in Ultrawide Monitor,1,379.99,2019-07-14 07:47:00,"44 Jefferson St, Seattle, WA 98101",July
225432,34in Ultrawide Monitor,1,379.99,2019-07-30 14:18:00,"199 Maple St, San Francisco, CA 94016",July
226493,34in Ultrawide Monitor,1,379.99,2019-07-31 11:51:00,"626 Dogwood St, New York City, NY 10001",July
232641,34in Ultrawide Monitor,1,379.99,2019-07-17 19:54:00,"981 Highland St, Los Angeles, CA 90001",July
225288,34in Ultrawide Monitor,1,379.99,2019-07-31 09:15:00,"210 7th St, New York City, NY 10001",July
226110,34in Ultrawide Monitor,1,379.99,2019-07-20 15:04:00,"195 Sunset St, San Francisco, CA 94016",July
226827,34in Ultrawide Monitor,1,379.99,2019-07-19 17:47:00,"867 10th St, Los Angeles, CA 90001",July
235536,34in Ultrawide Monitor,1,379.99,2019-07-29 14:11:00,"430 Forest St, Dallas, TX 75001",July
227048,34in Ultrawide Monitor,1,379.99,2019-07-25 13:44:00,"575 Jefferson St, Dallas, TX 75001",July
231657,34in Ultrawide Monitor,1,379.99,2019-07-26 09:22:00,"31 Johnson St, New York City, NY 10001",July
233307,34in Ultrawide Monitor,1,379.99,2019-07-08 05:25:00,"541 Lake St, Portland, OR 97035",July
224165,34in Ultrawide Monitor,1,379.99,2019-07-21 16:23:00,"162 North St, Los Angeles, CA 90001",July
226927,34in Ultrawide Monitor,1,379.99,2019-07-13 11:45:00,"166 Pine St, Portland, OR 97035",July
231337,34in Ultrawide Monitor,1,379.99,2019-07-22 21:43:00,"213 Cedar St, Dallas, TX 75001",July
233971,34in Ultrawide Monitor,1,379.99,2019-07-04 08:35:00,"510 Lakeview St, San Francisco, CA 94016",July
236178,34in Ultrawide Monitor,1,379.99,2019-07-18 19:55:00,"462 7th St, Seattle, WA 98101",July
236280,34in Ultrawide Monitor,1,379.99,2019-07-08 21:30:00,"17 11th St, Los Angeles, CA 90001",July
228137,34in Ultrawide Monitor,1,379.99,2019-07-31 20:20:00,"876 West St, Dallas, TX 75001",July
230318,34in Ultrawide Monitor,1,379.99,2019-07-13 16:51:00,"985 Hill St, Dallas, TX 75001",July
227306,34in Ultrawide Monitor,1,379.99,2019-07-23 12:04:00,"937 Pine St, Seattle, WA 98101",July
227669,34in Ultrawide Monitor,1,379.99,2019-07-10 21:35:00,"255 Lincoln St, Atlanta, GA 30301",July
231189,34in Ultrawide Monitor,1,379.99,2019-07-19 15:54:00,"741 Center St, San Francisco, CA 94016",July
234434,34in Ultrawide Monitor,1,379.99,2019-07-04 20:54:00,"650 Pine St, San Francisco, CA 94016",July
224691,34in Ultrawide Monitor,1,379.99,2019-07-16 16:09:00,"580 South St, New York City, NY 10001",July
231502,34in Ultrawide Monitor,1,379.99,2019-07-11 17:56:00,"827 8th St, Seattle, WA 98101",July
234018,34in Ultrawide Monitor,1,379.99,2019-07-12 13:03:00,"706 2nd St, San Francisco, CA 94016",July
236015,34in Ultrawide Monitor,1,379.99,2019-07-04 14:05:00,"802 Madison St, Portland, OR 97035",July
224329,34in Ultrawide Monitor,1,379.99,2019-07-13 16:18:00,"25 Lakeview St, San Francisco, CA 94016",July
232117,34in Ultrawide Monitor,1,379.99,2019-07-20 20:31:00,"62 Forest St, Austin, TX 73301",July
232792,34in Ultrawide Monitor,1,379.99,2019-07-07 10:26:00,"359 Center St, Los Angeles, CA 90001",July
224276,34in Ultrawide Monitor,1,379.99,2019-07-22 11:04:00,"172 Elm St, Dallas, TX 75001",July
232610,34in Ultrawide Monitor,1,379.99,2019-07-13 12:03:00,"83 Center St, Portland, OR 97035",July
234327,34in Ultrawide Monitor,1,379.99,2019-07-29 04:23:00,"462 South St, Boston, MA 02215",July
225001,34in Ultrawide Monitor,1,379.99,2019-07-09 15:05:00,"956 Adams St, Boston, MA 02215",July
228832,34in Ultrawide Monitor,1,379.99,2019-07-25 08:55:00,"664 Lakeview St, New York City, NY 10001",July
229006,34in Ultrawide Monitor,1,379.99,2019-07-04 06:48:00,"311 7th St, Seattle, WA 98101",July
229283,34in Ultrawide Monitor,1,379.99,2019-07-06 17:05:00,"237 Cedar St, Dallas, TX 75001",July
235298,34in Ultrawide Monitor,2,379.99,2019-07-08 16:22:00,"303 Church St, San Francisco, CA 94016",July
223674,34in Ultrawide Monitor,1,379.99,2019-07-20 12:23:00,"124 Lincoln St, San Francisco, CA 94016",July
224019,34in Ultrawide Monitor,1,379.99,2019-07-31 12:46:00,"165 1st St, San Francisco, CA 94016",July
232629,34in Ultrawide Monitor,1,379.99,2019-07-31 12:22:00,"963 West St, New York City, NY 10001",July
235494,34in Ultrawide Monitor,1,379.99,2019-07-03 12:34:00,"80 Highland St, San Francisco, CA 94016",July
223708,34in Ultrawide Monitor,1,379.99,2019-07-14 20:45:00,"586 Hill St, San Francisco, CA 94016",July
225241,34in Ultrawide Monitor,1,379.99,2019-07-22 11:03:00,"474 North St, Portland, OR 97035",July
226133,34in Ultrawide Monitor,1,379.99,2019-07-12 03:17:00,"241 West St, Los Angeles, CA 90001",July
226922,34in Ultrawide Monitor,1,379.99,2019-07-05 13:11:00,"122 Jackson St, Los Angeles, CA 90001",July
236296,34in Ultrawide Monitor,1,379.99,2019-07-18 20:34:00,"16 Wilson St, Los Angeles, CA 90001",July
224025,34in Ultrawide Monitor,1,379.99,2019-07-31 09:56:00,"817 Lincoln St, New York City, NY 10001",July
233205,34in Ultrawide Monitor,1,379.99,2019-07-26 16:35:00,"645 Elm St, Atlanta, GA 30301",July
233830,34in Ultrawide Monitor,1,379.99,2019-07-03 17:50:00,"163 Lake St, Boston, MA 02215",July
235790,34in Ultrawide Monitor,1,379.99,2019-07-24 10:24:00,"815 1st St, Seattle, WA 98101",July
225966,34in Ultrawide Monitor,1,379.99,2019-07-14 22:41:00,"547 Spruce St, San Francisco, CA 94016",July
230195,34in Ultrawide Monitor,1,379.99,2019-07-04 19:20:00,"575 Jefferson St, San Francisco, CA 94016",July
235208,34in Ultrawide Monitor,1,379.99,2019-07-24 16:05:00,"467 8th St, Los Angeles, CA 90001",July
246989,34in Ultrawide Monitor,1,379.99,2019-08-04 15:49:00,"733 North St, New York City, NY 10001",August
240836,34in Ultrawide Monitor,1,379.99,2019-08-11 21:27:00,"985 Pine St, San Francisco, CA 94016",August
241271,34in Ultrawide Monitor,1,379.99,2019-08-11 00:05:00,"252 Church St, Portland, OR 97035",August
246322,34in Ultrawide Monitor,1,379.99,2019-08-03 17:21:00,"297 Walnut St, Los Angeles, CA 90001",August
236980,34in Ultrawide Monitor,1,379.99,2019-08-26 19:25:00,"867 Jefferson St, New York City, NY 10001",August
237902,34in Ultrawide Monitor,1,379.99,2019-08-04 19:38:00,"931 Center St, Atlanta, GA 30301",August
236676,34in Ultrawide Monitor,1,379.99,2019-08-04 19:52:00,"470 Cherry St, Los Angeles, CA 90001",August
239711,34in Ultrawide Monitor,1,379.99,2019-08-28 11:14:00,"330 Hill St, Seattle, WA 98101",August
242023,34in Ultrawide Monitor,1,379.99,2019-08-22 13:47:00,"241 Park St, Atlanta, GA 30301",August
242916,34in Ultrawide Monitor,1,379.99,2019-08-23 10:59:00,"269 2nd St, Atlanta, GA 30301",August
239887,34in Ultrawide Monitor,1,379.99,2019-08-01 20:42:00,"207 Chestnut St, San Francisco, CA 94016",August
244717,34in Ultrawide Monitor,1,379.99,2019-08-13 16:27:00,"787 Ridge St, San Francisco, CA 94016",August
247518,34in Ultrawide Monitor,1,379.99,2019-08-30 19:46:00,"660 Washington St, Dallas, TX 75001",August
237844,34in Ultrawide Monitor,1,379.99,2019-08-24 12:16:00,"102 Jefferson St, Los Angeles, CA 90001",August
238990,34in Ultrawide Monitor,1,379.99,2019-08-04 07:43:00,"231 Wilson St, San Francisco, CA 94016",August
247394,34in Ultrawide Monitor,1,379.99,2019-08-08 23:39:00,"346 Ridge St, Los Angeles, CA 90001",August
244200,34in Ultrawide Monitor,1,379.99,2019-08-27 20:41:00,"704 Walnut St, Los Angeles, CA 90001",August
246709,34in Ultrawide Monitor,1,379.99,2019-08-13 22:47:00,"459 Dogwood St, Dallas, TX 75001",August
245641,34in Ultrawide Monitor,1,379.99,2019-08-15 15:37:00,"777 1st St, San Francisco, CA 94016",August
237327,34in Ultrawide Monitor,1,379.99,2019-08-14 14:45:00,"245 Maple St, New York City, NY 10001",August
239670,34in Ultrawide Monitor,1,379.99,2019-08-01 11:01:00,"309 4th St, Boston, MA 02215",August
241490,34in Ultrawide Monitor,1,379.99,2019-08-16 09:56:00,"299 Madison St, Atlanta, GA 30301",August
246726,34in Ultrawide Monitor,1,379.99,2019-08-28 12:06:00,"819 Center St, Austin, TX 73301",August
246840,34in Ultrawide Monitor,1,379.99,2019-08-15 20:41:00,"119 Madison St, New York City, NY 10001",August
238770,34in Ultrawide Monitor,1,379.99,2019-08-05 14:02:00,"830 8th St, Boston, MA 02215",August
242651,34in Ultrawide Monitor,1,379.99,2019-08-26 11:28:00,"613 Main St, Atlanta, GA 30301",August
244838,34in Ultrawide Monitor,1,379.99,2019-08-09 20:19:00,"678 Park St, New York City, NY 10001",August
239485,34in Ultrawide Monitor,1,379.99,2019-08-21 14:11:00,"866 Johnson St, San Francisco, CA 94016",August
244496,34in Ultrawide Monitor,1,379.99,2019-08-13 21:56:00,"393 Dogwood St, Portland, OR 97035",August
239455,34in Ultrawide Monitor,1,379.99,2019-08-30 13:13:00,"400 14th St, Los Angeles, CA 90001",August
238916,34in Ultrawide Monitor,1,379.99,2019-08-01 12:03:00,"222 Park St, Boston, MA 02215",August
240809,34in Ultrawide Monitor,1,379.99,2019-08-24 10:16:00,"731 14th St, San Francisco, CA 94016",August
247530,34in Ultrawide Monitor,1,379.99,2019-08-22 15:42:00,"169 Hickory St, Boston, MA 02215",August
242521,34in Ultrawide Monitor,1,379.99,2019-08-31 15:24:00,"426 Walnut St, Los Angeles, CA 90001",August
238638,34in Ultrawide Monitor,1,379.99,2019-08-09 10:02:00,"584 Chestnut St, Atlanta, GA 30301",August
241353,34in Ultrawide Monitor,1,379.99,2019-08-04 19:58:00,"121 9th St, Seattle, WA 98101",August
238152,34in Ultrawide Monitor,1,379.99,2019-08-21 12:58:00,"10 South St, San Francisco, CA 94016",August
239322,34in Ultrawide Monitor,1,379.99,2019-08-27 17:32:00,"684 West St, Boston, MA 02215",August
242843,34in Ultrawide Monitor,1,379.99,2019-08-22 21:56:00,"238 Elm St, Portland, OR 97035",August
236859,34in Ultrawide Monitor,1,379.99,2019-08-22 10:16:00,"833 Jefferson St, Boston, MA 02215",August
240202,34in Ultrawide Monitor,1,379.99,2019-08-01 18:50:00,"840 10th St, San Francisco, CA 94016",August
243122,34in Ultrawide Monitor,1,379.99,2019-08-20 13:51:00,"135 Chestnut St, Los Angeles, CA 90001",August
240945,34in Ultrawide Monitor,1,379.99,2019-08-08 00:47:00,"426 1st St, Los Angeles, CA 90001",August
242322,34in Ultrawide Monitor,1,379.99,2019-08-22 19:57:00,"598 Park St, Los Angeles, CA 90001",August
245730,34in Ultrawide Monitor,1,379.99,2019-08-26 15:02:00,"576 Ridge St, San Francisco, CA 94016",August
247252,34in Ultrawide Monitor,1,379.99,2019-08-12 08:03:00,"183 Wilson St, Boston, MA 02215",August
247887,34in Ultrawide Monitor,1,379.99,2019-08-17 13:10:00,"333 6th St, New York City, NY 10001",August
244027,34in Ultrawide Monitor,1,379.99,2019-08-17 04:55:00,"155 Lakeview St, Boston, MA 02215",August
244765,34in Ultrawide Monitor,1,379.99,2019-08-20 12:25:00,"683 Cedar St, Seattle, WA 98101",August
245015,34in Ultrawide Monitor,1,379.99,2019-08-25 22:05:00,"682 Maple St, Atlanta, GA 30301",August
246527,34in Ultrawide Monitor,1,379.99,2019-08-20 08:35:00,"176 11th St, Los Angeles, CA 90001",August
247362,34in Ultrawide Monitor,1,379.99,2019-08-14 09:41:00,"340 Jackson St, New York City, NY 10001",August
247574,34in Ultrawide Monitor,1,379.99,2019-08-23 14:19:00,"789 9th St, Dallas, TX 75001",August
242196,34in Ultrawide Monitor,1,379.99,2019-08-16 15:30:00,"22 Lake St, San Francisco, CA 94016",August
244261,34in Ultrawide Monitor,1,379.99,2019-08-19 12:17:00,"464 South St, Seattle, WA 98101",August
236927,34in Ultrawide Monitor,1,379.99,2019-08-19 09:32:00,"548 11th St, San Francisco, CA 94016",August
240399,34in Ultrawide Monitor,1,379.99,2019-08-06 19:38:00,"355 13th St, New York City, NY 10001",August
240575,34in Ultrawide Monitor,1,379.99,2019-08-02 19:43:00,"882 14th St, Boston, MA 02215",August
242485,34in Ultrawide Monitor,1,379.99,2019-08-31 22:20:00,"637 Cedar St, Seattle, WA 98101",August
243337,34in Ultrawide Monitor,1,379.99,2019-08-30 21:45:00,"885 5th St, Los Angeles, CA 90001",August
242796,34in Ultrawide Monitor,1,379.99,2019-08-21 18:31:00,"607 Hill St, Los Angeles, CA 90001",August
244573,34in Ultrawide Monitor,1,379.99,2019-08-14 13:01:00,"737 Lake St, San Francisco, CA 94016",August
241422,34in Ultrawide Monitor,1,379.99,2019-08-31 17:23:00,"86 Lake St, Seattle, WA 98101",August
241940,34in Ultrawide Monitor,1,379.99,2019-08-30 16:58:00,"978 Chestnut St, Boston, MA 02215",August
243452,34in Ultrawide Monitor,1,379.99,2019-08-15 10:51:00,"752 South St, Atlanta, GA 30301",August
246154,34in Ultrawide Monitor,1,379.99,2019-08-19 19:52:00,"627 Spruce St, Boston, MA 02215",August
247804,34in Ultrawide Monitor,1,379.99,2019-08-03 17:13:00,"132 Pine St, San Francisco, CA 94016",August
241826,34in Ultrawide Monitor,1,379.99,2019-08-19 10:09:00,"545 9th St, Los Angeles, CA 90001",August
253231,34in Ultrawide Monitor,1,379.99,2019-09-04 17:19:00,"294 Lakeview St, Atlanta, GA 30301",September
253543,34in Ultrawide Monitor,1,379.99,2019-09-01 09:07:00,"299 Lakeview St, Dallas, TX 75001",September
253714,34in Ultrawide Monitor,1,379.99,2019-09-18 12:23:00,"929 Jackson St, Portland, OR 97035",September
256362,34in Ultrawide Monitor,1,379.99,2019-09-01 23:34:00,"11 Walnut St, Atlanta, GA 30301",September
250702,34in Ultrawide Monitor,1,379.99,2019-09-17 01:25:00,"936 Hickory St, Atlanta, GA 30301",September
258023,34in Ultrawide Monitor,1,379.99,2019-09-28 12:33:00,"507 5th St, Dallas, TX 75001",September
249454,34in Ultrawide Monitor,1,379.99,2019-09-11 12:20:00,"459 Washington St, Dallas, TX 75001",September
255158,34in Ultrawide Monitor,1,379.99,2019-09-06 21:17:00,"743 Maple St, New York City, NY 10001",September
252602,34in Ultrawide Monitor,1,379.99,2019-09-15 00:06:00,"831 1st St, Portland, OR 97035",September
253043,34in Ultrawide Monitor,1,379.99,2019-09-15 11:45:00,"707 Dogwood St, Los Angeles, CA 90001",September
254408,34in Ultrawide Monitor,1,379.99,2019-09-05 23:18:00,"88 Willow St, San Francisco, CA 94016",September
256447,34in Ultrawide Monitor,1,379.99,2019-09-04 10:55:00,"90 River St, Los Angeles, CA 90001",September
251365,34in Ultrawide Monitor,1,379.99,2019-09-28 15:12:00,"491 5th St, Dallas, TX 75001",September
256462,34in Ultrawide Monitor,1,379.99,2019-09-09 19:44:00,"308 7th St, New York City, NY 10001",September
248745,34in Ultrawide Monitor,1,379.99,2019-09-06 08:05:00,"545 River St, Los Angeles, CA 90001",September
249959,34in Ultrawide Monitor,1,379.99,2019-09-03 19:19:00,"497 Chestnut St, San Francisco, CA 94016",September
252437,34in Ultrawide Monitor,1,379.99,2019-09-22 16:37:00,"300 Spruce St, Seattle, WA 98101",September
255639,34in Ultrawide Monitor,1,379.99,2019-09-29 10:49:00,"750 1st St, Boston, MA 02215",September
250665,34in Ultrawide Monitor,1,379.99,2019-09-12 22:18:00,"628 Adams St, New York City, NY 10001",September
249063,34in Ultrawide Monitor,1,379.99,2019-09-15 19:31:00,"891 12th St, Boston, MA 02215",September
249303,34in Ultrawide Monitor,1,379.99,2019-09-10 19:29:00,"498 Lake St, Los Angeles, CA 90001",September
257383,34in Ultrawide Monitor,1,379.99,2019-09-02 20:05:00,"221 4th St, Austin, TX 73301",September
258375,34in Ultrawide Monitor,1,379.99,2019-09-15 20:11:00,"188 Lincoln St, Portland, OR 97035",September
248234,34in Ultrawide Monitor,1,379.99,2019-09-05 10:46:00,"855 Forest St, San Francisco, CA 94016",September
252120,34in Ultrawide Monitor,1,379.99,2019-09-26 19:08:00,"785 West St, Seattle, WA 98101",September
255414,34in Ultrawide Monitor,1,379.99,2019-09-12 07:10:00,"365 Willow St, Austin, TX 73301",September
250941,34in Ultrawide Monitor,1,379.99,2019-09-24 23:56:00,"682 Spruce St, Dallas, TX 75001",September
258092,34in Ultrawide Monitor,1,379.99,2019-09-09 22:29:00,"577 Dogwood St, Boston, MA 02215",September
250861,34in Ultrawide Monitor,1,379.99,2019-09-15 10:48:00,"693 Hickory St, San Francisco, CA 94016",September
249652,34in Ultrawide Monitor,1,379.99,2019-09-03 01:16:00,"815 Jefferson St, Atlanta, GA 30301",September
249782,34in Ultrawide Monitor,1,379.99,2019-09-18 01:39:00,"597 Lakeview St, San Francisco, CA 94016",September
249877,34in Ultrawide Monitor,1,379.99,2019-09-24 21:51:00,"549 Dogwood St, Los Angeles, CA 90001",September
251304,34in Ultrawide Monitor,1,379.99,2019-09-12 19:08:00,"829 Cedar St, Austin, TX 73301",September
254204,34in Ultrawide Monitor,1,379.99,2019-09-29 18:04:00,"530 Pine St, San Francisco, CA 94016",September
258393,34in Ultrawide Monitor,1,379.99,2019-09-02 00:49:00,"309 Hickory St, San Francisco, CA 94016",September
250975,34in Ultrawide Monitor,1,379.99,2019-09-28 16:10:00,"606 Washington St, Dallas, TX 75001",September
251429,34in Ultrawide Monitor,1,379.99,2019-09-27 15:18:00,"782 Highland St, Dallas, TX 75001",September
255456,34in Ultrawide Monitor,1,379.99,2019-09-22 10:31:00,"54 Lakeview St, New York City, NY 10001",September
255589,34in Ultrawide Monitor,1,379.99,2019-09-13 20:21:00,"437 River St, San Francisco, CA 94016",September
254844,34in Ultrawide Monitor,1,379.99,2019-09-25 20:40:00,"28 West St, Los Angeles, CA 90001",September
253687,34in Ultrawide Monitor,1,379.99,2019-09-30 10:08:00,"229 Main St, Boston, MA 02215",September
252820,34in Ultrawide Monitor,1,379.99,2019-09-06 16:48:00,"362 Spruce St, Los Angeles, CA 90001",September
253458,34in Ultrawide Monitor,1,379.99,2019-09-28 20:35:00,"279 North St, San Francisco, CA 94016",September
257117,34in Ultrawide Monitor,1,379.99,2019-09-23 22:52:00,"779 Hickory St, Atlanta, GA 30301",September
257927,34in Ultrawide Monitor,1,379.99,2019-09-10 16:31:00,"894 Walnut St, San Francisco, CA 94016",September
250310,34in Ultrawide Monitor,1,379.99,2019-09-16 23:57:00,"675 Maple St, Los Angeles, CA 90001",September
253930,34in Ultrawide Monitor,1,379.99,2019-09-05 11:14:00,"780 Park St, Dallas, TX 75001",September
253438,34in Ultrawide Monitor,1,379.99,2019-09-20 21:07:00,"659 Wilson St, Seattle, WA 98101",September
254952,34in Ultrawide Monitor,1,379.99,2019-09-29 22:45:00,"739 Lakeview St, Los Angeles, CA 90001",September
259045,34in Ultrawide Monitor,1,379.99,2019-09-07 12:35:00,"642 Spruce St, Austin, TX 73301",September
252321,34in Ultrawide Monitor,1,379.99,2019-09-14 14:19:00,"447 Sunset St, San Francisco, CA 94016",September
258318,34in Ultrawide Monitor,1,379.99,2019-09-25 19:10:00,"447 10th St, Boston, MA 02215",September
254060,34in Ultrawide Monitor,1,379.99,2019-09-04 18:18:00,"931 Forest St, New York City, NY 10001",September
258322,34in Ultrawide Monitor,1,379.99,2019-09-13 19:55:00,"523 Wilson St, San Francisco, CA 94016",September
249936,34in Ultrawide Monitor,1,379.99,2019-09-20 19:56:00,"421 Cedar St, Boston, MA 02215",September
252340,34in Ultrawide Monitor,1,379.99,2019-09-25 11:13:00,"981 Ridge St, New York City, NY 10001",September
254202,34in Ultrawide Monitor,1,379.99,2019-09-21 21:18:00,"343 1st St, Seattle, WA 98101",September
257904,34in Ultrawide Monitor,1,379.99,2019-09-08 08:46:00,"705 Lincoln St, Boston, MA 02215",September
258905,34in Ultrawide Monitor,1,379.99,2019-09-18 13:20:00,"259 Wilson St, San Francisco, CA 94016",September
259023,34in Ultrawide Monitor,1,379.99,2019-09-09 22:19:00,"327 Meadow St, San Francisco, CA 94016",September
249825,34in Ultrawide Monitor,1,379.99,2019-09-20 16:27:00,"347 Walnut St, Austin, TX 73301",September
271739,34in Ultrawide Monitor,1,379.99,2019-10-16 07:08:00,"292 9th St, New York City, NY 10001",October
259630,34in Ultrawide Monitor,1,379.99,2019-10-06 18:22:00,"615 Wilson St, Seattle, WA 98101",October
261057,34in Ultrawide Monitor,1,379.99,2019-10-27 17:13:00,"526 1st St, San Francisco, CA 94016",October
269954,34in Ultrawide Monitor,1,379.99,2019-10-31 19:54:00,"599 Highland St, Atlanta, GA 30301",October
270639,34in Ultrawide Monitor,1,379.99,2019-10-11 15:31:00,"601 Jackson St, San Francisco, CA 94016",October
273757,34in Ultrawide Monitor,1,379.99,2019-10-24 22:53:00,"220 Spruce St, New York City, NY 10001",October
275604,34in Ultrawide Monitor,1,379.99,2019-10-14 19:45:00,"946 Hill St, San Francisco, CA 94016",October
263329,34in Ultrawide Monitor,1,379.99,2019-10-02 06:53:00,"671 14th St, Portland, OR 97035",October
266228,34in Ultrawide Monitor,1,379.99,2019-10-05 13:47:00,"161 West St, Dallas, TX 75001",October
270112,34in Ultrawide Monitor,1,379.99,2019-10-21 15:28:00,"676 Walnut St, Boston, MA 02215",October
266181,34in Ultrawide Monitor,1,379.99,2019-10-05 23:14:00,"334 Elm St, San Francisco, CA 94016",October
271898,34in Ultrawide Monitor,1,379.99,2019-10-15 02:23:00,"197 Adams St, San Francisco, CA 94016",October
274310,34in Ultrawide Monitor,1,379.99,2019-10-20 20:29:00,"912 North St, Portland, OR 97035",October
265029,34in Ultrawide Monitor,1,379.99,2019-10-02 12:05:00,"960 West St, Atlanta, GA 30301",October
266482,34in Ultrawide Monitor,1,379.99,2019-10-13 10:08:00,"784 Madison St, San Francisco, CA 94016",October
273028,34in Ultrawide Monitor,1,379.99,2019-10-02 12:55:00,"215 Ridge St, Portland, OR 97035",October
277720,34in Ultrawide Monitor,1,379.99,2019-10-16 15:51:00,"907 9th St, New York City, NY 10001",October
265429,34in Ultrawide Monitor,1,379.99,2019-10-20 18:28:00,"86 Spruce St, San Francisco, CA 94016",October
269062,34in Ultrawide Monitor,1,379.99,2019-10-28 20:36:00,"328 North St, Seattle, WA 98101",October
272251,34in Ultrawide Monitor,1,379.99,2019-10-09 16:31:00,"719 Jefferson St, Los Angeles, CA 90001",October
261230,34in Ultrawide Monitor,1,379.99,2019-10-06 11:13:00,"839 South St, San Francisco, CA 94016",October
263666,34in Ultrawide Monitor,1,379.99,2019-10-16 05:29:00,"763 Lincoln St, Atlanta, GA 30301",October
273148,34in Ultrawide Monitor,1,379.99,2019-10-05 05:14:00,"199 Washington St, Seattle, WA 98101",October
273718,34in Ultrawide Monitor,1,379.99,2019-10-06 22:27:00,"856 Pine St, Austin, TX 73301",October
259408,34in Ultrawide Monitor,1,379.99,2019-10-21 20:09:00,"36 Pine St, Los Angeles, CA 90001",October
261155,34in Ultrawide Monitor,1,379.99,2019-10-25 19:39:00,"691 Johnson St, Los Angeles, CA 90001",October
265737,34in Ultrawide Monitor,1,379.99,2019-10-21 15:49:00,"59 4th St, Boston, MA 02215",October
273026,34in Ultrawide Monitor,1,379.99,2019-10-24 20:38:00,"126 4th St, Seattle, WA 98101",October
273081,34in Ultrawide Monitor,1,379.99,2019-10-31 22:38:00,"404 Lake St, Seattle, WA 98101",October
278160,34in Ultrawide Monitor,1,379.99,2019-10-29 17:58:00,"408 Adams St, New York City, NY 10001",October
262134,34in Ultrawide Monitor,1,379.99,2019-10-25 22:25:00,"448 Meadow St, Los Angeles, CA 90001",October
260683,34in Ultrawide Monitor,1,379.99,2019-10-04 06:31:00,"480 West St, Austin, TX 73301",October
274225,34in Ultrawide Monitor,1,379.99,2019-10-19 14:59:00,"413 Jefferson St, Atlanta, GA 30301",October
275034,34in Ultrawide Monitor,1,379.99,2019-10-16 10:27:00,"976 Forest St, San Francisco, CA 94016",October
260055,34in Ultrawide Monitor,1,379.99,2019-10-12 21:11:00,"258 Elm St, New York City, NY 10001",October
262520,34in Ultrawide Monitor,1,379.99,2019-10-22 13:24:00,"877 North St, Austin, TX 73301",October
267366,34in Ultrawide Monitor,1,379.99,2019-10-22 19:13:00,"368 11th St, San Francisco, CA 94016",October
269160,34in Ultrawide Monitor,1,379.99,2019-10-21 18:21:00,"200 2nd St, San Francisco, CA 94016",October
265072,34in Ultrawide Monitor,1,379.99,2019-10-15 19:23:00,"54 South St, Seattle, WA 98101",October
267891,34in Ultrawide Monitor,1,379.99,2019-10-20 16:01:00,"54 12th St, Atlanta, GA 30301",October
278060,34in Ultrawide Monitor,1,379.99,2019-10-08 15:51:00,"486 Lake St, Atlanta, GA 30301",October
261329,34in Ultrawide Monitor,1,379.99,2019-10-09 11:08:00,"790 4th St, Boston, MA 02215",October
261717,34in Ultrawide Monitor,1,379.99,2019-10-13 17:12:00,"691 Church St, San Francisco, CA 94016",October
270717,34in Ultrawide Monitor,1,379.99,2019-10-16 20:09:00,"654 Chestnut St, San Francisco, CA 94016",October
271052,34in Ultrawide Monitor,1,379.99,2019-10-23 21:26:00,"510 13th St, Dallas, TX 75001",October
264551,34in Ultrawide Monitor,1,379.99,2019-10-23 20:37:00,"703 Cedar St, Los Angeles, CA 90001",October
272372,34in Ultrawide Monitor,1,379.99,2019-10-25 13:43:00,"259 Chestnut St, Los Angeles, CA 90001",October
259800,34in Ultrawide Monitor,1,379.99,2019-10-27 14:21:00,"372 9th St, San Francisco, CA 94016",October
261859,34in Ultrawide Monitor,1,379.99,2019-10-31 15:36:00,"589 Lakeview St, Atlanta, GA 30301",October
263035,34in Ultrawide Monitor,1,379.99,2019-10-03 09:53:00,"113 Spruce St, New York City, NY 10001",October
268403,34in Ultrawide Monitor,1,379.99,2019-10-13 20:47:00,"411 Spruce St, San Francisco, CA 94016",October
264241,34in Ultrawide Monitor,1,379.99,2019-10-23 15:16:00,"992 11th St, Portland, OR 97035",October
264612,34in Ultrawide Monitor,1,379.99,2019-10-21 00:27:00,"90 Jefferson St, Seattle, WA 98101",October
274311,34in Ultrawide Monitor,1,379.99,2019-10-27 13:32:00,"754 Meadow St, Seattle, WA 98101",October
275089,34in Ultrawide Monitor,1,379.99,2019-10-14 00:03:00,"334 Maple St, Atlanta, GA 30301",October
259920,34in Ultrawide Monitor,1,379.99,2019-10-13 23:22:00,"659 River St, San Francisco, CA 94016",October
262086,34in Ultrawide Monitor,1,379.99,2019-10-23 18:12:00,"172 4th St, San Francisco, CA 94016",October
274721,34in Ultrawide Monitor,1,379.99,2019-10-08 10:45:00,"572 Cherry St, Atlanta, GA 30301",October
260686,34in Ultrawide Monitor,1,379.99,2019-10-18 09:33:00,"811 9th St, San Francisco, CA 94016",October
267954,34in Ultrawide Monitor,1,379.99,2019-10-26 11:14:00,"440 Center St, Seattle, WA 98101",October
270531,34in Ultrawide Monitor,1,379.99,2019-10-13 08:50:00,"693 8th St, Boston, MA 02215",October
270935,34in Ultrawide Monitor,1,379.99,2019-10-12 16:08:00,"854 Center St, Dallas, TX 75001",October
277510,34in Ultrawide Monitor,1,379.99,2019-10-01 13:01:00,"557 11th St, Atlanta, GA 30301",October
269976,34in Ultrawide Monitor,1,379.99,2019-10-29 21:15:00,"508 Adams St, New York City, NY 10001",October
276418,34in Ultrawide Monitor,1,379.99,2019-10-24 10:00:00,"670 Center St, San Francisco, CA 94016",October
277893,34in Ultrawide Monitor,1,379.99,2019-10-11 09:38:00,"86 Lakeview St, Boston, MA 02215",October
270157,34in Ultrawide Monitor,1,379.99,2019-10-31 16:31:00,"149 South St, San Francisco, CA 94016",October
261971,34in Ultrawide Monitor,1,379.99,2019-10-08 16:27:00,"156 Ridge St, Dallas, TX 75001",October
264556,34in Ultrawide Monitor,1,379.99,2019-10-22 13:47:00,"243 Park St, Seattle, WA 98101",October
272081,34in Ultrawide Monitor,1,379.99,2019-10-15 11:12:00,"752 West St, New York City, NY 10001",October
266554,34in Ultrawide Monitor,1,379.99,2019-10-09 13:25:00,"229 5th St, New York City, NY 10001",October
266758,34in Ultrawide Monitor,1,379.99,2019-10-22 21:39:00,"681 Cedar St, Dallas, TX 75001",October
269294,34in Ultrawide Monitor,1,379.99,2019-10-30 21:13:00,"937 6th St, Dallas, TX 75001",October
273372,34in Ultrawide Monitor,1,379.99,2019-10-29 14:17:00,"736 5th St, Dallas, TX 75001",October
273616,34in Ultrawide Monitor,1,379.99,2019-10-17 20:57:00,"117 7th St, New York City, NY 10001",October
275606,34in Ultrawide Monitor,1,379.99,2019-10-26 10:15:00,"697 11th St, Los Angeles, CA 90001",October
270377,34in Ultrawide Monitor,1,379.99,2019-10-24 16:44:00,"241 Wilson St, Los Angeles, CA 90001",October
275235,34in Ultrawide Monitor,1,379.99,2019-10-08 18:54:00,"728 Sunset St, New York City, NY 10001",October
277994,34in Ultrawide Monitor,1,379.99,2019-10-31 19:02:00,"323 Dogwood St, Los Angeles, CA 90001",October
259965,34in Ultrawide Monitor,1,379.99,2019-10-15 09:04:00,"521 Walnut St, Los Angeles, CA 90001",October
264477,34in Ultrawide Monitor,1,379.99,2019-10-09 21:50:00,"968 9th St, San Francisco, CA 94016",October
268595,34in Ultrawide Monitor,1,379.99,2019-10-17 11:54:00,"782 Pine St, Los Angeles, CA 90001",October
260005,34in Ultrawide Monitor,1,379.99,2019-10-09 08:50:00,"112 12th St, Boston, MA 02215",October
264421,34in Ultrawide Monitor,1,379.99,2019-10-29 23:59:00,"344 Church St, Boston, MA 02215",October
272281,34in Ultrawide Monitor,1,379.99,2019-10-27 07:34:00,"431 Cedar St, Los Angeles, CA 90001",October
259624,34in Ultrawide Monitor,1,379.99,2019-10-30 12:45:00,"60 9th St, Austin, TX 73301",October
266009,34in Ultrawide Monitor,1,379.99,2019-10-01 21:20:00,"544 Jackson St, Seattle, WA 98101",October
270128,34in Ultrawide Monitor,1,379.99,2019-10-31 13:44:00,"537 Church St, Austin, TX 73301",October
273577,34in Ultrawide Monitor,1,379.99,2019-10-11 07:42:00,"45 Chestnut St, Atlanta, GA 30301",October
275445,34in Ultrawide Monitor,1,379.99,2019-10-06 22:36:00,"282 Meadow St, Portland, OR 97035",October
268019,34in Ultrawide Monitor,1,379.99,2019-10-13 13:02:00,"954 Park St, Los Angeles, CA 90001",October
269399,34in Ultrawide Monitor,1,379.99,2019-10-09 15:36:00,"838 Church St, New York City, NY 10001",October
271212,34in Ultrawide Monitor,1,379.99,2019-10-06 17:14:00,"353 South St, Austin, TX 73301",October
275061,34in Ultrawide Monitor,1,379.99,2019-10-29 18:57:00,"739 Center St, New York City, NY 10001",October
275272,34in Ultrawide Monitor,1,379.99,2019-10-30 14:16:00,"616 Lakeview St, New York City, NY 10001",October
265019,34in Ultrawide Monitor,1,379.99,2019-10-15 20:11:00,"271 Jefferson St, Boston, MA 02215",October
271965,34in Ultrawide Monitor,1,379.99,2019-10-25 10:03:00,"271 Park St, Dallas, TX 75001",October
260085,34in Ultrawide Monitor,1,379.99,2019-10-28 12:27:00,"987 Wilson St, Portland, OR 97035",October
263596,34in Ultrawide Monitor,1,379.99,2019-10-09 14:00:00,"292 Washington St, San Francisco, CA 94016",October
270094,34in Ultrawide Monitor,1,379.99,2019-10-17 10:43:00,"920 13th St, San Francisco, CA 94016",October
272376,34in Ultrawide Monitor,1,379.99,2019-10-27 11:52:00,"784 Lake St, New York City, NY 10001",October
273528,34in Ultrawide Monitor,1,379.99,2019-10-29 10:11:00,"943 14th St, San Francisco, CA 94016",October
278222,34in Ultrawide Monitor,1,379.99,2019-10-02 21:48:00,"95 8th St, Dallas, TX 75001",October
263465,34in Ultrawide Monitor,1,379.99,2019-10-08 12:12:00,"198 Meadow St, San Francisco, CA 94016",October
268748,34in Ultrawide Monitor,1,379.99,2019-10-31 13:33:00,"727 Dogwood St, Dallas, TX 75001",October
275482,34in Ultrawide Monitor,1,379.99,2019-10-11 23:11:00,"358 Jackson St, New York City, NY 10001",October
269429,34in Ultrawide Monitor,1,379.99,2019-10-17 16:47:00,"578 Walnut St, San Francisco, CA 94016",October
292631,34in Ultrawide Monitor,1,379.99,2019-11-01 13:41:00,"117 Wilson St, Atlanta, GA 30301",November
292721,34in Ultrawide Monitor,1,379.99,2019-11-20 19:01:00,"945 10th St, Portland, OR 97035",November
294120,34in Ultrawide Monitor,1,379.99,2019-11-28 11:46:00,"326 North St, San Francisco, CA 94016",November
295532,34in Ultrawide Monitor,1,379.99,2019-11-01 10:16:00,"176 Main St, Portland, ME 04101",November
291428,34in Ultrawide Monitor,1,379.99,2019-11-21 08:44:00,"112 Cherry St, Los Angeles, CA 90001",November
283531,34in Ultrawide Monitor,1,379.99,2019-11-23 11:52:00,"162 6th St, Atlanta, GA 30301",November
289461,34in Ultrawide Monitor,1,379.99,2019-11-15 08:14:00,"526 Jefferson St, New York City, NY 10001",November
292074,34in Ultrawide Monitor,1,379.99,2019-11-03 14:36:00,"330 Highland St, San Francisco, CA 94016",November
282435,34in Ultrawide Monitor,1,379.99,2019-11-03 13:13:00,"7 5th St, Boston, MA 02215",November
283556,34in Ultrawide Monitor,1,379.99,2019-11-30 16:43:00,"228 Center St, Dallas, TX 75001",November
283665,34in Ultrawide Monitor,1,379.99,2019-11-20 20:24:00,"421 Hill St, Los Angeles, CA 90001",November
292226,34in Ultrawide Monitor,1,379.99,2019-11-06 19:31:00,"598 Dogwood St, Seattle, WA 98101",November
281293,34in Ultrawide Monitor,1,379.99,2019-11-09 10:55:00,"609 West St, San Francisco, CA 94016",November
285450,34in Ultrawide Monitor,1,379.99,2019-11-16 18:25:00,"483 Wilson St, Portland, OR 97035",November
280135,34in Ultrawide Monitor,1,379.99,2019-11-27 16:21:00,"985 Walnut St, Los Angeles, CA 90001",November
280820,34in Ultrawide Monitor,1,379.99,2019-11-20 21:06:00,"490 Johnson St, New York City, NY 10001",November
282719,34in Ultrawide Monitor,1,379.99,2019-11-02 17:32:00,"577 Hill St, San Francisco, CA 94016",November
286246,34in Ultrawide Monitor,1,379.99,2019-11-03 20:16:00,"544 Lake St, New York City, NY 10001",November
281298,34in Ultrawide Monitor,1,379.99,2019-11-07 08:13:00,"46 Jefferson St, Austin, TX 73301",November
285388,34in Ultrawide Monitor,1,379.99,2019-11-27 13:26:00,"531 Madison St, San Francisco, CA 94016",November
292951,34in Ultrawide Monitor,1,379.99,2019-11-27 19:57:00,"861 8th St, San Francisco, CA 94016",November
278847,34in Ultrawide Monitor,1,379.99,2019-11-12 13:52:00,"903 Madison St, Boston, MA 02215",November
288640,34in Ultrawide Monitor,1,379.99,2019-11-07 05:41:00,"173 Forest St, Portland, OR 97035",November
289099,34in Ultrawide Monitor,1,379.99,2019-11-25 19:27:00,"636 North St, San Francisco, CA 94016",November
289915,34in Ultrawide Monitor,1,379.99,2019-11-13 15:04:00,"812 Main St, Los Angeles, CA 90001",November
289974,34in Ultrawide Monitor,1,379.99,2019-11-12 07:18:00,"436 Madison St, San Francisco, CA 94016",November
286736,34in Ultrawide Monitor,1,379.99,2019-11-11 13:51:00,"173 Park St, San Francisco, CA 94016",November
288343,34in Ultrawide Monitor,1,379.99,2019-11-10 17:58:00,"534 1st St, Los Angeles, CA 90001",November
293248,34in Ultrawide Monitor,1,379.99,2019-11-13 15:34:00,"322 Center St, Los Angeles, CA 90001",November
293493,34in Ultrawide Monitor,1,379.99,2019-11-19 15:50:00,"582 Chestnut St, Atlanta, GA 30301",November
280643,34in Ultrawide Monitor,1,379.99,2019-11-29 15:21:00,"304 Adams St, San Francisco, CA 94016",November
285571,34in Ultrawide Monitor,2,379.99,2019-11-30 13:02:00,"683 Highland St, Atlanta, GA 30301",November
284992,34in Ultrawide Monitor,1,379.99,2019-11-04 00:31:00,"805 Center St, Boston, MA 02215",November
286411,34in Ultrawide Monitor,1,379.99,2019-11-27 23:34:00,"621 Hill St, San Francisco, CA 94016",November
282875,34in Ultrawide Monitor,1,379.99,2019-11-04 11:59:00,"515 8th St, Los Angeles, CA 90001",November
280672,34in Ultrawide Monitor,1,379.99,2019-11-01 13:41:00,"775 West St, Boston, MA 02215",November
288636,34in Ultrawide Monitor,1,379.99,2019-11-11 21:22:00,"92 Sunset St, San Francisco, CA 94016",November
295058,34in Ultrawide Monitor,1,379.99,2019-11-11 12:29:00,"149 7th St, San Francisco, CA 94016",November
287846,34in Ultrawide Monitor,1,379.99,2019-11-26 16:03:00,"94 Chestnut St, Los Angeles, CA 90001",November
281438,34in Ultrawide Monitor,1,379.99,2019-11-15 07:42:00,"543 Maple St, New York City, NY 10001",November
284898,34in Ultrawide Monitor,1,379.99,2019-11-18 22:13:00,"838 River St, Los Angeles, CA 90001",November
280659,34in Ultrawide Monitor,1,379.99,2019-11-19 08:28:00,"472 Madison St, Los Angeles, CA 90001",November
281086,34in Ultrawide Monitor,1,379.99,2019-11-16 18:27:00,"943 1st St, San Francisco, CA 94016",November
287819,34in Ultrawide Monitor,1,379.99,2019-11-18 08:22:00,"65 11th St, Portland, OR 97035",November
294065,34in Ultrawide Monitor,1,379.99,2019-11-14 20:42:00,"780 West St, Austin, TX 73301",November
287732,34in Ultrawide Monitor,1,379.99,2019-11-08 21:39:00,"414 Walnut St, San Francisco, CA 94016",November
279578,34in Ultrawide Monitor,1,379.99,2019-11-10 21:03:00,"928 Hill St, San Francisco, CA 94016",November
287818,34in Ultrawide Monitor,1,379.99,2019-11-01 19:27:00,"774 7th St, Portland, ME 04101",November
280034,34in Ultrawide Monitor,1,379.99,2019-11-28 23:10:00,"324 Lakeview St, New York City, NY 10001",November
288627,34in Ultrawide Monitor,1,379.99,2019-11-28 11:39:00,"626 Maple St, San Francisco, CA 94016",November
288777,34in Ultrawide Monitor,1,379.99,2019-11-01 19:04:00,"445 Lake St, New York City, NY 10001",November
289512,34in Ultrawide Monitor,1,379.99,2019-11-08 07:39:00,"416 1st St, San Francisco, CA 94016",November
292077,34in Ultrawide Monitor,1,379.99,2019-11-02 11:41:00,"527 5th St, Los Angeles, CA 90001",November
292243,34in Ultrawide Monitor,1,379.99,2019-11-17 23:31:00,"769 Jefferson St, Seattle, WA 98101",November
282866,34in Ultrawide Monitor,1,379.99,2019-11-01 11:57:00,"924 14th St, New York City, NY 10001",November
283177,34in Ultrawide Monitor,1,379.99,2019-11-27 10:05:00,"440 11th St, Los Angeles, CA 90001",November
279980,34in Ultrawide Monitor,1,379.99,2019-11-24 19:19:00,"564 Jefferson St, Seattle, WA 98101",November
289330,34in Ultrawide Monitor,1,379.99,2019-11-04 17:35:00,"492 Elm St, Boston, MA 02215",November
279074,34in Ultrawide Monitor,1,379.99,2019-11-15 12:43:00,"602 Hickory St, Los Angeles, CA 90001",November
280155,34in Ultrawide Monitor,1,379.99,2019-11-23 15:29:00,"134 2nd St, Portland, OR 97035",November
284129,34in Ultrawide Monitor,1,379.99,2019-11-12 09:45:00,"133 Johnson St, Dallas, TX 75001",November
285833,34in Ultrawide Monitor,1,379.99,2019-11-20 14:17:00,"857 Center St, New York City, NY 10001",November
287289,34in Ultrawide Monitor,1,379.99,2019-11-11 13:33:00,"436 Walnut St, Atlanta, GA 30301",November
291231,34in Ultrawide Monitor,1,379.99,2019-11-11 22:06:00,"751 Meadow St, New York City, NY 10001",November
291947,34in Ultrawide Monitor,1,379.99,2019-11-16 02:20:00,"627 North St, New York City, NY 10001",November
288803,34in Ultrawide Monitor,1,379.99,2019-11-04 20:47:00,"735 Ridge St, Boston, MA 02215",November
293097,34in Ultrawide Monitor,1,379.99,2019-11-08 12:11:00,"196 Main St, San Francisco, CA 94016",November
293250,34in Ultrawide Monitor,1,379.99,2019-11-15 23:34:00,"17 Forest St, Portland, OR 97035",November
295475,34in Ultrawide Monitor,1,379.99,2019-11-12 09:38:00,"138 Cherry St, San Francisco, CA 94016",November
283500,34in Ultrawide Monitor,1,379.99,2019-11-06 12:46:00,"506 North St, Seattle, WA 98101",November
283820,34in Ultrawide Monitor,1,379.99,2019-11-27 13:02:00,"785 Adams St, New York City, NY 10001",November
279030,34in Ultrawide Monitor,1,379.99,2019-11-22 18:44:00,"730 4th St, New York City, NY 10001",November
294550,34in Ultrawide Monitor,1,379.99,2019-11-02 18:44:00,"261 Sunset St, San Francisco, CA 94016",November
281184,34in Ultrawide Monitor,1,379.99,2019-11-29 16:07:00,"359 14th St, New York City, NY 10001",November
283559,34in Ultrawide Monitor,1,379.99,2019-11-14 15:37:00,"886 Sunset St, Los Angeles, CA 90001",November
287454,34in Ultrawide Monitor,1,379.99,2019-11-17 14:21:00,"120 Meadow St, Boston, MA 02215",November
291353,34in Ultrawide Monitor,1,379.99,2019-11-10 14:03:00,"455 Adams St, New York City, NY 10001",November
285070,34in Ultrawide Monitor,1,379.99,2019-11-09 01:10:00,"665 11th St, San Francisco, CA 94016",November
287901,34in Ultrawide Monitor,1,379.99,2019-11-19 15:28:00,"606 2nd St, San Francisco, CA 94016",November
297700,34in Ultrawide Monitor,1,379.99,2019-12-29 15:51:00,"486 Chestnut St, San Francisco, CA 94016",December
306633,34in Ultrawide Monitor,1,379.99,2019-12-10 13:25:00,"318 Willow St, San Francisco, CA 94016",December
299275,34in Ultrawide Monitor,1,379.99,2019-12-08 06:23:00,"888 Meadow St, Austin, TX 73301",December
309012,34in Ultrawide Monitor,1,379.99,2019-12-20 15:21:00,"397 Ridge St, San Francisco, CA 94016",December
309675,34in Ultrawide Monitor,1,379.99,2019-12-30 14:23:00,"638 10th St, New York City, NY 10001",December
298323,34in Ultrawide Monitor,1,379.99,2019-12-18 12:38:00,"221 Madison St, Portland, OR 97035",December
301080,34in Ultrawide Monitor,1,379.99,2019-12-01 22:02:00,"562 Elm St, Los Angeles, CA 90001",December
310947,34in Ultrawide Monitor,1,379.99,2019-12-15 15:54:00,"847 Pine St, Los Angeles, CA 90001",December
315179,34in Ultrawide Monitor,1,379.99,2019-12-12 22:13:00,"344 Main St, New York City, NY 10001",December
318237,34in Ultrawide Monitor,1,379.99,2019-12-26 18:36:00,"864 9th St, San Francisco, CA 94016",December
309249,34in Ultrawide Monitor,1,379.99,2019-12-12 01:11:00,"105 Meadow St, San Francisco, CA 94016",December
316606,34in Ultrawide Monitor,1,379.99,2019-12-19 16:46:00,"590 12th St, Atlanta, GA 30301",December
303985,34in Ultrawide Monitor,1,379.99,2019-12-13 13:34:00,"238 Forest St, San Francisco, CA 94016",December
309547,34in Ultrawide Monitor,1,379.99,2019-12-27 21:20:00,"490 Jackson St, Dallas, TX 75001",December
316085,34in Ultrawide Monitor,1,379.99,2019-12-07 06:57:00,"738 Forest St, Austin, TX 73301",December
310456,34in Ultrawide Monitor,1,379.99,2019-12-20 16:59:00,"128 5th St, Portland, OR 97035",December
305265,34in Ultrawide Monitor,1,379.99,2019-12-15 13:10:00,"178 Elm St, Atlanta, GA 30301",December
309132,34in Ultrawide Monitor,1,379.99,2019-12-13 09:46:00,"765 Johnson St, Boston, MA 02215",December
313095,34in Ultrawide Monitor,1,379.99,2019-12-05 19:40:00,"752 Highland St, Boston, MA 02215",December
296729,34in Ultrawide Monitor,1,379.99,2019-12-07 00:54:00,"429 Walnut St, Dallas, TX 75001",December
176754,34in Ultrawide Monitor,1,379.99,2019-04-02 17:07:00,"288 Forest St, Los Angeles, CA 90001",April
215979,34in Ultrawide Monitor,1,379.99,2019-06-29 22:18:00,"879 4th St, Boston, MA 02215",June
226321,34in Ultrawide Monitor,1,379.99,2019-07-08 14:18:00,"424 Highland St, San Francisco, CA 94016",July
237642,34in Ultrawide Monitor,1,379.99,2019-08-13 12:54:00,"542 11th St, Los Angeles, CA 90001",August
245818,34in Ultrawide Monitor,1,379.99,2019-08-22 20:21:00,"239 4th St, Los Angeles, CA 90001",August
243857,34in Ultrawide Monitor,1,379.99,2019-08-09 19:58:00,"51 Church St, San Francisco, CA 94016",August
251295,34in Ultrawide Monitor,1,379.99,2019-09-05 15:11:00,"63 Wilson St, San Francisco, CA 94016",September
295604,34in Ultrawide Monitor,1,379.99,2019-11-10 21:14:00,"655 Walnut St, Los Angeles, CA 90001",November
291069,34in Ultrawide Monitor,1,379.99,2019-11-08 23:01:00,"462 Spruce St, Atlanta, GA 30301",November
291418,34in Ultrawide Monitor,1,379.99,2019-11-06 11:28:00,"326 Johnson St, New York City, NY 10001",November
293649,34in Ultrawide Monitor,1,379.99,2019-11-07 21:40:00,"713 Washington St, New York City, NY 10001",November
284639,34in Ultrawide Monitor,1,379.99,2019-11-19 22:47:00,"466 14th St, Portland, ME 04101",November
295550,34in Ultrawide Monitor,1,379.99,2019-11-07 16:00:00,"71 Elm St, Boston, MA 02215",November
303206,34in Ultrawide Monitor,1,379.99,2019-12-11 08:27:00,"660 Park St, Boston, MA 02215",December
318017,34in Ultrawide Monitor,1,379.99,2019-12-04 15:16:00,"45 4th St, Boston, MA 02215",December
305644,34in Ultrawide Monitor,1,379.99,2019-12-19 10:58:00,"694 Lake St, Dallas, TX 75001",December
314112,34in Ultrawide Monitor,1,379.99,2019-12-01 12:51:00,"833 Main St, San Francisco, CA 94016",December
316100,34in Ultrawide Monitor,1,379.99,2019-12-11 16:11:00,"72 West St, New York City, NY 10001",December
300058,34in Ultrawide Monitor,1,379.99,2019-12-12 04:12:00,"255 Washington St, Los Angeles, CA 90001",December
301072,34in Ultrawide Monitor,1,379.99,2019-12-27 01:32:00,"22 Willow St, San Francisco, CA 94016",December
304875,34in Ultrawide Monitor,1,379.99,2019-12-12 00:49:00,"844 13th St, San Francisco, CA 94016",December
305025,34in Ultrawide Monitor,1,379.99,2019-12-16 14:07:00,"961 Adams St, Portland, OR 97035",December
307843,34in Ultrawide Monitor,1,379.99,2019-12-11 07:44:00,"910 Elm St, New York City, NY 10001",December
310146,34in Ultrawide Monitor,1,379.99,2019-12-04 18:26:00,"947 Hickory St, New York City, NY 10001",December
313639,34in Ultrawide Monitor,1,379.99,2019-12-08 18:48:00,"8 Center St, San Francisco, CA 94016",December
317239,34in Ultrawide Monitor,1,379.99,2019-12-09 09:15:00,"204 Johnson St, Boston, MA 02215",December
317950,34in Ultrawide Monitor,1,379.99,2019-12-28 18:59:00,"849 14th St, San Francisco, CA 94016",December
297065,34in Ultrawide Monitor,1,379.99,2019-12-01 17:38:00,"3 North St, Boston, MA 02215",December
297836,34in Ultrawide Monitor,1,379.99,2019-12-30 09:37:00,"267 6th St, Los Angeles, CA 90001",December
310479,34in Ultrawide Monitor,1,379.99,2019-12-22 11:28:00,"772 Center St, Boston, MA 02215",December
310484,34in Ultrawide Monitor,1,379.99,2019-12-05 08:17:00,"91 Maple St, Los Angeles, CA 90001",December
313072,34in Ultrawide Monitor,1,379.99,2019-12-15 12:26:00,"196 Main St, Seattle, WA 98101",December
302777,34in Ultrawide Monitor,1,379.99,2019-12-18 00:41:00,"760 Pine St, New York City, NY 10001",December
305318,34in Ultrawide Monitor,1,379.99,2019-12-29 18:19:00,"863 12th St, New York City, NY 10001",December
316053,34in Ultrawide Monitor,1,379.99,2019-12-10 00:17:00,"758 11th St, Atlanta, GA 30301",December
296112,34in Ultrawide Monitor,1,379.99,2019-12-11 20:51:00,"814 Walnut St, Los Angeles, CA 90001",December
296385,34in Ultrawide Monitor,1,379.99,2019-12-27 13:40:00,"120 Center St, Portland, OR 97035",December
304695,34in Ultrawide Monitor,1,379.99,2019-12-18 21:52:00,"438 12th St, San Francisco, CA 94016",December
304772,34in Ultrawide Monitor,1,379.99,2019-12-08 17:19:00,"803 Dogwood St, Boston, MA 02215",December
309179,34in Ultrawide Monitor,1,379.99,2019-12-27 06:46:00,"473 Lakeview St, San Francisco, CA 94016",December
302368,34in Ultrawide Monitor,1,379.99,2019-12-07 00:00:00,"482 6th St, Boston, MA 02215",December
305022,34in Ultrawide Monitor,1,379.99,2019-12-25 15:54:00,"652 Adams St, San Francisco, CA 94016",December
306903,34in Ultrawide Monitor,1,379.99,2019-12-26 17:15:00,"639 Hickory St, Boston, MA 02215",December
309592,34in Ultrawide Monitor,1,379.99,2019-12-03 20:04:00,"43 Main St, San Francisco, CA 94016",December
319347,34in Ultrawide Monitor,1,379.99,2019-12-28 20:02:00,"81 Lake St, Atlanta, GA 30301",December
299867,34in Ultrawide Monitor,1,379.99,2019-12-01 22:55:00,"126 9th St, Boston, MA 02215",December
303728,34in Ultrawide Monitor,1,379.99,2019-12-24 11:56:00,"233 8th St, New York City, NY 10001",December
310236,34in Ultrawide Monitor,1,379.99,2019-12-01 16:20:00,"790 Spruce St, Atlanta, GA 30301",December
304730,34in Ultrawide Monitor,1,379.99,2019-12-20 19:40:00,"454 Forest St, San Francisco, CA 94016",December
307732,34in Ultrawide Monitor,1,379.99,2019-12-20 00:46:00,"963 Lake St, San Francisco, CA 94016",December
309765,34in Ultrawide Monitor,1,379.99,2019-12-27 11:40:00,"4 Washington St, Portland, OR 97035",December
315062,34in Ultrawide Monitor,1,379.99,2019-12-21 17:17:00,"182 Cherry St, Los Angeles, CA 90001",December
316028,34in Ultrawide Monitor,1,379.99,2019-12-15 17:59:00,"127 9th St, Boston, MA 02215",December
298874,34in Ultrawide Monitor,1,379.99,2019-12-31 00:00:00,"534 Main St, Los Angeles, CA 90001",December
303916,34in Ultrawide Monitor,1,379.99,2019-12-24 06:54:00,"761 7th St, Dallas, TX 75001",December
310054,34in Ultrawide Monitor,1,379.99,2019-12-25 10:19:00,"394 North St, Boston, MA 02215",December
315129,34in Ultrawide Monitor,1,379.99,2019-12-31 21:42:00,"675 Dogwood St, San Francisco, CA 94016",December
314217,34in Ultrawide Monitor,1,379.99,2019-12-05 22:44:00,"223 1st St, San Francisco, CA 94016",December
295721,34in Ultrawide Monitor,1,379.99,2019-12-08 18:22:00,"915 1st St, Seattle, WA 98101",December
297354,34in Ultrawide Monitor,1,379.99,2019-12-28 12:40:00,"409 Sunset St, New York City, NY 10001",December
319388,34in Ultrawide Monitor,1,379.99,2019-12-13 17:55:00,"329 Chestnut St, Los Angeles, CA 90001",December
298926,34in Ultrawide Monitor,1,379.99,2019-12-12 12:50:00,"355 Forest St, Boston, MA 02215",December
306314,34in Ultrawide Monitor,1,379.99,2019-12-17 11:58:00,"576 Jefferson St, Atlanta, GA 30301",December
310615,34in Ultrawide Monitor,1,379.99,2019-12-07 20:12:00,"828 South St, San Francisco, CA 94016",December
316030,34in Ultrawide Monitor,1,379.99,2019-12-10 19:46:00,"695 Jefferson St, San Francisco, CA 94016",December
316478,34in Ultrawide Monitor,1,379.99,2019-12-27 21:33:00,"924 South St, Los Angeles, CA 90001",December
317274,34in Ultrawide Monitor,1,379.99,2019-12-26 01:26:00,"487 Walnut St, New York City, NY 10001",December
299471,34in Ultrawide Monitor,1,379.99,2019-12-28 12:46:00,"112 Spruce St, Los Angeles, CA 90001",December
304051,34in Ultrawide Monitor,1,379.99,2019-12-08 19:44:00,"602 West St, San Francisco, CA 94016",December
305113,34in Ultrawide Monitor,1,379.99,2019-12-06 14:39:00,"172 1st St, New York City, NY 10001",December
300237,34in Ultrawide Monitor,1,379.99,2019-12-05 07:44:00,"321 Church St, San Francisco, CA 94016",December
301667,34in Ultrawide Monitor,1,379.99,2019-12-23 15:45:00,"790 Sunset St, San Francisco, CA 94016",December
302146,34in Ultrawide Monitor,1,379.99,2019-12-14 10:45:00,"427 13th St, Dallas, TX 75001",December
310185,34in Ultrawide Monitor,1,379.99,2019-12-08 13:36:00,"469 Dogwood St, Los Angeles, CA 90001",December
315718,34in Ultrawide Monitor,1,379.99,2019-12-13 19:35:00,"571 9th St, Dallas, TX 75001",December
309628,34in Ultrawide Monitor,1,379.99,2019-12-18 18:05:00,"842 6th St, San Francisco, CA 94016",December
311254,34in Ultrawide Monitor,1,379.99,2019-12-25 17:19:00,"809 11th St, Boston, MA 02215",December
312382,34in Ultrawide Monitor,1,379.99,2019-12-29 09:53:00,"349 Willow St, Los Angeles, CA 90001",December
315039,34in Ultrawide Monitor,1,379.99,2019-12-10 10:54:00,"330 4th St, New York City, NY 10001",December
316352,34in Ultrawide Monitor,1,379.99,2019-12-30 10:05:00,"907 Center St, Dallas, TX 75001",December
304021,34in Ultrawide Monitor,1,379.99,2019-12-23 22:13:00,"721 Meadow St, Austin, TX 73301",December
304776,34in Ultrawide Monitor,1,379.99,2019-12-08 15:00:00,"957 Sunset St, San Francisco, CA 94016",December
305887,34in Ultrawide Monitor,1,379.99,2019-12-31 10:43:00,"265 Spruce St, Portland, OR 97035",December
310332,34in Ultrawide Monitor,1,379.99,2019-12-25 17:53:00,"424 Maple St, Boston, MA 02215",December
302309,34in Ultrawide Monitor,1,379.99,2019-12-19 10:33:00,"649 10th St, New York City, NY 10001",December
305224,34in Ultrawide Monitor,1,379.99,2019-12-24 13:29:00,"661 Ridge St, New York City, NY 10001",December
309965,34in Ultrawide Monitor,1,379.99,2019-12-24 14:21:00,"391 Sunset St, Seattle, WA 98101",December
304604,34in Ultrawide Monitor,1,379.99,2019-12-30 13:50:00,"737 11th St, Austin, TX 73301",December
306945,34in Ultrawide Monitor,1,379.99,2019-12-08 12:35:00,"401 9th St, Seattle, WA 98101",December
313593,34in Ultrawide Monitor,1,379.99,2019-12-08 15:17:00,"888 Hill St, Seattle, WA 98101",December
299432,34in Ultrawide Monitor,1,379.99,2019-12-27 15:52:00,"886 5th St, Portland, OR 97035",December
312173,34in Ultrawide Monitor,1,379.99,2019-12-26 17:13:00,"272 Wilson St, Dallas, TX 75001",December
312577,34in Ultrawide Monitor,1,379.99,2019-12-14 10:38:00,"697 Park St, New York City, NY 10001",December
315805,34in Ultrawide Monitor,1,379.99,2019-12-07 00:18:00,"646 North St, Los Angeles, CA 90001",December
317063,34in Ultrawide Monitor,1,379.99,2019-12-05 21:02:00,"509 14th St, Los Angeles, CA 90001",December
295753,34in Ultrawide Monitor,1,379.99,2019-12-25 06:26:00,"365 Washington St, Dallas, TX 75001",December
295782,34in Ultrawide Monitor,1,379.99,2019-12-19 20:06:00,"544 South St, Dallas, TX 75001",December
296291,34in Ultrawide Monitor,1,379.99,2019-12-24 12:31:00,"885 Ridge St, Atlanta, GA 30301",December
296880,34in Ultrawide Monitor,1,379.99,2019-12-15 13:46:00,"501 12th St, Atlanta, GA 30301",December
298415,34in Ultrawide Monitor,1,379.99,2019-12-22 16:45:00,"613 Dogwood St, Boston, MA 02215",December
301095,34in Ultrawide Monitor,1,379.99,2019-12-19 06:47:00,"946 Forest St, Los Angeles, CA 90001",December
302173,34in Ultrawide Monitor,1,379.99,2019-12-26 18:59:00,"968 Dogwood St, San Francisco, CA 94016",December
302479,34in Ultrawide Monitor,1,379.99,2019-12-03 15:54:00,"186 North St, Atlanta, GA 30301",December
307877,34in Ultrawide Monitor,1,379.99,2019-12-17 21:24:00,"125 Ridge St, Atlanta, GA 30301",December
308972,34in Ultrawide Monitor,1,379.99,2019-12-10 18:50:00,"344 Church St, San Francisco, CA 94016",December
296809,34in Ultrawide Monitor,1,379.99,2019-12-26 11:31:00,"757 Dogwood St, Seattle, WA 98101",December
298882,34in Ultrawide Monitor,1,379.99,2019-12-03 07:53:00,"862 Forest St, Los Angeles, CA 90001",December
299348,34in Ultrawide Monitor,1,379.99,2019-12-20 06:15:00,"170 Washington St, New York City, NY 10001",December
300994,34in Ultrawide Monitor,1,379.99,2019-12-23 10:06:00,"720 Lincoln St, Boston, MA 02215",December
303760,34in Ultrawide Monitor,1,379.99,2019-12-22 14:49:00,"925 13th St, Atlanta, GA 30301",December
306622,34in Ultrawide Monitor,1,379.99,2019-12-31 17:05:00,"912 13th St, Boston, MA 02215",December
312534,34in Ultrawide Monitor,1,379.99,2019-12-17 20:46:00,"688 14th St, Boston, MA 02215",December
304704,34in Ultrawide Monitor,1,379.99,2019-12-10 23:47:00,"706 1st St, San Francisco, CA 94016",December
309159,34in Ultrawide Monitor,1,379.99,2019-12-25 21:02:00,"529 Elm St, San Francisco, CA 94016",December
299160,34in Ultrawide Monitor,1,379.99,2019-12-03 23:05:00,"912 Pine St, Los Angeles, CA 90001",December
303397,34in Ultrawide Monitor,1,379.99,2019-12-22 17:02:00,"250 Jackson St, Los Angeles, CA 90001",December
311151,34in Ultrawide Monitor,1,379.99,2019-12-07 08:13:00,"448 South St, Austin, TX 73301",December
313393,34in Ultrawide Monitor,1,379.99,2019-12-19 05:26:00,"513 Lincoln St, San Francisco, CA 94016",December
313837,34in Ultrawide Monitor,1,379.99,2019-12-12 12:29:00,"578 Madison St, Boston, MA 02215",December
319646,34in Ultrawide Monitor,1,379.99,2019-12-20 09:38:00,"52 Dogwood St, Atlanta, GA 30301",December
296463,34in Ultrawide Monitor,1,379.99,2019-12-01 10:46:00,"348 Lakeview St, Dallas, TX 75001",December
300928,34in Ultrawide Monitor,1,379.99,2019-12-24 19:15:00,"207 Maple St, Atlanta, GA 30301",December
309178,34in Ultrawide Monitor,1,379.99,2019-12-30 08:56:00,"29 2nd St, Los Angeles, CA 90001",December
310542,34in Ultrawide Monitor,1,379.99,2019-12-01 11:28:00,"195 9th St, New York City, NY 10001",December
311206,34in Ultrawide Monitor,1,379.99,2019-12-26 14:05:00,"617 North St, Austin, TX 73301",December
312901,34in Ultrawide Monitor,1,379.99,2019-12-09 17:40:00,"68 11th St, San Francisco, CA 94016",December
313044,34in Ultrawide Monitor,1,379.99,2019-12-12 11:48:00,"992 Hickory St, Los Angeles, CA 90001",December
313129,34in Ultrawide Monitor,1,379.99,2019-12-13 19:01:00,"62 Spruce St, Portland, ME 04101",December
317249,34in Ultrawide Monitor,1,379.99,2019-12-20 17:35:00,"894 8th St, New York City, NY 10001",December
302465,34in Ultrawide Monitor,1,379.99,2019-12-07 01:58:00,"821 Lake St, Portland, OR 97035",December
304802,34in Ultrawide Monitor,1,379.99,2019-12-27 13:14:00,"569 Lake St, Los Angeles, CA 90001",December
304853,34in Ultrawide Monitor,1,379.99,2019-12-01 19:26:00,"352 7th St, San Francisco, CA 94016",December
308176,34in Ultrawide Monitor,1,379.99,2019-12-14 00:13:00,"13 Ridge St, Portland, OR 97035",December
311262,34in Ultrawide Monitor,1,379.99,2019-12-07 17:08:00,"936 Wilson St, Austin, TX 73301",December
311978,34in Ultrawide Monitor,1,379.99,2019-12-05 12:15:00,"635 5th St, San Francisco, CA 94016",December
312234,34in Ultrawide Monitor,1,379.99,2019-12-11 11:50:00,"851 Church St, New York City, NY 10001",December
314648,34in Ultrawide Monitor,1,379.99,2019-12-08 18:30:00,"115 Maple St, Dallas, TX 75001",December
314987,34in Ultrawide Monitor,1,379.99,2019-12-18 22:29:00,"559 Main St, San Francisco, CA 94016",December
315858,34in Ultrawide Monitor,1,379.99,2019-12-05 11:53:00,"687 Jefferson St, Atlanta, GA 30301",December
316988,34in Ultrawide Monitor,1,379.99,2019-12-22 20:07:00,"407 Lincoln St, New York City, NY 10001",December
297139,34in Ultrawide Monitor,1,379.99,2019-12-28 13:46:00,"918 6th St, New York City, NY 10001",December
303906,34in Ultrawide Monitor,1,379.99,2019-12-24 18:22:00,"186 14th St, Los Angeles, CA 90001",December
306011,34in Ultrawide Monitor,1,379.99,2019-12-26 19:17:00,"640 4th St, Austin, TX 73301",December
311600,34in Ultrawide Monitor,1,379.99,2019-12-25 13:59:00,"789 9th St, Portland, OR 97035",December
314881,34in Ultrawide Monitor,1,379.99,2019-12-19 05:58:00,"398 8th St, Austin, TX 73301",December
316015,34in Ultrawide Monitor,1,379.99,2019-12-15 21:23:00,"945 Center St, Dallas, TX 75001",December
