Order ID,Product,Quantity Ordered,Price Each,Order Date,Purchase Address,Month
142105,ThinkPad Laptop,1,999.99,2019-01-31 13:34:00,"306 14th St, Portland, OR 97035",January
147927,ThinkPad Laptop,1,999.99,2019-01-11 01:36:00,"712 Elm St, Los Angeles, CA 90001",January
149585,ThinkPad Laptop,1,999.99,2019-01-20 18:09:00,"553 Ridge St, Los Angeles, CA 90001",January
143855,ThinkPad Laptop,1,999.99,2019-01-05 00:05:00,"222 Church St, San Francisco, CA 94016",January
148787,ThinkPad Laptop,1,999.99,2019-01-22 20:18:00,"78 Hill St, Atlanta, GA 30301",January
145420,ThinkPad Laptop,1,999.99,2019-01-02 23:34:00,"483 Hickory St, New York City, NY 10001",January
147207,ThinkPad Laptop,1,999.99,2019-01-06 11:02:00,"425 Lakeview St, San Francisco, CA 94016",January
141399,ThinkPad Laptop,1,999.99,2019-01-17 09:57:00,"830 Walnut St, Atlanta, GA 30301",January
143664,ThinkPad Laptop,1,999.99,2019-01-19 15:44:00,"927 4th St, Portland, OR 97035",January
143466,ThinkPad Laptop,1,999.99,2019-01-12 20:27:00,"140 Chestnut St, San Francisco, CA 94016",January
147026,ThinkPad Laptop,1,999.99,2019-01-04 13:04:00,"878 Center St, Los Angeles, CA 90001",January
150478,ThinkPad Laptop,1,999.99,2019-01-30 20:05:00,"539 Elm St, Los Angeles, CA 90001",January
147105,ThinkPad Laptop,1,999.99,2019-01-02 15:47:00,"745 Highland St, Los Angeles, CA 90001",January
146723,ThinkPad Laptop,1,999.99,2019-01-14 22:42:00,"100 Sunset St, Atlanta, GA 30301",January
143759,ThinkPad Laptop,1,999.99,2019-01-12 14:41:00,"119 Jefferson St, Seattle, WA 98101",January
147672,ThinkPad Laptop,1,999.99,2019-01-11 09:00:00,"49 8th St, Los Angeles, CA 90001",January
148359,ThinkPad Laptop,1,999.99,2019-01-30 23:57:00,"856 Johnson St, Los Angeles, CA 90001",January
145554,ThinkPad Laptop,1,999.99,2019-01-21 11:58:00,"467 2nd St, Boston, MA 02215",January
145888,ThinkPad Laptop,1,999.99,2019-01-25 19:55:00,"245 Highland St, San Francisco, CA 94016",January
148190,ThinkPad Laptop,1,999.99,2019-01-10 15:11:00,"79 Madison St, San Francisco, CA 94016",January
149468,ThinkPad Laptop,1,999.99,2019-01-04 17:41:00,"736 2nd St, Dallas, TX 75001",January
145831,ThinkPad Laptop,1,999.99,2019-01-19 17:08:00,"687 Highland St, Portland, ME 04101",January
146759,ThinkPad Laptop,1,999.99,2019-01-25 16:06:00,"971 13th St, Seattle, WA 98101",January
146807,ThinkPad Laptop,1,999.99,2019-01-15 20:11:00,"198 11th St, Dallas, TX 75001",January
143160,ThinkPad Laptop,1,999.99,2019-01-28 09:07:00,"887 Pine St, Boston, MA 02215",January
145939,ThinkPad Laptop,1,999.99,2019-01-09 22:42:00,"677 Chestnut St, Seattle, WA 98101",January
155815,ThinkPad Laptop,1,999.99,2019-02-28 16:53:00,"468 North St, San Francisco, CA 94016",February
156533,ThinkPad Laptop,1,999.99,2019-02-02 10:58:00,"657 11th St, Atlanta, GA 30301",February
150664,ThinkPad Laptop,1,999.99,2019-02-06 15:58:00,"928 14th St, Dallas, TX 75001",February
151375,ThinkPad Laptop,1,999.99,2019-02-25 11:01:00,"398 Washington St, New York City, NY 10001",February
153888,ThinkPad Laptop,1,999.99,2019-02-09 18:12:00,"216 Park St, San Francisco, CA 94016",February
157254,ThinkPad Laptop,1,999.99,2019-02-15 17:11:00,"265 Hickory St, Los Angeles, CA 90001",February
155120,ThinkPad Laptop,1,999.99,2019-02-04 14:03:00,"833 Madison St, Los Angeles, CA 90001",February
156677,ThinkPad Laptop,1,999.99,2019-02-10 17:44:00,"253 11th St, Los Angeles, CA 90001",February
154016,ThinkPad Laptop,1,999.99,2019-02-21 17:24:00,"475 Cedar St, Atlanta, GA 30301",February
155084,ThinkPad Laptop,1,999.99,2019-02-13 19:29:00,"729 Ridge St, New York City, NY 10001",February
157496,ThinkPad Laptop,1,999.99,2019-02-08 09:51:00,"580 Main St, New York City, NY 10001",February
152742,ThinkPad Laptop,1,999.99,2019-02-13 08:00:00,"641 13th St, Atlanta, GA 30301",February
150893,ThinkPad Laptop,1,999.99,2019-02-10 07:33:00,"774 5th St, Portland, OR 97035",February
156055,ThinkPad Laptop,1,999.99,2019-02-21 12:57:00,"144 Park St, San Francisco, CA 94016",February
156391,ThinkPad Laptop,1,999.99,2019-02-08 21:37:00,"275 13th St, San Francisco, CA 94016",February
154656,ThinkPad Laptop,1,999.99,2019-02-13 18:51:00,"896 13th St, Dallas, TX 75001",February
153525,ThinkPad Laptop,1,999.99,2019-02-14 11:58:00,"751 Forest St, San Francisco, CA 94016",February
157975,ThinkPad Laptop,1,999.99,2019-02-16 05:29:00,"61 Lakeview St, Los Angeles, CA 90001",February
153384,ThinkPad Laptop,1,999.99,2019-02-23 17:57:00,"187 Ridge St, San Francisco, CA 94016",February
153812,ThinkPad Laptop,1,999.99,2019-02-08 19:11:00,"653 Johnson St, San Francisco, CA 94016",February
158865,ThinkPad Laptop,1,999.99,2019-02-27 17:32:00,"829 Lake St, Los Angeles, CA 90001",February
159921,ThinkPad Laptop,1,999.99,2019-02-03 03:01:00,"794 Lake St, Los Angeles, CA 90001",February
153780,ThinkPad Laptop,1,999.99,2019-02-13 14:50:00,"600 Highland St, San Francisco, CA 94016",February
155129,ThinkPad Laptop,1,999.99,2019-02-18 23:28:00,"911 Sunset St, San Francisco, CA 94016",February
156171,ThinkPad Laptop,1,999.99,2019-02-23 18:56:00,"446 Pine St, Seattle, WA 98101",February
161954,ThinkPad Laptop,1,999.99,2019-02-06 13:32:00,"972 9th St, Portland, ME 04101",February
158111,ThinkPad Laptop,1,999.99,2019-02-14 08:01:00,"756 10th St, San Francisco, CA 94016",February
151921,ThinkPad Laptop,1,999.99,2019-02-06 15:07:00,"109 Jefferson St, Boston, MA 02215",February
152951,ThinkPad Laptop,1,999.99,2019-02-06 21:21:00,"426 Washington St, San Francisco, CA 94016",February
153073,ThinkPad Laptop,1,999.99,2019-02-08 15:13:00,"102 Cherry St, Austin, TX 73301",February
155364,ThinkPad Laptop,1,999.99,2019-02-07 15:13:00,"940 Adams St, Los Angeles, CA 90001",February
159614,ThinkPad Laptop,1,999.99,2019-02-03 14:53:00,"471 Chestnut St, Boston, MA 02215",February
161684,ThinkPad Laptop,1,999.99,2019-02-25 12:40:00,"393 Lakeview St, Portland, OR 97035",February
158823,ThinkPad Laptop,1,999.99,2019-02-18 15:44:00,"609 4th St, San Francisco, CA 94016",February
160231,ThinkPad Laptop,1,999.99,2019-02-24 11:16:00,"679 6th St, San Francisco, CA 94016",February
152870,ThinkPad Laptop,1,999.99,2019-02-01 08:37:00,"841 14th St, Dallas, TX 75001",February
152699,ThinkPad Laptop,1,999.99,2019-02-06 09:45:00,"910 Elm St, Dallas, TX 75001",February
154125,ThinkPad Laptop,1,999.99,2019-02-15 23:19:00,"228 Sunset St, Seattle, WA 98101",February
156272,ThinkPad Laptop,1,999.99,2019-02-01 18:33:00,"77 Lincoln St, Boston, MA 02215",February
152756,ThinkPad Laptop,1,999.99,2019-02-21 06:29:00,"496 Adams St, Boston, MA 02215",February
152996,ThinkPad Laptop,1,999.99,2019-02-02 21:05:00,"471 5th St, New York City, NY 10001",February
154369,ThinkPad Laptop,1,999.99,2019-02-07 13:57:00,"447 8th St, Boston, MA 02215",February
159034,ThinkPad Laptop,1,999.99,2019-02-15 15:19:00,"722 1st St, Portland, OR 97035",February
152362,ThinkPad Laptop,1,999.99,2019-02-03 22:04:00,"48 South St, New York City, NY 10001",February
173030,ThinkPad Laptop,1,999.99,2019-03-28 23:56:00,"370 Madison St, Boston, MA 02215",March
175001,ThinkPad Laptop,1,999.99,2019-03-23 18:07:00,"928 9th St, San Francisco, CA 94016",March
171766,ThinkPad Laptop,1,999.99,2019-03-04 16:18:00,"382 Willow St, San Francisco, CA 94016",March
171849,ThinkPad Laptop,1,999.99,2019-03-25 13:31:00,"529 12th St, San Francisco, CA 94016",March
163656,ThinkPad Laptop,1,999.99,2019-03-16 11:42:00,"156 8th St, Atlanta, GA 30301",March
164192,ThinkPad Laptop,1,999.99,2019-03-28 20:11:00,"79 Ridge St, San Francisco, CA 94016",March
169816,ThinkPad Laptop,1,999.99,2019-03-13 10:46:00,"258 2nd St, San Francisco, CA 94016",March
168664,ThinkPad Laptop,1,999.99,2019-03-10 08:37:00,"672 Maple St, San Francisco, CA 94016",March
169774,ThinkPad Laptop,1,999.99,2019-03-15 17:11:00,"415 Cedar St, New York City, NY 10001",March
162239,ThinkPad Laptop,1,999.99,2019-03-10 19:45:00,"543 11th St, Austin, TX 73301",March
167576,ThinkPad Laptop,1,999.99,2019-03-18 19:18:00,"821 North St, New York City, NY 10001",March
173054,ThinkPad Laptop,1,999.99,2019-03-30 20:21:00,"78 Spruce St, Portland, OR 97035",March
175599,ThinkPad Laptop,1,999.99,2019-03-25 13:52:00,"482 5th St, Atlanta, GA 30301",March
167495,ThinkPad Laptop,1,999.99,2019-03-27 10:16:00,"524 Walnut St, Dallas, TX 75001",March
171679,ThinkPad Laptop,1,999.99,2019-03-09 13:15:00,"930 2nd St, Los Angeles, CA 90001",March
162308,ThinkPad Laptop,1,999.99,2019-03-18 19:25:00,"814 Church St, Portland, OR 97035",March
169560,ThinkPad Laptop,1,999.99,2019-03-12 11:56:00,"537 7th St, Los Angeles, CA 90001",March
162527,ThinkPad Laptop,1,999.99,2019-03-03 14:42:00,"775 12th St, Dallas, TX 75001",March
169919,ThinkPad Laptop,1,999.99,2019-03-16 10:36:00,"626 Lincoln St, Portland, OR 97035",March
173215,ThinkPad Laptop,1,999.99,2019-03-10 18:12:00,"815 Hill St, Atlanta, GA 30301",March
163546,ThinkPad Laptop,1,999.99,2019-03-31 20:58:00,"327 Hickory St, Dallas, TX 75001",March
166278,ThinkPad Laptop,1,999.99,2019-03-20 16:57:00,"622 Johnson St, Los Angeles, CA 90001",March
174353,ThinkPad Laptop,1,999.99,2019-03-13 20:37:00,"44 Cherry St, Los Angeles, CA 90001",March
175335,ThinkPad Laptop,1,999.99,2019-03-11 06:55:00,"279 Forest St, Los Angeles, CA 90001",March
162829,ThinkPad Laptop,1,999.99,2019-03-02 14:53:00,"743 Walnut St, Los Angeles, CA 90001",March
168936,ThinkPad Laptop,1,999.99,2019-03-18 10:31:00,"749 Madison St, Boston, MA 02215",March
173789,ThinkPad Laptop,1,999.99,2019-03-01 20:30:00,"885 13th St, Boston, MA 02215",March
175263,ThinkPad Laptop,1,999.99,2019-03-28 21:21:00,"602 River St, San Francisco, CA 94016",March
166807,ThinkPad Laptop,1,999.99,2019-03-08 09:51:00,"269 Spruce St, San Francisco, CA 94016",March
167945,ThinkPad Laptop,1,999.99,2019-03-11 06:36:00,"880 Jefferson St, Boston, MA 02215",March
172052,ThinkPad Laptop,1,999.99,2019-03-22 15:15:00,"102 Wilson St, New York City, NY 10001",March
174072,ThinkPad Laptop,1,999.99,2019-03-14 16:21:00,"758 Forest St, Seattle, WA 98101",March
164889,ThinkPad Laptop,1,999.99,2019-03-10 15:49:00,"676 River St, San Francisco, CA 94016",March
170187,ThinkPad Laptop,1,999.99,2019-03-03 13:06:00,"315 Hickory St, Boston, MA 02215",March
173940,ThinkPad Laptop,1,999.99,2019-03-21 18:26:00,"658 Jackson St, Seattle, WA 98101",March
174420,ThinkPad Laptop,1,999.99,2019-03-30 16:43:00,"447 12th St, San Francisco, CA 94016",March
163787,ThinkPad Laptop,1,999.99,2019-03-20 22:34:00,"358 Church St, Los Angeles, CA 90001",March
176105,ThinkPad Laptop,1,999.99,2019-03-05 12:33:00,"290 Lake St, Boston, MA 02215",March
165217,ThinkPad Laptop,1,999.99,2019-03-10 12:56:00,"245 Willow St, Boston, MA 02215",March
162140,ThinkPad Laptop,1,999.99,2019-03-06 23:34:00,"622 Meadow St, Seattle, WA 98101",March
162313,ThinkPad Laptop,1,999.99,2019-03-25 10:52:00,"956 9th St, San Francisco, CA 94016",March
166180,ThinkPad Laptop,1,999.99,2019-03-14 11:00:00,"779 4th St, New York City, NY 10001",March
166315,ThinkPad Laptop,1,999.99,2019-03-31 13:58:00,"212 Johnson St, Atlanta, GA 30301",March
169386,ThinkPad Laptop,1,999.99,2019-03-13 12:33:00,"330 Hickory St, Seattle, WA 98101",March
172836,ThinkPad Laptop,1,999.99,2019-03-23 23:35:00,"305 North St, San Francisco, CA 94016",March
162756,ThinkPad Laptop,1,999.99,2019-03-21 10:07:00,"437 14th St, San Francisco, CA 94016",March
169754,ThinkPad Laptop,1,999.99,2019-03-28 16:21:00,"228 Willow St, Seattle, WA 98101",March
167457,ThinkPad Laptop,1,999.99,2019-03-29 15:07:00,"867 12th St, Los Angeles, CA 90001",March
174048,ThinkPad Laptop,1,999.99,2019-03-13 10:51:00,"960 Highland St, New York City, NY 10001",March
164428,ThinkPad Laptop,1,999.99,2019-03-21 13:47:00,"314 Park St, New York City, NY 10001",March
164940,ThinkPad Laptop,1,999.99,2019-03-06 15:25:00,"447 North St, Los Angeles, CA 90001",March
170130,ThinkPad Laptop,1,999.99,2019-03-15 02:15:00,"121 Cherry St, San Francisco, CA 94016",March
172207,ThinkPad Laptop,1,999.99,2019-03-20 23:53:00,"581 Hill St, New York City, NY 10001",March
166284,ThinkPad Laptop,1,999.99,2019-03-05 11:46:00,"723 1st St, Dallas, TX 75001",March
162715,ThinkPad Laptop,1,999.99,2019-03-24 10:14:00,"956 Lakeview St, Seattle, WA 98101",March
163333,ThinkPad Laptop,1,999.99,2019-03-02 21:03:00,"929 Jefferson St, San Francisco, CA 94016",March
176229,ThinkPad Laptop,1,999.99,2019-03-31 14:44:00,"62 8th St, Seattle, WA 98101",March
186075,ThinkPad Laptop,1,999.99,2019-04-15 17:38:00,"579 Willow St, San Francisco, CA 94016",April
189863,ThinkPad Laptop,1,999.99,2019-04-27 14:42:00,"77 Lincoln St, Los Angeles, CA 90001",April
191782,ThinkPad Laptop,1,999.99,2019-04-23 01:58:00,"662 Lincoln St, Boston, MA 02215",April
193505,ThinkPad Laptop,1,999.99,2019-04-04 22:58:00,"661 Elm St, Dallas, TX 75001",April
177661,ThinkPad Laptop,1,999.99,2019-04-15 21:07:00,"188 Johnson St, Dallas, TX 75001",April
183604,ThinkPad Laptop,1,999.99,2019-04-24 17:16:00,"690 Cedar St, San Francisco, CA 94016",April
190924,ThinkPad Laptop,1,999.99,2019-04-22 21:09:00,"493 Spruce St, Seattle, WA 98101",April
184201,ThinkPad Laptop,1,999.99,2019-04-19 21:13:00,"221 Sunset St, Austin, TX 73301",April
191521,ThinkPad Laptop,1,999.99,2019-04-02 09:59:00,"530 Willow St, San Francisco, CA 94016",April
183131,ThinkPad Laptop,1,999.99,2019-04-26 00:32:00,"887 Hill St, Boston, MA 02215",April
191892,ThinkPad Laptop,1,999.99,2019-04-10 18:58:00,"714 Church St, Los Angeles, CA 90001",April
178638,ThinkPad Laptop,1,999.99,2019-04-27 00:24:00,"807 Elm St, Austin, TX 73301",April
183387,ThinkPad Laptop,1,999.99,2019-04-16 11:07:00,"604 Lincoln St, Los Angeles, CA 90001",April
190308,ThinkPad Laptop,1,999.99,2019-04-07 20:28:00,"89 Jefferson St, Portland, OR 97035",April
176657,ThinkPad Laptop,1,999.99,2019-04-23 10:16:00,"774 Forest St, Los Angeles, CA 90001",April
189224,ThinkPad Laptop,1,999.99,2019-04-16 09:55:00,"865 Center St, Portland, OR 97035",April
186681,ThinkPad Laptop,1,999.99,2019-04-13 17:53:00,"396 1st St, Los Angeles, CA 90001",April
187743,ThinkPad Laptop,1,999.99,2019-04-18 14:26:00,"475 Cherry St, Seattle, WA 98101",April
190901,ThinkPad Laptop,1,999.99,2019-04-08 18:00:00,"809 South St, San Francisco, CA 94016",April
178742,ThinkPad Laptop,1,999.99,2019-04-06 23:32:00,"28 Walnut St, Seattle, WA 98101",April
184370,ThinkPad Laptop,1,999.99,2019-04-30 18:07:00,"630 1st St, Seattle, WA 98101",April
193577,ThinkPad Laptop,1,999.99,2019-04-09 21:35:00,"201 Spruce St, San Francisco, CA 94016",April
180002,ThinkPad Laptop,1,999.99,2019-04-25 11:25:00,"567 West St, Atlanta, GA 30301",April
186986,ThinkPad Laptop,1,999.99,2019-04-23 18:35:00,"677 7th St, New York City, NY 10001",April
192059,ThinkPad Laptop,1,999.99,2019-04-25 00:24:00,"267 Cedar St, Los Angeles, CA 90001",April
178498,ThinkPad Laptop,1,999.99,2019-04-24 19:31:00,"375 West St, San Francisco, CA 94016",April
180701,ThinkPad Laptop,1,999.99,2019-04-11 23:15:00,"176 Hickory St, New York City, NY 10001",April
189395,ThinkPad Laptop,1,999.99,2019-04-03 20:15:00,"496 Johnson St, Austin, TX 73301",April
178385,ThinkPad Laptop,1,999.99,2019-04-18 14:18:00,"941 Walnut St, Seattle, WA 98101",April
179863,ThinkPad Laptop,1,999.99,2019-04-05 08:21:00,"989 Maple St, San Francisco, CA 94016",April
182094,ThinkPad Laptop,1,999.99,2019-04-09 17:38:00,"923 Wilson St, Los Angeles, CA 90001",April
190199,ThinkPad Laptop,1,999.99,2019-04-15 14:45:00,"890 Lincoln St, Los Angeles, CA 90001",April
185050,ThinkPad Laptop,1,999.99,2019-04-12 10:00:00,"994 River St, Dallas, TX 75001",April
189191,ThinkPad Laptop,1,999.99,2019-04-23 08:49:00,"326 Johnson St, New York City, NY 10001",April
185494,ThinkPad Laptop,1,999.99,2019-04-24 16:11:00,"260 8th St, San Francisco, CA 94016",April
193730,ThinkPad Laptop,1,999.99,2019-04-12 15:42:00,"102 Ridge St, Atlanta, GA 30301",April
180319,ThinkPad Laptop,1,999.99,2019-04-30 16:18:00,"13 Dogwood St, Boston, MA 02215",April
191711,ThinkPad Laptop,1,999.99,2019-04-29 09:56:00,"728 Meadow St, Boston, MA 02215",April
192469,ThinkPad Laptop,1,999.99,2019-04-25 19:01:00,"109 Jackson St, Austin, TX 73301",April
185548,ThinkPad Laptop,1,999.99,2019-04-21 12:10:00,"362 13th St, Atlanta, GA 30301",April
183750,ThinkPad Laptop,1,999.99,2019-04-23 08:05:00,"456 West St, Dallas, TX 75001",April
184276,ThinkPad Laptop,1,999.99,2019-04-08 17:41:00,"551 Walnut St, San Francisco, CA 94016",April
191720,ThinkPad Laptop,1,999.99,2019-04-30 09:48:00,"719 2nd St, San Francisco, CA 94016",April
192615,ThinkPad Laptop,1,999.99,2019-04-17 16:22:00,"141 West St, Seattle, WA 98101",April
193727,ThinkPad Laptop,1,999.99,2019-04-29 16:28:00,"21 Walnut St, San Francisco, CA 94016",April
176681,ThinkPad Laptop,1,999.99,2019-04-20 10:39:00,"331 Cherry St, Seattle, WA 98101",April
179369,ThinkPad Laptop,1,999.99,2019-04-03 23:57:00,"896 North St, Boston, MA 02215",April
180656,ThinkPad Laptop,1,999.99,2019-04-20 23:29:00,"343 Highland St, Austin, TX 73301",April
180906,ThinkPad Laptop,1,999.99,2019-04-03 23:59:00,"592 Ridge St, Los Angeles, CA 90001",April
191810,ThinkPad Laptop,1,999.99,2019-04-03 13:12:00,"574 Cedar St, San Francisco, CA 94016",April
177103,ThinkPad Laptop,1,999.99,2019-04-12 11:41:00,"532 10th St, Portland, OR 97035",April
193576,ThinkPad Laptop,1,999.99,2019-04-27 21:37:00,"439 Willow St, San Francisco, CA 94016",April
180053,ThinkPad Laptop,1,999.99,2019-04-24 11:30:00,"387 South St, Boston, MA 02215",April
185413,ThinkPad Laptop,1,999.99,2019-04-02 18:11:00,"435 Elm St, Portland, OR 97035",April
187431,ThinkPad Laptop,1,999.99,2019-04-11 18:15:00,"178 12th St, New York City, NY 10001",April
189817,ThinkPad Laptop,1,999.99,2019-04-10 17:06:00,"740 Cedar St, Los Angeles, CA 90001",April
191655,ThinkPad Laptop,1,999.99,2019-04-23 14:26:00,"829 11th St, Boston, MA 02215",April
185441,ThinkPad Laptop,1,999.99,2019-04-24 18:58:00,"674 Lake St, Seattle, WA 98101",April
187557,ThinkPad Laptop,1,999.99,2019-04-29 09:23:00,"161 Walnut St, Austin, TX 73301",April
185123,ThinkPad Laptop,1,999.99,2019-04-24 15:00:00,"717 Elm St, San Francisco, CA 94016",April
187850,ThinkPad Laptop,1,999.99,2019-04-05 18:26:00,"559 Main St, Portland, OR 97035",April
193548,ThinkPad Laptop,1,999.99,2019-04-26 11:02:00,"187 Cherry St, New York City, NY 10001",April
176665,ThinkPad Laptop,1,999.99,2019-04-07 14:15:00,"927 13th St, Dallas, TX 75001",April
182986,ThinkPad Laptop,1,999.99,2019-04-14 18:40:00,"731 Lakeview St, San Francisco, CA 94016",April
188710,ThinkPad Laptop,1,999.99,2019-04-26 19:58:00,"345 Lake St, Atlanta, GA 30301",April
190895,ThinkPad Laptop,1,999.99,2019-04-04 16:30:00,"891 Lincoln St, Los Angeles, CA 90001",April
179060,ThinkPad Laptop,1,999.99,2019-04-03 12:37:00,"566 11th St, Los Angeles, CA 90001",April
181659,ThinkPad Laptop,1,999.99,2019-04-03 21:39:00,"325 Jefferson St, San Francisco, CA 94016",April
182519,ThinkPad Laptop,1,999.99,2019-04-29 11:44:00,"290 Ridge St, San Francisco, CA 94016",April
191252,ThinkPad Laptop,1,999.99,2019-04-26 16:54:00,"989 Elm St, Los Angeles, CA 90001",April
181309,ThinkPad Laptop,1,999.99,2019-04-11 00:33:00,"643 Jackson St, Atlanta, GA 30301",April
191977,ThinkPad Laptop,1,999.99,2019-04-24 20:03:00,"20 Madison St, Dallas, TX 75001",April
193715,ThinkPad Laptop,1,999.99,2019-04-29 15:11:00,"765 Jackson St, New York City, NY 10001",April
198894,ThinkPad Laptop,1,999.99,2019-05-30 19:29:00,"971 5th St, New York City, NY 10001",May
196619,ThinkPad Laptop,1,999.99,2019-05-10 20:52:00,"495 Main St, Los Angeles, CA 90001",May
204297,ThinkPad Laptop,1,999.99,2019-05-30 17:53:00,"512 Lincoln St, New York City, NY 10001",May
204829,ThinkPad Laptop,1,999.99,2019-05-11 13:40:00,"794 Willow St, Los Angeles, CA 90001",May
197869,ThinkPad Laptop,1,999.99,2019-05-18 22:12:00,"898 5th St, Portland, ME 04101",May
200215,ThinkPad Laptop,1,999.99,2019-05-07 12:28:00,"979 Johnson St, Atlanta, GA 30301",May
207473,ThinkPad Laptop,1,999.99,2019-05-26 20:06:00,"458 Center St, Los Angeles, CA 90001",May
208091,ThinkPad Laptop,1,999.99,2019-05-09 17:09:00,"780 Spruce St, Seattle, WA 98101",May
199022,ThinkPad Laptop,1,999.99,2019-05-06 23:37:00,"251 Cherry St, San Francisco, CA 94016",May
204261,ThinkPad Laptop,1,999.99,2019-05-12 15:54:00,"915 2nd St, Austin, TX 73301",May
206041,ThinkPad Laptop,1,999.99,2019-05-05 01:33:00,"148 Cherry St, New York City, NY 10001",May
206453,ThinkPad Laptop,1,999.99,2019-05-22 09:35:00,"390 10th St, San Francisco, CA 94016",May
197156,ThinkPad Laptop,1,999.99,2019-05-01 10:07:00,"430 Cedar St, Dallas, TX 75001",May
201090,ThinkPad Laptop,1,999.99,2019-05-31 11:51:00,"25 Willow St, Austin, TX 73301",May
201766,ThinkPad Laptop,1,999.99,2019-05-23 11:48:00,"293 River St, Atlanta, GA 30301",May
203953,ThinkPad Laptop,1,999.99,2019-05-19 11:15:00,"593 River St, San Francisco, CA 94016",May
204035,ThinkPad Laptop,1,999.99,2019-05-13 12:16:00,"122 Park St, Seattle, WA 98101",May
208127,ThinkPad Laptop,1,999.99,2019-05-22 22:43:00,"17 Walnut St, Boston, MA 02215",May
205177,ThinkPad Laptop,1,999.99,2019-05-24 19:26:00,"71 Main St, Los Angeles, CA 90001",May
198349,ThinkPad Laptop,1,999.99,2019-05-25 15:31:00,"544 Ridge St, Dallas, TX 75001",May
198593,ThinkPad Laptop,1,999.99,2019-05-02 15:00:00,"774 12th St, San Francisco, CA 94016",May
204987,ThinkPad Laptop,1,999.99,2019-05-29 20:45:00,"453 Meadow St, San Francisco, CA 94016",May
198135,ThinkPad Laptop,1,999.99,2019-05-12 08:58:00,"233 South St, Los Angeles, CA 90001",May
198917,ThinkPad Laptop,1,999.99,2019-05-03 15:39:00,"404 12th St, San Francisco, CA 94016",May
203292,ThinkPad Laptop,1,999.99,2019-05-08 01:46:00,"74 Walnut St, Boston, MA 02215",May
206721,ThinkPad Laptop,1,999.99,2019-05-03 18:55:00,"929 1st St, Portland, ME 04101",May
198033,ThinkPad Laptop,1,999.99,2019-05-12 22:07:00,"705 River St, New York City, NY 10001",May
203957,ThinkPad Laptop,1,999.99,2019-05-15 21:43:00,"842 Chestnut St, Los Angeles, CA 90001",May
201664,ThinkPad Laptop,1,999.99,2019-05-25 20:49:00,"965 Meadow St, San Francisco, CA 94016",May
204282,ThinkPad Laptop,1,999.99,2019-05-26 00:42:00,"184 Sunset St, Atlanta, GA 30301",May
194588,ThinkPad Laptop,1,999.99,2019-05-27 07:57:00,"87 Jefferson St, San Francisco, CA 94016",May
197981,ThinkPad Laptop,1,999.99,2019-05-07 04:06:00,"582 Cherry St, New York City, NY 10001",May
201341,ThinkPad Laptop,1,999.99,2019-05-16 18:25:00,"60 Chestnut St, Seattle, WA 98101",May
198834,ThinkPad Laptop,1,999.99,2019-05-11 09:35:00,"926 Elm St, San Francisco, CA 94016",May
199482,ThinkPad Laptop,1,999.99,2019-05-06 15:51:00,"778 7th St, Dallas, TX 75001",May
199824,ThinkPad Laptop,1,999.99,2019-05-03 07:45:00,"677 4th St, Dallas, TX 75001",May
206769,ThinkPad Laptop,1,999.99,2019-05-05 05:57:00,"606 Hill St, Los Angeles, CA 90001",May
197674,ThinkPad Laptop,1,999.99,2019-05-08 09:01:00,"322 Ridge St, Los Angeles, CA 90001",May
203915,ThinkPad Laptop,1,999.99,2019-05-03 21:27:00,"190 9th St, Austin, TX 73301",May
206643,ThinkPad Laptop,1,999.99,2019-05-14 04:35:00,"284 Jackson St, Seattle, WA 98101",May
208658,ThinkPad Laptop,1,999.99,2019-05-28 19:13:00,"44 10th St, Boston, MA 02215",May
209022,ThinkPad Laptop,1,999.99,2019-05-18 13:38:00,"256 Forest St, New York City, NY 10001",May
201266,ThinkPad Laptop,1,999.99,2019-05-02 11:51:00,"362 1st St, Boston, MA 02215",May
202972,ThinkPad Laptop,1,999.99,2019-05-03 15:14:00,"418 Cherry St, San Francisco, CA 94016",May
206980,ThinkPad Laptop,1,999.99,2019-05-31 22:48:00,"715 Hill St, Dallas, TX 75001",May
198871,ThinkPad Laptop,1,999.99,2019-05-01 16:19:00,"510 12th St, Portland, OR 97035",May
195347,ThinkPad Laptop,1,999.99,2019-05-29 11:44:00,"425 Hickory St, Los Angeles, CA 90001",May
209114,ThinkPad Laptop,1,999.99,2019-05-28 16:43:00,"590 Chestnut St, New York City, NY 10001",May
196486,ThinkPad Laptop,1,999.99,2019-05-31 14:07:00,"865 Jefferson St, San Francisco, CA 94016",May
195908,ThinkPad Laptop,1,999.99,2019-05-25 16:55:00,"682 1st St, New York City, NY 10001",May
197324,ThinkPad Laptop,1,999.99,2019-05-11 23:49:00,"773 1st St, Boston, MA 02215",May
199354,ThinkPad Laptop,1,999.99,2019-05-14 18:14:00,"557 10th St, Dallas, TX 75001",May
201023,ThinkPad Laptop,1,999.99,2019-05-19 18:50:00,"34 Chestnut St, Boston, MA 02215",May
207730,ThinkPad Laptop,1,999.99,2019-05-03 14:06:00,"514 South St, Austin, TX 73301",May
199405,ThinkPad Laptop,1,999.99,2019-05-10 13:18:00,"462 Church St, Los Angeles, CA 90001",May
199533,ThinkPad Laptop,1,999.99,2019-05-05 10:36:00,"142 Wilson St, Seattle, WA 98101",May
209153,ThinkPad Laptop,1,999.99,2019-05-28 17:03:00,"349 Pine St, Austin, TX 73301",May
203268,ThinkPad Laptop,1,999.99,2019-05-30 21:14:00,"694 Jefferson St, Dallas, TX 75001",May
204491,ThinkPad Laptop,1,999.99,2019-05-18 16:29:00,"358 Center St, Dallas, TX 75001",May
208722,ThinkPad Laptop,1,999.99,2019-05-15 06:31:00,"959 West St, Dallas, TX 75001",May
194358,ThinkPad Laptop,1,999.99,2019-05-30 12:02:00,"135 Jackson St, Seattle, WA 98101",May
201974,ThinkPad Laptop,1,999.99,2019-05-19 17:09:00,"86 6th St, Seattle, WA 98101",May
194657,ThinkPad Laptop,1,999.99,2019-05-25 08:51:00,"476 Center St, Boston, MA 02215",May
195073,ThinkPad Laptop,1,999.99,2019-05-07 11:32:00,"779 Meadow St, Los Angeles, CA 90001",May
196781,ThinkPad Laptop,1,999.99,2019-05-10 00:24:00,"658 Ridge St, New York City, NY 10001",May
199095,ThinkPad Laptop,1,999.99,2019-05-20 22:13:00,"122 Forest St, Atlanta, GA 30301",May
202118,ThinkPad Laptop,1,999.99,2019-05-05 12:29:00,"850 West St, New York City, NY 10001",May
206571,ThinkPad Laptop,1,999.99,2019-05-07 10:04:00,"64 Lake St, San Francisco, CA 94016",May
209644,ThinkPad Laptop,1,999.99,2019-05-19 11:35:00,"71 Church St, Seattle, WA 98101",May
214718,ThinkPad Laptop,1,999.99,2019-06-26 16:42:00,"581 Pine St, San Francisco, CA 94016",June
214915,ThinkPad Laptop,1,999.99,2019-06-28 21:46:00,"545 4th St, San Francisco, CA 94016",June
222244,ThinkPad Laptop,1,999.99,2019-06-04 15:55:00,"950 Pine St, San Francisco, CA 94016",June
210585,ThinkPad Laptop,1,999.99,2019-06-21 00:28:00,"324 Spruce St, Los Angeles, CA 90001",June
217647,ThinkPad Laptop,1,999.99,2019-06-19 15:44:00,"539 6th St, Dallas, TX 75001",June
218053,ThinkPad Laptop,1,999.99,2019-06-04 10:24:00,"665 7th St, Dallas, TX 75001",June
212606,ThinkPad Laptop,1,999.99,2019-06-03 19:19:00,"134 Meadow St, San Francisco, CA 94016",June
217481,ThinkPad Laptop,1,999.99,2019-06-07 14:38:00,"663 Adams St, Portland, OR 97035",June
211757,ThinkPad Laptop,1,999.99,2019-06-09 15:49:00,"29 Hill St, Austin, TX 73301",June
213578,ThinkPad Laptop,1,999.99,2019-06-22 14:57:00,"504 Highland St, Seattle, WA 98101",June
222337,ThinkPad Laptop,1,999.99,2019-06-09 15:07:00,"796 Center St, Atlanta, GA 30301",June
217525,ThinkPad Laptop,1,999.99,2019-06-03 18:30:00,"137 Hill St, Seattle, WA 98101",June
219669,ThinkPad Laptop,1,999.99,2019-06-25 07:51:00,"965 Jackson St, Seattle, WA 98101",June
211645,ThinkPad Laptop,1,999.99,2019-06-28 18:07:00,"507 Sunset St, San Francisco, CA 94016",June
211938,ThinkPad Laptop,1,999.99,2019-06-26 08:22:00,"922 Park St, Los Angeles, CA 90001",June
215529,ThinkPad Laptop,1,999.99,2019-06-06 20:51:00,"572 Dogwood St, Austin, TX 73301",June
217937,ThinkPad Laptop,1,999.99,2019-06-11 17:51:00,"965 South St, San Francisco, CA 94016",June
218731,ThinkPad Laptop,1,999.99,2019-06-02 14:18:00,"499 West St, Atlanta, GA 30301",June
212158,ThinkPad Laptop,1,999.99,2019-06-23 04:30:00,"75 Church St, San Francisco, CA 94016",June
221471,ThinkPad Laptop,1,999.99,2019-06-24 17:03:00,"530 Highland St, New York City, NY 10001",June
209923,ThinkPad Laptop,1,999.99,2019-06-24 20:18:00,"402 Jackson St, Los Angeles, CA 90001",June
210361,ThinkPad Laptop,1,999.99,2019-06-14 07:26:00,"253 Hill St, Atlanta, GA 30301",June
211828,ThinkPad Laptop,1,999.99,2019-06-23 16:13:00,"611 Elm St, Los Angeles, CA 90001",June
217352,ThinkPad Laptop,1,999.99,2019-06-18 08:36:00,"729 5th St, San Francisco, CA 94016",June
222668,ThinkPad Laptop,1,999.99,2019-06-20 14:18:00,"730 Chestnut St, New York City, NY 10001",June
212663,ThinkPad Laptop,1,999.99,2019-06-10 11:31:00,"734 11th St, Dallas, TX 75001",June
217278,ThinkPad Laptop,1,999.99,2019-06-26 11:58:00,"725 Spruce St, Austin, TX 73301",June
216825,ThinkPad Laptop,1,999.99,2019-06-15 13:19:00,"204 South St, Boston, MA 02215",June
218168,ThinkPad Laptop,1,999.99,2019-06-08 21:47:00,"456 11th St, Portland, OR 97035",June
222367,ThinkPad Laptop,1,999.99,2019-06-12 19:48:00,"958 Lincoln St, Portland, OR 97035",June
221042,ThinkPad Laptop,1,999.99,2019-06-21 18:18:00,"787 1st St, Los Angeles, CA 90001",June
210688,ThinkPad Laptop,1,999.99,2019-06-13 16:01:00,"29 4th St, Boston, MA 02215",June
219382,ThinkPad Laptop,1,999.99,2019-06-21 23:59:00,"798 Washington St, Los Angeles, CA 90001",June
222385,ThinkPad Laptop,1,999.99,2019-06-12 20:10:00,"110 North St, New York City, NY 10001",June
210773,ThinkPad Laptop,1,999.99,2019-06-26 09:17:00,"665 Church St, Seattle, WA 98101",June
214629,ThinkPad Laptop,1,999.99,2019-06-09 18:03:00,"399 Park St, Dallas, TX 75001",June
212612,ThinkPad Laptop,1,999.99,2019-06-11 08:19:00,"965 Jefferson St, Seattle, WA 98101",June
218628,ThinkPad Laptop,1,999.99,2019-06-02 20:35:00,"717 Cedar St, San Francisco, CA 94016",June
218831,ThinkPad Laptop,1,999.99,2019-06-10 08:06:00,"702 Main St, Los Angeles, CA 90001",June
218971,ThinkPad Laptop,1,999.99,2019-06-17 10:31:00,"824 Ridge St, Atlanta, GA 30301",June
219264,ThinkPad Laptop,1,999.99,2019-06-21 11:52:00,"636 2nd St, New York City, NY 10001",June
210282,ThinkPad Laptop,1,999.99,2019-06-02 19:35:00,"572 Jefferson St, San Francisco, CA 94016",June
211918,ThinkPad Laptop,1,999.99,2019-06-16 22:03:00,"944 Jackson St, Portland, OR 97035",June
217980,ThinkPad Laptop,1,999.99,2019-06-20 19:32:00,"858 Washington St, Los Angeles, CA 90001",June
218261,ThinkPad Laptop,1,999.99,2019-06-02 13:41:00,"588 North St, San Francisco, CA 94016",June
221820,ThinkPad Laptop,1,999.99,2019-06-29 12:11:00,"491 Center St, San Francisco, CA 94016",June
212657,ThinkPad Laptop,1,999.99,2019-06-28 21:29:00,"670 Maple St, San Francisco, CA 94016",June
229694,ThinkPad Laptop,1,999.99,2019-07-31 20:56:00,"970 North St, Austin, TX 73301",July
236118,ThinkPad Laptop,1,999.99,2019-07-03 11:01:00,"976 Park St, San Francisco, CA 94016",July
224345,ThinkPad Laptop,1,999.99,2019-07-30 21:20:00,"240 Park St, San Francisco, CA 94016",July
226874,ThinkPad Laptop,1,999.99,2019-07-30 12:50:00,"195 6th St, Boston, MA 02215",July
225444,ThinkPad Laptop,1,999.99,2019-07-08 11:10:00,"121 Main St, New York City, NY 10001",July
234382,ThinkPad Laptop,1,999.99,2019-07-13 12:44:00,"602 Lincoln St, San Francisco, CA 94016",July
228264,ThinkPad Laptop,1,999.99,2019-07-20 14:02:00,"621 Church St, Los Angeles, CA 90001",July
230041,ThinkPad Laptop,1,999.99,2019-07-13 14:22:00,"668 7th St, Los Angeles, CA 90001",July
234759,ThinkPad Laptop,1,999.99,2019-07-03 21:56:00,"298 5th St, Dallas, TX 75001",July
225169,ThinkPad Laptop,1,999.99,2019-07-10 04:58:00,"357 Main St, Seattle, WA 98101",July
235099,ThinkPad Laptop,1,999.99,2019-07-28 10:02:00,"242 4th St, Portland, OR 97035",July
236658,ThinkPad Laptop,1,999.99,2019-07-02 11:39:00,"494 North St, New York City, NY 10001",July
230907,ThinkPad Laptop,1,999.99,2019-07-18 11:39:00,"681 Park St, New York City, NY 10001",July
223018,ThinkPad Laptop,1,999.99,2019-07-04 08:39:00,"767 Adams St, Los Angeles, CA 90001",July
231843,ThinkPad Laptop,1,999.99,2019-07-08 18:05:00,"319 Washington St, San Francisco, CA 94016",July
230874,ThinkPad Laptop,1,999.99,2019-07-30 14:40:00,"319 Church St, New York City, NY 10001",July
223925,ThinkPad Laptop,1,999.99,2019-07-17 18:47:00,"103 River St, San Francisco, CA 94016",July
225225,ThinkPad Laptop,1,999.99,2019-07-12 19:47:00,"536 Jackson St, Dallas, TX 75001",July
227136,ThinkPad Laptop,1,999.99,2019-07-06 14:39:00,"424 West St, Los Angeles, CA 90001",July
229225,ThinkPad Laptop,1,999.99,2019-07-24 14:34:00,"891 Maple St, Dallas, TX 75001",July
236231,ThinkPad Laptop,1,999.99,2019-07-17 23:07:00,"44 11th St, Los Angeles, CA 90001",July
225131,ThinkPad Laptop,1,999.99,2019-07-30 18:35:00,"380 West St, Dallas, TX 75001",July
236002,ThinkPad Laptop,1,999.99,2019-07-25 09:01:00,"478 West St, Portland, OR 97035",July
236343,ThinkPad Laptop,1,999.99,2019-07-04 16:28:00,"27 Jackson St, San Francisco, CA 94016",July
227189,ThinkPad Laptop,1,999.99,2019-07-24 20:23:00,"30 Park St, New York City, NY 10001",July
231675,ThinkPad Laptop,1,999.99,2019-07-17 20:09:00,"938 Chestnut St, Dallas, TX 75001",July
232235,ThinkPad Laptop,1,999.99,2019-07-11 21:26:00,"23 Johnson St, New York City, NY 10001",July
234995,ThinkPad Laptop,1,999.99,2019-07-26 13:23:00,"290 11th St, Seattle, WA 98101",July
223077,ThinkPad Laptop,1,999.99,2019-07-06 13:01:00,"261 Sunset St, San Francisco, CA 94016",July
229791,ThinkPad Laptop,1,999.99,2019-07-19 10:32:00,"734 2nd St, New York City, NY 10001",July
230640,ThinkPad Laptop,1,999.99,2019-07-26 20:13:00,"916 12th St, San Francisco, CA 94016",July
223219,ThinkPad Laptop,1,999.99,2019-07-22 14:39:00,"778 Cedar St, Atlanta, GA 30301",July
235864,ThinkPad Laptop,1,999.99,2019-07-15 18:51:00,"395 Madison St, San Francisco, CA 94016",July
223644,ThinkPad Laptop,1,999.99,2019-07-01 19:28:00,"169 Main St, Los Angeles, CA 90001",July
231218,ThinkPad Laptop,1,999.99,2019-07-03 22:31:00,"898 11th St, Dallas, TX 75001",July
233283,ThinkPad Laptop,1,999.99,2019-07-22 15:15:00,"106 Johnson St, San Francisco, CA 94016",July
227357,ThinkPad Laptop,1,999.99,2019-07-28 13:47:00,"811 Ridge St, New York City, NY 10001",July
234114,ThinkPad Laptop,1,999.99,2019-07-03 17:45:00,"496 Ridge St, Atlanta, GA 30301",July
230943,ThinkPad Laptop,1,999.99,2019-07-01 07:53:00,"426 Meadow St, Portland, OR 97035",July
231793,ThinkPad Laptop,1,999.99,2019-07-08 14:52:00,"40 4th St, San Francisco, CA 94016",July
233875,ThinkPad Laptop,1,999.99,2019-07-13 18:21:00,"240 6th St, New York City, NY 10001",July
224625,ThinkPad Laptop,1,999.99,2019-07-24 11:44:00,"352 North St, Austin, TX 73301",July
228358,ThinkPad Laptop,1,999.99,2019-07-30 09:51:00,"373 11th St, Dallas, TX 75001",July
231287,ThinkPad Laptop,1,999.99,2019-07-07 20:12:00,"215 West St, San Francisco, CA 94016",July
234870,ThinkPad Laptop,1,999.99,2019-07-08 11:06:00,"993 7th St, New York City, NY 10001",July
224724,ThinkPad Laptop,1,999.99,2019-07-13 11:12:00,"11 5th St, Seattle, WA 98101",July
234468,ThinkPad Laptop,1,999.99,2019-07-15 12:30:00,"896 River St, Atlanta, GA 30301",July
223805,ThinkPad Laptop,1,999.99,2019-07-04 08:28:00,"607 South St, Austin, TX 73301",July
227580,ThinkPad Laptop,1,999.99,2019-07-31 20:42:00,"748 11th St, Los Angeles, CA 90001",July
234491,ThinkPad Laptop,1,999.99,2019-07-13 06:49:00,"701 Highland St, New York City, NY 10001",July
236286,ThinkPad Laptop,1,999.99,2019-07-08 19:09:00,"357 Cherry St, San Francisco, CA 94016",July
224963,ThinkPad Laptop,1,999.99,2019-07-05 02:37:00,"107 Maple St, Portland, ME 04101",July
230334,ThinkPad Laptop,1,999.99,2019-07-22 15:24:00,"220 Washington St, Portland, OR 97035",July
233565,ThinkPad Laptop,1,999.99,2019-07-14 06:07:00,"303 South St, San Francisco, CA 94016",July
230485,ThinkPad Laptop,1,999.99,2019-07-15 17:08:00,"294 Madison St, Atlanta, GA 30301",July
231908,ThinkPad Laptop,1,999.99,2019-07-14 14:41:00,"243 Washington St, Seattle, WA 98101",July
233099,ThinkPad Laptop,1,999.99,2019-07-27 14:50:00,"79 Washington St, San Francisco, CA 94016",July
244460,ThinkPad Laptop,1,999.99,2019-08-17 14:31:00,"257 Washington St, Boston, MA 02215",August
245083,ThinkPad Laptop,1,999.99,2019-08-13 16:37:00,"887 Johnson St, Boston, MA 02215",August
245269,ThinkPad Laptop,1,999.99,2019-08-26 10:39:00,"199 Center St, New York City, NY 10001",August
236983,ThinkPad Laptop,1,999.99,2019-08-24 16:00:00,"549 Ridge St, Los Angeles, CA 90001",August
246103,ThinkPad Laptop,1,999.99,2019-08-22 20:35:00,"445 Highland St, Seattle, WA 98101",August
236930,ThinkPad Laptop,1,999.99,2019-08-04 07:01:00,"894 Jackson St, New York City, NY 10001",August
239074,ThinkPad Laptop,1,999.99,2019-08-12 23:23:00,"788 Madison St, Los Angeles, CA 90001",August
237608,ThinkPad Laptop,1,999.99,2019-08-16 22:28:00,"113 4th St, Dallas, TX 75001",August
242921,ThinkPad Laptop,1,999.99,2019-08-08 11:58:00,"540 Church St, San Francisco, CA 94016",August
244948,ThinkPad Laptop,1,999.99,2019-08-17 17:29:00,"824 Park St, Seattle, WA 98101",August
248063,ThinkPad Laptop,1,999.99,2019-08-05 23:00:00,"417 8th St, San Francisco, CA 94016",August
240385,ThinkPad Laptop,1,999.99,2019-08-09 19:43:00,"369 Highland St, New York City, NY 10001",August
241360,ThinkPad Laptop,1,999.99,2019-08-29 14:05:00,"410 North St, Boston, MA 02215",August
242708,ThinkPad Laptop,1,999.99,2019-08-11 14:54:00,"979 Johnson St, Portland, OR 97035",August
247257,ThinkPad Laptop,1,999.99,2019-08-27 09:20:00,"185 Wilson St, Dallas, TX 75001",August
242608,ThinkPad Laptop,1,999.99,2019-08-04 23:10:00,"49 2nd St, Los Angeles, CA 90001",August
245205,ThinkPad Laptop,1,999.99,2019-08-28 01:02:00,"528 Spruce St, Atlanta, GA 30301",August
243760,ThinkPad Laptop,1,999.99,2019-08-02 06:52:00,"875 Elm St, San Francisco, CA 94016",August
248088,ThinkPad Laptop,1,999.99,2019-08-13 19:26:00,"614 11th St, San Francisco, CA 94016",August
241453,ThinkPad Laptop,1,999.99,2019-08-25 10:46:00,"355 Pine St, San Francisco, CA 94016",August
242848,ThinkPad Laptop,1,999.99,2019-08-19 17:49:00,"825 Maple St, New York City, NY 10001",August
243677,ThinkPad Laptop,1,999.99,2019-08-17 13:18:00,"797 12th St, Boston, MA 02215",August
247198,ThinkPad Laptop,1,999.99,2019-08-06 02:09:00,"510 Hickory St, Dallas, TX 75001",August
245843,ThinkPad Laptop,1,999.99,2019-08-29 12:59:00,"573 Meadow St, Portland, OR 97035",August
239593,ThinkPad Laptop,1,999.99,2019-08-30 16:29:00,"159 14th St, New York City, NY 10001",August
239981,ThinkPad Laptop,1,999.99,2019-08-08 17:28:00,"855 Center St, Los Angeles, CA 90001",August
237795,ThinkPad Laptop,1,999.99,2019-08-07 11:32:00,"308 Adams St, Seattle, WA 98101",August
242037,ThinkPad Laptop,1,999.99,2019-08-31 17:13:00,"450 Elm St, Atlanta, GA 30301",August
242544,ThinkPad Laptop,1,999.99,2019-08-20 11:58:00,"998 Walnut St, San Francisco, CA 94016",August
247245,ThinkPad Laptop,1,999.99,2019-08-22 23:19:00,"629 13th St, Portland, OR 97035",August
246713,ThinkPad Laptop,1,999.99,2019-08-08 14:00:00,"178 Hickory St, Austin, TX 73301",August
246536,ThinkPad Laptop,1,999.99,2019-08-08 03:15:00,"980 14th St, Portland, OR 97035",August
247398,ThinkPad Laptop,1,999.99,2019-08-22 19:25:00,"477 Walnut St, Boston, MA 02215",August
246863,ThinkPad Laptop,1,999.99,2019-08-25 17:39:00,"582 Sunset St, Dallas, TX 75001",August
244215,ThinkPad Laptop,1,999.99,2019-08-05 19:39:00,"24 14th St, Dallas, TX 75001",August
244230,ThinkPad Laptop,1,999.99,2019-08-02 18:30:00,"386 River St, Boston, MA 02215",August
237254,ThinkPad Laptop,1,999.99,2019-08-07 20:03:00,"547 Jefferson St, Dallas, TX 75001",August
237358,ThinkPad Laptop,1,999.99,2019-08-13 19:01:00,"952 Highland St, San Francisco, CA 94016",August
240509,ThinkPad Laptop,1,999.99,2019-08-27 16:55:00,"968 Spruce St, Los Angeles, CA 90001",August
243135,ThinkPad Laptop,1,999.99,2019-08-26 10:22:00,"670 8th St, Austin, TX 73301",August
242236,ThinkPad Laptop,1,999.99,2019-08-25 20:25:00,"13 10th St, San Francisco, CA 94016",August
243697,ThinkPad Laptop,1,999.99,2019-08-12 21:15:00,"519 5th St, Boston, MA 02215",August
245867,ThinkPad Laptop,1,999.99,2019-08-30 14:20:00,"870 Lincoln St, Dallas, TX 75001",August
237974,ThinkPad Laptop,1,999.99,2019-08-20 15:37:00,"552 Hickory St, Boston, MA 02215",August
240675,ThinkPad Laptop,1,999.99,2019-08-07 15:37:00,"240 Meadow St, New York City, NY 10001",August
245872,ThinkPad Laptop,1,999.99,2019-08-19 16:59:00,"230 Center St, Atlanta, GA 30301",August
246946,ThinkPad Laptop,1,999.99,2019-08-20 13:56:00,"104 North St, Los Angeles, CA 90001",August
241170,ThinkPad Laptop,1,999.99,2019-08-04 00:25:00,"627 4th St, Boston, MA 02215",August
244342,ThinkPad Laptop,1,999.99,2019-08-26 17:56:00,"302 Wilson St, Los Angeles, CA 90001",August
249145,ThinkPad Laptop,1,999.99,2019-09-26 15:52:00,"820 11th St, Austin, TX 73301",September
252751,ThinkPad Laptop,1,999.99,2019-09-04 13:39:00,"544 Spruce St, New York City, NY 10001",September
255827,ThinkPad Laptop,1,999.99,2019-09-23 10:23:00,"561 Lakeview St, Los Angeles, CA 90001",September
257680,ThinkPad Laptop,1,999.99,2019-09-09 16:42:00,"931 Center St, Austin, TX 73301",September
249486,ThinkPad Laptop,1,999.99,2019-09-21 14:42:00,"522 Dogwood St, Dallas, TX 75001",September
252594,ThinkPad Laptop,1,999.99,2019-09-18 10:46:00,"403 Elm St, Los Angeles, CA 90001",September
250360,ThinkPad Laptop,1,999.99,2019-09-15 18:46:00,"866 5th St, Los Angeles, CA 90001",September
255416,ThinkPad Laptop,1,999.99,2019-09-07 19:49:00,"841 Hickory St, San Francisco, CA 94016",September
256142,ThinkPad Laptop,1,999.99,2019-09-30 20:09:00,"432 2nd St, San Francisco, CA 94016",September
252322,ThinkPad Laptop,1,999.99,2019-09-02 16:03:00,"701 Spruce St, New York City, NY 10001",September
252977,ThinkPad Laptop,1,999.99,2019-09-14 17:06:00,"729 12th St, Austin, TX 73301",September
257280,ThinkPad Laptop,1,999.99,2019-09-21 15:34:00,"331 11th St, San Francisco, CA 94016",September
250660,ThinkPad Laptop,1,999.99,2019-09-30 08:26:00,"312 Sunset St, San Francisco, CA 94016",September
252388,ThinkPad Laptop,1,999.99,2019-09-16 21:28:00,"229 14th St, Seattle, WA 98101",September
254800,ThinkPad Laptop,1,999.99,2019-09-08 20:26:00,"749 Johnson St, New York City, NY 10001",September
253768,ThinkPad Laptop,1,999.99,2019-09-21 19:57:00,"68 Wilson St, Dallas, TX 75001",September
248501,ThinkPad Laptop,1,999.99,2019-09-13 08:39:00,"859 Spruce St, Los Angeles, CA 90001",September
248645,ThinkPad Laptop,1,999.99,2019-09-02 12:55:00,"147 8th St, New York City, NY 10001",September
256034,ThinkPad Laptop,1,999.99,2019-09-16 23:09:00,"648 Walnut St, Los Angeles, CA 90001",September
256647,ThinkPad Laptop,1,999.99,2019-09-03 12:54:00,"994 8th St, San Francisco, CA 94016",September
254892,ThinkPad Laptop,1,999.99,2019-09-25 11:48:00,"828 2nd St, San Francisco, CA 94016",September
257537,ThinkPad Laptop,1,999.99,2019-09-01 17:27:00,"245 Cherry St, Los Angeles, CA 90001",September
249966,ThinkPad Laptop,1,999.99,2019-09-12 22:13:00,"481 Ridge St, San Francisco, CA 94016",September
254429,ThinkPad Laptop,1,999.99,2019-09-02 15:21:00,"488 Church St, Los Angeles, CA 90001",September
251334,ThinkPad Laptop,1,999.99,2019-09-02 20:24:00,"783 Meadow St, New York City, NY 10001",September
252607,ThinkPad Laptop,1,999.99,2019-09-08 23:30:00,"139 Pine St, Boston, MA 02215",September
256528,ThinkPad Laptop,1,999.99,2019-09-28 18:45:00,"405 14th St, New York City, NY 10001",September
254118,ThinkPad Laptop,1,999.99,2019-09-12 16:27:00,"692 Hickory St, San Francisco, CA 94016",September
259320,ThinkPad Laptop,1,999.99,2019-09-02 10:51:00,"857 Elm St, Atlanta, GA 30301",September
258571,ThinkPad Laptop,1,999.99,2019-09-04 18:54:00,"192 Meadow St, Los Angeles, CA 90001",September
251467,ThinkPad Laptop,1,999.99,2019-09-21 11:52:00,"533 1st St, Los Angeles, CA 90001",September
257067,ThinkPad Laptop,1,999.99,2019-09-06 04:44:00,"703 Dogwood St, Atlanta, GA 30301",September
257447,ThinkPad Laptop,1,999.99,2019-09-29 10:54:00,"245 Pine St, Portland, OR 97035",September
252173,ThinkPad Laptop,1,999.99,2019-09-29 12:54:00,"427 1st St, Seattle, WA 98101",September
258327,ThinkPad Laptop,1,999.99,2019-09-27 09:38:00,"261 Maple St, San Francisco, CA 94016",September
249226,ThinkPad Laptop,1,999.99,2019-09-26 10:33:00,"439 West St, New York City, NY 10001",September
259345,ThinkPad Laptop,1,999.99,2019-09-21 23:12:00,"406 Dogwood St, San Francisco, CA 94016",September
259289,ThinkPad Laptop,1,999.99,2019-09-25 00:42:00,"259 Dogwood St, Los Angeles, CA 90001",September
254112,ThinkPad Laptop,1,999.99,2019-09-27 12:43:00,"262 Lakeview St, New York City, NY 10001",September
251319,ThinkPad Laptop,1,999.99,2019-09-06 20:14:00,"431 Jackson St, San Francisco, CA 94016",September
268881,ThinkPad Laptop,1,999.99,2019-10-19 23:52:00,"84 Hill St, Austin, TX 73301",October
270090,ThinkPad Laptop,1,999.99,2019-10-29 15:44:00,"219 14th St, San Francisco, CA 94016",October
277047,ThinkPad Laptop,1,999.99,2019-10-04 21:25:00,"724 Chestnut St, San Francisco, CA 94016",October
277222,ThinkPad Laptop,1,999.99,2019-10-25 23:31:00,"945 Cedar St, Boston, MA 02215",October
259956,ThinkPad Laptop,1,999.99,2019-10-25 20:20:00,"262 Cedar St, Los Angeles, CA 90001",October
270463,ThinkPad Laptop,1,999.99,2019-10-07 07:43:00,"705 6th St, Dallas, TX 75001",October
274017,ThinkPad Laptop,1,999.99,2019-10-14 19:28:00,"451 6th St, San Francisco, CA 94016",October
274957,ThinkPad Laptop,1,999.99,2019-10-14 17:25:00,"967 Main St, Los Angeles, CA 90001",October
259458,ThinkPad Laptop,1,999.99,2019-10-08 09:08:00,"728 1st St, Portland, OR 97035",October
260868,ThinkPad Laptop,1,999.99,2019-10-10 17:22:00,"759 Cherry St, Boston, MA 02215",October
273723,ThinkPad Laptop,1,999.99,2019-10-21 07:09:00,"753 5th St, Austin, TX 73301",October
271905,ThinkPad Laptop,1,999.99,2019-10-30 10:16:00,"631 6th St, Atlanta, GA 30301",October
276682,ThinkPad Laptop,1,999.99,2019-10-09 18:28:00,"296 Elm St, Portland, OR 97035",October
266195,ThinkPad Laptop,1,999.99,2019-10-08 20:00:00,"443 4th St, Los Angeles, CA 90001",October
262856,ThinkPad Laptop,1,999.99,2019-10-30 20:31:00,"958 Elm St, San Francisco, CA 94016",October
262689,ThinkPad Laptop,1,999.99,2019-10-31 17:49:00,"896 Lincoln St, Portland, OR 97035",October
264381,ThinkPad Laptop,1,999.99,2019-10-07 05:41:00,"224 5th St, Portland, OR 97035",October
268205,ThinkPad Laptop,1,999.99,2019-10-27 15:34:00,"259 Willow St, Los Angeles, CA 90001",October
273840,ThinkPad Laptop,1,999.99,2019-10-14 19:49:00,"872 14th St, San Francisco, CA 94016",October
276328,ThinkPad Laptop,1,999.99,2019-10-23 21:30:00,"811 4th St, Los Angeles, CA 90001",October
263529,ThinkPad Laptop,1,999.99,2019-10-21 01:36:00,"761 Elm St, Los Angeles, CA 90001",October
270400,ThinkPad Laptop,1,999.99,2019-10-19 11:03:00,"882 Spruce St, Austin, TX 73301",October
272095,ThinkPad Laptop,1,999.99,2019-10-15 19:54:00,"757 Main St, Dallas, TX 75001",October
276801,ThinkPad Laptop,1,999.99,2019-10-20 21:43:00,"489 Ridge St, Seattle, WA 98101",October
261122,ThinkPad Laptop,1,999.99,2019-10-17 11:02:00,"975 Meadow St, Los Angeles, CA 90001",October
263858,ThinkPad Laptop,1,999.99,2019-10-24 18:33:00,"617 Jefferson St, Portland, ME 04101",October
270212,ThinkPad Laptop,1,999.99,2019-10-16 22:44:00,"996 Elm St, Boston, MA 02215",October
271542,ThinkPad Laptop,1,999.99,2019-10-20 00:31:00,"764 Washington St, Seattle, WA 98101",October
272247,ThinkPad Laptop,1,999.99,2019-10-19 20:06:00,"818 Washington St, Los Angeles, CA 90001",October
261860,ThinkPad Laptop,1,999.99,2019-10-20 17:08:00,"180 Lakeview St, New York City, NY 10001",October
263856,ThinkPad Laptop,1,999.99,2019-10-12 09:49:00,"568 Adams St, Los Angeles, CA 90001",October
260164,ThinkPad Laptop,1,999.99,2019-10-10 13:03:00,"394 2nd St, Boston, MA 02215",October
261884,ThinkPad Laptop,1,999.99,2019-10-19 12:23:00,"785 12th St, San Francisco, CA 94016",October
273543,ThinkPad Laptop,1,999.99,2019-10-04 10:52:00,"502 7th St, Los Angeles, CA 90001",October
262282,ThinkPad Laptop,1,999.99,2019-10-04 09:36:00,"788 River St, New York City, NY 10001",October
262780,ThinkPad Laptop,1,999.99,2019-10-26 12:07:00,"392 Main St, Dallas, TX 75001",October
269683,ThinkPad Laptop,1,999.99,2019-10-31 16:33:00,"944 10th St, New York City, NY 10001",October
270823,ThinkPad Laptop,1,999.99,2019-10-17 15:37:00,"381 Hill St, Dallas, TX 75001",October
263569,ThinkPad Laptop,1,999.99,2019-10-17 20:28:00,"399 2nd St, San Francisco, CA 94016",October
260728,ThinkPad Laptop,1,999.99,2019-10-17 21:08:00,"683 Meadow St, San Francisco, CA 94016",October
261199,ThinkPad Laptop,1,999.99,2019-10-13 01:35:00,"884 Maple St, Dallas, TX 75001",October
260866,ThinkPad Laptop,1,999.99,2019-10-22 11:38:00,"611 Dogwood St, San Francisco, CA 94016",October
261461,ThinkPad Laptop,1,999.99,2019-10-10 15:31:00,"522 Pine St, Atlanta, GA 30301",October
274206,ThinkPad Laptop,1,999.99,2019-10-30 21:36:00,"141 Washington St, New York City, NY 10001",October
274786,ThinkPad Laptop,1,999.99,2019-10-28 11:22:00,"796 Dogwood St, San Francisco, CA 94016",October
272079,ThinkPad Laptop,1,999.99,2019-10-02 08:31:00,"901 River St, Austin, TX 73301",October
277858,ThinkPad Laptop,1,999.99,2019-10-03 20:23:00,"865 Chestnut St, Dallas, TX 75001",October
275097,ThinkPad Laptop,1,999.99,2019-10-10 11:27:00,"436 Cedar St, New York City, NY 10001",October
261023,ThinkPad Laptop,1,999.99,2019-10-23 17:55:00,"445 Lakeview St, Dallas, TX 75001",October
265678,ThinkPad Laptop,1,999.99,2019-10-04 13:35:00,"570 West St, Atlanta, GA 30301",October
268822,ThinkPad Laptop,1,999.99,2019-10-17 15:22:00,"229 Cedar St, San Francisco, CA 94016",October
264440,ThinkPad Laptop,1,999.99,2019-10-10 22:25:00,"78 Lakeview St, Los Angeles, CA 90001",October
271460,ThinkPad Laptop,1,999.99,2019-10-11 11:41:00,"483 5th St, New York City, NY 10001",October
260437,ThinkPad Laptop,1,999.99,2019-10-24 08:33:00,"100 Elm St, San Francisco, CA 94016",October
265182,ThinkPad Laptop,1,999.99,2019-10-19 16:34:00,"471 4th St, New York City, NY 10001",October
266092,ThinkPad Laptop,1,999.99,2019-10-09 09:59:00,"265 Adams St, Dallas, TX 75001",October
264690,ThinkPad Laptop,1,999.99,2019-10-03 11:27:00,"165 South St, Los Angeles, CA 90001",October
275966,ThinkPad Laptop,1,999.99,2019-10-11 12:58:00,"540 12th St, Seattle, WA 98101",October
276625,ThinkPad Laptop,1,999.99,2019-10-28 23:24:00,"260 4th St, Seattle, WA 98101",October
278584,ThinkPad Laptop,1,999.99,2019-10-06 00:01:00,"10 North St, New York City, NY 10001",October
289134,ThinkPad Laptop,1,999.99,2019-11-22 22:30:00,"533 Cherry St, San Francisco, CA 94016",November
289943,ThinkPad Laptop,1,999.99,2019-11-25 20:41:00,"479 Pine St, Boston, MA 02215",November
280540,ThinkPad Laptop,1,999.99,2019-11-03 13:22:00,"831 Church St, Los Angeles, CA 90001",November
289422,ThinkPad Laptop,1,999.99,2019-11-23 14:15:00,"423 Chestnut St, Seattle, WA 98101",November
284740,ThinkPad Laptop,1,999.99,2019-11-26 18:01:00,"314 Elm St, Portland, OR 97035",November
286032,ThinkPad Laptop,1,999.99,2019-11-17 11:44:00,"413 8th St, Los Angeles, CA 90001",November
288862,ThinkPad Laptop,1,999.99,2019-11-27 08:58:00,"9 Ridge St, Boston, MA 02215",November
281601,ThinkPad Laptop,1,999.99,2019-11-11 17:22:00,"315 Adams St, San Francisco, CA 94016",November
291285,ThinkPad Laptop,1,999.99,2019-11-24 16:23:00,"826 Madison St, San Francisco, CA 94016",November
278983,ThinkPad Laptop,1,999.99,2019-11-17 05:33:00,"392 4th St, Atlanta, GA 30301",November
282056,ThinkPad Laptop,1,999.99,2019-11-13 14:20:00,"766 11th St, Los Angeles, CA 90001",November
285119,ThinkPad Laptop,1,999.99,2019-11-24 00:20:00,"339 Sunset St, Atlanta, GA 30301",November
282366,ThinkPad Laptop,1,999.99,2019-11-24 18:34:00,"929 Johnson St, New York City, NY 10001",November
284690,ThinkPad Laptop,1,999.99,2019-11-09 16:43:00,"447 10th St, Seattle, WA 98101",November
288599,ThinkPad Laptop,1,999.99,2019-11-22 21:22:00,"408 Church St, Seattle, WA 98101",November
281490,ThinkPad Laptop,1,999.99,2019-11-16 08:27:00,"654 6th St, Atlanta, GA 30301",November
285103,ThinkPad Laptop,1,999.99,2019-11-20 17:53:00,"485 Wilson St, Seattle, WA 98101",November
290723,ThinkPad Laptop,1,999.99,2019-11-12 13:07:00,"513 Elm St, Los Angeles, CA 90001",November
295061,ThinkPad Laptop,1,999.99,2019-11-25 07:07:00,"358 Lincoln St, Seattle, WA 98101",November
280956,ThinkPad Laptop,1,999.99,2019-11-08 08:50:00,"587 Lakeview St, Boston, MA 02215",November
282717,ThinkPad Laptop,1,999.99,2019-11-18 18:10:00,"314 4th St, New York City, NY 10001",November
291088,ThinkPad Laptop,1,999.99,2019-11-17 17:55:00,"13 2nd St, Boston, MA 02215",November
292597,ThinkPad Laptop,1,999.99,2019-11-01 12:01:00,"241 Chestnut St, San Francisco, CA 94016",November
282681,ThinkPad Laptop,1,999.99,2019-11-04 17:51:00,"418 Main St, New York City, NY 10001",November
290176,ThinkPad Laptop,1,999.99,2019-11-13 20:10:00,"791 9th St, Los Angeles, CA 90001",November
291921,ThinkPad Laptop,1,999.99,2019-11-25 20:20:00,"987 Washington St, Atlanta, GA 30301",November
292549,ThinkPad Laptop,1,999.99,2019-11-10 19:09:00,"161 6th St, New York City, NY 10001",November
284394,ThinkPad Laptop,1,999.99,2019-11-03 20:44:00,"416 1st St, San Francisco, CA 94016",November
295275,ThinkPad Laptop,1,999.99,2019-11-29 12:27:00,"280 Maple St, San Francisco, CA 94016",November
288367,ThinkPad Laptop,1,999.99,2019-11-23 22:11:00,"636 River St, Los Angeles, CA 90001",November
284658,ThinkPad Laptop,1,999.99,2019-11-09 18:36:00,"61 4th St, San Francisco, CA 94016",November
291039,ThinkPad Laptop,1,999.99,2019-11-11 05:53:00,"362 Highland St, Los Angeles, CA 90001",November
292896,ThinkPad Laptop,1,999.99,2019-11-11 21:43:00,"221 11th St, Boston, MA 02215",November
278806,ThinkPad Laptop,1,999.99,2019-11-19 19:12:00,"174 2nd St, Boston, MA 02215",November
291778,ThinkPad Laptop,1,999.99,2019-11-20 20:14:00,"19 6th St, Seattle, WA 98101",November
282416,ThinkPad Laptop,1,999.99,2019-11-23 11:51:00,"990 Cedar St, Seattle, WA 98101",November
289814,ThinkPad Laptop,1,999.99,2019-11-08 07:44:00,"112 Adams St, Los Angeles, CA 90001",November
288263,ThinkPad Laptop,1,999.99,2019-11-25 20:19:00,"631 Willow St, New York City, NY 10001",November
289576,ThinkPad Laptop,1,999.99,2019-11-17 14:06:00,"809 9th St, San Francisco, CA 94016",November
280508,ThinkPad Laptop,1,999.99,2019-11-07 17:18:00,"610 Cedar St, Los Angeles, CA 90001",November
284570,ThinkPad Laptop,1,999.99,2019-11-05 22:22:00,"811 Lake St, Boston, MA 02215",November
288423,ThinkPad Laptop,1,999.99,2019-11-14 08:48:00,"787 Dogwood St, Boston, MA 02215",November
290122,ThinkPad Laptop,1,999.99,2019-11-20 18:33:00,"427 10th St, Los Angeles, CA 90001",November
295625,ThinkPad Laptop,1,999.99,2019-11-22 15:16:00,"504 7th St, New York City, NY 10001",November
280992,ThinkPad Laptop,1,999.99,2019-11-27 13:01:00,"823 Ridge St, Portland, OR 97035",November
283809,ThinkPad Laptop,1,999.99,2019-11-26 15:27:00,"578 1st St, San Francisco, CA 94016",November
295133,ThinkPad Laptop,1,999.99,2019-11-15 21:58:00,"70 Hickory St, San Francisco, CA 94016",November
280559,ThinkPad Laptop,1,999.99,2019-11-19 13:24:00,"67 14th St, New York City, NY 10001",November
289519,ThinkPad Laptop,1,999.99,2019-11-07 19:27:00,"643 Church St, Los Angeles, CA 90001",November
293602,ThinkPad Laptop,1,999.99,2019-11-19 20:20:00,"217 8th St, Seattle, WA 98101",November
294162,ThinkPad Laptop,1,999.99,2019-11-08 14:20:00,"284 5th St, New York City, NY 10001",November
295127,ThinkPad Laptop,1,999.99,2019-11-15 00:51:00,"813 Elm St, San Francisco, CA 94016",November
295267,ThinkPad Laptop,1,999.99,2019-11-04 22:25:00,"898 5th St, Los Angeles, CA 90001",November
280045,ThinkPad Laptop,1,999.99,2019-11-21 15:36:00,"958 Lincoln St, San Francisco, CA 94016",November
285592,ThinkPad Laptop,1,999.99,2019-11-07 20:49:00,"628 Wilson St, Seattle, WA 98101",November
288276,ThinkPad Laptop,1,999.99,2019-11-10 15:37:00,"79 12th St, Seattle, WA 98101",November
282017,ThinkPad Laptop,1,999.99,2019-11-26 05:28:00,"231 7th St, San Francisco, CA 94016",November
285868,ThinkPad Laptop,1,999.99,2019-11-27 17:32:00,"907 8th St, Atlanta, GA 30301",November
287955,ThinkPad Laptop,1,999.99,2019-11-27 12:05:00,"624 Washington St, Los Angeles, CA 90001",November
282803,ThinkPad Laptop,1,999.99,2019-11-06 14:40:00,"47 9th St, New York City, NY 10001",November
285213,ThinkPad Laptop,1,999.99,2019-11-08 17:37:00,"163 Forest St, New York City, NY 10001",November
279117,ThinkPad Laptop,1,999.99,2019-11-03 12:21:00,"117 14th St, Dallas, TX 75001",November
285888,ThinkPad Laptop,1,999.99,2019-11-12 14:54:00,"357 2nd St, Seattle, WA 98101",November
289172,ThinkPad Laptop,1,999.99,2019-11-14 22:15:00,"280 Spruce St, New York City, NY 10001",November
290778,ThinkPad Laptop,1,999.99,2019-11-20 22:50:00,"140 Highland St, San Francisco, CA 94016",November
292798,ThinkPad Laptop,1,999.99,2019-11-10 16:19:00,"613 Hill St, New York City, NY 10001",November
298897,ThinkPad Laptop,1,999.99,2019-12-09 16:31:00,"694 Cherry St, Seattle, WA 98101",December
300361,ThinkPad Laptop,1,999.99,2019-12-23 17:54:00,"994 Park St, San Francisco, CA 94016",December
300908,ThinkPad Laptop,1,999.99,2019-12-12 17:22:00,"300 Adams St, Boston, MA 02215",December
304653,ThinkPad Laptop,1,999.99,2019-12-19 22:11:00,"464 10th St, San Francisco, CA 94016",December
311341,ThinkPad Laptop,1,999.99,2019-12-19 12:17:00,"734 Hill St, San Francisco, CA 94016",December
312648,ThinkPad Laptop,1,999.99,2019-12-09 10:43:00,"783 Elm St, Dallas, TX 75001",December
316023,ThinkPad Laptop,1,999.99,2019-12-08 12:17:00,"838 Lincoln St, Boston, MA 02215",December
297711,ThinkPad Laptop,1,999.99,2019-12-01 10:46:00,"961 4th St, Los Angeles, CA 90001",December
307390,ThinkPad Laptop,1,999.99,2019-12-30 06:54:00,"60 Walnut St, Austin, TX 73301",December
307441,ThinkPad Laptop,1,999.99,2019-12-07 14:15:00,"70 North St, New York City, NY 10001",December
318711,ThinkPad Laptop,1,999.99,2019-12-19 13:43:00,"444 Main St, Atlanta, GA 30301",December
305785,ThinkPad Laptop,1,999.99,2019-12-06 11:23:00,"861 Johnson St, San Francisco, CA 94016",December
319274,ThinkPad Laptop,1,999.99,2019-12-21 12:39:00,"980 Hill St, San Francisco, CA 94016",December
299175,ThinkPad Laptop,1,999.99,2019-12-30 08:04:00,"740 Main St, San Francisco, CA 94016",December
299584,ThinkPad Laptop,1,999.99,2019-12-12 18:51:00,"866 North St, San Francisco, CA 94016",December
309141,ThinkPad Laptop,1,999.99,2019-12-31 13:51:00,"564 Wilson St, Atlanta, GA 30301",December
311499,ThinkPad Laptop,1,999.99,2019-12-25 00:27:00,"341 7th St, New York City, NY 10001",December
315301,ThinkPad Laptop,1,999.99,2019-12-21 16:57:00,"582 Adams St, Los Angeles, CA 90001",December
302704,ThinkPad Laptop,1,999.99,2019-12-06 12:50:00,"686 Adams St, Dallas, TX 75001",December
316945,ThinkPad Laptop,1,999.99,2019-12-29 15:43:00,"528 Washington St, New York City, NY 10001",December
301037,ThinkPad Laptop,1,999.99,2019-12-01 21:39:00,"818 Main St, San Francisco, CA 94016",December
297333,ThinkPad Laptop,1,999.99,2019-12-24 15:28:00,"32 Lincoln St, Atlanta, GA 30301",December
298227,ThinkPad Laptop,1,999.99,2019-12-27 15:06:00,"377 River St, Austin, TX 73301",December
306215,ThinkPad Laptop,1,999.99,2019-12-28 07:19:00,"688 Spruce St, Boston, MA 02215",December
316791,ThinkPad Laptop,1,999.99,2019-12-12 15:18:00,"638 Highland St, San Francisco, CA 94016",December
302441,ThinkPad Laptop,1,999.99,2019-12-25 07:05:00,"680 6th St, Seattle, WA 98101",December
303149,ThinkPad Laptop,1,999.99,2019-12-29 21:58:00,"810 2nd St, San Francisco, CA 94016",December
318376,ThinkPad Laptop,1,999.99,2019-12-13 19:34:00,"37 Highland St, Portland, OR 97035",December
319217,ThinkPad Laptop,1,999.99,2019-12-30 23:42:00,"180 2nd St, Atlanta, GA 30301",December
295697,ThinkPad Laptop,1,999.99,2019-12-15 07:38:00,"742 River St, San Francisco, CA 94016",December
313494,ThinkPad Laptop,1,999.99,2019-12-23 07:54:00,"909 West St, New York City, NY 10001",December
307309,ThinkPad Laptop,1,999.99,2019-12-07 16:24:00,"896 12th St, New York City, NY 10001",December
316847,ThinkPad Laptop,1,999.99,2019-12-26 16:21:00,"939 Hill St, San Francisco, CA 94016",December
317934,ThinkPad Laptop,1,999.99,2019-12-24 06:52:00,"317 Dogwood St, Atlanta, GA 30301",December
318075,ThinkPad Laptop,1,999.99,2019-12-27 21:40:00,"690 Jackson St, Portland, OR 97035",December
297643,ThinkPad Laptop,1,999.99,2019-12-24 19:00:00,"27 Maple St, Boston, MA 02215",December
306161,ThinkPad Laptop,1,999.99,2019-12-03 22:35:00,"186 Madison St, Seattle, WA 98101",December
307433,ThinkPad Laptop,1,999.99,2019-12-06 23:10:00,"673 Highland St, Austin, TX 73301",December
309219,ThinkPad Laptop,1,999.99,2019-12-02 12:40:00,"549 Hill St, Dallas, TX 75001",December
297193,ThinkPad Laptop,1,999.99,2019-12-12 13:18:00,"733 River St, New York City, NY 10001",December
311951,ThinkPad Laptop,1,999.99,2019-12-28 14:23:00,"356 Lincoln St, San Francisco, CA 94016",December
296872,ThinkPad Laptop,1,999.99,2019-12-24 10:53:00,"186 Lakeview St, Los Angeles, CA 90001",December
301379,ThinkPad Laptop,1,999.99,2019-12-08 23:50:00,"595 8th St, New York City, NY 10001",December
310478,ThinkPad Laptop,1,999.99,2019-12-07 08:57:00,"645 Chestnut St, Los Angeles, CA 90001",December
311478,ThinkPad Laptop,1,999.99,2019-12-27 20:29:00,"821 7th St, Los Angeles, CA 90001",December
314537,ThinkPad Laptop,1,999.99,2019-12-13 19:06:00,"448 South St, Boston, MA 02215",December
304356,ThinkPad Laptop,1,999.99,2019-12-06 21:22:00,"810 Hill St, Dallas, TX 75001",December
305441,ThinkPad Laptop,1,999.99,2019-12-03 22:00:00,"588 Main St, Portland, OR 97035",December
319015,ThinkPad Laptop,1,999.99,2019-12-19 10:43:00,"493 Elm St, Atlanta, GA 30301",December
296980,ThinkPad Laptop,1,999.99,2019-12-06 10:49:00,"620 14th St, Los Angeles, CA 90001",December
301078,ThinkPad Laptop,1,999.99,2019-12-25 00:52:00,"257 Willow St, Dallas, TX 75001",December
303005,ThinkPad Laptop,1,999.99,2019-12-04 22:28:00,"283 Willow St, Boston, MA 02215",December
307153,ThinkPad Laptop,1,999.99,2019-12-01 10:31:00,"652 14th St, Atlanta, GA 30301",December
316133,ThinkPad Laptop,1,999.99,2019-12-25 19:43:00,"7 6th St, Portland, OR 97035",December
318655,ThinkPad Laptop,1,999.99,2019-12-28 15:43:00,"234 12th St, San Francisco, CA 94016",December
299123,ThinkPad Laptop,1,999.99,2019-12-20 18:51:00,"651 Chestnut St, Boston, MA 02215",December
304087,ThinkPad Laptop,1,999.99,2019-12-27 21:43:00,"801 1st St, New York City, NY 10001",December
305297,ThinkPad Laptop,1,999.99,2019-12-20 08:00:00,"732 10th St, Austin, TX 73301",December
309251,ThinkPad Laptop,1,999.99,2019-12-21 19:06:00,"324 Wilson St, New York City, NY 10001",December
309404,ThinkPad Laptop,1,999.99,2019-12-29 19:31:00,"70 Dogwood St, Seattle, WA 98101",December
313538,ThinkPad Laptop,1,999.99,2019-12-29 22:29:00,"58 5th St, Boston, MA 02215",December
316148,ThinkPad Laptop,1,999.99,2019-12-04 21:29:00,"223 Church St, Austin, TX 73301",December
317668,ThinkPad Laptop,1,999.99,2019-12-19 20:40:00,"302 South St, Seattle, WA 98101",December
300108,ThinkPad Laptop,1,999.99,2019-12-12 17:21:00,"136 West St, Atlanta, GA 30301",December
305141,ThinkPad Laptop,1,999.99,2019-12-17 10:27:00,"643 10th St, San Francisco, CA 94016",December
195287,ThinkPad Laptop,1,999.99,2019-05-06 14:27:00,"407 Church St, Portland, OR 97035",May
247553,ThinkPad Laptop,1,999.99,2019-08-30 21:31:00,"419 9th St, Los Angeles, CA 90001",August
277535,ThinkPad Laptop,1,999.99,2019-10-16 17:24:00,"91 12th St, Portland, OR 97035",October
270446,ThinkPad Laptop,1,999.99,2019-10-13 15:53:00,"465 Main St, New York City, NY 10001",October
260824,ThinkPad Laptop,1,999.99,2019-10-27 10:15:00,"48 West St, Boston, MA 02215",October
315265,ThinkPad Laptop,1,999.99,2019-12-02 13:24:00,"92 Ridge St, Portland, OR 97035",December
305944,ThinkPad Laptop,1,999.99,2019-12-01 20:49:00,"441 8th St, Boston, MA 02215",December
297598,ThinkPad Laptop,1,999.99,2019-12-05 00:04:00,"188 Forest St, Seattle, WA 98101",December
314660,ThinkPad Laptop,1,999.99,2019-12-17 07:16:00,"126 Meadow St, San Francisco, CA 94016",December
306900,ThinkPad Laptop,1,999.99,2019-12-30 16:45:00,"550 Hickory St, Portland, OR 97035",December
319370,ThinkPad Laptop,1,999.99,2019-12-24 12:16:00,"763 11th St, New York City, NY 10001",December
304349,ThinkPad Laptop,1,999.99,2019-12-25 10:36:00,"268 14th St, Los Angeles, CA 90001",December
314287,ThinkPad Laptop,1,999.99,2019-12-01 19:01:00,"861 8th St, San Francisco, CA 94016",December
299791,ThinkPad Laptop,1,999.99,2019-12-11 10:01:00,"200 Center St, New York City, NY 10001",December
311723,ThinkPad Laptop,1,999.99,2019-12-03 12:10:00,"799 1st St, San Francisco, CA 94016",December
314848,ThinkPad Laptop,1,999.99,2019-12-25 14:33:00,"679 Lincoln St, Austin, TX 73301",December
305000,ThinkPad Laptop,1,999.99,2019-12-20 15:26:00,"715 Ridge St, Austin, TX 73301",December
307099,ThinkPad Laptop,1,999.99,2019-12-15 19:36:00,"393 Park St, San Francisco, CA 94016",December
311431,ThinkPad Laptop,1,999.99,2019-12-03 17:55:00,"903 Madison St, Los Angeles, CA 90001",December
298675,ThinkPad Laptop,1,999.99,2019-12-02 19:12:00,"925 8th St, New York City, NY 10001",December
311527,ThinkPad Laptop,1,999.99,2019-12-15 00:37:00,"893 Lake St, Austin, TX 73301",December
317376,ThinkPad Laptop,1,999.99,2019-12-22 08:01:00,"305 6th St, Atlanta, GA 30301",December
296458,ThinkPad Laptop,1,999.99,2019-12-20 20:41:00,"881 Walnut St, Boston, MA 02215",December
310134,ThinkPad Laptop,1,999.99,2019-12-17 11:50:00,"776 Highland St, Los Angeles, CA 90001",December
319595,ThinkPad Laptop,1,999.99,2019-12-31 22:38:00,"788 6th St, San Francisco, CA 94016",December
297322,ThinkPad Laptop,1,999.99,2019-12-06 10:54:00,"823 Washington St, San Francisco, CA 94016",December
301400,ThinkPad Laptop,1,999.99,2019-12-05 19:57:00,"827 Chestnut St, Los Angeles, CA 90001",December
306030,ThinkPad Laptop,1,999.99,2019-12-10 12:05:00,"840 5th St, Atlanta, GA 30301",December
306683,ThinkPad Laptop,1,999.99,2019-12-13 18:41:00,"702 Johnson St, San Francisco, CA 94016",December
309084,ThinkPad Laptop,1,999.99,2019-12-13 00:37:00,"175 10th St, New York City, NY 10001",December
309375,ThinkPad Laptop,1,999.99,2019-12-17 08:49:00,"169 West St, Atlanta, GA 30301",December
307147,ThinkPad Laptop,1,999.99,2019-12-27 13:48:00,"492 5th St, Boston, MA 02215",December
316098,ThinkPad Laptop,1,999.99,2019-12-25 23:38:00,"790 Dogwood St, New York City, NY 10001",December
310004,ThinkPad Laptop,1,999.99,2019-12-04 16:57:00,"512 Jackson St, San Francisco, CA 94016",December
316535,ThinkPad Laptop,1,999.99,2019-12-19 13:22:00,"954 South St, San Francisco, CA 94016",December
301096,ThinkPad Laptop,1,999.99,2019-12-30 17:10:00,"957 12th St, Portland, OR 97035",December
313232,ThinkPad Laptop,1,999.99,2019-12-13 21:14:00,"37 4th St, San Francisco, CA 94016",December
313449,ThinkPad Laptop,1,999.99,2019-12-01 05:07:00,"279 Jefferson St, New York City, NY 10001",December
144946,ThinkPad Laptop,1,999.99,2019-01-25 12:17:00,"335 Spruce St, San Francisco, CA 94016",January
150406,ThinkPad Laptop,1,999.99,2019-01-20 06:55:00,"183 Johnson St, San Francisco, CA 94016",January
145227,ThinkPad Laptop,1,999.99,2019-01-17 12:54:00,"405 13th St, Dallas, TX 75001",January
143940,ThinkPad Laptop,1,999.99,2019-01-14 18:43:00,"553 12th St, Austin, TX 73301",January
148017,ThinkPad Laptop,1,999.99,2019-01-07 14:01:00,"811 Jackson St, New York City, NY 10001",January
149151,ThinkPad Laptop,1,999.99,2019-01-05 13:57:00,"148 Madison St, Boston, MA 02215",January
144266,ThinkPad Laptop,1,999.99,2019-01-25 21:39:00,"279 Wilson St, Boston, MA 02215",January
150280,ThinkPad Laptop,1,999.99,2019-01-20 08:09:00,"767 14th St, Seattle, WA 98101",January
146146,ThinkPad Laptop,1,999.99,2019-01-15 16:00:00,"911 10th St, New York City, NY 10001",January
142816,ThinkPad Laptop,1,999.99,2019-01-27 11:15:00,"827 Elm St, Dallas, TX 75001",January
144000,ThinkPad Laptop,1,999.99,2019-01-07 22:08:00,"155 9th St, San Francisco, CA 94016",January
146392,ThinkPad Laptop,1,999.99,2019-01-23 21:34:00,"403 Maple St, Los Angeles, CA 90001",January
147870,ThinkPad Laptop,1,999.99,2019-01-31 22:06:00,"346 Sunset St, San Francisco, CA 94016",January
150094,ThinkPad Laptop,1,999.99,2019-01-27 10:32:00,"181 Church St, San Francisco, CA 94016",January
150425,ThinkPad Laptop,1,999.99,2019-01-31 19:42:00,"814 Jefferson St, Austin, TX 73301",January
142179,ThinkPad Laptop,1,999.99,2019-01-19 01:41:00,"585 Meadow St, San Francisco, CA 94016",January
142902,ThinkPad Laptop,1,999.99,2019-01-20 11:15:00,"362 Main St, Atlanta, GA 30301",January
149711,ThinkPad Laptop,1,999.99,2019-01-22 09:45:00,"992 Hill St, San Francisco, CA 94016",January
149847,ThinkPad Laptop,1,999.99,2019-01-28 22:27:00,"346 7th St, New York City, NY 10001",January
149995,ThinkPad Laptop,1,999.99,2019-01-06 00:26:00,"364 Spruce St, Seattle, WA 98101",January
141328,ThinkPad Laptop,1,999.99,2019-01-06 23:18:00,"736 5th St, Seattle, WA 98101",January
142479,ThinkPad Laptop,1,999.99,2019-01-21 23:06:00,"192 2nd St, Los Angeles, CA 90001",January
146330,ThinkPad Laptop,1,999.99,2019-01-27 19:50:00,"917 West St, Los Angeles, CA 90001",January
148464,ThinkPad Laptop,1,999.99,2019-01-16 20:51:00,"609 Hickory St, Portland, OR 97035",January
150090,ThinkPad Laptop,1,999.99,2019-01-21 20:29:00,"263 Lincoln St, Atlanta, GA 30301",January
146234,ThinkPad Laptop,1,999.99,2019-01-12 22:10:00,"120 Church St, Atlanta, GA 30301",January
147404,ThinkPad Laptop,1,999.99,2019-01-23 10:04:00,"566 Elm St, New York City, NY 10001",January
150499,ThinkPad Laptop,1,999.99,2019-01-21 14:31:00,"214 Main St, Portland, OR 97035",January
141639,ThinkPad Laptop,1,999.99,2019-01-23 16:39:00,"284 12th St, San Francisco, CA 94016",January
147244,ThinkPad Laptop,1,999.99,2019-01-04 09:20:00,"120 Center St, San Francisco, CA 94016",January
147657,ThinkPad Laptop,1,999.99,2019-01-12 19:30:00,"122 11th St, Atlanta, GA 30301",January
143370,ThinkPad Laptop,1,999.99,2019-01-15 23:39:00,"341 Main St, New York City, NY 10001",January
143521,ThinkPad Laptop,1,999.99,2019-01-17 19:16:00,"162 2nd St, Los Angeles, CA 90001",January
143720,ThinkPad Laptop,1,999.99,2019-01-23 14:57:00,"779 2nd St, New York City, NY 10001",January
143087,ThinkPad Laptop,1,999.99,2019-01-08 00:04:00,"930 Cedar St, Seattle, WA 98101",January
146093,ThinkPad Laptop,1,999.99,2019-01-10 15:15:00,"123 14th St, Austin, TX 73301",January
147418,ThinkPad Laptop,1,999.99,2019-01-02 14:04:00,"384 8th St, Dallas, TX 75001",January
147546,ThinkPad Laptop,1,999.99,2019-01-26 18:24:00,"714 Willow St, Boston, MA 02215",January
150026,ThinkPad Laptop,1,999.99,2019-01-25 14:46:00,"247 Hickory St, San Francisco, CA 94016",January
152176,ThinkPad Laptop,1,999.99,2019-02-15 08:32:00,"654 Center St, Los Angeles, CA 90001",February
160384,ThinkPad Laptop,1,999.99,2019-02-10 11:55:00,"853 Meadow St, San Francisco, CA 94016",February
154308,ThinkPad Laptop,1,999.99,2019-02-11 12:56:00,"255 1st St, Atlanta, GA 30301",February
160730,ThinkPad Laptop,1,999.99,2019-02-24 19:05:00,"962 Maple St, Los Angeles, CA 90001",February
161846,ThinkPad Laptop,1,999.99,2019-02-08 12:59:00,"102 Sunset St, San Francisco, CA 94016",February
157543,ThinkPad Laptop,1,999.99,2019-02-28 21:28:00,"224 Adams St, Atlanta, GA 30301",February
153657,ThinkPad Laptop,1,999.99,2019-02-11 19:41:00,"451 Elm St, San Francisco, CA 94016",February
150550,ThinkPad Laptop,1,999.99,2019-02-17 14:45:00,"261 Washington St, Los Angeles, CA 90001",February
154765,ThinkPad Laptop,1,999.99,2019-02-27 22:22:00,"732 Jackson St, Austin, TX 73301",February
159937,ThinkPad Laptop,1,999.99,2019-02-03 17:59:00,"209 Cherry St, Los Angeles, CA 90001",February
153455,ThinkPad Laptop,1,999.99,2019-02-22 23:15:00,"780 Elm St, New York City, NY 10001",February
156555,ThinkPad Laptop,1,999.99,2019-02-11 19:36:00,"892 Willow St, San Francisco, CA 94016",February
151367,ThinkPad Laptop,1,999.99,2019-02-13 22:38:00,"557 Cherry St, Boston, MA 02215",February
155127,ThinkPad Laptop,1,999.99,2019-02-13 17:21:00,"505 1st St, Boston, MA 02215",February
157794,ThinkPad Laptop,1,999.99,2019-02-25 12:04:00,"287 Highland St, San Francisco, CA 94016",February
159777,ThinkPad Laptop,1,999.99,2019-02-21 23:21:00,"903 4th St, Los Angeles, CA 90001",February
159824,ThinkPad Laptop,1,999.99,2019-02-01 20:28:00,"578 9th St, Seattle, WA 98101",February
152665,ThinkPad Laptop,1,999.99,2019-02-27 12:10:00,"833 Washington St, Portland, OR 97035",February
157144,ThinkPad Laptop,1,999.99,2019-02-27 13:39:00,"847 Lakeview St, Atlanta, GA 30301",February
151954,ThinkPad Laptop,1,999.99,2019-02-04 17:13:00,"284 Church St, San Francisco, CA 94016",February
155474,ThinkPad Laptop,1,999.99,2019-02-13 14:54:00,"347 7th St, Los Angeles, CA 90001",February
153522,ThinkPad Laptop,1,999.99,2019-02-16 10:33:00,"932 Dogwood St, Boston, MA 02215",February
151859,ThinkPad Laptop,1,999.99,2019-02-06 17:39:00,"528 Meadow St, New York City, NY 10001",February
156598,ThinkPad Laptop,1,999.99,2019-02-12 09:15:00,"71 10th St, Los Angeles, CA 90001",February
158202,ThinkPad Laptop,1,999.99,2019-02-10 15:04:00,"248 Jefferson St, Los Angeles, CA 90001",February
152159,ThinkPad Laptop,1,999.99,2019-02-10 17:01:00,"573 Adams St, Seattle, WA 98101",February
153014,ThinkPad Laptop,1,999.99,2019-02-06 19:39:00,"949 9th St, Seattle, WA 98101",February
155458,ThinkPad Laptop,1,999.99,2019-02-08 12:16:00,"53 14th St, Seattle, WA 98101",February
156907,ThinkPad Laptop,1,999.99,2019-02-22 22:48:00,"398 Chestnut St, Atlanta, GA 30301",February
158888,ThinkPad Laptop,1,999.99,2019-02-24 12:09:00,"86 West St, New York City, NY 10001",February
154863,ThinkPad Laptop,1,999.99,2019-02-15 17:55:00,"594 Cherry St, San Francisco, CA 94016",February
156219,ThinkPad Laptop,1,999.99,2019-02-03 02:10:00,"994 Elm St, Portland, OR 97035",February
158340,ThinkPad Laptop,1,999.99,2019-02-13 19:46:00,"127 Adams St, New York City, NY 10001",February
151338,ThinkPad Laptop,1,999.99,2019-02-22 09:50:00,"318 Sunset St, Seattle, WA 98101",February
152527,ThinkPad Laptop,1,999.99,2019-02-06 19:17:00,"716 Hill St, San Francisco, CA 94016",February
154269,ThinkPad Laptop,1,999.99,2019-02-19 19:30:00,"883 Ridge St, San Francisco, CA 94016",February
161057,ThinkPad Laptop,1,999.99,2019-02-12 05:03:00,"477 Jackson St, New York City, NY 10001",February
152036,ThinkPad Laptop,1,999.99,2019-03-01 05:56:00,"477 Washington St, San Francisco, CA 94016",March
155003,ThinkPad Laptop,1,999.99,2019-02-25 13:26:00,"753 Meadow St, New York City, NY 10001",February
163373,ThinkPad Laptop,1,999.99,2019-03-27 09:08:00,"947 Hickory St, New York City, NY 10001",March
176370,ThinkPad Laptop,1,999.99,2019-03-30 19:02:00,"713 West St, Seattle, WA 98101",March
162471,ThinkPad Laptop,1,999.99,2019-03-04 08:59:00,"69 Spruce St, Boston, MA 02215",March
162067,ThinkPad Laptop,1,999.99,2019-03-07 23:40:00,"4 Cedar St, San Francisco, CA 94016",March
163573,ThinkPad Laptop,1,999.99,2019-03-21 15:51:00,"388 Ridge St, Portland, ME 04101",March
169937,ThinkPad Laptop,1,999.99,2019-03-23 12:33:00,"24 Madison St, New York City, NY 10001",March
165035,ThinkPad Laptop,1,999.99,2019-03-02 08:48:00,"337 8th St, Dallas, TX 75001",March
173162,ThinkPad Laptop,1,999.99,2019-03-31 21:18:00,"960 Highland St, New York City, NY 10001",March
174372,ThinkPad Laptop,1,999.99,2019-03-28 20:58:00,"423 Cedar St, Los Angeles, CA 90001",March
165767,ThinkPad Laptop,1,999.99,2019-03-01 20:05:00,"775 Maple St, San Francisco, CA 94016",March
168181,ThinkPad Laptop,1,999.99,2019-03-25 19:42:00,"798 Ridge St, San Francisco, CA 94016",March
170885,ThinkPad Laptop,1,999.99,2019-03-25 08:32:00,"37 5th St, Portland, OR 97035",March
173658,ThinkPad Laptop,1,999.99,2019-03-30 06:31:00,"228 Forest St, New York City, NY 10001",March
176292,ThinkPad Laptop,1,999.99,2019-03-16 13:17:00,"754 Wilson St, New York City, NY 10001",March
163881,ThinkPad Laptop,1,999.99,2019-03-18 09:44:00,"692 Johnson St, Austin, TX 73301",March
168929,ThinkPad Laptop,1,999.99,2019-03-31 22:20:00,"253 North St, Austin, TX 73301",March
169187,ThinkPad Laptop,1,999.99,2019-03-05 11:40:00,"319 Adams St, Seattle, WA 98101",March
170344,ThinkPad Laptop,1,999.99,2019-03-16 14:30:00,"33 Center St, New York City, NY 10001",March
174151,ThinkPad Laptop,1,999.99,2019-03-11 07:03:00,"316 Wilson St, Dallas, TX 75001",March
164370,ThinkPad Laptop,1,999.99,2019-03-05 08:15:00,"403 Johnson St, Los Angeles, CA 90001",March
164851,ThinkPad Laptop,1,999.99,2019-03-04 09:01:00,"738 6th St, Boston, MA 02215",March
168016,ThinkPad Laptop,1,999.99,2019-03-16 13:17:00,"76 Lakeview St, Seattle, WA 98101",March
174102,ThinkPad Laptop,1,999.99,2019-03-17 08:27:00,"790 Lake St, Boston, MA 02215",March
168943,ThinkPad Laptop,1,999.99,2019-03-30 09:30:00,"277 North St, Los Angeles, CA 90001",March
167109,ThinkPad Laptop,1,999.99,2019-03-03 14:34:00,"187 Adams St, New York City, NY 10001",March
170782,ThinkPad Laptop,1,999.99,2019-03-01 15:50:00,"57 Forest St, San Francisco, CA 94016",March
164298,ThinkPad Laptop,1,999.99,2019-03-05 19:46:00,"693 Pine St, Los Angeles, CA 90001",March
165629,ThinkPad Laptop,1,999.99,2019-03-14 16:55:00,"489 Forest St, San Francisco, CA 94016",March
166475,ThinkPad Laptop,1,999.99,2019-03-19 10:03:00,"432 2nd St, San Francisco, CA 94016",March
173312,ThinkPad Laptop,1,999.99,2019-03-26 06:05:00,"744 6th St, Los Angeles, CA 90001",March
162094,ThinkPad Laptop,1,999.99,2019-03-21 03:42:00,"959 River St, Atlanta, GA 30301",March
173216,ThinkPad Laptop,1,999.99,2019-03-07 12:43:00,"678 Lincoln St, Dallas, TX 75001",March
176522,ThinkPad Laptop,1,999.99,2019-03-06 08:22:00,"919 Spruce St, Seattle, WA 98101",March
165575,ThinkPad Laptop,1,999.99,2019-03-08 22:29:00,"705 Highland St, Atlanta, GA 30301",March
168371,ThinkPad Laptop,1,999.99,2019-03-05 21:02:00,"699 12th St, Los Angeles, CA 90001",March
169012,ThinkPad Laptop,1,999.99,2019-03-12 16:47:00,"8 Church St, Seattle, WA 98101",March
171992,ThinkPad Laptop,1,999.99,2019-03-17 11:44:00,"539 Wilson St, Los Angeles, CA 90001",March
167222,ThinkPad Laptop,1,999.99,2019-03-30 15:36:00,"662 Center St, New York City, NY 10001",March
167286,ThinkPad Laptop,1,999.99,2019-03-01 14:14:00,"822 Church St, Atlanta, GA 30301",March
168145,ThinkPad Laptop,1,999.99,2019-03-29 02:54:00,"902 4th St, Atlanta, GA 30301",March
171869,ThinkPad Laptop,1,999.99,2019-03-25 18:22:00,"736 North St, Los Angeles, CA 90001",March
172145,ThinkPad Laptop,1,999.99,2019-03-07 19:22:00,"458 Lincoln St, New York City, NY 10001",March
165416,ThinkPad Laptop,1,999.99,2019-03-22 14:21:00,"178 Willow St, Austin, TX 73301",March
170065,ThinkPad Laptop,1,999.99,2019-03-31 09:33:00,"319 Dogwood St, San Francisco, CA 94016",March
169213,ThinkPad Laptop,1,999.99,2019-03-29 12:11:00,"658 Hickory St, Boston, MA 02215",March
173748,ThinkPad Laptop,1,999.99,2019-03-09 21:08:00,"68 Hickory St, New York City, NY 10001",March
175554,ThinkPad Laptop,1,999.99,2019-03-11 21:57:00,"613 Sunset St, Austin, TX 73301",March
163164,ThinkPad Laptop,1,999.99,2019-03-26 01:53:00,"724 Lake St, San Francisco, CA 94016",March
168636,ThinkPad Laptop,1,999.99,2019-03-06 12:43:00,"756 Sunset St, New York City, NY 10001",March
166165,ThinkPad Laptop,1,999.99,2019-03-04 16:17:00,"657 Highland St, San Francisco, CA 94016",March
169220,ThinkPad Laptop,1,999.99,2019-03-30 12:53:00,"467 7th St, Atlanta, GA 30301",March
176189,ThinkPad Laptop,1,999.99,2019-03-28 12:28:00,"739 Sunset St, Atlanta, GA 30301",March
165390,ThinkPad Laptop,1,999.99,2019-03-12 02:01:00,"5 Hickory St, San Francisco, CA 94016",March
165870,ThinkPad Laptop,1,999.99,2019-03-19 17:07:00,"916 Lakeview St, Los Angeles, CA 90001",March
168553,ThinkPad Laptop,1,999.99,2019-03-17 12:10:00,"746 Johnson St, San Francisco, CA 94016",March
168701,ThinkPad Laptop,1,999.99,2019-03-01 11:25:00,"706 6th St, Austin, TX 73301",March
175303,ThinkPad Laptop,1,999.99,2019-03-13 14:22:00,"957 Lincoln St, New York City, NY 10001",March
167459,ThinkPad Laptop,1,999.99,2019-03-26 11:59:00,"659 Lakeview St, Atlanta, GA 30301",March
171315,ThinkPad Laptop,1,999.99,2019-03-22 20:12:00,"973 9th St, Los Angeles, CA 90001",March
165002,ThinkPad Laptop,1,999.99,2019-03-22 23:36:00,"456 Lincoln St, Seattle, WA 98101",March
168905,ThinkPad Laptop,1,999.99,2019-04-01 01:00:00,"241 Spruce St, Boston, MA 02215",April
165057,ThinkPad Laptop,1,999.99,2019-03-21 23:09:00,"930 Dogwood St, New York City, NY 10001",March
169681,ThinkPad Laptop,1,999.99,2019-03-07 10:16:00,"7 Spruce St, Los Angeles, CA 90001",March
163756,ThinkPad Laptop,1,999.99,2019-03-17 22:25:00,"392 Ridge St, New York City, NY 10001",March
170854,ThinkPad Laptop,1,999.99,2019-03-07 08:44:00,"908 Spruce St, San Francisco, CA 94016",March
180429,ThinkPad Laptop,1,999.99,2019-04-18 16:24:00,"686 Jackson St, Portland, OR 97035",April
185672,ThinkPad Laptop,1,999.99,2019-04-18 21:00:00,"410 12th St, San Francisco, CA 94016",April
185775,ThinkPad Laptop,1,999.99,2019-04-27 17:28:00,"512 Main St, New York City, NY 10001",April
189526,ThinkPad Laptop,1,999.99,2019-04-26 21:03:00,"320 10th St, Los Angeles, CA 90001",April
180029,ThinkPad Laptop,1,999.99,2019-04-28 10:59:00,"225 Center St, San Francisco, CA 94016",April
180645,ThinkPad Laptop,1,999.99,2019-04-18 19:35:00,"713 14th St, Boston, MA 02215",April
190657,ThinkPad Laptop,1,999.99,2019-04-23 17:07:00,"647 Walnut St, New York City, NY 10001",April
177558,ThinkPad Laptop,1,999.99,2019-04-10 22:50:00,"990 9th St, San Francisco, CA 94016",April
189821,ThinkPad Laptop,1,999.99,2019-04-07 14:32:00,"129 Johnson St, San Francisco, CA 94016",April
178937,ThinkPad Laptop,1,999.99,2019-04-04 19:24:00,"196 Jackson St, San Francisco, CA 94016",April
190986,ThinkPad Laptop,1,999.99,2019-04-09 19:41:00,"860 Sunset St, San Francisco, CA 94016",April
192637,ThinkPad Laptop,1,999.99,2019-04-23 01:57:00,"432 Jackson St, Seattle, WA 98101",April
178188,ThinkPad Laptop,1,999.99,2019-04-18 14:14:00,"482 13th St, New York City, NY 10001",April
180351,ThinkPad Laptop,1,999.99,2019-04-09 09:45:00,"447 Pine St, San Francisco, CA 94016",April
186873,ThinkPad Laptop,1,999.99,2019-04-08 18:29:00,"787 Sunset St, Atlanta, GA 30301",April
188994,ThinkPad Laptop,1,999.99,2019-04-27 23:47:00,"682 Ridge St, Los Angeles, CA 90001",April
191794,ThinkPad Laptop,1,999.99,2019-04-13 16:12:00,"635 Wilson St, San Francisco, CA 94016",April
192831,ThinkPad Laptop,1,999.99,2019-04-27 17:02:00,"194 4th St, Atlanta, GA 30301",April
188477,ThinkPad Laptop,1,999.99,2019-04-15 12:31:00,"561 Madison St, Boston, MA 02215",April
180171,ThinkPad Laptop,1,999.99,2019-04-01 12:31:00,"128 Park St, San Francisco, CA 94016",April
184252,ThinkPad Laptop,1,999.99,2019-04-05 21:18:00,"334 13th St, Seattle, WA 98101",April
187881,ThinkPad Laptop,1,999.99,2019-04-11 17:56:00,"45 11th St, New York City, NY 10001",April
188104,ThinkPad Laptop,1,999.99,2019-04-23 11:03:00,"148 13th St, San Francisco, CA 94016",April
177479,ThinkPad Laptop,1,999.99,2019-04-27 10:39:00,"941 Jefferson St, Boston, MA 02215",April
177591,ThinkPad Laptop,1,999.99,2019-04-26 22:04:00,"121 9th St, San Francisco, CA 94016",April
180664,ThinkPad Laptop,1,999.99,2019-04-04 18:21:00,"86 2nd St, Atlanta, GA 30301",April
185450,ThinkPad Laptop,1,999.99,2019-04-06 15:54:00,"489 Walnut St, Los Angeles, CA 90001",April
191018,ThinkPad Laptop,1,999.99,2019-04-28 14:06:00,"336 11th St, Dallas, TX 75001",April
180360,ThinkPad Laptop,1,999.99,2019-04-25 19:01:00,"295 Dogwood St, Los Angeles, CA 90001",April
179846,ThinkPad Laptop,1,999.99,2019-04-08 19:42:00,"380 South St, New York City, NY 10001",April
190405,ThinkPad Laptop,1,999.99,2019-04-25 17:43:00,"833 4th St, Los Angeles, CA 90001",April
177505,ThinkPad Laptop,1,999.99,2019-04-30 16:04:00,"823 Johnson St, Seattle, WA 98101",April
180846,ThinkPad Laptop,1,999.99,2019-04-12 17:40:00,"297 9th St, Atlanta, GA 30301",April
184432,ThinkPad Laptop,1,999.99,2019-04-24 23:48:00,"66 2nd St, Boston, MA 02215",April
187212,ThinkPad Laptop,1,999.99,2019-04-18 09:38:00,"155 6th St, Boston, MA 02215",April
184194,ThinkPad Laptop,1,999.99,2019-04-08 22:07:00,"447 Spruce St, Atlanta, GA 30301",April
183895,ThinkPad Laptop,1,999.99,2019-04-04 11:55:00,"556 Center St, Seattle, WA 98101",April
184815,ThinkPad Laptop,1,999.99,2019-04-18 13:15:00,"141 Highland St, Boston, MA 02215",April
193263,ThinkPad Laptop,1,999.99,2019-04-27 12:01:00,"496 Sunset St, San Francisco, CA 94016",April
185003,ThinkPad Laptop,1,999.99,2019-04-06 20:12:00,"195 Hickory St, Portland, OR 97035",April
178279,ThinkPad Laptop,1,999.99,2019-04-29 11:21:00,"163 1st St, Los Angeles, CA 90001",April
176929,ThinkPad Laptop,1,999.99,2019-04-11 22:13:00,"743 11th St, Dallas, TX 75001",April
178148,ThinkPad Laptop,1,999.99,2019-04-24 20:12:00,"208 5th St, Seattle, WA 98101",April
180119,ThinkPad Laptop,1,999.99,2019-04-26 09:24:00,"846 Elm St, San Francisco, CA 94016",April
180449,ThinkPad Laptop,1,999.99,2019-04-05 12:00:00,"431 Willow St, San Francisco, CA 94016",April
180728,ThinkPad Laptop,1,999.99,2019-04-22 20:27:00,"376 Adams St, Portland, ME 04101",April
192903,ThinkPad Laptop,1,999.99,2019-04-01 18:50:00,"798 Sunset St, Atlanta, GA 30301",April
189060,ThinkPad Laptop,1,999.99,2019-04-11 15:07:00,"70 Wilson St, Atlanta, GA 30301",April
189730,ThinkPad Laptop,1,999.99,2019-04-26 12:10:00,"895 11th St, Seattle, WA 98101",April
192671,ThinkPad Laptop,1,999.99,2019-04-07 11:32:00,"196 Dogwood St, Dallas, TX 75001",April
185764,ThinkPad Laptop,1,999.99,2019-04-09 19:01:00,"440 7th St, Los Angeles, CA 90001",April
193634,ThinkPad Laptop,1,999.99,2019-04-05 19:15:00,"546 Hickory St, New York City, NY 10001",April
185200,ThinkPad Laptop,1,999.99,2019-04-02 13:45:00,"446 7th St, Los Angeles, CA 90001",April
186731,ThinkPad Laptop,1,999.99,2019-04-04 14:57:00,"232 Main St, Dallas, TX 75001",April
192104,ThinkPad Laptop,1,999.99,2019-04-23 20:32:00,"255 Main St, Boston, MA 02215",April
181913,ThinkPad Laptop,1,999.99,2019-04-19 21:44:00,"751 Cherry St, Portland, ME 04101",April
183660,ThinkPad Laptop,1,999.99,2019-04-28 17:32:00,"694 6th St, New York City, NY 10001",April
179194,ThinkPad Laptop,1,999.99,2019-04-30 20:20:00,"50 Meadow St, Dallas, TX 75001",April
179550,ThinkPad Laptop,1,999.99,2019-04-07 12:48:00,"56 Willow St, New York City, NY 10001",April
203325,ThinkPad Laptop,1,999.99,2019-05-30 21:41:00,"571 Highland St, Dallas, TX 75001",May
194370,ThinkPad Laptop,1,999.99,2019-05-29 08:41:00,"697 Maple St, Los Angeles, CA 90001",May
198303,ThinkPad Laptop,1,999.99,2019-05-29 18:49:00,"103 Madison St, Los Angeles, CA 90001",May
205940,ThinkPad Laptop,1,999.99,2019-05-01 08:51:00,"965 Hickory St, Los Angeles, CA 90001",May
198599,ThinkPad Laptop,1,999.99,2019-05-28 17:10:00,"237 Johnson St, Atlanta, GA 30301",May
206199,ThinkPad Laptop,1,999.99,2019-05-26 08:35:00,"772 Chestnut St, Dallas, TX 75001",May
200880,ThinkPad Laptop,1,999.99,2019-05-10 18:14:00,"184 River St, Portland, OR 97035",May
205505,ThinkPad Laptop,1,999.99,2019-05-02 20:34:00,"202 14th St, New York City, NY 10001",May
194209,ThinkPad Laptop,1,999.99,2019-05-09 21:06:00,"800 Sunset St, Dallas, TX 75001",May
209378,ThinkPad Laptop,1,999.99,2019-05-15 18:58:00,"787 North St, Dallas, TX 75001",May
209914,ThinkPad Laptop,1,999.99,2019-05-02 19:57:00,"903 Adams St, Portland, OR 97035",May
207840,ThinkPad Laptop,1,999.99,2019-05-04 17:54:00,"802 Madison St, Atlanta, GA 30301",May
202677,ThinkPad Laptop,1,999.99,2019-05-08 11:47:00,"634 8th St, Portland, OR 97035",May
197295,ThinkPad Laptop,1,999.99,2019-05-26 10:32:00,"916 Walnut St, San Francisco, CA 94016",May
201186,ThinkPad Laptop,1,999.99,2019-05-23 01:47:00,"112 Cherry St, San Francisco, CA 94016",May
209848,ThinkPad Laptop,1,999.99,2019-05-21 14:59:00,"798 Walnut St, Seattle, WA 98101",May
197054,ThinkPad Laptop,1,999.99,2019-05-13 19:28:00,"750 Sunset St, Los Angeles, CA 90001",May
208382,ThinkPad Laptop,1,999.99,2019-05-18 00:06:00,"865 Lakeview St, Austin, TX 73301",May
209582,ThinkPad Laptop,1,999.99,2019-05-20 07:13:00,"952 14th St, Los Angeles, CA 90001",May
202463,ThinkPad Laptop,1,999.99,2019-05-07 15:37:00,"479 Wilson St, New York City, NY 10001",May
209498,ThinkPad Laptop,1,999.99,2019-05-25 19:18:00,"713 Main St, San Francisco, CA 94016",May
202381,ThinkPad Laptop,1,999.99,2019-05-03 20:29:00,"420 Washington St, Boston, MA 02215",May
194559,ThinkPad Laptop,1,999.99,2019-05-22 19:38:00,"746 Pine St, Austin, TX 73301",May
194867,ThinkPad Laptop,1,999.99,2019-05-11 11:36:00,"939 River St, San Francisco, CA 94016",May
196525,ThinkPad Laptop,1,999.99,2019-05-18 16:02:00,"269 6th St, Boston, MA 02215",May
209068,ThinkPad Laptop,1,999.99,2019-05-06 14:18:00,"448 Meadow St, Portland, OR 97035",May
200211,ThinkPad Laptop,1,999.99,2019-05-02 21:41:00,"238 11th St, Portland, OR 97035",May
203446,ThinkPad Laptop,1,999.99,2019-05-17 09:40:00,"492 River St, New York City, NY 10001",May
208783,ThinkPad Laptop,1,999.99,2019-05-01 16:19:00,"860 Park St, Dallas, TX 75001",May
197764,ThinkPad Laptop,1,999.99,2019-05-22 18:46:00,"868 Main St, San Francisco, CA 94016",May
204321,ThinkPad Laptop,1,999.99,2019-05-19 15:44:00,"563 Pine St, San Francisco, CA 94016",May
205458,ThinkPad Laptop,1,999.99,2019-05-23 14:15:00,"742 4th St, San Francisco, CA 94016",May
208568,ThinkPad Laptop,1,999.99,2019-05-13 14:51:00,"885 Jackson St, Dallas, TX 75001",May
197127,ThinkPad Laptop,1,999.99,2019-05-14 23:15:00,"638 Jackson St, Los Angeles, CA 90001",May
203302,ThinkPad Laptop,1,999.99,2019-05-08 13:31:00,"185 Park St, San Francisco, CA 94016",May
208536,ThinkPad Laptop,1,999.99,2019-05-29 11:42:00,"7 Ridge St, Los Angeles, CA 90001",May
197693,ThinkPad Laptop,1,999.99,2019-05-09 20:22:00,"303 Dogwood St, San Francisco, CA 94016",May
196800,ThinkPad Laptop,1,999.99,2019-05-26 15:43:00,"194 Johnson St, New York City, NY 10001",May
198034,ThinkPad Laptop,1,999.99,2019-05-15 21:03:00,"376 Jackson St, San Francisco, CA 94016",May
209741,ThinkPad Laptop,1,999.99,2019-05-19 17:11:00,"415 Sunset St, Boston, MA 02215",May
203879,ThinkPad Laptop,1,999.99,2019-05-06 18:48:00,"908 Sunset St, Dallas, TX 75001",May
209339,ThinkPad Laptop,1,999.99,2019-05-18 22:19:00,"921 Willow St, San Francisco, CA 94016",May
202391,ThinkPad Laptop,1,999.99,2019-05-13 19:16:00,"243 Lincoln St, New York City, NY 10001",May
194833,ThinkPad Laptop,1,999.99,2019-05-24 18:31:00,"341 9th St, San Francisco, CA 94016",May
197139,ThinkPad Laptop,1,999.99,2019-05-05 12:27:00,"674 Hill St, Dallas, TX 75001",May
204347,ThinkPad Laptop,1,999.99,2019-05-31 07:03:00,"780 Pine St, Dallas, TX 75001",May
207691,ThinkPad Laptop,1,999.99,2019-05-10 18:01:00,"790 Jefferson St, New York City, NY 10001",May
208287,ThinkPad Laptop,1,999.99,2019-05-23 20:35:00,"426 Center St, San Francisco, CA 94016",May
198902,ThinkPad Laptop,1,999.99,2019-05-03 17:26:00,"721 Chestnut St, Los Angeles, CA 90001",May
196598,ThinkPad Laptop,1,999.99,2019-05-06 09:50:00,"393 Cedar St, Los Angeles, CA 90001",May
197179,ThinkPad Laptop,1,999.99,2019-05-30 00:20:00,"228 Highland St, Los Angeles, CA 90001",May
200224,ThinkPad Laptop,1,999.99,2019-05-05 22:36:00,"261 Dogwood St, Boston, MA 02215",May
203463,ThinkPad Laptop,1,999.99,2019-05-08 16:33:00,"257 Elm St, Dallas, TX 75001",May
221892,ThinkPad Laptop,1,999.99,2019-06-27 18:34:00,"99 10th St, San Francisco, CA 94016",June
210674,ThinkPad Laptop,1,999.99,2019-06-12 02:31:00,"558 Spruce St, Seattle, WA 98101",June
219506,ThinkPad Laptop,1,999.99,2019-06-23 07:09:00,"216 Ridge St, Dallas, TX 75001",June
212110,ThinkPad Laptop,1,999.99,2019-06-18 00:00:00,"866 1st St, Seattle, WA 98101",June
213389,ThinkPad Laptop,1,999.99,2019-06-16 18:23:00,"4 River St, New York City, NY 10001",June
218624,ThinkPad Laptop,1,999.99,2019-06-28 20:43:00,"655 8th St, Boston, MA 02215",June
210862,ThinkPad Laptop,1,999.99,2019-06-09 14:56:00,"393 9th St, Los Angeles, CA 90001",June
215767,ThinkPad Laptop,1,999.99,2019-06-04 18:40:00,"551 12th St, Austin, TX 73301",June
214596,ThinkPad Laptop,1,999.99,2019-06-05 06:58:00,"367 North St, Seattle, WA 98101",June
217592,ThinkPad Laptop,1,999.99,2019-06-21 18:01:00,"394 Willow St, San Francisco, CA 94016",June
221255,ThinkPad Laptop,1,999.99,2019-06-30 23:06:00,"722 Church St, Atlanta, GA 30301",June
211904,ThinkPad Laptop,1,999.99,2019-06-27 22:31:00,"523 West St, Los Angeles, CA 90001",June
213061,ThinkPad Laptop,1,999.99,2019-06-04 13:17:00,"564 10th St, New York City, NY 10001",June
218244,ThinkPad Laptop,1,999.99,2019-06-06 14:13:00,"197 11th St, Los Angeles, CA 90001",June
221424,ThinkPad Laptop,1,999.99,2019-06-05 14:51:00,"672 River St, Atlanta, GA 30301",June
214553,ThinkPad Laptop,1,999.99,2019-06-16 10:46:00,"621 9th St, San Francisco, CA 94016",June
219608,ThinkPad Laptop,1,999.99,2019-06-03 14:40:00,"658 Sunset St, San Francisco, CA 94016",June
220535,ThinkPad Laptop,1,999.99,2019-06-22 22:26:00,"901 Main St, New York City, NY 10001",June
216725,ThinkPad Laptop,1,999.99,2019-06-25 12:46:00,"566 Madison St, San Francisco, CA 94016",June
211382,ThinkPad Laptop,1,999.99,2019-06-09 23:34:00,"332 South St, Boston, MA 02215",June
218609,ThinkPad Laptop,1,999.99,2019-06-03 18:02:00,"960 5th St, Los Angeles, CA 90001",June
214547,ThinkPad Laptop,1,999.99,2019-06-18 21:38:00,"489 Wilson St, San Francisco, CA 94016",June
220832,ThinkPad Laptop,1,999.99,2019-06-17 22:29:00,"539 9th St, Los Angeles, CA 90001",June
210409,ThinkPad Laptop,1,999.99,2019-06-20 17:42:00,"442 Chestnut St, Atlanta, GA 30301",June
218020,ThinkPad Laptop,1,999.99,2019-06-23 20:21:00,"576 Meadow St, New York City, NY 10001",June
218945,ThinkPad Laptop,1,999.99,2019-06-23 18:20:00,"992 Willow St, New York City, NY 10001",June
219271,ThinkPad Laptop,1,999.99,2019-06-25 13:52:00,"724 Main St, Boston, MA 02215",June
218407,ThinkPad Laptop,1,999.99,2019-06-09 13:21:00,"921 Center St, New York City, NY 10001",June
222076,ThinkPad Laptop,1,999.99,2019-07-01 00:52:00,"878 Park St, Dallas, TX 75001",July
216423,ThinkPad Laptop,1,999.99,2019-06-24 12:54:00,"810 Johnson St, San Francisco, CA 94016",June
222301,ThinkPad Laptop,1,999.99,2019-06-03 11:57:00,"906 Jackson St, Portland, OR 97035",June
211263,ThinkPad Laptop,1,999.99,2019-06-04 22:51:00,"823 Willow St, San Francisco, CA 94016",June
219853,ThinkPad Laptop,1,999.99,2019-06-14 20:16:00,"531 Cherry St, Portland, OR 97035",June
222245,ThinkPad Laptop,1,999.99,2019-06-29 04:31:00,"740 9th St, San Francisco, CA 94016",June
210496,ThinkPad Laptop,1,999.99,2019-06-13 00:30:00,"438 Dogwood St, Seattle, WA 98101",June
214875,ThinkPad Laptop,1,999.99,2019-06-23 17:13:00,"9 Forest St, New York City, NY 10001",June
218695,ThinkPad Laptop,1,999.99,2019-06-07 17:19:00,"847 Chestnut St, San Francisco, CA 94016",June
218707,ThinkPad Laptop,1,999.99,2019-06-07 10:41:00,"748 Johnson St, Portland, OR 97035",June
218402,ThinkPad Laptop,1,999.99,2019-06-16 20:51:00,"913 Johnson St, Atlanta, GA 30301",June
222079,ThinkPad Laptop,1,999.99,2019-06-06 13:00:00,"839 Hill St, Austin, TX 73301",June
210084,ThinkPad Laptop,1,999.99,2019-06-11 18:16:00,"696 Adams St, Los Angeles, CA 90001",June
217802,ThinkPad Laptop,1,999.99,2019-06-24 10:20:00,"48 Spruce St, San Francisco, CA 94016",June
221794,ThinkPad Laptop,1,999.99,2019-06-06 11:59:00,"136 12th St, San Francisco, CA 94016",June
217693,ThinkPad Laptop,1,999.99,2019-06-07 14:50:00,"103 8th St, San Francisco, CA 94016",June
220311,ThinkPad Laptop,1,999.99,2019-06-05 07:15:00,"450 Center St, San Francisco, CA 94016",June
217242,ThinkPad Laptop,1,999.99,2019-06-28 14:47:00,"982 Main St, Los Angeles, CA 90001",June
220060,ThinkPad Laptop,1,999.99,2019-06-30 10:21:00,"350 Lake St, Seattle, WA 98101",June
216766,ThinkPad Laptop,1,999.99,2019-06-20 17:17:00,"104 Pine St, Austin, TX 73301",June
220429,ThinkPad Laptop,1,999.99,2019-06-18 17:47:00,"763 Washington St, San Francisco, CA 94016",June
215762,ThinkPad Laptop,1,999.99,2019-06-07 23:41:00,"272 Wilson St, Atlanta, GA 30301",June
219384,ThinkPad Laptop,1,999.99,2019-06-11 07:33:00,"859 Walnut St, Los Angeles, CA 90001",June
220435,ThinkPad Laptop,1,999.99,2019-06-18 20:01:00,"95 6th St, Los Angeles, CA 90001",June
221181,ThinkPad Laptop,1,999.99,2019-06-20 16:07:00,"191 Sunset St, Atlanta, GA 30301",June
221969,ThinkPad Laptop,1,999.99,2019-06-14 10:34:00,"336 13th St, Boston, MA 02215",June
222947,ThinkPad Laptop,1,999.99,2019-07-16 09:15:00,"612 Spruce St, New York City, NY 10001",July
232573,ThinkPad Laptop,1,999.99,2019-07-11 20:35:00,"812 Lake St, Los Angeles, CA 90001",July
235388,ThinkPad Laptop,1,999.99,2019-07-27 14:15:00,"304 Jefferson St, Dallas, TX 75001",July
230084,ThinkPad Laptop,1,999.99,2019-07-12 18:51:00,"478 Lincoln St, New York City, NY 10001",July
230167,ThinkPad Laptop,1,999.99,2019-07-31 10:12:00,"764 Jefferson St, New York City, NY 10001",July
224234,ThinkPad Laptop,1,999.99,2019-07-12 14:24:00,"629 10th St, San Francisco, CA 94016",July
233656,ThinkPad Laptop,1,999.99,2019-07-10 12:38:00,"695 Hill St, San Francisco, CA 94016",July
228191,ThinkPad Laptop,1,999.99,2019-07-24 15:57:00,"347 Park St, Seattle, WA 98101",July
232562,ThinkPad Laptop,1,999.99,2019-07-22 14:08:00,"410 Adams St, San Francisco, CA 94016",July
225096,ThinkPad Laptop,1,999.99,2019-07-09 15:08:00,"858 Jefferson St, Dallas, TX 75001",July
227814,ThinkPad Laptop,1,999.99,2019-07-06 07:16:00,"868 Forest St, San Francisco, CA 94016",July
234457,ThinkPad Laptop,1,999.99,2019-07-18 14:08:00,"733 Walnut St, San Francisco, CA 94016",July
232857,ThinkPad Laptop,1,999.99,2019-07-04 13:14:00,"476 Ridge St, Seattle, WA 98101",July
226379,ThinkPad Laptop,1,999.99,2019-07-08 20:57:00,"569 Jefferson St, San Francisco, CA 94016",July
236140,ThinkPad Laptop,1,999.99,2019-07-09 17:32:00,"930 Adams St, New York City, NY 10001",July
223992,ThinkPad Laptop,1,999.99,2019-07-13 12:12:00,"818 11th St, Portland, OR 97035",July
230365,ThinkPad Laptop,1,999.99,2019-07-21 13:04:00,"970 Church St, Austin, TX 73301",July
232560,ThinkPad Laptop,1,999.99,2019-07-05 19:53:00,"870 Park St, San Francisco, CA 94016",July
226380,ThinkPad Laptop,1,999.99,2019-07-05 11:25:00,"265 Jackson St, Austin, TX 73301",July
231186,ThinkPad Laptop,1,999.99,2019-07-04 13:54:00,"878 11th St, Atlanta, GA 30301",July
231816,ThinkPad Laptop,1,999.99,2019-07-13 23:36:00,"42 Spruce St, Los Angeles, CA 90001",July
232302,ThinkPad Laptop,1,999.99,2019-07-03 17:12:00,"864 2nd St, Dallas, TX 75001",July
229153,ThinkPad Laptop,1,999.99,2019-07-09 11:35:00,"150 4th St, Los Angeles, CA 90001",July
236126,ThinkPad Laptop,1,999.99,2019-07-13 20:17:00,"532 Jackson St, San Francisco, CA 94016",July
229148,ThinkPad Laptop,1,999.99,2019-07-12 02:17:00,"876 Maple St, Los Angeles, CA 90001",July
231222,ThinkPad Laptop,1,999.99,2019-07-13 15:18:00,"792 Cherry St, New York City, NY 10001",July
231465,ThinkPad Laptop,1,999.99,2019-07-02 14:05:00,"912 5th St, San Francisco, CA 94016",July
234665,ThinkPad Laptop,1,999.99,2019-07-22 01:01:00,"48 Ridge St, New York City, NY 10001",July
225068,ThinkPad Laptop,1,999.99,2019-07-18 18:14:00,"97 Forest St, Dallas, TX 75001",July
225949,ThinkPad Laptop,1,999.99,2019-07-12 22:47:00,"223 14th St, New York City, NY 10001",July
229759,ThinkPad Laptop,1,999.99,2019-07-05 13:35:00,"992 2nd St, New York City, NY 10001",July
228265,ThinkPad Laptop,1,999.99,2019-07-26 08:06:00,"439 Jackson St, San Francisco, CA 94016",July
227408,ThinkPad Laptop,1,999.99,2019-07-11 20:06:00,"847 South St, Boston, MA 02215",July
225299,ThinkPad Laptop,1,999.99,2019-07-23 19:17:00,"11 Cedar St, San Francisco, CA 94016",July
226424,ThinkPad Laptop,1,999.99,2019-07-22 11:04:00,"550 West St, Portland, OR 97035",July
227507,ThinkPad Laptop,1,999.99,2019-07-02 12:09:00,"94 Park St, Los Angeles, CA 90001",July
228768,ThinkPad Laptop,1,999.99,2019-07-16 07:07:00,"666 Hill St, Dallas, TX 75001",July
230172,ThinkPad Laptop,1,999.99,2019-07-02 23:29:00,"293 5th St, San Francisco, CA 94016",July
225424,ThinkPad Laptop,1,999.99,2019-07-06 13:51:00,"912 Willow St, New York City, NY 10001",July
226519,ThinkPad Laptop,1,999.99,2019-07-18 21:20:00,"174 Hill St, San Francisco, CA 94016",July
230091,ThinkPad Laptop,1,999.99,2019-07-03 13:35:00,"243 Adams St, Seattle, WA 98101",July
230573,ThinkPad Laptop,1,999.99,2019-07-31 00:30:00,"466 9th St, Dallas, TX 75001",July
226720,ThinkPad Laptop,1,999.99,2019-07-24 03:52:00,"441 Cherry St, New York City, NY 10001",July
230796,ThinkPad Laptop,1,999.99,2019-07-10 11:45:00,"636 Hickory St, Austin, TX 73301",July
235961,ThinkPad Laptop,1,999.99,2019-07-28 19:47:00,"955 Church St, Atlanta, GA 30301",July
225272,ThinkPad Laptop,1,999.99,2019-07-25 11:30:00,"729 Forest St, Portland, OR 97035",July
231201,ThinkPad Laptop,1,999.99,2019-07-16 09:13:00,"355 4th St, Seattle, WA 98101",July
233536,ThinkPad Laptop,1,999.99,2019-07-18 12:24:00,"653 Forest St, San Francisco, CA 94016",July
236090,ThinkPad Laptop,1,999.99,2019-07-27 08:46:00,"640 13th St, Seattle, WA 98101",July
235332,ThinkPad Laptop,1,999.99,2019-07-29 13:33:00,"387 Sunset St, San Francisco, CA 94016",July
238919,ThinkPad Laptop,1,999.99,2019-08-12 09:29:00,"663 Ridge St, Seattle, WA 98101",August
243886,ThinkPad Laptop,1,999.99,2019-08-11 11:09:00,"855 Ridge St, Atlanta, GA 30301",August
245918,ThinkPad Laptop,1,999.99,2019-08-05 10:52:00,"214 North St, San Francisco, CA 94016",August
243702,ThinkPad Laptop,1,999.99,2019-08-16 03:40:00,"493 Dogwood St, New York City, NY 10001",August
245537,ThinkPad Laptop,1,999.99,2019-08-09 19:28:00,"567 Jackson St, Dallas, TX 75001",August
237264,ThinkPad Laptop,1,999.99,2019-08-20 08:12:00,"943 Wilson St, San Francisco, CA 94016",August
241195,ThinkPad Laptop,1,999.99,2019-08-11 23:32:00,"621 Wilson St, San Francisco, CA 94016",August
242176,ThinkPad Laptop,1,999.99,2019-08-07 13:38:00,"472 9th St, San Francisco, CA 94016",August
245352,ThinkPad Laptop,1,999.99,2019-08-19 15:22:00,"58 West St, San Francisco, CA 94016",August
243390,ThinkPad Laptop,1,999.99,2019-08-05 15:00:00,"844 6th St, San Francisco, CA 94016",August
239015,ThinkPad Laptop,1,999.99,2019-08-28 12:34:00,"589 River St, San Francisco, CA 94016",August
241435,ThinkPad Laptop,1,999.99,2019-08-28 18:28:00,"991 Johnson St, Boston, MA 02215",August
242813,ThinkPad Laptop,1,999.99,2019-08-19 14:28:00,"194 Cherry St, San Francisco, CA 94016",August
237646,ThinkPad Laptop,1,999.99,2019-08-13 20:16:00,"370 2nd St, San Francisco, CA 94016",August
247049,ThinkPad Laptop,1,999.99,2019-08-24 11:25:00,"903 South St, San Francisco, CA 94016",August
243027,ThinkPad Laptop,1,999.99,2019-08-22 07:08:00,"526 Lincoln St, San Francisco, CA 94016",August
247784,ThinkPad Laptop,1,999.99,2019-08-19 13:48:00,"880 Walnut St, Los Angeles, CA 90001",August
244664,ThinkPad Laptop,1,999.99,2019-08-02 19:36:00,"563 Cherry St, Seattle, WA 98101",August
247083,ThinkPad Laptop,1,999.99,2019-08-03 13:37:00,"293 Highland St, Portland, OR 97035",August
245813,ThinkPad Laptop,1,999.99,2019-08-28 17:59:00,"391 Cherry St, Los Angeles, CA 90001",August
243876,ThinkPad Laptop,1,999.99,2019-08-28 13:09:00,"200 Chestnut St, San Francisco, CA 94016",August
247596,ThinkPad Laptop,1,999.99,2019-08-03 15:36:00,"753 North St, Dallas, TX 75001",August
239529,ThinkPad Laptop,1,999.99,2019-08-31 10:21:00,"987 8th St, Dallas, TX 75001",August
240790,ThinkPad Laptop,1,999.99,2019-08-15 21:51:00,"981 Center St, New York City, NY 10001",August
241502,ThinkPad Laptop,1,999.99,2019-08-15 11:25:00,"104 Main St, Portland, OR 97035",August
243546,ThinkPad Laptop,1,999.99,2019-08-04 03:04:00,"680 Lakeview St, Los Angeles, CA 90001",August
237227,ThinkPad Laptop,1,999.99,2019-08-15 08:18:00,"179 Cherry St, Los Angeles, CA 90001",August
244160,ThinkPad Laptop,1,999.99,2019-08-03 19:20:00,"798 1st St, San Francisco, CA 94016",August
247437,ThinkPad Laptop,1,999.99,2019-08-26 11:25:00,"408 2nd St, Atlanta, GA 30301",August
242776,ThinkPad Laptop,1,999.99,2019-08-06 20:54:00,"965 Ridge St, Seattle, WA 98101",August
243060,ThinkPad Laptop,1,999.99,2019-08-06 23:17:00,"858 Jefferson St, San Francisco, CA 94016",August
237755,ThinkPad Laptop,1,999.99,2019-08-07 20:16:00,"567 Dogwood St, Los Angeles, CA 90001",August
243657,ThinkPad Laptop,1,999.99,2019-08-03 18:19:00,"219 Johnson St, New York City, NY 10001",August
244754,ThinkPad Laptop,1,999.99,2019-08-10 15:11:00,"651 Cedar St, Los Angeles, CA 90001",August
247317,ThinkPad Laptop,1,999.99,2019-08-26 06:38:00,"309 South St, New York City, NY 10001",August
243221,ThinkPad Laptop,1,999.99,2019-08-23 10:57:00,"721 Hickory St, Dallas, TX 75001",August
246249,ThinkPad Laptop,1,999.99,2019-08-17 12:55:00,"423 Willow St, San Francisco, CA 94016",August
247542,ThinkPad Laptop,1,999.99,2019-08-11 10:26:00,"366 Dogwood St, San Francisco, CA 94016",August
244210,ThinkPad Laptop,1,999.99,2019-08-13 18:11:00,"668 Church St, Atlanta, GA 30301",August
246035,ThinkPad Laptop,1,999.99,2019-08-02 14:16:00,"568 Lincoln St, Boston, MA 02215",August
243406,ThinkPad Laptop,1,999.99,2019-08-05 21:15:00,"514 5th St, San Francisco, CA 94016",August
247133,ThinkPad Laptop,1,999.99,2019-08-31 15:40:00,"133 Adams St, Seattle, WA 98101",August
240148,ThinkPad Laptop,1,999.99,2019-08-26 18:45:00,"331 2nd St, Boston, MA 02215",August
241679,ThinkPad Laptop,1,999.99,2019-08-30 12:27:00,"456 14th St, New York City, NY 10001",August
239361,ThinkPad Laptop,1,999.99,2019-08-06 23:12:00,"623 Adams St, San Francisco, CA 94016",August
240847,ThinkPad Laptop,1,999.99,2019-08-27 18:00:00,"561 Center St, Atlanta, GA 30301",August
242091,ThinkPad Laptop,1,999.99,2019-08-13 02:27:00,"380 5th St, New York City, NY 10001",August
246649,ThinkPad Laptop,1,999.99,2019-08-12 00:10:00,"901 Park St, San Francisco, CA 94016",August
238248,ThinkPad Laptop,1,999.99,2019-08-28 00:16:00,"918 1st St, New York City, NY 10001",August
236878,ThinkPad Laptop,1,999.99,2019-08-08 07:41:00,"35 Lincoln St, New York City, NY 10001",August
237477,ThinkPad Laptop,1,999.99,2019-08-07 18:21:00,"129 Pine St, San Francisco, CA 94016",August
236917,ThinkPad Laptop,1,999.99,2019-08-24 13:28:00,"847 Highland St, Portland, OR 97035",August
251518,ThinkPad Laptop,1,999.99,2019-09-03 00:51:00,"100 Adams St, Portland, OR 97035",September
248624,ThinkPad Laptop,1,999.99,2019-09-26 14:43:00,"713 Jefferson St, New York City, NY 10001",September
257482,ThinkPad Laptop,1,999.99,2019-09-10 21:08:00,"938 Johnson St, San Francisco, CA 94016",September
249562,ThinkPad Laptop,1,999.99,2019-09-01 12:37:00,"29 Cherry St, New York City, NY 10001",September
254323,ThinkPad Laptop,1,999.99,2019-09-10 11:37:00,"444 Ridge St, San Francisco, CA 94016",September
249904,ThinkPad Laptop,1,999.99,2019-09-29 11:37:00,"800 8th St, San Francisco, CA 94016",September
253249,ThinkPad Laptop,1,999.99,2019-09-27 21:07:00,"105 6th St, Seattle, WA 98101",September
254731,ThinkPad Laptop,1,999.99,2019-09-22 14:10:00,"18 9th St, Boston, MA 02215",September
248782,ThinkPad Laptop,1,999.99,2019-09-10 22:33:00,"487 2nd St, New York City, NY 10001",September
256395,ThinkPad Laptop,1,999.99,2019-09-04 22:56:00,"403 Main St, San Francisco, CA 94016",September
255810,ThinkPad Laptop,1,999.99,2019-09-07 21:41:00,"497 South St, Atlanta, GA 30301",September
256173,ThinkPad Laptop,1,999.99,2019-09-19 19:11:00,"880 Johnson St, Boston, MA 02215",September
256335,ThinkPad Laptop,1,999.99,2019-09-30 17:04:00,"256 11th St, Portland, OR 97035",September
254843,ThinkPad Laptop,1,999.99,2019-09-23 14:08:00,"281 Main St, San Francisco, CA 94016",September
258758,ThinkPad Laptop,1,999.99,2019-09-21 08:58:00,"525 Lake St, New York City, NY 10001",September
258886,ThinkPad Laptop,1,999.99,2019-09-01 15:49:00,"372 Madison St, Dallas, TX 75001",September
248660,ThinkPad Laptop,1,999.99,2019-09-23 21:31:00,"708 Church St, New York City, NY 10001",September
251934,ThinkPad Laptop,1,999.99,2019-09-23 11:35:00,"358 Park St, Dallas, TX 75001",September
253435,ThinkPad Laptop,1,999.99,2019-09-09 07:58:00,"712 1st St, Los Angeles, CA 90001",September
254884,ThinkPad Laptop,1,999.99,2019-09-16 13:57:00,"508 10th St, Portland, OR 97035",September
257027,ThinkPad Laptop,1,999.99,2019-09-10 12:01:00,"997 Ridge St, Portland, ME 04101",September
257941,ThinkPad Laptop,1,999.99,2019-09-14 21:27:00,"237 6th St, San Francisco, CA 94016",September
252707,ThinkPad Laptop,1,999.99,2019-09-23 15:54:00,"51 Cherry St, San Francisco, CA 94016",September
255935,ThinkPad Laptop,1,999.99,2019-09-11 15:00:00,"356 Lakeview St, New York City, NY 10001",September
252168,ThinkPad Laptop,1,999.99,2019-09-12 17:36:00,"155 Park St, San Francisco, CA 94016",September
256726,ThinkPad Laptop,1,999.99,2019-09-03 14:49:00,"543 6th St, New York City, NY 10001",September
257115,ThinkPad Laptop,1,999.99,2019-09-11 20:10:00,"401 Spruce St, Dallas, TX 75001",September
255635,ThinkPad Laptop,1,999.99,2019-09-27 14:06:00,"555 North St, Boston, MA 02215",September
249289,ThinkPad Laptop,1,999.99,2019-09-21 20:13:00,"276 1st St, Portland, OR 97035",September
255057,ThinkPad Laptop,1,999.99,2019-09-03 20:11:00,"736 Forest St, New York City, NY 10001",September
249344,ThinkPad Laptop,1,999.99,2019-09-30 16:36:00,"935 Jefferson St, Boston, MA 02215",September
259257,ThinkPad Laptop,1,999.99,2019-09-30 21:33:00,"73 Cherry St, Los Angeles, CA 90001",September
258439,ThinkPad Laptop,1,999.99,2019-09-05 22:28:00,"743 Hickory St, San Francisco, CA 94016",September
259208,ThinkPad Laptop,1,999.99,2019-09-20 14:31:00,"375 Pine St, New York City, NY 10001",September
255960,ThinkPad Laptop,1,999.99,2019-09-20 20:37:00,"942 Cedar St, Atlanta, GA 30301",September
249747,ThinkPad Laptop,1,999.99,2019-09-01 09:56:00,"817 5th St, Atlanta, GA 30301",September
256838,ThinkPad Laptop,1,999.99,2019-09-17 20:28:00,"214 Center St, San Francisco, CA 94016",September
250530,ThinkPad Laptop,1,999.99,2019-09-14 14:30:00,"52 Washington St, New York City, NY 10001",September
258057,ThinkPad Laptop,1,999.99,2019-09-12 12:18:00,"724 Highland St, Seattle, WA 98101",September
253115,ThinkPad Laptop,1,999.99,2019-09-13 16:48:00,"411 Lake St, San Francisco, CA 94016",September
251790,ThinkPad Laptop,1,999.99,2019-09-28 17:24:00,"630 Madison St, San Francisco, CA 94016",September
249162,ThinkPad Laptop,1,999.99,2019-09-27 10:24:00,"594 10th St, Portland, OR 97035",September
255514,ThinkPad Laptop,1,999.99,2019-09-28 11:22:00,"69 5th St, San Francisco, CA 94016",September
249651,ThinkPad Laptop,1,999.99,2019-09-08 20:41:00,"584 Cedar St, New York City, NY 10001",September
262033,ThinkPad Laptop,1,999.99,2019-10-10 12:24:00,"571 River St, Los Angeles, CA 90001",October
263264,ThinkPad Laptop,1,999.99,2019-10-02 21:52:00,"860 South St, Boston, MA 02215",October
265810,ThinkPad Laptop,1,999.99,2019-10-12 22:12:00,"946 Chestnut St, Austin, TX 73301",October
270244,ThinkPad Laptop,1,999.99,2019-10-19 10:33:00,"88 West St, Portland, ME 04101",October
263578,ThinkPad Laptop,1,999.99,2019-10-20 17:51:00,"971 10th St, San Francisco, CA 94016",October
273498,ThinkPad Laptop,1,999.99,2019-10-02 00:29:00,"507 Cedar St, Boston, MA 02215",October
274151,ThinkPad Laptop,1,999.99,2019-10-01 14:50:00,"716 Church St, Boston, MA 02215",October
274612,ThinkPad Laptop,1,999.99,2019-10-13 13:27:00,"190 5th St, Dallas, TX 75001",October
275690,ThinkPad Laptop,1,999.99,2019-10-01 11:59:00,"721 Chestnut St, Dallas, TX 75001",October
267332,ThinkPad Laptop,1,999.99,2019-10-29 19:48:00,"801 Spruce St, San Francisco, CA 94016",October
267527,ThinkPad Laptop,1,999.99,2019-10-05 18:14:00,"611 2nd St, Los Angeles, CA 90001",October
275915,ThinkPad Laptop,1,999.99,2019-10-22 15:28:00,"653 Park St, Los Angeles, CA 90001",October
259381,ThinkPad Laptop,1,999.99,2019-10-25 08:44:00,"887 12th St, New York City, NY 10001",October
260344,ThinkPad Laptop,1,999.99,2019-10-30 08:24:00,"140 Church St, Seattle, WA 98101",October
260398,ThinkPad Laptop,1,999.99,2019-10-16 14:17:00,"407 14th St, Boston, MA 02215",October
264447,ThinkPad Laptop,1,999.99,2019-10-03 17:16:00,"967 12th St, Los Angeles, CA 90001",October
269785,ThinkPad Laptop,1,999.99,2019-10-09 09:26:00,"898 North St, New York City, NY 10001",October
276559,ThinkPad Laptop,1,999.99,2019-10-21 14:34:00,"805 Jefferson St, New York City, NY 10001",October
260310,ThinkPad Laptop,1,999.99,2019-10-11 06:51:00,"244 Willow St, Seattle, WA 98101",October
267070,ThinkPad Laptop,1,999.99,2019-10-21 18:40:00,"668 Jefferson St, New York City, NY 10001",October
267658,ThinkPad Laptop,1,999.99,2019-10-10 23:31:00,"387 Willow St, Seattle, WA 98101",October
270982,ThinkPad Laptop,1,999.99,2019-10-11 10:17:00,"593 5th St, San Francisco, CA 94016",October
276474,ThinkPad Laptop,1,999.99,2019-10-06 21:52:00,"189 5th St, San Francisco, CA 94016",October
268725,ThinkPad Laptop,1,999.99,2019-10-25 16:57:00,"173 10th St, Atlanta, GA 30301",October
268213,ThinkPad Laptop,1,999.99,2019-10-03 21:28:00,"966 9th St, Dallas, TX 75001",October
262635,ThinkPad Laptop,1,999.99,2019-10-17 18:55:00,"885 South St, Seattle, WA 98101",October
267823,ThinkPad Laptop,1,999.99,2019-10-29 00:32:00,"609 Sunset St, San Francisco, CA 94016",October
269332,ThinkPad Laptop,1,999.99,2019-10-01 13:36:00,"658 Adams St, San Francisco, CA 94016",October
272037,ThinkPad Laptop,1,999.99,2019-10-07 06:58:00,"624 Cedar St, San Francisco, CA 94016",October
260038,ThinkPad Laptop,1,999.99,2019-10-07 17:01:00,"556 Meadow St, Los Angeles, CA 90001",October
272182,ThinkPad Laptop,1,999.99,2019-10-31 15:53:00,"768 Park St, Dallas, TX 75001",October
265892,ThinkPad Laptop,1,999.99,2019-10-04 12:31:00,"862 Madison St, Boston, MA 02215",October
268547,ThinkPad Laptop,1,999.99,2019-10-19 20:43:00,"476 Jackson St, Boston, MA 02215",October
267437,ThinkPad Laptop,1,999.99,2019-10-08 12:09:00,"512 Church St, San Francisco, CA 94016",October
270931,ThinkPad Laptop,1,999.99,2019-10-31 19:25:00,"232 Elm St, San Francisco, CA 94016",October
272478,ThinkPad Laptop,1,999.99,2019-10-26 16:54:00,"453 Adams St, San Francisco, CA 94016",October
270344,ThinkPad Laptop,1,999.99,2019-10-06 15:35:00,"175 12th St, Boston, MA 02215",October
261444,ThinkPad Laptop,1,999.99,2019-10-27 02:44:00,"250 Hill St, New York City, NY 10001",October
260969,ThinkPad Laptop,1,999.99,2019-10-24 17:17:00,"175 Dogwood St, Portland, ME 04101",October
274639,ThinkPad Laptop,1,999.99,2019-10-18 23:11:00,"223 5th St, Atlanta, GA 30301",October
264004,ThinkPad Laptop,1,999.99,2019-10-14 15:42:00,"565 Dogwood St, Los Angeles, CA 90001",October
276597,ThinkPad Laptop,1,999.99,2019-10-14 19:36:00,"226 Washington St, Austin, TX 73301",October
263345,ThinkPad Laptop,1,999.99,2019-10-05 22:39:00,"971 Jackson St, Atlanta, GA 30301",October
274676,ThinkPad Laptop,1,999.99,2019-10-02 21:06:00,"618 Jackson St, Los Angeles, CA 90001",October
276496,ThinkPad Laptop,1,999.99,2019-10-31 09:21:00,"156 Hill St, Austin, TX 73301",October
266283,ThinkPad Laptop,1,999.99,2019-10-20 12:08:00,"689 Highland St, Atlanta, GA 30301",October
269059,ThinkPad Laptop,1,999.99,2019-10-04 17:37:00,"832 2nd St, Austin, TX 73301",October
272204,ThinkPad Laptop,1,999.99,2019-10-12 04:45:00,"31 Church St, Boston, MA 02215",October
276228,ThinkPad Laptop,1,999.99,2019-10-01 23:17:00,"666 Sunset St, Los Angeles, CA 90001",October
260618,ThinkPad Laptop,1,999.99,2019-10-13 09:05:00,"950 Park St, San Francisco, CA 94016",October
275398,ThinkPad Laptop,1,999.99,2019-10-25 07:24:00,"111 4th St, Seattle, WA 98101",October
278468,ThinkPad Laptop,1,999.99,2019-10-29 15:25:00,"153 Maple St, Seattle, WA 98101",October
259806,ThinkPad Laptop,1,999.99,2019-10-23 06:26:00,"650 Jackson St, New York City, NY 10001",October
271464,ThinkPad Laptop,1,999.99,2019-10-20 21:08:00,"367 6th St, Los Angeles, CA 90001",October
263008,ThinkPad Laptop,1,999.99,2019-10-31 13:21:00,"263 Maple St, New York City, NY 10001",October
263738,ThinkPad Laptop,1,999.99,2019-10-21 07:56:00,"390 Sunset St, San Francisco, CA 94016",October
264884,ThinkPad Laptop,1,999.99,2019-10-01 16:43:00,"802 Chestnut St, Seattle, WA 98101",October
266278,ThinkPad Laptop,1,999.99,2019-10-23 18:35:00,"168 Forest St, New York City, NY 10001",October
267153,ThinkPad Laptop,1,999.99,2019-10-25 16:01:00,"248 Walnut St, Los Angeles, CA 90001",October
267907,ThinkPad Laptop,1,999.99,2019-10-31 14:50:00,"929 5th St, Los Angeles, CA 90001",October
269590,ThinkPad Laptop,1,999.99,2019-10-01 03:12:00,"907 2nd St, Los Angeles, CA 90001",October
274223,ThinkPad Laptop,1,999.99,2019-10-09 15:56:00,"859 South St, Los Angeles, CA 90001",October
261778,ThinkPad Laptop,1,999.99,2019-10-17 23:26:00,"604 Cherry St, Austin, TX 73301",October
265787,ThinkPad Laptop,1,999.99,2019-10-07 21:50:00,"166 River St, Austin, TX 73301",October
266822,ThinkPad Laptop,1,999.99,2019-10-25 22:11:00,"380 12th St, Dallas, TX 75001",October
277307,ThinkPad Laptop,1,999.99,2019-10-02 15:37:00,"920 Maple St, Seattle, WA 98101",October
277350,ThinkPad Laptop,1,999.99,2019-10-31 13:39:00,"884 Jefferson St, Atlanta, GA 30301",October
277802,ThinkPad Laptop,1,999.99,2019-10-25 14:47:00,"767 Hill St, San Francisco, CA 94016",October
278053,ThinkPad Laptop,1,999.99,2019-10-15 12:39:00,"519 2nd St, Austin, TX 73301",October
273180,ThinkPad Laptop,1,999.99,2019-10-06 10:42:00,"704 Spruce St, Austin, TX 73301",October
266596,ThinkPad Laptop,1,999.99,2019-10-12 13:14:00,"823 Adams St, New York City, NY 10001",October
272051,ThinkPad Laptop,1,999.99,2019-10-08 12:28:00,"696 10th St, Portland, ME 04101",October
276210,ThinkPad Laptop,1,999.99,2019-10-06 18:08:00,"251 Highland St, San Francisco, CA 94016",October
270363,ThinkPad Laptop,1,999.99,2019-10-13 17:46:00,"317 1st St, New York City, NY 10001",October
276396,ThinkPad Laptop,1,999.99,2019-10-06 07:36:00,"366 9th St, Seattle, WA 98101",October
282643,ThinkPad Laptop,1,999.99,2019-11-02 03:43:00,"147 Walnut St, Boston, MA 02215",November
285448,ThinkPad Laptop,1,999.99,2019-11-28 21:53:00,"758 10th St, New York City, NY 10001",November
285924,ThinkPad Laptop,1,999.99,2019-11-17 22:22:00,"840 Madison St, Boston, MA 02215",November
287238,ThinkPad Laptop,1,999.99,2019-11-06 10:08:00,"814 12th St, San Francisco, CA 94016",November
288526,ThinkPad Laptop,1,999.99,2019-11-10 18:19:00,"888 Maple St, New York City, NY 10001",November
295340,ThinkPad Laptop,1,999.99,2019-11-15 12:21:00,"811 Park St, New York City, NY 10001",November
293765,ThinkPad Laptop,1,999.99,2019-11-20 23:10:00,"610 10th St, Portland, OR 97035",November
281708,ThinkPad Laptop,1,999.99,2019-11-22 12:49:00,"260 Wilson St, Atlanta, GA 30301",November
284358,ThinkPad Laptop,1,999.99,2019-11-02 14:25:00,"995 West St, Austin, TX 73301",November
285312,ThinkPad Laptop,1,999.99,2019-11-30 19:58:00,"954 Walnut St, Boston, MA 02215",November
290672,ThinkPad Laptop,1,999.99,2019-11-16 17:10:00,"956 Cedar St, New York City, NY 10001",November
281855,ThinkPad Laptop,1,999.99,2019-11-21 04:57:00,"561 Adams St, San Francisco, CA 94016",November
282797,ThinkPad Laptop,1,999.99,2019-11-11 23:04:00,"424 4th St, Austin, TX 73301",November
295558,ThinkPad Laptop,1,999.99,2019-11-28 13:09:00,"577 1st St, San Francisco, CA 94016",November
294145,ThinkPad Laptop,1,999.99,2019-11-07 21:36:00,"141 West St, Seattle, WA 98101",November
281406,ThinkPad Laptop,1,999.99,2019-11-24 01:13:00,"621 Willow St, Dallas, TX 75001",November
281598,ThinkPad Laptop,1,999.99,2019-11-07 14:06:00,"700 Wilson St, Atlanta, GA 30301",November
292044,ThinkPad Laptop,1,999.99,2019-11-14 18:17:00,"757 4th St, San Francisco, CA 94016",November
294701,ThinkPad Laptop,1,999.99,2019-11-23 22:32:00,"70 Spruce St, New York City, NY 10001",November
293127,ThinkPad Laptop,1,999.99,2019-11-20 18:06:00,"730 Johnson St, Atlanta, GA 30301",November
280928,ThinkPad Laptop,1,999.99,2019-11-14 21:07:00,"398 Johnson St, Los Angeles, CA 90001",November
285355,ThinkPad Laptop,1,999.99,2019-11-25 22:08:00,"64 Maple St, Austin, TX 73301",November
290701,ThinkPad Laptop,1,999.99,2019-11-15 01:47:00,"514 Johnson St, Austin, TX 73301",November
278938,ThinkPad Laptop,1,999.99,2019-11-02 18:52:00,"198 Maple St, San Francisco, CA 94016",November
286124,ThinkPad Laptop,1,999.99,2019-11-11 17:04:00,"816 Sunset St, Atlanta, GA 30301",November
282961,ThinkPad Laptop,1,999.99,2019-11-07 14:40:00,"465 Highland St, Atlanta, GA 30301",November
285222,ThinkPad Laptop,1,999.99,2019-11-25 07:18:00,"977 Hill St, San Francisco, CA 94016",November
286100,ThinkPad Laptop,1,999.99,2019-11-15 16:07:00,"387 Hickory St, San Francisco, CA 94016",November
290817,ThinkPad Laptop,1,999.99,2019-11-24 19:35:00,"905 Spruce St, Boston, MA 02215",November
282926,ThinkPad Laptop,1,999.99,2019-11-02 01:51:00,"752 Lakeview St, Portland, OR 97035",November
285135,ThinkPad Laptop,1,999.99,2019-11-03 17:56:00,"519 7th St, Dallas, TX 75001",November
295401,ThinkPad Laptop,1,999.99,2019-11-17 18:25:00,"923 Elm St, Atlanta, GA 30301",November
282178,ThinkPad Laptop,1,999.99,2019-11-12 11:07:00,"538 Lincoln St, Seattle, WA 98101",November
281089,ThinkPad Laptop,1,999.99,2019-11-02 21:55:00,"623 8th St, Portland, OR 97035",November
293130,ThinkPad Laptop,1,999.99,2019-11-21 17:33:00,"483 Maple St, Portland, OR 97035",November
295126,ThinkPad Laptop,1,999.99,2019-11-22 10:49:00,"296 Jefferson St, Seattle, WA 98101",November
279610,ThinkPad Laptop,1,999.99,2019-11-13 13:00:00,"196 Ridge St, Boston, MA 02215",November
292754,ThinkPad Laptop,1,999.99,2019-11-03 13:00:00,"377 Hill St, New York City, NY 10001",November
293048,ThinkPad Laptop,1,999.99,2019-11-11 20:56:00,"528 8th St, Boston, MA 02215",November
294747,ThinkPad Laptop,1,999.99,2019-11-14 10:07:00,"778 7th St, Los Angeles, CA 90001",November
286156,ThinkPad Laptop,1,999.99,2019-11-06 11:16:00,"481 Pine St, Boston, MA 02215",November
289807,ThinkPad Laptop,1,999.99,2019-11-18 21:21:00,"402 Main St, Seattle, WA 98101",November
280032,ThinkPad Laptop,1,999.99,2019-11-08 23:48:00,"905 Center St, San Francisco, CA 94016",November
280869,ThinkPad Laptop,1,999.99,2019-11-27 08:29:00,"227 Church St, San Francisco, CA 94016",November
287133,ThinkPad Laptop,1,999.99,2019-11-27 21:12:00,"634 6th St, Portland, OR 97035",November
282241,ThinkPad Laptop,1,999.99,2019-11-04 14:10:00,"239 Madison St, Seattle, WA 98101",November
291342,ThinkPad Laptop,1,999.99,2019-11-27 18:49:00,"997 Spruce St, Portland, OR 97035",November
282592,ThinkPad Laptop,1,999.99,2019-11-26 12:30:00,"303 1st St, Los Angeles, CA 90001",November
293129,ThinkPad Laptop,1,999.99,2019-11-23 11:43:00,"242 Center St, Los Angeles, CA 90001",November
280215,ThinkPad Laptop,1,999.99,2019-11-15 23:24:00,"176 Cedar St, San Francisco, CA 94016",November
292741,ThinkPad Laptop,1,999.99,2019-11-03 19:17:00,"940 Main St, New York City, NY 10001",November
294932,ThinkPad Laptop,1,999.99,2019-11-06 08:58:00,"626 Church St, New York City, NY 10001",November
295298,ThinkPad Laptop,1,999.99,2019-11-28 12:24:00,"959 6th St, Portland, OR 97035",November
284895,ThinkPad Laptop,1,999.99,2019-11-07 22:26:00,"600 Church St, San Francisco, CA 94016",November
289902,ThinkPad Laptop,1,999.99,2019-11-17 20:27:00,"582 Jefferson St, Los Angeles, CA 90001",November
294451,ThinkPad Laptop,1,999.99,2019-11-09 23:04:00,"591 13th St, Portland, ME 04101",November
284175,ThinkPad Laptop,1,999.99,2019-11-21 20:57:00,"171 Hickory St, San Francisco, CA 94016",November
289342,ThinkPad Laptop,1,999.99,2019-11-15 22:56:00,"428 Walnut St, Seattle, WA 98101",November
283106,ThinkPad Laptop,1,999.99,2019-11-20 12:32:00,"50 Hickory St, Boston, MA 02215",November
292592,ThinkPad Laptop,1,999.99,2019-11-30 10:34:00,"458 9th St, San Francisco, CA 94016",November
294309,ThinkPad Laptop,1,999.99,2019-11-28 20:06:00,"789 10th St, Austin, TX 73301",November
298848,ThinkPad Laptop,1,999.99,2019-12-06 07:47:00,"256 2nd St, New York City, NY 10001",December
299650,ThinkPad Laptop,1,999.99,2019-12-08 15:37:00,"825 Highland St, Los Angeles, CA 90001",December
311437,ThinkPad Laptop,1,999.99,2019-12-05 19:42:00,"386 Walnut St, Atlanta, GA 30301",December
300896,ThinkPad Laptop,1,999.99,2019-12-07 21:06:00,"560 Highland St, Dallas, TX 75001",December
311181,ThinkPad Laptop,1,999.99,2019-12-15 10:04:00,"832 Lincoln St, New York City, NY 10001",December
313493,ThinkPad Laptop,1,999.99,2019-12-15 22:23:00,"211 South St, Los Angeles, CA 90001",December
313692,ThinkPad Laptop,1,999.99,2019-12-17 11:36:00,"435 7th St, New York City, NY 10001",December
316821,ThinkPad Laptop,1,999.99,2019-12-11 14:36:00,"586 Pine St, Atlanta, GA 30301",December
303905,ThinkPad Laptop,1,999.99,2019-12-19 15:17:00,"159 Pine St, San Francisco, CA 94016",December
315026,ThinkPad Laptop,1,999.99,2019-12-04 13:21:00,"376 Sunset St, San Francisco, CA 94016",December
302358,ThinkPad Laptop,1,999.99,2019-12-31 21:37:00,"788 12th St, New York City, NY 10001",December
305240,ThinkPad Laptop,1,999.99,2019-12-22 17:30:00,"985 Pine St, San Francisco, CA 94016",December
305824,ThinkPad Laptop,1,999.99,2019-12-23 08:43:00,"567 Church St, San Francisco, CA 94016",December
309041,ThinkPad Laptop,1,999.99,2019-12-07 10:04:00,"66 Lincoln St, San Francisco, CA 94016",December
314584,ThinkPad Laptop,1,999.99,2019-12-21 12:13:00,"34 Hickory St, San Francisco, CA 94016",December
296168,ThinkPad Laptop,1,999.99,2019-12-29 07:26:00,"810 Lincoln St, Boston, MA 02215",December
316155,ThinkPad Laptop,1,999.99,2019-12-19 22:55:00,"247 14th St, Los Angeles, CA 90001",December
319178,ThinkPad Laptop,1,999.99,2019-12-13 16:59:00,"264 Cherry St, New York City, NY 10001",December
304690,ThinkPad Laptop,1,999.99,2019-12-25 17:05:00,"434 5th St, San Francisco, CA 94016",December
315554,ThinkPad Laptop,1,999.99,2019-12-31 10:17:00,"905 Center St, Los Angeles, CA 90001",December
307403,ThinkPad Laptop,1,999.99,2019-12-26 19:47:00,"123 Forest St, Austin, TX 73301",December
314843,ThinkPad Laptop,1,999.99,2019-12-05 16:59:00,"114 River St, New York City, NY 10001",December
318751,ThinkPad Laptop,1,999.99,2019-12-09 13:32:00,"704 6th St, Seattle, WA 98101",December
303458,ThinkPad Laptop,1,999.99,2019-12-06 16:23:00,"285 River St, Dallas, TX 75001",December
304201,ThinkPad Laptop,1,999.99,2019-12-31 08:11:00,"944 Johnson St, New York City, NY 10001",December
307132,ThinkPad Laptop,1,999.99,2019-12-01 18:09:00,"636 Center St, Dallas, TX 75001",December
298650,ThinkPad Laptop,1,999.99,2019-12-26 13:37:00,"611 Elm St, Atlanta, GA 30301",December
301737,ThinkPad Laptop,1,999.99,2019-12-02 15:11:00,"177 Willow St, San Francisco, CA 94016",December
311617,ThinkPad Laptop,1,999.99,2019-12-06 01:08:00,"140 Pine St, Portland, ME 04101",December
312835,ThinkPad Laptop,1,999.99,2019-12-12 16:28:00,"689 8th St, Seattle, WA 98101",December
300607,ThinkPad Laptop,1,999.99,2019-12-01 19:24:00,"484 Highland St, Portland, OR 97035",December
305575,ThinkPad Laptop,1,999.99,2019-12-01 20:14:00,"283 Park St, Los Angeles, CA 90001",December
307631,ThinkPad Laptop,1,999.99,2019-12-28 02:05:00,"402 1st St, Seattle, WA 98101",December
306293,ThinkPad Laptop,1,999.99,2019-12-09 14:56:00,"784 West St, Atlanta, GA 30301",December
318418,ThinkPad Laptop,1,999.99,2019-12-10 21:44:00,"913 12th St, Los Angeles, CA 90001",December
300826,ThinkPad Laptop,1,999.99,2019-12-16 16:33:00,"108 Forest St, Seattle, WA 98101",December
309904,ThinkPad Laptop,1,999.99,2019-12-14 15:14:00,"408 Washington St, San Francisco, CA 94016",December
311778,ThinkPad Laptop,1,999.99,2019-12-07 20:16:00,"655 Maple St, San Francisco, CA 94016",December
317061,ThinkPad Laptop,1,999.99,2019-12-30 14:16:00,"959 Lakeview St, Boston, MA 02215",December
318972,ThinkPad Laptop,1,999.99,2019-12-27 18:10:00,"865 Lake St, New York City, NY 10001",December
314522,ThinkPad Laptop,1,999.99,2019-12-23 08:36:00,"867 Main St, San Francisco, CA 94016",December
316613,ThinkPad Laptop,1,999.99,2019-12-26 00:37:00,"334 Jackson St, San Francisco, CA 94016",December
296495,ThinkPad Laptop,1,999.99,2019-12-13 21:09:00,"389 North St, Los Angeles, CA 90001",December
311194,ThinkPad Laptop,1,999.99,2019-12-09 18:49:00,"462 14th St, Seattle, WA 98101",December
301055,ThinkPad Laptop,1,999.99,2019-12-26 09:17:00,"475 Ridge St, Seattle, WA 98101",December
302657,ThinkPad Laptop,1,999.99,2019-12-23 07:19:00,"676 Center St, Dallas, TX 75001",December
304685,ThinkPad Laptop,1,999.99,2019-12-31 09:20:00,"464 8th St, San Francisco, CA 94016",December
310125,ThinkPad Laptop,1,999.99,2019-12-21 12:49:00,"759 11th St, Portland, OR 97035",December
313430,ThinkPad Laptop,1,999.99,2019-12-02 22:47:00,"550 Willow St, New York City, NY 10001",December
298299,ThinkPad Laptop,1,999.99,2019-12-21 12:28:00,"158 Washington St, Los Angeles, CA 90001",December
301197,ThinkPad Laptop,1,999.99,2019-12-12 16:49:00,"621 Lincoln St, San Francisco, CA 94016",December
308384,ThinkPad Laptop,1,999.99,2019-12-24 06:36:00,"868 Hill St, Boston, MA 02215",December
314997,ThinkPad Laptop,1,999.99,2019-12-15 09:07:00,"224 4th St, New York City, NY 10001",December
317651,ThinkPad Laptop,1,999.99,2019-12-15 01:07:00,"41 Washington St, Atlanta, GA 30301",December
305469,ThinkPad Laptop,1,999.99,2019-12-29 18:07:00,"372 Willow St, San Francisco, CA 94016",December
315085,ThinkPad Laptop,1,999.99,2019-12-29 15:24:00,"127 Forest St, Seattle, WA 98101",December
300622,ThinkPad Laptop,1,999.99,2019-12-10 19:27:00,"22 Willow St, Dallas, TX 75001",December
306285,ThinkPad Laptop,1,999.99,2019-12-18 13:00:00,"982 Dogwood St, Los Angeles, CA 90001",December
300790,ThinkPad Laptop,1,999.99,2019-12-12 16:42:00,"367 1st St, San Francisco, CA 94016",December
300977,ThinkPad Laptop,1,999.99,2019-12-26 21:03:00,"787 8th St, Los Angeles, CA 90001",December
302976,ThinkPad Laptop,1,999.99,2019-12-03 15:25:00,"542 11th St, Boston, MA 02215",December
296493,ThinkPad Laptop,1,999.99,2019-12-08 21:49:00,"403 Main St, Boston, MA 02215",December
305238,ThinkPad Laptop,1,999.99,2019-12-07 18:01:00,"807 Cedar St, Boston, MA 02215",December
297731,ThinkPad Laptop,1,999.99,2019-12-20 17:52:00,"269 Cedar St, Los Angeles, CA 90001",December
305962,ThinkPad Laptop,1,999.99,2019-12-03 02:06:00,"4 Jefferson St, Los Angeles, CA 90001",December
307321,ThinkPad Laptop,1,999.99,2019-12-07 18:47:00,"503 Wilson St, Los Angeles, CA 90001",December
317745,ThinkPad Laptop,1,999.99,2019-12-01 11:28:00,"747 Jefferson St, Seattle, WA 98101",December
296943,ThinkPad Laptop,1,999.99,2019-12-08 11:55:00,"141 Pine St, Atlanta, GA 30301",December
297617,ThinkPad Laptop,1,999.99,2019-12-25 17:30:00,"759 Ridge St, Portland, OR 97035",December
303675,ThinkPad Laptop,1,999.99,2019-12-09 19:28:00,"444 13th St, Seattle, WA 98101",December
310244,ThinkPad Laptop,1,999.99,2019-12-15 22:36:00,"870 South St, Boston, MA 02215",December
225458,ThinkPad Laptop,1,999.99,2019-07-16 19:38:00,"785 10th St, Atlanta, GA 30301",July
240096,ThinkPad Laptop,1,999.99,2019-08-15 13:00:00,"322 Maple St, Austin, TX 73301",August
242082,ThinkPad Laptop,1,999.99,2019-08-09 12:40:00,"553 11th St, Austin, TX 73301",August
268779,ThinkPad Laptop,1,999.99,2019-10-15 21:46:00,"31 5th St, New York City, NY 10001",October
275895,ThinkPad Laptop,1,999.99,2019-10-29 00:33:00,"351 Sunset St, San Francisco, CA 94016",October
271365,ThinkPad Laptop,1,999.99,2019-10-16 13:21:00,"829 7th St, San Francisco, CA 94016",October
264656,ThinkPad Laptop,1,999.99,2019-10-05 08:18:00,"714 North St, Seattle, WA 98101",October
286503,ThinkPad Laptop,1,999.99,2019-11-01 23:36:00,"324 Maple St, Los Angeles, CA 90001",November
295325,ThinkPad Laptop,1,999.99,2019-11-09 22:57:00,"421 7th St, Dallas, TX 75001",November
285290,ThinkPad Laptop,1,999.99,2019-11-15 12:15:00,"870 7th St, New York City, NY 10001",November
285348,ThinkPad Laptop,1,999.99,2019-11-04 14:06:00,"727 8th St, Los Angeles, CA 90001",November
302158,ThinkPad Laptop,1,999.99,2019-12-06 16:43:00,"585 1st St, San Francisco, CA 94016",December
299439,ThinkPad Laptop,1,999.99,2019-12-03 08:23:00,"59 Willow St, Los Angeles, CA 90001",December
315607,ThinkPad Laptop,1,999.99,2019-12-17 14:18:00,"472 Elm St, New York City, NY 10001",December
319118,ThinkPad Laptop,1,999.99,2019-12-31 14:10:00,"499 Meadow St, Boston, MA 02215",December
309676,ThinkPad Laptop,1,999.99,2019-12-23 10:07:00,"328 4th St, New York City, NY 10001",December
318867,ThinkPad Laptop,1,999.99,2019-12-09 13:17:00,"551 4th St, Los Angeles, CA 90001",December
304196,ThinkPad Laptop,1,999.99,2019-12-19 09:47:00,"406 14th St, San Francisco, CA 94016",December
311628,ThinkPad Laptop,1,999.99,2019-12-09 01:06:00,"697 Hill St, Seattle, WA 98101",December
302469,ThinkPad Laptop,1,999.99,2019-12-07 12:28:00,"564 2nd St, New York City, NY 10001",December
302801,ThinkPad Laptop,1,999.99,2019-12-05 15:05:00,"648 Lakeview St, New York City, NY 10001",December
308934,ThinkPad Laptop,1,999.99,2019-12-16 23:01:00,"627 Church St, Los Angeles, CA 90001",December
296406,ThinkPad Laptop,1,999.99,2019-12-27 20:14:00,"799 Sunset St, Los Angeles, CA 90001",December
296608,ThinkPad Laptop,1,999.99,2019-12-18 14:20:00,"987 River St, Atlanta, GA 30301",December
305200,ThinkPad Laptop,1,999.99,2019-12-30 15:51:00,"295 Cedar St, New York City, NY 10001",December
306913,ThinkPad Laptop,1,999.99,2019-12-31 00:13:00,"360 8th St, San Francisco, CA 94016",December
316340,ThinkPad Laptop,1,999.99,2019-12-24 19:53:00,"664 Meadow St, Dallas, TX 75001",December
299071,ThinkPad Laptop,1,999.99,2019-12-18 15:23:00,"851 Meadow St, Dallas, TX 75001",December
307026,ThinkPad Laptop,1,999.99,2019-12-01 16:17:00,"544 North St, San Francisco, CA 94016",December
308889,ThinkPad Laptop,1,999.99,2019-12-15 13:35:00,"833 2nd St, Los Angeles, CA 90001",December
310558,ThinkPad Laptop,1,999.99,2019-12-18 12:42:00,"490 Forest St, Atlanta, GA 30301",December
298692,ThinkPad Laptop,1,999.99,2019-12-06 13:39:00,"498 13th St, Dallas, TX 75001",December
308491,ThinkPad Laptop,1,999.99,2019-12-18 20:47:00,"488 2nd St, San Francisco, CA 94016",December
315955,ThinkPad Laptop,1,999.99,2019-12-26 17:28:00,"588 Chestnut St, Seattle, WA 98101",December
296054,ThinkPad Laptop,1,999.99,2019-12-03 11:12:00,"788 7th St, Portland, OR 97035",December
298015,ThinkPad Laptop,1,999.99,2019-12-08 23:26:00,"619 North St, Dallas, TX 75001",December
303245,ThinkPad Laptop,1,999.99,2019-12-19 19:02:00,"177 Church St, Boston, MA 02215",December
306620,ThinkPad Laptop,1,999.99,2019-12-24 20:04:00,"214 Church St, New York City, NY 10001",December
307971,ThinkPad Laptop,1,999.99,2019-12-01 08:34:00,"284 South St, New York City, NY 10001",December
312802,ThinkPad Laptop,1,999.99,2019-12-17 05:13:00,"431 Jackson St, New York City, NY 10001",December
299972,ThinkPad Laptop,1,999.99,2019-12-12 19:27:00,"995 Washington St, New York City, NY 10001",December
301730,ThinkPad Laptop,1,999.99,2019-12-13 20:58:00,"774 Meadow St, San Francisco, CA 94016",December
304418,ThinkPad Laptop,1,999.99,2019-12-21 14:49:00,"686 Chestnut St, San Francisco, CA 94016",December
313834,ThinkPad Laptop,1,999.99,2019-12-23 22:48:00,"968 13th St, Atlanta, GA 30301",December
318239,ThinkPad Laptop,1,999.99,2019-12-20 18:57:00,"327 11th St, Boston, MA 02215",December
148567,ThinkPad Laptop,1,999.99,2019-01-19 15:09:00,"224 4th St, Seattle, WA 98101",January
147250,ThinkPad Laptop,1,999.99,2019-01-05 18:15:00,"813 9th St, Los Angeles, CA 90001",January
146373,ThinkPad Laptop,1,999.99,2019-01-22 08:25:00,"100 Wilson St, New York City, NY 10001",January
149001,ThinkPad Laptop,1,999.99,2019-01-01 18:49:00,"43 Meadow St, Los Angeles, CA 90001",January
147575,ThinkPad Laptop,1,999.99,2019-01-26 10:16:00,"475 Church St, New York City, NY 10001",January
141595,ThinkPad Laptop,1,999.99,2019-01-27 14:36:00,"146 2nd St, Boston, MA 02215",January
149152,ThinkPad Laptop,1,999.99,2019-01-28 18:44:00,"969 Lake St, Dallas, TX 75001",January
143427,ThinkPad Laptop,1,999.99,2019-01-14 16:06:00,"460 Wilson St, Atlanta, GA 30301",January
145111,ThinkPad Laptop,1,999.99,2019-01-22 11:54:00,"330 West St, Atlanta, GA 30301",January
143880,ThinkPad Laptop,1,999.99,2019-01-02 15:45:00,"973 Willow St, Atlanta, GA 30301",January
142530,ThinkPad Laptop,1,999.99,2019-01-25 15:54:00,"745 Maple St, Boston, MA 02215",January
146066,ThinkPad Laptop,1,999.99,2019-01-08 14:16:00,"714 River St, Los Angeles, CA 90001",January
148975,ThinkPad Laptop,1,999.99,2019-01-10 10:43:00,"793 Forest St, Atlanta, GA 30301",January
149139,ThinkPad Laptop,1,999.99,2019-01-27 08:41:00,"215 Church St, Portland, OR 97035",January
142418,ThinkPad Laptop,1,999.99,2019-01-24 18:07:00,"781 6th St, San Francisco, CA 94016",January
145698,ThinkPad Laptop,1,999.99,2019-01-12 10:13:00,"411 Adams St, Atlanta, GA 30301",January
149006,ThinkPad Laptop,1,999.99,2019-01-19 12:14:00,"125 Lakeview St, Atlanta, GA 30301",January
150162,ThinkPad Laptop,1,999.99,2019-01-05 20:20:00,"31 1st St, San Francisco, CA 94016",January
142072,ThinkPad Laptop,1,999.99,2019-01-16 19:57:00,"961 Church St, Dallas, TX 75001",January
145248,ThinkPad Laptop,1,999.99,2019-01-09 20:11:00,"27 Sunset St, Atlanta, GA 30301",January
146307,ThinkPad Laptop,1,999.99,2019-01-02 14:00:00,"820 Willow St, Los Angeles, CA 90001",January
148448,ThinkPad Laptop,1,999.99,2019-01-11 23:54:00,"878 South St, Atlanta, GA 30301",January
148696,ThinkPad Laptop,1,999.99,2019-01-30 11:08:00,"874 Sunset St, Boston, MA 02215",January
141568,ThinkPad Laptop,1,999.99,2019-01-26 20:30:00,"158 9th St, San Francisco, CA 94016",January
141591,ThinkPad Laptop,1,999.99,2019-01-27 23:59:00,"503 Maple St, Seattle, WA 98101",January
147028,ThinkPad Laptop,1,999.99,2019-01-06 13:30:00,"300 Jackson St, San Francisco, CA 94016",January
149383,ThinkPad Laptop,1,999.99,2019-01-28 09:37:00,"187 14th St, San Francisco, CA 94016",January
157957,ThinkPad Laptop,1,999.99,2019-02-07 08:37:00,"61 5th St, Boston, MA 02215",February
158242,ThinkPad Laptop,1,999.99,2019-02-14 15:04:00,"547 11th St, Boston, MA 02215",February
160719,ThinkPad Laptop,1,999.99,2019-02-27 16:55:00,"697 Ridge St, Boston, MA 02215",February
156766,ThinkPad Laptop,1,999.99,2019-02-09 20:14:00,"983 Willow St, Portland, OR 97035",February
156822,ThinkPad Laptop,1,999.99,2019-02-24 08:29:00,"617 11th St, Portland, OR 97035",February
156860,ThinkPad Laptop,1,999.99,2019-02-08 01:50:00,"662 Elm St, Dallas, TX 75001",February
160691,ThinkPad Laptop,1,999.99,2019-02-22 15:49:00,"564 Meadow St, San Francisco, CA 94016",February
155870,ThinkPad Laptop,1,999.99,2019-02-11 08:09:00,"21 8th St, Portland, ME 04101",February
157276,ThinkPad Laptop,1,999.99,2019-02-21 06:31:00,"322 Cherry St, New York City, NY 10001",February
158464,ThinkPad Laptop,1,999.99,2019-02-10 09:22:00,"266 North St, San Francisco, CA 94016",February
158581,ThinkPad Laptop,1,999.99,2019-02-17 18:13:00,"770 Park St, New York City, NY 10001",February
156032,ThinkPad Laptop,1,999.99,2019-02-06 01:48:00,"141 Jefferson St, Dallas, TX 75001",February
159954,ThinkPad Laptop,1,999.99,2019-02-04 13:46:00,"614 Lake St, Seattle, WA 98101",February
156850,ThinkPad Laptop,1,999.99,2019-02-05 18:17:00,"497 Madison St, New York City, NY 10001",February
159593,ThinkPad Laptop,1,999.99,2019-02-27 23:03:00,"660 Main St, San Francisco, CA 94016",February
155531,ThinkPad Laptop,1,999.99,2019-02-26 21:12:00,"629 Jefferson St, San Francisco, CA 94016",February
160385,ThinkPad Laptop,1,999.99,2019-02-16 01:52:00,"346 Lincoln St, San Francisco, CA 94016",February
161183,ThinkPad Laptop,1,999.99,2019-02-14 15:08:00,"139 Dogwood St, San Francisco, CA 94016",February
150701,ThinkPad Laptop,1,999.99,2019-02-07 20:21:00,"822 Highland St, Dallas, TX 75001",February
156562,ThinkPad Laptop,1,999.99,2019-02-27 17:18:00,"111 Dogwood St, Atlanta, GA 30301",February
150793,ThinkPad Laptop,1,999.99,2019-02-01 13:15:00,"210 1st St, Boston, MA 02215",February
155982,ThinkPad Laptop,1,999.99,2019-02-25 09:33:00,"228 Ridge St, Atlanta, GA 30301",February
159389,ThinkPad Laptop,1,999.99,2019-02-07 23:46:00,"136 South St, Austin, TX 73301",February
154799,ThinkPad Laptop,1,999.99,2019-02-16 21:45:00,"429 West St, Portland, OR 97035",February
153406,ThinkPad Laptop,1,999.99,2019-02-14 10:53:00,"432 14th St, San Francisco, CA 94016",February
155249,ThinkPad Laptop,1,999.99,2019-02-27 11:58:00,"321 2nd St, New York City, NY 10001",February
152913,ThinkPad Laptop,1,999.99,2019-02-04 22:04:00,"404 Jackson St, Boston, MA 02215",February
155110,ThinkPad Laptop,1,999.99,2019-02-15 12:05:00,"520 Adams St, New York City, NY 10001",February
152568,ThinkPad Laptop,1,999.99,2019-02-15 12:18:00,"413 Ridge St, New York City, NY 10001",February
159799,ThinkPad Laptop,1,999.99,2019-02-06 09:25:00,"690 14th St, Atlanta, GA 30301",February
161239,ThinkPad Laptop,1,999.99,2019-02-03 15:32:00,"797 Washington St, San Francisco, CA 94016",February
156344,ThinkPad Laptop,1,999.99,2019-02-03 13:03:00,"375 Hill St, Atlanta, GA 30301",February
155636,ThinkPad Laptop,1,999.99,2019-02-21 14:39:00,"438 Church St, Los Angeles, CA 90001",February
157615,ThinkPad Laptop,1,999.99,2019-02-19 16:29:00,"413 Meadow St, Boston, MA 02215",February
155882,ThinkPad Laptop,1,999.99,2019-02-18 16:47:00,"740 Sunset St, Atlanta, GA 30301",February
158806,ThinkPad Laptop,1,999.99,2019-02-21 09:55:00,"350 Pine St, New York City, NY 10001",February
160163,ThinkPad Laptop,1,999.99,2019-02-12 14:35:00,"273 Cedar St, San Francisco, CA 94016",February
159373,ThinkPad Laptop,1,999.99,2019-02-13 18:00:00,"506 9th St, San Francisco, CA 94016",February
161424,ThinkPad Laptop,1,999.99,2019-02-26 22:27:00,"538 Highland St, Los Angeles, CA 90001",February
161612,ThinkPad Laptop,1,999.99,2019-02-17 19:32:00,"486 North St, Seattle, WA 98101",February
153699,ThinkPad Laptop,1,999.99,2019-02-17 20:34:00,"672 Sunset St, San Francisco, CA 94016",February
154421,ThinkPad Laptop,1,999.99,2019-02-11 21:15:00,"922 11th St, New York City, NY 10001",February
158131,ThinkPad Laptop,1,999.99,2019-02-17 17:01:00,"199 13th St, Dallas, TX 75001",February
156830,ThinkPad Laptop,1,999.99,2019-02-06 12:56:00,"808 Sunset St, Boston, MA 02215",February
159734,ThinkPad Laptop,1,999.99,2019-02-07 16:12:00,"771 Elm St, Seattle, WA 98101",February
150608,ThinkPad Laptop,1,999.99,2019-02-20 11:53:00,"383 10th St, San Francisco, CA 94016",February
154054,ThinkPad Laptop,1,999.99,2019-02-16 21:04:00,"384 North St, Los Angeles, CA 90001",February
155950,ThinkPad Laptop,1,999.99,2019-02-03 10:57:00,"220 4th St, Los Angeles, CA 90001",February
158307,ThinkPad Laptop,1,999.99,2019-02-19 19:20:00,"316 Maple St, Atlanta, GA 30301",February
161045,ThinkPad Laptop,1,999.99,2019-02-09 23:10:00,"555 Chestnut St, San Francisco, CA 94016",February
152953,ThinkPad Laptop,1,999.99,2019-02-02 16:54:00,"903 Adams St, Austin, TX 73301",February
165124,ThinkPad Laptop,1,999.99,2019-03-27 20:29:00,"546 Wilson St, New York City, NY 10001",March
171564,ThinkPad Laptop,1,999.99,2019-03-18 00:10:00,"936 Madison St, San Francisco, CA 94016",March
166080,ThinkPad Laptop,1,999.99,2019-03-01 23:22:00,"19 Wilson St, San Francisco, CA 94016",March
168072,ThinkPad Laptop,1,999.99,2019-03-03 18:50:00,"907 North St, Boston, MA 02215",March
162377,ThinkPad Laptop,1,999.99,2019-03-20 08:55:00,"557 5th St, Austin, TX 73301",March
164044,ThinkPad Laptop,1,999.99,2019-03-10 19:46:00,"911 Ridge St, Boston, MA 02215",March
171186,ThinkPad Laptop,1,999.99,2019-03-01 10:25:00,"736 North St, Dallas, TX 75001",March
165624,ThinkPad Laptop,1,999.99,2019-03-04 16:07:00,"103 West St, Boston, MA 02215",March
170917,ThinkPad Laptop,1,999.99,2019-03-18 14:29:00,"79 Wilson St, San Francisco, CA 94016",March
173535,ThinkPad Laptop,1,999.99,2019-03-04 21:03:00,"96 Hickory St, San Francisco, CA 94016",March
175172,ThinkPad Laptop,1,999.99,2019-03-09 01:52:00,"718 8th St, Seattle, WA 98101",March
175974,ThinkPad Laptop,1,999.99,2019-03-16 01:37:00,"281 Pine St, Los Angeles, CA 90001",March
170412,ThinkPad Laptop,1,999.99,2019-03-04 13:15:00,"883 Lincoln St, Atlanta, GA 30301",March
163692,ThinkPad Laptop,1,999.99,2019-03-19 23:16:00,"346 9th St, San Francisco, CA 94016",March
164336,ThinkPad Laptop,1,999.99,2019-03-22 14:23:00,"233 2nd St, San Francisco, CA 94016",March
176253,ThinkPad Laptop,1,999.99,2019-03-21 18:31:00,"767 Willow St, San Francisco, CA 94016",March
167876,ThinkPad Laptop,1,999.99,2019-03-03 23:10:00,"18 Lincoln St, Austin, TX 73301",March
166907,ThinkPad Laptop,1,999.99,2019-03-08 13:44:00,"271 Adams St, San Francisco, CA 94016",March
173985,ThinkPad Laptop,1,999.99,2019-03-08 18:20:00,"741 South St, Atlanta, GA 30301",March
162548,ThinkPad Laptop,1,999.99,2019-03-11 11:30:00,"872 Church St, Austin, TX 73301",March
165632,ThinkPad Laptop,1,999.99,2019-03-13 12:34:00,"610 14th St, Los Angeles, CA 90001",March
169876,ThinkPad Laptop,1,999.99,2019-03-29 11:09:00,"401 Sunset St, Portland, OR 97035",March
175660,ThinkPad Laptop,1,999.99,2019-03-01 09:01:00,"127 Main St, Boston, MA 02215",March
162177,ThinkPad Laptop,1,999.99,2019-03-22 19:40:00,"323 14th St, Los Angeles, CA 90001",March
174225,ThinkPad Laptop,1,999.99,2019-03-27 00:04:00,"754 Wilson St, Seattle, WA 98101",March
172525,ThinkPad Laptop,1,999.99,2019-03-11 13:45:00,"823 7th St, Austin, TX 73301",March
164140,ThinkPad Laptop,1,999.99,2019-03-16 21:59:00,"875 Chestnut St, Austin, TX 73301",March
166862,ThinkPad Laptop,1,999.99,2019-03-06 20:13:00,"163 Hill St, Dallas, TX 75001",March
174191,ThinkPad Laptop,1,999.99,2019-03-13 19:21:00,"610 4th St, Boston, MA 02215",March
170296,ThinkPad Laptop,1,999.99,2019-03-02 08:41:00,"590 Lake St, San Francisco, CA 94016",March
175673,ThinkPad Laptop,1,999.99,2019-03-06 17:07:00,"537 Lincoln St, Boston, MA 02215",March
172092,ThinkPad Laptop,1,999.99,2019-03-29 16:54:00,"627 1st St, San Francisco, CA 94016",March
164019,ThinkPad Laptop,1,999.99,2019-03-24 15:14:00,"9 Jackson St, San Francisco, CA 94016",March
165337,ThinkPad Laptop,1,999.99,2019-03-12 23:00:00,"357 Willow St, Los Angeles, CA 90001",March
173346,ThinkPad Laptop,1,999.99,2019-03-22 11:55:00,"289 Chestnut St, Los Angeles, CA 90001",March
174158,ThinkPad Laptop,1,999.99,2019-03-06 12:05:00,"164 Lake St, Dallas, TX 75001",March
172774,ThinkPad Laptop,1,999.99,2019-03-21 11:56:00,"351 Walnut St, Seattle, WA 98101",March
175852,ThinkPad Laptop,1,999.99,2019-03-11 00:59:00,"978 13th St, Los Angeles, CA 90001",March
175894,ThinkPad Laptop,1,999.99,2019-03-17 23:34:00,"849 12th St, Boston, MA 02215",March
175485,ThinkPad Laptop,1,999.99,2019-03-23 13:59:00,"258 Highland St, Portland, OR 97035",March
164427,ThinkPad Laptop,1,999.99,2019-03-08 19:04:00,"587 Main St, San Francisco, CA 94016",March
166835,ThinkPad Laptop,1,999.99,2019-03-17 11:43:00,"826 Sunset St, Dallas, TX 75001",March
167218,ThinkPad Laptop,1,999.99,2019-03-06 17:32:00,"153 Madison St, Los Angeles, CA 90001",March
169893,ThinkPad Laptop,1,999.99,2019-03-25 10:04:00,"40 2nd St, Los Angeles, CA 90001",March
166624,ThinkPad Laptop,1,999.99,2019-03-23 13:29:00,"372 Chestnut St, New York City, NY 10001",March
167230,ThinkPad Laptop,1,999.99,2019-03-19 11:56:00,"53 Hill St, New York City, NY 10001",March
168355,ThinkPad Laptop,1,999.99,2019-03-11 20:26:00,"383 South St, Seattle, WA 98101",March
172226,ThinkPad Laptop,1,999.99,2019-03-09 09:10:00,"37 Park St, Boston, MA 02215",March
170884,ThinkPad Laptop,1,999.99,2019-03-28 16:17:00,"925 Elm St, San Francisco, CA 94016",March
170104,ThinkPad Laptop,1,999.99,2019-03-16 06:27:00,"77 14th St, San Francisco, CA 94016",March
174594,ThinkPad Laptop,1,999.99,2019-03-25 18:39:00,"644 Lakeview St, Boston, MA 02215",March
168757,ThinkPad Laptop,1,999.99,2019-03-18 20:08:00,"609 Main St, San Francisco, CA 94016",March
177450,ThinkPad Laptop,1,999.99,2019-04-17 19:32:00,"525 Meadow St, New York City, NY 10001",April
179148,ThinkPad Laptop,1,999.99,2019-04-27 10:56:00,"716 South St, Los Angeles, CA 90001",April
182887,ThinkPad Laptop,1,999.99,2019-04-29 14:58:00,"483 Church St, Boston, MA 02215",April
187489,ThinkPad Laptop,1,999.99,2019-04-18 12:38:00,"365 Lincoln St, Boston, MA 02215",April
188549,ThinkPad Laptop,1,999.99,2019-04-24 19:47:00,"519 Lake St, Seattle, WA 98101",April
180056,ThinkPad Laptop,1,999.99,2019-04-16 09:52:00,"727 Ridge St, New York City, NY 10001",April
193486,ThinkPad Laptop,1,999.99,2019-04-03 11:08:00,"322 Hill St, Los Angeles, CA 90001",April
183619,ThinkPad Laptop,1,999.99,2019-04-30 20:46:00,"660 Spruce St, Los Angeles, CA 90001",April
193299,ThinkPad Laptop,1,999.99,2019-04-17 12:08:00,"74 10th St, Boston, MA 02215",April
193234,ThinkPad Laptop,1,999.99,2019-04-29 18:57:00,"591 Johnson St, Austin, TX 73301",April
178413,ThinkPad Laptop,1,999.99,2019-04-21 19:10:00,"629 Maple St, San Francisco, CA 94016",April
182561,ThinkPad Laptop,1,999.99,2019-04-11 09:00:00,"634 8th St, Boston, MA 02215",April
186870,ThinkPad Laptop,1,999.99,2019-04-28 22:54:00,"666 Lake St, New York City, NY 10001",April
182158,ThinkPad Laptop,1,999.99,2019-04-26 17:11:00,"471 Cherry St, San Francisco, CA 94016",April
192295,ThinkPad Laptop,1,999.99,2019-04-06 22:41:00,"894 Church St, Atlanta, GA 30301",April
178991,ThinkPad Laptop,1,999.99,2019-04-27 14:26:00,"721 Maple St, Los Angeles, CA 90001",April
183513,ThinkPad Laptop,1,999.99,2019-04-29 21:42:00,"557 12th St, Los Angeles, CA 90001",April
186927,ThinkPad Laptop,1,999.99,2019-04-30 18:12:00,"572 Hickory St, New York City, NY 10001",April
193489,ThinkPad Laptop,1,999.99,2019-04-28 09:40:00,"328 Forest St, Seattle, WA 98101",April
181665,ThinkPad Laptop,1,999.99,2019-04-02 17:49:00,"101 Jefferson St, Los Angeles, CA 90001",April
183286,ThinkPad Laptop,1,999.99,2019-04-18 13:14:00,"327 Ridge St, Boston, MA 02215",April
188226,ThinkPad Laptop,1,999.99,2019-04-10 18:05:00,"748 Walnut St, New York City, NY 10001",April
186178,ThinkPad Laptop,1,999.99,2019-04-07 15:27:00,"604 Center St, Seattle, WA 98101",April
189633,ThinkPad Laptop,1,999.99,2019-04-13 12:56:00,"645 12th St, Seattle, WA 98101",April
191949,ThinkPad Laptop,1,999.99,2019-04-16 21:37:00,"69 1st St, New York City, NY 10001",April
188479,ThinkPad Laptop,1,999.99,2019-04-03 21:47:00,"481 11th St, New York City, NY 10001",April
192718,ThinkPad Laptop,1,999.99,2019-05-01 00:54:00,"342 8th St, Portland, OR 97035",May
178129,ThinkPad Laptop,1,999.99,2019-04-30 08:19:00,"918 Main St, Boston, MA 02215",April
190024,ThinkPad Laptop,1,999.99,2019-04-18 14:41:00,"600 Maple St, Seattle, WA 98101",April
180675,ThinkPad Laptop,1,999.99,2019-04-09 15:22:00,"731 1st St, Atlanta, GA 30301",April
185820,ThinkPad Laptop,1,999.99,2019-04-23 19:32:00,"593 Washington St, Los Angeles, CA 90001",April
177817,ThinkPad Laptop,1,999.99,2019-04-20 22:46:00,"379 Chestnut St, New York City, NY 10001",April
189091,ThinkPad Laptop,1,999.99,2019-04-26 16:05:00,"852 12th St, Atlanta, GA 30301",April
186774,ThinkPad Laptop,1,999.99,2019-04-17 07:16:00,"278 Center St, San Francisco, CA 94016",April
188927,ThinkPad Laptop,1,999.99,2019-04-16 19:16:00,"58 2nd St, San Francisco, CA 94016",April
189593,ThinkPad Laptop,1,999.99,2019-04-24 21:39:00,"591 Lakeview St, Atlanta, GA 30301",April
176931,ThinkPad Laptop,1,999.99,2019-04-13 08:47:00,"57 Pine St, New York City, NY 10001",April
183669,ThinkPad Laptop,1,999.99,2019-05-01 02:02:00,"186 Lake St, Los Angeles, CA 90001",May
185490,ThinkPad Laptop,1,999.99,2019-04-07 15:15:00,"325 12th St, Los Angeles, CA 90001",April
187366,ThinkPad Laptop,1,999.99,2019-04-21 19:51:00,"706 14th St, San Francisco, CA 94016",April
191668,ThinkPad Laptop,1,999.99,2019-04-04 10:25:00,"187 Jefferson St, New York City, NY 10001",April
179974,ThinkPad Laptop,1,999.99,2019-04-29 18:00:00,"727 Dogwood St, New York City, NY 10001",April
183044,ThinkPad Laptop,1,999.99,2019-04-23 21:03:00,"938 Elm St, San Francisco, CA 94016",April
183717,ThinkPad Laptop,1,999.99,2019-04-14 19:30:00,"844 Jefferson St, Boston, MA 02215",April
188142,ThinkPad Laptop,1,999.99,2019-04-13 19:01:00,"127 Main St, Los Angeles, CA 90001",April
178228,ThinkPad Laptop,1,999.99,2019-04-14 00:10:00,"163 Jefferson St, Atlanta, GA 30301",April
181560,ThinkPad Laptop,1,999.99,2019-04-12 20:40:00,"897 10th St, Los Angeles, CA 90001",April
183542,ThinkPad Laptop,1,999.99,2019-04-09 11:35:00,"883 Cedar St, San Francisco, CA 94016",April
188087,ThinkPad Laptop,1,999.99,2019-04-01 21:03:00,"748 12th St, Seattle, WA 98101",April
177486,ThinkPad Laptop,1,999.99,2019-04-21 16:24:00,"809 Highland St, Seattle, WA 98101",April
180161,ThinkPad Laptop,1,999.99,2019-04-16 07:56:00,"598 Meadow St, Boston, MA 02215",April
180420,ThinkPad Laptop,1,999.99,2019-04-10 20:26:00,"841 Center St, San Francisco, CA 94016",April
182180,ThinkPad Laptop,1,999.99,2019-04-17 18:11:00,"828 Wilson St, Dallas, TX 75001",April
185684,ThinkPad Laptop,1,999.99,2019-04-22 11:50:00,"369 Jackson St, San Francisco, CA 94016",April
187478,ThinkPad Laptop,1,999.99,2019-04-24 15:08:00,"680 Dogwood St, Boston, MA 02215",April
188187,ThinkPad Laptop,1,999.99,2019-04-08 11:55:00,"611 12th St, San Francisco, CA 94016",April
189496,ThinkPad Laptop,1,999.99,2019-04-17 23:29:00,"242 Forest St, San Francisco, CA 94016",April
190031,ThinkPad Laptop,1,999.99,2019-04-01 19:25:00,"600 Walnut St, Portland, OR 97035",April
191257,ThinkPad Laptop,1,999.99,2019-04-28 01:34:00,"458 Lakeview St, New York City, NY 10001",April
191580,ThinkPad Laptop,1,999.99,2019-04-18 15:02:00,"963 Maple St, Seattle, WA 98101",April
182482,ThinkPad Laptop,1,999.99,2019-04-24 14:59:00,"178 Park St, Los Angeles, CA 90001",April
185972,ThinkPad Laptop,1,999.99,2019-04-19 23:30:00,"328 Willow St, Los Angeles, CA 90001",April
190426,ThinkPad Laptop,1,999.99,2019-04-11 23:21:00,"683 Ridge St, Boston, MA 02215",April
177100,ThinkPad Laptop,1,999.99,2019-04-06 15:28:00,"93 Spruce St, Atlanta, GA 30301",April
177197,ThinkPad Laptop,1,999.99,2019-04-17 16:01:00,"654 River St, New York City, NY 10001",April
178194,ThinkPad Laptop,1,999.99,2019-04-21 11:18:00,"706 Adams St, Los Angeles, CA 90001",April
191864,ThinkPad Laptop,1,999.99,2019-04-11 18:52:00,"431 Lincoln St, Boston, MA 02215",April
192024,ThinkPad Laptop,1,999.99,2019-04-04 18:40:00,"199 Meadow St, Dallas, TX 75001",April
185068,ThinkPad Laptop,1,999.99,2019-04-09 20:04:00,"784 Wilson St, Portland, OR 97035",April
187072,ThinkPad Laptop,1,999.99,2019-04-01 21:13:00,"62 6th St, Atlanta, GA 30301",April
195071,ThinkPad Laptop,1,999.99,2019-05-20 17:04:00,"858 Chestnut St, Los Angeles, CA 90001",May
195296,ThinkPad Laptop,1,999.99,2019-05-16 11:27:00,"55 Lakeview St, San Francisco, CA 94016",May
205004,ThinkPad Laptop,1,999.99,2019-05-03 20:06:00,"836 Adams St, Dallas, TX 75001",May
207815,ThinkPad Laptop,1,999.99,2019-05-04 13:37:00,"587 Church St, San Francisco, CA 94016",May
205533,ThinkPad Laptop,1,999.99,2019-05-11 10:27:00,"842 Lakeview St, Los Angeles, CA 90001",May
196477,ThinkPad Laptop,1,999.99,2019-05-10 14:16:00,"144 8th St, New York City, NY 10001",May
203170,ThinkPad Laptop,1,999.99,2019-05-03 19:56:00,"704 Highland St, Seattle, WA 98101",May
206187,ThinkPad Laptop,1,999.99,2019-05-17 11:42:00,"539 Chestnut St, Dallas, TX 75001",May
201095,ThinkPad Laptop,1,999.99,2019-05-10 02:12:00,"19 Park St, Boston, MA 02215",May
196609,ThinkPad Laptop,1,999.99,2019-05-26 15:40:00,"81 4th St, San Francisco, CA 94016",May
198368,ThinkPad Laptop,1,999.99,2019-05-08 13:03:00,"280 River St, Portland, ME 04101",May
207811,ThinkPad Laptop,1,999.99,2019-05-17 12:28:00,"798 5th St, San Francisco, CA 94016",May
195167,ThinkPad Laptop,1,999.99,2019-05-21 07:15:00,"747 Church St, Atlanta, GA 30301",May
196907,ThinkPad Laptop,1,999.99,2019-05-02 15:45:00,"239 Hill St, Dallas, TX 75001",May
199959,ThinkPad Laptop,1,999.99,2019-05-17 10:19:00,"177 Pine St, San Francisco, CA 94016",May
195274,ThinkPad Laptop,1,999.99,2019-05-03 15:23:00,"543 Church St, San Francisco, CA 94016",May
195942,ThinkPad Laptop,1,999.99,2019-05-22 12:08:00,"554 Wilson St, San Francisco, CA 94016",May
200042,ThinkPad Laptop,1,999.99,2019-05-25 13:04:00,"154 Hill St, Austin, TX 73301",May
207076,ThinkPad Laptop,1,999.99,2019-05-10 14:04:00,"678 Lincoln St, New York City, NY 10001",May
208296,ThinkPad Laptop,1,999.99,2019-05-28 17:49:00,"756 11th St, San Francisco, CA 94016",May
202657,ThinkPad Laptop,1,999.99,2019-05-22 14:34:00,"821 Willow St, Seattle, WA 98101",May
204120,ThinkPad Laptop,1,999.99,2019-05-21 10:24:00,"698 Washington St, Los Angeles, CA 90001",May
198474,ThinkPad Laptop,1,999.99,2019-05-30 04:49:00,"296 Jackson St, Portland, OR 97035",May
198485,ThinkPad Laptop,1,999.99,2019-05-06 14:05:00,"584 Jefferson St, San Francisco, CA 94016",May
205704,ThinkPad Laptop,1,999.99,2019-05-01 18:04:00,"70 Elm St, San Francisco, CA 94016",May
195793,ThinkPad Laptop,1,999.99,2019-05-18 17:29:00,"911 4th St, Seattle, WA 98101",May
203279,ThinkPad Laptop,1,999.99,2019-05-25 15:55:00,"135 Highland St, Dallas, TX 75001",May
199246,ThinkPad Laptop,1,999.99,2019-05-08 14:51:00,"310 1st St, Atlanta, GA 30301",May
208409,ThinkPad Laptop,1,999.99,2019-05-15 20:51:00,"125 Jackson St, Los Angeles, CA 90001",May
199830,ThinkPad Laptop,1,999.99,2019-05-02 22:23:00,"436 Walnut St, San Francisco, CA 94016",May
204768,ThinkPad Laptop,1,999.99,2019-05-05 17:09:00,"901 North St, San Francisco, CA 94016",May
197051,ThinkPad Laptop,1,999.99,2019-05-04 15:35:00,"231 Willow St, Dallas, TX 75001",May
209290,ThinkPad Laptop,1,999.99,2019-05-03 21:13:00,"360 Sunset St, Austin, TX 73301",May
200901,ThinkPad Laptop,1,999.99,2019-05-12 11:05:00,"488 Park St, Dallas, TX 75001",May
204804,ThinkPad Laptop,1,999.99,2019-05-15 09:14:00,"102 Jefferson St, San Francisco, CA 94016",May
206903,ThinkPad Laptop,1,999.99,2019-05-09 10:11:00,"127 South St, Portland, ME 04101",May
197479,ThinkPad Laptop,1,999.99,2019-05-03 11:37:00,"862 Wilson St, Portland, OR 97035",May
198013,ThinkPad Laptop,1,999.99,2019-05-24 21:48:00,"681 Maple St, Dallas, TX 75001",May
198824,ThinkPad Laptop,1,999.99,2019-05-13 17:48:00,"993 4th St, New York City, NY 10001",May
205319,ThinkPad Laptop,1,999.99,2019-05-24 09:01:00,"893 Wilson St, San Francisco, CA 94016",May
195903,ThinkPad Laptop,1,999.99,2019-05-13 19:36:00,"655 2nd St, San Francisco, CA 94016",May
199752,ThinkPad Laptop,1,999.99,2019-05-20 22:28:00,"463 7th St, Boston, MA 02215",May
201824,ThinkPad Laptop,1,999.99,2019-05-07 14:32:00,"803 Washington St, San Francisco, CA 94016",May
194573,ThinkPad Laptop,1,999.99,2019-05-21 21:42:00,"706 Chestnut St, San Francisco, CA 94016",May
201456,ThinkPad Laptop,1,999.99,2019-05-01 22:57:00,"889 Meadow St, Austin, TX 73301",May
202690,ThinkPad Laptop,1,999.99,2019-05-24 13:37:00,"656 Sunset St, San Francisco, CA 94016",May
203118,ThinkPad Laptop,1,999.99,2019-05-24 15:36:00,"763 4th St, Boston, MA 02215",May
209422,ThinkPad Laptop,1,999.99,2019-05-19 08:57:00,"870 5th St, San Francisco, CA 94016",May
195636,ThinkPad Laptop,1,999.99,2019-05-27 21:58:00,"502 Dogwood St, Portland, ME 04101",May
206347,ThinkPad Laptop,1,999.99,2019-05-09 11:22:00,"740 Walnut St, Los Angeles, CA 90001",May
194828,ThinkPad Laptop,1,999.99,2019-05-11 19:13:00,"844 Lincoln St, San Francisco, CA 94016",May
198370,ThinkPad Laptop,1,999.99,2019-05-31 21:03:00,"277 Ridge St, San Francisco, CA 94016",May
200165,ThinkPad Laptop,1,999.99,2019-05-07 22:36:00,"91 Jackson St, Seattle, WA 98101",May
200976,ThinkPad Laptop,1,999.99,2019-05-23 11:12:00,"47 Forest St, New York City, NY 10001",May
205834,ThinkPad Laptop,1,999.99,2019-05-03 08:12:00,"897 Hickory St, Atlanta, GA 30301",May
199411,ThinkPad Laptop,1,999.99,2019-05-24 16:12:00,"841 West St, San Francisco, CA 94016",May
201382,ThinkPad Laptop,1,999.99,2019-05-21 14:59:00,"726 Forest St, Portland, OR 97035",May
202737,ThinkPad Laptop,1,999.99,2019-05-25 09:11:00,"470 Ridge St, Portland, ME 04101",May
206394,ThinkPad Laptop,1,999.99,2019-05-24 08:54:00,"496 River St, New York City, NY 10001",May
209832,ThinkPad Laptop,1,999.99,2019-05-16 17:01:00,"421 Willow St, Dallas, TX 75001",May
205578,ThinkPad Laptop,1,999.99,2019-05-06 13:18:00,"162 Adams St, Boston, MA 02215",May
206712,ThinkPad Laptop,1,999.99,2019-05-19 22:48:00,"860 Meadow St, Atlanta, GA 30301",May
209589,ThinkPad Laptop,1,999.99,2019-05-01 10:47:00,"400 Willow St, Los Angeles, CA 90001",May
214969,ThinkPad Laptop,1,999.99,2019-06-11 15:32:00,"150 Spruce St, New York City, NY 10001",June
217864,ThinkPad Laptop,1,999.99,2019-06-13 07:38:00,"320 Lakeview St, Dallas, TX 75001",June
221075,ThinkPad Laptop,1,999.99,2019-06-25 21:22:00,"366 Highland St, San Francisco, CA 94016",June
211820,ThinkPad Laptop,1,999.99,2019-06-15 04:55:00,"498 Chestnut St, Seattle, WA 98101",June
216949,ThinkPad Laptop,1,999.99,2019-06-07 21:37:00,"287 Meadow St, San Francisco, CA 94016",June
218913,ThinkPad Laptop,1,999.99,2019-06-01 18:33:00,"726 Lincoln St, Boston, MA 02215",June
219366,ThinkPad Laptop,1,999.99,2019-06-20 09:04:00,"830 Washington St, Austin, TX 73301",June
220102,ThinkPad Laptop,1,999.99,2019-06-21 13:30:00,"507 Washington St, Los Angeles, CA 90001",June
218162,ThinkPad Laptop,1,999.99,2019-06-04 16:18:00,"843 Adams St, New York City, NY 10001",June
219907,ThinkPad Laptop,1,999.99,2019-06-24 17:55:00,"240 Park St, Boston, MA 02215",June
222566,ThinkPad Laptop,1,999.99,2019-06-20 02:34:00,"475 11th St, San Francisco, CA 94016",June
220495,ThinkPad Laptop,1,999.99,2019-06-29 13:16:00,"613 Park St, San Francisco, CA 94016",June
216926,ThinkPad Laptop,1,999.99,2019-06-27 15:29:00,"66 Meadow St, Los Angeles, CA 90001",June
210049,ThinkPad Laptop,1,999.99,2019-06-20 18:20:00,"993 6th St, San Francisco, CA 94016",June
215263,ThinkPad Laptop,1,999.99,2019-06-22 17:53:00,"284 North St, Boston, MA 02215",June
215419,ThinkPad Laptop,1,999.99,2019-06-23 17:39:00,"207 Johnson St, Boston, MA 02215",June
221201,ThinkPad Laptop,1,999.99,2019-06-06 14:56:00,"2 Cedar St, Los Angeles, CA 90001",June
213417,ThinkPad Laptop,1,999.99,2019-06-10 13:20:00,"73 Main St, Portland, OR 97035",June
216572,ThinkPad Laptop,1,999.99,2019-06-27 21:10:00,"644 Walnut St, Dallas, TX 75001",June
217091,ThinkPad Laptop,1,999.99,2019-06-28 07:24:00,"247 Park St, Atlanta, GA 30301",June
218378,ThinkPad Laptop,1,999.99,2019-06-28 21:34:00,"942 West St, New York City, NY 10001",June
216100,ThinkPad Laptop,1,999.99,2019-06-15 11:54:00,"614 1st St, Dallas, TX 75001",June
219878,ThinkPad Laptop,1,999.99,2019-06-10 19:05:00,"692 Lake St, Boston, MA 02215",June
220447,ThinkPad Laptop,1,999.99,2019-06-04 22:13:00,"647 Main St, Portland, OR 97035",June
222493,ThinkPad Laptop,1,999.99,2019-06-25 21:15:00,"273 11th St, Portland, OR 97035",June
212402,ThinkPad Laptop,1,999.99,2019-06-18 08:11:00,"267 River St, Boston, MA 02215",June
213293,ThinkPad Laptop,1,999.99,2019-06-06 15:30:00,"824 6th St, Los Angeles, CA 90001",June
213840,ThinkPad Laptop,1,999.99,2019-06-11 08:47:00,"444 4th St, New York City, NY 10001",June
215677,ThinkPad Laptop,1,999.99,2019-06-09 17:44:00,"823 Johnson St, San Francisco, CA 94016",June
217979,ThinkPad Laptop,1,999.99,2019-06-12 08:14:00,"967 6th St, Dallas, TX 75001",June
212358,ThinkPad Laptop,1,999.99,2019-06-03 19:01:00,"629 Wilson St, Boston, MA 02215",June
213392,ThinkPad Laptop,1,999.99,2019-06-10 11:01:00,"784 Cedar St, Dallas, TX 75001",June
216970,ThinkPad Laptop,1,999.99,2019-06-25 12:29:00,"663 Hill St, Seattle, WA 98101",June
210354,ThinkPad Laptop,1,999.99,2019-06-09 09:49:00,"338 Jackson St, New York City, NY 10001",June
222617,ThinkPad Laptop,1,999.99,2019-06-18 10:53:00,"761 10th St, Atlanta, GA 30301",June
211354,ThinkPad Laptop,1,999.99,2019-06-09 12:57:00,"854 Dogwood St, San Francisco, CA 94016",June
213087,ThinkPad Laptop,1,999.99,2019-06-29 16:50:00,"612 Washington St, San Francisco, CA 94016",June
214790,ThinkPad Laptop,1,999.99,2019-06-20 11:37:00,"947 Lincoln St, Atlanta, GA 30301",June
211262,ThinkPad Laptop,1,999.99,2019-06-19 13:36:00,"305 10th St, San Francisco, CA 94016",June
211304,ThinkPad Laptop,1,999.99,2019-06-14 12:42:00,"298 West St, Seattle, WA 98101",June
210981,ThinkPad Laptop,1,999.99,2019-06-07 17:47:00,"664 Elm St, San Francisco, CA 94016",June
218055,ThinkPad Laptop,1,999.99,2019-06-26 21:57:00,"442 7th St, Portland, OR 97035",June
222791,ThinkPad Laptop,1,999.99,2019-06-09 12:54:00,"284 Cedar St, Portland, ME 04101",June
212318,ThinkPad Laptop,1,999.99,2019-06-17 09:30:00,"126 Jackson St, Seattle, WA 98101",June
217890,ThinkPad Laptop,1,999.99,2019-06-23 15:43:00,"846 2nd St, New York City, NY 10001",June
218794,ThinkPad Laptop,1,999.99,2019-06-14 20:07:00,"419 South St, New York City, NY 10001",June
217295,ThinkPad Laptop,1,999.99,2019-06-13 17:39:00,"89 River St, Austin, TX 73301",June
210078,ThinkPad Laptop,1,999.99,2019-06-08 17:12:00,"981 Chestnut St, Portland, OR 97035",June
212850,ThinkPad Laptop,1,999.99,2019-06-24 12:58:00,"141 8th St, San Francisco, CA 94016",June
215388,ThinkPad Laptop,1,999.99,2019-06-12 05:08:00,"59 Pine St, Atlanta, GA 30301",June
212585,ThinkPad Laptop,1,999.99,2019-06-06 20:29:00,"194 West St, Seattle, WA 98101",June
217094,ThinkPad Laptop,1,999.99,2019-06-28 17:47:00,"576 West St, San Francisco, CA 94016",June
212241,ThinkPad Laptop,1,999.99,2019-06-14 11:06:00,"246 Lakeview St, Los Angeles, CA 90001",June
213714,ThinkPad Laptop,1,999.99,2019-06-02 17:48:00,"733 Washington St, San Francisco, CA 94016",June
222846,ThinkPad Laptop,1,999.99,2019-06-15 16:19:00,"459 Johnson St, Dallas, TX 75001",June
217850,ThinkPad Laptop,1,999.99,2019-06-03 12:54:00,"7 North St, Dallas, TX 75001",June
221496,ThinkPad Laptop,1,999.99,2019-06-12 14:16:00,"828 River St, New York City, NY 10001",June
222723,ThinkPad Laptop,1,999.99,2019-06-08 08:28:00,"506 South St, Los Angeles, CA 90001",June
223192,ThinkPad Laptop,1,999.99,2019-07-26 17:12:00,"931 Ridge St, Portland, OR 97035",July
225656,ThinkPad Laptop,1,999.99,2019-07-01 22:12:00,"736 Washington St, San Francisco, CA 94016",July
231035,ThinkPad Laptop,1,999.99,2019-07-08 11:24:00,"452 1st St, New York City, NY 10001",July
230886,ThinkPad Laptop,1,999.99,2019-07-19 08:33:00,"599 Cedar St, San Francisco, CA 94016",July
233975,ThinkPad Laptop,1,999.99,2019-07-04 19:54:00,"717 Center St, Los Angeles, CA 90001",July
223143,ThinkPad Laptop,1,999.99,2019-07-14 10:09:00,"494 Lakeview St, San Francisco, CA 94016",July
235686,ThinkPad Laptop,1,999.99,2019-07-25 13:27:00,"960 8th St, Atlanta, GA 30301",July
224919,ThinkPad Laptop,1,999.99,2019-07-20 19:08:00,"769 Madison St, New York City, NY 10001",July
226726,ThinkPad Laptop,1,999.99,2019-07-19 20:07:00,"6 West St, San Francisco, CA 94016",July
232079,ThinkPad Laptop,1,999.99,2019-07-04 10:33:00,"77 Hickory St, San Francisco, CA 94016",July
225702,ThinkPad Laptop,1,999.99,2019-07-06 17:06:00,"315 8th St, Boston, MA 02215",July
233905,ThinkPad Laptop,1,999.99,2019-07-18 13:37:00,"783 Dogwood St, Boston, MA 02215",July
235551,ThinkPad Laptop,1,999.99,2019-07-14 17:42:00,"879 12th St, Dallas, TX 75001",July
223647,ThinkPad Laptop,1,999.99,2019-07-10 19:58:00,"831 Washington St, Dallas, TX 75001",July
233749,ThinkPad Laptop,1,999.99,2019-07-29 13:59:00,"975 Lincoln St, Portland, OR 97035",July
233904,ThinkPad Laptop,1,999.99,2019-07-28 15:55:00,"863 Jackson St, New York City, NY 10001",July
235122,ThinkPad Laptop,1,999.99,2019-07-06 11:17:00,"818 Highland St, San Francisco, CA 94016",July
225981,ThinkPad Laptop,1,999.99,2019-07-10 12:39:00,"556 2nd St, Los Angeles, CA 90001",July
224815,ThinkPad Laptop,1,999.99,2019-07-16 14:39:00,"38 6th St, Los Angeles, CA 90001",July
225536,ThinkPad Laptop,1,999.99,2019-07-14 01:00:00,"561 North St, Boston, MA 02215",July
226188,ThinkPad Laptop,1,999.99,2019-07-20 20:18:00,"933 Lakeview St, San Francisco, CA 94016",July
235146,ThinkPad Laptop,1,999.99,2019-07-04 22:35:00,"28 Park St, San Francisco, CA 94016",July
223974,ThinkPad Laptop,1,999.99,2019-07-09 16:53:00,"456 14th St, Los Angeles, CA 90001",July
224820,ThinkPad Laptop,1,999.99,2019-07-30 22:36:00,"19 9th St, San Francisco, CA 94016",July
225948,ThinkPad Laptop,1,999.99,2019-07-01 19:43:00,"296 Sunset St, Atlanta, GA 30301",July
226934,ThinkPad Laptop,1,999.99,2019-07-18 13:43:00,"345 Washington St, San Francisco, CA 94016",July
232908,ThinkPad Laptop,1,999.99,2019-07-08 13:39:00,"565 Center St, San Francisco, CA 94016",July
235783,ThinkPad Laptop,1,999.99,2019-07-15 15:07:00,"484 Park St, San Francisco, CA 94016",July
231353,ThinkPad Laptop,1,999.99,2019-07-27 08:44:00,"601 Johnson St, Los Angeles, CA 90001",July
234346,ThinkPad Laptop,1,999.99,2019-07-02 19:09:00,"165 Lakeview St, Seattle, WA 98101",July
222959,ThinkPad Laptop,1,999.99,2019-07-15 13:07:00,"252 River St, Dallas, TX 75001",July
228770,ThinkPad Laptop,1,999.99,2019-07-05 18:21:00,"874 5th St, Boston, MA 02215",July
231722,ThinkPad Laptop,1,999.99,2019-07-28 01:10:00,"302 Walnut St, Los Angeles, CA 90001",July
236322,ThinkPad Laptop,1,999.99,2019-07-30 11:15:00,"298 10th St, San Francisco, CA 94016",July
227563,ThinkPad Laptop,1,999.99,2019-07-30 08:42:00,"386 Chestnut St, New York City, NY 10001",July
234212,ThinkPad Laptop,1,999.99,2019-07-10 17:46:00,"72 9th St, New York City, NY 10001",July
235911,ThinkPad Laptop,1,999.99,2019-07-11 16:02:00,"617 Jefferson St, Los Angeles, CA 90001",July
236534,ThinkPad Laptop,1,999.99,2019-07-04 15:44:00,"507 Dogwood St, Los Angeles, CA 90001",July
225036,ThinkPad Laptop,1,999.99,2019-07-07 18:11:00,"961 10th St, New York City, NY 10001",July
231510,ThinkPad Laptop,1,999.99,2019-07-11 16:14:00,"647 Wilson St, Los Angeles, CA 90001",July
227254,ThinkPad Laptop,1,999.99,2019-07-06 21:17:00,"975 13th St, Seattle, WA 98101",July
224639,ThinkPad Laptop,1,999.99,2019-07-14 10:53:00,"901 Walnut St, Portland, OR 97035",July
227034,ThinkPad Laptop,1,999.99,2019-07-31 18:26:00,"911 Spruce St, Los Angeles, CA 90001",July
228716,ThinkPad Laptop,1,999.99,2019-07-14 23:59:00,"650 Hickory St, New York City, NY 10001",July
231338,ThinkPad Laptop,1,999.99,2019-07-09 18:21:00,"561 4th St, San Francisco, CA 94016",July
227779,ThinkPad Laptop,1,999.99,2019-07-08 09:41:00,"253 Lakeview St, Atlanta, GA 30301",July
235054,ThinkPad Laptop,1,999.99,2019-07-19 11:22:00,"357 Cedar St, Boston, MA 02215",July
236305,ThinkPad Laptop,1,999.99,2019-07-27 15:58:00,"529 13th St, San Francisco, CA 94016",July
224529,ThinkPad Laptop,1,999.99,2019-07-26 22:55:00,"760 Hill St, Dallas, TX 75001",July
233785,ThinkPad Laptop,1,999.99,2019-07-30 10:14:00,"476 9th St, Los Angeles, CA 90001",July
223586,ThinkPad Laptop,1,999.99,2019-07-26 09:15:00,"120 West St, Boston, MA 02215",July
224896,ThinkPad Laptop,1,999.99,2019-07-28 16:06:00,"479 Adams St, Los Angeles, CA 90001",July
229408,ThinkPad Laptop,1,999.99,2019-07-19 17:22:00,"11 Wilson St, Los Angeles, CA 90001",July
230859,ThinkPad Laptop,1,999.99,2019-07-15 16:19:00,"70 Washington St, Los Angeles, CA 90001",July
232347,ThinkPad Laptop,1,999.99,2019-07-11 04:44:00,"296 10th St, San Francisco, CA 94016",July
236385,ThinkPad Laptop,1,999.99,2019-07-25 01:02:00,"947 Lincoln St, New York City, NY 10001",July
231046,ThinkPad Laptop,1,999.99,2019-07-17 19:44:00,"934 Main St, Atlanta, GA 30301",July
237714,ThinkPad Laptop,1,999.99,2019-08-31 22:43:00,"316 Walnut St, San Francisco, CA 94016",August
239196,ThinkPad Laptop,1,999.99,2019-08-25 01:08:00,"241 4th St, Los Angeles, CA 90001",August
241123,ThinkPad Laptop,1,999.99,2019-08-19 09:26:00,"219 North St, San Francisco, CA 94016",August
247350,ThinkPad Laptop,1,999.99,2019-08-11 17:33:00,"503 Center St, New York City, NY 10001",August
241697,ThinkPad Laptop,1,999.99,2019-08-15 14:42:00,"940 11th St, Los Angeles, CA 90001",August
247591,ThinkPad Laptop,1,999.99,2019-08-13 23:41:00,"828 5th St, Boston, MA 02215",August
244260,ThinkPad Laptop,1,999.99,2019-08-06 19:17:00,"118 5th St, San Francisco, CA 94016",August
246735,ThinkPad Laptop,1,999.99,2019-08-24 21:23:00,"253 12th St, Portland, OR 97035",August
247004,ThinkPad Laptop,1,999.99,2019-08-11 18:44:00,"173 Johnson St, Seattle, WA 98101",August
239340,ThinkPad Laptop,1,999.99,2019-08-13 13:25:00,"747 North St, Los Angeles, CA 90001",August
244500,ThinkPad Laptop,1,999.99,2019-08-09 23:40:00,"839 Jefferson St, Seattle, WA 98101",August
245133,ThinkPad Laptop,1,999.99,2019-08-01 13:15:00,"324 Wilson St, Dallas, TX 75001",August
241455,ThinkPad Laptop,1,999.99,2019-08-11 16:51:00,"139 11th St, Seattle, WA 98101",August
241705,ThinkPad Laptop,1,999.99,2019-08-15 11:39:00,"76 Park St, Portland, ME 04101",August
237893,ThinkPad Laptop,1,999.99,2019-08-12 17:31:00,"588 Hill St, Boston, MA 02215",August
240318,ThinkPad Laptop,1,999.99,2019-08-30 12:17:00,"617 Lakeview St, San Francisco, CA 94016",August
237263,ThinkPad Laptop,1,999.99,2019-08-04 12:21:00,"809 Cedar St, Dallas, TX 75001",August
243297,ThinkPad Laptop,1,999.99,2019-08-11 11:12:00,"684 7th St, Los Angeles, CA 90001",August
238528,ThinkPad Laptop,1,999.99,2019-08-05 17:26:00,"229 Hill St, San Francisco, CA 94016",August
242052,ThinkPad Laptop,1,999.99,2019-08-14 23:28:00,"704 Madison St, San Francisco, CA 94016",August
243277,ThinkPad Laptop,1,999.99,2019-08-22 12:08:00,"276 Spruce St, Dallas, TX 75001",August
241085,ThinkPad Laptop,1,999.99,2019-08-27 17:46:00,"667 Willow St, Los Angeles, CA 90001",August
243438,ThinkPad Laptop,1,999.99,2019-08-02 14:07:00,"486 Jefferson St, Austin, TX 73301",August
237321,ThinkPad Laptop,1,999.99,2019-08-11 07:31:00,"695 Jackson St, San Francisco, CA 94016",August
241671,ThinkPad Laptop,1,999.99,2019-08-17 13:38:00,"926 Walnut St, Austin, TX 73301",August
240539,ThinkPad Laptop,1,999.99,2019-08-15 21:27:00,"322 Walnut St, New York City, NY 10001",August
245047,ThinkPad Laptop,1,999.99,2019-08-27 12:40:00,"918 Chestnut St, San Francisco, CA 94016",August
245620,ThinkPad Laptop,1,999.99,2019-08-24 16:59:00,"536 Hill St, Seattle, WA 98101",August
240808,ThinkPad Laptop,1,999.99,2019-08-07 21:00:00,"468 Ridge St, Boston, MA 02215",August
241434,ThinkPad Laptop,1,999.99,2019-08-12 19:46:00,"518 Jefferson St, San Francisco, CA 94016",August
240687,ThinkPad Laptop,1,999.99,2019-08-14 00:45:00,"117 Elm St, San Francisco, CA 94016",August
244945,ThinkPad Laptop,1,999.99,2019-08-03 14:19:00,"463 Wilson St, San Francisco, CA 94016",August
253308,ThinkPad Laptop,1,999.99,2019-09-18 11:10:00,"705 9th St, Atlanta, GA 30301",September
258499,ThinkPad Laptop,1,999.99,2019-09-25 12:28:00,"902 5th St, Los Angeles, CA 90001",September
253427,ThinkPad Laptop,1,999.99,2019-09-27 11:08:00,"444 Pine St, Boston, MA 02215",September
249659,ThinkPad Laptop,1,999.99,2019-09-15 18:05:00,"672 Hill St, Seattle, WA 98101",September
251837,ThinkPad Laptop,1,999.99,2019-09-08 19:48:00,"80 Lakeview St, Los Angeles, CA 90001",September
256101,ThinkPad Laptop,1,999.99,2019-09-22 22:35:00,"499 12th St, Atlanta, GA 30301",September
254459,ThinkPad Laptop,1,999.99,2019-09-29 19:55:00,"105 Center St, Los Angeles, CA 90001",September
249995,ThinkPad Laptop,1,999.99,2019-09-26 17:41:00,"872 1st St, Atlanta, GA 30301",September
251770,ThinkPad Laptop,1,999.99,2019-09-08 11:26:00,"115 Lakeview St, Dallas, TX 75001",September
248272,ThinkPad Laptop,1,999.99,2019-09-01 11:11:00,"246 Hill St, Dallas, TX 75001",September
249664,ThinkPad Laptop,1,999.99,2019-09-18 11:35:00,"793 Park St, San Francisco, CA 94016",September
251126,ThinkPad Laptop,1,999.99,2019-09-21 19:18:00,"684 6th St, San Francisco, CA 94016",September
251210,ThinkPad Laptop,1,999.99,2019-09-09 11:09:00,"119 Lakeview St, New York City, NY 10001",September
254455,ThinkPad Laptop,1,999.99,2019-09-15 17:39:00,"585 Sunset St, New York City, NY 10001",September
248631,ThinkPad Laptop,1,999.99,2019-09-13 00:05:00,"670 12th St, San Francisco, CA 94016",September
255865,ThinkPad Laptop,1,999.99,2019-09-01 19:20:00,"615 Ridge St, Portland, OR 97035",September
253933,ThinkPad Laptop,1,999.99,2019-09-30 19:06:00,"376 Lake St, San Francisco, CA 94016",September
258658,ThinkPad Laptop,1,999.99,2019-09-18 21:44:00,"123 Pine St, San Francisco, CA 94016",September
248484,ThinkPad Laptop,1,999.99,2019-09-29 05:18:00,"346 Hickory St, Seattle, WA 98101",September
251041,ThinkPad Laptop,1,999.99,2019-09-26 09:11:00,"151 South St, Dallas, TX 75001",September
249866,ThinkPad Laptop,1,999.99,2019-09-15 15:43:00,"349 6th St, Los Angeles, CA 90001",September
254388,ThinkPad Laptop,1,999.99,2019-09-23 16:46:00,"202 Willow St, Boston, MA 02215",September
259321,ThinkPad Laptop,1,999.99,2019-09-25 16:09:00,"418 Hickory St, Los Angeles, CA 90001",September
251426,ThinkPad Laptop,1,999.99,2019-09-16 11:43:00,"949 6th St, San Francisco, CA 94016",September
253758,ThinkPad Laptop,1,999.99,2019-09-05 01:56:00,"996 Lincoln St, Los Angeles, CA 90001",September
258460,ThinkPad Laptop,1,999.99,2019-09-05 20:29:00,"771 Washington St, Portland, OR 97035",September
253147,ThinkPad Laptop,1,999.99,2019-09-21 22:17:00,"674 Forest St, San Francisco, CA 94016",September
258871,ThinkPad Laptop,1,999.99,2019-09-23 16:24:00,"154 13th St, Portland, OR 97035",September
249764,ThinkPad Laptop,1,999.99,2019-09-07 13:42:00,"650 North St, Los Angeles, CA 90001",September
250133,ThinkPad Laptop,1,999.99,2019-09-30 15:32:00,"653 South St, Dallas, TX 75001",September
254938,ThinkPad Laptop,1,999.99,2019-09-09 18:01:00,"506 Cedar St, Los Angeles, CA 90001",September
259644,ThinkPad Laptop,1,999.99,2019-10-01 13:26:00,"477 Madison St, Portland, OR 97035",October
263960,ThinkPad Laptop,1,999.99,2019-10-03 09:18:00,"221 10th St, San Francisco, CA 94016",October
266270,ThinkPad Laptop,1,999.99,2019-10-31 10:49:00,"675 Adams St, Dallas, TX 75001",October
260870,ThinkPad Laptop,1,999.99,2019-10-07 12:16:00,"614 Sunset St, New York City, NY 10001",October
262187,ThinkPad Laptop,1,999.99,2019-10-03 07:00:00,"695 Lakeview St, San Francisco, CA 94016",October
264364,ThinkPad Laptop,1,999.99,2019-10-11 08:03:00,"198 Cedar St, Los Angeles, CA 90001",October
272345,ThinkPad Laptop,1,999.99,2019-10-22 08:33:00,"473 Cedar St, Seattle, WA 98101",October
269845,ThinkPad Laptop,1,999.99,2019-10-14 10:16:00,"545 North St, Seattle, WA 98101",October
271616,ThinkPad Laptop,1,999.99,2019-10-31 10:29:00,"978 Cedar St, Los Angeles, CA 90001",October
271746,ThinkPad Laptop,1,999.99,2019-10-10 07:30:00,"333 13th St, Atlanta, GA 30301",October
261317,ThinkPad Laptop,1,999.99,2019-10-29 17:04:00,"869 Meadow St, Los Angeles, CA 90001",October
262763,ThinkPad Laptop,1,999.99,2019-10-06 22:35:00,"309 5th St, Atlanta, GA 30301",October
263651,ThinkPad Laptop,1,999.99,2019-10-09 15:14:00,"946 Jefferson St, Seattle, WA 98101",October
264021,ThinkPad Laptop,1,999.99,2019-10-12 12:16:00,"975 Jackson St, Seattle, WA 98101",October
266190,ThinkPad Laptop,1,999.99,2019-10-12 20:58:00,"934 Adams St, New York City, NY 10001",October
273226,ThinkPad Laptop,1,999.99,2019-10-01 17:43:00,"61 13th St, New York City, NY 10001",October
274803,ThinkPad Laptop,1,999.99,2019-10-25 11:23:00,"783 Lincoln St, Atlanta, GA 30301",October
277664,ThinkPad Laptop,1,999.99,2019-10-31 16:53:00,"381 Madison St, Portland, OR 97035",October
267444,ThinkPad Laptop,1,999.99,2019-10-25 16:55:00,"648 8th St, San Francisco, CA 94016",October
269525,ThinkPad Laptop,1,999.99,2019-10-27 08:19:00,"156 Madison St, Los Angeles, CA 90001",October
270929,ThinkPad Laptop,1,999.99,2019-10-11 11:09:00,"919 Chestnut St, San Francisco, CA 94016",October
259784,ThinkPad Laptop,1,999.99,2019-10-17 21:49:00,"537 8th St, Seattle, WA 98101",October
263003,ThinkPad Laptop,1,999.99,2019-10-27 02:23:00,"719 Forest St, Boston, MA 02215",October
266357,ThinkPad Laptop,1,999.99,2019-10-05 11:06:00,"357 North St, Dallas, TX 75001",October
276388,ThinkPad Laptop,1,999.99,2019-10-26 03:30:00,"572 Johnson St, Los Angeles, CA 90001",October
266437,ThinkPad Laptop,1,999.99,2019-10-19 11:49:00,"718 Spruce St, Atlanta, GA 30301",October
271618,ThinkPad Laptop,1,999.99,2019-10-01 12:00:00,"451 Cedar St, Boston, MA 02215",October
262084,ThinkPad Laptop,1,999.99,2019-10-31 11:41:00,"489 Lakeview St, New York City, NY 10001",October
269999,ThinkPad Laptop,1,999.99,2019-10-22 07:00:00,"980 Jefferson St, New York City, NY 10001",October
270291,ThinkPad Laptop,1,999.99,2019-10-02 20:17:00,"16 Washington St, Atlanta, GA 30301",October
274556,ThinkPad Laptop,1,999.99,2019-10-14 19:51:00,"370 North St, New York City, NY 10001",October
277284,ThinkPad Laptop,1,999.99,2019-10-23 12:49:00,"114 4th St, San Francisco, CA 94016",October
277673,ThinkPad Laptop,1,999.99,2019-10-17 08:45:00,"575 Meadow St, Los Angeles, CA 90001",October
262451,ThinkPad Laptop,1,999.99,2019-10-18 12:27:00,"137 Lake St, San Francisco, CA 94016",October
263662,ThinkPad Laptop,1,999.99,2019-10-12 15:30:00,"376 Walnut St, New York City, NY 10001",October
263731,ThinkPad Laptop,1,999.99,2019-10-29 19:00:00,"366 Johnson St, Portland, ME 04101",October
274577,ThinkPad Laptop,1,999.99,2019-10-15 17:18:00,"611 11th St, Portland, OR 97035",October
264462,ThinkPad Laptop,1,999.99,2019-10-01 15:50:00,"271 Chestnut St, Los Angeles, CA 90001",October
273530,ThinkPad Laptop,1,999.99,2019-10-24 18:08:00,"530 Highland St, San Francisco, CA 94016",October
265457,ThinkPad Laptop,1,999.99,2019-10-01 14:37:00,"31 5th St, Dallas, TX 75001",October
275131,ThinkPad Laptop,1,999.99,2019-10-27 13:02:00,"683 Hill St, San Francisco, CA 94016",October
277038,ThinkPad Laptop,1,999.99,2019-10-14 09:56:00,"592 Spruce St, Boston, MA 02215",October
265791,ThinkPad Laptop,1,999.99,2019-10-11 11:56:00,"256 Spruce St, Atlanta, GA 30301",October
267225,ThinkPad Laptop,1,999.99,2019-10-09 17:54:00,"760 Park St, Portland, OR 97035",October
271673,ThinkPad Laptop,1,999.99,2019-10-01 11:44:00,"41 11th St, New York City, NY 10001",October
276132,ThinkPad Laptop,1,999.99,2019-10-16 20:15:00,"190 8th St, Los Angeles, CA 90001",October
261072,ThinkPad Laptop,1,999.99,2019-10-02 17:29:00,"881 13th St, Los Angeles, CA 90001",October
268196,ThinkPad Laptop,1,999.99,2019-10-31 21:28:00,"833 10th St, New York City, NY 10001",October
270758,ThinkPad Laptop,1,999.99,2019-10-22 23:45:00,"458 Adams St, New York City, NY 10001",October
259384,ThinkPad Laptop,1,999.99,2019-10-29 23:22:00,"383 Cedar St, Dallas, TX 75001",October
262015,ThinkPad Laptop,1,999.99,2019-10-31 13:50:00,"329 River St, Los Angeles, CA 90001",October
276218,ThinkPad Laptop,1,999.99,2019-10-17 19:20:00,"987 South St, Boston, MA 02215",October
269003,ThinkPad Laptop,1,999.99,2019-10-31 22:12:00,"646 Lake St, New York City, NY 10001",October
271554,ThinkPad Laptop,1,999.99,2019-10-08 21:49:00,"244 Park St, San Francisco, CA 94016",October
277059,ThinkPad Laptop,1,999.99,2019-10-25 11:28:00,"427 4th St, Portland, OR 97035",October
260591,ThinkPad Laptop,1,999.99,2019-10-14 05:35:00,"599 Washington St, San Francisco, CA 94016",October
266672,ThinkPad Laptop,1,999.99,2019-10-04 23:02:00,"354 Center St, Los Angeles, CA 90001",October
273553,ThinkPad Laptop,1,999.99,2019-10-29 18:40:00,"874 4th St, San Francisco, CA 94016",October
262501,ThinkPad Laptop,1,999.99,2019-10-28 17:24:00,"549 Adams St, Austin, TX 73301",October
266113,ThinkPad Laptop,1,999.99,2019-10-02 21:37:00,"16 Highland St, Atlanta, GA 30301",October
274230,ThinkPad Laptop,1,999.99,2019-10-04 13:29:00,"946 1st St, Los Angeles, CA 90001",October
260055,ThinkPad Laptop,1,999.99,2019-10-12 21:11:00,"258 Elm St, New York City, NY 10001",October
272874,ThinkPad Laptop,1,999.99,2019-10-03 18:04:00,"656 Willow St, Los Angeles, CA 90001",October
263169,ThinkPad Laptop,1,999.99,2019-10-23 19:46:00,"532 4th St, Los Angeles, CA 90001",October
270967,ThinkPad Laptop,1,999.99,2019-10-26 20:20:00,"796 Walnut St, San Francisco, CA 94016",October
272775,ThinkPad Laptop,1,999.99,2019-10-24 14:41:00,"668 Madison St, Dallas, TX 75001",October
273298,ThinkPad Laptop,1,999.99,2019-10-18 09:03:00,"450 Maple St, San Francisco, CA 94016",October
277396,ThinkPad Laptop,1,999.99,2019-10-30 23:12:00,"613 River St, Austin, TX 73301",October
276666,ThinkPad Laptop,1,999.99,2019-10-29 10:20:00,"935 Highland St, Boston, MA 02215",October
261003,ThinkPad Laptop,1,999.99,2019-10-12 22:30:00,"735 Spruce St, Seattle, WA 98101",October
262192,ThinkPad Laptop,1,999.99,2019-10-05 00:08:00,"493 Ridge St, Boston, MA 02215",October
275833,ThinkPad Laptop,1,999.99,2019-10-05 21:06:00,"431 Ridge St, San Francisco, CA 94016",October
259487,ThinkPad Laptop,1,999.99,2019-10-09 12:35:00,"699 Lake St, San Francisco, CA 94016",October
268316,ThinkPad Laptop,1,999.99,2019-10-23 18:33:00,"111 Lakeview St, Austin, TX 73301",October
263836,ThinkPad Laptop,1,999.99,2019-10-09 12:29:00,"827 Lincoln St, New York City, NY 10001",October
265573,ThinkPad Laptop,1,999.99,2019-10-13 11:18:00,"686 12th St, San Francisco, CA 94016",October
272598,ThinkPad Laptop,1,999.99,2019-10-13 01:46:00,"483 Forest St, Seattle, WA 98101",October
259793,ThinkPad Laptop,1,999.99,2019-10-09 07:31:00,"835 Willow St, New York City, NY 10001",October
261499,ThinkPad Laptop,1,999.99,2019-10-11 14:05:00,"27 Wilson St, Dallas, TX 75001",October
261952,ThinkPad Laptop,1,999.99,2019-10-28 20:36:00,"431 Ridge St, Atlanta, GA 30301",October
270203,ThinkPad Laptop,1,999.99,2019-10-16 15:52:00,"205 Madison St, Atlanta, GA 30301",October
275818,ThinkPad Laptop,1,999.99,2019-10-24 18:16:00,"139 5th St, Boston, MA 02215",October
278014,ThinkPad Laptop,1,999.99,2019-10-07 10:13:00,"656 Church St, San Francisco, CA 94016",October
263399,ThinkPad Laptop,1,999.99,2019-10-23 18:37:00,"469 Cedar St, Boston, MA 02215",October
263556,ThinkPad Laptop,1,999.99,2019-10-10 17:35:00,"368 Lake St, Austin, TX 73301",October
271792,ThinkPad Laptop,1,999.99,2019-10-29 15:33:00,"302 Chestnut St, Atlanta, GA 30301",October
269364,ThinkPad Laptop,1,999.99,2019-10-11 21:12:00,"862 Dogwood St, Los Angeles, CA 90001",October
277384,ThinkPad Laptop,1,999.99,2019-10-31 10:27:00,"622 Meadow St, Los Angeles, CA 90001",October
278137,ThinkPad Laptop,1,999.99,2019-10-27 05:07:00,"755 Maple St, Los Angeles, CA 90001",October
262304,ThinkPad Laptop,1,999.99,2019-10-17 19:08:00,"232 Hill St, Atlanta, GA 30301",October
281624,ThinkPad Laptop,1,999.99,2019-11-18 11:16:00,"640 Lincoln St, San Francisco, CA 94016",November
288977,ThinkPad Laptop,1,999.99,2019-11-29 18:21:00,"814 10th St, Boston, MA 02215",November
280570,ThinkPad Laptop,1,999.99,2019-11-25 08:43:00,"381 Walnut St, Los Angeles, CA 90001",November
291067,ThinkPad Laptop,1,999.99,2019-11-07 12:35:00,"209 South St, New York City, NY 10001",November
288067,ThinkPad Laptop,1,999.99,2019-11-01 10:35:00,"508 Church St, Dallas, TX 75001",November
295597,ThinkPad Laptop,1,999.99,2019-11-29 21:47:00,"587 11th St, Los Angeles, CA 90001",November
285304,ThinkPad Laptop,1,999.99,2019-11-24 19:47:00,"108 Pine St, San Francisco, CA 94016",November
292129,ThinkPad Laptop,1,999.99,2019-11-16 16:19:00,"581 Pine St, Dallas, TX 75001",November
283044,ThinkPad Laptop,1,999.99,2019-11-27 13:05:00,"113 Church St, Portland, OR 97035",November
294820,ThinkPad Laptop,1,999.99,2019-11-07 14:20:00,"733 11th St, New York City, NY 10001",November
293728,ThinkPad Laptop,1,999.99,2019-11-18 19:31:00,"232 Pine St, Austin, TX 73301",November
286423,ThinkPad Laptop,1,999.99,2019-11-25 17:53:00,"478 Hickory St, Los Angeles, CA 90001",November
286752,ThinkPad Laptop,1,999.99,2019-11-26 23:57:00,"825 Chestnut St, New York City, NY 10001",November
284907,ThinkPad Laptop,1,999.99,2019-11-11 02:02:00,"91 North St, Seattle, WA 98101",November
286600,ThinkPad Laptop,1,999.99,2019-11-10 15:30:00,"405 Sunset St, New York City, NY 10001",November
291253,ThinkPad Laptop,1,999.99,2019-11-25 17:22:00,"159 8th St, San Francisco, CA 94016",November
291515,ThinkPad Laptop,1,999.99,2019-11-17 17:36:00,"255 14th St, Dallas, TX 75001",November
286583,ThinkPad Laptop,1,999.99,2019-11-10 17:06:00,"702 Lakeview St, San Francisco, CA 94016",November
286656,ThinkPad Laptop,1,999.99,2019-11-15 20:23:00,"499 14th St, San Francisco, CA 94016",November
280658,ThinkPad Laptop,1,999.99,2019-11-14 12:04:00,"424 Johnson St, Atlanta, GA 30301",November
289709,ThinkPad Laptop,1,999.99,2019-11-09 12:16:00,"634 Pine St, Los Angeles, CA 90001",November
291467,ThinkPad Laptop,1,999.99,2019-11-02 21:40:00,"116 Center St, Austin, TX 73301",November
285675,ThinkPad Laptop,1,999.99,2019-11-24 21:44:00,"148 Highland St, Seattle, WA 98101",November
292620,ThinkPad Laptop,1,999.99,2019-11-29 11:40:00,"722 Willow St, Los Angeles, CA 90001",November
294720,ThinkPad Laptop,1,999.99,2019-11-20 10:45:00,"480 11th St, Seattle, WA 98101",November
281724,ThinkPad Laptop,1,999.99,2019-11-15 17:24:00,"290 Hill St, Los Angeles, CA 90001",November
286485,ThinkPad Laptop,1,999.99,2019-11-02 20:05:00,"773 Johnson St, Dallas, TX 75001",November
289119,ThinkPad Laptop,1,999.99,2019-11-03 00:19:00,"262 Sunset St, Los Angeles, CA 90001",November
279771,ThinkPad Laptop,1,999.99,2019-11-04 00:07:00,"388 14th St, San Francisco, CA 94016",November
279902,ThinkPad Laptop,1,999.99,2019-11-23 14:19:00,"518 5th St, Atlanta, GA 30301",November
282545,ThinkPad Laptop,1,999.99,2019-11-08 19:00:00,"461 Jefferson St, New York City, NY 10001",November
284013,ThinkPad Laptop,1,999.99,2019-11-04 09:06:00,"342 Lakeview St, Dallas, TX 75001",November
287803,ThinkPad Laptop,1,999.99,2019-11-19 17:10:00,"762 Hickory St, Seattle, WA 98101",November
291469,ThinkPad Laptop,1,999.99,2019-11-30 01:34:00,"302 Jefferson St, New York City, NY 10001",November
292367,ThinkPad Laptop,1,999.99,2019-11-18 14:05:00,"446 Hickory St, Los Angeles, CA 90001",November
294488,ThinkPad Laptop,1,999.99,2019-11-18 13:33:00,"617 Cedar St, Los Angeles, CA 90001",November
291090,ThinkPad Laptop,1,999.99,2019-11-02 11:06:00,"895 Lake St, Dallas, TX 75001",November
283271,ThinkPad Laptop,1,999.99,2019-11-24 18:56:00,"777 River St, Boston, MA 02215",November
288650,ThinkPad Laptop,1,999.99,2019-11-08 20:22:00,"370 Adams St, New York City, NY 10001",November
279394,ThinkPad Laptop,1,999.99,2019-11-18 11:51:00,"628 14th St, Portland, OR 97035",November
284040,ThinkPad Laptop,1,999.99,2019-11-23 09:34:00,"764 Cherry St, Boston, MA 02215",November
288716,ThinkPad Laptop,1,999.99,2019-11-05 19:16:00,"806 6th St, San Francisco, CA 94016",November
281041,ThinkPad Laptop,1,999.99,2019-11-07 00:34:00,"763 Jackson St, Boston, MA 02215",November
295508,ThinkPad Laptop,1,999.99,2019-11-21 20:48:00,"591 Spruce St, San Francisco, CA 94016",November
283291,ThinkPad Laptop,1,999.99,2019-11-17 09:34:00,"372 Madison St, Seattle, WA 98101",November
288785,ThinkPad Laptop,1,999.99,2019-11-24 20:20:00,"797 Hickory St, San Francisco, CA 94016",November
295176,ThinkPad Laptop,1,999.99,2019-11-11 14:45:00,"152 Hickory St, Dallas, TX 75001",November
287071,ThinkPad Laptop,1,999.99,2019-11-07 23:23:00,"759 Cedar St, San Francisco, CA 94016",November
280744,ThinkPad Laptop,1,999.99,2019-11-16 18:35:00,"465 11th St, New York City, NY 10001",November
284595,ThinkPad Laptop,1,999.99,2019-11-06 20:19:00,"67 Ridge St, San Francisco, CA 94016",November
293314,ThinkPad Laptop,1,999.99,2019-11-09 20:00:00,"379 Adams St, San Francisco, CA 94016",November
281282,ThinkPad Laptop,1,999.99,2019-11-24 20:06:00,"352 Ridge St, New York City, NY 10001",November
282616,ThinkPad Laptop,1,999.99,2019-11-20 10:32:00,"17 Wilson St, Los Angeles, CA 90001",November
299894,ThinkPad Laptop,1,999.99,2019-12-25 18:11:00,"823 Lakeview St, Los Angeles, CA 90001",December
313368,ThinkPad Laptop,1,999.99,2019-12-25 16:18:00,"594 Wilson St, Boston, MA 02215",December
316592,ThinkPad Laptop,1,999.99,2019-12-08 20:17:00,"597 13th St, Portland, OR 97035",December
296177,ThinkPad Laptop,1,999.99,2019-12-23 14:22:00,"236 Cherry St, San Francisco, CA 94016",December
302988,ThinkPad Laptop,1,999.99,2019-12-21 13:52:00,"333 Cherry St, Seattle, WA 98101",December
310933,ThinkPad Laptop,1,999.99,2019-12-09 11:28:00,"843 Highland St, Los Angeles, CA 90001",December
311747,ThinkPad Laptop,1,999.99,2019-12-09 16:23:00,"862 Lincoln St, Atlanta, GA 30301",December
302474,ThinkPad Laptop,1,999.99,2019-12-04 19:47:00,"937 Hickory St, Los Angeles, CA 90001",December
307799,ThinkPad Laptop,1,999.99,2019-12-31 22:52:00,"276 Jackson St, Seattle, WA 98101",December
318283,ThinkPad Laptop,1,999.99,2019-12-09 13:03:00,"595 North St, San Francisco, CA 94016",December
300738,ThinkPad Laptop,1,999.99,2019-12-25 20:15:00,"146 14th St, Austin, TX 73301",December
299569,ThinkPad Laptop,1,999.99,2019-12-14 06:47:00,"606 Maple St, Boston, MA 02215",December
304056,ThinkPad Laptop,1,999.99,2019-12-25 23:03:00,"531 Forest St, San Francisco, CA 94016",December
311518,ThinkPad Laptop,1,999.99,2019-12-29 14:49:00,"430 Chestnut St, Dallas, TX 75001",December
319034,ThinkPad Laptop,1,999.99,2019-12-24 13:40:00,"271 Walnut St, New York City, NY 10001",December
313759,ThinkPad Laptop,1,999.99,2019-12-25 22:07:00,"70 4th St, Dallas, TX 75001",December
306910,ThinkPad Laptop,1,999.99,2019-12-01 13:52:00,"512 12th St, Dallas, TX 75001",December
308533,ThinkPad Laptop,1,999.99,2019-12-26 20:04:00,"397 Chestnut St, Atlanta, GA 30301",December
313877,ThinkPad Laptop,1,999.99,2019-12-10 21:39:00,"673 Chestnut St, Los Angeles, CA 90001",December
312395,ThinkPad Laptop,1,999.99,2019-12-27 23:52:00,"186 12th St, Atlanta, GA 30301",December
316091,ThinkPad Laptop,1,999.99,2019-12-23 15:07:00,"873 Sunset St, San Francisco, CA 94016",December
297802,ThinkPad Laptop,1,999.99,2019-12-13 09:47:00,"266 River St, Dallas, TX 75001",December
305833,ThinkPad Laptop,1,999.99,2019-12-29 22:55:00,"670 Jefferson St, Atlanta, GA 30301",December
306655,ThinkPad Laptop,1,999.99,2020-01-01 01:46:00,"431 Hickory St, Los Angeles, CA 90001",January
318709,ThinkPad Laptop,1,999.99,2019-12-29 01:44:00,"494 North St, Seattle, WA 98101",December
310636,ThinkPad Laptop,1,999.99,2019-12-05 21:56:00,"949 Center St, San Francisco, CA 94016",December
318805,ThinkPad Laptop,1,999.99,2019-12-05 14:28:00,"819 14th St, San Francisco, CA 94016",December
300313,ThinkPad Laptop,1,999.99,2019-12-22 13:37:00,"855 Jackson St, San Francisco, CA 94016",December
315450,ThinkPad Laptop,1,999.99,2019-12-10 19:30:00,"468 Lakeview St, Boston, MA 02215",December
311994,ThinkPad Laptop,1,999.99,2019-12-23 16:35:00,"626 Jackson St, Portland, ME 04101",December
315294,ThinkPad Laptop,1,999.99,2019-12-19 12:00:00,"108 Park St, Los Angeles, CA 90001",December
308311,ThinkPad Laptop,1,999.99,2019-12-14 01:01:00,"369 Main St, Los Angeles, CA 90001",December
311858,ThinkPad Laptop,1,999.99,2019-12-06 17:43:00,"60 Chestnut St, Boston, MA 02215",December
313443,ThinkPad Laptop,1,999.99,2019-12-23 10:06:00,"509 Dogwood St, Seattle, WA 98101",December
300929,ThinkPad Laptop,1,999.99,2019-12-04 10:32:00,"568 10th St, Los Angeles, CA 90001",December
314405,ThinkPad Laptop,1,999.99,2019-12-16 15:44:00,"363 Walnut St, Boston, MA 02215",December
200659,ThinkPad Laptop,1,999.99,2019-05-02 17:35:00,"522 Wilson St, San Francisco, CA 94016",May
227251,ThinkPad Laptop,1,999.99,2019-07-15 13:03:00,"604 Washington St, Portland, OR 97035",July
249679,ThinkPad Laptop,1,999.99,2019-09-29 19:18:00,"807 Dogwood St, Boston, MA 02215",September
256867,ThinkPad Laptop,1,999.99,2019-09-20 09:38:00,"787 Sunset St, Dallas, TX 75001",September
254879,ThinkPad Laptop,1,999.99,2019-09-08 21:57:00,"322 Adams St, Dallas, TX 75001",September
280991,ThinkPad Laptop,1,999.99,2019-11-27 23:43:00,"657 9th St, Los Angeles, CA 90001",November
286673,ThinkPad Laptop,1,999.99,2019-11-11 13:26:00,"312 7th St, Los Angeles, CA 90001",November
292840,ThinkPad Laptop,1,999.99,2019-11-08 13:16:00,"561 Highland St, San Francisco, CA 94016",November
291017,ThinkPad Laptop,1,999.99,2019-11-09 13:59:00,"292 5th St, Atlanta, GA 30301",November
302248,ThinkPad Laptop,1,999.99,2019-12-08 17:58:00,"88 Dogwood St, Seattle, WA 98101",December
301115,ThinkPad Laptop,1,999.99,2019-12-01 13:54:00,"817 2nd St, Atlanta, GA 30301",December
312598,ThinkPad Laptop,1,999.99,2019-12-04 19:26:00,"627 1st St, San Francisco, CA 94016",December
303091,ThinkPad Laptop,1,999.99,2019-12-26 08:16:00,"451 Sunset St, Los Angeles, CA 90001",December
309107,ThinkPad Laptop,1,999.99,2019-12-27 05:56:00,"729 Cedar St, Boston, MA 02215",December
316956,ThinkPad Laptop,1,999.99,2019-12-11 15:03:00,"266 West St, Seattle, WA 98101",December
317107,ThinkPad Laptop,1,999.99,2019-12-18 05:04:00,"466 Hill St, Atlanta, GA 30301",December
316529,ThinkPad Laptop,1,999.99,2019-12-17 15:32:00,"451 Cedar St, New York City, NY 10001",December
308027,ThinkPad Laptop,1,999.99,2019-12-28 11:14:00,"777 Washington St, Austin, TX 73301",December
315130,ThinkPad Laptop,1,999.99,2019-12-31 22:57:00,"948 Madison St, Atlanta, GA 30301",December
319109,ThinkPad Laptop,1,999.99,2019-12-12 08:03:00,"928 Sunset St, Dallas, TX 75001",December
295676,ThinkPad Laptop,1,999.99,2019-12-28 17:19:00,"410 Lincoln St, Los Angeles, CA 90001",December
303318,ThinkPad Laptop,1,999.99,2019-12-17 22:58:00,"409 12th St, Dallas, TX 75001",December
304672,ThinkPad Laptop,1,999.99,2019-12-20 09:19:00,"903 12th St, New York City, NY 10001",December
305714,ThinkPad Laptop,1,999.99,2019-12-16 10:38:00,"474 Adams St, San Francisco, CA 94016",December
300903,ThinkPad Laptop,1,999.99,2019-12-09 07:30:00,"402 Elm St, Portland, OR 97035",December
310434,ThinkPad Laptop,1,999.99,2019-12-12 08:26:00,"725 Cedar St, Austin, TX 73301",December
318387,ThinkPad Laptop,1,999.99,2019-12-07 14:01:00,"535 Center St, Los Angeles, CA 90001",December
306012,ThinkPad Laptop,1,999.99,2019-12-12 20:26:00,"943 1st St, Atlanta, GA 30301",December
297871,ThinkPad Laptop,1,999.99,2019-12-03 16:52:00,"95 13th St, Seattle, WA 98101",December
298136,ThinkPad Laptop,1,999.99,2019-12-30 14:09:00,"252 Lincoln St, Dallas, TX 75001",December
305118,ThinkPad Laptop,1,999.99,2019-12-31 14:51:00,"735 West St, New York City, NY 10001",December
307739,ThinkPad Laptop,1,999.99,2019-12-18 15:30:00,"283 8th St, Los Angeles, CA 90001",December
296602,ThinkPad Laptop,1,999.99,2019-12-03 07:45:00,"313 Cedar St, Atlanta, GA 30301",December
305380,ThinkPad Laptop,1,999.99,2019-12-27 19:13:00,"25 Meadow St, New York City, NY 10001",December
309517,ThinkPad Laptop,1,999.99,2019-12-31 12:04:00,"446 Jackson St, Los Angeles, CA 90001",December
310480,ThinkPad Laptop,1,999.99,2019-12-30 12:49:00,"29 Meadow St, Boston, MA 02215",December
318799,ThinkPad Laptop,1,999.99,2019-12-27 21:51:00,"310 Elm St, Los Angeles, CA 90001",December
300158,ThinkPad Laptop,1,999.99,2019-12-05 19:33:00,"566 9th St, Boston, MA 02215",December
303803,ThinkPad Laptop,1,999.99,2019-12-25 17:49:00,"101 Park St, Dallas, TX 75001",December
318383,ThinkPad Laptop,1,999.99,2019-12-14 20:06:00,"696 Church St, Portland, OR 97035",December
319503,ThinkPad Laptop,1,999.99,2019-12-28 00:49:00,"148 Pine St, San Francisco, CA 94016",December
145838,ThinkPad Laptop,1,999.99,2019-01-02 11:29:00,"798 Hickory St, Austin, TX 73301",January
148554,ThinkPad Laptop,1,999.99,2019-01-11 07:41:00,"472 Jackson St, Atlanta, GA 30301",January
142748,ThinkPad Laptop,1,999.99,2019-01-04 12:39:00,"219 Spruce St, San Francisco, CA 94016",January
144703,ThinkPad Laptop,1,999.99,2019-01-23 16:27:00,"117 West St, Portland, OR 97035",January
143147,ThinkPad Laptop,1,999.99,2019-01-01 21:28:00,"331 Sunset St, Los Angeles, CA 90001",January
143451,ThinkPad Laptop,1,999.99,2019-01-08 16:27:00,"1 Center St, San Francisco, CA 94016",January
147589,ThinkPad Laptop,1,999.99,2019-01-02 12:14:00,"227 Willow St, San Francisco, CA 94016",January
142830,ThinkPad Laptop,1,999.99,2019-01-22 07:40:00,"896 13th St, Dallas, TX 75001",January
143449,ThinkPad Laptop,1,999.99,2019-01-27 11:55:00,"117 West St, Seattle, WA 98101",January
146596,ThinkPad Laptop,1,999.99,2019-01-03 21:50:00,"844 Maple St, San Francisco, CA 94016",January
143281,ThinkPad Laptop,1,999.99,2019-01-21 20:15:00,"262 2nd St, New York City, NY 10001",January
143894,ThinkPad Laptop,1,999.99,2019-01-26 18:51:00,"264 Hill St, Los Angeles, CA 90001",January
143994,ThinkPad Laptop,1,999.99,2019-01-19 09:37:00,"95 Lakeview St, Dallas, TX 75001",January
142194,ThinkPad Laptop,1,999.99,2019-01-26 17:21:00,"2 River St, Los Angeles, CA 90001",January
142488,ThinkPad Laptop,1,999.99,2019-01-27 18:07:00,"62 7th St, Dallas, TX 75001",January
142877,ThinkPad Laptop,1,999.99,2019-01-22 21:30:00,"758 Adams St, Atlanta, GA 30301",January
150130,ThinkPad Laptop,1,999.99,2019-01-11 10:31:00,"123 Hill St, San Francisco, CA 94016",January
144170,ThinkPad Laptop,1,999.99,2019-01-24 21:33:00,"524 South St, Boston, MA 02215",January
144643,ThinkPad Laptop,1,999.99,2019-01-11 12:26:00,"664 11th St, Dallas, TX 75001",January
148713,ThinkPad Laptop,1,999.99,2019-01-24 23:55:00,"307 Washington St, Seattle, WA 98101",January
148673,ThinkPad Laptop,1,999.99,2019-01-15 09:26:00,"24 Elm St, San Francisco, CA 94016",January
141855,ThinkPad Laptop,1,999.99,2019-01-01 15:01:00,"549 Lincoln St, San Francisco, CA 94016",January
149445,ThinkPad Laptop,1,999.99,2019-01-31 19:17:00,"117 Madison St, Austin, TX 73301",January
148237,ThinkPad Laptop,1,999.99,2019-01-14 07:10:00,"330 Lincoln St, Boston, MA 02215",January
145686,ThinkPad Laptop,1,999.99,2019-01-15 17:55:00,"933 Maple St, Portland, OR 97035",January
147743,ThinkPad Laptop,1,999.99,2019-01-08 19:13:00,"412 Sunset St, Boston, MA 02215",January
147851,ThinkPad Laptop,1,999.99,2019-01-10 10:56:00,"4 10th St, Boston, MA 02215",January
148458,ThinkPad Laptop,1,999.99,2019-01-14 13:35:00,"242 Forest St, Los Angeles, CA 90001",January
142580,ThinkPad Laptop,1,999.99,2019-01-14 19:57:00,"928 Willow St, New York City, NY 10001",January
146149,ThinkPad Laptop,1,999.99,2019-01-06 08:38:00,"527 10th St, Dallas, TX 75001",January
148976,ThinkPad Laptop,1,999.99,2019-01-07 13:36:00,"449 River St, New York City, NY 10001",January
149389,ThinkPad Laptop,1,999.99,2019-01-31 19:12:00,"307 Hill St, Los Angeles, CA 90001",January
143827,ThinkPad Laptop,1,999.99,2019-01-20 16:43:00,"268 2nd St, San Francisco, CA 94016",January
143895,ThinkPad Laptop,1,999.99,2019-01-22 12:17:00,"51 Meadow St, Los Angeles, CA 90001",January
147465,ThinkPad Laptop,1,999.99,2019-01-02 18:11:00,"220 11th St, Boston, MA 02215",January
145091,ThinkPad Laptop,1,999.99,2019-01-10 07:43:00,"175 Lake St, San Francisco, CA 94016",January
146004,ThinkPad Laptop,1,999.99,2019-01-16 09:36:00,"396 Church St, Dallas, TX 75001",January
149649,ThinkPad Laptop,1,999.99,2019-01-31 09:21:00,"375 Pine St, San Francisco, CA 94016",January
142251,ThinkPad Laptop,1,999.99,2019-01-11 18:42:00,"600 Johnson St, San Francisco, CA 94016",January
147455,ThinkPad Laptop,1,999.99,2019-01-28 18:54:00,"232 Willow St, Seattle, WA 98101",January
145907,ThinkPad Laptop,1,999.99,2019-01-04 02:10:00,"729 North St, Atlanta, GA 30301",January
149509,ThinkPad Laptop,1,999.99,2019-01-01 14:04:00,"493 Dogwood St, Seattle, WA 98101",January
149530,ThinkPad Laptop,1,999.99,2019-01-09 16:11:00,"972 Highland St, Boston, MA 02215",January
141951,ThinkPad Laptop,1,999.99,2019-01-16 06:54:00,"489 12th St, Boston, MA 02215",January
146812,ThinkPad Laptop,1,999.99,2019-01-16 08:20:00,"97 Pine St, Atlanta, GA 30301",January
143142,ThinkPad Laptop,1,999.99,2019-01-13 10:27:00,"436 Lincoln St, Dallas, TX 75001",January
156808,ThinkPad Laptop,1,999.99,2019-02-06 09:44:00,"482 Dogwood St, San Francisco, CA 94016",February
151370,ThinkPad Laptop,1,999.99,2019-02-05 13:45:00,"353 Hickory St, New York City, NY 10001",February
158066,ThinkPad Laptop,1,999.99,2019-02-17 09:44:00,"349 Maple St, Boston, MA 02215",February
155729,ThinkPad Laptop,1,999.99,2019-02-16 20:13:00,"629 Adams St, New York City, NY 10001",February
156745,ThinkPad Laptop,1,999.99,2019-02-18 13:32:00,"509 8th St, Los Angeles, CA 90001",February
152239,ThinkPad Laptop,1,999.99,2019-02-14 21:49:00,"741 11th St, New York City, NY 10001",February
154170,ThinkPad Laptop,1,999.99,2019-02-03 18:30:00,"294 1st St, New York City, NY 10001",February
151229,ThinkPad Laptop,1,999.99,2019-02-09 08:47:00,"166 Maple St, Boston, MA 02215",February
157338,ThinkPad Laptop,1,999.99,2019-02-08 10:29:00,"815 6th St, New York City, NY 10001",February
159096,ThinkPad Laptop,1,999.99,2019-02-02 09:03:00,"305 Sunset St, New York City, NY 10001",February
159323,ThinkPad Laptop,1,999.99,2019-02-05 19:46:00,"914 South St, Austin, TX 73301",February
159934,ThinkPad Laptop,1,999.99,2019-02-19 23:13:00,"860 Hill St, San Francisco, CA 94016",February
160872,ThinkPad Laptop,1,999.99,2019-02-14 19:16:00,"191 Meadow St, Boston, MA 02215",February
156351,ThinkPad Laptop,1,999.99,2019-02-12 11:56:00,"767 12th St, Boston, MA 02215",February
158762,ThinkPad Laptop,1,999.99,2019-02-20 00:27:00,"711 5th St, Atlanta, GA 30301",February
155695,ThinkPad Laptop,1,999.99,2019-02-10 21:23:00,"432 West St, Atlanta, GA 30301",February
152016,ThinkPad Laptop,1,999.99,2019-02-24 08:20:00,"233 8th St, Portland, OR 97035",February
161709,ThinkPad Laptop,1,999.99,2019-02-10 14:35:00,"390 Highland St, Seattle, WA 98101",February
151599,ThinkPad Laptop,1,999.99,2019-02-15 22:12:00,"29 9th St, Dallas, TX 75001",February
155108,ThinkPad Laptop,1,999.99,2019-02-22 17:22:00,"145 Hill St, Seattle, WA 98101",February
155548,ThinkPad Laptop,1,999.99,2019-02-26 19:28:00,"27 South St, Dallas, TX 75001",February
158742,ThinkPad Laptop,1,999.99,2019-02-28 23:04:00,"529 Jefferson St, San Francisco, CA 94016",February
160426,ThinkPad Laptop,1,999.99,2019-02-04 16:49:00,"339 Hickory St, Atlanta, GA 30301",February
155575,ThinkPad Laptop,1,999.99,2019-02-16 15:24:00,"968 4th St, Dallas, TX 75001",February
161591,ThinkPad Laptop,1,999.99,2019-02-09 18:30:00,"417 Washington St, New York City, NY 10001",February
158947,ThinkPad Laptop,1,999.99,2019-02-13 07:25:00,"844 Main St, Austin, TX 73301",February
158023,ThinkPad Laptop,1,999.99,2019-02-09 07:43:00,"604 West St, Los Angeles, CA 90001",February
160247,ThinkPad Laptop,1,999.99,2019-02-26 16:03:00,"610 North St, Dallas, TX 75001",February
156057,ThinkPad Laptop,1,999.99,2019-02-10 09:06:00,"225 Lakeview St, San Francisco, CA 94016",February
159024,ThinkPad Laptop,1,999.99,2019-02-13 19:11:00,"728 Ridge St, San Francisco, CA 94016",February
151552,ThinkPad Laptop,1,999.99,2019-02-21 14:52:00,"808 Dogwood St, Atlanta, GA 30301",February
152392,ThinkPad Laptop,1,999.99,2019-02-08 21:17:00,"530 9th St, San Francisco, CA 94016",February
156698,ThinkPad Laptop,1,999.99,2019-02-23 13:01:00,"817 Elm St, Los Angeles, CA 90001",February
156915,ThinkPad Laptop,1,999.99,2019-02-21 17:29:00,"734 Church St, San Francisco, CA 94016",February
151014,ThinkPad Laptop,1,999.99,2019-02-21 17:24:00,"693 4th St, Atlanta, GA 30301",February
152066,ThinkPad Laptop,1,999.99,2019-02-13 23:07:00,"241 8th St, New York City, NY 10001",February
153796,ThinkPad Laptop,1,999.99,2019-02-12 15:10:00,"140 Meadow St, Portland, OR 97035",February
155959,ThinkPad Laptop,1,999.99,2019-02-19 16:42:00,"288 Willow St, Seattle, WA 98101",February
152273,ThinkPad Laptop,1,999.99,2019-02-08 09:44:00,"716 Cedar St, San Francisco, CA 94016",February
150530,ThinkPad Laptop,1,999.99,2019-02-05 14:19:00,"752 Park St, Los Angeles, CA 90001",February
153337,ThinkPad Laptop,1,999.99,2019-02-15 20:19:00,"439 Hill St, Dallas, TX 75001",February
157904,ThinkPad Laptop,1,999.99,2019-02-08 22:11:00,"391 4th St, Dallas, TX 75001",February
159970,ThinkPad Laptop,1,999.99,2019-02-07 18:40:00,"485 Washington St, Los Angeles, CA 90001",February
160019,ThinkPad Laptop,1,999.99,2019-02-11 11:24:00,"117 Chestnut St, Portland, OR 97035",February
155158,ThinkPad Laptop,1,999.99,2019-02-20 16:19:00,"27 Lincoln St, Boston, MA 02215",February
161833,ThinkPad Laptop,1,999.99,2019-02-03 11:59:00,"342 Church St, San Francisco, CA 94016",February
151705,ThinkPad Laptop,1,999.99,2019-02-13 18:39:00,"992 North St, San Francisco, CA 94016",February
154493,ThinkPad Laptop,1,999.99,2019-02-09 18:24:00,"469 8th St, Los Angeles, CA 90001",February
158682,ThinkPad Laptop,1,999.99,2019-02-16 11:26:00,"430 11th St, Seattle, WA 98101",February
163921,ThinkPad Laptop,1,999.99,2019-03-06 23:17:00,"336 Lakeview St, Seattle, WA 98101",March
166597,ThinkPad Laptop,1,999.99,2019-03-19 20:37:00,"913 13th St, San Francisco, CA 94016",March
170190,ThinkPad Laptop,1,999.99,2019-03-24 13:36:00,"24 13th St, Atlanta, GA 30301",March
169263,ThinkPad Laptop,1,999.99,2019-03-30 06:26:00,"351 Ridge St, Boston, MA 02215",March
169512,ThinkPad Laptop,1,999.99,2019-03-13 11:00:00,"336 River St, Austin, TX 73301",March
175890,ThinkPad Laptop,1,999.99,2019-03-10 18:18:00,"140 Madison St, New York City, NY 10001",March
168621,ThinkPad Laptop,1,999.99,2019-03-23 17:53:00,"574 6th St, San Francisco, CA 94016",March
173251,ThinkPad Laptop,1,999.99,2019-03-26 18:42:00,"896 Adams St, Portland, OR 97035",March
167578,ThinkPad Laptop,1,999.99,2019-03-04 10:01:00,"987 Lake St, Los Angeles, CA 90001",March
168534,ThinkPad Laptop,1,999.99,2019-03-05 19:48:00,"449 Church St, San Francisco, CA 94016",March
169962,ThinkPad Laptop,1,999.99,2019-03-12 16:59:00,"724 Main St, Boston, MA 02215",March
172949,ThinkPad Laptop,1,999.99,2019-03-30 12:44:00,"848 10th St, New York City, NY 10001",March
173533,ThinkPad Laptop,1,999.99,2019-03-23 12:44:00,"288 8th St, Boston, MA 02215",March
175410,ThinkPad Laptop,1,999.99,2019-03-19 21:12:00,"776 Jefferson St, New York City, NY 10001",March
172044,ThinkPad Laptop,1,999.99,2019-03-19 18:58:00,"260 Jackson St, New York City, NY 10001",March
171730,ThinkPad Laptop,1,999.99,2019-03-30 19:09:00,"525 Adams St, Boston, MA 02215",March
174040,ThinkPad Laptop,1,999.99,2019-03-04 15:28:00,"456 Lincoln St, San Francisco, CA 94016",March
174847,ThinkPad Laptop,1,999.99,2019-03-20 11:06:00,"936 Wilson St, Boston, MA 02215",March
163042,ThinkPad Laptop,1,999.99,2019-03-16 16:43:00,"781 Park St, San Francisco, CA 94016",March
164923,ThinkPad Laptop,1,999.99,2019-03-24 10:06:00,"781 South St, New York City, NY 10001",March
168285,ThinkPad Laptop,1,999.99,2019-03-08 18:52:00,"580 Adams St, Los Angeles, CA 90001",March
166213,ThinkPad Laptop,1,999.99,2019-03-25 09:27:00,"796 Ridge St, Seattle, WA 98101",March
173173,ThinkPad Laptop,1,999.99,2019-03-06 06:17:00,"938 Johnson St, Los Angeles, CA 90001",March
174810,ThinkPad Laptop,1,999.99,2019-03-10 01:07:00,"744 Pine St, New York City, NY 10001",March
175055,ThinkPad Laptop,1,999.99,2019-03-08 23:58:00,"990 2nd St, Austin, TX 73301",March
164491,ThinkPad Laptop,1,999.99,2019-03-04 11:45:00,"147 Highland St, Boston, MA 02215",March
165021,ThinkPad Laptop,1,999.99,2019-03-19 13:01:00,"225 Church St, New York City, NY 10001",March
169182,ThinkPad Laptop,1,999.99,2019-03-21 11:46:00,"771 9th St, Atlanta, GA 30301",March
171851,ThinkPad Laptop,1,999.99,2019-03-02 16:50:00,"370 Adams St, Boston, MA 02215",March
172285,ThinkPad Laptop,1,999.99,2019-03-22 12:41:00,"540 Ridge St, Los Angeles, CA 90001",March
174979,ThinkPad Laptop,1,999.99,2019-03-07 11:12:00,"274 Meadow St, New York City, NY 10001",March
170729,ThinkPad Laptop,1,999.99,2019-03-10 13:23:00,"566 North St, Austin, TX 73301",March
173144,ThinkPad Laptop,1,999.99,2019-03-23 20:54:00,"540 2nd St, Portland, OR 97035",March
176412,ThinkPad Laptop,1,999.99,2019-03-01 18:57:00,"679 West St, Seattle, WA 98101",March
170880,ThinkPad Laptop,1,999.99,2019-03-07 21:59:00,"540 North St, San Francisco, CA 94016",March
176271,ThinkPad Laptop,1,999.99,2019-03-23 06:56:00,"949 14th St, Boston, MA 02215",March
170531,ThinkPad Laptop,1,999.99,2019-03-18 13:36:00,"410 Meadow St, New York City, NY 10001",March
168991,ThinkPad Laptop,1,999.99,2019-03-05 10:47:00,"536 5th St, Boston, MA 02215",March
169321,ThinkPad Laptop,1,999.99,2019-03-05 00:13:00,"577 Hickory St, Los Angeles, CA 90001",March
164042,ThinkPad Laptop,1,999.99,2019-03-18 21:20:00,"965 6th St, Portland, OR 97035",March
168446,ThinkPad Laptop,1,999.99,2019-03-06 20:50:00,"398 Center St, San Francisco, CA 94016",March
162681,ThinkPad Laptop,1,999.99,2019-03-25 11:26:00,"79 Park St, Austin, TX 73301",March
170122,ThinkPad Laptop,1,999.99,2019-03-19 09:10:00,"496 Jefferson St, Dallas, TX 75001",March
173112,ThinkPad Laptop,1,999.99,2019-03-01 15:31:00,"457 Forest St, New York City, NY 10001",March
173465,ThinkPad Laptop,1,999.99,2019-03-15 12:34:00,"792 Chestnut St, Los Angeles, CA 90001",March
174765,ThinkPad Laptop,1,999.99,2019-03-04 13:19:00,"9 Church St, San Francisco, CA 94016",March
175553,ThinkPad Laptop,1,999.99,2019-03-18 19:42:00,"399 Cedar St, Boston, MA 02215",March
162387,ThinkPad Laptop,1,999.99,2019-03-25 18:39:00,"831 River St, New York City, NY 10001",March
169379,ThinkPad Laptop,1,999.99,2019-03-12 12:17:00,"176 Lincoln St, San Francisco, CA 94016",March
162154,ThinkPad Laptop,1,999.99,2019-03-30 10:18:00,"932 Forest St, Los Angeles, CA 90001",March
173800,ThinkPad Laptop,1,999.99,2019-03-11 13:14:00,"518 1st St, San Francisco, CA 94016",March
167017,ThinkPad Laptop,1,999.99,2019-03-13 20:23:00,"629 Walnut St, Portland, OR 97035",March
167914,ThinkPad Laptop,1,999.99,2019-03-25 15:46:00,"816 Hickory St, San Francisco, CA 94016",March
163473,ThinkPad Laptop,1,999.99,2019-03-07 19:29:00,"808 Hickory St, Boston, MA 02215",March
171223,ThinkPad Laptop,1,999.99,2019-03-08 23:49:00,"818 Jefferson St, Dallas, TX 75001",March
163534,ThinkPad Laptop,1,999.99,2019-03-23 18:43:00,"327 Ridge St, Boston, MA 02215",March
169673,ThinkPad Laptop,1,999.99,2019-03-05 14:08:00,"411 13th St, San Francisco, CA 94016",March
169285,ThinkPad Laptop,1,999.99,2019-03-04 22:41:00,"745 Hickory St, Atlanta, GA 30301",March
171478,ThinkPad Laptop,1,999.99,2019-03-17 10:59:00,"731 Washington St, Dallas, TX 75001",March
167342,ThinkPad Laptop,1,999.99,2019-03-27 13:17:00,"267 Washington St, Dallas, TX 75001",March
174872,ThinkPad Laptop,1,999.99,2019-03-03 12:31:00,"235 Lake St, Seattle, WA 98101",March
166226,ThinkPad Laptop,1,999.99,2019-03-15 12:20:00,"331 Forest St, Los Angeles, CA 90001",March
182525,ThinkPad Laptop,1,999.99,2019-04-10 10:36:00,"972 Forest St, San Francisco, CA 94016",April
182828,ThinkPad Laptop,1,999.99,2019-04-04 12:25:00,"95 Jackson St, Boston, MA 02215",April
191853,ThinkPad Laptop,1,999.99,2019-04-13 13:58:00,"359 Ridge St, San Francisco, CA 94016",April
178816,ThinkPad Laptop,1,999.99,2019-04-03 08:59:00,"112 Jackson St, Seattle, WA 98101",April
181324,ThinkPad Laptop,1,999.99,2019-04-16 10:01:00,"411 Elm St, San Francisco, CA 94016",April
177847,ThinkPad Laptop,1,999.99,2019-04-11 01:55:00,"608 Wilson St, Los Angeles, CA 90001",April
178515,ThinkPad Laptop,1,999.99,2019-04-16 19:31:00,"994 Madison St, Seattle, WA 98101",April
191202,ThinkPad Laptop,1,999.99,2019-04-26 13:43:00,"6 11th St, Austin, TX 73301",April
192844,ThinkPad Laptop,1,999.99,2019-04-21 17:33:00,"927 5th St, Atlanta, GA 30301",April
177497,ThinkPad Laptop,1,999.99,2019-04-16 10:30:00,"135 6th St, San Francisco, CA 94016",April
178970,ThinkPad Laptop,1,999.99,2019-04-21 21:26:00,"987 2nd St, Boston, MA 02215",April
187529,ThinkPad Laptop,1,999.99,2019-04-19 11:38:00,"649 Lincoln St, Austin, TX 73301",April
188650,ThinkPad Laptop,1,999.99,2019-04-25 13:02:00,"323 Meadow St, San Francisco, CA 94016",April
177739,ThinkPad Laptop,1,999.99,2019-04-01 09:39:00,"984 Park St, Dallas, TX 75001",April
191031,ThinkPad Laptop,1,999.99,2019-04-03 12:43:00,"851 Pine St, Dallas, TX 75001",April
178290,ThinkPad Laptop,1,999.99,2019-04-09 17:37:00,"647 Cedar St, Portland, ME 04101",April
179186,ThinkPad Laptop,1,999.99,2019-04-08 17:44:00,"981 6th St, Los Angeles, CA 90001",April
186273,ThinkPad Laptop,1,999.99,2019-04-26 11:48:00,"753 1st St, Portland, OR 97035",April
189869,ThinkPad Laptop,1,999.99,2019-04-09 12:31:00,"933 Hill St, San Francisco, CA 94016",April
178829,ThinkPad Laptop,1,999.99,2019-04-24 12:36:00,"933 Ridge St, Atlanta, GA 30301",April
190356,ThinkPad Laptop,1,999.99,2019-04-07 11:13:00,"488 Highland St, Los Angeles, CA 90001",April
182550,ThinkPad Laptop,1,999.99,2019-04-02 14:42:00,"111 Washington St, Los Angeles, CA 90001",April
192751,ThinkPad Laptop,1,999.99,2019-04-11 12:44:00,"435 Pine St, Los Angeles, CA 90001",April
187352,ThinkPad Laptop,1,999.99,2019-04-20 09:27:00,"517 Wilson St, San Francisco, CA 94016",April
192614,ThinkPad Laptop,1,999.99,2019-04-24 16:33:00,"668 Sunset St, Dallas, TX 75001",April
193753,ThinkPad Laptop,1,999.99,2019-04-09 14:47:00,"251 Dogwood St, Atlanta, GA 30301",April
187724,ThinkPad Laptop,1,999.99,2019-04-23 13:44:00,"965 Hill St, Boston, MA 02215",April
193594,ThinkPad Laptop,1,999.99,2019-04-22 16:36:00,"732 Jefferson St, Austin, TX 73301",April
181232,ThinkPad Laptop,1,999.99,2019-04-27 14:32:00,"722 River St, San Francisco, CA 94016",April
185856,ThinkPad Laptop,1,999.99,2019-04-26 20:14:00,"3 Chestnut St, Austin, TX 73301",April
193705,ThinkPad Laptop,1,999.99,2019-04-16 06:29:00,"690 Lake St, Los Angeles, CA 90001",April
176633,ThinkPad Laptop,1,999.99,2019-04-23 14:03:00,"863 Hickory St, Los Angeles, CA 90001",April
183531,ThinkPad Laptop,1,999.99,2019-04-25 22:05:00,"269 Lake St, Boston, MA 02215",April
179426,ThinkPad Laptop,1,999.99,2019-04-24 21:30:00,"760 West St, New York City, NY 10001",April
181731,ThinkPad Laptop,1,999.99,2019-04-01 13:22:00,"222 North St, New York City, NY 10001",April
183266,ThinkPad Laptop,1,999.99,2019-04-12 19:44:00,"304 Elm St, Los Angeles, CA 90001",April
190429,ThinkPad Laptop,1,999.99,2019-04-14 09:28:00,"31 13th St, Boston, MA 02215",April
192234,ThinkPad Laptop,1,999.99,2019-04-10 22:27:00,"174 12th St, Atlanta, GA 30301",April
177182,ThinkPad Laptop,1,999.99,2019-04-10 22:00:00,"332 10th St, Los Angeles, CA 90001",April
178718,ThinkPad Laptop,1,999.99,2019-04-23 00:56:00,"481 Cherry St, Los Angeles, CA 90001",April
189354,ThinkPad Laptop,1,999.99,2019-04-15 08:00:00,"987 6th St, Atlanta, GA 30301",April
190254,ThinkPad Laptop,1,999.99,2019-04-06 10:33:00,"546 Chestnut St, Atlanta, GA 30301",April
177328,ThinkPad Laptop,1,999.99,2019-04-17 22:24:00,"857 Ridge St, Boston, MA 02215",April
193605,ThinkPad Laptop,1,999.99,2019-04-02 16:16:00,"875 North St, Boston, MA 02215",April
180649,ThinkPad Laptop,1,999.99,2019-04-02 04:56:00,"586 2nd St, San Francisco, CA 94016",April
183618,ThinkPad Laptop,1,999.99,2019-04-28 22:25:00,"532 Lakeview St, Boston, MA 02215",April
185855,ThinkPad Laptop,1,999.99,2019-04-19 13:11:00,"255 1st St, Seattle, WA 98101",April
186124,ThinkPad Laptop,1,999.99,2019-04-06 11:18:00,"152 8th St, New York City, NY 10001",April
178838,ThinkPad Laptop,1,999.99,2019-04-12 11:22:00,"186 Spruce St, Seattle, WA 98101",April
179852,ThinkPad Laptop,1,999.99,2019-04-16 11:42:00,"19 Forest St, San Francisco, CA 94016",April
182992,ThinkPad Laptop,1,999.99,2019-04-08 10:35:00,"3 Johnson St, San Francisco, CA 94016",April
182547,ThinkPad Laptop,1,999.99,2019-04-03 14:48:00,"522 Hill St, San Francisco, CA 94016",April
184661,ThinkPad Laptop,1,999.99,2019-04-08 12:04:00,"688 Willow St, Seattle, WA 98101",April
188339,ThinkPad Laptop,1,999.99,2019-04-06 22:35:00,"560 12th St, Atlanta, GA 30301",April
183059,ThinkPad Laptop,1,999.99,2019-04-19 09:54:00,"306 1st St, Boston, MA 02215",April
186982,ThinkPad Laptop,1,999.99,2019-04-25 10:11:00,"318 13th St, San Francisco, CA 94016",April
190999,ThinkPad Laptop,1,999.99,2019-04-07 14:34:00,"176 10th St, San Francisco, CA 94016",April
192193,ThinkPad Laptop,1,999.99,2019-04-21 11:12:00,"507 Johnson St, Los Angeles, CA 90001",April
181363,ThinkPad Laptop,1,999.99,2019-04-15 08:57:00,"593 North St, Boston, MA 02215",April
183559,ThinkPad Laptop,1,999.99,2019-04-23 10:35:00,"452 Madison St, New York City, NY 10001",April
189129,ThinkPad Laptop,1,999.99,2019-04-26 16:49:00,"616 South St, San Francisco, CA 94016",April
191174,ThinkPad Laptop,1,999.99,2019-04-04 19:36:00,"516 9th St, San Francisco, CA 94016",April
191216,ThinkPad Laptop,1,999.99,2019-04-12 14:09:00,"606 Hill St, Portland, ME 04101",April
178154,ThinkPad Laptop,1,999.99,2019-04-13 09:48:00,"449 Walnut St, Dallas, TX 75001",April
193157,ThinkPad Laptop,1,999.99,2019-04-24 11:24:00,"87 Adams St, Seattle, WA 98101",April
188689,ThinkPad Laptop,1,999.99,2019-04-04 08:32:00,"370 Church St, San Francisco, CA 94016",April
189958,ThinkPad Laptop,1,999.99,2019-04-13 19:13:00,"181 12th St, New York City, NY 10001",April
192763,ThinkPad Laptop,1,999.99,2019-04-17 09:17:00,"970 West St, Atlanta, GA 30301",April
195408,ThinkPad Laptop,1,999.99,2019-05-11 23:02:00,"35 Chestnut St, Atlanta, GA 30301",May
198001,ThinkPad Laptop,1,999.99,2019-05-09 15:50:00,"978 Elm St, Austin, TX 73301",May
204530,ThinkPad Laptop,1,999.99,2019-05-01 18:27:00,"485 Highland St, San Francisco, CA 94016",May
207763,ThinkPad Laptop,1,999.99,2019-05-27 10:26:00,"144 Hill St, San Francisco, CA 94016",May
195984,ThinkPad Laptop,1,999.99,2019-05-22 19:21:00,"646 13th St, Portland, OR 97035",May
198885,ThinkPad Laptop,1,999.99,2019-05-18 16:13:00,"671 12th St, San Francisco, CA 94016",May
198886,ThinkPad Laptop,1,999.99,2019-05-18 14:10:00,"226 Meadow St, Atlanta, GA 30301",May
209217,ThinkPad Laptop,1,999.99,2019-05-14 10:08:00,"326 Lakeview St, Boston, MA 02215",May
209652,ThinkPad Laptop,1,999.99,2019-05-01 23:01:00,"113 South St, Los Angeles, CA 90001",May
196588,ThinkPad Laptop,1,999.99,2019-05-26 09:14:00,"875 Dogwood St, Boston, MA 02215",May
205585,ThinkPad Laptop,1,999.99,2019-05-12 11:38:00,"325 Cedar St, Los Angeles, CA 90001",May
199167,ThinkPad Laptop,1,999.99,2019-05-29 20:44:00,"648 Adams St, San Francisco, CA 94016",May
203481,ThinkPad Laptop,1,999.99,2019-05-15 16:52:00,"964 Wilson St, Dallas, TX 75001",May
207660,ThinkPad Laptop,1,999.99,2019-05-12 18:49:00,"596 West St, Los Angeles, CA 90001",May
195705,ThinkPad Laptop,1,999.99,2019-05-28 08:39:00,"653 4th St, Austin, TX 73301",May
205630,ThinkPad Laptop,1,999.99,2019-05-14 22:54:00,"332 North St, Atlanta, GA 30301",May
196008,ThinkPad Laptop,1,999.99,2019-05-22 22:33:00,"795 13th St, Austin, TX 73301",May
199419,ThinkPad Laptop,1,999.99,2019-05-23 22:45:00,"830 Jefferson St, Austin, TX 73301",May
196575,ThinkPad Laptop,1,999.99,2019-05-04 10:48:00,"144 Lakeview St, Dallas, TX 75001",May
199584,ThinkPad Laptop,1,999.99,2019-05-19 07:54:00,"357 Maple St, Austin, TX 73301",May
202074,ThinkPad Laptop,1,999.99,2019-05-29 12:04:00,"477 Hill St, Seattle, WA 98101",May
204134,ThinkPad Laptop,1,999.99,2019-05-07 16:03:00,"303 Pine St, Austin, TX 73301",May
209920,ThinkPad Laptop,1,999.99,2019-05-18 23:07:00,"43 5th St, Atlanta, GA 30301",May
197483,ThinkPad Laptop,1,999.99,2019-05-23 11:01:00,"874 Walnut St, Atlanta, GA 30301",May
203911,ThinkPad Laptop,1,999.99,2019-05-18 00:46:00,"325 Jackson St, Seattle, WA 98101",May
207520,ThinkPad Laptop,1,999.99,2019-05-26 16:21:00,"147 Cedar St, Austin, TX 73301",May
194352,ThinkPad Laptop,1,999.99,2019-05-21 16:09:00,"11 6th St, San Francisco, CA 94016",May
194640,ThinkPad Laptop,1,999.99,2019-05-04 01:05:00,"852 Hickory St, San Francisco, CA 94016",May
204667,ThinkPad Laptop,1,999.99,2019-05-18 07:22:00,"999 Madison St, Dallas, TX 75001",May
203367,ThinkPad Laptop,1,999.99,2019-05-28 16:37:00,"622 Washington St, New York City, NY 10001",May
205450,ThinkPad Laptop,1,999.99,2019-05-05 19:48:00,"580 Wilson St, New York City, NY 10001",May
205993,ThinkPad Laptop,1,999.99,2019-05-15 01:14:00,"663 Wilson St, San Francisco, CA 94016",May
200654,ThinkPad Laptop,1,999.99,2019-05-29 13:55:00,"194 Walnut St, New York City, NY 10001",May
204722,ThinkPad Laptop,1,999.99,2019-05-08 19:32:00,"594 South St, New York City, NY 10001",May
204971,ThinkPad Laptop,1,999.99,2019-05-21 16:18:00,"358 Adams St, Seattle, WA 98101",May
197772,ThinkPad Laptop,1,999.99,2019-05-21 14:50:00,"545 Madison St, Los Angeles, CA 90001",May
208161,ThinkPad Laptop,1,999.99,2019-05-05 16:25:00,"180 Wilson St, Los Angeles, CA 90001",May
203995,ThinkPad Laptop,1,999.99,2019-05-23 17:39:00,"442 Park St, San Francisco, CA 94016",May
205931,ThinkPad Laptop,1,999.99,2019-05-24 20:57:00,"591 Hickory St, San Francisco, CA 94016",May
208959,ThinkPad Laptop,1,999.99,2019-05-07 20:36:00,"276 Highland St, Seattle, WA 98101",May
199270,ThinkPad Laptop,1,999.99,2019-05-05 04:31:00,"458 Ridge St, San Francisco, CA 94016",May
199898,ThinkPad Laptop,1,999.99,2019-05-08 16:05:00,"249 12th St, Austin, TX 73301",May
208758,ThinkPad Laptop,1,999.99,2019-05-06 17:22:00,"342 Sunset St, Atlanta, GA 30301",May
208593,ThinkPad Laptop,1,999.99,2019-05-10 00:58:00,"76 Johnson St, Austin, TX 73301",May
208777,ThinkPad Laptop,1,999.99,2019-05-13 14:45:00,"650 Adams St, Boston, MA 02215",May
196467,ThinkPad Laptop,1,999.99,2019-05-30 01:23:00,"520 Cherry St, New York City, NY 10001",May
198756,ThinkPad Laptop,1,999.99,2019-05-09 14:08:00,"905 North St, San Francisco, CA 94016",May
199523,ThinkPad Laptop,1,999.99,2019-05-14 18:48:00,"539 Pine St, Portland, OR 97035",May
198000,ThinkPad Laptop,1,999.99,2019-05-20 18:15:00,"358 6th St, Los Angeles, CA 90001",May
202814,ThinkPad Laptop,1,999.99,2019-05-25 15:09:00,"811 Hill St, Los Angeles, CA 90001",May
195938,ThinkPad Laptop,1,999.99,2019-05-03 18:05:00,"965 Chestnut St, San Francisco, CA 94016",May
200375,ThinkPad Laptop,1,999.99,2019-05-24 18:36:00,"826 12th St, Los Angeles, CA 90001",May
203337,ThinkPad Laptop,1,999.99,2019-05-14 01:32:00,"874 12th St, Los Angeles, CA 90001",May
208894,ThinkPad Laptop,1,999.99,2019-05-18 19:46:00,"608 7th St, New York City, NY 10001",May
195198,ThinkPad Laptop,1,999.99,2019-05-22 12:31:00,"632 Sunset St, Los Angeles, CA 90001",May
198193,ThinkPad Laptop,1,999.99,2019-05-08 22:08:00,"581 Ridge St, Portland, OR 97035",May
205634,ThinkPad Laptop,1,999.99,2019-05-22 04:37:00,"874 Main St, San Francisco, CA 94016",May
197820,ThinkPad Laptop,1,999.99,2019-05-31 07:53:00,"519 Maple St, San Francisco, CA 94016",May
201623,ThinkPad Laptop,1,999.99,2019-05-04 16:17:00,"327 Dogwood St, Seattle, WA 98101",May
218495,ThinkPad Laptop,1,999.99,2019-06-14 09:06:00,"378 Center St, Los Angeles, CA 90001",June
222232,ThinkPad Laptop,1,999.99,2019-06-25 19:10:00,"855 Meadow St, New York City, NY 10001",June
212889,ThinkPad Laptop,1,999.99,2019-06-16 14:57:00,"561 2nd St, Los Angeles, CA 90001",June
213758,ThinkPad Laptop,1,999.99,2019-06-27 15:58:00,"698 Park St, San Francisco, CA 94016",June
214036,ThinkPad Laptop,1,999.99,2019-06-07 11:42:00,"260 Chestnut St, Portland, ME 04101",June
211110,ThinkPad Laptop,1,999.99,2019-06-30 13:08:00,"35 Cedar St, San Francisco, CA 94016",June
212562,ThinkPad Laptop,1,999.99,2019-06-08 13:30:00,"756 Highland St, Seattle, WA 98101",June
219534,ThinkPad Laptop,1,999.99,2019-06-07 12:03:00,"501 2nd St, Los Angeles, CA 90001",June
219359,ThinkPad Laptop,1,999.99,2019-06-05 12:39:00,"931 Church St, Seattle, WA 98101",June
222777,ThinkPad Laptop,1,999.99,2019-06-06 11:14:00,"42 Hickory St, Portland, ME 04101",June
213658,ThinkPad Laptop,1,999.99,2019-06-02 17:42:00,"302 Lakeview St, New York City, NY 10001",June
211406,ThinkPad Laptop,1,999.99,2019-06-28 08:33:00,"895 Madison St, Atlanta, GA 30301",June
215259,ThinkPad Laptop,1,999.99,2019-06-30 22:49:00,"270 6th St, Austin, TX 73301",June
216640,ThinkPad Laptop,1,999.99,2019-06-06 20:32:00,"467 10th St, Los Angeles, CA 90001",June
220238,ThinkPad Laptop,1,999.99,2019-06-10 12:24:00,"986 2nd St, Portland, OR 97035",June
210254,ThinkPad Laptop,1,999.99,2019-06-14 13:24:00,"464 6th St, San Francisco, CA 94016",June
213567,ThinkPad Laptop,1,999.99,2019-06-19 13:25:00,"386 Chestnut St, Portland, OR 97035",June
211282,ThinkPad Laptop,1,999.99,2019-06-01 11:16:00,"396 Hill St, Los Angeles, CA 90001",June
221469,ThinkPad Laptop,1,999.99,2019-06-03 12:02:00,"250 Elm St, Atlanta, GA 30301",June
222122,ThinkPad Laptop,1,999.99,2019-06-14 09:51:00,"270 Cherry St, San Francisco, CA 94016",June
215257,ThinkPad Laptop,1,999.99,2019-06-15 22:53:00,"924 9th St, Los Angeles, CA 90001",June
217974,ThinkPad Laptop,1,999.99,2019-06-19 17:50:00,"101 Walnut St, Seattle, WA 98101",June
220299,ThinkPad Laptop,1,999.99,2019-06-25 21:34:00,"417 Lakeview St, Atlanta, GA 30301",June
220062,ThinkPad Laptop,1,999.99,2019-06-06 15:51:00,"600 Cedar St, Los Angeles, CA 90001",June
212380,ThinkPad Laptop,1,999.99,2019-06-15 15:13:00,"688 1st St, Portland, OR 97035",June
212507,ThinkPad Laptop,1,999.99,2019-06-21 22:08:00,"690 Cedar St, Austin, TX 73301",June
215998,ThinkPad Laptop,1,999.99,2019-06-03 09:22:00,"560 4th St, Atlanta, GA 30301",June
218791,ThinkPad Laptop,1,999.99,2019-06-08 00:21:00,"982 14th St, San Francisco, CA 94016",June
222874,ThinkPad Laptop,1,999.99,2019-06-09 11:14:00,"549 Adams St, Los Angeles, CA 90001",June
212037,ThinkPad Laptop,1,999.99,2019-06-13 18:26:00,"665 Church St, San Francisco, CA 94016",June
219627,ThinkPad Laptop,1,999.99,2019-06-04 09:56:00,"406 5th St, Los Angeles, CA 90001",June
213386,ThinkPad Laptop,1,999.99,2019-06-15 22:43:00,"339 Main St, Boston, MA 02215",June
217001,ThinkPad Laptop,1,999.99,2019-06-16 19:15:00,"261 Lincoln St, Dallas, TX 75001",June
213140,ThinkPad Laptop,1,999.99,2019-06-17 18:11:00,"503 Park St, San Francisco, CA 94016",June
217553,ThinkPad Laptop,1,999.99,2019-06-01 09:15:00,"29 13th St, Portland, OR 97035",June
218869,ThinkPad Laptop,1,999.99,2019-06-14 07:07:00,"365 Cherry St, New York City, NY 10001",June
212419,ThinkPad Laptop,1,999.99,2019-06-19 16:37:00,"677 West St, San Francisco, CA 94016",June
220277,ThinkPad Laptop,1,999.99,2019-06-15 15:34:00,"499 Hickory St, Atlanta, GA 30301",June
215912,ThinkPad Laptop,1,999.99,2019-06-25 06:41:00,"690 12th St, Boston, MA 02215",June
214793,ThinkPad Laptop,1,999.99,2019-06-30 08:40:00,"562 Elm St, Atlanta, GA 30301",June
235809,ThinkPad Laptop,1,999.99,2019-07-10 17:04:00,"831 Cherry St, San Francisco, CA 94016",July
223134,ThinkPad Laptop,1,999.99,2019-07-25 12:17:00,"298 Wilson St, Portland, ME 04101",July
226995,ThinkPad Laptop,1,999.99,2019-07-10 19:13:00,"819 Spruce St, Portland, ME 04101",July
234087,ThinkPad Laptop,1,999.99,2019-07-06 20:31:00,"970 Wilson St, San Francisco, CA 94016",July
223050,ThinkPad Laptop,1,999.99,2019-07-14 18:14:00,"842 Washington St, Los Angeles, CA 90001",July
230092,ThinkPad Laptop,1,999.99,2019-07-14 13:06:00,"120 5th St, Austin, TX 73301",July
233116,ThinkPad Laptop,1,999.99,2019-07-20 18:41:00,"468 11th St, Boston, MA 02215",July
226165,ThinkPad Laptop,1,999.99,2019-07-23 16:58:00,"826 7th St, Atlanta, GA 30301",July
231977,ThinkPad Laptop,1,999.99,2019-07-16 18:21:00,"428 Lincoln St, San Francisco, CA 94016",July
226881,ThinkPad Laptop,1,999.99,2019-07-12 19:39:00,"47 West St, Boston, MA 02215",July
235832,ThinkPad Laptop,1,999.99,2019-07-17 19:19:00,"732 Maple St, Dallas, TX 75001",July
226360,ThinkPad Laptop,1,999.99,2019-07-30 08:56:00,"983 9th St, Boston, MA 02215",July
228338,ThinkPad Laptop,1,999.99,2019-07-18 23:34:00,"433 Center St, Seattle, WA 98101",July
231148,ThinkPad Laptop,1,999.99,2019-07-06 22:45:00,"335 Lakeview St, Seattle, WA 98101",July
231787,ThinkPad Laptop,1,999.99,2019-07-16 18:58:00,"766 Willow St, Boston, MA 02215",July
233819,ThinkPad Laptop,1,999.99,2019-07-11 22:58:00,"765 River St, New York City, NY 10001",July
224745,ThinkPad Laptop,1,999.99,2019-07-16 14:53:00,"75 14th St, Atlanta, GA 30301",July
234974,ThinkPad Laptop,1,999.99,2019-07-07 08:59:00,"931 Elm St, Atlanta, GA 30301",July
236639,ThinkPad Laptop,1,999.99,2019-07-19 20:34:00,"364 Forest St, San Francisco, CA 94016",July
224406,ThinkPad Laptop,1,999.99,2019-07-07 13:33:00,"869 6th St, Atlanta, GA 30301",July
228035,ThinkPad Laptop,1,999.99,2019-07-16 11:47:00,"752 Dogwood St, New York City, NY 10001",July
230209,ThinkPad Laptop,1,999.99,2019-07-08 16:24:00,"345 Spruce St, Boston, MA 02215",July
230544,ThinkPad Laptop,1,999.99,2019-07-04 18:59:00,"524 Lincoln St, Los Angeles, CA 90001",July
232162,ThinkPad Laptop,1,999.99,2019-07-29 19:30:00,"978 Meadow St, San Francisco, CA 94016",July
224021,ThinkPad Laptop,1,999.99,2019-07-05 12:09:00,"222 Wilson St, Portland, OR 97035",July
229559,ThinkPad Laptop,1,999.99,2019-07-27 16:31:00,"133 13th St, Dallas, TX 75001",July
230283,ThinkPad Laptop,1,999.99,2019-07-11 20:53:00,"308 Dogwood St, Los Angeles, CA 90001",July
232068,ThinkPad Laptop,1,999.99,2019-07-06 14:38:00,"587 Jefferson St, Atlanta, GA 30301",July
235616,ThinkPad Laptop,1,999.99,2019-07-14 23:27:00,"553 Center St, Seattle, WA 98101",July
225772,ThinkPad Laptop,1,999.99,2019-07-18 14:23:00,"387 Sunset St, Los Angeles, CA 90001",July
226396,ThinkPad Laptop,1,999.99,2019-07-31 17:13:00,"452 Elm St, Los Angeles, CA 90001",July
228272,ThinkPad Laptop,1,999.99,2019-07-24 07:08:00,"749 Cherry St, New York City, NY 10001",July
230148,ThinkPad Laptop,1,999.99,2019-07-28 23:33:00,"489 Dogwood St, New York City, NY 10001",July
230705,ThinkPad Laptop,1,999.99,2019-07-04 18:01:00,"207 River St, Seattle, WA 98101",July
233406,ThinkPad Laptop,1,999.99,2019-07-17 15:00:00,"998 1st St, Austin, TX 73301",July
226865,ThinkPad Laptop,1,999.99,2019-07-25 16:05:00,"285 Sunset St, New York City, NY 10001",July
231422,ThinkPad Laptop,1,999.99,2019-07-31 19:07:00,"709 Jackson St, Atlanta, GA 30301",July
234636,ThinkPad Laptop,1,999.99,2019-07-21 14:37:00,"913 Sunset St, Boston, MA 02215",July
227801,ThinkPad Laptop,1,999.99,2019-07-26 18:40:00,"739 11th St, San Francisco, CA 94016",July
228000,ThinkPad Laptop,1,999.99,2019-07-04 19:12:00,"889 Ridge St, New York City, NY 10001",July
229235,ThinkPad Laptop,1,999.99,2019-07-29 01:09:00,"315 Johnson St, New York City, NY 10001",July
232293,ThinkPad Laptop,1,999.99,2019-07-09 14:07:00,"449 14th St, Boston, MA 02215",July
229597,ThinkPad Laptop,1,999.99,2019-07-31 18:12:00,"324 10th St, Los Angeles, CA 90001",July
226856,ThinkPad Laptop,1,999.99,2019-07-02 13:39:00,"621 River St, Portland, OR 97035",July
241476,ThinkPad Laptop,1,999.99,2019-08-25 14:19:00,"360 12th St, Dallas, TX 75001",August
241802,ThinkPad Laptop,1,999.99,2019-08-07 14:52:00,"362 Lake St, Los Angeles, CA 90001",August
243977,ThinkPad Laptop,1,999.99,2019-08-12 10:05:00,"393 2nd St, Seattle, WA 98101",August
244686,ThinkPad Laptop,1,999.99,2019-08-15 09:54:00,"372 12th St, Los Angeles, CA 90001",August
238948,ThinkPad Laptop,1,999.99,2019-08-21 15:45:00,"315 11th St, New York City, NY 10001",August
241610,ThinkPad Laptop,1,999.99,2019-08-03 22:08:00,"6 Chestnut St, San Francisco, CA 94016",August
245423,ThinkPad Laptop,1,999.99,2019-08-24 13:27:00,"82 South St, New York City, NY 10001",August
240074,ThinkPad Laptop,1,999.99,2019-08-07 19:29:00,"107 Lincoln St, San Francisco, CA 94016",August
244776,ThinkPad Laptop,1,999.99,2019-08-09 16:53:00,"103 Ridge St, Los Angeles, CA 90001",August
247321,ThinkPad Laptop,1,999.99,2019-08-04 17:05:00,"657 Adams St, San Francisco, CA 94016",August
240364,ThinkPad Laptop,1,999.99,2019-08-31 09:54:00,"297 Main St, Austin, TX 73301",August
240131,ThinkPad Laptop,1,999.99,2019-08-07 20:04:00,"230 Main St, Los Angeles, CA 90001",August
241371,ThinkPad Laptop,1,999.99,2019-08-10 20:16:00,"443 11th St, San Francisco, CA 94016",August
244356,ThinkPad Laptop,1,999.99,2019-08-11 10:41:00,"978 5th St, Atlanta, GA 30301",August
238496,ThinkPad Laptop,1,999.99,2019-08-04 20:48:00,"290 6th St, Seattle, WA 98101",August
242870,ThinkPad Laptop,1,999.99,2019-08-05 06:24:00,"777 South St, Portland, OR 97035",August
237706,ThinkPad Laptop,1,999.99,2019-08-16 10:30:00,"766 Elm St, New York City, NY 10001",August
242951,ThinkPad Laptop,1,999.99,2019-08-22 20:04:00,"24 Hill St, Boston, MA 02215",August
244121,ThinkPad Laptop,1,999.99,2019-08-13 08:36:00,"825 Lakeview St, Boston, MA 02215",August
244419,ThinkPad Laptop,1,999.99,2019-08-18 23:27:00,"364 7th St, Portland, OR 97035",August
246040,ThinkPad Laptop,1,999.99,2019-08-20 17:53:00,"886 7th St, Boston, MA 02215",August
246497,ThinkPad Laptop,1,999.99,2019-08-15 19:47:00,"296 Washington St, Dallas, TX 75001",August
240095,ThinkPad Laptop,1,999.99,2019-08-09 17:57:00,"447 Church St, Portland, OR 97035",August
246783,ThinkPad Laptop,1,999.99,2019-08-17 08:14:00,"812 Jefferson St, Austin, TX 73301",August
240523,ThinkPad Laptop,1,999.99,2019-08-19 09:39:00,"557 Ridge St, Dallas, TX 75001",August
244292,ThinkPad Laptop,1,999.99,2019-08-08 10:32:00,"742 Hickory St, Los Angeles, CA 90001",August
247269,ThinkPad Laptop,1,999.99,2019-08-23 17:52:00,"873 8th St, Dallas, TX 75001",August
243071,ThinkPad Laptop,1,999.99,2019-08-25 10:11:00,"274 Ridge St, San Francisco, CA 94016",August
236804,ThinkPad Laptop,1,999.99,2019-08-06 23:10:00,"933 Center St, Los Angeles, CA 90001",August
239450,ThinkPad Laptop,1,999.99,2019-08-31 13:54:00,"731 12th St, San Francisco, CA 94016",August
238139,ThinkPad Laptop,1,999.99,2019-08-03 16:38:00,"243 4th St, Seattle, WA 98101",August
239101,ThinkPad Laptop,1,999.99,2019-08-12 17:05:00,"75 1st St, Los Angeles, CA 90001",August
242085,ThinkPad Laptop,1,999.99,2019-08-02 03:14:00,"421 Willow St, San Francisco, CA 94016",August
247272,ThinkPad Laptop,1,999.99,2019-08-28 23:30:00,"156 14th St, Dallas, TX 75001",August
243309,ThinkPad Laptop,1,999.99,2019-08-03 21:09:00,"40 Jackson St, Austin, TX 73301",August
246075,ThinkPad Laptop,1,999.99,2019-08-28 18:21:00,"722 4th St, Boston, MA 02215",August
243162,ThinkPad Laptop,1,999.99,2019-08-07 11:17:00,"75 Pine St, New York City, NY 10001",August
244726,ThinkPad Laptop,1,999.99,2019-08-26 06:56:00,"640 Main St, Dallas, TX 75001",August
240929,ThinkPad Laptop,1,999.99,2019-08-07 15:19:00,"601 Main St, San Francisco, CA 94016",August
245782,ThinkPad Laptop,1,999.99,2019-08-14 16:49:00,"333 Church St, San Francisco, CA 94016",August
237589,ThinkPad Laptop,1,999.99,2019-08-11 10:44:00,"69 Chestnut St, Portland, ME 04101",August
258573,ThinkPad Laptop,1,999.99,2019-09-02 22:44:00,"964 Church St, San Francisco, CA 94016",September
251028,ThinkPad Laptop,1,999.99,2019-09-21 07:43:00,"422 1st St, Los Angeles, CA 90001",September
258416,ThinkPad Laptop,1,999.99,2019-09-02 12:53:00,"878 Chestnut St, Seattle, WA 98101",September
253689,ThinkPad Laptop,1,999.99,2019-09-17 20:13:00,"641 Hickory St, San Francisco, CA 94016",September
250993,ThinkPad Laptop,1,999.99,2019-09-15 08:25:00,"694 Madison St, Portland, ME 04101",September
257019,ThinkPad Laptop,1,999.99,2019-09-20 11:23:00,"57 Sunset St, Atlanta, GA 30301",September
249143,ThinkPad Laptop,1,999.99,2019-09-01 20:18:00,"349 10th St, Austin, TX 73301",September
250673,ThinkPad Laptop,1,999.99,2019-09-07 11:09:00,"466 Cherry St, New York City, NY 10001",September
252911,ThinkPad Laptop,1,999.99,2019-09-23 19:05:00,"969 West St, Austin, TX 73301",September
254542,ThinkPad Laptop,1,999.99,2019-09-14 08:43:00,"481 Johnson St, Los Angeles, CA 90001",September
256764,ThinkPad Laptop,1,999.99,2019-09-18 22:46:00,"360 North St, Atlanta, GA 30301",September
255692,ThinkPad Laptop,1,999.99,2019-09-22 08:27:00,"820 Highland St, Atlanta, GA 30301",September
249577,ThinkPad Laptop,1,999.99,2019-09-26 09:28:00,"888 Walnut St, San Francisco, CA 94016",September
253851,ThinkPad Laptop,1,999.99,2019-09-06 17:39:00,"590 Chestnut St, Los Angeles, CA 90001",September
256661,ThinkPad Laptop,1,999.99,2019-09-17 14:02:00,"608 Spruce St, San Francisco, CA 94016",September
257844,ThinkPad Laptop,1,999.99,2019-09-11 23:18:00,"281 Maple St, Los Angeles, CA 90001",September
258739,ThinkPad Laptop,1,999.99,2019-09-29 12:29:00,"492 Cherry St, New York City, NY 10001",September
258847,ThinkPad Laptop,1,999.99,2019-09-18 09:45:00,"391 Hickory St, San Francisco, CA 94016",September
252007,ThinkPad Laptop,1,999.99,2019-09-16 09:53:00,"874 Highland St, San Francisco, CA 94016",September
254415,ThinkPad Laptop,1,999.99,2019-09-20 21:05:00,"999 Washington St, Los Angeles, CA 90001",September
257625,ThinkPad Laptop,1,999.99,2019-09-17 10:16:00,"377 Adams St, Los Angeles, CA 90001",September
249109,ThinkPad Laptop,1,999.99,2019-09-14 17:33:00,"739 Forest St, Seattle, WA 98101",September
251261,ThinkPad Laptop,1,999.99,2019-09-03 17:40:00,"569 4th St, Atlanta, GA 30301",September
248617,ThinkPad Laptop,1,999.99,2019-09-07 13:55:00,"126 13th St, New York City, NY 10001",September
253888,ThinkPad Laptop,1,999.99,2019-09-19 14:32:00,"349 4th St, New York City, NY 10001",September
254241,ThinkPad Laptop,1,999.99,2019-09-04 19:44:00,"806 North St, Atlanta, GA 30301",September
252750,ThinkPad Laptop,1,999.99,2019-09-02 20:51:00,"99 13th St, San Francisco, CA 94016",September
251586,ThinkPad Laptop,1,999.99,2019-09-14 12:03:00,"990 Church St, Atlanta, GA 30301",September
257972,ThinkPad Laptop,1,999.99,2019-09-17 07:21:00,"15 4th St, Los Angeles, CA 90001",September
249557,ThinkPad Laptop,1,999.99,2019-09-20 08:43:00,"241 11th St, Seattle, WA 98101",September
252035,ThinkPad Laptop,1,999.99,2019-09-19 14:11:00,"999 Wilson St, Los Angeles, CA 90001",September
255901,ThinkPad Laptop,1,999.99,2019-09-27 15:09:00,"618 2nd St, Dallas, TX 75001",September
249507,ThinkPad Laptop,1,999.99,2019-09-12 20:39:00,"276 Center St, Boston, MA 02215",September
255587,ThinkPad Laptop,1,999.99,2019-09-15 22:50:00,"917 North St, Boston, MA 02215",September
252334,ThinkPad Laptop,1,999.99,2019-09-28 14:53:00,"27 5th St, Los Angeles, CA 90001",September
252600,ThinkPad Laptop,1,999.99,2019-09-10 06:01:00,"506 2nd St, Austin, TX 73301",September
252956,ThinkPad Laptop,1,999.99,2019-09-24 12:30:00,"990 Maple St, Boston, MA 02215",September
252566,ThinkPad Laptop,1,999.99,2019-09-26 19:21:00,"717 Forest St, Los Angeles, CA 90001",September
258868,ThinkPad Laptop,1,999.99,2019-09-23 11:40:00,"658 Lincoln St, Los Angeles, CA 90001",September
256350,ThinkPad Laptop,1,999.99,2019-09-05 21:35:00,"131 1st St, Dallas, TX 75001",September
258041,ThinkPad Laptop,1,999.99,2019-09-23 12:21:00,"449 Spruce St, San Francisco, CA 94016",September
251747,ThinkPad Laptop,1,999.99,2019-09-07 17:04:00,"47 River St, San Francisco, CA 94016",September
256658,ThinkPad Laptop,1,999.99,2019-09-23 20:26:00,"402 4th St, Boston, MA 02215",September
250468,ThinkPad Laptop,1,999.99,2019-09-23 23:50:00,"137 Adams St, Portland, OR 97035",September
251343,ThinkPad Laptop,1,999.99,2019-09-17 16:34:00,"254 Lake St, Seattle, WA 98101",September
249753,ThinkPad Laptop,1,999.99,2019-09-26 09:29:00,"868 4th St, Los Angeles, CA 90001",September
250685,ThinkPad Laptop,1,999.99,2019-09-10 14:01:00,"511 North St, Boston, MA 02215",September
266006,ThinkPad Laptop,1,999.99,2019-10-30 22:43:00,"573 Jackson St, San Francisco, CA 94016",October
278637,ThinkPad Laptop,2,999.99,2019-10-02 16:06:00,"643 Cedar St, Boston, MA 02215",October
264012,ThinkPad Laptop,1,999.99,2019-10-06 15:49:00,"148 1st St, San Francisco, CA 94016",October
264863,ThinkPad Laptop,1,999.99,2019-10-19 19:36:00,"841 Elm St, Los Angeles, CA 90001",October
265135,ThinkPad Laptop,1,999.99,2019-10-04 18:41:00,"346 14th St, San Francisco, CA 94016",October
265650,ThinkPad Laptop,1,999.99,2019-10-11 12:15:00,"388 12th St, San Francisco, CA 94016",October
272824,ThinkPad Laptop,1,999.99,2019-10-08 13:35:00,"888 Main St, Atlanta, GA 30301",October
265957,ThinkPad Laptop,1,999.99,2019-10-30 21:22:00,"814 Spruce St, Los Angeles, CA 90001",October
270222,ThinkPad Laptop,1,999.99,2019-10-23 08:47:00,"337 12th St, San Francisco, CA 94016",October
275193,ThinkPad Laptop,1,999.99,2019-10-13 07:50:00,"657 Jackson St, Atlanta, GA 30301",October
276536,ThinkPad Laptop,1,999.99,2019-10-04 15:28:00,"701 Hill St, Dallas, TX 75001",October
261205,ThinkPad Laptop,1,999.99,2019-10-25 12:09:00,"637 Lake St, San Francisco, CA 94016",October
263464,ThinkPad Laptop,1,999.99,2019-10-28 15:54:00,"936 2nd St, Dallas, TX 75001",October
264468,ThinkPad Laptop,1,999.99,2019-10-13 19:01:00,"10 7th St, Portland, ME 04101",October
267697,ThinkPad Laptop,1,999.99,2019-10-23 15:39:00,"277 Jefferson St, San Francisco, CA 94016",October
275115,ThinkPad Laptop,1,999.99,2019-10-10 17:06:00,"556 Chestnut St, New York City, NY 10001",October
259674,ThinkPad Laptop,1,999.99,2019-10-06 20:30:00,"325 14th St, San Francisco, CA 94016",October
277724,ThinkPad Laptop,1,999.99,2019-10-01 20:55:00,"67 9th St, Los Angeles, CA 90001",October
264723,ThinkPad Laptop,1,999.99,2019-10-19 14:35:00,"894 13th St, San Francisco, CA 94016",October
266045,ThinkPad Laptop,1,999.99,2019-10-29 14:17:00,"744 12th St, Seattle, WA 98101",October
268860,ThinkPad Laptop,1,999.99,2019-10-17 09:37:00,"851 Highland St, Atlanta, GA 30301",October
275381,ThinkPad Laptop,1,999.99,2019-10-01 11:03:00,"198 1st St, San Francisco, CA 94016",October
268480,ThinkPad Laptop,1,999.99,2019-10-19 12:41:00,"139 Highland St, Boston, MA 02215",October
274972,ThinkPad Laptop,1,999.99,2019-10-28 18:55:00,"172 1st St, Los Angeles, CA 90001",October
260467,ThinkPad Laptop,1,999.99,2019-10-19 09:37:00,"658 Pine St, San Francisco, CA 94016",October
262753,ThinkPad Laptop,1,999.99,2019-10-20 10:35:00,"477 Main St, Los Angeles, CA 90001",October
278569,ThinkPad Laptop,1,999.99,2019-10-14 17:45:00,"425 Madison St, Los Angeles, CA 90001",October
275188,ThinkPad Laptop,1,999.99,2019-10-22 16:43:00,"231 River St, Austin, TX 73301",October
260360,ThinkPad Laptop,1,999.99,2019-10-11 19:46:00,"778 13th St, Austin, TX 73301",October
261420,ThinkPad Laptop,1,999.99,2019-10-18 13:21:00,"676 Hill St, Boston, MA 02215",October
267250,ThinkPad Laptop,1,999.99,2019-10-30 16:27:00,"371 Maple St, San Francisco, CA 94016",October
265968,ThinkPad Laptop,1,999.99,2019-10-19 22:16:00,"357 Madison St, New York City, NY 10001",October
275118,ThinkPad Laptop,1,999.99,2019-10-28 16:04:00,"125 1st St, Seattle, WA 98101",October
266493,ThinkPad Laptop,1,999.99,2019-10-10 17:22:00,"473 Madison St, Austin, TX 73301",October
268179,ThinkPad Laptop,1,999.99,2019-10-09 17:08:00,"926 Madison St, San Francisco, CA 94016",October
269966,ThinkPad Laptop,1,999.99,2019-10-21 05:30:00,"462 Hill St, Dallas, TX 75001",October
271644,ThinkPad Laptop,1,999.99,2019-10-07 14:59:00,"33 10th St, San Francisco, CA 94016",October
262696,ThinkPad Laptop,1,999.99,2019-10-19 23:29:00,"851 Ridge St, Boston, MA 02215",October
270926,ThinkPad Laptop,1,999.99,2019-10-05 09:47:00,"660 Chestnut St, Portland, OR 97035",October
259742,ThinkPad Laptop,1,999.99,2019-10-15 19:38:00,"121 Lincoln St, Dallas, TX 75001",October
261670,ThinkPad Laptop,1,999.99,2019-10-29 12:32:00,"393 13th St, New York City, NY 10001",October
265340,ThinkPad Laptop,1,999.99,2019-10-29 12:35:00,"870 4th St, Seattle, WA 98101",October
277210,ThinkPad Laptop,1,999.99,2019-10-21 20:23:00,"765 Washington St, Los Angeles, CA 90001",October
262603,ThinkPad Laptop,1,999.99,2019-10-29 10:32:00,"386 Lincoln St, Dallas, TX 75001",October
263446,ThinkPad Laptop,1,999.99,2019-10-20 00:44:00,"195 Johnson St, Atlanta, GA 30301",October
264191,ThinkPad Laptop,1,999.99,2019-10-10 09:38:00,"833 Johnson St, New York City, NY 10001",October
264258,ThinkPad Laptop,1,999.99,2019-10-22 15:16:00,"142 Hill St, San Francisco, CA 94016",October
267274,ThinkPad Laptop,1,999.99,2019-10-05 11:13:00,"223 North St, Boston, MA 02215",October
269430,ThinkPad Laptop,1,999.99,2019-10-28 14:59:00,"160 13th St, New York City, NY 10001",October
277742,ThinkPad Laptop,1,999.99,2019-10-06 11:00:00,"911 Forest St, Boston, MA 02215",October
261752,ThinkPad Laptop,1,999.99,2019-10-11 00:26:00,"79 4th St, Los Angeles, CA 90001",October
274894,ThinkPad Laptop,1,999.99,2019-10-15 12:59:00,"304 Elm St, Atlanta, GA 30301",October
276059,ThinkPad Laptop,1,999.99,2019-10-29 13:15:00,"957 Highland St, Dallas, TX 75001",October
273063,ThinkPad Laptop,1,999.99,2019-10-10 21:50:00,"737 Hickory St, Dallas, TX 75001",October
261382,ThinkPad Laptop,1,999.99,2019-10-24 06:36:00,"866 Dogwood St, Seattle, WA 98101",October
274708,ThinkPad Laptop,1,999.99,2019-10-09 14:33:00,"842 Washington St, Portland, OR 97035",October
276139,ThinkPad Laptop,1,999.99,2019-10-17 06:45:00,"53 Willow St, Seattle, WA 98101",October
265743,ThinkPad Laptop,1,999.99,2019-10-06 19:48:00,"527 Elm St, New York City, NY 10001",October
274951,ThinkPad Laptop,1,999.99,2019-10-06 21:23:00,"621 7th St, New York City, NY 10001",October
268496,ThinkPad Laptop,1,999.99,2019-10-12 15:24:00,"277 Highland St, Los Angeles, CA 90001",October
260385,ThinkPad Laptop,1,999.99,2019-10-09 21:46:00,"539 Johnson St, San Francisco, CA 94016",October
266509,ThinkPad Laptop,1,999.99,2019-10-24 17:04:00,"439 Lakeview St, Los Angeles, CA 90001",October
268459,ThinkPad Laptop,1,999.99,2019-10-09 09:21:00,"240 Ridge St, Portland, OR 97035",October
273923,ThinkPad Laptop,1,999.99,2019-10-10 16:59:00,"59 Walnut St, Portland, OR 97035",October
275377,ThinkPad Laptop,1,999.99,2019-10-28 21:55:00,"468 8th St, Dallas, TX 75001",October
268184,ThinkPad Laptop,1,999.99,2019-10-13 16:12:00,"517 9th St, Seattle, WA 98101",October
274496,ThinkPad Laptop,1,999.99,2019-10-13 20:51:00,"271 Madison St, Dallas, TX 75001",October
280108,ThinkPad Laptop,1,999.99,2019-11-11 12:00:00,"765 Church St, Seattle, WA 98101",November
281630,ThinkPad Laptop,1,999.99,2019-11-21 19:55:00,"924 1st St, Austin, TX 73301",November
288924,ThinkPad Laptop,1,999.99,2019-11-15 20:58:00,"68 Johnson St, Dallas, TX 75001",November
282959,ThinkPad Laptop,1,999.99,2019-11-12 21:11:00,"281 Park St, Los Angeles, CA 90001",November
288401,ThinkPad Laptop,1,999.99,2019-11-10 20:05:00,"265 10th St, New York City, NY 10001",November
292310,ThinkPad Laptop,1,999.99,2019-11-14 23:54:00,"3 Sunset St, Los Angeles, CA 90001",November
280441,ThinkPad Laptop,1,999.99,2019-11-03 19:18:00,"370 Lakeview St, San Francisco, CA 94016",November
286085,ThinkPad Laptop,1,999.99,2019-11-11 18:19:00,"667 2nd St, Los Angeles, CA 90001",November
293612,ThinkPad Laptop,1,999.99,2019-11-13 14:00:00,"659 Elm St, New York City, NY 10001",November
291758,ThinkPad Laptop,1,999.99,2019-11-12 12:00:00,"89 Elm St, San Francisco, CA 94016",November
294479,ThinkPad Laptop,1,999.99,2019-11-17 07:38:00,"448 11th St, Los Angeles, CA 90001",November
280016,ThinkPad Laptop,1,999.99,2019-11-05 14:10:00,"432 West St, San Francisco, CA 94016",November
288800,ThinkPad Laptop,1,999.99,2019-11-25 14:41:00,"23 12th St, Los Angeles, CA 90001",November
294024,ThinkPad Laptop,1,999.99,2019-11-29 20:27:00,"766 Hickory St, Portland, OR 97035",November
284774,ThinkPad Laptop,1,999.99,2019-11-20 17:25:00,"360 Wilson St, Atlanta, GA 30301",November
285214,ThinkPad Laptop,1,999.99,2019-11-11 17:34:00,"12 Walnut St, San Francisco, CA 94016",November
285921,ThinkPad Laptop,1,999.99,2019-11-13 12:12:00,"202 Spruce St, San Francisco, CA 94016",November
280378,ThinkPad Laptop,1,999.99,2019-11-07 15:23:00,"960 Church St, Dallas, TX 75001",November
286017,ThinkPad Laptop,1,999.99,2019-11-16 19:26:00,"697 Spruce St, New York City, NY 10001",November
279993,ThinkPad Laptop,1,999.99,2019-11-13 18:31:00,"231 14th St, San Francisco, CA 94016",November
282341,ThinkPad Laptop,1,999.99,2019-11-22 17:56:00,"624 5th St, Los Angeles, CA 90001",November
288166,ThinkPad Laptop,1,999.99,2019-11-11 07:37:00,"254 Jefferson St, New York City, NY 10001",November
280585,ThinkPad Laptop,1,999.99,2019-11-24 18:59:00,"211 Wilson St, Boston, MA 02215",November
286148,ThinkPad Laptop,1,999.99,2019-11-10 07:09:00,"710 Walnut St, Boston, MA 02215",November
278931,ThinkPad Laptop,1,999.99,2019-11-24 14:13:00,"493 Center St, Boston, MA 02215",November
289234,ThinkPad Laptop,1,999.99,2019-11-17 23:49:00,"20 2nd St, San Francisco, CA 94016",November
294844,ThinkPad Laptop,1,999.99,2019-11-24 20:35:00,"475 Jefferson St, Atlanta, GA 30301",November
279054,ThinkPad Laptop,1,999.99,2019-11-27 17:40:00,"538 1st St, Portland, OR 97035",November
281097,ThinkPad Laptop,1,999.99,2019-11-03 17:12:00,"421 Hickory St, San Francisco, CA 94016",November
283014,ThinkPad Laptop,1,999.99,2019-11-17 11:49:00,"660 Spruce St, Atlanta, GA 30301",November
283410,ThinkPad Laptop,1,999.99,2019-11-18 09:37:00,"644 Pine St, Seattle, WA 98101",November
284896,ThinkPad Laptop,1,999.99,2019-11-14 15:56:00,"286 Maple St, Los Angeles, CA 90001",November
287903,ThinkPad Laptop,1,999.99,2019-11-30 13:18:00,"469 4th St, San Francisco, CA 94016",November
281395,ThinkPad Laptop,1,999.99,2019-11-18 22:54:00,"627 South St, Dallas, TX 75001",November
292675,ThinkPad Laptop,1,999.99,2019-11-15 16:56:00,"240 Walnut St, Atlanta, GA 30301",November
282761,ThinkPad Laptop,1,999.99,2019-11-26 17:38:00,"42 Spruce St, Dallas, TX 75001",November
290285,ThinkPad Laptop,1,999.99,2019-11-22 16:05:00,"318 Maple St, Dallas, TX 75001",November
279862,ThinkPad Laptop,1,999.99,2019-11-24 13:01:00,"156 River St, San Francisco, CA 94016",November
280924,ThinkPad Laptop,1,999.99,2019-11-02 15:34:00,"99 Adams St, San Francisco, CA 94016",November
286573,ThinkPad Laptop,1,999.99,2019-11-27 17:07:00,"456 Main St, Los Angeles, CA 90001",November
288114,ThinkPad Laptop,1,999.99,2019-11-10 10:30:00,"852 Adams St, Dallas, TX 75001",November
291307,ThinkPad Laptop,1,999.99,2019-11-26 21:20:00,"281 Jefferson St, New York City, NY 10001",November
281746,ThinkPad Laptop,1,999.99,2019-11-14 21:54:00,"983 Spruce St, New York City, NY 10001",November
289546,ThinkPad Laptop,1,999.99,2019-11-08 19:37:00,"603 Lincoln St, Atlanta, GA 30301",November
290854,ThinkPad Laptop,1,999.99,2019-11-14 02:56:00,"895 Sunset St, Los Angeles, CA 90001",November
291580,ThinkPad Laptop,1,999.99,2019-11-12 18:05:00,"8 South St, New York City, NY 10001",November
279585,ThinkPad Laptop,1,999.99,2019-11-03 18:55:00,"444 Cedar St, Austin, TX 73301",November
282330,ThinkPad Laptop,1,999.99,2019-11-15 21:09:00,"647 Forest St, Dallas, TX 75001",November
286464,ThinkPad Laptop,1,999.99,2019-11-30 21:06:00,"403 Hickory St, Austin, TX 73301",November
280001,ThinkPad Laptop,1,999.99,2019-11-07 18:21:00,"225 13th St, Austin, TX 73301",November
280077,ThinkPad Laptop,1,999.99,2019-11-18 04:12:00,"931 Johnson St, Boston, MA 02215",November
295630,ThinkPad Laptop,1,999.99,2019-11-16 15:12:00,"382 10th St, Los Angeles, CA 90001",November
293622,ThinkPad Laptop,1,999.99,2019-11-07 20:35:00,"611 2nd St, Seattle, WA 98101",November
294142,ThinkPad Laptop,1,999.99,2019-11-02 23:47:00,"141 Sunset St, Los Angeles, CA 90001",November
302550,ThinkPad Laptop,1,999.99,2019-12-13 17:57:00,"512 West St, Los Angeles, CA 90001",December
308902,ThinkPad Laptop,1,999.99,2019-12-13 02:42:00,"123 Highland St, Atlanta, GA 30301",December
318341,ThinkPad Laptop,1,999.99,2019-12-20 16:48:00,"359 11th St, Los Angeles, CA 90001",December
297841,ThinkPad Laptop,1,999.99,2019-12-15 15:21:00,"409 North St, Dallas, TX 75001",December
298340,ThinkPad Laptop,1,999.99,2019-12-13 13:12:00,"567 River St, Dallas, TX 75001",December
305214,ThinkPad Laptop,1,999.99,2019-12-10 14:59:00,"16 Walnut St, Boston, MA 02215",December
313553,ThinkPad Laptop,1,999.99,2019-12-05 08:42:00,"945 Hickory St, Los Angeles, CA 90001",December
313560,ThinkPad Laptop,1,999.99,2019-12-11 19:12:00,"576 Hill St, Atlanta, GA 30301",December
296255,ThinkPad Laptop,1,999.99,2019-12-14 03:10:00,"566 Lincoln St, San Francisco, CA 94016",December
297829,ThinkPad Laptop,1,999.99,2019-12-15 11:57:00,"976 Center St, Portland, OR 97035",December
317911,ThinkPad Laptop,1,999.99,2019-12-21 13:46:00,"836 Chestnut St, Portland, OR 97035",December
296547,ThinkPad Laptop,1,999.99,2019-12-31 01:16:00,"225 14th St, Boston, MA 02215",December
296949,ThinkPad Laptop,1,999.99,2019-12-14 23:17:00,"144 10th St, Dallas, TX 75001",December
302192,ThinkPad Laptop,1,999.99,2019-12-21 10:19:00,"314 12th St, Los Angeles, CA 90001",December
304836,ThinkPad Laptop,1,999.99,2019-12-29 14:33:00,"350 Jackson St, Los Angeles, CA 90001",December
306455,ThinkPad Laptop,1,999.99,2019-12-01 12:52:00,"319 Pine St, New York City, NY 10001",December
314898,ThinkPad Laptop,1,999.99,2019-12-07 20:06:00,"948 Meadow St, New York City, NY 10001",December
312507,ThinkPad Laptop,1,999.99,2019-12-06 12:05:00,"686 Maple St, San Francisco, CA 94016",December
313217,ThinkPad Laptop,1,999.99,2019-12-29 08:58:00,"274 Lakeview St, Los Angeles, CA 90001",December
313427,ThinkPad Laptop,1,999.99,2019-12-12 10:32:00,"444 Hill St, Portland, OR 97035",December
316520,ThinkPad Laptop,1,999.99,2019-12-12 20:21:00,"60 West St, San Francisco, CA 94016",December
311855,ThinkPad Laptop,1,999.99,2019-12-03 16:29:00,"112 Hickory St, Los Angeles, CA 90001",December
312882,ThinkPad Laptop,1,999.99,2019-12-23 12:19:00,"185 Chestnut St, San Francisco, CA 94016",December
316527,ThinkPad Laptop,1,999.99,2019-12-12 21:47:00,"31 Park St, San Francisco, CA 94016",December
301255,ThinkPad Laptop,1,999.99,2019-12-24 23:09:00,"24 Center St, Los Angeles, CA 90001",December
302024,ThinkPad Laptop,1,999.99,2019-12-06 21:58:00,"764 Hickory St, Boston, MA 02215",December
304439,ThinkPad Laptop,1,999.99,2019-12-01 08:24:00,"291 Cherry St, New York City, NY 10001",December
306928,ThinkPad Laptop,1,999.99,2020-01-01 03:14:00,"762 Elm St, Boston, MA 02215",January
301357,ThinkPad Laptop,1,999.99,2019-12-17 17:30:00,"578 Cedar St, Boston, MA 02215",December
302069,ThinkPad Laptop,1,999.99,2019-12-21 13:18:00,"675 Main St, Dallas, TX 75001",December
302308,ThinkPad Laptop,1,999.99,2019-12-11 14:29:00,"565 Forest St, San Francisco, CA 94016",December
295941,ThinkPad Laptop,1,999.99,2019-12-31 16:24:00,"64 Dogwood St, Portland, OR 97035",December
297736,ThinkPad Laptop,1,999.99,2019-12-31 00:10:00,"370 Cedar St, New York City, NY 10001",December
299559,ThinkPad Laptop,1,999.99,2019-12-03 23:27:00,"299 South St, San Francisco, CA 94016",December
307532,ThinkPad Laptop,1,999.99,2019-12-01 15:01:00,"428 Jefferson St, San Francisco, CA 94016",December
311669,ThinkPad Laptop,1,999.99,2019-12-27 17:07:00,"868 7th St, Boston, MA 02215",December
311952,ThinkPad Laptop,1,999.99,2019-12-22 18:31:00,"971 13th St, Los Angeles, CA 90001",December
315101,ThinkPad Laptop,1,999.99,2019-12-22 08:58:00,"956 Lake St, San Francisco, CA 94016",December
302885,ThinkPad Laptop,1,999.99,2019-12-29 20:08:00,"469 Spruce St, Boston, MA 02215",December
313937,ThinkPad Laptop,1,999.99,2019-12-31 06:57:00,"548 Lincoln St, Dallas, TX 75001",December
303843,ThinkPad Laptop,1,999.99,2019-12-08 17:11:00,"374 1st St, Atlanta, GA 30301",December
305439,ThinkPad Laptop,1,999.99,2019-12-09 09:11:00,"982 South St, New York City, NY 10001",December
305908,ThinkPad Laptop,1,999.99,2019-12-17 08:43:00,"423 Jefferson St, Dallas, TX 75001",December
319252,ThinkPad Laptop,1,999.99,2019-12-02 16:28:00,"303 2nd St, Los Angeles, CA 90001",December
308797,ThinkPad Laptop,1,999.99,2019-12-02 14:58:00,"294 10th St, Boston, MA 02215",December
305928,ThinkPad Laptop,1,999.99,2019-12-08 16:33:00,"637 North St, Los Angeles, CA 90001",December
313381,ThinkPad Laptop,1,999.99,2019-12-31 19:45:00,"208 Cherry St, Atlanta, GA 30301",December
304024,ThinkPad Laptop,1,999.99,2019-12-19 17:19:00,"531 Hickory St, Portland, OR 97035",December
305811,ThinkPad Laptop,1,999.99,2019-12-21 23:10:00,"85 Lincoln St, San Francisco, CA 94016",December
314113,ThinkPad Laptop,1,999.99,2019-12-23 00:22:00,"977 Hill St, Dallas, TX 75001",December
309583,ThinkPad Laptop,1,999.99,2019-12-08 20:13:00,"155 Willow St, Los Angeles, CA 90001",December
315469,ThinkPad Laptop,1,999.99,2019-12-10 22:17:00,"244 Lincoln St, New York City, NY 10001",December
300437,ThinkPad Laptop,1,999.99,2019-12-11 12:08:00,"313 Hickory St, Los Angeles, CA 90001",December
300515,ThinkPad Laptop,1,999.99,2019-12-13 14:40:00,"218 1st St, Atlanta, GA 30301",December
175905,ThinkPad Laptop,1,999.99,2019-03-02 18:21:00,"678 Johnson St, Boston, MA 02215",March
212940,ThinkPad Laptop,1,999.99,2019-06-17 18:19:00,"577 Madison St, New York City, NY 10001",June
214796,ThinkPad Laptop,1,999.99,2019-06-15 15:12:00,"499 Jefferson St, Portland, OR 97035",June
229032,ThinkPad Laptop,1,999.99,2019-07-12 16:16:00,"546 Elm St, San Francisco, CA 94016",July
236132,ThinkPad Laptop,1,999.99,2019-07-24 09:47:00,"146 Forest St, Los Angeles, CA 90001",July
229769,ThinkPad Laptop,1,999.99,2019-07-01 19:20:00,"181 11th St, New York City, NY 10001",July
243328,ThinkPad Laptop,1,999.99,2019-08-21 10:36:00,"746 Main St, San Francisco, CA 94016",August
245951,ThinkPad Laptop,1,999.99,2019-08-10 09:01:00,"990 Johnson St, San Francisco, CA 94016",August
266559,ThinkPad Laptop,1,999.99,2019-10-24 15:55:00,"108 Lakeview St, San Francisco, CA 94016",October
274818,ThinkPad Laptop,1,999.99,2019-10-21 22:37:00,"519 Church St, San Francisco, CA 94016",October
284900,ThinkPad Laptop,1,999.99,2019-11-10 16:08:00,"446 Adams St, Los Angeles, CA 90001",November
281139,ThinkPad Laptop,1,999.99,2019-11-22 17:19:00,"44 Spruce St, Boston, MA 02215",November
287282,ThinkPad Laptop,1,999.99,2019-11-12 20:13:00,"324 8th St, Portland, OR 97035",November
284883,ThinkPad Laptop,1,999.99,2019-11-14 08:42:00,"784 Wilson St, Atlanta, GA 30301",November
293132,ThinkPad Laptop,1,999.99,2019-11-25 23:07:00,"908 Washington St, San Francisco, CA 94016",November
291489,ThinkPad Laptop,1,999.99,2019-11-18 11:44:00,"800 10th St, Boston, MA 02215",November
289984,ThinkPad Laptop,1,999.99,2019-11-07 20:27:00,"782 1st St, Seattle, WA 98101",November
304644,ThinkPad Laptop,1,999.99,2019-12-09 06:40:00,"988 River St, New York City, NY 10001",December
306654,ThinkPad Laptop,1,999.99,2019-12-07 09:45:00,"533 Jefferson St, Los Angeles, CA 90001",December
310572,ThinkPad Laptop,1,999.99,2019-12-21 15:32:00,"253 12th St, Boston, MA 02215",December
311428,ThinkPad Laptop,1,999.99,2019-12-04 15:07:00,"863 6th St, New York City, NY 10001",December
314693,ThinkPad Laptop,1,999.99,2019-12-31 10:07:00,"700 Highland St, Portland, OR 97035",December
297930,ThinkPad Laptop,1,999.99,2019-12-30 09:17:00,"975 Johnson St, Boston, MA 02215",December
297944,ThinkPad Laptop,1,999.99,2019-12-23 23:08:00,"502 South St, Los Angeles, CA 90001",December
306998,ThinkPad Laptop,1,999.99,2019-12-17 10:36:00,"962 Pine St, San Francisco, CA 94016",December
315214,ThinkPad Laptop,1,999.99,2019-12-01 21:41:00,"921 14th St, Atlanta, GA 30301",December
310598,ThinkPad Laptop,1,999.99,2019-12-30 01:18:00,"419 Jefferson St, New York City, NY 10001",December
300537,ThinkPad Laptop,1,999.99,2019-12-05 02:13:00,"551 Pine St, San Francisco, CA 94016",December
307134,ThinkPad Laptop,1,999.99,2019-12-04 00:56:00,"568 West St, Austin, TX 73301",December
310888,ThinkPad Laptop,1,999.99,2019-12-21 10:45:00,"888 4th St, San Francisco, CA 94016",December
302661,ThinkPad Laptop,1,999.99,2019-12-28 11:26:00,"79 Jackson St, Boston, MA 02215",December
303900,ThinkPad Laptop,1,999.99,2019-12-24 16:08:00,"883 Washington St, Boston, MA 02215",December
306429,ThinkPad Laptop,1,999.99,2019-12-12 15:00:00,"811 Lincoln St, Atlanta, GA 30301",December
311420,ThinkPad Laptop,1,999.99,2019-12-16 00:06:00,"703 13th St, Atlanta, GA 30301",December
312760,ThinkPad Laptop,1,999.99,2019-12-31 12:16:00,"99 Jefferson St, San Francisco, CA 94016",December
316049,ThinkPad Laptop,1,999.99,2019-12-31 06:28:00,"213 Madison St, San Francisco, CA 94016",December
315670,ThinkPad Laptop,1,999.99,2019-12-08 21:38:00,"599 Chestnut St, Boston, MA 02215",December
315613,ThinkPad Laptop,1,999.99,2019-12-06 12:54:00,"454 7th St, Portland, OR 97035",December
307593,ThinkPad Laptop,1,999.99,2019-12-13 02:25:00,"96 12th St, Atlanta, GA 30301",December
311586,ThinkPad Laptop,1,999.99,2019-12-01 21:57:00,"477 Dogwood St, San Francisco, CA 94016",December
312347,ThinkPad Laptop,1,999.99,2019-12-09 12:46:00,"360 Meadow St, New York City, NY 10001",December
319068,ThinkPad Laptop,1,999.99,2019-12-02 13:54:00,"144 Main St, San Francisco, CA 94016",December
314086,ThinkPad Laptop,1,999.99,2019-12-14 10:13:00,"314 9th St, Austin, TX 73301",December
317458,ThinkPad Laptop,1,999.99,2019-12-09 11:08:00,"93 Elm St, Boston, MA 02215",December
304850,ThinkPad Laptop,1,999.99,2019-12-29 21:49:00,"729 7th St, Seattle, WA 98101",December
308990,ThinkPad Laptop,1,999.99,2019-12-09 16:05:00,"529 Johnson St, Seattle, WA 98101",December
148761,ThinkPad Laptop,1,999.99,2019-01-03 06:48:00,"995 Dogwood St, San Francisco, CA 94016",January
143249,ThinkPad Laptop,1,999.99,2019-01-28 22:04:00,"839 Ridge St, San Francisco, CA 94016",January
145219,ThinkPad Laptop,1,999.99,2019-01-17 12:22:00,"342 Lake St, Atlanta, GA 30301",January
145338,ThinkPad Laptop,1,999.99,2019-01-17 16:56:00,"356 10th St, Austin, TX 73301",January
145656,ThinkPad Laptop,1,999.99,2019-01-07 12:21:00,"492 West St, Los Angeles, CA 90001",January
146885,ThinkPad Laptop,1,999.99,2019-01-31 00:28:00,"471 Lincoln St, San Francisco, CA 94016",January
147677,ThinkPad Laptop,1,999.99,2019-01-06 22:47:00,"611 1st St, Portland, OR 97035",January
148962,ThinkPad Laptop,1,999.99,2019-01-10 16:04:00,"257 10th St, Los Angeles, CA 90001",January
144440,ThinkPad Laptop,1,999.99,2019-01-12 23:06:00,"770 Willow St, Los Angeles, CA 90001",January
148281,ThinkPad Laptop,1,999.99,2019-01-26 20:38:00,"961 13th St, Los Angeles, CA 90001",January
149449,ThinkPad Laptop,1,999.99,2019-01-11 12:08:00,"450 Cherry St, Portland, ME 04101",January
149611,ThinkPad Laptop,2,999.99,2019-01-31 17:47:00,"850 6th St, New York City, NY 10001",January
142933,ThinkPad Laptop,1,999.99,2019-01-30 17:54:00,"918 5th St, Dallas, TX 75001",January
148380,ThinkPad Laptop,1,999.99,2019-01-25 17:04:00,"369 6th St, New York City, NY 10001",January
148171,ThinkPad Laptop,1,999.99,2019-01-11 21:08:00,"14 Center St, New York City, NY 10001",January
145643,ThinkPad Laptop,1,999.99,2019-01-15 15:53:00,"586 West St, Seattle, WA 98101",January
149053,ThinkPad Laptop,1,999.99,2019-01-08 08:46:00,"741 Madison St, Seattle, WA 98101",January
145526,ThinkPad Laptop,1,999.99,2019-01-01 10:16:00,"192 Ridge St, San Francisco, CA 94016",January
148636,ThinkPad Laptop,1,999.99,2019-01-30 07:23:00,"89 Chestnut St, San Francisco, CA 94016",January
141860,ThinkPad Laptop,1,999.99,2019-01-08 15:17:00,"760 Jackson St, Los Angeles, CA 90001",January
142045,ThinkPad Laptop,1,999.99,2019-01-07 12:34:00,"902 Cherry St, San Francisco, CA 94016",January
141737,ThinkPad Laptop,1,999.99,2019-01-02 08:37:00,"903 Forest St, San Francisco, CA 94016",January
143638,ThinkPad Laptop,1,999.99,2019-01-04 23:51:00,"305 Ridge St, New York City, NY 10001",January
143777,ThinkPad Laptop,1,999.99,2019-01-13 20:55:00,"716 Walnut St, San Francisco, CA 94016",January
145968,ThinkPad Laptop,1,999.99,2019-01-10 18:34:00,"538 Lakeview St, Portland, OR 97035",January
143356,ThinkPad Laptop,1,999.99,2019-01-04 22:38:00,"245 Center St, Dallas, TX 75001",January
143847,ThinkPad Laptop,1,999.99,2019-01-17 12:23:00,"994 Adams St, Los Angeles, CA 90001",January
144262,ThinkPad Laptop,1,999.99,2019-01-10 15:23:00,"563 Lake St, New York City, NY 10001",January
144071,ThinkPad Laptop,1,999.99,2019-01-25 19:17:00,"312 Washington St, San Francisco, CA 94016",January
146553,ThinkPad Laptop,1,999.99,2019-01-20 14:44:00,"814 Pine St, New York City, NY 10001",January
146837,ThinkPad Laptop,1,999.99,2019-01-15 09:20:00,"2 9th St, Atlanta, GA 30301",January
143020,ThinkPad Laptop,1,999.99,2019-01-31 17:12:00,"628 Maple St, New York City, NY 10001",January
145022,ThinkPad Laptop,1,999.99,2019-01-01 21:11:00,"464 Lincoln St, Seattle, WA 98101",January
145122,ThinkPad Laptop,1,999.99,2019-01-01 16:26:00,"501 Adams St, Los Angeles, CA 90001",January
149106,ThinkPad Laptop,1,999.99,2019-01-03 09:59:00,"653 Hill St, Austin, TX 73301",January
150256,ThinkPad Laptop,1,999.99,2019-01-15 09:41:00,"540 Sunset St, Portland, OR 97035",January
142286,ThinkPad Laptop,1,999.99,2019-01-05 16:01:00,"512 13th St, San Francisco, CA 94016",January
145867,ThinkPad Laptop,1,999.99,2019-01-17 03:32:00,"533 Chestnut St, Seattle, WA 98101",January
147638,ThinkPad Laptop,1,999.99,2019-01-17 17:34:00,"897 Center St, Portland, OR 97035",January
143877,ThinkPad Laptop,1,999.99,2019-01-04 20:16:00,"792 6th St, Boston, MA 02215",January
141903,ThinkPad Laptop,1,999.99,2019-01-30 20:01:00,"550 Willow St, San Francisco, CA 94016",January
150082,ThinkPad Laptop,1,999.99,2019-01-07 07:30:00,"717 4th St, Atlanta, GA 30301",January
152224,ThinkPad Laptop,1,999.99,2019-02-01 15:34:00,"837 1st St, Los Angeles, CA 90001",February
153316,ThinkPad Laptop,1,999.99,2019-02-06 16:46:00,"553 Lakeview St, Dallas, TX 75001",February
158424,ThinkPad Laptop,1,999.99,2019-02-18 19:33:00,"462 5th St, Portland, OR 97035",February
160809,ThinkPad Laptop,1,999.99,2019-02-23 22:23:00,"170 Lincoln St, Los Angeles, CA 90001",February
160814,ThinkPad Laptop,1,999.99,2019-02-26 12:48:00,"777 Wilson St, Boston, MA 02215",February
155914,ThinkPad Laptop,1,999.99,2019-02-04 13:07:00,"600 Ridge St, Atlanta, GA 30301",February
152968,ThinkPad Laptop,1,999.99,2019-02-01 22:30:00,"651 Johnson St, San Francisco, CA 94016",February
153206,ThinkPad Laptop,1,999.99,2019-02-28 11:14:00,"960 Meadow St, Los Angeles, CA 90001",February
160435,ThinkPad Laptop,1,999.99,2019-02-21 16:54:00,"990 Willow St, Seattle, WA 98101",February
154220,ThinkPad Laptop,1,999.99,2019-02-05 13:16:00,"574 Washington St, San Francisco, CA 94016",February
156178,ThinkPad Laptop,1,999.99,2019-02-27 19:32:00,"902 Main St, Dallas, TX 75001",February
150885,ThinkPad Laptop,1,999.99,2019-02-20 10:04:00,"88 Main St, San Francisco, CA 94016",February
150924,ThinkPad Laptop,1,999.99,2019-02-21 09:35:00,"228 5th St, Austin, TX 73301",February
155919,ThinkPad Laptop,1,999.99,2019-02-21 00:35:00,"573 Highland St, Atlanta, GA 30301",February
158586,ThinkPad Laptop,1,999.99,2019-02-09 20:07:00,"847 Jefferson St, Atlanta, GA 30301",February
151793,ThinkPad Laptop,1,999.99,2019-02-10 12:23:00,"28 Jackson St, Los Angeles, CA 90001",February
152041,ThinkPad Laptop,1,999.99,2019-02-28 10:47:00,"59 Pine St, New York City, NY 10001",February
154248,ThinkPad Laptop,1,999.99,2019-02-05 20:57:00,"788 Church St, Atlanta, GA 30301",February
155189,ThinkPad Laptop,1,999.99,2019-02-20 22:15:00,"295 Elm St, New York City, NY 10001",February
152670,ThinkPad Laptop,1,999.99,2019-02-01 12:29:00,"283 13th St, Los Angeles, CA 90001",February
157559,ThinkPad Laptop,1,999.99,2019-02-15 12:59:00,"247 Maple St, Dallas, TX 75001",February
155997,ThinkPad Laptop,1,999.99,2019-02-24 09:26:00,"16 Church St, Atlanta, GA 30301",February
159848,ThinkPad Laptop,1,999.99,2019-02-11 20:01:00,"671 Lakeview St, Los Angeles, CA 90001",February
152064,ThinkPad Laptop,1,999.99,2019-02-22 19:41:00,"289 Highland St, Portland, OR 97035",February
156235,ThinkPad Laptop,1,999.99,2019-02-09 04:32:00,"651 6th St, Atlanta, GA 30301",February
157153,ThinkPad Laptop,1,999.99,2019-02-27 12:46:00,"571 Johnson St, Portland, OR 97035",February
151479,ThinkPad Laptop,1,999.99,2019-02-06 13:40:00,"956 Meadow St, Dallas, TX 75001",February
161867,ThinkPad Laptop,1,999.99,2019-02-11 20:15:00,"791 Park St, Los Angeles, CA 90001",February
159711,ThinkPad Laptop,1,999.99,2019-02-14 00:27:00,"526 Maple St, New York City, NY 10001",February
154266,ThinkPad Laptop,1,999.99,2019-02-11 10:23:00,"279 8th St, Atlanta, GA 30301",February
157524,ThinkPad Laptop,1,999.99,2019-02-15 19:19:00,"776 Washington St, Austin, TX 73301",February
160813,ThinkPad Laptop,1,999.99,2019-02-03 19:37:00,"550 Main St, Portland, OR 97035",February
152995,ThinkPad Laptop,1,999.99,2019-02-04 20:43:00,"31 Cherry St, San Francisco, CA 94016",February
153869,ThinkPad Laptop,1,999.99,2019-03-01 01:28:00,"901 Johnson St, Boston, MA 02215",March
156711,ThinkPad Laptop,1,999.99,2019-02-04 19:29:00,"159 10th St, Atlanta, GA 30301",February
152437,ThinkPad Laptop,1,999.99,2019-02-18 01:48:00,"444 Park St, Dallas, TX 75001",February
152722,ThinkPad Laptop,1,999.99,2019-02-01 20:39:00,"856 Maple St, San Francisco, CA 94016",February
154620,ThinkPad Laptop,1,999.99,2019-02-04 17:21:00,"950 7th St, Seattle, WA 98101",February
155747,ThinkPad Laptop,1,999.99,2019-02-27 16:09:00,"198 West St, Los Angeles, CA 90001",February
151611,ThinkPad Laptop,1,999.99,2019-02-26 16:10:00,"129 1st St, Boston, MA 02215",February
157996,ThinkPad Laptop,1,999.99,2019-02-13 19:15:00,"69 Sunset St, Los Angeles, CA 90001",February
150677,ThinkPad Laptop,1,999.99,2019-02-08 18:26:00,"221 Elm St, New York City, NY 10001",February
154217,ThinkPad Laptop,1,999.99,2019-02-26 19:24:00,"203 Madison St, Boston, MA 02215",February
156725,ThinkPad Laptop,1,999.99,2019-02-08 22:52:00,"533 2nd St, Dallas, TX 75001",February
157898,ThinkPad Laptop,1,999.99,2019-02-26 22:44:00,"724 8th St, Los Angeles, CA 90001",February
158630,ThinkPad Laptop,1,999.99,2019-02-19 15:50:00,"874 Main St, Austin, TX 73301",February
151129,ThinkPad Laptop,1,999.99,2019-02-26 20:12:00,"476 Lakeview St, Portland, OR 97035",February
163641,ThinkPad Laptop,1,999.99,2019-03-07 12:14:00,"707 Highland St, Austin, TX 73301",March
168640,ThinkPad Laptop,1,999.99,2019-03-15 12:29:00,"287 11th St, Los Angeles, CA 90001",March
175986,ThinkPad Laptop,1,999.99,2019-03-25 09:55:00,"141 Walnut St, New York City, NY 10001",March
173366,ThinkPad Laptop,1,999.99,2019-03-02 17:46:00,"816 Chestnut St, Boston, MA 02215",March
172637,ThinkPad Laptop,1,999.99,2019-03-31 11:41:00,"210 12th St, Boston, MA 02215",March
173809,ThinkPad Laptop,1,999.99,2019-03-22 11:55:00,"215 Center St, New York City, NY 10001",March
162457,ThinkPad Laptop,1,999.99,2019-03-04 17:32:00,"77 Willow St, Boston, MA 02215",March
163176,ThinkPad Laptop,1,999.99,2019-03-21 20:49:00,"142 Hickory St, Los Angeles, CA 90001",March
166730,ThinkPad Laptop,1,999.99,2019-03-10 12:16:00,"20 14th St, Portland, OR 97035",March
169468,ThinkPad Laptop,1,999.99,2019-03-05 18:40:00,"641 Adams St, New York City, NY 10001",March
170015,ThinkPad Laptop,1,999.99,2019-03-02 15:59:00,"654 Ridge St, Portland, OR 97035",March
170762,ThinkPad Laptop,1,999.99,2019-03-21 13:37:00,"255 14th St, Portland, OR 97035",March
164756,ThinkPad Laptop,1,999.99,2019-03-04 20:55:00,"265 North St, Portland, OR 97035",March
171518,ThinkPad Laptop,1,999.99,2019-03-30 12:59:00,"143 Johnson St, Los Angeles, CA 90001",March
172737,ThinkPad Laptop,1,999.99,2019-03-20 10:58:00,"770 Highland St, Seattle, WA 98101",March
174706,ThinkPad Laptop,1,999.99,2019-03-31 20:05:00,"700 Cherry St, Los Angeles, CA 90001",March
173238,ThinkPad Laptop,1,999.99,2019-03-05 11:01:00,"619 Lake St, Atlanta, GA 30301",March
166458,ThinkPad Laptop,1,999.99,2019-03-25 00:02:00,"434 Lincoln St, Los Angeles, CA 90001",March
171487,ThinkPad Laptop,1,999.99,2019-03-20 12:54:00,"351 Spruce St, Austin, TX 73301",March
171900,ThinkPad Laptop,1,999.99,2019-03-23 23:09:00,"945 12th St, New York City, NY 10001",March
175736,ThinkPad Laptop,1,999.99,2019-03-08 09:39:00,"396 1st St, Portland, OR 97035",March
162216,ThinkPad Laptop,1,999.99,2019-03-20 11:03:00,"406 Sunset St, Boston, MA 02215",March
167417,ThinkPad Laptop,1,999.99,2019-03-26 13:23:00,"36 Willow St, San Francisco, CA 94016",March
163563,ThinkPad Laptop,1,999.99,2019-03-01 18:44:00,"157 South St, San Francisco, CA 94016",March
165882,ThinkPad Laptop,1,999.99,2019-03-14 21:01:00,"353 1st St, New York City, NY 10001",March
173642,ThinkPad Laptop,1,999.99,2019-03-17 19:25:00,"503 6th St, New York City, NY 10001",March
175797,ThinkPad Laptop,1,999.99,2019-03-02 02:44:00,"529 Washington St, Atlanta, GA 30301",March
172081,ThinkPad Laptop,1,999.99,2019-03-26 22:27:00,"761 11th St, San Francisco, CA 94016",March
174602,ThinkPad Laptop,1,999.99,2019-03-07 20:50:00,"821 North St, Portland, OR 97035",March
163610,ThinkPad Laptop,1,999.99,2019-03-01 19:54:00,"423 Main St, Austin, TX 73301",March
163780,ThinkPad Laptop,1,999.99,2019-03-30 19:44:00,"732 Adams St, San Francisco, CA 94016",March
170099,ThinkPad Laptop,1,999.99,2019-03-25 18:06:00,"82 1st St, Austin, TX 73301",March
170968,ThinkPad Laptop,1,999.99,2019-03-18 19:21:00,"555 13th St, New York City, NY 10001",March
175428,ThinkPad Laptop,1,999.99,2019-03-27 15:34:00,"28 Walnut St, Boston, MA 02215",March
171941,ThinkPad Laptop,1,999.99,2019-03-31 11:39:00,"19 Wilson St, Boston, MA 02215",March
165398,ThinkPad Laptop,1,999.99,2019-03-30 13:51:00,"572 Cedar St, Atlanta, GA 30301",March
171442,ThinkPad Laptop,1,999.99,2019-03-11 14:51:00,"519 Meadow St, Los Angeles, CA 90001",March
173318,ThinkPad Laptop,1,999.99,2019-03-19 17:12:00,"846 West St, Atlanta, GA 30301",March
175801,ThinkPad Laptop,1,999.99,2019-03-10 19:07:00,"99 Lake St, Boston, MA 02215",March
174296,ThinkPad Laptop,1,999.99,2019-03-08 22:02:00,"405 Madison St, Los Angeles, CA 90001",March
165304,ThinkPad Laptop,1,999.99,2019-03-30 20:39:00,"562 River St, San Francisco, CA 94016",March
172595,ThinkPad Laptop,1,999.99,2019-03-11 09:38:00,"273 Lincoln St, Boston, MA 02215",March
170868,ThinkPad Laptop,1,999.99,2019-03-14 18:35:00,"331 Sunset St, San Francisco, CA 94016",March
173153,ThinkPad Laptop,1,999.99,2019-03-29 22:26:00,"409 South St, Seattle, WA 98101",March
164785,ThinkPad Laptop,1,999.99,2019-03-14 21:05:00,"649 2nd St, New York City, NY 10001",March
166707,ThinkPad Laptop,1,999.99,2019-03-20 14:39:00,"719 Lake St, San Francisco, CA 94016",March
173830,ThinkPad Laptop,1,999.99,2019-03-29 11:26:00,"755 Hill St, Portland, OR 97035",March
176085,ThinkPad Laptop,1,999.99,2019-03-02 23:50:00,"534 Lakeview St, Los Angeles, CA 90001",March
165530,ThinkPad Laptop,1,999.99,2019-03-04 11:58:00,"159 7th St, Seattle, WA 98101",March
165752,ThinkPad Laptop,1,999.99,2019-03-01 10:13:00,"697 Spruce St, New York City, NY 10001",March
166645,ThinkPad Laptop,1,999.99,2019-03-19 10:02:00,"189 Sunset St, Los Angeles, CA 90001",March
168615,ThinkPad Laptop,1,999.99,2019-03-12 10:33:00,"236 Meadow St, Atlanta, GA 30301",March
171312,ThinkPad Laptop,1,999.99,2019-03-11 12:07:00,"354 Dogwood St, San Francisco, CA 94016",March
167771,ThinkPad Laptop,1,999.99,2019-03-14 13:21:00,"495 Wilson St, Boston, MA 02215",March
169160,ThinkPad Laptop,1,999.99,2019-03-07 17:44:00,"426 14th St, San Francisco, CA 94016",March
170198,ThinkPad Laptop,1,999.99,2019-03-01 08:28:00,"29 Ridge St, San Francisco, CA 94016",March
192045,ThinkPad Laptop,1,999.99,2019-04-25 12:40:00,"180 South St, New York City, NY 10001",April
182370,ThinkPad Laptop,1,999.99,2019-04-13 15:13:00,"843 Park St, Los Angeles, CA 90001",April
177364,ThinkPad Laptop,1,999.99,2019-04-29 15:59:00,"938 Forest St, Los Angeles, CA 90001",April
182327,ThinkPad Laptop,1,999.99,2019-04-27 17:35:00,"568 Hickory St, Boston, MA 02215",April
193520,ThinkPad Laptop,1,999.99,2019-04-07 11:52:00,"374 Maple St, Atlanta, GA 30301",April
184175,ThinkPad Laptop,1,999.99,2019-04-25 13:29:00,"6 Johnson St, New York City, NY 10001",April
191726,ThinkPad Laptop,1,999.99,2019-04-11 07:46:00,"507 Adams St, Los Angeles, CA 90001",April
192211,ThinkPad Laptop,1,999.99,2019-04-14 00:50:00,"552 4th St, Los Angeles, CA 90001",April
192465,ThinkPad Laptop,1,999.99,2019-04-12 20:51:00,"104 2nd St, New York City, NY 10001",April
181662,ThinkPad Laptop,1,999.99,2019-04-07 21:53:00,"795 5th St, Los Angeles, CA 90001",April
183816,ThinkPad Laptop,1,999.99,2019-04-02 10:56:00,"311 River St, San Francisco, CA 94016",April
185768,ThinkPad Laptop,1,999.99,2019-04-24 09:51:00,"146 West St, Atlanta, GA 30301",April
180749,ThinkPad Laptop,1,999.99,2019-04-03 10:24:00,"175 Dogwood St, Boston, MA 02215",April
183594,ThinkPad Laptop,1,999.99,2019-04-28 11:34:00,"503 Cedar St, New York City, NY 10001",April
190467,ThinkPad Laptop,1,999.99,2019-04-17 00:14:00,"885 Cedar St, Portland, OR 97035",April
190808,ThinkPad Laptop,1,999.99,2019-04-13 21:34:00,"680 Walnut St, New York City, NY 10001",April
180335,ThinkPad Laptop,1,999.99,2019-04-08 17:21:00,"356 Chestnut St, Los Angeles, CA 90001",April
191642,ThinkPad Laptop,1,999.99,2019-04-17 12:47:00,"805 Dogwood St, New York City, NY 10001",April
180909,ThinkPad Laptop,1,999.99,2019-04-07 19:07:00,"846 8th St, Dallas, TX 75001",April
182795,ThinkPad Laptop,1,999.99,2019-04-16 11:18:00,"553 Lakeview St, San Francisco, CA 94016",April
189621,ThinkPad Laptop,1,999.99,2019-04-28 00:14:00,"623 Church St, San Francisco, CA 94016",April
180199,ThinkPad Laptop,1,999.99,2019-04-06 14:40:00,"254 River St, San Francisco, CA 94016",April
181983,ThinkPad Laptop,1,999.99,2019-04-05 15:08:00,"3 Elm St, Dallas, TX 75001",April
180099,ThinkPad Laptop,1,999.99,2019-04-11 16:49:00,"696 North St, New York City, NY 10001",April
178573,ThinkPad Laptop,1,999.99,2019-04-14 10:07:00,"929 Spruce St, Dallas, TX 75001",April
181282,ThinkPad Laptop,1,999.99,2019-04-15 12:40:00,"338 Jefferson St, Austin, TX 73301",April
183093,ThinkPad Laptop,1,999.99,2019-04-17 16:57:00,"606 4th St, Dallas, TX 75001",April
184290,ThinkPad Laptop,1,999.99,2019-04-26 15:22:00,"755 Dogwood St, Seattle, WA 98101",April
189157,ThinkPad Laptop,1,999.99,2019-04-29 21:32:00,"385 2nd St, Dallas, TX 75001",April
190574,ThinkPad Laptop,1,999.99,2019-04-22 09:03:00,"327 Willow St, Seattle, WA 98101",April
187169,ThinkPad Laptop,1,999.99,2019-04-22 14:26:00,"300 Cedar St, Seattle, WA 98101",April
176974,ThinkPad Laptop,1,999.99,2019-04-05 22:51:00,"789 Center St, Seattle, WA 98101",April
183435,ThinkPad Laptop,1,999.99,2019-04-24 05:56:00,"474 2nd St, Dallas, TX 75001",April
178272,ThinkPad Laptop,1,999.99,2019-04-17 12:22:00,"94 Park St, Los Angeles, CA 90001",April
193328,ThinkPad Laptop,1,999.99,2019-04-30 19:59:00,"222 2nd St, San Francisco, CA 94016",April
176749,ThinkPad Laptop,1,999.99,2019-04-26 07:55:00,"322 Adams St, Seattle, WA 98101",April
176866,ThinkPad Laptop,1,999.99,2019-04-02 11:42:00,"338 West St, New York City, NY 10001",April
185817,ThinkPad Laptop,1,999.99,2019-04-25 21:54:00,"277 Chestnut St, New York City, NY 10001",April
177839,ThinkPad Laptop,1,999.99,2019-04-07 14:36:00,"449 13th St, San Francisco, CA 94016",April
182434,ThinkPad Laptop,1,999.99,2019-04-25 17:59:00,"965 Sunset St, Boston, MA 02215",April
190850,ThinkPad Laptop,1,999.99,2019-04-28 12:27:00,"796 Hickory St, Portland, OR 97035",April
185166,ThinkPad Laptop,1,999.99,2019-04-12 12:00:00,"591 Jackson St, Dallas, TX 75001",April
192085,ThinkPad Laptop,1,999.99,2019-04-07 10:36:00,"572 Lake St, San Francisco, CA 94016",April
185500,ThinkPad Laptop,1,999.99,2019-04-01 17:22:00,"983 8th St, San Francisco, CA 94016",April
192128,ThinkPad Laptop,1,999.99,2019-04-27 12:33:00,"417 Johnson St, Los Angeles, CA 90001",April
186541,ThinkPad Laptop,1,999.99,2019-04-28 20:42:00,"957 Lakeview St, Los Angeles, CA 90001",April
191014,ThinkPad Laptop,1,999.99,2019-04-08 19:59:00,"690 Walnut St, San Francisco, CA 94016",April
191040,ThinkPad Laptop,1,999.99,2019-04-23 21:15:00,"830 Chestnut St, San Francisco, CA 94016",April
192538,ThinkPad Laptop,1,999.99,2019-04-07 22:20:00,"101 Cherry St, Los Angeles, CA 90001",April
179869,ThinkPad Laptop,1,999.99,2019-04-02 19:15:00,"165 Lake St, San Francisco, CA 94016",April
208175,ThinkPad Laptop,1,999.99,2019-05-01 08:43:00,"524 Lincoln St, Atlanta, GA 30301",May
196807,ThinkPad Laptop,1,999.99,2019-05-28 16:27:00,"293 South St, New York City, NY 10001",May
197142,ThinkPad Laptop,1,999.99,2019-05-02 19:58:00,"381 Main St, New York City, NY 10001",May
194541,ThinkPad Laptop,1,999.99,2019-05-07 19:44:00,"736 5th St, Portland, ME 04101",May
195489,ThinkPad Laptop,1,999.99,2019-05-26 19:06:00,"996 Pine St, Seattle, WA 98101",May
196889,ThinkPad Laptop,1,999.99,2019-05-31 00:05:00,"938 Cherry St, Portland, OR 97035",May
200302,ThinkPad Laptop,1,999.99,2019-05-15 13:05:00,"371 Pine St, Dallas, TX 75001",May
200939,ThinkPad Laptop,1,999.99,2019-05-31 02:16:00,"232 2nd St, Boston, MA 02215",May
201044,ThinkPad Laptop,1,999.99,2019-05-18 21:20:00,"724 Ridge St, Boston, MA 02215",May
203672,ThinkPad Laptop,1,999.99,2019-05-25 16:37:00,"212 Jackson St, Portland, OR 97035",May
206177,ThinkPad Laptop,1,999.99,2019-05-01 10:46:00,"49 Church St, Austin, TX 73301",May
204608,ThinkPad Laptop,1,999.99,2019-05-01 22:53:00,"693 Forest St, San Francisco, CA 94016",May
205120,ThinkPad Laptop,1,999.99,2019-05-08 12:30:00,"569 Jefferson St, Boston, MA 02215",May
195979,ThinkPad Laptop,1,999.99,2019-05-30 19:04:00,"706 Hill St, San Francisco, CA 94016",May
200941,ThinkPad Laptop,1,999.99,2019-05-11 14:19:00,"593 River St, Los Angeles, CA 90001",May
209716,ThinkPad Laptop,1,999.99,2019-05-15 16:22:00,"524 Highland St, Boston, MA 02215",May
199243,ThinkPad Laptop,1,999.99,2019-05-07 17:42:00,"983 Cherry St, Boston, MA 02215",May
199881,ThinkPad Laptop,1,999.99,2019-05-24 19:10:00,"429 Forest St, Boston, MA 02215",May
202267,ThinkPad Laptop,1,999.99,2019-05-08 20:33:00,"720 Cedar St, Seattle, WA 98101",May
205749,ThinkPad Laptop,1,999.99,2019-05-03 21:03:00,"772 Jefferson St, New York City, NY 10001",May
195514,ThinkPad Laptop,1,999.99,2019-05-19 16:40:00,"796 Church St, Boston, MA 02215",May
195997,ThinkPad Laptop,1,999.99,2019-05-27 15:58:00,"676 Chestnut St, New York City, NY 10001",May
196483,ThinkPad Laptop,1,999.99,2019-05-09 08:46:00,"671 Main St, Dallas, TX 75001",May
198739,ThinkPad Laptop,1,999.99,2019-05-05 22:05:00,"529 Park St, Los Angeles, CA 90001",May
200632,ThinkPad Laptop,1,999.99,2019-05-22 21:08:00,"943 Pine St, Boston, MA 02215",May
201806,ThinkPad Laptop,1,999.99,2019-05-23 11:38:00,"642 Ridge St, Los Angeles, CA 90001",May
207293,ThinkPad Laptop,1,999.99,2019-05-28 14:13:00,"994 Washington St, Austin, TX 73301",May
199239,ThinkPad Laptop,1,999.99,2019-05-19 18:26:00,"743 Pine St, San Francisco, CA 94016",May
199779,ThinkPad Laptop,1,999.99,2019-05-01 22:38:00,"786 Lincoln St, Boston, MA 02215",May
204011,ThinkPad Laptop,1,999.99,2019-05-01 15:35:00,"611 Dogwood St, San Francisco, CA 94016",May
204477,ThinkPad Laptop,1,999.99,2019-05-30 13:58:00,"890 Dogwood St, New York City, NY 10001",May
204252,ThinkPad Laptop,1,999.99,2019-05-02 07:37:00,"21 Elm St, Atlanta, GA 30301",May
205356,ThinkPad Laptop,1,999.99,2019-05-17 12:17:00,"585 Ridge St, Boston, MA 02215",May
194861,ThinkPad Laptop,1,999.99,2019-05-12 11:19:00,"227 Jefferson St, New York City, NY 10001",May
202354,ThinkPad Laptop,1,999.99,2019-05-03 11:33:00,"574 Willow St, San Francisco, CA 94016",May
203284,ThinkPad Laptop,1,999.99,2019-05-05 19:44:00,"353 6th St, Atlanta, GA 30301",May
200495,ThinkPad Laptop,1,999.99,2019-05-27 09:21:00,"696 Dogwood St, New York City, NY 10001",May
202624,ThinkPad Laptop,1,999.99,2019-05-01 07:19:00,"671 7th St, Boston, MA 02215",May
206201,ThinkPad Laptop,1,999.99,2019-05-09 16:46:00,"391 Willow St, San Francisco, CA 94016",May
207795,ThinkPad Laptop,1,999.99,2019-05-11 21:09:00,"826 11th St, San Francisco, CA 94016",May
199421,ThinkPad Laptop,1,999.99,2019-05-11 12:44:00,"484 Madison St, San Francisco, CA 94016",May
201724,ThinkPad Laptop,1,999.99,2019-05-22 19:41:00,"785 14th St, San Francisco, CA 94016",May
204981,ThinkPad Laptop,1,999.99,2019-05-26 17:24:00,"232 Walnut St, Boston, MA 02215",May
205246,ThinkPad Laptop,1,999.99,2019-05-11 13:59:00,"303 Jackson St, Dallas, TX 75001",May
206640,ThinkPad Laptop,1,999.99,2019-05-18 10:30:00,"898 Madison St, Boston, MA 02215",May
201196,ThinkPad Laptop,1,999.99,2019-05-05 10:55:00,"179 1st St, Atlanta, GA 30301",May
203637,ThinkPad Laptop,1,999.99,2019-05-18 21:38:00,"669 6th St, San Francisco, CA 94016",May
196185,ThinkPad Laptop,1,999.99,2019-05-05 10:43:00,"43 Cherry St, San Francisco, CA 94016",May
201615,ThinkPad Laptop,1,999.99,2019-05-07 22:06:00,"478 Maple St, New York City, NY 10001",May
197289,ThinkPad Laptop,1,999.99,2019-05-22 11:53:00,"85 West St, Atlanta, GA 30301",May
194218,ThinkPad Laptop,1,999.99,2019-05-31 14:38:00,"981 Washington St, Boston, MA 02215",May
200786,ThinkPad Laptop,1,999.99,2019-05-25 12:02:00,"824 6th St, Atlanta, GA 30301",May
207729,ThinkPad Laptop,1,999.99,2019-05-18 09:31:00,"573 Lincoln St, Los Angeles, CA 90001",May
209442,ThinkPad Laptop,1,999.99,2019-05-17 18:33:00,"72 Hickory St, Austin, TX 73301",May
203587,ThinkPad Laptop,1,999.99,2019-05-08 20:45:00,"526 Lincoln St, Dallas, TX 75001",May
203966,ThinkPad Laptop,1,999.99,2019-05-15 16:18:00,"842 Wilson St, Boston, MA 02215",May
197201,ThinkPad Laptop,1,999.99,2019-05-26 17:43:00,"631 Willow St, New York City, NY 10001",May
201329,ThinkPad Laptop,1,999.99,2019-05-13 10:31:00,"972 Walnut St, Los Angeles, CA 90001",May
204916,ThinkPad Laptop,1,999.99,2019-05-26 12:44:00,"419 Cedar St, Boston, MA 02215",May
204351,ThinkPad Laptop,1,999.99,2019-05-13 17:36:00,"636 Forest St, San Francisco, CA 94016",May
206958,ThinkPad Laptop,1,999.99,2019-05-08 19:47:00,"711 North St, San Francisco, CA 94016",May
194105,ThinkPad Laptop,1,999.99,2019-05-13 09:07:00,"928 Hill St, Atlanta, GA 30301",May
202912,ThinkPad Laptop,1,999.99,2019-05-16 11:15:00,"728 Washington St, Portland, ME 04101",May
207665,ThinkPad Laptop,1,999.99,2019-05-11 23:45:00,"695 Lincoln St, Los Angeles, CA 90001",May
214558,ThinkPad Laptop,1,999.99,2019-06-18 14:25:00,"646 Sunset St, Los Angeles, CA 90001",June
210209,ThinkPad Laptop,1,999.99,2019-06-09 18:18:00,"322 11th St, San Francisco, CA 94016",June
216654,ThinkPad Laptop,1,999.99,2019-06-09 09:54:00,"33 Church St, San Francisco, CA 94016",June
221967,ThinkPad Laptop,1,999.99,2019-06-13 00:11:00,"735 Chestnut St, Seattle, WA 98101",June
219489,ThinkPad Laptop,1,999.99,2019-06-13 13:34:00,"350 Willow St, San Francisco, CA 94016",June
210478,ThinkPad Laptop,1,999.99,2019-06-08 12:03:00,"529 North St, Boston, MA 02215",June
213612,ThinkPad Laptop,1,999.99,2019-06-30 08:37:00,"241 Highland St, San Francisco, CA 94016",June
219954,ThinkPad Laptop,1,999.99,2019-06-17 20:08:00,"805 Spruce St, Boston, MA 02215",June
220118,ThinkPad Laptop,1,999.99,2019-06-19 23:08:00,"359 14th St, New York City, NY 10001",June
220346,ThinkPad Laptop,1,999.99,2019-06-09 21:41:00,"846 Spruce St, Los Angeles, CA 90001",June
212666,ThinkPad Laptop,1,999.99,2019-06-11 11:28:00,"700 Cherry St, Boston, MA 02215",June
216587,ThinkPad Laptop,1,999.99,2019-06-15 16:42:00,"409 Cedar St, Portland, OR 97035",June
221258,ThinkPad Laptop,1,999.99,2019-06-02 15:17:00,"189 13th St, Los Angeles, CA 90001",June
216636,ThinkPad Laptop,1,999.99,2019-06-29 11:43:00,"247 Dogwood St, Boston, MA 02215",June
221119,ThinkPad Laptop,1,999.99,2019-06-07 09:16:00,"552 7th St, San Francisco, CA 94016",June
220917,ThinkPad Laptop,1,999.99,2019-06-01 11:19:00,"551 Willow St, Portland, ME 04101",June
222196,ThinkPad Laptop,1,999.99,2019-06-11 19:35:00,"781 Jackson St, Boston, MA 02215",June
220840,ThinkPad Laptop,1,999.99,2019-06-10 23:10:00,"438 Jackson St, New York City, NY 10001",June
220096,ThinkPad Laptop,1,999.99,2019-06-12 08:14:00,"791 Church St, Dallas, TX 75001",June
218205,ThinkPad Laptop,1,999.99,2019-06-17 00:14:00,"130 Elm St, Austin, TX 73301",June
215102,ThinkPad Laptop,1,999.99,2019-06-01 11:05:00,"879 4th St, San Francisco, CA 94016",June
218207,ThinkPad Laptop,1,999.99,2019-06-28 23:32:00,"223 9th St, San Francisco, CA 94016",June
212310,ThinkPad Laptop,1,999.99,2019-06-29 12:20:00,"894 Hickory St, Atlanta, GA 30301",June
221092,ThinkPad Laptop,1,999.99,2019-06-23 16:08:00,"647 Forest St, San Francisco, CA 94016",June
222738,ThinkPad Laptop,1,999.99,2019-06-28 23:17:00,"821 Main St, Los Angeles, CA 90001",June
212952,ThinkPad Laptop,1,999.99,2019-06-16 12:20:00,"859 Walnut St, San Francisco, CA 94016",June
213736,ThinkPad Laptop,1,999.99,2019-06-21 13:39:00,"108 Pine St, Seattle, WA 98101",June
215253,ThinkPad Laptop,1,999.99,2019-06-13 11:39:00,"963 7th St, San Francisco, CA 94016",June
212266,ThinkPad Laptop,1,999.99,2019-06-15 16:14:00,"652 Spruce St, Los Angeles, CA 90001",June
213467,ThinkPad Laptop,1,999.99,2019-06-29 21:45:00,"544 Cherry St, Atlanta, GA 30301",June
220191,ThinkPad Laptop,1,999.99,2019-06-17 08:38:00,"516 13th St, Seattle, WA 98101",June
221608,ThinkPad Laptop,1,999.99,2019-06-11 12:15:00,"563 Church St, Dallas, TX 75001",June
210886,ThinkPad Laptop,1,999.99,2019-06-20 15:25:00,"357 2nd St, San Francisco, CA 94016",June
216694,ThinkPad Laptop,1,999.99,2019-06-05 22:09:00,"164 Willow St, Portland, OR 97035",June
211037,ThinkPad Laptop,1,999.99,2019-06-19 23:27:00,"245 Johnson St, Atlanta, GA 30301",June
214040,ThinkPad Laptop,1,999.99,2019-06-14 23:17:00,"539 Adams St, Boston, MA 02215",June
217788,ThinkPad Laptop,1,999.99,2019-06-10 09:24:00,"920 Hill St, Los Angeles, CA 90001",June
210705,ThinkPad Laptop,1,999.99,2019-06-17 11:52:00,"610 14th St, Los Angeles, CA 90001",June
221326,ThinkPad Laptop,1,999.99,2019-06-15 22:14:00,"431 Jefferson St, Boston, MA 02215",June
222638,ThinkPad Laptop,1,999.99,2019-06-20 11:14:00,"833 14th St, New York City, NY 10001",June
214864,ThinkPad Laptop,1,999.99,2019-06-22 15:29:00,"473 Church St, Los Angeles, CA 90001",June
220332,ThinkPad Laptop,1,999.99,2019-06-06 18:14:00,"263 Lakeview St, Seattle, WA 98101",June
220430,ThinkPad Laptop,1,999.99,2019-06-17 15:22:00,"997 6th St, Los Angeles, CA 90001",June
221238,ThinkPad Laptop,1,999.99,2019-06-25 10:51:00,"135 Wilson St, New York City, NY 10001",June
218667,ThinkPad Laptop,1,999.99,2019-06-19 09:02:00,"795 Cherry St, Boston, MA 02215",June
214028,ThinkPad Laptop,1,999.99,2019-06-11 04:44:00,"399 Meadow St, New York City, NY 10001",June
214160,ThinkPad Laptop,1,999.99,2019-06-04 22:23:00,"685 Chestnut St, Los Angeles, CA 90001",June
218369,ThinkPad Laptop,1,999.99,2019-06-09 13:28:00,"882 Chestnut St, San Francisco, CA 94016",June
212551,ThinkPad Laptop,1,999.99,2019-06-30 14:57:00,"586 Highland St, New York City, NY 10001",June
218612,ThinkPad Laptop,1,999.99,2019-06-29 12:39:00,"919 Pine St, San Francisco, CA 94016",June
233297,ThinkPad Laptop,1,999.99,2019-07-25 17:01:00,"197 Center St, Austin, TX 73301",July
226009,ThinkPad Laptop,1,999.99,2019-07-23 21:47:00,"193 Lincoln St, Austin, TX 73301",July
226768,ThinkPad Laptop,1,999.99,2019-07-20 15:59:00,"77 6th St, Boston, MA 02215",July
232257,ThinkPad Laptop,1,999.99,2019-07-09 13:19:00,"926 Park St, Atlanta, GA 30301",July
232630,ThinkPad Laptop,1,999.99,2019-07-03 11:06:00,"604 13th St, San Francisco, CA 94016",July
233611,ThinkPad Laptop,1,999.99,2019-07-02 12:07:00,"159 Lakeview St, Seattle, WA 98101",July
228539,ThinkPad Laptop,1,999.99,2019-07-23 15:47:00,"216 River St, Austin, TX 73301",July
224050,ThinkPad Laptop,1,999.99,2019-07-21 10:23:00,"274 Lake St, San Francisco, CA 94016",July
234967,ThinkPad Laptop,1,999.99,2019-07-31 13:15:00,"666 Church St, New York City, NY 10001",July
224994,ThinkPad Laptop,1,999.99,2019-07-06 01:55:00,"492 12th St, Atlanta, GA 30301",July
230232,ThinkPad Laptop,1,999.99,2019-07-20 19:12:00,"655 Center St, New York City, NY 10001",July
229782,ThinkPad Laptop,1,999.99,2019-07-23 07:26:00,"101 Adams St, Boston, MA 02215",July
234597,ThinkPad Laptop,1,999.99,2019-07-11 13:52:00,"940 Hickory St, Portland, OR 97035",July
229242,ThinkPad Laptop,1,999.99,2019-07-04 07:31:00,"784 6th St, Los Angeles, CA 90001",July
234205,ThinkPad Laptop,1,999.99,2019-07-05 16:50:00,"516 Pine St, New York City, NY 10001",July
234651,ThinkPad Laptop,1,999.99,2019-07-26 22:05:00,"7 Wilson St, San Francisco, CA 94016",July
227332,ThinkPad Laptop,1,999.99,2019-07-15 11:55:00,"40 Walnut St, Los Angeles, CA 90001",July
232006,ThinkPad Laptop,1,999.99,2019-07-05 20:36:00,"160 North St, San Francisco, CA 94016",July
234248,ThinkPad Laptop,1,999.99,2019-07-17 20:24:00,"489 7th St, Los Angeles, CA 90001",July
229778,ThinkPad Laptop,1,999.99,2019-07-04 12:49:00,"565 Highland St, Los Angeles, CA 90001",July
224612,ThinkPad Laptop,1,999.99,2019-07-03 18:28:00,"66 Center St, Dallas, TX 75001",July
228678,ThinkPad Laptop,1,999.99,2019-07-14 21:41:00,"623 2nd St, New York City, NY 10001",July
232191,ThinkPad Laptop,1,999.99,2019-07-04 05:57:00,"211 7th St, San Francisco, CA 94016",July
227153,ThinkPad Laptop,1,999.99,2019-07-31 17:16:00,"660 Lakeview St, Los Angeles, CA 90001",July
230225,ThinkPad Laptop,1,999.99,2019-07-31 16:19:00,"291 9th St, Atlanta, GA 30301",July
226574,ThinkPad Laptop,1,999.99,2019-07-30 17:03:00,"980 Cedar St, San Francisco, CA 94016",July
228145,ThinkPad Laptop,1,999.99,2019-07-05 12:46:00,"231 12th St, New York City, NY 10001",July
225703,ThinkPad Laptop,1,999.99,2019-07-06 20:33:00,"780 North St, San Francisco, CA 94016",July
226719,ThinkPad Laptop,1,999.99,2019-07-23 13:43:00,"387 4th St, Los Angeles, CA 90001",July
231767,ThinkPad Laptop,1,999.99,2019-07-24 11:21:00,"390 South St, San Francisco, CA 94016",July
223845,ThinkPad Laptop,1,999.99,2019-07-22 20:11:00,"718 Chestnut St, Los Angeles, CA 90001",July
224922,ThinkPad Laptop,1,999.99,2019-07-19 23:50:00,"398 Main St, Portland, OR 97035",July
234188,ThinkPad Laptop,1,999.99,2019-07-30 20:56:00,"33 River St, San Francisco, CA 94016",July
234719,ThinkPad Laptop,1,999.99,2019-07-26 17:28:00,"451 Maple St, San Francisco, CA 94016",July
226488,ThinkPad Laptop,1,999.99,2019-07-14 15:03:00,"153 13th St, Dallas, TX 75001",July
232590,ThinkPad Laptop,1,999.99,2019-07-11 09:44:00,"781 13th St, San Francisco, CA 94016",July
225385,ThinkPad Laptop,1,999.99,2019-07-13 11:08:00,"706 11th St, Boston, MA 02215",July
232039,ThinkPad Laptop,1,999.99,2019-07-19 11:16:00,"580 Center St, Seattle, WA 98101",July
223512,ThinkPad Laptop,1,999.99,2019-07-27 21:57:00,"180 Cedar St, Boston, MA 02215",July
236646,ThinkPad Laptop,1,999.99,2019-07-22 08:57:00,"816 Center St, San Francisco, CA 94016",July
229554,ThinkPad Laptop,1,999.99,2019-07-23 16:47:00,"727 Main St, Los Angeles, CA 90001",July
232581,ThinkPad Laptop,1,999.99,2019-07-20 12:12:00,"488 Main St, Austin, TX 73301",July
236546,ThinkPad Laptop,1,999.99,2019-07-24 21:37:00,"477 Cedar St, San Francisco, CA 94016",July
223771,ThinkPad Laptop,1,999.99,2019-07-04 09:10:00,"31 North St, Seattle, WA 98101",July
224840,ThinkPad Laptop,1,999.99,2019-07-26 20:42:00,"304 8th St, Boston, MA 02215",July
229886,ThinkPad Laptop,1,999.99,2019-07-20 08:40:00,"556 Lakeview St, Dallas, TX 75001",July
235114,ThinkPad Laptop,1,999.99,2019-07-28 22:24:00,"444 8th St, Los Angeles, CA 90001",July
232636,ThinkPad Laptop,1,999.99,2019-07-05 21:42:00,"78 10th St, Boston, MA 02215",July
244075,ThinkPad Laptop,1,999.99,2019-08-15 01:21:00,"394 Chestnut St, New York City, NY 10001",August
244892,ThinkPad Laptop,1,999.99,2019-08-15 23:25:00,"488 Spruce St, Austin, TX 73301",August
245095,ThinkPad Laptop,1,999.99,2019-08-12 23:29:00,"717 Park St, Los Angeles, CA 90001",August
244655,ThinkPad Laptop,1,999.99,2019-08-25 18:55:00,"458 Spruce St, Boston, MA 02215",August
239201,ThinkPad Laptop,1,999.99,2019-08-16 21:26:00,"605 Center St, Los Angeles, CA 90001",August
241792,ThinkPad Laptop,1,999.99,2019-08-06 18:25:00,"534 Highland St, Seattle, WA 98101",August
241017,ThinkPad Laptop,1,999.99,2019-08-31 01:28:00,"884 12th St, Portland, ME 04101",August
236702,ThinkPad Laptop,1,999.99,2019-08-23 11:10:00,"615 11th St, Dallas, TX 75001",August
236994,ThinkPad Laptop,1,999.99,2019-08-01 07:17:00,"96 Elm St, San Francisco, CA 94016",August
241798,ThinkPad Laptop,1,999.99,2019-08-26 08:52:00,"940 River St, San Francisco, CA 94016",August
245922,ThinkPad Laptop,1,999.99,2019-08-15 22:10:00,"23 Highland St, Los Angeles, CA 90001",August
244894,ThinkPad Laptop,1,999.99,2019-08-01 21:11:00,"377 11th St, San Francisco, CA 94016",August
241125,ThinkPad Laptop,1,999.99,2019-08-03 12:50:00,"422 Spruce St, Boston, MA 02215",August
242758,ThinkPad Laptop,1,999.99,2019-08-25 13:20:00,"579 Lakeview St, San Francisco, CA 94016",August
247500,ThinkPad Laptop,1,999.99,2019-08-28 13:28:00,"55 Main St, Dallas, TX 75001",August
244469,ThinkPad Laptop,1,999.99,2019-08-05 21:57:00,"55 Dogwood St, Los Angeles, CA 90001",August
239518,ThinkPad Laptop,1,999.99,2019-08-11 17:41:00,"654 Wilson St, San Francisco, CA 94016",August
240267,ThinkPad Laptop,1,999.99,2019-08-21 19:59:00,"850 Main St, San Francisco, CA 94016",August
242241,ThinkPad Laptop,1,999.99,2019-08-14 09:25:00,"725 South St, San Francisco, CA 94016",August
244420,ThinkPad Laptop,1,999.99,2019-08-10 19:01:00,"103 Johnson St, San Francisco, CA 94016",August
240340,ThinkPad Laptop,1,999.99,2019-08-06 17:11:00,"350 Cedar St, Portland, ME 04101",August
241074,ThinkPad Laptop,1,999.99,2019-08-14 22:03:00,"497 West St, San Francisco, CA 94016",August
242246,ThinkPad Laptop,1,999.99,2019-08-19 10:08:00,"948 Johnson St, Seattle, WA 98101",August
242468,ThinkPad Laptop,1,999.99,2019-08-10 19:05:00,"877 Lincoln St, Dallas, TX 75001",August
245653,ThinkPad Laptop,1,999.99,2019-08-14 18:01:00,"986 7th St, San Francisco, CA 94016",August
245215,ThinkPad Laptop,1,999.99,2019-08-15 14:46:00,"94 5th St, Austin, TX 73301",August
245769,ThinkPad Laptop,1,999.99,2019-08-15 10:51:00,"883 9th St, New York City, NY 10001",August
242792,ThinkPad Laptop,1,999.99,2019-08-22 14:24:00,"357 North St, Dallas, TX 75001",August
246690,ThinkPad Laptop,1,999.99,2019-08-04 15:22:00,"685 Wilson St, Atlanta, GA 30301",August
238284,ThinkPad Laptop,1,999.99,2019-08-09 10:38:00,"969 Washington St, Los Angeles, CA 90001",August
241142,ThinkPad Laptop,1,999.99,2019-08-10 12:55:00,"54 6th St, Atlanta, GA 30301",August
240178,ThinkPad Laptop,1,999.99,2019-08-03 10:09:00,"708 Spruce St, Seattle, WA 98101",August
242762,ThinkPad Laptop,1,999.99,2019-08-17 11:54:00,"446 Pine St, Seattle, WA 98101",August
243998,ThinkPad Laptop,1,999.99,2019-08-31 08:34:00,"158 Main St, New York City, NY 10001",August
241375,ThinkPad Laptop,1,999.99,2019-08-08 10:33:00,"538 9th St, Atlanta, GA 30301",August
242709,ThinkPad Laptop,1,999.99,2019-08-13 17:23:00,"648 8th St, New York City, NY 10001",August
246964,ThinkPad Laptop,1,999.99,2019-08-03 12:20:00,"563 Adams St, Los Angeles, CA 90001",August
238670,ThinkPad Laptop,1,999.99,2019-08-11 03:09:00,"280 Johnson St, Boston, MA 02215",August
244224,ThinkPad Laptop,1,999.99,2019-08-13 17:02:00,"394 Center St, San Francisco, CA 94016",August
244671,ThinkPad Laptop,1,999.99,2019-08-26 21:29:00,"451 10th St, Austin, TX 73301",August
242049,ThinkPad Laptop,1,999.99,2019-08-12 14:49:00,"103 Cedar St, New York City, NY 10001",August
246888,ThinkPad Laptop,1,999.99,2019-08-28 06:30:00,"865 Church St, San Francisco, CA 94016",August
242770,ThinkPad Laptop,1,999.99,2019-08-18 06:47:00,"301 Ridge St, Portland, ME 04101",August
240547,ThinkPad Laptop,1,999.99,2019-08-27 20:56:00,"606 North St, San Francisco, CA 94016",August
244147,ThinkPad Laptop,1,999.99,2019-08-20 19:16:00,"152 Forest St, San Francisco, CA 94016",August
246975,ThinkPad Laptop,1,999.99,2019-08-12 18:44:00,"327 9th St, San Francisco, CA 94016",August
251967,ThinkPad Laptop,1,999.99,2019-09-10 18:51:00,"589 Willow St, Boston, MA 02215",September
253561,ThinkPad Laptop,1,999.99,2019-09-15 21:52:00,"596 Chestnut St, Boston, MA 02215",September
253777,ThinkPad Laptop,1,999.99,2019-09-07 16:51:00,"158 Dogwood St, Seattle, WA 98101",September
255025,ThinkPad Laptop,1,999.99,2019-09-05 18:02:00,"665 Spruce St, Boston, MA 02215",September
255523,ThinkPad Laptop,1,999.99,2019-09-14 09:24:00,"410 6th St, Boston, MA 02215",September
255940,ThinkPad Laptop,1,999.99,2019-09-03 20:30:00,"76 Walnut St, New York City, NY 10001",September
255653,ThinkPad Laptop,1,999.99,2019-09-29 17:04:00,"864 Main St, Los Angeles, CA 90001",September
248549,ThinkPad Laptop,1,999.99,2019-09-14 14:51:00,"303 Walnut St, New York City, NY 10001",September
249302,ThinkPad Laptop,1,999.99,2019-09-29 14:50:00,"694 Hickory St, Dallas, TX 75001",September
249616,ThinkPad Laptop,1,999.99,2019-09-01 16:50:00,"42 2nd St, San Francisco, CA 94016",September
251105,ThinkPad Laptop,1,999.99,2019-09-27 15:39:00,"934 Hickory St, San Francisco, CA 94016",September
253275,ThinkPad Laptop,1,999.99,2019-09-25 13:01:00,"424 Hickory St, San Francisco, CA 94016",September
253925,ThinkPad Laptop,1,999.99,2019-09-05 13:41:00,"311 1st St, Dallas, TX 75001",September
257600,ThinkPad Laptop,1,999.99,2019-09-25 13:26:00,"172 Wilson St, Los Angeles, CA 90001",September
253361,ThinkPad Laptop,1,999.99,2019-09-11 12:35:00,"321 Cedar St, Boston, MA 02215",September
259095,ThinkPad Laptop,1,999.99,2019-09-23 11:05:00,"211 Church St, Los Angeles, CA 90001",September
249467,ThinkPad Laptop,1,999.99,2019-09-05 11:56:00,"293 Cherry St, New York City, NY 10001",September
252405,ThinkPad Laptop,1,999.99,2019-09-01 08:11:00,"782 South St, New York City, NY 10001",September
256064,ThinkPad Laptop,1,999.99,2019-09-28 16:49:00,"995 Park St, Los Angeles, CA 90001",September
259188,ThinkPad Laptop,1,999.99,2019-09-27 11:03:00,"379 Lincoln St, Austin, TX 73301",September
250765,ThinkPad Laptop,1,999.99,2019-09-20 07:43:00,"898 8th St, Boston, MA 02215",September
257235,ThinkPad Laptop,1,999.99,2019-09-06 19:09:00,"662 Lincoln St, Los Angeles, CA 90001",September
258546,ThinkPad Laptop,1,999.99,2019-09-02 08:22:00,"404 7th St, Seattle, WA 98101",September
255282,ThinkPad Laptop,1,999.99,2019-09-15 10:48:00,"49 Lake St, Los Angeles, CA 90001",September
253392,ThinkPad Laptop,1,999.99,2019-09-09 09:43:00,"433 Center St, Dallas, TX 75001",September
255094,ThinkPad Laptop,1,999.99,2019-09-27 19:32:00,"816 6th St, New York City, NY 10001",September
255994,ThinkPad Laptop,1,999.99,2019-09-02 22:29:00,"605 Adams St, Atlanta, GA 30301",September
250657,ThinkPad Laptop,1,999.99,2019-09-29 17:53:00,"146 Hickory St, Atlanta, GA 30301",September
255330,ThinkPad Laptop,1,999.99,2019-09-21 12:24:00,"874 4th St, Austin, TX 73301",September
249924,ThinkPad Laptop,1,999.99,2019-09-14 00:39:00,"206 Walnut St, Atlanta, GA 30301",September
256032,ThinkPad Laptop,1,999.99,2019-09-04 17:30:00,"960 4th St, New York City, NY 10001",September
255223,ThinkPad Laptop,1,999.99,2019-09-27 16:45:00,"169 Hill St, New York City, NY 10001",September
256163,ThinkPad Laptop,1,999.99,2019-09-21 06:20:00,"720 Elm St, San Francisco, CA 94016",September
250980,ThinkPad Laptop,1,999.99,2019-09-12 14:41:00,"214 North St, Boston, MA 02215",September
253826,ThinkPad Laptop,1,999.99,2019-09-07 19:04:00,"75 14th St, San Francisco, CA 94016",September
248692,ThinkPad Laptop,1,999.99,2019-09-18 23:44:00,"401 Hill St, Los Angeles, CA 90001",September
252419,ThinkPad Laptop,1,999.99,2019-09-15 13:23:00,"640 Church St, New York City, NY 10001",September
261683,ThinkPad Laptop,1,999.99,2019-10-04 11:29:00,"392 Madison St, Dallas, TX 75001",October
270020,ThinkPad Laptop,1,999.99,2019-10-21 22:11:00,"421 Church St, San Francisco, CA 94016",October
272072,ThinkPad Laptop,1,999.99,2019-10-07 18:05:00,"643 Pine St, Los Angeles, CA 90001",October
272643,ThinkPad Laptop,1,999.99,2019-10-12 20:16:00,"614 South St, San Francisco, CA 94016",October
274752,ThinkPad Laptop,1,999.99,2019-10-07 08:49:00,"109 Cedar St, Seattle, WA 98101",October
261828,ThinkPad Laptop,1,999.99,2019-10-16 10:34:00,"789 Pine St, Seattle, WA 98101",October
271770,ThinkPad Laptop,1,999.99,2019-10-05 22:17:00,"150 Highland St, Portland, ME 04101",October
276220,ThinkPad Laptop,1,999.99,2019-10-15 16:25:00,"929 Lakeview St, Boston, MA 02215",October
261030,ThinkPad Laptop,1,999.99,2019-10-18 16:36:00,"445 Cedar St, Austin, TX 73301",October
273123,ThinkPad Laptop,1,999.99,2019-10-10 18:46:00,"110 Willow St, New York City, NY 10001",October
277426,ThinkPad Laptop,1,999.99,2019-10-29 18:45:00,"778 7th St, Atlanta, GA 30301",October
261065,ThinkPad Laptop,1,999.99,2019-10-21 21:55:00,"81 Spruce St, Boston, MA 02215",October
265401,ThinkPad Laptop,1,999.99,2019-10-18 10:24:00,"239 Chestnut St, Boston, MA 02215",October
266336,ThinkPad Laptop,1,999.99,2019-10-16 15:07:00,"805 West St, Austin, TX 73301",October
272808,ThinkPad Laptop,1,999.99,2019-10-08 21:03:00,"386 10th St, Boston, MA 02215",October
262437,ThinkPad Laptop,1,999.99,2019-10-02 14:28:00,"146 Jackson St, Seattle, WA 98101",October
273808,ThinkPad Laptop,1,999.99,2019-10-12 19:08:00,"788 4th St, Portland, OR 97035",October
275090,ThinkPad Laptop,1,999.99,2019-10-06 12:07:00,"723 2nd St, Los Angeles, CA 90001",October
266303,ThinkPad Laptop,1,999.99,2019-10-01 17:52:00,"329 10th St, Los Angeles, CA 90001",October
268899,ThinkPad Laptop,1,999.99,2019-10-26 21:06:00,"194 Cedar St, Austin, TX 73301",October
273495,ThinkPad Laptop,1,999.99,2019-10-28 13:25:00,"856 Main St, Dallas, TX 75001",October
277559,ThinkPad Laptop,1,999.99,2019-10-10 14:20:00,"377 Sunset St, Dallas, TX 75001",October
268031,ThinkPad Laptop,1,999.99,2019-10-17 21:58:00,"79 Center St, San Francisco, CA 94016",October
262966,ThinkPad Laptop,1,999.99,2019-10-08 07:21:00,"193 Pine St, Los Angeles, CA 90001",October
263695,ThinkPad Laptop,1,999.99,2019-10-17 18:49:00,"842 Cherry St, New York City, NY 10001",October
272883,ThinkPad Laptop,1,999.99,2019-10-02 15:21:00,"618 Spruce St, San Francisco, CA 94016",October
262993,ThinkPad Laptop,1,999.99,2019-10-15 19:12:00,"917 Cherry St, San Francisco, CA 94016",October
271264,ThinkPad Laptop,1,999.99,2019-10-04 18:56:00,"821 Church St, Seattle, WA 98101",October
272391,ThinkPad Laptop,1,999.99,2019-10-14 10:18:00,"729 Willow St, San Francisco, CA 94016",October
264956,ThinkPad Laptop,1,999.99,2019-10-31 09:02:00,"580 7th St, New York City, NY 10001",October
270462,ThinkPad Laptop,1,999.99,2019-10-09 12:36:00,"918 Sunset St, San Francisco, CA 94016",October
261042,ThinkPad Laptop,1,999.99,2019-10-20 14:10:00,"717 Chestnut St, Austin, TX 73301",October
264818,ThinkPad Laptop,1,999.99,2019-10-28 20:58:00,"800 Dogwood St, New York City, NY 10001",October
265085,ThinkPad Laptop,1,999.99,2019-10-26 08:37:00,"349 Hickory St, Atlanta, GA 30301",October
260427,ThinkPad Laptop,1,999.99,2019-10-27 22:19:00,"800 Adams St, San Francisco, CA 94016",October
267657,ThinkPad Laptop,1,999.99,2019-10-25 11:37:00,"515 Center St, Austin, TX 73301",October
275173,ThinkPad Laptop,1,999.99,2019-10-20 11:20:00,"328 South St, Dallas, TX 75001",October
276325,ThinkPad Laptop,1,999.99,2019-10-18 15:28:00,"56 4th St, San Francisco, CA 94016",October
269511,ThinkPad Laptop,1,999.99,2019-10-31 16:15:00,"622 13th St, Seattle, WA 98101",October
266025,ThinkPad Laptop,1,999.99,2019-10-15 10:25:00,"563 Chestnut St, Seattle, WA 98101",October
272054,ThinkPad Laptop,1,999.99,2019-10-06 23:39:00,"392 Hickory St, New York City, NY 10001",October
271169,ThinkPad Laptop,1,999.99,2019-10-10 15:33:00,"119 Washington St, Dallas, TX 75001",October
261960,ThinkPad Laptop,1,999.99,2019-10-25 12:46:00,"32 7th St, Los Angeles, CA 90001",October
268460,ThinkPad Laptop,1,999.99,2019-10-03 07:33:00,"483 14th St, Portland, OR 97035",October
259762,ThinkPad Laptop,1,999.99,2019-10-19 14:33:00,"370 10th St, Boston, MA 02215",October
260269,ThinkPad Laptop,1,999.99,2019-10-26 16:16:00,"25 Sunset St, Boston, MA 02215",October
270468,ThinkPad Laptop,1,999.99,2019-10-24 11:31:00,"748 Main St, Portland, OR 97035",October
271963,ThinkPad Laptop,1,999.99,2019-10-15 15:30:00,"880 Lincoln St, San Francisco, CA 94016",October
276306,ThinkPad Laptop,1,999.99,2019-10-06 19:30:00,"33 Adams St, Portland, ME 04101",October
263397,ThinkPad Laptop,1,999.99,2019-10-23 23:44:00,"953 Madison St, Atlanta, GA 30301",October
275791,ThinkPad Laptop,1,999.99,2019-10-12 17:59:00,"630 Jefferson St, Seattle, WA 98101",October
260375,ThinkPad Laptop,1,999.99,2019-10-16 10:42:00,"195 14th St, San Francisco, CA 94016",October
277620,ThinkPad Laptop,1,999.99,2019-10-19 20:34:00,"386 4th St, San Francisco, CA 94016",October
264523,ThinkPad Laptop,1,999.99,2019-10-17 09:24:00,"689 Lakeview St, Los Angeles, CA 90001",October
272186,ThinkPad Laptop,1,999.99,2019-10-06 11:54:00,"260 Jackson St, Austin, TX 73301",October
276010,ThinkPad Laptop,1,999.99,2019-10-20 16:48:00,"345 West St, New York City, NY 10001",October
262675,ThinkPad Laptop,1,999.99,2019-10-12 11:32:00,"291 Lakeview St, Los Angeles, CA 90001",October
263798,ThinkPad Laptop,1,999.99,2019-10-28 12:32:00,"966 Dogwood St, Boston, MA 02215",October
271882,ThinkPad Laptop,1,999.99,2019-10-24 10:21:00,"683 Hickory St, Portland, OR 97035",October
277461,ThinkPad Laptop,1,999.99,2019-10-01 10:00:00,"484 2nd St, Los Angeles, CA 90001",October
277666,ThinkPad Laptop,1,999.99,2019-10-05 12:26:00,"778 13th St, San Francisco, CA 94016",October
260406,ThinkPad Laptop,1,999.99,2019-10-09 23:25:00,"847 5th St, San Francisco, CA 94016",October
264177,ThinkPad Laptop,1,999.99,2019-10-27 15:30:00,"476 River St, San Francisco, CA 94016",October
271369,ThinkPad Laptop,1,999.99,2019-10-16 23:03:00,"991 Hickory St, Dallas, TX 75001",October
261102,ThinkPad Laptop,1,999.99,2019-10-08 20:16:00,"727 10th St, San Francisco, CA 94016",October
262319,ThinkPad Laptop,1,999.99,2019-10-31 17:28:00,"245 Madison St, San Francisco, CA 94016",October
264516,ThinkPad Laptop,1,999.99,2019-10-05 09:43:00,"459 Spruce St, San Francisco, CA 94016",October
275952,ThinkPad Laptop,1,999.99,2019-10-19 19:34:00,"964 14th St, Dallas, TX 75001",October
262858,ThinkPad Laptop,1,999.99,2019-10-12 20:28:00,"419 2nd St, Atlanta, GA 30301",October
276453,ThinkPad Laptop,1,999.99,2019-10-31 14:07:00,"890 Elm St, Atlanta, GA 30301",October
285078,ThinkPad Laptop,1,999.99,2019-11-15 11:19:00,"222 2nd St, Boston, MA 02215",November
279817,ThinkPad Laptop,1,999.99,2019-11-10 14:20:00,"278 Forest St, New York City, NY 10001",November
285331,ThinkPad Laptop,1,999.99,2019-11-23 11:15:00,"829 11th St, Austin, TX 73301",November
282594,ThinkPad Laptop,1,999.99,2019-11-23 17:51:00,"919 12th St, Boston, MA 02215",November
289638,ThinkPad Laptop,1,999.99,2019-11-19 19:54:00,"457 Pine St, Austin, TX 73301",November
289907,ThinkPad Laptop,1,999.99,2019-11-04 12:14:00,"816 Pine St, San Francisco, CA 94016",November
284662,ThinkPad Laptop,1,999.99,2019-11-28 18:39:00,"346 Willow St, Los Angeles, CA 90001",November
290306,ThinkPad Laptop,1,999.99,2019-11-02 13:29:00,"428 Madison St, New York City, NY 10001",November
287344,ThinkPad Laptop,1,999.99,2019-11-14 12:14:00,"549 Sunset St, Dallas, TX 75001",November
295086,ThinkPad Laptop,1,999.99,2019-11-14 09:58:00,"91 8th St, New York City, NY 10001",November
285577,ThinkPad Laptop,1,999.99,2019-11-21 01:15:00,"482 Hill St, Boston, MA 02215",November
286639,ThinkPad Laptop,1,999.99,2019-11-02 08:37:00,"419 Madison St, Boston, MA 02215",November
292824,ThinkPad Laptop,1,999.99,2019-11-08 12:03:00,"783 Hickory St, San Francisco, CA 94016",November
293916,ThinkPad Laptop,1,999.99,2019-11-16 12:29:00,"702 Hickory St, Los Angeles, CA 90001",November
294240,ThinkPad Laptop,1,999.99,2019-11-25 14:15:00,"305 9th St, Austin, TX 73301",November
291271,ThinkPad Laptop,1,999.99,2019-11-04 13:59:00,"959 5th St, Atlanta, GA 30301",November
281295,ThinkPad Laptop,1,999.99,2019-11-27 11:47:00,"17 12th St, San Francisco, CA 94016",November
293339,ThinkPad Laptop,1,999.99,2019-11-16 22:38:00,"101 Lake St, Dallas, TX 75001",November
284497,ThinkPad Laptop,1,999.99,2019-11-24 23:48:00,"258 Hickory St, Boston, MA 02215",November
291159,ThinkPad Laptop,1,999.99,2019-11-01 11:03:00,"363 Maple St, Atlanta, GA 30301",November
294889,ThinkPad Laptop,1,999.99,2019-11-03 14:10:00,"826 1st St, Los Angeles, CA 90001",November
283047,ThinkPad Laptop,1,999.99,2019-11-06 19:14:00,"625 Wilson St, Portland, OR 97035",November
288315,ThinkPad Laptop,1,999.99,2019-11-25 15:02:00,"793 Jackson St, Austin, TX 73301",November
282350,ThinkPad Laptop,1,999.99,2019-11-27 11:47:00,"33 Hickory St, New York City, NY 10001",November
288162,ThinkPad Laptop,1,999.99,2019-11-11 13:25:00,"23 1st St, San Francisco, CA 94016",November
282744,ThinkPad Laptop,1,999.99,2019-11-13 12:12:00,"869 Jefferson St, New York City, NY 10001",November
283799,ThinkPad Laptop,1,999.99,2019-11-17 17:49:00,"704 13th St, San Francisco, CA 94016",November
289107,ThinkPad Laptop,1,999.99,2019-11-30 19:38:00,"609 5th St, San Francisco, CA 94016",November
288418,ThinkPad Laptop,1,999.99,2019-11-08 00:13:00,"869 Park St, San Francisco, CA 94016",November
279000,ThinkPad Laptop,1,999.99,2019-11-22 09:09:00,"83 River St, New York City, NY 10001",November
291689,ThinkPad Laptop,1,999.99,2019-11-21 19:12:00,"339 6th St, Austin, TX 73301",November
291712,ThinkPad Laptop,1,999.99,2019-11-10 10:49:00,"615 Lakeview St, Atlanta, GA 30301",November
279715,ThinkPad Laptop,1,999.99,2019-11-27 10:35:00,"696 South St, Atlanta, GA 30301",November
282821,ThinkPad Laptop,1,999.99,2019-11-19 09:29:00,"430 Main St, San Francisco, CA 94016",November
284597,ThinkPad Laptop,1,999.99,2019-11-06 17:18:00,"353 Walnut St, New York City, NY 10001",November
283481,ThinkPad Laptop,1,999.99,2019-11-17 13:12:00,"720 11th St, San Francisco, CA 94016",November
286838,ThinkPad Laptop,1,999.99,2019-11-26 19:41:00,"802 6th St, Los Angeles, CA 90001",November
280556,ThinkPad Laptop,1,999.99,2019-11-14 19:11:00,"600 2nd St, San Francisco, CA 94016",November
284799,ThinkPad Laptop,1,999.99,2019-11-29 12:39:00,"369 Hickory St, San Francisco, CA 94016",November
294617,ThinkPad Laptop,1,999.99,2019-11-09 23:30:00,"632 Lake St, Dallas, TX 75001",November
283441,ThinkPad Laptop,1,999.99,2019-11-28 08:04:00,"723 6th St, San Francisco, CA 94016",November
286271,ThinkPad Laptop,1,999.99,2019-11-02 01:18:00,"548 Sunset St, New York City, NY 10001",November
289244,ThinkPad Laptop,1,999.99,2019-11-29 06:49:00,"646 Pine St, Seattle, WA 98101",November
288248,ThinkPad Laptop,1,999.99,2019-11-12 15:25:00,"23 Pine St, San Francisco, CA 94016",November
283537,ThinkPad Laptop,1,999.99,2019-11-14 14:57:00,"561 Lincoln St, San Francisco, CA 94016",November
287859,ThinkPad Laptop,1,999.99,2019-11-25 13:41:00,"909 Willow St, New York City, NY 10001",November
288956,ThinkPad Laptop,1,999.99,2019-11-20 20:32:00,"666 Cherry St, Atlanta, GA 30301",November
278984,ThinkPad Laptop,1,999.99,2019-11-10 11:05:00,"877 Lincoln St, Dallas, TX 75001",November
289053,ThinkPad Laptop,1,999.99,2019-11-29 15:47:00,"886 West St, San Francisco, CA 94016",November
284010,ThinkPad Laptop,1,999.99,2019-11-04 23:36:00,"340 Lake St, San Francisco, CA 94016",November
290159,ThinkPad Laptop,1,999.99,2019-11-22 20:15:00,"218 Church St, New York City, NY 10001",November
293566,ThinkPad Laptop,1,999.99,2019-11-17 11:18:00,"361 13th St, Seattle, WA 98101",November
287273,ThinkPad Laptop,1,999.99,2019-11-02 22:18:00,"158 Washington St, New York City, NY 10001",November
294698,ThinkPad Laptop,1,999.99,2019-11-14 15:57:00,"902 Jackson St, San Francisco, CA 94016",November
283244,ThinkPad Laptop,1,999.99,2019-11-13 19:07:00,"505 Lincoln St, San Francisco, CA 94016",November
287320,ThinkPad Laptop,1,999.99,2019-11-12 08:53:00,"812 1st St, Atlanta, GA 30301",November
317866,ThinkPad Laptop,1,999.99,2019-12-14 20:13:00,"566 Lake St, San Francisco, CA 94016",December
318258,ThinkPad Laptop,1,999.99,2019-12-30 21:49:00,"666 Jefferson St, New York City, NY 10001",December
318516,ThinkPad Laptop,1,999.99,2019-12-02 14:36:00,"819 Meadow St, San Francisco, CA 94016",December
311124,ThinkPad Laptop,1,999.99,2019-12-23 09:03:00,"17 Ridge St, Boston, MA 02215",December
314168,ThinkPad Laptop,1,999.99,2019-12-02 21:42:00,"724 7th St, San Francisco, CA 94016",December
317890,ThinkPad Laptop,1,999.99,2019-12-04 13:28:00,"948 Chestnut St, Dallas, TX 75001",December
317254,ThinkPad Laptop,1,999.99,2019-12-28 23:09:00,"208 Cherry St, Los Angeles, CA 90001",December
317654,ThinkPad Laptop,1,999.99,2019-12-17 00:18:00,"404 Walnut St, New York City, NY 10001",December
300118,ThinkPad Laptop,1,999.99,2019-12-10 15:08:00,"111 Main St, San Francisco, CA 94016",December
301795,ThinkPad Laptop,1,999.99,2019-12-27 12:26:00,"963 Meadow St, Dallas, TX 75001",December
315683,ThinkPad Laptop,1,999.99,2019-12-02 13:16:00,"890 4th St, Boston, MA 02215",December
305363,ThinkPad Laptop,1,999.99,2019-12-03 15:10:00,"212 Hill St, San Francisco, CA 94016",December
310213,ThinkPad Laptop,1,999.99,2019-12-08 18:56:00,"469 Spruce St, Dallas, TX 75001",December
315076,ThinkPad Laptop,1,999.99,2019-12-22 10:18:00,"270 Highland St, San Francisco, CA 94016",December
312844,ThinkPad Laptop,1,999.99,2019-12-26 10:32:00,"633 Lincoln St, Seattle, WA 98101",December
318317,ThinkPad Laptop,1,999.99,2019-12-26 18:52:00,"835 Park St, New York City, NY 10001",December
316905,ThinkPad Laptop,1,999.99,2019-12-13 09:49:00,"324 Chestnut St, New York City, NY 10001",December
304287,ThinkPad Laptop,1,999.99,2019-12-10 18:09:00,"185 2nd St, San Francisco, CA 94016",December
304448,ThinkPad Laptop,1,999.99,2019-12-05 13:08:00,"838 Washington St, New York City, NY 10001",December
314243,ThinkPad Laptop,1,999.99,2019-12-22 19:32:00,"776 10th St, San Francisco, CA 94016",December
317520,ThinkPad Laptop,1,999.99,2019-12-19 13:05:00,"513 Lake St, San Francisco, CA 94016",December
296919,ThinkPad Laptop,1,999.99,2019-12-01 19:41:00,"865 12th St, New York City, NY 10001",December
301305,ThinkPad Laptop,1,999.99,2019-12-24 21:06:00,"463 6th St, Dallas, TX 75001",December
312502,ThinkPad Laptop,1,999.99,2019-12-07 14:09:00,"817 Maple St, Austin, TX 73301",December
316059,ThinkPad Laptop,1,999.99,2019-12-20 19:21:00,"934 1st St, New York City, NY 10001",December
298622,ThinkPad Laptop,1,999.99,2019-12-12 08:03:00,"332 Hill St, New York City, NY 10001",December
310217,ThinkPad Laptop,1,999.99,2019-12-01 09:33:00,"310 Jefferson St, Atlanta, GA 30301",December
318599,ThinkPad Laptop,1,999.99,2019-12-28 20:45:00,"823 Hickory St, Los Angeles, CA 90001",December
299418,ThinkPad Laptop,1,999.99,2019-12-17 19:46:00,"897 Adams St, Atlanta, GA 30301",December
309711,ThinkPad Laptop,1,999.99,2019-12-02 17:36:00,"767 Elm St, San Francisco, CA 94016",December
316977,ThinkPad Laptop,1,999.99,2019-12-15 09:10:00,"210 4th St, Los Angeles, CA 90001",December
300065,ThinkPad Laptop,1,999.99,2019-12-14 14:44:00,"190 Washington St, Los Angeles, CA 90001",December
304501,ThinkPad Laptop,1,999.99,2019-12-27 14:02:00,"543 Johnson St, New York City, NY 10001",December
316051,ThinkPad Laptop,1,999.99,2019-12-04 08:15:00,"995 Lakeview St, Los Angeles, CA 90001",December
319664,ThinkPad Laptop,1,999.99,2019-12-30 01:06:00,"767 2nd St, San Francisco, CA 94016",December
307560,ThinkPad Laptop,1,999.99,2019-12-02 18:39:00,"923 Cedar St, Atlanta, GA 30301",December
319463,ThinkPad Laptop,1,999.99,2019-12-30 20:38:00,"513 Spruce St, New York City, NY 10001",December
310776,ThinkPad Laptop,1,999.99,2019-12-26 09:09:00,"445 Elm St, San Francisco, CA 94016",December
315768,ThinkPad Laptop,1,999.99,2019-12-20 21:28:00,"879 4th St, New York City, NY 10001",December
302174,ThinkPad Laptop,1,999.99,2019-12-20 17:20:00,"946 9th St, New York City, NY 10001",December
310015,ThinkPad Laptop,1,999.99,2019-12-31 13:53:00,"669 7th St, San Francisco, CA 94016",December
297892,ThinkPad Laptop,1,999.99,2019-12-23 14:33:00,"478 Highland St, Portland, OR 97035",December
233304,ThinkPad Laptop,1,999.99,2019-07-21 23:23:00,"768 6th St, San Francisco, CA 94016",July
232466,ThinkPad Laptop,1,999.99,2019-07-11 22:46:00,"447 Walnut St, New York City, NY 10001",July
262688,ThinkPad Laptop,1,999.99,2019-10-18 16:50:00,"499 Hill St, Los Angeles, CA 90001",October
261947,ThinkPad Laptop,1,999.99,2019-10-09 13:29:00,"977 Lakeview St, Atlanta, GA 30301",October
266504,ThinkPad Laptop,1,999.99,2019-10-29 15:46:00,"807 Lincoln St, Portland, ME 04101",October
293172,ThinkPad Laptop,1,999.99,2019-11-12 23:07:00,"463 10th St, Atlanta, GA 30301",November
278902,ThinkPad Laptop,1,999.99,2019-11-22 17:49:00,"117 4th St, San Francisco, CA 94016",November
308495,ThinkPad Laptop,1,999.99,2019-12-31 22:19:00,"825 Highland St, Los Angeles, CA 90001",December
306423,ThinkPad Laptop,1,999.99,2019-12-20 14:53:00,"7 10th St, Boston, MA 02215",December
310206,ThinkPad Laptop,1,999.99,2019-12-03 03:35:00,"941 9th St, Dallas, TX 75001",December
306162,ThinkPad Laptop,1,999.99,2019-12-12 09:18:00,"2 1st St, New York City, NY 10001",December
298283,ThinkPad Laptop,1,999.99,2019-12-11 09:56:00,"402 Johnson St, Atlanta, GA 30301",December
305402,ThinkPad Laptop,1,999.99,2019-12-10 20:29:00,"538 9th St, New York City, NY 10001",December
308354,ThinkPad Laptop,1,999.99,2019-12-29 17:49:00,"955 Pine St, New York City, NY 10001",December
298251,ThinkPad Laptop,1,999.99,2019-12-24 09:49:00,"16 Wilson St, Austin, TX 73301",December
300000,ThinkPad Laptop,1,999.99,2019-12-26 16:40:00,"132 Ridge St, San Francisco, CA 94016",December
296683,ThinkPad Laptop,1,999.99,2019-12-05 20:01:00,"22 13th St, Seattle, WA 98101",December
305790,ThinkPad Laptop,1,999.99,2019-12-04 11:12:00,"543 Main St, Los Angeles, CA 90001",December
309797,ThinkPad Laptop,1,999.99,2019-12-02 13:32:00,"541 1st St, Austin, TX 73301",December
312998,ThinkPad Laptop,1,999.99,2019-12-22 17:45:00,"191 10th St, San Francisco, CA 94016",December
302918,ThinkPad Laptop,1,999.99,2019-12-10 23:55:00,"57 Jefferson St, San Francisco, CA 94016",December
307950,ThinkPad Laptop,1,999.99,2019-12-29 20:04:00,"524 Hickory St, New York City, NY 10001",December
317880,ThinkPad Laptop,1,999.99,2019-12-29 15:14:00,"953 Dogwood St, Seattle, WA 98101",December
297128,ThinkPad Laptop,1,999.99,2019-12-04 23:25:00,"90 14th St, Los Angeles, CA 90001",December
303556,ThinkPad Laptop,1,999.99,2019-12-31 07:21:00,"368 Elm St, Dallas, TX 75001",December
311251,ThinkPad Laptop,1,999.99,2019-12-30 11:51:00,"59 Meadow St, Dallas, TX 75001",December
314618,ThinkPad Laptop,1,999.99,2019-12-04 09:37:00,"161 Elm St, Portland, OR 97035",December
317830,ThinkPad Laptop,1,999.99,2019-12-03 16:52:00,"198 14th St, Portland, OR 97035",December
296779,ThinkPad Laptop,1,999.99,2019-12-20 14:48:00,"769 North St, San Francisco, CA 94016",December
307294,ThinkPad Laptop,1,999.99,2019-12-24 16:42:00,"345 Lake St, San Francisco, CA 94016",December
310231,ThinkPad Laptop,1,999.99,2019-12-20 07:59:00,"844 Highland St, San Francisco, CA 94016",December
312723,ThinkPad Laptop,1,999.99,2019-12-29 14:47:00,"526 Walnut St, Seattle, WA 98101",December
314251,ThinkPad Laptop,1,999.99,2019-12-10 16:48:00,"66 Hill St, New York City, NY 10001",December
304001,ThinkPad Laptop,1,999.99,2019-12-16 20:09:00,"810 Sunset St, New York City, NY 10001",December
314208,ThinkPad Laptop,1,999.99,2019-12-15 12:13:00,"664 14th St, Dallas, TX 75001",December
314521,ThinkPad Laptop,1,999.99,2019-12-19 09:30:00,"257 Chestnut St, Boston, MA 02215",December
297173,ThinkPad Laptop,1,999.99,2019-12-24 14:19:00,"80 Jefferson St, Boston, MA 02215",December
302541,ThinkPad Laptop,1,999.99,2019-12-15 08:30:00,"26 7th St, Boston, MA 02215",December
307464,ThinkPad Laptop,1,999.99,2019-12-14 14:01:00,"702 North St, Seattle, WA 98101",December
311558,ThinkPad Laptop,1,999.99,2019-12-20 09:55:00,"570 Walnut St, San Francisco, CA 94016",December
315393,ThinkPad Laptop,1,999.99,2019-12-27 12:26:00,"895 6th St, Boston, MA 02215",December
301685,ThinkPad Laptop,1,999.99,2019-12-28 15:49:00,"40 South St, Seattle, WA 98101",December
305018,ThinkPad Laptop,1,999.99,2019-12-20 19:07:00,"99 1st St, Boston, MA 02215",December
312228,ThinkPad Laptop,1,999.99,2019-12-18 23:08:00,"514 9th St, Boston, MA 02215",December
312508,ThinkPad Laptop,1,999.99,2019-12-16 20:59:00,"695 8th St, Portland, OR 97035",December
296238,ThinkPad Laptop,1,999.99,2019-12-05 18:37:00,"544 6th St, San Francisco, CA 94016",December
303308,ThinkPad Laptop,1,999.99,2019-12-30 10:00:00,"893 8th St, Portland, OR 97035",December
314451,ThinkPad Laptop,1,999.99,2019-12-21 09:54:00,"86 South St, San Francisco, CA 94016",December
143341,ThinkPad Laptop,1,999.99,2019-01-16 10:35:00,"635 Hickory St, Los Angeles, CA 90001",January
145502,ThinkPad Laptop,1,999.99,2019-01-12 12:46:00,"265 4th St, Atlanta, GA 30301",January
142635,ThinkPad Laptop,1,999.99,2019-01-17 12:35:00,"799 Main St, New York City, NY 10001",January
143175,ThinkPad Laptop,1,999.99,2019-01-30 12:38:00,"741 Sunset St, Los Angeles, CA 90001",January
143461,ThinkPad Laptop,1,999.99,2019-01-20 23:02:00,"311 Jackson St, Los Angeles, CA 90001",January
144994,ThinkPad Laptop,1,999.99,2019-01-01 08:13:00,"903 Willow St, Los Angeles, CA 90001",January
146970,ThinkPad Laptop,1,999.99,2019-01-17 21:54:00,"464 Elm St, San Francisco, CA 94016",January
144741,ThinkPad Laptop,1,999.99,2019-01-28 14:08:00,"475 Lake St, San Francisco, CA 94016",January
145721,ThinkPad Laptop,1,999.99,2019-01-20 16:31:00,"83 Lincoln St, New York City, NY 10001",January
146578,ThinkPad Laptop,1,999.99,2019-01-05 17:13:00,"248 Wilson St, Atlanta, GA 30301",January
149181,ThinkPad Laptop,1,999.99,2019-01-06 13:22:00,"613 Elm St, San Francisco, CA 94016",January
148997,ThinkPad Laptop,1,999.99,2019-01-25 20:30:00,"655 Washington St, San Francisco, CA 94016",January
144072,ThinkPad Laptop,1,999.99,2019-01-25 23:43:00,"769 Lakeview St, Seattle, WA 98101",January
145461,ThinkPad Laptop,1,999.99,2019-01-28 19:19:00,"922 Hill St, New York City, NY 10001",January
145343,ThinkPad Laptop,1,999.99,2019-01-02 09:40:00,"643 Elm St, San Francisco, CA 94016",January
146836,ThinkPad Laptop,1,999.99,2019-01-21 22:23:00,"871 Adams St, Atlanta, GA 30301",January
143832,ThinkPad Laptop,1,999.99,2019-01-11 20:09:00,"621 Elm St, Los Angeles, CA 90001",January
144553,ThinkPad Laptop,1,999.99,2019-01-24 13:32:00,"177 Sunset St, Los Angeles, CA 90001",January
144998,ThinkPad Laptop,1,999.99,2019-01-30 13:20:00,"527 Jackson St, Boston, MA 02215",January
142817,ThinkPad Laptop,1,999.99,2019-01-30 19:53:00,"355 Walnut St, Los Angeles, CA 90001",January
143202,ThinkPad Laptop,1,999.99,2019-01-01 18:39:00,"129 Walnut St, Los Angeles, CA 90001",January
142674,ThinkPad Laptop,1,999.99,2019-01-09 09:21:00,"497 4th St, Los Angeles, CA 90001",January
144363,ThinkPad Laptop,1,999.99,2019-01-26 12:51:00,"881 Adams St, New York City, NY 10001",January
147881,ThinkPad Laptop,1,999.99,2019-01-20 21:34:00,"681 River St, Atlanta, GA 30301",January
150343,ThinkPad Laptop,1,999.99,2019-01-29 14:24:00,"309 8th St, San Francisco, CA 94016",January
145481,ThinkPad Laptop,1,999.99,2019-01-02 17:41:00,"218 7th St, Portland, OR 97035",January
143651,ThinkPad Laptop,1,999.99,2019-01-07 16:15:00,"631 8th St, Atlanta, GA 30301",January
144842,ThinkPad Laptop,1,999.99,2019-01-27 17:23:00,"926 South St, Dallas, TX 75001",January
144611,ThinkPad Laptop,1,999.99,2019-01-23 00:05:00,"715 Chestnut St, San Francisco, CA 94016",January
150078,ThinkPad Laptop,1,999.99,2019-01-19 10:50:00,"754 North St, Portland, OR 97035",January
149165,ThinkPad Laptop,1,999.99,2019-01-11 23:09:00,"705 Pine St, Dallas, TX 75001",January
149518,ThinkPad Laptop,1,999.99,2019-01-20 21:50:00,"523 Center St, Dallas, TX 75001",January
145307,ThinkPad Laptop,1,999.99,2019-01-12 10:38:00,"311 2nd St, Boston, MA 02215",January
147159,ThinkPad Laptop,1,999.99,2019-01-16 15:28:00,"566 Maple St, New York City, NY 10001",January
142036,ThinkPad Laptop,1,999.99,2019-01-26 19:20:00,"425 Willow St, Atlanta, GA 30301",January
145629,ThinkPad Laptop,1,999.99,2019-01-05 09:57:00,"883 Main St, Los Angeles, CA 90001",January
152841,ThinkPad Laptop,1,999.99,2019-02-06 10:00:00,"762 14th St, San Francisco, CA 94016",February
156600,ThinkPad Laptop,1,999.99,2019-02-27 22:53:00,"969 Cedar St, Austin, TX 73301",February
160538,ThinkPad Laptop,1,999.99,2019-02-27 12:50:00,"950 Adams St, San Francisco, CA 94016",February
160423,ThinkPad Laptop,1,999.99,2019-02-12 12:51:00,"354 10th St, San Francisco, CA 94016",February
151608,ThinkPad Laptop,1,999.99,2019-02-18 16:38:00,"776 Meadow St, Dallas, TX 75001",February
153607,ThinkPad Laptop,1,999.99,2019-02-07 23:07:00,"881 Adams St, San Francisco, CA 94016",February
153702,ThinkPad Laptop,1,999.99,2019-02-23 09:22:00,"133 Washington St, Atlanta, GA 30301",February
161896,ThinkPad Laptop,1,999.99,2019-02-21 17:15:00,"580 Cedar St, Boston, MA 02215",February
154886,ThinkPad Laptop,1,999.99,2019-02-20 18:05:00,"413 Main St, San Francisco, CA 94016",February
151284,ThinkPad Laptop,1,999.99,2019-02-17 22:12:00,"167 Lake St, San Francisco, CA 94016",February
154538,ThinkPad Laptop,1,999.99,2019-02-16 13:58:00,"525 Adams St, Los Angeles, CA 90001",February
160410,ThinkPad Laptop,1,999.99,2019-02-19 08:31:00,"980 Center St, San Francisco, CA 94016",February
161034,ThinkPad Laptop,1,999.99,2019-02-26 14:38:00,"964 Walnut St, New York City, NY 10001",February
157437,ThinkPad Laptop,1,999.99,2019-02-23 14:39:00,"381 9th St, Dallas, TX 75001",February
155070,ThinkPad Laptop,1,999.99,2019-02-23 10:06:00,"732 Lincoln St, Seattle, WA 98101",February
161605,ThinkPad Laptop,1,999.99,2019-02-20 14:47:00,"499 2nd St, San Francisco, CA 94016",February
150939,ThinkPad Laptop,1,999.99,2019-02-01 20:20:00,"89 Jackson St, New York City, NY 10001",February
156654,ThinkPad Laptop,1,999.99,2019-02-12 08:19:00,"603 Wilson St, San Francisco, CA 94016",February
159226,ThinkPad Laptop,1,999.99,2019-02-04 23:46:00,"571 Lakeview St, Los Angeles, CA 90001",February
151366,ThinkPad Laptop,1,999.99,2019-02-19 14:51:00,"144 North St, Seattle, WA 98101",February
154293,ThinkPad Laptop,1,999.99,2019-02-22 10:25:00,"49 Elm St, Los Angeles, CA 90001",February
160226,ThinkPad Laptop,1,999.99,2019-02-02 13:30:00,"700 River St, San Francisco, CA 94016",February
152500,ThinkPad Laptop,1,999.99,2019-02-09 13:11:00,"668 Forest St, San Francisco, CA 94016",February
153122,ThinkPad Laptop,1,999.99,2019-02-28 13:41:00,"250 River St, New York City, NY 10001",February
152583,ThinkPad Laptop,1,999.99,2019-02-19 15:38:00,"707 West St, Los Angeles, CA 90001",February
152769,ThinkPad Laptop,1,999.99,2019-02-09 17:31:00,"376 Meadow St, Austin, TX 73301",February
158960,ThinkPad Laptop,1,999.99,2019-02-01 14:19:00,"386 6th St, New York City, NY 10001",February
161076,ThinkPad Laptop,1,999.99,2019-02-23 11:39:00,"629 Lincoln St, New York City, NY 10001",February
161341,ThinkPad Laptop,1,999.99,2019-02-21 00:04:00,"949 Washington St, Boston, MA 02215",February
154834,ThinkPad Laptop,1,999.99,2019-02-15 13:50:00,"607 Hickory St, San Francisco, CA 94016",February
160293,ThinkPad Laptop,1,999.99,2019-02-08 23:25:00,"202 River St, San Francisco, CA 94016",February
160834,ThinkPad Laptop,1,999.99,2019-02-02 15:16:00,"8 Dogwood St, Austin, TX 73301",February
157104,ThinkPad Laptop,1,999.99,2019-02-09 22:06:00,"160 10th St, San Francisco, CA 94016",February
158207,ThinkPad Laptop,1,999.99,2019-02-16 17:00:00,"906 Maple St, Boston, MA 02215",February
154618,ThinkPad Laptop,1,999.99,2019-02-13 20:19:00,"313 4th St, New York City, NY 10001",February
155566,ThinkPad Laptop,1,999.99,2019-02-10 13:22:00,"64 8th St, New York City, NY 10001",February
158857,ThinkPad Laptop,1,999.99,2019-02-03 12:22:00,"973 14th St, New York City, NY 10001",February
158863,ThinkPad Laptop,1,999.99,2019-02-21 15:01:00,"282 River St, Boston, MA 02215",February
151082,ThinkPad Laptop,1,999.99,2019-02-19 19:17:00,"617 Highland St, New York City, NY 10001",February
152853,ThinkPad Laptop,1,999.99,2019-02-21 00:13:00,"494 Walnut St, Dallas, TX 75001",February
154345,ThinkPad Laptop,1,999.99,2019-02-21 23:28:00,"731 12th St, Los Angeles, CA 90001",February
158450,ThinkPad Laptop,1,999.99,2019-02-18 14:59:00,"87 Highland St, Los Angeles, CA 90001",February
161334,ThinkPad Laptop,1,999.99,2019-02-07 15:21:00,"670 Johnson St, Los Angeles, CA 90001",February
152096,ThinkPad Laptop,1,999.99,2019-02-27 12:18:00,"659 Jefferson St, New York City, NY 10001",February
159854,ThinkPad Laptop,1,999.99,2019-02-06 15:27:00,"267 Johnson St, Seattle, WA 98101",February
157000,ThinkPad Laptop,1,999.99,2019-02-21 12:35:00,"269 Forest St, Dallas, TX 75001",February
161375,ThinkPad Laptop,1,999.99,2019-02-13 10:46:00,"925 Cedar St, San Francisco, CA 94016",February
164356,ThinkPad Laptop,1,999.99,2019-03-05 11:41:00,"352 Meadow St, New York City, NY 10001",March
164989,ThinkPad Laptop,1,999.99,2019-03-30 14:46:00,"796 Maple St, Dallas, TX 75001",March
167275,ThinkPad Laptop,1,999.99,2019-03-30 14:32:00,"227 Sunset St, Seattle, WA 98101",March
170272,ThinkPad Laptop,1,999.99,2019-03-03 11:19:00,"790 Church St, Los Angeles, CA 90001",March
163582,ThinkPad Laptop,1,999.99,2019-03-03 13:12:00,"303 Lake St, San Francisco, CA 94016",March
169013,ThinkPad Laptop,1,999.99,2019-03-03 18:42:00,"744 Elm St, San Francisco, CA 94016",March
174799,ThinkPad Laptop,1,999.99,2019-03-23 15:09:00,"422 Chestnut St, Portland, ME 04101",March
168176,ThinkPad Laptop,1,999.99,2019-03-02 19:05:00,"803 12th St, Boston, MA 02215",March
167124,ThinkPad Laptop,1,999.99,2019-03-20 09:20:00,"666 Adams St, Seattle, WA 98101",March
171463,ThinkPad Laptop,1,999.99,2019-03-21 14:21:00,"178 South St, Austin, TX 73301",March
171555,ThinkPad Laptop,1,999.99,2019-03-08 18:21:00,"577 Meadow St, Los Angeles, CA 90001",March
175274,ThinkPad Laptop,1,999.99,2019-03-05 21:58:00,"634 8th St, Seattle, WA 98101",March
175798,ThinkPad Laptop,1,999.99,2019-03-31 22:20:00,"9 Hickory St, San Francisco, CA 94016",March
166096,ThinkPad Laptop,1,999.99,2019-03-18 17:57:00,"453 Adams St, San Francisco, CA 94016",March
170719,ThinkPad Laptop,1,999.99,2019-03-07 12:03:00,"714 Main St, Seattle, WA 98101",March
169029,ThinkPad Laptop,1,999.99,2019-03-13 19:57:00,"83 North St, Boston, MA 02215",March
173386,ThinkPad Laptop,1,999.99,2019-03-01 12:17:00,"803 Willow St, San Francisco, CA 94016",March
165847,ThinkPad Laptop,1,999.99,2019-03-17 19:19:00,"981 Sunset St, New York City, NY 10001",March
172217,ThinkPad Laptop,1,999.99,2019-03-27 12:02:00,"623 Walnut St, New York City, NY 10001",March
176354,ThinkPad Laptop,1,999.99,2019-03-28 21:09:00,"836 Main St, Portland, OR 97035",March
163980,ThinkPad Laptop,1,999.99,2019-03-10 21:21:00,"621 Main St, San Francisco, CA 94016",March
166825,ThinkPad Laptop,1,999.99,2019-03-17 16:38:00,"470 West St, Los Angeles, CA 90001",March
170716,ThinkPad Laptop,1,999.99,2019-03-20 13:11:00,"681 Pine St, Dallas, TX 75001",March
166369,ThinkPad Laptop,1,999.99,2019-03-10 17:02:00,"123 Hill St, Dallas, TX 75001",March
171842,ThinkPad Laptop,1,999.99,2019-03-16 17:33:00,"241 13th St, Boston, MA 02215",March
175816,ThinkPad Laptop,1,999.99,2019-03-28 12:20:00,"676 Spruce St, San Francisco, CA 94016",March
175354,ThinkPad Laptop,1,999.99,2019-03-02 17:31:00,"410 1st St, San Francisco, CA 94016",March
166815,ThinkPad Laptop,1,999.99,2019-03-08 12:32:00,"285 Pine St, San Francisco, CA 94016",March
174384,ThinkPad Laptop,1,999.99,2019-03-11 16:27:00,"203 North St, New York City, NY 10001",March
163725,ThinkPad Laptop,1,999.99,2019-03-30 20:46:00,"705 Center St, Dallas, TX 75001",March
170894,ThinkPad Laptop,1,999.99,2019-03-13 12:02:00,"65 8th St, Los Angeles, CA 90001",March
175289,ThinkPad Laptop,1,999.99,2019-03-19 12:53:00,"698 Cedar St, Portland, OR 97035",March
166183,ThinkPad Laptop,1,999.99,2019-03-21 17:52:00,"848 2nd St, Atlanta, GA 30301",March
164828,ThinkPad Laptop,1,999.99,2019-03-16 13:30:00,"600 Maple St, Seattle, WA 98101",March
165604,ThinkPad Laptop,1,999.99,2019-03-28 20:35:00,"621 6th St, San Francisco, CA 94016",March
166160,ThinkPad Laptop,1,999.99,2019-03-25 22:53:00,"820 13th St, San Francisco, CA 94016",March
171644,ThinkPad Laptop,1,999.99,2019-03-11 09:38:00,"991 Main St, Boston, MA 02215",March
174934,ThinkPad Laptop,1,999.99,2019-03-08 23:48:00,"536 Willow St, Atlanta, GA 30301",March
170891,ThinkPad Laptop,1,999.99,2019-03-22 01:15:00,"884 Johnson St, San Francisco, CA 94016",March
170586,ThinkPad Laptop,1,999.99,2019-03-11 10:35:00,"20 Hickory St, Austin, TX 73301",March
171631,ThinkPad Laptop,1,999.99,2019-03-18 11:26:00,"979 12th St, Seattle, WA 98101",March
174495,ThinkPad Laptop,1,999.99,2019-03-12 21:22:00,"622 Elm St, San Francisco, CA 94016",March
165461,ThinkPad Laptop,1,999.99,2019-03-09 18:40:00,"498 Ridge St, San Francisco, CA 94016",March
172449,ThinkPad Laptop,1,999.99,2019-03-29 16:40:00,"278 8th St, Boston, MA 02215",March
168791,ThinkPad Laptop,1,999.99,2019-03-22 14:28:00,"665 Maple St, San Francisco, CA 94016",March
168881,ThinkPad Laptop,1,999.99,2019-03-13 22:51:00,"423 2nd St, New York City, NY 10001",March
162940,ThinkPad Laptop,1,999.99,2019-03-04 16:36:00,"426 Highland St, San Francisco, CA 94016",March
166851,ThinkPad Laptop,1,999.99,2019-03-20 08:18:00,"471 Lakeview St, Seattle, WA 98101",March
169521,ThinkPad Laptop,1,999.99,2019-03-04 22:07:00,"185 Main St, New York City, NY 10001",March
165100,ThinkPad Laptop,1,999.99,2019-03-12 21:31:00,"870 Center St, New York City, NY 10001",March
170419,ThinkPad Laptop,1,999.99,2019-03-17 22:05:00,"372 Center St, San Francisco, CA 94016",March
177151,ThinkPad Laptop,1,999.99,2019-04-11 10:24:00,"625 Spruce St, San Francisco, CA 94016",April
179317,ThinkPad Laptop,1,999.99,2019-04-02 17:30:00,"114 7th St, New York City, NY 10001",April
181510,ThinkPad Laptop,1,999.99,2019-04-24 22:12:00,"451 Cherry St, Atlanta, GA 30301",April
191921,ThinkPad Laptop,1,999.99,2019-04-06 13:55:00,"113 12th St, San Francisco, CA 94016",April
176878,ThinkPad Laptop,1,999.99,2019-04-13 09:15:00,"161 Highland St, San Francisco, CA 94016",April
177225,ThinkPad Laptop,1,999.99,2019-04-05 00:02:00,"399 Church St, San Francisco, CA 94016",April
180343,ThinkPad Laptop,1,999.99,2019-04-13 11:44:00,"952 Park St, Boston, MA 02215",April
182635,ThinkPad Laptop,1,999.99,2019-04-19 12:47:00,"41 7th St, Dallas, TX 75001",April
190836,ThinkPad Laptop,1,999.99,2019-04-06 12:28:00,"136 Cedar St, Austin, TX 73301",April
193178,ThinkPad Laptop,1,999.99,2019-04-08 09:53:00,"631 4th St, Boston, MA 02215",April
187016,ThinkPad Laptop,1,999.99,2019-04-23 10:04:00,"149 North St, Boston, MA 02215",April
192643,ThinkPad Laptop,1,999.99,2019-04-19 22:33:00,"624 Center St, Boston, MA 02215",April
177999,ThinkPad Laptop,1,999.99,2019-04-15 11:04:00,"257 10th St, New York City, NY 10001",April
183001,ThinkPad Laptop,1,999.99,2019-04-13 17:56:00,"462 Highland St, New York City, NY 10001",April
178719,ThinkPad Laptop,1,999.99,2019-04-25 07:54:00,"539 6th St, San Francisco, CA 94016",April
179884,ThinkPad Laptop,1,999.99,2019-04-25 20:12:00,"64 Jackson St, Atlanta, GA 30301",April
181428,ThinkPad Laptop,1,999.99,2019-04-02 04:34:00,"615 Cedar St, Portland, OR 97035",April
183017,ThinkPad Laptop,1,999.99,2019-04-14 16:17:00,"856 Highland St, New York City, NY 10001",April
194028,ThinkPad Laptop,1,999.99,2019-04-15 00:47:00,"24 Main St, New York City, NY 10001",April
180401,ThinkPad Laptop,1,999.99,2019-04-14 10:56:00,"598 Lakeview St, Dallas, TX 75001",April
182197,ThinkPad Laptop,1,999.99,2019-04-18 10:12:00,"953 Pine St, San Francisco, CA 94016",April
179934,ThinkPad Laptop,1,999.99,2019-04-09 08:30:00,"488 South St, San Francisco, CA 94016",April
187088,ThinkPad Laptop,1,999.99,2019-04-13 13:48:00,"982 Sunset St, San Francisco, CA 94016",April
183064,ThinkPad Laptop,1,999.99,2019-04-17 19:45:00,"238 Cherry St, San Francisco, CA 94016",April
187872,ThinkPad Laptop,1,999.99,2019-04-03 20:44:00,"237 11th St, Los Angeles, CA 90001",April
177492,ThinkPad Laptop,1,999.99,2019-04-15 09:14:00,"60 Ridge St, San Francisco, CA 94016",April
181789,ThinkPad Laptop,1,999.99,2019-04-29 23:51:00,"218 Wilson St, Dallas, TX 75001",April
185178,ThinkPad Laptop,1,999.99,2019-04-12 23:25:00,"701 Cedar St, San Francisco, CA 94016",April
193665,ThinkPad Laptop,1,999.99,2019-04-25 22:38:00,"651 1st St, Portland, OR 97035",April
185811,ThinkPad Laptop,1,999.99,2019-04-17 08:54:00,"972 10th St, Atlanta, GA 30301",April
185788,ThinkPad Laptop,1,999.99,2019-04-10 21:42:00,"654 Cedar St, Dallas, TX 75001",April
189207,ThinkPad Laptop,1,999.99,2019-04-18 09:42:00,"801 6th St, Dallas, TX 75001",April
183728,ThinkPad Laptop,1,999.99,2019-04-15 21:06:00,"869 Wilson St, Atlanta, GA 30301",April
181688,ThinkPad Laptop,1,999.99,2019-05-01 02:07:00,"123 4th St, San Francisco, CA 94016",May
178448,ThinkPad Laptop,1,999.99,2019-04-30 16:21:00,"153 River St, San Francisco, CA 94016",April
177117,ThinkPad Laptop,1,999.99,2019-04-16 19:34:00,"564 Hill St, San Francisco, CA 94016",April
180809,ThinkPad Laptop,1,999.99,2019-04-20 22:43:00,"553 Cherry St, New York City, NY 10001",April
183528,ThinkPad Laptop,1,999.99,2019-04-30 15:51:00,"860 Church St, New York City, NY 10001",April
188301,ThinkPad Laptop,1,999.99,2019-04-18 14:42:00,"418 West St, Los Angeles, CA 90001",April
190729,ThinkPad Laptop,1,999.99,2019-04-24 20:25:00,"88 Lincoln St, Atlanta, GA 30301",April
184451,ThinkPad Laptop,1,999.99,2019-04-18 08:13:00,"169 13th St, Boston, MA 02215",April
188523,ThinkPad Laptop,1,999.99,2019-04-23 08:58:00,"286 Maple St, Boston, MA 02215",April
191924,ThinkPad Laptop,1,999.99,2019-04-04 23:13:00,"421 5th St, Dallas, TX 75001",April
181618,ThinkPad Laptop,1,999.99,2019-04-30 22:06:00,"566 Cherry St, San Francisco, CA 94016",April
182104,ThinkPad Laptop,1,999.99,2019-04-03 19:07:00,"777 Wilson St, New York City, NY 10001",April
189064,ThinkPad Laptop,1,999.99,2019-04-11 06:47:00,"360 5th St, Seattle, WA 98101",April
192678,ThinkPad Laptop,1,999.99,2019-04-24 11:44:00,"444 Lakeview St, Los Angeles, CA 90001",April
185025,ThinkPad Laptop,1,999.99,2019-04-15 12:51:00,"24 2nd St, Atlanta, GA 30301",April
185891,ThinkPad Laptop,1,999.99,2019-04-21 19:54:00,"78 Cherry St, Seattle, WA 98101",April
190029,ThinkPad Laptop,1,999.99,2019-04-18 13:31:00,"106 Ridge St, Los Angeles, CA 90001",April
181673,ThinkPad Laptop,1,999.99,2019-04-17 18:31:00,"78 Dogwood St, New York City, NY 10001",April
185185,ThinkPad Laptop,1,999.99,2019-04-29 08:06:00,"485 Johnson St, Portland, ME 04101",April
187821,ThinkPad Laptop,1,999.99,2019-04-29 15:02:00,"981 Main St, San Francisco, CA 94016",April
185997,ThinkPad Laptop,1,999.99,2019-04-22 10:58:00,"457 14th St, Atlanta, GA 30301",April
180931,ThinkPad Laptop,1,999.99,2019-04-16 12:34:00,"30 Dogwood St, Boston, MA 02215",April
178077,ThinkPad Laptop,1,999.99,2019-04-06 03:09:00,"771 14th St, San Francisco, CA 94016",April
183832,ThinkPad Laptop,1,999.99,2019-04-24 20:59:00,"224 2nd St, Boston, MA 02215",April
186029,ThinkPad Laptop,1,999.99,2019-04-01 19:36:00,"466 Pine St, San Francisco, CA 94016",April
192923,ThinkPad Laptop,1,999.99,2019-04-11 15:56:00,"893 Johnson St, Seattle, WA 98101",April
189359,ThinkPad Laptop,1,999.99,2019-04-14 17:26:00,"431 Highland St, New York City, NY 10001",April
193413,ThinkPad Laptop,1,999.99,2019-04-26 19:57:00,"888 River St, Los Angeles, CA 90001",April
186336,ThinkPad Laptop,1,999.99,2019-04-08 23:29:00,"785 13th St, Seattle, WA 98101",April
178206,ThinkPad Laptop,1,999.99,2019-04-06 20:55:00,"929 Elm St, Portland, OR 97035",April
178754,ThinkPad Laptop,1,999.99,2019-04-21 16:59:00,"571 7th St, Los Angeles, CA 90001",April
180530,ThinkPad Laptop,1,999.99,2019-04-06 19:15:00,"466 Meadow St, Los Angeles, CA 90001",April
181740,ThinkPad Laptop,1,999.99,2019-04-10 11:47:00,"570 7th St, San Francisco, CA 94016",April
188622,ThinkPad Laptop,1,999.99,2019-04-07 13:18:00,"15 5th St, Atlanta, GA 30301",April
189285,ThinkPad Laptop,1,999.99,2019-04-24 18:35:00,"283 Forest St, Los Angeles, CA 90001",April
178734,ThinkPad Laptop,1,999.99,2019-04-27 14:04:00,"957 Highland St, Dallas, TX 75001",April
178821,ThinkPad Laptop,1,999.99,2019-04-06 20:26:00,"180 1st St, Los Angeles, CA 90001",April
202747,ThinkPad Laptop,1,999.99,2019-05-11 19:15:00,"228 Jefferson St, Dallas, TX 75001",May
206895,ThinkPad Laptop,1,999.99,2019-05-03 07:44:00,"98 Cedar St, Dallas, TX 75001",May
206081,ThinkPad Laptop,1,999.99,2019-05-12 10:16:00,"993 Cedar St, San Francisco, CA 94016",May
198671,ThinkPad Laptop,1,999.99,2019-05-29 11:08:00,"112 Hill St, Seattle, WA 98101",May
202470,ThinkPad Laptop,1,999.99,2019-05-27 07:09:00,"541 5th St, Austin, TX 73301",May
203232,ThinkPad Laptop,1,999.99,2019-05-27 13:57:00,"487 Forest St, Los Angeles, CA 90001",May
206101,ThinkPad Laptop,1,999.99,2019-05-30 10:50:00,"482 13th St, Los Angeles, CA 90001",May
197123,ThinkPad Laptop,1,999.99,2019-05-26 16:43:00,"758 Jefferson St, New York City, NY 10001",May
203375,ThinkPad Laptop,1,999.99,2019-05-28 14:52:00,"925 Willow St, Portland, OR 97035",May
208289,ThinkPad Laptop,1,999.99,2019-05-07 21:29:00,"472 Highland St, Austin, TX 73301",May
198809,ThinkPad Laptop,1,999.99,2019-05-10 16:48:00,"259 Spruce St, San Francisco, CA 94016",May
196478,ThinkPad Laptop,1,999.99,2019-05-09 09:13:00,"193 Chestnut St, Dallas, TX 75001",May
200851,ThinkPad Laptop,1,999.99,2019-05-17 12:26:00,"262 Cedar St, Boston, MA 02215",May
200983,ThinkPad Laptop,1,999.99,2019-05-15 15:38:00,"971 Sunset St, Los Angeles, CA 90001",May
206477,ThinkPad Laptop,1,999.99,2019-05-11 20:05:00,"96 Walnut St, Los Angeles, CA 90001",May
203326,ThinkPad Laptop,1,999.99,2019-05-11 09:05:00,"13 Wilson St, Atlanta, GA 30301",May
201833,ThinkPad Laptop,1,999.99,2019-05-22 17:16:00,"37 Lincoln St, New York City, NY 10001",May
203007,ThinkPad Laptop,1,999.99,2019-05-25 19:35:00,"529 Jefferson St, Seattle, WA 98101",May
203656,ThinkPad Laptop,1,999.99,2019-05-08 09:01:00,"704 Lakeview St, Los Angeles, CA 90001",May
198015,ThinkPad Laptop,1,999.99,2019-05-26 14:12:00,"629 Hill St, Los Angeles, CA 90001",May
207773,ThinkPad Laptop,1,999.99,2019-05-08 12:54:00,"186 Hickory St, Boston, MA 02215",May
202050,ThinkPad Laptop,1,999.99,2019-05-31 07:25:00,"361 Park St, New York City, NY 10001",May
208768,ThinkPad Laptop,1,999.99,2019-05-16 19:06:00,"682 2nd St, San Francisco, CA 94016",May
208932,ThinkPad Laptop,1,999.99,2019-05-27 19:15:00,"888 Cedar St, New York City, NY 10001",May
203946,ThinkPad Laptop,1,999.99,2019-05-22 23:10:00,"75 Park St, San Francisco, CA 94016",May
194921,ThinkPad Laptop,1,999.99,2019-05-10 00:04:00,"257 Willow St, San Francisco, CA 94016",May
205635,ThinkPad Laptop,1,999.99,2019-05-22 17:28:00,"522 Sunset St, Boston, MA 02215",May
209495,ThinkPad Laptop,1,999.99,2019-05-01 12:56:00,"367 Chestnut St, Seattle, WA 98101",May
209703,ThinkPad Laptop,1,999.99,2019-05-28 22:02:00,"360 Park St, Seattle, WA 98101",May
202883,ThinkPad Laptop,1,999.99,2019-05-29 16:07:00,"450 Cherry St, Boston, MA 02215",May
199850,ThinkPad Laptop,1,999.99,2019-05-25 21:56:00,"62 Washington St, Los Angeles, CA 90001",May
201762,ThinkPad Laptop,1,999.99,2019-05-31 17:09:00,"435 Main St, Austin, TX 73301",May
206650,ThinkPad Laptop,1,999.99,2019-05-30 22:48:00,"109 Adams St, Austin, TX 73301",May
194349,ThinkPad Laptop,1,999.99,2019-05-11 21:09:00,"186 Jackson St, Dallas, TX 75001",May
197272,ThinkPad Laptop,1,999.99,2019-05-15 10:39:00,"910 Main St, Portland, OR 97035",May
198669,ThinkPad Laptop,1,999.99,2019-05-22 13:58:00,"751 Hill St, Boston, MA 02215",May
205017,ThinkPad Laptop,1,999.99,2019-05-19 14:57:00,"200 South St, Los Angeles, CA 90001",May
208027,ThinkPad Laptop,1,999.99,2019-05-04 08:34:00,"462 4th St, San Francisco, CA 94016",May
204086,ThinkPad Laptop,1,999.99,2019-05-23 18:20:00,"668 5th St, Boston, MA 02215",May
204857,ThinkPad Laptop,1,999.99,2019-05-27 22:27:00,"289 12th St, Atlanta, GA 30301",May
200400,ThinkPad Laptop,1,999.99,2019-05-27 09:24:00,"316 Spruce St, Atlanta, GA 30301",May
196936,ThinkPad Laptop,1,999.99,2019-05-16 12:56:00,"148 Center St, San Francisco, CA 94016",May
195964,ThinkPad Laptop,1,999.99,2019-05-08 19:16:00,"614 14th St, New York City, NY 10001",May
197635,ThinkPad Laptop,1,999.99,2019-05-21 20:13:00,"686 1st St, Portland, OR 97035",May
200336,ThinkPad Laptop,1,999.99,2019-05-05 16:36:00,"578 Church St, Portland, OR 97035",May
208220,ThinkPad Laptop,1,999.99,2019-05-13 17:55:00,"385 Wilson St, San Francisco, CA 94016",May
195231,ThinkPad Laptop,1,999.99,2019-05-29 23:06:00,"49 Lakeview St, Boston, MA 02215",May
196862,ThinkPad Laptop,1,999.99,2019-05-09 22:25:00,"324 South St, Atlanta, GA 30301",May
204801,ThinkPad Laptop,1,999.99,2019-05-28 19:45:00,"356 Meadow St, San Francisco, CA 94016",May
203699,ThinkPad Laptop,1,999.99,2019-05-15 17:37:00,"334 Wilson St, San Francisco, CA 94016",May
207595,ThinkPad Laptop,1,999.99,2019-05-08 20:40:00,"641 Spruce St, Dallas, TX 75001",May
198542,ThinkPad Laptop,1,999.99,2019-05-19 12:40:00,"784 Cherry St, New York City, NY 10001",May
202332,ThinkPad Laptop,1,999.99,2019-05-04 10:53:00,"224 West St, Atlanta, GA 30301",May
202418,ThinkPad Laptop,1,999.99,2019-05-16 15:23:00,"958 Forest St, Seattle, WA 98101",May
197463,ThinkPad Laptop,1,999.99,2019-05-03 14:37:00,"311 Park St, New York City, NY 10001",May
195370,ThinkPad Laptop,1,999.99,2019-05-20 18:40:00,"806 5th St, San Francisco, CA 94016",May
201582,ThinkPad Laptop,1,999.99,2019-05-12 20:33:00,"8 Forest St, Atlanta, GA 30301",May
203411,ThinkPad Laptop,1,999.99,2019-05-16 10:20:00,"616 Lincoln St, Atlanta, GA 30301",May
215041,ThinkPad Laptop,1,999.99,2019-06-07 12:48:00,"17 9th St, New York City, NY 10001",June
222383,ThinkPad Laptop,1,999.99,2019-06-06 09:09:00,"365 Chestnut St, New York City, NY 10001",June
216245,ThinkPad Laptop,1,999.99,2019-06-14 22:13:00,"299 Cedar St, New York City, NY 10001",June
211156,ThinkPad Laptop,1,999.99,2019-06-09 12:21:00,"533 Ridge St, San Francisco, CA 94016",June
222157,ThinkPad Laptop,1,999.99,2019-06-29 15:16:00,"171 10th St, Boston, MA 02215",June
214075,ThinkPad Laptop,1,999.99,2019-06-12 10:12:00,"664 Ridge St, Boston, MA 02215",June
212148,ThinkPad Laptop,1,999.99,2019-06-04 08:42:00,"724 2nd St, Los Angeles, CA 90001",June
217744,ThinkPad Laptop,1,999.99,2019-06-26 15:55:00,"933 Hickory St, Atlanta, GA 30301",June
211351,ThinkPad Laptop,1,999.99,2019-06-23 22:46:00,"291 Johnson St, Los Angeles, CA 90001",June
211327,ThinkPad Laptop,1,999.99,2019-06-06 21:05:00,"930 Ridge St, Los Angeles, CA 90001",June
213418,ThinkPad Laptop,1,999.99,2019-06-15 18:53:00,"958 Elm St, Dallas, TX 75001",June
214206,ThinkPad Laptop,1,999.99,2019-06-18 09:50:00,"834 Highland St, Dallas, TX 75001",June
220970,ThinkPad Laptop,1,999.99,2019-06-25 23:57:00,"857 West St, Atlanta, GA 30301",June
210799,ThinkPad Laptop,1,999.99,2019-06-25 21:52:00,"59 Sunset St, San Francisco, CA 94016",June
216256,ThinkPad Laptop,1,999.99,2019-06-18 02:05:00,"865 Ridge St, Los Angeles, CA 90001",June
216524,ThinkPad Laptop,1,999.99,2019-06-22 10:50:00,"474 Forest St, Seattle, WA 98101",June
210276,ThinkPad Laptop,1,999.99,2019-06-21 20:16:00,"719 Cedar St, San Francisco, CA 94016",June
210357,ThinkPad Laptop,1,999.99,2019-06-30 12:37:00,"495 Elm St, San Francisco, CA 94016",June
217912,ThinkPad Laptop,1,999.99,2019-06-23 17:46:00,"974 Maple St, New York City, NY 10001",June
213810,ThinkPad Laptop,1,999.99,2019-06-01 23:10:00,"37 Adams St, Atlanta, GA 30301",June
220088,ThinkPad Laptop,1,999.99,2019-06-30 11:49:00,"393 Forest St, Austin, TX 73301",June
214190,ThinkPad Laptop,1,999.99,2019-06-11 11:59:00,"863 10th St, Dallas, TX 75001",June
222106,ThinkPad Laptop,1,999.99,2019-06-25 10:07:00,"898 Jefferson St, Portland, OR 97035",June
216921,ThinkPad Laptop,1,999.99,2019-06-01 17:11:00,"196 8th St, Austin, TX 73301",June
220468,ThinkPad Laptop,1,999.99,2019-06-26 19:55:00,"487 Washington St, Seattle, WA 98101",June
217846,ThinkPad Laptop,1,999.99,2019-06-08 09:21:00,"692 Maple St, Boston, MA 02215",June
218298,ThinkPad Laptop,1,999.99,2019-06-13 09:46:00,"201 Elm St, Seattle, WA 98101",June
221105,ThinkPad Laptop,1,999.99,2019-06-05 19:18:00,"357 Walnut St, Atlanta, GA 30301",June
222202,ThinkPad Laptop,1,999.99,2019-06-30 12:00:00,"229 Cedar St, San Francisco, CA 94016",June
210975,ThinkPad Laptop,1,999.99,2019-06-07 18:03:00,"711 Hickory St, Atlanta, GA 30301",June
215125,ThinkPad Laptop,1,999.99,2019-06-03 12:23:00,"384 4th St, San Francisco, CA 94016",June
219458,ThinkPad Laptop,1,999.99,2019-06-18 20:18:00,"257 Elm St, San Francisco, CA 94016",June
211791,ThinkPad Laptop,1,999.99,2019-06-17 18:17:00,"423 Park St, New York City, NY 10001",June
211805,ThinkPad Laptop,1,999.99,2019-06-12 17:24:00,"536 Wilson St, San Francisco, CA 94016",June
219269,ThinkPad Laptop,1,999.99,2019-06-26 14:15:00,"25 Wilson St, San Francisco, CA 94016",June
221433,ThinkPad Laptop,1,999.99,2019-06-10 15:43:00,"386 Elm St, Los Angeles, CA 90001",June
218640,ThinkPad Laptop,1,999.99,2019-06-25 18:35:00,"274 Cherry St, Austin, TX 73301",June
220259,ThinkPad Laptop,1,999.99,2019-06-07 03:23:00,"980 River St, San Francisco, CA 94016",June
211465,ThinkPad Laptop,1,999.99,2019-06-25 19:21:00,"351 5th St, New York City, NY 10001",June
213720,ThinkPad Laptop,1,999.99,2019-06-14 15:40:00,"299 Willow St, Los Angeles, CA 90001",June
217520,ThinkPad Laptop,1,999.99,2019-06-25 22:20:00,"393 13th St, Portland, OR 97035",June
217437,ThinkPad Laptop,1,999.99,2019-06-28 18:05:00,"887 1st St, San Francisco, CA 94016",June
221995,ThinkPad Laptop,1,999.99,2019-06-18 17:11:00,"537 Church St, San Francisco, CA 94016",June
222719,ThinkPad Laptop,1,999.99,2019-06-29 13:43:00,"740 Meadow St, Atlanta, GA 30301",June
220224,ThinkPad Laptop,1,999.99,2019-06-18 14:45:00,"103 Lincoln St, San Francisco, CA 94016",June
221921,ThinkPad Laptop,1,999.99,2019-06-20 19:47:00,"230 Walnut St, New York City, NY 10001",June
217776,ThinkPad Laptop,1,999.99,2019-06-18 12:23:00,"744 Jefferson St, New York City, NY 10001",June
213593,ThinkPad Laptop,1,999.99,2019-06-25 19:32:00,"800 6th St, Boston, MA 02215",June
213652,ThinkPad Laptop,1,999.99,2019-06-04 15:53:00,"554 Forest St, Atlanta, GA 30301",June
216204,ThinkPad Laptop,1,999.99,2019-06-19 08:29:00,"556 Willow St, Boston, MA 02215",June
217140,ThinkPad Laptop,1,999.99,2019-06-08 12:21:00,"313 5th St, Atlanta, GA 30301",June
220836,ThinkPad Laptop,1,999.99,2019-06-10 18:38:00,"635 Main St, Atlanta, GA 30301",June
215624,ThinkPad Laptop,1,999.99,2019-06-03 11:25:00,"261 Maple St, New York City, NY 10001",June
214476,ThinkPad Laptop,1,999.99,2019-06-23 16:45:00,"751 Wilson St, Seattle, WA 98101",June
210635,ThinkPad Laptop,1,999.99,2019-06-23 00:42:00,"705 12th St, Seattle, WA 98101",June
211793,ThinkPad Laptop,1,999.99,2019-06-02 19:45:00,"311 Cedar St, New York City, NY 10001",June
214932,ThinkPad Laptop,1,999.99,2019-06-09 16:22:00,"406 6th St, Seattle, WA 98101",June
221150,ThinkPad Laptop,1,999.99,2019-06-25 12:26:00,"489 Jackson St, Boston, MA 02215",June
216454,ThinkPad Laptop,1,999.99,2019-06-12 09:29:00,"377 7th St, Portland, OR 97035",June
217169,ThinkPad Laptop,1,999.99,2019-06-27 18:35:00,"85 Jackson St, San Francisco, CA 94016",June
219108,ThinkPad Laptop,1,999.99,2019-06-18 19:30:00,"237 5th St, New York City, NY 10001",June
218000,ThinkPad Laptop,1,999.99,2019-06-12 15:41:00,"924 Wilson St, San Francisco, CA 94016",June
210038,ThinkPad Laptop,1,999.99,2019-06-15 14:49:00,"443 Maple St, New York City, NY 10001",June
228869,ThinkPad Laptop,1,999.99,2019-07-22 20:29:00,"901 10th St, Boston, MA 02215",July
229672,ThinkPad Laptop,1,999.99,2019-07-25 10:47:00,"429 8th St, Boston, MA 02215",July
229749,ThinkPad Laptop,1,999.99,2019-07-26 00:00:00,"3 Church St, New York City, NY 10001",July
226077,ThinkPad Laptop,1,999.99,2019-07-03 21:30:00,"17 Adams St, San Francisco, CA 94016",July
229740,ThinkPad Laptop,1,999.99,2019-07-31 13:02:00,"731 Park St, New York City, NY 10001",July
229687,ThinkPad Laptop,1,999.99,2019-07-26 08:45:00,"138 Willow St, Dallas, TX 75001",July
227650,ThinkPad Laptop,1,999.99,2019-07-14 12:53:00,"793 Madison St, New York City, NY 10001",July
231721,ThinkPad Laptop,1,999.99,2019-07-29 23:54:00,"299 13th St, San Francisco, CA 94016",July
234027,ThinkPad Laptop,1,999.99,2019-07-03 11:07:00,"614 Church St, New York City, NY 10001",July
227047,ThinkPad Laptop,1,999.99,2019-07-16 11:25:00,"414 Adams St, Los Angeles, CA 90001",July
227494,ThinkPad Laptop,1,999.99,2019-07-24 18:23:00,"473 Cedar St, Dallas, TX 75001",July
231655,ThinkPad Laptop,1,999.99,2019-07-07 12:16:00,"215 Park St, Boston, MA 02215",July
225842,ThinkPad Laptop,1,999.99,2019-07-17 19:09:00,"644 Spruce St, Dallas, TX 75001",July
231617,ThinkPad Laptop,1,999.99,2019-07-12 09:56:00,"480 Maple St, Atlanta, GA 30301",July
232595,ThinkPad Laptop,1,999.99,2019-07-12 09:17:00,"625 Meadow St, Los Angeles, CA 90001",July
234850,ThinkPad Laptop,1,999.99,2019-07-11 11:52:00,"313 Lake St, San Francisco, CA 94016",July
228406,ThinkPad Laptop,1,999.99,2019-07-01 10:36:00,"272 5th St, Boston, MA 02215",July
233576,ThinkPad Laptop,1,999.99,2019-07-28 16:35:00,"534 5th St, San Francisco, CA 94016",July
234869,ThinkPad Laptop,1,999.99,2019-07-15 09:16:00,"729 8th St, Portland, OR 97035",July
230082,ThinkPad Laptop,1,999.99,2019-07-13 15:55:00,"976 Cherry St, Los Angeles, CA 90001",July
223092,ThinkPad Laptop,1,999.99,2019-07-11 15:27:00,"634 Washington St, Boston, MA 02215",July
225439,ThinkPad Laptop,1,999.99,2019-07-13 13:45:00,"944 Park St, Austin, TX 73301",July
231263,ThinkPad Laptop,1,999.99,2019-07-30 11:22:00,"237 Pine St, San Francisco, CA 94016",July
223062,ThinkPad Laptop,1,999.99,2019-07-12 19:58:00,"756 5th St, Atlanta, GA 30301",July
231727,ThinkPad Laptop,1,999.99,2019-07-30 20:27:00,"775 Adams St, Los Angeles, CA 90001",July
235901,ThinkPad Laptop,1,999.99,2019-07-23 10:38:00,"399 Willow St, Seattle, WA 98101",July
236281,ThinkPad Laptop,1,999.99,2019-07-21 11:14:00,"588 Washington St, Atlanta, GA 30301",July
226669,ThinkPad Laptop,1,999.99,2019-07-29 06:56:00,"77 Hickory St, Atlanta, GA 30301",July
228906,ThinkPad Laptop,1,999.99,2019-07-24 23:10:00,"843 West St, Portland, OR 97035",July
224615,ThinkPad Laptop,1,999.99,2019-07-13 03:03:00,"300 9th St, Seattle, WA 98101",July
235973,ThinkPad Laptop,1,999.99,2019-07-06 15:14:00,"215 Spruce St, Portland, OR 97035",July
230511,ThinkPad Laptop,1,999.99,2019-07-27 13:24:00,"977 Main St, Los Angeles, CA 90001",July
232356,ThinkPad Laptop,1,999.99,2019-07-14 02:03:00,"424 Jackson St, Dallas, TX 75001",July
233341,ThinkPad Laptop,1,999.99,2019-07-25 10:40:00,"553 8th St, New York City, NY 10001",July
236542,ThinkPad Laptop,1,999.99,2019-07-23 08:36:00,"460 Washington St, Boston, MA 02215",July
235471,ThinkPad Laptop,1,999.99,2019-07-16 21:10:00,"636 11th St, Portland, OR 97035",July
236358,ThinkPad Laptop,1,999.99,2019-07-23 08:42:00,"672 Highland St, New York City, NY 10001",July
230375,ThinkPad Laptop,1,999.99,2019-07-20 17:26:00,"260 Adams St, Atlanta, GA 30301",July
236626,ThinkPad Laptop,1,999.99,2019-07-19 12:00:00,"991 1st St, Dallas, TX 75001",July
234617,ThinkPad Laptop,1,999.99,2019-07-29 14:55:00,"332 North St, Atlanta, GA 30301",July
235026,ThinkPad Laptop,1,999.99,2019-07-14 21:59:00,"615 Park St, Portland, OR 97035",July
229473,ThinkPad Laptop,1,999.99,2019-07-09 19:13:00,"166 Chestnut St, Seattle, WA 98101",July
227974,ThinkPad Laptop,1,999.99,2019-07-10 09:52:00,"746 5th St, Atlanta, GA 30301",July
226035,ThinkPad Laptop,1,999.99,2019-07-20 13:52:00,"769 Wilson St, Boston, MA 02215",July
232613,ThinkPad Laptop,1,999.99,2019-07-25 07:45:00,"766 North St, Los Angeles, CA 90001",July
234368,ThinkPad Laptop,1,999.99,2019-07-15 13:25:00,"694 Maple St, San Francisco, CA 94016",July
224913,ThinkPad Laptop,1,999.99,2019-07-15 15:24:00,"745 2nd St, Portland, OR 97035",July
236303,ThinkPad Laptop,1,999.99,2019-07-09 10:30:00,"226 Dogwood St, Los Angeles, CA 90001",July
230310,ThinkPad Laptop,1,999.99,2019-07-22 18:24:00,"811 Hickory St, Los Angeles, CA 90001",July
229369,ThinkPad Laptop,1,999.99,2019-07-12 19:32:00,"701 1st St, Los Angeles, CA 90001",July
230466,ThinkPad Laptop,1,999.99,2019-07-17 19:59:00,"637 West St, Boston, MA 02215",July
231015,ThinkPad Laptop,1,999.99,2019-07-31 18:35:00,"38 Sunset St, Portland, OR 97035",July
232215,ThinkPad Laptop,1,999.99,2019-07-09 17:32:00,"787 5th St, New York City, NY 10001",July
229423,ThinkPad Laptop,1,999.99,2019-07-06 09:29:00,"68 Lakeview St, Austin, TX 73301",July
245865,ThinkPad Laptop,1,999.99,2019-08-19 10:20:00,"341 14th St, Atlanta, GA 30301",August
246154,ThinkPad Laptop,1,999.99,2019-08-19 19:52:00,"627 Spruce St, Boston, MA 02215",August
245450,ThinkPad Laptop,1,999.99,2019-08-16 08:10:00,"130 Ridge St, Boston, MA 02215",August
240787,ThinkPad Laptop,1,999.99,2019-08-05 13:31:00,"266 Adams St, Boston, MA 02215",August
247497,ThinkPad Laptop,1,999.99,2019-08-30 16:17:00,"868 Hickory St, Los Angeles, CA 90001",August
238568,ThinkPad Laptop,1,999.99,2019-08-02 18:07:00,"18 North St, Boston, MA 02215",August
238579,ThinkPad Laptop,1,999.99,2019-08-30 19:52:00,"476 7th St, Dallas, TX 75001",August
238631,ThinkPad Laptop,1,999.99,2019-08-11 12:56:00,"340 Hickory St, Seattle, WA 98101",August
241022,ThinkPad Laptop,1,999.99,2019-08-16 12:52:00,"48 14th St, New York City, NY 10001",August
241978,ThinkPad Laptop,1,999.99,2019-08-03 10:12:00,"919 13th St, New York City, NY 10001",August
245901,ThinkPad Laptop,1,999.99,2019-08-13 19:05:00,"493 1st St, Boston, MA 02215",August
247996,ThinkPad Laptop,1,999.99,2019-08-03 10:46:00,"336 9th St, San Francisco, CA 94016",August
244441,ThinkPad Laptop,1,999.99,2019-08-24 17:07:00,"290 13th St, San Francisco, CA 94016",August
244760,ThinkPad Laptop,1,999.99,2019-08-14 16:48:00,"538 Lakeview St, Seattle, WA 98101",August
244355,ThinkPad Laptop,1,999.99,2019-08-07 19:59:00,"122 Lake St, Austin, TX 73301",August
241803,ThinkPad Laptop,1,999.99,2019-08-05 10:50:00,"388 4th St, Seattle, WA 98101",August
238162,ThinkPad Laptop,1,999.99,2019-08-13 18:44:00,"532 Church St, Austin, TX 73301",August
245421,ThinkPad Laptop,1,999.99,2019-08-06 11:09:00,"191 Walnut St, Boston, MA 02215",August
236893,ThinkPad Laptop,1,999.99,2019-08-07 19:37:00,"942 Madison St, San Francisco, CA 94016",August
241189,ThinkPad Laptop,1,999.99,2019-08-03 17:13:00,"288 8th St, Seattle, WA 98101",August
241390,ThinkPad Laptop,1,999.99,2019-08-24 08:44:00,"193 10th St, Atlanta, GA 30301",August
246114,ThinkPad Laptop,1,999.99,2019-08-28 12:09:00,"86 Main St, Dallas, TX 75001",August
246381,ThinkPad Laptop,1,999.99,2019-08-23 19:44:00,"557 Pine St, Boston, MA 02215",August
246391,ThinkPad Laptop,1,999.99,2019-08-22 22:52:00,"484 Center St, Dallas, TX 75001",August
237112,ThinkPad Laptop,1,999.99,2019-08-16 14:15:00,"344 Center St, San Francisco, CA 94016",August
239945,ThinkPad Laptop,1,999.99,2019-08-11 08:27:00,"194 Jefferson St, Austin, TX 73301",August
244037,ThinkPad Laptop,1,999.99,2019-08-05 18:58:00,"249 Jackson St, San Francisco, CA 94016",August
239234,ThinkPad Laptop,1,999.99,2019-08-19 14:08:00,"712 Willow St, New York City, NY 10001",August
236728,ThinkPad Laptop,1,999.99,2019-08-10 11:21:00,"526 North St, Portland, ME 04101",August
247750,ThinkPad Laptop,1,999.99,2019-08-28 23:17:00,"157 Wilson St, Dallas, TX 75001",August
238277,ThinkPad Laptop,1,999.99,2019-08-11 17:31:00,"925 9th St, Los Angeles, CA 90001",August
241669,ThinkPad Laptop,1,999.99,2019-08-11 21:01:00,"444 Chestnut St, San Francisco, CA 94016",August
242164,ThinkPad Laptop,1,999.99,2019-08-30 14:29:00,"187 Hickory St, Dallas, TX 75001",August
242312,ThinkPad Laptop,1,999.99,2019-08-05 12:46:00,"277 Hickory St, New York City, NY 10001",August
242484,ThinkPad Laptop,1,999.99,2019-08-07 11:18:00,"845 5th St, San Francisco, CA 94016",August
244707,ThinkPad Laptop,1,999.99,2019-08-20 17:42:00,"84 Pine St, Dallas, TX 75001",August
244875,ThinkPad Laptop,1,999.99,2019-08-09 10:44:00,"315 Meadow St, Portland, OR 97035",August
237285,ThinkPad Laptop,1,999.99,2019-08-05 20:30:00,"516 Spruce St, Boston, MA 02215",August
242343,ThinkPad Laptop,1,999.99,2019-09-01 02:44:00,"510 Park St, Boston, MA 02215",September
238580,ThinkPad Laptop,1,999.99,2019-08-29 14:37:00,"867 11th St, Seattle, WA 98101",August
237666,ThinkPad Laptop,1,999.99,2019-08-30 10:33:00,"391 Meadow St, Los Angeles, CA 90001",August
244120,ThinkPad Laptop,1,999.99,2019-08-02 09:46:00,"134 Forest St, Austin, TX 73301",August
237543,ThinkPad Laptop,1,999.99,2019-08-01 22:06:00,"157 Spruce St, San Francisco, CA 94016",August
238952,ThinkPad Laptop,1,999.99,2019-08-11 17:13:00,"417 8th St, San Francisco, CA 94016",August
239829,ThinkPad Laptop,1,999.99,2019-08-14 18:08:00,"508 Lincoln St, San Francisco, CA 94016",August
240446,ThinkPad Laptop,1,999.99,2019-08-24 10:45:00,"483 Dogwood St, San Francisco, CA 94016",August
245892,ThinkPad Laptop,1,999.99,2019-08-21 18:26:00,"188 Lakeview St, New York City, NY 10001",August
247226,ThinkPad Laptop,1,999.99,2019-08-29 22:44:00,"520 Center St, Portland, ME 04101",August
242754,ThinkPad Laptop,1,999.99,2019-08-02 14:21:00,"366 Sunset St, Seattle, WA 98101",August
254522,ThinkPad Laptop,1,999.99,2019-09-26 09:43:00,"596 Lincoln St, New York City, NY 10001",September
250275,ThinkPad Laptop,1,999.99,2019-10-01 00:46:00,"814 7th St, San Francisco, CA 94016",October
258831,ThinkPad Laptop,1,999.99,2019-09-07 00:32:00,"621 6th St, San Francisco, CA 94016",September
252134,ThinkPad Laptop,1,999.99,2019-09-12 09:41:00,"698 Dogwood St, Los Angeles, CA 90001",September
256238,ThinkPad Laptop,1,999.99,2019-09-06 10:51:00,"687 4th St, Austin, TX 73301",September
257240,ThinkPad Laptop,1,999.99,2019-09-22 18:25:00,"969 13th St, Boston, MA 02215",September
248956,ThinkPad Laptop,1,999.99,2019-09-11 11:10:00,"349 North St, San Francisco, CA 94016",September
249001,ThinkPad Laptop,1,999.99,2019-09-10 00:34:00,"95 Cherry St, Los Angeles, CA 90001",September
254039,ThinkPad Laptop,1,999.99,2019-09-29 02:08:00,"54 Hill St, Atlanta, GA 30301",September
250131,ThinkPad Laptop,1,999.99,2019-09-11 21:00:00,"469 Madison St, Los Angeles, CA 90001",September
253230,ThinkPad Laptop,1,999.99,2019-09-10 21:16:00,"143 Madison St, San Francisco, CA 94016",September
254132,ThinkPad Laptop,1,999.99,2019-09-09 12:01:00,"628 Ridge St, Austin, TX 73301",September
250867,ThinkPad Laptop,1,999.99,2019-09-13 09:49:00,"878 7th St, Boston, MA 02215",September
259198,ThinkPad Laptop,1,999.99,2019-09-30 21:44:00,"18 Meadow St, Boston, MA 02215",September
249926,ThinkPad Laptop,1,999.99,2019-09-11 13:40:00,"681 Lincoln St, Atlanta, GA 30301",September
248195,ThinkPad Laptop,1,999.99,2019-09-10 23:29:00,"631 6th St, Dallas, TX 75001",September
251276,ThinkPad Laptop,1,999.99,2019-09-10 13:00:00,"424 Washington St, Portland, OR 97035",September
251055,ThinkPad Laptop,1,999.99,2019-09-18 00:41:00,"916 Cherry St, San Francisco, CA 94016",September
258709,ThinkPad Laptop,1,999.99,2019-09-24 20:50:00,"820 Jackson St, San Francisco, CA 94016",September
254089,ThinkPad Laptop,1,999.99,2019-09-17 21:20:00,"278 8th St, Los Angeles, CA 90001",September
253391,ThinkPad Laptop,1,999.99,2019-09-06 17:41:00,"58 Lake St, Austin, TX 73301",September
251406,ThinkPad Laptop,1,999.99,2019-09-01 10:10:00,"886 Center St, New York City, NY 10001",September
248944,ThinkPad Laptop,1,999.99,2019-09-24 07:45:00,"854 2nd St, San Francisco, CA 94016",September
250118,ThinkPad Laptop,1,999.99,2019-09-18 21:02:00,"279 Maple St, San Francisco, CA 94016",September
257529,ThinkPad Laptop,1,999.99,2019-09-24 11:26:00,"405 Meadow St, Austin, TX 73301",September
248604,ThinkPad Laptop,1,999.99,2019-09-02 13:03:00,"806 Hill St, Seattle, WA 98101",September
249120,ThinkPad Laptop,1,999.99,2019-09-12 06:43:00,"729 11th St, San Francisco, CA 94016",September
254210,ThinkPad Laptop,1,999.99,2019-09-28 06:56:00,"725 Ridge St, Los Angeles, CA 90001",September
253858,ThinkPad Laptop,1,999.99,2019-09-22 16:41:00,"166 Meadow St, Boston, MA 02215",September
256285,ThinkPad Laptop,1,999.99,2019-09-30 21:37:00,"197 Sunset St, Los Angeles, CA 90001",September
257533,ThinkPad Laptop,1,999.99,2019-09-04 18:35:00,"865 6th St, San Francisco, CA 94016",September
259229,ThinkPad Laptop,1,999.99,2019-09-05 10:12:00,"689 Elm St, San Francisco, CA 94016",September
255109,ThinkPad Laptop,1,999.99,2019-09-06 13:20:00,"914 Johnson St, Atlanta, GA 30301",September
256725,ThinkPad Laptop,1,999.99,2019-09-26 23:24:00,"130 12th St, Los Angeles, CA 90001",September
258462,ThinkPad Laptop,1,999.99,2019-09-18 09:05:00,"152 Washington St, New York City, NY 10001",September
254442,ThinkPad Laptop,1,999.99,2019-09-26 20:54:00,"801 1st St, San Francisco, CA 94016",September
250696,ThinkPad Laptop,1,999.99,2019-09-10 13:09:00,"312 Willow St, San Francisco, CA 94016",September
251317,ThinkPad Laptop,1,999.99,2019-09-14 13:54:00,"95 Sunset St, Seattle, WA 98101",September
249684,ThinkPad Laptop,1,999.99,2019-09-11 13:11:00,"613 Cedar St, Boston, MA 02215",September
250488,ThinkPad Laptop,1,999.99,2019-09-01 21:46:00,"24 Meadow St, San Francisco, CA 94016",September
253568,ThinkPad Laptop,1,999.99,2019-09-08 10:43:00,"358 Walnut St, New York City, NY 10001",September
255429,ThinkPad Laptop,1,999.99,2019-09-29 10:04:00,"949 Walnut St, San Francisco, CA 94016",September
258180,ThinkPad Laptop,1,999.99,2019-09-16 19:35:00,"938 Pine St, Seattle, WA 98101",September
249234,ThinkPad Laptop,1,999.99,2019-09-10 20:59:00,"855 Wilson St, Seattle, WA 98101",September
255376,ThinkPad Laptop,1,999.99,2019-09-28 20:59:00,"782 North St, San Francisco, CA 94016",September
256373,ThinkPad Laptop,1,999.99,2019-09-25 09:03:00,"307 Walnut St, Los Angeles, CA 90001",September
259838,ThinkPad Laptop,1,999.99,2019-10-09 12:05:00,"200 5th St, San Francisco, CA 94016",October
262773,ThinkPad Laptop,1,999.99,2019-10-04 19:51:00,"115 Washington St, New York City, NY 10001",October
263969,ThinkPad Laptop,1,999.99,2019-10-22 23:26:00,"328 Chestnut St, Seattle, WA 98101",October
270254,ThinkPad Laptop,1,999.99,2019-10-26 17:17:00,"403 Madison St, Los Angeles, CA 90001",October
274179,ThinkPad Laptop,1,999.99,2019-10-12 12:21:00,"561 8th St, Atlanta, GA 30301",October
274843,ThinkPad Laptop,1,999.99,2019-10-01 11:13:00,"207 Highland St, Atlanta, GA 30301",October
260721,ThinkPad Laptop,1,999.99,2019-10-01 13:00:00,"11 Park St, San Francisco, CA 94016",October
270751,ThinkPad Laptop,1,999.99,2019-10-15 17:44:00,"151 Jefferson St, Boston, MA 02215",October
271649,ThinkPad Laptop,1,999.99,2019-10-17 20:37:00,"20 Cedar St, Los Angeles, CA 90001",October
268895,ThinkPad Laptop,1,999.99,2019-10-23 16:43:00,"891 Cedar St, Austin, TX 73301",October
276209,ThinkPad Laptop,1,999.99,2019-10-21 18:20:00,"184 Chestnut St, Dallas, TX 75001",October
267179,ThinkPad Laptop,1,999.99,2019-10-23 13:37:00,"984 4th St, Austin, TX 73301",October
262813,ThinkPad Laptop,1,999.99,2019-10-04 11:21:00,"235 Madison St, Dallas, TX 75001",October
270909,ThinkPad Laptop,1,999.99,2019-10-26 21:39:00,"826 9th St, Dallas, TX 75001",October
261353,ThinkPad Laptop,1,999.99,2019-10-11 10:27:00,"316 9th St, Austin, TX 73301",October
262004,ThinkPad Laptop,1,999.99,2019-10-02 23:41:00,"672 Meadow St, Portland, OR 97035",October
264369,ThinkPad Laptop,1,999.99,2019-10-19 22:52:00,"674 7th St, Seattle, WA 98101",October
272261,ThinkPad Laptop,1,999.99,2019-10-07 20:40:00,"746 Ridge St, San Francisco, CA 94016",October
276045,ThinkPad Laptop,1,999.99,2019-10-19 22:34:00,"353 10th St, Seattle, WA 98101",October
261936,ThinkPad Laptop,1,999.99,2019-10-27 21:59:00,"169 5th St, New York City, NY 10001",October
265024,ThinkPad Laptop,1,999.99,2019-10-07 21:46:00,"535 Willow St, Portland, OR 97035",October
277941,ThinkPad Laptop,1,999.99,2019-10-19 17:15:00,"187 North St, San Francisco, CA 94016",October
263380,ThinkPad Laptop,1,999.99,2019-10-21 17:55:00,"317 Lincoln St, Seattle, WA 98101",October
276338,ThinkPad Laptop,1,999.99,2019-10-15 17:35:00,"817 8th St, Austin, TX 73301",October
259709,ThinkPad Laptop,1,999.99,2019-10-12 22:28:00,"729 Cedar St, Boston, MA 02215",October
265195,ThinkPad Laptop,1,999.99,2019-10-09 18:05:00,"253 Jackson St, Atlanta, GA 30301",October
269595,ThinkPad Laptop,1,999.99,2019-10-16 15:39:00,"704 Wilson St, Los Angeles, CA 90001",October
269763,ThinkPad Laptop,1,999.99,2019-10-26 11:21:00,"515 Wilson St, Dallas, TX 75001",October
271308,ThinkPad Laptop,1,999.99,2019-10-13 08:10:00,"476 10th St, Boston, MA 02215",October
272161,ThinkPad Laptop,1,999.99,2019-10-14 23:40:00,"536 Wilson St, New York City, NY 10001",October
274283,ThinkPad Laptop,1,999.99,2019-10-19 15:16:00,"418 Hickory St, Boston, MA 02215",October
270056,ThinkPad Laptop,1,999.99,2019-10-14 10:58:00,"810 Church St, Dallas, TX 75001",October
271694,ThinkPad Laptop,1,999.99,2019-10-08 14:39:00,"980 1st St, Los Angeles, CA 90001",October
264406,ThinkPad Laptop,1,999.99,2019-10-15 12:52:00,"66 12th St, Los Angeles, CA 90001",October
267072,ThinkPad Laptop,1,999.99,2019-10-15 07:41:00,"988 6th St, Portland, OR 97035",October
278565,ThinkPad Laptop,1,999.99,2019-10-15 14:06:00,"910 West St, Los Angeles, CA 90001",October
274719,ThinkPad Laptop,1,999.99,2019-10-18 21:30:00,"176 Dogwood St, Portland, OR 97035",October
259582,ThinkPad Laptop,1,999.99,2019-10-04 14:43:00,"124 14th St, Dallas, TX 75001",October
271536,ThinkPad Laptop,1,999.99,2019-10-28 06:46:00,"257 Adams St, Boston, MA 02215",October
272664,ThinkPad Laptop,1,999.99,2019-10-29 09:05:00,"102 Hickory St, Seattle, WA 98101",October
277131,ThinkPad Laptop,1,999.99,2019-10-25 00:44:00,"32 Park St, Boston, MA 02215",October
267208,ThinkPad Laptop,1,999.99,2019-10-25 13:20:00,"444 4th St, Austin, TX 73301",October
263732,ThinkPad Laptop,1,999.99,2019-10-29 10:08:00,"20 Hickory St, Boston, MA 02215",October
260186,ThinkPad Laptop,1,999.99,2019-10-16 14:19:00,"697 Johnson St, New York City, NY 10001",October
271695,ThinkPad Laptop,1,999.99,2019-10-14 19:35:00,"402 North St, Atlanta, GA 30301",October
278545,ThinkPad Laptop,1,999.99,2019-10-02 20:01:00,"884 West St, Atlanta, GA 30301",October
272258,ThinkPad Laptop,1,999.99,2019-10-30 15:37:00,"83 Lakeview St, San Francisco, CA 94016",October
276055,ThinkPad Laptop,1,999.99,2019-10-15 00:53:00,"908 Forest St, Boston, MA 02215",October
265079,ThinkPad Laptop,1,999.99,2019-10-01 10:03:00,"526 Sunset St, Dallas, TX 75001",October
274239,ThinkPad Laptop,1,999.99,2019-10-30 11:56:00,"909 11th St, Austin, TX 73301",October
278366,ThinkPad Laptop,1,999.99,2019-10-20 10:13:00,"825 Walnut St, San Francisco, CA 94016",October
267937,ThinkPad Laptop,1,999.99,2019-10-29 12:48:00,"533 Hill St, San Francisco, CA 94016",October
268199,ThinkPad Laptop,1,999.99,2019-10-08 19:16:00,"502 4th St, Boston, MA 02215",October
263727,ThinkPad Laptop,1,999.99,2019-10-20 15:49:00,"141 Park St, San Francisco, CA 94016",October
264095,ThinkPad Laptop,1,999.99,2019-10-05 17:36:00,"195 Adams St, Atlanta, GA 30301",October
265630,ThinkPad Laptop,1,999.99,2019-10-24 23:08:00,"381 Church St, Los Angeles, CA 90001",October
272455,ThinkPad Laptop,1,999.99,2019-10-26 18:09:00,"148 Pine St, Seattle, WA 98101",October
277494,ThinkPad Laptop,1,999.99,2019-10-12 18:05:00,"426 9th St, Los Angeles, CA 90001",October
264938,ThinkPad Laptop,1,999.99,2019-10-08 22:22:00,"782 2nd St, San Francisco, CA 94016",October
266624,ThinkPad Laptop,1,999.99,2019-10-25 22:00:00,"616 Jackson St, New York City, NY 10001",October
273596,ThinkPad Laptop,1,999.99,2019-10-05 21:14:00,"254 Meadow St, Los Angeles, CA 90001",October
265422,ThinkPad Laptop,1,999.99,2019-10-09 16:59:00,"169 Church St, Boston, MA 02215",October
275520,ThinkPad Laptop,1,999.99,2019-10-29 11:32:00,"979 9th St, Portland, OR 97035",October
264146,ThinkPad Laptop,1,999.99,2019-10-17 11:10:00,"601 Park St, Boston, MA 02215",October
266651,ThinkPad Laptop,1,999.99,2019-10-03 16:35:00,"399 11th St, Los Angeles, CA 90001",October
272195,ThinkPad Laptop,1,999.99,2019-10-30 07:34:00,"852 Jefferson St, Dallas, TX 75001",October
265191,ThinkPad Laptop,1,999.99,2019-10-13 23:36:00,"805 Willow St, Los Angeles, CA 90001",October
273960,ThinkPad Laptop,1,999.99,2019-10-24 22:51:00,"193 Dogwood St, Seattle, WA 98101",October
273320,ThinkPad Laptop,1,999.99,2019-10-20 13:06:00,"677 Lakeview St, San Francisco, CA 94016",October
274998,ThinkPad Laptop,1,999.99,2019-10-25 12:19:00,"570 Wilson St, San Francisco, CA 94016",October
266780,ThinkPad Laptop,1,999.99,2019-10-05 13:59:00,"760 Jefferson St, San Francisco, CA 94016",October
274297,ThinkPad Laptop,1,999.99,2019-10-27 23:08:00,"584 Maple St, Boston, MA 02215",October
278738,ThinkPad Laptop,1,999.99,2019-10-16 18:40:00,"679 West St, Boston, MA 02215",October
262680,ThinkPad Laptop,1,999.99,2019-10-01 14:22:00,"119 Adams St, San Francisco, CA 94016",October
265067,ThinkPad Laptop,1,999.99,2019-10-10 17:03:00,"64 7th St, New York City, NY 10001",October
270492,ThinkPad Laptop,1,999.99,2019-10-24 14:07:00,"82 Cedar St, Los Angeles, CA 90001",October
273179,ThinkPad Laptop,1,999.99,2019-10-19 00:01:00,"185 Church St, Atlanta, GA 30301",October
276462,ThinkPad Laptop,1,999.99,2019-10-09 15:23:00,"527 8th St, Austin, TX 73301",October
259934,ThinkPad Laptop,1,999.99,2019-10-19 16:21:00,"532 Dogwood St, San Francisco, CA 94016",October
266974,ThinkPad Laptop,1,999.99,2019-10-29 06:55:00,"5 Center St, Los Angeles, CA 90001",October
285887,ThinkPad Laptop,1,999.99,2019-11-07 21:42:00,"480 Hill St, San Francisco, CA 94016",November
283127,ThinkPad Laptop,1,999.99,2019-11-01 21:00:00,"758 Sunset St, San Francisco, CA 94016",November
287645,ThinkPad Laptop,1,999.99,2019-11-28 06:55:00,"210 Sunset St, Seattle, WA 98101",November
291387,ThinkPad Laptop,1,999.99,2019-11-09 12:48:00,"56 Maple St, Seattle, WA 98101",November
295193,ThinkPad Laptop,1,999.99,2019-11-21 13:48:00,"620 River St, Boston, MA 02215",November
289989,ThinkPad Laptop,1,999.99,2019-11-08 16:28:00,"606 Jefferson St, San Francisco, CA 94016",November
292956,ThinkPad Laptop,1,999.99,2019-11-12 18:21:00,"745 Willow St, San Francisco, CA 94016",November
293774,ThinkPad Laptop,1,999.99,2019-11-01 20:07:00,"280 Chestnut St, New York City, NY 10001",November
285925,ThinkPad Laptop,1,999.99,2019-11-29 10:35:00,"870 11th St, New York City, NY 10001",November
282457,ThinkPad Laptop,1,999.99,2019-11-26 20:08:00,"877 Church St, Atlanta, GA 30301",November
284583,ThinkPad Laptop,1,999.99,2019-11-02 19:56:00,"418 Highland St, New York City, NY 10001",November
290690,ThinkPad Laptop,1,999.99,2019-11-22 12:51:00,"163 Dogwood St, New York City, NY 10001",November
291321,ThinkPad Laptop,1,999.99,2019-11-27 13:58:00,"253 South St, Boston, MA 02215",November
284020,ThinkPad Laptop,1,999.99,2019-11-12 07:32:00,"203 9th St, Los Angeles, CA 90001",November
289991,ThinkPad Laptop,1,999.99,2019-11-08 08:23:00,"578 Main St, New York City, NY 10001",November
292664,ThinkPad Laptop,1,999.99,2019-11-13 23:37:00,"454 River St, Atlanta, GA 30301",November
279343,ThinkPad Laptop,1,999.99,2019-11-02 22:13:00,"157 7th St, Los Angeles, CA 90001",November
293265,ThinkPad Laptop,1,999.99,2019-11-18 09:10:00,"824 Madison St, San Francisco, CA 94016",November
285025,ThinkPad Laptop,1,999.99,2019-11-07 23:34:00,"176 North St, San Francisco, CA 94016",November
287230,ThinkPad Laptop,1,999.99,2019-11-09 19:30:00,"465 4th St, Los Angeles, CA 90001",November
287249,ThinkPad Laptop,1,999.99,2019-11-27 13:46:00,"508 Johnson St, Portland, OR 97035",November
282078,ThinkPad Laptop,1,999.99,2019-11-10 09:45:00,"161 Meadow St, Los Angeles, CA 90001",November
285691,ThinkPad Laptop,1,999.99,2019-11-10 16:01:00,"31 7th St, Los Angeles, CA 90001",November
278948,ThinkPad Laptop,1,999.99,2019-11-17 15:17:00,"464 Chestnut St, Boston, MA 02215",November
292021,ThinkPad Laptop,1,999.99,2019-11-10 22:13:00,"480 Hill St, New York City, NY 10001",November
282816,ThinkPad Laptop,1,999.99,2019-11-06 22:35:00,"573 River St, Boston, MA 02215",November
284154,ThinkPad Laptop,1,999.99,2019-11-17 19:14:00,"489 Elm St, Seattle, WA 98101",November
284849,ThinkPad Laptop,1,999.99,2019-11-15 08:46:00,"620 Maple St, Austin, TX 73301",November
286834,ThinkPad Laptop,1,999.99,2019-11-23 10:48:00,"485 Meadow St, Portland, OR 97035",November
287113,ThinkPad Laptop,1,999.99,2019-11-23 16:11:00,"566 Center St, Los Angeles, CA 90001",November
290680,ThinkPad Laptop,1,999.99,2019-11-22 19:42:00,"354 6th St, Seattle, WA 98101",November
291688,ThinkPad Laptop,1,999.99,2019-11-01 08:51:00,"888 2nd St, San Francisco, CA 94016",November
293921,ThinkPad Laptop,1,999.99,2019-11-28 14:48:00,"185 Main St, Boston, MA 02215",November
294810,ThinkPad Laptop,1,999.99,2019-11-15 12:40:00,"739 1st St, Portland, OR 97035",November
288181,ThinkPad Laptop,1,999.99,2019-11-24 23:17:00,"783 Center St, New York City, NY 10001",November
292790,ThinkPad Laptop,1,999.99,2019-11-19 08:00:00,"999 Elm St, New York City, NY 10001",November
279807,ThinkPad Laptop,1,999.99,2019-11-25 13:59:00,"286 Hickory St, Los Angeles, CA 90001",November
282125,ThinkPad Laptop,1,999.99,2019-11-13 21:30:00,"370 Spruce St, Dallas, TX 75001",November
280314,ThinkPad Laptop,1,999.99,2019-11-18 17:01:00,"621 13th St, Dallas, TX 75001",November
290163,ThinkPad Laptop,1,999.99,2019-11-18 14:20:00,"200 Jefferson St, San Francisco, CA 94016",November
291093,ThinkPad Laptop,1,999.99,2019-11-12 20:42:00,"659 13th St, Los Angeles, CA 90001",November
294576,ThinkPad Laptop,1,999.99,2019-11-24 17:57:00,"338 Elm St, Boston, MA 02215",November
280989,ThinkPad Laptop,1,999.99,2019-11-07 19:49:00,"559 6th St, Portland, ME 04101",November
290547,ThinkPad Laptop,1,999.99,2019-11-22 19:16:00,"509 14th St, Dallas, TX 75001",November
290600,ThinkPad Laptop,1,999.99,2019-11-25 11:50:00,"131 Forest St, San Francisco, CA 94016",November
285472,ThinkPad Laptop,1,999.99,2019-11-09 14:10:00,"119 Johnson St, Dallas, TX 75001",November
290630,ThinkPad Laptop,1,999.99,2019-11-02 21:24:00,"675 Elm St, Boston, MA 02215",November
291392,ThinkPad Laptop,1,999.99,2019-11-12 13:02:00,"139 Main St, Los Angeles, CA 90001",November
291691,ThinkPad Laptop,1,999.99,2019-11-06 15:15:00,"386 South St, Boston, MA 02215",November
295414,ThinkPad Laptop,1,999.99,2019-11-07 15:33:00,"795 9th St, San Francisco, CA 94016",November
293002,ThinkPad Laptop,1,999.99,2019-11-28 21:56:00,"198 North St, San Francisco, CA 94016",November
281376,ThinkPad Laptop,1,999.99,2019-11-02 14:07:00,"920 11th St, Dallas, TX 75001",November
282448,ThinkPad Laptop,1,999.99,2019-11-07 23:48:00,"592 Pine St, Seattle, WA 98101",November
288312,ThinkPad Laptop,1,999.99,2019-11-07 10:40:00,"395 1st St, San Francisco, CA 94016",November
279310,ThinkPad Laptop,1,999.99,2019-11-02 18:19:00,"118 2nd St, New York City, NY 10001",November
284640,ThinkPad Laptop,1,999.99,2019-11-03 10:19:00,"829 Hickory St, San Francisco, CA 94016",November
278807,ThinkPad Laptop,1,999.99,2019-11-25 21:52:00,"240 Elm St, Austin, TX 73301",November
289418,ThinkPad Laptop,1,999.99,2019-11-06 21:13:00,"428 11th St, Boston, MA 02215",November
293051,ThinkPad Laptop,1,999.99,2019-11-14 08:32:00,"306 4th St, Seattle, WA 98101",November
290691,ThinkPad Laptop,1,999.99,2019-11-14 17:13:00,"537 Dogwood St, San Francisco, CA 94016",November
286922,ThinkPad Laptop,1,999.99,2019-11-30 22:56:00,"112 Forest St, Los Angeles, CA 90001",November
289494,ThinkPad Laptop,1,999.99,2019-11-28 10:00:00,"530 Hill St, Austin, TX 73301",November
294781,ThinkPad Laptop,1,999.99,2019-11-06 20:57:00,"614 Forest St, Dallas, TX 75001",November
299443,ThinkPad Laptop,1,999.99,2019-12-12 14:32:00,"776 Sunset St, New York City, NY 10001",December
300875,ThinkPad Laptop,1,999.99,2019-12-27 23:08:00,"684 River St, Los Angeles, CA 90001",December
303796,ThinkPad Laptop,1,999.99,2019-12-25 12:42:00,"925 Wilson St, Portland, OR 97035",December
315899,ThinkPad Laptop,1,999.99,2019-12-21 15:21:00,"561 South St, Austin, TX 73301",December
295852,ThinkPad Laptop,1,999.99,2019-12-24 20:52:00,"639 Sunset St, Los Angeles, CA 90001",December
299619,ThinkPad Laptop,1,999.99,2019-12-25 19:24:00,"481 Johnson St, Portland, OR 97035",December
307515,ThinkPad Laptop,1,999.99,2019-12-10 18:42:00,"311 11th St, Dallas, TX 75001",December
307863,ThinkPad Laptop,1,999.99,2019-12-01 13:08:00,"218 Highland St, San Francisco, CA 94016",December
315954,ThinkPad Laptop,1,999.99,2019-12-19 18:04:00,"646 Walnut St, Boston, MA 02215",December
297970,ThinkPad Laptop,1,999.99,2019-12-25 14:49:00,"646 Church St, San Francisco, CA 94016",December
301302,ThinkPad Laptop,1,999.99,2019-12-21 12:32:00,"140 Madison St, Los Angeles, CA 90001",December
301731,ThinkPad Laptop,1,999.99,2019-12-27 10:08:00,"865 Jefferson St, Dallas, TX 75001",December
303734,ThinkPad Laptop,1,999.99,2019-12-29 05:47:00,"612 Dogwood St, Seattle, WA 98101",December
305650,ThinkPad Laptop,1,999.99,2019-12-24 09:00:00,"166 Hickory St, New York City, NY 10001",December
308825,ThinkPad Laptop,1,999.99,2019-12-20 10:31:00,"68 Park St, Los Angeles, CA 90001",December
316608,ThinkPad Laptop,1,999.99,2019-12-03 12:35:00,"683 Elm St, San Francisco, CA 94016",December
309775,ThinkPad Laptop,1,999.99,2019-12-26 19:30:00,"809 Sunset St, Boston, MA 02215",December
318195,ThinkPad Laptop,1,999.99,2019-12-16 13:41:00,"909 Lincoln St, Seattle, WA 98101",December
310458,ThinkPad Laptop,1,999.99,2019-12-21 13:03:00,"829 Cedar St, San Francisco, CA 94016",December
310534,ThinkPad Laptop,1,999.99,2019-12-16 19:23:00,"258 Main St, New York City, NY 10001",December
177152,ThinkPad Laptop,1,999.99,2019-04-05 23:20:00,"587 9th St, Los Angeles, CA 90001",April
181541,ThinkPad Laptop,1,999.99,2019-04-09 16:59:00,"721 Madison St, Los Angeles, CA 90001",April
212438,ThinkPad Laptop,1,999.99,2019-06-05 22:48:00,"52 Main St, Los Angeles, CA 90001",June
226472,ThinkPad Laptop,1,999.99,2019-07-17 22:49:00,"888 Willow St, San Francisco, CA 94016",July
242124,ThinkPad Laptop,1,999.99,2019-08-18 13:09:00,"442 Church St, San Francisco, CA 94016",August
249923,ThinkPad Laptop,1,999.99,2019-09-11 10:42:00,"112 Maple St, San Francisco, CA 94016",September
275207,ThinkPad Laptop,1,999.99,2019-10-06 10:55:00,"100 7th St, San Francisco, CA 94016",October
262413,ThinkPad Laptop,1,999.99,2019-10-02 19:28:00,"775 Cedar St, Boston, MA 02215",October
267915,ThinkPad Laptop,1,999.99,2019-10-24 22:45:00,"562 West St, Boston, MA 02215",October
262472,ThinkPad Laptop,1,999.99,2019-10-05 12:55:00,"285 Park St, New York City, NY 10001",October
259973,ThinkPad Laptop,1,999.99,2019-10-20 16:43:00,"721 Cedar St, Dallas, TX 75001",October
285292,ThinkPad Laptop,1,999.99,2019-11-01 18:35:00,"846 North St, San Francisco, CA 94016",November
295546,ThinkPad Laptop,1,999.99,2019-11-07 14:15:00,"221 Walnut St, San Francisco, CA 94016",November
291048,ThinkPad Laptop,1,999.99,2019-11-27 17:50:00,"949 Church St, Atlanta, GA 30301",November
294110,ThinkPad Laptop,1,999.99,2019-11-10 14:59:00,"148 Hickory St, San Francisco, CA 94016",November
317041,ThinkPad Laptop,1,999.99,2019-12-22 15:42:00,"873 Washington St, Atlanta, GA 30301",December
302682,ThinkPad Laptop,1,999.99,2019-12-10 20:00:00,"790 Park St, Los Angeles, CA 90001",December
309920,ThinkPad Laptop,1,999.99,2019-12-15 12:01:00,"62 10th St, San Francisco, CA 94016",December
310470,ThinkPad Laptop,1,999.99,2019-12-26 09:48:00,"279 North St, Austin, TX 73301",December
317550,ThinkPad Laptop,1,999.99,2019-12-27 19:50:00,"740 5th St, New York City, NY 10001",December
301856,ThinkPad Laptop,1,999.99,2019-12-25 14:01:00,"538 8th St, Austin, TX 73301",December
303912,ThinkPad Laptop,1,999.99,2019-12-08 17:44:00,"341 8th St, San Francisco, CA 94016",December
298881,ThinkPad Laptop,1,999.99,2019-12-12 19:14:00,"481 Sunset St, Seattle, WA 98101",December
313476,ThinkPad Laptop,1,999.99,2019-12-14 22:55:00,"821 Lakeview St, Boston, MA 02215",December
300719,ThinkPad Laptop,1,999.99,2019-12-14 17:32:00,"486 Chestnut St, Dallas, TX 75001",December
311207,ThinkPad Laptop,1,999.99,2019-12-02 10:26:00,"728 Highland St, Los Angeles, CA 90001",December
307643,ThinkPad Laptop,1,999.99,2019-12-17 10:48:00,"460 4th St, Los Angeles, CA 90001",December
308383,ThinkPad Laptop,1,999.99,2019-12-19 21:52:00,"312 Dogwood St, Boston, MA 02215",December
314808,ThinkPad Laptop,1,999.99,2019-12-08 11:19:00,"110 7th St, Dallas, TX 75001",December
300846,ThinkPad Laptop,1,999.99,2019-12-16 16:59:00,"326 Ridge St, Boston, MA 02215",December
307753,ThinkPad Laptop,1,999.99,2019-12-05 17:42:00,"876 Madison St, Austin, TX 73301",December
295890,ThinkPad Laptop,1,999.99,2019-12-05 11:59:00,"254 Elm St, San Francisco, CA 94016",December
297637,ThinkPad Laptop,1,999.99,2019-12-16 13:23:00,"454 Lake St, Dallas, TX 75001",December
304130,ThinkPad Laptop,1,999.99,2019-12-31 13:44:00,"887 Wilson St, San Francisco, CA 94016",December
304276,ThinkPad Laptop,1,999.99,2019-12-15 06:07:00,"358 5th St, New York City, NY 10001",December
312106,ThinkPad Laptop,1,999.99,2019-12-20 07:22:00,"604 Washington St, Austin, TX 73301",December
319002,ThinkPad Laptop,1,999.99,2019-12-30 15:31:00,"850 River St, San Francisco, CA 94016",December
305133,ThinkPad Laptop,1,999.99,2019-12-26 13:40:00,"65 Madison St, Boston, MA 02215",December
307629,ThinkPad Laptop,1,999.99,2019-12-31 14:47:00,"714 6th St, Dallas, TX 75001",December
296942,ThinkPad Laptop,1,999.99,2019-12-07 23:13:00,"34 6th St, San Francisco, CA 94016",December
303045,ThinkPad Laptop,1,999.99,2019-12-12 09:57:00,"619 6th St, Austin, TX 73301",December
314082,ThinkPad Laptop,1,999.99,2019-12-31 14:56:00,"941 Ridge St, Boston, MA 02215",December
317518,ThinkPad Laptop,1,999.99,2019-12-16 11:29:00,"223 Elm St, Dallas, TX 75001",December
309591,ThinkPad Laptop,1,999.99,2019-12-28 20:35:00,"692 Maple St, Portland, ME 04101",December
317792,ThinkPad Laptop,1,999.99,2019-12-11 23:56:00,"532 13th St, San Francisco, CA 94016",December
317543,ThinkPad Laptop,1,999.99,2019-12-08 22:29:00,"986 8th St, Los Angeles, CA 90001",December
319604,ThinkPad Laptop,1,999.99,2019-12-13 01:30:00,"474 12th St, San Francisco, CA 94016",December
295990,ThinkPad Laptop,1,999.99,2019-12-16 22:08:00,"192 Chestnut St, Seattle, WA 98101",December
303816,ThinkPad Laptop,1,999.99,2019-12-24 10:22:00,"519 7th St, Atlanta, GA 30301",December
307780,ThinkPad Laptop,1,999.99,2019-12-29 07:12:00,"10 Pine St, San Francisco, CA 94016",December
308025,ThinkPad Laptop,1,999.99,2019-12-16 09:19:00,"774 6th St, New York City, NY 10001",December
308485,ThinkPad Laptop,1,999.99,2019-12-21 15:00:00,"175 Highland St, New York City, NY 10001",December
309139,ThinkPad Laptop,1,999.99,2019-12-08 17:51:00,"807 River St, Boston, MA 02215",December
311020,ThinkPad Laptop,1,999.99,2019-12-30 10:34:00,"296 Sunset St, New York City, NY 10001",December
316961,ThinkPad Laptop,1,999.99,2019-12-08 17:05:00,"875 West St, Dallas, TX 75001",December
301813,ThinkPad Laptop,1,999.99,2019-12-18 23:03:00,"616 Washington St, Atlanta, GA 30301",December
305681,ThinkPad Laptop,1,999.99,2019-12-03 16:33:00,"180 Lake St, Boston, MA 02215",December
312121,ThinkPad Laptop,1,999.99,2019-12-12 12:43:00,"788 Elm St, Los Angeles, CA 90001",December
317051,ThinkPad Laptop,1,999.99,2019-12-02 13:35:00,"517 Meadow St, Portland, ME 04101",December
302666,ThinkPad Laptop,1,999.99,2019-12-01 17:57:00,"762 Adams St, Los Angeles, CA 90001",December
304410,ThinkPad Laptop,1,999.99,2019-12-28 13:28:00,"214 Hickory St, Portland, ME 04101",December
304485,ThinkPad Laptop,1,999.99,2019-12-28 13:07:00,"390 Lake St, Dallas, TX 75001",December
312119,ThinkPad Laptop,1,999.99,2019-12-06 21:53:00,"635 Maple St, Atlanta, GA 30301",December
303613,ThinkPad Laptop,1,999.99,2019-12-18 17:00:00,"810 Jackson St, San Francisco, CA 94016",December
309898,ThinkPad Laptop,1,999.99,2019-12-29 16:45:00,"321 Park St, Los Angeles, CA 90001",December
314975,ThinkPad Laptop,1,999.99,2019-12-06 10:26:00,"746 11th St, Atlanta, GA 30301",December
296617,ThinkPad Laptop,1,999.99,2019-12-26 21:32:00,"248 Washington St, San Francisco, CA 94016",December
300730,ThinkPad Laptop,1,999.99,2019-12-07 20:53:00,"534 West St, New York City, NY 10001",December
304961,ThinkPad Laptop,1,999.99,2019-12-11 21:45:00,"981 River St, San Francisco, CA 94016",December
312305,ThinkPad Laptop,1,999.99,2019-12-10 10:07:00,"77 Hill St, Atlanta, GA 30301",December
313437,ThinkPad Laptop,1,999.99,2019-12-28 20:36:00,"454 5th St, Portland, ME 04101",December
318856,ThinkPad Laptop,1,999.99,2019-12-25 10:40:00,"904 Lakeview St, New York City, NY 10001",December
312096,ThinkPad Laptop,1,999.99,2019-12-10 15:28:00,"659 13th St, Atlanta, GA 30301",December
298667,ThinkPad Laptop,1,999.99,2019-12-30 13:38:00,"444 Elm St, San Francisco, CA 94016",December
306614,ThinkPad Laptop,1,999.99,2019-12-18 13:11:00,"566 Washington St, Seattle, WA 98101",December
311732,ThinkPad Laptop,1,999.99,2019-12-01 09:09:00,"399 Forest St, San Francisco, CA 94016",December
318343,ThinkPad Laptop,1,999.99,2019-12-20 07:55:00,"168 Jackson St, Portland, OR 97035",December
298002,ThinkPad Laptop,1,999.99,2019-12-17 21:17:00,"582 Hickory St, New York City, NY 10001",December
302568,ThinkPad Laptop,1,999.99,2019-12-02 21:14:00,"589 Meadow St, Austin, TX 73301",December
308524,ThinkPad Laptop,1,999.99,2019-12-06 10:33:00,"568 Spruce St, Atlanta, GA 30301",December
316266,ThinkPad Laptop,1,999.99,2019-12-04 07:09:00,"233 10th St, San Francisco, CA 94016",December
301629,ThinkPad Laptop,1,999.99,2019-12-22 14:05:00,"421 Chestnut St, Dallas, TX 75001",December
306701,ThinkPad Laptop,1,999.99,2019-12-07 17:40:00,"321 Pine St, San Francisco, CA 94016",December
311466,ThinkPad Laptop,1,999.99,2019-12-01 14:20:00,"126 Chestnut St, San Francisco, CA 94016",December
318585,ThinkPad Laptop,1,999.99,2019-12-03 23:31:00,"515 Wilson St, Seattle, WA 98101",December
296351,ThinkPad Laptop,1,999.99,2019-12-24 17:57:00,"168 10th St, Portland, ME 04101",December
302061,ThinkPad Laptop,1,999.99,2019-12-19 10:51:00,"924 Hill St, Boston, MA 02215",December
315557,ThinkPad Laptop,1,999.99,2019-12-18 19:17:00,"689 7th St, Los Angeles, CA 90001",December
297492,ThinkPad Laptop,1,999.99,2019-12-20 10:16:00,"999 1st St, New York City, NY 10001",December
303522,ThinkPad Laptop,1,999.99,2019-12-16 13:34:00,"674 Pine St, Portland, OR 97035",December
305579,ThinkPad Laptop,1,999.99,2019-12-16 14:32:00,"102 Hickory St, Los Angeles, CA 90001",December
309963,ThinkPad Laptop,1,999.99,2019-12-10 11:12:00,"922 Elm St, New York City, NY 10001",December
316038,ThinkPad Laptop,1,999.99,2019-12-18 14:09:00,"744 Dogwood St, Atlanta, GA 30301",December
316937,ThinkPad Laptop,1,999.99,2019-12-17 00:47:00,"368 Madison St, Atlanta, GA 30301",December
296483,ThinkPad Laptop,1,999.99,2019-12-16 08:33:00,"146 Cherry St, Atlanta, GA 30301",December
314407,ThinkPad Laptop,1,999.99,2019-12-17 20:09:00,"259 South St, Los Angeles, CA 90001",December
316792,ThinkPad Laptop,1,999.99,2019-12-14 19:52:00,"750 Dogwood St, Dallas, TX 75001",December
