Order ID,Product,Quantity Ordered,Price Each,Order Date,Purchase Address,Month
142032,Flatscreen TV,1,300.0,2019-01-14 09:14:00,"173 Jackson St, San Francisco, CA 94016",January
146499,Flatscreen TV,1,300.0,2019-01-19 17:31:00,"297 2nd St, San Francisco, CA 94016",January
146593,Flatscreen TV,1,300.0,2019-01-26 19:24:00,"837 Church St, San Francisco, CA 94016",January
147170,Flatscreen TV,1,300.0,2019-01-24 11:24:00,"877 Wilson St, Seattle, WA 98101",January
147292,Flatscreen TV,1,300.0,2019-01-15 12:20:00,"636 13th St, Boston, MA 02215",January
143920,Flatscreen TV,1,300.0,2019-01-11 19:05:00,"679 Maple St, Los Angeles, CA 90001",January
147457,Flatscreen TV,1,300.0,2019-01-28 18:22:00,"401 Park St, New York City, NY 10001",January
144521,Flatscreen TV,1,300.0,2019-01-03 18:07:00,"370 Maple St, San Francisco, CA 94016",January
150296,Flatscreen TV,1,300.0,2019-01-04 12:22:00,"958 9th St, New York City, NY 10001",January
142255,Flatscreen TV,1,300.0,2019-01-29 19:57:00,"568 Walnut St, San Francisco, CA 94016",January
143592,Flatscreen TV,1,300.0,2019-01-02 16:06:00,"411 Madison St, Los Angeles, CA 90001",January
143741,Flatscreen TV,1,300.0,2019-01-18 19:56:00,"488 Cherry St, Los Angeles, CA 90001",January
148907,Flatscreen TV,1,300.0,2019-01-23 20:47:00,"383 Church St, San Francisco, CA 94016",January
146974,Flatscreen TV,1,300.0,2019-01-12 13:28:00,"311 Pine St, Portland, ME 04101",January
149148,Flatscreen TV,1,300.0,2019-01-05 22:05:00,"835 Cedar St, San Francisco, CA 94016",January
146844,Flatscreen TV,1,300.0,2019-01-01 11:55:00,"593 Church St, New York City, NY 10001",January
147593,Flatscreen TV,1,300.0,2019-01-15 12:17:00,"73 Johnson St, San Francisco, CA 94016",January
147091,Flatscreen TV,1,300.0,2019-01-21 09:03:00,"225 Meadow St, San Francisco, CA 94016",January
143514,Flatscreen TV,1,300.0,2019-01-11 01:51:00,"586 Forest St, Boston, MA 02215",January
145626,Flatscreen TV,1,300.0,2019-01-19 14:19:00,"104 Johnson St, Los Angeles, CA 90001",January
146879,Flatscreen TV,1,300.0,2019-01-28 08:03:00,"758 12th St, Portland, OR 97035",January
145031,Flatscreen TV,1,300.0,2019-01-02 09:40:00,"156 5th St, Los Angeles, CA 90001",January
148921,Flatscreen TV,1,300.0,2019-01-12 00:20:00,"599 Lincoln St, San Francisco, CA 94016",January
141956,Flatscreen TV,1,300.0,2019-01-18 17:55:00,"5 Jefferson St, Dallas, TX 75001",January
142375,Flatscreen TV,1,300.0,2019-01-24 11:27:00,"138 Madison St, Los Angeles, CA 90001",January
142439,Flatscreen TV,1,300.0,2019-01-01 09:58:00,"635 Adams St, New York City, NY 10001",January
143442,Flatscreen TV,1,300.0,2019-01-05 13:26:00,"145 2nd St, Portland, OR 97035",January
141531,Flatscreen TV,1,300.0,2019-01-15 18:03:00,"252 Sunset St, New York City, NY 10001",January
146121,Flatscreen TV,1,300.0,2019-01-21 23:40:00,"494 4th St, New York City, NY 10001",January
147073,Flatscreen TV,1,300.0,2019-01-19 11:21:00,"789 8th St, New York City, NY 10001",January
146821,Flatscreen TV,1,300.0,2019-01-27 19:35:00,"572 4th St, San Francisco, CA 94016",January
146857,Flatscreen TV,1,300.0,2019-01-01 12:35:00,"312 Cherry St, Atlanta, GA 30301",January
144671,Flatscreen TV,1,300.0,2019-01-18 21:32:00,"560 Dogwood St, New York City, NY 10001",January
147437,Flatscreen TV,1,300.0,2019-01-26 19:12:00,"788 Park St, New York City, NY 10001",January
143947,Flatscreen TV,1,300.0,2019-01-17 13:14:00,"899 Lakeview St, Dallas, TX 75001",January
152458,Flatscreen TV,1,300.0,2019-02-17 20:33:00,"233 Elm St, Los Angeles, CA 90001",February
153602,Flatscreen TV,1,300.0,2019-02-13 07:29:00,"975 9th St, New York City, NY 10001",February
157297,Flatscreen TV,1,300.0,2019-02-23 15:33:00,"15 Jackson St, Portland, OR 97035",February
157707,Flatscreen TV,1,300.0,2019-02-16 11:38:00,"925 Forest St, Atlanta, GA 30301",February
155663,Flatscreen TV,1,300.0,2019-02-20 17:48:00,"982 1st St, Dallas, TX 75001",February
155299,Flatscreen TV,1,300.0,2019-02-08 21:04:00,"6 Dogwood St, Dallas, TX 75001",February
156179,Flatscreen TV,1,300.0,2019-02-26 18:34:00,"894 Highland St, San Francisco, CA 94016",February
157527,Flatscreen TV,1,300.0,2019-02-27 10:36:00,"964 Madison St, Dallas, TX 75001",February
158469,Flatscreen TV,1,300.0,2019-02-22 14:54:00,"805 8th St, Los Angeles, CA 90001",February
150521,Flatscreen TV,1,300.0,2019-02-27 20:07:00,"588 1st St, Los Angeles, CA 90001",February
152156,Flatscreen TV,1,300.0,2019-02-05 10:36:00,"999 Adams St, Dallas, TX 75001",February
155333,Flatscreen TV,1,300.0,2019-02-25 00:55:00,"638 10th St, San Francisco, CA 94016",February
157212,Flatscreen TV,1,300.0,2019-02-28 21:42:00,"988 River St, San Francisco, CA 94016",February
157912,Flatscreen TV,1,300.0,2019-02-17 21:15:00,"522 Pine St, Los Angeles, CA 90001",February
159090,Flatscreen TV,1,300.0,2019-02-07 06:27:00,"505 4th St, Seattle, WA 98101",February
158090,Flatscreen TV,1,300.0,2019-02-16 01:59:00,"492 Jefferson St, Boston, MA 02215",February
158671,Flatscreen TV,1,300.0,2019-02-17 17:19:00,"221 Walnut St, Atlanta, GA 30301",February
155745,Flatscreen TV,1,300.0,2019-02-23 20:58:00,"738 Dogwood St, San Francisco, CA 94016",February
155812,Flatscreen TV,1,300.0,2019-02-06 07:49:00,"824 Meadow St, San Francisco, CA 94016",February
160084,Flatscreen TV,1,300.0,2019-02-09 16:41:00,"374 Cherry St, Boston, MA 02215",February
155811,Flatscreen TV,1,300.0,2019-02-15 18:24:00,"503 Pine St, New York City, NY 10001",February
152639,Flatscreen TV,1,300.0,2019-02-13 14:05:00,"874 2nd St, San Francisco, CA 94016",February
152872,Flatscreen TV,1,300.0,2019-02-28 14:58:00,"185 Ridge St, Los Angeles, CA 90001",February
161425,Flatscreen TV,1,300.0,2019-02-06 15:01:00,"511 Jackson St, Austin, TX 73301",February
151286,Flatscreen TV,1,300.0,2019-02-03 15:08:00,"590 South St, Atlanta, GA 30301",February
157894,Flatscreen TV,1,300.0,2019-02-02 15:21:00,"380 Hickory St, New York City, NY 10001",February
160670,Flatscreen TV,1,300.0,2019-02-03 15:18:00,"652 Spruce St, Portland, OR 97035",February
152154,Flatscreen TV,1,300.0,2019-02-09 20:37:00,"580 11th St, New York City, NY 10001",February
156510,Flatscreen TV,1,300.0,2019-02-21 16:47:00,"337 Adams St, Seattle, WA 98101",February
157067,Flatscreen TV,1,300.0,2019-02-01 17:19:00,"938 8th St, Portland, ME 04101",February
152115,Flatscreen TV,1,300.0,2019-02-06 14:44:00,"161 11th St, New York City, NY 10001",February
154083,Flatscreen TV,1,300.0,2019-02-16 18:40:00,"194 Dogwood St, Seattle, WA 98101",February
154285,Flatscreen TV,1,300.0,2019-02-16 17:50:00,"773 Washington St, San Francisco, CA 94016",February
156587,Flatscreen TV,1,300.0,2019-02-24 11:41:00,"972 Jackson St, Dallas, TX 75001",February
151471,Flatscreen TV,1,300.0,2019-02-09 13:34:00,"602 13th St, Atlanta, GA 30301",February
160778,Flatscreen TV,1,300.0,2019-02-21 11:14:00,"870 5th St, New York City, NY 10001",February
158623,Flatscreen TV,1,300.0,2019-02-14 21:00:00,"392 10th St, Portland, OR 97035",February
161432,Flatscreen TV,1,300.0,2019-02-24 15:24:00,"130 Walnut St, San Francisco, CA 94016",February
151897,Flatscreen TV,1,300.0,2019-02-28 17:02:00,"56 Lake St, New York City, NY 10001",February
153069,Flatscreen TV,2,300.0,2019-02-17 20:41:00,"320 Lake St, New York City, NY 10001",February
156154,Flatscreen TV,1,300.0,2019-02-25 14:22:00,"160 8th St, Los Angeles, CA 90001",February
157486,Flatscreen TV,1,300.0,2019-02-10 13:06:00,"545 Adams St, Dallas, TX 75001",February
157592,Flatscreen TV,1,300.0,2019-02-04 19:58:00,"647 Pine St, Portland, ME 04101",February
159378,Flatscreen TV,1,300.0,2019-02-09 21:26:00,"256 Madison St, San Francisco, CA 94016",February
160601,Flatscreen TV,1,300.0,2019-02-02 09:24:00,"909 Center St, Los Angeles, CA 90001",February
153520,Flatscreen TV,1,300.0,2019-02-17 22:05:00,"487 South St, San Francisco, CA 94016",February
155061,Flatscreen TV,1,300.0,2019-02-14 12:25:00,"49 13th St, San Francisco, CA 94016",February
155157,Flatscreen TV,1,300.0,2019-02-22 21:32:00,"902 8th St, Seattle, WA 98101",February
160822,Flatscreen TV,1,300.0,2019-02-26 20:09:00,"315 7th St, Dallas, TX 75001",February
152307,Flatscreen TV,1,300.0,2019-02-03 11:14:00,"595 9th St, Boston, MA 02215",February
154646,Flatscreen TV,1,300.0,2019-02-06 19:08:00,"470 Elm St, Austin, TX 73301",February
161389,Flatscreen TV,1,300.0,2019-02-06 18:40:00,"765 14th St, Dallas, TX 75001",February
165208,Flatscreen TV,1,300.0,2019-03-27 18:13:00,"292 Forest St, San Francisco, CA 94016",March
175633,Flatscreen TV,1,300.0,2019-03-19 14:36:00,"209 Spruce St, Portland, OR 97035",March
163130,Flatscreen TV,1,300.0,2019-03-03 19:49:00,"341 South St, Boston, MA 02215",March
164991,Flatscreen TV,1,300.0,2019-03-07 18:25:00,"983 Willow St, San Francisco, CA 94016",March
167076,Flatscreen TV,1,300.0,2019-03-31 18:41:00,"796 Johnson St, Los Angeles, CA 90001",March
163953,Flatscreen TV,1,300.0,2019-03-10 15:01:00,"132 River St, Boston, MA 02215",March
170353,Flatscreen TV,1,300.0,2019-03-30 17:39:00,"617 Walnut St, Los Angeles, CA 90001",March
173160,Flatscreen TV,1,300.0,2019-03-29 21:16:00,"394 Chestnut St, Portland, ME 04101",March
174331,Flatscreen TV,1,300.0,2019-03-10 17:00:00,"151 Washington St, New York City, NY 10001",March
163913,Flatscreen TV,1,300.0,2019-03-24 12:20:00,"131 7th St, Boston, MA 02215",March
169695,Flatscreen TV,1,300.0,2019-03-21 10:50:00,"248 Wilson St, Boston, MA 02215",March
172279,Flatscreen TV,1,300.0,2019-03-27 13:52:00,"487 Willow St, Los Angeles, CA 90001",March
170970,Flatscreen TV,1,300.0,2019-03-12 11:41:00,"58 8th St, New York City, NY 10001",March
171486,Flatscreen TV,1,300.0,2019-03-13 18:38:00,"968 7th St, New York City, NY 10001",March
173053,Flatscreen TV,1,300.0,2019-03-16 22:16:00,"767 Cherry St, Boston, MA 02215",March
164921,Flatscreen TV,1,300.0,2019-03-24 17:36:00,"125 Lincoln St, San Francisco, CA 94016",March
174066,Flatscreen TV,1,300.0,2019-03-22 10:04:00,"217 Park St, San Francisco, CA 94016",March
173935,Flatscreen TV,1,300.0,2019-03-17 11:39:00,"139 2nd St, Atlanta, GA 30301",March
171984,Flatscreen TV,1,300.0,2019-03-14 20:15:00,"961 Spruce St, Seattle, WA 98101",March
172333,Flatscreen TV,1,300.0,2019-03-05 19:44:00,"483 North St, New York City, NY 10001",March
175144,Flatscreen TV,1,300.0,2019-03-13 15:20:00,"764 Hickory St, Boston, MA 02215",March
167802,Flatscreen TV,1,300.0,2019-03-31 22:37:00,"538 Spruce St, Los Angeles, CA 90001",March
174449,Flatscreen TV,1,300.0,2019-03-05 21:50:00,"603 Jefferson St, San Francisco, CA 94016",March
166237,Flatscreen TV,1,300.0,2019-03-29 14:17:00,"884 Forest St, Atlanta, GA 30301",March
167055,Flatscreen TV,1,300.0,2019-03-11 00:08:00,"535 Cedar St, Dallas, TX 75001",March
166682,Flatscreen TV,1,300.0,2019-03-04 08:53:00,"679 Lakeview St, Seattle, WA 98101",March
171665,Flatscreen TV,1,300.0,2019-03-27 23:23:00,"581 River St, Seattle, WA 98101",March
164874,Flatscreen TV,1,300.0,2019-03-04 08:13:00,"750 5th St, San Francisco, CA 94016",March
170176,Flatscreen TV,1,300.0,2019-03-02 21:33:00,"948 Forest St, New York City, NY 10001",March
175650,Flatscreen TV,1,300.0,2019-03-14 12:45:00,"766 Dogwood St, Dallas, TX 75001",March
163054,Flatscreen TV,1,300.0,2019-03-03 14:14:00,"327 13th St, San Francisco, CA 94016",March
163171,Flatscreen TV,1,300.0,2019-03-29 08:51:00,"974 West St, Austin, TX 73301",March
164265,Flatscreen TV,1,300.0,2019-03-31 00:42:00,"362 Hill St, Los Angeles, CA 90001",March
167124,Flatscreen TV,1,300.0,2019-03-20 09:20:00,"666 Adams St, Seattle, WA 98101",March
163113,Flatscreen TV,1,300.0,2019-03-19 22:18:00,"842 Hill St, Boston, MA 02215",March
176543,Flatscreen TV,1,300.0,2019-03-09 15:49:00,"776 Spruce St, Los Angeles, CA 90001",March
166903,Flatscreen TV,1,300.0,2019-03-31 01:48:00,"402 Forest St, Boston, MA 02215",March
169898,Flatscreen TV,1,300.0,2019-03-27 19:27:00,"618 Sunset St, Boston, MA 02215",March
163214,Flatscreen TV,1,300.0,2019-03-04 19:43:00,"3 Spruce St, New York City, NY 10001",March
163742,Flatscreen TV,1,300.0,2019-03-03 12:29:00,"468 11th St, New York City, NY 10001",March
166275,Flatscreen TV,1,300.0,2019-03-19 18:14:00,"771 Church St, San Francisco, CA 94016",March
173852,Flatscreen TV,1,300.0,2019-03-25 15:10:00,"164 1st St, San Francisco, CA 94016",March
169049,Flatscreen TV,1,300.0,2019-03-10 11:31:00,"706 Maple St, Atlanta, GA 30301",March
169471,Flatscreen TV,1,300.0,2019-03-24 21:33:00,"72 Lakeview St, San Francisco, CA 94016",March
169561,Flatscreen TV,1,300.0,2019-03-11 19:44:00,"629 Madison St, San Francisco, CA 94016",March
172681,Flatscreen TV,1,300.0,2019-03-21 18:10:00,"175 1st St, San Francisco, CA 94016",March
171587,Flatscreen TV,1,300.0,2019-03-25 13:46:00,"779 1st St, Dallas, TX 75001",March
173649,Flatscreen TV,1,300.0,2019-03-18 10:17:00,"303 Johnson St, San Francisco, CA 94016",March
164532,Flatscreen TV,1,300.0,2019-03-10 21:47:00,"929 Cedar St, Atlanta, GA 30301",March
165840,Flatscreen TV,1,300.0,2019-03-01 08:59:00,"223 4th St, Atlanta, GA 30301",March
173489,Flatscreen TV,1,300.0,2019-03-12 01:21:00,"98 10th St, New York City, NY 10001",March
162984,Flatscreen TV,1,300.0,2019-03-06 11:51:00,"675 Pine St, New York City, NY 10001",March
172031,Flatscreen TV,1,300.0,2019-03-14 18:43:00,"423 2nd St, New York City, NY 10001",March
175184,Flatscreen TV,1,300.0,2019-03-10 20:16:00,"640 Wilson St, Boston, MA 02215",March
175405,Flatscreen TV,1,300.0,2019-03-04 20:05:00,"726 Elm St, San Francisco, CA 94016",March
165552,Flatscreen TV,1,300.0,2019-03-30 08:41:00,"247 Madison St, New York City, NY 10001",March
174871,Flatscreen TV,1,300.0,2019-03-26 17:42:00,"151 North St, San Francisco, CA 94016",March
162842,Flatscreen TV,1,300.0,2019-03-14 14:17:00,"882 South St, New York City, NY 10001",March
185784,Flatscreen TV,1,300.0,2019-04-27 19:03:00,"370 Ridge St, New York City, NY 10001",April
189446,Flatscreen TV,1,300.0,2019-04-03 22:38:00,"944 Lake St, Los Angeles, CA 90001",April
190117,Flatscreen TV,1,300.0,2019-04-17 19:08:00,"612 North St, Boston, MA 02215",April
193171,Flatscreen TV,1,300.0,2019-04-06 18:50:00,"354 5th St, Los Angeles, CA 90001",April
177236,Flatscreen TV,1,300.0,2019-04-25 18:52:00,"388 2nd St, Los Angeles, CA 90001",April
185054,Flatscreen TV,1,300.0,2019-04-08 20:59:00,"671 7th St, New York City, NY 10001",April
186631,Flatscreen TV,1,300.0,2019-04-24 15:53:00,"26 5th St, Seattle, WA 98101",April
189566,Flatscreen TV,1,300.0,2019-04-03 22:36:00,"77 Lakeview St, New York City, NY 10001",April
185982,Flatscreen TV,1,300.0,2019-04-07 09:52:00,"409 Elm St, Dallas, TX 75001",April
186441,Flatscreen TV,1,300.0,2019-04-03 06:52:00,"849 Spruce St, Los Angeles, CA 90001",April
177514,Flatscreen TV,1,300.0,2019-04-05 15:40:00,"625 Wilson St, Atlanta, GA 30301",April
187660,Flatscreen TV,1,300.0,2019-04-28 15:03:00,"902 7th St, Atlanta, GA 30301",April
176619,Flatscreen TV,1,300.0,2019-04-16 18:37:00,"116 North St, Los Angeles, CA 90001",April
179544,Flatscreen TV,1,300.0,2019-04-03 16:22:00,"791 Pine St, San Francisco, CA 94016",April
181478,Flatscreen TV,1,300.0,2019-04-16 20:42:00,"702 12th St, Portland, OR 97035",April
181751,Flatscreen TV,1,300.0,2019-04-27 20:49:00,"709 Sunset St, Atlanta, GA 30301",April
183250,Flatscreen TV,1,300.0,2019-04-20 11:57:00,"769 12th St, San Francisco, CA 94016",April
178239,Flatscreen TV,1,300.0,2019-04-01 14:57:00,"192 Madison St, Dallas, TX 75001",April
180011,Flatscreen TV,1,300.0,2019-04-09 12:56:00,"780 Forest St, San Francisco, CA 94016",April
185220,Flatscreen TV,1,300.0,2019-04-12 01:41:00,"544 Johnson St, Austin, TX 73301",April
193088,Flatscreen TV,1,300.0,2019-04-25 19:43:00,"964 Washington St, Dallas, TX 75001",April
182514,Flatscreen TV,1,300.0,2019-04-08 19:28:00,"536 Jefferson St, Atlanta, GA 30301",April
184412,Flatscreen TV,1,300.0,2019-04-07 07:51:00,"582 6th St, Atlanta, GA 30301",April
178358,Flatscreen TV,1,300.0,2019-04-05 17:20:00,"883 South St, Seattle, WA 98101",April
180137,Flatscreen TV,1,300.0,2019-04-26 12:02:00,"664 Ridge St, Austin, TX 73301",April
187455,Flatscreen TV,1,300.0,2019-04-19 21:23:00,"371 Pine St, New York City, NY 10001",April
181752,Flatscreen TV,1,300.0,2019-04-06 22:18:00,"631 Church St, Los Angeles, CA 90001",April
184418,Flatscreen TV,1,300.0,2019-04-26 21:47:00,"341 12th St, Los Angeles, CA 90001",April
185903,Flatscreen TV,1,300.0,2019-04-19 09:02:00,"374 Forest St, New York City, NY 10001",April
185222,Flatscreen TV,1,300.0,2019-04-04 19:49:00,"172 River St, Boston, MA 02215",April
189437,Flatscreen TV,1,300.0,2019-04-15 13:16:00,"950 Willow St, Dallas, TX 75001",April
188116,Flatscreen TV,1,300.0,2019-04-23 05:50:00,"664 5th St, Los Angeles, CA 90001",April
190613,Flatscreen TV,1,300.0,2019-04-02 13:24:00,"528 Center St, Seattle, WA 98101",April
191413,Flatscreen TV,1,300.0,2019-04-28 17:28:00,"201 Lincoln St, New York City, NY 10001",April
177184,Flatscreen TV,1,300.0,2019-04-01 16:49:00,"289 Hill St, Atlanta, GA 30301",April
179498,Flatscreen TV,1,300.0,2019-04-17 19:20:00,"36 Cherry St, Boston, MA 02215",April
188119,Flatscreen TV,1,300.0,2019-04-09 08:06:00,"668 Lakeview St, Seattle, WA 98101",April
181086,Flatscreen TV,1,300.0,2019-04-25 16:20:00,"922 Washington St, Austin, TX 73301",April
183321,Flatscreen TV,1,300.0,2019-04-05 20:25:00,"608 Ridge St, San Francisco, CA 94016",April
185568,Flatscreen TV,1,300.0,2019-04-21 16:37:00,"568 Willow St, Los Angeles, CA 90001",April
188776,Flatscreen TV,1,300.0,2019-04-09 11:59:00,"312 South St, Los Angeles, CA 90001",April
190442,Flatscreen TV,1,300.0,2019-04-30 10:57:00,"325 Cedar St, Austin, TX 73301",April
191035,Flatscreen TV,1,300.0,2019-04-09 19:41:00,"888 Cedar St, New York City, NY 10001",April
193227,Flatscreen TV,1,300.0,2019-04-01 14:05:00,"114 River St, Austin, TX 73301",April
178221,Flatscreen TV,1,300.0,2019-04-21 11:21:00,"722 13th St, Boston, MA 02215",April
186568,Flatscreen TV,1,300.0,2019-04-08 04:42:00,"697 5th St, San Francisco, CA 94016",April
183489,Flatscreen TV,1,300.0,2019-04-08 12:39:00,"374 1st St, San Francisco, CA 94016",April
185911,Flatscreen TV,1,300.0,2019-04-11 08:48:00,"364 Meadow St, Los Angeles, CA 90001",April
189684,Flatscreen TV,1,300.0,2019-04-25 12:30:00,"327 Chestnut St, Atlanta, GA 30301",April
177083,Flatscreen TV,1,300.0,2019-04-12 12:45:00,"876 Cedar St, New York City, NY 10001",April
185118,Flatscreen TV,1,300.0,2019-04-12 00:13:00,"200 5th St, Los Angeles, CA 90001",April
184436,Flatscreen TV,1,300.0,2019-04-02 11:37:00,"473 Forest St, Atlanta, GA 30301",April
185346,Flatscreen TV,1,300.0,2019-04-23 17:37:00,"29 14th St, Los Angeles, CA 90001",April
180802,Flatscreen TV,1,300.0,2019-04-04 12:26:00,"776 Elm St, New York City, NY 10001",April
184791,Flatscreen TV,1,300.0,2019-04-04 12:23:00,"478 12th St, Boston, MA 02215",April
193110,Flatscreen TV,1,300.0,2019-04-18 09:35:00,"66 South St, San Francisco, CA 94016",April
177128,Flatscreen TV,1,300.0,2019-04-03 20:10:00,"162 14th St, Los Angeles, CA 90001",April
180668,Flatscreen TV,1,300.0,2019-04-03 16:13:00,"453 1st St, New York City, NY 10001",April
182049,Flatscreen TV,1,300.0,2019-04-17 11:35:00,"213 1st St, New York City, NY 10001",April
182583,Flatscreen TV,1,300.0,2019-04-19 12:41:00,"495 Johnson St, Portland, OR 97035",April
187290,Flatscreen TV,1,300.0,2019-04-23 23:42:00,"475 Lake St, New York City, NY 10001",April
181084,Flatscreen TV,1,300.0,2019-04-07 21:36:00,"1 Walnut St, Boston, MA 02215",April
188117,Flatscreen TV,1,300.0,2019-04-12 20:50:00,"599 Madison St, Atlanta, GA 30301",April
191237,Flatscreen TV,1,300.0,2019-04-07 09:08:00,"863 Meadow St, Atlanta, GA 30301",April
188511,Flatscreen TV,1,300.0,2019-04-23 19:36:00,"331 10th St, Los Angeles, CA 90001",April
188973,Flatscreen TV,1,300.0,2019-04-12 15:35:00,"659 Chestnut St, Portland, OR 97035",April
190392,Flatscreen TV,1,300.0,2019-04-09 19:00:00,"466 Hill St, San Francisco, CA 94016",April
183768,Flatscreen TV,1,300.0,2019-04-22 19:55:00,"212 Pine St, San Francisco, CA 94016",April
189184,Flatscreen TV,1,300.0,2019-04-02 11:54:00,"156 7th St, San Francisco, CA 94016",April
195950,Flatscreen TV,1,300.0,2019-05-19 17:24:00,"997 Spruce St, Los Angeles, CA 90001",May
196804,Flatscreen TV,1,300.0,2019-05-20 09:12:00,"680 Park St, Boston, MA 02215",May
203122,Flatscreen TV,1,300.0,2019-05-26 11:52:00,"541 Ridge St, New York City, NY 10001",May
204734,Flatscreen TV,1,300.0,2019-05-13 21:12:00,"307 14th St, San Francisco, CA 94016",May
207869,Flatscreen TV,1,300.0,2019-05-24 08:09:00,"661 Willow St, Portland, ME 04101",May
200167,Flatscreen TV,1,300.0,2019-05-03 13:03:00,"997 Highland St, Los Angeles, CA 90001",May
207986,Flatscreen TV,1,300.0,2019-05-04 20:35:00,"782 Maple St, New York City, NY 10001",May
200747,Flatscreen TV,1,300.0,2019-05-09 20:22:00,"1 Adams St, Boston, MA 02215",May
202510,Flatscreen TV,1,300.0,2019-05-26 10:01:00,"453 Pine St, San Francisco, CA 94016",May
204809,Flatscreen TV,1,300.0,2019-05-24 16:39:00,"750 6th St, Dallas, TX 75001",May
203152,Flatscreen TV,1,300.0,2019-05-03 10:54:00,"170 West St, Atlanta, GA 30301",May
209303,Flatscreen TV,1,300.0,2019-05-06 12:26:00,"815 Elm St, San Francisco, CA 94016",May
196377,Flatscreen TV,1,300.0,2019-05-30 20:27:00,"50 Walnut St, New York City, NY 10001",May
201579,Flatscreen TV,1,300.0,2019-05-09 19:01:00,"426 13th St, New York City, NY 10001",May
203717,Flatscreen TV,1,300.0,2019-05-13 12:33:00,"865 10th St, Los Angeles, CA 90001",May
205848,Flatscreen TV,1,300.0,2019-05-21 23:44:00,"643 Washington St, San Francisco, CA 94016",May
194811,Flatscreen TV,1,300.0,2019-05-20 06:17:00,"875 Maple St, Seattle, WA 98101",May
205172,Flatscreen TV,1,300.0,2019-05-27 04:50:00,"775 Lake St, San Francisco, CA 94016",May
207457,Flatscreen TV,1,300.0,2019-05-24 12:08:00,"467 4th St, New York City, NY 10001",May
209728,Flatscreen TV,1,300.0,2019-05-03 15:51:00,"11 South St, San Francisco, CA 94016",May
201483,Flatscreen TV,1,300.0,2019-05-03 10:37:00,"716 Spruce St, New York City, NY 10001",May
202273,Flatscreen TV,1,300.0,2019-05-30 19:22:00,"200 Lake St, Seattle, WA 98101",May
196567,Flatscreen TV,1,300.0,2019-05-14 10:24:00,"480 6th St, Portland, ME 04101",May
209785,Flatscreen TV,1,300.0,2019-05-17 12:21:00,"650 Johnson St, New York City, NY 10001",May
199593,Flatscreen TV,1,300.0,2019-05-15 13:20:00,"275 Lake St, San Francisco, CA 94016",May
194317,Flatscreen TV,1,300.0,2019-05-31 21:30:00,"493 Lincoln St, New York City, NY 10001",May
197661,Flatscreen TV,1,300.0,2019-05-27 15:49:00,"692 11th St, Boston, MA 02215",May
203578,Flatscreen TV,1,300.0,2019-05-20 08:46:00,"525 Chestnut St, Los Angeles, CA 90001",May
206662,Flatscreen TV,1,300.0,2019-05-08 14:53:00,"302 Hill St, New York City, NY 10001",May
199413,Flatscreen TV,1,300.0,2019-05-16 23:36:00,"585 North St, Los Angeles, CA 90001",May
207904,Flatscreen TV,1,300.0,2019-05-22 20:26:00,"572 11th St, Seattle, WA 98101",May
206659,Flatscreen TV,1,300.0,2019-05-08 04:58:00,"208 Main St, Portland, OR 97035",May
199203,Flatscreen TV,1,300.0,2019-05-01 11:46:00,"298 Ridge St, Los Angeles, CA 90001",May
195788,Flatscreen TV,1,300.0,2019-05-13 11:48:00,"834 Madison St, Atlanta, GA 30301",May
196037,Flatscreen TV,1,300.0,2019-05-18 21:25:00,"689 Sunset St, New York City, NY 10001",May
199438,Flatscreen TV,1,300.0,2019-05-02 17:24:00,"171 Walnut St, Boston, MA 02215",May
202766,Flatscreen TV,1,300.0,2019-05-24 22:33:00,"559 Elm St, San Francisco, CA 94016",May
203516,Flatscreen TV,1,300.0,2019-05-24 18:24:00,"938 Johnson St, San Francisco, CA 94016",May
204280,Flatscreen TV,1,300.0,2019-05-23 09:24:00,"580 7th St, Atlanta, GA 30301",May
197728,Flatscreen TV,1,300.0,2019-05-04 17:50:00,"996 14th St, San Francisco, CA 94016",May
207338,Flatscreen TV,1,300.0,2019-05-09 22:24:00,"504 1st St, Atlanta, GA 30301",May
199194,Flatscreen TV,1,300.0,2019-05-06 07:24:00,"965 Hill St, Boston, MA 02215",May
201931,Flatscreen TV,1,300.0,2019-05-11 00:13:00,"133 7th St, New York City, NY 10001",May
207197,Flatscreen TV,1,300.0,2019-05-23 09:23:00,"107 Cedar St, Los Angeles, CA 90001",May
196496,Flatscreen TV,1,300.0,2019-05-20 18:43:00,"369 11th St, Portland, OR 97035",May
197768,Flatscreen TV,1,300.0,2019-05-04 19:25:00,"812 Cedar St, San Francisco, CA 94016",May
201666,Flatscreen TV,1,300.0,2019-05-01 14:18:00,"525 Wilson St, Seattle, WA 98101",May
209888,Flatscreen TV,1,300.0,2019-05-04 17:11:00,"904 5th St, Los Angeles, CA 90001",May
199491,Flatscreen TV,1,300.0,2019-05-21 06:00:00,"75 Church St, San Francisco, CA 94016",May
205253,Flatscreen TV,1,300.0,2019-05-22 18:41:00,"846 7th St, San Francisco, CA 94016",May
194179,Flatscreen TV,1,300.0,2019-05-10 22:51:00,"143 Spruce St, Boston, MA 02215",May
201283,Flatscreen TV,1,300.0,2019-05-12 15:02:00,"239 Cedar St, Dallas, TX 75001",May
203298,Flatscreen TV,1,300.0,2019-05-22 19:31:00,"229 River St, Los Angeles, CA 90001",May
207259,Flatscreen TV,1,300.0,2019-05-31 09:07:00,"38 7th St, Los Angeles, CA 90001",May
199037,Flatscreen TV,1,300.0,2019-05-03 14:24:00,"292 North St, Boston, MA 02215",May
199223,Flatscreen TV,1,300.0,2019-05-03 19:50:00,"807 6th St, San Francisco, CA 94016",May
202451,Flatscreen TV,1,300.0,2019-05-19 02:37:00,"118 12th St, San Francisco, CA 94016",May
202831,Flatscreen TV,1,300.0,2019-05-27 17:37:00,"56 Hickory St, San Francisco, CA 94016",May
202915,Flatscreen TV,1,300.0,2019-05-13 16:29:00,"109 1st St, Atlanta, GA 30301",May
203969,Flatscreen TV,1,300.0,2019-05-07 17:41:00,"37 Pine St, Los Angeles, CA 90001",May
205676,Flatscreen TV,1,300.0,2019-05-22 16:32:00,"239 12th St, Los Angeles, CA 90001",May
200346,Flatscreen TV,1,300.0,2019-05-15 21:05:00,"366 10th St, Dallas, TX 75001",May
202055,Flatscreen TV,1,300.0,2019-05-31 09:44:00,"461 Washington St, San Francisco, CA 94016",May
207386,Flatscreen TV,1,300.0,2019-05-24 18:28:00,"772 Madison St, Dallas, TX 75001",May
204561,Flatscreen TV,1,300.0,2019-05-28 18:11:00,"609 10th St, Seattle, WA 98101",May
205499,Flatscreen TV,1,300.0,2019-05-05 11:40:00,"609 Elm St, Los Angeles, CA 90001",May
208190,Flatscreen TV,1,300.0,2019-05-28 15:09:00,"434 12th St, San Francisco, CA 94016",May
212323,Flatscreen TV,1,300.0,2019-06-27 18:48:00,"606 Ridge St, Boston, MA 02215",June
215733,Flatscreen TV,1,300.0,2019-06-05 13:49:00,"749 Maple St, San Francisco, CA 94016",June
216254,Flatscreen TV,1,300.0,2019-06-21 21:19:00,"217 Lincoln St, Los Angeles, CA 90001",June
216774,Flatscreen TV,1,300.0,2019-06-05 19:34:00,"232 Adams St, Dallas, TX 75001",June
210657,Flatscreen TV,1,300.0,2019-06-22 11:13:00,"989 Elm St, Atlanta, GA 30301",June
219302,Flatscreen TV,1,300.0,2019-06-05 17:46:00,"653 Madison St, San Francisco, CA 94016",June
213647,Flatscreen TV,1,300.0,2019-06-23 04:00:00,"493 Walnut St, Atlanta, GA 30301",June
216296,Flatscreen TV,1,300.0,2019-06-25 11:55:00,"445 11th St, Los Angeles, CA 90001",June
211475,Flatscreen TV,1,300.0,2019-06-10 12:56:00,"232 Park St, San Francisco, CA 94016",June
210042,Flatscreen TV,1,300.0,2019-06-21 06:28:00,"325 Park St, Portland, OR 97035",June
212641,Flatscreen TV,1,300.0,2019-06-03 05:12:00,"41 13th St, San Francisco, CA 94016",June
214395,Flatscreen TV,1,300.0,2019-06-10 13:47:00,"763 Main St, Austin, TX 73301",June
219473,Flatscreen TV,1,300.0,2019-06-11 07:50:00,"851 Pine St, San Francisco, CA 94016",June
217408,Flatscreen TV,1,300.0,2019-06-29 13:34:00,"354 West St, New York City, NY 10001",June
220720,Flatscreen TV,1,300.0,2019-06-04 07:37:00,"569 Chestnut St, San Francisco, CA 94016",June
221183,Flatscreen TV,1,300.0,2019-06-21 08:46:00,"546 Elm St, Boston, MA 02215",June
216757,Flatscreen TV,1,300.0,2019-06-06 15:30:00,"445 North St, Atlanta, GA 30301",June
222483,Flatscreen TV,1,300.0,2019-06-08 21:46:00,"362 2nd St, Portland, ME 04101",June
215723,Flatscreen TV,1,300.0,2019-06-07 15:22:00,"693 Forest St, New York City, NY 10001",June
217440,Flatscreen TV,1,300.0,2019-06-27 17:57:00,"991 Jackson St, Austin, TX 73301",June
217746,Flatscreen TV,1,300.0,2019-06-29 21:05:00,"897 Lakeview St, Portland, OR 97035",June
219004,Flatscreen TV,1,300.0,2019-06-19 21:27:00,"785 2nd St, San Francisco, CA 94016",June
218882,Flatscreen TV,1,300.0,2019-06-12 03:14:00,"27 Hill St, Los Angeles, CA 90001",June
218932,Flatscreen TV,1,300.0,2019-06-10 17:06:00,"283 Johnson St, Dallas, TX 75001",June
217851,Flatscreen TV,1,300.0,2019-06-27 12:52:00,"850 Ridge St, Los Angeles, CA 90001",June
213223,Flatscreen TV,1,300.0,2019-06-30 01:28:00,"369 River St, Austin, TX 73301",June
216877,Flatscreen TV,1,300.0,2019-06-21 14:46:00,"624 7th St, Boston, MA 02215",June
222184,Flatscreen TV,1,300.0,2019-06-25 11:35:00,"916 Center St, Los Angeles, CA 90001",June
212999,Flatscreen TV,1,300.0,2019-06-24 09:51:00,"197 West St, Portland, OR 97035",June
216408,Flatscreen TV,1,300.0,2019-06-20 16:52:00,"201 11th St, New York City, NY 10001",June
210622,Flatscreen TV,1,300.0,2019-06-23 22:44:00,"615 Cherry St, San Francisco, CA 94016",June
221343,Flatscreen TV,1,300.0,2019-06-10 21:14:00,"783 Jackson St, Seattle, WA 98101",June
213256,Flatscreen TV,1,300.0,2019-06-15 11:16:00,"489 Lincoln St, Atlanta, GA 30301",June
215292,Flatscreen TV,1,300.0,2019-06-08 17:45:00,"547 13th St, Boston, MA 02215",June
216526,Flatscreen TV,1,300.0,2019-06-07 17:28:00,"944 Ridge St, Los Angeles, CA 90001",June
216690,Flatscreen TV,1,300.0,2019-06-06 21:47:00,"766 12th St, Portland, OR 97035",June
213645,Flatscreen TV,1,300.0,2019-06-23 17:24:00,"391 South St, Dallas, TX 75001",June
212508,Flatscreen TV,1,300.0,2019-06-25 16:47:00,"893 Cherry St, Los Angeles, CA 90001",June
213491,Flatscreen TV,1,300.0,2019-06-23 07:55:00,"638 Park St, San Francisco, CA 94016",June
215832,Flatscreen TV,1,300.0,2019-06-16 17:50:00,"179 Maple St, San Francisco, CA 94016",June
212765,Flatscreen TV,1,300.0,2019-06-28 22:56:00,"212 Lake St, Portland, OR 97035",June
212931,Flatscreen TV,1,300.0,2019-06-06 13:39:00,"198 Meadow St, Dallas, TX 75001",June
215844,Flatscreen TV,1,300.0,2019-06-08 13:26:00,"60 10th St, San Francisco, CA 94016",June
211686,Flatscreen TV,1,300.0,2019-06-08 11:23:00,"919 6th St, Atlanta, GA 30301",June
214336,Flatscreen TV,1,300.0,2019-06-07 00:59:00,"983 Cherry St, Atlanta, GA 30301",June
214387,Flatscreen TV,1,300.0,2019-06-16 21:39:00,"949 Cedar St, Los Angeles, CA 90001",June
217922,Flatscreen TV,1,300.0,2019-06-13 02:23:00,"933 Spruce St, Boston, MA 02215",June
219610,Flatscreen TV,1,300.0,2019-06-30 12:10:00,"759 4th St, Boston, MA 02215",June
221667,Flatscreen TV,1,300.0,2019-06-27 09:30:00,"441 Hill St, Dallas, TX 75001",June
218801,Flatscreen TV,1,300.0,2019-06-11 14:34:00,"68 1st St, Dallas, TX 75001",June
220754,Flatscreen TV,1,300.0,2019-06-10 20:01:00,"757 5th St, Los Angeles, CA 90001",June
222816,Flatscreen TV,1,300.0,2019-06-27 21:52:00,"65 8th St, San Francisco, CA 94016",June
216934,Flatscreen TV,1,300.0,2019-06-05 15:48:00,"105 Lincoln St, Dallas, TX 75001",June
217385,Flatscreen TV,1,300.0,2019-06-15 14:25:00,"899 Park St, Los Angeles, CA 90001",June
219345,Flatscreen TV,1,300.0,2019-06-11 09:26:00,"972 4th St, Atlanta, GA 30301",June
220071,Flatscreen TV,1,300.0,2019-06-07 10:17:00,"639 12th St, Portland, OR 97035",June
221988,Flatscreen TV,1,300.0,2019-06-30 10:16:00,"790 5th St, Atlanta, GA 30301",June
219106,Flatscreen TV,1,300.0,2019-06-30 20:47:00,"324 Maple St, Austin, TX 73301",June
222423,Flatscreen TV,1,300.0,2019-06-08 15:31:00,"655 Highland St, San Francisco, CA 94016",June
222466,Flatscreen TV,1,300.0,2019-06-19 07:33:00,"118 14th St, Dallas, TX 75001",June
210396,Flatscreen TV,1,300.0,2019-06-09 19:34:00,"878 Forest St, Los Angeles, CA 90001",June
213946,Flatscreen TV,1,300.0,2019-06-25 12:57:00,"100 Center St, New York City, NY 10001",June
219433,Flatscreen TV,1,300.0,2019-06-14 08:30:00,"57 Washington St, San Francisco, CA 94016",June
212598,Flatscreen TV,1,300.0,2019-06-15 22:36:00,"880 Church St, Los Angeles, CA 90001",June
215038,Flatscreen TV,1,300.0,2019-06-04 10:59:00,"898 11th St, Boston, MA 02215",June
221001,Flatscreen TV,1,300.0,2019-06-12 14:05:00,"967 11th St, Boston, MA 02215",June
217505,Flatscreen TV,1,300.0,2019-06-24 18:20:00,"201 Cherry St, Boston, MA 02215",June
222472,Flatscreen TV,1,300.0,2019-06-20 18:36:00,"897 Adams St, San Francisco, CA 94016",June
210945,Flatscreen TV,1,300.0,2019-06-07 19:38:00,"636 West St, Atlanta, GA 30301",June
214472,Flatscreen TV,1,300.0,2019-06-25 12:49:00,"129 Dogwood St, Seattle, WA 98101",June
222138,Flatscreen TV,1,300.0,2019-06-07 20:23:00,"287 Walnut St, San Francisco, CA 94016",June
210744,Flatscreen TV,1,300.0,2019-06-26 11:33:00,"733 Jackson St, New York City, NY 10001",June
211770,Flatscreen TV,1,300.0,2019-06-05 01:46:00,"324 4th St, San Francisco, CA 94016",June
214343,Flatscreen TV,1,300.0,2019-06-08 10:37:00,"194 Sunset St, Boston, MA 02215",June
220056,Flatscreen TV,1,300.0,2019-06-17 10:14:00,"189 Adams St, San Francisco, CA 94016",June
221118,Flatscreen TV,1,300.0,2019-06-24 08:33:00,"878 River St, New York City, NY 10001",June
221700,Flatscreen TV,1,300.0,2019-06-09 17:38:00,"772 6th St, New York City, NY 10001",June
223459,Flatscreen TV,1,300.0,2019-07-19 12:47:00,"830 Main St, New York City, NY 10001",July
228476,Flatscreen TV,1,300.0,2019-07-20 12:28:00,"885 Sunset St, Atlanta, GA 30301",July
228372,Flatscreen TV,1,300.0,2019-07-10 23:15:00,"702 Wilson St, New York City, NY 10001",July
236017,Flatscreen TV,1,300.0,2019-07-15 20:15:00,"865 South St, Los Angeles, CA 90001",July
223863,Flatscreen TV,1,300.0,2019-07-14 10:21:00,"2 Church St, Los Angeles, CA 90001",July
226467,Flatscreen TV,1,300.0,2019-07-26 16:17:00,"771 Willow St, San Francisco, CA 94016",July
234419,Flatscreen TV,1,300.0,2019-07-22 17:17:00,"430 Park St, Atlanta, GA 30301",July
227372,Flatscreen TV,1,300.0,2019-07-01 21:29:00,"394 8th St, Los Angeles, CA 90001",July
228846,Flatscreen TV,1,300.0,2019-07-21 12:35:00,"515 Main St, Los Angeles, CA 90001",July
227684,Flatscreen TV,1,300.0,2019-07-19 13:20:00,"43 South St, San Francisco, CA 94016",July
236022,Flatscreen TV,1,300.0,2019-07-01 08:22:00,"831 Ridge St, Atlanta, GA 30301",July
228284,Flatscreen TV,1,300.0,2019-07-04 17:49:00,"347 Willow St, Seattle, WA 98101",July
225002,Flatscreen TV,1,300.0,2019-07-18 17:04:00,"1 Walnut St, Portland, ME 04101",July
228666,Flatscreen TV,1,300.0,2019-07-27 15:30:00,"691 Jackson St, San Francisco, CA 94016",July
223524,Flatscreen TV,1,300.0,2019-07-06 08:52:00,"196 West St, Boston, MA 02215",July
233402,Flatscreen TV,1,300.0,2019-07-27 14:40:00,"889 7th St, San Francisco, CA 94016",July
233853,Flatscreen TV,1,300.0,2019-07-16 14:01:00,"145 Pine St, San Francisco, CA 94016",July
233965,Flatscreen TV,1,300.0,2019-07-25 14:11:00,"220 Lincoln St, Los Angeles, CA 90001",July
234413,Flatscreen TV,1,300.0,2019-07-12 15:30:00,"567 South St, San Francisco, CA 94016",July
235461,Flatscreen TV,1,300.0,2019-07-06 16:09:00,"576 11th St, San Francisco, CA 94016",July
232799,Flatscreen TV,1,300.0,2019-07-11 19:48:00,"365 Wilson St, Seattle, WA 98101",July
235142,Flatscreen TV,1,300.0,2019-07-09 17:48:00,"972 Ridge St, Boston, MA 02215",July
223254,Flatscreen TV,1,300.0,2019-07-19 20:36:00,"144 Spruce St, Austin, TX 73301",July
226707,Flatscreen TV,1,300.0,2019-07-28 22:23:00,"119 Meadow St, Seattle, WA 98101",July
226723,Flatscreen TV,1,300.0,2019-07-12 23:42:00,"638 Cherry St, Seattle, WA 98101",July
229796,Flatscreen TV,1,300.0,2019-07-19 13:29:00,"478 Church St, San Francisco, CA 94016",July
230420,Flatscreen TV,1,300.0,2019-07-31 15:18:00,"104 Church St, Seattle, WA 98101",July
231152,Flatscreen TV,1,300.0,2019-07-06 06:10:00,"204 Wilson St, San Francisco, CA 94016",July
235937,Flatscreen TV,1,300.0,2019-07-07 20:01:00,"967 Jackson St, Los Angeles, CA 90001",July
223136,Flatscreen TV,1,300.0,2019-07-07 21:45:00,"339 12th St, San Francisco, CA 94016",July
225533,Flatscreen TV,1,300.0,2019-07-28 13:56:00,"880 River St, New York City, NY 10001",July
225188,Flatscreen TV,1,300.0,2019-07-31 02:58:00,"259 Forest St, San Francisco, CA 94016",July
227825,Flatscreen TV,1,300.0,2019-07-22 11:23:00,"565 Hill St, San Francisco, CA 94016",July
232127,Flatscreen TV,1,300.0,2019-07-19 12:33:00,"34 7th St, Portland, OR 97035",July
233371,Flatscreen TV,1,300.0,2019-07-07 20:04:00,"554 River St, Portland, OR 97035",July
224994,Flatscreen TV,1,300.0,2019-07-06 01:55:00,"492 12th St, Atlanta, GA 30301",July
225715,Flatscreen TV,1,300.0,2019-07-27 20:18:00,"14 West St, San Francisco, CA 94016",July
231692,Flatscreen TV,1,300.0,2019-07-12 14:27:00,"740 Chestnut St, Seattle, WA 98101",July
234011,Flatscreen TV,1,300.0,2019-07-06 22:49:00,"384 Cedar St, Atlanta, GA 30301",July
224155,Flatscreen TV,1,300.0,2019-07-16 11:26:00,"843 10th St, San Francisco, CA 94016",July
233956,Flatscreen TV,1,300.0,2019-07-22 20:51:00,"699 Meadow St, Boston, MA 02215",July
223751,Flatscreen TV,1,300.0,2019-07-03 00:43:00,"997 12th St, Atlanta, GA 30301",July
224581,Flatscreen TV,1,300.0,2019-07-11 18:06:00,"649 Pine St, New York City, NY 10001",July
224937,Flatscreen TV,1,300.0,2019-07-22 14:43:00,"325 Hill St, San Francisco, CA 94016",July
230436,Flatscreen TV,1,300.0,2019-07-22 20:40:00,"160 North St, Portland, OR 97035",July
232679,Flatscreen TV,1,300.0,2019-07-05 18:34:00,"371 9th St, Los Angeles, CA 90001",July
228720,Flatscreen TV,1,300.0,2019-07-07 10:13:00,"472 Forest St, New York City, NY 10001",July
222911,Flatscreen TV,1,300.0,2019-07-05 08:55:00,"590 4th St, Seattle, WA 98101",July
226829,Flatscreen TV,1,300.0,2019-07-27 19:25:00,"855 Spruce St, San Francisco, CA 94016",July
229459,Flatscreen TV,1,300.0,2019-07-07 13:52:00,"105 Cherry St, New York City, NY 10001",July
235437,Flatscreen TV,1,300.0,2019-07-05 19:24:00,"323 14th St, Austin, TX 73301",July
226404,Flatscreen TV,1,300.0,2019-07-11 22:44:00,"383 River St, New York City, NY 10001",July
226244,Flatscreen TV,1,300.0,2019-07-13 17:49:00,"384 Pine St, Austin, TX 73301",July
228798,Flatscreen TV,1,300.0,2019-07-27 07:50:00,"732 Madison St, Atlanta, GA 30301",July
232155,Flatscreen TV,1,300.0,2019-07-27 10:30:00,"156 2nd St, San Francisco, CA 94016",July
234476,Flatscreen TV,1,300.0,2019-07-23 07:25:00,"683 Maple St, New York City, NY 10001",July
224457,Flatscreen TV,1,300.0,2019-07-07 22:27:00,"480 Park St, New York City, NY 10001",July
225476,Flatscreen TV,1,300.0,2019-07-31 15:16:00,"64 14th St, Austin, TX 73301",July
229438,Flatscreen TV,1,300.0,2019-07-18 20:56:00,"565 4th St, San Francisco, CA 94016",July
231503,Flatscreen TV,1,300.0,2019-07-04 22:29:00,"213 Jefferson St, New York City, NY 10001",July
224297,Flatscreen TV,1,300.0,2019-07-11 10:01:00,"186 Lakeview St, New York City, NY 10001",July
235614,Flatscreen TV,1,300.0,2019-07-09 07:32:00,"23 Cherry St, Dallas, TX 75001",July
226596,Flatscreen TV,1,300.0,2019-07-08 17:54:00,"869 Madison St, Seattle, WA 98101",July
229961,Flatscreen TV,1,300.0,2019-07-31 15:53:00,"258 11th St, Los Angeles, CA 90001",July
232408,Flatscreen TV,1,300.0,2019-07-22 19:15:00,"7 Hill St, Seattle, WA 98101",July
234397,Flatscreen TV,1,300.0,2019-07-26 13:54:00,"780 Wilson St, Boston, MA 02215",July
236258,Flatscreen TV,1,300.0,2019-07-20 22:53:00,"124 Forest St, Boston, MA 02215",July
246363,Flatscreen TV,1,300.0,2019-08-21 12:20:00,"962 1st St, Dallas, TX 75001",August
237399,Flatscreen TV,1,300.0,2019-08-28 17:32:00,"434 12th St, Seattle, WA 98101",August
240599,Flatscreen TV,1,300.0,2019-08-05 16:32:00,"853 Park St, Seattle, WA 98101",August
242603,Flatscreen TV,1,300.0,2019-08-18 20:29:00,"338 Hill St, Boston, MA 02215",August
241131,Flatscreen TV,1,300.0,2019-08-29 07:52:00,"604 2nd St, San Francisco, CA 94016",August
243389,Flatscreen TV,1,300.0,2019-08-22 13:33:00,"298 Cherry St, Atlanta, GA 30301",August
237711,Flatscreen TV,1,300.0,2019-08-23 13:42:00,"749 Elm St, San Francisco, CA 94016",August
237905,Flatscreen TV,1,300.0,2019-08-19 20:31:00,"762 North St, Dallas, TX 75001",August
243580,Flatscreen TV,1,300.0,2019-08-11 20:56:00,"653 Willow St, Austin, TX 73301",August
247983,Flatscreen TV,1,300.0,2019-08-08 22:19:00,"711 6th St, San Francisco, CA 94016",August
237177,Flatscreen TV,1,300.0,2019-08-17 20:51:00,"795 Highland St, Atlanta, GA 30301",August
238999,Flatscreen TV,1,300.0,2019-08-16 14:02:00,"632 Jackson St, San Francisco, CA 94016",August
244882,Flatscreen TV,1,300.0,2019-08-10 11:06:00,"175 Ridge St, Boston, MA 02215",August
240910,Flatscreen TV,1,300.0,2019-08-01 07:38:00,"482 Washington St, San Francisco, CA 94016",August
241646,Flatscreen TV,1,300.0,2019-08-02 23:41:00,"659 Jefferson St, New York City, NY 10001",August
247405,Flatscreen TV,1,300.0,2019-08-22 22:11:00,"624 Sunset St, Atlanta, GA 30301",August
247274,Flatscreen TV,1,300.0,2019-08-23 22:01:00,"539 North St, New York City, NY 10001",August
237747,Flatscreen TV,1,300.0,2019-08-22 12:44:00,"926 14th St, San Francisco, CA 94016",August
245230,Flatscreen TV,1,300.0,2019-08-01 14:15:00,"207 10th St, New York City, NY 10001",August
240864,Flatscreen TV,1,300.0,2019-08-26 10:38:00,"226 11th St, San Francisco, CA 94016",August
241392,Flatscreen TV,1,300.0,2019-08-15 21:02:00,"227 Forest St, San Francisco, CA 94016",August
237494,Flatscreen TV,1,300.0,2019-08-17 14:58:00,"28 South St, Austin, TX 73301",August
240699,Flatscreen TV,1,300.0,2019-08-08 09:17:00,"571 Madison St, Boston, MA 02215",August
242228,Flatscreen TV,1,300.0,2019-08-09 01:27:00,"211 5th St, New York City, NY 10001",August
240596,Flatscreen TV,1,300.0,2019-08-28 20:29:00,"419 Adams St, New York City, NY 10001",August
242172,Flatscreen TV,1,300.0,2019-08-06 19:36:00,"589 Spruce St, Seattle, WA 98101",August
241464,Flatscreen TV,1,300.0,2019-08-27 05:31:00,"573 5th St, Boston, MA 02215",August
245231,Flatscreen TV,1,300.0,2019-08-07 17:00:00,"153 10th St, New York City, NY 10001",August
242436,Flatscreen TV,1,300.0,2019-08-03 13:16:00,"475 Highland St, Boston, MA 02215",August
242764,Flatscreen TV,1,300.0,2019-08-18 19:51:00,"940 Walnut St, Dallas, TX 75001",August
237133,Flatscreen TV,1,300.0,2019-08-20 20:26:00,"535 Sunset St, San Francisco, CA 94016",August
242976,Flatscreen TV,1,300.0,2019-08-27 19:22:00,"609 Wilson St, Portland, OR 97035",August
237525,Flatscreen TV,1,300.0,2019-08-05 16:57:00,"251 Lakeview St, New York City, NY 10001",August
240712,Flatscreen TV,1,300.0,2019-08-27 20:21:00,"666 Dogwood St, San Francisco, CA 94016",August
245840,Flatscreen TV,1,300.0,2019-08-05 12:05:00,"434 Walnut St, San Francisco, CA 94016",August
241762,Flatscreen TV,1,300.0,2019-08-02 13:47:00,"415 4th St, Dallas, TX 75001",August
238994,Flatscreen TV,1,300.0,2019-08-23 18:26:00,"845 10th St, New York City, NY 10001",August
241307,Flatscreen TV,1,300.0,2019-08-13 22:30:00,"271 14th St, Atlanta, GA 30301",August
237079,Flatscreen TV,1,300.0,2019-08-13 11:34:00,"235 Cherry St, Los Angeles, CA 90001",August
241882,Flatscreen TV,1,300.0,2019-08-17 15:40:00,"148 Madison St, Portland, OR 97035",August
239538,Flatscreen TV,1,300.0,2019-08-11 19:10:00,"483 West St, Dallas, TX 75001",August
239382,Flatscreen TV,1,300.0,2019-08-02 18:33:00,"402 Washington St, Seattle, WA 98101",August
243800,Flatscreen TV,1,300.0,2019-08-17 10:45:00,"448 1st St, Los Angeles, CA 90001",August
244498,Flatscreen TV,1,300.0,2019-08-25 19:13:00,"857 Center St, Dallas, TX 75001",August
238308,Flatscreen TV,1,300.0,2019-08-29 19:09:00,"47 Lakeview St, San Francisco, CA 94016",August
239086,Flatscreen TV,1,300.0,2019-08-25 20:04:00,"486 5th St, Los Angeles, CA 90001",August
240918,Flatscreen TV,1,300.0,2019-08-19 14:26:00,"246 Highland St, San Francisco, CA 94016",August
239865,Flatscreen TV,1,300.0,2019-08-02 14:25:00,"972 Lakeview St, Portland, OR 97035",August
246901,Flatscreen TV,1,300.0,2019-08-31 12:23:00,"919 Ridge St, San Francisco, CA 94016",August
239392,Flatscreen TV,1,300.0,2019-08-21 10:10:00,"730 Wilson St, Boston, MA 02215",August
240374,Flatscreen TV,1,300.0,2019-08-27 22:02:00,"178 Lincoln St, Atlanta, GA 30301",August
239522,Flatscreen TV,1,300.0,2019-08-06 14:38:00,"855 Meadow St, Portland, ME 04101",August
237193,Flatscreen TV,1,300.0,2019-08-03 14:15:00,"309 5th St, Dallas, TX 75001",August
244625,Flatscreen TV,1,300.0,2019-08-03 12:53:00,"351 Cherry St, Dallas, TX 75001",August
236750,Flatscreen TV,1,300.0,2019-08-25 08:37:00,"806 Ridge St, Boston, MA 02215",August
254123,Flatscreen TV,1,300.0,2019-09-27 11:21:00,"260 Lincoln St, Los Angeles, CA 90001",September
252547,Flatscreen TV,1,300.0,2019-09-24 03:06:00,"689 Hill St, Seattle, WA 98101",September
253118,Flatscreen TV,1,300.0,2019-09-29 19:11:00,"789 Johnson St, Los Angeles, CA 90001",September
258308,Flatscreen TV,1,300.0,2019-09-30 07:59:00,"783 Lake St, San Francisco, CA 94016",September
250477,Flatscreen TV,1,300.0,2019-09-09 00:14:00,"853 Cherry St, Austin, TX 73301",September
248207,Flatscreen TV,1,300.0,2019-09-05 14:15:00,"636 13th St, Los Angeles, CA 90001",September
250431,Flatscreen TV,1,300.0,2019-09-05 15:46:00,"732 Meadow St, Atlanta, GA 30301",September
253257,Flatscreen TV,1,300.0,2019-09-04 00:32:00,"489 1st St, Los Angeles, CA 90001",September
249391,Flatscreen TV,1,300.0,2019-09-06 20:15:00,"21 Sunset St, San Francisco, CA 94016",September
255346,Flatscreen TV,1,300.0,2019-09-28 10:02:00,"549 Jefferson St, San Francisco, CA 94016",September
257641,Flatscreen TV,1,300.0,2019-09-17 14:22:00,"747 Jefferson St, New York City, NY 10001",September
256612,Flatscreen TV,1,300.0,2019-09-22 04:17:00,"70 8th St, Dallas, TX 75001",September
255844,Flatscreen TV,1,300.0,2019-09-27 18:33:00,"918 River St, Portland, OR 97035",September
255925,Flatscreen TV,1,300.0,2019-09-24 00:07:00,"435 Dogwood St, Portland, OR 97035",September
250218,Flatscreen TV,1,300.0,2019-09-01 18:45:00,"750 Park St, New York City, NY 10001",September
252289,Flatscreen TV,1,300.0,2019-09-14 19:42:00,"665 Washington St, San Francisco, CA 94016",September
251692,Flatscreen TV,1,300.0,2019-09-19 10:55:00,"937 Madison St, Los Angeles, CA 90001",September
257196,Flatscreen TV,1,300.0,2019-09-22 09:45:00,"413 6th St, Dallas, TX 75001",September
248984,Flatscreen TV,1,300.0,2019-09-01 22:01:00,"62 River St, Dallas, TX 75001",September
253861,Flatscreen TV,1,300.0,2019-09-29 15:03:00,"331 5th St, Los Angeles, CA 90001",September
254851,Flatscreen TV,1,300.0,2019-09-07 08:14:00,"546 North St, Boston, MA 02215",September
254960,Flatscreen TV,1,300.0,2019-09-14 00:33:00,"942 10th St, Boston, MA 02215",September
250919,Flatscreen TV,1,300.0,2019-09-21 17:21:00,"696 Main St, Austin, TX 73301",September
255743,Flatscreen TV,1,300.0,2019-09-13 16:43:00,"885 9th St, Austin, TX 73301",September
257206,Flatscreen TV,1,300.0,2019-09-20 14:44:00,"577 Walnut St, Seattle, WA 98101",September
251695,Flatscreen TV,1,300.0,2019-09-24 14:28:00,"2 Washington St, Boston, MA 02215",September
250400,Flatscreen TV,1,300.0,2019-09-10 09:35:00,"780 Hickory St, Los Angeles, CA 90001",September
259139,Flatscreen TV,1,300.0,2019-09-24 18:32:00,"663 North St, New York City, NY 10001",September
252452,Flatscreen TV,1,300.0,2019-09-08 22:58:00,"843 Jefferson St, Dallas, TX 75001",September
257224,Flatscreen TV,1,300.0,2019-09-09 00:35:00,"93 Walnut St, Los Angeles, CA 90001",September
258052,Flatscreen TV,1,300.0,2019-09-18 15:31:00,"996 2nd St, Dallas, TX 75001",September
255401,Flatscreen TV,1,300.0,2019-09-10 19:15:00,"71 11th St, New York City, NY 10001",September
258775,Flatscreen TV,1,300.0,2019-09-15 22:31:00,"735 Jackson St, San Francisco, CA 94016",September
254239,Flatscreen TV,1,300.0,2019-09-29 10:43:00,"476 Meadow St, Boston, MA 02215",September
256897,Flatscreen TV,1,300.0,2019-09-06 12:26:00,"280 10th St, Seattle, WA 98101",September
259271,Flatscreen TV,1,300.0,2019-09-15 06:03:00,"453 Hill St, Seattle, WA 98101",September
249856,Flatscreen TV,2,300.0,2019-09-07 23:53:00,"444 8th St, Atlanta, GA 30301",September
251689,Flatscreen TV,1,300.0,2019-09-09 20:06:00,"195 Park St, Los Angeles, CA 90001",September
249134,Flatscreen TV,1,300.0,2019-09-05 16:26:00,"292 Park St, Dallas, TX 75001",September
251527,Flatscreen TV,1,300.0,2019-09-15 16:26:00,"593 Jefferson St, San Francisco, CA 94016",September
258538,Flatscreen TV,1,300.0,2019-09-22 14:12:00,"746 Johnson St, Austin, TX 73301",September
258888,Flatscreen TV,1,300.0,2019-09-04 21:13:00,"155 Center St, Atlanta, GA 30301",September
257853,Flatscreen TV,1,300.0,2019-09-15 10:08:00,"674 10th St, Seattle, WA 98101",September
250212,Flatscreen TV,1,300.0,2019-09-19 05:41:00,"264 2nd St, Los Angeles, CA 90001",September
252798,Flatscreen TV,1,300.0,2019-09-24 15:25:00,"848 South St, Dallas, TX 75001",September
253382,Flatscreen TV,1,300.0,2019-09-20 19:39:00,"403 5th St, Los Angeles, CA 90001",September
256267,Flatscreen TV,1,300.0,2019-09-30 19:36:00,"843 Cherry St, Atlanta, GA 30301",September
250048,Flatscreen TV,1,300.0,2019-09-29 07:03:00,"11 Lake St, Seattle, WA 98101",September
258974,Flatscreen TV,1,300.0,2019-09-14 20:37:00,"208 Washington St, San Francisco, CA 94016",September
259704,Flatscreen TV,1,300.0,2019-10-13 16:45:00,"281 Park St, New York City, NY 10001",October
264437,Flatscreen TV,1,300.0,2019-10-30 14:51:00,"671 Wilson St, San Francisco, CA 94016",October
260369,Flatscreen TV,1,300.0,2019-10-30 05:25:00,"401 Spruce St, Seattle, WA 98101",October
261422,Flatscreen TV,1,300.0,2019-10-26 00:11:00,"274 13th St, Los Angeles, CA 90001",October
268169,Flatscreen TV,1,300.0,2019-10-25 16:00:00,"768 Chestnut St, Austin, TX 73301",October
267721,Flatscreen TV,1,300.0,2019-10-22 20:44:00,"856 Lakeview St, Los Angeles, CA 90001",October
275217,Flatscreen TV,1,300.0,2019-10-22 20:35:00,"983 Jackson St, Boston, MA 02215",October
265038,Flatscreen TV,1,300.0,2019-10-15 16:37:00,"6 4th St, Los Angeles, CA 90001",October
260904,Flatscreen TV,1,300.0,2019-10-30 18:16:00,"607 Johnson St, New York City, NY 10001",October
262624,Flatscreen TV,1,300.0,2019-10-05 17:26:00,"575 7th St, Dallas, TX 75001",October
270005,Flatscreen TV,1,300.0,2019-10-10 17:36:00,"967 Cherry St, New York City, NY 10001",October
272560,Flatscreen TV,1,300.0,2019-10-05 17:08:00,"758 12th St, Portland, OR 97035",October
275756,Flatscreen TV,1,300.0,2019-10-02 20:47:00,"410 Spruce St, Seattle, WA 98101",October
259892,Flatscreen TV,1,300.0,2019-10-26 22:14:00,"928 Cedar St, New York City, NY 10001",October
262963,Flatscreen TV,1,300.0,2019-10-14 19:35:00,"899 Maple St, Seattle, WA 98101",October
267206,Flatscreen TV,1,300.0,2019-10-04 10:07:00,"749 Hill St, Boston, MA 02215",October
262952,Flatscreen TV,1,300.0,2019-10-12 16:55:00,"938 6th St, Boston, MA 02215",October
270564,Flatscreen TV,1,300.0,2019-10-26 15:03:00,"153 10th St, New York City, NY 10001",October
269109,Flatscreen TV,1,300.0,2019-10-07 16:38:00,"334 1st St, Atlanta, GA 30301",October
263470,Flatscreen TV,1,300.0,2019-10-15 12:06:00,"552 14th St, San Francisco, CA 94016",October
275936,Flatscreen TV,1,300.0,2019-10-06 17:06:00,"832 Hill St, Los Angeles, CA 90001",October
272593,Flatscreen TV,1,300.0,2019-10-14 12:41:00,"363 Jackson St, Los Angeles, CA 90001",October
261389,Flatscreen TV,1,300.0,2019-10-03 12:30:00,"498 Main St, Boston, MA 02215",October
262737,Flatscreen TV,1,300.0,2019-10-16 10:17:00,"838 Sunset St, San Francisco, CA 94016",October
266060,Flatscreen TV,1,300.0,2019-10-11 20:35:00,"655 5th St, Boston, MA 02215",October
273594,Flatscreen TV,1,300.0,2019-10-10 00:46:00,"38 Park St, San Francisco, CA 94016",October
273742,Flatscreen TV,1,300.0,2019-10-15 08:58:00,"323 11th St, Boston, MA 02215",October
261795,Flatscreen TV,1,300.0,2019-10-20 18:12:00,"256 11th St, San Francisco, CA 94016",October
264389,Flatscreen TV,1,300.0,2019-10-12 15:03:00,"535 Hickory St, Seattle, WA 98101",October
264502,Flatscreen TV,1,300.0,2019-10-01 07:50:00,"497 Cherry St, Atlanta, GA 30301",October
274479,Flatscreen TV,1,300.0,2019-10-12 21:21:00,"720 River St, New York City, NY 10001",October
269550,Flatscreen TV,1,300.0,2019-10-17 11:37:00,"882 Washington St, Los Angeles, CA 90001",October
266899,Flatscreen TV,1,300.0,2019-10-15 00:03:00,"600 Cherry St, Austin, TX 73301",October
269083,Flatscreen TV,1,300.0,2019-10-24 15:27:00,"714 Adams St, San Francisco, CA 94016",October
278003,Flatscreen TV,1,300.0,2019-10-27 15:05:00,"97 Cherry St, Dallas, TX 75001",October
263020,Flatscreen TV,1,300.0,2019-10-19 14:40:00,"143 Wilson St, New York City, NY 10001",October
265837,Flatscreen TV,1,300.0,2019-10-06 14:51:00,"364 Adams St, San Francisco, CA 94016",October
267253,Flatscreen TV,1,300.0,2019-10-05 14:51:00,"638 5th St, Portland, OR 97035",October
274840,Flatscreen TV,1,300.0,2019-10-30 15:05:00,"980 1st St, Los Angeles, CA 90001",October
263161,Flatscreen TV,1,300.0,2019-10-19 17:12:00,"310 Wilson St, Los Angeles, CA 90001",October
263622,Flatscreen TV,1,300.0,2019-10-15 22:57:00,"198 Forest St, Los Angeles, CA 90001",October
265361,Flatscreen TV,1,300.0,2019-10-25 11:23:00,"654 5th St, Atlanta, GA 30301",October
277077,Flatscreen TV,1,300.0,2019-10-11 08:21:00,"574 Willow St, Boston, MA 02215",October
278214,Flatscreen TV,1,300.0,2019-10-31 13:27:00,"204 South St, Boston, MA 02215",October
259773,Flatscreen TV,1,300.0,2019-10-15 16:18:00,"885 14th St, Seattle, WA 98101",October
261195,Flatscreen TV,1,300.0,2019-10-21 00:03:00,"687 10th St, Dallas, TX 75001",October
264291,Flatscreen TV,1,300.0,2019-10-17 08:38:00,"341 11th St, Los Angeles, CA 90001",October
272208,Flatscreen TV,1,300.0,2019-10-20 18:21:00,"956 2nd St, Atlanta, GA 30301",October
272322,Flatscreen TV,1,300.0,2019-10-10 09:09:00,"996 Adams St, San Francisco, CA 94016",October
274434,Flatscreen TV,1,300.0,2019-10-24 15:40:00,"845 4th St, Dallas, TX 75001",October
275182,Flatscreen TV,1,300.0,2019-10-05 14:29:00,"952 Hickory St, Portland, OR 97035",October
276287,Flatscreen TV,1,300.0,2019-10-07 06:56:00,"258 Johnson St, Boston, MA 02215",October
264751,Flatscreen TV,1,300.0,2019-10-15 13:26:00,"835 Spruce St, San Francisco, CA 94016",October
269086,Flatscreen TV,1,300.0,2019-10-07 20:45:00,"348 5th St, San Francisco, CA 94016",October
276050,Flatscreen TV,1,300.0,2019-10-18 12:21:00,"744 10th St, Los Angeles, CA 90001",October
277207,Flatscreen TV,1,300.0,2019-10-16 15:14:00,"44 1st St, Dallas, TX 75001",October
276514,Flatscreen TV,1,300.0,2019-10-14 20:02:00,"580 Hill St, San Francisco, CA 94016",October
264672,Flatscreen TV,1,300.0,2019-10-13 10:01:00,"590 9th St, Portland, OR 97035",October
269127,Flatscreen TV,1,300.0,2019-10-22 12:20:00,"531 North St, New York City, NY 10001",October
270218,Flatscreen TV,1,300.0,2019-10-06 17:11:00,"912 Jefferson St, Los Angeles, CA 90001",October
267391,Flatscreen TV,1,300.0,2019-10-29 14:19:00,"665 Pine St, New York City, NY 10001",October
262082,Flatscreen TV,1,300.0,2019-10-10 17:39:00,"385 Willow St, Dallas, TX 75001",October
270509,Flatscreen TV,1,300.0,2019-10-07 12:57:00,"444 7th St, New York City, NY 10001",October
260362,Flatscreen TV,1,300.0,2019-10-10 01:12:00,"966 Adams St, Portland, OR 97035",October
265264,Flatscreen TV,1,300.0,2019-10-24 21:27:00,"110 5th St, Los Angeles, CA 90001",October
278479,Flatscreen TV,1,300.0,2019-10-22 18:28:00,"315 Spruce St, Portland, OR 97035",October
260998,Flatscreen TV,1,300.0,2019-10-25 09:25:00,"549 South St, Boston, MA 02215",October
271026,Flatscreen TV,1,300.0,2019-10-10 20:26:00,"441 Highland St, Austin, TX 73301",October
273762,Flatscreen TV,1,300.0,2019-10-23 21:10:00,"697 Dogwood St, Atlanta, GA 30301",October
274442,Flatscreen TV,1,300.0,2019-10-03 20:31:00,"131 Chestnut St, New York City, NY 10001",October
276968,Flatscreen TV,1,300.0,2019-10-02 13:46:00,"916 River St, Boston, MA 02215",October
282401,Flatscreen TV,1,300.0,2019-11-05 14:16:00,"547 8th St, New York City, NY 10001",November
284410,Flatscreen TV,1,300.0,2019-11-14 09:04:00,"971 Center St, New York City, NY 10001",November
286424,Flatscreen TV,1,300.0,2019-11-17 08:30:00,"483 4th St, Seattle, WA 98101",November
289874,Flatscreen TV,1,300.0,2019-11-09 17:43:00,"487 Madison St, Boston, MA 02215",November
294529,Flatscreen TV,1,300.0,2019-11-04 17:23:00,"496 14th St, Boston, MA 02215",November
286768,Flatscreen TV,1,300.0,2019-11-14 09:19:00,"839 Maple St, San Francisco, CA 94016",November
288118,Flatscreen TV,1,300.0,2019-11-15 21:09:00,"84 Lake St, Boston, MA 02215",November
279188,Flatscreen TV,1,300.0,2019-11-07 15:20:00,"478 8th St, Austin, TX 73301",November
284540,Flatscreen TV,1,300.0,2019-11-13 17:47:00,"515 Lincoln St, Dallas, TX 75001",November
287927,Flatscreen TV,1,300.0,2019-11-25 10:48:00,"206 Meadow St, New York City, NY 10001",November
293260,Flatscreen TV,1,300.0,2019-11-14 11:58:00,"201 13th St, Austin, TX 73301",November
295517,Flatscreen TV,1,300.0,2019-11-02 20:09:00,"158 Wilson St, Dallas, TX 75001",November
295560,Flatscreen TV,1,300.0,2019-11-06 11:47:00,"916 Chestnut St, Los Angeles, CA 90001",November
289406,Flatscreen TV,1,300.0,2019-11-07 08:36:00,"183 Pine St, Boston, MA 02215",November
280309,Flatscreen TV,1,300.0,2019-11-19 19:47:00,"45 Jefferson St, New York City, NY 10001",November
280576,Flatscreen TV,1,300.0,2019-11-04 14:26:00,"537 Ridge St, Los Angeles, CA 90001",November
291198,Flatscreen TV,1,300.0,2019-11-06 18:28:00,"795 Madison St, New York City, NY 10001",November
294426,Flatscreen TV,1,300.0,2019-11-06 09:50:00,"732 Pine St, Portland, ME 04101",November
282718,Flatscreen TV,1,300.0,2019-11-18 00:00:00,"421 Hill St, Seattle, WA 98101",November
283941,Flatscreen TV,1,300.0,2019-11-12 15:24:00,"226 Pine St, Portland, ME 04101",November
284698,Flatscreen TV,1,300.0,2019-11-27 07:44:00,"958 10th St, Seattle, WA 98101",November
279385,Flatscreen TV,1,300.0,2019-11-22 13:01:00,"589 Elm St, San Francisco, CA 94016",November
290583,Flatscreen TV,1,300.0,2019-11-02 16:23:00,"266 9th St, Dallas, TX 75001",November
282142,Flatscreen TV,1,300.0,2019-11-29 23:33:00,"791 Chestnut St, Seattle, WA 98101",November
295072,Flatscreen TV,1,300.0,2019-11-01 12:08:00,"187 River St, New York City, NY 10001",November
291039,Flatscreen TV,1,300.0,2019-11-11 05:53:00,"362 Highland St, Los Angeles, CA 90001",November
284920,Flatscreen TV,1,300.0,2019-11-24 03:26:00,"362 Jackson St, New York City, NY 10001",November
281906,Flatscreen TV,1,300.0,2019-11-21 13:45:00,"825 4th St, San Francisco, CA 94016",November
285305,Flatscreen TV,1,300.0,2019-11-07 07:28:00,"441 River St, Seattle, WA 98101",November
286234,Flatscreen TV,1,300.0,2019-11-13 10:07:00,"801 5th St, Austin, TX 73301",November
294713,Flatscreen TV,1,300.0,2019-11-24 16:02:00,"800 12th St, San Francisco, CA 94016",November
283304,Flatscreen TV,1,300.0,2019-11-26 08:13:00,"447 North St, Seattle, WA 98101",November
283784,Flatscreen TV,1,300.0,2019-11-06 22:12:00,"535 Johnson St, Seattle, WA 98101",November
286018,Flatscreen TV,1,300.0,2019-11-22 15:43:00,"951 Elm St, Austin, TX 73301",November
290565,Flatscreen TV,1,300.0,2019-11-25 09:26:00,"571 Madison St, San Francisco, CA 94016",November
292899,Flatscreen TV,1,300.0,2019-11-27 12:18:00,"643 8th St, Austin, TX 73301",November
282238,Flatscreen TV,1,300.0,2019-11-20 09:25:00,"887 14th St, San Francisco, CA 94016",November
279158,Flatscreen TV,1,300.0,2019-11-29 19:06:00,"949 Washington St, Boston, MA 02215",November
283472,Flatscreen TV,1,300.0,2019-11-02 17:17:00,"19 Madison St, Atlanta, GA 30301",November
284401,Flatscreen TV,1,300.0,2019-11-20 17:53:00,"508 Willow St, Austin, TX 73301",November
282006,Flatscreen TV,1,300.0,2019-11-13 23:11:00,"901 Washington St, Austin, TX 73301",November
285367,Flatscreen TV,1,300.0,2019-11-28 09:10:00,"200 Hill St, Atlanta, GA 30301",November
288121,Flatscreen TV,1,300.0,2019-11-13 00:53:00,"132 Maple St, Dallas, TX 75001",November
285310,Flatscreen TV,1,300.0,2019-11-23 13:22:00,"430 Main St, Los Angeles, CA 90001",November
285580,Flatscreen TV,1,300.0,2019-11-04 22:22:00,"348 Wilson St, San Francisco, CA 94016",November
294401,Flatscreen TV,1,300.0,2019-11-13 18:02:00,"201 11th St, Boston, MA 02215",November
281695,Flatscreen TV,1,300.0,2019-11-29 00:34:00,"757 Jackson St, Boston, MA 02215",November
295646,Flatscreen TV,1,300.0,2019-11-09 15:13:00,"133 Park St, New York City, NY 10001",November
284998,Flatscreen TV,1,300.0,2019-11-11 17:35:00,"211 9th St, Boston, MA 02215",November
292900,Flatscreen TV,1,300.0,2019-11-16 18:44:00,"757 Walnut St, Atlanta, GA 30301",November
293483,Flatscreen TV,1,300.0,2019-11-11 11:46:00,"700 Dogwood St, San Francisco, CA 94016",November
291245,Flatscreen TV,1,300.0,2019-11-19 22:01:00,"435 2nd St, Portland, OR 97035",November
291280,Flatscreen TV,1,300.0,2019-11-23 16:20:00,"36 Lake St, Dallas, TX 75001",November
294639,Flatscreen TV,1,300.0,2019-11-14 08:04:00,"725 4th St, Portland, ME 04101",November
280107,Flatscreen TV,1,300.0,2019-11-05 18:12:00,"132 Elm St, San Francisco, CA 94016",November
290193,Flatscreen TV,1,300.0,2019-11-08 21:16:00,"791 Main St, Boston, MA 02215",November
290815,Flatscreen TV,1,300.0,2019-11-18 19:59:00,"595 Chestnut St, San Francisco, CA 94016",November
283439,Flatscreen TV,1,300.0,2019-11-22 19:44:00,"404 10th St, San Francisco, CA 94016",November
289754,Flatscreen TV,1,300.0,2019-11-30 22:21:00,"964 Hill St, Dallas, TX 75001",November
292012,Flatscreen TV,1,300.0,2019-11-26 14:18:00,"664 9th St, San Francisco, CA 94016",November
291254,Flatscreen TV,1,300.0,2019-11-05 10:42:00,"429 Park St, Boston, MA 02215",November
288706,Flatscreen TV,1,300.0,2019-11-02 08:53:00,"61 Hickory St, Seattle, WA 98101",November
289495,Flatscreen TV,1,300.0,2019-11-18 11:07:00,"8 Maple St, Los Angeles, CA 90001",November
294407,Flatscreen TV,1,300.0,2019-11-09 22:55:00,"864 Lincoln St, Austin, TX 73301",November
286403,Flatscreen TV,1,300.0,2019-11-18 14:22:00,"172 Hickory St, San Francisco, CA 94016",November
291632,Flatscreen TV,1,300.0,2019-11-08 21:49:00,"614 Highland St, Austin, TX 73301",November
281098,Flatscreen TV,1,300.0,2019-11-13 20:40:00,"400 1st St, Boston, MA 02215",November
278981,Flatscreen TV,1,300.0,2019-11-02 21:34:00,"25 7th St, San Francisco, CA 94016",November
290344,Flatscreen TV,1,300.0,2019-11-23 09:35:00,"187 Johnson St, San Francisco, CA 94016",November
293184,Flatscreen TV,1,300.0,2019-11-09 19:01:00,"556 North St, Dallas, TX 75001",November
293717,Flatscreen TV,1,300.0,2019-11-19 12:33:00,"709 4th St, Los Angeles, CA 90001",November
284367,Flatscreen TV,1,300.0,2019-11-17 13:47:00,"90 Park St, San Francisco, CA 94016",November
289700,Flatscreen TV,1,300.0,2019-11-04 13:56:00,"801 Cedar St, Portland, OR 97035",November
292669,Flatscreen TV,1,300.0,2019-11-08 11:16:00,"631 Walnut St, Boston, MA 02215",November
295952,Flatscreen TV,1,300.0,2019-12-23 12:55:00,"403 Dogwood St, Seattle, WA 98101",December
297389,Flatscreen TV,1,300.0,2019-12-15 00:46:00,"455 Lake St, San Francisco, CA 94016",December
298331,Flatscreen TV,1,300.0,2019-12-23 19:43:00,"876 Pine St, San Francisco, CA 94016",December
301194,Flatscreen TV,1,300.0,2019-12-11 14:27:00,"576 Dogwood St, Austin, TX 73301",December
308773,Flatscreen TV,1,300.0,2019-12-08 12:56:00,"753 12th St, Dallas, TX 75001",December
313205,Flatscreen TV,1,300.0,2019-12-28 21:22:00,"79 4th St, Dallas, TX 75001",December
318904,Flatscreen TV,1,300.0,2019-12-09 15:07:00,"604 Park St, San Francisco, CA 94016",December
296628,Flatscreen TV,1,300.0,2019-12-23 16:31:00,"617 14th St, New York City, NY 10001",December
299415,Flatscreen TV,1,300.0,2019-12-14 16:25:00,"402 River St, New York City, NY 10001",December
301045,Flatscreen TV,1,300.0,2019-12-15 20:45:00,"720 Pine St, San Francisco, CA 94016",December
302894,Flatscreen TV,1,300.0,2019-12-18 12:56:00,"932 1st St, Los Angeles, CA 90001",December
313354,Flatscreen TV,1,300.0,2019-12-01 17:46:00,"547 Church St, San Francisco, CA 94016",December
318835,Flatscreen TV,1,300.0,2019-12-30 19:53:00,"644 West St, San Francisco, CA 94016",December
298029,Flatscreen TV,1,300.0,2019-12-15 21:41:00,"895 Chestnut St, San Francisco, CA 94016",December
303795,Flatscreen TV,1,300.0,2019-12-15 20:30:00,"65 Johnson St, Atlanta, GA 30301",December
310460,Flatscreen TV,1,300.0,2019-12-30 00:40:00,"135 12th St, Dallas, TX 75001",December
301005,Flatscreen TV,1,300.0,2019-12-19 12:44:00,"440 Adams St, Los Angeles, CA 90001",December
305654,Flatscreen TV,1,300.0,2019-12-26 14:45:00,"768 Lakeview St, Los Angeles, CA 90001",December
307191,Flatscreen TV,1,300.0,2019-12-13 14:17:00,"312 Elm St, New York City, NY 10001",December
311398,Flatscreen TV,1,300.0,2019-12-04 08:30:00,"609 Elm St, Seattle, WA 98101",December
318037,Flatscreen TV,1,300.0,2019-12-31 02:28:00,"204 Meadow St, Dallas, TX 75001",December
298694,Flatscreen TV,1,300.0,2019-12-24 22:26:00,"626 Park St, Portland, OR 97035",December
302135,Flatscreen TV,1,300.0,2019-12-18 10:29:00,"750 West St, San Francisco, CA 94016",December
302716,Flatscreen TV,1,300.0,2019-12-24 21:13:00,"104 Ridge St, San Francisco, CA 94016",December
303484,Flatscreen TV,1,300.0,2019-12-22 20:29:00,"950 Forest St, Los Angeles, CA 90001",December
305698,Flatscreen TV,1,300.0,2019-12-19 20:22:00,"639 Pine St, San Francisco, CA 94016",December
318712,Flatscreen TV,1,300.0,2019-12-11 08:38:00,"583 Dogwood St, San Francisco, CA 94016",December
302100,Flatscreen TV,1,300.0,2019-12-21 10:35:00,"574 8th St, Boston, MA 02215",December
313035,Flatscreen TV,1,300.0,2019-12-11 17:51:00,"152 Cherry St, Los Angeles, CA 90001",December
297259,Flatscreen TV,1,300.0,2019-12-22 02:53:00,"133 7th St, Dallas, TX 75001",December
299191,Flatscreen TV,1,300.0,2019-12-28 12:08:00,"723 5th St, Dallas, TX 75001",December
299249,Flatscreen TV,1,300.0,2019-12-28 18:41:00,"176 Highland St, New York City, NY 10001",December
305787,Flatscreen TV,1,300.0,2019-12-13 21:57:00,"329 Adams St, San Francisco, CA 94016",December
315201,Flatscreen TV,1,300.0,2019-12-04 13:42:00,"309 Washington St, Boston, MA 02215",December
317011,Flatscreen TV,1,300.0,2019-12-10 11:55:00,"491 Meadow St, San Francisco, CA 94016",December
305190,Flatscreen TV,1,300.0,2019-12-04 12:16:00,"975 Johnson St, Boston, MA 02215",December
312896,Flatscreen TV,1,300.0,2019-12-01 22:07:00,"953 Meadow St, Los Angeles, CA 90001",December
304402,Flatscreen TV,1,300.0,2019-12-04 17:27:00,"712 Chestnut St, Portland, OR 97035",December
306094,Flatscreen TV,1,300.0,2019-12-06 10:38:00,"763 11th St, San Francisco, CA 94016",December
309502,Flatscreen TV,1,300.0,2019-12-08 17:04:00,"552 10th St, Dallas, TX 75001",December
311894,Flatscreen TV,1,300.0,2019-12-08 11:59:00,"705 Jefferson St, Seattle, WA 98101",December
296041,Flatscreen TV,1,300.0,2019-12-27 19:49:00,"495 6th St, San Francisco, CA 94016",December
296889,Flatscreen TV,1,300.0,2019-12-26 20:19:00,"706 Hill St, Dallas, TX 75001",December
314574,Flatscreen TV,1,300.0,2019-12-13 18:50:00,"904 12th St, Dallas, TX 75001",December
315022,Flatscreen TV,1,300.0,2019-12-22 15:20:00,"250 5th St, Dallas, TX 75001",December
295896,Flatscreen TV,1,300.0,2019-12-24 18:21:00,"929 Dogwood St, Los Angeles, CA 90001",December
308360,Flatscreen TV,1,300.0,2019-12-02 13:44:00,"691 11th St, Atlanta, GA 30301",December
305077,Flatscreen TV,1,300.0,2019-12-12 21:07:00,"470 7th St, Atlanta, GA 30301",December
310072,Flatscreen TV,1,300.0,2019-12-23 20:53:00,"941 Madison St, Boston, MA 02215",December
318019,Flatscreen TV,1,300.0,2019-12-21 21:08:00,"639 Wilson St, Los Angeles, CA 90001",December
310684,Flatscreen TV,1,300.0,2019-12-16 14:07:00,"709 14th St, San Francisco, CA 94016",December
311485,Flatscreen TV,1,300.0,2019-12-26 11:40:00,"455 North St, San Francisco, CA 94016",December
312029,Flatscreen TV,1,300.0,2019-12-04 08:13:00,"118 4th St, San Francisco, CA 94016",December
317741,Flatscreen TV,1,300.0,2019-12-20 22:39:00,"19 Wilson St, San Francisco, CA 94016",December
303411,Flatscreen TV,1,300.0,2019-12-05 13:52:00,"892 2nd St, San Francisco, CA 94016",December
308459,Flatscreen TV,1,300.0,2019-12-17 14:27:00,"431 5th St, New York City, NY 10001",December
316960,Flatscreen TV,1,300.0,2019-12-04 20:22:00,"68 Pine St, Seattle, WA 98101",December
317236,Flatscreen TV,1,300.0,2019-12-02 21:19:00,"515 6th St, Seattle, WA 98101",December
299553,Flatscreen TV,1,300.0,2019-12-17 18:56:00,"136 2nd St, Los Angeles, CA 90001",December
318546,Flatscreen TV,1,300.0,2019-12-15 16:29:00,"232 Washington St, Los Angeles, CA 90001",December
296228,Flatscreen TV,1,300.0,2019-12-04 21:52:00,"891 Ridge St, Dallas, TX 75001",December
300455,Flatscreen TV,1,300.0,2019-12-18 13:57:00,"800 Lincoln St, Atlanta, GA 30301",December
308619,Flatscreen TV,1,300.0,2019-12-22 18:56:00,"871 Washington St, San Francisco, CA 94016",December
296437,Flatscreen TV,1,300.0,2019-12-01 12:42:00,"19 12th St, Seattle, WA 98101",December
303596,Flatscreen TV,1,300.0,2019-12-07 19:01:00,"423 1st St, San Francisco, CA 94016",December
319270,Flatscreen TV,1,300.0,2019-12-10 17:59:00,"269 Lincoln St, New York City, NY 10001",December
315937,Flatscreen TV,2,300.0,2019-12-23 16:31:00,"47 1st St, Los Angeles, CA 90001",December
310962,Flatscreen TV,1,300.0,2019-12-17 16:09:00,"758 Pine St, New York City, NY 10001",December
319045,Flatscreen TV,1,300.0,2019-12-22 21:52:00,"317 Park St, San Francisco, CA 94016",December
311718,Flatscreen TV,1,300.0,2019-12-27 11:22:00,"224 Chestnut St, Los Angeles, CA 90001",December
312773,Flatscreen TV,1,300.0,2019-12-30 20:08:00,"986 Ridge St, Seattle, WA 98101",December
315424,Flatscreen TV,1,300.0,2019-12-20 15:21:00,"696 Jackson St, New York City, NY 10001",December
212097,Flatscreen TV,1,300.0,2019-06-07 15:19:00,"318 12th St, San Francisco, CA 94016",June
232875,Flatscreen TV,1,300.0,2019-07-25 00:44:00,"164 Jefferson St, San Francisco, CA 94016",July
269478,Flatscreen TV,1,300.0,2019-10-12 16:27:00,"593 Spruce St, San Francisco, CA 94016",October
266837,Flatscreen TV,1,300.0,2019-10-15 16:01:00,"146 Meadow St, San Francisco, CA 94016",October
286037,Flatscreen TV,1,300.0,2019-11-24 12:10:00,"822 Lake St, San Francisco, CA 94016",November
291937,Flatscreen TV,1,300.0,2019-11-27 15:08:00,"759 14th St, Seattle, WA 98101",November
300748,Flatscreen TV,1,300.0,2019-12-06 19:23:00,"11 Lincoln St, Seattle, WA 98101",December
319614,Flatscreen TV,1,300.0,2019-12-14 20:57:00,"177 River St, Dallas, TX 75001",December
318218,Flatscreen TV,1,300.0,2019-12-14 18:00:00,"735 Lake St, Dallas, TX 75001",December
305573,Flatscreen TV,1,300.0,2019-12-13 13:51:00,"982 South St, Los Angeles, CA 90001",December
295999,Flatscreen TV,1,300.0,2019-12-27 13:36:00,"884 Main St, Boston, MA 02215",December
297657,Flatscreen TV,1,300.0,2019-12-01 15:20:00,"778 9th St, San Francisco, CA 94016",December
301380,Flatscreen TV,1,300.0,2019-12-11 10:35:00,"19 Dogwood St, Boston, MA 02215",December
305395,Flatscreen TV,1,300.0,2019-12-19 19:03:00,"692 Hickory St, Los Angeles, CA 90001",December
306099,Flatscreen TV,1,300.0,2019-12-08 19:55:00,"420 Washington St, Dallas, TX 75001",December
308052,Flatscreen TV,1,300.0,2019-12-28 19:30:00,"580 Johnson St, Atlanta, GA 30301",December
315121,Flatscreen TV,1,300.0,2019-12-10 04:49:00,"387 Hill St, Seattle, WA 98101",December
315155,Flatscreen TV,1,300.0,2019-12-01 19:55:00,"403 Ridge St, Seattle, WA 98101",December
300641,Flatscreen TV,1,300.0,2019-12-20 11:45:00,"919 11th St, Los Angeles, CA 90001",December
303949,Flatscreen TV,1,300.0,2019-12-13 09:40:00,"502 Maple St, San Francisco, CA 94016",December
311218,Flatscreen TV,1,300.0,2019-12-02 16:02:00,"376 14th St, Los Angeles, CA 90001",December
296267,Flatscreen TV,1,300.0,2019-12-21 22:45:00,"573 7th St, Atlanta, GA 30301",December
303093,Flatscreen TV,1,300.0,2019-12-19 16:22:00,"276 Maple St, Dallas, TX 75001",December
304055,Flatscreen TV,1,300.0,2019-12-24 22:07:00,"236 Adams St, Boston, MA 02215",December
308387,Flatscreen TV,1,300.0,2019-12-21 17:59:00,"408 River St, Los Angeles, CA 90001",December
315974,Flatscreen TV,1,300.0,2019-12-02 11:30:00,"459 Johnson St, San Francisco, CA 94016",December
316373,Flatscreen TV,1,300.0,2019-12-08 12:10:00,"477 Hickory St, Los Angeles, CA 90001",December
300378,Flatscreen TV,1,300.0,2019-12-10 18:58:00,"48 13th St, San Francisco, CA 94016",December
301733,Flatscreen TV,1,300.0,2019-12-08 17:53:00,"113 7th St, Boston, MA 02215",December
302945,Flatscreen TV,1,300.0,2019-12-01 12:11:00,"736 13th St, San Francisco, CA 94016",December
309300,Flatscreen TV,1,300.0,2019-12-25 19:14:00,"504 Meadow St, San Francisco, CA 94016",December
317018,Flatscreen TV,1,300.0,2019-12-22 11:13:00,"43 Sunset St, Austin, TX 73301",December
318316,Flatscreen TV,1,300.0,2019-12-29 16:54:00,"455 1st St, Dallas, TX 75001",December
317779,Flatscreen TV,1,300.0,2019-12-11 22:35:00,"454 Jefferson St, Seattle, WA 98101",December
306443,Flatscreen TV,1,300.0,2019-12-09 16:23:00,"637 Cedar St, Dallas, TX 75001",December
308292,Flatscreen TV,1,300.0,2019-12-23 13:26:00,"64 Jackson St, Boston, MA 02215",December
308856,Flatscreen TV,1,300.0,2019-12-28 19:38:00,"221 Dogwood St, Los Angeles, CA 90001",December
318307,Flatscreen TV,1,300.0,2019-12-24 07:40:00,"15 Jackson St, San Francisco, CA 94016",December
296659,Flatscreen TV,1,300.0,2019-12-12 12:43:00,"214 Forest St, San Francisco, CA 94016",December
300404,Flatscreen TV,1,300.0,2019-12-10 02:05:00,"690 Center St, San Francisco, CA 94016",December
302588,Flatscreen TV,1,300.0,2019-12-02 09:57:00,"105 Maple St, Boston, MA 02215",December
311918,Flatscreen TV,1,300.0,2019-12-08 23:10:00,"661 Jackson St, San Francisco, CA 94016",December
312459,Flatscreen TV,1,300.0,2019-12-28 17:44:00,"201 Highland St, Austin, TX 73301",December
314739,Flatscreen TV,1,300.0,2019-12-19 17:32:00,"524 Sunset St, San Francisco, CA 94016",December
297261,Flatscreen TV,1,300.0,2019-12-01 11:43:00,"270 Adams St, Seattle, WA 98101",December
298404,Flatscreen TV,1,300.0,2019-12-03 13:49:00,"236 9th St, San Francisco, CA 94016",December
303779,Flatscreen TV,1,300.0,2019-12-20 12:02:00,"816 Forest St, Boston, MA 02215",December
318243,Flatscreen TV,1,300.0,2019-12-04 14:31:00,"427 Hill St, Los Angeles, CA 90001",December
295846,Flatscreen TV,1,300.0,2019-12-27 19:22:00,"453 Johnson St, Atlanta, GA 30301",December
301691,Flatscreen TV,1,300.0,2019-12-03 05:32:00,"710 Meadow St, San Francisco, CA 94016",December
309456,Flatscreen TV,1,300.0,2019-12-22 16:43:00,"186 Hickory St, Seattle, WA 98101",December
309777,Flatscreen TV,1,300.0,2019-12-16 08:04:00,"702 13th St, San Francisco, CA 94016",December
310430,Flatscreen TV,1,300.0,2019-12-13 08:48:00,"11 12th St, San Francisco, CA 94016",December
310774,Flatscreen TV,1,300.0,2019-12-13 17:11:00,"701 9th St, Dallas, TX 75001",December
309689,Flatscreen TV,1,300.0,2019-12-23 15:13:00,"332 Madison St, Dallas, TX 75001",December
302290,Flatscreen TV,1,300.0,2019-12-01 20:28:00,"549 2nd St, New York City, NY 10001",December
310490,Flatscreen TV,1,300.0,2019-12-09 19:03:00,"793 8th St, Los Angeles, CA 90001",December
306618,Flatscreen TV,1,300.0,2019-12-05 15:45:00,"832 Spruce St, Dallas, TX 75001",December
314139,Flatscreen TV,1,300.0,2019-12-28 16:00:00,"108 9th St, Los Angeles, CA 90001",December
142220,Flatscreen TV,1,300.0,2019-01-03 16:03:00,"516 Lake St, Dallas, TX 75001",January
141421,Flatscreen TV,1,300.0,2019-01-24 13:18:00,"154 7th St, Dallas, TX 75001",January
141577,Flatscreen TV,1,300.0,2019-01-30 20:19:00,"662 Lincoln St, Seattle, WA 98101",January
142744,Flatscreen TV,1,300.0,2019-01-30 08:46:00,"46 Jackson St, San Francisco, CA 94016",January
147982,Flatscreen TV,1,300.0,2019-01-26 02:02:00,"735 9th St, New York City, NY 10001",January
142768,Flatscreen TV,1,300.0,2019-01-27 13:03:00,"60 Walnut St, Dallas, TX 75001",January
142025,Flatscreen TV,1,300.0,2019-01-15 00:06:00,"688 9th St, Los Angeles, CA 90001",January
146191,Flatscreen TV,1,300.0,2019-01-21 08:26:00,"730 Hickory St, San Francisco, CA 94016",January
149864,Flatscreen TV,1,300.0,2019-01-16 15:29:00,"884 Forest St, Dallas, TX 75001",January
142783,Flatscreen TV,1,300.0,2019-01-11 16:12:00,"960 Ridge St, San Francisco, CA 94016",January
150433,Flatscreen TV,1,300.0,2019-01-18 22:27:00,"736 Chestnut St, San Francisco, CA 94016",January
150353,Flatscreen TV,1,300.0,2019-01-22 11:31:00,"357 13th St, Atlanta, GA 30301",January
142043,Flatscreen TV,1,300.0,2019-01-22 12:55:00,"22 Washington St, Seattle, WA 98101",January
144846,Flatscreen TV,1,300.0,2019-01-27 18:01:00,"944 Church St, Dallas, TX 75001",January
147063,Flatscreen TV,1,300.0,2019-01-26 21:28:00,"1 Highland St, Austin, TX 73301",January
147248,Flatscreen TV,1,300.0,2019-01-14 12:35:00,"656 Church St, Atlanta, GA 30301",January
145702,Flatscreen TV,1,300.0,2019-01-24 17:16:00,"189 7th St, Los Angeles, CA 90001",January
143391,Flatscreen TV,1,300.0,2019-01-31 13:34:00,"240 Lakeview St, Portland, OR 97035",January
150313,Flatscreen TV,1,300.0,2019-01-25 20:15:00,"888 South St, Boston, MA 02215",January
143616,Flatscreen TV,1,300.0,2019-01-14 09:39:00,"214 Jefferson St, Atlanta, GA 30301",January
144281,Flatscreen TV,1,300.0,2019-01-28 14:50:00,"664 Willow St, Seattle, WA 98101",January
142274,Flatscreen TV,1,300.0,2019-01-30 10:39:00,"944 8th St, Los Angeles, CA 90001",January
143366,Flatscreen TV,1,300.0,2019-01-02 19:10:00,"515 Park St, Seattle, WA 98101",January
144323,Flatscreen TV,1,300.0,2019-01-31 12:09:00,"929 Park St, Portland, ME 04101",January
147895,Flatscreen TV,1,300.0,2019-01-19 13:27:00,"995 Lincoln St, San Francisco, CA 94016",January
148112,Flatscreen TV,1,300.0,2019-01-17 19:38:00,"256 West St, Boston, MA 02215",January
150020,Flatscreen TV,1,300.0,2019-01-20 11:21:00,"169 7th St, New York City, NY 10001",January
141439,Flatscreen TV,1,300.0,2019-01-09 20:49:00,"536 Walnut St, Boston, MA 02215",January
142968,Flatscreen TV,1,300.0,2019-01-11 19:10:00,"879 12th St, Portland, OR 97035",January
146376,Flatscreen TV,1,300.0,2019-01-10 14:23:00,"442 14th St, Portland, OR 97035",January
148052,Flatscreen TV,1,300.0,2019-01-24 19:36:00,"602 Lakeview St, Boston, MA 02215",January
142951,Flatscreen TV,1,300.0,2019-01-27 15:20:00,"751 Chestnut St, Dallas, TX 75001",January
144688,Flatscreen TV,1,300.0,2019-01-17 06:43:00,"938 Adams St, Boston, MA 02215",January
148806,Flatscreen TV,1,300.0,2019-01-15 19:14:00,"720 Sunset St, Portland, OR 97035",January
146523,Flatscreen TV,1,300.0,2019-01-23 14:10:00,"858 12th St, Los Angeles, CA 90001",January
142743,Flatscreen TV,1,300.0,2019-01-04 05:20:00,"842 North St, San Francisco, CA 94016",January
144981,Flatscreen TV,1,300.0,2019-01-02 14:20:00,"415 Main St, Los Angeles, CA 90001",January
149036,Flatscreen TV,1,300.0,2019-01-24 08:39:00,"764 Meadow St, Los Angeles, CA 90001",January
150421,Flatscreen TV,1,300.0,2019-01-31 20:06:00,"24 Chestnut St, San Francisco, CA 94016",January
145102,Flatscreen TV,1,300.0,2019-01-29 14:55:00,"546 Main St, Seattle, WA 98101",January
145369,Flatscreen TV,1,300.0,2019-01-02 16:55:00,"70 7th St, Dallas, TX 75001",January
145725,Flatscreen TV,1,300.0,2019-01-11 19:52:00,"756 Lincoln St, Seattle, WA 98101",January
146598,Flatscreen TV,1,300.0,2019-01-11 09:13:00,"892 12th St, Atlanta, GA 30301",January
147154,Flatscreen TV,1,300.0,2019-01-05 22:27:00,"505 11th St, New York City, NY 10001",January
142549,Flatscreen TV,1,300.0,2019-01-11 10:19:00,"267 West St, Austin, TX 73301",January
143297,Flatscreen TV,1,300.0,2019-01-27 13:51:00,"260 South St, Los Angeles, CA 90001",January
144871,Flatscreen TV,1,300.0,2019-01-13 12:07:00,"440 Park St, Los Angeles, CA 90001",January
145808,Flatscreen TV,1,300.0,2019-01-14 22:00:00,"80 Meadow St, Dallas, TX 75001",January
146443,Flatscreen TV,1,300.0,2019-01-15 17:19:00,"928 Spruce St, San Francisco, CA 94016",January
157423,Flatscreen TV,1,300.0,2019-02-22 14:30:00,"777 8th St, Los Angeles, CA 90001",February
160015,Flatscreen TV,1,300.0,2019-02-11 20:24:00,"47 7th St, Atlanta, GA 30301",February
153555,Flatscreen TV,1,300.0,2019-02-17 02:17:00,"987 Wilson St, Seattle, WA 98101",February
155473,Flatscreen TV,1,300.0,2019-02-14 02:52:00,"37 8th St, Los Angeles, CA 90001",February
160275,Flatscreen TV,1,300.0,2019-02-07 22:33:00,"459 Spruce St, Dallas, TX 75001",February
160141,Flatscreen TV,1,300.0,2019-02-17 20:05:00,"373 1st St, San Francisco, CA 94016",February
154243,Flatscreen TV,1,300.0,2019-02-20 12:24:00,"75 2nd St, Boston, MA 02215",February
161936,Flatscreen TV,1,300.0,2019-02-21 01:41:00,"266 Jackson St, Seattle, WA 98101",February
161827,Flatscreen TV,1,300.0,2019-02-03 00:09:00,"4 2nd St, Boston, MA 02215",February
156773,Flatscreen TV,1,300.0,2019-02-26 20:43:00,"291 Chestnut St, New York City, NY 10001",February
157758,Flatscreen TV,1,300.0,2019-02-15 09:18:00,"411 Sunset St, San Francisco, CA 94016",February
160050,Flatscreen TV,1,300.0,2019-02-22 14:43:00,"700 Wilson St, San Francisco, CA 94016",February
158704,Flatscreen TV,1,300.0,2019-02-07 14:57:00,"81 2nd St, New York City, NY 10001",February
155819,Flatscreen TV,1,300.0,2019-02-20 05:01:00,"339 Walnut St, San Francisco, CA 94016",February
155852,Flatscreen TV,1,300.0,2019-02-22 12:30:00,"475 Highland St, Atlanta, GA 30301",February
157127,Flatscreen TV,1,300.0,2019-02-01 11:35:00,"326 North St, Los Angeles, CA 90001",February
158818,Flatscreen TV,1,300.0,2019-02-19 13:25:00,"356 10th St, Seattle, WA 98101",February
153759,Flatscreen TV,1,300.0,2019-02-08 23:43:00,"893 11th St, New York City, NY 10001",February
158570,Flatscreen TV,1,300.0,2019-02-17 13:01:00,"238 Forest St, San Francisco, CA 94016",February
157157,Flatscreen TV,1,300.0,2019-02-15 22:03:00,"296 Johnson St, New York City, NY 10001",February
160634,Flatscreen TV,1,300.0,2019-02-21 04:29:00,"687 Walnut St, San Francisco, CA 94016",February
151684,Flatscreen TV,1,300.0,2019-02-22 21:58:00,"112 Ridge St, Los Angeles, CA 90001",February
153341,Flatscreen TV,1,300.0,2019-02-15 13:21:00,"116 Willow St, Austin, TX 73301",February
158349,Flatscreen TV,1,300.0,2019-02-25 19:12:00,"918 Jefferson St, New York City, NY 10001",February
161490,Flatscreen TV,1,300.0,2019-02-28 08:32:00,"184 Maple St, Atlanta, GA 30301",February
150983,Flatscreen TV,1,300.0,2019-02-13 15:43:00,"502 4th St, Boston, MA 02215",February
151635,Flatscreen TV,1,300.0,2019-02-24 09:13:00,"793 Hill St, Atlanta, GA 30301",February
158329,Flatscreen TV,1,300.0,2019-02-25 11:18:00,"398 Adams St, New York City, NY 10001",February
150985,Flatscreen TV,1,300.0,2019-02-20 12:27:00,"221 Hickory St, Los Angeles, CA 90001",February
155911,Flatscreen TV,1,300.0,2019-02-10 13:09:00,"81 Highland St, San Francisco, CA 94016",February
152164,Flatscreen TV,1,300.0,2019-02-15 13:46:00,"264 Cedar St, San Francisco, CA 94016",February
157501,Flatscreen TV,1,300.0,2019-02-23 23:52:00,"201 North St, Atlanta, GA 30301",February
152607,Flatscreen TV,1,300.0,2019-02-14 14:16:00,"475 Highland St, Boston, MA 02215",February
154459,Flatscreen TV,1,300.0,2019-02-16 23:54:00,"872 8th St, Seattle, WA 98101",February
152250,Flatscreen TV,1,300.0,2019-02-25 10:33:00,"584 1st St, San Francisco, CA 94016",February
151093,Flatscreen TV,1,300.0,2019-02-09 22:20:00,"744 River St, Portland, OR 97035",February
152990,Flatscreen TV,1,300.0,2019-02-07 12:18:00,"121 11th St, San Francisco, CA 94016",February
158652,Flatscreen TV,1,300.0,2019-02-15 14:56:00,"54 Spruce St, Los Angeles, CA 90001",February
150816,Flatscreen TV,1,300.0,2019-02-15 09:51:00,"769 Johnson St, San Francisco, CA 94016",February
156085,Flatscreen TV,1,300.0,2019-02-15 20:05:00,"95 7th St, New York City, NY 10001",February
159516,Flatscreen TV,1,300.0,2019-02-10 20:39:00,"925 8th St, San Francisco, CA 94016",February
157245,Flatscreen TV,1,300.0,2019-02-18 13:50:00,"560 Adams St, New York City, NY 10001",February
157668,Flatscreen TV,1,300.0,2019-02-26 09:47:00,"294 Lakeview St, New York City, NY 10001",February
160349,Flatscreen TV,1,300.0,2019-02-14 10:46:00,"477 Madison St, Atlanta, GA 30301",February
152091,Flatscreen TV,1,300.0,2019-02-11 19:44:00,"338 Park St, Dallas, TX 75001",February
153868,Flatscreen TV,1,300.0,2019-02-07 21:21:00,"73 Highland St, Boston, MA 02215",February
156301,Flatscreen TV,1,300.0,2019-02-06 18:13:00,"967 Lakeview St, Atlanta, GA 30301",February
156523,Flatscreen TV,1,300.0,2019-02-26 21:58:00,"223 Highland St, New York City, NY 10001",February
157189,Flatscreen TV,1,300.0,2019-02-23 18:44:00,"299 11th St, New York City, NY 10001",February
159600,Flatscreen TV,1,300.0,2019-02-10 17:51:00,"387 Dogwood St, Boston, MA 02215",February
153624,Flatscreen TV,1,300.0,2019-02-13 13:22:00,"346 Lincoln St, Dallas, TX 75001",February
154391,Flatscreen TV,1,300.0,2019-02-12 12:40:00,"718 Johnson St, New York City, NY 10001",February
158673,Flatscreen TV,1,300.0,2019-02-01 13:06:00,"391 Lake St, San Francisco, CA 94016",February
171019,Flatscreen TV,1,300.0,2019-03-14 23:02:00,"959 Willow St, Portland, OR 97035",March
162833,Flatscreen TV,1,300.0,2019-03-28 20:49:00,"764 Sunset St, Boston, MA 02215",March
165878,Flatscreen TV,1,300.0,2019-03-23 20:24:00,"786 Ridge St, Portland, OR 97035",March
173115,Flatscreen TV,1,300.0,2019-03-13 09:02:00,"420 12th St, Seattle, WA 98101",March
175839,Flatscreen TV,1,300.0,2019-03-01 16:16:00,"819 Highland St, New York City, NY 10001",March
162949,Flatscreen TV,1,300.0,2019-03-17 17:16:00,"390 12th St, New York City, NY 10001",March
169103,Flatscreen TV,1,300.0,2019-03-26 16:08:00,"8 4th St, Los Angeles, CA 90001",March
170855,Flatscreen TV,1,300.0,2019-03-28 15:52:00,"451 Pine St, Atlanta, GA 30301",March
174094,Flatscreen TV,1,300.0,2019-03-15 00:05:00,"788 9th St, Los Angeles, CA 90001",March
162332,Flatscreen TV,1,300.0,2019-03-20 14:23:00,"925 10th St, Atlanta, GA 30301",March
162977,Flatscreen TV,1,300.0,2019-03-25 07:24:00,"940 South St, Boston, MA 02215",March
169733,Flatscreen TV,1,300.0,2019-03-11 01:45:00,"400 4th St, Austin, TX 73301",March
175481,Flatscreen TV,1,300.0,2019-03-20 15:03:00,"90 Cherry St, New York City, NY 10001",March
169553,Flatscreen TV,2,300.0,2019-03-18 13:42:00,"455 Washington St, San Francisco, CA 94016",March
171567,Flatscreen TV,1,300.0,2019-03-03 10:45:00,"96 Highland St, San Francisco, CA 94016",March
175100,Flatscreen TV,1,300.0,2019-03-24 12:37:00,"505 14th St, San Francisco, CA 94016",March
162581,Flatscreen TV,1,300.0,2019-03-05 15:07:00,"903 8th St, Dallas, TX 75001",March
169840,Flatscreen TV,1,300.0,2019-03-23 15:30:00,"744 Wilson St, Atlanta, GA 30301",March
165387,Flatscreen TV,1,300.0,2019-03-24 17:17:00,"17 Lake St, San Francisco, CA 94016",March
168011,Flatscreen TV,1,300.0,2019-03-15 11:51:00,"102 North St, San Francisco, CA 94016",March
176315,Flatscreen TV,1,300.0,2019-03-11 09:47:00,"335 North St, Atlanta, GA 30301",March
168971,Flatscreen TV,1,300.0,2019-03-28 22:45:00,"481 Ridge St, San Francisco, CA 94016",March
175483,Flatscreen TV,1,300.0,2019-03-04 10:11:00,"284 Ridge St, Los Angeles, CA 90001",March
170559,Flatscreen TV,1,300.0,2019-03-10 00:29:00,"863 Park St, Atlanta, GA 30301",March
171623,Flatscreen TV,1,300.0,2019-03-16 15:04:00,"623 Lakeview St, Dallas, TX 75001",March
171836,Flatscreen TV,1,300.0,2019-03-15 19:28:00,"364 13th St, New York City, NY 10001",March
175885,Flatscreen TV,1,300.0,2019-03-11 08:49:00,"259 7th St, Atlanta, GA 30301",March
162092,Flatscreen TV,1,300.0,2019-03-18 11:29:00,"477 11th St, Seattle, WA 98101",March
175947,Flatscreen TV,1,300.0,2019-03-19 11:52:00,"250 Dogwood St, San Francisco, CA 94016",March
162582,Flatscreen TV,1,300.0,2019-03-16 11:45:00,"97 9th St, New York City, NY 10001",March
167006,Flatscreen TV,1,300.0,2019-03-24 15:34:00,"975 1st St, Portland, OR 97035",March
162163,Flatscreen TV,1,300.0,2019-03-25 07:48:00,"61 Sunset St, Los Angeles, CA 90001",March
168207,Flatscreen TV,1,300.0,2019-03-04 09:32:00,"184 Cedar St, San Francisco, CA 94016",March
176055,Flatscreen TV,1,300.0,2019-03-16 13:41:00,"943 South St, Austin, TX 73301",March
162890,Flatscreen TV,1,300.0,2019-03-24 20:59:00,"956 Park St, San Francisco, CA 94016",March
169131,Flatscreen TV,1,300.0,2019-03-27 19:43:00,"358 Madison St, Dallas, TX 75001",March
163923,Flatscreen TV,1,300.0,2019-03-08 19:25:00,"871 River St, Dallas, TX 75001",March
164380,Flatscreen TV,1,300.0,2019-03-31 13:10:00,"947 Church St, San Francisco, CA 94016",March
175820,Flatscreen TV,1,300.0,2019-03-02 17:28:00,"895 11th St, Seattle, WA 98101",March
162916,Flatscreen TV,1,300.0,2019-03-10 19:22:00,"485 South St, New York City, NY 10001",March
168313,Flatscreen TV,1,300.0,2019-03-09 10:44:00,"914 12th St, San Francisco, CA 94016",March
168919,Flatscreen TV,1,300.0,2019-03-19 06:49:00,"293 Lakeview St, Los Angeles, CA 90001",March
176207,Flatscreen TV,1,300.0,2019-03-25 19:06:00,"868 South St, New York City, NY 10001",March
168934,Flatscreen TV,1,300.0,2019-03-06 04:39:00,"627 Chestnut St, Los Angeles, CA 90001",March
162097,Flatscreen TV,1,300.0,2019-03-28 13:43:00,"929 Elm St, New York City, NY 10001",March
167593,Flatscreen TV,1,300.0,2019-03-09 19:21:00,"797 10th St, Portland, OR 97035",March
173881,Flatscreen TV,1,300.0,2019-03-26 17:29:00,"960 Dogwood St, Seattle, WA 98101",March
174682,Flatscreen TV,1,300.0,2019-03-29 18:52:00,"197 7th St, Los Angeles, CA 90001",March
163665,Flatscreen TV,1,300.0,2019-03-19 12:51:00,"296 Main St, Dallas, TX 75001",March
175659,Flatscreen TV,1,300.0,2019-03-10 18:58:00,"505 Hickory St, New York City, NY 10001",March
169611,Flatscreen TV,1,300.0,2019-03-17 11:33:00,"498 Wilson St, New York City, NY 10001",March
174684,Flatscreen TV,1,300.0,2019-03-02 21:56:00,"756 Hill St, Atlanta, GA 30301",March
163443,Flatscreen TV,1,300.0,2019-03-11 12:33:00,"365 Lincoln St, Portland, ME 04101",March
165131,Flatscreen TV,1,300.0,2019-03-12 11:00:00,"187 4th St, Los Angeles, CA 90001",March
167359,Flatscreen TV,1,300.0,2019-03-07 22:02:00,"110 13th St, Austin, TX 73301",March
162521,Flatscreen TV,1,300.0,2019-03-30 08:12:00,"304 Hickory St, Seattle, WA 98101",March
162770,Flatscreen TV,1,300.0,2019-03-30 17:54:00,"749 2nd St, San Francisco, CA 94016",March
162502,Flatscreen TV,1,300.0,2019-03-15 16:20:00,"700 South St, Boston, MA 02215",March
167118,Flatscreen TV,1,300.0,2019-03-25 13:34:00,"118 Church St, Los Angeles, CA 90001",March
167299,Flatscreen TV,1,300.0,2019-03-28 15:07:00,"158 Willow St, Boston, MA 02215",March
167932,Flatscreen TV,1,300.0,2019-03-15 22:20:00,"525 Jackson St, San Francisco, CA 94016",March
168249,Flatscreen TV,1,300.0,2019-03-07 18:12:00,"65 Lincoln St, Dallas, TX 75001",March
168206,Flatscreen TV,1,300.0,2019-03-19 09:08:00,"382 Willow St, San Francisco, CA 94016",March
167806,Flatscreen TV,1,300.0,2019-03-03 12:21:00,"46 Wilson St, Boston, MA 02215",March
175809,Flatscreen TV,1,300.0,2019-03-21 19:22:00,"120 8th St, San Francisco, CA 94016",March
182461,Flatscreen TV,1,300.0,2019-04-26 16:05:00,"438 4th St, San Francisco, CA 94016",April
185233,Flatscreen TV,1,300.0,2019-04-20 22:44:00,"858 North St, Seattle, WA 98101",April
191783,Flatscreen TV,1,300.0,2019-04-07 07:53:00,"920 West St, San Francisco, CA 94016",April
183427,Flatscreen TV,1,300.0,2019-04-18 20:33:00,"946 13th St, New York City, NY 10001",April
185476,Flatscreen TV,1,300.0,2019-04-25 18:59:00,"929 7th St, Los Angeles, CA 90001",April
179836,Flatscreen TV,1,300.0,2019-04-26 22:16:00,"697 Cherry St, Seattle, WA 98101",April
188932,Flatscreen TV,1,300.0,2019-04-29 11:45:00,"325 Church St, Los Angeles, CA 90001",April
193408,Flatscreen TV,1,300.0,2019-04-28 07:41:00,"300 8th St, Dallas, TX 75001",April
193617,Flatscreen TV,1,300.0,2019-04-30 18:41:00,"828 12th St, Portland, OR 97035",April
177688,Flatscreen TV,1,300.0,2019-04-24 19:18:00,"618 North St, Boston, MA 02215",April
180267,Flatscreen TV,1,300.0,2019-04-10 18:15:00,"784 Lake St, Boston, MA 02215",April
189833,Flatscreen TV,1,300.0,2019-04-24 18:47:00,"540 Lincoln St, Dallas, TX 75001",April
191956,Flatscreen TV,1,300.0,2019-04-23 23:41:00,"654 4th St, Los Angeles, CA 90001",April
184908,Flatscreen TV,1,300.0,2019-04-12 18:16:00,"148 Hill St, Los Angeles, CA 90001",April
187642,Flatscreen TV,1,300.0,2019-04-12 12:43:00,"281 Maple St, Austin, TX 73301",April
189675,Flatscreen TV,1,300.0,2019-04-20 02:34:00,"405 Cherry St, New York City, NY 10001",April
180307,Flatscreen TV,1,300.0,2019-04-04 15:30:00,"329 Lakeview St, New York City, NY 10001",April
180621,Flatscreen TV,1,300.0,2019-04-01 12:37:00,"212 Center St, Austin, TX 73301",April
185252,Flatscreen TV,1,300.0,2019-04-09 07:44:00,"952 Jackson St, Boston, MA 02215",April
192429,Flatscreen TV,1,300.0,2019-04-24 12:44:00,"412 Wilson St, Seattle, WA 98101",April
180212,Flatscreen TV,1,300.0,2019-04-30 09:45:00,"657 13th St, Los Angeles, CA 90001",April
181145,Flatscreen TV,1,300.0,2019-04-24 20:12:00,"811 Park St, Atlanta, GA 30301",April
191477,Flatscreen TV,1,300.0,2019-04-04 18:48:00,"912 6th St, Portland, OR 97035",April
188911,Flatscreen TV,1,300.0,2019-04-18 23:58:00,"129 8th St, Portland, OR 97035",April
178022,Flatscreen TV,1,300.0,2019-04-27 20:55:00,"786 Dogwood St, Los Angeles, CA 90001",April
189080,Flatscreen TV,1,300.0,2019-04-02 08:32:00,"541 Forest St, Portland, OR 97035",April
191842,Flatscreen TV,1,300.0,2019-04-23 14:59:00,"462 Meadow St, Portland, OR 97035",April
191408,Flatscreen TV,1,300.0,2019-04-02 12:55:00,"305 Madison St, Los Angeles, CA 90001",April
180637,Flatscreen TV,1,300.0,2019-04-10 18:34:00,"798 Cherry St, Austin, TX 73301",April
191821,Flatscreen TV,1,300.0,2019-04-26 12:15:00,"651 Main St, San Francisco, CA 94016",April
188926,Flatscreen TV,1,300.0,2019-04-23 15:06:00,"565 10th St, San Francisco, CA 94016",April
177045,Flatscreen TV,1,300.0,2019-04-07 22:40:00,"570 1st St, New York City, NY 10001",April
185246,Flatscreen TV,1,300.0,2019-04-27 14:48:00,"893 6th St, Atlanta, GA 30301",April
187380,Flatscreen TV,1,300.0,2019-04-24 12:48:00,"831 Meadow St, Los Angeles, CA 90001",April
177081,Flatscreen TV,1,300.0,2019-04-09 08:36:00,"920 West St, San Francisco, CA 94016",April
177819,Flatscreen TV,1,300.0,2019-04-21 10:31:00,"176 Willow St, Los Angeles, CA 90001",April
187152,Flatscreen TV,1,300.0,2019-04-15 09:54:00,"420 9th St, Atlanta, GA 30301",April
192080,Flatscreen TV,1,300.0,2019-04-12 09:19:00,"312 Ridge St, Dallas, TX 75001",April
182050,Flatscreen TV,1,300.0,2019-04-23 19:40:00,"871 9th St, Portland, OR 97035",April
192150,Flatscreen TV,1,300.0,2019-04-22 19:55:00,"746 Highland St, Portland, OR 97035",April
177123,Flatscreen TV,1,300.0,2019-04-09 11:54:00,"910 Cedar St, San Francisco, CA 94016",April
179423,Flatscreen TV,1,300.0,2019-04-25 16:58:00,"879 Hill St, Austin, TX 73301",April
179944,Flatscreen TV,1,300.0,2019-04-28 09:38:00,"704 Highland St, New York City, NY 10001",April
190691,Flatscreen TV,1,300.0,2019-04-05 23:04:00,"291 Jackson St, New York City, NY 10001",April
192454,Flatscreen TV,1,300.0,2019-04-11 20:56:00,"104 4th St, Dallas, TX 75001",April
179932,Flatscreen TV,1,300.0,2019-04-30 21:17:00,"13 Lincoln St, Los Angeles, CA 90001",April
192273,Flatscreen TV,1,300.0,2019-04-24 17:59:00,"131 West St, Dallas, TX 75001",April
179740,Flatscreen TV,1,300.0,2019-04-20 16:49:00,"260 1st St, Boston, MA 02215",April
183785,Flatscreen TV,1,300.0,2019-04-13 13:35:00,"767 5th St, New York City, NY 10001",April
178283,Flatscreen TV,1,300.0,2019-04-10 15:16:00,"353 Dogwood St, San Francisco, CA 94016",April
179610,Flatscreen TV,1,300.0,2019-04-20 18:52:00,"947 7th St, San Francisco, CA 94016",April
179731,Flatscreen TV,1,300.0,2019-04-17 00:28:00,"897 7th St, San Francisco, CA 94016",April
188754,Flatscreen TV,1,300.0,2019-04-30 20:25:00,"821 Adams St, San Francisco, CA 94016",April
192578,Flatscreen TV,1,300.0,2019-04-27 20:20:00,"492 Lakeview St, Portland, OR 97035",April
184924,Flatscreen TV,1,300.0,2019-04-09 14:52:00,"241 Church St, San Francisco, CA 94016",April
189576,Flatscreen TV,1,300.0,2019-04-11 12:05:00,"289 South St, New York City, NY 10001",April
184162,Flatscreen TV,1,300.0,2019-04-18 15:41:00,"711 Ridge St, Los Angeles, CA 90001",April
192276,Flatscreen TV,1,300.0,2019-04-27 06:40:00,"699 10th St, Los Angeles, CA 90001",April
179737,Flatscreen TV,1,300.0,2019-04-16 16:10:00,"189 1st St, Seattle, WA 98101",April
182475,Flatscreen TV,1,300.0,2019-04-27 06:18:00,"433 Maple St, New York City, NY 10001",April
192786,Flatscreen TV,1,300.0,2019-04-12 12:55:00,"85 Johnson St, Austin, TX 73301",April
200904,Flatscreen TV,1,300.0,2019-05-18 10:34:00,"697 Elm St, San Francisco, CA 94016",May
196106,Flatscreen TV,1,300.0,2019-05-03 04:57:00,"67 Madison St, Seattle, WA 98101",May
200123,Flatscreen TV,1,300.0,2019-05-08 12:48:00,"413 Main St, Dallas, TX 75001",May
201549,Flatscreen TV,1,300.0,2019-05-02 18:57:00,"785 Willow St, Dallas, TX 75001",May
196143,Flatscreen TV,1,300.0,2019-05-11 20:01:00,"134 Jefferson St, New York City, NY 10001",May
202788,Flatscreen TV,1,300.0,2019-05-14 16:29:00,"370 Lake St, Los Angeles, CA 90001",May
208264,Flatscreen TV,1,300.0,2019-05-05 12:24:00,"319 Park St, Atlanta, GA 30301",May
209055,Flatscreen TV,1,300.0,2019-05-10 17:27:00,"421 Main St, Boston, MA 02215",May
195115,Flatscreen TV,1,300.0,2019-05-27 21:31:00,"607 Wilson St, New York City, NY 10001",May
197631,Flatscreen TV,1,300.0,2019-05-11 21:05:00,"65 Church St, Portland, ME 04101",May
205869,Flatscreen TV,1,300.0,2019-05-10 14:37:00,"145 West St, San Francisco, CA 94016",May
207052,Flatscreen TV,1,300.0,2019-05-03 05:46:00,"880 Meadow St, New York City, NY 10001",May
199899,Flatscreen TV,1,300.0,2019-05-03 16:11:00,"395 Forest St, Austin, TX 73301",May
208267,Flatscreen TV,1,300.0,2019-05-29 10:52:00,"988 South St, Boston, MA 02215",May
197618,Flatscreen TV,1,300.0,2019-05-30 20:44:00,"879 Johnson St, Portland, OR 97035",May
205284,Flatscreen TV,1,300.0,2019-05-13 15:36:00,"748 Meadow St, New York City, NY 10001",May
207066,Flatscreen TV,1,300.0,2019-05-24 00:41:00,"58 Elm St, Los Angeles, CA 90001",May
195214,Flatscreen TV,1,300.0,2019-05-24 23:15:00,"725 Chestnut St, Dallas, TX 75001",May
197219,Flatscreen TV,1,300.0,2019-05-17 14:07:00,"957 9th St, New York City, NY 10001",May
208195,Flatscreen TV,1,300.0,2019-05-25 15:03:00,"374 Hickory St, Los Angeles, CA 90001",May
204259,Flatscreen TV,1,300.0,2019-05-08 17:57:00,"418 13th St, Boston, MA 02215",May
196583,Flatscreen TV,1,300.0,2019-05-11 12:17:00,"401 Church St, San Francisco, CA 94016",May
207885,Flatscreen TV,1,300.0,2019-05-18 07:29:00,"93 1st St, San Francisco, CA 94016",May
204841,Flatscreen TV,1,300.0,2019-05-11 13:23:00,"434 Center St, San Francisco, CA 94016",May
206420,Flatscreen TV,1,300.0,2019-05-20 08:58:00,"80 South St, Boston, MA 02215",May
206446,Flatscreen TV,1,300.0,2019-05-23 13:58:00,"97 Elm St, Los Angeles, CA 90001",May
203752,Flatscreen TV,1,300.0,2019-05-21 08:09:00,"269 Adams St, Los Angeles, CA 90001",May
204174,Flatscreen TV,1,300.0,2019-05-05 16:23:00,"495 Park St, San Francisco, CA 94016",May
195672,Flatscreen TV,1,300.0,2019-05-25 12:30:00,"498 Adams St, Los Angeles, CA 90001",May
201939,Flatscreen TV,1,300.0,2019-05-23 07:06:00,"676 Pine St, Boston, MA 02215",May
208487,Flatscreen TV,1,300.0,2019-05-23 00:43:00,"183 South St, Boston, MA 02215",May
199652,Flatscreen TV,1,300.0,2019-05-14 13:58:00,"254 South St, Boston, MA 02215",May
197734,Flatscreen TV,1,300.0,2019-05-05 16:00:00,"158 Washington St, Dallas, TX 75001",May
198479,Flatscreen TV,1,300.0,2019-05-17 20:36:00,"388 Washington St, Los Angeles, CA 90001",May
206646,Flatscreen TV,1,300.0,2019-05-20 07:20:00,"693 Willow St, Los Angeles, CA 90001",May
195613,Flatscreen TV,1,300.0,2019-05-24 19:36:00,"248 Lake St, Austin, TX 73301",May
209154,Flatscreen TV,1,300.0,2019-05-08 12:07:00,"45 Wilson St, Portland, OR 97035",May
195704,Flatscreen TV,1,300.0,2019-05-19 19:37:00,"428 Hill St, Los Angeles, CA 90001",May
202783,Flatscreen TV,1,300.0,2019-05-14 17:39:00,"671 Center St, Los Angeles, CA 90001",May
196540,Flatscreen TV,1,300.0,2019-05-15 18:23:00,"800 11th St, Portland, OR 97035",May
196778,Flatscreen TV,1,300.0,2019-05-18 22:05:00,"724 11th St, San Francisco, CA 94016",May
197620,Flatscreen TV,1,300.0,2019-05-09 19:53:00,"589 Spruce St, Boston, MA 02215",May
199460,Flatscreen TV,1,300.0,2019-05-28 15:07:00,"488 Spruce St, San Francisco, CA 94016",May
203406,Flatscreen TV,1,300.0,2019-05-20 17:19:00,"432 7th St, Boston, MA 02215",May
207835,Flatscreen TV,1,300.0,2019-05-30 19:11:00,"64 Ridge St, Austin, TX 73301",May
195085,Flatscreen TV,1,300.0,2019-05-05 09:15:00,"244 Highland St, San Francisco, CA 94016",May
204418,Flatscreen TV,1,300.0,2019-05-19 16:39:00,"302 Sunset St, Boston, MA 02215",May
204490,Flatscreen TV,1,300.0,2019-05-14 12:58:00,"451 11th St, Seattle, WA 98101",May
194466,Flatscreen TV,1,300.0,2019-05-24 19:22:00,"29 11th St, Seattle, WA 98101",May
204912,Flatscreen TV,1,300.0,2019-05-08 19:37:00,"285 Chestnut St, Boston, MA 02215",May
199268,Flatscreen TV,1,300.0,2019-05-12 09:59:00,"655 Sunset St, Boston, MA 02215",May
202919,Flatscreen TV,1,300.0,2019-05-01 16:51:00,"382 Lake St, Boston, MA 02215",May
207426,Flatscreen TV,1,300.0,2019-05-08 22:59:00,"930 Willow St, San Francisco, CA 94016",May
194908,Flatscreen TV,1,300.0,2019-05-31 17:25:00,"731 Church St, Los Angeles, CA 90001",May
199653,Flatscreen TV,1,300.0,2019-05-02 11:20:00,"671 Lake St, Atlanta, GA 30301",May
200170,Flatscreen TV,1,300.0,2019-05-08 22:55:00,"195 7th St, Seattle, WA 98101",May
205491,Flatscreen TV,1,300.0,2019-05-15 13:23:00,"791 14th St, Los Angeles, CA 90001",May
203692,Flatscreen TV,1,300.0,2019-05-02 14:13:00,"745 Cherry St, Austin, TX 73301",May
206562,Flatscreen TV,1,300.0,2019-05-21 11:44:00,"726 Dogwood St, San Francisco, CA 94016",May
194820,Flatscreen TV,1,300.0,2019-05-05 10:18:00,"497 7th St, Portland, ME 04101",May
200226,Flatscreen TV,1,300.0,2019-05-27 08:00:00,"569 13th St, Boston, MA 02215",May
201845,Flatscreen TV,1,300.0,2019-05-25 23:41:00,"242 Elm St, Portland, OR 97035",May
203858,Flatscreen TV,1,300.0,2019-05-21 19:22:00,"992 Main St, Los Angeles, CA 90001",May
203926,Flatscreen TV,1,300.0,2019-05-19 15:16:00,"562 Walnut St, Seattle, WA 98101",May
206934,Flatscreen TV,1,300.0,2019-05-10 12:44:00,"496 Walnut St, Boston, MA 02215",May
196717,Flatscreen TV,1,300.0,2019-05-21 14:24:00,"992 4th St, Los Angeles, CA 90001",May
209841,Flatscreen TV,1,300.0,2019-05-26 15:39:00,"4 12th St, San Francisco, CA 94016",May
210664,Flatscreen TV,1,300.0,2019-06-24 17:45:00,"222 Hickory St, Boston, MA 02215",June
215369,Flatscreen TV,1,300.0,2019-06-13 02:05:00,"901 Maple St, San Francisco, CA 94016",June
210279,Flatscreen TV,1,300.0,2019-06-14 09:02:00,"809 Spruce St, San Francisco, CA 94016",June
211196,Flatscreen TV,1,300.0,2019-06-22 11:24:00,"11 Center St, Austin, TX 73301",June
216150,Flatscreen TV,1,300.0,2019-06-18 19:38:00,"18 Cedar St, Dallas, TX 75001",June
216323,Flatscreen TV,1,300.0,2019-06-28 11:53:00,"606 Adams St, Los Angeles, CA 90001",June
217521,Flatscreen TV,1,300.0,2019-06-01 21:18:00,"298 Elm St, Los Angeles, CA 90001",June
220806,Flatscreen TV,1,300.0,2019-06-14 06:48:00,"653 West St, San Francisco, CA 94016",June
217326,Flatscreen TV,1,300.0,2019-06-11 17:29:00,"488 12th St, Seattle, WA 98101",June
210500,Flatscreen TV,1,300.0,2019-06-08 16:00:00,"706 Main St, San Francisco, CA 94016",June
220402,Flatscreen TV,1,300.0,2019-06-17 10:02:00,"444 Pine St, San Francisco, CA 94016",June
215149,Flatscreen TV,1,300.0,2019-06-24 23:38:00,"966 Johnson St, Boston, MA 02215",June
218584,Flatscreen TV,1,300.0,2019-06-16 22:59:00,"806 Willow St, San Francisco, CA 94016",June
215526,Flatscreen TV,1,300.0,2019-06-30 23:47:00,"598 9th St, Dallas, TX 75001",June
217605,Flatscreen TV,1,300.0,2019-06-16 11:39:00,"877 Washington St, Dallas, TX 75001",June
218795,Flatscreen TV,1,300.0,2019-06-13 11:11:00,"929 4th St, Dallas, TX 75001",June
215288,Flatscreen TV,1,300.0,2019-06-27 09:53:00,"367 Dogwood St, San Francisco, CA 94016",June
217402,Flatscreen TV,1,300.0,2019-06-17 00:29:00,"472 Lakeview St, New York City, NY 10001",June
217631,Flatscreen TV,1,300.0,2019-06-03 06:44:00,"248 10th St, Boston, MA 02215",June
211431,Flatscreen TV,1,300.0,2019-06-15 08:09:00,"641 Maple St, Seattle, WA 98101",June
215963,Flatscreen TV,1,300.0,2019-06-17 22:45:00,"173 Washington St, Los Angeles, CA 90001",June
212321,Flatscreen TV,1,300.0,2019-06-16 23:04:00,"295 Willow St, San Francisco, CA 94016",June
222303,Flatscreen TV,1,300.0,2019-06-19 18:21:00,"586 Church St, Atlanta, GA 30301",June
219620,Flatscreen TV,1,300.0,2019-06-22 18:06:00,"224 West St, Austin, TX 73301",June
215789,Flatscreen TV,1,300.0,2019-06-21 22:46:00,"972 Main St, Seattle, WA 98101",June
212280,Flatscreen TV,1,300.0,2019-06-07 13:31:00,"412 Highland St, New York City, NY 10001",June
212311,Flatscreen TV,1,300.0,2019-06-26 20:24:00,"942 Cherry St, Portland, ME 04101",June
213328,Flatscreen TV,1,300.0,2019-06-24 20:10:00,"191 Lake St, Los Angeles, CA 90001",June
220912,Flatscreen TV,1,300.0,2019-06-06 21:41:00,"772 Maple St, Los Angeles, CA 90001",June
211882,Flatscreen TV,1,300.0,2019-06-23 20:29:00,"269 Walnut St, Los Angeles, CA 90001",June
211953,Flatscreen TV,1,300.0,2019-06-29 19:51:00,"116 Hickory St, New York City, NY 10001",June
212329,Flatscreen TV,1,300.0,2019-06-02 17:47:00,"90 Park St, San Francisco, CA 94016",June
222600,Flatscreen TV,1,300.0,2019-06-28 20:02:00,"985 10th St, San Francisco, CA 94016",June
211029,Flatscreen TV,1,300.0,2019-06-24 09:24:00,"587 Hill St, Portland, OR 97035",June
211181,Flatscreen TV,1,300.0,2019-06-29 08:48:00,"151 Washington St, Austin, TX 73301",June
218394,Flatscreen TV,1,300.0,2019-06-06 18:16:00,"677 Forest St, Dallas, TX 75001",June
221137,Flatscreen TV,1,300.0,2019-06-08 08:58:00,"195 North St, Boston, MA 02215",June
214182,Flatscreen TV,1,300.0,2019-06-06 12:16:00,"762 5th St, San Francisco, CA 94016",June
219211,Flatscreen TV,1,300.0,2019-06-08 16:10:00,"9 Washington St, Los Angeles, CA 90001",June
220041,Flatscreen TV,1,300.0,2019-06-21 23:10:00,"475 1st St, Seattle, WA 98101",June
217134,Flatscreen TV,1,300.0,2019-06-09 08:06:00,"104 River St, San Francisco, CA 94016",June
218519,Flatscreen TV,1,300.0,2019-06-23 22:24:00,"245 Lake St, Portland, ME 04101",June
216334,Flatscreen TV,1,300.0,2019-06-15 14:27:00,"596 12th St, New York City, NY 10001",June
219489,Flatscreen TV,1,300.0,2019-06-13 13:34:00,"350 Willow St, San Francisco, CA 94016",June
219706,Flatscreen TV,1,300.0,2019-06-20 06:59:00,"618 2nd St, San Francisco, CA 94016",June
220201,Flatscreen TV,1,300.0,2019-06-08 08:33:00,"239 11th St, San Francisco, CA 94016",June
213137,Flatscreen TV,1,300.0,2019-06-05 22:34:00,"506 Cherry St, San Francisco, CA 94016",June
221078,Flatscreen TV,1,300.0,2019-06-21 21:41:00,"952 Church St, Austin, TX 73301",June
224786,Flatscreen TV,1,300.0,2019-07-28 10:45:00,"551 6th St, New York City, NY 10001",July
223115,Flatscreen TV,1,300.0,2019-07-02 13:15:00,"836 Johnson St, New York City, NY 10001",July
231128,Flatscreen TV,1,300.0,2019-07-28 09:46:00,"735 Elm St, San Francisco, CA 94016",July
227171,Flatscreen TV,1,300.0,2019-07-25 03:49:00,"660 Meadow St, Los Angeles, CA 90001",July
229482,Flatscreen TV,1,300.0,2019-07-28 20:35:00,"692 14th St, New York City, NY 10001",July
233493,Flatscreen TV,1,300.0,2019-07-03 11:38:00,"336 Madison St, San Francisco, CA 94016",July
234747,Flatscreen TV,1,300.0,2019-07-30 12:08:00,"234 8th St, Los Angeles, CA 90001",July
235786,Flatscreen TV,1,300.0,2019-07-17 11:24:00,"617 11th St, Seattle, WA 98101",July
231741,Flatscreen TV,1,300.0,2019-07-22 20:48:00,"712 Hickory St, New York City, NY 10001",July
231912,Flatscreen TV,1,300.0,2019-07-20 17:24:00,"427 South St, Portland, ME 04101",July
234705,Flatscreen TV,1,300.0,2019-07-06 20:47:00,"166 South St, Portland, OR 97035",July
233246,Flatscreen TV,1,300.0,2019-07-08 20:44:00,"25 Hickory St, San Francisco, CA 94016",July
226341,Flatscreen TV,1,300.0,2019-07-03 20:46:00,"25 Cedar St, Dallas, TX 75001",July
229037,Flatscreen TV,1,300.0,2019-07-07 12:01:00,"363 Ridge St, Austin, TX 73301",July
229429,Flatscreen TV,1,300.0,2019-07-13 22:46:00,"194 Sunset St, Portland, OR 97035",July
235876,Flatscreen TV,1,300.0,2019-07-23 20:44:00,"124 Willow St, Austin, TX 73301",July
236459,Flatscreen TV,1,300.0,2019-07-26 14:51:00,"56 Highland St, Dallas, TX 75001",July
230256,Flatscreen TV,1,300.0,2019-07-23 07:30:00,"26 Jackson St, Boston, MA 02215",July
234054,Flatscreen TV,1,300.0,2019-07-25 19:54:00,"163 River St, Los Angeles, CA 90001",July
228815,Flatscreen TV,1,300.0,2019-07-07 13:27:00,"183 10th St, Boston, MA 02215",July
230625,Flatscreen TV,1,300.0,2019-07-23 15:28:00,"599 Walnut St, New York City, NY 10001",July
224007,Flatscreen TV,1,300.0,2019-07-30 22:20:00,"883 Highland St, New York City, NY 10001",July
225151,Flatscreen TV,1,300.0,2019-07-05 16:51:00,"985 12th St, Boston, MA 02215",July
228407,Flatscreen TV,1,300.0,2019-07-28 11:38:00,"771 West St, Dallas, TX 75001",July
230593,Flatscreen TV,1,300.0,2019-07-13 21:23:00,"641 1st St, Los Angeles, CA 90001",July
231285,Flatscreen TV,1,300.0,2019-07-10 13:22:00,"869 Lake St, San Francisco, CA 94016",July
233713,Flatscreen TV,2,300.0,2019-07-11 13:19:00,"505 6th St, New York City, NY 10001",July
222938,Flatscreen TV,1,300.0,2019-07-20 17:49:00,"523 Hickory St, Dallas, TX 75001",July
224226,Flatscreen TV,1,300.0,2019-07-31 16:57:00,"657 Sunset St, San Francisco, CA 94016",July
227659,Flatscreen TV,1,300.0,2019-07-29 10:01:00,"908 Cedar St, San Francisco, CA 94016",July
230686,Flatscreen TV,1,300.0,2019-07-26 11:36:00,"897 Center St, Los Angeles, CA 90001",July
229218,Flatscreen TV,1,300.0,2019-07-19 20:49:00,"265 13th St, Los Angeles, CA 90001",July
223998,Flatscreen TV,1,300.0,2019-07-31 13:15:00,"635 Walnut St, San Francisco, CA 94016",July
225669,Flatscreen TV,1,300.0,2019-07-01 09:03:00,"427 Wilson St, Los Angeles, CA 90001",July
235572,Flatscreen TV,1,300.0,2019-07-15 15:27:00,"378 14th St, Atlanta, GA 30301",July
224249,Flatscreen TV,1,300.0,2019-07-28 11:01:00,"637 Dogwood St, Boston, MA 02215",July
230677,Flatscreen TV,1,300.0,2019-07-29 00:04:00,"193 Jackson St, Dallas, TX 75001",July
235861,Flatscreen TV,1,300.0,2019-07-25 18:09:00,"262 Wilson St, Seattle, WA 98101",July
236583,Flatscreen TV,1,300.0,2019-07-16 11:47:00,"596 Ridge St, Seattle, WA 98101",July
226113,Flatscreen TV,1,300.0,2019-07-24 09:38:00,"975 Hickory St, Los Angeles, CA 90001",July
230673,Flatscreen TV,1,300.0,2019-07-26 11:36:00,"938 Hickory St, Austin, TX 73301",July
224674,Flatscreen TV,1,300.0,2019-07-01 17:47:00,"1 4th St, Atlanta, GA 30301",July
225818,Flatscreen TV,1,300.0,2019-07-10 21:00:00,"873 Park St, San Francisco, CA 94016",July
235957,Flatscreen TV,1,300.0,2019-07-29 10:22:00,"857 Church St, San Francisco, CA 94016",July
225720,Flatscreen TV,1,300.0,2019-07-25 20:22:00,"844 Walnut St, San Francisco, CA 94016",July
230952,Flatscreen TV,1,300.0,2019-07-03 18:35:00,"878 Cedar St, San Francisco, CA 94016",July
235431,Flatscreen TV,1,300.0,2019-07-21 14:46:00,"147 Park St, New York City, NY 10001",July
223377,Flatscreen TV,1,300.0,2019-07-08 06:54:00,"245 8th St, Portland, OR 97035",July
224199,Flatscreen TV,1,300.0,2019-07-07 22:29:00,"289 Highland St, San Francisco, CA 94016",July
230786,Flatscreen TV,1,300.0,2019-07-13 21:59:00,"352 Adams St, San Francisco, CA 94016",July
233689,Flatscreen TV,1,300.0,2019-07-09 10:37:00,"623 Spruce St, Boston, MA 02215",July
230590,Flatscreen TV,1,300.0,2019-07-15 14:47:00,"445 River St, New York City, NY 10001",July
236647,Flatscreen TV,1,300.0,2019-07-07 19:09:00,"969 Hill St, Los Angeles, CA 90001",July
225965,Flatscreen TV,1,300.0,2019-07-23 17:13:00,"91 4th St, Dallas, TX 75001",July
233675,Flatscreen TV,1,300.0,2019-07-31 12:40:00,"191 River St, San Francisco, CA 94016",July
224483,Flatscreen TV,1,300.0,2019-07-31 23:42:00,"540 Maple St, San Francisco, CA 94016",July
233459,Flatscreen TV,1,300.0,2019-07-04 16:45:00,"750 9th St, San Francisco, CA 94016",July
240653,Flatscreen TV,1,300.0,2019-08-03 09:51:00,"569 Church St, Austin, TX 73301",August
245152,Flatscreen TV,1,300.0,2019-08-22 00:52:00,"334 Elm St, Austin, TX 73301",August
239409,Flatscreen TV,1,300.0,2019-08-26 17:05:00,"955 12th St, San Francisco, CA 94016",August
241446,Flatscreen TV,1,300.0,2019-08-11 08:10:00,"537 Lake St, Dallas, TX 75001",August
246516,Flatscreen TV,1,300.0,2019-08-10 17:18:00,"781 Cedar St, San Francisco, CA 94016",August
247208,Flatscreen TV,1,300.0,2019-08-08 13:19:00,"558 7th St, Seattle, WA 98101",August
240003,Flatscreen TV,1,300.0,2019-08-19 20:21:00,"328 South St, Boston, MA 02215",August
246429,Flatscreen TV,1,300.0,2019-08-31 15:42:00,"942 Jackson St, Atlanta, GA 30301",August
246210,Flatscreen TV,1,300.0,2019-08-02 09:41:00,"964 4th St, New York City, NY 10001",August
238454,Flatscreen TV,1,300.0,2019-08-02 09:51:00,"816 North St, Boston, MA 02215",August
241095,Flatscreen TV,1,300.0,2019-08-11 20:44:00,"986 West St, Seattle, WA 98101",August
245850,Flatscreen TV,1,300.0,2019-08-08 06:33:00,"274 Hickory St, Dallas, TX 75001",August
245987,Flatscreen TV,1,300.0,2019-08-04 21:52:00,"180 Maple St, Boston, MA 02215",August
246279,Flatscreen TV,1,300.0,2019-08-14 22:50:00,"983 Washington St, New York City, NY 10001",August
246637,Flatscreen TV,1,300.0,2019-08-09 20:43:00,"696 Meadow St, Los Angeles, CA 90001",August
236964,Flatscreen TV,1,300.0,2019-08-05 18:23:00,"960 Spruce St, Austin, TX 73301",August
243560,Flatscreen TV,1,300.0,2019-08-22 21:42:00,"128 Johnson St, New York City, NY 10001",August
247105,Flatscreen TV,1,300.0,2019-08-25 07:09:00,"987 Spruce St, New York City, NY 10001",August
237671,Flatscreen TV,1,300.0,2019-08-07 15:06:00,"700 Lincoln St, New York City, NY 10001",August
238840,Flatscreen TV,1,300.0,2019-08-17 15:46:00,"978 4th St, Portland, OR 97035",August
246830,Flatscreen TV,1,300.0,2019-08-17 08:39:00,"525 1st St, Los Angeles, CA 90001",August
247925,Flatscreen TV,1,300.0,2019-08-19 14:34:00,"913 1st St, Seattle, WA 98101",August
237894,Flatscreen TV,1,300.0,2019-08-01 13:41:00,"11 Forest St, Boston, MA 02215",August
237784,Flatscreen TV,1,300.0,2019-08-29 11:35:00,"951 Jackson St, Boston, MA 02215",August
245453,Flatscreen TV,1,300.0,2019-08-31 00:15:00,"427 Sunset St, New York City, NY 10001",August
246788,Flatscreen TV,1,300.0,2019-08-19 12:35:00,"379 Church St, San Francisco, CA 94016",August
240730,Flatscreen TV,1,300.0,2019-08-09 09:03:00,"681 Adams St, Atlanta, GA 30301",August
245947,Flatscreen TV,1,300.0,2019-08-14 22:30:00,"673 Sunset St, Los Angeles, CA 90001",August
236704,Flatscreen TV,1,300.0,2019-08-11 08:52:00,"415 Ridge St, San Francisco, CA 94016",August
238436,Flatscreen TV,1,300.0,2019-08-17 13:34:00,"773 River St, Los Angeles, CA 90001",August
238665,Flatscreen TV,1,300.0,2019-08-23 14:11:00,"555 6th St, New York City, NY 10001",August
247019,Flatscreen TV,1,300.0,2019-08-21 14:33:00,"504 Johnson St, Los Angeles, CA 90001",August
237366,Flatscreen TV,1,300.0,2019-08-08 18:10:00,"752 Center St, Seattle, WA 98101",August
239831,Flatscreen TV,1,300.0,2019-08-07 12:45:00,"830 Lincoln St, Portland, OR 97035",August
242169,Flatscreen TV,1,300.0,2019-08-13 14:31:00,"710 10th St, Los Angeles, CA 90001",August
237292,Flatscreen TV,1,300.0,2019-08-09 20:58:00,"349 Maple St, Los Angeles, CA 90001",August
237856,Flatscreen TV,1,300.0,2019-08-18 23:11:00,"855 1st St, Atlanta, GA 30301",August
240433,Flatscreen TV,1,300.0,2019-08-06 11:06:00,"822 Jackson St, San Francisco, CA 94016",August
242871,Flatscreen TV,1,300.0,2019-08-27 18:23:00,"996 Madison St, Dallas, TX 75001",August
242718,Flatscreen TV,1,300.0,2019-08-21 18:20:00,"599 2nd St, San Francisco, CA 94016",August
243832,Flatscreen TV,1,300.0,2019-08-10 21:58:00,"543 Main St, San Francisco, CA 94016",August
237806,Flatscreen TV,1,300.0,2019-08-25 19:19:00,"175 River St, Portland, ME 04101",August
242251,Flatscreen TV,1,300.0,2019-08-09 19:23:00,"267 Cherry St, San Francisco, CA 94016",August
246800,Flatscreen TV,1,300.0,2019-08-09 22:38:00,"969 Cedar St, Portland, OR 97035",August
245249,Flatscreen TV,1,300.0,2019-08-06 18:09:00,"636 Lakeview St, Atlanta, GA 30301",August
247533,Flatscreen TV,1,300.0,2019-08-25 08:45:00,"374 9th St, San Francisco, CA 94016",August
246414,Flatscreen TV,1,300.0,2019-08-26 19:55:00,"549 Lakeview St, Los Angeles, CA 90001",August
236891,Flatscreen TV,1,300.0,2019-08-07 13:41:00,"385 4th St, Portland, ME 04101",August
239716,Flatscreen TV,1,300.0,2019-08-20 01:37:00,"454 6th St, Los Angeles, CA 90001",August
237842,Flatscreen TV,1,300.0,2019-08-29 22:03:00,"421 10th St, Portland, OR 97035",August
238138,Flatscreen TV,1,300.0,2019-08-17 13:19:00,"596 Church St, San Francisco, CA 94016",August
238479,Flatscreen TV,1,300.0,2019-08-16 07:53:00,"192 8th St, San Francisco, CA 94016",August
242543,Flatscreen TV,1,300.0,2019-08-31 19:16:00,"271 Hickory St, San Francisco, CA 94016",August
242988,Flatscreen TV,1,300.0,2019-08-19 13:41:00,"842 Spruce St, Portland, OR 97035",August
242780,Flatscreen TV,1,300.0,2019-08-09 21:05:00,"284 West St, Boston, MA 02215",August
243710,Flatscreen TV,1,300.0,2019-08-27 12:07:00,"321 Jefferson St, Los Angeles, CA 90001",August
244814,Flatscreen TV,1,300.0,2019-08-08 18:40:00,"358 14th St, San Francisco, CA 94016",August
244083,Flatscreen TV,1,300.0,2019-08-02 20:08:00,"251 10th St, Seattle, WA 98101",August
246292,Flatscreen TV,1,300.0,2019-08-18 23:34:00,"208 Park St, New York City, NY 10001",August
237924,Flatscreen TV,1,300.0,2019-08-21 10:07:00,"590 Church St, Seattle, WA 98101",August
238421,Flatscreen TV,1,300.0,2019-08-22 20:45:00,"902 9th St, San Francisco, CA 94016",August
241068,Flatscreen TV,1,300.0,2019-08-11 18:11:00,"475 Sunset St, New York City, NY 10001",August
239558,Flatscreen TV,1,300.0,2019-08-13 13:17:00,"197 Sunset St, San Francisco, CA 94016",August
249703,Flatscreen TV,1,300.0,2019-09-20 11:43:00,"597 Elm St, Dallas, TX 75001",September
258419,Flatscreen TV,1,300.0,2019-09-28 11:28:00,"904 Chestnut St, Los Angeles, CA 90001",September
253989,Flatscreen TV,1,300.0,2019-09-25 15:41:00,"41 Wilson St, Los Angeles, CA 90001",September
256250,Flatscreen TV,1,300.0,2019-09-05 17:23:00,"499 Lakeview St, New York City, NY 10001",September
252729,Flatscreen TV,1,300.0,2019-09-07 17:57:00,"502 Washington St, San Francisco, CA 94016",September
248411,Flatscreen TV,1,300.0,2019-09-26 23:19:00,"112 13th St, Boston, MA 02215",September
256979,Flatscreen TV,1,300.0,2019-09-17 16:43:00,"500 2nd St, San Francisco, CA 94016",September
258928,Flatscreen TV,1,300.0,2019-09-23 08:07:00,"498 Adams St, San Francisco, CA 94016",September
254921,Flatscreen TV,1,300.0,2019-09-23 20:10:00,"208 Jefferson St, Atlanta, GA 30301",September
258933,Flatscreen TV,1,300.0,2019-09-18 11:45:00,"235 7th St, Dallas, TX 75001",September
257744,Flatscreen TV,1,300.0,2019-09-29 15:56:00,"630 Main St, San Francisco, CA 94016",September
249295,Flatscreen TV,1,300.0,2019-09-13 11:02:00,"115 Jefferson St, Boston, MA 02215",September
257595,Flatscreen TV,1,300.0,2019-09-19 17:06:00,"979 Hickory St, Boston, MA 02215",September
252423,Flatscreen TV,1,300.0,2019-09-07 07:39:00,"469 Highland St, Los Angeles, CA 90001",September
257243,Flatscreen TV,1,300.0,2019-09-21 12:31:00,"804 Cedar St, San Francisco, CA 94016",September
249501,Flatscreen TV,1,300.0,2019-09-25 20:37:00,"902 Lakeview St, Dallas, TX 75001",September
256170,Flatscreen TV,1,300.0,2019-09-03 19:06:00,"709 6th St, San Francisco, CA 94016",September
252313,Flatscreen TV,1,300.0,2019-09-04 12:12:00,"188 West St, Los Angeles, CA 90001",September
249632,Flatscreen TV,1,300.0,2019-09-03 19:29:00,"632 Wilson St, San Francisco, CA 94016",September
250008,Flatscreen TV,1,300.0,2019-09-30 11:01:00,"33 Pine St, Portland, ME 04101",September
254167,Flatscreen TV,1,300.0,2019-09-16 22:41:00,"322 Lincoln St, Los Angeles, CA 90001",September
257703,Flatscreen TV,1,300.0,2019-09-14 15:30:00,"66 9th St, Austin, TX 73301",September
253006,Flatscreen TV,1,300.0,2019-09-03 13:58:00,"230 North St, Seattle, WA 98101",September
257487,Flatscreen TV,1,300.0,2019-09-16 07:50:00,"860 Meadow St, Dallas, TX 75001",September
253910,Flatscreen TV,1,300.0,2019-09-13 15:35:00,"101 5th St, Boston, MA 02215",September
256558,Flatscreen TV,1,300.0,2019-09-28 08:35:00,"45 9th St, Atlanta, GA 30301",September
249207,Flatscreen TV,1,300.0,2019-09-25 19:57:00,"504 Jefferson St, Los Angeles, CA 90001",September
257864,Flatscreen TV,1,300.0,2019-09-19 17:16:00,"935 Washington St, San Francisco, CA 94016",September
252748,Flatscreen TV,1,300.0,2019-09-05 16:38:00,"953 Elm St, Boston, MA 02215",September
249746,Flatscreen TV,1,300.0,2019-09-12 18:14:00,"4 Sunset St, Los Angeles, CA 90001",September
256843,Flatscreen TV,1,300.0,2019-09-17 18:42:00,"508 Walnut St, Portland, OR 97035",September
249627,Flatscreen TV,1,300.0,2019-09-20 14:13:00,"744 1st St, San Francisco, CA 94016",September
258017,Flatscreen TV,1,300.0,2019-09-23 11:59:00,"497 Johnson St, Austin, TX 73301",September
248975,Flatscreen TV,1,300.0,2019-09-11 12:31:00,"934 12th St, San Francisco, CA 94016",September
255170,Flatscreen TV,1,300.0,2019-09-01 23:03:00,"896 River St, New York City, NY 10001",September
252222,Flatscreen TV,1,300.0,2019-09-14 06:47:00,"724 1st St, Los Angeles, CA 90001",September
248797,Flatscreen TV,1,300.0,2019-09-25 14:09:00,"846 Adams St, Atlanta, GA 30301",September
253085,Flatscreen TV,1,300.0,2019-09-21 21:42:00,"74 Sunset St, Boston, MA 02215",September
254741,Flatscreen TV,1,300.0,2019-09-23 17:50:00,"886 Johnson St, Atlanta, GA 30301",September
259515,Flatscreen TV,1,300.0,2019-10-12 10:35:00,"279 Madison St, Austin, TX 73301",October
260030,Flatscreen TV,1,300.0,2019-10-23 10:07:00,"211 10th St, Austin, TX 73301",October
261590,Flatscreen TV,1,300.0,2019-10-07 22:03:00,"851 Sunset St, Atlanta, GA 30301",October
265323,Flatscreen TV,1,300.0,2019-10-16 17:46:00,"291 7th St, Los Angeles, CA 90001",October
266667,Flatscreen TV,1,300.0,2019-10-18 16:30:00,"245 South St, Atlanta, GA 30301",October
268136,Flatscreen TV,1,300.0,2019-10-11 08:39:00,"32 South St, Boston, MA 02215",October
275392,Flatscreen TV,1,300.0,2019-10-16 20:02:00,"972 Wilson St, San Francisco, CA 94016",October
261366,Flatscreen TV,1,300.0,2019-10-24 16:28:00,"728 Center St, Atlanta, GA 30301",October
262913,Flatscreen TV,1,300.0,2019-10-30 17:51:00,"72 Hickory St, Atlanta, GA 30301",October
263715,Flatscreen TV,1,300.0,2019-10-04 15:23:00,"739 Walnut St, New York City, NY 10001",October
271822,Flatscreen TV,1,300.0,2019-10-31 07:46:00,"180 Cedar St, Los Angeles, CA 90001",October
274430,Flatscreen TV,1,300.0,2019-10-31 10:16:00,"690 7th St, Dallas, TX 75001",October
261239,Flatscreen TV,1,300.0,2019-10-17 13:21:00,"320 Center St, Los Angeles, CA 90001",October
266097,Flatscreen TV,1,300.0,2019-10-05 19:51:00,"114 10th St, San Francisco, CA 94016",October
266723,Flatscreen TV,1,300.0,2019-10-23 21:49:00,"437 Johnson St, New York City, NY 10001",October
268209,Flatscreen TV,1,300.0,2019-10-12 01:06:00,"694 Park St, San Francisco, CA 94016",October
275552,Flatscreen TV,1,300.0,2019-10-04 08:51:00,"940 14th St, San Francisco, CA 94016",October
260979,Flatscreen TV,1,300.0,2019-10-11 22:30:00,"726 Main St, San Francisco, CA 94016",October
268726,Flatscreen TV,1,300.0,2019-10-04 12:15:00,"606 10th St, San Francisco, CA 94016",October
274262,Flatscreen TV,1,300.0,2019-10-05 13:12:00,"739 11th St, Atlanta, GA 30301",October
278084,Flatscreen TV,1,300.0,2019-10-18 09:25:00,"297 Center St, San Francisco, CA 94016",October
261549,Flatscreen TV,1,300.0,2019-10-14 09:51:00,"823 6th St, San Francisco, CA 94016",October
264782,Flatscreen TV,1,300.0,2019-10-05 23:23:00,"763 9th St, San Francisco, CA 94016",October
265425,Flatscreen TV,1,300.0,2019-10-02 10:37:00,"895 Jefferson St, Austin, TX 73301",October
272798,Flatscreen TV,1,300.0,2019-10-02 20:14:00,"972 13th St, San Francisco, CA 94016",October
274535,Flatscreen TV,1,300.0,2019-10-02 08:41:00,"327 Madison St, Los Angeles, CA 90001",October
264254,Flatscreen TV,1,300.0,2019-10-20 14:28:00,"774 Jefferson St, Atlanta, GA 30301",October
274945,Flatscreen TV,1,300.0,2019-10-07 11:44:00,"491 Madison St, Portland, OR 97035",October
261498,Flatscreen TV,1,300.0,2019-10-19 11:10:00,"605 Jefferson St, Los Angeles, CA 90001",October
263784,Flatscreen TV,1,300.0,2019-10-22 09:14:00,"421 Cherry St, Austin, TX 73301",October
266912,Flatscreen TV,1,300.0,2019-10-19 19:46:00,"914 Cedar St, New York City, NY 10001",October
266940,Flatscreen TV,1,300.0,2019-10-02 15:21:00,"739 Cedar St, Los Angeles, CA 90001",October
270272,Flatscreen TV,1,300.0,2019-10-07 21:14:00,"136 Elm St, San Francisco, CA 94016",October
260079,Flatscreen TV,1,300.0,2019-10-05 07:29:00,"645 Forest St, New York City, NY 10001",October
266529,Flatscreen TV,1,300.0,2019-10-29 17:06:00,"294 Hill St, Atlanta, GA 30301",October
277223,Flatscreen TV,1,300.0,2019-10-12 06:28:00,"325 5th St, Dallas, TX 75001",October
274988,Flatscreen TV,1,300.0,2019-10-15 13:45:00,"538 12th St, Boston, MA 02215",October
259493,Flatscreen TV,1,300.0,2019-10-19 06:12:00,"336 Wilson St, Boston, MA 02215",October
260421,Flatscreen TV,1,300.0,2019-10-18 20:39:00,"500 7th St, Atlanta, GA 30301",October
266084,Flatscreen TV,1,300.0,2019-10-23 06:26:00,"303 Center St, Atlanta, GA 30301",October
261589,Flatscreen TV,1,300.0,2019-10-25 09:15:00,"836 River St, San Francisco, CA 94016",October
262931,Flatscreen TV,1,300.0,2019-10-17 10:20:00,"790 Hickory St, Austin, TX 73301",October
261819,Flatscreen TV,1,300.0,2019-10-17 08:40:00,"236 Center St, San Francisco, CA 94016",October
268638,Flatscreen TV,1,300.0,2019-10-18 13:35:00,"651 Cherry St, Austin, TX 73301",October
270357,Flatscreen TV,1,300.0,2019-10-21 13:01:00,"490 Forest St, Los Angeles, CA 90001",October
264781,Flatscreen TV,1,300.0,2019-10-02 07:27:00,"672 North St, Los Angeles, CA 90001",October
269398,Flatscreen TV,1,300.0,2019-10-28 19:44:00,"399 2nd St, New York City, NY 10001",October
262569,Flatscreen TV,1,300.0,2019-10-23 10:07:00,"930 6th St, Atlanta, GA 30301",October
263072,Flatscreen TV,1,300.0,2019-10-12 16:27:00,"670 Johnson St, Atlanta, GA 30301",October
264620,Flatscreen TV,1,300.0,2019-10-13 14:25:00,"152 Adams St, Seattle, WA 98101",October
269665,Flatscreen TV,1,300.0,2019-10-25 18:12:00,"53 Park St, San Francisco, CA 94016",October
273373,Flatscreen TV,1,300.0,2019-10-30 09:30:00,"117 North St, San Francisco, CA 94016",October
274235,Flatscreen TV,1,300.0,2019-10-14 12:14:00,"658 14th St, San Francisco, CA 94016",October
265418,Flatscreen TV,1,300.0,2019-10-15 22:02:00,"103 10th St, Atlanta, GA 30301",October
261405,Flatscreen TV,1,300.0,2019-10-07 17:16:00,"418 Adams St, Austin, TX 73301",October
262454,Flatscreen TV,1,300.0,2019-10-16 16:49:00,"836 2nd St, San Francisco, CA 94016",October
268451,Flatscreen TV,1,300.0,2019-10-24 07:28:00,"14 Highland St, Boston, MA 02215",October
269261,Flatscreen TV,1,300.0,2019-10-23 19:15:00,"62 1st St, San Francisco, CA 94016",October
278528,Flatscreen TV,1,300.0,2019-10-22 18:21:00,"714 Meadow St, Atlanta, GA 30301",October
276089,Flatscreen TV,1,300.0,2019-10-14 19:49:00,"405 Sunset St, Austin, TX 73301",October
263215,Flatscreen TV,1,300.0,2019-10-28 11:55:00,"24 Jefferson St, New York City, NY 10001",October
272445,Flatscreen TV,1,300.0,2019-10-29 05:17:00,"106 Johnson St, Dallas, TX 75001",October
278650,Flatscreen TV,1,300.0,2019-10-10 20:43:00,"35 1st St, Los Angeles, CA 90001",October
263583,Flatscreen TV,1,300.0,2019-10-05 12:35:00,"634 Adams St, Los Angeles, CA 90001",October
271350,Flatscreen TV,1,300.0,2019-10-29 04:33:00,"281 10th St, New York City, NY 10001",October
276844,Flatscreen TV,1,300.0,2019-10-26 22:51:00,"44 Cedar St, San Francisco, CA 94016",October
261020,Flatscreen TV,1,300.0,2019-10-09 20:18:00,"74 13th St, Seattle, WA 98101",October
269809,Flatscreen TV,1,300.0,2019-10-21 15:25:00,"659 Sunset St, New York City, NY 10001",October
271764,Flatscreen TV,1,300.0,2019-10-25 13:10:00,"645 Church St, Los Angeles, CA 90001",October
261541,Flatscreen TV,1,300.0,2019-10-07 16:47:00,"725 Ridge St, New York City, NY 10001",October
275497,Flatscreen TV,1,300.0,2019-10-10 21:34:00,"881 West St, Boston, MA 02215",October
262815,Flatscreen TV,1,300.0,2019-10-05 21:52:00,"643 Park St, San Francisco, CA 94016",October
263395,Flatscreen TV,1,300.0,2019-10-16 11:52:00,"527 10th St, Atlanta, GA 30301",October
269951,Flatscreen TV,1,300.0,2019-10-24 12:54:00,"80 Church St, Boston, MA 02215",October
273240,Flatscreen TV,1,300.0,2019-10-16 09:01:00,"77 4th St, New York City, NY 10001",October
275043,Flatscreen TV,1,300.0,2019-10-15 19:06:00,"920 Maple St, Boston, MA 02215",October
262230,Flatscreen TV,1,300.0,2019-10-10 12:40:00,"239 Walnut St, Seattle, WA 98101",October
267693,Flatscreen TV,1,300.0,2019-10-24 23:36:00,"272 Chestnut St, San Francisco, CA 94016",October
260010,Flatscreen TV,1,300.0,2019-10-07 09:57:00,"436 6th St, San Francisco, CA 94016",October
261244,Flatscreen TV,1,300.0,2019-10-20 13:00:00,"803 Jefferson St, Atlanta, GA 30301",October
262222,Flatscreen TV,1,300.0,2019-10-27 23:20:00,"233 Jefferson St, Los Angeles, CA 90001",October
262229,Flatscreen TV,1,300.0,2019-10-30 10:34:00,"853 Park St, San Francisco, CA 94016",October
269577,Flatscreen TV,1,300.0,2019-10-20 10:47:00,"564 Jefferson St, Dallas, TX 75001",October
269604,Flatscreen TV,1,300.0,2019-10-09 18:38:00,"819 Hickory St, Los Angeles, CA 90001",October
270019,Flatscreen TV,1,300.0,2019-10-17 10:36:00,"833 10th St, Boston, MA 02215",October
279317,Flatscreen TV,1,300.0,2019-11-02 21:57:00,"153 Wilson St, San Francisco, CA 94016",November
286276,Flatscreen TV,1,300.0,2019-11-07 09:33:00,"304 10th St, New York City, NY 10001",November
291303,Flatscreen TV,1,300.0,2019-11-26 14:21:00,"865 South St, Los Angeles, CA 90001",November
295177,Flatscreen TV,1,300.0,2019-11-16 08:25:00,"74 8th St, San Francisco, CA 94016",November
292379,Flatscreen TV,1,300.0,2019-11-24 14:50:00,"893 South St, Los Angeles, CA 90001",November
280350,Flatscreen TV,1,300.0,2019-11-07 18:30:00,"574 Center St, Boston, MA 02215",November
291542,Flatscreen TV,1,300.0,2019-11-18 15:13:00,"793 7th St, San Francisco, CA 94016",November
285177,Flatscreen TV,1,300.0,2019-11-06 16:25:00,"346 Spruce St, Atlanta, GA 30301",November
279066,Flatscreen TV,1,300.0,2019-11-30 23:19:00,"79 Hickory St, New York City, NY 10001",November
287676,Flatscreen TV,1,300.0,2019-11-07 17:53:00,"695 12th St, Portland, OR 97035",November
285604,Flatscreen TV,1,300.0,2019-11-27 16:12:00,"375 Park St, Dallas, TX 75001",November
279672,Flatscreen TV,1,300.0,2019-11-02 12:13:00,"813 Highland St, Portland, OR 97035",November
288462,Flatscreen TV,1,300.0,2019-11-22 21:10:00,"220 4th St, San Francisco, CA 94016",November
289265,Flatscreen TV,1,300.0,2019-11-22 01:04:00,"376 Wilson St, San Francisco, CA 94016",November
294707,Flatscreen TV,1,300.0,2019-11-18 07:35:00,"468 Center St, San Francisco, CA 94016",November
295196,Flatscreen TV,1,300.0,2019-11-25 16:35:00,"699 Chestnut St, Austin, TX 73301",November
287756,Flatscreen TV,1,300.0,2019-11-21 09:45:00,"540 Church St, Boston, MA 02215",November
290222,Flatscreen TV,1,300.0,2019-11-02 20:11:00,"245 Hickory St, Boston, MA 02215",November
292426,Flatscreen TV,1,300.0,2019-11-13 21:03:00,"479 Maple St, New York City, NY 10001",November
295119,Flatscreen TV,1,300.0,2019-11-04 06:41:00,"616 Chestnut St, Portland, OR 97035",November
285544,Flatscreen TV,1,300.0,2019-11-14 16:27:00,"355 Cherry St, Boston, MA 02215",November
282665,Flatscreen TV,1,300.0,2019-11-10 17:02:00,"226 Jackson St, Portland, OR 97035",November
292013,Flatscreen TV,1,300.0,2019-11-21 13:45:00,"604 North St, Atlanta, GA 30301",November
280029,Flatscreen TV,1,300.0,2019-11-20 20:06:00,"446 Sunset St, Seattle, WA 98101",November
280856,Flatscreen TV,1,300.0,2019-11-15 11:13:00,"857 6th St, Dallas, TX 75001",November
283730,Flatscreen TV,1,300.0,2019-11-04 17:59:00,"295 14th St, New York City, NY 10001",November
283917,Flatscreen TV,1,300.0,2019-11-26 20:34:00,"781 Forest St, San Francisco, CA 94016",November
283950,Flatscreen TV,1,300.0,2019-11-11 15:48:00,"613 Highland St, New York City, NY 10001",November
295438,Flatscreen TV,1,300.0,2019-11-07 11:20:00,"318 Dogwood St, Seattle, WA 98101",November
281161,Flatscreen TV,1,300.0,2019-11-28 11:29:00,"613 4th St, Boston, MA 02215",November
281503,Flatscreen TV,1,300.0,2019-11-25 18:47:00,"829 14th St, Boston, MA 02215",November
282715,Flatscreen TV,1,300.0,2019-11-27 23:10:00,"870 Hill St, Seattle, WA 98101",November
289045,Flatscreen TV,1,300.0,2019-11-27 15:01:00,"387 Highland St, Boston, MA 02215",November
293935,Flatscreen TV,1,300.0,2019-11-21 10:31:00,"683 Adams St, Los Angeles, CA 90001",November
279379,Flatscreen TV,1,300.0,2019-11-11 11:34:00,"92 Maple St, Seattle, WA 98101",November
281137,Flatscreen TV,1,300.0,2019-11-09 19:35:00,"718 River St, San Francisco, CA 94016",November
282972,Flatscreen TV,1,300.0,2019-11-26 22:23:00,"474 Lakeview St, Seattle, WA 98101",November
286200,Flatscreen TV,1,300.0,2019-11-23 20:10:00,"335 Hill St, Los Angeles, CA 90001",November
293399,Flatscreen TV,1,300.0,2019-11-28 21:33:00,"233 Jefferson St, New York City, NY 10001",November
278967,Flatscreen TV,1,300.0,2019-11-05 09:53:00,"803 Wilson St, New York City, NY 10001",November
283764,Flatscreen TV,1,300.0,2019-11-05 19:04:00,"262 Park St, San Francisco, CA 94016",November
291932,Flatscreen TV,1,300.0,2019-11-11 17:16:00,"340 Center St, San Francisco, CA 94016",November
279627,Flatscreen TV,1,300.0,2019-11-28 21:10:00,"88 14th St, Los Angeles, CA 90001",November
286266,Flatscreen TV,1,300.0,2019-11-24 14:19:00,"518 Wilson St, San Francisco, CA 94016",November
287283,Flatscreen TV,2,300.0,2019-11-29 08:32:00,"559 6th St, Los Angeles, CA 90001",November
282726,Flatscreen TV,1,300.0,2019-11-14 18:48:00,"690 6th St, San Francisco, CA 94016",November
280564,Flatscreen TV,1,300.0,2019-11-17 08:02:00,"259 Center St, New York City, NY 10001",November
287729,Flatscreen TV,1,300.0,2019-11-18 12:19:00,"130 Hickory St, New York City, NY 10001",November
290469,Flatscreen TV,1,300.0,2019-11-19 18:03:00,"334 Hickory St, Portland, ME 04101",November
286921,Flatscreen TV,1,300.0,2019-11-15 15:28:00,"916 Jefferson St, Atlanta, GA 30301",November
291579,Flatscreen TV,1,300.0,2019-11-12 14:47:00,"358 11th St, New York City, NY 10001",November
284465,Flatscreen TV,1,300.0,2019-11-11 21:30:00,"80 Wilson St, San Francisco, CA 94016",November
282484,Flatscreen TV,1,300.0,2019-11-14 10:24:00,"636 West St, Dallas, TX 75001",November
284235,Flatscreen TV,1,300.0,2019-11-20 13:35:00,"269 Lake St, Los Angeles, CA 90001",November
291301,Flatscreen TV,1,300.0,2019-11-09 18:56:00,"959 13th St, Dallas, TX 75001",November
279218,Flatscreen TV,1,300.0,2019-11-01 19:20:00,"828 Jackson St, Los Angeles, CA 90001",November
289876,Flatscreen TV,1,300.0,2019-11-11 11:49:00,"885 Church St, San Francisco, CA 94016",November
290098,Flatscreen TV,1,300.0,2019-11-23 11:06:00,"749 Spruce St, Boston, MA 02215",November
285090,Flatscreen TV,1,300.0,2019-11-09 10:02:00,"786 Elm St, New York City, NY 10001",November
287858,Flatscreen TV,1,300.0,2019-11-21 21:09:00,"686 Forest St, Los Angeles, CA 90001",November
290923,Flatscreen TV,1,300.0,2019-11-12 16:22:00,"676 Wilson St, Austin, TX 73301",November
295251,Flatscreen TV,1,300.0,2019-11-04 15:27:00,"89 9th St, Los Angeles, CA 90001",November
285548,Flatscreen TV,1,300.0,2019-11-28 17:49:00,"997 Wilson St, Dallas, TX 75001",November
289650,Flatscreen TV,1,300.0,2019-11-14 14:05:00,"170 Church St, Portland, ME 04101",November
289705,Flatscreen TV,1,300.0,2019-11-06 07:43:00,"163 Park St, New York City, NY 10001",November
301776,Flatscreen TV,1,300.0,2019-12-02 11:19:00,"339 Hickory St, New York City, NY 10001",December
306976,Flatscreen TV,1,300.0,2019-12-30 16:26:00,"912 10th St, Atlanta, GA 30301",December
312412,Flatscreen TV,1,300.0,2019-12-23 12:34:00,"466 Johnson St, Atlanta, GA 30301",December
319403,Flatscreen TV,1,300.0,2019-12-09 17:04:00,"831 11th St, San Francisco, CA 94016",December
296709,Flatscreen TV,1,300.0,2019-12-16 21:31:00,"960 Elm St, Seattle, WA 98101",December
307534,Flatscreen TV,1,300.0,2019-12-18 07:02:00,"366 5th St, Seattle, WA 98101",December
316353,Flatscreen TV,1,300.0,2019-12-08 07:37:00,"665 Washington St, San Francisco, CA 94016",December
298357,Flatscreen TV,1,300.0,2019-12-09 07:25:00,"834 2nd St, Boston, MA 02215",December
298588,Flatscreen TV,1,300.0,2019-12-13 12:08:00,"368 6th St, Boston, MA 02215",December
299174,Flatscreen TV,1,300.0,2019-12-24 19:11:00,"696 12th St, Portland, OR 97035",December
310268,Flatscreen TV,1,300.0,2019-12-08 19:35:00,"696 8th St, Atlanta, GA 30301",December
311451,Flatscreen TV,1,300.0,2019-12-18 17:28:00,"955 7th St, San Francisco, CA 94016",December
318663,Flatscreen TV,1,300.0,2019-12-06 05:09:00,"111 Hill St, San Francisco, CA 94016",December
304744,Flatscreen TV,1,300.0,2019-12-13 20:34:00,"64 7th St, New York City, NY 10001",December
299151,Flatscreen TV,1,300.0,2019-12-02 18:23:00,"112 Highland St, New York City, NY 10001",December
306781,Flatscreen TV,1,300.0,2019-12-12 09:54:00,"919 Jefferson St, Seattle, WA 98101",December
313583,Flatscreen TV,1,300.0,2019-12-08 17:00:00,"283 Adams St, San Francisco, CA 94016",December
305120,Flatscreen TV,1,300.0,2019-12-04 15:01:00,"342 Walnut St, Dallas, TX 75001",December
305410,Flatscreen TV,1,300.0,2019-12-18 21:20:00,"90 Hill St, Boston, MA 02215",December
311920,Flatscreen TV,1,300.0,2019-12-17 22:11:00,"689 Adams St, Boston, MA 02215",December
318620,Flatscreen TV,1,300.0,2019-12-13 13:12:00,"916 Adams St, Dallas, TX 75001",December
297394,Flatscreen TV,1,300.0,2019-12-16 14:18:00,"140 Elm St, San Francisco, CA 94016",December
298983,Flatscreen TV,1,300.0,2019-12-14 12:58:00,"748 Lincoln St, New York City, NY 10001",December
317899,Flatscreen TV,1,300.0,2019-12-09 22:57:00,"612 Madison St, Dallas, TX 75001",December
316537,Flatscreen TV,1,300.0,2019-12-22 02:48:00,"375 12th St, San Francisco, CA 94016",December
310517,Flatscreen TV,1,300.0,2019-12-04 11:31:00,"359 Walnut St, New York City, NY 10001",December
295745,Flatscreen TV,1,300.0,2019-12-24 10:38:00,"124 Lakeview St, New York City, NY 10001",December
312131,Flatscreen TV,1,300.0,2019-12-10 07:53:00,"655 4th St, San Francisco, CA 94016",December
302159,Flatscreen TV,1,300.0,2019-12-31 21:03:00,"721 Dogwood St, Los Angeles, CA 90001",December
310145,Flatscreen TV,1,300.0,2019-12-17 11:12:00,"931 9th St, San Francisco, CA 94016",December
312088,Flatscreen TV,1,300.0,2019-12-06 22:57:00,"24 Cedar St, Dallas, TX 75001",December
317708,Flatscreen TV,1,300.0,2019-12-31 21:31:00,"762 Jefferson St, Austin, TX 73301",December
296482,Flatscreen TV,1,300.0,2019-12-28 23:05:00,"135 9th St, San Francisco, CA 94016",December
296894,Flatscreen TV,1,300.0,2019-12-16 03:56:00,"756 Madison St, Boston, MA 02215",December
297357,Flatscreen TV,1,300.0,2019-12-13 00:30:00,"725 Lakeview St, San Francisco, CA 94016",December
297744,Flatscreen TV,1,300.0,2019-12-21 17:02:00,"435 Maple St, Portland, OR 97035",December
302745,Flatscreen TV,1,300.0,2019-12-01 11:22:00,"541 Pine St, Los Angeles, CA 90001",December
312373,Flatscreen TV,1,300.0,2019-12-10 15:00:00,"689 Wilson St, San Francisco, CA 94016",December
316104,Flatscreen TV,1,300.0,2019-12-05 17:44:00,"777 2nd St, New York City, NY 10001",December
316291,Flatscreen TV,1,300.0,2019-12-21 22:19:00,"338 Chestnut St, New York City, NY 10001",December
317604,Flatscreen TV,1,300.0,2019-12-18 08:41:00,"262 Highland St, Los Angeles, CA 90001",December
306496,Flatscreen TV,1,300.0,2019-12-09 19:16:00,"664 Walnut St, New York City, NY 10001",December
319663,Flatscreen TV,1,300.0,2019-12-07 08:25:00,"334 12th St, Atlanta, GA 30301",December
297167,Flatscreen TV,1,300.0,2019-12-04 23:28:00,"738 Adams St, New York City, NY 10001",December
300775,Flatscreen TV,1,300.0,2019-12-17 14:20:00,"66 Church St, Los Angeles, CA 90001",December
296078,Flatscreen TV,1,300.0,2019-12-27 14:09:00,"383 Church St, Seattle, WA 98101",December
306700,Flatscreen TV,1,300.0,2019-12-13 13:36:00,"408 10th St, Austin, TX 73301",December
306656,Flatscreen TV,1,300.0,2019-12-07 09:13:00,"812 Spruce St, Dallas, TX 75001",December
309720,Flatscreen TV,1,300.0,2019-12-24 18:26:00,"276 Sunset St, San Francisco, CA 94016",December
311080,Flatscreen TV,1,300.0,2019-12-22 22:10:00,"160 River St, San Francisco, CA 94016",December
317413,Flatscreen TV,1,300.0,2019-12-07 18:00:00,"601 Madison St, Dallas, TX 75001",December
319085,Flatscreen TV,1,300.0,2019-12-10 13:19:00,"870 Sunset St, San Francisco, CA 94016",December
298462,Flatscreen TV,1,300.0,2019-12-08 12:04:00,"347 Jackson St, Seattle, WA 98101",December
300629,Flatscreen TV,1,300.0,2019-12-16 20:38:00,"119 Cedar St, Dallas, TX 75001",December
302952,Flatscreen TV,1,300.0,2019-12-02 09:35:00,"877 Washington St, New York City, NY 10001",December
313735,Flatscreen TV,1,300.0,2019-12-08 07:08:00,"767 Johnson St, San Francisco, CA 94016",December
318788,Flatscreen TV,1,300.0,2019-12-05 14:42:00,"572 9th St, Austin, TX 73301",December
299676,Flatscreen TV,1,300.0,2019-12-10 10:04:00,"278 Jackson St, New York City, NY 10001",December
305599,Flatscreen TV,1,300.0,2019-12-27 07:43:00,"599 Church St, San Francisco, CA 94016",December
307777,Flatscreen TV,1,300.0,2019-12-28 22:26:00,"672 Sunset St, Los Angeles, CA 90001",December
318089,Flatscreen TV,1,300.0,2019-12-01 11:52:00,"512 11th St, Dallas, TX 75001",December
301500,Flatscreen TV,1,300.0,2019-12-05 23:23:00,"685 Walnut St, Los Angeles, CA 90001",December
302242,Flatscreen TV,1,300.0,2019-12-09 16:58:00,"973 Spruce St, Seattle, WA 98101",December
310266,Flatscreen TV,1,300.0,2019-12-07 17:15:00,"846 Elm St, Austin, TX 73301",December
312162,Flatscreen TV,1,300.0,2019-12-25 14:40:00,"936 South St, Austin, TX 73301",December
315506,Flatscreen TV,1,300.0,2019-12-28 12:48:00,"62 11th St, San Francisco, CA 94016",December
299538,Flatscreen TV,1,300.0,2019-12-29 23:15:00,"210 North St, Atlanta, GA 30301",December
304616,Flatscreen TV,1,300.0,2019-12-12 10:10:00,"888 River St, San Francisco, CA 94016",December
306828,Flatscreen TV,1,300.0,2019-12-30 00:23:00,"14 Johnson St, Dallas, TX 75001",December
309396,Flatscreen TV,2,300.0,2019-12-04 12:45:00,"880 Washington St, Boston, MA 02215",December
310358,Flatscreen TV,1,300.0,2019-12-27 12:51:00,"797 River St, Atlanta, GA 30301",December
314149,Flatscreen TV,1,300.0,2019-12-01 11:52:00,"117 14th St, Dallas, TX 75001",December
317460,Flatscreen TV,1,300.0,2019-12-18 01:14:00,"701 Willow St, New York City, NY 10001",December
305160,Flatscreen TV,1,300.0,2019-12-12 07:44:00,"397 12th St, Los Angeles, CA 90001",December
318012,Flatscreen TV,1,300.0,2019-12-10 14:42:00,"116 Forest St, Dallas, TX 75001",December
302354,Flatscreen TV,1,300.0,2019-12-29 20:03:00,"47 Park St, San Francisco, CA 94016",December
305230,Flatscreen TV,1,300.0,2019-12-14 15:46:00,"286 Meadow St, Boston, MA 02215",December
318156,Flatscreen TV,1,300.0,2019-12-21 13:52:00,"175 12th St, New York City, NY 10001",December
298551,Flatscreen TV,1,300.0,2019-12-13 11:41:00,"449 9th St, New York City, NY 10001",December
299544,Flatscreen TV,1,300.0,2019-12-09 19:09:00,"9 Dogwood St, San Francisco, CA 94016",December
311543,Flatscreen TV,1,300.0,2019-12-29 11:52:00,"815 Washington St, New York City, NY 10001",December
298691,Flatscreen TV,1,300.0,2019-12-31 19:56:00,"345 Forest St, Portland, OR 97035",December
218464,Flatscreen TV,1,300.0,2019-06-09 12:08:00,"495 Hickory St, Portland, OR 97035",June
235009,Flatscreen TV,1,300.0,2019-07-21 22:05:00,"467 Johnson St, Los Angeles, CA 90001",July
238236,Flatscreen TV,1,300.0,2019-08-05 14:00:00,"87 Meadow St, San Francisco, CA 94016",August
245551,Flatscreen TV,1,300.0,2019-08-22 16:40:00,"454 Adams St, San Francisco, CA 94016",August
274808,Flatscreen TV,1,300.0,2019-10-31 11:24:00,"944 12th St, Los Angeles, CA 90001",October
285518,Flatscreen TV,1,300.0,2019-11-23 06:07:00,"327 Maple St, San Francisco, CA 94016",November
282697,Flatscreen TV,1,300.0,2019-11-03 23:00:00,"764 Johnson St, New York City, NY 10001",November
284535,Flatscreen TV,1,300.0,2019-11-03 11:56:00,"763 River St, New York City, NY 10001",November
293851,Flatscreen TV,1,300.0,2019-11-14 04:01:00,"306 Hill St, San Francisco, CA 94016",November
301884,Flatscreen TV,1,300.0,2019-12-28 13:11:00,"463 Ridge St, San Francisco, CA 94016",December
313821,Flatscreen TV,1,300.0,2019-12-16 19:24:00,"223 North St, Los Angeles, CA 90001",December
319482,Flatscreen TV,1,300.0,2019-12-27 13:28:00,"838 Highland St, Dallas, TX 75001",December
307847,Flatscreen TV,1,300.0,2019-12-05 09:19:00,"439 West St, Los Angeles, CA 90001",December
309208,Flatscreen TV,1,300.0,2019-12-17 17:58:00,"507 Sunset St, San Francisco, CA 94016",December
311462,Flatscreen TV,1,300.0,2019-12-06 14:12:00,"185 Park St, Dallas, TX 75001",December
297317,Flatscreen TV,1,300.0,2019-12-19 17:30:00,"367 Cherry St, Austin, TX 73301",December
304524,Flatscreen TV,1,300.0,2019-12-24 18:09:00,"143 Johnson St, Los Angeles, CA 90001",December
315156,Flatscreen TV,1,300.0,2019-12-12 06:58:00,"262 Dogwood St, San Francisco, CA 94016",December
297566,Flatscreen TV,1,300.0,2019-12-08 21:00:00,"634 Cedar St, Austin, TX 73301",December
308033,Flatscreen TV,1,300.0,2019-12-26 16:26:00,"525 Cherry St, New York City, NY 10001",December
313748,Flatscreen TV,1,300.0,2019-12-24 18:27:00,"211 2nd St, Seattle, WA 98101",December
297918,Flatscreen TV,1,300.0,2019-12-01 23:10:00,"812 Hickory St, Atlanta, GA 30301",December
298528,Flatscreen TV,1,300.0,2019-12-30 23:50:00,"851 Cherry St, Seattle, WA 98101",December
298611,Flatscreen TV,1,300.0,2019-12-29 21:11:00,"949 6th St, Portland, OR 97035",December
303548,Flatscreen TV,1,300.0,2019-12-05 18:17:00,"624 4th St, San Francisco, CA 94016",December
298084,Flatscreen TV,1,300.0,2019-12-03 13:18:00,"202 4th St, Portland, OR 97035",December
298967,Flatscreen TV,1,300.0,2019-12-22 10:18:00,"703 Lake St, San Francisco, CA 94016",December
301454,Flatscreen TV,1,300.0,2019-12-12 09:22:00,"708 Cherry St, New York City, NY 10001",December
303771,Flatscreen TV,1,300.0,2019-12-18 23:25:00,"706 Lincoln St, San Francisco, CA 94016",December
307833,Flatscreen TV,1,300.0,2019-12-03 23:37:00,"601 Willow St, Seattle, WA 98101",December
316863,Flatscreen TV,1,300.0,2019-12-13 10:42:00,"329 Lakeview St, New York City, NY 10001",December
299990,Flatscreen TV,1,300.0,2019-12-04 15:52:00,"785 Church St, Dallas, TX 75001",December
300642,Flatscreen TV,1,300.0,2019-12-28 19:08:00,"841 6th St, Boston, MA 02215",December
304910,Flatscreen TV,1,300.0,2019-12-11 00:41:00,"336 Sunset St, Boston, MA 02215",December
306512,Flatscreen TV,1,300.0,2019-12-28 17:56:00,"575 13th St, Seattle, WA 98101",December
308432,Flatscreen TV,1,300.0,2019-12-14 14:30:00,"19 Maple St, Boston, MA 02215",December
314525,Flatscreen TV,1,300.0,2019-12-18 20:44:00,"76 13th St, Dallas, TX 75001",December
315524,Flatscreen TV,1,300.0,2019-12-03 09:57:00,"489 Madison St, Seattle, WA 98101",December
299536,Flatscreen TV,1,300.0,2019-12-17 22:23:00,"851 Wilson St, Los Angeles, CA 90001",December
317523,Flatscreen TV,1,300.0,2019-12-02 17:32:00,"354 Madison St, Atlanta, GA 30301",December
319110,Flatscreen TV,1,300.0,2019-12-22 21:09:00,"162 Chestnut St, Los Angeles, CA 90001",December
296288,Flatscreen TV,1,300.0,2019-12-13 20:40:00,"277 Wilson St, New York City, NY 10001",December
303610,Flatscreen TV,1,300.0,2019-12-22 08:26:00,"614 5th St, Los Angeles, CA 90001",December
308589,Flatscreen TV,1,300.0,2019-12-17 11:50:00,"644 Park St, New York City, NY 10001",December
318728,Flatscreen TV,1,300.0,2019-12-31 23:11:00,"894 Adams St, Atlanta, GA 30301",December
144297,Flatscreen TV,1,300.0,2019-01-21 14:37:00,"437 Madison St, Atlanta, GA 30301",January
147389,Flatscreen TV,1,300.0,2019-01-25 12:22:00,"292 Pine St, New York City, NY 10001",January
147017,Flatscreen TV,1,300.0,2019-01-31 23:08:00,"615 Madison St, Atlanta, GA 30301",January
141979,Flatscreen TV,1,300.0,2019-01-08 20:21:00,"761 South St, Portland, ME 04101",January
145798,Flatscreen TV,1,300.0,2019-01-04 10:33:00,"467 13th St, Los Angeles, CA 90001",January
143873,Flatscreen TV,1,300.0,2019-01-23 06:40:00,"14 Sunset St, Los Angeles, CA 90001",January
147618,Flatscreen TV,1,300.0,2019-01-12 16:37:00,"527 Highland St, Austin, TX 73301",January
143322,Flatscreen TV,1,300.0,2019-01-20 22:18:00,"80 6th St, San Francisco, CA 94016",January
147805,Flatscreen TV,1,300.0,2019-01-21 15:32:00,"214 Elm St, San Francisco, CA 94016",January
144315,Flatscreen TV,1,300.0,2019-01-28 18:33:00,"9 Johnson St, Atlanta, GA 30301",January
148863,Flatscreen TV,1,300.0,2019-01-25 23:54:00,"785 Walnut St, Boston, MA 02215",January
141627,Flatscreen TV,1,300.0,2019-01-16 10:02:00,"374 Meadow St, Austin, TX 73301",January
144941,Flatscreen TV,1,300.0,2019-01-09 20:43:00,"639 7th St, New York City, NY 10001",January
147620,Flatscreen TV,1,300.0,2019-01-16 16:01:00,"873 Ridge St, Austin, TX 73301",January
149752,Flatscreen TV,1,300.0,2019-01-30 13:02:00,"554 4th St, Seattle, WA 98101",January
144066,Flatscreen TV,1,300.0,2019-01-06 10:36:00,"341 1st St, Atlanta, GA 30301",January
144508,Flatscreen TV,1,300.0,2019-01-06 11:59:00,"202 Highland St, Austin, TX 73301",January
146691,Flatscreen TV,1,300.0,2019-01-16 20:30:00,"18 West St, Los Angeles, CA 90001",January
147045,Flatscreen TV,1,300.0,2019-01-01 14:20:00,"300 9th St, New York City, NY 10001",January
149130,Flatscreen TV,1,300.0,2019-01-21 12:58:00,"218 Lake St, Seattle, WA 98101",January
147020,Flatscreen TV,1,300.0,2019-01-22 21:41:00,"234 Ridge St, Atlanta, GA 30301",January
150481,Flatscreen TV,1,300.0,2019-01-15 20:22:00,"946 13th St, Seattle, WA 98101",January
145524,Flatscreen TV,1,300.0,2019-01-11 10:56:00,"676 Madison St, Los Angeles, CA 90001",January
148946,Flatscreen TV,1,300.0,2019-01-06 01:51:00,"717 Chestnut St, Atlanta, GA 30301",January
148983,Flatscreen TV,1,300.0,2019-01-10 05:02:00,"549 Wilson St, Boston, MA 02215",January
147553,Flatscreen TV,1,300.0,2019-01-10 18:17:00,"386 Johnson St, Boston, MA 02215",January
146976,Flatscreen TV,1,300.0,2019-01-23 19:42:00,"532 Main St, Portland, OR 97035",January
146017,Flatscreen TV,1,300.0,2019-01-15 19:09:00,"236 7th St, Dallas, TX 75001",January
149822,Flatscreen TV,1,300.0,2019-01-07 19:28:00,"659 6th St, Dallas, TX 75001",January
149225,Flatscreen TV,1,300.0,2019-01-12 09:55:00,"143 River St, Seattle, WA 98101",January
148141,Flatscreen TV,1,300.0,2019-01-06 10:29:00,"32 6th St, Seattle, WA 98101",January
152509,Flatscreen TV,1,300.0,2019-02-19 14:17:00,"295 Jackson St, Atlanta, GA 30301",February
151426,Flatscreen TV,1,300.0,2019-02-19 19:21:00,"851 River St, Los Angeles, CA 90001",February
151853,Flatscreen TV,1,300.0,2019-02-27 05:16:00,"520 Hill St, Atlanta, GA 30301",February
161270,Flatscreen TV,1,300.0,2019-02-05 20:51:00,"590 9th St, Portland, OR 97035",February
159913,Flatscreen TV,1,300.0,2019-02-03 17:03:00,"156 14th St, Los Angeles, CA 90001",February
156638,Flatscreen TV,1,300.0,2019-02-22 09:30:00,"168 14th St, Los Angeles, CA 90001",February
160381,Flatscreen TV,1,300.0,2019-02-14 21:46:00,"997 5th St, San Francisco, CA 94016",February
157747,Flatscreen TV,1,300.0,2019-02-28 22:16:00,"885 Jackson St, Dallas, TX 75001",February
158234,Flatscreen TV,1,300.0,2019-02-12 11:52:00,"59 Willow St, Dallas, TX 75001",February
157954,Flatscreen TV,1,300.0,2019-02-28 21:49:00,"42 Willow St, New York City, NY 10001",February
157802,Flatscreen TV,1,300.0,2019-02-12 07:48:00,"546 1st St, Dallas, TX 75001",February
159240,Flatscreen TV,1,300.0,2019-02-12 19:38:00,"29 Elm St, Boston, MA 02215",February
154882,Flatscreen TV,1,300.0,2019-02-02 17:42:00,"571 Adams St, Atlanta, GA 30301",February
153226,Flatscreen TV,1,300.0,2019-02-21 19:13:00,"268 Jackson St, San Francisco, CA 94016",February
154633,Flatscreen TV,1,300.0,2019-02-08 17:51:00,"405 Jefferson St, Atlanta, GA 30301",February
154936,Flatscreen TV,1,300.0,2019-02-28 22:58:00,"446 Center St, Boston, MA 02215",February
157929,Flatscreen TV,1,300.0,2019-02-26 13:35:00,"256 Center St, Seattle, WA 98101",February
159063,Flatscreen TV,1,300.0,2019-02-07 20:24:00,"518 4th St, San Francisco, CA 94016",February
157868,Flatscreen TV,1,300.0,2019-02-05 20:42:00,"464 Church St, Portland, OR 97035",February
151908,Flatscreen TV,1,300.0,2019-02-27 13:04:00,"52 10th St, Portland, ME 04101",February
152571,Flatscreen TV,1,300.0,2019-02-11 16:32:00,"314 Cherry St, New York City, NY 10001",February
153713,Flatscreen TV,1,300.0,2019-02-24 23:31:00,"463 Cherry St, Dallas, TX 75001",February
155039,Flatscreen TV,1,300.0,2019-02-09 21:26:00,"84 Adams St, Dallas, TX 75001",February
151190,Flatscreen TV,1,300.0,2019-02-16 18:43:00,"640 West St, Boston, MA 02215",February
156563,Flatscreen TV,1,300.0,2019-02-22 12:53:00,"788 Chestnut St, New York City, NY 10001",February
160989,Flatscreen TV,1,300.0,2019-02-28 11:07:00,"593 Main St, Atlanta, GA 30301",February
151026,Flatscreen TV,1,300.0,2019-02-12 18:25:00,"730 Cedar St, Portland, OR 97035",February
152904,Flatscreen TV,1,300.0,2019-02-15 21:58:00,"480 Maple St, Atlanta, GA 30301",February
159419,Flatscreen TV,1,300.0,2019-02-08 11:45:00,"670 Adams St, San Francisco, CA 94016",February
155587,Flatscreen TV,1,300.0,2019-02-26 22:49:00,"172 West St, Atlanta, GA 30301",February
158756,Flatscreen TV,1,300.0,2019-02-01 23:27:00,"234 4th St, Los Angeles, CA 90001",February
161767,Flatscreen TV,1,300.0,2019-02-05 15:27:00,"317 8th St, New York City, NY 10001",February
152471,Flatscreen TV,1,300.0,2019-02-08 00:59:00,"923 Chestnut St, Los Angeles, CA 90001",February
153698,Flatscreen TV,1,300.0,2019-02-10 17:52:00,"69 Cedar St, Seattle, WA 98101",February
154335,Flatscreen TV,1,300.0,2019-02-22 18:54:00,"78 Lakeview St, San Francisco, CA 94016",February
157267,Flatscreen TV,1,300.0,2019-02-06 00:17:00,"401 Pine St, Seattle, WA 98101",February
160258,Flatscreen TV,1,300.0,2019-02-28 09:45:00,"857 Meadow St, New York City, NY 10001",February
155954,Flatscreen TV,1,300.0,2019-02-11 15:41:00,"528 Washington St, Portland, OR 97035",February
155042,Flatscreen TV,1,300.0,2019-02-25 20:28:00,"452 Meadow St, San Francisco, CA 94016",February
157629,Flatscreen TV,1,300.0,2019-02-03 06:32:00,"204 Cedar St, New York City, NY 10001",February
158444,Flatscreen TV,1,300.0,2019-02-24 13:18:00,"277 Willow St, Seattle, WA 98101",February
155166,Flatscreen TV,1,300.0,2019-02-14 20:33:00,"110 Church St, Atlanta, GA 30301",February
154929,Flatscreen TV,1,300.0,2019-02-10 16:51:00,"722 South St, San Francisco, CA 94016",February
159753,Flatscreen TV,1,300.0,2019-02-17 11:42:00,"491 Elm St, Dallas, TX 75001",February
160875,Flatscreen TV,1,300.0,2019-02-04 14:00:00,"386 Maple St, Boston, MA 02215",February
151079,Flatscreen TV,1,300.0,2019-02-12 22:18:00,"910 11th St, Seattle, WA 98101",February
155121,Flatscreen TV,1,300.0,2019-02-21 16:49:00,"450 Forest St, Boston, MA 02215",February
155627,Flatscreen TV,1,300.0,2019-02-08 18:31:00,"608 1st St, Boston, MA 02215",February
161450,Flatscreen TV,1,300.0,2019-02-28 15:54:00,"423 Church St, San Francisco, CA 94016",February
161734,Flatscreen TV,1,300.0,2019-02-10 10:58:00,"249 2nd St, San Francisco, CA 94016",February
150589,Flatscreen TV,1,300.0,2019-02-24 12:02:00,"123 Washington St, San Francisco, CA 94016",February
157994,Flatscreen TV,1,300.0,2019-02-11 20:35:00,"173 Adams St, San Francisco, CA 94016",February
160353,Flatscreen TV,1,300.0,2019-02-14 10:11:00,"539 6th St, New York City, NY 10001",February
161756,Flatscreen TV,1,300.0,2019-02-13 19:14:00,"891 4th St, San Francisco, CA 94016",February
152430,Flatscreen TV,1,300.0,2019-02-08 04:12:00,"518 Spruce St, New York City, NY 10001",February
155861,Flatscreen TV,1,300.0,2019-02-04 07:54:00,"266 Sunset St, Seattle, WA 98101",February
153273,Flatscreen TV,1,300.0,2019-02-18 20:34:00,"807 Lake St, San Francisco, CA 94016",February
154210,Flatscreen TV,1,300.0,2019-02-25 22:08:00,"252 Madison St, Atlanta, GA 30301",February
154413,Flatscreen TV,1,300.0,2019-02-16 19:29:00,"905 Lincoln St, Los Angeles, CA 90001",February
161292,Flatscreen TV,1,300.0,2019-02-24 21:10:00,"149 4th St, New York City, NY 10001",February
167919,Flatscreen TV,1,300.0,2019-03-08 16:43:00,"82 Jefferson St, San Francisco, CA 94016",March
162157,Flatscreen TV,1,300.0,2019-03-27 18:56:00,"620 13th St, Boston, MA 02215",March
162404,Flatscreen TV,1,300.0,2019-03-30 23:04:00,"724 Jefferson St, San Francisco, CA 94016",March
170873,Flatscreen TV,1,300.0,2019-03-21 10:21:00,"559 Lincoln St, Los Angeles, CA 90001",March
165757,Flatscreen TV,1,300.0,2019-03-02 11:10:00,"980 Lincoln St, Boston, MA 02215",March
167690,Flatscreen TV,1,300.0,2019-03-29 21:54:00,"18 2nd St, New York City, NY 10001",March
165209,Flatscreen TV,1,300.0,2019-03-08 00:53:00,"539 Church St, Atlanta, GA 30301",March
165592,Flatscreen TV,1,300.0,2019-03-01 16:40:00,"852 Cherry St, Los Angeles, CA 90001",March
164591,Flatscreen TV,1,300.0,2019-03-21 20:39:00,"51 Wilson St, Los Angeles, CA 90001",March
167382,Flatscreen TV,1,300.0,2019-03-29 04:54:00,"523 Sunset St, San Francisco, CA 94016",March
163768,Flatscreen TV,1,300.0,2019-03-21 20:23:00,"487 Main St, San Francisco, CA 94016",March
164345,Flatscreen TV,1,300.0,2019-03-13 18:49:00,"698 Pine St, Boston, MA 02215",March
168628,Flatscreen TV,1,300.0,2019-03-14 18:08:00,"542 Meadow St, San Francisco, CA 94016",March
165826,Flatscreen TV,1,300.0,2019-03-02 11:55:00,"876 5th St, Boston, MA 02215",March
169829,Flatscreen TV,1,300.0,2019-03-16 13:35:00,"412 Hickory St, Los Angeles, CA 90001",March
174670,Flatscreen TV,1,300.0,2019-03-09 11:42:00,"157 Willow St, San Francisco, CA 94016",March
173986,Flatscreen TV,1,300.0,2019-03-28 19:38:00,"123 12th St, Dallas, TX 75001",March
162180,Flatscreen TV,1,300.0,2019-03-17 14:55:00,"945 Willow St, Los Angeles, CA 90001",March
168675,Flatscreen TV,1,300.0,2019-03-30 13:20:00,"110 Chestnut St, Seattle, WA 98101",March
168847,Flatscreen TV,1,300.0,2019-03-04 13:16:00,"645 Chestnut St, San Francisco, CA 94016",March
166790,Flatscreen TV,1,300.0,2019-03-25 16:03:00,"437 7th St, Seattle, WA 98101",March
168014,Flatscreen TV,1,300.0,2019-03-25 03:55:00,"333 Madison St, New York City, NY 10001",March
171540,Flatscreen TV,1,300.0,2019-03-31 18:41:00,"94 Washington St, Atlanta, GA 30301",March
174479,Flatscreen TV,1,300.0,2019-03-22 13:36:00,"687 Ridge St, Boston, MA 02215",March
166521,Flatscreen TV,1,300.0,2019-03-03 15:43:00,"642 Pine St, Atlanta, GA 30301",March
176441,Flatscreen TV,1,300.0,2019-03-16 16:22:00,"751 Sunset St, Dallas, TX 75001",March
169742,Flatscreen TV,1,300.0,2019-03-01 20:19:00,"394 Cherry St, Portland, OR 97035",March
167204,Flatscreen TV,1,300.0,2019-03-08 19:28:00,"156 Maple St, Portland, OR 97035",March
174849,Flatscreen TV,1,300.0,2019-03-22 17:45:00,"870 Johnson St, New York City, NY 10001",March
164081,Flatscreen TV,1,300.0,2019-03-22 11:18:00,"202 Wilson St, New York City, NY 10001",March
176425,Flatscreen TV,1,300.0,2019-03-31 12:23:00,"70 Highland St, San Francisco, CA 94016",March
174517,Flatscreen TV,1,300.0,2019-03-11 17:11:00,"187 Lakeview St, Dallas, TX 75001",March
164893,Flatscreen TV,1,300.0,2019-03-08 19:29:00,"926 Main St, Austin, TX 73301",March
169612,Flatscreen TV,1,300.0,2019-03-18 16:07:00,"125 Cherry St, Seattle, WA 98101",March
173021,Flatscreen TV,1,300.0,2019-03-25 20:05:00,"595 Walnut St, New York City, NY 10001",March
162994,Flatscreen TV,1,300.0,2019-03-14 21:37:00,"981 9th St, Boston, MA 02215",March
168468,Flatscreen TV,1,300.0,2019-03-19 18:39:00,"886 Sunset St, San Francisco, CA 94016",March
170105,Flatscreen TV,1,300.0,2019-03-15 20:43:00,"662 Forest St, San Francisco, CA 94016",March
163602,Flatscreen TV,1,300.0,2019-03-26 16:39:00,"277 12th St, New York City, NY 10001",March
171282,Flatscreen TV,1,300.0,2019-03-11 13:31:00,"719 Willow St, San Francisco, CA 94016",March
169771,Flatscreen TV,1,300.0,2019-03-05 19:45:00,"168 Chestnut St, Boston, MA 02215",March
175404,Flatscreen TV,1,300.0,2019-03-24 19:42:00,"195 Spruce St, Los Angeles, CA 90001",March
168101,Flatscreen TV,1,300.0,2019-03-19 11:40:00,"593 Maple St, Atlanta, GA 30301",March
172184,Flatscreen TV,1,300.0,2019-03-03 18:36:00,"45 Spruce St, Austin, TX 73301",March
163442,Flatscreen TV,1,300.0,2019-03-24 23:49:00,"393 Washington St, Seattle, WA 98101",March
165330,Flatscreen TV,1,300.0,2019-03-07 03:54:00,"313 Sunset St, Los Angeles, CA 90001",March
175734,Flatscreen TV,1,300.0,2019-03-15 11:48:00,"727 Forest St, Atlanta, GA 30301",March
175161,Flatscreen TV,1,300.0,2019-03-04 00:38:00,"847 Highland St, San Francisco, CA 94016",March
163023,Flatscreen TV,1,300.0,2019-03-22 19:49:00,"12 Jefferson St, Los Angeles, CA 90001",March
163932,Flatscreen TV,1,300.0,2019-03-20 15:32:00,"488 Walnut St, New York City, NY 10001",March
167291,Flatscreen TV,1,300.0,2019-03-05 08:50:00,"308 Forest St, Los Angeles, CA 90001",March
162659,Flatscreen TV,1,300.0,2019-03-02 23:26:00,"945 13th St, San Francisco, CA 94016",March
164604,Flatscreen TV,1,300.0,2019-03-03 03:48:00,"154 2nd St, Portland, OR 97035",March
166980,Flatscreen TV,1,300.0,2019-03-25 20:28:00,"533 9th St, Atlanta, GA 30301",March
168251,Flatscreen TV,1,300.0,2019-03-11 18:32:00,"505 Wilson St, Seattle, WA 98101",March
181437,Flatscreen TV,1,300.0,2019-04-13 15:51:00,"866 Hill St, Boston, MA 02215",April
183746,Flatscreen TV,1,300.0,2019-04-11 10:21:00,"34 Maple St, Los Angeles, CA 90001",April
186388,Flatscreen TV,1,300.0,2019-04-15 08:25:00,"199 5th St, Boston, MA 02215",April
191817,Flatscreen TV,1,300.0,2019-04-30 14:53:00,"857 10th St, Atlanta, GA 30301",April
194007,Flatscreen TV,1,300.0,2019-04-17 17:25:00,"375 Jefferson St, Los Angeles, CA 90001",April
192632,Flatscreen TV,1,300.0,2019-04-09 17:45:00,"671 Willow St, New York City, NY 10001",April
180001,Flatscreen TV,1,300.0,2019-04-19 20:19:00,"444 Johnson St, New York City, NY 10001",April
184373,Flatscreen TV,1,300.0,2019-04-09 16:23:00,"429 Dogwood St, Los Angeles, CA 90001",April
186523,Flatscreen TV,1,300.0,2019-04-02 12:37:00,"493 Lakeview St, Boston, MA 02215",April
182850,Flatscreen TV,1,300.0,2019-04-05 06:10:00,"619 Madison St, Seattle, WA 98101",April
184402,Flatscreen TV,1,300.0,2019-04-01 19:53:00,"496 Lake St, Austin, TX 73301",April
188990,Flatscreen TV,1,300.0,2019-04-27 19:08:00,"233 9th St, Portland, OR 97035",April
190461,Flatscreen TV,1,300.0,2019-04-18 13:20:00,"465 Dogwood St, Portland, OR 97035",April
192155,Flatscreen TV,1,300.0,2019-04-05 18:04:00,"371 Hickory St, San Francisco, CA 94016",April
177870,Flatscreen TV,1,300.0,2019-04-30 19:10:00,"55 10th St, San Francisco, CA 94016",April
194078,Flatscreen TV,1,300.0,2019-04-29 10:11:00,"692 Lincoln St, Atlanta, GA 30301",April
176933,Flatscreen TV,1,300.0,2019-04-24 10:34:00,"698 Spruce St, New York City, NY 10001",April
184041,Flatscreen TV,1,300.0,2019-04-18 13:08:00,"607 Wilson St, New York City, NY 10001",April
191873,Flatscreen TV,1,300.0,2019-04-16 10:57:00,"500 5th St, Dallas, TX 75001",April
179109,Flatscreen TV,1,300.0,2019-04-21 19:44:00,"312 13th St, Atlanta, GA 30301",April
182323,Flatscreen TV,1,300.0,2019-04-22 17:19:00,"39 Hill St, Boston, MA 02215",April
182369,Flatscreen TV,1,300.0,2019-04-03 02:37:00,"366 Chestnut St, San Francisco, CA 94016",April
185223,Flatscreen TV,1,300.0,2019-04-01 09:52:00,"196 Wilson St, Los Angeles, CA 90001",April
192035,Flatscreen TV,1,300.0,2019-04-01 14:57:00,"894 11th St, Atlanta, GA 30301",April
192459,Flatscreen TV,1,300.0,2019-04-25 16:32:00,"723 Park St, Los Angeles, CA 90001",April
184562,Flatscreen TV,1,300.0,2019-04-27 14:43:00,"519 North St, New York City, NY 10001",April
188377,Flatscreen TV,1,300.0,2019-04-22 08:23:00,"197 5th St, Seattle, WA 98101",April
189738,Flatscreen TV,1,300.0,2019-04-10 14:44:00,"753 5th St, Boston, MA 02215",April
191115,Flatscreen TV,1,300.0,2019-04-11 05:25:00,"605 5th St, New York City, NY 10001",April
180252,Flatscreen TV,1,300.0,2019-04-07 10:57:00,"193 Center St, San Francisco, CA 94016",April
180935,Flatscreen TV,1,300.0,2019-04-15 23:58:00,"972 Hickory St, Portland, OR 97035",April
191947,Flatscreen TV,1,300.0,2019-04-01 08:38:00,"289 6th St, Dallas, TX 75001",April
178881,Flatscreen TV,1,300.0,2019-04-04 18:47:00,"415 Adams St, New York City, NY 10001",April
184931,Flatscreen TV,1,300.0,2019-04-05 02:42:00,"911 Hill St, Portland, OR 97035",April
190280,Flatscreen TV,1,300.0,2019-04-09 10:52:00,"24 West St, Atlanta, GA 30301",April
192912,Flatscreen TV,1,300.0,2019-04-07 09:58:00,"552 Johnson St, Los Angeles, CA 90001",April
194017,Flatscreen TV,1,300.0,2019-04-21 10:40:00,"446 Dogwood St, San Francisco, CA 94016",April
180041,Flatscreen TV,1,300.0,2019-04-27 17:23:00,"769 Chestnut St, Dallas, TX 75001",April
180271,Flatscreen TV,1,300.0,2019-04-10 16:05:00,"30 Jackson St, Boston, MA 02215",April
189484,Flatscreen TV,1,300.0,2019-04-25 15:49:00,"222 4th St, Seattle, WA 98101",April
180533,Flatscreen TV,1,300.0,2019-04-17 09:17:00,"342 10th St, Austin, TX 73301",April
188388,Flatscreen TV,1,300.0,2019-04-09 06:03:00,"773 River St, Los Angeles, CA 90001",April
181524,Flatscreen TV,1,300.0,2019-04-07 16:10:00,"953 Park St, Seattle, WA 98101",April
187004,Flatscreen TV,1,300.0,2019-04-29 16:10:00,"37 Church St, Los Angeles, CA 90001",April
187589,Flatscreen TV,1,300.0,2019-04-17 08:13:00,"93 8th St, Atlanta, GA 30301",April
190378,Flatscreen TV,1,300.0,2019-04-18 19:59:00,"912 Madison St, Atlanta, GA 30301",April
181089,Flatscreen TV,1,300.0,2019-04-29 13:02:00,"633 Sunset St, San Francisco, CA 94016",April
181190,Flatscreen TV,1,300.0,2019-04-26 12:30:00,"367 Main St, San Francisco, CA 94016",April
187864,Flatscreen TV,1,300.0,2019-04-28 16:48:00,"884 Jefferson St, San Francisco, CA 94016",April
188742,Flatscreen TV,1,300.0,2019-04-07 14:30:00,"280 Church St, Los Angeles, CA 90001",April
187437,Flatscreen TV,1,300.0,2019-04-15 21:57:00,"732 5th St, Boston, MA 02215",April
193256,Flatscreen TV,1,300.0,2019-04-13 18:12:00,"381 4th St, San Francisco, CA 94016",April
187301,Flatscreen TV,1,300.0,2019-04-15 21:43:00,"507 Hill St, Austin, TX 73301",April
179238,Flatscreen TV,1,300.0,2019-04-15 05:54:00,"778 12th St, New York City, NY 10001",April
181403,Flatscreen TV,1,300.0,2019-04-09 17:57:00,"450 Ridge St, San Francisco, CA 94016",April
186984,Flatscreen TV,1,300.0,2019-04-16 12:36:00,"930 Park St, Boston, MA 02215",April
180222,Flatscreen TV,1,300.0,2019-04-16 15:26:00,"71 Ridge St, San Francisco, CA 94016",April
181012,Flatscreen TV,1,300.0,2019-04-20 23:02:00,"692 Chestnut St, San Francisco, CA 94016",April
191716,Flatscreen TV,1,300.0,2019-04-06 12:00:00,"402 Jackson St, Los Angeles, CA 90001",April
178456,Flatscreen TV,1,300.0,2019-04-21 18:12:00,"259 Church St, Austin, TX 73301",April
185825,Flatscreen TV,1,300.0,2019-04-18 09:50:00,"338 Lincoln St, Atlanta, GA 30301",April
189801,Flatscreen TV,1,300.0,2019-04-26 18:03:00,"131 2nd St, New York City, NY 10001",April
192146,Flatscreen TV,1,300.0,2019-04-08 11:30:00,"210 Hickory St, Atlanta, GA 30301",April
177384,Flatscreen TV,1,300.0,2019-04-24 15:27:00,"425 Jackson St, New York City, NY 10001",April
179115,Flatscreen TV,1,300.0,2019-04-22 20:03:00,"345 Adams St, San Francisco, CA 94016",April
184111,Flatscreen TV,1,300.0,2019-04-02 13:24:00,"435 6th St, Dallas, TX 75001",April
185065,Flatscreen TV,1,300.0,2019-04-21 20:23:00,"590 Meadow St, Los Angeles, CA 90001",April
190185,Flatscreen TV,1,300.0,2019-04-29 00:00:00,"74 Pine St, Austin, TX 73301",April
190204,Flatscreen TV,1,300.0,2019-04-10 17:24:00,"162 South St, San Francisco, CA 94016",April
179099,Flatscreen TV,1,300.0,2019-04-24 15:48:00,"758 Pine St, San Francisco, CA 94016",April
183757,Flatscreen TV,1,300.0,2019-04-18 14:12:00,"839 Lake St, San Francisco, CA 94016",April
187800,Flatscreen TV,1,300.0,2019-04-28 16:19:00,"843 2nd St, Seattle, WA 98101",April
181000,Flatscreen TV,1,300.0,2019-04-18 08:01:00,"845 Walnut St, Los Angeles, CA 90001",April
180190,Flatscreen TV,1,300.0,2019-04-24 13:21:00,"826 Maple St, San Francisco, CA 94016",April
179034,Flatscreen TV,1,300.0,2019-04-21 16:05:00,"260 Lake St, New York City, NY 10001",April
182066,Flatscreen TV,1,300.0,2019-04-26 01:03:00,"879 Maple St, Los Angeles, CA 90001",April
182275,Flatscreen TV,1,300.0,2019-04-27 09:30:00,"533 Dogwood St, San Francisco, CA 94016",April
184034,Flatscreen TV,1,300.0,2019-04-24 22:00:00,"597 Willow St, Seattle, WA 98101",April
184991,Flatscreen TV,1,300.0,2019-04-17 08:07:00,"157 Hickory St, Los Angeles, CA 90001",April
189680,Flatscreen TV,1,300.0,2019-04-08 15:03:00,"743 Washington St, San Francisco, CA 94016",April
190584,Flatscreen TV,1,300.0,2019-04-26 19:45:00,"530 4th St, Atlanta, GA 30301",April
176894,Flatscreen TV,1,300.0,2019-04-13 17:23:00,"589 Park St, San Francisco, CA 94016",April
184546,Flatscreen TV,1,300.0,2019-04-19 21:01:00,"1 Washington St, Los Angeles, CA 90001",April
193784,Flatscreen TV,1,300.0,2019-04-24 21:25:00,"985 North St, San Francisco, CA 94016",April
186334,Flatscreen TV,1,300.0,2019-04-05 10:18:00,"612 North St, Seattle, WA 98101",April
193439,Flatscreen TV,1,300.0,2019-04-05 10:19:00,"183 Main St, San Francisco, CA 94016",April
176886,Flatscreen TV,1,300.0,2019-04-19 20:44:00,"410 8th St, San Francisco, CA 94016",April
188823,Flatscreen TV,1,300.0,2019-04-30 15:10:00,"369 River St, Boston, MA 02215",April
181527,Flatscreen TV,1,300.0,2019-04-23 20:06:00,"271 Main St, New York City, NY 10001",April
193917,Flatscreen TV,1,300.0,2019-04-01 21:41:00,"601 Cherry St, San Francisco, CA 94016",April
191802,Flatscreen TV,1,300.0,2019-04-15 12:33:00,"23 Washington St, Portland, ME 04101",April
190845,Flatscreen TV,1,300.0,2019-04-10 20:59:00,"452 Meadow St, Boston, MA 02215",April
191677,Flatscreen TV,1,300.0,2019-04-20 11:39:00,"183 Park St, Portland, OR 97035",April
188720,Flatscreen TV,1,300.0,2019-04-19 00:13:00,"741 River St, New York City, NY 10001",April
188839,Flatscreen TV,1,300.0,2019-04-30 09:27:00,"147 8th St, Dallas, TX 75001",April
178831,Flatscreen TV,1,300.0,2019-04-02 18:58:00,"368 13th St, Los Angeles, CA 90001",April
187776,Flatscreen TV,1,300.0,2019-04-29 13:53:00,"834 4th St, New York City, NY 10001",April
198507,Flatscreen TV,1,300.0,2019-05-31 13:06:00,"18 Willow St, San Francisco, CA 94016",May
209532,Flatscreen TV,1,300.0,2019-05-06 11:04:00,"924 Center St, Seattle, WA 98101",May
209110,Flatscreen TV,1,300.0,2019-05-25 19:33:00,"803 Sunset St, San Francisco, CA 94016",May
202377,Flatscreen TV,1,300.0,2019-05-04 17:15:00,"727 Jackson St, New York City, NY 10001",May
205049,Flatscreen TV,1,300.0,2019-05-09 12:02:00,"792 7th St, Boston, MA 02215",May
208579,Flatscreen TV,1,300.0,2019-05-06 11:16:00,"70 Jackson St, Boston, MA 02215",May
200844,Flatscreen TV,1,300.0,2019-05-16 15:10:00,"314 Ridge St, San Francisco, CA 94016",May
201506,Flatscreen TV,1,300.0,2019-05-20 19:56:00,"187 Forest St, San Francisco, CA 94016",May
202237,Flatscreen TV,1,300.0,2019-05-14 08:54:00,"447 14th St, Los Angeles, CA 90001",May
201510,Flatscreen TV,1,300.0,2019-05-06 08:07:00,"329 2nd St, Seattle, WA 98101",May
200780,Flatscreen TV,1,300.0,2019-05-30 14:53:00,"297 12th St, Portland, OR 97035",May
202659,Flatscreen TV,1,300.0,2019-05-26 10:48:00,"42 Spruce St, San Francisco, CA 94016",May
205575,Flatscreen TV,1,300.0,2019-05-13 11:48:00,"610 Meadow St, Austin, TX 73301",May
196648,Flatscreen TV,1,300.0,2019-05-31 21:10:00,"103 Washington St, Boston, MA 02215",May
200909,Flatscreen TV,1,300.0,2019-05-04 16:39:00,"156 2nd St, Dallas, TX 75001",May
196048,Flatscreen TV,1,300.0,2019-05-12 13:47:00,"518 Wilson St, Seattle, WA 98101",May
208549,Flatscreen TV,1,300.0,2019-05-13 10:30:00,"283 Washington St, Portland, OR 97035",May
195255,Flatscreen TV,1,300.0,2019-05-09 19:16:00,"856 Jackson St, Dallas, TX 75001",May
196776,Flatscreen TV,1,300.0,2019-05-20 13:30:00,"149 Cherry St, Dallas, TX 75001",May
205456,Flatscreen TV,1,300.0,2019-05-06 22:23:00,"46 10th St, San Francisco, CA 94016",May
195941,Flatscreen TV,1,300.0,2019-05-31 19:18:00,"349 Cedar St, Portland, OR 97035",May
198174,Flatscreen TV,1,300.0,2019-05-13 17:54:00,"81 Maple St, San Francisco, CA 94016",May
209077,Flatscreen TV,1,300.0,2019-05-04 01:45:00,"461 Johnson St, Boston, MA 02215",May
195053,Flatscreen TV,1,300.0,2019-05-22 22:24:00,"404 Highland St, Los Angeles, CA 90001",May
206890,Flatscreen TV,1,300.0,2019-05-02 13:19:00,"287 7th St, San Francisco, CA 94016",May
204583,Flatscreen TV,1,300.0,2019-05-02 12:41:00,"861 Willow St, New York City, NY 10001",May
197341,Flatscreen TV,1,300.0,2019-05-04 12:56:00,"483 Lakeview St, Atlanta, GA 30301",May
198497,Flatscreen TV,1,300.0,2019-05-11 12:43:00,"283 Johnson St, New York City, NY 10001",May
201101,Flatscreen TV,1,300.0,2019-05-08 21:54:00,"647 6th St, Seattle, WA 98101",May
201355,Flatscreen TV,1,300.0,2019-05-24 11:47:00,"820 10th St, San Francisco, CA 94016",May
200500,Flatscreen TV,1,300.0,2019-05-08 12:22:00,"876 Hill St, Los Angeles, CA 90001",May
198657,Flatscreen TV,1,300.0,2019-05-24 09:32:00,"330 Madison St, Portland, OR 97035",May
203646,Flatscreen TV,1,300.0,2019-05-02 15:51:00,"47 Meadow St, Austin, TX 73301",May
208599,Flatscreen TV,1,300.0,2019-05-31 23:35:00,"159 Dogwood St, Dallas, TX 75001",May
199288,Flatscreen TV,1,300.0,2019-05-10 06:53:00,"733 Park St, San Francisco, CA 94016",May
209243,Flatscreen TV,1,300.0,2019-05-30 17:21:00,"65 11th St, San Francisco, CA 94016",May
197796,Flatscreen TV,1,300.0,2019-05-21 21:00:00,"254 Chestnut St, Los Angeles, CA 90001",May
201886,Flatscreen TV,1,300.0,2019-05-07 17:25:00,"223 Washington St, Atlanta, GA 30301",May
203765,Flatscreen TV,1,300.0,2019-05-14 20:16:00,"52 Main St, Boston, MA 02215",May
197024,Flatscreen TV,1,300.0,2019-05-23 12:36:00,"217 Chestnut St, San Francisco, CA 94016",May
195248,Flatscreen TV,1,300.0,2019-05-03 01:14:00,"194 Elm St, Boston, MA 02215",May
200614,Flatscreen TV,1,300.0,2019-05-01 20:40:00,"774 10th St, Boston, MA 02215",May
200774,Flatscreen TV,1,300.0,2019-05-19 10:41:00,"141 Walnut St, San Francisco, CA 94016",May
205308,Flatscreen TV,1,300.0,2019-05-12 23:38:00,"666 Dogwood St, San Francisco, CA 94016",May
206696,Flatscreen TV,1,300.0,2019-05-17 20:01:00,"524 North St, San Francisco, CA 94016",May
208486,Flatscreen TV,1,300.0,2019-05-18 14:03:00,"495 River St, Dallas, TX 75001",May
209265,Flatscreen TV,1,300.0,2019-05-23 11:51:00,"441 Cedar St, Atlanta, GA 30301",May
201925,Flatscreen TV,1,300.0,2019-05-29 14:57:00,"754 9th St, New York City, NY 10001",May
218025,Flatscreen TV,1,300.0,2019-06-02 08:17:00,"177 Jackson St, New York City, NY 10001",June
212128,Flatscreen TV,1,300.0,2019-06-30 19:48:00,"77 Forest St, Boston, MA 02215",June
214153,Flatscreen TV,1,300.0,2019-06-18 10:31:00,"35 Maple St, Austin, TX 73301",June
215935,Flatscreen TV,1,300.0,2019-06-28 23:14:00,"380 7th St, Austin, TX 73301",June
219790,Flatscreen TV,1,300.0,2019-06-13 10:05:00,"901 8th St, Atlanta, GA 30301",June
221245,Flatscreen TV,1,300.0,2019-06-04 11:27:00,"899 Elm St, Atlanta, GA 30301",June
212814,Flatscreen TV,1,300.0,2019-06-12 19:11:00,"706 Pine St, San Francisco, CA 94016",June
212056,Flatscreen TV,1,300.0,2019-06-30 20:55:00,"451 6th St, Portland, ME 04101",June
216303,Flatscreen TV,1,300.0,2019-06-24 12:48:00,"724 12th St, New York City, NY 10001",June
222005,Flatscreen TV,1,300.0,2019-06-17 01:42:00,"653 5th St, Los Angeles, CA 90001",June
210588,Flatscreen TV,1,300.0,2019-06-27 18:17:00,"345 5th St, New York City, NY 10001",June
214356,Flatscreen TV,1,300.0,2019-06-15 22:26:00,"468 Pine St, San Francisco, CA 94016",June
218504,Flatscreen TV,1,300.0,2019-06-01 16:20:00,"883 13th St, San Francisco, CA 94016",June
210142,Flatscreen TV,1,300.0,2019-06-24 18:26:00,"669 7th St, San Francisco, CA 94016",June
222455,Flatscreen TV,1,300.0,2019-06-17 00:13:00,"308 Lake St, Seattle, WA 98101",June
215242,Flatscreen TV,1,300.0,2019-06-20 09:49:00,"343 4th St, Seattle, WA 98101",June
218733,Flatscreen TV,1,300.0,2019-06-08 17:14:00,"723 Spruce St, Seattle, WA 98101",June
218749,Flatscreen TV,1,300.0,2019-06-18 19:08:00,"124 Dogwood St, Portland, OR 97035",June
219164,Flatscreen TV,1,300.0,2019-06-06 01:01:00,"22 Chestnut St, Seattle, WA 98101",June
219674,Flatscreen TV,1,300.0,2019-06-29 21:02:00,"506 South St, San Francisco, CA 94016",June
212382,Flatscreen TV,1,300.0,2019-06-01 22:06:00,"754 North St, Los Angeles, CA 90001",June
212299,Flatscreen TV,1,300.0,2019-06-17 12:06:00,"709 Walnut St, Dallas, TX 75001",June
213448,Flatscreen TV,1,300.0,2019-06-24 11:41:00,"935 Highland St, Seattle, WA 98101",June
213554,Flatscreen TV,1,300.0,2019-06-02 00:38:00,"890 Jefferson St, San Francisco, CA 94016",June
219837,Flatscreen TV,1,300.0,2019-06-16 06:59:00,"724 Hickory St, New York City, NY 10001",June
220461,Flatscreen TV,1,300.0,2019-06-03 05:20:00,"632 1st St, San Francisco, CA 94016",June
219950,Flatscreen TV,1,300.0,2019-06-11 12:45:00,"357 Elm St, Austin, TX 73301",June
220335,Flatscreen TV,1,300.0,2019-06-26 18:20:00,"856 Adams St, San Francisco, CA 94016",June
215798,Flatscreen TV,1,300.0,2019-06-14 15:14:00,"566 Ridge St, San Francisco, CA 94016",June
218935,Flatscreen TV,1,300.0,2019-06-03 18:10:00,"935 1st St, Seattle, WA 98101",June
210747,Flatscreen TV,1,300.0,2019-06-22 23:54:00,"785 14th St, Seattle, WA 98101",June
217292,Flatscreen TV,1,300.0,2019-06-23 20:10:00,"461 1st St, San Francisco, CA 94016",June
216619,Flatscreen TV,1,300.0,2019-06-24 17:46:00,"225 6th St, Portland, OR 97035",June
220248,Flatscreen TV,1,300.0,2019-06-13 19:04:00,"971 7th St, Boston, MA 02215",June
222471,Flatscreen TV,1,300.0,2019-06-04 19:19:00,"549 10th St, Atlanta, GA 30301",June
212573,Flatscreen TV,1,300.0,2019-06-07 10:51:00,"776 7th St, Seattle, WA 98101",June
219348,Flatscreen TV,1,300.0,2019-06-26 14:24:00,"119 Maple St, New York City, NY 10001",June
221817,Flatscreen TV,1,300.0,2019-06-16 12:19:00,"293 6th St, Boston, MA 02215",June
211670,Flatscreen TV,1,300.0,2019-06-07 07:10:00,"495 North St, Dallas, TX 75001",June
221219,Flatscreen TV,1,300.0,2019-06-27 10:59:00,"138 11th St, Boston, MA 02215",June
212152,Flatscreen TV,1,300.0,2019-06-02 10:04:00,"142 10th St, Portland, OR 97035",June
220684,Flatscreen TV,1,300.0,2019-06-30 18:39:00,"264 Johnson St, Atlanta, GA 30301",June
214644,Flatscreen TV,1,300.0,2019-06-18 15:20:00,"129 Ridge St, Boston, MA 02215",June
220675,Flatscreen TV,1,300.0,2019-06-24 12:22:00,"884 11th St, Portland, OR 97035",June
218257,Flatscreen TV,1,300.0,2019-06-24 09:41:00,"735 12th St, Seattle, WA 98101",June
222860,Flatscreen TV,1,300.0,2019-06-11 12:14:00,"782 Elm St, Boston, MA 02215",June
213416,Flatscreen TV,1,300.0,2019-06-09 11:10:00,"204 Center St, Austin, TX 73301",June
214509,Flatscreen TV,1,300.0,2019-06-17 16:22:00,"67 Forest St, San Francisco, CA 94016",June
211927,Flatscreen TV,1,300.0,2019-06-27 18:08:00,"733 Washington St, New York City, NY 10001",June
212463,Flatscreen TV,1,300.0,2019-06-03 14:01:00,"359 Walnut St, San Francisco, CA 94016",June
211414,Flatscreen TV,1,300.0,2019-06-04 03:19:00,"808 South St, Los Angeles, CA 90001",June
212349,Flatscreen TV,1,300.0,2019-06-30 10:51:00,"739 11th St, Atlanta, GA 30301",June
217390,Flatscreen TV,1,300.0,2019-06-28 21:57:00,"553 Center St, San Francisco, CA 94016",June
218249,Flatscreen TV,1,300.0,2019-06-16 08:39:00,"825 Jackson St, San Francisco, CA 94016",June
231027,Flatscreen TV,1,300.0,2019-07-18 13:04:00,"521 North St, Portland, ME 04101",July
225275,Flatscreen TV,1,300.0,2019-07-08 05:24:00,"181 Walnut St, New York City, NY 10001",July
235975,Flatscreen TV,1,300.0,2019-07-05 16:59:00,"54 West St, San Francisco, CA 94016",July
230896,Flatscreen TV,1,300.0,2019-07-06 07:29:00,"484 Meadow St, San Francisco, CA 94016",July
226190,Flatscreen TV,1,300.0,2019-07-05 21:13:00,"482 Chestnut St, Los Angeles, CA 90001",July
227418,Flatscreen TV,1,300.0,2019-07-14 15:26:00,"743 Maple St, Los Angeles, CA 90001",July
224252,Flatscreen TV,1,300.0,2019-07-14 16:54:00,"659 Forest St, New York City, NY 10001",July
224480,Flatscreen TV,1,300.0,2019-07-13 11:01:00,"689 4th St, San Francisco, CA 94016",July
229283,Flatscreen TV,1,300.0,2019-07-06 17:05:00,"237 Cedar St, Dallas, TX 75001",July
223035,Flatscreen TV,1,300.0,2019-07-27 12:04:00,"911 Sunset St, Portland, OR 97035",July
224296,Flatscreen TV,1,300.0,2019-07-14 16:55:00,"465 Hill St, New York City, NY 10001",July
229709,Flatscreen TV,1,300.0,2019-07-23 18:48:00,"443 Wilson St, New York City, NY 10001",July
230434,Flatscreen TV,1,300.0,2019-07-22 14:53:00,"393 4th St, San Francisco, CA 94016",July
235982,Flatscreen TV,1,300.0,2019-07-15 00:05:00,"514 2nd St, New York City, NY 10001",July
228203,Flatscreen TV,1,300.0,2019-07-03 14:53:00,"435 1st St, Seattle, WA 98101",July
231739,Flatscreen TV,1,300.0,2019-07-22 10:21:00,"196 Sunset St, Los Angeles, CA 90001",July
231129,Flatscreen TV,1,300.0,2019-07-06 11:34:00,"381 8th St, Portland, OR 97035",July
228845,Flatscreen TV,1,300.0,2019-07-03 04:21:00,"636 Forest St, New York City, NY 10001",July
230035,Flatscreen TV,1,300.0,2019-07-25 21:35:00,"545 Washington St, Boston, MA 02215",July
223981,Flatscreen TV,1,300.0,2019-07-14 18:19:00,"53 7th St, Dallas, TX 75001",July
234513,Flatscreen TV,1,300.0,2019-07-03 10:13:00,"894 14th St, New York City, NY 10001",July
225103,Flatscreen TV,1,300.0,2019-07-16 21:40:00,"512 Spruce St, Atlanta, GA 30301",July
226103,Flatscreen TV,1,300.0,2019-07-11 17:54:00,"150 Walnut St, Boston, MA 02215",July
225391,Flatscreen TV,1,300.0,2019-07-11 14:48:00,"629 Hickory St, Boston, MA 02215",July
227578,Flatscreen TV,1,300.0,2019-07-30 20:49:00,"413 2nd St, Dallas, TX 75001",July
230827,Flatscreen TV,1,300.0,2019-07-22 10:15:00,"666 Park St, Boston, MA 02215",July
232350,Flatscreen TV,1,300.0,2019-07-09 14:19:00,"1 Willow St, San Francisco, CA 94016",July
225736,Flatscreen TV,1,300.0,2019-07-27 18:36:00,"678 Cherry St, Boston, MA 02215",July
226168,Flatscreen TV,1,300.0,2019-07-16 18:23:00,"898 Park St, Boston, MA 02215",July
235262,Flatscreen TV,1,300.0,2019-07-30 23:55:00,"708 Hill St, Portland, OR 97035",July
231526,Flatscreen TV,1,300.0,2019-07-11 21:00:00,"914 Forest St, Los Angeles, CA 90001",July
224344,Flatscreen TV,1,300.0,2019-07-22 21:43:00,"925 10th St, Dallas, TX 75001",July
227110,Flatscreen TV,1,300.0,2019-07-05 14:20:00,"433 Sunset St, Seattle, WA 98101",July
235527,Flatscreen TV,1,300.0,2019-07-03 19:11:00,"117 River St, San Francisco, CA 94016",July
229799,Flatscreen TV,1,300.0,2019-07-17 18:53:00,"830 13th St, New York City, NY 10001",July
229566,Flatscreen TV,1,300.0,2019-07-28 19:20:00,"492 South St, Los Angeles, CA 90001",July
231823,Flatscreen TV,1,300.0,2019-07-17 12:12:00,"833 Church St, Los Angeles, CA 90001",July
223110,Flatscreen TV,1,300.0,2019-07-16 01:05:00,"434 Elm St, Seattle, WA 98101",July
223175,Flatscreen TV,1,300.0,2019-07-21 16:41:00,"257 Walnut St, Seattle, WA 98101",July
224974,Flatscreen TV,1,300.0,2019-07-29 18:35:00,"163 Park St, Dallas, TX 75001",July
224341,Flatscreen TV,1,300.0,2019-07-16 15:21:00,"233 South St, Los Angeles, CA 90001",July
233096,Flatscreen TV,1,300.0,2019-07-01 22:49:00,"965 Center St, San Francisco, CA 94016",July
236278,Flatscreen TV,1,300.0,2019-07-15 09:14:00,"214 8th St, Atlanta, GA 30301",July
223552,Flatscreen TV,1,300.0,2019-07-30 19:19:00,"766 Washington St, Boston, MA 02215",July
225308,Flatscreen TV,1,300.0,2019-07-11 21:26:00,"148 Johnson St, San Francisco, CA 94016",July
227867,Flatscreen TV,1,300.0,2019-07-02 20:14:00,"750 Pine St, San Francisco, CA 94016",July
231731,Flatscreen TV,1,300.0,2019-07-22 06:55:00,"253 Madison St, Atlanta, GA 30301",July
226530,Flatscreen TV,1,300.0,2019-07-02 21:17:00,"747 River St, Austin, TX 73301",July
230862,Flatscreen TV,1,300.0,2019-07-20 16:16:00,"402 10th St, Los Angeles, CA 90001",July
230747,Flatscreen TV,1,300.0,2019-07-16 16:07:00,"677 12th St, Seattle, WA 98101",July
233243,Flatscreen TV,1,300.0,2019-07-07 13:23:00,"566 Lakeview St, San Francisco, CA 94016",July
236331,Flatscreen TV,1,300.0,2019-07-13 18:50:00,"596 Pine St, New York City, NY 10001",July
225534,Flatscreen TV,1,300.0,2019-07-16 14:43:00,"753 Lake St, Dallas, TX 75001",July
225564,Flatscreen TV,1,300.0,2019-07-30 11:56:00,"212 14th St, Los Angeles, CA 90001",July
226409,Flatscreen TV,1,300.0,2019-07-04 13:38:00,"392 South St, San Francisco, CA 94016",July
238482,Flatscreen TV,1,300.0,2019-08-22 22:56:00,"569 River St, Austin, TX 73301",August
244412,Flatscreen TV,1,300.0,2019-08-15 09:35:00,"772 6th St, Portland, OR 97035",August
246490,Flatscreen TV,1,300.0,2019-08-06 14:30:00,"137 11th St, San Francisco, CA 94016",August
242380,Flatscreen TV,1,300.0,2019-08-06 08:12:00,"572 Jefferson St, Dallas, TX 75001",August
245718,Flatscreen TV,1,300.0,2019-08-29 16:32:00,"507 Hill St, San Francisco, CA 94016",August
247599,Flatscreen TV,1,300.0,2019-08-01 08:50:00,"75 Madison St, Atlanta, GA 30301",August
239902,Flatscreen TV,1,300.0,2019-08-28 11:37:00,"963 Church St, San Francisco, CA 94016",August
242048,Flatscreen TV,1,300.0,2019-08-01 16:23:00,"22 1st St, New York City, NY 10001",August
242413,Flatscreen TV,1,300.0,2019-08-10 11:04:00,"855 Pine St, Seattle, WA 98101",August
246666,Flatscreen TV,1,300.0,2019-08-03 07:46:00,"226 South St, Atlanta, GA 30301",August
246793,Flatscreen TV,1,300.0,2019-08-10 06:36:00,"97 Highland St, Seattle, WA 98101",August
247613,Flatscreen TV,1,300.0,2019-08-22 21:46:00,"624 Dogwood St, San Francisco, CA 94016",August
238215,Flatscreen TV,1,300.0,2019-08-20 14:14:00,"9 Jefferson St, Seattle, WA 98101",August
242273,Flatscreen TV,1,300.0,2019-08-21 21:25:00,"457 4th St, New York City, NY 10001",August
247641,Flatscreen TV,1,300.0,2019-08-31 17:05:00,"978 Church St, Dallas, TX 75001",August
247100,Flatscreen TV,1,300.0,2019-08-08 10:28:00,"570 Forest St, New York City, NY 10001",August
247675,Flatscreen TV,1,300.0,2019-08-13 18:31:00,"964 Dogwood St, Dallas, TX 75001",August
237979,Flatscreen TV,1,300.0,2019-08-17 14:19:00,"395 Hickory St, Portland, OR 97035",August
240391,Flatscreen TV,1,300.0,2019-08-20 17:47:00,"594 Jefferson St, Boston, MA 02215",August
245480,Flatscreen TV,1,300.0,2019-08-25 08:55:00,"189 Church St, Portland, ME 04101",August
236835,Flatscreen TV,1,300.0,2019-08-29 10:55:00,"276 Chestnut St, San Francisco, CA 94016",August
236738,Flatscreen TV,1,300.0,2019-08-30 15:07:00,"672 7th St, New York City, NY 10001",August
237184,Flatscreen TV,1,300.0,2019-08-03 16:09:00,"59 Madison St, Seattle, WA 98101",August
242463,Flatscreen TV,1,300.0,2019-08-24 11:51:00,"503 West St, San Francisco, CA 94016",August
246632,Flatscreen TV,1,300.0,2019-08-01 21:29:00,"674 Wilson St, Austin, TX 73301",August
240909,Flatscreen TV,1,300.0,2019-08-10 14:57:00,"387 Cedar St, Los Angeles, CA 90001",August
242863,Flatscreen TV,1,300.0,2019-08-03 09:31:00,"247 Dogwood St, Boston, MA 02215",August
242953,Flatscreen TV,1,300.0,2019-08-19 16:34:00,"627 Lake St, Portland, OR 97035",August
237630,Flatscreen TV,1,300.0,2019-08-23 14:18:00,"148 12th St, New York City, NY 10001",August
241009,Flatscreen TV,1,300.0,2019-08-27 14:24:00,"501 12th St, Boston, MA 02215",August
241133,Flatscreen TV,1,300.0,2019-08-27 11:28:00,"792 Forest St, Portland, OR 97035",August
238069,Flatscreen TV,1,300.0,2019-08-11 12:52:00,"696 1st St, Boston, MA 02215",August
240319,Flatscreen TV,1,300.0,2019-08-15 16:03:00,"686 Park St, Boston, MA 02215",August
243099,Flatscreen TV,1,300.0,2019-08-20 17:20:00,"449 Lincoln St, Los Angeles, CA 90001",August
239344,Flatscreen TV,1,300.0,2019-08-07 11:37:00,"776 Willow St, Boston, MA 02215",August
242313,Flatscreen TV,1,300.0,2019-08-29 19:39:00,"906 Hill St, New York City, NY 10001",August
242816,Flatscreen TV,1,300.0,2019-08-15 21:58:00,"186 Cherry St, Los Angeles, CA 90001",August
244181,Flatscreen TV,1,300.0,2019-08-20 13:50:00,"469 Meadow St, Portland, ME 04101",August
245144,Flatscreen TV,1,300.0,2019-08-17 22:15:00,"295 Cherry St, Dallas, TX 75001",August
245907,Flatscreen TV,1,300.0,2019-08-05 15:44:00,"628 7th St, Atlanta, GA 30301",August
248094,Flatscreen TV,1,300.0,2019-08-31 19:59:00,"190 Church St, Atlanta, GA 30301",August
247910,Flatscreen TV,1,300.0,2019-08-20 16:20:00,"807 Adams St, Austin, TX 73301",August
237626,Flatscreen TV,1,300.0,2019-08-28 15:33:00,"89 9th St, San Francisco, CA 94016",August
246759,Flatscreen TV,1,300.0,2019-08-12 12:06:00,"109 9th St, New York City, NY 10001",August
245486,Flatscreen TV,1,300.0,2019-08-13 22:32:00,"888 Main St, Los Angeles, CA 90001",August
246750,Flatscreen TV,1,300.0,2019-08-28 18:03:00,"669 Center St, Los Angeles, CA 90001",August
240992,Flatscreen TV,1,300.0,2019-08-17 09:54:00,"58 Highland St, New York City, NY 10001",August
241568,Flatscreen TV,1,300.0,2019-08-05 14:36:00,"740 Cherry St, Seattle, WA 98101",August
245764,Flatscreen TV,1,300.0,2019-08-04 17:39:00,"837 7th St, New York City, NY 10001",August
240453,Flatscreen TV,1,300.0,2019-08-26 00:25:00,"889 Wilson St, Los Angeles, CA 90001",August
246820,Flatscreen TV,1,300.0,2019-08-13 21:41:00,"468 Sunset St, Boston, MA 02215",August
246384,Flatscreen TV,1,300.0,2019-08-05 16:36:00,"980 Johnson St, Los Angeles, CA 90001",August
246921,Flatscreen TV,1,300.0,2019-08-10 17:59:00,"989 6th St, San Francisco, CA 94016",August
247697,Flatscreen TV,1,300.0,2019-08-04 17:34:00,"209 Pine St, Seattle, WA 98101",August
241381,Flatscreen TV,1,300.0,2019-08-09 12:57:00,"286 7th St, Boston, MA 02215",August
248952,Flatscreen TV,1,300.0,2019-09-05 22:00:00,"479 Wilson St, New York City, NY 10001",September
250202,Flatscreen TV,1,300.0,2019-09-19 16:01:00,"511 7th St, Los Angeles, CA 90001",September
253820,Flatscreen TV,1,300.0,2019-09-11 15:28:00,"947 North St, San Francisco, CA 94016",September
259076,Flatscreen TV,1,300.0,2019-09-23 14:22:00,"177 Sunset St, Boston, MA 02215",September
252651,Flatscreen TV,1,300.0,2019-09-18 11:54:00,"889 Lake St, Boston, MA 02215",September
254319,Flatscreen TV,1,300.0,2019-09-11 05:56:00,"49 Meadow St, Seattle, WA 98101",September
258656,Flatscreen TV,1,300.0,2019-09-03 10:35:00,"466 Cedar St, Los Angeles, CA 90001",September
250012,Flatscreen TV,1,300.0,2019-09-08 17:25:00,"663 Maple St, Los Angeles, CA 90001",September
250407,Flatscreen TV,1,300.0,2019-09-27 16:20:00,"657 14th St, Atlanta, GA 30301",September
250627,Flatscreen TV,1,300.0,2019-09-14 16:06:00,"297 Jefferson St, New York City, NY 10001",September
252193,Flatscreen TV,1,300.0,2019-09-05 17:39:00,"261 Washington St, Dallas, TX 75001",September
258967,Flatscreen TV,1,300.0,2019-09-21 11:24:00,"509 Pine St, Los Angeles, CA 90001",September
254340,Flatscreen TV,1,300.0,2019-09-01 16:07:00,"347 Hill St, Portland, ME 04101",September
257931,Flatscreen TV,1,300.0,2019-09-05 10:58:00,"184 Highland St, Los Angeles, CA 90001",September
249330,Flatscreen TV,1,300.0,2019-09-19 23:30:00,"180 South St, Austin, TX 73301",September
255812,Flatscreen TV,1,300.0,2019-09-29 13:21:00,"693 Ridge St, Seattle, WA 98101",September
249878,Flatscreen TV,1,300.0,2019-09-25 16:11:00,"963 Spruce St, New York City, NY 10001",September
249983,Flatscreen TV,1,300.0,2019-09-23 14:06:00,"75 Ridge St, Portland, OR 97035",September
254668,Flatscreen TV,1,300.0,2019-09-12 14:57:00,"249 Park St, New York City, NY 10001",September
254969,Flatscreen TV,1,300.0,2019-09-07 11:37:00,"421 8th St, San Francisco, CA 94016",September
259311,Flatscreen TV,1,300.0,2019-09-18 14:54:00,"930 North St, Seattle, WA 98101",September
253906,Flatscreen TV,1,300.0,2019-09-25 12:31:00,"769 West St, Los Angeles, CA 90001",September
251988,Flatscreen TV,1,300.0,2019-09-21 08:23:00,"802 14th St, San Francisco, CA 94016",September
249067,Flatscreen TV,1,300.0,2019-09-14 16:30:00,"629 North St, San Francisco, CA 94016",September
254069,Flatscreen TV,1,300.0,2019-09-19 11:09:00,"769 5th St, New York City, NY 10001",September
258296,Flatscreen TV,1,300.0,2019-09-15 08:37:00,"940 Sunset St, New York City, NY 10001",September
252728,Flatscreen TV,1,300.0,2019-09-09 08:41:00,"177 South St, Atlanta, GA 30301",September
256048,Flatscreen TV,1,300.0,2019-09-16 13:18:00,"557 12th St, Austin, TX 73301",September
258527,Flatscreen TV,1,300.0,2019-09-02 10:41:00,"960 2nd St, New York City, NY 10001",September
248991,Flatscreen TV,1,300.0,2019-09-16 09:48:00,"428 Dogwood St, San Francisco, CA 94016",September
252895,Flatscreen TV,1,300.0,2019-09-29 23:43:00,"948 11th St, Dallas, TX 75001",September
249643,Flatscreen TV,1,300.0,2019-09-28 19:54:00,"275 Forest St, San Francisco, CA 94016",September
249719,Flatscreen TV,1,300.0,2019-09-18 21:34:00,"510 Lake St, San Francisco, CA 94016",September
251605,Flatscreen TV,1,300.0,2019-09-20 20:09:00,"101 Willow St, New York City, NY 10001",September
254374,Flatscreen TV,1,300.0,2019-09-06 16:15:00,"348 4th St, San Francisco, CA 94016",September
254652,Flatscreen TV,2,300.0,2019-09-17 12:21:00,"153 6th St, Atlanta, GA 30301",September
256717,Flatscreen TV,1,300.0,2019-09-24 09:19:00,"97 6th St, Seattle, WA 98101",September
253045,Flatscreen TV,1,300.0,2019-09-23 16:45:00,"586 Park St, Atlanta, GA 30301",September
255761,Flatscreen TV,1,300.0,2019-09-11 17:49:00,"370 13th St, San Francisco, CA 94016",September
251624,Flatscreen TV,1,300.0,2019-09-14 22:04:00,"416 Maple St, Atlanta, GA 30301",September
252383,Flatscreen TV,1,300.0,2019-09-11 14:02:00,"747 6th St, New York City, NY 10001",September
248563,Flatscreen TV,1,300.0,2019-09-11 01:04:00,"960 Church St, San Francisco, CA 94016",September
251452,Flatscreen TV,1,300.0,2019-09-28 08:29:00,"244 Highland St, Atlanta, GA 30301",September
252834,Flatscreen TV,1,300.0,2019-09-18 10:28:00,"397 Lincoln St, San Francisco, CA 94016",September
254722,Flatscreen TV,1,300.0,2019-09-10 16:31:00,"105 10th St, Atlanta, GA 30301",September
256969,Flatscreen TV,1,300.0,2019-09-16 01:58:00,"800 Jackson St, Dallas, TX 75001",September
249874,Flatscreen TV,1,300.0,2019-09-04 18:44:00,"389 Main St, Boston, MA 02215",September
249502,Flatscreen TV,1,300.0,2019-09-09 06:43:00,"940 Forest St, San Francisco, CA 94016",September
255778,Flatscreen TV,1,300.0,2019-09-12 18:18:00,"454 Adams St, Dallas, TX 75001",September
257785,Flatscreen TV,1,300.0,2019-09-28 21:54:00,"231 Willow St, Los Angeles, CA 90001",September
250386,Flatscreen TV,1,300.0,2019-09-27 12:12:00,"281 Pine St, San Francisco, CA 94016",September
252169,Flatscreen TV,1,300.0,2019-09-10 22:06:00,"854 11th St, Los Angeles, CA 90001",September
252434,Flatscreen TV,1,300.0,2019-09-03 09:11:00,"988 Walnut St, Dallas, TX 75001",September
254586,Flatscreen TV,1,300.0,2019-09-08 12:36:00,"488 Jackson St, San Francisco, CA 94016",September
259027,Flatscreen TV,1,300.0,2019-09-14 14:32:00,"371 Wilson St, San Francisco, CA 94016",September
255300,Flatscreen TV,1,300.0,2019-09-09 17:14:00,"445 West St, Atlanta, GA 30301",September
252984,Flatscreen TV,1,300.0,2019-09-02 12:17:00,"546 Park St, San Francisco, CA 94016",September
270951,Flatscreen TV,1,300.0,2019-10-30 11:27:00,"447 10th St, Boston, MA 02215",October
264794,Flatscreen TV,1,300.0,2019-10-26 13:26:00,"612 Hickory St, Los Angeles, CA 90001",October
271671,Flatscreen TV,1,300.0,2019-10-16 21:09:00,"955 Forest St, San Francisco, CA 94016",October
278521,Flatscreen TV,1,300.0,2019-10-03 18:21:00,"934 Center St, San Francisco, CA 94016",October
264742,Flatscreen TV,1,300.0,2019-10-22 15:38:00,"230 1st St, Boston, MA 02215",October
268088,Flatscreen TV,1,300.0,2019-10-12 11:15:00,"404 1st St, New York City, NY 10001",October
271110,Flatscreen TV,1,300.0,2019-10-20 08:48:00,"861 Jefferson St, Boston, MA 02215",October
261977,Flatscreen TV,1,300.0,2019-10-23 10:01:00,"201 Chestnut St, San Francisco, CA 94016",October
262468,Flatscreen TV,1,300.0,2019-10-24 14:49:00,"274 Chestnut St, San Francisco, CA 94016",October
269541,Flatscreen TV,1,300.0,2019-10-26 08:36:00,"888 Washington St, San Francisco, CA 94016",October
266633,Flatscreen TV,1,300.0,2019-10-20 05:48:00,"725 Main St, San Francisco, CA 94016",October
267530,Flatscreen TV,1,300.0,2019-10-19 08:26:00,"944 13th St, San Francisco, CA 94016",October
270534,Flatscreen TV,1,300.0,2019-10-01 10:57:00,"829 Pine St, San Francisco, CA 94016",October
276205,Flatscreen TV,1,300.0,2019-10-14 10:16:00,"281 Jackson St, San Francisco, CA 94016",October
263080,Flatscreen TV,1,300.0,2019-10-31 11:35:00,"878 Lakeview St, San Francisco, CA 94016",October
269515,Flatscreen TV,1,300.0,2019-10-18 10:34:00,"976 Sunset St, Seattle, WA 98101",October
261987,Flatscreen TV,1,300.0,2019-10-02 22:30:00,"244 Forest St, New York City, NY 10001",October
268915,Flatscreen TV,1,300.0,2019-10-23 10:24:00,"216 Dogwood St, Atlanta, GA 30301",October
269123,Flatscreen TV,1,300.0,2019-10-22 12:52:00,"745 Willow St, New York City, NY 10001",October
270011,Flatscreen TV,1,300.0,2019-10-27 16:36:00,"294 Highland St, Boston, MA 02215",October
274787,Flatscreen TV,1,300.0,2019-10-03 14:05:00,"43 Johnson St, Portland, OR 97035",October
278748,Flatscreen TV,1,300.0,2019-10-30 11:16:00,"96 Lake St, San Francisco, CA 94016",October
277955,Flatscreen TV,1,300.0,2019-10-16 19:22:00,"591 1st St, New York City, NY 10001",October
263821,Flatscreen TV,1,300.0,2019-10-14 08:59:00,"810 Lake St, New York City, NY 10001",October
265373,Flatscreen TV,1,300.0,2019-10-09 23:32:00,"876 Hill St, San Francisco, CA 94016",October
268952,Flatscreen TV,1,300.0,2019-10-01 10:26:00,"249 Center St, San Francisco, CA 94016",October
260839,Flatscreen TV,1,300.0,2019-10-25 09:01:00,"296 Walnut St, San Francisco, CA 94016",October
266166,Flatscreen TV,1,300.0,2019-10-21 18:54:00,"277 Washington St, San Francisco, CA 94016",October
267814,Flatscreen TV,1,300.0,2019-10-14 08:25:00,"403 4th St, Los Angeles, CA 90001",October
276440,Flatscreen TV,1,300.0,2019-10-12 18:50:00,"886 Park St, San Francisco, CA 94016",October
261355,Flatscreen TV,1,300.0,2019-10-28 19:42:00,"329 1st St, Portland, OR 97035",October
267477,Flatscreen TV,1,300.0,2019-10-30 22:25:00,"299 Cedar St, San Francisco, CA 94016",October
268082,Flatscreen TV,1,300.0,2019-10-20 10:03:00,"554 South St, Dallas, TX 75001",October
269320,Flatscreen TV,1,300.0,2019-10-24 20:20:00,"874 South St, San Francisco, CA 94016",October
272403,Flatscreen TV,1,300.0,2019-10-22 20:45:00,"905 Elm St, Atlanta, GA 30301",October
276569,Flatscreen TV,1,300.0,2019-10-03 13:02:00,"112 Ridge St, Boston, MA 02215",October
261890,Flatscreen TV,1,300.0,2019-10-24 16:31:00,"657 Church St, Seattle, WA 98101",October
270195,Flatscreen TV,1,300.0,2019-10-31 09:12:00,"326 North St, Dallas, TX 75001",October
272704,Flatscreen TV,1,300.0,2019-10-09 12:41:00,"554 Maple St, Los Angeles, CA 90001",October
273622,Flatscreen TV,1,300.0,2019-10-13 14:53:00,"836 Spruce St, Los Angeles, CA 90001",October
277501,Flatscreen TV,1,300.0,2019-10-29 10:34:00,"570 Maple St, Dallas, TX 75001",October
262644,Flatscreen TV,1,300.0,2019-10-31 22:08:00,"128 River St, Boston, MA 02215",October
272507,Flatscreen TV,1,300.0,2019-10-23 21:46:00,"957 Church St, Boston, MA 02215",October
273262,Flatscreen TV,1,300.0,2019-11-01 01:26:00,"14 5th St, Portland, OR 97035",November
276773,Flatscreen TV,1,300.0,2019-10-19 21:18:00,"107 Madison St, San Francisco, CA 94016",October
263076,Flatscreen TV,1,300.0,2019-10-10 14:08:00,"208 River St, New York City, NY 10001",October
269489,Flatscreen TV,1,300.0,2019-10-23 16:10:00,"222 8th St, Los Angeles, CA 90001",October
273326,Flatscreen TV,1,300.0,2019-10-30 16:55:00,"825 4th St, Dallas, TX 75001",October
273003,Flatscreen TV,1,300.0,2019-10-01 17:55:00,"49 Dogwood St, Boston, MA 02215",October
273117,Flatscreen TV,1,300.0,2019-10-11 20:08:00,"274 North St, Atlanta, GA 30301",October
273705,Flatscreen TV,1,300.0,2019-10-30 20:44:00,"944 11th St, San Francisco, CA 94016",October
267480,Flatscreen TV,1,300.0,2019-10-22 18:01:00,"278 Hill St, Los Angeles, CA 90001",October
272827,Flatscreen TV,1,300.0,2019-10-21 16:21:00,"417 Cherry St, Dallas, TX 75001",October
277277,Flatscreen TV,1,300.0,2019-10-01 21:11:00,"174 Washington St, San Francisco, CA 94016",October
265651,Flatscreen TV,1,300.0,2019-10-29 18:35:00,"577 Chestnut St, San Francisco, CA 94016",October
270922,Flatscreen TV,1,300.0,2019-10-19 18:15:00,"32 Hickory St, San Francisco, CA 94016",October
274563,Flatscreen TV,1,300.0,2019-10-06 01:52:00,"862 Center St, New York City, NY 10001",October
262420,Flatscreen TV,1,300.0,2019-10-05 18:47:00,"411 Jefferson St, Dallas, TX 75001",October
263092,Flatscreen TV,1,300.0,2019-10-23 13:18:00,"852 Cedar St, Portland, OR 97035",October
277642,Flatscreen TV,1,300.0,2019-10-23 12:23:00,"454 Maple St, Dallas, TX 75001",October
276884,Flatscreen TV,1,300.0,2019-10-10 20:44:00,"677 Walnut St, Los Angeles, CA 90001",October
259692,Flatscreen TV,1,300.0,2019-10-21 21:13:00,"384 11th St, Dallas, TX 75001",October
261052,Flatscreen TV,1,300.0,2019-10-07 21:51:00,"597 Cherry St, New York City, NY 10001",October
269964,Flatscreen TV,1,300.0,2019-10-01 15:09:00,"940 Forest St, New York City, NY 10001",October
271802,Flatscreen TV,1,300.0,2019-10-04 20:35:00,"87 South St, Atlanta, GA 30301",October
274086,Flatscreen TV,1,300.0,2019-10-19 23:55:00,"209 2nd St, New York City, NY 10001",October
275019,Flatscreen TV,1,300.0,2019-10-24 14:05:00,"563 Maple St, Boston, MA 02215",October
275130,Flatscreen TV,1,300.0,2019-10-26 21:05:00,"181 Cherry St, New York City, NY 10001",October
277369,Flatscreen TV,1,300.0,2019-10-22 18:26:00,"39 Lincoln St, San Francisco, CA 94016",October
270072,Flatscreen TV,1,300.0,2019-10-20 18:23:00,"389 South St, Los Angeles, CA 90001",October
276252,Flatscreen TV,1,300.0,2019-10-06 08:14:00,"547 9th St, Seattle, WA 98101",October
259999,Flatscreen TV,1,300.0,2019-10-06 18:21:00,"656 Washington St, New York City, NY 10001",October
269227,Flatscreen TV,1,300.0,2019-10-09 21:35:00,"421 1st St, Seattle, WA 98101",October
274137,Flatscreen TV,1,300.0,2019-10-06 00:57:00,"82 Elm St, Boston, MA 02215",October
260101,Flatscreen TV,1,300.0,2019-10-08 11:53:00,"559 4th St, Austin, TX 73301",October
269231,Flatscreen TV,1,300.0,2019-10-19 19:54:00,"916 5th St, Portland, OR 97035",October
273533,Flatscreen TV,1,300.0,2019-10-17 11:23:00,"350 Pine St, Boston, MA 02215",October
276175,Flatscreen TV,1,300.0,2019-10-24 19:05:00,"953 11th St, New York City, NY 10001",October
277295,Flatscreen TV,1,300.0,2019-10-28 19:34:00,"352 Dogwood St, San Francisco, CA 94016",October
263447,Flatscreen TV,1,300.0,2019-10-26 11:21:00,"265 Park St, San Francisco, CA 94016",October
264063,Flatscreen TV,1,300.0,2019-10-26 14:22:00,"709 Lake St, Los Angeles, CA 90001",October
268173,Flatscreen TV,1,300.0,2019-10-10 20:06:00,"939 River St, Atlanta, GA 30301",October
271375,Flatscreen TV,1,300.0,2019-10-17 12:32:00,"415 12th St, Atlanta, GA 30301",October
260399,Flatscreen TV,1,300.0,2019-10-31 06:33:00,"985 Cedar St, San Francisco, CA 94016",October
265280,Flatscreen TV,1,300.0,2019-10-03 12:08:00,"291 1st St, Austin, TX 73301",October
278108,Flatscreen TV,1,300.0,2019-10-10 14:00:00,"588 8th St, Atlanta, GA 30301",October
260431,Flatscreen TV,1,300.0,2019-10-12 13:34:00,"977 West St, Los Angeles, CA 90001",October
265230,Flatscreen TV,1,300.0,2019-10-08 22:00:00,"102 Sunset St, New York City, NY 10001",October
263505,Flatscreen TV,1,300.0,2019-10-27 12:16:00,"469 13th St, Los Angeles, CA 90001",October
265089,Flatscreen TV,1,300.0,2019-10-10 19:38:00,"154 South St, San Francisco, CA 94016",October
277582,Flatscreen TV,1,300.0,2019-10-14 17:04:00,"900 Chestnut St, Portland, OR 97035",October
274022,Flatscreen TV,1,300.0,2019-10-30 03:10:00,"669 7th St, Seattle, WA 98101",October
265034,Flatscreen TV,1,300.0,2019-10-10 17:38:00,"505 Jefferson St, Boston, MA 02215",October
269565,Flatscreen TV,1,300.0,2019-10-25 00:55:00,"899 1st St, Los Angeles, CA 90001",October
269934,Flatscreen TV,1,300.0,2019-10-04 13:07:00,"981 River St, Seattle, WA 98101",October
276062,Flatscreen TV,1,300.0,2019-10-17 09:14:00,"592 Spruce St, Portland, OR 97035",October
277571,Flatscreen TV,1,300.0,2019-10-24 23:57:00,"421 Main St, Los Angeles, CA 90001",October
293548,Flatscreen TV,1,300.0,2019-11-17 20:03:00,"317 River St, Dallas, TX 75001",November
281727,Flatscreen TV,1,300.0,2019-11-21 17:31:00,"249 Lakeview St, San Francisco, CA 94016",November
283021,Flatscreen TV,1,300.0,2019-11-20 12:38:00,"991 Main St, San Francisco, CA 94016",November
290567,Flatscreen TV,1,300.0,2019-11-21 19:31:00,"172 Jefferson St, Dallas, TX 75001",November
291137,Flatscreen TV,2,300.0,2019-11-09 14:25:00,"977 Walnut St, Seattle, WA 98101",November
293610,Flatscreen TV,1,300.0,2019-11-17 13:28:00,"101 Lincoln St, Los Angeles, CA 90001",November
295257,Flatscreen TV,1,300.0,2019-11-10 19:22:00,"398 Hickory St, San Francisco, CA 94016",November
284557,Flatscreen TV,1,300.0,2019-11-05 23:13:00,"796 11th St, Atlanta, GA 30301",November
292698,Flatscreen TV,1,300.0,2019-11-27 18:44:00,"531 7th St, Boston, MA 02215",November
279068,Flatscreen TV,1,300.0,2019-11-01 16:07:00,"97 Hill St, Austin, TX 73301",November
286297,Flatscreen TV,1,300.0,2019-11-30 09:38:00,"23 Forest St, Boston, MA 02215",November
290472,Flatscreen TV,1,300.0,2019-11-22 09:43:00,"717 Willow St, San Francisco, CA 94016",November
290677,Flatscreen TV,1,300.0,2019-11-22 08:48:00,"745 River St, Boston, MA 02215",November
292408,Flatscreen TV,1,300.0,2019-11-06 23:02:00,"69 Hickory St, San Francisco, CA 94016",November
294189,Flatscreen TV,1,300.0,2019-11-25 20:16:00,"268 Jefferson St, Boston, MA 02215",November
287618,Flatscreen TV,1,300.0,2019-11-02 23:19:00,"934 Walnut St, Los Angeles, CA 90001",November
282154,Flatscreen TV,1,300.0,2019-11-03 20:47:00,"315 Hill St, Los Angeles, CA 90001",November
286915,Flatscreen TV,1,300.0,2019-11-05 18:58:00,"241 11th St, New York City, NY 10001",November
279637,Flatscreen TV,1,300.0,2019-11-21 13:49:00,"192 Park St, Dallas, TX 75001",November
292717,Flatscreen TV,1,300.0,2019-11-11 19:49:00,"682 Lakeview St, New York City, NY 10001",November
286175,Flatscreen TV,1,300.0,2019-11-13 10:02:00,"560 North St, Austin, TX 73301",November
288765,Flatscreen TV,1,300.0,2019-11-11 13:16:00,"346 Sunset St, San Francisco, CA 94016",November
295482,Flatscreen TV,1,300.0,2019-11-04 13:17:00,"912 Dogwood St, New York City, NY 10001",November
278964,Flatscreen TV,1,300.0,2019-11-13 03:56:00,"200 Madison St, Dallas, TX 75001",November
292772,Flatscreen TV,1,300.0,2019-11-11 18:51:00,"416 Lincoln St, San Francisco, CA 94016",November
290429,Flatscreen TV,1,300.0,2019-11-19 20:18:00,"32 2nd St, San Francisco, CA 94016",November
282377,Flatscreen TV,1,300.0,2019-11-23 14:27:00,"82 9th St, San Francisco, CA 94016",November
283380,Flatscreen TV,1,300.0,2019-11-04 21:54:00,"27 Cherry St, Boston, MA 02215",November
285409,Flatscreen TV,1,300.0,2019-11-19 14:35:00,"908 Center St, Dallas, TX 75001",November
281784,Flatscreen TV,1,300.0,2019-11-17 07:26:00,"927 Church St, Boston, MA 02215",November
281875,Flatscreen TV,1,300.0,2019-11-18 16:35:00,"159 Church St, Seattle, WA 98101",November
283364,Flatscreen TV,1,300.0,2019-11-20 14:55:00,"391 Madison St, New York City, NY 10001",November
288948,Flatscreen TV,1,300.0,2019-11-22 23:39:00,"519 5th St, Portland, OR 97035",November
294940,Flatscreen TV,1,300.0,2019-11-11 10:03:00,"650 Spruce St, Atlanta, GA 30301",November
280209,Flatscreen TV,1,300.0,2019-11-13 11:12:00,"647 Elm St, San Francisco, CA 94016",November
286466,Flatscreen TV,1,300.0,2019-11-01 12:42:00,"250 Highland St, San Francisco, CA 94016",November
289254,Flatscreen TV,1,300.0,2019-11-01 20:53:00,"871 Meadow St, Dallas, TX 75001",November
279426,Flatscreen TV,1,300.0,2019-11-05 06:32:00,"574 14th St, Dallas, TX 75001",November
285231,Flatscreen TV,1,300.0,2019-11-29 11:53:00,"42 9th St, San Francisco, CA 94016",November
293375,Flatscreen TV,1,300.0,2019-11-22 16:18:00,"738 8th St, San Francisco, CA 94016",November
280697,Flatscreen TV,1,300.0,2019-11-22 14:25:00,"200 9th St, Boston, MA 02215",November
284847,Flatscreen TV,1,300.0,2019-11-01 10:45:00,"442 Dogwood St, Austin, TX 73301",November
280737,Flatscreen TV,1,300.0,2019-11-06 09:52:00,"64 Lakeview St, Dallas, TX 75001",November
284779,Flatscreen TV,1,300.0,2019-11-22 11:37:00,"900 Park St, San Francisco, CA 94016",November
285640,Flatscreen TV,1,300.0,2019-11-08 10:43:00,"322 7th St, New York City, NY 10001",November
282036,Flatscreen TV,1,300.0,2019-11-15 11:38:00,"171 Park St, Atlanta, GA 30301",November
291850,Flatscreen TV,1,300.0,2019-11-19 15:19:00,"784 7th St, Los Angeles, CA 90001",November
281078,Flatscreen TV,1,300.0,2019-11-12 11:34:00,"822 Jackson St, Atlanta, GA 30301",November
283309,Flatscreen TV,1,300.0,2019-11-17 16:34:00,"9 10th St, Atlanta, GA 30301",November
281923,Flatscreen TV,1,300.0,2019-11-08 13:24:00,"182 Willow St, Atlanta, GA 30301",November
282634,Flatscreen TV,1,300.0,2019-11-29 18:33:00,"85 Highland St, Seattle, WA 98101",November
291638,Flatscreen TV,1,300.0,2019-11-25 11:00:00,"238 Washington St, Los Angeles, CA 90001",November
279690,Flatscreen TV,1,300.0,2019-11-15 23:49:00,"240 Spruce St, San Francisco, CA 94016",November
286936,Flatscreen TV,1,300.0,2019-11-26 18:37:00,"32 Walnut St, Los Angeles, CA 90001",November
286945,Flatscreen TV,1,300.0,2019-11-17 11:55:00,"86 Willow St, Seattle, WA 98101",November
283525,Flatscreen TV,1,300.0,2019-11-21 20:34:00,"703 8th St, San Francisco, CA 94016",November
289088,Flatscreen TV,1,300.0,2019-11-23 21:40:00,"580 4th St, Austin, TX 73301",November
292495,Flatscreen TV,1,300.0,2019-11-13 15:36:00,"345 9th St, Boston, MA 02215",November
283063,Flatscreen TV,1,300.0,2019-11-11 11:10:00,"145 Dogwood St, San Francisco, CA 94016",November
292386,Flatscreen TV,1,300.0,2019-11-09 14:43:00,"93 Elm St, San Francisco, CA 94016",November
293336,Flatscreen TV,1,300.0,2019-11-25 18:22:00,"192 Dogwood St, Los Angeles, CA 90001",November
298710,Flatscreen TV,1,300.0,2019-12-19 19:22:00,"489 12th St, Atlanta, GA 30301",December
299301,Flatscreen TV,1,300.0,2019-12-22 18:31:00,"697 14th St, Seattle, WA 98101",December
305544,Flatscreen TV,1,300.0,2019-12-13 22:23:00,"982 Adams St, San Francisco, CA 94016",December
307937,Flatscreen TV,1,300.0,2019-12-19 19:37:00,"757 7th St, Portland, ME 04101",December
319016,Flatscreen TV,1,300.0,2019-12-03 12:47:00,"564 13th St, Portland, OR 97035",December
298390,Flatscreen TV,1,300.0,2019-12-30 10:13:00,"93 Meadow St, New York City, NY 10001",December
304326,Flatscreen TV,1,300.0,2019-12-02 19:47:00,"961 14th St, Boston, MA 02215",December
304366,Flatscreen TV,1,300.0,2019-12-15 00:37:00,"164 Center St, Los Angeles, CA 90001",December
297596,Flatscreen TV,1,300.0,2019-12-10 18:45:00,"301 13th St, Los Angeles, CA 90001",December
312327,Flatscreen TV,1,300.0,2019-12-02 23:05:00,"511 Lake St, Los Angeles, CA 90001",December
312655,Flatscreen TV,1,300.0,2019-12-31 07:41:00,"261 6th St, New York City, NY 10001",December
314466,Flatscreen TV,1,300.0,2019-12-29 20:00:00,"751 Sunset St, Boston, MA 02215",December
316958,Flatscreen TV,1,300.0,2019-12-25 09:31:00,"777 Dogwood St, New York City, NY 10001",December
297436,Flatscreen TV,1,300.0,2019-12-31 18:03:00,"926 Lake St, Seattle, WA 98101",December
299226,Flatscreen TV,1,300.0,2019-12-01 09:08:00,"907 Willow St, Los Angeles, CA 90001",December
314482,Flatscreen TV,1,300.0,2019-12-30 18:07:00,"378 2nd St, San Francisco, CA 94016",December
302788,Flatscreen TV,1,300.0,2019-12-07 18:59:00,"276 Spruce St, Seattle, WA 98101",December
304830,Flatscreen TV,1,300.0,2019-12-04 11:15:00,"151 10th St, San Francisco, CA 94016",December
307729,Flatscreen TV,1,300.0,2019-12-11 01:01:00,"546 Elm St, Austin, TX 73301",December
302213,Flatscreen TV,1,300.0,2019-12-06 15:35:00,"283 Lake St, Austin, TX 73301",December
310243,Flatscreen TV,1,300.0,2019-12-29 21:05:00,"867 Walnut St, San Francisco, CA 94016",December
299615,Flatscreen TV,1,300.0,2019-12-28 06:23:00,"683 Washington St, New York City, NY 10001",December
312921,Flatscreen TV,1,300.0,2019-12-24 18:03:00,"146 South St, Portland, OR 97035",December
314768,Flatscreen TV,1,300.0,2019-12-16 11:19:00,"986 Dogwood St, San Francisco, CA 94016",December
306428,Flatscreen TV,1,300.0,2019-12-08 20:27:00,"370 7th St, Boston, MA 02215",December
314275,Flatscreen TV,1,300.0,2019-12-24 10:27:00,"627 Dogwood St, Portland, ME 04101",December
298328,Flatscreen TV,1,300.0,2019-12-06 19:00:00,"150 Maple St, San Francisco, CA 94016",December
301093,Flatscreen TV,1,300.0,2019-12-03 17:23:00,"727 Lake St, San Francisco, CA 94016",December
302168,Flatscreen TV,1,300.0,2019-12-23 10:09:00,"549 Cedar St, Portland, OR 97035",December
312196,Flatscreen TV,1,300.0,2019-12-29 23:12:00,"76 Hill St, New York City, NY 10001",December
317816,Flatscreen TV,1,300.0,2019-12-06 15:30:00,"132 Church St, New York City, NY 10001",December
299465,Flatscreen TV,1,300.0,2019-12-22 19:08:00,"858 Chestnut St, San Francisco, CA 94016",December
302419,Flatscreen TV,1,300.0,2019-12-21 13:21:00,"97 Main St, Dallas, TX 75001",December
310650,Flatscreen TV,1,300.0,2019-12-30 13:05:00,"264 Spruce St, Boston, MA 02215",December
316633,Flatscreen TV,1,300.0,2019-12-25 06:39:00,"368 Lake St, Portland, ME 04101",December
297156,Flatscreen TV,1,300.0,2019-12-22 14:46:00,"940 1st St, Boston, MA 02215",December
304579,Flatscreen TV,1,300.0,2019-12-10 01:58:00,"792 Jefferson St, Los Angeles, CA 90001",December
307929,Flatscreen TV,1,300.0,2019-12-23 09:54:00,"946 Lincoln St, New York City, NY 10001",December
316802,Flatscreen TV,1,300.0,2019-12-09 12:02:00,"382 Adams St, Austin, TX 73301",December
296331,Flatscreen TV,1,300.0,2019-12-01 15:34:00,"473 6th St, Seattle, WA 98101",December
297942,Flatscreen TV,1,300.0,2019-12-29 00:17:00,"769 6th St, Portland, OR 97035",December
303291,Flatscreen TV,1,300.0,2019-12-19 11:15:00,"641 9th St, Dallas, TX 75001",December
313801,Flatscreen TV,1,300.0,2019-12-18 18:46:00,"963 Jefferson St, Los Angeles, CA 90001",December
315383,Flatscreen TV,1,300.0,2019-12-31 17:57:00,"44 Walnut St, Atlanta, GA 30301",December
313544,Flatscreen TV,1,300.0,2019-12-06 13:49:00,"409 Forest St, San Francisco, CA 94016",December
300555,Flatscreen TV,1,300.0,2019-12-31 19:49:00,"466 12th St, New York City, NY 10001",December
303571,Flatscreen TV,1,300.0,2019-12-29 06:45:00,"29 2nd St, San Francisco, CA 94016",December
307484,Flatscreen TV,1,300.0,2019-12-18 20:29:00,"447 10th St, San Francisco, CA 94016",December
318181,Flatscreen TV,1,300.0,2019-12-04 21:01:00,"428 1st St, San Francisco, CA 94016",December
298034,Flatscreen TV,1,300.0,2019-12-25 10:10:00,"407 5th St, Dallas, TX 75001",December
300447,Flatscreen TV,1,300.0,2019-12-04 09:59:00,"617 11th St, Austin, TX 73301",December
307092,Flatscreen TV,1,300.0,2019-12-21 20:32:00,"956 2nd St, Boston, MA 02215",December
313860,Flatscreen TV,1,300.0,2019-12-30 00:02:00,"263 11th St, Los Angeles, CA 90001",December
296797,Flatscreen TV,1,300.0,2019-12-14 11:01:00,"80 1st St, New York City, NY 10001",December
298646,Flatscreen TV,1,300.0,2019-12-04 17:28:00,"177 Washington St, Atlanta, GA 30301",December
300293,Flatscreen TV,1,300.0,2019-12-08 15:28:00,"361 Highland St, New York City, NY 10001",December
313228,Flatscreen TV,1,300.0,2019-12-11 15:08:00,"666 Highland St, New York City, NY 10001",December
296881,Flatscreen TV,1,300.0,2019-12-06 18:20:00,"832 Adams St, San Francisco, CA 94016",December
298540,Flatscreen TV,1,300.0,2019-12-10 20:32:00,"908 6th St, Los Angeles, CA 90001",December
302053,Flatscreen TV,1,300.0,2019-12-13 05:48:00,"647 Cedar St, New York City, NY 10001",December
304837,Flatscreen TV,1,300.0,2019-12-21 19:40:00,"751 Maple St, San Francisco, CA 94016",December
307389,Flatscreen TV,1,300.0,2019-12-28 19:00:00,"935 Jefferson St, San Francisco, CA 94016",December
316033,Flatscreen TV,1,300.0,2019-12-29 21:34:00,"430 West St, Boston, MA 02215",December
300990,Flatscreen TV,1,300.0,2019-12-05 18:53:00,"628 Park St, New York City, NY 10001",December
303381,Flatscreen TV,1,300.0,2019-12-02 14:24:00,"437 11th St, San Francisco, CA 94016",December
311901,Flatscreen TV,1,300.0,2019-12-21 13:59:00,"641 Center St, San Francisco, CA 94016",December
318755,Flatscreen TV,1,300.0,2019-12-07 14:37:00,"917 Church St, New York City, NY 10001",December
304275,Flatscreen TV,1,300.0,2019-12-15 22:35:00,"46 Chestnut St, New York City, NY 10001",December
312080,Flatscreen TV,1,300.0,2019-12-20 21:52:00,"665 Cherry St, San Francisco, CA 94016",December
316928,Flatscreen TV,1,300.0,2019-12-21 12:07:00,"722 Jefferson St, San Francisco, CA 94016",December
297768,Flatscreen TV,1,300.0,2019-12-05 00:33:00,"225 Lincoln St, Dallas, TX 75001",December
299389,Flatscreen TV,1,300.0,2019-12-26 23:12:00,"699 Highland St, San Francisco, CA 94016",December
303699,Flatscreen TV,1,300.0,2019-12-02 21:27:00,"455 Church St, Austin, TX 73301",December
310565,Flatscreen TV,1,300.0,2019-12-12 09:05:00,"558 Wilson St, San Francisco, CA 94016",December
318758,Flatscreen TV,1,300.0,2019-12-23 10:05:00,"323 Jefferson St, Boston, MA 02215",December
298603,Flatscreen TV,1,300.0,2019-12-29 16:21:00,"733 4th St, San Francisco, CA 94016",December
299518,Flatscreen TV,1,300.0,2019-12-07 10:24:00,"273 Meadow St, New York City, NY 10001",December
176584,Flatscreen TV,1,300.0,2019-04-24 20:39:00,"936 Church St, San Francisco, CA 94016",April
196560,Flatscreen TV,1,300.0,2019-05-18 17:02:00,"463 Main St, Boston, MA 02215",May
194837,Flatscreen TV,1,300.0,2019-05-14 11:31:00,"405 4th St, Dallas, TX 75001",May
223858,Flatscreen TV,1,300.0,2019-07-13 00:44:00,"9 8th St, Los Angeles, CA 90001",July
240664,Flatscreen TV,1,300.0,2019-08-12 11:11:00,"535 14th St, Boston, MA 02215",August
243442,Flatscreen TV,1,300.0,2019-08-29 14:35:00,"968 Maple St, New York City, NY 10001",August
240048,Flatscreen TV,1,300.0,2019-08-28 15:17:00,"796 Madison St, Boston, MA 02215",August
257634,Flatscreen TV,1,300.0,2019-09-12 16:25:00,"541 Elm St, Dallas, TX 75001",September
269617,Flatscreen TV,1,300.0,2019-10-06 16:12:00,"865 Johnson St, San Francisco, CA 94016",October
290039,Flatscreen TV,1,300.0,2019-11-18 11:59:00,"904 Jackson St, Boston, MA 02215",November
282176,Flatscreen TV,1,300.0,2019-11-28 15:55:00,"16 Church St, New York City, NY 10001",November
316925,Flatscreen TV,1,300.0,2019-12-17 09:01:00,"51 Adams St, Seattle, WA 98101",December
303898,Flatscreen TV,1,300.0,2019-12-24 21:59:00,"355 Center St, Austin, TX 73301",December
303723,Flatscreen TV,1,300.0,2019-12-20 14:22:00,"511 5th St, Boston, MA 02215",December
318948,Flatscreen TV,1,300.0,2019-12-28 22:13:00,"643 12th St, Los Angeles, CA 90001",December
303797,Flatscreen TV,1,300.0,2019-12-24 18:52:00,"80 Church St, Portland, OR 97035",December
316016,Flatscreen TV,1,300.0,2019-12-26 11:08:00,"29 River St, New York City, NY 10001",December
315397,Flatscreen TV,1,300.0,2019-12-29 19:37:00,"902 12th St, New York City, NY 10001",December
318121,Flatscreen TV,1,300.0,2019-12-29 14:36:00,"120 Sunset St, Atlanta, GA 30301",December
310751,Flatscreen TV,1,300.0,2019-12-12 16:33:00,"440 11th St, San Francisco, CA 94016",December
312700,Flatscreen TV,1,300.0,2019-12-29 22:01:00,"212 Lake St, Austin, TX 73301",December
313301,Flatscreen TV,1,300.0,2019-12-18 22:27:00,"105 Spruce St, San Francisco, CA 94016",December
314095,Flatscreen TV,1,300.0,2019-12-26 18:00:00,"66 Church St, Los Angeles, CA 90001",December
318801,Flatscreen TV,1,300.0,2019-12-28 19:46:00,"880 Elm St, New York City, NY 10001",December
297756,Flatscreen TV,1,300.0,2019-12-26 18:19:00,"468 12th St, Austin, TX 73301",December
310874,Flatscreen TV,1,300.0,2019-12-04 20:46:00,"879 Highland St, Atlanta, GA 30301",December
312217,Flatscreen TV,1,300.0,2019-12-09 11:59:00,"107 Jefferson St, Dallas, TX 75001",December
316214,Flatscreen TV,1,300.0,2019-12-09 15:40:00,"452 13th St, Dallas, TX 75001",December
318155,Flatscreen TV,1,300.0,2019-12-05 16:23:00,"299 Ridge St, Atlanta, GA 30301",December
302681,Flatscreen TV,1,300.0,2019-12-30 14:19:00,"679 Spruce St, Boston, MA 02215",December
306557,Flatscreen TV,1,300.0,2019-12-01 17:36:00,"427 Hickory St, Seattle, WA 98101",December
306891,Flatscreen TV,1,300.0,2019-12-28 08:26:00,"410 Main St, San Francisco, CA 94016",December
308537,Flatscreen TV,1,300.0,2019-12-28 21:28:00,"320 Jackson St, Los Angeles, CA 90001",December
310789,Flatscreen TV,1,300.0,2019-12-14 19:07:00,"416 1st St, San Francisco, CA 94016",December
310861,Flatscreen TV,1,300.0,2019-12-31 19:07:00,"169 Highland St, Boston, MA 02215",December
300795,Flatscreen TV,1,300.0,2019-12-19 05:21:00,"440 River St, Austin, TX 73301",December
306544,Flatscreen TV,1,300.0,2019-12-27 07:04:00,"378 7th St, San Francisco, CA 94016",December
307535,Flatscreen TV,1,300.0,2019-12-24 11:16:00,"204 Ridge St, Los Angeles, CA 90001",December
317733,Flatscreen TV,1,300.0,2019-12-11 14:39:00,"7 Walnut St, Los Angeles, CA 90001",December
317795,Flatscreen TV,1,300.0,2019-12-14 11:17:00,"537 Park St, San Francisco, CA 94016",December
307135,Flatscreen TV,1,300.0,2019-12-21 16:48:00,"408 Sunset St, Boston, MA 02215",December
308216,Flatscreen TV,1,300.0,2019-12-28 08:39:00,"573 6th St, San Francisco, CA 94016",December
316284,Flatscreen TV,1,300.0,2019-12-29 15:24:00,"895 Willow St, New York City, NY 10001",December
297600,Flatscreen TV,1,300.0,2019-12-05 18:51:00,"854 Main St, San Francisco, CA 94016",December
313286,Flatscreen TV,1,300.0,2019-12-04 17:01:00,"526 Dogwood St, Boston, MA 02215",December
314318,Flatscreen TV,1,300.0,2019-12-25 20:49:00,"409 Lake St, San Francisco, CA 94016",December
315476,Flatscreen TV,1,300.0,2019-12-19 11:25:00,"663 4th St, San Francisco, CA 94016",December
301124,Flatscreen TV,1,300.0,2019-12-30 10:31:00,"617 Elm St, Los Angeles, CA 90001",December
307428,Flatscreen TV,1,300.0,2019-12-23 02:28:00,"289 Cherry St, Dallas, TX 75001",December
318049,Flatscreen TV,1,300.0,2019-12-02 23:17:00,"52 Washington St, Boston, MA 02215",December
297506,Flatscreen TV,1,300.0,2019-12-14 10:56:00,"732 6th St, New York City, NY 10001",December
306951,Flatscreen TV,1,300.0,2019-12-12 23:50:00,"454 Elm St, Dallas, TX 75001",December
309057,Flatscreen TV,1,300.0,2019-12-09 19:46:00,"30 Highland St, Dallas, TX 75001",December
313188,Flatscreen TV,1,300.0,2019-12-16 13:37:00,"780 Hill St, Boston, MA 02215",December
313695,Flatscreen TV,1,300.0,2019-12-24 12:30:00,"369 9th St, Portland, OR 97035",December
314637,Flatscreen TV,1,300.0,2019-12-14 16:31:00,"550 Johnson St, Boston, MA 02215",December
310385,Flatscreen TV,1,300.0,2019-12-01 18:24:00,"376 Sunset St, Seattle, WA 98101",December
312806,Flatscreen TV,1,300.0,2019-12-02 20:22:00,"803 9th St, New York City, NY 10001",December
318988,Flatscreen TV,1,300.0,2019-12-20 08:55:00,"379 West St, Boston, MA 02215",December
143143,Flatscreen TV,1,300.0,2019-01-19 13:44:00,"501 Center St, New York City, NY 10001",January
145202,Flatscreen TV,1,300.0,2019-01-21 16:30:00,"935 Adams St, Dallas, TX 75001",January
149683,Flatscreen TV,1,300.0,2019-01-14 07:56:00,"59 11th St, Los Angeles, CA 90001",January
150488,Flatscreen TV,1,300.0,2019-01-22 20:41:00,"587 6th St, Portland, OR 97035",January
149896,Flatscreen TV,1,300.0,2019-01-17 23:20:00,"934 Ridge St, San Francisco, CA 94016",January
149958,Flatscreen TV,1,300.0,2019-01-13 23:28:00,"994 Ridge St, Dallas, TX 75001",January
145832,Flatscreen TV,1,300.0,2019-01-29 09:31:00,"679 Maple St, Boston, MA 02215",January
149998,Flatscreen TV,1,300.0,2019-01-26 23:30:00,"370 South St, Dallas, TX 75001",January
141283,Flatscreen TV,1,300.0,2019-01-02 16:16:00,"68 Hickory St, Seattle, WA 98101",January
147283,Flatscreen TV,1,300.0,2019-01-29 21:09:00,"234 Ridge St, Los Angeles, CA 90001",January
142894,Flatscreen TV,1,300.0,2019-01-31 10:19:00,"744 8th St, Atlanta, GA 30301",January
144002,Flatscreen TV,1,300.0,2019-01-11 10:24:00,"644 Lakeview St, Boston, MA 02215",January
148909,Flatscreen TV,1,300.0,2019-01-19 13:32:00,"799 13th St, Dallas, TX 75001",January
141468,Flatscreen TV,1,300.0,2019-01-07 15:21:00,"268 8th St, Austin, TX 73301",January
149413,Flatscreen TV,1,300.0,2019-01-14 01:32:00,"993 West St, Dallas, TX 75001",January
144113,Flatscreen TV,1,300.0,2019-01-07 06:30:00,"996 Pine St, Los Angeles, CA 90001",January
148451,Flatscreen TV,1,300.0,2019-01-28 10:24:00,"780 9th St, New York City, NY 10001",January
148457,Flatscreen TV,1,300.0,2019-01-11 12:40:00,"277 4th St, Los Angeles, CA 90001",January
145826,Flatscreen TV,1,300.0,2019-01-25 20:09:00,"366 Highland St, Atlanta, GA 30301",January
146254,Flatscreen TV,1,300.0,2019-01-26 10:32:00,"908 14th St, Portland, OR 97035",January
141835,Flatscreen TV,1,300.0,2019-01-23 20:33:00,"100 Spruce St, Los Angeles, CA 90001",January
148802,Flatscreen TV,1,300.0,2019-01-31 12:56:00,"105 Highland St, Atlanta, GA 30301",January
145221,Flatscreen TV,1,300.0,2019-01-16 13:57:00,"982 1st St, Portland, OR 97035",January
150053,Flatscreen TV,1,300.0,2019-01-02 16:38:00,"608 11th St, Atlanta, GA 30301",January
144301,Flatscreen TV,1,300.0,2019-01-01 15:27:00,"75 Lake St, Los Angeles, CA 90001",January
149956,Flatscreen TV,1,300.0,2019-01-21 13:16:00,"716 West St, Dallas, TX 75001",January
143901,Flatscreen TV,1,300.0,2019-01-08 17:36:00,"436 Elm St, New York City, NY 10001",January
146092,Flatscreen TV,1,300.0,2019-01-16 21:45:00,"914 Adams St, San Francisco, CA 94016",January
147907,Flatscreen TV,1,300.0,2019-01-11 14:00:00,"805 5th St, Portland, OR 97035",January
148840,Flatscreen TV,1,300.0,2019-01-30 00:45:00,"914 Meadow St, Boston, MA 02215",January
150338,Flatscreen TV,1,300.0,2019-01-04 05:19:00,"919 Lake St, Los Angeles, CA 90001",January
142200,Flatscreen TV,1,300.0,2019-01-14 07:58:00,"381 Elm St, Seattle, WA 98101",January
144162,Flatscreen TV,1,300.0,2019-01-02 12:05:00,"14 South St, Boston, MA 02215",January
147764,Flatscreen TV,1,300.0,2019-01-29 14:52:00,"122 Forest St, San Francisco, CA 94016",January
148072,Flatscreen TV,1,300.0,2019-01-01 12:00:00,"989 Center St, San Francisco, CA 94016",January
143707,Flatscreen TV,1,300.0,2019-01-31 17:48:00,"750 Main St, Seattle, WA 98101",January
141248,Flatscreen TV,1,300.0,2019-01-03 21:54:00,"363 Spruce St, Austin, TX 73301",January
148343,Flatscreen TV,1,300.0,2019-01-04 12:33:00,"608 4th St, Dallas, TX 75001",January
149523,Flatscreen TV,1,300.0,2019-01-30 17:00:00,"748 Jackson St, Los Angeles, CA 90001",January
149788,Flatscreen TV,1,300.0,2019-01-28 00:52:00,"310 North St, Portland, OR 97035",January
146491,Flatscreen TV,1,300.0,2019-01-20 22:15:00,"638 Ridge St, San Francisco, CA 94016",January
149812,Flatscreen TV,1,300.0,2019-01-06 11:36:00,"331 8th St, San Francisco, CA 94016",January
148314,Flatscreen TV,1,300.0,2019-01-04 13:51:00,"772 Lakeview St, Dallas, TX 75001",January
141483,Flatscreen TV,1,300.0,2019-01-21 15:57:00,"216 Willow St, Austin, TX 73301",January
152361,Flatscreen TV,1,300.0,2019-02-13 15:37:00,"994 12th St, Austin, TX 73301",February
155981,Flatscreen TV,1,300.0,2019-02-26 19:27:00,"782 Lincoln St, Los Angeles, CA 90001",February
153078,Flatscreen TV,1,300.0,2019-02-03 12:37:00,"905 Forest St, New York City, NY 10001",February
154759,Flatscreen TV,1,300.0,2019-02-16 11:53:00,"778 14th St, San Francisco, CA 94016",February
159596,Flatscreen TV,1,300.0,2019-02-07 13:48:00,"955 1st St, Dallas, TX 75001",February
159583,Flatscreen TV,1,300.0,2019-02-19 21:38:00,"194 Hickory St, Dallas, TX 75001",February
160181,Flatscreen TV,1,300.0,2019-02-23 20:07:00,"36 Jefferson St, Seattle, WA 98101",February
161856,Flatscreen TV,1,300.0,2019-02-14 17:00:00,"68 River St, Los Angeles, CA 90001",February
160807,Flatscreen TV,1,300.0,2019-02-28 20:36:00,"178 Pine St, San Francisco, CA 94016",February
160337,Flatscreen TV,1,300.0,2019-02-21 23:23:00,"790 Ridge St, San Francisco, CA 94016",February
152262,Flatscreen TV,1,300.0,2019-02-01 10:06:00,"113 13th St, Austin, TX 73301",February
152388,Flatscreen TV,1,300.0,2019-02-18 20:07:00,"763 6th St, Boston, MA 02215",February
152554,Flatscreen TV,1,300.0,2019-02-25 18:06:00,"885 Cedar St, San Francisco, CA 94016",February
152702,Flatscreen TV,1,300.0,2019-02-06 20:21:00,"111 13th St, New York City, NY 10001",February
153386,Flatscreen TV,1,300.0,2019-02-22 16:22:00,"340 2nd St, San Francisco, CA 94016",February
158465,Flatscreen TV,1,300.0,2019-02-16 10:36:00,"216 Center St, San Francisco, CA 94016",February
160292,Flatscreen TV,1,300.0,2019-02-19 11:23:00,"866 Highland St, Atlanta, GA 30301",February
151672,Flatscreen TV,1,300.0,2019-02-03 22:35:00,"71 Madison St, New York City, NY 10001",February
155229,Flatscreen TV,1,300.0,2019-02-17 15:00:00,"902 Sunset St, Boston, MA 02215",February
161236,Flatscreen TV,1,300.0,2019-02-19 13:10:00,"492 12th St, Atlanta, GA 30301",February
154107,Flatscreen TV,1,300.0,2019-02-01 08:44:00,"4 Madison St, Dallas, TX 75001",February
158641,Flatscreen TV,1,300.0,2019-02-21 17:01:00,"9 Lakeview St, Seattle, WA 98101",February
152496,Flatscreen TV,1,300.0,2019-02-25 09:40:00,"151 West St, Boston, MA 02215",February
160854,Flatscreen TV,1,300.0,2019-02-09 17:25:00,"471 12th St, Boston, MA 02215",February
157263,Flatscreen TV,1,300.0,2019-02-20 18:11:00,"927 Main St, Los Angeles, CA 90001",February
153664,Flatscreen TV,1,300.0,2019-02-28 22:07:00,"114 4th St, San Francisco, CA 94016",February
151945,Flatscreen TV,1,300.0,2019-02-28 12:28:00,"400 South St, Boston, MA 02215",February
155052,Flatscreen TV,1,300.0,2019-02-24 09:52:00,"997 Elm St, Boston, MA 02215",February
152103,Flatscreen TV,1,300.0,2019-02-17 12:03:00,"1 Hill St, Boston, MA 02215",February
152731,Flatscreen TV,1,300.0,2019-02-07 11:51:00,"674 7th St, Atlanta, GA 30301",February
156673,Flatscreen TV,1,300.0,2019-02-07 14:23:00,"414 Lakeview St, New York City, NY 10001",February
161142,Flatscreen TV,1,300.0,2019-02-22 14:34:00,"222 5th St, Portland, OR 97035",February
150856,Flatscreen TV,1,300.0,2019-02-07 13:42:00,"571 Meadow St, San Francisco, CA 94016",February
160600,Flatscreen TV,1,300.0,2019-02-22 20:21:00,"694 Center St, New York City, NY 10001",February
157899,Flatscreen TV,1,300.0,2019-03-01 01:41:00,"506 North St, San Francisco, CA 94016",March
160036,Flatscreen TV,1,300.0,2019-02-06 17:25:00,"960 Jackson St, Los Angeles, CA 90001",February
152503,Flatscreen TV,1,300.0,2019-02-14 16:08:00,"310 Meadow St, Seattle, WA 98101",February
151863,Flatscreen TV,1,300.0,2019-02-16 08:20:00,"760 11th St, Atlanta, GA 30301",February
160542,Flatscreen TV,1,300.0,2019-02-25 15:57:00,"126 12th St, San Francisco, CA 94016",February
165954,Flatscreen TV,1,300.0,2019-03-07 18:26:00,"310 14th St, Atlanta, GA 30301",March
169902,Flatscreen TV,1,300.0,2019-03-16 13:52:00,"545 2nd St, Atlanta, GA 30301",March
172163,Flatscreen TV,1,300.0,2019-03-03 11:36:00,"70 Washington St, Los Angeles, CA 90001",March
167441,Flatscreen TV,1,300.0,2019-03-11 16:31:00,"384 Lakeview St, Dallas, TX 75001",March
162358,Flatscreen TV,1,300.0,2019-04-01 01:11:00,"444 12th St, New York City, NY 10001",April
163397,Flatscreen TV,1,300.0,2019-03-31 15:37:00,"208 2nd St, Los Angeles, CA 90001",March
169401,Flatscreen TV,1,300.0,2019-03-21 11:42:00,"256 7th St, Los Angeles, CA 90001",March
175522,Flatscreen TV,1,300.0,2019-03-05 11:11:00,"312 Maple St, San Francisco, CA 94016",March
170361,Flatscreen TV,1,300.0,2019-03-15 12:29:00,"474 Highland St, Dallas, TX 75001",March
175928,Flatscreen TV,1,300.0,2019-03-24 15:11:00,"108 Maple St, Boston, MA 02215",March
174680,Flatscreen TV,1,300.0,2019-03-09 09:13:00,"840 Hill St, Austin, TX 73301",March
167448,Flatscreen TV,1,300.0,2019-03-03 20:41:00,"918 Lake St, New York City, NY 10001",March
164875,Flatscreen TV,1,300.0,2019-03-29 15:20:00,"349 13th St, Austin, TX 73301",March
171165,Flatscreen TV,1,300.0,2019-03-01 22:26:00,"157 Chestnut St, Los Angeles, CA 90001",March
167047,Flatscreen TV,1,300.0,2019-03-09 16:09:00,"252 Main St, San Francisco, CA 94016",March
172316,Flatscreen TV,1,300.0,2019-03-06 21:13:00,"917 Meadow St, New York City, NY 10001",March
165710,Flatscreen TV,1,300.0,2019-03-18 00:56:00,"413 North St, Portland, OR 97035",March
162476,Flatscreen TV,1,300.0,2019-03-27 19:09:00,"962 Highland St, Atlanta, GA 30301",March
162873,Flatscreen TV,1,300.0,2019-03-20 16:07:00,"719 2nd St, New York City, NY 10001",March
165348,Flatscreen TV,1,300.0,2019-03-31 18:03:00,"786 Cedar St, Portland, OR 97035",March
171880,Flatscreen TV,1,300.0,2019-03-22 22:15:00,"288 Madison St, Atlanta, GA 30301",March
163584,Flatscreen TV,1,300.0,2019-03-18 23:57:00,"634 Maple St, Austin, TX 73301",March
171113,Flatscreen TV,1,300.0,2019-03-04 10:02:00,"512 River St, San Francisco, CA 94016",March
168923,Flatscreen TV,1,300.0,2019-03-01 12:28:00,"862 Spruce St, Los Angeles, CA 90001",March
169701,Flatscreen TV,1,300.0,2019-03-29 19:02:00,"351 Forest St, Atlanta, GA 30301",March
171160,Flatscreen TV,1,300.0,2019-03-22 21:44:00,"528 10th St, San Francisco, CA 94016",March
171914,Flatscreen TV,1,300.0,2019-03-13 18:06:00,"662 Park St, Los Angeles, CA 90001",March
174545,Flatscreen TV,1,300.0,2019-03-09 17:00:00,"90 Spruce St, Boston, MA 02215",March
175993,Flatscreen TV,1,300.0,2019-03-11 07:18:00,"956 Jefferson St, Austin, TX 73301",March
175833,Flatscreen TV,1,300.0,2019-03-11 21:14:00,"727 6th St, New York City, NY 10001",March
166143,Flatscreen TV,2,300.0,2019-03-01 15:07:00,"781 Johnson St, San Francisco, CA 94016",March
171451,Flatscreen TV,1,300.0,2019-03-06 14:51:00,"735 River St, Dallas, TX 75001",March
168156,Flatscreen TV,1,300.0,2019-03-16 11:47:00,"236 7th St, Atlanta, GA 30301",March
164521,Flatscreen TV,1,300.0,2019-03-04 11:25:00,"565 Main St, San Francisco, CA 94016",March
175066,Flatscreen TV,1,300.0,2019-03-04 15:10:00,"652 11th St, San Francisco, CA 94016",March
163247,Flatscreen TV,1,300.0,2019-03-25 14:58:00,"18 Maple St, Atlanta, GA 30301",March
169006,Flatscreen TV,1,300.0,2019-03-05 07:55:00,"287 Lincoln St, Boston, MA 02215",March
163014,Flatscreen TV,1,300.0,2019-03-27 10:12:00,"85 North St, San Francisco, CA 94016",March
165784,Flatscreen TV,1,300.0,2019-03-06 19:07:00,"975 7th St, Austin, TX 73301",March
166991,Flatscreen TV,1,300.0,2019-03-15 12:02:00,"745 6th St, Boston, MA 02215",March
163230,Flatscreen TV,1,300.0,2019-03-11 14:52:00,"115 Ridge St, San Francisco, CA 94016",March
168942,Flatscreen TV,1,300.0,2019-03-20 09:08:00,"826 Spruce St, Seattle, WA 98101",March
174172,Flatscreen TV,1,300.0,2019-03-13 19:14:00,"131 Lincoln St, San Francisco, CA 94016",March
163685,Flatscreen TV,1,300.0,2019-03-06 06:41:00,"897 14th St, San Francisco, CA 94016",March
169222,Flatscreen TV,1,300.0,2019-03-02 15:12:00,"309 12th St, San Francisco, CA 94016",March
171595,Flatscreen TV,1,300.0,2019-03-04 12:23:00,"816 Spruce St, San Francisco, CA 94016",March
167855,Flatscreen TV,1,300.0,2019-03-14 17:12:00,"503 Adams St, New York City, NY 10001",March
174939,Flatscreen TV,1,300.0,2019-03-10 15:11:00,"822 9th St, Los Angeles, CA 90001",March
175211,Flatscreen TV,1,300.0,2019-03-09 15:27:00,"91 14th St, Atlanta, GA 30301",March
176282,Flatscreen TV,1,300.0,2019-03-16 10:26:00,"968 14th St, Dallas, TX 75001",March
167276,Flatscreen TV,1,300.0,2019-03-12 13:08:00,"63 Wilson St, Los Angeles, CA 90001",March
168330,Flatscreen TV,1,300.0,2019-03-02 01:14:00,"274 4th St, Los Angeles, CA 90001",March
172969,Flatscreen TV,1,300.0,2019-03-08 13:42:00,"887 Cedar St, San Francisco, CA 94016",March
173013,Flatscreen TV,1,300.0,2019-03-21 23:52:00,"670 Washington St, San Francisco, CA 94016",March
183248,Flatscreen TV,1,300.0,2019-04-11 16:36:00,"340 11th St, New York City, NY 10001",April
186864,Flatscreen TV,1,300.0,2019-04-19 07:11:00,"734 Elm St, San Francisco, CA 94016",April
181158,Flatscreen TV,1,300.0,2019-04-06 13:06:00,"799 Highland St, Seattle, WA 98101",April
184087,Flatscreen TV,1,300.0,2019-04-14 21:59:00,"613 Dogwood St, Portland, OR 97035",April
186652,Flatscreen TV,1,300.0,2019-04-29 13:37:00,"860 Madison St, New York City, NY 10001",April
180369,Flatscreen TV,1,300.0,2019-04-08 18:17:00,"205 Cedar St, Seattle, WA 98101",April
184032,Flatscreen TV,1,300.0,2019-04-11 04:56:00,"241 Johnson St, Los Angeles, CA 90001",April
188107,Flatscreen TV,1,300.0,2019-04-02 18:54:00,"763 9th St, Atlanta, GA 30301",April
181255,Flatscreen TV,1,300.0,2019-04-05 06:24:00,"922 2nd St, San Francisco, CA 94016",April
188121,Flatscreen TV,1,300.0,2019-04-10 07:13:00,"457 Lake St, Boston, MA 02215",April
185390,Flatscreen TV,1,300.0,2019-04-09 21:47:00,"568 13th St, New York City, NY 10001",April
189408,Flatscreen TV,1,300.0,2019-04-08 15:58:00,"406 Sunset St, New York City, NY 10001",April
177056,Flatscreen TV,1,300.0,2019-04-20 23:52:00,"180 9th St, San Francisco, CA 94016",April
180256,Flatscreen TV,1,300.0,2019-04-04 11:31:00,"705 River St, Los Angeles, CA 90001",April
183776,Flatscreen TV,1,300.0,2019-04-13 12:38:00,"311 West St, San Francisco, CA 94016",April
190862,Flatscreen TV,1,300.0,2019-04-15 11:38:00,"604 Cedar St, San Francisco, CA 94016",April
192531,Flatscreen TV,1,300.0,2019-04-04 20:03:00,"456 5th St, San Francisco, CA 94016",April
177559,Flatscreen TV,1,300.0,2019-04-24 11:46:00,"111 6th St, New York City, NY 10001",April
179282,Flatscreen TV,1,300.0,2019-04-02 14:57:00,"165 Willow St, New York City, NY 10001",April
185335,Flatscreen TV,1,300.0,2019-04-07 09:55:00,"853 8th St, Boston, MA 02215",April
186045,Flatscreen TV,1,300.0,2019-04-14 14:49:00,"787 9th St, Boston, MA 02215",April
190417,Flatscreen TV,1,300.0,2019-04-26 16:08:00,"254 River St, Austin, TX 73301",April
191682,Flatscreen TV,1,300.0,2019-04-11 21:54:00,"73 Cherry St, Portland, OR 97035",April
193929,Flatscreen TV,1,300.0,2019-04-17 10:07:00,"147 2nd St, New York City, NY 10001",April
193391,Flatscreen TV,1,300.0,2019-04-04 18:02:00,"126 Spruce St, New York City, NY 10001",April
177774,Flatscreen TV,1,300.0,2019-04-11 15:47:00,"303 Cedar St, Seattle, WA 98101",April
184039,Flatscreen TV,1,300.0,2019-04-20 09:58:00,"952 14th St, Seattle, WA 98101",April
187548,Flatscreen TV,1,300.0,2019-04-12 22:13:00,"200 Center St, Seattle, WA 98101",April
181525,Flatscreen TV,1,300.0,2019-04-15 02:38:00,"895 14th St, San Francisco, CA 94016",April
179025,Flatscreen TV,1,300.0,2019-04-20 17:39:00,"594 13th St, Atlanta, GA 30301",April
181998,Flatscreen TV,1,300.0,2019-04-09 09:05:00,"89 Lake St, San Francisco, CA 94016",April
187563,Flatscreen TV,1,300.0,2019-04-19 20:27:00,"191 6th St, Los Angeles, CA 90001",April
192915,Flatscreen TV,1,300.0,2019-04-06 12:24:00,"884 Jackson St, Austin, TX 73301",April
187253,Flatscreen TV,1,300.0,2019-04-22 08:13:00,"24 Church St, Atlanta, GA 30301",April
182653,Flatscreen TV,1,300.0,2019-04-16 00:24:00,"651 Pine St, Atlanta, GA 30301",April
185045,Flatscreen TV,1,300.0,2019-04-16 07:52:00,"916 Lake St, Dallas, TX 75001",April
179103,Flatscreen TV,1,300.0,2019-04-18 20:52:00,"291 Sunset St, New York City, NY 10001",April
191038,Flatscreen TV,1,300.0,2019-04-05 23:47:00,"494 11th St, San Francisco, CA 94016",April
181318,Flatscreen TV,1,300.0,2019-04-22 10:16:00,"624 Cherry St, San Francisco, CA 94016",April
188687,Flatscreen TV,1,300.0,2019-04-25 09:17:00,"976 10th St, Seattle, WA 98101",April
183201,Flatscreen TV,1,300.0,2019-04-01 09:01:00,"910 5th St, Seattle, WA 98101",April
188890,Flatscreen TV,1,300.0,2019-04-08 10:21:00,"321 Ridge St, Seattle, WA 98101",April
185633,Flatscreen TV,1,300.0,2019-04-12 08:07:00,"668 Meadow St, Boston, MA 02215",April
178892,Flatscreen TV,1,300.0,2019-04-26 17:01:00,"240 5th St, New York City, NY 10001",April
186010,Flatscreen TV,1,300.0,2019-04-11 12:17:00,"980 Adams St, San Francisco, CA 94016",April
191687,Flatscreen TV,1,300.0,2019-04-29 16:07:00,"658 Spruce St, Dallas, TX 75001",April
177320,Flatscreen TV,1,300.0,2019-04-03 12:55:00,"162 North St, San Francisco, CA 94016",April
180946,Flatscreen TV,1,300.0,2019-04-30 10:42:00,"41 2nd St, Boston, MA 02215",April
186406,Flatscreen TV,1,300.0,2019-04-15 13:03:00,"634 Lincoln St, Austin, TX 73301",April
188789,Flatscreen TV,1,300.0,2019-04-12 22:47:00,"614 Church St, San Francisco, CA 94016",April
189357,Flatscreen TV,1,300.0,2019-04-26 21:31:00,"602 Forest St, Boston, MA 02215",April
191440,Flatscreen TV,1,300.0,2019-04-11 09:52:00,"731 Johnson St, San Francisco, CA 94016",April
191740,Flatscreen TV,1,300.0,2019-04-23 17:43:00,"341 River St, Dallas, TX 75001",April
177153,Flatscreen TV,1,300.0,2019-04-10 13:51:00,"602 Jefferson St, Austin, TX 73301",April
183439,Flatscreen TV,1,300.0,2019-04-24 21:36:00,"728 Sunset St, New York City, NY 10001",April
184829,Flatscreen TV,1,300.0,2019-04-02 23:36:00,"372 Washington St, Boston, MA 02215",April
180416,Flatscreen TV,1,300.0,2019-04-14 14:38:00,"461 12th St, San Francisco, CA 94016",April
186720,Flatscreen TV,1,300.0,2019-04-08 12:52:00,"967 South St, Dallas, TX 75001",April
187713,Flatscreen TV,1,300.0,2019-04-26 05:29:00,"998 Adams St, Austin, TX 73301",April
188160,Flatscreen TV,1,300.0,2019-04-25 20:56:00,"533 Wilson St, Dallas, TX 75001",April
188759,Flatscreen TV,1,300.0,2019-04-08 10:40:00,"377 Cedar St, Seattle, WA 98101",April
178493,Flatscreen TV,1,300.0,2019-04-14 09:43:00,"177 Chestnut St, Dallas, TX 75001",April
180735,Flatscreen TV,1,300.0,2019-04-02 16:11:00,"797 Meadow St, Dallas, TX 75001",April
183170,Flatscreen TV,1,300.0,2019-04-15 21:28:00,"752 Hill St, San Francisco, CA 94016",April
187686,Flatscreen TV,1,300.0,2019-04-05 20:33:00,"113 Center St, San Francisco, CA 94016",April
204675,Flatscreen TV,1,300.0,2019-05-28 23:08:00,"601 9th St, San Francisco, CA 94016",May
203089,Flatscreen TV,1,300.0,2019-05-19 11:57:00,"21 1st St, Atlanta, GA 30301",May
204432,Flatscreen TV,1,300.0,2019-05-25 08:55:00,"535 10th St, San Francisco, CA 94016",May
204816,Flatscreen TV,1,300.0,2019-05-09 19:46:00,"16 Lake St, Los Angeles, CA 90001",May
194964,Flatscreen TV,1,300.0,2019-05-08 18:39:00,"14 14th St, Boston, MA 02215",May
207456,Flatscreen TV,1,300.0,2019-05-01 19:52:00,"279 Willow St, Boston, MA 02215",May
194223,Flatscreen TV,1,300.0,2019-05-16 04:53:00,"228 Wilson St, Portland, ME 04101",May
200595,Flatscreen TV,1,300.0,2019-05-28 10:59:00,"670 River St, San Francisco, CA 94016",May
206218,Flatscreen TV,1,300.0,2019-05-23 09:47:00,"489 South St, San Francisco, CA 94016",May
209516,Flatscreen TV,1,300.0,2019-05-10 12:22:00,"414 Jackson St, Dallas, TX 75001",May
194933,Flatscreen TV,1,300.0,2019-05-05 16:00:00,"895 Walnut St, Atlanta, GA 30301",May
197097,Flatscreen TV,1,300.0,2019-05-06 14:38:00,"587 Forest St, San Francisco, CA 94016",May
199449,Flatscreen TV,1,300.0,2019-05-11 13:26:00,"3 7th St, New York City, NY 10001",May
202930,Flatscreen TV,1,300.0,2019-05-18 14:34:00,"926 Park St, San Francisco, CA 94016",May
207142,Flatscreen TV,1,300.0,2019-05-14 19:46:00,"842 1st St, Dallas, TX 75001",May
208620,Flatscreen TV,1,300.0,2019-05-13 20:59:00,"374 11th St, Dallas, TX 75001",May
209060,Flatscreen TV,1,300.0,2019-05-26 17:52:00,"189 1st St, Atlanta, GA 30301",May
209709,Flatscreen TV,1,300.0,2019-05-13 00:52:00,"418 13th St, Atlanta, GA 30301",May
209748,Flatscreen TV,1,300.0,2019-05-11 21:40:00,"351 10th St, San Francisco, CA 94016",May
197049,Flatscreen TV,1,300.0,2019-05-27 15:08:00,"77 South St, New York City, NY 10001",May
209497,Flatscreen TV,1,300.0,2019-05-05 20:25:00,"666 Meadow St, Boston, MA 02215",May
194617,Flatscreen TV,1,300.0,2019-05-30 16:39:00,"783 Jefferson St, Portland, ME 04101",May
207812,Flatscreen TV,1,300.0,2019-05-16 16:23:00,"661 Cedar St, Portland, OR 97035",May
208243,Flatscreen TV,1,300.0,2019-05-21 22:02:00,"122 Main St, San Francisco, CA 94016",May
206773,Flatscreen TV,1,300.0,2019-05-14 11:01:00,"544 Lake St, Dallas, TX 75001",May
206112,Flatscreen TV,1,300.0,2019-05-31 12:22:00,"320 Elm St, Los Angeles, CA 90001",May
199549,Flatscreen TV,1,300.0,2019-05-29 19:10:00,"7 14th St, Seattle, WA 98101",May
203343,Flatscreen TV,1,300.0,2019-05-29 03:37:00,"111 West St, Atlanta, GA 30301",May
204220,Flatscreen TV,1,300.0,2019-05-11 20:24:00,"259 Spruce St, San Francisco, CA 94016",May
207866,Flatscreen TV,1,300.0,2019-05-17 12:45:00,"792 Church St, Los Angeles, CA 90001",May
207400,Flatscreen TV,1,300.0,2019-05-14 20:59:00,"707 North St, Dallas, TX 75001",May
199517,Flatscreen TV,1,300.0,2019-05-18 18:02:00,"459 Meadow St, Los Angeles, CA 90001",May
206632,Flatscreen TV,1,300.0,2019-05-12 17:02:00,"534 Adams St, Los Angeles, CA 90001",May
203606,Flatscreen TV,1,300.0,2019-05-04 15:39:00,"20 10th St, Seattle, WA 98101",May
195809,Flatscreen TV,1,300.0,2019-05-17 08:23:00,"375 Maple St, Atlanta, GA 30301",May
203248,Flatscreen TV,1,300.0,2019-05-23 16:41:00,"912 Washington St, San Francisco, CA 94016",May
206620,Flatscreen TV,1,300.0,2019-05-09 19:20:00,"707 9th St, San Francisco, CA 94016",May
208653,Flatscreen TV,1,300.0,2019-05-08 05:47:00,"855 South St, Boston, MA 02215",May
194433,Flatscreen TV,1,300.0,2019-05-31 16:36:00,"611 Madison St, San Francisco, CA 94016",May
194835,Flatscreen TV,1,300.0,2019-05-21 11:07:00,"70 Adams St, Los Angeles, CA 90001",May
199738,Flatscreen TV,1,300.0,2019-05-21 20:52:00,"621 Highland St, Dallas, TX 75001",May
204048,Flatscreen TV,1,300.0,2019-05-11 16:57:00,"658 Meadow St, Seattle, WA 98101",May
195518,Flatscreen TV,1,300.0,2019-05-25 22:49:00,"507 River St, Los Angeles, CA 90001",May
203019,Flatscreen TV,1,300.0,2019-05-06 14:25:00,"448 Wilson St, San Francisco, CA 94016",May
204711,Flatscreen TV,1,300.0,2019-05-07 13:17:00,"631 Park St, Dallas, TX 75001",May
207335,Flatscreen TV,1,300.0,2019-05-03 13:58:00,"346 Cedar St, New York City, NY 10001",May
209643,Flatscreen TV,1,300.0,2019-05-20 15:29:00,"902 13th St, New York City, NY 10001",May
198724,Flatscreen TV,1,300.0,2019-05-11 05:12:00,"900 Cherry St, New York City, NY 10001",May
204941,Flatscreen TV,1,300.0,2019-05-18 09:45:00,"745 Ridge St, Seattle, WA 98101",May
206202,Flatscreen TV,1,300.0,2019-05-05 12:52:00,"816 5th St, Dallas, TX 75001",May
195329,Flatscreen TV,1,300.0,2019-05-23 08:05:00,"121 13th St, San Francisco, CA 94016",May
209432,Flatscreen TV,1,300.0,2019-05-11 06:10:00,"575 Walnut St, Boston, MA 02215",May
194477,Flatscreen TV,1,300.0,2019-05-09 15:20:00,"717 12th St, Seattle, WA 98101",May
199120,Flatscreen TV,1,300.0,2019-05-30 22:37:00,"78 Spruce St, Los Angeles, CA 90001",May
203178,Flatscreen TV,1,300.0,2019-05-09 01:38:00,"139 Chestnut St, New York City, NY 10001",May
194364,Flatscreen TV,1,300.0,2019-05-01 12:01:00,"672 5th St, San Francisco, CA 94016",May
201645,Flatscreen TV,1,300.0,2019-05-08 12:16:00,"998 Johnson St, New York City, NY 10001",May
205825,Flatscreen TV,1,300.0,2019-05-02 09:39:00,"720 Ridge St, San Francisco, CA 94016",May
204248,Flatscreen TV,1,300.0,2019-05-01 16:53:00,"716 Sunset St, Seattle, WA 98101",May
196029,Flatscreen TV,1,300.0,2019-05-09 16:20:00,"415 Jackson St, San Francisco, CA 94016",May
206326,Flatscreen TV,1,300.0,2019-05-23 17:12:00,"617 Maple St, Dallas, TX 75001",May
211112,Flatscreen TV,1,300.0,2019-06-11 14:44:00,"58 12th St, San Francisco, CA 94016",June
220582,Flatscreen TV,1,300.0,2019-06-07 13:53:00,"311 Chestnut St, San Francisco, CA 94016",June
220575,Flatscreen TV,1,300.0,2019-06-20 22:59:00,"799 7th St, Boston, MA 02215",June
210316,Flatscreen TV,1,300.0,2019-06-14 00:35:00,"676 River St, Dallas, TX 75001",June
212351,Flatscreen TV,1,300.0,2019-06-11 10:02:00,"242 Sunset St, San Francisco, CA 94016",June
212660,Flatscreen TV,1,300.0,2019-06-26 13:52:00,"590 Lincoln St, San Francisco, CA 94016",June
212956,Flatscreen TV,1,300.0,2019-06-20 20:50:00,"224 10th St, Austin, TX 73301",June
213766,Flatscreen TV,1,300.0,2019-06-19 15:25:00,"276 Spruce St, Seattle, WA 98101",June
219163,Flatscreen TV,1,300.0,2019-06-26 11:17:00,"463 Johnson St, Portland, OR 97035",June
222179,Flatscreen TV,1,300.0,2019-06-14 18:26:00,"857 Park St, Dallas, TX 75001",June
220073,Flatscreen TV,1,300.0,2019-06-23 22:24:00,"280 Meadow St, Austin, TX 73301",June
217095,Flatscreen TV,1,300.0,2019-06-20 15:37:00,"897 Johnson St, Atlanta, GA 30301",June
219678,Flatscreen TV,1,300.0,2019-06-20 19:12:00,"526 Madison St, Boston, MA 02215",June
215408,Flatscreen TV,1,300.0,2019-06-29 20:36:00,"207 Hickory St, Los Angeles, CA 90001",June
218783,Flatscreen TV,1,300.0,2019-06-05 13:43:00,"436 5th St, Atlanta, GA 30301",June
219619,Flatscreen TV,1,300.0,2019-06-25 12:37:00,"195 Washington St, Dallas, TX 75001",June
213209,Flatscreen TV,1,300.0,2019-06-02 01:59:00,"472 Wilson St, San Francisco, CA 94016",June
212954,Flatscreen TV,1,300.0,2019-06-25 17:08:00,"211 Lakeview St, New York City, NY 10001",June
213879,Flatscreen TV,1,300.0,2019-06-09 13:42:00,"722 Washington St, Austin, TX 73301",June
215947,Flatscreen TV,1,300.0,2019-06-25 06:44:00,"264 Main St, Los Angeles, CA 90001",June
218103,Flatscreen TV,1,300.0,2019-06-11 20:10:00,"349 Jackson St, Austin, TX 73301",June
211551,Flatscreen TV,1,300.0,2019-06-04 21:32:00,"683 South St, Seattle, WA 98101",June
216906,Flatscreen TV,1,300.0,2019-06-06 21:12:00,"444 Spruce St, Los Angeles, CA 90001",June
219994,Flatscreen TV,1,300.0,2019-06-08 06:34:00,"679 Cedar St, San Francisco, CA 94016",June
220508,Flatscreen TV,1,300.0,2019-06-14 12:41:00,"437 10th St, Boston, MA 02215",June
216164,Flatscreen TV,1,300.0,2019-06-27 15:00:00,"575 Washington St, Austin, TX 73301",June
219919,Flatscreen TV,1,300.0,2019-06-23 20:30:00,"83 River St, Boston, MA 02215",June
221350,Flatscreen TV,1,300.0,2019-06-08 10:33:00,"594 South St, Atlanta, GA 30301",June
221204,Flatscreen TV,1,300.0,2019-06-17 05:47:00,"170 13th St, San Francisco, CA 94016",June
213664,Flatscreen TV,1,300.0,2019-06-15 12:30:00,"903 14th St, Atlanta, GA 30301",June
217287,Flatscreen TV,1,300.0,2019-06-03 19:58:00,"10 Walnut St, Los Angeles, CA 90001",June
222243,Flatscreen TV,1,300.0,2019-06-10 10:55:00,"511 Lincoln St, Dallas, TX 75001",June
210278,Flatscreen TV,1,300.0,2019-06-20 11:22:00,"897 Walnut St, Austin, TX 73301",June
214989,Flatscreen TV,1,300.0,2019-06-25 18:41:00,"572 West St, Los Angeles, CA 90001",June
221946,Flatscreen TV,1,300.0,2019-06-08 16:19:00,"177 Ridge St, San Francisco, CA 94016",June
222491,Flatscreen TV,1,300.0,2019-06-18 08:38:00,"746 Lakeview St, New York City, NY 10001",June
213096,Flatscreen TV,1,300.0,2019-06-12 12:51:00,"453 Lincoln St, Seattle, WA 98101",June
213021,Flatscreen TV,1,300.0,2019-06-17 14:06:00,"31 Jefferson St, New York City, NY 10001",June
210325,Flatscreen TV,1,300.0,2019-06-21 08:26:00,"190 West St, Seattle, WA 98101",June
216270,Flatscreen TV,1,300.0,2019-06-18 17:48:00,"334 Lincoln St, Dallas, TX 75001",June
216310,Flatscreen TV,1,300.0,2019-06-23 22:52:00,"120 Jackson St, Portland, OR 97035",June
213984,Flatscreen TV,1,300.0,2019-06-21 14:11:00,"701 Willow St, San Francisco, CA 94016",June
213995,Flatscreen TV,1,300.0,2019-06-21 15:39:00,"858 12th St, Dallas, TX 75001",June
215479,Flatscreen TV,1,300.0,2019-06-10 22:09:00,"266 Lake St, Los Angeles, CA 90001",June
222148,Flatscreen TV,1,300.0,2019-06-07 13:27:00,"8 North St, San Francisco, CA 94016",June
220907,Flatscreen TV,1,300.0,2019-06-15 21:41:00,"342 6th St, Boston, MA 02215",June
215591,Flatscreen TV,1,300.0,2019-06-26 13:52:00,"347 Lake St, Los Angeles, CA 90001",June
222755,Flatscreen TV,1,300.0,2019-06-26 14:24:00,"489 7th St, San Francisco, CA 94016",June
210385,Flatscreen TV,1,300.0,2019-06-12 20:38:00,"617 Elm St, San Francisco, CA 94016",June
220087,Flatscreen TV,1,300.0,2019-06-13 09:11:00,"216 Cherry St, Los Angeles, CA 90001",June
219314,Flatscreen TV,1,300.0,2019-06-03 10:50:00,"712 Madison St, Boston, MA 02215",June
210226,Flatscreen TV,1,300.0,2019-06-05 08:34:00,"295 Sunset St, San Francisco, CA 94016",June
211377,Flatscreen TV,1,300.0,2019-06-06 19:24:00,"481 Maple St, Portland, OR 97035",June
222850,Flatscreen TV,1,300.0,2019-06-20 17:11:00,"221 Jackson St, Atlanta, GA 30301",June
217422,Flatscreen TV,1,300.0,2019-06-23 17:35:00,"227 Spruce St, Seattle, WA 98101",June
214443,Flatscreen TV,1,300.0,2019-06-04 17:53:00,"43 Meadow St, San Francisco, CA 94016",June
214943,Flatscreen TV,1,300.0,2019-06-20 18:35:00,"684 4th St, Atlanta, GA 30301",June
215630,Flatscreen TV,1,300.0,2019-06-05 11:37:00,"858 Walnut St, Dallas, TX 75001",June
221790,Flatscreen TV,1,300.0,2019-06-19 21:14:00,"332 12th St, San Francisco, CA 94016",June
222640,Flatscreen TV,1,300.0,2019-06-08 10:35:00,"60 Hill St, Boston, MA 02215",June
215017,Flatscreen TV,1,300.0,2019-06-16 16:25:00,"687 10th St, New York City, NY 10001",June
211240,Flatscreen TV,1,300.0,2019-06-28 18:38:00,"875 13th St, New York City, NY 10001",June
235532,Flatscreen TV,1,300.0,2019-07-27 21:35:00,"738 Ridge St, Los Angeles, CA 90001",July
232269,Flatscreen TV,1,300.0,2019-07-12 18:18:00,"220 Maple St, Boston, MA 02215",July
233070,Flatscreen TV,1,300.0,2019-07-25 15:55:00,"327 Wilson St, Los Angeles, CA 90001",July
229383,Flatscreen TV,1,300.0,2019-07-20 09:57:00,"728 6th St, San Francisco, CA 94016",July
224473,Flatscreen TV,1,300.0,2019-07-17 20:49:00,"538 Dogwood St, San Francisco, CA 94016",July
226883,Flatscreen TV,1,300.0,2019-07-08 17:31:00,"628 Highland St, Dallas, TX 75001",July
232548,Flatscreen TV,1,300.0,2019-07-31 21:13:00,"75 Chestnut St, Seattle, WA 98101",July
234920,Flatscreen TV,1,300.0,2019-07-24 11:58:00,"738 Chestnut St, Los Angeles, CA 90001",July
225049,Flatscreen TV,1,300.0,2019-07-28 13:39:00,"97 Adams St, San Francisco, CA 94016",July
228027,Flatscreen TV,1,300.0,2019-07-12 18:28:00,"170 7th St, Boston, MA 02215",July
231047,Flatscreen TV,1,300.0,2019-07-02 12:36:00,"987 Chestnut St, San Francisco, CA 94016",July
232586,Flatscreen TV,1,300.0,2019-07-22 01:05:00,"583 9th St, New York City, NY 10001",July
225837,Flatscreen TV,1,300.0,2019-07-17 12:13:00,"245 Jackson St, Los Angeles, CA 90001",July
231755,Flatscreen TV,1,300.0,2019-07-23 20:02:00,"380 Meadow St, Los Angeles, CA 90001",July
227173,Flatscreen TV,1,300.0,2019-07-26 09:22:00,"289 13th St, Los Angeles, CA 90001",July
227559,Flatscreen TV,1,300.0,2019-07-18 20:59:00,"885 Walnut St, Portland, ME 04101",July
230422,Flatscreen TV,1,300.0,2019-07-01 21:42:00,"94 8th St, Seattle, WA 98101",July
233199,Flatscreen TV,1,300.0,2019-07-26 20:21:00,"112 Hill St, Dallas, TX 75001",July
233249,Flatscreen TV,1,300.0,2019-07-11 20:48:00,"499 Park St, Atlanta, GA 30301",July
225875,Flatscreen TV,1,300.0,2019-07-31 19:06:00,"956 Jackson St, Los Angeles, CA 90001",July
228914,Flatscreen TV,1,300.0,2019-07-27 11:13:00,"233 Walnut St, Portland, OR 97035",July
236650,Flatscreen TV,1,300.0,2019-07-11 14:57:00,"89 Lake St, San Francisco, CA 94016",July
233234,Flatscreen TV,1,300.0,2019-07-05 12:45:00,"577 10th St, San Francisco, CA 94016",July
235324,Flatscreen TV,1,300.0,2019-07-08 18:14:00,"407 Willow St, Dallas, TX 75001",July
222999,Flatscreen TV,1,300.0,2019-07-29 17:17:00,"615 Cherry St, Seattle, WA 98101",July
226924,Flatscreen TV,1,300.0,2019-07-28 15:04:00,"880 Adams St, Austin, TX 73301",July
230037,Flatscreen TV,1,300.0,2019-07-18 11:32:00,"94 Center St, Seattle, WA 98101",July
234925,Flatscreen TV,1,300.0,2019-07-14 22:09:00,"704 2nd St, Los Angeles, CA 90001",July
223894,Flatscreen TV,1,300.0,2019-07-24 14:05:00,"100 Lincoln St, New York City, NY 10001",July
225099,Flatscreen TV,1,300.0,2019-07-29 18:47:00,"519 7th St, Austin, TX 73301",July
231568,Flatscreen TV,1,300.0,2019-07-15 11:50:00,"512 Spruce St, New York City, NY 10001",July
234650,Flatscreen TV,1,300.0,2019-07-12 19:58:00,"202 Dogwood St, Los Angeles, CA 90001",July
223908,Flatscreen TV,1,300.0,2019-07-11 11:38:00,"735 Walnut St, New York City, NY 10001",July
226477,Flatscreen TV,1,300.0,2019-07-04 11:36:00,"627 Chestnut St, Portland, OR 97035",July
227714,Flatscreen TV,1,300.0,2019-07-15 19:48:00,"784 Center St, San Francisco, CA 94016",July
235796,Flatscreen TV,1,300.0,2019-07-19 23:26:00,"318 Church St, Los Angeles, CA 90001",July
223242,Flatscreen TV,1,300.0,2019-07-01 14:55:00,"981 14th St, Los Angeles, CA 90001",July
224154,Flatscreen TV,1,300.0,2019-07-23 20:11:00,"898 14th St, San Francisco, CA 94016",July
227348,Flatscreen TV,1,300.0,2019-07-17 19:19:00,"654 9th St, Dallas, TX 75001",July
230749,Flatscreen TV,1,300.0,2019-07-07 07:57:00,"180 Pine St, New York City, NY 10001",July
223049,Flatscreen TV,1,300.0,2019-07-24 23:24:00,"595 Jackson St, San Francisco, CA 94016",July
227742,Flatscreen TV,1,300.0,2019-07-12 21:29:00,"476 Wilson St, Portland, OR 97035",July
234470,Flatscreen TV,1,300.0,2019-07-22 10:03:00,"418 Pine St, San Francisco, CA 94016",July
224285,Flatscreen TV,1,300.0,2019-07-13 07:23:00,"570 8th St, Los Angeles, CA 90001",July
234249,Flatscreen TV,1,300.0,2019-07-13 11:50:00,"189 Walnut St, New York City, NY 10001",July
226624,Flatscreen TV,1,300.0,2019-07-22 09:35:00,"369 11th St, San Francisco, CA 94016",July
229350,Flatscreen TV,1,300.0,2019-07-02 18:36:00,"54 Lakeview St, Atlanta, GA 30301",July
232721,Flatscreen TV,1,300.0,2019-07-24 16:52:00,"12 Park St, Portland, OR 97035",July
233895,Flatscreen TV,1,300.0,2019-07-02 15:29:00,"805 Cedar St, Atlanta, GA 30301",July
226162,Flatscreen TV,1,300.0,2019-07-19 10:53:00,"346 Spruce St, New York City, NY 10001",July
227275,Flatscreen TV,1,300.0,2019-07-09 20:51:00,"305 Jackson St, Boston, MA 02215",July
227428,Flatscreen TV,1,300.0,2019-07-30 12:22:00,"635 Willow St, Los Angeles, CA 90001",July
230895,Flatscreen TV,1,300.0,2019-07-11 14:22:00,"86 6th St, Portland, OR 97035",July
226908,Flatscreen TV,1,300.0,2019-07-19 21:39:00,"965 Madison St, Boston, MA 02215",July
222973,Flatscreen TV,1,300.0,2019-07-18 14:40:00,"509 Hickory St, Seattle, WA 98101",July
224948,Flatscreen TV,1,300.0,2019-07-02 21:32:00,"104 Ridge St, New York City, NY 10001",July
233377,Flatscreen TV,1,300.0,2019-07-15 22:45:00,"813 Jackson St, San Francisco, CA 94016",July
223946,Flatscreen TV,1,300.0,2019-07-17 07:56:00,"702 4th St, New York City, NY 10001",July
224350,Flatscreen TV,1,300.0,2019-07-22 16:33:00,"834 Center St, Atlanta, GA 30301",July
229401,Flatscreen TV,1,300.0,2019-07-18 14:20:00,"363 Park St, Portland, OR 97035",July
224230,Flatscreen TV,1,300.0,2019-07-22 04:08:00,"784 Washington St, Los Angeles, CA 90001",July
226224,Flatscreen TV,1,300.0,2019-07-27 16:53:00,"260 14th St, Portland, OR 97035",July
228465,Flatscreen TV,1,300.0,2019-07-06 18:51:00,"237 Adams St, Atlanta, GA 30301",July
230997,Flatscreen TV,1,300.0,2019-07-15 00:39:00,"81 14th St, San Francisco, CA 94016",July
234151,Flatscreen TV,1,300.0,2019-07-21 21:54:00,"90 Pine St, New York City, NY 10001",July
234819,Flatscreen TV,1,300.0,2019-07-04 17:04:00,"604 Cedar St, Atlanta, GA 30301",July
227942,Flatscreen TV,1,300.0,2019-07-23 20:00:00,"438 Walnut St, Los Angeles, CA 90001",July
231176,Flatscreen TV,1,300.0,2019-07-04 09:10:00,"494 Center St, Los Angeles, CA 90001",July
232966,Flatscreen TV,1,300.0,2019-07-14 08:07:00,"937 7th St, New York City, NY 10001",July
223039,Flatscreen TV,1,300.0,2019-07-27 11:44:00,"9 Center St, Dallas, TX 75001",July
227698,Flatscreen TV,1,300.0,2019-07-25 11:30:00,"94 Jackson St, New York City, NY 10001",July
236181,Flatscreen TV,1,300.0,2019-07-08 17:18:00,"714 Pine St, Boston, MA 02215",July
240360,Flatscreen TV,1,300.0,2019-08-23 07:16:00,"729 Church St, Los Angeles, CA 90001",August
247856,Flatscreen TV,1,300.0,2019-08-27 16:59:00,"588 Johnson St, Portland, OR 97035",August
236732,Flatscreen TV,1,300.0,2019-08-09 13:35:00,"328 North St, Dallas, TX 75001",August
245133,Flatscreen TV,1,300.0,2019-08-01 13:15:00,"324 Wilson St, Dallas, TX 75001",August
245732,Flatscreen TV,1,300.0,2019-08-14 03:21:00,"549 North St, San Francisco, CA 94016",August
247358,Flatscreen TV,1,300.0,2019-08-21 20:39:00,"20 Jackson St, Boston, MA 02215",August
241949,Flatscreen TV,1,300.0,2019-08-10 11:06:00,"221 Cherry St, Dallas, TX 75001",August
247218,Flatscreen TV,1,300.0,2019-08-07 10:36:00,"420 Church St, New York City, NY 10001",August
238133,Flatscreen TV,1,300.0,2019-08-19 18:02:00,"880 Dogwood St, San Francisco, CA 94016",August
245487,Flatscreen TV,1,300.0,2019-08-12 11:40:00,"453 Cedar St, Boston, MA 02215",August
237076,Flatscreen TV,1,300.0,2019-08-02 09:10:00,"206 2nd St, Seattle, WA 98101",August
242576,Flatscreen TV,1,300.0,2019-08-19 22:15:00,"383 Lake St, Portland, ME 04101",August
238295,Flatscreen TV,1,300.0,2019-08-31 08:01:00,"253 4th St, San Francisco, CA 94016",August
237298,Flatscreen TV,1,300.0,2019-08-04 10:54:00,"318 Elm St, Dallas, TX 75001",August
247803,Flatscreen TV,1,300.0,2019-08-07 12:00:00,"769 Forest St, Boston, MA 02215",August
244685,Flatscreen TV,1,300.0,2019-08-17 06:33:00,"799 Main St, Boston, MA 02215",August
243937,Flatscreen TV,1,300.0,2019-08-15 12:36:00,"125 1st St, Atlanta, GA 30301",August
246825,Flatscreen TV,1,300.0,2019-08-22 19:05:00,"885 7th St, Los Angeles, CA 90001",August
238406,Flatscreen TV,1,300.0,2019-08-11 09:07:00,"522 Cherry St, Los Angeles, CA 90001",August
241277,Flatscreen TV,1,300.0,2019-08-30 17:45:00,"980 Maple St, Austin, TX 73301",August
242040,Flatscreen TV,1,300.0,2019-08-06 17:48:00,"714 Hickory St, Dallas, TX 75001",August
239776,Flatscreen TV,1,300.0,2019-08-25 11:59:00,"748 Ridge St, San Francisco, CA 94016",August
238819,Flatscreen TV,1,300.0,2019-08-04 16:19:00,"471 12th St, New York City, NY 10001",August
239874,Flatscreen TV,1,300.0,2019-08-24 09:43:00,"848 Hickory St, New York City, NY 10001",August
244057,Flatscreen TV,1,300.0,2019-08-16 13:08:00,"660 Cherry St, Dallas, TX 75001",August
238594,Flatscreen TV,1,300.0,2019-08-31 10:45:00,"306 West St, San Francisco, CA 94016",August
245209,Flatscreen TV,1,300.0,2019-08-04 14:00:00,"670 Wilson St, Portland, OR 97035",August
238132,Flatscreen TV,1,300.0,2019-08-22 04:52:00,"534 Cedar St, Los Angeles, CA 90001",August
242464,Flatscreen TV,1,300.0,2019-08-26 17:32:00,"214 Cherry St, San Francisco, CA 94016",August
240241,Flatscreen TV,1,300.0,2019-08-12 01:43:00,"18 Chestnut St, Atlanta, GA 30301",August
241398,Flatscreen TV,1,300.0,2019-08-18 11:37:00,"611 Lincoln St, Atlanta, GA 30301",August
245251,Flatscreen TV,1,300.0,2019-08-27 09:01:00,"846 6th St, San Francisco, CA 94016",August
246549,Flatscreen TV,1,300.0,2019-08-26 12:15:00,"867 12th St, San Francisco, CA 94016",August
239972,Flatscreen TV,1,300.0,2019-08-11 15:52:00,"517 Highland St, Los Angeles, CA 90001",August
241134,Flatscreen TV,1,300.0,2019-08-09 09:36:00,"75 Jefferson St, San Francisco, CA 94016",August
239944,Flatscreen TV,1,300.0,2019-08-28 16:23:00,"2 4th St, San Francisco, CA 94016",August
241504,Flatscreen TV,1,300.0,2019-08-01 22:29:00,"273 Jefferson St, San Francisco, CA 94016",August
237017,Flatscreen TV,1,300.0,2019-08-10 01:28:00,"209 Willow St, Los Angeles, CA 90001",August
243166,Flatscreen TV,1,300.0,2019-08-26 09:48:00,"299 Forest St, San Francisco, CA 94016",August
242141,Flatscreen TV,1,300.0,2019-08-31 09:42:00,"985 South St, Atlanta, GA 30301",August
237512,Flatscreen TV,1,300.0,2019-08-03 20:04:00,"694 Madison St, Los Angeles, CA 90001",August
255404,Flatscreen TV,1,300.0,2019-09-29 18:28:00,"7 Cedar St, Dallas, TX 75001",September
249340,Flatscreen TV,1,300.0,2019-09-07 08:24:00,"534 Ridge St, San Francisco, CA 94016",September
252249,Flatscreen TV,1,300.0,2019-09-25 18:13:00,"528 4th St, Dallas, TX 75001",September
252263,Flatscreen TV,1,300.0,2019-09-05 12:28:00,"546 Ridge St, Los Angeles, CA 90001",September
253497,Flatscreen TV,1,300.0,2019-09-18 21:02:00,"855 4th St, New York City, NY 10001",September
252830,Flatscreen TV,1,300.0,2019-09-08 19:02:00,"71 Lincoln St, Boston, MA 02215",September
253102,Flatscreen TV,1,300.0,2019-09-13 16:28:00,"357 Hickory St, New York City, NY 10001",September
251926,Flatscreen TV,1,300.0,2019-09-25 10:29:00,"305 12th St, New York City, NY 10001",September
258049,Flatscreen TV,1,300.0,2019-09-24 18:40:00,"750 Madison St, San Francisco, CA 94016",September
253733,Flatscreen TV,1,300.0,2019-09-07 23:39:00,"293 5th St, Atlanta, GA 30301",September
251817,Flatscreen TV,1,300.0,2019-09-01 16:52:00,"636 Park St, Boston, MA 02215",September
255396,Flatscreen TV,1,300.0,2019-09-16 21:48:00,"315 West St, San Francisco, CA 94016",September
256337,Flatscreen TV,1,300.0,2019-09-29 16:21:00,"302 Chestnut St, Seattle, WA 98101",September
257231,Flatscreen TV,1,300.0,2019-09-14 17:34:00,"629 Lakeview St, Seattle, WA 98101",September
250519,Flatscreen TV,1,300.0,2019-09-06 09:19:00,"577 14th St, San Francisco, CA 94016",September
257894,Flatscreen TV,1,300.0,2019-09-21 19:39:00,"735 13th St, Boston, MA 02215",September
252026,Flatscreen TV,1,300.0,2019-09-02 12:28:00,"485 Park St, Los Angeles, CA 90001",September
254716,Flatscreen TV,1,300.0,2019-09-15 16:48:00,"466 Maple St, Los Angeles, CA 90001",September
253349,Flatscreen TV,1,300.0,2019-09-03 21:58:00,"845 Madison St, Boston, MA 02215",September
254736,Flatscreen TV,1,300.0,2019-09-01 12:04:00,"601 Church St, San Francisco, CA 94016",September
256188,Flatscreen TV,1,300.0,2019-09-28 19:37:00,"789 7th St, Atlanta, GA 30301",September
248938,Flatscreen TV,2,300.0,2019-09-19 20:32:00,"205 North St, Portland, OR 97035",September
258914,Flatscreen TV,1,300.0,2019-09-29 14:40:00,"66 Lakeview St, Los Angeles, CA 90001",September
250365,Flatscreen TV,1,300.0,2019-09-18 00:30:00,"655 Hill St, New York City, NY 10001",September
256252,Flatscreen TV,1,300.0,2019-09-23 18:59:00,"340 Pine St, Boston, MA 02215",September
249722,Flatscreen TV,1,300.0,2019-09-29 22:13:00,"737 Maple St, San Francisco, CA 94016",September
252232,Flatscreen TV,1,300.0,2019-09-14 19:35:00,"47 Chestnut St, Boston, MA 02215",September
252608,Flatscreen TV,1,300.0,2019-09-28 15:20:00,"510 Elm St, San Francisco, CA 94016",September
255566,Flatscreen TV,1,300.0,2019-09-25 00:57:00,"547 River St, Atlanta, GA 30301",September
257386,Flatscreen TV,1,300.0,2019-09-05 09:53:00,"949 South St, Austin, TX 73301",September
257479,Flatscreen TV,1,300.0,2019-09-08 17:02:00,"789 Hill St, Portland, OR 97035",September
250520,Flatscreen TV,1,300.0,2019-09-15 10:56:00,"883 8th St, Los Angeles, CA 90001",September
253504,Flatscreen TV,1,300.0,2019-09-14 16:22:00,"901 Sunset St, Dallas, TX 75001",September
255520,Flatscreen TV,1,300.0,2019-09-25 12:05:00,"414 Washington St, Los Angeles, CA 90001",September
249310,Flatscreen TV,1,300.0,2019-09-12 10:45:00,"673 Johnson St, Los Angeles, CA 90001",September
258467,Flatscreen TV,1,300.0,2019-09-22 09:55:00,"994 Lake St, Portland, OR 97035",September
255440,Flatscreen TV,1,300.0,2019-09-03 19:29:00,"596 1st St, Portland, ME 04101",September
249125,Flatscreen TV,1,300.0,2019-09-18 21:49:00,"525 Lake St, Los Angeles, CA 90001",September
250555,Flatscreen TV,1,300.0,2019-09-21 00:50:00,"381 4th St, Los Angeles, CA 90001",September
250882,Flatscreen TV,1,300.0,2019-09-22 20:50:00,"207 Jefferson St, San Francisco, CA 94016",September
248825,Flatscreen TV,1,300.0,2019-09-24 21:02:00,"399 9th St, San Francisco, CA 94016",September
252563,Flatscreen TV,1,300.0,2019-09-10 21:14:00,"32 Main St, San Francisco, CA 94016",September
254558,Flatscreen TV,1,300.0,2019-09-09 22:22:00,"866 8th St, New York City, NY 10001",September
251155,Flatscreen TV,1,300.0,2019-09-01 19:52:00,"510 5th St, San Francisco, CA 94016",September
257933,Flatscreen TV,1,300.0,2019-09-08 20:28:00,"51 Lincoln St, Boston, MA 02215",September
275515,Flatscreen TV,1,300.0,2019-10-28 19:36:00,"643 Main St, New York City, NY 10001",October
278702,Flatscreen TV,1,300.0,2019-10-29 21:08:00,"357 Park St, New York City, NY 10001",October
261061,Flatscreen TV,1,300.0,2019-10-07 12:55:00,"214 6th St, Boston, MA 02215",October
264253,Flatscreen TV,1,300.0,2019-10-28 13:49:00,"635 Lake St, San Francisco, CA 94016",October
265253,Flatscreen TV,1,300.0,2019-10-04 11:35:00,"852 Jackson St, Dallas, TX 75001",October
277148,Flatscreen TV,1,300.0,2019-10-31 18:35:00,"294 Ridge St, San Francisco, CA 94016",October
260133,Flatscreen TV,1,300.0,2019-10-18 19:32:00,"245 Park St, Los Angeles, CA 90001",October
263867,Flatscreen TV,1,300.0,2019-10-07 06:35:00,"452 11th St, Boston, MA 02215",October
271215,Flatscreen TV,1,300.0,2019-10-03 11:10:00,"876 Wilson St, San Francisco, CA 94016",October
261482,Flatscreen TV,1,300.0,2019-10-09 18:58:00,"145 Cedar St, San Francisco, CA 94016",October
269975,Flatscreen TV,1,300.0,2019-10-16 07:02:00,"599 Chestnut St, New York City, NY 10001",October
274545,Flatscreen TV,1,300.0,2019-10-26 08:58:00,"674 Washington St, Los Angeles, CA 90001",October
276838,Flatscreen TV,1,300.0,2019-10-22 00:44:00,"233 Jefferson St, San Francisco, CA 94016",October
276853,Flatscreen TV,1,300.0,2019-10-05 17:39:00,"571 14th St, Seattle, WA 98101",October
277919,Flatscreen TV,1,300.0,2019-10-11 10:23:00,"749 Willow St, Boston, MA 02215",October
262310,Flatscreen TV,1,300.0,2019-10-08 16:12:00,"809 Ridge St, San Francisco, CA 94016",October
268191,Flatscreen TV,1,300.0,2019-10-02 11:59:00,"110 Hickory St, San Francisco, CA 94016",October
267638,Flatscreen TV,1,300.0,2019-10-12 09:50:00,"618 Maple St, Atlanta, GA 30301",October
261144,Flatscreen TV,1,300.0,2019-10-05 13:55:00,"595 Church St, Seattle, WA 98101",October
269679,Flatscreen TV,1,300.0,2019-10-12 15:43:00,"43 Highland St, Seattle, WA 98101",October
278525,Flatscreen TV,1,300.0,2019-10-18 23:18:00,"64 Adams St, Los Angeles, CA 90001",October
271676,Flatscreen TV,1,300.0,2019-10-03 16:26:00,"20 Lincoln St, Los Angeles, CA 90001",October
272835,Flatscreen TV,1,300.0,2019-10-21 17:17:00,"533 Johnson St, Atlanta, GA 30301",October
275479,Flatscreen TV,1,300.0,2019-10-23 01:06:00,"657 Sunset St, Dallas, TX 75001",October
266428,Flatscreen TV,1,300.0,2019-10-07 13:40:00,"4 Main St, Portland, OR 97035",October
267463,Flatscreen TV,1,300.0,2019-10-01 17:16:00,"862 Lincoln St, Los Angeles, CA 90001",October
267927,Flatscreen TV,1,300.0,2019-10-12 11:02:00,"754 Elm St, Los Angeles, CA 90001",October
260573,Flatscreen TV,1,300.0,2019-10-08 22:57:00,"683 13th St, Atlanta, GA 30301",October
265739,Flatscreen TV,1,300.0,2019-10-05 17:36:00,"441 Lakeview St, Austin, TX 73301",October
274204,Flatscreen TV,1,300.0,2019-10-06 17:33:00,"550 5th St, Portland, OR 97035",October
275948,Flatscreen TV,1,300.0,2019-10-14 19:09:00,"887 4th St, Atlanta, GA 30301",October
276334,Flatscreen TV,1,300.0,2019-10-10 11:16:00,"570 13th St, Austin, TX 73301",October
268842,Flatscreen TV,1,300.0,2019-10-11 16:31:00,"468 4th St, New York City, NY 10001",October
275645,Flatscreen TV,1,300.0,2019-10-26 21:18:00,"97 9th St, Los Angeles, CA 90001",October
260308,Flatscreen TV,1,300.0,2019-10-05 10:28:00,"814 Dogwood St, Seattle, WA 98101",October
274635,Flatscreen TV,1,300.0,2019-10-21 05:07:00,"119 Highland St, Seattle, WA 98101",October
276878,Flatscreen TV,1,300.0,2019-10-04 12:02:00,"519 Cherry St, San Francisco, CA 94016",October
261306,Flatscreen TV,1,300.0,2019-10-15 16:12:00,"305 Walnut St, Boston, MA 02215",October
274220,Flatscreen TV,1,300.0,2019-10-14 23:11:00,"542 Main St, San Francisco, CA 94016",October
275037,Flatscreen TV,1,300.0,2019-10-06 13:31:00,"992 1st St, San Francisco, CA 94016",October
276054,Flatscreen TV,1,300.0,2019-10-14 09:03:00,"48 Meadow St, Seattle, WA 98101",October
267354,Flatscreen TV,1,300.0,2019-10-27 14:40:00,"559 Sunset St, Los Angeles, CA 90001",October
269633,Flatscreen TV,1,300.0,2019-10-23 16:54:00,"338 Johnson St, New York City, NY 10001",October
277081,Flatscreen TV,1,300.0,2019-10-27 10:33:00,"301 12th St, Portland, ME 04101",October
277665,Flatscreen TV,1,300.0,2019-10-16 16:23:00,"967 Center St, Boston, MA 02215",October
263961,Flatscreen TV,1,300.0,2019-10-02 13:17:00,"885 Lakeview St, Atlanta, GA 30301",October
278666,Flatscreen TV,1,300.0,2019-10-03 20:27:00,"624 Forest St, San Francisco, CA 94016",October
270765,Flatscreen TV,1,300.0,2019-10-11 21:08:00,"625 Chestnut St, San Francisco, CA 94016",October
272283,Flatscreen TV,1,300.0,2019-10-26 20:17:00,"326 Wilson St, Atlanta, GA 30301",October
277866,Flatscreen TV,1,300.0,2019-10-04 18:10:00,"193 North St, San Francisco, CA 94016",October
260781,Flatscreen TV,1,300.0,2019-10-27 14:48:00,"304 Church St, San Francisco, CA 94016",October
268339,Flatscreen TV,1,300.0,2019-10-24 19:48:00,"998 River St, Dallas, TX 75001",October
267217,Flatscreen TV,1,300.0,2019-10-07 13:54:00,"73 Jackson St, New York City, NY 10001",October
267496,Flatscreen TV,1,300.0,2019-10-26 09:27:00,"242 Adams St, Portland, OR 97035",October
272230,Flatscreen TV,1,300.0,2019-10-25 21:35:00,"142 Sunset St, Los Angeles, CA 90001",October
268043,Flatscreen TV,1,300.0,2019-10-20 19:59:00,"262 Meadow St, Austin, TX 73301",October
274886,Flatscreen TV,1,300.0,2019-10-29 01:45:00,"394 Wilson St, Los Angeles, CA 90001",October
263607,Flatscreen TV,1,300.0,2019-10-28 21:45:00,"61 Lincoln St, New York City, NY 10001",October
277196,Flatscreen TV,1,300.0,2019-10-09 23:02:00,"451 12th St, New York City, NY 10001",October
269834,Flatscreen TV,1,300.0,2019-10-21 22:17:00,"849 Church St, Seattle, WA 98101",October
273447,Flatscreen TV,1,300.0,2019-10-12 13:17:00,"246 Adams St, Seattle, WA 98101",October
275407,Flatscreen TV,1,300.0,2019-10-26 10:29:00,"965 Chestnut St, San Francisco, CA 94016",October
262432,Flatscreen TV,1,300.0,2019-10-20 19:08:00,"413 Adams St, Austin, TX 73301",October
263871,Flatscreen TV,1,300.0,2019-10-07 11:11:00,"277 Johnson St, San Francisco, CA 94016",October
267698,Flatscreen TV,1,300.0,2019-10-25 14:44:00,"378 2nd St, San Francisco, CA 94016",October
276015,Flatscreen TV,1,300.0,2019-10-30 18:45:00,"86 Highland St, San Francisco, CA 94016",October
277261,Flatscreen TV,1,300.0,2019-10-24 16:40:00,"446 Wilson St, New York City, NY 10001",October
262111,Flatscreen TV,1,300.0,2019-10-25 21:21:00,"777 Spruce St, San Francisco, CA 94016",October
267812,Flatscreen TV,1,300.0,2019-10-11 11:30:00,"73 Forest St, San Francisco, CA 94016",October
271563,Flatscreen TV,1,300.0,2019-10-21 13:01:00,"140 Highland St, San Francisco, CA 94016",October
270663,Flatscreen TV,1,300.0,2019-10-19 20:20:00,"400 Lakeview St, San Francisco, CA 94016",October
273636,Flatscreen TV,1,300.0,2019-10-08 07:25:00,"197 River St, Atlanta, GA 30301",October
275311,Flatscreen TV,1,300.0,2019-10-03 18:04:00,"771 Johnson St, New York City, NY 10001",October
275314,Flatscreen TV,1,300.0,2019-10-23 13:16:00,"273 Pine St, Atlanta, GA 30301",October
260053,Flatscreen TV,1,300.0,2019-10-04 22:18:00,"185 7th St, Dallas, TX 75001",October
269894,Flatscreen TV,1,300.0,2019-10-01 10:18:00,"128 2nd St, New York City, NY 10001",October
260705,Flatscreen TV,1,300.0,2019-10-29 15:29:00,"57 Highland St, New York City, NY 10001",October
267521,Flatscreen TV,1,300.0,2019-10-04 12:55:00,"668 11th St, Austin, TX 73301",October
276793,Flatscreen TV,1,300.0,2019-10-13 12:34:00,"358 7th St, Los Angeles, CA 90001",October
263468,Flatscreen TV,1,300.0,2019-10-23 07:32:00,"772 Johnson St, Boston, MA 02215",October
266626,Flatscreen TV,1,300.0,2019-10-11 08:48:00,"679 Hickory St, Portland, ME 04101",October
267781,Flatscreen TV,1,300.0,2019-10-25 18:42:00,"638 Spruce St, Los Angeles, CA 90001",October
270913,Flatscreen TV,1,300.0,2019-10-10 11:37:00,"853 Adams St, San Francisco, CA 94016",October
272064,Flatscreen TV,1,300.0,2019-10-31 19:51:00,"371 5th St, New York City, NY 10001",October
276162,Flatscreen TV,1,300.0,2019-10-19 15:01:00,"258 Cedar St, New York City, NY 10001",October
279420,Flatscreen TV,1,300.0,2019-11-26 23:06:00,"925 8th St, New York City, NY 10001",November
281134,Flatscreen TV,1,300.0,2019-11-02 01:15:00,"229 Dogwood St, Los Angeles, CA 90001",November
291158,Flatscreen TV,1,300.0,2019-11-06 23:54:00,"4 Spruce St, Boston, MA 02215",November
282095,Flatscreen TV,1,300.0,2019-11-30 10:08:00,"873 Wilson St, Seattle, WA 98101",November
283735,Flatscreen TV,1,300.0,2019-11-16 12:34:00,"974 14th St, New York City, NY 10001",November
286580,Flatscreen TV,1,300.0,2019-11-23 06:44:00,"430 Meadow St, Los Angeles, CA 90001",November
288429,Flatscreen TV,1,300.0,2019-11-08 12:37:00,"228 1st St, San Francisco, CA 94016",November
282711,Flatscreen TV,1,300.0,2019-11-04 14:32:00,"867 Elm St, San Francisco, CA 94016",November
285932,Flatscreen TV,1,300.0,2019-11-01 19:27:00,"431 10th St, Atlanta, GA 30301",November
293366,Flatscreen TV,1,300.0,2019-11-11 09:07:00,"704 Meadow St, Los Angeles, CA 90001",November
294645,Flatscreen TV,1,300.0,2019-11-16 17:08:00,"11 Willow St, Portland, OR 97035",November
281781,Flatscreen TV,1,300.0,2019-11-15 12:08:00,"774 Spruce St, Los Angeles, CA 90001",November
284908,Flatscreen TV,1,300.0,2019-11-07 19:06:00,"247 4th St, Seattle, WA 98101",November
279607,Flatscreen TV,1,300.0,2019-11-29 16:46:00,"23 Jefferson St, New York City, NY 10001",November
281464,Flatscreen TV,1,300.0,2019-11-28 15:30:00,"259 Chestnut St, Austin, TX 73301",November
283723,Flatscreen TV,1,300.0,2019-11-11 07:37:00,"838 Lake St, Atlanta, GA 30301",November
281204,Flatscreen TV,1,300.0,2019-11-22 11:29:00,"576 6th St, Los Angeles, CA 90001",November
284746,Flatscreen TV,1,300.0,2019-11-22 18:13:00,"887 Wilson St, San Francisco, CA 94016",November
293334,Flatscreen TV,1,300.0,2019-11-29 12:36:00,"470 Park St, Seattle, WA 98101",November
284897,Flatscreen TV,1,300.0,2019-11-23 17:07:00,"527 Lake St, Dallas, TX 75001",November
291746,Flatscreen TV,1,300.0,2019-11-18 21:35:00,"560 Sunset St, San Francisco, CA 94016",November
285885,Flatscreen TV,1,300.0,2019-11-02 19:25:00,"199 12th St, San Francisco, CA 94016",November
291340,Flatscreen TV,1,300.0,2019-11-26 09:01:00,"287 Wilson St, Boston, MA 02215",November
291517,Flatscreen TV,1,300.0,2019-11-17 18:20:00,"315 South St, Boston, MA 02215",November
287740,Flatscreen TV,1,300.0,2019-11-24 19:41:00,"983 Park St, San Francisco, CA 94016",November
285930,Flatscreen TV,1,300.0,2019-11-24 13:58:00,"89 Meadow St, Dallas, TX 75001",November
285984,Flatscreen TV,1,300.0,2019-11-12 19:42:00,"219 4th St, San Francisco, CA 94016",November
287718,Flatscreen TV,1,300.0,2019-11-24 14:38:00,"971 Hickory St, New York City, NY 10001",November
287840,Flatscreen TV,1,300.0,2019-11-12 21:57:00,"974 Cherry St, New York City, NY 10001",November
288427,Flatscreen TV,1,300.0,2019-11-15 12:22:00,"484 13th St, New York City, NY 10001",November
290461,Flatscreen TV,1,300.0,2019-11-19 23:26:00,"86 Dogwood St, Seattle, WA 98101",November
295014,Flatscreen TV,1,300.0,2019-11-03 23:25:00,"780 Dogwood St, Los Angeles, CA 90001",November
281716,Flatscreen TV,1,300.0,2019-11-05 22:41:00,"813 12th St, San Francisco, CA 94016",November
291395,Flatscreen TV,1,300.0,2019-11-16 14:19:00,"644 Sunset St, San Francisco, CA 94016",November
279529,Flatscreen TV,1,300.0,2019-11-22 09:50:00,"426 Spruce St, Los Angeles, CA 90001",November
280529,Flatscreen TV,1,300.0,2019-11-15 09:11:00,"505 Lakeview St, Atlanta, GA 30301",November
288942,Flatscreen TV,1,300.0,2019-11-07 11:22:00,"440 Willow St, Los Angeles, CA 90001",November
290924,Flatscreen TV,1,300.0,2019-11-27 18:50:00,"372 Wilson St, San Francisco, CA 94016",November
293165,Flatscreen TV,1,300.0,2019-11-23 13:01:00,"151 Ridge St, New York City, NY 10001",November
294620,Flatscreen TV,1,300.0,2019-11-09 20:40:00,"809 Hill St, Dallas, TX 75001",November
288477,Flatscreen TV,1,300.0,2019-11-01 13:07:00,"582 2nd St, New York City, NY 10001",November
289864,Flatscreen TV,1,300.0,2019-11-17 19:30:00,"661 Forest St, Portland, ME 04101",November
293385,Flatscreen TV,1,300.0,2019-11-19 00:05:00,"819 4th St, New York City, NY 10001",November
282278,Flatscreen TV,1,300.0,2019-11-01 07:17:00,"511 Hickory St, Los Angeles, CA 90001",November
292381,Flatscreen TV,1,300.0,2019-11-14 12:43:00,"13 11th St, San Francisco, CA 94016",November
281127,Flatscreen TV,1,300.0,2019-11-27 10:53:00,"279 Adams St, Dallas, TX 75001",November
287892,Flatscreen TV,1,300.0,2019-11-10 15:52:00,"517 Chestnut St, Seattle, WA 98101",November
284556,Flatscreen TV,1,300.0,2019-11-04 08:05:00,"32 Main St, Portland, OR 97035",November
291092,Flatscreen TV,1,300.0,2019-11-02 15:42:00,"636 Jackson St, Austin, TX 73301",November
291378,Flatscreen TV,1,300.0,2019-11-10 23:32:00,"201 Adams St, Los Angeles, CA 90001",November
280663,Flatscreen TV,1,300.0,2019-11-04 16:10:00,"713 Church St, San Francisco, CA 94016",November
294064,Flatscreen TV,1,300.0,2019-11-24 09:36:00,"703 Church St, Boston, MA 02215",November
294678,Flatscreen TV,1,300.0,2019-11-16 08:10:00,"673 Hickory St, Austin, TX 73301",November
294842,Flatscreen TV,1,300.0,2019-11-10 08:13:00,"12 Lake St, Seattle, WA 98101",November
285634,Flatscreen TV,1,300.0,2019-11-14 14:13:00,"912 West St, Boston, MA 02215",November
293305,Flatscreen TV,1,300.0,2019-11-18 11:57:00,"672 10th St, Los Angeles, CA 90001",November
293364,Flatscreen TV,1,300.0,2019-11-25 10:29:00,"269 Willow St, San Francisco, CA 94016",November
279924,Flatscreen TV,1,300.0,2019-11-13 23:13:00,"720 Johnson St, San Francisco, CA 94016",November
287516,Flatscreen TV,1,300.0,2019-11-19 14:37:00,"955 Chestnut St, Los Angeles, CA 90001",November
286162,Flatscreen TV,1,300.0,2019-11-16 18:29:00,"436 Church St, San Francisco, CA 94016",November
288988,Flatscreen TV,1,300.0,2019-11-26 19:14:00,"465 Lakeview St, San Francisco, CA 94016",November
289074,Flatscreen TV,1,300.0,2019-11-10 15:44:00,"510 8th St, San Francisco, CA 94016",November
286284,Flatscreen TV,1,300.0,2019-11-18 12:42:00,"893 Main St, Los Angeles, CA 90001",November
289174,Flatscreen TV,1,300.0,2019-11-15 11:52:00,"441 Pine St, San Francisco, CA 94016",November
289830,Flatscreen TV,1,300.0,2019-11-26 21:05:00,"724 Elm St, Boston, MA 02215",November
290142,Flatscreen TV,1,300.0,2019-11-25 10:57:00,"87 Lincoln St, Boston, MA 02215",November
290148,Flatscreen TV,1,300.0,2019-11-22 12:45:00,"890 5th St, San Francisco, CA 94016",November
290462,Flatscreen TV,1,300.0,2019-11-25 19:55:00,"563 13th St, Boston, MA 02215",November
292938,Flatscreen TV,1,300.0,2019-11-07 07:42:00,"239 Washington St, San Francisco, CA 94016",November
293405,Flatscreen TV,1,300.0,2019-11-19 20:31:00,"257 Main St, Dallas, TX 75001",November
283981,Flatscreen TV,1,300.0,2019-11-13 14:48:00,"309 Wilson St, San Francisco, CA 94016",November
280519,Flatscreen TV,1,300.0,2019-11-20 17:19:00,"446 Meadow St, Atlanta, GA 30301",November
283770,Flatscreen TV,1,300.0,2019-11-21 15:35:00,"582 Hickory St, San Francisco, CA 94016",November
290334,Flatscreen TV,1,300.0,2019-11-07 00:55:00,"455 Willow St, Boston, MA 02215",November
283966,Flatscreen TV,1,300.0,2019-11-22 20:42:00,"553 14th St, Boston, MA 02215",November
290905,Flatscreen TV,1,300.0,2019-11-10 21:28:00,"716 Sunset St, New York City, NY 10001",November
295440,Flatscreen TV,1,300.0,2019-11-30 09:08:00,"606 13th St, New York City, NY 10001",November
280307,Flatscreen TV,1,300.0,2019-11-30 22:21:00,"984 Lakeview St, Los Angeles, CA 90001",November
298382,Flatscreen TV,1,300.0,2019-12-13 15:46:00,"602 10th St, New York City, NY 10001",December
306025,Flatscreen TV,1,300.0,2019-12-19 00:39:00,"453 Highland St, Portland, OR 97035",December
318480,Flatscreen TV,1,300.0,2019-12-31 13:12:00,"335 2nd St, San Francisco, CA 94016",December
297206,Flatscreen TV,1,300.0,2019-12-10 12:42:00,"35 1st St, San Francisco, CA 94016",December
301381,Flatscreen TV,1,300.0,2019-12-27 12:18:00,"317 6th St, New York City, NY 10001",December
303480,Flatscreen TV,1,300.0,2019-12-05 22:55:00,"911 Walnut St, Atlanta, GA 30301",December
312378,Flatscreen TV,1,300.0,2019-12-10 09:08:00,"630 Hickory St, Portland, OR 97035",December
318066,Flatscreen TV,1,300.0,2019-12-02 09:31:00,"799 Pine St, New York City, NY 10001",December
297323,Flatscreen TV,1,300.0,2019-12-04 22:00:00,"90 Park St, Dallas, TX 75001",December
304076,Flatscreen TV,1,300.0,2019-12-15 18:53:00,"586 Hill St, New York City, NY 10001",December
315365,Flatscreen TV,1,300.0,2019-12-11 19:25:00,"765 Dogwood St, San Francisco, CA 94016",December
300535,Flatscreen TV,1,300.0,2019-12-17 11:43:00,"73 Jefferson St, Los Angeles, CA 90001",December
309673,Flatscreen TV,1,300.0,2019-12-07 16:34:00,"13 Meadow St, Seattle, WA 98101",December
313739,Flatscreen TV,1,300.0,2019-12-30 13:55:00,"149 Jefferson St, Los Angeles, CA 90001",December
316402,Flatscreen TV,1,300.0,2019-12-28 23:04:00,"417 10th St, Dallas, TX 75001",December
296727,Flatscreen TV,1,300.0,2019-12-09 19:24:00,"899 Walnut St, New York City, NY 10001",December
306308,Flatscreen TV,1,300.0,2019-12-13 18:00:00,"960 Hill St, Seattle, WA 98101",December
307137,Flatscreen TV,1,300.0,2019-12-21 15:28:00,"526 Lincoln St, San Francisco, CA 94016",December
308930,Flatscreen TV,1,300.0,2019-12-25 11:48:00,"748 5th St, San Francisco, CA 94016",December
310166,Flatscreen TV,1,300.0,2019-12-21 13:14:00,"397 Willow St, Seattle, WA 98101",December
314529,Flatscreen TV,1,300.0,2019-12-26 11:28:00,"204 South St, San Francisco, CA 94016",December
318741,Flatscreen TV,1,300.0,2019-12-21 12:18:00,"640 4th St, Los Angeles, CA 90001",December
300216,Flatscreen TV,1,300.0,2019-12-13 17:16:00,"509 Chestnut St, Los Angeles, CA 90001",December
316931,Flatscreen TV,1,300.0,2019-12-05 08:37:00,"494 8th St, New York City, NY 10001",December
318286,Flatscreen TV,1,300.0,2019-12-27 18:35:00,"965 Walnut St, Los Angeles, CA 90001",December
304771,Flatscreen TV,1,300.0,2019-12-20 14:09:00,"774 2nd St, Los Angeles, CA 90001",December
311111,Flatscreen TV,1,300.0,2019-12-01 14:28:00,"317 West St, San Francisco, CA 94016",December
314658,Flatscreen TV,1,300.0,2019-12-31 17:55:00,"134 Church St, Portland, OR 97035",December
297174,Flatscreen TV,1,300.0,2019-12-25 13:12:00,"225 Dogwood St, Seattle, WA 98101",December
303409,Flatscreen TV,1,300.0,2019-12-26 20:42:00,"295 14th St, Boston, MA 02215",December
314446,Flatscreen TV,1,300.0,2019-12-27 13:25:00,"889 Main St, Portland, OR 97035",December
314194,Flatscreen TV,1,300.0,2019-12-28 08:23:00,"31 Adams St, San Francisco, CA 94016",December
305937,Flatscreen TV,1,300.0,2019-12-02 14:17:00,"547 West St, Los Angeles, CA 90001",December
310678,Flatscreen TV,1,300.0,2019-12-06 18:27:00,"688 Sunset St, Boston, MA 02215",December
300212,Flatscreen TV,1,300.0,2019-12-06 20:34:00,"476 12th St, Atlanta, GA 30301",December
310923,Flatscreen TV,1,300.0,2019-12-22 00:45:00,"864 14th St, San Francisco, CA 94016",December
317084,Flatscreen TV,1,300.0,2019-12-13 11:51:00,"819 North St, Dallas, TX 75001",December
313278,Flatscreen TV,1,300.0,2019-12-18 10:13:00,"622 West St, Portland, OR 97035",December
317569,Flatscreen TV,1,300.0,2019-12-17 10:34:00,"731 North St, Seattle, WA 98101",December
296981,Flatscreen TV,1,300.0,2019-12-25 13:43:00,"43 Dogwood St, Atlanta, GA 30301",December
302161,Flatscreen TV,1,300.0,2019-12-15 14:20:00,"496 12th St, Boston, MA 02215",December
308558,Flatscreen TV,1,300.0,2019-12-26 10:11:00,"150 Cedar St, Los Angeles, CA 90001",December
308600,Flatscreen TV,1,300.0,2019-12-17 07:43:00,"875 West St, Portland, OR 97035",December
319019,Flatscreen TV,1,300.0,2019-12-03 13:45:00,"745 1st St, Dallas, TX 75001",December
299852,Flatscreen TV,1,300.0,2019-12-17 21:47:00,"323 4th St, Dallas, TX 75001",December
310500,Flatscreen TV,1,300.0,2019-12-14 14:18:00,"936 Hickory St, Boston, MA 02215",December
312624,Flatscreen TV,1,300.0,2019-12-14 09:38:00,"993 West St, Portland, OR 97035",December
318260,Flatscreen TV,1,300.0,2019-12-25 13:04:00,"281 Cedar St, Los Angeles, CA 90001",December
306250,Flatscreen TV,1,300.0,2019-12-02 15:46:00,"468 14th St, Boston, MA 02215",December
313836,Flatscreen TV,1,300.0,2019-12-04 15:11:00,"798 Washington St, Los Angeles, CA 90001",December
317920,Flatscreen TV,1,300.0,2019-12-05 13:16:00,"893 Hickory St, San Francisco, CA 94016",December
312352,Flatscreen TV,1,300.0,2019-12-08 12:07:00,"321 Adams St, San Francisco, CA 94016",December
313751,Flatscreen TV,1,300.0,2019-12-09 09:04:00,"132 South St, Boston, MA 02215",December
315118,Flatscreen TV,1,300.0,2019-12-31 19:49:00,"273 River St, Dallas, TX 75001",December
301619,Flatscreen TV,1,300.0,2019-12-07 07:11:00,"742 7th St, New York City, NY 10001",December
212629,Flatscreen TV,1,300.0,2019-06-17 09:43:00,"617 8th St, Los Angeles, CA 90001",June
232735,Flatscreen TV,1,300.0,2019-07-22 16:28:00,"891 Lincoln St, San Francisco, CA 94016",July
230154,Flatscreen TV,1,300.0,2019-07-12 06:57:00,"864 Cherry St, San Francisco, CA 94016",July
241613,Flatscreen TV,1,300.0,2019-08-03 19:45:00,"503 Center St, Los Angeles, CA 90001",August
253503,Flatscreen TV,1,300.0,2019-09-27 07:04:00,"437 Ridge St, Dallas, TX 75001",September
252359,Flatscreen TV,1,300.0,2019-09-04 13:10:00,"988 Park St, San Francisco, CA 94016",September
266573,Flatscreen TV,1,300.0,2019-10-21 21:04:00,"710 Pine St, Los Angeles, CA 90001",October
274619,Flatscreen TV,1,300.0,2019-10-15 18:22:00,"850 Sunset St, Seattle, WA 98101",October
261250,Flatscreen TV,1,300.0,2019-10-26 11:32:00,"469 Jackson St, New York City, NY 10001",October
277338,Flatscreen TV,1,300.0,2019-10-13 17:35:00,"13 Hill St, Seattle, WA 98101",October
273736,Flatscreen TV,1,300.0,2019-10-04 08:05:00,"758 13th St, Seattle, WA 98101",October
295953,Flatscreen TV,1,300.0,2019-12-24 17:03:00,"559 Church St, Dallas, TX 75001",December
311209,Flatscreen TV,1,300.0,2019-12-02 20:01:00,"707 Maple St, Portland, OR 97035",December
309196,Flatscreen TV,1,300.0,2019-12-27 13:23:00,"175 Sunset St, New York City, NY 10001",December
315593,Flatscreen TV,1,300.0,2019-12-12 21:10:00,"447 Cedar St, San Francisco, CA 94016",December
304829,Flatscreen TV,1,300.0,2019-12-26 16:30:00,"805 Main St, Dallas, TX 75001",December
315415,Flatscreen TV,1,300.0,2019-12-03 12:35:00,"409 North St, Los Angeles, CA 90001",December
305877,Flatscreen TV,1,300.0,2019-12-25 14:33:00,"989 5th St, Dallas, TX 75001",December
312361,Flatscreen TV,1,300.0,2019-12-19 15:35:00,"97 Center St, Atlanta, GA 30301",December
298784,Flatscreen TV,1,300.0,2019-12-28 01:18:00,"203 7th St, New York City, NY 10001",December
300824,Flatscreen TV,1,300.0,2019-12-09 18:58:00,"760 Lakeview St, Seattle, WA 98101",December
301973,Flatscreen TV,1,300.0,2019-12-27 13:59:00,"147 13th St, New York City, NY 10001",December
305345,Flatscreen TV,1,300.0,2019-12-19 18:37:00,"327 Madison St, Los Angeles, CA 90001",December
308710,Flatscreen TV,1,300.0,2019-12-20 08:04:00,"534 Park St, Los Angeles, CA 90001",December
311400,Flatscreen TV,1,300.0,2019-12-27 10:20:00,"36 9th St, San Francisco, CA 94016",December
317388,Flatscreen TV,1,300.0,2019-12-30 12:09:00,"55 Meadow St, San Francisco, CA 94016",December
317426,Flatscreen TV,1,300.0,2019-12-19 18:35:00,"949 7th St, Dallas, TX 75001",December
298696,Flatscreen TV,1,300.0,2019-12-17 19:56:00,"145 Wilson St, San Francisco, CA 94016",December
306852,Flatscreen TV,1,300.0,2019-12-12 11:26:00,"779 Lakeview St, Portland, OR 97035",December
308557,Flatscreen TV,1,300.0,2019-12-09 19:47:00,"578 12th St, Atlanta, GA 30301",December
317624,Flatscreen TV,1,300.0,2019-12-24 09:55:00,"275 Dogwood St, Austin, TX 73301",December
299190,Flatscreen TV,1,300.0,2019-12-28 04:48:00,"104 12th St, Boston, MA 02215",December
319423,Flatscreen TV,1,300.0,2019-12-30 17:55:00,"971 Wilson St, Seattle, WA 98101",December
297682,Flatscreen TV,1,300.0,2019-12-13 16:40:00,"790 11th St, Seattle, WA 98101",December
300256,Flatscreen TV,1,300.0,2019-12-24 16:46:00,"197 Dogwood St, Portland, OR 97035",December
314198,Flatscreen TV,1,300.0,2019-12-02 12:33:00,"155 1st St, Los Angeles, CA 90001",December
314724,Flatscreen TV,2,300.0,2019-12-25 09:50:00,"482 Dogwood St, San Francisco, CA 94016",December
315997,Flatscreen TV,1,300.0,2019-12-04 21:34:00,"981 1st St, Seattle, WA 98101",December
301440,Flatscreen TV,1,300.0,2019-12-21 16:31:00,"296 10th St, Seattle, WA 98101",December
317432,Flatscreen TV,1,300.0,2019-12-05 17:59:00,"983 Lake St, Los Angeles, CA 90001",December
298853,Flatscreen TV,1,300.0,2019-12-15 07:27:00,"541 Washington St, Los Angeles, CA 90001",December
317570,Flatscreen TV,1,300.0,2019-12-15 10:21:00,"730 South St, San Francisco, CA 94016",December
318899,Flatscreen TV,1,300.0,2019-12-17 15:09:00,"134 7th St, Boston, MA 02215",December
141749,Flatscreen TV,1,300.0,2019-01-24 15:16:00,"974 10th St, Atlanta, GA 30301",January
146015,Flatscreen TV,1,300.0,2019-01-07 16:32:00,"198 Wilson St, San Francisco, CA 94016",January
146215,Flatscreen TV,1,300.0,2019-01-26 19:20:00,"917 13th St, Los Angeles, CA 90001",January
147963,Flatscreen TV,1,300.0,2019-01-01 11:00:00,"655 Meadow St, Austin, TX 73301",January
147098,Flatscreen TV,1,300.0,2019-01-20 21:51:00,"909 South St, Boston, MA 02215",January
145283,Flatscreen TV,1,300.0,2019-01-14 10:38:00,"155 Walnut St, Los Angeles, CA 90001",January
146006,Flatscreen TV,1,300.0,2019-01-14 11:11:00,"254 5th St, Los Angeles, CA 90001",January
147232,Flatscreen TV,1,300.0,2019-01-27 20:11:00,"90 Main St, San Francisco, CA 94016",January
148049,Flatscreen TV,1,300.0,2019-01-17 20:45:00,"558 South St, Portland, ME 04101",January
142215,Flatscreen TV,1,300.0,2019-01-13 06:09:00,"555 Jefferson St, Dallas, TX 75001",January
143996,Flatscreen TV,1,300.0,2019-01-19 15:53:00,"451 Meadow St, Boston, MA 02215",January
144139,Flatscreen TV,1,300.0,2019-01-20 22:02:00,"346 8th St, Los Angeles, CA 90001",January
143375,Flatscreen TV,1,300.0,2019-01-21 15:21:00,"892 Highland St, Boston, MA 02215",January
143455,Flatscreen TV,1,300.0,2019-01-22 21:07:00,"823 14th St, San Francisco, CA 94016",January
142598,Flatscreen TV,1,300.0,2019-01-15 19:55:00,"525 Cedar St, Austin, TX 73301",January
141469,Flatscreen TV,1,300.0,2019-01-02 07:44:00,"163 8th St, San Francisco, CA 94016",January
143123,Flatscreen TV,1,300.0,2019-01-16 08:03:00,"323 North St, Austin, TX 73301",January
146880,Flatscreen TV,1,300.0,2019-01-11 21:04:00,"798 Park St, Atlanta, GA 30301",January
145206,Flatscreen TV,1,300.0,2019-01-31 13:43:00,"49 9th St, New York City, NY 10001",January
147094,Flatscreen TV,1,300.0,2019-01-05 00:58:00,"240 10th St, Los Angeles, CA 90001",January
147843,Flatscreen TV,1,300.0,2019-01-24 11:12:00,"745 Dogwood St, San Francisco, CA 94016",January
146277,Flatscreen TV,1,300.0,2019-01-08 23:54:00,"327 Lake St, Seattle, WA 98101",January
150263,Flatscreen TV,1,300.0,2019-01-18 17:16:00,"254 1st St, New York City, NY 10001",January
145893,Flatscreen TV,1,300.0,2019-01-09 16:35:00,"769 Hill St, Los Angeles, CA 90001",January
142515,Flatscreen TV,1,300.0,2019-01-03 02:56:00,"522 Elm St, San Francisco, CA 94016",January
149142,Flatscreen TV,1,300.0,2019-01-25 18:43:00,"18 9th St, Boston, MA 02215",January
143805,Flatscreen TV,1,300.0,2019-01-30 06:56:00,"891 Elm St, Los Angeles, CA 90001",January
144012,Flatscreen TV,1,300.0,2019-01-31 14:59:00,"299 13th St, New York City, NY 10001",January
144901,Flatscreen TV,1,300.0,2019-01-20 21:22:00,"531 Lincoln St, San Francisco, CA 94016",January
145251,Flatscreen TV,1,300.0,2019-01-24 00:21:00,"794 Lake St, Boston, MA 02215",January
141968,Flatscreen TV,1,300.0,2019-01-15 19:50:00,"772 Madison St, Portland, ME 04101",January
142456,Flatscreen TV,1,300.0,2019-01-28 21:00:00,"876 Maple St, San Francisco, CA 94016",January
147536,Flatscreen TV,1,300.0,2019-01-17 08:37:00,"422 West St, San Francisco, CA 94016",January
142221,Flatscreen TV,1,300.0,2019-01-12 02:33:00,"503 Adams St, Portland, OR 97035",January
149698,Flatscreen TV,1,300.0,2019-01-19 18:54:00,"863 Willow St, Dallas, TX 75001",January
143675,Flatscreen TV,1,300.0,2019-01-04 01:32:00,"708 Hickory St, Los Angeles, CA 90001",January
147245,Flatscreen TV,1,300.0,2019-01-14 12:33:00,"190 Washington St, Los Angeles, CA 90001",January
142317,Flatscreen TV,1,300.0,2019-01-16 11:01:00,"885 9th St, Boston, MA 02215",January
146725,Flatscreen TV,1,300.0,2019-01-31 12:55:00,"927 West St, Los Angeles, CA 90001",January
147771,Flatscreen TV,1,300.0,2019-01-29 23:30:00,"417 Ridge St, New York City, NY 10001",January
143490,Flatscreen TV,1,300.0,2019-01-04 08:04:00,"509 River St, Boston, MA 02215",January
151157,Flatscreen TV,1,300.0,2019-02-16 11:44:00,"769 13th St, Los Angeles, CA 90001",February
153051,Flatscreen TV,1,300.0,2019-02-10 18:25:00,"474 Church St, New York City, NY 10001",February
154130,Flatscreen TV,1,300.0,2019-02-23 13:14:00,"16 Adams St, Boston, MA 02215",February
160924,Flatscreen TV,1,300.0,2019-02-04 12:21:00,"522 West St, Seattle, WA 98101",February
161596,Flatscreen TV,1,300.0,2019-02-20 15:10:00,"47 West St, San Francisco, CA 94016",February
151231,Flatscreen TV,1,300.0,2019-02-15 14:52:00,"432 Jefferson St, Dallas, TX 75001",February
152200,Flatscreen TV,1,300.0,2019-02-15 19:10:00,"290 Wilson St, Atlanta, GA 30301",February
154075,Flatscreen TV,1,300.0,2019-02-28 03:54:00,"523 Jackson St, Austin, TX 73301",February
154209,Flatscreen TV,1,300.0,2019-02-18 20:49:00,"76 North St, Atlanta, GA 30301",February
156003,Flatscreen TV,1,300.0,2019-02-26 13:50:00,"716 Lake St, New York City, NY 10001",February
159747,Flatscreen TV,1,300.0,2019-02-18 13:15:00,"23 North St, New York City, NY 10001",February
161851,Flatscreen TV,1,300.0,2019-02-19 22:57:00,"988 Forest St, Seattle, WA 98101",February
156211,Flatscreen TV,1,300.0,2019-02-19 11:58:00,"350 Johnson St, San Francisco, CA 94016",February
156899,Flatscreen TV,1,300.0,2019-02-23 22:54:00,"939 5th St, San Francisco, CA 94016",February
151789,Flatscreen TV,1,300.0,2019-02-25 14:30:00,"552 Lake St, Seattle, WA 98101",February
155568,Flatscreen TV,1,300.0,2019-02-27 14:14:00,"28 South St, Seattle, WA 98101",February
150991,Flatscreen TV,1,300.0,2019-02-21 15:00:00,"780 Spruce St, San Francisco, CA 94016",February
156130,Flatscreen TV,1,300.0,2019-02-08 19:57:00,"269 Chestnut St, San Francisco, CA 94016",February
159073,Flatscreen TV,1,300.0,2019-02-27 16:57:00,"392 Washington St, New York City, NY 10001",February
160102,Flatscreen TV,1,300.0,2019-02-02 10:16:00,"948 5th St, New York City, NY 10001",February
153185,Flatscreen TV,1,300.0,2019-02-04 10:58:00,"673 Church St, Boston, MA 02215",February
157389,Flatscreen TV,1,300.0,2019-02-01 16:32:00,"30 4th St, Austin, TX 73301",February
159802,Flatscreen TV,1,300.0,2019-02-18 11:18:00,"222 Center St, Boston, MA 02215",February
161419,Flatscreen TV,1,300.0,2019-02-07 21:53:00,"994 Chestnut St, Dallas, TX 75001",February
161217,Flatscreen TV,1,300.0,2019-02-14 21:11:00,"665 Cedar St, San Francisco, CA 94016",February
160261,Flatscreen TV,1,300.0,2019-02-10 17:09:00,"333 Hill St, Boston, MA 02215",February
160319,Flatscreen TV,1,300.0,2019-02-10 08:19:00,"468 4th St, Boston, MA 02215",February
161115,Flatscreen TV,1,300.0,2019-02-19 10:01:00,"586 Church St, Seattle, WA 98101",February
153050,Flatscreen TV,1,300.0,2019-02-13 16:25:00,"579 14th St, San Francisco, CA 94016",February
159560,Flatscreen TV,1,300.0,2019-02-21 12:25:00,"439 14th St, San Francisco, CA 94016",February
152122,Flatscreen TV,1,300.0,2019-02-07 17:17:00,"860 Jefferson St, San Francisco, CA 94016",February
152297,Flatscreen TV,1,300.0,2019-02-15 10:36:00,"619 Lincoln St, Los Angeles, CA 90001",February
153557,Flatscreen TV,1,300.0,2019-02-12 08:46:00,"897 Madison St, Austin, TX 73301",February
153944,Flatscreen TV,1,300.0,2019-02-13 02:06:00,"621 Main St, Los Angeles, CA 90001",February
154296,Flatscreen TV,1,300.0,2019-02-26 16:01:00,"481 Jefferson St, San Francisco, CA 94016",February
160033,Flatscreen TV,1,300.0,2019-02-09 14:57:00,"332 6th St, San Francisco, CA 94016",February
160975,Flatscreen TV,1,300.0,2019-02-22 17:31:00,"909 West St, New York City, NY 10001",February
155178,Flatscreen TV,1,300.0,2019-02-08 20:21:00,"541 South St, Los Angeles, CA 90001",February
156550,Flatscreen TV,1,300.0,2019-02-25 16:54:00,"715 4th St, Los Angeles, CA 90001",February
157578,Flatscreen TV,1,300.0,2019-02-27 19:24:00,"580 Cedar St, Los Angeles, CA 90001",February
153299,Flatscreen TV,1,300.0,2019-02-18 12:33:00,"249 Walnut St, Los Angeles, CA 90001",February
152269,Flatscreen TV,1,300.0,2019-02-26 22:40:00,"75 North St, San Francisco, CA 94016",February
153082,Flatscreen TV,1,300.0,2019-02-16 02:03:00,"736 Park St, San Francisco, CA 94016",February
160973,Flatscreen TV,1,300.0,2019-02-12 07:38:00,"939 12th St, Los Angeles, CA 90001",February
152987,Flatscreen TV,1,300.0,2019-02-05 17:20:00,"623 Lake St, Atlanta, GA 30301",February
150711,Flatscreen TV,1,300.0,2019-02-16 19:16:00,"320 11th St, San Francisco, CA 94016",February
153898,Flatscreen TV,1,300.0,2019-02-12 09:39:00,"609 Hickory St, San Francisco, CA 94016",February
154676,Flatscreen TV,1,300.0,2019-02-10 21:31:00,"498 Dogwood St, San Francisco, CA 94016",February
158129,Flatscreen TV,1,300.0,2019-02-12 06:12:00,"730 Chestnut St, Boston, MA 02215",February
151750,Flatscreen TV,1,300.0,2019-02-16 12:42:00,"218 8th St, Atlanta, GA 30301",February
156320,Flatscreen TV,1,300.0,2019-02-11 22:21:00,"116 Lakeview St, Seattle, WA 98101",February
161219,Flatscreen TV,1,300.0,2019-02-17 18:15:00,"500 Center St, Boston, MA 02215",February
160524,Flatscreen TV,1,300.0,2019-02-05 13:43:00,"262 Walnut St, Boston, MA 02215",February
154185,Flatscreen TV,1,300.0,2019-02-13 05:10:00,"953 Meadow St, San Francisco, CA 94016",February
166003,Flatscreen TV,1,300.0,2019-03-18 11:11:00,"225 Pine St, Dallas, TX 75001",March
172546,Flatscreen TV,1,300.0,2019-03-03 18:21:00,"957 11th St, Boston, MA 02215",March
173574,Flatscreen TV,1,300.0,2019-03-23 08:48:00,"92 Adams St, Boston, MA 02215",March
176485,Flatscreen TV,1,300.0,2019-03-01 22:25:00,"870 Ridge St, Boston, MA 02215",March
164919,Flatscreen TV,1,300.0,2019-03-14 09:18:00,"437 Center St, San Francisco, CA 94016",March
166063,Flatscreen TV,1,300.0,2019-03-24 17:13:00,"491 North St, Atlanta, GA 30301",March
170660,Flatscreen TV,1,300.0,2019-03-03 22:49:00,"279 Jackson St, Atlanta, GA 30301",March
173007,Flatscreen TV,1,300.0,2019-03-02 08:53:00,"856 Washington St, New York City, NY 10001",March
164106,Flatscreen TV,1,300.0,2019-03-31 13:37:00,"414 Wilson St, New York City, NY 10001",March
165561,Flatscreen TV,1,300.0,2019-03-07 11:58:00,"134 11th St, New York City, NY 10001",March
165807,Flatscreen TV,1,300.0,2019-03-12 17:42:00,"610 12th St, Dallas, TX 75001",March
172014,Flatscreen TV,1,300.0,2019-03-10 14:45:00,"45 Willow St, San Francisco, CA 94016",March
175513,Flatscreen TV,1,300.0,2019-03-15 19:57:00,"325 12th St, Dallas, TX 75001",March
166678,Flatscreen TV,1,300.0,2019-03-20 12:15:00,"579 River St, Los Angeles, CA 90001",March
169966,Flatscreen TV,1,300.0,2019-03-08 21:47:00,"327 Elm St, Boston, MA 02215",March
170230,Flatscreen TV,1,300.0,2019-03-27 13:19:00,"405 Lake St, New York City, NY 10001",March
174895,Flatscreen TV,1,300.0,2019-03-26 17:56:00,"129 River St, Boston, MA 02215",March
163708,Flatscreen TV,1,300.0,2019-03-22 12:38:00,"210 Park St, Seattle, WA 98101",March
169623,Flatscreen TV,1,300.0,2019-03-16 19:26:00,"779 2nd St, San Francisco, CA 94016",March
174900,Flatscreen TV,1,300.0,2019-03-22 12:55:00,"649 Center St, Boston, MA 02215",March
168400,Flatscreen TV,1,300.0,2019-03-24 23:27:00,"10 Spruce St, Dallas, TX 75001",March
173929,Flatscreen TV,1,300.0,2019-03-04 18:17:00,"553 Madison St, Dallas, TX 75001",March
170491,Flatscreen TV,1,300.0,2019-03-24 16:23:00,"617 River St, San Francisco, CA 94016",March
166558,Flatscreen TV,1,300.0,2019-03-20 10:04:00,"921 Wilson St, Seattle, WA 98101",March
163829,Flatscreen TV,1,300.0,2019-03-09 22:35:00,"323 7th St, New York City, NY 10001",March
164617,Flatscreen TV,1,300.0,2019-03-16 16:35:00,"362 Hickory St, San Francisco, CA 94016",March
173715,Flatscreen TV,1,300.0,2019-03-02 07:28:00,"117 Park St, San Francisco, CA 94016",March
170564,Flatscreen TV,1,300.0,2019-03-02 14:48:00,"785 Pine St, Austin, TX 73301",March
163795,Flatscreen TV,1,300.0,2019-03-21 20:19:00,"387 Willow St, Los Angeles, CA 90001",March
170486,Flatscreen TV,1,300.0,2019-03-30 21:56:00,"504 1st St, Austin, TX 73301",March
171016,Flatscreen TV,1,300.0,2019-03-05 02:36:00,"393 8th St, San Francisco, CA 94016",March
171094,Flatscreen TV,1,300.0,2019-03-16 21:25:00,"734 Walnut St, New York City, NY 10001",March
174205,Flatscreen TV,1,300.0,2019-03-29 19:17:00,"22 Washington St, Boston, MA 02215",March
175307,Flatscreen TV,1,300.0,2019-03-15 15:41:00,"361 Lake St, New York City, NY 10001",March
170405,Flatscreen TV,1,300.0,2019-03-09 14:15:00,"992 Johnson St, San Francisco, CA 94016",March
173834,Flatscreen TV,1,300.0,2019-03-23 18:35:00,"726 Forest St, San Francisco, CA 94016",March
170793,Flatscreen TV,1,300.0,2019-03-06 18:59:00,"577 Spruce St, Boston, MA 02215",March
171923,Flatscreen TV,1,300.0,2019-03-18 11:25:00,"922 North St, Dallas, TX 75001",March
170621,Flatscreen TV,1,300.0,2019-03-20 12:20:00,"669 Meadow St, San Francisco, CA 94016",March
163187,Flatscreen TV,1,300.0,2019-03-29 19:37:00,"989 Spruce St, San Francisco, CA 94016",March
171910,Flatscreen TV,1,300.0,2019-03-12 12:46:00,"760 Washington St, Boston, MA 02215",March
165274,Flatscreen TV,1,300.0,2019-03-21 17:45:00,"397 South St, San Francisco, CA 94016",March
167903,Flatscreen TV,1,300.0,2019-03-11 12:56:00,"967 4th St, Los Angeles, CA 90001",March
176383,Flatscreen TV,1,300.0,2019-03-10 12:48:00,"70 North St, Dallas, TX 75001",March
162556,Flatscreen TV,1,300.0,2019-03-31 19:47:00,"72 2nd St, San Francisco, CA 94016",March
168282,Flatscreen TV,2,300.0,2019-03-16 11:58:00,"198 Madison St, Boston, MA 02215",March
171662,Flatscreen TV,1,300.0,2019-03-26 10:33:00,"413 Johnson St, Austin, TX 73301",March
174115,Flatscreen TV,1,300.0,2019-03-27 15:25:00,"728 Jackson St, Seattle, WA 98101",March
167316,Flatscreen TV,1,300.0,2019-03-02 14:07:00,"436 9th St, Boston, MA 02215",March
170741,Flatscreen TV,1,300.0,2019-03-22 23:59:00,"303 Johnson St, Seattle, WA 98101",March
165497,Flatscreen TV,1,300.0,2019-03-04 19:34:00,"931 13th St, Los Angeles, CA 90001",March
167009,Flatscreen TV,1,300.0,2019-03-25 18:23:00,"540 Dogwood St, Boston, MA 02215",March
170703,Flatscreen TV,1,300.0,2019-03-27 17:51:00,"155 13th St, Los Angeles, CA 90001",March
174840,Flatscreen TV,1,300.0,2019-03-22 14:30:00,"951 Lake St, Los Angeles, CA 90001",March
163746,Flatscreen TV,1,300.0,2019-03-13 21:01:00,"299 Main St, New York City, NY 10001",March
166493,Flatscreen TV,1,300.0,2019-03-20 13:51:00,"430 Jefferson St, Austin, TX 73301",March
170430,Flatscreen TV,1,300.0,2019-03-06 17:49:00,"192 Wilson St, Dallas, TX 75001",March
162374,Flatscreen TV,1,300.0,2019-03-02 20:17:00,"400 13th St, Boston, MA 02215",March
170751,Flatscreen TV,1,300.0,2019-03-25 11:04:00,"157 Hickory St, San Francisco, CA 94016",March
166112,Flatscreen TV,1,300.0,2019-03-06 13:17:00,"54 Elm St, Atlanta, GA 30301",March
176748,Flatscreen TV,1,300.0,2019-04-24 15:28:00,"339 13th St, Boston, MA 02215",April
176953,Flatscreen TV,1,300.0,2019-04-29 13:41:00,"595 West St, Dallas, TX 75001",April
184534,Flatscreen TV,1,300.0,2019-04-18 16:13:00,"770 Jackson St, Dallas, TX 75001",April
187209,Flatscreen TV,1,300.0,2019-04-26 22:30:00,"393 Hickory St, San Francisco, CA 94016",April
191153,Flatscreen TV,1,300.0,2019-04-02 11:10:00,"395 Jackson St, Atlanta, GA 30301",April
187426,Flatscreen TV,1,300.0,2019-04-16 16:27:00,"758 2nd St, Los Angeles, CA 90001",April
179505,Flatscreen TV,1,300.0,2019-04-25 18:21:00,"561 Willow St, San Francisco, CA 94016",April
189503,Flatscreen TV,1,300.0,2019-04-01 18:12:00,"875 13th St, San Francisco, CA 94016",April
190042,Flatscreen TV,1,300.0,2019-04-14 10:30:00,"788 Lake St, San Francisco, CA 94016",April
193112,Flatscreen TV,1,300.0,2019-04-07 06:59:00,"255 Johnson St, New York City, NY 10001",April
179199,Flatscreen TV,1,300.0,2019-04-20 15:49:00,"667 Cherry St, San Francisco, CA 94016",April
179287,Flatscreen TV,1,300.0,2019-04-23 23:00:00,"583 Wilson St, Boston, MA 02215",April
193094,Flatscreen TV,1,300.0,2019-04-04 18:06:00,"187 North St, New York City, NY 10001",April
179507,Flatscreen TV,1,300.0,2019-04-06 21:56:00,"449 6th St, Los Angeles, CA 90001",April
184258,Flatscreen TV,1,300.0,2019-04-03 11:09:00,"540 Lake St, Atlanta, GA 30301",April
185317,Flatscreen TV,1,300.0,2019-04-12 17:23:00,"881 Forest St, Boston, MA 02215",April
187075,Flatscreen TV,1,300.0,2019-04-25 18:26:00,"88 10th St, San Francisco, CA 94016",April
184884,Flatscreen TV,1,300.0,2019-04-18 17:07:00,"732 Jackson St, Dallas, TX 75001",April
177094,Flatscreen TV,1,300.0,2019-04-30 13:02:00,"785 8th St, Atlanta, GA 30301",April
186467,Flatscreen TV,1,300.0,2019-04-16 05:49:00,"911 Hickory St, Portland, OR 97035",April
191672,Flatscreen TV,1,300.0,2019-04-09 20:35:00,"595 Washington St, Boston, MA 02215",April
179343,Flatscreen TV,1,300.0,2019-04-21 19:33:00,"683 5th St, Dallas, TX 75001",April
187096,Flatscreen TV,1,300.0,2019-04-24 20:13:00,"791 Lincoln St, Portland, OR 97035",April
189753,Flatscreen TV,1,300.0,2019-04-08 23:47:00,"986 Lakeview St, New York City, NY 10001",April
182499,Flatscreen TV,1,300.0,2019-04-14 20:50:00,"470 7th St, New York City, NY 10001",April
184792,Flatscreen TV,1,300.0,2019-04-25 21:04:00,"76 10th St, Portland, OR 97035",April
187181,Flatscreen TV,1,300.0,2019-04-30 17:01:00,"627 5th St, Boston, MA 02215",April
193062,Flatscreen TV,1,300.0,2019-04-06 09:28:00,"677 7th St, San Francisco, CA 94016",April
178166,Flatscreen TV,1,300.0,2019-04-03 15:01:00,"66 Adams St, Dallas, TX 75001",April
181023,Flatscreen TV,1,300.0,2019-04-15 10:00:00,"601 Hill St, Los Angeles, CA 90001",April
192094,Flatscreen TV,1,300.0,2019-04-16 14:22:00,"759 Jackson St, Atlanta, GA 30301",April
178945,Flatscreen TV,1,300.0,2019-04-27 16:48:00,"276 13th St, Los Angeles, CA 90001",April
184894,Flatscreen TV,1,300.0,2019-04-14 14:04:00,"964 14th St, Seattle, WA 98101",April
177401,Flatscreen TV,1,300.0,2019-04-24 10:16:00,"393 Hickory St, Los Angeles, CA 90001",April
182221,Flatscreen TV,1,300.0,2019-04-12 21:28:00,"49 Washington St, Portland, OR 97035",April
182604,Flatscreen TV,1,300.0,2019-04-30 10:39:00,"420 River St, New York City, NY 10001",April
193736,Flatscreen TV,1,300.0,2019-04-27 13:55:00,"917 5th St, Austin, TX 73301",April
183432,Flatscreen TV,1,300.0,2019-04-24 18:36:00,"535 Pine St, Boston, MA 02215",April
186859,Flatscreen TV,1,300.0,2019-04-21 10:31:00,"402 Jefferson St, San Francisco, CA 94016",April
192299,Flatscreen TV,1,300.0,2019-04-19 09:41:00,"861 7th St, San Francisco, CA 94016",April
176688,Flatscreen TV,1,300.0,2019-04-20 18:25:00,"229 Church St, San Francisco, CA 94016",April
178599,Flatscreen TV,1,300.0,2019-04-17 15:01:00,"584 Forest St, Atlanta, GA 30301",April
187482,Flatscreen TV,1,300.0,2019-04-19 12:52:00,"209 Meadow St, San Francisco, CA 94016",April
187055,Flatscreen TV,1,300.0,2019-04-10 21:14:00,"820 Hickory St, Austin, TX 73301",April
179585,Flatscreen TV,1,300.0,2019-04-01 14:59:00,"916 10th St, Boston, MA 02215",April
183923,Flatscreen TV,1,300.0,2019-04-11 15:48:00,"201 14th St, Seattle, WA 98101",April
190978,Flatscreen TV,1,300.0,2019-04-24 07:41:00,"683 Maple St, San Francisco, CA 94016",April
191489,Flatscreen TV,1,300.0,2019-04-22 17:19:00,"417 Washington St, Boston, MA 02215",April
192298,Flatscreen TV,1,300.0,2019-04-12 12:30:00,"357 Adams St, Portland, OR 97035",April
184960,Flatscreen TV,1,300.0,2019-04-09 17:58:00,"151 Ridge St, Austin, TX 73301",April
193944,Flatscreen TV,1,300.0,2019-04-24 10:46:00,"261 Lake St, San Francisco, CA 94016",April
179653,Flatscreen TV,1,300.0,2019-04-15 16:53:00,"304 Washington St, Portland, OR 97035",April
186979,Flatscreen TV,1,300.0,2019-04-11 22:16:00,"415 Sunset St, Los Angeles, CA 90001",April
177848,Flatscreen TV,1,300.0,2019-04-06 09:23:00,"563 Dogwood St, Seattle, WA 98101",April
187628,Flatscreen TV,1,300.0,2019-04-24 21:49:00,"728 Highland St, Dallas, TX 75001",April
177101,Flatscreen TV,1,300.0,2019-04-09 21:05:00,"334 Wilson St, New York City, NY 10001",April
177748,Flatscreen TV,1,300.0,2019-04-14 21:32:00,"903 Forest St, Boston, MA 02215",April
190118,Flatscreen TV,1,300.0,2019-04-01 15:33:00,"528 Willow St, Los Angeles, CA 90001",April
190560,Flatscreen TV,1,300.0,2019-04-05 21:46:00,"205 Adams St, San Francisco, CA 94016",April
179479,Flatscreen TV,1,300.0,2019-04-06 11:13:00,"351 14th St, San Francisco, CA 94016",April
191969,Flatscreen TV,1,300.0,2019-04-17 17:43:00,"909 West St, San Francisco, CA 94016",April
193123,Flatscreen TV,1,300.0,2019-04-10 20:12:00,"803 Lincoln St, San Francisco, CA 94016",April
177456,Flatscreen TV,1,300.0,2019-04-24 23:54:00,"729 10th St, Los Angeles, CA 90001",April
182183,Flatscreen TV,1,300.0,2019-04-12 11:02:00,"731 Lincoln St, Boston, MA 02215",April
193713,Flatscreen TV,1,300.0,2019-04-21 18:39:00,"175 Willow St, Atlanta, GA 30301",April
177362,Flatscreen TV,1,300.0,2019-04-13 15:30:00,"602 Sunset St, Portland, OR 97035",April
184901,Flatscreen TV,1,300.0,2019-04-06 09:22:00,"344 Highland St, Los Angeles, CA 90001",April
189474,Flatscreen TV,1,300.0,2019-04-01 10:00:00,"997 River St, San Francisco, CA 94016",April
186619,Flatscreen TV,1,300.0,2019-04-24 20:09:00,"754 Cedar St, Atlanta, GA 30301",April
186461,Flatscreen TV,1,300.0,2019-04-30 07:50:00,"891 Lakeview St, Los Angeles, CA 90001",April
182210,Flatscreen TV,1,300.0,2019-04-17 18:55:00,"688 Walnut St, Austin, TX 73301",April
202666,Flatscreen TV,1,300.0,2019-05-06 21:26:00,"6 Ridge St, Boston, MA 02215",May
203385,Flatscreen TV,1,300.0,2019-05-05 18:02:00,"495 7th St, Los Angeles, CA 90001",May
196870,Flatscreen TV,1,300.0,2019-05-22 15:23:00,"901 8th St, Seattle, WA 98101",May
202775,Flatscreen TV,1,300.0,2019-05-17 18:16:00,"617 Madison St, New York City, NY 10001",May
208254,Flatscreen TV,1,300.0,2019-05-15 13:14:00,"48 Cherry St, San Francisco, CA 94016",May
199356,Flatscreen TV,1,300.0,2019-05-18 09:23:00,"911 10th St, Portland, OR 97035",May
194446,Flatscreen TV,1,300.0,2019-05-02 07:54:00,"383 5th St, Los Angeles, CA 90001",May
197387,Flatscreen TV,1,300.0,2019-05-19 21:02:00,"764 11th St, San Francisco, CA 94016",May
198919,Flatscreen TV,1,300.0,2019-05-18 09:12:00,"84 Hill St, Boston, MA 02215",May
199968,Flatscreen TV,1,300.0,2019-05-21 17:58:00,"564 Lakeview St, Dallas, TX 75001",May
204201,Flatscreen TV,1,300.0,2019-05-16 10:44:00,"406 Ridge St, Boston, MA 02215",May
207635,Flatscreen TV,1,300.0,2019-05-26 13:53:00,"865 13th St, Boston, MA 02215",May
203603,Flatscreen TV,1,300.0,2019-05-20 20:32:00,"550 Jackson St, Los Angeles, CA 90001",May
205682,Flatscreen TV,1,300.0,2019-05-28 20:08:00,"806 5th St, Atlanta, GA 30301",May
207799,Flatscreen TV,1,300.0,2019-05-27 05:33:00,"276 6th St, Los Angeles, CA 90001",May
197090,Flatscreen TV,1,300.0,2019-05-07 10:19:00,"415 River St, Seattle, WA 98101",May
201179,Flatscreen TV,1,300.0,2019-05-09 20:17:00,"430 Lakeview St, San Francisco, CA 94016",May
202548,Flatscreen TV,1,300.0,2019-05-09 12:56:00,"757 Pine St, Atlanta, GA 30301",May
204590,Flatscreen TV,1,300.0,2019-05-16 23:56:00,"264 Maple St, San Francisco, CA 94016",May
205452,Flatscreen TV,1,300.0,2019-05-17 13:41:00,"871 Spruce St, Portland, OR 97035",May
194553,Flatscreen TV,1,300.0,2019-05-31 13:16:00,"150 Dogwood St, Los Angeles, CA 90001",May
203808,Flatscreen TV,1,300.0,2019-05-20 09:42:00,"777 Pine St, Seattle, WA 98101",May
203899,Flatscreen TV,1,300.0,2019-05-18 20:52:00,"973 Cherry St, Atlanta, GA 30301",May
194556,Flatscreen TV,1,300.0,2019-05-15 00:05:00,"711 Hill St, Portland, ME 04101",May
196631,Flatscreen TV,1,300.0,2019-05-29 14:53:00,"449 Spruce St, San Francisco, CA 94016",May
200740,Flatscreen TV,1,300.0,2019-05-03 14:35:00,"505 Dogwood St, Seattle, WA 98101",May
200417,Flatscreen TV,1,300.0,2019-05-10 09:13:00,"176 Adams St, Boston, MA 02215",May
203827,Flatscreen TV,1,300.0,2019-05-22 11:53:00,"252 Church St, Los Angeles, CA 90001",May
208102,Flatscreen TV,1,300.0,2019-05-26 11:06:00,"463 11th St, New York City, NY 10001",May
199266,Flatscreen TV,1,300.0,2019-05-26 08:35:00,"950 Hill St, Boston, MA 02215",May
203218,Flatscreen TV,1,300.0,2019-05-30 06:24:00,"746 Willow St, Los Angeles, CA 90001",May
203852,Flatscreen TV,1,300.0,2019-05-20 17:00:00,"314 Walnut St, Atlanta, GA 30301",May
204150,Flatscreen TV,1,300.0,2019-05-05 11:58:00,"483 4th St, Boston, MA 02215",May
206343,Flatscreen TV,1,300.0,2019-05-14 11:58:00,"464 Meadow St, Los Angeles, CA 90001",May
197672,Flatscreen TV,1,300.0,2019-05-11 16:17:00,"953 Lincoln St, Los Angeles, CA 90001",May
199376,Flatscreen TV,1,300.0,2019-05-05 18:50:00,"841 Lakeview St, Seattle, WA 98101",May
202029,Flatscreen TV,1,300.0,2019-05-29 08:09:00,"229 Hill St, Los Angeles, CA 90001",May
203162,Flatscreen TV,1,300.0,2019-05-20 10:58:00,"493 10th St, Portland, OR 97035",May
204225,Flatscreen TV,1,300.0,2019-05-22 20:03:00,"469 1st St, Atlanta, GA 30301",May
197469,Flatscreen TV,1,300.0,2019-05-05 01:18:00,"524 North St, Atlanta, GA 30301",May
200054,Flatscreen TV,1,300.0,2019-05-02 14:24:00,"426 6th St, Los Angeles, CA 90001",May
198091,Flatscreen TV,1,300.0,2019-05-03 13:44:00,"665 South St, New York City, NY 10001",May
199427,Flatscreen TV,1,300.0,2019-05-17 18:17:00,"47 Adams St, Seattle, WA 98101",May
201934,Flatscreen TV,1,300.0,2019-05-18 08:06:00,"15 Ridge St, Los Angeles, CA 90001",May
196848,Flatscreen TV,1,300.0,2019-05-10 16:07:00,"252 Lincoln St, Los Angeles, CA 90001",May
206373,Flatscreen TV,1,300.0,2019-05-25 18:30:00,"822 Madison St, Atlanta, GA 30301",May
209512,Flatscreen TV,1,300.0,2019-05-08 13:43:00,"793 Hickory St, San Francisco, CA 94016",May
208069,Flatscreen TV,1,300.0,2019-05-15 10:23:00,"756 Hill St, Austin, TX 73301",May
197231,Flatscreen TV,1,300.0,2019-05-26 22:58:00,"648 Jackson St, San Francisco, CA 94016",May
197333,Flatscreen TV,1,300.0,2019-05-18 12:27:00,"592 14th St, Los Angeles, CA 90001",May
207873,Flatscreen TV,1,300.0,2019-05-31 17:58:00,"307 Walnut St, San Francisco, CA 94016",May
209646,Flatscreen TV,1,300.0,2019-05-18 22:23:00,"660 Hickory St, Boston, MA 02215",May
198717,Flatscreen TV,1,300.0,2019-05-27 16:54:00,"621 River St, San Francisco, CA 94016",May
206708,Flatscreen TV,1,300.0,2019-05-27 15:56:00,"906 Cherry St, Portland, ME 04101",May
209839,Flatscreen TV,1,300.0,2019-05-07 21:54:00,"337 12th St, Portland, OR 97035",May
209906,Flatscreen TV,1,300.0,2019-05-26 05:27:00,"533 Maple St, Los Angeles, CA 90001",May
201553,Flatscreen TV,1,300.0,2019-05-26 17:41:00,"330 Spruce St, Los Angeles, CA 90001",May
198425,Flatscreen TV,1,300.0,2019-05-23 10:29:00,"519 Meadow St, San Francisco, CA 94016",May
198334,Flatscreen TV,1,300.0,2019-05-21 14:10:00,"627 10th St, New York City, NY 10001",May
205433,Flatscreen TV,1,300.0,2019-05-13 11:53:00,"352 1st St, Boston, MA 02215",May
206918,Flatscreen TV,1,300.0,2019-05-19 21:46:00,"963 Jefferson St, Los Angeles, CA 90001",May
198271,Flatscreen TV,1,300.0,2019-05-17 19:29:00,"513 North St, Austin, TX 73301",May
201515,Flatscreen TV,1,300.0,2019-05-15 17:44:00,"10 Walnut St, Los Angeles, CA 90001",May
201551,Flatscreen TV,1,300.0,2019-05-08 21:16:00,"399 Lakeview St, New York City, NY 10001",May
204049,Flatscreen TV,1,300.0,2019-05-01 12:50:00,"919 River St, Boston, MA 02215",May
196738,Flatscreen TV,1,300.0,2019-05-30 12:47:00,"988 Forest St, New York City, NY 10001",May
205335,Flatscreen TV,1,300.0,2019-05-19 16:20:00,"174 Madison St, Atlanta, GA 30301",May
202917,Flatscreen TV,1,300.0,2019-05-06 19:42:00,"444 North St, New York City, NY 10001",May
209236,Flatscreen TV,1,300.0,2019-05-11 00:05:00,"442 13th St, Los Angeles, CA 90001",May
197026,Flatscreen TV,1,300.0,2019-05-04 12:59:00,"577 8th St, Dallas, TX 75001",May
197965,Flatscreen TV,1,300.0,2019-05-26 14:39:00,"362 Jackson St, Los Angeles, CA 90001",May
201000,Flatscreen TV,1,300.0,2019-05-02 07:12:00,"409 13th St, San Francisco, CA 94016",May
194739,Flatscreen TV,1,300.0,2019-05-17 13:59:00,"92 Pine St, Los Angeles, CA 90001",May
198300,Flatscreen TV,1,300.0,2019-05-13 13:54:00,"671 Cedar St, San Francisco, CA 94016",May
201075,Flatscreen TV,1,300.0,2019-05-10 16:53:00,"569 4th St, Los Angeles, CA 90001",May
205414,Flatscreen TV,1,300.0,2019-05-09 18:44:00,"657 5th St, San Francisco, CA 94016",May
208595,Flatscreen TV,1,300.0,2019-05-09 17:23:00,"952 Elm St, Boston, MA 02215",May
221333,Flatscreen TV,1,300.0,2019-06-16 10:48:00,"321 8th St, Seattle, WA 98101",June
210537,Flatscreen TV,1,300.0,2019-06-12 19:00:00,"43 Wilson St, Seattle, WA 98101",June
210984,Flatscreen TV,1,300.0,2019-06-17 22:58:00,"474 Chestnut St, Atlanta, GA 30301",June
219044,Flatscreen TV,1,300.0,2019-06-21 21:42:00,"714 River St, Los Angeles, CA 90001",June
221585,Flatscreen TV,1,300.0,2019-06-19 21:55:00,"919 Cedar St, New York City, NY 10001",June
215402,Flatscreen TV,1,300.0,2019-06-25 20:32:00,"114 Johnson St, San Francisco, CA 94016",June
210925,Flatscreen TV,1,300.0,2019-06-09 10:14:00,"584 Highland St, Los Angeles, CA 90001",June
217175,Flatscreen TV,1,300.0,2019-06-30 11:24:00,"847 Highland St, Los Angeles, CA 90001",June
222276,Flatscreen TV,1,300.0,2019-06-26 21:29:00,"567 Lincoln St, New York City, NY 10001",June
211633,Flatscreen TV,1,300.0,2019-06-15 21:22:00,"135 Hickory St, Dallas, TX 75001",June
216844,Flatscreen TV,1,300.0,2019-06-07 16:52:00,"370 1st St, Los Angeles, CA 90001",June
221822,Flatscreen TV,1,300.0,2019-06-15 14:55:00,"853 Madison St, Los Angeles, CA 90001",June
215752,Flatscreen TV,1,300.0,2019-06-25 11:37:00,"525 Hickory St, Los Angeles, CA 90001",June
212263,Flatscreen TV,1,300.0,2019-06-23 18:03:00,"296 11th St, San Francisco, CA 94016",June
212503,Flatscreen TV,1,300.0,2019-06-25 13:23:00,"239 Lakeview St, Boston, MA 02215",June
219075,Flatscreen TV,1,300.0,2019-06-09 10:46:00,"436 Sunset St, San Francisco, CA 94016",June
210061,Flatscreen TV,1,300.0,2019-06-28 23:36:00,"975 Elm St, San Francisco, CA 94016",June
215167,Flatscreen TV,1,300.0,2019-06-14 10:48:00,"804 Chestnut St, Los Angeles, CA 90001",June
215774,Flatscreen TV,1,300.0,2019-06-02 21:49:00,"142 Main St, Dallas, TX 75001",June
216127,Flatscreen TV,1,300.0,2019-06-15 12:22:00,"27 Church St, San Francisco, CA 94016",June
214922,Flatscreen TV,1,300.0,2019-06-05 09:52:00,"516 Adams St, Los Angeles, CA 90001",June
215291,Flatscreen TV,1,300.0,2019-06-24 16:25:00,"237 8th St, San Francisco, CA 94016",June
217673,Flatscreen TV,1,300.0,2019-06-04 22:05:00,"363 2nd St, San Francisco, CA 94016",June
212974,Flatscreen TV,1,300.0,2019-06-03 17:39:00,"49 Center St, San Francisco, CA 94016",June
211963,Flatscreen TV,1,300.0,2019-06-29 19:36:00,"892 Madison St, San Francisco, CA 94016",June
219914,Flatscreen TV,1,300.0,2019-06-15 23:42:00,"471 North St, Dallas, TX 75001",June
220182,Flatscreen TV,1,300.0,2019-06-23 21:02:00,"68 Forest St, Seattle, WA 98101",June
220933,Flatscreen TV,1,300.0,2019-06-19 12:22:00,"835 Lakeview St, Atlanta, GA 30301",June
216352,Flatscreen TV,1,300.0,2019-06-16 17:39:00,"28 Adams St, Seattle, WA 98101",June
216742,Flatscreen TV,1,300.0,2019-06-09 06:43:00,"479 Elm St, New York City, NY 10001",June
216820,Flatscreen TV,1,300.0,2019-06-04 10:38:00,"666 1st St, Austin, TX 73301",June
221033,Flatscreen TV,1,300.0,2019-06-20 13:35:00,"337 10th St, San Francisco, CA 94016",June
212926,Flatscreen TV,1,300.0,2019-06-29 22:20:00,"257 14th St, New York City, NY 10001",June
220232,Flatscreen TV,1,300.0,2019-06-11 19:07:00,"294 Church St, Dallas, TX 75001",June
211558,Flatscreen TV,1,300.0,2019-06-28 13:26:00,"286 11th St, Los Angeles, CA 90001",June
212563,Flatscreen TV,1,300.0,2019-06-22 18:21:00,"55 Pine St, San Francisco, CA 94016",June
213454,Flatscreen TV,1,300.0,2019-06-01 19:54:00,"408 Hill St, Boston, MA 02215",June
221311,Flatscreen TV,1,300.0,2019-06-02 17:59:00,"912 West St, Boston, MA 02215",June
216227,Flatscreen TV,1,300.0,2019-06-10 14:09:00,"19 Wilson St, San Francisco, CA 94016",June
220627,Flatscreen TV,1,300.0,2019-06-11 12:59:00,"825 Walnut St, Los Angeles, CA 90001",June
209932,Flatscreen TV,1,300.0,2019-06-12 14:36:00,"858 8th St, Boston, MA 02215",June
218292,Flatscreen TV,1,300.0,2019-06-16 00:03:00,"309 Forest St, New York City, NY 10001",June
212979,Flatscreen TV,1,300.0,2019-06-01 12:05:00,"35 Cherry St, San Francisco, CA 94016",June
215650,Flatscreen TV,1,300.0,2019-06-12 08:31:00,"944 Jackson St, Portland, OR 97035",June
215403,Flatscreen TV,1,300.0,2019-06-26 20:05:00,"879 Lincoln St, Portland, OR 97035",June
213472,Flatscreen TV,1,300.0,2019-06-07 20:38:00,"38 Main St, San Francisco, CA 94016",June
211306,Flatscreen TV,1,300.0,2019-06-01 11:53:00,"895 Park St, New York City, NY 10001",June
213640,Flatscreen TV,1,300.0,2019-06-20 08:10:00,"808 North St, Atlanta, GA 30301",June
218699,Flatscreen TV,1,300.0,2019-06-27 19:09:00,"39 Ridge St, Atlanta, GA 30301",June
217749,Flatscreen TV,1,300.0,2019-06-26 19:44:00,"366 11th St, New York City, NY 10001",June
218594,Flatscreen TV,1,300.0,2019-06-30 09:49:00,"828 Walnut St, Los Angeles, CA 90001",June
219056,Flatscreen TV,1,300.0,2019-06-16 11:38:00,"80 Lakeview St, San Francisco, CA 94016",June
213131,Flatscreen TV,1,300.0,2019-06-21 12:09:00,"537 Church St, New York City, NY 10001",June
220998,Flatscreen TV,2,300.0,2019-06-03 14:06:00,"953 1st St, Boston, MA 02215",June
221126,Flatscreen TV,1,300.0,2019-06-25 06:17:00,"380 Lake St, Boston, MA 02215",June
224683,Flatscreen TV,1,300.0,2019-07-25 11:55:00,"10 Johnson St, Dallas, TX 75001",July
225199,Flatscreen TV,2,300.0,2019-07-22 21:45:00,"513 9th St, New York City, NY 10001",July
227790,Flatscreen TV,1,300.0,2019-07-03 20:00:00,"957 Adams St, Dallas, TX 75001",July
223517,Flatscreen TV,1,300.0,2019-07-24 15:22:00,"804 Park St, Boston, MA 02215",July
231656,Flatscreen TV,1,300.0,2019-07-25 12:46:00,"665 Adams St, Los Angeles, CA 90001",July
232773,Flatscreen TV,1,300.0,2019-07-13 13:51:00,"606 12th St, Boston, MA 02215",July
224053,Flatscreen TV,1,300.0,2019-07-10 21:58:00,"762 10th St, New York City, NY 10001",July
232761,Flatscreen TV,1,300.0,2019-07-22 07:13:00,"403 Elm St, Los Angeles, CA 90001",July
233984,Flatscreen TV,1,300.0,2019-07-06 18:24:00,"264 Park St, San Francisco, CA 94016",July
234409,Flatscreen TV,1,300.0,2019-07-10 19:47:00,"710 West St, San Francisco, CA 94016",July
235030,Flatscreen TV,1,300.0,2019-07-27 17:04:00,"444 Ridge St, Dallas, TX 75001",July
227425,Flatscreen TV,1,300.0,2019-07-25 10:37:00,"870 Adams St, Boston, MA 02215",July
232622,Flatscreen TV,1,300.0,2019-07-19 13:30:00,"703 Hickory St, Dallas, TX 75001",July
227971,Flatscreen TV,1,300.0,2019-07-19 19:32:00,"831 13th St, Boston, MA 02215",July
229246,Flatscreen TV,1,300.0,2019-07-22 19:09:00,"133 Pine St, Atlanta, GA 30301",July
231273,Flatscreen TV,1,300.0,2019-07-01 13:24:00,"199 North St, Atlanta, GA 30301",July
226238,Flatscreen TV,1,300.0,2019-07-12 09:24:00,"460 Meadow St, Austin, TX 73301",July
228585,Flatscreen TV,1,300.0,2019-07-11 11:08:00,"491 North St, San Francisco, CA 94016",July
229795,Flatscreen TV,1,300.0,2019-07-23 16:56:00,"674 Hill St, San Francisco, CA 94016",July
229909,Flatscreen TV,1,300.0,2019-07-21 16:10:00,"683 4th St, Dallas, TX 75001",July
227046,Flatscreen TV,1,300.0,2019-07-13 12:34:00,"427 Highland St, Boston, MA 02215",July
229576,Flatscreen TV,1,300.0,2019-07-17 08:21:00,"745 Madison St, Boston, MA 02215",July
226976,Flatscreen TV,1,300.0,2019-07-05 15:35:00,"354 Lakeview St, San Francisco, CA 94016",July
229213,Flatscreen TV,1,300.0,2019-07-14 21:47:00,"667 Lake St, Dallas, TX 75001",July
235578,Flatscreen TV,1,300.0,2019-07-06 18:37:00,"991 12th St, Boston, MA 02215",July
223469,Flatscreen TV,1,300.0,2019-07-15 09:34:00,"814 10th St, San Francisco, CA 94016",July
225894,Flatscreen TV,1,300.0,2019-07-24 23:24:00,"674 Wilson St, Seattle, WA 98101",July
235404,Flatscreen TV,1,300.0,2019-07-24 18:54:00,"972 Highland St, Seattle, WA 98101",July
226206,Flatscreen TV,1,300.0,2019-07-10 08:52:00,"56 Center St, San Francisco, CA 94016",July
230333,Flatscreen TV,1,300.0,2019-07-10 21:55:00,"458 Park St, Austin, TX 73301",July
233841,Flatscreen TV,1,300.0,2019-07-08 08:08:00,"92 Hickory St, Los Angeles, CA 90001",July
224134,Flatscreen TV,1,300.0,2019-07-29 21:00:00,"812 Wilson St, Seattle, WA 98101",July
230477,Flatscreen TV,1,300.0,2019-07-18 09:20:00,"876 West St, New York City, NY 10001",July
226844,Flatscreen TV,1,300.0,2019-07-17 19:55:00,"983 13th St, Boston, MA 02215",July
229469,Flatscreen TV,1,300.0,2019-07-07 17:51:00,"161 Washington St, Boston, MA 02215",July
236190,Flatscreen TV,1,300.0,2019-07-08 16:27:00,"182 Pine St, San Francisco, CA 94016",July
234576,Flatscreen TV,1,300.0,2019-07-16 09:38:00,"676 Hickory St, Dallas, TX 75001",July
234855,Flatscreen TV,1,300.0,2019-07-23 12:42:00,"34 11th St, Portland, OR 97035",July
236105,Flatscreen TV,1,300.0,2019-07-20 06:46:00,"132 Hickory St, Dallas, TX 75001",July
228604,Flatscreen TV,1,300.0,2019-07-19 20:20:00,"105 Center St, San Francisco, CA 94016",July
235186,Flatscreen TV,1,300.0,2019-07-05 01:42:00,"740 West St, Los Angeles, CA 90001",July
232035,Flatscreen TV,1,300.0,2019-07-14 09:03:00,"375 Hickory St, Los Angeles, CA 90001",July
223906,Flatscreen TV,1,300.0,2019-07-04 09:14:00,"18 Dogwood St, Dallas, TX 75001",July
225236,Flatscreen TV,1,300.0,2019-07-28 10:12:00,"122 1st St, San Francisco, CA 94016",July
230393,Flatscreen TV,1,300.0,2019-07-18 16:01:00,"607 Forest St, Austin, TX 73301",July
225023,Flatscreen TV,1,300.0,2019-07-26 17:05:00,"116 North St, New York City, NY 10001",July
228638,Flatscreen TV,1,300.0,2019-07-28 08:04:00,"835 Walnut St, Seattle, WA 98101",July
230171,Flatscreen TV,1,300.0,2019-07-02 00:03:00,"270 10th St, Dallas, TX 75001",July
226660,Flatscreen TV,1,300.0,2019-07-28 17:54:00,"189 North St, Portland, OR 97035",July
227338,Flatscreen TV,1,300.0,2019-07-07 12:59:00,"490 Jackson St, San Francisco, CA 94016",July
234392,Flatscreen TV,1,300.0,2019-07-03 21:50:00,"552 Willow St, Austin, TX 73301",July
235384,Flatscreen TV,1,300.0,2019-07-14 19:04:00,"604 9th St, New York City, NY 10001",July
223507,Flatscreen TV,1,300.0,2019-07-19 18:16:00,"275 4th St, San Francisco, CA 94016",July
227739,Flatscreen TV,1,300.0,2019-07-26 14:37:00,"550 Lake St, Boston, MA 02215",July
227010,Flatscreen TV,1,300.0,2019-07-11 14:22:00,"77 Lake St, Seattle, WA 98101",July
231791,Flatscreen TV,1,300.0,2019-07-25 14:51:00,"812 4th St, Seattle, WA 98101",July
232869,Flatscreen TV,1,300.0,2019-07-01 16:20:00,"368 8th St, Dallas, TX 75001",July
224995,Flatscreen TV,1,300.0,2019-07-19 13:38:00,"862 5th St, San Francisco, CA 94016",July
224283,Flatscreen TV,1,300.0,2019-07-10 16:19:00,"128 Lakeview St, Atlanta, GA 30301",July
224891,Flatscreen TV,1,300.0,2019-07-12 19:10:00,"436 5th St, New York City, NY 10001",July
226239,Flatscreen TV,1,300.0,2019-07-28 19:31:00,"110 Madison St, San Francisco, CA 94016",July
223497,Flatscreen TV,1,300.0,2019-07-26 12:40:00,"223 Lakeview St, New York City, NY 10001",July
227448,Flatscreen TV,1,300.0,2019-07-16 14:43:00,"202 Sunset St, Los Angeles, CA 90001",July
224680,Flatscreen TV,1,300.0,2019-07-31 18:36:00,"114 Jackson St, Los Angeles, CA 90001",July
241474,Flatscreen TV,1,300.0,2019-08-24 15:34:00,"76 Main St, Los Angeles, CA 90001",August
243105,Flatscreen TV,1,300.0,2019-08-08 11:00:00,"40 Wilson St, San Francisco, CA 94016",August
243715,Flatscreen TV,1,300.0,2019-08-18 20:22:00,"649 Highland St, Portland, OR 97035",August
245598,Flatscreen TV,1,300.0,2019-08-31 16:45:00,"86 Maple St, Dallas, TX 75001",August
237576,Flatscreen TV,1,300.0,2019-08-03 18:25:00,"299 Ridge St, Boston, MA 02215",August
238384,Flatscreen TV,1,300.0,2019-08-27 11:12:00,"255 Main St, Boston, MA 02215",August
246607,Flatscreen TV,1,300.0,2019-08-01 18:57:00,"159 Meadow St, Boston, MA 02215",August
237846,Flatscreen TV,1,300.0,2019-08-13 15:45:00,"441 Highland St, Portland, OR 97035",August
240206,Flatscreen TV,1,300.0,2019-08-11 10:27:00,"467 4th St, Boston, MA 02215",August
242819,Flatscreen TV,1,300.0,2019-08-19 19:19:00,"269 4th St, San Francisco, CA 94016",August
238866,Flatscreen TV,1,300.0,2019-08-15 14:19:00,"953 West St, Seattle, WA 98101",August
237781,Flatscreen TV,1,300.0,2019-08-17 22:17:00,"26 7th St, Portland, OR 97035",August
246347,Flatscreen TV,1,300.0,2019-08-20 16:35:00,"718 Jefferson St, New York City, NY 10001",August
241872,Flatscreen TV,1,300.0,2019-08-03 22:05:00,"234 Hill St, Dallas, TX 75001",August
245287,Flatscreen TV,1,300.0,2019-08-08 12:30:00,"937 North St, Boston, MA 02215",August
247896,Flatscreen TV,1,300.0,2019-08-22 11:24:00,"601 West St, San Francisco, CA 94016",August
238012,Flatscreen TV,1,300.0,2019-08-20 08:52:00,"324 8th St, Portland, OR 97035",August
244244,Flatscreen TV,1,300.0,2019-08-28 08:33:00,"668 Cedar St, Atlanta, GA 30301",August
238901,Flatscreen TV,1,300.0,2019-08-31 15:54:00,"444 7th St, New York City, NY 10001",August
244166,Flatscreen TV,1,300.0,2019-08-09 17:06:00,"5 Highland St, San Francisco, CA 94016",August
237019,Flatscreen TV,1,300.0,2019-08-01 12:41:00,"636 Park St, San Francisco, CA 94016",August
243665,Flatscreen TV,1,300.0,2019-08-11 22:12:00,"477 Lakeview St, Portland, OR 97035",August
243838,Flatscreen TV,1,300.0,2019-08-31 20:23:00,"88 North St, Seattle, WA 98101",August
239144,Flatscreen TV,1,300.0,2019-08-17 07:37:00,"324 4th St, New York City, NY 10001",August
239873,Flatscreen TV,1,300.0,2019-08-13 15:01:00,"391 Wilson St, Austin, TX 73301",August
239043,Flatscreen TV,1,300.0,2019-08-14 14:56:00,"898 Walnut St, Los Angeles, CA 90001",August
246046,Flatscreen TV,1,300.0,2019-08-11 09:50:00,"962 12th St, San Francisco, CA 94016",August
240445,Flatscreen TV,1,300.0,2019-08-25 22:41:00,"312 Jefferson St, Los Angeles, CA 90001",August
246258,Flatscreen TV,1,300.0,2019-08-26 17:08:00,"182 Jackson St, Seattle, WA 98101",August
241776,Flatscreen TV,1,300.0,2019-08-05 16:43:00,"294 Center St, Los Angeles, CA 90001",August
241024,Flatscreen TV,1,300.0,2019-08-19 23:09:00,"898 2nd St, Portland, OR 97035",August
241728,Flatscreen TV,1,300.0,2019-08-30 14:53:00,"953 South St, Boston, MA 02215",August
245472,Flatscreen TV,1,300.0,2019-08-09 11:26:00,"164 13th St, Seattle, WA 98101",August
241061,Flatscreen TV,1,300.0,2019-08-22 07:57:00,"994 Highland St, Los Angeles, CA 90001",August
239261,Flatscreen TV,1,300.0,2019-08-10 13:37:00,"299 Maple St, Atlanta, GA 30301",August
241436,Flatscreen TV,1,300.0,2019-08-13 18:13:00,"18 Pine St, Boston, MA 02215",August
237733,Flatscreen TV,1,300.0,2019-08-03 20:08:00,"986 Wilson St, New York City, NY 10001",August
242508,Flatscreen TV,1,300.0,2019-08-21 16:01:00,"811 Main St, New York City, NY 10001",August
246290,Flatscreen TV,1,300.0,2019-08-26 18:08:00,"713 Lincoln St, San Francisco, CA 94016",August
246064,Flatscreen TV,1,300.0,2019-08-29 11:41:00,"892 Pine St, San Francisco, CA 94016",August
237400,Flatscreen TV,1,300.0,2019-08-31 15:07:00,"588 Jefferson St, New York City, NY 10001",August
244401,Flatscreen TV,1,300.0,2019-08-01 10:46:00,"472 Church St, San Francisco, CA 94016",August
245752,Flatscreen TV,1,300.0,2019-08-18 12:10:00,"868 Cedar St, Dallas, TX 75001",August
238562,Flatscreen TV,1,300.0,2019-08-14 08:05:00,"593 Maple St, New York City, NY 10001",August
241099,Flatscreen TV,1,300.0,2019-08-02 20:28:00,"38 West St, Atlanta, GA 30301",August
241121,Flatscreen TV,1,300.0,2019-08-06 01:38:00,"64 Jefferson St, San Francisco, CA 94016",August
244588,Flatscreen TV,1,300.0,2019-08-06 05:11:00,"395 Cedar St, Los Angeles, CA 90001",August
246992,Flatscreen TV,1,300.0,2019-08-16 20:25:00,"377 Lincoln St, Austin, TX 73301",August
246025,Flatscreen TV,1,300.0,2019-08-02 14:08:00,"886 Center St, Boston, MA 02215",August
246177,Flatscreen TV,1,300.0,2019-08-26 20:30:00,"949 9th St, New York City, NY 10001",August
247566,Flatscreen TV,1,300.0,2019-08-18 14:14:00,"340 North St, Atlanta, GA 30301",August
246090,Flatscreen TV,1,300.0,2019-08-02 08:30:00,"284 Forest St, Los Angeles, CA 90001",August
246778,Flatscreen TV,1,300.0,2019-08-18 23:29:00,"987 14th St, San Francisco, CA 94016",August
250266,Flatscreen TV,1,300.0,2019-09-21 17:13:00,"965 Wilson St, Boston, MA 02215",September
249908,Flatscreen TV,1,300.0,2019-09-27 08:34:00,"667 Spruce St, Atlanta, GA 30301",September
248231,Flatscreen TV,1,300.0,2019-09-20 11:14:00,"753 2nd St, Los Angeles, CA 90001",September
248669,Flatscreen TV,1,300.0,2019-09-18 14:46:00,"410 Madison St, Seattle, WA 98101",September
252846,Flatscreen TV,1,300.0,2019-09-20 14:10:00,"761 Chestnut St, San Francisco, CA 94016",September
253772,Flatscreen TV,1,300.0,2019-09-11 06:18:00,"772 Center St, San Francisco, CA 94016",September
257116,Flatscreen TV,1,300.0,2019-09-04 17:03:00,"257 Cherry St, Los Angeles, CA 90001",September
259230,Flatscreen TV,1,300.0,2019-09-21 19:36:00,"344 6th St, Seattle, WA 98101",September
248506,Flatscreen TV,1,300.0,2019-09-16 19:57:00,"538 Hickory St, San Francisco, CA 94016",September
256578,Flatscreen TV,1,300.0,2019-09-11 10:45:00,"876 13th St, Boston, MA 02215",September
248333,Flatscreen TV,1,300.0,2019-09-05 16:47:00,"622 Lakeview St, Los Angeles, CA 90001",September
254435,Flatscreen TV,1,300.0,2019-09-01 18:08:00,"368 Highland St, San Francisco, CA 94016",September
254380,Flatscreen TV,1,300.0,2019-09-01 21:55:00,"40 Ridge St, San Francisco, CA 94016",September
256839,Flatscreen TV,1,300.0,2019-09-18 00:37:00,"636 Johnson St, Boston, MA 02215",September
258616,Flatscreen TV,1,300.0,2019-09-28 21:35:00,"459 11th St, San Francisco, CA 94016",September
256991,Flatscreen TV,1,300.0,2019-09-10 10:39:00,"19 South St, Boston, MA 02215",September
249271,Flatscreen TV,1,300.0,2019-09-01 22:17:00,"759 11th St, San Francisco, CA 94016",September
249324,Flatscreen TV,1,300.0,2019-09-25 20:42:00,"795 Jackson St, New York City, NY 10001",September
251939,Flatscreen TV,1,300.0,2019-09-19 08:33:00,"735 Maple St, San Francisco, CA 94016",September
252055,Flatscreen TV,1,300.0,2019-09-18 21:53:00,"931 1st St, Dallas, TX 75001",September
255308,Flatscreen TV,1,300.0,2019-09-14 22:36:00,"935 Hill St, New York City, NY 10001",September
256236,Flatscreen TV,1,300.0,2019-09-21 19:13:00,"342 Sunset St, Los Angeles, CA 90001",September
256402,Flatscreen TV,1,300.0,2019-09-21 06:08:00,"888 Wilson St, Seattle, WA 98101",September
252755,Flatscreen TV,1,300.0,2019-09-22 13:38:00,"103 Jackson St, Atlanta, GA 30301",September
252948,Flatscreen TV,1,300.0,2019-09-27 07:02:00,"108 Spruce St, San Francisco, CA 94016",September
253904,Flatscreen TV,1,300.0,2019-09-30 09:32:00,"532 Lake St, San Francisco, CA 94016",September
254070,Flatscreen TV,1,300.0,2019-09-14 18:29:00,"793 Cedar St, Portland, OR 97035",September
255852,Flatscreen TV,1,300.0,2019-09-21 10:41:00,"496 Walnut St, Los Angeles, CA 90001",September
255552,Flatscreen TV,1,300.0,2019-09-29 23:14:00,"547 Wilson St, Los Angeles, CA 90001",September
256633,Flatscreen TV,1,300.0,2019-09-09 09:44:00,"473 14th St, Boston, MA 02215",September
248420,Flatscreen TV,1,300.0,2019-09-10 17:09:00,"157 Ridge St, Portland, OR 97035",September
249749,Flatscreen TV,1,300.0,2019-09-22 11:35:00,"451 Walnut St, Seattle, WA 98101",September
254381,Flatscreen TV,1,300.0,2019-09-17 12:38:00,"209 10th St, Boston, MA 02215",September
258125,Flatscreen TV,1,300.0,2019-09-07 12:00:00,"681 Pine St, Los Angeles, CA 90001",September
250551,Flatscreen TV,1,300.0,2019-09-29 00:29:00,"268 Meadow St, Austin, TX 73301",September
258768,Flatscreen TV,1,300.0,2019-09-19 21:26:00,"842 5th St, San Francisco, CA 94016",September
251984,Flatscreen TV,1,300.0,2019-09-02 12:07:00,"239 Ridge St, San Francisco, CA 94016",September
253122,Flatscreen TV,1,300.0,2019-09-14 20:11:00,"804 Main St, San Francisco, CA 94016",September
251333,Flatscreen TV,1,300.0,2019-09-15 05:50:00,"626 Forest St, Seattle, WA 98101",September
252422,Flatscreen TV,1,300.0,2019-09-19 13:31:00,"163 Jefferson St, San Francisco, CA 94016",September
255226,Flatscreen TV,1,300.0,2019-09-11 13:22:00,"846 Spruce St, Austin, TX 73301",September
248609,Flatscreen TV,1,300.0,2019-09-01 16:19:00,"454 River St, San Francisco, CA 94016",September
254206,Flatscreen TV,1,300.0,2019-09-28 18:49:00,"928 14th St, Seattle, WA 98101",September
250769,Flatscreen TV,1,300.0,2019-09-19 15:20:00,"773 7th St, San Francisco, CA 94016",September
255443,Flatscreen TV,1,300.0,2019-09-07 09:16:00,"937 Chestnut St, Seattle, WA 98101",September
248843,Flatscreen TV,1,300.0,2019-09-06 14:06:00,"900 South St, Boston, MA 02215",September
255488,Flatscreen TV,1,300.0,2019-09-03 14:32:00,"495 12th St, Los Angeles, CA 90001",September
257148,Flatscreen TV,1,300.0,2019-09-17 18:49:00,"807 South St, Los Angeles, CA 90001",September
275631,Flatscreen TV,1,300.0,2019-10-01 18:32:00,"427 6th St, Dallas, TX 75001",October
267861,Flatscreen TV,1,300.0,2019-10-09 00:29:00,"552 Ridge St, Seattle, WA 98101",October
270749,Flatscreen TV,1,300.0,2019-10-21 17:58:00,"834 1st St, Dallas, TX 75001",October
265087,Flatscreen TV,1,300.0,2019-10-20 21:58:00,"725 Meadow St, Austin, TX 73301",October
266210,Flatscreen TV,1,300.0,2019-10-22 10:48:00,"739 12th St, San Francisco, CA 94016",October
261022,Flatscreen TV,1,300.0,2019-10-25 10:58:00,"314 Walnut St, San Francisco, CA 94016",October
271991,Flatscreen TV,1,300.0,2019-10-26 12:57:00,"860 Lincoln St, Atlanta, GA 30301",October
265098,Flatscreen TV,1,300.0,2019-10-15 21:06:00,"572 Maple St, Atlanta, GA 30301",October
270229,Flatscreen TV,1,300.0,2019-10-07 14:41:00,"7 Hill St, Los Angeles, CA 90001",October
264891,Flatscreen TV,1,300.0,2019-10-26 15:59:00,"887 Meadow St, Dallas, TX 75001",October
265196,Flatscreen TV,1,300.0,2019-10-06 00:10:00,"70 1st St, Boston, MA 02215",October
268206,Flatscreen TV,1,300.0,2019-10-29 12:38:00,"983 Walnut St, Atlanta, GA 30301",October
260744,Flatscreen TV,1,300.0,2019-10-07 17:27:00,"261 Spruce St, Atlanta, GA 30301",October
276321,Flatscreen TV,1,300.0,2019-10-18 08:26:00,"209 Forest St, San Francisco, CA 94016",October
277809,Flatscreen TV,1,300.0,2019-10-15 21:17:00,"570 4th St, San Francisco, CA 94016",October
267648,Flatscreen TV,1,300.0,2019-10-05 15:18:00,"496 6th St, San Francisco, CA 94016",October
273134,Flatscreen TV,1,300.0,2019-10-07 13:26:00,"933 Jackson St, San Francisco, CA 94016",October
270449,Flatscreen TV,1,300.0,2019-10-27 14:42:00,"521 Highland St, San Francisco, CA 94016",October
276571,Flatscreen TV,1,300.0,2019-10-02 18:15:00,"999 Spruce St, Dallas, TX 75001",October
266671,Flatscreen TV,1,300.0,2019-10-02 09:13:00,"375 5th St, Boston, MA 02215",October
276188,Flatscreen TV,1,300.0,2019-10-07 11:44:00,"188 North St, Boston, MA 02215",October
261203,Flatscreen TV,1,300.0,2019-10-20 12:17:00,"42 Spruce St, Boston, MA 02215",October
261246,Flatscreen TV,1,300.0,2019-10-04 16:52:00,"788 4th St, Boston, MA 02215",October
265156,Flatscreen TV,1,300.0,2019-10-26 21:50:00,"463 Lakeview St, Atlanta, GA 30301",October
268605,Flatscreen TV,1,300.0,2019-10-26 15:10:00,"657 Forest St, Portland, OR 97035",October
275261,Flatscreen TV,1,300.0,2019-10-15 22:14:00,"303 Cherry St, Boston, MA 02215",October
271373,Flatscreen TV,1,300.0,2019-10-11 10:09:00,"144 7th St, Dallas, TX 75001",October
274573,Flatscreen TV,1,300.0,2019-10-27 11:57:00,"731 Elm St, Atlanta, GA 30301",October
275429,Flatscreen TV,1,300.0,2019-10-30 20:29:00,"703 5th St, Portland, OR 97035",October
275832,Flatscreen TV,1,300.0,2019-10-17 12:46:00,"127 2nd St, Austin, TX 73301",October
265961,Flatscreen TV,1,300.0,2019-10-02 23:04:00,"331 Main St, Boston, MA 02215",October
268004,Flatscreen TV,1,300.0,2019-10-28 13:04:00,"643 5th St, Los Angeles, CA 90001",October
269878,Flatscreen TV,1,300.0,2019-10-16 18:15:00,"803 Main St, San Francisco, CA 94016",October
274021,Flatscreen TV,1,300.0,2019-10-22 18:51:00,"338 Hill St, Boston, MA 02215",October
274219,Flatscreen TV,1,300.0,2019-10-12 20:05:00,"493 14th St, Boston, MA 02215",October
264217,Flatscreen TV,1,300.0,2019-10-10 06:22:00,"1 Meadow St, Boston, MA 02215",October
265920,Flatscreen TV,1,300.0,2019-10-18 21:21:00,"663 Willow St, New York City, NY 10001",October
266801,Flatscreen TV,1,300.0,2019-10-17 10:16:00,"374 13th St, New York City, NY 10001",October
268656,Flatscreen TV,1,300.0,2019-10-14 18:24:00,"373 Walnut St, Los Angeles, CA 90001",October
270610,Flatscreen TV,1,300.0,2019-10-05 13:14:00,"276 5th St, San Francisco, CA 94016",October
270914,Flatscreen TV,1,300.0,2019-10-06 16:02:00,"980 Cedar St, New York City, NY 10001",October
261676,Flatscreen TV,1,300.0,2019-10-25 19:02:00,"990 Forest St, Dallas, TX 75001",October
264070,Flatscreen TV,1,300.0,2019-10-08 08:04:00,"213 South St, Boston, MA 02215",October
276805,Flatscreen TV,1,300.0,2019-10-13 10:47:00,"363 5th St, San Francisco, CA 94016",October
272702,Flatscreen TV,1,300.0,2019-10-17 20:28:00,"677 Forest St, San Francisco, CA 94016",October
262257,Flatscreen TV,1,300.0,2019-10-07 16:22:00,"896 Park St, San Francisco, CA 94016",October
269270,Flatscreen TV,1,300.0,2019-10-20 01:40:00,"135 7th St, Los Angeles, CA 90001",October
277909,Flatscreen TV,1,300.0,2019-10-21 19:40:00,"983 Spruce St, San Francisco, CA 94016",October
264934,Flatscreen TV,1,300.0,2019-10-07 19:50:00,"541 Highland St, Austin, TX 73301",October
271048,Flatscreen TV,1,300.0,2019-10-17 19:50:00,"120 Cedar St, Boston, MA 02215",October
273228,Flatscreen TV,1,300.0,2019-10-09 11:10:00,"501 Wilson St, Austin, TX 73301",October
263290,Flatscreen TV,1,300.0,2019-10-16 09:14:00,"720 Center St, Atlanta, GA 30301",October
264268,Flatscreen TV,1,300.0,2019-10-26 08:26:00,"707 Adams St, Los Angeles, CA 90001",October
265493,Flatscreen TV,1,300.0,2019-10-21 10:32:00,"470 Maple St, New York City, NY 10001",October
273571,Flatscreen TV,1,300.0,2019-10-22 18:28:00,"85 Spruce St, San Francisco, CA 94016",October
277225,Flatscreen TV,1,300.0,2019-10-07 20:13:00,"575 8th St, Boston, MA 02215",October
261362,Flatscreen TV,1,300.0,2019-10-20 17:45:00,"867 Adams St, Los Angeles, CA 90001",October
272561,Flatscreen TV,1,300.0,2019-10-07 11:37:00,"930 Lake St, Portland, OR 97035",October
276225,Flatscreen TV,1,300.0,2019-10-21 20:05:00,"803 8th St, Portland, OR 97035",October
269055,Flatscreen TV,1,300.0,2019-10-01 18:49:00,"890 Adams St, Atlanta, GA 30301",October
276382,Flatscreen TV,1,300.0,2019-10-02 18:30:00,"401 Jackson St, New York City, NY 10001",October
270510,Flatscreen TV,1,300.0,2019-10-09 13:20:00,"911 Park St, Boston, MA 02215",October
271116,Flatscreen TV,1,300.0,2019-10-21 20:59:00,"988 6th St, Boston, MA 02215",October
275977,Flatscreen TV,1,300.0,2019-10-05 18:02:00,"716 Jackson St, Austin, TX 73301",October
268984,Flatscreen TV,1,300.0,2019-10-06 14:17:00,"36 Maple St, Los Angeles, CA 90001",October
273072,Flatscreen TV,1,300.0,2019-10-29 19:34:00,"726 Ridge St, San Francisco, CA 94016",October
277948,Flatscreen TV,1,300.0,2019-10-21 11:25:00,"305 Jackson St, Seattle, WA 98101",October
267014,Flatscreen TV,1,300.0,2019-10-03 08:18:00,"799 9th St, Seattle, WA 98101",October
267977,Flatscreen TV,1,300.0,2019-10-24 10:29:00,"274 Maple St, Atlanta, GA 30301",October
260058,Flatscreen TV,1,300.0,2019-10-30 18:16:00,"268 Lakeview St, Seattle, WA 98101",October
260883,Flatscreen TV,1,300.0,2019-10-16 13:27:00,"290 Hill St, Seattle, WA 98101",October
267794,Flatscreen TV,1,300.0,2019-10-30 14:07:00,"870 8th St, Dallas, TX 75001",October
268126,Flatscreen TV,1,300.0,2019-10-28 19:11:00,"61 Main St, Los Angeles, CA 90001",October
268414,Flatscreen TV,1,300.0,2019-10-31 12:42:00,"669 Washington St, Los Angeles, CA 90001",October
271591,Flatscreen TV,1,300.0,2019-10-13 17:10:00,"185 7th St, Los Angeles, CA 90001",October
276476,Flatscreen TV,1,300.0,2019-10-16 00:16:00,"930 Main St, New York City, NY 10001",October
270763,Flatscreen TV,1,300.0,2019-10-30 12:17:00,"659 Madison St, San Francisco, CA 94016",October
270870,Flatscreen TV,1,300.0,2019-10-09 17:35:00,"24 Hill St, New York City, NY 10001",October
283965,Flatscreen TV,1,300.0,2019-11-20 15:27:00,"21 2nd St, San Francisco, CA 94016",November
293616,Flatscreen TV,1,300.0,2019-11-14 13:50:00,"587 Pine St, New York City, NY 10001",November
295044,Flatscreen TV,1,300.0,2019-11-11 03:35:00,"176 Sunset St, Boston, MA 02215",November
280404,Flatscreen TV,1,300.0,2019-11-10 20:44:00,"732 9th St, San Francisco, CA 94016",November
279291,Flatscreen TV,1,300.0,2019-11-03 12:47:00,"206 Jefferson St, San Francisco, CA 94016",November
295073,Flatscreen TV,1,300.0,2019-11-02 19:05:00,"701 Highland St, Austin, TX 73301",November
282008,Flatscreen TV,1,300.0,2019-11-01 21:59:00,"412 10th St, San Francisco, CA 94016",November
283120,Flatscreen TV,1,300.0,2019-11-20 20:34:00,"214 Dogwood St, Dallas, TX 75001",November
286372,Flatscreen TV,1,300.0,2019-11-01 23:45:00,"775 Jackson St, Seattle, WA 98101",November
281783,Flatscreen TV,1,300.0,2019-11-05 01:31:00,"514 Walnut St, Los Angeles, CA 90001",November
284165,Flatscreen TV,1,300.0,2019-11-30 01:06:00,"837 9th St, Boston, MA 02215",November
294164,Flatscreen TV,1,300.0,2019-11-03 10:17:00,"969 Park St, Portland, OR 97035",November
295585,Flatscreen TV,1,300.0,2019-11-03 06:03:00,"380 Willow St, Los Angeles, CA 90001",November
282984,Flatscreen TV,1,300.0,2019-11-23 16:58:00,"905 Willow St, Boston, MA 02215",November
289751,Flatscreen TV,1,300.0,2019-11-21 21:39:00,"924 Madison St, Boston, MA 02215",November
291529,Flatscreen TV,1,300.0,2019-11-27 14:36:00,"249 Washington St, Los Angeles, CA 90001",November
279944,Flatscreen TV,1,300.0,2019-11-09 05:38:00,"305 Church St, New York City, NY 10001",November
285598,Flatscreen TV,1,300.0,2019-11-21 11:45:00,"356 Meadow St, Los Angeles, CA 90001",November
292541,Flatscreen TV,1,300.0,2019-11-20 19:47:00,"3 West St, San Francisco, CA 94016",November
280389,Flatscreen TV,1,300.0,2019-11-05 17:33:00,"819 5th St, Los Angeles, CA 90001",November
281769,Flatscreen TV,1,300.0,2019-11-05 22:37:00,"966 Willow St, Atlanta, GA 30301",November
282395,Flatscreen TV,1,300.0,2019-11-14 20:34:00,"442 4th St, Los Angeles, CA 90001",November
284959,Flatscreen TV,1,300.0,2019-11-10 20:54:00,"57 14th St, Boston, MA 02215",November
287515,Flatscreen TV,1,300.0,2019-11-06 16:24:00,"946 Lake St, Atlanta, GA 30301",November
289726,Flatscreen TV,1,300.0,2019-11-16 23:38:00,"394 Elm St, San Francisco, CA 94016",November
283714,Flatscreen TV,1,300.0,2019-11-23 17:58:00,"574 6th St, Boston, MA 02215",November
290692,Flatscreen TV,1,300.0,2019-11-03 18:38:00,"251 Walnut St, San Francisco, CA 94016",November
287470,Flatscreen TV,1,300.0,2019-11-11 12:36:00,"235 9th St, New York City, NY 10001",November
294652,Flatscreen TV,1,300.0,2019-11-07 11:42:00,"389 Meadow St, Los Angeles, CA 90001",November
295494,Flatscreen TV,1,300.0,2019-11-12 19:11:00,"944 7th St, Atlanta, GA 30301",November
285541,Flatscreen TV,1,300.0,2019-11-21 16:21:00,"678 Adams St, Portland, ME 04101",November
289267,Flatscreen TV,1,300.0,2019-11-02 08:54:00,"499 12th St, Portland, ME 04101",November
294896,Flatscreen TV,1,300.0,2019-11-12 09:13:00,"337 Pine St, New York City, NY 10001",November
284885,Flatscreen TV,1,300.0,2019-11-16 22:32:00,"891 Walnut St, Seattle, WA 98101",November
289492,Flatscreen TV,2,300.0,2019-11-22 14:41:00,"750 Sunset St, San Francisco, CA 94016",November
279441,Flatscreen TV,1,300.0,2019-11-16 12:43:00,"603 11th St, San Francisco, CA 94016",November
280141,Flatscreen TV,1,300.0,2019-11-28 09:48:00,"647 Cedar St, New York City, NY 10001",November
280778,Flatscreen TV,1,300.0,2019-11-16 05:28:00,"966 4th St, Boston, MA 02215",November
283921,Flatscreen TV,1,300.0,2019-11-27 18:10:00,"761 1st St, New York City, NY 10001",November
290166,Flatscreen TV,1,300.0,2019-11-27 13:43:00,"401 Main St, New York City, NY 10001",November
292627,Flatscreen TV,1,300.0,2019-11-29 13:31:00,"50 1st St, Portland, OR 97035",November
279419,Flatscreen TV,1,300.0,2019-11-21 12:57:00,"71 9th St, Los Angeles, CA 90001",November
286262,Flatscreen TV,1,300.0,2019-11-25 01:10:00,"839 North St, Dallas, TX 75001",November
290072,Flatscreen TV,1,300.0,2019-11-21 12:23:00,"180 Church St, New York City, NY 10001",November
291471,Flatscreen TV,1,300.0,2019-11-28 12:37:00,"902 Washington St, Dallas, TX 75001",November
294663,Flatscreen TV,1,300.0,2019-11-12 09:54:00,"342 Forest St, Boston, MA 02215",November
285697,Flatscreen TV,1,300.0,2019-11-03 18:23:00,"680 6th St, Dallas, TX 75001",November
283594,Flatscreen TV,1,300.0,2019-11-10 18:52:00,"219 Cherry St, New York City, NY 10001",November
283991,Flatscreen TV,1,300.0,2019-11-04 18:09:00,"310 Lakeview St, Los Angeles, CA 90001",November
284747,Flatscreen TV,1,300.0,2019-11-23 21:54:00,"319 Cedar St, Atlanta, GA 30301",November
287947,Flatscreen TV,1,300.0,2019-11-10 22:03:00,"438 Cherry St, Atlanta, GA 30301",November
290322,Flatscreen TV,1,300.0,2019-11-01 13:50:00,"639 7th St, Portland, OR 97035",November
290449,Flatscreen TV,1,300.0,2019-11-05 15:38:00,"25 Hill St, San Francisco, CA 94016",November
284029,Flatscreen TV,1,300.0,2019-11-09 20:34:00,"498 Willow St, Atlanta, GA 30301",November
288419,Flatscreen TV,1,300.0,2019-11-14 00:08:00,"397 North St, Seattle, WA 98101",November
293447,Flatscreen TV,1,300.0,2019-11-27 00:45:00,"87 Jefferson St, San Francisco, CA 94016",November
279249,Flatscreen TV,1,300.0,2019-11-23 21:09:00,"531 8th St, Austin, TX 73301",November
292371,Flatscreen TV,1,300.0,2019-11-02 00:27:00,"860 Spruce St, Atlanta, GA 30301",November
283217,Flatscreen TV,1,300.0,2019-11-17 17:53:00,"726 Maple St, San Francisco, CA 94016",November
283311,Flatscreen TV,1,300.0,2019-11-10 19:09:00,"672 Maple St, San Francisco, CA 94016",November
284238,Flatscreen TV,1,300.0,2019-11-06 09:59:00,"193 Church St, Seattle, WA 98101",November
284572,Flatscreen TV,1,300.0,2019-11-30 13:23:00,"364 Wilson St, Los Angeles, CA 90001",November
285859,Flatscreen TV,1,300.0,2019-11-24 13:58:00,"395 Willow St, New York City, NY 10001",November
288015,Flatscreen TV,1,300.0,2019-11-29 17:05:00,"121 Elm St, San Francisco, CA 94016",November
289917,Flatscreen TV,1,300.0,2019-11-09 06:37:00,"430 Chestnut St, San Francisco, CA 94016",November
292866,Flatscreen TV,1,300.0,2019-11-02 17:30:00,"881 14th St, San Francisco, CA 94016",November
286128,Flatscreen TV,1,300.0,2019-11-04 11:49:00,"62 Jackson St, Los Angeles, CA 90001",November
287050,Flatscreen TV,1,300.0,2019-12-01 00:49:00,"342 Lake St, New York City, NY 10001",December
288241,Flatscreen TV,1,300.0,2019-11-01 14:43:00,"901 9th St, San Francisco, CA 94016",November
281225,Flatscreen TV,1,300.0,2019-11-03 11:05:00,"919 Dogwood St, San Francisco, CA 94016",November
283198,Flatscreen TV,1,300.0,2019-11-27 12:26:00,"700 Dogwood St, San Francisco, CA 94016",November
283622,Flatscreen TV,1,300.0,2019-11-26 02:57:00,"910 11th St, San Francisco, CA 94016",November
278848,Flatscreen TV,1,300.0,2019-11-23 16:40:00,"140 West St, Austin, TX 73301",November
292142,Flatscreen TV,1,300.0,2019-11-13 06:21:00,"118 Hill St, San Francisco, CA 94016",November
282871,Flatscreen TV,1,300.0,2019-11-22 23:11:00,"316 14th St, Los Angeles, CA 90001",November
283739,Flatscreen TV,1,300.0,2019-11-06 12:13:00,"644 Madison St, Dallas, TX 75001",November
286535,Flatscreen TV,1,300.0,2019-11-10 06:33:00,"413 Washington St, Los Angeles, CA 90001",November
286733,Flatscreen TV,1,300.0,2019-11-09 04:42:00,"669 7th St, New York City, NY 10001",November
287579,Flatscreen TV,1,300.0,2019-11-02 18:53:00,"22 Walnut St, Seattle, WA 98101",November
291863,Flatscreen TV,1,300.0,2019-11-28 12:45:00,"922 Lincoln St, New York City, NY 10001",November
284257,Flatscreen TV,1,300.0,2019-11-26 14:34:00,"714 Pine St, Los Angeles, CA 90001",November
279132,Flatscreen TV,1,300.0,2019-11-08 09:05:00,"483 North St, Boston, MA 02215",November
294794,Flatscreen TV,1,300.0,2019-11-05 14:25:00,"973 Cherry St, New York City, NY 10001",November
279154,Flatscreen TV,1,300.0,2019-11-27 21:17:00,"129 Meadow St, Los Angeles, CA 90001",November
291532,Flatscreen TV,1,300.0,2019-11-09 08:38:00,"911 Elm St, Portland, OR 97035",November
294873,Flatscreen TV,1,300.0,2019-11-06 16:21:00,"824 Church St, San Francisco, CA 94016",November
283305,Flatscreen TV,1,300.0,2019-11-02 17:54:00,"369 Lake St, Los Angeles, CA 90001",November
285858,Flatscreen TV,1,300.0,2019-11-29 18:27:00,"238 Park St, Los Angeles, CA 90001",November
278891,Flatscreen TV,1,300.0,2019-11-04 12:19:00,"116 5th St, San Francisco, CA 94016",November
284161,Flatscreen TV,1,300.0,2019-11-10 11:40:00,"130 5th St, Atlanta, GA 30301",November
284781,Flatscreen TV,1,300.0,2019-11-17 11:26:00,"621 11th St, Portland, OR 97035",November
286687,Flatscreen TV,1,300.0,2019-11-14 11:29:00,"307 11th St, San Francisco, CA 94016",November
287003,Flatscreen TV,1,300.0,2019-11-20 14:09:00,"498 13th St, New York City, NY 10001",November
287277,Flatscreen TV,1,300.0,2019-11-21 22:39:00,"410 Cedar St, Los Angeles, CA 90001",November
287616,Flatscreen TV,1,300.0,2019-11-05 19:48:00,"893 5th St, San Francisco, CA 94016",November
287738,Flatscreen TV,1,300.0,2019-11-02 16:07:00,"656 Main St, San Francisco, CA 94016",November
313645,Flatscreen TV,1,300.0,2019-12-16 20:44:00,"844 Jackson St, San Francisco, CA 94016",December
297761,Flatscreen TV,1,300.0,2019-12-04 12:50:00,"894 Johnson St, San Francisco, CA 94016",December
304063,Flatscreen TV,1,300.0,2019-12-14 13:01:00,"939 Highland St, Dallas, TX 75001",December
313753,Flatscreen TV,1,300.0,2019-12-14 00:44:00,"278 Adams St, Seattle, WA 98101",December
319088,Flatscreen TV,1,300.0,2019-12-20 11:09:00,"289 Walnut St, Dallas, TX 75001",December
296413,Flatscreen TV,1,300.0,2019-12-12 10:49:00,"389 Washington St, Atlanta, GA 30301",December
298543,Flatscreen TV,1,300.0,2019-12-16 11:05:00,"787 4th St, Los Angeles, CA 90001",December
311867,Flatscreen TV,1,300.0,2019-12-05 17:05:00,"626 Adams St, San Francisco, CA 94016",December
297907,Flatscreen TV,1,300.0,2019-12-23 10:07:00,"440 1st St, Dallas, TX 75001",December
306572,Flatscreen TV,1,300.0,2019-12-12 12:21:00,"854 Jefferson St, New York City, NY 10001",December
307793,Flatscreen TV,1,300.0,2019-12-25 09:50:00,"656 11th St, Portland, OR 97035",December
309319,Flatscreen TV,1,300.0,2019-12-18 15:00:00,"202 11th St, New York City, NY 10001",December
309477,Flatscreen TV,1,300.0,2019-12-13 07:34:00,"46 Washington St, Portland, OR 97035",December
313126,Flatscreen TV,1,300.0,2019-12-12 09:17:00,"890 Willow St, San Francisco, CA 94016",December
318605,Flatscreen TV,1,300.0,2019-12-25 12:11:00,"943 Maple St, Atlanta, GA 30301",December
303788,Flatscreen TV,1,300.0,2019-12-02 23:44:00,"41 Jefferson St, San Francisco, CA 94016",December
310095,Flatscreen TV,1,300.0,2019-12-18 16:43:00,"941 Forest St, Seattle, WA 98101",December
311534,Flatscreen TV,1,300.0,2019-12-20 02:47:00,"379 Jefferson St, San Francisco, CA 94016",December
303953,Flatscreen TV,1,300.0,2019-12-30 20:53:00,"592 Hickory St, Austin, TX 73301",December
305476,Flatscreen TV,1,300.0,2019-12-27 11:51:00,"255 Center St, Dallas, TX 75001",December
311912,Flatscreen TV,1,300.0,2019-12-07 20:09:00,"915 Ridge St, Dallas, TX 75001",December
296760,Flatscreen TV,1,300.0,2019-12-18 13:11:00,"569 Center St, San Francisco, CA 94016",December
300618,Flatscreen TV,1,300.0,2019-12-05 10:40:00,"849 12th St, Atlanta, GA 30301",December
306876,Flatscreen TV,1,300.0,2019-12-27 19:20:00,"680 Cherry St, San Francisco, CA 94016",December
312812,Flatscreen TV,1,300.0,2020-01-01 01:56:00,"129 6th St, Boston, MA 02215",January
318111,Flatscreen TV,1,300.0,2019-12-20 04:45:00,"354 Park St, San Francisco, CA 94016",December
300631,Flatscreen TV,1,300.0,2019-12-23 12:48:00,"920 Dogwood St, Dallas, TX 75001",December
311754,Flatscreen TV,1,300.0,2019-12-18 11:27:00,"75 South St, Boston, MA 02215",December
298109,Flatscreen TV,1,300.0,2019-12-31 09:07:00,"876 4th St, Atlanta, GA 30301",December
302963,Flatscreen TV,1,300.0,2019-12-13 01:47:00,"794 14th St, Seattle, WA 98101",December
317693,Flatscreen TV,1,300.0,2019-12-29 17:50:00,"243 Lincoln St, Boston, MA 02215",December
297446,Flatscreen TV,1,300.0,2019-12-04 17:16:00,"857 Hill St, Seattle, WA 98101",December
304906,Flatscreen TV,1,300.0,2019-12-23 14:07:00,"953 Madison St, Boston, MA 02215",December
307679,Flatscreen TV,1,300.0,2019-12-31 12:49:00,"578 6th St, Dallas, TX 75001",December
316134,Flatscreen TV,1,300.0,2019-12-06 14:37:00,"768 Lincoln St, San Francisco, CA 94016",December
313833,Flatscreen TV,1,300.0,2019-12-13 11:08:00,"219 Wilson St, San Francisco, CA 94016",December
297120,Flatscreen TV,1,300.0,2019-12-15 10:44:00,"120 13th St, Los Angeles, CA 90001",December
302468,Flatscreen TV,1,300.0,2019-12-20 13:09:00,"160 11th St, Los Angeles, CA 90001",December
316087,Flatscreen TV,1,300.0,2019-12-15 21:28:00,"108 West St, San Francisco, CA 94016",December
311841,Flatscreen TV,1,300.0,2019-12-02 18:21:00,"625 Lincoln St, Atlanta, GA 30301",December
316118,Flatscreen TV,1,300.0,2019-12-24 10:04:00,"223 Highland St, Austin, TX 73301",December
314831,Flatscreen TV,1,300.0,2019-12-23 12:36:00,"782 Center St, Boston, MA 02215",December
316752,Flatscreen TV,1,300.0,2019-12-06 19:23:00,"667 Cedar St, Los Angeles, CA 90001",December
297211,Flatscreen TV,1,300.0,2019-12-03 08:45:00,"635 8th St, San Francisco, CA 94016",December
300206,Flatscreen TV,1,300.0,2019-12-01 07:03:00,"141 14th St, Boston, MA 02215",December
314051,Flatscreen TV,1,300.0,2019-12-16 11:35:00,"301 Main St, Dallas, TX 75001",December
213073,Flatscreen TV,1,300.0,2019-06-19 10:55:00,"68 Sunset St, Portland, OR 97035",June
231216,Flatscreen TV,1,300.0,2019-07-15 00:34:00,"984 Hill St, Los Angeles, CA 90001",July
223140,Flatscreen TV,1,300.0,2019-07-22 09:58:00,"112 Meadow St, San Francisco, CA 94016",July
224409,Flatscreen TV,1,300.0,2019-07-05 14:53:00,"900 Cedar St, New York City, NY 10001",July
245569,Flatscreen TV,1,300.0,2019-08-26 08:38:00,"901 13th St, San Francisco, CA 94016",August
245581,Flatscreen TV,1,300.0,2019-08-22 08:53:00,"604 Washington St, Los Angeles, CA 90001",August
238409,Flatscreen TV,1,300.0,2019-08-30 16:18:00,"277 Center St, Portland, OR 97035",August
249642,Flatscreen TV,1,300.0,2019-09-14 12:43:00,"925 8th St, San Francisco, CA 94016",September
254874,Flatscreen TV,1,300.0,2019-09-30 15:35:00,"216 South St, Los Angeles, CA 90001",September
261994,Flatscreen TV,1,300.0,2019-10-06 17:48:00,"634 Main St, Boston, MA 02215",October
273520,Flatscreen TV,1,300.0,2019-10-18 16:06:00,"798 Hill St, New York City, NY 10001",October
261838,Flatscreen TV,1,300.0,2019-10-01 18:07:00,"951 Spruce St, San Francisco, CA 94016",October
266753,Flatscreen TV,1,300.0,2019-10-23 09:35:00,"176 Elm St, Dallas, TX 75001",October
312575,Flatscreen TV,1,300.0,2019-12-13 18:49:00,"739 Wilson St, New York City, NY 10001",December
305967,Flatscreen TV,1,300.0,2019-12-25 14:41:00,"442 Spruce St, Los Angeles, CA 90001",December
297851,Flatscreen TV,1,300.0,2019-12-25 21:41:00,"30 Hickory St, San Francisco, CA 94016",December
305952,Flatscreen TV,1,300.0,2019-12-21 10:35:00,"481 Hill St, San Francisco, CA 94016",December
310060,Flatscreen TV,1,300.0,2019-12-05 17:08:00,"329 Cedar St, Atlanta, GA 30301",December
298899,Flatscreen TV,1,300.0,2019-12-07 04:15:00,"761 6th St, San Francisco, CA 94016",December
301506,Flatscreen TV,1,300.0,2019-12-31 12:10:00,"888 7th St, San Francisco, CA 94016",December
303044,Flatscreen TV,1,300.0,2019-12-06 19:11:00,"902 Meadow St, Austin, TX 73301",December
305381,Flatscreen TV,1,300.0,2019-12-11 00:28:00,"387 Church St, New York City, NY 10001",December
306276,Flatscreen TV,1,300.0,2019-12-08 17:16:00,"637 South St, New York City, NY 10001",December
314698,Flatscreen TV,1,300.0,2019-12-11 20:12:00,"256 Willow St, New York City, NY 10001",December
316283,Flatscreen TV,1,300.0,2019-12-11 21:23:00,"227 Willow St, New York City, NY 10001",December
318852,Flatscreen TV,1,300.0,2019-12-09 14:41:00,"777 Spruce St, San Francisco, CA 94016",December
319395,Flatscreen TV,1,300.0,2019-12-14 10:36:00,"181 Pine St, Boston, MA 02215",December
300482,Flatscreen TV,1,300.0,2019-12-04 19:16:00,"256 Dogwood St, Los Angeles, CA 90001",December
304260,Flatscreen TV,1,300.0,2019-12-12 13:35:00,"283 Forest St, San Francisco, CA 94016",December
318124,Flatscreen TV,1,300.0,2019-12-05 17:35:00,"608 Pine St, Portland, ME 04101",December
302586,Flatscreen TV,1,300.0,2019-12-10 09:48:00,"780 Johnson St, Dallas, TX 75001",December
302935,Flatscreen TV,1,300.0,2019-12-08 22:22:00,"19 Spruce St, Los Angeles, CA 90001",December
309167,Flatscreen TV,1,300.0,2019-12-15 22:58:00,"203 8th St, Los Angeles, CA 90001",December
310858,Flatscreen TV,1,300.0,2019-12-10 19:27:00,"417 Jackson St, Los Angeles, CA 90001",December
312685,Flatscreen TV,1,300.0,2019-12-02 12:52:00,"13 Lakeview St, San Francisco, CA 94016",December
316798,Flatscreen TV,1,300.0,2019-12-08 10:28:00,"231 Center St, Seattle, WA 98101",December
296081,Flatscreen TV,1,300.0,2019-12-30 16:52:00,"970 Sunset St, Austin, TX 73301",December
306531,Flatscreen TV,1,300.0,2019-12-30 12:01:00,"208 Sunset St, Portland, OR 97035",December
319476,Flatscreen TV,1,300.0,2019-12-08 15:34:00,"683 Johnson St, New York City, NY 10001",December
300040,Flatscreen TV,1,300.0,2019-12-16 08:02:00,"850 Park St, Dallas, TX 75001",December
302353,Flatscreen TV,1,300.0,2019-12-18 08:54:00,"142 Madison St, Austin, TX 73301",December
303629,Flatscreen TV,1,300.0,2019-12-20 14:25:00,"524 Wilson St, Seattle, WA 98101",December
309314,Flatscreen TV,1,300.0,2019-12-17 15:11:00,"695 North St, San Francisco, CA 94016",December
318001,Flatscreen TV,1,300.0,2019-12-30 11:04:00,"434 13th St, Dallas, TX 75001",December
303247,Flatscreen TV,1,300.0,2019-12-02 14:50:00,"979 6th St, Seattle, WA 98101",December
313000,Flatscreen TV,1,300.0,2019-12-09 15:30:00,"448 Pine St, Austin, TX 73301",December
315274,Flatscreen TV,1,300.0,2019-12-20 14:34:00,"945 14th St, Atlanta, GA 30301",December
315664,Flatscreen TV,1,300.0,2019-12-31 22:44:00,"837 Meadow St, Seattle, WA 98101",December
315812,Flatscreen TV,1,300.0,2019-12-11 11:46:00,"714 West St, Los Angeles, CA 90001",December
302079,Flatscreen TV,1,300.0,2019-12-19 18:39:00,"837 Dogwood St, San Francisco, CA 94016",December
315652,Flatscreen TV,1,300.0,2019-12-26 12:49:00,"880 Church St, Austin, TX 73301",December
303858,Flatscreen TV,1,300.0,2019-12-29 20:08:00,"213 River St, San Francisco, CA 94016",December
318266,Flatscreen TV,1,300.0,2019-12-07 23:23:00,"510 Wilson St, Dallas, TX 75001",December
301166,Flatscreen TV,1,300.0,2019-12-25 16:34:00,"124 Lake St, Los Angeles, CA 90001",December
301540,Flatscreen TV,1,300.0,2019-12-28 12:55:00,"261 Johnson St, Austin, TX 73301",December
307628,Flatscreen TV,1,300.0,2019-12-30 13:12:00,"122 Maple St, Portland, ME 04101",December
314863,Flatscreen TV,1,300.0,2019-12-12 14:43:00,"255 Lakeview St, Austin, TX 73301",December
300530,Flatscreen TV,1,300.0,2019-12-12 18:41:00,"589 Elm St, Boston, MA 02215",December
141829,Flatscreen TV,1,300.0,2019-01-15 12:41:00,"214 9th St, San Francisco, CA 94016",January
145048,Flatscreen TV,1,300.0,2019-01-15 02:40:00,"584 14th St, Portland, OR 97035",January
148647,Flatscreen TV,1,300.0,2019-01-09 08:50:00,"410 2nd St, Austin, TX 73301",January
143780,Flatscreen TV,1,300.0,2019-01-05 15:24:00,"742 North St, Atlanta, GA 30301",January
147992,Flatscreen TV,1,300.0,2019-01-21 18:31:00,"505 Johnson St, Atlanta, GA 30301",January
148050,Flatscreen TV,1,300.0,2019-01-22 12:15:00,"389 7th St, Boston, MA 02215",January
141934,Flatscreen TV,1,300.0,2019-01-19 15:56:00,"546 Johnson St, Portland, OR 97035",January
144536,Flatscreen TV,1,300.0,2019-01-19 16:22:00,"137 Lakeview St, Los Angeles, CA 90001",January
150311,Flatscreen TV,1,300.0,2019-01-01 14:25:00,"795 Hickory St, San Francisco, CA 94016",January
142809,Flatscreen TV,1,300.0,2019-01-04 13:41:00,"420 Chestnut St, Boston, MA 02215",January
145908,Flatscreen TV,1,300.0,2019-01-09 10:09:00,"113 Center St, Seattle, WA 98101",January
148910,Flatscreen TV,1,300.0,2019-01-07 19:42:00,"54 Jefferson St, New York City, NY 10001",January
141802,Flatscreen TV,1,300.0,2019-01-09 06:09:00,"978 7th St, San Francisco, CA 94016",January
143820,Flatscreen TV,1,300.0,2019-01-30 10:34:00,"720 Forest St, Los Angeles, CA 90001",January
141331,Flatscreen TV,1,300.0,2019-01-09 18:32:00,"299 Park St, San Francisco, CA 94016",January
141898,Flatscreen TV,1,300.0,2019-01-15 13:17:00,"986 South St, New York City, NY 10001",January
143837,Flatscreen TV,1,300.0,2019-01-26 23:14:00,"735 Chestnut St, New York City, NY 10001",January
145918,Flatscreen TV,1,300.0,2019-01-30 09:58:00,"685 Elm St, New York City, NY 10001",January
145625,Flatscreen TV,1,300.0,2019-01-17 13:02:00,"704 2nd St, Atlanta, GA 30301",January
149676,Flatscreen TV,1,300.0,2019-01-01 17:53:00,"347 Church St, New York City, NY 10001",January
143830,Flatscreen TV,1,300.0,2019-01-25 14:41:00,"125 Washington St, Seattle, WA 98101",January
145742,Flatscreen TV,1,300.0,2019-01-17 12:10:00,"194 Jackson St, San Francisco, CA 94016",January
144225,Flatscreen TV,1,300.0,2019-01-27 07:55:00,"562 Jackson St, Dallas, TX 75001",January
148082,Flatscreen TV,1,300.0,2019-01-03 22:24:00,"320 Lake St, Los Angeles, CA 90001",January
149572,Flatscreen TV,1,300.0,2019-01-31 14:45:00,"79 Cedar St, Boston, MA 02215",January
146815,Flatscreen TV,1,300.0,2019-01-29 20:11:00,"773 Hickory St, Seattle, WA 98101",January
149380,Flatscreen TV,1,300.0,2019-01-12 12:56:00,"139 9th St, Atlanta, GA 30301",January
145975,Flatscreen TV,1,300.0,2019-01-25 11:26:00,"496 14th St, Los Angeles, CA 90001",January
149795,Flatscreen TV,1,300.0,2019-01-20 21:02:00,"123 Washington St, Boston, MA 02215",January
150093,Flatscreen TV,1,300.0,2019-01-24 09:09:00,"289 13th St, Boston, MA 02215",January
144597,Flatscreen TV,1,300.0,2019-01-04 17:05:00,"86 Cherry St, New York City, NY 10001",January
145460,Flatscreen TV,1,300.0,2019-01-17 07:24:00,"738 River St, San Francisco, CA 94016",January
148879,Flatscreen TV,1,300.0,2019-01-10 19:50:00,"228 Highland St, Portland, ME 04101",January
143057,Flatscreen TV,1,300.0,2019-01-21 12:35:00,"330 Willow St, San Francisco, CA 94016",January
143085,Flatscreen TV,1,300.0,2019-01-24 18:38:00,"364 13th St, Los Angeles, CA 90001",January
141366,Flatscreen TV,1,300.0,2019-01-17 22:34:00,"803 Church St, Seattle, WA 98101",January
146881,Flatscreen TV,1,300.0,2019-01-21 14:48:00,"427 Lake St, Boston, MA 02215",January
144867,Flatscreen TV,1,300.0,2019-01-16 13:45:00,"867 Hill St, Portland, OR 97035",January
147532,Flatscreen TV,1,300.0,2019-01-10 20:55:00,"637 Center St, Boston, MA 02215",January
142582,Flatscreen TV,1,300.0,2019-01-10 15:55:00,"287 Elm St, Atlanta, GA 30301",January
144095,Flatscreen TV,1,300.0,2019-01-25 17:43:00,"779 Walnut St, Boston, MA 02215",January
147968,Flatscreen TV,1,300.0,2019-01-07 15:39:00,"892 Wilson St, Dallas, TX 75001",January
146925,Flatscreen TV,1,300.0,2019-01-12 21:35:00,"459 South St, Boston, MA 02215",January
159194,Flatscreen TV,1,300.0,2019-02-09 17:36:00,"204 5th St, Dallas, TX 75001",February
152420,Flatscreen TV,1,300.0,2019-02-09 14:01:00,"237 Sunset St, Seattle, WA 98101",February
153174,Flatscreen TV,1,300.0,2019-02-05 10:01:00,"968 10th St, Austin, TX 73301",February
158717,Flatscreen TV,1,300.0,2019-02-01 17:18:00,"403 Willow St, Los Angeles, CA 90001",February
161848,Flatscreen TV,1,300.0,2019-02-12 19:34:00,"229 West St, Los Angeles, CA 90001",February
161420,Flatscreen TV,1,300.0,2019-02-26 19:04:00,"308 2nd St, Boston, MA 02215",February
158574,Flatscreen TV,1,300.0,2019-02-24 10:58:00,"736 Ridge St, New York City, NY 10001",February
159989,Flatscreen TV,1,300.0,2019-02-10 09:47:00,"239 Adams St, Boston, MA 02215",February
155617,Flatscreen TV,1,300.0,2019-02-26 17:46:00,"674 8th St, Austin, TX 73301",February
151601,Flatscreen TV,1,300.0,2019-02-24 15:38:00,"464 Cherry St, Atlanta, GA 30301",February
153155,Flatscreen TV,1,300.0,2019-02-20 21:45:00,"273 Adams St, San Francisco, CA 94016",February
156173,Flatscreen TV,1,300.0,2019-02-28 09:55:00,"102 11th St, San Francisco, CA 94016",February
157493,Flatscreen TV,1,300.0,2019-02-13 14:57:00,"286 Johnson St, Dallas, TX 75001",February
155004,Flatscreen TV,1,300.0,2019-02-06 13:54:00,"244 Madison St, Boston, MA 02215",February
158751,Flatscreen TV,1,300.0,2019-02-21 23:22:00,"374 Lincoln St, New York City, NY 10001",February
160442,Flatscreen TV,1,300.0,2019-02-12 15:16:00,"135 South St, Atlanta, GA 30301",February
161682,Flatscreen TV,1,300.0,2019-02-13 08:15:00,"48 Sunset St, Austin, TX 73301",February
159465,Flatscreen TV,1,300.0,2019-02-16 02:32:00,"723 Willow St, Dallas, TX 75001",February
157852,Flatscreen TV,1,300.0,2019-02-17 23:38:00,"988 Sunset St, Dallas, TX 75001",February
161176,Flatscreen TV,1,300.0,2019-02-26 07:13:00,"932 Park St, New York City, NY 10001",February
157889,Flatscreen TV,1,300.0,2019-02-20 17:31:00,"433 Adams St, San Francisco, CA 94016",February
159094,Flatscreen TV,1,300.0,2019-02-09 20:34:00,"55 Chestnut St, Austin, TX 73301",February
151536,Flatscreen TV,1,300.0,2019-02-22 10:11:00,"222 Lincoln St, Boston, MA 02215",February
154095,Flatscreen TV,1,300.0,2019-02-23 11:01:00,"81 1st St, Boston, MA 02215",February
154547,Flatscreen TV,1,300.0,2019-02-12 18:57:00,"635 Jackson St, New York City, NY 10001",February
152246,Flatscreen TV,1,300.0,2019-02-14 19:07:00,"28 Hill St, Dallas, TX 75001",February
155118,Flatscreen TV,1,300.0,2019-02-02 15:05:00,"816 Chestnut St, Los Angeles, CA 90001",February
161627,Flatscreen TV,1,300.0,2019-02-16 14:55:00,"905 Lincoln St, San Francisco, CA 94016",February
154558,Flatscreen TV,1,300.0,2019-02-14 13:31:00,"391 North St, Atlanta, GA 30301",February
152244,Flatscreen TV,1,300.0,2019-02-02 09:26:00,"191 Spruce St, San Francisco, CA 94016",February
155634,Flatscreen TV,1,300.0,2019-02-24 09:31:00,"952 South St, Boston, MA 02215",February
156719,Flatscreen TV,1,300.0,2019-02-28 18:25:00,"498 8th St, San Francisco, CA 94016",February
159402,Flatscreen TV,1,300.0,2019-02-21 19:23:00,"597 Meadow St, Dallas, TX 75001",February
155186,Flatscreen TV,1,300.0,2019-02-07 17:42:00,"778 10th St, San Francisco, CA 94016",February
157014,Flatscreen TV,1,300.0,2019-02-05 19:08:00,"435 Chestnut St, New York City, NY 10001",February
153126,Flatscreen TV,1,300.0,2019-02-13 07:58:00,"468 Sunset St, Dallas, TX 75001",February
159494,Flatscreen TV,1,300.0,2019-02-20 11:30:00,"598 11th St, Portland, OR 97035",February
159635,Flatscreen TV,1,300.0,2019-02-28 05:51:00,"292 14th St, New York City, NY 10001",February
154895,Flatscreen TV,1,300.0,2019-02-14 10:16:00,"520 Lincoln St, Boston, MA 02215",February
156321,Flatscreen TV,1,300.0,2019-02-02 19:09:00,"843 Park St, San Francisco, CA 94016",February
161351,Flatscreen TV,1,300.0,2019-02-19 15:10:00,"103 Park St, Los Angeles, CA 90001",February
159738,Flatscreen TV,1,300.0,2019-02-14 14:21:00,"113 14th St, Dallas, TX 75001",February
151268,Flatscreen TV,1,300.0,2019-02-15 08:18:00,"454 West St, Portland, OR 97035",February
155147,Flatscreen TV,1,300.0,2019-02-27 10:44:00,"651 Forest St, San Francisco, CA 94016",February
160110,Flatscreen TV,1,300.0,2019-02-03 15:41:00,"531 Jackson St, Boston, MA 02215",February
151431,Flatscreen TV,1,300.0,2019-02-01 11:57:00,"693 11th St, San Francisco, CA 94016",February
160743,Flatscreen TV,1,300.0,2019-02-11 19:45:00,"200 Hickory St, San Francisco, CA 94016",February
152637,Flatscreen TV,1,300.0,2019-02-03 20:00:00,"317 Elm St, Los Angeles, CA 90001",February
152802,Flatscreen TV,1,300.0,2019-02-15 04:27:00,"568 9th St, Boston, MA 02215",February
156336,Flatscreen TV,1,300.0,2019-02-15 04:14:00,"551 2nd St, New York City, NY 10001",February
157302,Flatscreen TV,1,300.0,2019-02-05 22:12:00,"297 Jefferson St, Portland, OR 97035",February
157487,Flatscreen TV,1,300.0,2019-02-21 22:44:00,"405 North St, Boston, MA 02215",February
161067,Flatscreen TV,1,300.0,2019-02-27 05:11:00,"655 Center St, Dallas, TX 75001",February
161692,Flatscreen TV,1,300.0,2019-02-09 20:03:00,"12 Adams St, Atlanta, GA 30301",February
164957,Flatscreen TV,1,300.0,2019-03-13 20:07:00,"586 Park St, Atlanta, GA 30301",March
172431,Flatscreen TV,1,300.0,2019-03-29 08:58:00,"494 4th St, Atlanta, GA 30301",March
174675,Flatscreen TV,1,300.0,2019-03-22 17:14:00,"76 1st St, Seattle, WA 98101",March
166866,Flatscreen TV,1,300.0,2019-03-25 20:16:00,"927 13th St, Seattle, WA 98101",March
168125,Flatscreen TV,1,300.0,2019-03-18 07:10:00,"341 Ridge St, Austin, TX 73301",March
173899,Flatscreen TV,1,300.0,2019-03-04 16:47:00,"409 1st St, Dallas, TX 75001",March
166058,Flatscreen TV,1,300.0,2019-03-19 12:31:00,"77 2nd St, Portland, OR 97035",March
174476,Flatscreen TV,1,300.0,2019-03-09 22:16:00,"481 7th St, Atlanta, GA 30301",March
163750,Flatscreen TV,1,300.0,2019-03-28 20:02:00,"399 10th St, Boston, MA 02215",March
175881,Flatscreen TV,1,300.0,2019-03-07 08:23:00,"68 Main St, San Francisco, CA 94016",March
168614,Flatscreen TV,1,300.0,2019-03-15 16:51:00,"944 Wilson St, Boston, MA 02215",March
172171,Flatscreen TV,1,300.0,2019-03-23 20:39:00,"3 Ridge St, San Francisco, CA 94016",March
168633,Flatscreen TV,1,300.0,2019-03-27 22:41:00,"751 Park St, Atlanta, GA 30301",March
168850,Flatscreen TV,1,300.0,2019-03-04 14:50:00,"877 Cherry St, San Francisco, CA 94016",March
172466,Flatscreen TV,1,300.0,2019-03-29 11:47:00,"993 12th St, Los Angeles, CA 90001",March
162115,Flatscreen TV,1,300.0,2019-03-26 08:06:00,"93 Sunset St, San Francisco, CA 94016",March
163494,Flatscreen TV,1,300.0,2019-03-14 19:16:00,"758 5th St, Boston, MA 02215",March
170511,Flatscreen TV,1,300.0,2019-03-18 15:56:00,"562 Wilson St, Seattle, WA 98101",March
164489,Flatscreen TV,1,300.0,2019-03-14 15:08:00,"655 Cherry St, San Francisco, CA 94016",March
163907,Flatscreen TV,1,300.0,2019-03-23 20:28:00,"164 Washington St, San Francisco, CA 94016",March
173164,Flatscreen TV,1,300.0,2019-03-24 11:30:00,"171 Washington St, Los Angeles, CA 90001",March
165898,Flatscreen TV,1,300.0,2019-03-18 14:32:00,"918 Lincoln St, Boston, MA 02215",March
170135,Flatscreen TV,1,300.0,2019-03-26 12:23:00,"607 Hickory St, Los Angeles, CA 90001",March
164705,Flatscreen TV,1,300.0,2019-03-26 02:09:00,"900 Madison St, San Francisco, CA 94016",March
168424,Flatscreen TV,1,300.0,2019-03-05 16:30:00,"487 2nd St, Atlanta, GA 30301",March
169559,Flatscreen TV,1,300.0,2019-03-20 07:29:00,"814 13th St, San Francisco, CA 94016",March
169653,Flatscreen TV,1,300.0,2019-03-01 15:13:00,"483 Church St, Los Angeles, CA 90001",March
173738,Flatscreen TV,1,300.0,2019-03-23 16:42:00,"630 Church St, Boston, MA 02215",March
165642,Flatscreen TV,1,300.0,2019-03-19 08:03:00,"85 1st St, New York City, NY 10001",March
167549,Flatscreen TV,1,300.0,2019-03-27 08:47:00,"30 8th St, Portland, OR 97035",March
170534,Flatscreen TV,1,300.0,2019-03-04 22:20:00,"120 River St, Boston, MA 02215",March
170710,Flatscreen TV,1,300.0,2019-03-27 13:05:00,"65 Ridge St, Los Angeles, CA 90001",March
169416,Flatscreen TV,1,300.0,2019-03-19 14:09:00,"311 Washington St, Boston, MA 02215",March
168693,Flatscreen TV,1,300.0,2019-03-08 19:16:00,"332 Maple St, San Francisco, CA 94016",March
168862,Flatscreen TV,1,300.0,2019-03-13 15:36:00,"153 Cedar St, New York City, NY 10001",March
176086,Flatscreen TV,1,300.0,2019-03-15 21:26:00,"291 Jackson St, San Francisco, CA 94016",March
164992,Flatscreen TV,1,300.0,2019-03-22 19:20:00,"256 Spruce St, Los Angeles, CA 90001",March
167326,Flatscreen TV,1,300.0,2019-03-20 21:34:00,"119 Madison St, Seattle, WA 98101",March
168024,Flatscreen TV,1,300.0,2019-03-29 00:30:00,"801 Pine St, New York City, NY 10001",March
168374,Flatscreen TV,1,300.0,2019-03-25 12:09:00,"611 Wilson St, Boston, MA 02215",March
172755,Flatscreen TV,1,300.0,2019-03-18 13:11:00,"409 12th St, Dallas, TX 75001",March
169710,Flatscreen TV,1,300.0,2019-03-17 12:03:00,"461 Pine St, Seattle, WA 98101",March
162684,Flatscreen TV,1,300.0,2019-03-09 17:42:00,"81 5th St, Los Angeles, CA 90001",March
165271,Flatscreen TV,1,300.0,2019-03-12 21:45:00,"244 South St, New York City, NY 10001",March
169495,Flatscreen TV,1,300.0,2019-03-15 13:58:00,"652 Madison St, San Francisco, CA 94016",March
169706,Flatscreen TV,1,300.0,2019-03-28 11:11:00,"700 12th St, Boston, MA 02215",March
175032,Flatscreen TV,1,300.0,2019-03-06 17:58:00,"730 Sunset St, Los Angeles, CA 90001",March
174303,Flatscreen TV,1,300.0,2019-03-13 18:36:00,"601 Hill St, Los Angeles, CA 90001",March
162769,Flatscreen TV,1,300.0,2019-03-07 10:13:00,"711 South St, San Francisco, CA 94016",March
166211,Flatscreen TV,1,300.0,2019-03-30 02:44:00,"444 Wilson St, Atlanta, GA 30301",March
173893,Flatscreen TV,1,300.0,2019-03-29 22:53:00,"139 Johnson St, New York City, NY 10001",March
162250,Flatscreen TV,1,300.0,2019-03-16 10:47:00,"984 8th St, Los Angeles, CA 90001",March
174318,Flatscreen TV,1,300.0,2019-03-17 11:09:00,"79 Center St, Dallas, TX 75001",March
174572,Flatscreen TV,1,300.0,2019-03-09 17:40:00,"697 Lake St, New York City, NY 10001",March
164675,Flatscreen TV,1,300.0,2019-03-28 19:56:00,"337 Hill St, San Francisco, CA 94016",March
167374,Flatscreen TV,1,300.0,2019-03-27 08:02:00,"57 Maple St, New York City, NY 10001",March
168546,Flatscreen TV,1,300.0,2019-03-19 07:56:00,"670 Hickory St, Dallas, TX 75001",March
162098,Flatscreen TV,1,300.0,2019-03-07 15:44:00,"84 Center St, New York City, NY 10001",March
164715,Flatscreen TV,1,300.0,2019-03-04 13:54:00,"476 Jackson St, San Francisco, CA 94016",March
165478,Flatscreen TV,1,300.0,2019-03-10 17:11:00,"350 Cedar St, Seattle, WA 98101",March
169895,Flatscreen TV,1,300.0,2019-03-10 19:18:00,"913 12th St, Portland, OR 97035",March
171500,Flatscreen TV,1,300.0,2019-03-09 18:40:00,"474 Elm St, New York City, NY 10001",March
172351,Flatscreen TV,1,300.0,2019-03-05 16:06:00,"577 South St, San Francisco, CA 94016",March
163922,Flatscreen TV,1,300.0,2019-03-30 11:50:00,"609 West St, Los Angeles, CA 90001",March
169645,Flatscreen TV,1,300.0,2019-03-02 10:13:00,"543 Main St, San Francisco, CA 94016",March
162810,Flatscreen TV,1,300.0,2019-03-26 14:12:00,"503 Cherry St, Atlanta, GA 30301",March
183142,Flatscreen TV,1,300.0,2019-04-11 09:30:00,"334 Pine St, Boston, MA 02215",April
178567,Flatscreen TV,1,300.0,2019-04-27 20:16:00,"267 9th St, Atlanta, GA 30301",April
182778,Flatscreen TV,1,300.0,2019-04-30 15:01:00,"471 Cherry St, San Francisco, CA 94016",April
191314,Flatscreen TV,1,300.0,2019-04-24 18:44:00,"298 Jackson St, Los Angeles, CA 90001",April
178564,Flatscreen TV,1,300.0,2019-04-04 16:57:00,"38 10th St, Boston, MA 02215",April
190789,Flatscreen TV,1,300.0,2019-04-26 19:37:00,"455 North St, San Francisco, CA 94016",April
177495,Flatscreen TV,1,300.0,2019-04-18 23:01:00,"698 Cherry St, San Francisco, CA 94016",April
180234,Flatscreen TV,1,300.0,2019-04-09 12:22:00,"742 Cedar St, Los Angeles, CA 90001",April
193330,Flatscreen TV,1,300.0,2019-04-22 13:19:00,"98 Cedar St, Atlanta, GA 30301",April
183172,Flatscreen TV,1,300.0,2019-04-10 10:17:00,"444 West St, Los Angeles, CA 90001",April
182003,Flatscreen TV,1,300.0,2019-04-22 15:46:00,"712 Lake St, New York City, NY 10001",April
186189,Flatscreen TV,1,300.0,2019-04-13 10:43:00,"782 11th St, Austin, TX 73301",April
178243,Flatscreen TV,1,300.0,2019-04-12 19:45:00,"206 Adams St, Dallas, TX 75001",April
188744,Flatscreen TV,1,300.0,2019-04-18 09:00:00,"59 Chestnut St, San Francisco, CA 94016",April
176879,Flatscreen TV,1,300.0,2019-04-13 14:15:00,"370 Sunset St, Portland, ME 04101",April
181649,Flatscreen TV,1,300.0,2019-04-28 14:33:00,"897 Wilson St, Los Angeles, CA 90001",April
183202,Flatscreen TV,1,300.0,2019-04-24 11:45:00,"6 Wilson St, Boston, MA 02215",April
185515,Flatscreen TV,1,300.0,2019-04-26 22:00:00,"309 South St, Seattle, WA 98101",April
187861,Flatscreen TV,1,300.0,2019-04-17 17:42:00,"434 1st St, San Francisco, CA 94016",April
188134,Flatscreen TV,1,300.0,2019-04-14 16:24:00,"319 Spruce St, San Francisco, CA 94016",April
182233,Flatscreen TV,1,300.0,2019-04-12 23:55:00,"338 Madison St, Los Angeles, CA 90001",April
189902,Flatscreen TV,1,300.0,2019-04-21 04:10:00,"155 10th St, San Francisco, CA 94016",April
188272,Flatscreen TV,1,300.0,2019-04-24 19:34:00,"19 Willow St, Los Angeles, CA 90001",April
183036,Flatscreen TV,1,300.0,2019-04-06 22:31:00,"159 Elm St, Los Angeles, CA 90001",April
183358,Flatscreen TV,1,300.0,2019-04-16 07:58:00,"176 1st St, Atlanta, GA 30301",April
184571,Flatscreen TV,1,300.0,2019-04-22 06:11:00,"405 14th St, New York City, NY 10001",April
186645,Flatscreen TV,1,300.0,2019-04-18 14:41:00,"934 Madison St, Dallas, TX 75001",April
193578,Flatscreen TV,2,300.0,2019-04-08 17:32:00,"375 Jackson St, San Francisco, CA 94016",April
178686,Flatscreen TV,1,300.0,2019-04-23 19:07:00,"91 8th St, San Francisco, CA 94016",April
181717,Flatscreen TV,1,300.0,2019-04-29 13:04:00,"175 Lake St, Los Angeles, CA 90001",April
191087,Flatscreen TV,1,300.0,2019-04-07 22:28:00,"431 Sunset St, San Francisco, CA 94016",April
193041,Flatscreen TV,1,300.0,2019-04-26 14:48:00,"393 14th St, Los Angeles, CA 90001",April
177599,Flatscreen TV,1,300.0,2019-04-05 23:01:00,"987 12th St, Los Angeles, CA 90001",April
178303,Flatscreen TV,1,300.0,2019-04-10 15:46:00,"799 Sunset St, San Francisco, CA 94016",April
178421,Flatscreen TV,1,300.0,2019-04-07 13:25:00,"56 5th St, San Francisco, CA 94016",April
181141,Flatscreen TV,1,300.0,2019-04-24 17:06:00,"945 Johnson St, New York City, NY 10001",April
181181,Flatscreen TV,1,300.0,2019-04-23 13:42:00,"686 Lakeview St, Austin, TX 73301",April
182234,Flatscreen TV,1,300.0,2019-04-17 13:23:00,"736 4th St, Atlanta, GA 30301",April
178155,Flatscreen TV,1,300.0,2019-04-24 17:47:00,"587 Meadow St, San Francisco, CA 94016",April
183129,Flatscreen TV,1,300.0,2019-04-08 22:05:00,"219 Sunset St, Atlanta, GA 30301",April
184126,Flatscreen TV,1,300.0,2019-04-14 21:16:00,"2 Elm St, New York City, NY 10001",April
185791,Flatscreen TV,1,300.0,2019-04-09 03:12:00,"914 Pine St, Atlanta, GA 30301",April
185981,Flatscreen TV,1,300.0,2019-04-23 22:53:00,"9 Adams St, Atlanta, GA 30301",April
191075,Flatscreen TV,1,300.0,2019-04-16 11:00:00,"954 2nd St, San Francisco, CA 94016",April
179955,Flatscreen TV,1,300.0,2019-04-14 19:49:00,"214 Highland St, Seattle, WA 98101",April
190856,Flatscreen TV,1,300.0,2019-04-06 10:41:00,"937 Pine St, Austin, TX 73301",April
187605,Flatscreen TV,1,300.0,2019-04-02 23:24:00,"328 10th St, Seattle, WA 98101",April
188565,Flatscreen TV,1,300.0,2019-04-23 01:18:00,"980 Forest St, San Francisco, CA 94016",April
176711,Flatscreen TV,1,300.0,2019-04-30 10:58:00,"796 River St, Dallas, TX 75001",April
178776,Flatscreen TV,1,300.0,2019-04-22 21:25:00,"370 Adams St, Dallas, TX 75001",April
182382,Flatscreen TV,1,300.0,2019-04-25 11:47:00,"874 13th St, Seattle, WA 98101",April
191280,Flatscreen TV,1,300.0,2019-04-16 17:57:00,"3 Park St, New York City, NY 10001",April
191479,Flatscreen TV,1,300.0,2019-04-21 15:29:00,"362 6th St, Boston, MA 02215",April
179332,Flatscreen TV,1,300.0,2019-04-22 16:56:00,"492 Main St, San Francisco, CA 94016",April
180266,Flatscreen TV,1,300.0,2019-04-24 12:14:00,"525 Sunset St, New York City, NY 10001",April
183597,Flatscreen TV,1,300.0,2019-04-21 13:31:00,"335 Washington St, Dallas, TX 75001",April
190357,Flatscreen TV,1,300.0,2019-04-19 18:58:00,"493 West St, Austin, TX 73301",April
191228,Flatscreen TV,1,300.0,2019-04-19 16:49:00,"279 7th St, San Francisco, CA 94016",April
191294,Flatscreen TV,1,300.0,2019-04-05 19:44:00,"797 West St, San Francisco, CA 94016",April
176719,Flatscreen TV,1,300.0,2019-04-27 13:07:00,"602 Hickory St, Boston, MA 02215",April
187199,Flatscreen TV,1,300.0,2019-04-21 16:02:00,"751 Hill St, San Francisco, CA 94016",April
184094,Flatscreen TV,1,300.0,2019-04-18 17:01:00,"596 Pine St, Portland, OR 97035",April
185608,Flatscreen TV,1,300.0,2019-04-17 16:18:00,"70 13th St, Portland, OR 97035",April
187503,Flatscreen TV,1,300.0,2019-04-09 21:03:00,"128 Adams St, Austin, TX 73301",April
189186,Flatscreen TV,1,300.0,2019-04-18 12:08:00,"83 River St, Los Angeles, CA 90001",April
181296,Flatscreen TV,1,300.0,2019-04-25 14:15:00,"365 West St, San Francisco, CA 94016",April
192036,Flatscreen TV,1,300.0,2019-04-30 12:32:00,"934 9th St, San Francisco, CA 94016",April
178052,Flatscreen TV,1,300.0,2019-04-10 15:55:00,"26 Hickory St, San Francisco, CA 94016",April
178268,Flatscreen TV,1,300.0,2019-04-22 21:00:00,"315 Willow St, San Francisco, CA 94016",April
181922,Flatscreen TV,1,300.0,2019-04-20 16:02:00,"393 7th St, New York City, NY 10001",April
183287,Flatscreen TV,1,300.0,2019-04-29 23:15:00,"467 Highland St, New York City, NY 10001",April
189128,Flatscreen TV,1,300.0,2019-04-03 14:17:00,"627 10th St, Dallas, TX 75001",April
190162,Flatscreen TV,1,300.0,2019-04-01 13:37:00,"400 Park St, San Francisco, CA 94016",April
193748,Flatscreen TV,1,300.0,2019-04-16 18:33:00,"95 4th St, San Francisco, CA 94016",April
178462,Flatscreen TV,1,300.0,2019-04-20 09:47:00,"553 Hickory St, San Francisco, CA 94016",April
178676,Flatscreen TV,1,300.0,2019-04-29 08:50:00,"814 Park St, Portland, OR 97035",April
178828,Flatscreen TV,1,300.0,2019-04-26 17:40:00,"656 2nd St, San Francisco, CA 94016",April
189972,Flatscreen TV,1,300.0,2019-04-16 20:05:00,"812 Sunset St, Los Angeles, CA 90001",April
190080,Flatscreen TV,1,300.0,2019-04-30 15:57:00,"315 Cedar St, Portland, OR 97035",April
190244,Flatscreen TV,1,300.0,2019-04-28 11:06:00,"90 Willow St, Seattle, WA 98101",April
191048,Flatscreen TV,1,300.0,2019-04-12 21:08:00,"484 Lake St, Portland, OR 97035",April
186225,Flatscreen TV,1,300.0,2019-04-24 13:30:00,"153 Cherry St, Atlanta, GA 30301",April
188810,Flatscreen TV,1,300.0,2019-04-23 23:35:00,"242 10th St, San Francisco, CA 94016",April
191760,Flatscreen TV,1,300.0,2019-04-04 10:43:00,"179 1st St, Portland, OR 97035",April
192708,Flatscreen TV,1,300.0,2019-04-01 13:51:00,"595 10th St, New York City, NY 10001",April
192550,Flatscreen TV,1,300.0,2019-04-14 18:20:00,"582 6th St, Los Angeles, CA 90001",April
180851,Flatscreen TV,1,300.0,2019-04-28 20:30:00,"40 13th St, Austin, TX 73301",April
180439,Flatscreen TV,1,300.0,2019-04-17 09:55:00,"439 4th St, New York City, NY 10001",April
180559,Flatscreen TV,1,300.0,2019-04-17 12:48:00,"467 Maple St, Atlanta, GA 30301",April
182572,Flatscreen TV,1,300.0,2019-04-06 19:39:00,"547 Willow St, San Francisco, CA 94016",April
189053,Flatscreen TV,1,300.0,2019-04-21 17:09:00,"410 6th St, Dallas, TX 75001",April
179897,Flatscreen TV,1,300.0,2019-04-16 17:57:00,"584 12th St, San Francisco, CA 94016",April
184934,Flatscreen TV,1,300.0,2019-04-27 17:15:00,"989 7th St, San Francisco, CA 94016",April
209348,Flatscreen TV,1,300.0,2019-05-13 21:11:00,"216 14th St, New York City, NY 10001",May
199284,Flatscreen TV,1,300.0,2019-05-04 12:35:00,"96 Church St, Boston, MA 02215",May
200126,Flatscreen TV,1,300.0,2019-05-27 08:34:00,"884 Hill St, Atlanta, GA 30301",May
209627,Flatscreen TV,1,300.0,2019-05-22 17:56:00,"504 Willow St, Los Angeles, CA 90001",May
197336,Flatscreen TV,1,300.0,2019-05-16 08:52:00,"923 Forest St, New York City, NY 10001",May
197913,Flatscreen TV,1,300.0,2019-05-20 10:21:00,"424 2nd St, San Francisco, CA 94016",May
195820,Flatscreen TV,1,300.0,2019-05-24 02:24:00,"442 West St, Los Angeles, CA 90001",May
196084,Flatscreen TV,1,300.0,2019-05-17 09:51:00,"100 South St, San Francisco, CA 94016",May
204088,Flatscreen TV,1,300.0,2019-05-28 20:55:00,"744 5th St, Atlanta, GA 30301",May
201286,Flatscreen TV,1,300.0,2019-05-27 16:29:00,"431 13th St, Seattle, WA 98101",May
205977,Flatscreen TV,1,300.0,2019-05-24 09:42:00,"545 Main St, Los Angeles, CA 90001",May
197755,Flatscreen TV,1,300.0,2019-05-01 15:16:00,"766 Center St, Portland, ME 04101",May
208471,Flatscreen TV,1,300.0,2019-05-13 10:01:00,"910 6th St, Austin, TX 73301",May
200228,Flatscreen TV,1,300.0,2019-05-13 19:57:00,"515 Madison St, Seattle, WA 98101",May
203816,Flatscreen TV,1,300.0,2019-05-10 22:24:00,"315 Johnson St, San Francisco, CA 94016",May
206387,Flatscreen TV,1,300.0,2019-05-02 11:51:00,"139 Willow St, San Francisco, CA 94016",May
207833,Flatscreen TV,1,300.0,2019-05-03 14:41:00,"477 North St, Atlanta, GA 30301",May
198598,Flatscreen TV,1,300.0,2019-05-28 10:18:00,"932 North St, New York City, NY 10001",May
199106,Flatscreen TV,1,300.0,2019-05-10 12:36:00,"82 Lakeview St, Portland, OR 97035",May
200579,Flatscreen TV,1,300.0,2019-05-20 11:03:00,"834 Johnson St, Los Angeles, CA 90001",May
205587,Flatscreen TV,1,300.0,2019-05-26 17:39:00,"138 Madison St, Los Angeles, CA 90001",May
195014,Flatscreen TV,1,300.0,2019-05-27 13:47:00,"852 Johnson St, San Francisco, CA 94016",May
199655,Flatscreen TV,1,300.0,2019-05-15 20:35:00,"580 River St, Los Angeles, CA 90001",May
201779,Flatscreen TV,1,300.0,2019-05-07 08:53:00,"997 Walnut St, Boston, MA 02215",May
200376,Flatscreen TV,1,300.0,2019-05-28 17:34:00,"911 Adams St, Los Angeles, CA 90001",May
205906,Flatscreen TV,1,300.0,2019-05-24 14:16:00,"463 Main St, Boston, MA 02215",May
208604,Flatscreen TV,1,300.0,2019-05-05 16:40:00,"703 Dogwood St, New York City, NY 10001",May
196641,Flatscreen TV,1,300.0,2019-05-02 21:12:00,"763 1st St, Los Angeles, CA 90001",May
204239,Flatscreen TV,1,300.0,2019-05-08 18:06:00,"375 Pine St, Seattle, WA 98101",May
203484,Flatscreen TV,1,300.0,2019-05-17 11:03:00,"877 Elm St, Los Angeles, CA 90001",May
202694,Flatscreen TV,1,300.0,2019-05-30 15:41:00,"222 Lakeview St, Los Angeles, CA 90001",May
206317,Flatscreen TV,1,300.0,2019-05-10 13:38:00,"482 Lake St, Boston, MA 02215",May
200410,Flatscreen TV,1,300.0,2019-05-01 19:56:00,"412 Pine St, Dallas, TX 75001",May
202130,Flatscreen TV,1,300.0,2019-05-16 11:47:00,"850 Jackson St, New York City, NY 10001",May
204938,Flatscreen TV,1,300.0,2019-05-08 13:11:00,"739 Madison St, Los Angeles, CA 90001",May
208331,Flatscreen TV,1,300.0,2019-05-02 11:23:00,"842 5th St, Austin, TX 73301",May
205886,Flatscreen TV,1,300.0,2019-05-26 11:51:00,"881 Dogwood St, Boston, MA 02215",May
208420,Flatscreen TV,1,300.0,2019-05-06 20:15:00,"802 Willow St, Seattle, WA 98101",May
201586,Flatscreen TV,1,300.0,2019-05-31 21:49:00,"309 Lake St, Boston, MA 02215",May
205336,Flatscreen TV,1,300.0,2019-05-21 11:46:00,"566 Meadow St, Los Angeles, CA 90001",May
203103,Flatscreen TV,1,300.0,2019-05-20 12:36:00,"426 Willow St, San Francisco, CA 94016",May
204476,Flatscreen TV,1,300.0,2019-05-23 11:34:00,"648 Dogwood St, New York City, NY 10001",May
200145,Flatscreen TV,1,300.0,2019-05-17 14:59:00,"135 Pine St, Boston, MA 02215",May
194465,Flatscreen TV,1,300.0,2019-05-06 23:19:00,"944 Lakeview St, Atlanta, GA 30301",May
203700,Flatscreen TV,1,300.0,2019-05-10 20:15:00,"460 9th St, Los Angeles, CA 90001",May
199972,Flatscreen TV,1,300.0,2019-05-21 22:17:00,"190 South St, Portland, ME 04101",May
200404,Flatscreen TV,1,300.0,2019-05-20 18:26:00,"539 Sunset St, Atlanta, GA 30301",May
194217,Flatscreen TV,1,300.0,2019-05-11 19:50:00,"562 13th St, New York City, NY 10001",May
198148,Flatscreen TV,1,300.0,2019-05-23 23:59:00,"26 2nd St, Portland, OR 97035",May
205249,Flatscreen TV,1,300.0,2019-05-30 10:49:00,"838 Madison St, Seattle, WA 98101",May
209742,Flatscreen TV,1,300.0,2019-05-05 19:10:00,"41 Highland St, New York City, NY 10001",May
201188,Flatscreen TV,1,300.0,2019-05-06 09:05:00,"312 Spruce St, Atlanta, GA 30301",May
208911,Flatscreen TV,1,300.0,2019-05-18 06:51:00,"605 Jefferson St, Dallas, TX 75001",May
196859,Flatscreen TV,1,300.0,2019-05-15 10:44:00,"936 Sunset St, Dallas, TX 75001",May
206959,Flatscreen TV,1,300.0,2019-05-15 10:27:00,"897 Spruce St, Portland, ME 04101",May
196465,Flatscreen TV,1,300.0,2019-05-30 20:20:00,"467 Willow St, New York City, NY 10001",May
201678,Flatscreen TV,1,300.0,2019-05-11 19:47:00,"620 Dogwood St, Dallas, TX 75001",May
202210,Flatscreen TV,1,300.0,2019-05-19 19:38:00,"460 South St, New York City, NY 10001",May
203104,Flatscreen TV,1,300.0,2019-05-10 18:38:00,"101 4th St, Seattle, WA 98101",May
195295,Flatscreen TV,1,300.0,2019-05-10 12:47:00,"821 South St, Dallas, TX 75001",May
198236,Flatscreen TV,1,300.0,2019-05-16 16:52:00,"293 1st St, Los Angeles, CA 90001",May
200812,Flatscreen TV,1,300.0,2019-05-25 07:58:00,"705 Forest St, Atlanta, GA 30301",May
201294,Flatscreen TV,1,300.0,2019-05-26 20:36:00,"755 Jefferson St, Dallas, TX 75001",May
206436,Flatscreen TV,1,300.0,2019-05-22 16:25:00,"11 14th St, San Francisco, CA 94016",May
209244,Flatscreen TV,1,300.0,2019-05-24 12:15:00,"226 10th St, Boston, MA 02215",May
195089,Flatscreen TV,1,300.0,2019-05-28 21:53:00,"177 Center St, New York City, NY 10001",May
208912,Flatscreen TV,1,300.0,2019-05-24 13:45:00,"225 Pine St, New York City, NY 10001",May
198327,Flatscreen TV,1,300.0,2019-05-07 19:39:00,"139 Walnut St, Boston, MA 02215",May
200039,Flatscreen TV,1,300.0,2019-05-24 11:33:00,"918 12th St, Atlanta, GA 30301",May
200278,Flatscreen TV,1,300.0,2019-05-30 10:48:00,"131 2nd St, San Francisco, CA 94016",May
202820,Flatscreen TV,1,300.0,2019-05-28 18:15:00,"220 Sunset St, Dallas, TX 75001",May
203749,Flatscreen TV,1,300.0,2019-05-15 01:40:00,"747 14th St, San Francisco, CA 94016",May
208761,Flatscreen TV,1,300.0,2019-05-03 21:06:00,"864 Cedar St, Los Angeles, CA 90001",May
203679,Flatscreen TV,1,300.0,2019-05-19 23:30:00,"230 10th St, Dallas, TX 75001",May
215431,Flatscreen TV,1,300.0,2019-06-22 23:32:00,"424 14th St, San Francisco, CA 94016",June
216958,Flatscreen TV,1,300.0,2019-06-28 17:38:00,"83 North St, Los Angeles, CA 90001",June
210191,Flatscreen TV,1,300.0,2019-06-27 18:47:00,"90 Hickory St, Atlanta, GA 30301",June
222703,Flatscreen TV,1,300.0,2019-06-05 00:26:00,"483 Hickory St, New York City, NY 10001",June
210861,Flatscreen TV,1,300.0,2019-06-13 12:52:00,"240 Willow St, Los Angeles, CA 90001",June
213642,Flatscreen TV,1,300.0,2019-06-12 15:13:00,"771 4th St, Austin, TX 73301",June
221256,Flatscreen TV,1,300.0,2019-06-11 13:41:00,"345 12th St, Los Angeles, CA 90001",June
216670,Flatscreen TV,1,300.0,2019-06-23 13:24:00,"401 2nd St, Atlanta, GA 30301",June
219232,Flatscreen TV,1,300.0,2019-06-15 15:05:00,"454 West St, Los Angeles, CA 90001",June
215741,Flatscreen TV,1,300.0,2019-06-03 21:06:00,"791 Willow St, Los Angeles, CA 90001",June
219737,Flatscreen TV,1,300.0,2019-06-13 22:11:00,"472 4th St, Atlanta, GA 30301",June
217683,Flatscreen TV,1,300.0,2019-06-29 22:38:00,"805 Hill St, Los Angeles, CA 90001",June
219829,Flatscreen TV,1,300.0,2019-06-09 17:04:00,"612 Main St, Dallas, TX 75001",June
216585,Flatscreen TV,1,300.0,2019-06-05 10:41:00,"970 9th St, Boston, MA 02215",June
210310,Flatscreen TV,1,300.0,2019-06-12 10:27:00,"268 Washington St, New York City, NY 10001",June
211562,Flatscreen TV,1,300.0,2019-06-06 12:32:00,"765 Cherry St, Dallas, TX 75001",June
212117,Flatscreen TV,1,300.0,2019-06-27 13:22:00,"941 Maple St, New York City, NY 10001",June
213181,Flatscreen TV,1,300.0,2019-06-25 14:48:00,"791 Johnson St, Portland, OR 97035",June
210205,Flatscreen TV,1,300.0,2019-06-08 16:00:00,"28 13th St, San Francisco, CA 94016",June
215780,Flatscreen TV,1,300.0,2019-06-30 00:41:00,"525 South St, Atlanta, GA 30301",June
217130,Flatscreen TV,1,300.0,2019-06-18 12:22:00,"220 Madison St, San Francisco, CA 94016",June
220014,Flatscreen TV,1,300.0,2019-06-02 22:47:00,"503 Madison St, Los Angeles, CA 90001",June
220977,Flatscreen TV,1,300.0,2019-06-12 19:47:00,"254 South St, Dallas, TX 75001",June
221704,Flatscreen TV,1,300.0,2019-06-03 21:52:00,"712 Pine St, Seattle, WA 98101",June
222108,Flatscreen TV,1,300.0,2019-06-29 12:10:00,"327 8th St, Los Angeles, CA 90001",June
219586,Flatscreen TV,1,300.0,2019-06-12 14:25:00,"941 Pine St, Dallas, TX 75001",June
221966,Flatscreen TV,1,300.0,2019-06-19 21:07:00,"326 Washington St, Seattle, WA 98101",June
212879,Flatscreen TV,1,300.0,2019-06-15 10:16:00,"211 Sunset St, San Francisco, CA 94016",June
213022,Flatscreen TV,1,300.0,2019-06-07 15:50:00,"739 Maple St, Atlanta, GA 30301",June
215758,Flatscreen TV,1,300.0,2019-06-30 21:34:00,"808 14th St, New York City, NY 10001",June
215984,Flatscreen TV,1,300.0,2019-06-19 12:08:00,"411 Madison St, San Francisco, CA 94016",June
217738,Flatscreen TV,1,300.0,2019-06-19 00:02:00,"865 Pine St, New York City, NY 10001",June
220847,Flatscreen TV,1,300.0,2019-06-08 18:55:00,"988 Jefferson St, New York City, NY 10001",June
221621,Flatscreen TV,1,300.0,2019-06-26 12:27:00,"487 6th St, Atlanta, GA 30301",June
212066,Flatscreen TV,1,300.0,2019-06-19 14:29:00,"171 Wilson St, Los Angeles, CA 90001",June
222869,Flatscreen TV,1,300.0,2019-06-30 21:03:00,"464 Ridge St, Boston, MA 02215",June
215181,Flatscreen TV,1,300.0,2019-06-11 19:36:00,"414 Sunset St, New York City, NY 10001",June
217876,Flatscreen TV,1,300.0,2019-06-12 11:26:00,"499 Meadow St, Portland, OR 97035",June
220423,Flatscreen TV,1,300.0,2019-06-23 12:14:00,"112 Hill St, Atlanta, GA 30301",June
213563,Flatscreen TV,1,300.0,2019-06-02 21:11:00,"139 7th St, Austin, TX 73301",June
212451,Flatscreen TV,1,300.0,2019-06-24 17:36:00,"121 Lincoln St, Boston, MA 02215",June
216458,Flatscreen TV,1,300.0,2019-06-15 14:55:00,"124 Park St, Atlanta, GA 30301",June
210962,Flatscreen TV,1,300.0,2019-06-25 09:20:00,"89 Cedar St, New York City, NY 10001",June
211295,Flatscreen TV,1,300.0,2019-06-29 18:04:00,"523 Highland St, San Francisco, CA 94016",June
214424,Flatscreen TV,1,300.0,2019-06-08 23:49:00,"813 1st St, Los Angeles, CA 90001",June
215187,Flatscreen TV,1,300.0,2019-06-15 23:09:00,"476 Hill St, San Francisco, CA 94016",June
219536,Flatscreen TV,1,300.0,2019-06-08 21:36:00,"823 7th St, New York City, NY 10001",June
219740,Flatscreen TV,1,300.0,2019-06-08 12:08:00,"248 Forest St, Portland, ME 04101",June
220783,Flatscreen TV,1,300.0,2019-06-14 15:22:00,"531 13th St, Los Angeles, CA 90001",June
215930,Flatscreen TV,1,300.0,2019-06-29 18:04:00,"940 Center St, Boston, MA 02215",June
216962,Flatscreen TV,1,300.0,2019-06-03 10:41:00,"249 Chestnut St, Atlanta, GA 30301",June
217823,Flatscreen TV,1,300.0,2019-06-19 09:56:00,"77 6th St, San Francisco, CA 94016",June
216727,Flatscreen TV,1,300.0,2019-06-15 23:18:00,"530 2nd St, Los Angeles, CA 90001",June
211093,Flatscreen TV,1,300.0,2019-06-20 16:02:00,"420 10th St, Los Angeles, CA 90001",June
221020,Flatscreen TV,1,300.0,2019-06-22 11:35:00,"61 Hill St, Los Angeles, CA 90001",June
210691,Flatscreen TV,1,300.0,2019-06-08 22:54:00,"42 Church St, Seattle, WA 98101",June
222831,Flatscreen TV,1,300.0,2019-06-01 18:06:00,"565 Madison St, Seattle, WA 98101",June
213339,Flatscreen TV,1,300.0,2019-06-08 11:44:00,"859 Willow St, Atlanta, GA 30301",June
214252,Flatscreen TV,1,300.0,2019-06-29 11:17:00,"155 Center St, San Francisco, CA 94016",June
217342,Flatscreen TV,1,300.0,2019-06-12 16:56:00,"593 Johnson St, Dallas, TX 75001",June
221527,Flatscreen TV,1,300.0,2019-06-15 10:55:00,"135 9th St, Los Angeles, CA 90001",June
210465,Flatscreen TV,1,300.0,2019-06-01 13:04:00,"345 Main St, San Francisco, CA 94016",June
214618,Flatscreen TV,1,300.0,2019-06-27 16:54:00,"204 6th St, New York City, NY 10001",June
217057,Flatscreen TV,1,300.0,2019-06-28 13:24:00,"1 5th St, San Francisco, CA 94016",June
222720,Flatscreen TV,1,300.0,2019-06-30 21:17:00,"875 Lakeview St, New York City, NY 10001",June
216392,Flatscreen TV,1,300.0,2019-06-09 14:28:00,"976 Washington St, New York City, NY 10001",June
228072,Flatscreen TV,1,300.0,2019-07-24 11:31:00,"944 Lakeview St, Atlanta, GA 30301",July
228115,Flatscreen TV,1,300.0,2019-07-15 11:32:00,"692 Lakeview St, Los Angeles, CA 90001",July
229112,Flatscreen TV,1,300.0,2019-07-14 18:31:00,"177 Sunset St, Boston, MA 02215",July
223541,Flatscreen TV,1,300.0,2019-07-29 21:09:00,"172 7th St, New York City, NY 10001",July
232552,Flatscreen TV,1,300.0,2019-07-05 10:32:00,"237 Johnson St, San Francisco, CA 94016",July
234503,Flatscreen TV,1,300.0,2019-07-24 15:33:00,"623 Church St, San Francisco, CA 94016",July
226562,Flatscreen TV,1,300.0,2019-07-08 18:40:00,"369 Cedar St, Boston, MA 02215",July
227496,Flatscreen TV,1,300.0,2019-07-12 19:16:00,"315 Ridge St, San Francisco, CA 94016",July
230829,Flatscreen TV,1,300.0,2019-07-20 08:22:00,"312 5th St, Dallas, TX 75001",July
231208,Flatscreen TV,1,300.0,2019-07-19 14:35:00,"956 Cherry St, Austin, TX 73301",July
234984,Flatscreen TV,1,300.0,2019-07-22 21:01:00,"961 9th St, Dallas, TX 75001",July
230996,Flatscreen TV,1,300.0,2019-07-28 10:19:00,"281 Pine St, Austin, TX 73301",July
225744,Flatscreen TV,1,300.0,2019-07-03 12:57:00,"187 Church St, Portland, OR 97035",July
226124,Flatscreen TV,1,300.0,2019-07-15 14:28:00,"255 10th St, Dallas, TX 75001",July
227075,Flatscreen TV,1,300.0,2019-07-09 16:40:00,"386 4th St, Austin, TX 73301",July
233241,Flatscreen TV,1,300.0,2019-07-06 08:17:00,"383 Pine St, San Francisco, CA 94016",July
224489,Flatscreen TV,1,300.0,2019-07-21 09:47:00,"816 Maple St, San Francisco, CA 94016",July
228020,Flatscreen TV,1,300.0,2019-07-05 14:32:00,"886 Sunset St, Atlanta, GA 30301",July
229557,Flatscreen TV,1,300.0,2019-07-11 12:59:00,"734 Dogwood St, San Francisco, CA 94016",July
235109,Flatscreen TV,1,300.0,2019-07-18 12:49:00,"64 5th St, Boston, MA 02215",July
235316,Flatscreen TV,1,300.0,2019-07-05 00:40:00,"209 Center St, Atlanta, GA 30301",July
227638,Flatscreen TV,1,300.0,2019-07-18 15:15:00,"730 Highland St, San Francisco, CA 94016",July
231158,Flatscreen TV,1,300.0,2019-07-24 14:11:00,"129 Jefferson St, Dallas, TX 75001",July
225420,Flatscreen TV,1,300.0,2019-07-27 18:38:00,"296 7th St, Los Angeles, CA 90001",July
225117,Flatscreen TV,1,300.0,2019-07-02 14:53:00,"273 Hill St, Seattle, WA 98101",July
233651,Flatscreen TV,1,300.0,2019-07-10 12:39:00,"527 Washington St, San Francisco, CA 94016",July
225360,Flatscreen TV,1,300.0,2019-07-22 17:01:00,"222 11th St, Portland, ME 04101",July
235854,Flatscreen TV,1,300.0,2019-07-13 15:58:00,"722 1st St, New York City, NY 10001",July
236419,Flatscreen TV,1,300.0,2019-07-31 15:39:00,"50 Willow St, New York City, NY 10001",July
229168,Flatscreen TV,1,300.0,2019-07-16 22:34:00,"399 Meadow St, Portland, OR 97035",July
232917,Flatscreen TV,1,300.0,2019-07-19 12:12:00,"79 Forest St, Los Angeles, CA 90001",July
235766,Flatscreen TV,1,300.0,2019-07-13 12:54:00,"716 Dogwood St, San Francisco, CA 94016",July
236306,Flatscreen TV,1,300.0,2019-07-04 10:29:00,"695 Elm St, San Francisco, CA 94016",July
236325,Flatscreen TV,1,300.0,2019-07-31 22:31:00,"910 West St, Los Angeles, CA 90001",July
223554,Flatscreen TV,1,300.0,2019-07-04 16:43:00,"90 5th St, San Francisco, CA 94016",July
226323,Flatscreen TV,1,300.0,2019-07-05 13:14:00,"454 Lincoln St, Atlanta, GA 30301",July
234393,Flatscreen TV,1,300.0,2019-07-16 18:49:00,"374 4th St, Dallas, TX 75001",July
225371,Flatscreen TV,1,300.0,2019-07-28 20:23:00,"758 Main St, San Francisco, CA 94016",July
225508,Flatscreen TV,1,300.0,2019-07-13 23:18:00,"648 14th St, Los Angeles, CA 90001",July
234953,Flatscreen TV,1,300.0,2019-07-23 00:32:00,"314 12th St, Dallas, TX 75001",July
231783,Flatscreen TV,1,300.0,2019-07-15 19:56:00,"48 Washington St, Los Angeles, CA 90001",July
231193,Flatscreen TV,1,300.0,2019-07-30 22:49:00,"820 5th St, Dallas, TX 75001",July
225020,Flatscreen TV,1,300.0,2019-07-02 20:27:00,"36 Dogwood St, Seattle, WA 98101",July
230486,Flatscreen TV,1,300.0,2019-07-14 21:15:00,"744 Madison St, San Francisco, CA 94016",July
234913,Flatscreen TV,1,300.0,2019-07-07 12:37:00,"885 9th St, Los Angeles, CA 90001",July
235140,Flatscreen TV,1,300.0,2019-07-16 12:35:00,"567 Pine St, San Francisco, CA 94016",July
236446,Flatscreen TV,1,300.0,2019-07-01 12:41:00,"20 2nd St, Boston, MA 02215",July
236569,Flatscreen TV,1,300.0,2019-07-24 08:04:00,"188 Willow St, Austin, TX 73301",July
235591,Flatscreen TV,1,300.0,2019-07-30 19:07:00,"878 Church St, New York City, NY 10001",July
224574,Flatscreen TV,1,300.0,2019-07-26 22:16:00,"60 5th St, Austin, TX 73301",July
230049,Flatscreen TV,1,300.0,2019-07-13 22:26:00,"919 Willow St, Dallas, TX 75001",July
231542,Flatscreen TV,2,300.0,2019-07-10 15:57:00,"588 Dogwood St, Dallas, TX 75001",July
232661,Flatscreen TV,1,300.0,2019-07-02 21:08:00,"261 Madison St, Boston, MA 02215",July
226676,Flatscreen TV,1,300.0,2019-07-04 23:38:00,"865 West St, Boston, MA 02215",July
231835,Flatscreen TV,1,300.0,2019-07-06 08:06:00,"504 11th St, Los Angeles, CA 90001",July
232853,Flatscreen TV,1,300.0,2019-07-01 22:42:00,"933 1st St, Seattle, WA 98101",July
233838,Flatscreen TV,1,300.0,2019-07-03 14:59:00,"710 Chestnut St, Seattle, WA 98101",July
229298,Flatscreen TV,1,300.0,2019-07-21 13:03:00,"398 8th St, San Francisco, CA 94016",July
224270,Flatscreen TV,1,300.0,2019-07-25 00:58:00,"4 4th St, Los Angeles, CA 90001",July
235185,Flatscreen TV,1,300.0,2019-07-13 21:56:00,"617 12th St, Portland, OR 97035",July
225630,Flatscreen TV,1,300.0,2019-07-07 15:00:00,"531 Center St, New York City, NY 10001",July
227424,Flatscreen TV,1,300.0,2019-07-16 09:46:00,"194 Lakeview St, Atlanta, GA 30301",July
234856,Flatscreen TV,1,300.0,2019-07-13 11:24:00,"54 Walnut St, Seattle, WA 98101",July
223293,Flatscreen TV,1,300.0,2019-07-26 18:41:00,"72 Lakeview St, San Francisco, CA 94016",July
224559,Flatscreen TV,1,300.0,2019-07-16 20:06:00,"542 Chestnut St, Los Angeles, CA 90001",July
230589,Flatscreen TV,1,300.0,2019-07-27 13:38:00,"43 Maple St, Portland, OR 97035",July
232912,Flatscreen TV,1,300.0,2019-07-02 18:13:00,"990 7th St, San Francisco, CA 94016",July
234655,Flatscreen TV,1,300.0,2019-07-13 18:51:00,"278 Center St, Dallas, TX 75001",July
222982,Flatscreen TV,1,300.0,2019-07-28 12:40:00,"651 Ridge St, Portland, OR 97035",July
232794,Flatscreen TV,1,300.0,2019-07-12 07:57:00,"826 Chestnut St, San Francisco, CA 94016",July
235335,Flatscreen TV,1,300.0,2019-07-11 10:05:00,"509 Ridge St, Portland, OR 97035",July
230975,Flatscreen TV,1,300.0,2019-07-30 23:53:00,"383 West St, Los Angeles, CA 90001",July
235215,Flatscreen TV,1,300.0,2019-07-29 00:43:00,"17 7th St, Boston, MA 02215",July
241071,Flatscreen TV,1,300.0,2019-08-03 00:26:00,"604 Pine St, Austin, TX 73301",August
243472,Flatscreen TV,1,300.0,2019-08-12 11:27:00,"730 River St, Boston, MA 02215",August
246321,Flatscreen TV,1,300.0,2019-08-13 18:48:00,"903 Highland St, Boston, MA 02215",August
236853,Flatscreen TV,1,300.0,2019-08-22 00:29:00,"68 11th St, Dallas, TX 75001",August
237421,Flatscreen TV,1,300.0,2019-08-11 14:21:00,"717 7th St, San Francisco, CA 94016",August
241488,Flatscreen TV,1,300.0,2019-08-20 14:19:00,"21 Johnson St, New York City, NY 10001",August
242559,Flatscreen TV,1,300.0,2019-08-14 12:17:00,"624 Jackson St, Los Angeles, CA 90001",August
240414,Flatscreen TV,1,300.0,2019-08-03 22:29:00,"182 Lincoln St, Austin, TX 73301",August
242864,Flatscreen TV,1,300.0,2019-08-06 12:30:00,"678 12th St, Los Angeles, CA 90001",August
244336,Flatscreen TV,1,300.0,2019-08-22 20:23:00,"950 14th St, San Francisco, CA 94016",August
239963,Flatscreen TV,1,300.0,2019-08-15 15:46:00,"496 2nd St, New York City, NY 10001",August
238022,Flatscreen TV,1,300.0,2019-08-07 19:40:00,"743 Hickory St, Los Angeles, CA 90001",August
241616,Flatscreen TV,1,300.0,2019-08-28 13:51:00,"55 Lake St, San Francisco, CA 94016",August
242426,Flatscreen TV,1,300.0,2019-08-13 23:23:00,"751 12th St, San Francisco, CA 94016",August
246145,Flatscreen TV,1,300.0,2019-08-29 07:58:00,"379 Lakeview St, New York City, NY 10001",August
239259,Flatscreen TV,1,300.0,2019-08-21 11:24:00,"271 Sunset St, San Francisco, CA 94016",August
239099,Flatscreen TV,1,300.0,2019-08-06 22:14:00,"411 Madison St, Los Angeles, CA 90001",August
242331,Flatscreen TV,1,300.0,2019-08-10 19:05:00,"367 South St, Los Angeles, CA 90001",August
241401,Flatscreen TV,1,300.0,2019-08-06 10:11:00,"838 Lake St, New York City, NY 10001",August
242451,Flatscreen TV,1,300.0,2019-08-03 14:08:00,"829 11th St, New York City, NY 10001",August
238108,Flatscreen TV,1,300.0,2019-08-17 14:22:00,"561 Highland St, Austin, TX 73301",August
241183,Flatscreen TV,1,300.0,2019-08-12 22:03:00,"405 Forest St, Los Angeles, CA 90001",August
243471,Flatscreen TV,1,300.0,2019-08-07 12:36:00,"815 Lincoln St, Atlanta, GA 30301",August
238307,Flatscreen TV,1,300.0,2019-08-04 20:15:00,"731 Ridge St, Los Angeles, CA 90001",August
240123,Flatscreen TV,1,300.0,2019-08-15 05:33:00,"361 2nd St, San Francisco, CA 94016",August
238609,Flatscreen TV,1,300.0,2019-08-26 20:54:00,"417 Cherry St, Boston, MA 02215",August
243461,Flatscreen TV,1,300.0,2019-08-09 17:58:00,"481 9th St, San Francisco, CA 94016",August
242387,Flatscreen TV,1,300.0,2019-08-21 13:55:00,"417 6th St, New York City, NY 10001",August
243291,Flatscreen TV,1,300.0,2019-08-19 12:35:00,"284 Main St, Los Angeles, CA 90001",August
239179,Flatscreen TV,1,300.0,2019-08-06 13:32:00,"770 1st St, San Francisco, CA 94016",August
246994,Flatscreen TV,1,300.0,2019-08-21 07:05:00,"441 Adams St, Seattle, WA 98101",August
239921,Flatscreen TV,1,300.0,2019-08-16 15:27:00,"801 1st St, San Francisco, CA 94016",August
239958,Flatscreen TV,1,300.0,2019-08-28 14:34:00,"247 River St, Atlanta, GA 30301",August
240769,Flatscreen TV,1,300.0,2019-08-23 06:40:00,"832 6th St, San Francisco, CA 94016",August
244724,Flatscreen TV,1,300.0,2019-08-20 22:41:00,"569 South St, Atlanta, GA 30301",August
240331,Flatscreen TV,1,300.0,2019-08-21 17:15:00,"371 4th St, Portland, OR 97035",August
240997,Flatscreen TV,1,300.0,2019-08-24 12:38:00,"945 Meadow St, Dallas, TX 75001",August
247795,Flatscreen TV,1,300.0,2019-08-29 03:24:00,"833 Center St, Dallas, TX 75001",August
247951,Flatscreen TV,1,300.0,2019-08-05 10:36:00,"427 Forest St, Los Angeles, CA 90001",August
236758,Flatscreen TV,1,300.0,2019-08-18 13:55:00,"155 Hickory St, Los Angeles, CA 90001",August
244946,Flatscreen TV,1,300.0,2019-08-21 22:11:00,"204 Jefferson St, San Francisco, CA 94016",August
238050,Flatscreen TV,1,300.0,2019-08-25 15:54:00,"755 12th St, San Francisco, CA 94016",August
245816,Flatscreen TV,1,300.0,2019-08-17 22:47:00,"578 Jackson St, Portland, OR 97035",August
246146,Flatscreen TV,1,300.0,2019-08-07 07:49:00,"607 Forest St, New York City, NY 10001",August
239615,Flatscreen TV,1,300.0,2019-08-24 21:49:00,"454 Highland St, San Francisco, CA 94016",August
239541,Flatscreen TV,1,300.0,2019-08-08 14:59:00,"20 2nd St, New York City, NY 10001",August
243016,Flatscreen TV,1,300.0,2019-08-15 19:04:00,"97 Lakeview St, Seattle, WA 98101",August
237537,Flatscreen TV,1,300.0,2019-08-27 17:20:00,"945 Sunset St, Dallas, TX 75001",August
241750,Flatscreen TV,1,300.0,2019-08-06 19:47:00,"567 Hill St, Boston, MA 02215",August
245619,Flatscreen TV,1,300.0,2019-08-13 03:39:00,"215 13th St, Los Angeles, CA 90001",August
239948,Flatscreen TV,1,300.0,2019-08-22 07:34:00,"660 7th St, Los Angeles, CA 90001",August
242476,Flatscreen TV,1,300.0,2019-08-27 17:33:00,"855 Ridge St, San Francisco, CA 94016",August
247301,Flatscreen TV,1,300.0,2019-08-27 21:24:00,"807 Spruce St, San Francisco, CA 94016",August
249212,Flatscreen TV,1,300.0,2019-09-06 02:36:00,"960 North St, Austin, TX 73301",September
252652,Flatscreen TV,1,300.0,2019-09-18 20:47:00,"558 Elm St, Los Angeles, CA 90001",September
258351,Flatscreen TV,1,300.0,2019-09-14 14:53:00,"505 Jackson St, Boston, MA 02215",September
248890,Flatscreen TV,1,300.0,2019-09-06 18:45:00,"741 Cedar St, Dallas, TX 75001",September
249108,Flatscreen TV,1,300.0,2019-09-15 16:02:00,"206 West St, Dallas, TX 75001",September
256900,Flatscreen TV,1,300.0,2019-09-15 20:37:00,"751 13th St, New York City, NY 10001",September
249937,Flatscreen TV,1,300.0,2019-09-15 16:34:00,"774 8th St, Dallas, TX 75001",September
252713,Flatscreen TV,1,300.0,2019-09-02 21:36:00,"455 Wilson St, Los Angeles, CA 90001",September
254702,Flatscreen TV,1,300.0,2019-09-09 18:25:00,"500 6th St, San Francisco, CA 94016",September
258964,Flatscreen TV,1,300.0,2019-09-18 17:17:00,"987 Sunset St, San Francisco, CA 94016",September
252466,Flatscreen TV,1,300.0,2019-09-20 23:44:00,"346 Jefferson St, Atlanta, GA 30301",September
253542,Flatscreen TV,1,300.0,2019-09-27 19:08:00,"907 Lincoln St, San Francisco, CA 94016",September
255721,Flatscreen TV,1,300.0,2019-09-30 00:46:00,"242 Main St, San Francisco, CA 94016",September
257955,Flatscreen TV,1,300.0,2019-09-06 16:11:00,"588 Adams St, San Francisco, CA 94016",September
249117,Flatscreen TV,1,300.0,2019-09-11 12:44:00,"107 Hickory St, San Francisco, CA 94016",September
250270,Flatscreen TV,1,300.0,2019-09-21 20:32:00,"680 Forest St, Dallas, TX 75001",September
251532,Flatscreen TV,1,300.0,2019-09-17 15:11:00,"268 Willow St, San Francisco, CA 94016",September
256601,Flatscreen TV,1,300.0,2019-09-02 12:22:00,"887 Forest St, San Francisco, CA 94016",September
258806,Flatscreen TV,1,300.0,2019-09-12 19:08:00,"18 Spruce St, Los Angeles, CA 90001",September
256193,Flatscreen TV,1,300.0,2019-09-04 16:58:00,"461 Church St, Seattle, WA 98101",September
249240,Flatscreen TV,1,300.0,2019-09-05 19:58:00,"378 Highland St, Atlanta, GA 30301",September
250952,Flatscreen TV,1,300.0,2019-09-17 17:05:00,"370 Chestnut St, Boston, MA 02215",September
248652,Flatscreen TV,1,300.0,2019-09-13 15:46:00,"962 Park St, Seattle, WA 98101",September
254727,Flatscreen TV,1,300.0,2019-09-12 12:44:00,"546 1st St, San Francisco, CA 94016",September
255465,Flatscreen TV,1,300.0,2019-09-11 12:39:00,"905 Wilson St, New York City, NY 10001",September
256266,Flatscreen TV,1,300.0,2019-09-23 11:40:00,"81 Walnut St, San Francisco, CA 94016",September
255714,Flatscreen TV,1,300.0,2019-09-02 19:43:00,"297 12th St, Seattle, WA 98101",September
256617,Flatscreen TV,1,300.0,2019-09-28 13:07:00,"222 11th St, San Francisco, CA 94016",September
250611,Flatscreen TV,1,300.0,2019-09-03 17:17:00,"617 Madison St, Austin, TX 73301",September
251712,Flatscreen TV,1,300.0,2019-09-13 20:03:00,"909 Wilson St, Seattle, WA 98101",September
251885,Flatscreen TV,1,300.0,2019-09-02 21:12:00,"947 Chestnut St, Portland, OR 97035",September
258955,Flatscreen TV,1,300.0,2019-09-06 20:11:00,"702 Park St, New York City, NY 10001",September
250128,Flatscreen TV,1,300.0,2019-09-05 20:11:00,"808 Maple St, New York City, NY 10001",September
251116,Flatscreen TV,1,300.0,2019-09-05 16:57:00,"464 Forest St, San Francisco, CA 94016",September
252080,Flatscreen TV,1,300.0,2019-09-20 10:05:00,"680 Ridge St, San Francisco, CA 94016",September
250912,Flatscreen TV,1,300.0,2019-09-24 23:27:00,"563 2nd St, Austin, TX 73301",September
251705,Flatscreen TV,1,300.0,2019-09-05 10:42:00,"132 2nd St, Seattle, WA 98101",September
251718,Flatscreen TV,1,300.0,2019-09-02 00:51:00,"659 Wilson St, Boston, MA 02215",September
259020,Flatscreen TV,1,300.0,2019-09-23 12:38:00,"635 North St, Los Angeles, CA 90001",September
251132,Flatscreen TV,1,300.0,2019-09-26 06:30:00,"406 Lincoln St, San Francisco, CA 94016",September
255724,Flatscreen TV,1,300.0,2019-09-27 10:46:00,"498 River St, San Francisco, CA 94016",September
250670,Flatscreen TV,1,300.0,2019-09-19 19:39:00,"928 West St, Portland, OR 97035",September
253683,Flatscreen TV,1,300.0,2019-09-14 08:40:00,"241 Highland St, San Francisco, CA 94016",September
249133,Flatscreen TV,1,300.0,2019-09-11 10:47:00,"309 Spruce St, New York City, NY 10001",September
251818,Flatscreen TV,1,300.0,2019-09-30 07:39:00,"412 2nd St, Portland, OR 97035",September
253607,Flatscreen TV,1,300.0,2019-09-20 20:30:00,"587 Lincoln St, Seattle, WA 98101",September
258999,Flatscreen TV,1,300.0,2019-09-18 17:43:00,"315 Washington St, Portland, OR 97035",September
265211,Flatscreen TV,1,300.0,2019-10-03 21:11:00,"613 Chestnut St, New York City, NY 10001",October
267328,Flatscreen TV,1,300.0,2019-10-06 00:41:00,"263 Church St, San Francisco, CA 94016",October
271325,Flatscreen TV,1,300.0,2019-10-18 15:34:00,"785 11th St, New York City, NY 10001",October
261829,Flatscreen TV,1,300.0,2019-10-16 16:36:00,"132 West St, San Francisco, CA 94016",October
262936,Flatscreen TV,1,300.0,2019-10-17 22:52:00,"764 11th St, San Francisco, CA 94016",October
264876,Flatscreen TV,1,300.0,2019-10-18 08:13:00,"437 Highland St, Dallas, TX 75001",October
265125,Flatscreen TV,1,300.0,2019-10-07 13:36:00,"624 8th St, Boston, MA 02215",October
265486,Flatscreen TV,1,300.0,2019-10-11 09:59:00,"259 Wilson St, New York City, NY 10001",October
268520,Flatscreen TV,1,300.0,2019-10-18 18:27:00,"637 Maple St, New York City, NY 10001",October
271033,Flatscreen TV,1,300.0,2019-10-03 18:39:00,"115 13th St, Los Angeles, CA 90001",October
275535,Flatscreen TV,1,300.0,2019-10-14 00:57:00,"905 Lakeview St, San Francisco, CA 94016",October
260064,Flatscreen TV,1,300.0,2019-10-21 14:14:00,"33 Johnson St, Boston, MA 02215",October
266993,Flatscreen TV,2,300.0,2019-10-21 16:47:00,"646 9th St, Los Angeles, CA 90001",October
267520,Flatscreen TV,1,300.0,2019-10-04 18:40:00,"126 Chestnut St, San Francisco, CA 94016",October
275770,Flatscreen TV,1,300.0,2019-10-01 22:42:00,"327 Jefferson St, Boston, MA 02215",October
266099,Flatscreen TV,1,300.0,2019-10-31 09:13:00,"109 Chestnut St, Atlanta, GA 30301",October
267282,Flatscreen TV,1,300.0,2019-10-06 23:50:00,"433 Main St, Atlanta, GA 30301",October
267572,Flatscreen TV,1,300.0,2019-10-23 12:32:00,"132 Hill St, Atlanta, GA 30301",October
271054,Flatscreen TV,1,300.0,2019-10-18 11:53:00,"986 Center St, New York City, NY 10001",October
260881,Flatscreen TV,1,300.0,2019-10-10 10:34:00,"690 Maple St, Portland, OR 97035",October
263938,Flatscreen TV,1,300.0,2019-10-27 22:01:00,"444 Lincoln St, Seattle, WA 98101",October
276260,Flatscreen TV,1,300.0,2019-10-21 12:06:00,"695 Johnson St, Los Angeles, CA 90001",October
260263,Flatscreen TV,1,300.0,2019-10-02 15:02:00,"903 2nd St, Seattle, WA 98101",October
263986,Flatscreen TV,1,300.0,2019-10-19 13:56:00,"668 7th St, San Francisco, CA 94016",October
273252,Flatscreen TV,1,300.0,2019-10-29 21:46:00,"194 Chestnut St, Austin, TX 73301",October
274122,Flatscreen TV,1,300.0,2019-10-28 15:28:00,"170 8th St, Austin, TX 73301",October
275184,Flatscreen TV,1,300.0,2019-10-31 16:52:00,"524 Cedar St, Los Angeles, CA 90001",October
270249,Flatscreen TV,1,300.0,2019-10-01 16:02:00,"422 13th St, Dallas, TX 75001",October
275668,Flatscreen TV,1,300.0,2019-10-26 16:04:00,"685 Cherry St, Atlanta, GA 30301",October
278029,Flatscreen TV,1,300.0,2019-10-09 19:39:00,"491 Pine St, Los Angeles, CA 90001",October
277551,Flatscreen TV,1,300.0,2019-10-02 15:54:00,"391 Jackson St, Austin, TX 73301",October
262801,Flatscreen TV,1,300.0,2019-10-22 16:58:00,"581 11th St, Los Angeles, CA 90001",October
263346,Flatscreen TV,1,300.0,2019-10-21 18:23:00,"846 1st St, San Francisco, CA 94016",October
267017,Flatscreen TV,1,300.0,2019-10-27 14:20:00,"123 Willow St, Portland, OR 97035",October
273343,Flatscreen TV,1,300.0,2019-10-17 15:09:00,"762 Forest St, Seattle, WA 98101",October
259453,Flatscreen TV,1,300.0,2019-10-10 12:59:00,"94 Spruce St, Los Angeles, CA 90001",October
264198,Flatscreen TV,1,300.0,2019-10-23 17:58:00,"889 5th St, Los Angeles, CA 90001",October
277173,Flatscreen TV,1,300.0,2019-10-16 19:33:00,"752 Johnson St, San Francisco, CA 94016",October
260100,Flatscreen TV,1,300.0,2019-10-25 21:55:00,"819 14th St, Atlanta, GA 30301",October
274561,Flatscreen TV,1,300.0,2019-10-15 11:37:00,"244 North St, Dallas, TX 75001",October
259787,Flatscreen TV,1,300.0,2019-10-04 16:59:00,"421 7th St, New York City, NY 10001",October
276702,Flatscreen TV,1,300.0,2019-10-07 22:19:00,"935 Church St, Los Angeles, CA 90001",October
261895,Flatscreen TV,1,300.0,2019-10-31 21:31:00,"552 Madison St, Seattle, WA 98101",October
261596,Flatscreen TV,1,300.0,2019-10-12 11:26:00,"603 Cedar St, Portland, OR 97035",October
271668,Flatscreen TV,1,300.0,2019-10-19 21:51:00,"288 Walnut St, Seattle, WA 98101",October
265334,Flatscreen TV,1,300.0,2019-10-11 00:37:00,"177 Hickory St, San Francisco, CA 94016",October
266169,Flatscreen TV,1,300.0,2019-10-28 08:45:00,"384 Chestnut St, San Francisco, CA 94016",October
273618,Flatscreen TV,1,300.0,2019-10-11 08:55:00,"158 Lakeview St, New York City, NY 10001",October
275189,Flatscreen TV,1,300.0,2019-10-31 23:50:00,"668 9th St, New York City, NY 10001",October
275887,Flatscreen TV,1,300.0,2019-10-09 11:26:00,"749 14th St, San Francisco, CA 94016",October
277713,Flatscreen TV,1,300.0,2019-10-02 03:37:00,"986 North St, Los Angeles, CA 90001",October
264532,Flatscreen TV,1,300.0,2019-10-19 17:34:00,"473 Meadow St, New York City, NY 10001",October
265558,Flatscreen TV,1,300.0,2019-10-17 19:22:00,"842 Madison St, Austin, TX 73301",October
265796,Flatscreen TV,1,300.0,2019-10-15 12:17:00,"810 Cedar St, Portland, OR 97035",October
278657,Flatscreen TV,1,300.0,2019-10-10 18:18:00,"693 11th St, Seattle, WA 98101",October
260404,Flatscreen TV,1,300.0,2019-10-24 22:12:00,"937 4th St, San Francisco, CA 94016",October
273845,Flatscreen TV,1,300.0,2019-10-25 13:01:00,"555 Hill St, Boston, MA 02215",October
275332,Flatscreen TV,1,300.0,2019-10-27 10:09:00,"512 Madison St, Austin, TX 73301",October
272707,Flatscreen TV,1,300.0,2019-10-20 21:05:00,"499 Lakeview St, Seattle, WA 98101",October
273029,Flatscreen TV,1,300.0,2019-10-05 00:03:00,"947 7th St, New York City, NY 10001",October
274666,Flatscreen TV,1,300.0,2019-10-26 18:15:00,"380 Cherry St, San Francisco, CA 94016",October
267887,Flatscreen TV,1,300.0,2019-10-05 19:34:00,"47 South St, New York City, NY 10001",October
273826,Flatscreen TV,1,300.0,2019-10-03 14:15:00,"459 Ridge St, New York City, NY 10001",October
266048,Flatscreen TV,1,300.0,2019-10-30 13:39:00,"269 Lake St, Dallas, TX 75001",October
270788,Flatscreen TV,1,300.0,2019-10-23 01:07:00,"424 Maple St, San Francisco, CA 94016",October
274591,Flatscreen TV,1,300.0,2019-10-08 11:27:00,"647 West St, Austin, TX 73301",October
260752,Flatscreen TV,1,300.0,2019-10-07 08:18:00,"36 Park St, Atlanta, GA 30301",October
267470,Flatscreen TV,1,300.0,2019-10-16 21:35:00,"766 Church St, Boston, MA 02215",October
276798,Flatscreen TV,1,300.0,2019-10-11 13:03:00,"220 Johnson St, New York City, NY 10001",October
275580,Flatscreen TV,1,300.0,2019-10-01 22:17:00,"906 12th St, Seattle, WA 98101",October
276487,Flatscreen TV,1,300.0,2019-10-06 13:16:00,"310 Center St, Boston, MA 02215",October
276617,Flatscreen TV,1,300.0,2019-10-10 21:10:00,"193 1st St, Atlanta, GA 30301",October
270961,Flatscreen TV,1,300.0,2019-10-19 21:55:00,"680 Hill St, Dallas, TX 75001",October
261542,Flatscreen TV,1,300.0,2019-10-05 17:31:00,"951 Adams St, New York City, NY 10001",October
275754,Flatscreen TV,1,300.0,2019-10-01 16:48:00,"998 7th St, Boston, MA 02215",October
268192,Flatscreen TV,1,300.0,2019-10-22 20:27:00,"180 Willow St, New York City, NY 10001",October
269386,Flatscreen TV,1,300.0,2019-10-15 11:34:00,"490 4th St, San Francisco, CA 94016",October
260622,Flatscreen TV,1,300.0,2019-10-02 12:23:00,"823 West St, Portland, OR 97035",October
261509,Flatscreen TV,1,300.0,2019-10-14 11:39:00,"919 Wilson St, Boston, MA 02215",October
268168,Flatscreen TV,1,300.0,2019-10-07 09:14:00,"884 River St, Atlanta, GA 30301",October
270658,Flatscreen TV,1,300.0,2019-10-08 08:23:00,"872 4th St, San Francisco, CA 94016",October
259494,Flatscreen TV,1,300.0,2019-10-06 19:12:00,"252 Lake St, Atlanta, GA 30301",October
265718,Flatscreen TV,1,300.0,2019-10-04 21:07:00,"806 Jackson St, San Francisco, CA 94016",October
270221,Flatscreen TV,1,300.0,2019-10-31 12:11:00,"673 Willow St, Portland, OR 97035",October
275952,Flatscreen TV,1,300.0,2019-10-19 19:34:00,"964 14th St, Dallas, TX 75001",October
262507,Flatscreen TV,1,300.0,2019-10-14 22:26:00,"184 Hill St, San Francisco, CA 94016",October
265706,Flatscreen TV,1,300.0,2019-10-08 15:09:00,"949 2nd St, San Francisco, CA 94016",October
266461,Flatscreen TV,1,300.0,2019-10-02 21:23:00,"209 Adams St, San Francisco, CA 94016",October
275055,Flatscreen TV,1,300.0,2019-10-15 06:15:00,"154 Lake St, San Francisco, CA 94016",October
280418,Flatscreen TV,1,300.0,2019-11-15 06:16:00,"509 Hill St, Dallas, TX 75001",November
280827,Flatscreen TV,1,300.0,2019-11-02 09:21:00,"13 Ridge St, Atlanta, GA 30301",November
282687,Flatscreen TV,1,300.0,2019-11-11 18:37:00,"928 Lincoln St, Portland, OR 97035",November
291613,Flatscreen TV,1,300.0,2019-11-06 21:44:00,"388 Park St, Dallas, TX 75001",November
284710,Flatscreen TV,1,300.0,2019-11-14 18:29:00,"92 Spruce St, San Francisco, CA 94016",November
285653,Flatscreen TV,1,300.0,2019-11-20 12:41:00,"950 2nd St, Austin, TX 73301",November
294347,Flatscreen TV,1,300.0,2019-11-30 08:24:00,"518 Dogwood St, Los Angeles, CA 90001",November
283924,Flatscreen TV,1,300.0,2019-11-14 19:02:00,"68 Cherry St, Atlanta, GA 30301",November
289376,Flatscreen TV,1,300.0,2019-11-24 12:36:00,"266 Ridge St, Atlanta, GA 30301",November
279887,Flatscreen TV,1,300.0,2019-11-24 09:00:00,"654 Chestnut St, Atlanta, GA 30301",November
282287,Flatscreen TV,1,300.0,2019-11-01 20:54:00,"618 Pine St, Atlanta, GA 30301",November
279131,Flatscreen TV,1,300.0,2019-11-02 15:21:00,"880 Dogwood St, Los Angeles, CA 90001",November
280656,Flatscreen TV,1,300.0,2019-11-02 07:08:00,"773 Jackson St, Seattle, WA 98101",November
280731,Flatscreen TV,1,300.0,2019-11-09 18:34:00,"707 Willow St, Portland, OR 97035",November
295157,Flatscreen TV,1,300.0,2019-11-28 21:16:00,"513 6th St, Portland, OR 97035",November
290203,Flatscreen TV,1,300.0,2019-11-14 10:22:00,"621 5th St, San Francisco, CA 94016",November
278994,Flatscreen TV,1,300.0,2019-11-11 19:36:00,"774 Lake St, New York City, NY 10001",November
283095,Flatscreen TV,1,300.0,2019-12-01 01:24:00,"9 Chestnut St, Los Angeles, CA 90001",December
279364,Flatscreen TV,1,300.0,2019-11-11 18:14:00,"863 11th St, Boston, MA 02215",November
284981,Flatscreen TV,1,300.0,2019-11-05 21:10:00,"668 Ridge St, San Francisco, CA 94016",November
278884,Flatscreen TV,1,300.0,2019-11-09 23:48:00,"288 Washington St, Portland, OR 97035",November
282462,Flatscreen TV,1,300.0,2019-11-24 11:34:00,"159 4th St, New York City, NY 10001",November
289364,Flatscreen TV,1,300.0,2019-11-16 12:33:00,"948 Wilson St, San Francisco, CA 94016",November
292051,Flatscreen TV,1,300.0,2019-11-20 14:18:00,"964 Cedar St, Portland, OR 97035",November
294146,Flatscreen TV,1,300.0,2019-11-02 06:26:00,"341 West St, Atlanta, GA 30301",November
281533,Flatscreen TV,1,300.0,2019-11-24 13:02:00,"489 Jackson St, Seattle, WA 98101",November
284414,Flatscreen TV,1,300.0,2019-11-26 14:32:00,"950 South St, San Francisco, CA 94016",November
289886,Flatscreen TV,1,300.0,2019-11-09 14:38:00,"896 2nd St, Seattle, WA 98101",November
279006,Flatscreen TV,1,300.0,2019-11-30 12:04:00,"807 Meadow St, Boston, MA 02215",November
279732,Flatscreen TV,1,300.0,2019-11-12 06:52:00,"812 Main St, Boston, MA 02215",November
283738,Flatscreen TV,1,300.0,2019-11-26 16:49:00,"744 11th St, New York City, NY 10001",November
285391,Flatscreen TV,1,300.0,2019-11-14 11:31:00,"135 Walnut St, Dallas, TX 75001",November
287996,Flatscreen TV,1,300.0,2019-11-27 13:56:00,"599 7th St, Austin, TX 73301",November
294274,Flatscreen TV,1,300.0,2019-11-15 23:20:00,"327 Forest St, Atlanta, GA 30301",November
279915,Flatscreen TV,1,300.0,2019-11-24 21:15:00,"945 Church St, Boston, MA 02215",November
280692,Flatscreen TV,1,300.0,2019-11-01 11:40:00,"787 South St, Portland, OR 97035",November
284036,Flatscreen TV,1,300.0,2019-11-20 14:37:00,"680 Spruce St, New York City, NY 10001",November
291629,Flatscreen TV,1,300.0,2019-11-13 19:40:00,"375 11th St, Los Angeles, CA 90001",November
289980,Flatscreen TV,1,300.0,2019-11-01 09:49:00,"393 Lake St, San Francisco, CA 94016",November
291142,Flatscreen TV,1,300.0,2019-11-28 12:13:00,"162 North St, Los Angeles, CA 90001",November
291383,Flatscreen TV,1,300.0,2019-11-26 20:52:00,"72 Jackson St, Boston, MA 02215",November
291133,Flatscreen TV,1,300.0,2019-11-28 20:24:00,"465 Jefferson St, Seattle, WA 98101",November
294723,Flatscreen TV,1,300.0,2019-11-19 08:40:00,"243 14th St, Boston, MA 02215",November
287576,Flatscreen TV,1,300.0,2019-11-19 09:44:00,"942 Ridge St, Seattle, WA 98101",November
293637,Flatscreen TV,1,300.0,2019-11-30 12:05:00,"376 2nd St, Boston, MA 02215",November
278989,Flatscreen TV,1,300.0,2019-11-09 19:24:00,"218 Willow St, San Francisco, CA 94016",November
284451,Flatscreen TV,1,300.0,2019-11-22 16:55:00,"214 Jackson St, San Francisco, CA 94016",November
281888,Flatscreen TV,1,300.0,2019-11-22 11:03:00,"73 Jackson St, Portland, OR 97035",November
282428,Flatscreen TV,1,300.0,2019-11-02 10:49:00,"49 West St, Seattle, WA 98101",November
286786,Flatscreen TV,1,300.0,2019-11-27 13:53:00,"214 8th St, Portland, ME 04101",November
288829,Flatscreen TV,1,300.0,2019-11-27 21:22:00,"186 7th St, Austin, TX 73301",November
291246,Flatscreen TV,1,300.0,2019-11-30 15:53:00,"654 Ridge St, Atlanta, GA 30301",November
293374,Flatscreen TV,1,300.0,2019-11-13 12:12:00,"409 Wilson St, Austin, TX 73301",November
293888,Flatscreen TV,1,300.0,2019-11-04 19:23:00,"250 Hill St, Portland, OR 97035",November
294582,Flatscreen TV,1,300.0,2019-11-02 21:07:00,"76 Walnut St, New York City, NY 10001",November
293414,Flatscreen TV,1,300.0,2019-11-07 20:46:00,"428 Madison St, Austin, TX 73301",November
286825,Flatscreen TV,1,300.0,2019-11-21 07:29:00,"965 Park St, Los Angeles, CA 90001",November
287119,Flatscreen TV,1,300.0,2019-11-29 20:36:00,"516 Lake St, San Francisco, CA 94016",November
285786,Flatscreen TV,1,300.0,2019-11-21 18:33:00,"76 6th St, Boston, MA 02215",November
287647,Flatscreen TV,1,300.0,2019-11-17 06:23:00,"469 Willow St, Los Angeles, CA 90001",November
287815,Flatscreen TV,1,300.0,2019-11-07 20:12:00,"204 Hill St, Atlanta, GA 30301",November
293594,Flatscreen TV,1,300.0,2019-11-16 12:06:00,"611 13th St, Dallas, TX 75001",November
278838,Flatscreen TV,1,300.0,2019-11-12 15:37:00,"835 Main St, San Francisco, CA 94016",November
282678,Flatscreen TV,1,300.0,2019-11-17 19:32:00,"270 Madison St, San Francisco, CA 94016",November
294878,Flatscreen TV,1,300.0,2019-11-13 16:46:00,"482 9th St, Los Angeles, CA 90001",November
283354,Flatscreen TV,1,300.0,2019-11-02 18:35:00,"150 South St, Boston, MA 02215",November
287474,Flatscreen TV,1,300.0,2019-11-18 20:10:00,"418 5th St, Dallas, TX 75001",November
291239,Flatscreen TV,1,300.0,2019-11-20 16:31:00,"143 Lincoln St, Portland, OR 97035",November
295460,Flatscreen TV,1,300.0,2019-11-13 20:11:00,"782 13th St, Boston, MA 02215",November
306355,Flatscreen TV,1,300.0,2019-12-13 19:07:00,"222 Center St, Atlanta, GA 30301",December
316432,Flatscreen TV,1,300.0,2019-12-19 17:53:00,"571 Center St, Dallas, TX 75001",December
302336,Flatscreen TV,1,300.0,2019-12-12 12:38:00,"626 7th St, New York City, NY 10001",December
316770,Flatscreen TV,1,300.0,2019-12-11 07:46:00,"331 14th St, Los Angeles, CA 90001",December
299916,Flatscreen TV,1,300.0,2019-12-24 12:20:00,"415 South St, New York City, NY 10001",December
300590,Flatscreen TV,1,300.0,2019-12-17 16:19:00,"885 Lincoln St, Boston, MA 02215",December
304795,Flatscreen TV,1,300.0,2019-12-16 19:41:00,"50 River St, New York City, NY 10001",December
305396,Flatscreen TV,1,300.0,2019-12-23 17:26:00,"474 8th St, Dallas, TX 75001",December
309658,Flatscreen TV,1,300.0,2019-12-24 09:35:00,"977 1st St, Boston, MA 02215",December
310704,Flatscreen TV,1,300.0,2019-12-26 17:48:00,"499 Cedar St, New York City, NY 10001",December
316706,Flatscreen TV,1,300.0,2019-12-05 20:32:00,"851 Jefferson St, Boston, MA 02215",December
305082,Flatscreen TV,1,300.0,2019-12-02 10:46:00,"139 Cedar St, Portland, OR 97035",December
310830,Flatscreen TV,1,300.0,2019-12-27 11:17:00,"61 Wilson St, Atlanta, GA 30301",December
304047,Flatscreen TV,1,300.0,2019-12-20 20:27:00,"312 1st St, Austin, TX 73301",December
306832,Flatscreen TV,1,300.0,2019-12-09 22:34:00,"90 Maple St, Seattle, WA 98101",December
308465,Flatscreen TV,1,300.0,2019-12-11 00:33:00,"368 West St, Boston, MA 02215",December
318067,Flatscreen TV,1,300.0,2019-12-05 21:19:00,"743 Pine St, Dallas, TX 75001",December
318219,Flatscreen TV,1,300.0,2019-12-18 19:49:00,"332 Dogwood St, New York City, NY 10001",December
314486,Flatscreen TV,1,300.0,2019-12-05 20:40:00,"945 Jefferson St, San Francisco, CA 94016",December
296819,Flatscreen TV,1,300.0,2019-12-15 10:27:00,"530 Wilson St, Los Angeles, CA 90001",December
300133,Flatscreen TV,1,300.0,2019-12-09 20:01:00,"674 Walnut St, San Francisco, CA 94016",December
302504,Flatscreen TV,1,300.0,2019-12-03 11:05:00,"603 Lake St, Dallas, TX 75001",December
304172,Flatscreen TV,1,300.0,2019-12-31 11:10:00,"386 Maple St, Portland, OR 97035",December
316463,Flatscreen TV,1,300.0,2019-12-14 19:23:00,"756 Adams St, Portland, OR 97035",December
308783,Flatscreen TV,1,300.0,2019-12-21 10:37:00,"564 West St, Los Angeles, CA 90001",December
318722,Flatscreen TV,1,300.0,2019-12-14 11:33:00,"512 Jackson St, Dallas, TX 75001",December
296248,Flatscreen TV,1,300.0,2019-12-04 16:24:00,"722 Forest St, New York City, NY 10001",December
297838,Flatscreen TV,1,300.0,2019-12-01 20:45:00,"48 10th St, Seattle, WA 98101",December
157075,Flatscreen TV,1,300.0,2019-02-17 11:05:00,"862 Park St, Atlanta, GA 30301",February
207461,Flatscreen TV,1,300.0,2019-05-26 14:00:00,"505 Dogwood St, San Francisco, CA 94016",May
195078,Flatscreen TV,1,300.0,2019-05-25 22:08:00,"629 Meadow St, San Francisco, CA 94016",May
194147,Flatscreen TV,1,300.0,2019-05-18 10:18:00,"963 2nd St, New York City, NY 10001",May
247536,Flatscreen TV,1,300.0,2019-08-13 10:27:00,"144 Lakeview St, Los Angeles, CA 90001",August
245262,Flatscreen TV,1,300.0,2019-08-05 17:00:00,"941 Park St, Seattle, WA 98101",August
253973,Flatscreen TV,1,300.0,2019-09-08 16:37:00,"710 Jackson St, Austin, TX 73301",September
265786,Flatscreen TV,1,300.0,2019-10-23 11:04:00,"677 Pine St, San Francisco, CA 94016",October
266338,Flatscreen TV,1,300.0,2019-10-21 01:36:00,"670 Jackson St, Boston, MA 02215",October
265166,Flatscreen TV,1,300.0,2019-10-05 15:17:00,"289 Lake St, New York City, NY 10001",October
268160,Flatscreen TV,1,300.0,2019-10-24 15:59:00,"583 Hill St, Los Angeles, CA 90001",October
276411,Flatscreen TV,1,300.0,2019-10-03 06:32:00,"800 Center St, San Francisco, CA 94016",October
285363,Flatscreen TV,1,300.0,2019-11-20 21:15:00,"196 Madison St, San Francisco, CA 94016",November
295471,Flatscreen TV,1,300.0,2019-11-14 13:09:00,"668 Willow St, San Francisco, CA 94016",November
288982,Flatscreen TV,1,300.0,2019-11-20 13:53:00,"170 Highland St, Austin, TX 73301",November
284834,Flatscreen TV,1,300.0,2019-11-14 11:15:00,"976 Jackson St, Seattle, WA 98101",November
292389,Flatscreen TV,1,300.0,2019-11-19 09:55:00,"84 Main St, Los Angeles, CA 90001",November
295434,Flatscreen TV,1,300.0,2019-11-30 14:29:00,"438 Lakeview St, Dallas, TX 75001",November
303851,Flatscreen TV,1,300.0,2019-12-13 15:06:00,"280 South St, Los Angeles, CA 90001",December
314094,Flatscreen TV,1,300.0,2019-12-29 10:07:00,"512 Walnut St, San Francisco, CA 94016",December
315462,Flatscreen TV,1,300.0,2019-12-03 16:47:00,"514 Church St, Austin, TX 73301",December
318519,Flatscreen TV,1,300.0,2019-12-14 10:53:00,"141 Dogwood St, New York City, NY 10001",December
302997,Flatscreen TV,1,300.0,2019-12-11 02:24:00,"958 Hill St, Los Angeles, CA 90001",December
296103,Flatscreen TV,1,300.0,2019-12-03 19:59:00,"942 Madison St, San Francisco, CA 94016",December
311864,Flatscreen TV,1,300.0,2019-12-15 18:04:00,"893 9th St, New York City, NY 10001",December
319211,Flatscreen TV,1,300.0,2019-12-17 19:51:00,"784 Elm St, Boston, MA 02215",December
297068,Flatscreen TV,1,300.0,2019-12-23 11:18:00,"326 7th St, San Francisco, CA 94016",December
306931,Flatscreen TV,1,300.0,2019-12-09 13:57:00,"920 Center St, San Francisco, CA 94016",December
318944,Flatscreen TV,1,300.0,2019-12-20 15:09:00,"611 2nd St, San Francisco, CA 94016",December
298247,Flatscreen TV,1,300.0,2019-12-06 17:10:00,"593 Washington St, San Francisco, CA 94016",December
299470,Flatscreen TV,1,300.0,2019-12-21 17:14:00,"996 Johnson St, New York City, NY 10001",December
302817,Flatscreen TV,1,300.0,2019-12-26 20:19:00,"185 Adams St, Portland, ME 04101",December
312161,Flatscreen TV,1,300.0,2019-12-28 20:14:00,"410 Church St, Seattle, WA 98101",December
312453,Flatscreen TV,1,300.0,2019-12-02 11:08:00,"662 Cherry St, Atlanta, GA 30301",December
306369,Flatscreen TV,1,300.0,2019-12-26 11:34:00,"260 Walnut St, Boston, MA 02215",December
309324,Flatscreen TV,1,300.0,2019-12-29 19:31:00,"565 Chestnut St, Atlanta, GA 30301",December
300881,Flatscreen TV,1,300.0,2019-12-04 09:27:00,"487 River St, New York City, NY 10001",December
303231,Flatscreen TV,1,300.0,2019-12-30 15:00:00,"167 Madison St, San Francisco, CA 94016",December
305987,Flatscreen TV,1,300.0,2019-12-17 15:35:00,"580 Madison St, Los Angeles, CA 90001",December
305001,Flatscreen TV,1,300.0,2019-12-14 17:48:00,"567 Madison St, Dallas, TX 75001",December
311570,Flatscreen TV,1,300.0,2019-12-05 18:30:00,"766 Center St, New York City, NY 10001",December
297126,Flatscreen TV,1,300.0,2019-12-29 08:52:00,"536 River St, Boston, MA 02215",December
297638,Flatscreen TV,1,300.0,2019-12-08 22:08:00,"27 14th St, San Francisco, CA 94016",December
299837,Flatscreen TV,1,300.0,2019-12-02 14:48:00,"61 9th St, San Francisco, CA 94016",December
305934,Flatscreen TV,1,300.0,2019-12-16 16:09:00,"894 Pine St, New York City, NY 10001",December
308126,Flatscreen TV,1,300.0,2019-12-31 20:05:00,"290 14th St, San Francisco, CA 94016",December
310654,Flatscreen TV,1,300.0,2019-12-10 10:14:00,"442 14th St, Los Angeles, CA 90001",December
298018,Flatscreen TV,1,300.0,2019-12-20 21:16:00,"107 River St, Los Angeles, CA 90001",December
312252,Flatscreen TV,1,300.0,2019-12-22 22:38:00,"388 9th St, Atlanta, GA 30301",December
318999,Flatscreen TV,1,300.0,2019-12-11 18:06:00,"80 10th St, San Francisco, CA 94016",December
310579,Flatscreen TV,1,300.0,2019-12-03 11:45:00,"597 7th St, Los Angeles, CA 90001",December
311715,Flatscreen TV,1,300.0,2019-12-13 01:09:00,"503 Wilson St, Los Angeles, CA 90001",December
317706,Flatscreen TV,1,300.0,2019-12-17 19:40:00,"301 Chestnut St, Los Angeles, CA 90001",December
296533,Flatscreen TV,1,300.0,2019-12-26 10:23:00,"993 11th St, Boston, MA 02215",December
300325,Flatscreen TV,1,300.0,2019-12-18 10:07:00,"444 Washington St, Atlanta, GA 30301",December
301591,Flatscreen TV,1,300.0,2019-12-26 17:50:00,"490 River St, Los Angeles, CA 90001",December
301626,Flatscreen TV,1,300.0,2019-12-18 14:16:00,"395 Center St, San Francisco, CA 94016",December
308904,Flatscreen TV,1,300.0,2019-12-26 03:48:00,"946 10th St, Austin, TX 73301",December
315100,Flatscreen TV,1,300.0,2019-12-04 11:33:00,"119 Madison St, Boston, MA 02215",December
315563,Flatscreen TV,1,300.0,2019-12-01 13:44:00,"880 Cedar St, Atlanta, GA 30301",December
311880,Flatscreen TV,1,300.0,2019-12-04 20:23:00,"451 13th St, Portland, ME 04101",December
299781,Flatscreen TV,1,300.0,2019-12-02 12:52:00,"992 Pine St, New York City, NY 10001",December
316980,Flatscreen TV,1,300.0,2019-12-31 11:20:00,"107 10th St, Los Angeles, CA 90001",December
316364,Flatscreen TV,1,300.0,2019-12-01 18:40:00,"614 Hickory St, Atlanta, GA 30301",December
299899,Flatscreen TV,1,300.0,2019-12-18 14:16:00,"766 Hickory St, Portland, OR 97035",December
303721,Flatscreen TV,1,300.0,2019-12-22 12:05:00,"268 Cedar St, San Francisco, CA 94016",December
305725,Flatscreen TV,1,300.0,2019-12-15 00:08:00,"136 Highland St, Los Angeles, CA 90001",December
316685,Flatscreen TV,1,300.0,2019-12-16 01:54:00,"941 12th St, Los Angeles, CA 90001",December
296272,Flatscreen TV,1,300.0,2019-12-04 16:58:00,"170 Maple St, San Francisco, CA 94016",December
296830,Flatscreen TV,1,300.0,2019-12-23 23:00:00,"797 Cedar St, Austin, TX 73301",December
297267,Flatscreen TV,1,300.0,2019-12-20 13:53:00,"327 Lakeview St, Boston, MA 02215",December
310106,Flatscreen TV,1,300.0,2019-12-06 13:30:00,"235 Meadow St, New York City, NY 10001",December
311507,Flatscreen TV,1,300.0,2019-12-25 16:35:00,"17 Dogwood St, San Francisco, CA 94016",December
313647,Flatscreen TV,1,300.0,2019-12-14 16:11:00,"389 5th St, New York City, NY 10001",December
301528,Flatscreen TV,1,300.0,2019-12-08 21:55:00,"587 Meadow St, Atlanta, GA 30301",December
301861,Flatscreen TV,1,300.0,2019-12-20 01:22:00,"564 Highland St, Boston, MA 02215",December
304713,Flatscreen TV,1,300.0,2019-12-06 10:47:00,"796 Adams St, New York City, NY 10001",December
304977,Flatscreen TV,1,300.0,2019-12-29 13:32:00,"185 Johnson St, Boston, MA 02215",December
305072,Flatscreen TV,1,300.0,2019-12-29 22:04:00,"839 North St, San Francisco, CA 94016",December
312203,Flatscreen TV,1,300.0,2019-12-25 14:05:00,"713 7th St, Seattle, WA 98101",December
317517,Flatscreen TV,1,300.0,2019-12-31 17:49:00,"270 Lincoln St, Los Angeles, CA 90001",December
299015,Flatscreen TV,1,300.0,2019-12-31 09:03:00,"627 Lake St, Los Angeles, CA 90001",December
302812,Flatscreen TV,1,300.0,2019-12-02 22:42:00,"811 Jefferson St, Los Angeles, CA 90001",December
309205,Flatscreen TV,1,300.0,2019-12-23 18:13:00,"783 8th St, San Francisco, CA 94016",December
319056,Flatscreen TV,1,300.0,2019-12-07 12:31:00,"599 10th St, San Francisco, CA 94016",December
311684,Flatscreen TV,1,300.0,2019-12-06 15:06:00,"115 Elm St, San Francisco, CA 94016",December
317797,Flatscreen TV,1,300.0,2019-12-21 10:11:00,"444 River St, San Francisco, CA 94016",December
298470,Flatscreen TV,1,300.0,2019-12-12 22:11:00,"98 North St, Boston, MA 02215",December
318956,Flatscreen TV,1,300.0,2019-12-19 13:27:00,"468 Cedar St, Boston, MA 02215",December
304354,Flatscreen TV,1,300.0,2019-12-31 20:25:00,"140 Spruce St, Atlanta, GA 30301",December
304936,Flatscreen TV,1,300.0,2019-12-22 20:26:00,"15 Walnut St, Seattle, WA 98101",December
318563,Flatscreen TV,1,300.0,2019-12-28 15:36:00,"547 Sunset St, Los Angeles, CA 90001",December
307203,Flatscreen TV,1,300.0,2019-12-27 15:58:00,"736 Elm St, Dallas, TX 75001",December
316952,Flatscreen TV,1,300.0,2019-12-28 21:32:00,"459 1st St, Boston, MA 02215",December
299143,Flatscreen TV,1,300.0,2019-12-25 01:22:00,"245 Highland St, Austin, TX 73301",December
301000,Flatscreen TV,1,300.0,2019-12-16 19:18:00,"868 Spruce St, Seattle, WA 98101",December
301248,Flatscreen TV,1,300.0,2019-12-18 23:48:00,"748 Madison St, San Francisco, CA 94016",December
313376,Flatscreen TV,1,300.0,2019-12-24 12:00:00,"319 Center St, San Francisco, CA 94016",December
308366,Flatscreen TV,1,300.0,2019-12-28 20:48:00,"671 Pine St, San Francisco, CA 94016",December
309735,Flatscreen TV,1,300.0,2019-12-06 16:04:00,"920 Adams St, Austin, TX 73301",December
316000,Flatscreen TV,1,300.0,2019-12-05 14:12:00,"323 8th St, New York City, NY 10001",December
319346,Flatscreen TV,1,300.0,2019-12-20 19:50:00,"264 Hickory St, San Francisco, CA 94016",December
297274,Flatscreen TV,1,300.0,2019-12-25 16:17:00,"737 Madison St, Boston, MA 02215",December
315637,Flatscreen TV,1,300.0,2019-12-08 22:30:00,"19 5th St, San Francisco, CA 94016",December
