Order ID,Product,Quantity Ordered,Price Each,Order Date,Purchase Address,Month
142117,Macbook Pro Laptop,1,1700.0,2019-01-08 10:58:00,"305 Jefferson St, Boston, MA 02215",January
143024,Macbook Pro Laptop,1,1700.0,2019-01-27 12:48:00,"412 Cherry St, Portland, ME 04101",January
146456,Macbook Pro Laptop,1,1700.0,2019-01-11 13:28:00,"660 13th St, New York City, NY 10001",January
147640,Macbook Pro Laptop,1,1700.0,2019-01-24 16:44:00,"400 Cedar St, Austin, TX 73301",January
141722,Macbook Pro Laptop,1,1700.0,2019-01-06 14:06:00,"331 Pine St, Boston, MA 02215",January
146467,Macbook Pro Laptop,1,1700.0,2019-01-25 14:16:00,"950 5th St, Los Angeles, CA 90001",January
142083,Macbook Pro Laptop,1,1700.0,2019-01-20 17:46:00,"977 Jackson St, Portland, OR 97035",January
146534,Macbook Pro Laptop,1,1700.0,2019-01-28 22:05:00,"268 Main St, San Francisco, CA 94016",January
144629,Macbook Pro Laptop,1,1700.0,2019-01-02 13:18:00,"407 6th St, Seattle, WA 98101",January
144428,Macbook Pro Laptop,1,1700.0,2019-01-13 02:00:00,"938 8th St, Dallas, TX 75001",January
146045,Macbook Pro Laptop,1,1700.0,2019-01-26 11:01:00,"857 2nd St, Boston, MA 02215",January
149297,Macbook Pro Laptop,1,1700.0,2019-01-29 16:58:00,"495 Meadow St, Seattle, WA 98101",January
147071,Macbook Pro Laptop,1,1700.0,2019-01-30 19:03:00,"241 River St, Los Angeles, CA 90001",January
142924,Macbook Pro Laptop,1,1700.0,2019-01-31 11:14:00,"903 Lakeview St, Los Angeles, CA 90001",January
146666,Macbook Pro Laptop,1,1700.0,2019-01-28 00:34:00,"341 Highland St, Portland, OR 97035",January
149651,Macbook Pro Laptop,1,1700.0,2019-01-19 13:20:00,"68 12th St, New York City, NY 10001",January
150292,Macbook Pro Laptop,1,1700.0,2019-01-31 21:22:00,"418 12th St, New York City, NY 10001",January
150286,Macbook Pro Laptop,1,1700.0,2019-01-22 19:24:00,"553 Lake St, San Francisco, CA 94016",January
142059,Macbook Pro Laptop,1,1700.0,2019-01-08 20:49:00,"486 South St, Los Angeles, CA 90001",January
144635,Macbook Pro Laptop,1,1700.0,2019-01-21 17:17:00,"933 Madison St, Austin, TX 73301",January
142314,Macbook Pro Laptop,1,1700.0,2019-01-20 12:29:00,"345 8th St, Dallas, TX 75001",January
143904,Macbook Pro Laptop,1,1700.0,2019-01-14 12:42:00,"507 Cherry St, Dallas, TX 75001",January
149431,Macbook Pro Laptop,1,1700.0,2019-01-27 19:15:00,"478 6th St, Atlanta, GA 30301",January
142109,Macbook Pro Laptop,1,1700.0,2019-01-08 15:29:00,"551 13th St, Portland, ME 04101",January
141640,Macbook Pro Laptop,1,1700.0,2019-01-02 01:27:00,"768 Forest St, San Francisco, CA 94016",January
145552,Macbook Pro Laptop,1,1700.0,2019-01-30 22:01:00,"288 Adams St, New York City, NY 10001",January
146358,Macbook Pro Laptop,1,1700.0,2019-01-22 01:12:00,"991 Spruce St, San Francisco, CA 94016",January
148165,Macbook Pro Laptop,1,1700.0,2019-01-03 09:52:00,"125 Meadow St, Seattle, WA 98101",January
141453,Macbook Pro Laptop,1,1700.0,2019-01-06 13:09:00,"469 4th St, Atlanta, GA 30301",January
142052,Macbook Pro Laptop,1,1700.0,2019-01-02 17:26:00,"731 10th St, San Francisco, CA 94016",January
148239,Macbook Pro Laptop,1,1700.0,2019-01-15 21:20:00,"541 13th St, San Francisco, CA 94016",January
143668,Macbook Pro Laptop,1,1700.0,2019-01-07 09:50:00,"150 Church St, San Francisco, CA 94016",January
146724,Macbook Pro Laptop,1,1700.0,2019-01-11 07:45:00,"574 Church St, Los Angeles, CA 90001",January
148969,Macbook Pro Laptop,1,1700.0,2019-01-16 11:09:00,"817 Lakeview St, San Francisco, CA 94016",January
142435,Macbook Pro Laptop,1,1700.0,2019-01-05 20:59:00,"738 Lakeview St, Boston, MA 02215",January
147725,Macbook Pro Laptop,1,1700.0,2019-01-03 19:32:00,"545 Lincoln St, Los Angeles, CA 90001",January
153470,Macbook Pro Laptop,1,1700.0,2019-02-12 18:25:00,"812 9th St, San Francisco, CA 94016",February
155403,Macbook Pro Laptop,1,1700.0,2019-02-15 23:11:00,"74 Park St, Los Angeles, CA 90001",February
150548,Macbook Pro Laptop,1,1700.0,2019-02-18 22:56:00,"750 Forest St, Boston, MA 02215",February
153356,Macbook Pro Laptop,1,1700.0,2019-02-22 21:06:00,"914 Spruce St, Atlanta, GA 30301",February
156492,Macbook Pro Laptop,1,1700.0,2019-02-17 16:32:00,"952 Johnson St, San Francisco, CA 94016",February
151183,Macbook Pro Laptop,1,1700.0,2019-02-02 14:15:00,"729 Elm St, Dallas, TX 75001",February
154483,Macbook Pro Laptop,1,1700.0,2019-02-01 12:44:00,"334 Adams St, New York City, NY 10001",February
151632,Macbook Pro Laptop,1,1700.0,2019-02-14 09:13:00,"703 7th St, New York City, NY 10001",February
161755,Macbook Pro Laptop,1,1700.0,2019-02-19 12:14:00,"752 6th St, Portland, OR 97035",February
159291,Macbook Pro Laptop,1,1700.0,2019-02-28 18:17:00,"23 Park St, San Francisco, CA 94016",February
159818,Macbook Pro Laptop,1,1700.0,2019-02-25 08:56:00,"747 Washington St, New York City, NY 10001",February
155788,Macbook Pro Laptop,1,1700.0,2019-02-22 21:06:00,"714 10th St, San Francisco, CA 94016",February
151236,Macbook Pro Laptop,1,1700.0,2019-02-02 10:04:00,"433 Dogwood St, Portland, OR 97035",February
160832,Macbook Pro Laptop,1,1700.0,2019-02-09 13:36:00,"41 Chestnut St, Atlanta, GA 30301",February
158734,Macbook Pro Laptop,1,1700.0,2019-02-27 21:36:00,"314 2nd St, New York City, NY 10001",February
160774,Macbook Pro Laptop,1,1700.0,2019-02-17 18:11:00,"219 Jackson St, Los Angeles, CA 90001",February
161983,Macbook Pro Laptop,1,1700.0,2019-02-25 00:27:00,"502 Chestnut St, San Francisco, CA 94016",February
156755,Macbook Pro Laptop,1,1700.0,2019-02-02 19:43:00,"554 4th St, Seattle, WA 98101",February
159065,Macbook Pro Laptop,1,1700.0,2019-02-12 22:53:00,"515 Lakeview St, Boston, MA 02215",February
155572,Macbook Pro Laptop,1,1700.0,2019-02-22 09:42:00,"433 Sunset St, Los Angeles, CA 90001",February
160826,Macbook Pro Laptop,1,1700.0,2019-02-27 12:51:00,"632 West St, New York City, NY 10001",February
157204,Macbook Pro Laptop,1,1700.0,2019-02-21 13:19:00,"213 9th St, San Francisco, CA 94016",February
151664,Macbook Pro Laptop,1,1700.0,2019-02-09 23:37:00,"651 Main St, San Francisco, CA 94016",February
159611,Macbook Pro Laptop,1,1700.0,2019-02-06 08:03:00,"640 Chestnut St, Boston, MA 02215",February
151059,Macbook Pro Laptop,1,1700.0,2019-02-21 10:29:00,"203 6th St, San Francisco, CA 94016",February
152671,Macbook Pro Laptop,1,1700.0,2019-02-15 22:37:00,"676 Hill St, Austin, TX 73301",February
155992,Macbook Pro Laptop,1,1700.0,2019-02-12 17:46:00,"744 Park St, San Francisco, CA 94016",February
154050,Macbook Pro Laptop,1,1700.0,2019-02-17 18:21:00,"616 11th St, Dallas, TX 75001",February
155046,Macbook Pro Laptop,1,1700.0,2019-02-06 21:28:00,"417 14th St, Seattle, WA 98101",February
160132,Macbook Pro Laptop,1,1700.0,2019-02-11 09:35:00,"289 7th St, San Francisco, CA 94016",February
154699,Macbook Pro Laptop,1,1700.0,2019-02-13 10:52:00,"412 Forest St, San Francisco, CA 94016",February
152328,Macbook Pro Laptop,1,1700.0,2019-02-10 11:26:00,"579 Sunset St, San Francisco, CA 94016",February
154823,Macbook Pro Laptop,1,1700.0,2019-02-05 23:56:00,"914 Dogwood St, Los Angeles, CA 90001",February
155703,Macbook Pro Laptop,1,1700.0,2019-02-17 16:05:00,"381 2nd St, Atlanta, GA 30301",February
158264,Macbook Pro Laptop,1,1700.0,2019-02-13 18:52:00,"231 North St, San Francisco, CA 94016",February
159726,Macbook Pro Laptop,1,1700.0,2019-02-13 09:54:00,"238 Willow St, San Francisco, CA 94016",February
157238,Macbook Pro Laptop,1,1700.0,2019-02-10 19:59:00,"730 Cedar St, Los Angeles, CA 90001",February
159907,Macbook Pro Laptop,1,1700.0,2019-02-05 10:54:00,"761 Jefferson St, Dallas, TX 75001",February
157160,Macbook Pro Laptop,1,1700.0,2019-02-22 11:42:00,"663 River St, New York City, NY 10001",February
159844,Macbook Pro Laptop,1,1700.0,2019-02-22 13:25:00,"244 Adams St, San Francisco, CA 94016",February
153154,Macbook Pro Laptop,1,1700.0,2019-02-27 23:12:00,"986 1st St, New York City, NY 10001",February
157722,Macbook Pro Laptop,1,1700.0,2019-02-19 15:14:00,"549 North St, San Francisco, CA 94016",February
152746,Macbook Pro Laptop,1,1700.0,2019-02-16 13:00:00,"349 4th St, Atlanta, GA 30301",February
152794,Macbook Pro Laptop,1,1700.0,2019-02-10 09:58:00,"638 Lake St, Atlanta, GA 30301",February
155272,Macbook Pro Laptop,1,1700.0,2019-02-11 20:08:00,"582 2nd St, Dallas, TX 75001",February
154995,Macbook Pro Laptop,1,1700.0,2019-02-22 17:58:00,"285 4th St, San Francisco, CA 94016",February
157098,Macbook Pro Laptop,1,1700.0,2019-02-02 23:20:00,"514 Cherry St, Austin, TX 73301",February
151597,Macbook Pro Laptop,1,1700.0,2019-02-19 19:40:00,"530 Dogwood St, Boston, MA 02215",February
155613,Macbook Pro Laptop,1,1700.0,2019-02-20 16:08:00,"912 14th St, Los Angeles, CA 90001",February
159442,Macbook Pro Laptop,1,1700.0,2019-02-17 20:45:00,"390 Lincoln St, New York City, NY 10001",February
162199,Macbook Pro Laptop,1,1700.0,2019-03-03 17:41:00,"939 Dogwood St, Seattle, WA 98101",March
174600,Macbook Pro Laptop,1,1700.0,2019-03-22 12:38:00,"697 Sunset St, Portland, ME 04101",March
170875,Macbook Pro Laptop,1,1700.0,2019-03-19 18:46:00,"745 1st St, Dallas, TX 75001",March
174196,Macbook Pro Laptop,1,1700.0,2019-03-10 20:48:00,"964 Madison St, San Francisco, CA 94016",March
175107,Macbook Pro Laptop,1,1700.0,2019-03-01 16:47:00,"992 Pine St, Los Angeles, CA 90001",March
162215,Macbook Pro Laptop,1,1700.0,2019-03-11 12:06:00,"688 Hickory St, Los Angeles, CA 90001",March
165344,Macbook Pro Laptop,1,1700.0,2019-03-19 21:53:00,"942 Cherry St, Atlanta, GA 30301",March
167526,Macbook Pro Laptop,1,1700.0,2019-03-09 16:10:00,"725 Park St, Boston, MA 02215",March
168700,Macbook Pro Laptop,1,1700.0,2019-03-06 19:50:00,"186 Sunset St, Portland, OR 97035",March
174187,Macbook Pro Laptop,1,1700.0,2019-03-03 12:24:00,"717 Madison St, Boston, MA 02215",March
166927,Macbook Pro Laptop,1,1700.0,2019-03-20 18:05:00,"994 Lincoln St, Seattle, WA 98101",March
164857,Macbook Pro Laptop,1,1700.0,2019-03-22 19:54:00,"520 Walnut St, San Francisco, CA 94016",March
168228,Macbook Pro Laptop,1,1700.0,2019-03-03 16:44:00,"100 8th St, Dallas, TX 75001",March
174578,Macbook Pro Laptop,1,1700.0,2019-03-28 08:06:00,"663 Hill St, New York City, NY 10001",March
162197,Macbook Pro Laptop,1,1700.0,2019-03-01 15:30:00,"85 Chestnut St, San Francisco, CA 94016",March
173972,Macbook Pro Laptop,1,1700.0,2019-03-04 11:39:00,"896 6th St, Dallas, TX 75001",March
171973,Macbook Pro Laptop,1,1700.0,2019-03-15 17:33:00,"959 Forest St, Atlanta, GA 30301",March
162697,Macbook Pro Laptop,1,1700.0,2019-03-09 18:27:00,"186 4th St, Austin, TX 73301",March
166477,Macbook Pro Laptop,1,1700.0,2019-03-05 20:28:00,"424 Hickory St, Los Angeles, CA 90001",March
174609,Macbook Pro Laptop,1,1700.0,2019-03-07 18:26:00,"100 Spruce St, Dallas, TX 75001",March
173894,Macbook Pro Laptop,1,1700.0,2019-03-05 09:46:00,"333 Sunset St, Portland, OR 97035",March
162423,Macbook Pro Laptop,1,1700.0,2019-03-03 15:13:00,"552 Adams St, Portland, OR 97035",March
167753,Macbook Pro Laptop,1,1700.0,2019-03-31 15:42:00,"498 Washington St, Portland, ME 04101",March
168906,Macbook Pro Laptop,1,1700.0,2019-03-30 21:05:00,"417 North St, Los Angeles, CA 90001",March
172563,Macbook Pro Laptop,1,1700.0,2019-03-15 17:25:00,"398 13th St, Los Angeles, CA 90001",March
175277,Macbook Pro Laptop,1,1700.0,2019-03-15 22:04:00,"629 Forest St, Seattle, WA 98101",March
174361,Macbook Pro Laptop,1,1700.0,2019-03-09 14:16:00,"170 Lakeview St, Los Angeles, CA 90001",March
162696,Macbook Pro Laptop,1,1700.0,2019-03-06 21:47:00,"846 Elm St, Portland, OR 97035",March
173796,Macbook Pro Laptop,1,1700.0,2019-03-31 17:03:00,"519 5th St, New York City, NY 10001",March
165779,Macbook Pro Laptop,1,1700.0,2019-03-21 18:54:00,"227 Jefferson St, Portland, ME 04101",March
175506,Macbook Pro Laptop,1,1700.0,2019-03-12 11:44:00,"15 Highland St, San Francisco, CA 94016",March
169177,Macbook Pro Laptop,1,1700.0,2019-04-01 01:20:00,"220 1st St, New York City, NY 10001",April
166954,Macbook Pro Laptop,1,1700.0,2019-03-14 22:25:00,"802 Madison St, San Francisco, CA 94016",March
174861,Macbook Pro Laptop,1,1700.0,2019-03-07 14:28:00,"338 Church St, San Francisco, CA 94016",March
168822,Macbook Pro Laptop,1,1700.0,2019-03-16 14:01:00,"502 6th St, Los Angeles, CA 90001",March
168635,Macbook Pro Laptop,1,1700.0,2019-03-29 14:50:00,"605 Johnson St, Los Angeles, CA 90001",March
169385,Macbook Pro Laptop,1,1700.0,2019-03-08 19:08:00,"725 11th St, Dallas, TX 75001",March
174749,Macbook Pro Laptop,1,1700.0,2019-03-23 18:00:00,"51 6th St, San Francisco, CA 94016",March
163251,Macbook Pro Laptop,1,1700.0,2019-03-14 15:13:00,"316 Cherry St, Dallas, TX 75001",March
163426,Macbook Pro Laptop,1,1700.0,2019-03-06 22:57:00,"619 1st St, Austin, TX 73301",March
166732,Macbook Pro Laptop,1,1700.0,2019-03-02 18:03:00,"895 Jefferson St, Los Angeles, CA 90001",March
167940,Macbook Pro Laptop,1,1700.0,2019-03-05 09:48:00,"947 7th St, Los Angeles, CA 90001",March
163006,Macbook Pro Laptop,1,1700.0,2019-03-20 14:53:00,"792 12th St, Atlanta, GA 30301",March
168513,Macbook Pro Laptop,1,1700.0,2019-03-28 15:08:00,"172 4th St, Los Angeles, CA 90001",March
172875,Macbook Pro Laptop,1,1700.0,2019-03-02 22:07:00,"306 Spruce St, Los Angeles, CA 90001",March
162127,Macbook Pro Laptop,1,1700.0,2019-03-25 13:08:00,"603 12th St, San Francisco, CA 94016",March
175694,Macbook Pro Laptop,1,1700.0,2019-03-28 11:22:00,"882 1st St, San Francisco, CA 94016",March
175824,Macbook Pro Laptop,1,1700.0,2019-03-05 09:55:00,"277 Hill St, San Francisco, CA 94016",March
166485,Macbook Pro Laptop,1,1700.0,2019-03-12 10:39:00,"552 Church St, Los Angeles, CA 90001",March
174089,Macbook Pro Laptop,1,1700.0,2019-03-18 00:28:00,"606 Wilson St, San Francisco, CA 94016",March
171514,Macbook Pro Laptop,1,1700.0,2019-03-31 07:21:00,"741 Church St, New York City, NY 10001",March
172579,Macbook Pro Laptop,1,1700.0,2019-03-24 18:43:00,"755 Lakeview St, Los Angeles, CA 90001",March
172811,Macbook Pro Laptop,1,1700.0,2019-03-25 14:53:00,"483 Jackson St, Los Angeles, CA 90001",March
168880,Macbook Pro Laptop,1,1700.0,2019-03-28 07:36:00,"835 14th St, Dallas, TX 75001",March
171177,Macbook Pro Laptop,1,1700.0,2019-03-29 19:04:00,"362 1st St, San Francisco, CA 94016",March
163097,Macbook Pro Laptop,1,1700.0,2019-03-01 17:55:00,"340 Lincoln St, New York City, NY 10001",March
172764,Macbook Pro Laptop,1,1700.0,2019-03-07 14:22:00,"74 Lake St, San Francisco, CA 94016",March
175508,Macbook Pro Laptop,1,1700.0,2019-03-27 16:34:00,"309 Sunset St, San Francisco, CA 94016",March
171305,Macbook Pro Laptop,1,1700.0,2019-03-07 22:07:00,"147 Main St, Seattle, WA 98101",March
171707,Macbook Pro Laptop,1,1700.0,2019-03-30 20:45:00,"614 Ridge St, San Francisco, CA 94016",March
176036,Macbook Pro Laptop,1,1700.0,2019-03-16 19:21:00,"504 11th St, Portland, OR 97035",March
162908,Macbook Pro Laptop,1,1700.0,2019-03-23 09:57:00,"507 1st St, Los Angeles, CA 90001",March
166974,Macbook Pro Laptop,1,1700.0,2019-03-28 08:50:00,"983 12th St, Atlanta, GA 30301",March
167355,Macbook Pro Laptop,1,1700.0,2019-03-01 10:14:00,"399 Pine St, Los Angeles, CA 90001",March
171027,Macbook Pro Laptop,1,1700.0,2019-03-22 08:12:00,"840 Hickory St, San Francisco, CA 94016",March
177473,Macbook Pro Laptop,1,1700.0,2019-04-02 18:24:00,"844 12th St, New York City, NY 10001",April
180554,Macbook Pro Laptop,1,1700.0,2019-04-21 10:41:00,"466 Chestnut St, Seattle, WA 98101",April
182533,Macbook Pro Laptop,1,1700.0,2019-04-09 02:26:00,"265 Lincoln St, Los Angeles, CA 90001",April
188021,Macbook Pro Laptop,1,1700.0,2019-04-11 18:07:00,"3 Adams St, New York City, NY 10001",April
189877,Macbook Pro Laptop,1,1700.0,2019-04-28 18:17:00,"878 2nd St, Portland, OR 97035",April
192139,Macbook Pro Laptop,1,1700.0,2019-04-03 14:27:00,"658 Adams St, San Francisco, CA 94016",April
179340,Macbook Pro Laptop,1,1700.0,2019-04-28 10:37:00,"391 Center St, San Francisco, CA 94016",April
180545,Macbook Pro Laptop,1,1700.0,2019-04-07 20:28:00,"483 Main St, San Francisco, CA 94016",April
183257,Macbook Pro Laptop,1,1700.0,2019-04-27 10:46:00,"910 5th St, Los Angeles, CA 90001",April
181552,Macbook Pro Laptop,1,1700.0,2019-04-01 07:06:00,"740 1st St, Atlanta, GA 30301",April
192695,Macbook Pro Laptop,1,1700.0,2019-04-02 12:12:00,"236 Lincoln St, Los Angeles, CA 90001",April
176643,Macbook Pro Laptop,1,1700.0,2019-04-27 21:32:00,"373 Adams St, Boston, MA 02215",April
189479,Macbook Pro Laptop,1,1700.0,2019-04-12 03:02:00,"28 Jackson St, San Francisco, CA 94016",April
180192,Macbook Pro Laptop,1,1700.0,2019-04-01 12:55:00,"732 Lakeview St, Boston, MA 02215",April
180496,Macbook Pro Laptop,1,1700.0,2019-04-06 13:07:00,"646 Maple St, Seattle, WA 98101",April
186769,Macbook Pro Laptop,1,1700.0,2019-04-24 08:33:00,"888 Highland St, Seattle, WA 98101",April
192659,Macbook Pro Laptop,1,1700.0,2019-04-03 14:22:00,"84 5th St, Dallas, TX 75001",April
188788,Macbook Pro Laptop,1,1700.0,2019-04-25 04:56:00,"86 Park St, Los Angeles, CA 90001",April
193211,Macbook Pro Laptop,1,1700.0,2019-04-15 20:51:00,"44 6th St, Seattle, WA 98101",April
176747,Macbook Pro Laptop,1,1700.0,2019-04-27 15:04:00,"645 7th St, San Francisco, CA 94016",April
179755,Macbook Pro Laptop,1,1700.0,2019-04-26 15:26:00,"945 Maple St, Atlanta, GA 30301",April
191508,Macbook Pro Laptop,1,1700.0,2019-04-18 08:47:00,"250 Madison St, Seattle, WA 98101",April
184785,Macbook Pro Laptop,1,1700.0,2019-04-30 19:58:00,"552 Hickory St, San Francisco, CA 94016",April
192381,Macbook Pro Laptop,1,1700.0,2019-04-15 18:13:00,"471 Highland St, San Francisco, CA 94016",April
188275,Macbook Pro Laptop,1,1700.0,2019-04-20 15:05:00,"353 Jackson St, New York City, NY 10001",April
191352,Macbook Pro Laptop,1,1700.0,2019-04-24 01:10:00,"536 Highland St, Atlanta, GA 30301",April
178026,Macbook Pro Laptop,1,1700.0,2019-04-08 23:11:00,"508 Park St, Los Angeles, CA 90001",April
189517,Macbook Pro Laptop,1,1700.0,2019-04-23 14:57:00,"126 Lakeview St, New York City, NY 10001",April
177066,Macbook Pro Laptop,1,1700.0,2019-04-08 20:02:00,"278 10th St, San Francisco, CA 94016",April
179232,Macbook Pro Laptop,1,1700.0,2019-04-12 09:02:00,"597 Cherry St, Dallas, TX 75001",April
186964,Macbook Pro Laptop,1,1700.0,2019-04-28 20:34:00,"642 12th St, Los Angeles, CA 90001",April
183514,Macbook Pro Laptop,1,1700.0,2019-04-09 18:36:00,"261 Main St, Boston, MA 02215",April
189079,Macbook Pro Laptop,1,1700.0,2019-04-16 20:21:00,"360 14th St, San Francisco, CA 94016",April
193214,Macbook Pro Laptop,1,1700.0,2019-04-20 06:54:00,"200 14th St, Boston, MA 02215",April
182615,Macbook Pro Laptop,1,1700.0,2019-04-23 17:57:00,"14 North St, Dallas, TX 75001",April
184790,Macbook Pro Laptop,1,1700.0,2019-04-01 20:34:00,"68 Jackson St, San Francisco, CA 94016",April
185119,Macbook Pro Laptop,1,1700.0,2019-04-21 12:53:00,"336 Johnson St, Boston, MA 02215",April
185968,Macbook Pro Laptop,1,1700.0,2019-04-22 17:12:00,"87 1st St, Los Angeles, CA 90001",April
191295,Macbook Pro Laptop,1,1700.0,2019-04-02 11:02:00,"703 Spruce St, Los Angeles, CA 90001",April
178636,Macbook Pro Laptop,1,1700.0,2019-04-25 13:53:00,"853 10th St, New York City, NY 10001",April
179607,Macbook Pro Laptop,1,1700.0,2019-04-23 19:23:00,"823 2nd St, Seattle, WA 98101",April
181206,Macbook Pro Laptop,1,1700.0,2019-04-16 09:07:00,"561 Maple St, Los Angeles, CA 90001",April
189601,Macbook Pro Laptop,1,1700.0,2019-04-25 19:47:00,"865 Hill St, San Francisco, CA 94016",April
190674,Macbook Pro Laptop,1,1700.0,2019-04-08 16:19:00,"724 1st St, San Francisco, CA 94016",April
177449,Macbook Pro Laptop,1,1700.0,2019-04-29 14:07:00,"272 Lakeview St, Portland, OR 97035",April
177465,Macbook Pro Laptop,1,1700.0,2019-04-13 09:13:00,"655 13th St, Boston, MA 02215",April
183199,Macbook Pro Laptop,1,1700.0,2019-04-10 10:59:00,"629 Madison St, New York City, NY 10001",April
178422,Macbook Pro Laptop,1,1700.0,2019-04-14 19:16:00,"236 North St, Dallas, TX 75001",April
180078,Macbook Pro Laptop,1,1700.0,2019-04-24 16:40:00,"548 Meadow St, Dallas, TX 75001",April
184716,Macbook Pro Laptop,1,1700.0,2019-04-20 10:33:00,"192 2nd St, Atlanta, GA 30301",April
192907,Macbook Pro Laptop,1,1700.0,2019-04-17 18:26:00,"811 Ridge St, Los Angeles, CA 90001",April
182061,Macbook Pro Laptop,1,1700.0,2019-04-09 19:20:00,"92 Willow St, Seattle, WA 98101",April
190136,Macbook Pro Laptop,1,1700.0,2019-04-08 12:06:00,"172 Elm St, San Francisco, CA 94016",April
180657,Macbook Pro Laptop,1,1700.0,2019-04-10 10:31:00,"728 9th St, New York City, NY 10001",April
181381,Macbook Pro Laptop,1,1700.0,2019-04-15 20:19:00,"332 Walnut St, Dallas, TX 75001",April
189469,Macbook Pro Laptop,1,1700.0,2019-04-11 22:12:00,"282 Ridge St, Austin, TX 73301",April
189636,Macbook Pro Laptop,1,1700.0,2019-04-17 18:06:00,"410 Highland St, New York City, NY 10001",April
179995,Macbook Pro Laptop,1,1700.0,2019-04-06 19:50:00,"206 West St, New York City, NY 10001",April
177668,Macbook Pro Laptop,1,1700.0,2019-04-01 09:20:00,"953 Johnson St, Boston, MA 02215",April
179876,Macbook Pro Laptop,1,1700.0,2019-04-19 14:01:00,"566 Chestnut St, Seattle, WA 98101",April
181341,Macbook Pro Laptop,1,1700.0,2019-04-25 19:29:00,"829 Lincoln St, Los Angeles, CA 90001",April
182809,Macbook Pro Laptop,1,1700.0,2019-04-10 18:15:00,"858 Meadow St, Portland, OR 97035",April
203758,Macbook Pro Laptop,1,1700.0,2019-05-08 19:14:00,"358 1st St, Seattle, WA 98101",May
195367,Macbook Pro Laptop,1,1700.0,2019-05-11 17:19:00,"269 Sunset St, Seattle, WA 98101",May
205401,Macbook Pro Laptop,1,1700.0,2019-05-18 08:14:00,"276 Lake St, Portland, OR 97035",May
195140,Macbook Pro Laptop,1,1700.0,2019-05-07 21:35:00,"308 12th St, Dallas, TX 75001",May
202545,Macbook Pro Laptop,1,1700.0,2019-05-31 21:58:00,"705 Center St, Seattle, WA 98101",May
209722,Macbook Pro Laptop,1,1700.0,2019-05-20 08:26:00,"953 Johnson St, San Francisco, CA 94016",May
196864,Macbook Pro Laptop,1,1700.0,2019-05-06 11:39:00,"553 South St, San Francisco, CA 94016",May
197842,Macbook Pro Laptop,1,1700.0,2019-05-01 21:54:00,"621 7th St, San Francisco, CA 94016",May
203461,Macbook Pro Laptop,1,1700.0,2019-05-11 14:31:00,"999 Cherry St, Boston, MA 02215",May
204288,Macbook Pro Laptop,1,1700.0,2019-05-14 10:50:00,"495 Walnut St, San Francisco, CA 94016",May
206269,Macbook Pro Laptop,1,1700.0,2019-05-21 09:54:00,"809 River St, San Francisco, CA 94016",May
194258,Macbook Pro Laptop,1,1700.0,2019-05-24 18:17:00,"454 12th St, New York City, NY 10001",May
199814,Macbook Pro Laptop,1,1700.0,2019-05-02 20:25:00,"709 North St, San Francisco, CA 94016",May
201765,Macbook Pro Laptop,1,1700.0,2019-05-11 23:24:00,"336 Hill St, Seattle, WA 98101",May
209889,Macbook Pro Laptop,1,1700.0,2019-05-22 10:21:00,"500 10th St, Atlanta, GA 30301",May
204075,Macbook Pro Laptop,1,1700.0,2019-05-26 08:00:00,"391 10th St, Austin, TX 73301",May
195284,Macbook Pro Laptop,1,1700.0,2019-05-18 12:27:00,"386 Madison St, Portland, ME 04101",May
196605,Macbook Pro Laptop,1,1700.0,2019-05-11 22:19:00,"201 Park St, Boston, MA 02215",May
197991,Macbook Pro Laptop,1,1700.0,2019-05-29 00:40:00,"583 7th St, Los Angeles, CA 90001",May
205042,Macbook Pro Laptop,1,1700.0,2019-05-30 19:51:00,"938 Lake St, Austin, TX 73301",May
207563,Macbook Pro Laptop,1,1700.0,2019-05-28 21:16:00,"804 Adams St, Austin, TX 73301",May
204437,Macbook Pro Laptop,1,1700.0,2019-05-28 12:11:00,"490 8th St, New York City, NY 10001",May
204708,Macbook Pro Laptop,1,1700.0,2019-05-12 16:53:00,"439 Cedar St, New York City, NY 10001",May
206130,Macbook Pro Laptop,1,1700.0,2019-05-01 13:27:00,"282 Jackson St, San Francisco, CA 94016",May
197225,Macbook Pro Laptop,1,1700.0,2019-05-22 14:13:00,"467 Park St, Atlanta, GA 30301",May
201476,Macbook Pro Laptop,1,1700.0,2019-05-12 18:26:00,"765 Center St, New York City, NY 10001",May
207792,Macbook Pro Laptop,1,1700.0,2019-05-30 22:03:00,"61 Maple St, Austin, TX 73301",May
197096,Macbook Pro Laptop,1,1700.0,2019-05-06 13:32:00,"908 Lake St, Dallas, TX 75001",May
200705,Macbook Pro Laptop,1,1700.0,2019-05-21 05:53:00,"179 Washington St, San Francisco, CA 94016",May
209150,Macbook Pro Laptop,1,1700.0,2019-05-17 17:43:00,"101 11th St, San Francisco, CA 94016",May
204982,Macbook Pro Laptop,1,1700.0,2019-05-30 03:44:00,"930 Wilson St, San Francisco, CA 94016",May
207625,Macbook Pro Laptop,1,1700.0,2019-05-16 20:10:00,"139 Washington St, Dallas, TX 75001",May
201009,Macbook Pro Laptop,1,1700.0,2019-05-26 21:10:00,"456 River St, San Francisco, CA 94016",May
197726,Macbook Pro Laptop,1,1700.0,2019-05-08 23:22:00,"828 Maple St, Austin, TX 73301",May
207604,Macbook Pro Laptop,1,1700.0,2019-05-15 10:57:00,"743 Lincoln St, San Francisco, CA 94016",May
199506,Macbook Pro Laptop,1,1700.0,2019-05-26 21:16:00,"636 Forest St, San Francisco, CA 94016",May
199819,Macbook Pro Laptop,1,1700.0,2019-05-04 12:54:00,"820 North St, Dallas, TX 75001",May
204292,Macbook Pro Laptop,1,1700.0,2019-05-05 01:59:00,"163 Ridge St, Seattle, WA 98101",May
195762,Macbook Pro Laptop,1,1700.0,2019-05-06 07:11:00,"213 Willow St, San Francisco, CA 94016",May
195977,Macbook Pro Laptop,1,1700.0,2019-05-30 16:42:00,"948 Church St, San Francisco, CA 94016",May
201030,Macbook Pro Laptop,1,1700.0,2019-05-29 16:27:00,"449 Main St, Atlanta, GA 30301",May
195312,Macbook Pro Laptop,1,1700.0,2019-05-25 19:32:00,"419 Hickory St, Dallas, TX 75001",May
195480,Macbook Pro Laptop,1,1700.0,2019-05-15 20:44:00,"546 11th St, Austin, TX 73301",May
195833,Macbook Pro Laptop,1,1700.0,2019-05-27 17:01:00,"914 Elm St, Boston, MA 02215",May
197478,Macbook Pro Laptop,1,1700.0,2019-05-21 19:03:00,"90 Chestnut St, San Francisco, CA 94016",May
196500,Macbook Pro Laptop,1,1700.0,2019-05-10 18:33:00,"871 Church St, Portland, OR 97035",May
198267,Macbook Pro Laptop,1,1700.0,2019-05-21 05:38:00,"848 1st St, Portland, OR 97035",May
198498,Macbook Pro Laptop,1,1700.0,2019-05-24 08:22:00,"333 Washington St, San Francisco, CA 94016",May
200528,Macbook Pro Laptop,2,1700.0,2019-05-13 13:40:00,"643 4th St, Boston, MA 02215",May
194245,Macbook Pro Laptop,1,1700.0,2019-05-26 16:50:00,"93 Hickory St, Los Angeles, CA 90001",May
195640,Macbook Pro Laptop,1,1700.0,2019-05-11 19:16:00,"715 Park St, Dallas, TX 75001",May
203965,Macbook Pro Laptop,1,1700.0,2019-05-28 16:33:00,"345 Lakeview St, New York City, NY 10001",May
197720,Macbook Pro Laptop,1,1700.0,2019-05-01 19:05:00,"572 Cedar St, New York City, NY 10001",May
197727,Macbook Pro Laptop,1,1700.0,2019-05-17 15:30:00,"786 Sunset St, New York City, NY 10001",May
208784,Macbook Pro Laptop,1,1700.0,2019-05-06 20:09:00,"35 5th St, San Francisco, CA 94016",May
198494,Macbook Pro Laptop,1,1700.0,2019-05-23 22:17:00,"687 Washington St, Dallas, TX 75001",May
206697,Macbook Pro Laptop,1,1700.0,2019-05-05 13:20:00,"221 South St, Boston, MA 02215",May
209202,Macbook Pro Laptop,1,1700.0,2019-05-22 10:31:00,"115 Main St, Portland, OR 97035",May
209887,Macbook Pro Laptop,1,1700.0,2019-05-06 15:49:00,"741 Cherry St, San Francisco, CA 94016",May
195949,Macbook Pro Laptop,1,1700.0,2019-05-06 11:11:00,"300 Madison St, Boston, MA 02215",May
196869,Macbook Pro Laptop,1,1700.0,2019-05-12 15:09:00,"925 Meadow St, Seattle, WA 98101",May
208286,Macbook Pro Laptop,1,1700.0,2019-05-22 12:04:00,"794 Spruce St, Los Angeles, CA 90001",May
209065,Macbook Pro Laptop,1,1700.0,2019-05-06 12:22:00,"443 Hickory St, San Francisco, CA 94016",May
195521,Macbook Pro Laptop,1,1700.0,2019-05-14 10:18:00,"729 5th St, Austin, TX 73301",May
197271,Macbook Pro Laptop,1,1700.0,2019-05-07 15:44:00,"574 Forest St, Atlanta, GA 30301",May
207277,Macbook Pro Laptop,1,1700.0,2019-05-19 23:16:00,"630 Lakeview St, Austin, TX 73301",May
196126,Macbook Pro Laptop,1,1700.0,2019-05-08 16:51:00,"510 Cedar St, Los Angeles, CA 90001",May
197346,Macbook Pro Laptop,1,1700.0,2019-05-12 22:32:00,"955 Wilson St, Los Angeles, CA 90001",May
208733,Macbook Pro Laptop,1,1700.0,2019-05-05 11:46:00,"761 7th St, San Francisco, CA 94016",May
195736,Macbook Pro Laptop,1,1700.0,2019-05-14 09:37:00,"333 14th St, Atlanta, GA 30301",May
204547,Macbook Pro Laptop,1,1700.0,2019-05-19 16:03:00,"318 Hickory St, San Francisco, CA 94016",May
209847,Macbook Pro Laptop,1,1700.0,2019-05-04 18:34:00,"30 Jackson St, Austin, TX 73301",May
210539,Macbook Pro Laptop,1,1700.0,2019-06-29 18:05:00,"614 Wilson St, Portland, OR 97035",June
212705,Macbook Pro Laptop,1,1700.0,2019-06-26 19:33:00,"971 2nd St, Los Angeles, CA 90001",June
213331,Macbook Pro Laptop,1,1700.0,2019-06-22 13:50:00,"320 Wilson St, Los Angeles, CA 90001",June
220987,Macbook Pro Laptop,1,1700.0,2019-06-02 19:27:00,"611 2nd St, San Francisco, CA 94016",June
221009,Macbook Pro Laptop,1,1700.0,2019-06-13 21:19:00,"12 4th St, Seattle, WA 98101",June
222182,Macbook Pro Laptop,1,1700.0,2019-06-21 18:47:00,"344 Dogwood St, San Francisco, CA 94016",June
210349,Macbook Pro Laptop,1,1700.0,2019-06-29 22:05:00,"115 Adams St, Los Angeles, CA 90001",June
216316,Macbook Pro Laptop,1,1700.0,2019-06-07 18:41:00,"564 Lincoln St, Dallas, TX 75001",June
219074,Macbook Pro Laptop,1,1700.0,2019-06-28 23:25:00,"268 11th St, San Francisco, CA 94016",June
212030,Macbook Pro Laptop,1,1700.0,2019-06-11 14:50:00,"193 South St, Portland, OR 97035",June
217122,Macbook Pro Laptop,1,1700.0,2019-06-18 19:31:00,"683 Spruce St, Los Angeles, CA 90001",June
218734,Macbook Pro Laptop,1,1700.0,2019-06-02 18:38:00,"158 Lakeview St, Los Angeles, CA 90001",June
214586,Macbook Pro Laptop,1,1700.0,2019-06-28 07:54:00,"146 Adams St, Atlanta, GA 30301",June
215511,Macbook Pro Laptop,1,1700.0,2019-06-23 18:57:00,"901 Sunset St, San Francisco, CA 94016",June
212054,Macbook Pro Laptop,1,1700.0,2019-06-22 12:56:00,"753 Cedar St, Los Angeles, CA 90001",June
221462,Macbook Pro Laptop,1,1700.0,2019-06-19 14:27:00,"827 Cedar St, San Francisco, CA 94016",June
210091,Macbook Pro Laptop,1,1700.0,2019-06-03 05:39:00,"238 5th St, San Francisco, CA 94016",June
211816,Macbook Pro Laptop,1,1700.0,2019-06-23 15:59:00,"796 8th St, New York City, NY 10001",June
216283,Macbook Pro Laptop,1,1700.0,2019-06-04 09:20:00,"815 Adams St, San Francisco, CA 94016",June
212188,Macbook Pro Laptop,1,1700.0,2019-06-08 17:24:00,"209 Park St, San Francisco, CA 94016",June
212668,Macbook Pro Laptop,1,1700.0,2019-06-03 13:00:00,"873 Hickory St, Portland, OR 97035",June
220866,Macbook Pro Laptop,1,1700.0,2019-06-16 14:38:00,"935 Cedar St, Los Angeles, CA 90001",June
219847,Macbook Pro Laptop,1,1700.0,2019-06-11 19:09:00,"193 1st St, Portland, OR 97035",June
220549,Macbook Pro Laptop,1,1700.0,2019-06-09 20:56:00,"209 Main St, Seattle, WA 98101",June
221755,Macbook Pro Laptop,1,1700.0,2019-06-16 19:49:00,"498 9th St, San Francisco, CA 94016",June
222378,Macbook Pro Laptop,1,1700.0,2019-06-21 17:20:00,"930 Ridge St, San Francisco, CA 94016",June
222710,Macbook Pro Laptop,1,1700.0,2019-06-29 19:23:00,"136 Spruce St, Los Angeles, CA 90001",June
222722,Macbook Pro Laptop,1,1700.0,2019-06-11 11:45:00,"379 Church St, Austin, TX 73301",June
221579,Macbook Pro Laptop,1,1700.0,2019-06-15 08:42:00,"132 Elm St, New York City, NY 10001",June
222643,Macbook Pro Laptop,1,1700.0,2019-06-04 20:24:00,"226 Pine St, San Francisco, CA 94016",June
213125,Macbook Pro Laptop,1,1700.0,2019-06-20 11:01:00,"148 Wilson St, Austin, TX 73301",June
221059,Macbook Pro Laptop,1,1700.0,2019-06-06 18:40:00,"724 8th St, Los Angeles, CA 90001",June
211543,Macbook Pro Laptop,1,1700.0,2019-06-30 19:36:00,"323 Maple St, Seattle, WA 98101",June
218999,Macbook Pro Laptop,1,1700.0,2019-06-18 19:21:00,"576 Willow St, Los Angeles, CA 90001",June
219392,Macbook Pro Laptop,1,1700.0,2019-06-11 09:40:00,"235 5th St, San Francisco, CA 94016",June
222653,Macbook Pro Laptop,1,1700.0,2019-06-19 23:42:00,"869 Meadow St, San Francisco, CA 94016",June
215480,Macbook Pro Laptop,1,1700.0,2019-06-30 12:35:00,"653 10th St, Seattle, WA 98101",June
219120,Macbook Pro Laptop,1,1700.0,2019-06-18 18:23:00,"76 Forest St, Los Angeles, CA 90001",June
210426,Macbook Pro Laptop,1,1700.0,2019-06-17 09:08:00,"357 11th St, San Francisco, CA 94016",June
216909,Macbook Pro Laptop,1,1700.0,2019-06-29 11:14:00,"284 River St, Los Angeles, CA 90001",June
211660,Macbook Pro Laptop,1,1700.0,2019-06-12 10:36:00,"797 West St, Boston, MA 02215",June
217322,Macbook Pro Laptop,1,1700.0,2019-06-10 19:10:00,"744 North St, San Francisco, CA 94016",June
216090,Macbook Pro Laptop,1,1700.0,2019-06-11 00:31:00,"53 Johnson St, San Francisco, CA 94016",June
216823,Macbook Pro Laptop,1,1700.0,2019-06-25 20:40:00,"77 Lake St, Austin, TX 73301",June
218507,Macbook Pro Laptop,1,1700.0,2019-06-19 10:15:00,"557 Washington St, Los Angeles, CA 90001",June
218861,Macbook Pro Laptop,1,1700.0,2019-06-28 19:59:00,"169 Meadow St, Dallas, TX 75001",June
222143,Macbook Pro Laptop,1,1700.0,2019-06-18 18:42:00,"425 Elm St, San Francisco, CA 94016",June
221103,Macbook Pro Laptop,1,1700.0,2019-06-22 20:16:00,"289 11th St, Los Angeles, CA 90001",June
217950,Macbook Pro Laptop,1,1700.0,2019-06-21 10:59:00,"328 Adams St, Dallas, TX 75001",June
214614,Macbook Pro Laptop,1,1700.0,2019-06-07 20:22:00,"51 4th St, Portland, OR 97035",June
218236,Macbook Pro Laptop,1,1700.0,2019-06-19 23:04:00,"924 7th St, Boston, MA 02215",June
219824,Macbook Pro Laptop,1,1700.0,2019-06-05 22:04:00,"280 Highland St, Los Angeles, CA 90001",June
220905,Macbook Pro Laptop,1,1700.0,2019-06-23 13:04:00,"486 Chestnut St, Los Angeles, CA 90001",June
212595,Macbook Pro Laptop,1,1700.0,2019-06-01 19:11:00,"479 Pine St, Atlanta, GA 30301",June
217320,Macbook Pro Laptop,1,1700.0,2019-06-03 19:40:00,"169 12th St, Boston, MA 02215",June
211624,Macbook Pro Laptop,1,1700.0,2019-06-01 17:49:00,"226 Cedar St, San Francisco, CA 94016",June
215836,Macbook Pro Laptop,1,1700.0,2019-06-08 18:44:00,"70 Park St, Los Angeles, CA 90001",June
228422,Macbook Pro Laptop,1,1700.0,2019-07-01 20:50:00,"519 South St, Atlanta, GA 30301",July
234485,Macbook Pro Laptop,1,1700.0,2019-07-14 16:51:00,"380 Wilson St, Atlanta, GA 30301",July
236406,Macbook Pro Laptop,1,1700.0,2019-07-22 20:04:00,"643 Lincoln St, Los Angeles, CA 90001",July
228064,Macbook Pro Laptop,1,1700.0,2019-07-15 15:52:00,"317 Madison St, Seattle, WA 98101",July
233865,Macbook Pro Laptop,1,1700.0,2019-07-06 21:18:00,"186 Maple St, New York City, NY 10001",July
234089,Macbook Pro Laptop,1,1700.0,2019-07-14 11:59:00,"750 Lincoln St, Seattle, WA 98101",July
229884,Macbook Pro Laptop,1,1700.0,2019-07-12 23:08:00,"559 Lake St, Austin, TX 73301",July
233118,Macbook Pro Laptop,1,1700.0,2019-07-07 10:00:00,"969 Church St, San Francisco, CA 94016",July
231045,Macbook Pro Laptop,1,1700.0,2019-07-13 17:05:00,"406 Lincoln St, Boston, MA 02215",July
225011,Macbook Pro Laptop,1,1700.0,2019-07-29 17:08:00,"457 Willow St, San Francisco, CA 94016",July
236046,Macbook Pro Laptop,1,1700.0,2019-07-30 19:54:00,"330 Dogwood St, New York City, NY 10001",July
226568,Macbook Pro Laptop,1,1700.0,2019-07-24 23:30:00,"774 Elm St, Austin, TX 73301",July
229519,Macbook Pro Laptop,1,1700.0,2019-07-29 08:36:00,"707 Walnut St, Austin, TX 73301",July
236431,Macbook Pro Laptop,1,1700.0,2019-07-04 20:42:00,"60 Dogwood St, Portland, OR 97035",July
226510,Macbook Pro Laptop,1,1700.0,2019-07-14 19:52:00,"690 5th St, Los Angeles, CA 90001",July
234921,Macbook Pro Laptop,1,1700.0,2019-07-05 12:20:00,"538 Hickory St, Los Angeles, CA 90001",July
235931,Macbook Pro Laptop,1,1700.0,2019-07-20 14:35:00,"6 West St, Portland, OR 97035",July
226468,Macbook Pro Laptop,1,1700.0,2019-07-01 19:47:00,"949 5th St, San Francisco, CA 94016",July
232615,Macbook Pro Laptop,1,1700.0,2019-07-04 14:27:00,"641 Maple St, Los Angeles, CA 90001",July
226374,Macbook Pro Laptop,1,1700.0,2019-07-15 16:21:00,"180 Johnson St, Portland, OR 97035",July
235951,Macbook Pro Laptop,1,1700.0,2019-07-19 23:03:00,"839 Ridge St, Dallas, TX 75001",July
236649,Macbook Pro Laptop,1,1700.0,2019-07-13 19:10:00,"664 Wilson St, New York City, NY 10001",July
223066,Macbook Pro Laptop,1,1700.0,2019-07-16 08:31:00,"377 Madison St, San Francisco, CA 94016",July
225119,Macbook Pro Laptop,1,1700.0,2019-07-04 13:05:00,"958 Highland St, San Francisco, CA 94016",July
232358,Macbook Pro Laptop,1,1700.0,2019-07-21 20:34:00,"687 Johnson St, San Francisco, CA 94016",July
234788,Macbook Pro Laptop,1,1700.0,2019-07-10 17:46:00,"652 9th St, Seattle, WA 98101",July
223221,Macbook Pro Laptop,1,1700.0,2019-07-07 18:32:00,"244 Meadow St, Boston, MA 02215",July
225195,Macbook Pro Laptop,1,1700.0,2019-07-05 22:47:00,"811 9th St, Dallas, TX 75001",July
230400,Macbook Pro Laptop,1,1700.0,2019-07-04 05:58:00,"531 Ridge St, Dallas, TX 75001",July
230501,Macbook Pro Laptop,1,1700.0,2019-07-24 13:14:00,"421 4th St, San Francisco, CA 94016",July
231569,Macbook Pro Laptop,1,1700.0,2019-07-26 18:07:00,"633 Jackson St, Boston, MA 02215",July
229602,Macbook Pro Laptop,1,1700.0,2019-07-11 20:19:00,"163 7th St, San Francisco, CA 94016",July
230559,Macbook Pro Laptop,1,1700.0,2019-07-09 14:56:00,"352 11th St, San Francisco, CA 94016",July
230779,Macbook Pro Laptop,1,1700.0,2019-07-02 11:54:00,"697 13th St, Austin, TX 73301",July
235292,Macbook Pro Laptop,1,1700.0,2019-07-11 11:09:00,"108 6th St, San Francisco, CA 94016",July
229189,Macbook Pro Laptop,1,1700.0,2019-07-20 17:51:00,"489 Johnson St, Los Angeles, CA 90001",July
235367,Macbook Pro Laptop,1,1700.0,2019-07-06 09:22:00,"715 Sunset St, Boston, MA 02215",July
227599,Macbook Pro Laptop,1,1700.0,2019-07-14 16:05:00,"509 Sunset St, Los Angeles, CA 90001",July
228633,Macbook Pro Laptop,1,1700.0,2019-07-30 23:15:00,"104 Main St, Los Angeles, CA 90001",July
225415,Macbook Pro Laptop,1,1700.0,2019-07-23 17:35:00,"755 Wilson St, Atlanta, GA 30301",July
227400,Macbook Pro Laptop,1,1700.0,2019-07-29 20:00:00,"941 Sunset St, Portland, OR 97035",July
227101,Macbook Pro Laptop,1,1700.0,2019-07-13 10:40:00,"165 Ridge St, New York City, NY 10001",July
228527,Macbook Pro Laptop,1,1700.0,2019-07-03 14:53:00,"155 13th St, Los Angeles, CA 90001",July
235833,Macbook Pro Laptop,1,1700.0,2019-07-31 15:06:00,"778 Hill St, Seattle, WA 98101",July
227596,Macbook Pro Laptop,1,1700.0,2019-07-11 12:02:00,"305 14th St, New York City, NY 10001",July
233424,Macbook Pro Laptop,1,1700.0,2019-07-14 15:37:00,"670 North St, Dallas, TX 75001",July
236072,Macbook Pro Laptop,1,1700.0,2019-07-10 16:05:00,"759 West St, Austin, TX 73301",July
225232,Macbook Pro Laptop,1,1700.0,2019-07-01 19:08:00,"167 Ridge St, San Francisco, CA 94016",July
226439,Macbook Pro Laptop,1,1700.0,2019-07-15 18:07:00,"471 Pine St, Boston, MA 02215",July
236457,Macbook Pro Laptop,1,1700.0,2019-07-09 09:05:00,"414 14th St, New York City, NY 10001",July
233518,Macbook Pro Laptop,1,1700.0,2019-07-29 15:59:00,"233 Meadow St, San Francisco, CA 94016",July
233775,Macbook Pro Laptop,1,1700.0,2019-07-09 22:30:00,"731 Wilson St, Boston, MA 02215",July
224020,Macbook Pro Laptop,1,1700.0,2019-07-13 17:34:00,"317 Hickory St, Boston, MA 02215",July
225915,Macbook Pro Laptop,1,1700.0,2019-07-18 18:04:00,"501 7th St, Boston, MA 02215",July
242852,Macbook Pro Laptop,1,1700.0,2019-08-10 21:16:00,"264 Spruce St, Austin, TX 73301",August
241192,Macbook Pro Laptop,1,1700.0,2019-08-02 19:21:00,"145 Adams St, Los Angeles, CA 90001",August
245984,Macbook Pro Laptop,1,1700.0,2019-08-11 20:50:00,"985 Hill St, Los Angeles, CA 90001",August
247050,Macbook Pro Laptop,1,1700.0,2019-08-19 12:34:00,"294 Pine St, San Francisco, CA 94016",August
242453,Macbook Pro Laptop,1,1700.0,2019-08-22 11:12:00,"68 Main St, Portland, OR 97035",August
238227,Macbook Pro Laptop,1,1700.0,2019-08-18 12:36:00,"394 Dogwood St, Boston, MA 02215",August
246765,Macbook Pro Laptop,1,1700.0,2019-08-15 19:53:00,"951 Lincoln St, New York City, NY 10001",August
237558,Macbook Pro Laptop,1,1700.0,2019-08-31 20:46:00,"714 Lakeview St, Atlanta, GA 30301",August
241876,Macbook Pro Laptop,1,1700.0,2019-08-07 21:08:00,"419 South St, Seattle, WA 98101",August
247399,Macbook Pro Laptop,1,1700.0,2019-08-18 21:57:00,"688 Spruce St, Atlanta, GA 30301",August
248065,Macbook Pro Laptop,1,1700.0,2019-08-25 18:53:00,"797 Lake St, New York City, NY 10001",August
236710,Macbook Pro Laptop,1,1700.0,2019-08-04 02:46:00,"654 Chestnut St, Austin, TX 73301",August
247168,Macbook Pro Laptop,1,1700.0,2019-08-08 08:17:00,"815 Main St, New York City, NY 10001",August
242838,Macbook Pro Laptop,1,1700.0,2019-08-06 07:45:00,"388 Lakeview St, Dallas, TX 75001",August
246476,Macbook Pro Laptop,1,1700.0,2019-08-31 21:14:00,"85 Elm St, San Francisco, CA 94016",August
237005,Macbook Pro Laptop,1,1700.0,2019-08-29 06:50:00,"187 1st St, San Francisco, CA 94016",August
237385,Macbook Pro Laptop,1,1700.0,2019-08-04 11:33:00,"40 Adams St, Portland, OR 97035",August
238445,Macbook Pro Laptop,1,1700.0,2019-08-24 12:54:00,"26 North St, Portland, OR 97035",August
239703,Macbook Pro Laptop,1,1700.0,2019-08-22 18:04:00,"618 7th St, Seattle, WA 98101",August
242148,Macbook Pro Laptop,1,1700.0,2019-08-07 11:47:00,"192 Willow St, Dallas, TX 75001",August
244624,Macbook Pro Laptop,1,1700.0,2019-08-25 21:53:00,"505 13th St, San Francisco, CA 94016",August
247769,Macbook Pro Laptop,1,1700.0,2019-08-16 17:59:00,"307 Cedar St, Los Angeles, CA 90001",August
238182,Macbook Pro Laptop,1,1700.0,2019-08-14 18:13:00,"868 Wilson St, Seattle, WA 98101",August
242457,Macbook Pro Laptop,1,1700.0,2019-08-12 16:53:00,"537 Johnson St, Austin, TX 73301",August
247076,Macbook Pro Laptop,1,1700.0,2019-08-26 21:07:00,"762 Forest St, San Francisco, CA 94016",August
239611,Macbook Pro Laptop,1,1700.0,2019-08-14 08:03:00,"817 Cedar St, Los Angeles, CA 90001",August
238287,Macbook Pro Laptop,1,1700.0,2019-08-03 08:45:00,"292 Main St, Portland, ME 04101",August
239040,Macbook Pro Laptop,1,1700.0,2019-08-09 21:38:00,"695 13th St, New York City, NY 10001",August
239177,Macbook Pro Laptop,1,1700.0,2019-08-10 08:04:00,"99 6th St, San Francisco, CA 94016",August
246418,Macbook Pro Laptop,1,1700.0,2019-08-25 08:57:00,"844 Lake St, New York City, NY 10001",August
246646,Macbook Pro Laptop,1,1700.0,2019-08-14 17:26:00,"807 Walnut St, Los Angeles, CA 90001",August
236888,Macbook Pro Laptop,1,1700.0,2019-08-01 16:57:00,"887 Meadow St, New York City, NY 10001",August
247331,Macbook Pro Laptop,1,1700.0,2019-08-05 18:11:00,"594 Lake St, Austin, TX 73301",August
244142,Macbook Pro Laptop,1,1700.0,2019-08-09 12:22:00,"835 Pine St, Austin, TX 73301",August
246214,Macbook Pro Laptop,1,1700.0,2019-08-16 14:31:00,"216 Lincoln St, Austin, TX 73301",August
237649,Macbook Pro Laptop,1,1700.0,2019-08-03 20:32:00,"664 Church St, New York City, NY 10001",August
241049,Macbook Pro Laptop,1,1700.0,2019-08-22 15:42:00,"605 11th St, San Francisco, CA 94016",August
243917,Macbook Pro Laptop,1,1700.0,2019-08-18 12:57:00,"902 Park St, San Francisco, CA 94016",August
242348,Macbook Pro Laptop,1,1700.0,2019-08-16 14:15:00,"287 North St, San Francisco, CA 94016",August
241496,Macbook Pro Laptop,1,1700.0,2019-08-06 19:23:00,"407 Forest St, Los Angeles, CA 90001",August
243269,Macbook Pro Laptop,1,1700.0,2019-08-20 19:40:00,"72 South St, Austin, TX 73301",August
238622,Macbook Pro Laptop,1,1700.0,2019-08-26 11:17:00,"235 Wilson St, Los Angeles, CA 90001",August
244434,Macbook Pro Laptop,1,1700.0,2019-08-20 14:49:00,"399 Lincoln St, Atlanta, GA 30301",August
243136,Macbook Pro Laptop,1,1700.0,2019-08-04 22:43:00,"106 Lake St, San Francisco, CA 94016",August
243747,Macbook Pro Laptop,1,1700.0,2019-08-18 19:15:00,"133 Elm St, San Francisco, CA 94016",August
236679,Macbook Pro Laptop,1,1700.0,2019-08-07 15:43:00,"239 Spruce St, Los Angeles, CA 90001",August
238771,Macbook Pro Laptop,1,1700.0,2019-08-09 03:01:00,"696 Lake St, Portland, OR 97035",August
244560,Macbook Pro Laptop,1,1700.0,2019-08-01 10:41:00,"185 Pine St, Los Angeles, CA 90001",August
245184,Macbook Pro Laptop,1,1700.0,2019-08-27 03:00:00,"959 Forest St, Dallas, TX 75001",August
246923,Macbook Pro Laptop,1,1700.0,2019-08-30 07:29:00,"793 6th St, Atlanta, GA 30301",August
244070,Macbook Pro Laptop,1,1700.0,2019-08-12 10:39:00,"503 6th St, Los Angeles, CA 90001",August
246998,Macbook Pro Laptop,1,1700.0,2019-08-27 10:26:00,"667 11th St, San Francisco, CA 94016",August
240421,Macbook Pro Laptop,1,1700.0,2019-08-26 12:26:00,"717 5th St, San Francisco, CA 94016",August
249822,Macbook Pro Laptop,1,1700.0,2019-09-29 08:29:00,"379 10th St, New York City, NY 10001",September
252211,Macbook Pro Laptop,1,1700.0,2019-09-08 10:10:00,"293 Madison St, Boston, MA 02215",September
254294,Macbook Pro Laptop,1,1700.0,2019-09-10 00:49:00,"367 Chestnut St, Boston, MA 02215",September
254709,Macbook Pro Laptop,1,1700.0,2019-09-13 09:02:00,"731 Cherry St, Atlanta, GA 30301",September
254710,Macbook Pro Laptop,1,1700.0,2019-09-12 08:29:00,"111 14th St, Los Angeles, CA 90001",September
256461,Macbook Pro Laptop,1,1700.0,2019-09-17 17:50:00,"470 Madison St, New York City, NY 10001",September
256928,Macbook Pro Laptop,1,1700.0,2019-09-06 14:46:00,"768 10th St, New York City, NY 10001",September
250581,Macbook Pro Laptop,1,1700.0,2019-09-10 18:44:00,"770 12th St, Austin, TX 73301",September
252965,Macbook Pro Laptop,1,1700.0,2019-09-12 11:24:00,"504 Lake St, New York City, NY 10001",September
258910,Macbook Pro Laptop,1,1700.0,2019-09-27 02:27:00,"703 Lake St, Boston, MA 02215",September
248612,Macbook Pro Laptop,1,1700.0,2019-09-15 18:32:00,"986 Jackson St, Portland, OR 97035",September
249545,Macbook Pro Laptop,1,1700.0,2019-09-09 15:41:00,"267 4th St, New York City, NY 10001",September
250440,Macbook Pro Laptop,1,1700.0,2019-09-02 17:12:00,"369 Jackson St, Seattle, WA 98101",September
256421,Macbook Pro Laptop,1,1700.0,2019-09-04 15:19:00,"200 5th St, Los Angeles, CA 90001",September
253790,Macbook Pro Laptop,1,1700.0,2019-09-16 20:50:00,"957 Park St, Seattle, WA 98101",September
254987,Macbook Pro Laptop,1,1700.0,2019-09-25 00:49:00,"324 Church St, San Francisco, CA 94016",September
251476,Macbook Pro Laptop,1,1700.0,2019-09-19 21:09:00,"477 Madison St, Los Angeles, CA 90001",September
257465,Macbook Pro Laptop,1,1700.0,2019-09-11 09:42:00,"686 Dogwood St, Dallas, TX 75001",September
258704,Macbook Pro Laptop,1,1700.0,2019-09-04 23:38:00,"367 Park St, Seattle, WA 98101",September
252914,Macbook Pro Laptop,1,1700.0,2019-09-25 22:43:00,"799 Wilson St, Portland, OR 97035",September
254504,Macbook Pro Laptop,1,1700.0,2019-09-25 16:00:00,"49 7th St, Los Angeles, CA 90001",September
255820,Macbook Pro Laptop,1,1700.0,2019-09-07 09:33:00,"119 Meadow St, New York City, NY 10001",September
254780,Macbook Pro Laptop,1,1700.0,2019-09-21 10:49:00,"934 Lincoln St, Los Angeles, CA 90001",September
251726,Macbook Pro Laptop,1,1700.0,2019-09-14 14:07:00,"408 4th St, Boston, MA 02215",September
252564,Macbook Pro Laptop,1,1700.0,2019-09-13 14:42:00,"536 Wilson St, Portland, ME 04101",September
252893,Macbook Pro Laptop,1,1700.0,2019-09-13 07:13:00,"42 13th St, Austin, TX 73301",September
256808,Macbook Pro Laptop,1,1700.0,2019-09-17 14:08:00,"623 Chestnut St, San Francisco, CA 94016",September
249243,Macbook Pro Laptop,1,1700.0,2019-09-11 01:24:00,"361 West St, Boston, MA 02215",September
253413,Macbook Pro Laptop,1,1700.0,2019-09-09 14:47:00,"814 Willow St, San Francisco, CA 94016",September
256553,Macbook Pro Laptop,1,1700.0,2019-09-03 14:35:00,"126 South St, Los Angeles, CA 90001",September
257676,Macbook Pro Laptop,1,1700.0,2019-09-18 14:50:00,"641 Lincoln St, Atlanta, GA 30301",September
252527,Macbook Pro Laptop,1,1700.0,2019-09-10 09:54:00,"664 Highland St, San Francisco, CA 94016",September
255055,Macbook Pro Laptop,1,1700.0,2019-09-09 20:35:00,"669 Lake St, Portland, OR 97035",September
250869,Macbook Pro Laptop,1,1700.0,2019-09-14 15:16:00,"660 Pine St, San Francisco, CA 94016",September
251373,Macbook Pro Laptop,1,1700.0,2019-09-10 04:13:00,"616 Madison St, New York City, NY 10001",September
250732,Macbook Pro Laptop,1,1700.0,2019-09-06 16:37:00,"268 Hill St, Seattle, WA 98101",September
257850,Macbook Pro Laptop,1,1700.0,2019-09-19 15:31:00,"905 Madison St, Austin, TX 73301",September
248880,Macbook Pro Laptop,1,1700.0,2019-09-27 09:53:00,"749 Sunset St, Los Angeles, CA 90001",September
249457,Macbook Pro Laptop,1,1700.0,2019-09-06 18:41:00,"330 11th St, San Francisco, CA 94016",September
251626,Macbook Pro Laptop,1,1700.0,2019-09-09 08:50:00,"477 7th St, Los Angeles, CA 90001",September
255548,Macbook Pro Laptop,1,1700.0,2019-09-13 20:39:00,"945 Cedar St, Boston, MA 02215",September
252317,Macbook Pro Laptop,1,1700.0,2019-09-26 17:03:00,"771 6th St, Atlanta, GA 30301",September
256102,Macbook Pro Laptop,1,1700.0,2019-09-06 20:13:00,"611 Jackson St, Atlanta, GA 30301",September
250274,Macbook Pro Laptop,1,1700.0,2019-09-26 08:14:00,"651 10th St, San Francisco, CA 94016",September
248815,Macbook Pro Laptop,1,1700.0,2019-09-16 11:07:00,"331 Willow St, San Francisco, CA 94016",September
252127,Macbook Pro Laptop,1,1700.0,2019-09-14 10:56:00,"239 13th St, Boston, MA 02215",September
258081,Macbook Pro Laptop,1,1700.0,2019-09-08 15:46:00,"732 9th St, Boston, MA 02215",September
257698,Macbook Pro Laptop,1,1700.0,2019-09-21 16:59:00,"932 Lakeview St, Los Angeles, CA 90001",September
250538,Macbook Pro Laptop,1,1700.0,2019-09-26 19:20:00,"111 4th St, New York City, NY 10001",September
256401,Macbook Pro Laptop,1,1700.0,2019-09-18 16:30:00,"650 Ridge St, San Francisco, CA 94016",September
262476,Macbook Pro Laptop,1,1700.0,2019-10-28 18:20:00,"723 Lincoln St, New York City, NY 10001",October
267235,Macbook Pro Laptop,1,1700.0,2019-10-04 13:32:00,"303 Meadow St, Austin, TX 73301",October
270170,Macbook Pro Laptop,1,1700.0,2019-10-02 12:21:00,"737 13th St, Seattle, WA 98101",October
265914,Macbook Pro Laptop,1,1700.0,2019-10-07 20:20:00,"821 11th St, New York City, NY 10001",October
266606,Macbook Pro Laptop,1,1700.0,2019-10-03 17:19:00,"298 11th St, Boston, MA 02215",October
272958,Macbook Pro Laptop,1,1700.0,2019-10-31 08:31:00,"604 7th St, Portland, OR 97035",October
273759,Macbook Pro Laptop,1,1700.0,2019-10-15 19:57:00,"350 6th St, Dallas, TX 75001",October
272164,Macbook Pro Laptop,1,1700.0,2019-10-20 09:15:00,"315 Chestnut St, Portland, OR 97035",October
278644,Macbook Pro Laptop,1,1700.0,2019-10-21 12:47:00,"703 Willow St, San Francisco, CA 94016",October
268763,Macbook Pro Laptop,1,1700.0,2019-10-08 20:48:00,"87 2nd St, Dallas, TX 75001",October
270201,Macbook Pro Laptop,1,1700.0,2019-10-01 20:29:00,"966 1st St, Atlanta, GA 30301",October
274217,Macbook Pro Laptop,1,1700.0,2019-10-10 07:01:00,"638 West St, Los Angeles, CA 90001",October
268502,Macbook Pro Laptop,1,1700.0,2019-10-17 00:59:00,"443 5th St, San Francisco, CA 94016",October
268581,Macbook Pro Laptop,1,1700.0,2019-10-04 08:24:00,"317 Spruce St, Boston, MA 02215",October
275287,Macbook Pro Laptop,1,1700.0,2019-10-25 14:10:00,"45 Madison St, Los Angeles, CA 90001",October
273677,Macbook Pro Laptop,1,1700.0,2019-10-28 16:00:00,"947 Jackson St, Dallas, TX 75001",October
274053,Macbook Pro Laptop,1,1700.0,2019-10-21 16:13:00,"350 Park St, San Francisco, CA 94016",October
261836,Macbook Pro Laptop,1,1700.0,2019-10-04 13:41:00,"382 Dogwood St, San Francisco, CA 94016",October
268348,Macbook Pro Laptop,1,1700.0,2019-10-20 19:35:00,"431 Lincoln St, Boston, MA 02215",October
275888,Macbook Pro Laptop,1,1700.0,2019-10-21 12:53:00,"796 South St, Atlanta, GA 30301",October
260122,Macbook Pro Laptop,1,1700.0,2019-10-29 23:29:00,"466 Madison St, Portland, OR 97035",October
261532,Macbook Pro Laptop,1,1700.0,2019-10-10 19:57:00,"394 Cedar St, Portland, ME 04101",October
265333,Macbook Pro Laptop,1,1700.0,2019-10-11 02:00:00,"561 7th St, Atlanta, GA 30301",October
265489,Macbook Pro Laptop,1,1700.0,2019-10-23 10:29:00,"4 Pine St, Dallas, TX 75001",October
274614,Macbook Pro Laptop,1,1700.0,2019-10-22 12:26:00,"746 Center St, San Francisco, CA 94016",October
269735,Macbook Pro Laptop,1,1700.0,2019-10-13 18:04:00,"993 Lakeview St, Atlanta, GA 30301",October
277759,Macbook Pro Laptop,1,1700.0,2019-10-21 02:09:00,"30 Spruce St, Los Angeles, CA 90001",October
260923,Macbook Pro Laptop,1,1700.0,2019-10-22 17:48:00,"101 Adams St, Boston, MA 02215",October
264050,Macbook Pro Laptop,1,1700.0,2019-10-28 07:36:00,"509 Adams St, Portland, OR 97035",October
268346,Macbook Pro Laptop,1,1700.0,2019-10-06 14:32:00,"242 5th St, San Francisco, CA 94016",October
260871,Macbook Pro Laptop,1,1700.0,2019-10-23 12:44:00,"162 Spruce St, Los Angeles, CA 90001",October
277429,Macbook Pro Laptop,1,1700.0,2019-10-28 19:15:00,"226 Cherry St, Boston, MA 02215",October
278206,Macbook Pro Laptop,1,1700.0,2019-10-14 12:45:00,"984 10th St, Seattle, WA 98101",October
265719,Macbook Pro Laptop,1,1700.0,2019-10-22 12:38:00,"498 11th St, San Francisco, CA 94016",October
269814,Macbook Pro Laptop,1,1700.0,2019-10-01 16:27:00,"79 13th St, Boston, MA 02215",October
274575,Macbook Pro Laptop,1,1700.0,2019-10-22 06:43:00,"212 River St, Portland, ME 04101",October
266637,Macbook Pro Laptop,1,1700.0,2019-10-17 21:48:00,"316 Elm St, New York City, NY 10001",October
272720,Macbook Pro Laptop,1,1700.0,2019-10-05 17:34:00,"434 Forest St, Seattle, WA 98101",October
262736,Macbook Pro Laptop,1,1700.0,2019-10-24 07:17:00,"443 14th St, Seattle, WA 98101",October
266321,Macbook Pro Laptop,1,1700.0,2019-10-06 14:20:00,"762 Main St, Los Angeles, CA 90001",October
269986,Macbook Pro Laptop,1,1700.0,2019-10-16 21:42:00,"201 7th St, San Francisco, CA 94016",October
260830,Macbook Pro Laptop,1,1700.0,2019-10-04 18:26:00,"129 12th St, Dallas, TX 75001",October
268175,Macbook Pro Laptop,1,1700.0,2019-10-11 11:19:00,"992 Willow St, Los Angeles, CA 90001",October
274553,Macbook Pro Laptop,1,1700.0,2019-10-13 10:23:00,"468 Jefferson St, San Francisco, CA 94016",October
268888,Macbook Pro Laptop,1,1700.0,2019-10-14 21:40:00,"537 Church St, Seattle, WA 98101",October
270549,Macbook Pro Laptop,1,1700.0,2019-10-02 20:15:00,"993 Hickory St, Los Angeles, CA 90001",October
274236,Macbook Pro Laptop,1,1700.0,2019-10-11 14:59:00,"839 Ridge St, Seattle, WA 98101",October
270878,Macbook Pro Laptop,1,1700.0,2019-10-27 12:26:00,"251 Washington St, Atlanta, GA 30301",October
262878,Macbook Pro Laptop,1,1700.0,2019-10-01 21:19:00,"529 Lake St, Portland, OR 97035",October
265158,Macbook Pro Laptop,1,1700.0,2019-10-01 08:58:00,"351 Pine St, Los Angeles, CA 90001",October
260643,Macbook Pro Laptop,1,1700.0,2019-10-05 19:08:00,"621 10th St, San Francisco, CA 94016",October
267484,Macbook Pro Laptop,1,1700.0,2019-10-20 20:20:00,"401 11th St, Boston, MA 02215",October
260806,Macbook Pro Laptop,1,1700.0,2019-10-26 21:37:00,"947 Johnson St, Dallas, TX 75001",October
261683,Macbook Pro Laptop,1,1700.0,2019-10-04 11:29:00,"392 Madison St, Dallas, TX 75001",October
266358,Macbook Pro Laptop,1,1700.0,2019-10-03 11:02:00,"771 Church St, Dallas, TX 75001",October
268533,Macbook Pro Laptop,1,1700.0,2019-10-26 21:51:00,"834 North St, Atlanta, GA 30301",October
269740,Macbook Pro Laptop,1,1700.0,2019-10-19 12:12:00,"667 Church St, Boston, MA 02215",October
270544,Macbook Pro Laptop,1,1700.0,2019-10-01 12:58:00,"753 Jefferson St, Los Angeles, CA 90001",October
277133,Macbook Pro Laptop,1,1700.0,2019-10-06 16:19:00,"554 8th St, San Francisco, CA 94016",October
268131,Macbook Pro Laptop,1,1700.0,2019-10-28 08:37:00,"916 Washington St, San Francisco, CA 94016",October
269712,Macbook Pro Laptop,1,1700.0,2019-10-21 18:33:00,"1 11th St, Los Angeles, CA 90001",October
270609,Macbook Pro Laptop,1,1700.0,2019-10-07 01:04:00,"283 Spruce St, Los Angeles, CA 90001",October
275726,Macbook Pro Laptop,1,1700.0,2019-10-11 18:24:00,"256 Hill St, San Francisco, CA 94016",October
259972,Macbook Pro Laptop,1,1700.0,2019-10-31 13:10:00,"871 7th St, Boston, MA 02215",October
264802,Macbook Pro Laptop,1,1700.0,2019-10-26 14:22:00,"637 Maple St, Boston, MA 02215",October
276580,Macbook Pro Laptop,1,1700.0,2019-10-01 17:39:00,"208 Jackson St, Austin, TX 73301",October
261225,Macbook Pro Laptop,1,1700.0,2019-10-29 05:33:00,"36 Cherry St, Dallas, TX 75001",October
269251,Macbook Pro Laptop,1,1700.0,2019-10-13 22:37:00,"590 Willow St, Atlanta, GA 30301",October
276199,Macbook Pro Laptop,1,1700.0,2019-10-28 15:17:00,"753 Johnson St, Los Angeles, CA 90001",October
278036,Macbook Pro Laptop,1,1700.0,2019-10-11 14:10:00,"957 Maple St, Atlanta, GA 30301",October
263830,Macbook Pro Laptop,1,1700.0,2019-10-24 16:34:00,"140 Hill St, Austin, TX 73301",October
264650,Macbook Pro Laptop,1,1700.0,2019-10-07 16:41:00,"812 2nd St, Atlanta, GA 30301",October
266825,Macbook Pro Laptop,1,1700.0,2019-10-03 15:02:00,"876 West St, Seattle, WA 98101",October
275541,Macbook Pro Laptop,1,1700.0,2019-10-29 21:45:00,"320 Ridge St, Los Angeles, CA 90001",October
266373,Macbook Pro Laptop,1,1700.0,2019-10-10 14:30:00,"731 Lakeview St, Portland, OR 97035",October
276415,Macbook Pro Laptop,1,1700.0,2019-10-14 11:24:00,"731 2nd St, Boston, MA 02215",October
268785,Macbook Pro Laptop,1,1700.0,2019-10-11 22:26:00,"138 Madison St, Dallas, TX 75001",October
289275,Macbook Pro Laptop,1,1700.0,2019-11-20 20:07:00,"874 Jefferson St, Dallas, TX 75001",November
281663,Macbook Pro Laptop,1,1700.0,2019-11-08 17:58:00,"271 North St, New York City, NY 10001",November
286798,Macbook Pro Laptop,1,1700.0,2019-11-25 16:43:00,"396 Cherry St, San Francisco, CA 94016",November
280095,Macbook Pro Laptop,1,1700.0,2019-11-02 15:43:00,"84 Highland St, San Francisco, CA 94016",November
284366,Macbook Pro Laptop,1,1700.0,2019-11-12 18:38:00,"652 10th St, Los Angeles, CA 90001",November
288499,Macbook Pro Laptop,1,1700.0,2019-11-02 22:48:00,"458 Maple St, New York City, NY 10001",November
288107,Macbook Pro Laptop,1,1700.0,2019-11-23 23:40:00,"543 7th St, New York City, NY 10001",November
282198,Macbook Pro Laptop,1,1700.0,2019-11-10 16:27:00,"51 Cedar St, San Francisco, CA 94016",November
289100,Macbook Pro Laptop,1,1700.0,2019-11-25 12:38:00,"829 Dogwood St, Boston, MA 02215",November
289660,Macbook Pro Laptop,1,1700.0,2019-11-28 19:26:00,"721 Willow St, San Francisco, CA 94016",November
291419,Macbook Pro Laptop,1,1700.0,2019-11-29 20:31:00,"808 Chestnut St, Seattle, WA 98101",November
295045,Macbook Pro Laptop,1,1700.0,2019-11-07 17:11:00,"888 West St, New York City, NY 10001",November
279229,Macbook Pro Laptop,1,1700.0,2019-11-12 10:07:00,"439 Jefferson St, San Francisco, CA 94016",November
280586,Macbook Pro Laptop,1,1700.0,2019-11-27 16:55:00,"845 Lakeview St, San Francisco, CA 94016",November
280919,Macbook Pro Laptop,1,1700.0,2019-11-30 15:50:00,"22 5th St, Dallas, TX 75001",November
288848,Macbook Pro Laptop,1,1700.0,2019-11-16 18:27:00,"869 13th St, Atlanta, GA 30301",November
294022,Macbook Pro Laptop,1,1700.0,2019-11-07 11:29:00,"678 Highland St, San Francisco, CA 94016",November
279706,Macbook Pro Laptop,1,1700.0,2019-11-16 21:45:00,"228 Elm St, San Francisco, CA 94016",November
281623,Macbook Pro Laptop,1,1700.0,2019-11-04 08:22:00,"969 Wilson St, Dallas, TX 75001",November
292850,Macbook Pro Laptop,1,1700.0,2019-11-25 00:30:00,"877 River St, Atlanta, GA 30301",November
280293,Macbook Pro Laptop,1,1700.0,2019-11-23 10:48:00,"776 Hickory St, San Francisco, CA 94016",November
280507,Macbook Pro Laptop,1,1700.0,2019-11-08 14:55:00,"887 Park St, San Francisco, CA 94016",November
287674,Macbook Pro Laptop,1,1700.0,2019-11-07 11:43:00,"663 Park St, Atlanta, GA 30301",November
280241,Macbook Pro Laptop,1,1700.0,2019-11-09 01:14:00,"612 Dogwood St, Dallas, TX 75001",November
289266,Macbook Pro Laptop,1,1700.0,2019-11-29 12:33:00,"335 West St, San Francisco, CA 94016",November
289739,Macbook Pro Laptop,1,1700.0,2019-11-19 19:01:00,"332 5th St, Boston, MA 02215",November
283588,Macbook Pro Laptop,1,1700.0,2019-11-01 09:43:00,"473 Lake St, San Francisco, CA 94016",November
284224,Macbook Pro Laptop,1,1700.0,2019-11-03 23:16:00,"313 6th St, Los Angeles, CA 90001",November
279302,Macbook Pro Laptop,1,1700.0,2019-11-11 15:02:00,"708 4th St, New York City, NY 10001",November
284340,Macbook Pro Laptop,1,1700.0,2019-11-20 17:55:00,"963 13th St, New York City, NY 10001",November
289147,Macbook Pro Laptop,1,1700.0,2019-11-29 07:25:00,"826 13th St, Los Angeles, CA 90001",November
281337,Macbook Pro Laptop,1,1700.0,2019-11-24 23:06:00,"783 Center St, Los Angeles, CA 90001",November
293004,Macbook Pro Laptop,1,1700.0,2019-11-30 19:08:00,"86 Ridge St, San Francisco, CA 94016",November
283242,Macbook Pro Laptop,1,1700.0,2019-11-02 18:21:00,"162 Washington St, Boston, MA 02215",November
284374,Macbook Pro Laptop,1,1700.0,2019-11-02 10:58:00,"288 Church St, Los Angeles, CA 90001",November
285105,Macbook Pro Laptop,1,1700.0,2019-11-05 16:28:00,"224 Main St, Atlanta, GA 30301",November
285460,Macbook Pro Laptop,1,1700.0,2019-11-25 13:19:00,"430 Lake St, Seattle, WA 98101",November
293704,Macbook Pro Laptop,1,1700.0,2019-11-16 06:51:00,"626 7th St, San Francisco, CA 94016",November
285619,Macbook Pro Laptop,1,1700.0,2019-11-02 18:07:00,"527 Walnut St, Portland, OR 97035",November
287572,Macbook Pro Laptop,1,1700.0,2019-11-30 18:38:00,"444 Cedar St, Austin, TX 73301",November
287785,Macbook Pro Laptop,1,1700.0,2019-11-05 21:21:00,"184 Meadow St, Boston, MA 02215",November
289665,Macbook Pro Laptop,1,1700.0,2019-11-08 22:25:00,"356 Center St, Boston, MA 02215",November
291218,Macbook Pro Laptop,1,1700.0,2019-11-26 08:43:00,"512 Highland St, Dallas, TX 75001",November
286052,Macbook Pro Laptop,1,1700.0,2019-11-01 07:32:00,"432 Maple St, New York City, NY 10001",November
279314,Macbook Pro Laptop,1,1700.0,2019-11-09 20:07:00,"728 Walnut St, Atlanta, GA 30301",November
282021,Macbook Pro Laptop,1,1700.0,2019-11-06 13:04:00,"87 Hickory St, Atlanta, GA 30301",November
289681,Macbook Pro Laptop,1,1700.0,2019-11-09 22:41:00,"447 South St, New York City, NY 10001",November
288984,Macbook Pro Laptop,1,1700.0,2019-11-07 13:10:00,"907 Jefferson St, Boston, MA 02215",November
282732,Macbook Pro Laptop,1,1700.0,2019-11-17 22:51:00,"299 4th St, Los Angeles, CA 90001",November
284018,Macbook Pro Laptop,1,1700.0,2019-11-11 12:02:00,"75 Spruce St, San Francisco, CA 94016",November
281286,Macbook Pro Laptop,1,1700.0,2019-11-09 21:32:00,"638 14th St, Los Angeles, CA 90001",November
284076,Macbook Pro Laptop,1,1700.0,2019-11-24 16:13:00,"973 10th St, Seattle, WA 98101",November
286577,Macbook Pro Laptop,1,1700.0,2019-11-22 16:45:00,"485 West St, New York City, NY 10001",November
282914,Macbook Pro Laptop,1,1700.0,2019-11-24 10:57:00,"534 River St, New York City, NY 10001",November
287866,Macbook Pro Laptop,1,1700.0,2019-11-05 21:13:00,"309 10th St, Seattle, WA 98101",November
289910,Macbook Pro Laptop,1,1700.0,2019-11-01 19:07:00,"461 Madison St, Los Angeles, CA 90001",November
291023,Macbook Pro Laptop,1,1700.0,2019-11-08 14:24:00,"916 1st St, Dallas, TX 75001",November
287566,Macbook Pro Laptop,1,1700.0,2019-11-23 11:37:00,"118 Lakeview St, Los Angeles, CA 90001",November
290188,Macbook Pro Laptop,1,1700.0,2019-11-11 12:50:00,"315 Cedar St, New York City, NY 10001",November
293386,Macbook Pro Laptop,1,1700.0,2019-11-30 07:14:00,"653 Washington St, Boston, MA 02215",November
294557,Macbook Pro Laptop,1,1700.0,2019-11-28 11:32:00,"226 Jefferson St, Boston, MA 02215",November
282580,Macbook Pro Laptop,1,1700.0,2019-11-22 07:29:00,"79 Wilson St, Austin, TX 73301",November
286225,Macbook Pro Laptop,1,1700.0,2019-11-29 22:56:00,"420 1st St, Portland, OR 97035",November
286498,Macbook Pro Laptop,1,1700.0,2019-11-03 21:49:00,"953 10th St, Los Angeles, CA 90001",November
293064,Macbook Pro Laptop,1,1700.0,2019-11-11 20:04:00,"209 Spruce St, New York City, NY 10001",November
279437,Macbook Pro Laptop,1,1700.0,2019-11-13 04:19:00,"212 5th St, Seattle, WA 98101",November
280177,Macbook Pro Laptop,1,1700.0,2019-11-13 20:26:00,"767 Park St, San Francisco, CA 94016",November
282688,Macbook Pro Laptop,1,1700.0,2019-11-27 17:49:00,"943 14th St, San Francisco, CA 94016",November
289139,Macbook Pro Laptop,1,1700.0,2019-11-20 15:53:00,"549 Highland St, Atlanta, GA 30301",November
290667,Macbook Pro Laptop,1,1700.0,2019-11-18 15:02:00,"197 South St, Atlanta, GA 30301",November
292647,Macbook Pro Laptop,1,1700.0,2019-11-30 18:09:00,"817 Washington St, San Francisco, CA 94016",November
286502,Macbook Pro Laptop,1,1700.0,2019-11-05 15:38:00,"914 Forest St, San Francisco, CA 94016",November
288089,Macbook Pro Laptop,1,1700.0,2019-11-05 22:01:00,"64 Maple St, Boston, MA 02215",November
280031,Macbook Pro Laptop,1,1700.0,2019-11-13 22:27:00,"304 1st St, San Francisco, CA 94016",November
284527,Macbook Pro Laptop,1,1700.0,2019-11-08 18:21:00,"858 2nd St, Portland, OR 97035",November
297009,Macbook Pro Laptop,1,1700.0,2019-12-16 08:07:00,"779 Maple St, San Francisco, CA 94016",December
315863,Macbook Pro Laptop,1,1700.0,2019-12-09 23:34:00,"900 14th St, Seattle, WA 98101",December
318731,Macbook Pro Laptop,1,1700.0,2019-12-21 17:55:00,"539 5th St, Dallas, TX 75001",December
311278,Macbook Pro Laptop,1,1700.0,2019-12-24 13:29:00,"223 Hickory St, Los Angeles, CA 90001",December
313930,Macbook Pro Laptop,1,1700.0,2019-12-05 07:12:00,"414 Spruce St, New York City, NY 10001",December
302389,Macbook Pro Laptop,1,1700.0,2019-12-18 17:53:00,"644 1st St, Los Angeles, CA 90001",December
316620,Macbook Pro Laptop,1,1700.0,2019-12-01 18:05:00,"745 Center St, Austin, TX 73301",December
317484,Macbook Pro Laptop,1,1700.0,2019-12-05 17:58:00,"875 Church St, Dallas, TX 75001",December
319622,Macbook Pro Laptop,1,1700.0,2019-12-15 07:11:00,"180 Ridge St, Boston, MA 02215",December
300443,Macbook Pro Laptop,1,1700.0,2019-12-08 18:26:00,"527 13th St, Seattle, WA 98101",December
301122,Macbook Pro Laptop,1,1700.0,2019-12-06 09:55:00,"767 Main St, Boston, MA 02215",December
311614,Macbook Pro Laptop,1,1700.0,2019-12-08 15:08:00,"751 Wilson St, Los Angeles, CA 90001",December
295963,Macbook Pro Laptop,1,1700.0,2019-12-08 10:21:00,"556 11th St, Austin, TX 73301",December
299281,Macbook Pro Laptop,1,1700.0,2019-12-10 10:11:00,"118 Hickory St, Los Angeles, CA 90001",December
315929,Macbook Pro Laptop,1,1700.0,2019-12-15 18:12:00,"756 Highland St, Seattle, WA 98101",December
316208,Macbook Pro Laptop,1,1700.0,2019-12-02 22:03:00,"617 Park St, Boston, MA 02215",December
316708,Macbook Pro Laptop,1,1700.0,2019-12-31 13:15:00,"779 River St, Los Angeles, CA 90001",December
310958,Macbook Pro Laptop,1,1700.0,2019-12-18 14:40:00,"644 Johnson St, Seattle, WA 98101",December
314871,Macbook Pro Laptop,1,1700.0,2019-12-25 15:46:00,"184 Madison St, San Francisco, CA 94016",December
318716,Macbook Pro Laptop,1,1700.0,2019-12-06 19:06:00,"920 Sunset St, San Francisco, CA 94016",December
299172,Macbook Pro Laptop,1,1700.0,2019-12-31 15:06:00,"433 North St, San Francisco, CA 94016",December
318686,Macbook Pro Laptop,1,1700.0,2019-12-05 15:33:00,"54 7th St, New York City, NY 10001",December
311140,Macbook Pro Laptop,1,1700.0,2019-12-22 17:12:00,"177 12th St, Boston, MA 02215",December
300524,Macbook Pro Laptop,1,1700.0,2019-12-10 10:31:00,"738 Adams St, Austin, TX 73301",December
310057,Macbook Pro Laptop,1,1700.0,2019-12-07 19:48:00,"259 Maple St, Portland, OR 97035",December
299283,Macbook Pro Laptop,1,1700.0,2019-12-13 22:37:00,"816 2nd St, Dallas, TX 75001",December
300094,Macbook Pro Laptop,1,1700.0,2019-12-29 10:49:00,"97 Johnson St, New York City, NY 10001",December
303891,Macbook Pro Laptop,1,1700.0,2019-12-10 11:38:00,"5 Center St, New York City, NY 10001",December
308349,Macbook Pro Laptop,1,1700.0,2019-12-21 09:22:00,"107 Spruce St, Portland, ME 04101",December
313681,Macbook Pro Laptop,1,1700.0,2019-12-04 15:25:00,"160 Walnut St, Boston, MA 02215",December
304557,Macbook Pro Laptop,1,1700.0,2019-12-17 17:59:00,"932 12th St, San Francisco, CA 94016",December
305723,Macbook Pro Laptop,1,1700.0,2019-12-24 13:16:00,"947 Sunset St, Austin, TX 73301",December
308643,Macbook Pro Laptop,1,1700.0,2019-12-16 20:25:00,"865 Hickory St, San Francisco, CA 94016",December
309155,Macbook Pro Laptop,1,1700.0,2019-12-29 21:22:00,"208 13th St, San Francisco, CA 94016",December
319570,Macbook Pro Laptop,1,1700.0,2019-12-09 17:40:00,"57 13th St, Boston, MA 02215",December
301635,Macbook Pro Laptop,1,1700.0,2019-12-20 17:21:00,"64 2nd St, San Francisco, CA 94016",December
303864,Macbook Pro Laptop,1,1700.0,2019-12-22 11:56:00,"117 6th St, Seattle, WA 98101",December
306432,Macbook Pro Laptop,1,1700.0,2019-12-04 13:39:00,"990 Lakeview St, Boston, MA 02215",December
313781,Macbook Pro Laptop,1,1700.0,2019-12-17 19:46:00,"842 10th St, New York City, NY 10001",December
318608,Macbook Pro Laptop,1,1700.0,2019-12-05 20:33:00,"208 Cherry St, Atlanta, GA 30301",December
295871,Macbook Pro Laptop,1,1700.0,2019-12-28 11:19:00,"661 Park St, Dallas, TX 75001",December
296688,Macbook Pro Laptop,1,1700.0,2019-12-21 10:03:00,"717 Maple St, Boston, MA 02215",December
303722,Macbook Pro Laptop,1,1700.0,2019-12-13 11:06:00,"766 10th St, San Francisco, CA 94016",December
305857,Macbook Pro Laptop,1,1700.0,2019-12-05 08:51:00,"402 Cedar St, New York City, NY 10001",December
308779,Macbook Pro Laptop,1,1700.0,2019-12-18 20:50:00,"505 10th St, San Francisco, CA 94016",December
317410,Macbook Pro Laptop,1,1700.0,2019-12-08 20:58:00,"41 Spruce St, Los Angeles, CA 90001",December
296346,Macbook Pro Laptop,1,1700.0,2019-12-25 07:39:00,"818 Willow St, Boston, MA 02215",December
309281,Macbook Pro Laptop,1,1700.0,2019-12-16 19:59:00,"944 13th St, Atlanta, GA 30301",December
313763,Macbook Pro Laptop,1,1700.0,2019-12-21 10:40:00,"271 Lake St, Los Angeles, CA 90001",December
299321,Macbook Pro Laptop,1,1700.0,2019-12-23 19:47:00,"309 Park St, Los Angeles, CA 90001",December
311613,Macbook Pro Laptop,1,1700.0,2019-12-02 00:40:00,"705 Forest St, San Francisco, CA 94016",December
312642,Macbook Pro Laptop,1,1700.0,2019-12-17 13:38:00,"808 Lake St, Seattle, WA 98101",December
316065,Macbook Pro Laptop,1,1700.0,2019-12-09 22:28:00,"984 Lincoln St, San Francisco, CA 94016",December
319639,Macbook Pro Laptop,1,1700.0,2019-12-20 10:56:00,"616 Highland St, Seattle, WA 98101",December
297488,Macbook Pro Laptop,1,1700.0,2019-12-07 14:38:00,"328 Ridge St, San Francisco, CA 94016",December
297885,Macbook Pro Laptop,1,1700.0,2019-12-05 22:37:00,"566 Ridge St, Portland, OR 97035",December
308211,Macbook Pro Laptop,1,1700.0,2019-12-27 08:56:00,"497 Pine St, San Francisco, CA 94016",December
318494,Macbook Pro Laptop,1,1700.0,2019-12-19 11:46:00,"873 1st St, New York City, NY 10001",December
297680,Macbook Pro Laptop,1,1700.0,2019-12-11 14:04:00,"804 Lincoln St, San Francisco, CA 94016",December
307881,Macbook Pro Laptop,1,1700.0,2019-12-25 22:34:00,"450 Wilson St, Seattle, WA 98101",December
311252,Macbook Pro Laptop,1,1700.0,2019-12-11 20:14:00,"622 North St, San Francisco, CA 94016",December
316693,Macbook Pro Laptop,1,1700.0,2019-12-14 15:21:00,"136 8th St, New York City, NY 10001",December
296030,Macbook Pro Laptop,1,1700.0,2019-12-24 12:31:00,"698 4th St, Portland, OR 97035",December
300458,Macbook Pro Laptop,1,1700.0,2019-12-15 17:28:00,"309 10th St, Atlanta, GA 30301",December
296140,Macbook Pro Laptop,1,1700.0,2019-12-21 17:48:00,"678 Wilson St, Los Angeles, CA 90001",December
315237,Macbook Pro Laptop,1,1700.0,2019-12-21 09:32:00,"803 4th St, San Francisco, CA 94016",December
182495,Macbook Pro Laptop,1,1700.0,2019-04-18 18:40:00,"981 Spruce St, San Francisco, CA 94016",April
193839,Macbook Pro Laptop,1,1700.0,2019-04-05 14:46:00,"984 Sunset St, San Francisco, CA 94016",April
189746,Macbook Pro Laptop,1,1700.0,2019-04-06 20:44:00,"304 9th St, Dallas, TX 75001",April
207759,Macbook Pro Laptop,1,1700.0,2019-05-16 17:14:00,"695 Jefferson St, New York City, NY 10001",May
195147,Macbook Pro Laptop,1,1700.0,2019-05-02 09:48:00,"247 Lake St, San Francisco, CA 94016",May
246018,Macbook Pro Laptop,1,1700.0,2019-08-15 05:44:00,"183 13th St, San Francisco, CA 94016",August
254642,Macbook Pro Laptop,1,1700.0,2019-09-25 11:26:00,"10 West St, San Francisco, CA 94016",September
275457,Macbook Pro Laptop,1,1700.0,2019-10-15 09:44:00,"710 8th St, Portland, ME 04101",October
263439,Macbook Pro Laptop,1,1700.0,2019-10-12 20:58:00,"614 9th St, Boston, MA 02215",October
260569,Macbook Pro Laptop,1,1700.0,2019-10-08 19:49:00,"117 South St, San Francisco, CA 94016",October
277773,Macbook Pro Laptop,1,1700.0,2019-10-15 21:57:00,"254 Cherry St, San Francisco, CA 94016",October
267886,Macbook Pro Laptop,1,1700.0,2019-10-31 09:53:00,"879 South St, Austin, TX 73301",October
279108,Macbook Pro Laptop,1,1700.0,2019-11-27 10:54:00,"145 Lincoln St, Seattle, WA 98101",November
290611,Macbook Pro Laptop,1,1700.0,2019-11-08 20:10:00,"810 Elm St, Portland, OR 97035",November
281487,Macbook Pro Laptop,1,1700.0,2019-11-30 19:08:00,"479 Elm St, New York City, NY 10001",November
295183,Macbook Pro Laptop,1,1700.0,2019-11-24 11:55:00,"668 Spruce St, Boston, MA 02215",November
317191,Macbook Pro Laptop,1,1700.0,2019-12-01 21:42:00,"110 Lake St, Atlanta, GA 30301",December
299122,Macbook Pro Laptop,1,1700.0,2019-12-09 14:51:00,"108 Lake St, Los Angeles, CA 90001",December
311843,Macbook Pro Laptop,1,1700.0,2019-12-14 14:31:00,"393 Dogwood St, New York City, NY 10001",December
315604,Macbook Pro Laptop,1,1700.0,2019-12-23 22:26:00,"12 4th St, Los Angeles, CA 90001",December
297093,Macbook Pro Laptop,1,1700.0,2019-12-21 20:12:00,"685 Willow St, Dallas, TX 75001",December
300048,Macbook Pro Laptop,1,1700.0,2019-12-04 16:17:00,"450 Jackson St, New York City, NY 10001",December
301962,Macbook Pro Laptop,1,1700.0,2019-12-03 18:10:00,"707 Hickory St, San Francisco, CA 94016",December
306925,Macbook Pro Laptop,1,1700.0,2019-12-24 16:01:00,"462 11th St, New York City, NY 10001",December
303055,Macbook Pro Laptop,1,1700.0,2019-12-05 20:17:00,"984 Cedar St, Los Angeles, CA 90001",December
311822,Macbook Pro Laptop,1,1700.0,2019-12-23 09:59:00,"189 Highland St, Boston, MA 02215",December
302642,Macbook Pro Laptop,1,1700.0,2019-12-18 19:25:00,"921 9th St, Atlanta, GA 30301",December
297909,Macbook Pro Laptop,1,1700.0,2019-12-29 10:00:00,"310 Adams St, San Francisco, CA 94016",December
310307,Macbook Pro Laptop,1,1700.0,2019-12-26 16:51:00,"841 Main St, Atlanta, GA 30301",December
308935,Macbook Pro Laptop,1,1700.0,2019-12-02 21:37:00,"648 Wilson St, San Francisco, CA 94016",December
307153,Macbook Pro Laptop,1,1700.0,2019-12-01 10:31:00,"652 14th St, Atlanta, GA 30301",December
298472,Macbook Pro Laptop,1,1700.0,2019-12-14 13:24:00,"919 Jackson St, Boston, MA 02215",December
311861,Macbook Pro Laptop,1,1700.0,2019-12-30 11:56:00,"574 14th St, Atlanta, GA 30301",December
305308,Macbook Pro Laptop,1,1700.0,2019-12-25 17:33:00,"843 Main St, Boston, MA 02215",December
311230,Macbook Pro Laptop,1,1700.0,2019-12-06 08:21:00,"818 Center St, Los Angeles, CA 90001",December
298920,Macbook Pro Laptop,1,1700.0,2019-12-22 05:25:00,"414 Cedar St, Seattle, WA 98101",December
310363,Macbook Pro Laptop,1,1700.0,2019-12-13 21:28:00,"274 West St, Los Angeles, CA 90001",December
303929,Macbook Pro Laptop,1,1700.0,2019-12-04 06:02:00,"800 West St, New York City, NY 10001",December
310417,Macbook Pro Laptop,1,1700.0,2019-12-06 09:48:00,"109 Sunset St, Los Angeles, CA 90001",December
316004,Macbook Pro Laptop,1,1700.0,2019-12-15 15:39:00,"269 13th St, San Francisco, CA 94016",December
297591,Macbook Pro Laptop,1,1700.0,2019-12-23 11:46:00,"127 Church St, New York City, NY 10001",December
304658,Macbook Pro Laptop,1,1700.0,2019-12-11 23:17:00,"802 Wilson St, San Francisco, CA 94016",December
306869,Macbook Pro Laptop,1,1700.0,2019-12-24 20:33:00,"866 2nd St, Portland, OR 97035",December
317531,Macbook Pro Laptop,1,1700.0,2019-12-16 14:44:00,"918 11th St, Los Angeles, CA 90001",December
297631,Macbook Pro Laptop,1,1700.0,2019-12-09 08:09:00,"526 13th St, New York City, NY 10001",December
296934,Macbook Pro Laptop,1,1700.0,2019-12-09 10:07:00,"83 13th St, Boston, MA 02215",December
304871,Macbook Pro Laptop,1,1700.0,2019-12-03 23:28:00,"394 Meadow St, Los Angeles, CA 90001",December
308418,Macbook Pro Laptop,1,1700.0,2019-12-16 12:51:00,"281 Hickory St, Austin, TX 73301",December
316982,Macbook Pro Laptop,1,1700.0,2019-12-11 16:25:00,"152 Hill St, Los Angeles, CA 90001",December
318919,Macbook Pro Laptop,1,1700.0,2019-12-27 15:36:00,"629 Adams St, Portland, OR 97035",December
146580,Macbook Pro Laptop,1,1700.0,2019-01-04 01:10:00,"639 Church St, Los Angeles, CA 90001",January
147588,Macbook Pro Laptop,1,1700.0,2019-01-04 00:30:00,"383 Chestnut St, San Francisco, CA 94016",January
148185,Macbook Pro Laptop,1,1700.0,2019-01-31 19:18:00,"484 Chestnut St, Los Angeles, CA 90001",January
147149,Macbook Pro Laptop,1,1700.0,2019-01-20 14:47:00,"42 5th St, Austin, TX 73301",January
145822,Macbook Pro Laptop,1,1700.0,2019-01-10 20:29:00,"735 Dogwood St, San Francisco, CA 94016",January
144967,Macbook Pro Laptop,1,1700.0,2019-01-08 21:10:00,"353 12th St, Portland, OR 97035",January
147537,Macbook Pro Laptop,1,1700.0,2019-01-17 23:57:00,"305 Elm St, Los Angeles, CA 90001",January
146791,Macbook Pro Laptop,1,1700.0,2019-01-03 12:45:00,"489 Church St, San Francisco, CA 94016",January
142709,Macbook Pro Laptop,1,1700.0,2019-01-20 03:37:00,"335 Cherry St, Dallas, TX 75001",January
148018,Macbook Pro Laptop,1,1700.0,2019-01-23 18:19:00,"428 Wilson St, Seattle, WA 98101",January
146708,Macbook Pro Laptop,1,1700.0,2019-01-24 14:02:00,"455 12th St, San Francisco, CA 94016",January
141690,Macbook Pro Laptop,1,1700.0,2019-01-14 23:02:00,"27 Jefferson St, Boston, MA 02215",January
142514,Macbook Pro Laptop,1,1700.0,2019-01-20 21:55:00,"621 8th St, Portland, OR 97035",January
145795,Macbook Pro Laptop,1,1700.0,2019-01-28 18:49:00,"144 6th St, Atlanta, GA 30301",January
146290,Macbook Pro Laptop,1,1700.0,2019-01-04 20:18:00,"169 River St, Atlanta, GA 30301",January
149579,Macbook Pro Laptop,1,1700.0,2019-01-01 10:09:00,"61 Lakeview St, Dallas, TX 75001",January
142778,Macbook Pro Laptop,1,1700.0,2019-01-04 11:15:00,"83 Forest St, Boston, MA 02215",January
144393,Macbook Pro Laptop,1,1700.0,2019-01-09 22:50:00,"38 Lakeview St, San Francisco, CA 94016",January
146525,Macbook Pro Laptop,1,1700.0,2019-01-26 21:49:00,"238 Hill St, Los Angeles, CA 90001",January
150429,Macbook Pro Laptop,1,1700.0,2019-01-15 19:54:00,"911 Wilson St, New York City, NY 10001",January
141385,Macbook Pro Laptop,1,1700.0,2019-01-10 12:59:00,"502 Walnut St, Atlanta, GA 30301",January
142790,Macbook Pro Laptop,1,1700.0,2019-01-26 18:50:00,"225 7th St, Los Angeles, CA 90001",January
143888,Macbook Pro Laptop,1,1700.0,2019-01-17 00:31:00,"368 Jackson St, Seattle, WA 98101",January
145272,Macbook Pro Laptop,1,1700.0,2019-01-14 23:20:00,"369 North St, Los Angeles, CA 90001",January
145608,Macbook Pro Laptop,1,1700.0,2019-01-21 18:21:00,"805 12th St, Boston, MA 02215",January
149983,Macbook Pro Laptop,1,1700.0,2019-01-22 12:31:00,"149 Wilson St, New York City, NY 10001",January
142152,Macbook Pro Laptop,1,1700.0,2019-01-11 17:31:00,"231 Washington St, San Francisco, CA 94016",January
141288,Macbook Pro Laptop,1,1700.0,2019-01-19 08:17:00,"789 Washington St, Los Angeles, CA 90001",January
145781,Macbook Pro Laptop,1,1700.0,2019-01-12 15:03:00,"395 14th St, San Francisco, CA 94016",January
147565,Macbook Pro Laptop,1,1700.0,2019-01-11 16:13:00,"124 4th St, Dallas, TX 75001",January
150314,Macbook Pro Laptop,1,1700.0,2019-01-27 09:52:00,"907 Meadow St, Austin, TX 73301",January
141360,Macbook Pro Laptop,1,1700.0,2019-01-17 21:00:00,"263 Meadow St, Los Angeles, CA 90001",January
145037,Macbook Pro Laptop,1,1700.0,2019-01-02 18:15:00,"177 4th St, New York City, NY 10001",January
146515,Macbook Pro Laptop,1,1700.0,2019-01-07 21:32:00,"893 Main St, Boston, MA 02215",January
157669,Macbook Pro Laptop,1,1700.0,2019-02-19 09:42:00,"83 12th St, Seattle, WA 98101",February
151226,Macbook Pro Laptop,1,1700.0,2019-02-18 12:37:00,"698 7th St, Los Angeles, CA 90001",February
154885,Macbook Pro Laptop,1,1700.0,2019-02-20 20:49:00,"57 Jackson St, Boston, MA 02215",February
159434,Macbook Pro Laptop,1,1700.0,2019-02-21 17:49:00,"824 River St, Los Angeles, CA 90001",February
159931,Macbook Pro Laptop,1,1700.0,2019-02-20 09:35:00,"346 Lake St, Dallas, TX 75001",February
153325,Macbook Pro Laptop,1,1700.0,2019-02-27 13:58:00,"73 Ridge St, Boston, MA 02215",February
160769,Macbook Pro Laptop,1,1700.0,2019-02-20 14:24:00,"957 Hickory St, Seattle, WA 98101",February
153545,Macbook Pro Laptop,1,1700.0,2019-02-23 22:53:00,"515 1st St, Los Angeles, CA 90001",February
155102,Macbook Pro Laptop,1,1700.0,2019-02-05 06:08:00,"880 Jackson St, San Francisco, CA 94016",February
158299,Macbook Pro Laptop,1,1700.0,2019-02-24 16:02:00,"512 Ridge St, San Francisco, CA 94016",February
158304,Macbook Pro Laptop,1,1700.0,2019-02-19 13:18:00,"532 Lake St, Dallas, TX 75001",February
161256,Macbook Pro Laptop,1,1700.0,2019-02-06 18:46:00,"516 Walnut St, Los Angeles, CA 90001",February
159059,Macbook Pro Laptop,1,1700.0,2019-02-08 17:24:00,"235 Cedar St, Portland, OR 97035",February
159322,Macbook Pro Laptop,1,1700.0,2019-02-15 10:28:00,"899 Jackson St, Seattle, WA 98101",February
152491,Macbook Pro Laptop,1,1700.0,2019-02-01 19:15:00,"328 Park St, Seattle, WA 98101",February
156170,Macbook Pro Laptop,1,1700.0,2019-02-05 13:51:00,"206 Wilson St, Los Angeles, CA 90001",February
154393,Macbook Pro Laptop,1,1700.0,2019-02-17 16:00:00,"643 Sunset St, San Francisco, CA 94016",February
153489,Macbook Pro Laptop,1,1700.0,2019-02-16 08:35:00,"237 Madison St, New York City, NY 10001",February
161216,Macbook Pro Laptop,1,1700.0,2019-02-28 20:02:00,"414 Sunset St, Los Angeles, CA 90001",February
154037,Macbook Pro Laptop,1,1700.0,2019-02-25 12:39:00,"975 Adams St, Los Angeles, CA 90001",February
159816,Macbook Pro Laptop,1,1700.0,2019-02-23 05:20:00,"560 Lincoln St, New York City, NY 10001",February
151729,Macbook Pro Laptop,1,1700.0,2019-02-23 19:32:00,"669 12th St, Los Angeles, CA 90001",February
160531,Macbook Pro Laptop,1,1700.0,2019-02-01 17:46:00,"630 11th St, San Francisco, CA 94016",February
151555,Macbook Pro Laptop,1,1700.0,2019-02-05 00:50:00,"323 4th St, New York City, NY 10001",February
152594,Macbook Pro Laptop,1,1700.0,2019-02-25 09:49:00,"26 Madison St, Portland, OR 97035",February
154983,Macbook Pro Laptop,1,1700.0,2019-02-27 21:14:00,"634 11th St, New York City, NY 10001",February
154812,Macbook Pro Laptop,1,1700.0,2019-02-14 14:49:00,"443 9th St, Los Angeles, CA 90001",February
156180,Macbook Pro Laptop,1,1700.0,2019-02-17 21:21:00,"49 1st St, Boston, MA 02215",February
154462,Macbook Pro Laptop,1,1700.0,2019-02-20 09:01:00,"876 Hickory St, Atlanta, GA 30301",February
161512,Macbook Pro Laptop,1,1700.0,2019-02-20 20:24:00,"457 Church St, New York City, NY 10001",February
154327,Macbook Pro Laptop,1,1700.0,2019-02-08 13:39:00,"555 Wilson St, New York City, NY 10001",February
159028,Macbook Pro Laptop,1,1700.0,2019-02-17 14:04:00,"191 Wilson St, Austin, TX 73301",February
152730,Macbook Pro Laptop,1,1700.0,2019-02-28 13:59:00,"429 Elm St, Los Angeles, CA 90001",February
154367,Macbook Pro Laptop,1,1700.0,2019-02-12 10:04:00,"74 Highland St, San Francisco, CA 94016",February
158749,Macbook Pro Laptop,1,1700.0,2019-02-14 21:54:00,"150 Wilson St, Los Angeles, CA 90001",February
154028,Macbook Pro Laptop,1,1700.0,2019-02-11 18:11:00,"227 1st St, San Francisco, CA 94016",February
150920,Macbook Pro Laptop,1,1700.0,2019-02-26 17:19:00,"511 12th St, Austin, TX 73301",February
158226,Macbook Pro Laptop,1,1700.0,2019-02-03 14:52:00,"685 Forest St, Los Angeles, CA 90001",February
151397,Macbook Pro Laptop,1,1700.0,2019-02-21 18:22:00,"802 Chestnut St, Atlanta, GA 30301",February
155079,Macbook Pro Laptop,1,1700.0,2019-02-16 22:05:00,"648 North St, Atlanta, GA 30301",February
152172,Macbook Pro Laptop,1,1700.0,2019-02-28 19:07:00,"988 South St, Austin, TX 73301",February
152371,Macbook Pro Laptop,1,1700.0,2019-02-10 21:42:00,"24 Highland St, Portland, OR 97035",February
159506,Macbook Pro Laptop,1,1700.0,2019-02-03 23:23:00,"87 1st St, San Francisco, CA 94016",February
155742,Macbook Pro Laptop,1,1700.0,2019-02-27 08:16:00,"687 Highland St, Seattle, WA 98101",February
156466,Macbook Pro Laptop,1,1700.0,2019-02-16 20:29:00,"877 Elm St, Austin, TX 73301",February
173010,Macbook Pro Laptop,1,1700.0,2019-03-26 20:19:00,"222 West St, Seattle, WA 98101",March
162566,Macbook Pro Laptop,1,1700.0,2019-03-08 22:13:00,"681 Ridge St, Boston, MA 02215",March
168537,Macbook Pro Laptop,1,1700.0,2019-03-06 20:18:00,"161 North St, San Francisco, CA 94016",March
170681,Macbook Pro Laptop,1,1700.0,2019-03-20 11:57:00,"760 West St, New York City, NY 10001",March
175017,Macbook Pro Laptop,1,1700.0,2019-03-30 12:50:00,"16 Cedar St, San Francisco, CA 94016",March
167882,Macbook Pro Laptop,1,1700.0,2019-03-05 21:26:00,"418 Sunset St, San Francisco, CA 94016",March
166478,Macbook Pro Laptop,1,1700.0,2019-03-27 20:11:00,"506 8th St, San Francisco, CA 94016",March
169523,Macbook Pro Laptop,1,1700.0,2019-03-23 06:36:00,"870 12th St, Los Angeles, CA 90001",March
167745,Macbook Pro Laptop,1,1700.0,2019-03-01 19:27:00,"995 2nd St, Austin, TX 73301",March
172408,Macbook Pro Laptop,1,1700.0,2019-03-25 08:41:00,"649 Ridge St, Boston, MA 02215",March
163131,Macbook Pro Laptop,1,1700.0,2019-03-04 21:51:00,"554 Adams St, Portland, OR 97035",March
170336,Macbook Pro Laptop,1,1700.0,2019-03-08 09:06:00,"111 Johnson St, Boston, MA 02215",March
173337,Macbook Pro Laptop,1,1700.0,2019-03-24 14:14:00,"749 6th St, New York City, NY 10001",March
175260,Macbook Pro Laptop,1,1700.0,2019-03-12 11:10:00,"65 Cherry St, San Francisco, CA 94016",March
162875,Macbook Pro Laptop,1,1700.0,2019-03-27 22:03:00,"896 Cedar St, Seattle, WA 98101",March
168916,Macbook Pro Laptop,1,1700.0,2019-03-27 15:30:00,"220 Forest St, San Francisco, CA 94016",March
162124,Macbook Pro Laptop,1,1700.0,2019-03-27 09:52:00,"8 West St, San Francisco, CA 94016",March
167082,Macbook Pro Laptop,1,1700.0,2019-03-06 23:37:00,"561 Cherry St, San Francisco, CA 94016",March
174255,Macbook Pro Laptop,1,1700.0,2019-03-24 19:51:00,"315 1st St, Dallas, TX 75001",March
164926,Macbook Pro Laptop,1,1700.0,2019-03-12 17:46:00,"232 7th St, Portland, OR 97035",March
169833,Macbook Pro Laptop,1,1700.0,2019-03-30 10:47:00,"659 Jackson St, San Francisco, CA 94016",March
176460,Macbook Pro Laptop,1,1700.0,2019-03-26 14:12:00,"159 Highland St, Atlanta, GA 30301",March
170926,Macbook Pro Laptop,1,1700.0,2019-03-11 10:12:00,"260 Walnut St, Austin, TX 73301",March
175732,Macbook Pro Laptop,1,1700.0,2019-03-08 21:22:00,"741 Washington St, New York City, NY 10001",March
175806,Macbook Pro Laptop,1,1700.0,2019-03-27 17:37:00,"7 Johnson St, New York City, NY 10001",March
164166,Macbook Pro Laptop,1,1700.0,2019-03-26 13:49:00,"899 Sunset St, San Francisco, CA 94016",March
175022,Macbook Pro Laptop,1,1700.0,2019-03-21 13:09:00,"646 North St, Los Angeles, CA 90001",March
162120,Macbook Pro Laptop,1,1700.0,2019-03-15 18:43:00,"969 Washington St, Dallas, TX 75001",March
168263,Macbook Pro Laptop,1,1700.0,2019-03-12 20:54:00,"990 Wilson St, San Francisco, CA 94016",March
168578,Macbook Pro Laptop,1,1700.0,2019-03-25 09:11:00,"848 Church St, Los Angeles, CA 90001",March
169592,Macbook Pro Laptop,1,1700.0,2019-03-28 20:30:00,"304 Sunset St, New York City, NY 10001",March
170604,Macbook Pro Laptop,1,1700.0,2019-03-05 19:59:00,"316 Sunset St, Los Angeles, CA 90001",March
176052,Macbook Pro Laptop,1,1700.0,2019-03-01 20:25:00,"849 Park St, San Francisco, CA 94016",March
176033,Macbook Pro Laptop,1,1700.0,2019-03-10 11:33:00,"332 South St, Los Angeles, CA 90001",March
165685,Macbook Pro Laptop,1,1700.0,2019-03-24 14:04:00,"328 Park St, San Francisco, CA 94016",March
169824,Macbook Pro Laptop,1,1700.0,2019-03-08 18:39:00,"8 West St, San Francisco, CA 94016",March
170566,Macbook Pro Laptop,1,1700.0,2019-03-25 20:09:00,"247 2nd St, Austin, TX 73301",March
164766,Macbook Pro Laptop,1,1700.0,2019-03-08 12:31:00,"434 Ridge St, Austin, TX 73301",March
169420,Macbook Pro Laptop,1,1700.0,2019-03-07 19:46:00,"88 1st St, Atlanta, GA 30301",March
170675,Macbook Pro Laptop,1,1700.0,2019-03-31 15:44:00,"758 Spruce St, Boston, MA 02215",March
167788,Macbook Pro Laptop,1,1700.0,2019-03-18 09:18:00,"685 Elm St, Los Angeles, CA 90001",March
167102,Macbook Pro Laptop,1,1700.0,2019-03-30 12:46:00,"222 Dogwood St, Austin, TX 73301",March
171985,Macbook Pro Laptop,1,1700.0,2019-03-29 22:25:00,"81 South St, San Francisco, CA 94016",March
173425,Macbook Pro Laptop,1,1700.0,2019-03-02 08:03:00,"123 Madison St, Dallas, TX 75001",March
162165,Macbook Pro Laptop,1,1700.0,2019-03-12 12:32:00,"911 Sunset St, San Francisco, CA 94016",March
168748,Macbook Pro Laptop,1,1700.0,2019-03-20 17:45:00,"251 Main St, Los Angeles, CA 90001",March
170664,Macbook Pro Laptop,1,1700.0,2019-03-24 16:59:00,"629 8th St, Dallas, TX 75001",March
163112,Macbook Pro Laptop,1,1700.0,2019-03-28 21:14:00,"783 Meadow St, Atlanta, GA 30301",March
163964,Macbook Pro Laptop,1,1700.0,2019-03-05 23:06:00,"725 Park St, Los Angeles, CA 90001",March
164519,Macbook Pro Laptop,1,1700.0,2019-03-07 12:44:00,"247 1st St, San Francisco, CA 94016",March
175366,Macbook Pro Laptop,1,1700.0,2019-03-13 16:36:00,"354 Church St, Los Angeles, CA 90001",March
164515,Macbook Pro Laptop,1,1700.0,2019-03-02 17:07:00,"995 West St, San Francisco, CA 94016",March
165318,Macbook Pro Laptop,1,1700.0,2019-03-29 21:08:00,"676 Madison St, Boston, MA 02215",March
171032,Macbook Pro Laptop,1,1700.0,2019-03-25 14:40:00,"825 Jefferson St, Portland, ME 04101",March
183330,Macbook Pro Laptop,1,1700.0,2019-04-18 02:07:00,"197 6th St, San Francisco, CA 94016",April
186501,Macbook Pro Laptop,1,1700.0,2019-04-09 06:03:00,"475 Lake St, Atlanta, GA 30301",April
181977,Macbook Pro Laptop,1,1700.0,2019-04-26 21:51:00,"671 Highland St, Los Angeles, CA 90001",April
188931,Macbook Pro Laptop,1,1700.0,2019-04-08 22:26:00,"488 Ridge St, Atlanta, GA 30301",April
192814,Macbook Pro Laptop,1,1700.0,2019-04-21 19:22:00,"744 14th St, Seattle, WA 98101",April
180072,Macbook Pro Laptop,1,1700.0,2019-04-17 20:35:00,"769 Willow St, Los Angeles, CA 90001",April
188680,Macbook Pro Laptop,1,1700.0,2019-04-15 20:44:00,"880 Willow St, San Francisco, CA 94016",April
193404,Macbook Pro Laptop,1,1700.0,2019-04-19 09:00:00,"213 West St, San Francisco, CA 94016",April
180976,Macbook Pro Laptop,1,1700.0,2019-04-02 06:21:00,"896 Sunset St, Portland, OR 97035",April
190903,Macbook Pro Laptop,1,1700.0,2019-04-02 19:45:00,"939 Maple St, New York City, NY 10001",April
178875,Macbook Pro Laptop,1,1700.0,2019-04-26 19:02:00,"924 Cedar St, San Francisco, CA 94016",April
183363,Macbook Pro Laptop,1,1700.0,2019-04-21 12:17:00,"120 Wilson St, Austin, TX 73301",April
187778,Macbook Pro Laptop,1,1700.0,2019-04-18 18:31:00,"280 Dogwood St, Boston, MA 02215",April
179222,Macbook Pro Laptop,1,1700.0,2019-04-22 17:21:00,"97 1st St, San Francisco, CA 94016",April
177672,Macbook Pro Laptop,1,1700.0,2019-04-14 21:12:00,"709 Jackson St, Austin, TX 73301",April
182713,Macbook Pro Laptop,1,1700.0,2019-04-15 17:15:00,"960 Pine St, San Francisco, CA 94016",April
190385,Macbook Pro Laptop,1,1700.0,2019-04-04 17:34:00,"817 Lake St, New York City, NY 10001",April
190912,Macbook Pro Laptop,1,1700.0,2019-04-28 16:22:00,"427 7th St, Los Angeles, CA 90001",April
191899,Macbook Pro Laptop,1,1700.0,2019-04-07 23:45:00,"819 Johnson St, Portland, ME 04101",April
178058,Macbook Pro Laptop,1,1700.0,2019-04-17 17:12:00,"437 Lakeview St, San Francisco, CA 94016",April
178097,Macbook Pro Laptop,1,1700.0,2019-04-03 10:48:00,"207 Elm St, Atlanta, GA 30301",April
191064,Macbook Pro Laptop,1,1700.0,2019-04-03 10:11:00,"214 11th St, Atlanta, GA 30301",April
192010,Macbook Pro Laptop,1,1700.0,2019-04-17 11:45:00,"891 North St, New York City, NY 10001",April
185073,Macbook Pro Laptop,1,1700.0,2019-04-14 12:01:00,"736 1st St, Portland, OR 97035",April
186335,Macbook Pro Laptop,1,1700.0,2019-04-18 11:57:00,"211 Hill St, San Francisco, CA 94016",April
186916,Macbook Pro Laptop,1,1700.0,2019-04-03 08:32:00,"344 Washington St, New York City, NY 10001",April
188060,Macbook Pro Laptop,1,1700.0,2019-04-08 08:15:00,"521 Pine St, Seattle, WA 98101",April
192727,Macbook Pro Laptop,1,1700.0,2019-04-19 10:54:00,"474 4th St, San Francisco, CA 94016",April
184043,Macbook Pro Laptop,1,1700.0,2019-04-05 12:15:00,"310 Main St, Austin, TX 73301",April
189207,Macbook Pro Laptop,1,1700.0,2019-04-18 09:42:00,"801 6th St, Dallas, TX 75001",April
180949,Macbook Pro Laptop,1,1700.0,2019-04-01 14:04:00,"208 12th St, Portland, OR 97035",April
181069,Macbook Pro Laptop,2,1700.0,2019-04-27 21:01:00,"668 Park St, San Francisco, CA 94016",April
182781,Macbook Pro Laptop,1,1700.0,2019-04-18 07:45:00,"220 10th St, Dallas, TX 75001",April
189194,Macbook Pro Laptop,1,1700.0,2019-04-18 20:03:00,"966 Hill St, San Francisco, CA 94016",April
188598,Macbook Pro Laptop,1,1700.0,2019-04-12 09:05:00,"796 Highland St, Seattle, WA 98101",April
190306,Macbook Pro Laptop,1,1700.0,2019-04-10 11:42:00,"853 Cherry St, Portland, OR 97035",April
177440,Macbook Pro Laptop,1,1700.0,2019-04-20 14:39:00,"156 Hickory St, Los Angeles, CA 90001",April
177458,Macbook Pro Laptop,1,1700.0,2019-04-29 08:17:00,"807 Wilson St, Dallas, TX 75001",April
185020,Macbook Pro Laptop,1,1700.0,2019-04-09 18:03:00,"208 Jefferson St, San Francisco, CA 94016",April
190716,Macbook Pro Laptop,1,1700.0,2019-04-20 18:15:00,"81 11th St, New York City, NY 10001",April
193075,Macbook Pro Laptop,1,1700.0,2019-04-06 09:33:00,"183 Jefferson St, San Francisco, CA 94016",April
181453,Macbook Pro Laptop,1,1700.0,2019-04-27 11:01:00,"1 Meadow St, Atlanta, GA 30301",April
184382,Macbook Pro Laptop,1,1700.0,2019-04-22 12:19:00,"796 Sunset St, Boston, MA 02215",April
190593,Macbook Pro Laptop,1,1700.0,2019-04-16 07:40:00,"129 Elm St, Atlanta, GA 30301",April
176565,Macbook Pro Laptop,1,1700.0,2019-04-24 10:38:00,"915 Willow St, San Francisco, CA 94016",April
177630,Macbook Pro Laptop,1,1700.0,2019-04-15 09:29:00,"399 9th St, Seattle, WA 98101",April
180827,Macbook Pro Laptop,1,1700.0,2019-04-21 09:37:00,"398 Lincoln St, Los Angeles, CA 90001",April
188543,Macbook Pro Laptop,1,1700.0,2019-04-10 21:57:00,"117 Dogwood St, San Francisco, CA 94016",April
188541,Macbook Pro Laptop,1,1700.0,2019-04-18 16:20:00,"925 Sunset St, Portland, OR 97035",April
186087,Macbook Pro Laptop,1,1700.0,2019-04-18 12:11:00,"271 Main St, Boston, MA 02215",April
191850,Macbook Pro Laptop,1,1700.0,2019-04-01 12:06:00,"579 Wilson St, Los Angeles, CA 90001",April
184750,Macbook Pro Laptop,1,1700.0,2019-04-07 18:39:00,"650 Johnson St, Austin, TX 73301",April
185251,Macbook Pro Laptop,1,1700.0,2019-04-25 14:31:00,"22 Willow St, San Francisco, CA 94016",April
185027,Macbook Pro Laptop,1,1700.0,2019-04-25 19:20:00,"141 Washington St, Los Angeles, CA 90001",April
193972,Macbook Pro Laptop,1,1700.0,2019-04-11 16:23:00,"334 5th St, San Francisco, CA 94016",April
177543,Macbook Pro Laptop,1,1700.0,2019-04-14 16:45:00,"42 Maple St, San Francisco, CA 94016",April
183737,Macbook Pro Laptop,1,1700.0,2019-04-24 23:43:00,"381 Maple St, Boston, MA 02215",April
184349,Macbook Pro Laptop,1,1700.0,2019-04-24 12:59:00,"158 Jackson St, Boston, MA 02215",April
184602,Macbook Pro Laptop,1,1700.0,2019-04-25 15:58:00,"254 Park St, Austin, TX 73301",April
187984,Macbook Pro Laptop,1,1700.0,2019-04-02 06:00:00,"153 Walnut St, Portland, ME 04101",April
176639,Macbook Pro Laptop,1,1700.0,2019-04-28 16:14:00,"853 Cedar St, San Francisco, CA 94016",April
179914,Macbook Pro Laptop,1,1700.0,2019-04-15 22:39:00,"27 8th St, Los Angeles, CA 90001",April
190271,Macbook Pro Laptop,1,1700.0,2019-04-12 20:38:00,"901 Chestnut St, Atlanta, GA 30301",April
182397,Macbook Pro Laptop,1,1700.0,2019-04-05 19:08:00,"333 9th St, San Francisco, CA 94016",April
179415,Macbook Pro Laptop,1,1700.0,2019-04-12 16:56:00,"645 West St, New York City, NY 10001",April
180117,Macbook Pro Laptop,1,1700.0,2019-04-30 20:06:00,"40 Elm St, San Francisco, CA 94016",April
190472,Macbook Pro Laptop,1,1700.0,2019-04-16 22:54:00,"293 Pine St, Boston, MA 02215",April
181339,Macbook Pro Laptop,1,1700.0,2019-04-17 17:26:00,"905 10th St, San Francisco, CA 94016",April
184799,Macbook Pro Laptop,1,1700.0,2019-04-17 17:24:00,"527 Willow St, San Francisco, CA 94016",April
191613,Macbook Pro Laptop,1,1700.0,2019-04-28 12:36:00,"275 Highland St, San Francisco, CA 94016",April
187565,Macbook Pro Laptop,1,1700.0,2019-04-29 14:19:00,"35 13th St, Portland, ME 04101",April
192314,Macbook Pro Laptop,1,1700.0,2019-04-29 17:12:00,"360 7th St, Dallas, TX 75001",April
180451,Macbook Pro Laptop,1,1700.0,2019-04-02 10:08:00,"849 Chestnut St, San Francisco, CA 94016",April
185161,Macbook Pro Laptop,1,1700.0,2019-04-16 19:50:00,"870 Lincoln St, Boston, MA 02215",April
179687,Macbook Pro Laptop,1,1700.0,2019-04-16 13:56:00,"84 Pine St, San Francisco, CA 94016",April
182334,Macbook Pro Laptop,1,1700.0,2019-04-20 17:15:00,"834 Park St, New York City, NY 10001",April
182587,Macbook Pro Laptop,1,1700.0,2019-04-02 16:18:00,"247 Hickory St, Portland, OR 97035",April
182773,Macbook Pro Laptop,1,1700.0,2019-04-06 21:24:00,"649 Lincoln St, Atlanta, GA 30301",April
185497,Macbook Pro Laptop,1,1700.0,2019-04-28 01:52:00,"621 2nd St, San Francisco, CA 94016",April
186622,Macbook Pro Laptop,1,1700.0,2019-04-30 15:42:00,"666 Park St, Los Angeles, CA 90001",April
189580,Macbook Pro Laptop,1,1700.0,2019-04-20 08:42:00,"40 South St, Seattle, WA 98101",April
177650,Macbook Pro Laptop,1,1700.0,2019-04-13 13:54:00,"20 4th St, Dallas, TX 75001",April
188086,Macbook Pro Laptop,1,1700.0,2019-04-24 12:04:00,"895 Jackson St, San Francisco, CA 94016",April
186646,Macbook Pro Laptop,1,1700.0,2019-04-24 21:31:00,"979 10th St, San Francisco, CA 94016",April
204783,Macbook Pro Laptop,1,1700.0,2019-05-08 07:45:00,"324 2nd St, Seattle, WA 98101",May
208085,Macbook Pro Laptop,1,1700.0,2019-05-19 18:47:00,"307 North St, Boston, MA 02215",May
205082,Macbook Pro Laptop,1,1700.0,2019-05-11 18:37:00,"339 Hickory St, San Francisco, CA 94016",May
207963,Macbook Pro Laptop,1,1700.0,2019-05-26 08:49:00,"112 Park St, New York City, NY 10001",May
194351,Macbook Pro Laptop,1,1700.0,2019-05-01 13:23:00,"853 Willow St, Austin, TX 73301",May
195742,Macbook Pro Laptop,1,1700.0,2019-05-17 16:36:00,"17 9th St, New York City, NY 10001",May
197394,Macbook Pro Laptop,1,1700.0,2019-05-05 21:24:00,"993 Highland St, Boston, MA 02215",May
204551,Macbook Pro Laptop,1,1700.0,2019-05-19 12:26:00,"632 14th St, Los Angeles, CA 90001",May
205048,Macbook Pro Laptop,1,1700.0,2019-05-15 22:16:00,"234 1st St, San Francisco, CA 94016",May
205729,Macbook Pro Laptop,1,1700.0,2019-05-18 11:47:00,"652 Hill St, San Francisco, CA 94016",May
206134,Macbook Pro Laptop,1,1700.0,2019-05-23 16:09:00,"695 Spruce St, Dallas, TX 75001",May
208805,Macbook Pro Laptop,1,1700.0,2019-05-28 17:58:00,"799 1st St, Los Angeles, CA 90001",May
196450,Macbook Pro Laptop,1,1700.0,2019-05-26 12:05:00,"318 Main St, Los Angeles, CA 90001",May
200399,Macbook Pro Laptop,1,1700.0,2019-05-28 19:25:00,"265 North St, Seattle, WA 98101",May
201190,Macbook Pro Laptop,1,1700.0,2019-05-17 13:09:00,"588 Wilson St, Portland, OR 97035",May
205267,Macbook Pro Laptop,1,1700.0,2019-05-04 13:22:00,"965 9th St, Los Angeles, CA 90001",May
205280,Macbook Pro Laptop,1,1700.0,2019-05-22 00:44:00,"296 Washington St, Dallas, TX 75001",May
208034,Macbook Pro Laptop,1,1700.0,2019-05-03 12:44:00,"63 Jackson St, Austin, TX 73301",May
209017,Macbook Pro Laptop,1,1700.0,2019-05-15 19:10:00,"492 South St, Atlanta, GA 30301",May
194569,Macbook Pro Laptop,1,1700.0,2019-05-12 21:08:00,"407 Walnut St, Austin, TX 73301",May
200021,Macbook Pro Laptop,1,1700.0,2019-05-24 20:54:00,"333 Chestnut St, Boston, MA 02215",May
199231,Macbook Pro Laptop,1,1700.0,2019-05-08 12:23:00,"169 14th St, Dallas, TX 75001",May
201507,Macbook Pro Laptop,1,1700.0,2019-05-05 16:59:00,"670 Hickory St, Portland, OR 97035",May
208370,Macbook Pro Laptop,1,1700.0,2019-05-06 11:19:00,"480 11th St, Boston, MA 02215",May
197089,Macbook Pro Laptop,1,1700.0,2019-05-09 12:54:00,"179 Willow St, San Francisco, CA 94016",May
197599,Macbook Pro Laptop,1,1700.0,2019-05-23 12:21:00,"489 Johnson St, Los Angeles, CA 90001",May
203543,Macbook Pro Laptop,1,1700.0,2019-05-22 19:09:00,"897 8th St, San Francisco, CA 94016",May
194688,Macbook Pro Laptop,1,1700.0,2019-05-28 11:16:00,"635 Washington St, San Francisco, CA 94016",May
198819,Macbook Pro Laptop,1,1700.0,2019-05-18 18:53:00,"805 Cedar St, Atlanta, GA 30301",May
196888,Macbook Pro Laptop,1,1700.0,2019-05-04 15:23:00,"973 Johnson St, New York City, NY 10001",May
194307,Macbook Pro Laptop,1,1700.0,2019-05-25 15:30:00,"300 Elm St, San Francisco, CA 94016",May
201185,Macbook Pro Laptop,1,1700.0,2019-05-31 10:34:00,"970 Meadow St, Seattle, WA 98101",May
198487,Macbook Pro Laptop,1,1700.0,2019-05-11 00:14:00,"600 Lincoln St, Atlanta, GA 30301",May
206144,Macbook Pro Laptop,1,1700.0,2019-05-15 21:32:00,"660 Adams St, San Francisco, CA 94016",May
208850,Macbook Pro Laptop,1,1700.0,2019-05-26 07:56:00,"67 Adams St, New York City, NY 10001",May
194698,Macbook Pro Laptop,1,1700.0,2019-05-09 14:20:00,"946 Highland St, Los Angeles, CA 90001",May
202495,Macbook Pro Laptop,1,1700.0,2019-05-21 16:19:00,"703 10th St, New York City, NY 10001",May
204621,Macbook Pro Laptop,1,1700.0,2019-05-18 14:57:00,"145 Church St, Los Angeles, CA 90001",May
202711,Macbook Pro Laptop,1,1700.0,2019-05-27 21:12:00,"116 10th St, New York City, NY 10001",May
203936,Macbook Pro Laptop,1,1700.0,2019-05-14 19:08:00,"260 Jackson St, Los Angeles, CA 90001",May
209224,Macbook Pro Laptop,1,1700.0,2019-05-27 21:21:00,"261 Jefferson St, San Francisco, CA 94016",May
202879,Macbook Pro Laptop,1,1700.0,2019-05-24 19:17:00,"501 Cherry St, San Francisco, CA 94016",May
198882,Macbook Pro Laptop,1,1700.0,2019-05-28 12:57:00,"787 Park St, Los Angeles, CA 90001",May
206413,Macbook Pro Laptop,1,1700.0,2019-05-07 09:41:00,"391 1st St, Seattle, WA 98101",May
200330,Macbook Pro Laptop,1,1700.0,2019-05-10 23:49:00,"231 10th St, Seattle, WA 98101",May
206251,Macbook Pro Laptop,1,1700.0,2019-05-07 08:27:00,"233 Ridge St, Seattle, WA 98101",May
194294,Macbook Pro Laptop,1,1700.0,2019-05-31 20:44:00,"365 Ridge St, New York City, NY 10001",May
200570,Macbook Pro Laptop,1,1700.0,2019-05-04 21:58:00,"252 7th St, New York City, NY 10001",May
196570,Macbook Pro Laptop,1,1700.0,2019-05-09 20:44:00,"965 Adams St, Portland, ME 04101",May
203323,Macbook Pro Laptop,1,1700.0,2019-05-11 20:09:00,"662 7th St, San Francisco, CA 94016",May
204115,Macbook Pro Laptop,1,1700.0,2019-05-07 15:35:00,"529 Willow St, Seattle, WA 98101",May
196532,Macbook Pro Laptop,1,1700.0,2019-05-11 12:37:00,"828 Lake St, Dallas, TX 75001",May
205386,Macbook Pro Laptop,1,1700.0,2019-05-09 16:00:00,"410 7th St, Dallas, TX 75001",May
205511,Macbook Pro Laptop,1,1700.0,2019-05-04 10:37:00,"100 Lincoln St, Los Angeles, CA 90001",May
209726,Macbook Pro Laptop,1,1700.0,2019-05-08 21:14:00,"70 Elm St, New York City, NY 10001",May
208634,Macbook Pro Laptop,1,1700.0,2019-05-17 12:20:00,"449 14th St, Portland, OR 97035",May
195905,Macbook Pro Laptop,1,1700.0,2019-05-23 22:43:00,"309 Center St, New York City, NY 10001",May
198406,Macbook Pro Laptop,1,1700.0,2019-05-03 23:44:00,"416 11th St, San Francisco, CA 94016",May
196913,Macbook Pro Laptop,1,1700.0,2019-05-15 21:16:00,"919 West St, Seattle, WA 98101",May
197866,Macbook Pro Laptop,1,1700.0,2019-05-14 22:18:00,"631 Washington St, New York City, NY 10001",May
200823,Macbook Pro Laptop,1,1700.0,2019-05-08 11:24:00,"434 Cedar St, Boston, MA 02215",May
194789,Macbook Pro Laptop,1,1700.0,2019-05-10 17:39:00,"737 4th St, Boston, MA 02215",May
197648,Macbook Pro Laptop,1,1700.0,2019-05-24 21:51:00,"14 4th St, New York City, NY 10001",May
200936,Macbook Pro Laptop,1,1700.0,2019-05-28 08:13:00,"257 Meadow St, Los Angeles, CA 90001",May
204454,Macbook Pro Laptop,1,1700.0,2019-05-24 17:29:00,"79 14th St, New York City, NY 10001",May
198301,Macbook Pro Laptop,1,1700.0,2019-05-26 19:37:00,"625 Adams St, Seattle, WA 98101",May
195691,Macbook Pro Laptop,1,1700.0,2019-05-10 10:44:00,"330 Main St, New York City, NY 10001",May
200166,Macbook Pro Laptop,1,1700.0,2019-05-03 15:39:00,"532 Hill St, Boston, MA 02215",May
200202,Macbook Pro Laptop,1,1700.0,2019-05-19 23:19:00,"829 14th St, New York City, NY 10001",May
199336,Macbook Pro Laptop,1,1700.0,2019-05-29 22:40:00,"237 6th St, New York City, NY 10001",May
198999,Macbook Pro Laptop,1,1700.0,2019-05-16 06:11:00,"273 5th St, Los Angeles, CA 90001",May
201728,Macbook Pro Laptop,1,1700.0,2019-05-23 22:14:00,"380 Center St, San Francisco, CA 94016",May
194335,Macbook Pro Laptop,1,1700.0,2019-05-16 12:05:00,"53 Ridge St, Portland, OR 97035",May
200902,Macbook Pro Laptop,1,1700.0,2019-05-26 22:06:00,"358 Cedar St, San Francisco, CA 94016",May
201114,Macbook Pro Laptop,1,1700.0,2019-05-16 19:01:00,"740 Jackson St, New York City, NY 10001",May
202497,Macbook Pro Laptop,1,1700.0,2019-05-03 09:18:00,"548 Lake St, Atlanta, GA 30301",May
204154,Macbook Pro Laptop,1,1700.0,2019-05-13 18:44:00,"563 11th St, Los Angeles, CA 90001",May
194597,Macbook Pro Laptop,1,1700.0,2019-05-20 13:17:00,"873 South St, New York City, NY 10001",May
201584,Macbook Pro Laptop,1,1700.0,2019-05-05 16:47:00,"526 Forest St, Dallas, TX 75001",May
201842,Macbook Pro Laptop,1,1700.0,2019-05-02 19:49:00,"791 Maple St, San Francisco, CA 94016",May
203838,Macbook Pro Laptop,1,1700.0,2019-05-06 16:16:00,"859 Jefferson St, San Francisco, CA 94016",May
204114,Macbook Pro Laptop,1,1700.0,2019-05-21 22:34:00,"125 West St, San Francisco, CA 94016",May
208014,Macbook Pro Laptop,1,1700.0,2019-05-22 10:58:00,"595 Maple St, Dallas, TX 75001",May
208521,Macbook Pro Laptop,1,1700.0,2019-05-19 08:29:00,"909 9th St, Los Angeles, CA 90001",May
221604,Macbook Pro Laptop,1,1700.0,2019-06-09 23:14:00,"598 8th St, Seattle, WA 98101",June
217772,Macbook Pro Laptop,1,1700.0,2019-06-14 16:14:00,"980 Walnut St, San Francisco, CA 94016",June
212418,Macbook Pro Laptop,1,1700.0,2019-06-20 15:49:00,"159 South St, Los Angeles, CA 90001",June
214142,Macbook Pro Laptop,1,1700.0,2019-06-24 23:41:00,"229 Main St, San Francisco, CA 94016",June
220709,Macbook Pro Laptop,1,1700.0,2019-06-14 19:43:00,"187 North St, San Francisco, CA 94016",June
221600,Macbook Pro Laptop,1,1700.0,2019-06-27 17:01:00,"688 South St, Los Angeles, CA 90001",June
210160,Macbook Pro Laptop,1,1700.0,2019-06-18 13:22:00,"711 Ridge St, New York City, NY 10001",June
210716,Macbook Pro Laptop,1,1700.0,2019-06-28 12:24:00,"482 Adams St, San Francisco, CA 94016",June
212613,Macbook Pro Laptop,1,1700.0,2019-06-27 15:51:00,"116 12th St, New York City, NY 10001",June
221017,Macbook Pro Laptop,1,1700.0,2019-06-20 16:21:00,"195 Walnut St, Los Angeles, CA 90001",June
222725,Macbook Pro Laptop,1,1700.0,2019-06-19 02:17:00,"812 Sunset St, Atlanta, GA 30301",June
217368,Macbook Pro Laptop,1,1700.0,2019-06-01 20:41:00,"305 14th St, Atlanta, GA 30301",June
222434,Macbook Pro Laptop,1,1700.0,2019-06-02 22:59:00,"749 Dogwood St, San Francisco, CA 94016",June
210027,Macbook Pro Laptop,1,1700.0,2019-06-05 14:35:00,"763 2nd St, Los Angeles, CA 90001",June
211068,Macbook Pro Laptop,1,1700.0,2019-06-13 10:18:00,"697 Church St, San Francisco, CA 94016",June
215272,Macbook Pro Laptop,1,1700.0,2019-06-25 22:01:00,"155 Sunset St, Los Angeles, CA 90001",June
212087,Macbook Pro Laptop,1,1700.0,2019-06-11 02:54:00,"747 Forest St, New York City, NY 10001",June
218700,Macbook Pro Laptop,1,1700.0,2019-06-11 18:21:00,"215 4th St, New York City, NY 10001",June
210896,Macbook Pro Laptop,1,1700.0,2019-06-06 09:13:00,"111 Pine St, Dallas, TX 75001",June
214455,Macbook Pro Laptop,1,1700.0,2019-06-14 13:31:00,"854 8th St, San Francisco, CA 94016",June
217913,Macbook Pro Laptop,1,1700.0,2019-06-07 00:47:00,"439 Jackson St, Austin, TX 73301",June
221548,Macbook Pro Laptop,1,1700.0,2019-06-14 15:51:00,"439 Hill St, Portland, ME 04101",June
215433,Macbook Pro Laptop,1,1700.0,2019-06-17 16:21:00,"159 8th St, Portland, ME 04101",June
211513,Macbook Pro Laptop,1,1700.0,2019-06-01 12:57:00,"254 Meadow St, Los Angeles, CA 90001",June
214607,Macbook Pro Laptop,1,1700.0,2019-06-30 19:30:00,"65 Meadow St, Boston, MA 02215",June
216672,Macbook Pro Laptop,1,1700.0,2019-06-01 15:22:00,"311 Johnson St, New York City, NY 10001",June
216693,Macbook Pro Laptop,1,1700.0,2019-06-05 20:06:00,"652 Lake St, Los Angeles, CA 90001",June
218886,Macbook Pro Laptop,1,1700.0,2019-06-18 02:32:00,"459 Elm St, San Francisco, CA 94016",June
214303,Macbook Pro Laptop,1,1700.0,2019-06-13 21:44:00,"969 4th St, Portland, OR 97035",June
216890,Macbook Pro Laptop,1,1700.0,2019-06-08 22:02:00,"945 4th St, Boston, MA 02215",June
210328,Macbook Pro Laptop,1,1700.0,2019-06-29 11:25:00,"586 Highland St, Austin, TX 73301",June
220647,Macbook Pro Laptop,1,1700.0,2019-06-01 13:11:00,"832 14th St, Austin, TX 73301",June
220371,Macbook Pro Laptop,1,1700.0,2019-06-18 16:09:00,"637 Hickory St, New York City, NY 10001",June
219412,Macbook Pro Laptop,1,1700.0,2019-06-02 13:54:00,"587 West St, Austin, TX 73301",June
220329,Macbook Pro Laptop,1,1700.0,2019-06-30 13:24:00,"169 Lincoln St, Boston, MA 02215",June
221019,Macbook Pro Laptop,1,1700.0,2019-06-02 12:00:00,"867 Elm St, Los Angeles, CA 90001",June
222274,Macbook Pro Laptop,1,1700.0,2019-06-15 13:41:00,"95 12th St, New York City, NY 10001",June
213048,Macbook Pro Laptop,1,1700.0,2019-06-29 10:01:00,"255 West St, Austin, TX 73301",June
213301,Macbook Pro Laptop,1,1700.0,2019-06-16 12:45:00,"376 Park St, San Francisco, CA 94016",June
214819,Macbook Pro Laptop,1,1700.0,2019-06-11 03:32:00,"856 Dogwood St, San Francisco, CA 94016",June
221955,Macbook Pro Laptop,1,1700.0,2019-06-17 12:59:00,"539 4th St, Dallas, TX 75001",June
215982,Macbook Pro Laptop,1,1700.0,2019-06-18 11:56:00,"249 Forest St, Los Angeles, CA 90001",June
216235,Macbook Pro Laptop,1,1700.0,2019-06-21 22:12:00,"162 Cherry St, San Francisco, CA 94016",June
221990,Macbook Pro Laptop,1,1700.0,2019-06-18 18:12:00,"789 Meadow St, Boston, MA 02215",June
215343,Macbook Pro Laptop,1,1700.0,2019-06-02 18:57:00,"60 10th St, Portland, OR 97035",June
216667,Macbook Pro Laptop,1,1700.0,2019-06-18 09:53:00,"538 12th St, Los Angeles, CA 90001",June
222156,Macbook Pro Laptop,1,1700.0,2019-06-06 21:53:00,"277 9th St, San Francisco, CA 94016",June
219129,Macbook Pro Laptop,1,1700.0,2019-06-08 11:26:00,"35 Adams St, Atlanta, GA 30301",June
210670,Macbook Pro Laptop,1,1700.0,2019-06-26 18:45:00,"276 Meadow St, Portland, OR 97035",June
217844,Macbook Pro Laptop,1,1700.0,2019-06-11 02:26:00,"350 Elm St, San Francisco, CA 94016",June
221385,Macbook Pro Laptop,1,1700.0,2019-06-03 21:20:00,"171 Wilson St, Los Angeles, CA 90001",June
221577,Macbook Pro Laptop,1,1700.0,2019-06-23 17:32:00,"293 Forest St, Atlanta, GA 30301",June
222408,Macbook Pro Laptop,1,1700.0,2019-06-04 11:40:00,"413 Elm St, San Francisco, CA 94016",June
214590,Macbook Pro Laptop,1,1700.0,2019-06-09 17:36:00,"68 Forest St, New York City, NY 10001",June
216505,Macbook Pro Laptop,1,1700.0,2019-06-23 19:37:00,"944 6th St, Los Angeles, CA 90001",June
217061,Macbook Pro Laptop,1,1700.0,2019-06-10 07:46:00,"753 Hickory St, Los Angeles, CA 90001",June
226581,Macbook Pro Laptop,1,1700.0,2019-07-18 09:18:00,"636 Jackson St, New York City, NY 10001",July
227767,Macbook Pro Laptop,1,1700.0,2019-07-12 20:25:00,"528 Hill St, Boston, MA 02215",July
228667,Macbook Pro Laptop,1,1700.0,2019-07-30 22:50:00,"940 Cherry St, Boston, MA 02215",July
234844,Macbook Pro Laptop,1,1700.0,2019-07-27 14:39:00,"446 Church St, Boston, MA 02215",July
235716,Macbook Pro Laptop,1,1700.0,2019-07-15 14:41:00,"252 Lakeview St, Dallas, TX 75001",July
223622,Macbook Pro Laptop,1,1700.0,2019-07-07 20:35:00,"400 Spruce St, Austin, TX 73301",July
222964,Macbook Pro Laptop,1,1700.0,2019-07-24 20:18:00,"601 Lake St, Boston, MA 02215",July
229751,Macbook Pro Laptop,1,1700.0,2019-07-19 04:12:00,"966 Maple St, Seattle, WA 98101",July
231658,Macbook Pro Laptop,1,1700.0,2019-07-18 16:03:00,"350 Wilson St, Boston, MA 02215",July
236155,Macbook Pro Laptop,1,1700.0,2019-07-24 10:33:00,"400 8th St, Dallas, TX 75001",July
232305,Macbook Pro Laptop,1,1700.0,2019-07-16 01:58:00,"111 Willow St, Austin, TX 73301",July
226007,Macbook Pro Laptop,1,1700.0,2019-07-08 17:19:00,"528 Church St, Los Angeles, CA 90001",July
230439,Macbook Pro Laptop,1,1700.0,2019-07-31 12:07:00,"144 2nd St, Seattle, WA 98101",July
231419,Macbook Pro Laptop,1,1700.0,2019-07-08 09:37:00,"676 8th St, San Francisco, CA 94016",July
227305,Macbook Pro Laptop,1,1700.0,2019-07-27 20:24:00,"579 Highland St, Austin, TX 73301",July
227933,Macbook Pro Laptop,1,1700.0,2019-07-21 15:11:00,"140 Hill St, Portland, OR 97035",July
228390,Macbook Pro Laptop,1,1700.0,2019-07-21 08:58:00,"827 Spruce St, Los Angeles, CA 90001",July
224961,Macbook Pro Laptop,1,1700.0,2019-07-30 01:47:00,"975 9th St, Seattle, WA 98101",July
231792,Macbook Pro Laptop,1,1700.0,2019-07-03 14:59:00,"201 5th St, Portland, ME 04101",July
232488,Macbook Pro Laptop,1,1700.0,2019-07-09 00:00:00,"763 9th St, Los Angeles, CA 90001",July
235478,Macbook Pro Laptop,1,1700.0,2019-07-01 17:11:00,"316 4th St, San Francisco, CA 94016",July
232797,Macbook Pro Laptop,1,1700.0,2019-07-01 15:11:00,"951 Johnson St, Boston, MA 02215",July
227455,Macbook Pro Laptop,1,1700.0,2019-07-06 20:42:00,"186 Center St, San Francisco, CA 94016",July
228546,Macbook Pro Laptop,1,1700.0,2019-07-06 20:43:00,"987 Main St, Boston, MA 02215",July
224715,Macbook Pro Laptop,1,1700.0,2019-07-11 22:04:00,"706 2nd St, Portland, OR 97035",July
223561,Macbook Pro Laptop,1,1700.0,2019-07-18 19:16:00,"889 4th St, Dallas, TX 75001",July
225644,Macbook Pro Laptop,1,1700.0,2019-07-16 18:14:00,"766 Center St, San Francisco, CA 94016",July
226491,Macbook Pro Laptop,1,1700.0,2019-07-25 14:44:00,"365 Spruce St, San Francisco, CA 94016",July
223216,Macbook Pro Laptop,1,1700.0,2019-07-03 21:01:00,"956 Ridge St, Atlanta, GA 30301",July
226855,Macbook Pro Laptop,1,1700.0,2019-07-13 15:44:00,"602 Chestnut St, San Francisco, CA 94016",July
227213,Macbook Pro Laptop,1,1700.0,2019-07-01 09:37:00,"633 Willow St, San Francisco, CA 94016",July
229187,Macbook Pro Laptop,1,1700.0,2019-07-02 09:49:00,"48 Dogwood St, Los Angeles, CA 90001",July
234853,Macbook Pro Laptop,1,1700.0,2019-07-21 09:11:00,"735 Madison St, Austin, TX 73301",July
227466,Macbook Pro Laptop,1,1700.0,2019-07-14 19:02:00,"46 Willow St, Los Angeles, CA 90001",July
231756,Macbook Pro Laptop,1,1700.0,2019-07-29 05:50:00,"990 Meadow St, Dallas, TX 75001",July
236353,Macbook Pro Laptop,1,1700.0,2019-07-17 22:40:00,"748 Meadow St, Atlanta, GA 30301",July
236581,Macbook Pro Laptop,1,1700.0,2019-07-09 07:54:00,"300 Johnson St, Portland, OR 97035",July
233165,Macbook Pro Laptop,1,1700.0,2019-07-06 17:19:00,"460 Johnson St, San Francisco, CA 94016",July
232888,Macbook Pro Laptop,1,1700.0,2019-07-09 19:33:00,"434 West St, Atlanta, GA 30301",July
235867,Macbook Pro Laptop,1,1700.0,2019-07-25 09:54:00,"441 River St, Los Angeles, CA 90001",July
228100,Macbook Pro Laptop,1,1700.0,2019-07-23 21:37:00,"735 Sunset St, San Francisco, CA 94016",July
231197,Macbook Pro Laptop,1,1700.0,2019-07-21 20:43:00,"90 14th St, Austin, TX 73301",July
229917,Macbook Pro Laptop,1,1700.0,2019-07-20 23:00:00,"675 7th St, New York City, NY 10001",July
229937,Macbook Pro Laptop,1,1700.0,2019-07-07 10:59:00,"791 Ridge St, New York City, NY 10001",July
231759,Macbook Pro Laptop,1,1700.0,2019-07-13 17:15:00,"297 Ridge St, San Francisco, CA 94016",July
236642,Macbook Pro Laptop,1,1700.0,2019-07-12 21:48:00,"813 Spruce St, New York City, NY 10001",July
226649,Macbook Pro Laptop,1,1700.0,2019-07-04 22:48:00,"869 Dogwood St, San Francisco, CA 94016",July
227636,Macbook Pro Laptop,1,1700.0,2019-07-02 21:31:00,"859 Adams St, New York City, NY 10001",July
228328,Macbook Pro Laptop,1,1700.0,2019-07-25 08:03:00,"605 11th St, San Francisco, CA 94016",July
229870,Macbook Pro Laptop,1,1700.0,2019-07-20 20:46:00,"117 5th St, Dallas, TX 75001",July
226296,Macbook Pro Laptop,1,1700.0,2019-07-06 10:24:00,"257 Spruce St, Boston, MA 02215",July
231600,Macbook Pro Laptop,1,1700.0,2019-07-14 21:49:00,"584 7th St, Dallas, TX 75001",July
235492,Macbook Pro Laptop,1,1700.0,2019-07-19 17:58:00,"824 Spruce St, Los Angeles, CA 90001",July
225664,Macbook Pro Laptop,1,1700.0,2019-07-22 17:44:00,"120 South St, Dallas, TX 75001",July
229545,Macbook Pro Laptop,1,1700.0,2019-07-06 17:14:00,"65 1st St, New York City, NY 10001",July
228075,Macbook Pro Laptop,1,1700.0,2019-07-03 20:30:00,"196 South St, San Francisco, CA 94016",July
228705,Macbook Pro Laptop,1,1700.0,2019-07-01 11:24:00,"793 5th St, Atlanta, GA 30301",July
232448,Macbook Pro Laptop,1,1700.0,2019-07-10 17:28:00,"431 Chestnut St, San Francisco, CA 94016",July
234645,Macbook Pro Laptop,1,1700.0,2019-07-15 08:21:00,"252 Ridge St, Dallas, TX 75001",July
225244,Macbook Pro Laptop,1,1700.0,2019-07-20 20:00:00,"335 Lakeview St, San Francisco, CA 94016",July
234728,Macbook Pro Laptop,1,1700.0,2019-07-03 12:51:00,"90 5th St, Los Angeles, CA 90001",July
235749,Macbook Pro Laptop,1,1700.0,2019-07-04 18:49:00,"574 West St, New York City, NY 10001",July
247858,Macbook Pro Laptop,1,1700.0,2019-08-25 15:31:00,"502 9th St, Atlanta, GA 30301",August
238989,Macbook Pro Laptop,1,1700.0,2019-08-24 12:57:00,"495 10th St, Portland, OR 97035",August
244690,Macbook Pro Laptop,1,1700.0,2019-08-15 11:18:00,"961 Chestnut St, Boston, MA 02215",August
242214,Macbook Pro Laptop,1,1700.0,2019-08-09 21:54:00,"869 8th St, Atlanta, GA 30301",August
247494,Macbook Pro Laptop,1,1700.0,2019-08-10 16:08:00,"463 Ridge St, San Francisco, CA 94016",August
241106,Macbook Pro Laptop,1,1700.0,2019-08-25 23:51:00,"187 9th St, Los Angeles, CA 90001",August
244821,Macbook Pro Laptop,1,1700.0,2019-08-19 20:26:00,"605 Madison St, Seattle, WA 98101",August
248082,Macbook Pro Laptop,1,1700.0,2019-08-25 14:20:00,"678 8th St, San Francisco, CA 94016",August
243173,Macbook Pro Laptop,1,1700.0,2019-08-19 23:43:00,"810 Washington St, Dallas, TX 75001",August
246316,Macbook Pro Laptop,1,1700.0,2019-08-22 16:40:00,"694 Church St, San Francisco, CA 94016",August
238452,Macbook Pro Laptop,1,1700.0,2019-08-28 20:37:00,"415 Elm St, New York City, NY 10001",August
244782,Macbook Pro Laptop,1,1700.0,2019-08-22 17:38:00,"10 River St, Los Angeles, CA 90001",August
239780,Macbook Pro Laptop,1,1700.0,2019-08-10 18:37:00,"251 Meadow St, Atlanta, GA 30301",August
244921,Macbook Pro Laptop,1,1700.0,2019-08-22 12:23:00,"270 9th St, Boston, MA 02215",August
245831,Macbook Pro Laptop,1,1700.0,2019-08-29 19:26:00,"482 13th St, Portland, OR 97035",August
237733,Macbook Pro Laptop,1,1700.0,2019-08-03 20:08:00,"986 Wilson St, New York City, NY 10001",August
244050,Macbook Pro Laptop,1,1700.0,2019-08-01 15:48:00,"645 Meadow St, San Francisco, CA 94016",August
245361,Macbook Pro Laptop,1,1700.0,2019-08-16 19:38:00,"817 Jackson St, San Francisco, CA 94016",August
239060,Macbook Pro Laptop,1,1700.0,2019-08-30 21:20:00,"847 Johnson St, Dallas, TX 75001",August
242594,Macbook Pro Laptop,1,1700.0,2019-08-08 15:00:00,"242 Jackson St, Seattle, WA 98101",August
247302,Macbook Pro Laptop,1,1700.0,2019-08-02 20:21:00,"202 West St, San Francisco, CA 94016",August
247993,Macbook Pro Laptop,1,1700.0,2019-08-29 23:13:00,"768 Cherry St, San Francisco, CA 94016",August
238801,Macbook Pro Laptop,1,1700.0,2019-08-23 21:23:00,"828 South St, San Francisco, CA 94016",August
238810,Macbook Pro Laptop,1,1700.0,2019-08-25 20:38:00,"216 4th St, San Francisco, CA 94016",August
245180,Macbook Pro Laptop,1,1700.0,2019-08-24 06:58:00,"507 Dogwood St, New York City, NY 10001",August
247704,Macbook Pro Laptop,1,1700.0,2019-08-25 14:07:00,"165 River St, Dallas, TX 75001",August
243042,Macbook Pro Laptop,1,1700.0,2019-08-29 13:47:00,"374 13th St, Dallas, TX 75001",August
239749,Macbook Pro Laptop,1,1700.0,2019-08-05 15:08:00,"671 1st St, San Francisco, CA 94016",August
243910,Macbook Pro Laptop,1,1700.0,2019-08-19 11:38:00,"532 Cedar St, Austin, TX 73301",August
244823,Macbook Pro Laptop,1,1700.0,2019-08-20 22:40:00,"237 Wilson St, Boston, MA 02215",August
238369,Macbook Pro Laptop,1,1700.0,2019-08-12 16:45:00,"226 Lake St, New York City, NY 10001",August
246744,Macbook Pro Laptop,1,1700.0,2019-08-12 12:42:00,"381 Forest St, New York City, NY 10001",August
241153,Macbook Pro Laptop,1,1700.0,2019-08-14 11:31:00,"659 Adams St, Atlanta, GA 30301",August
241998,Macbook Pro Laptop,1,1700.0,2019-08-27 13:27:00,"421 Center St, San Francisco, CA 94016",August
246619,Macbook Pro Laptop,1,1700.0,2019-08-15 08:00:00,"890 West St, Boston, MA 02215",August
240029,Macbook Pro Laptop,1,1700.0,2019-08-09 17:37:00,"274 Cedar St, Boston, MA 02215",August
242621,Macbook Pro Laptop,1,1700.0,2019-08-10 14:56:00,"643 Spruce St, Boston, MA 02215",August
244721,Macbook Pro Laptop,1,1700.0,2019-08-06 12:44:00,"824 9th St, Dallas, TX 75001",August
246260,Macbook Pro Laptop,1,1700.0,2019-08-11 18:20:00,"282 Walnut St, Boston, MA 02215",August
237387,Macbook Pro Laptop,1,1700.0,2019-08-10 11:14:00,"320 Center St, New York City, NY 10001",August
243994,Macbook Pro Laptop,1,1700.0,2019-08-16 22:04:00,"496 River St, Boston, MA 02215",August
245833,Macbook Pro Laptop,1,1700.0,2019-08-11 09:18:00,"391 2nd St, Dallas, TX 75001",August
240334,Macbook Pro Laptop,1,1700.0,2019-08-22 09:04:00,"120 Willow St, San Francisco, CA 94016",August
243349,Macbook Pro Laptop,1,1700.0,2019-08-05 10:32:00,"106 Lincoln St, Los Angeles, CA 90001",August
244781,Macbook Pro Laptop,1,1700.0,2019-08-24 19:14:00,"511 Highland St, Los Angeles, CA 90001",August
247022,Macbook Pro Laptop,1,1700.0,2019-08-29 14:37:00,"631 Pine St, Portland, OR 97035",August
240013,Macbook Pro Laptop,1,1700.0,2019-08-11 14:30:00,"471 Lake St, Los Angeles, CA 90001",August
244175,Macbook Pro Laptop,1,1700.0,2019-08-25 17:50:00,"13 Lakeview St, Seattle, WA 98101",August
247994,Macbook Pro Laptop,1,1700.0,2019-08-20 23:55:00,"317 Washington St, San Francisco, CA 94016",August
247601,Macbook Pro Laptop,1,1700.0,2019-08-17 09:12:00,"282 Lakeview St, Seattle, WA 98101",August
256062,Macbook Pro Laptop,1,1700.0,2019-09-11 11:54:00,"537 14th St, San Francisco, CA 94016",September
249149,Macbook Pro Laptop,1,1700.0,2019-09-04 10:46:00,"353 Madison St, Boston, MA 02215",September
253070,Macbook Pro Laptop,1,1700.0,2019-09-06 15:46:00,"968 Main St, San Francisco, CA 94016",September
248674,Macbook Pro Laptop,1,1700.0,2019-09-26 18:27:00,"901 Cedar St, New York City, NY 10001",September
251111,Macbook Pro Laptop,1,1700.0,2019-09-05 19:36:00,"218 Meadow St, San Francisco, CA 94016",September
255830,Macbook Pro Laptop,1,1700.0,2019-09-29 21:00:00,"402 8th St, Boston, MA 02215",September
249891,Macbook Pro Laptop,1,1700.0,2019-09-09 09:48:00,"177 Center St, Portland, OR 97035",September
249993,Macbook Pro Laptop,1,1700.0,2019-09-09 20:17:00,"459 Chestnut St, Boston, MA 02215",September
252743,Macbook Pro Laptop,1,1700.0,2019-09-04 22:15:00,"766 Hill St, Atlanta, GA 30301",September
252371,Macbook Pro Laptop,1,1700.0,2019-09-04 01:00:00,"120 River St, New York City, NY 10001",September
253744,Macbook Pro Laptop,1,1700.0,2019-09-25 17:46:00,"978 Maple St, Atlanta, GA 30301",September
259324,Macbook Pro Laptop,1,1700.0,2019-09-29 13:37:00,"926 North St, San Francisco, CA 94016",September
253460,Macbook Pro Laptop,1,1700.0,2019-09-26 06:51:00,"357 Park St, Atlanta, GA 30301",September
254078,Macbook Pro Laptop,1,1700.0,2019-09-05 12:32:00,"797 Dogwood St, San Francisco, CA 94016",September
257079,Macbook Pro Laptop,1,1700.0,2019-09-05 22:55:00,"968 10th St, Portland, OR 97035",September
258150,Macbook Pro Laptop,1,1700.0,2019-09-20 17:01:00,"576 South St, Los Angeles, CA 90001",September
251029,Macbook Pro Laptop,1,1700.0,2019-09-13 14:04:00,"138 13th St, Dallas, TX 75001",September
257301,Macbook Pro Laptop,1,1700.0,2019-09-03 17:59:00,"567 Adams St, San Francisco, CA 94016",September
250285,Macbook Pro Laptop,1,1700.0,2019-09-15 18:28:00,"500 Dogwood St, San Francisco, CA 94016",September
252497,Macbook Pro Laptop,1,1700.0,2019-09-14 10:13:00,"89 Adams St, Austin, TX 73301",September
248452,Macbook Pro Laptop,1,1700.0,2019-09-24 18:00:00,"463 Cherry St, Boston, MA 02215",September
250148,Macbook Pro Laptop,1,1700.0,2019-09-26 14:52:00,"297 Elm St, Atlanta, GA 30301",September
252806,Macbook Pro Laptop,1,1700.0,2019-09-01 15:05:00,"888 5th St, Los Angeles, CA 90001",September
251348,Macbook Pro Laptop,1,1700.0,2019-09-09 21:10:00,"542 12th St, New York City, NY 10001",September
253463,Macbook Pro Laptop,1,1700.0,2019-09-25 22:22:00,"387 Lakeview St, San Francisco, CA 94016",September
258694,Macbook Pro Laptop,1,1700.0,2019-09-18 17:44:00,"684 Meadow St, New York City, NY 10001",September
259299,Macbook Pro Laptop,1,1700.0,2019-09-30 23:59:00,"240 Chestnut St, Los Angeles, CA 90001",September
257044,Macbook Pro Laptop,1,1700.0,2019-09-26 03:16:00,"68 Meadow St, Los Angeles, CA 90001",September
257093,Macbook Pro Laptop,1,1700.0,2019-09-01 22:14:00,"365 Hill St, Seattle, WA 98101",September
258423,Macbook Pro Laptop,1,1700.0,2019-09-30 09:13:00,"455 9th St, Los Angeles, CA 90001",September
257999,Macbook Pro Laptop,1,1700.0,2019-09-15 09:57:00,"407 Johnson St, San Francisco, CA 94016",September
251737,Macbook Pro Laptop,1,1700.0,2019-09-01 16:29:00,"682 5th St, New York City, NY 10001",September
248354,Macbook Pro Laptop,1,1700.0,2019-09-21 11:54:00,"514 11th St, Atlanta, GA 30301",September
252512,Macbook Pro Laptop,1,1700.0,2019-09-05 11:12:00,"46 Sunset St, Seattle, WA 98101",September
252947,Macbook Pro Laptop,1,1700.0,2019-09-09 02:53:00,"560 Willow St, Dallas, TX 75001",September
255990,Macbook Pro Laptop,1,1700.0,2019-09-15 19:59:00,"701 Center St, Portland, ME 04101",September
249335,Macbook Pro Laptop,1,1700.0,2019-09-11 19:01:00,"995 Lakeview St, Atlanta, GA 30301",September
254402,Macbook Pro Laptop,1,1700.0,2019-09-14 18:19:00,"584 Elm St, New York City, NY 10001",September
250028,Macbook Pro Laptop,1,1700.0,2019-09-25 01:07:00,"80 Madison St, Los Angeles, CA 90001",September
255887,Macbook Pro Laptop,1,1700.0,2019-09-23 04:27:00,"795 1st St, Atlanta, GA 30301",September
254971,Macbook Pro Laptop,1,1700.0,2019-09-04 11:17:00,"524 Johnson St, San Francisco, CA 94016",September
257099,Macbook Pro Laptop,1,1700.0,2019-09-14 16:08:00,"18 Lake St, Portland, OR 97035",September
262565,Macbook Pro Laptop,1,1700.0,2019-10-04 15:56:00,"779 Cedar St, New York City, NY 10001",October
274289,Macbook Pro Laptop,1,1700.0,2019-10-27 14:08:00,"786 Dogwood St, Los Angeles, CA 90001",October
267263,Macbook Pro Laptop,1,1700.0,2019-10-31 23:48:00,"912 South St, Los Angeles, CA 90001",October
272172,Macbook Pro Laptop,1,1700.0,2019-10-17 12:34:00,"859 North St, San Francisco, CA 94016",October
262890,Macbook Pro Laptop,1,1700.0,2019-10-16 19:41:00,"678 Sunset St, Boston, MA 02215",October
264184,Macbook Pro Laptop,1,1700.0,2019-10-25 22:12:00,"117 2nd St, San Francisco, CA 94016",October
265942,Macbook Pro Laptop,1,1700.0,2019-10-11 18:33:00,"7 Washington St, New York City, NY 10001",October
268098,Macbook Pro Laptop,1,1700.0,2019-10-06 12:30:00,"791 12th St, Los Angeles, CA 90001",October
269113,Macbook Pro Laptop,1,1700.0,2019-10-19 16:13:00,"400 7th St, Seattle, WA 98101",October
269677,Macbook Pro Laptop,1,1700.0,2019-10-31 19:24:00,"466 Hill St, San Francisco, CA 94016",October
269721,Macbook Pro Laptop,1,1700.0,2019-10-06 22:06:00,"949 Hickory St, New York City, NY 10001",October
272447,Macbook Pro Laptop,1,1700.0,2019-10-15 23:04:00,"362 West St, Dallas, TX 75001",October
277889,Macbook Pro Laptop,1,1700.0,2019-10-11 04:11:00,"882 Madison St, Portland, OR 97035",October
260719,Macbook Pro Laptop,1,1700.0,2019-10-10 17:34:00,"837 Wilson St, Los Angeles, CA 90001",October
269150,Macbook Pro Laptop,1,1700.0,2019-10-25 11:16:00,"115 13th St, Atlanta, GA 30301",October
269684,Macbook Pro Laptop,1,1700.0,2019-10-16 21:37:00,"195 Lake St, New York City, NY 10001",October
274796,Macbook Pro Laptop,1,1700.0,2019-10-18 07:50:00,"429 Elm St, New York City, NY 10001",October
262690,Macbook Pro Laptop,1,1700.0,2019-10-12 18:56:00,"835 Spruce St, San Francisco, CA 94016",October
265908,Macbook Pro Laptop,1,1700.0,2019-10-31 14:34:00,"990 10th St, San Francisco, CA 94016",October
277899,Macbook Pro Laptop,1,1700.0,2019-10-19 09:23:00,"88 Elm St, San Francisco, CA 94016",October
260152,Macbook Pro Laptop,1,1700.0,2019-10-23 17:25:00,"926 Spruce St, San Francisco, CA 94016",October
266012,Macbook Pro Laptop,1,1700.0,2019-10-10 17:45:00,"210 Park St, Atlanta, GA 30301",October
269102,Macbook Pro Laptop,1,1700.0,2019-10-08 21:45:00,"865 Highland St, Los Angeles, CA 90001",October
261566,Macbook Pro Laptop,1,1700.0,2019-10-30 13:51:00,"659 Cedar St, Atlanta, GA 30301",October
263584,Macbook Pro Laptop,1,1700.0,2019-10-27 17:08:00,"76 8th St, Atlanta, GA 30301",October
270591,Macbook Pro Laptop,1,1700.0,2019-10-31 19:46:00,"706 South St, Los Angeles, CA 90001",October
262595,Macbook Pro Laptop,1,1700.0,2019-10-08 21:03:00,"134 Johnson St, Dallas, TX 75001",October
266345,Macbook Pro Laptop,1,1700.0,2019-10-08 11:26:00,"833 12th St, San Francisco, CA 94016",October
267709,Macbook Pro Laptop,1,1700.0,2019-10-22 22:44:00,"375 Washington St, New York City, NY 10001",October
268099,Macbook Pro Laptop,1,1700.0,2019-10-05 08:56:00,"797 8th St, San Francisco, CA 94016",October
268160,Macbook Pro Laptop,1,1700.0,2019-10-24 15:59:00,"583 Hill St, Los Angeles, CA 90001",October
273896,Macbook Pro Laptop,1,1700.0,2019-10-12 19:45:00,"773 Main St, San Francisco, CA 94016",October
275370,Macbook Pro Laptop,1,1700.0,2019-10-08 22:25:00,"888 Spruce St, Austin, TX 73301",October
271124,Macbook Pro Laptop,1,1700.0,2019-10-04 16:50:00,"752 6th St, Seattle, WA 98101",October
275246,Macbook Pro Laptop,1,1700.0,2019-10-11 14:48:00,"193 Washington St, Boston, MA 02215",October
275841,Macbook Pro Laptop,1,1700.0,2019-10-21 19:01:00,"345 Pine St, Austin, TX 73301",October
276374,Macbook Pro Laptop,1,1700.0,2019-10-06 08:30:00,"45 Chestnut St, San Francisco, CA 94016",October
260784,Macbook Pro Laptop,1,1700.0,2019-10-31 14:19:00,"317 Willow St, San Francisco, CA 94016",October
263143,Macbook Pro Laptop,1,1700.0,2019-10-16 19:06:00,"156 Chestnut St, New York City, NY 10001",October
266371,Macbook Pro Laptop,1,1700.0,2019-10-05 17:15:00,"556 Hickory St, Boston, MA 02215",October
270701,Macbook Pro Laptop,1,1700.0,2019-10-05 18:16:00,"503 Chestnut St, San Francisco, CA 94016",October
275803,Macbook Pro Laptop,1,1700.0,2019-10-15 12:39:00,"628 Forest St, Dallas, TX 75001",October
263339,Macbook Pro Laptop,1,1700.0,2019-10-05 12:22:00,"42 11th St, Seattle, WA 98101",October
268996,Macbook Pro Laptop,1,1700.0,2019-10-18 03:03:00,"787 Spruce St, Portland, OR 97035",October
263226,Macbook Pro Laptop,1,1700.0,2019-10-31 18:20:00,"713 Highland St, San Francisco, CA 94016",October
268801,Macbook Pro Laptop,1,1700.0,2019-10-27 13:28:00,"95 Sunset St, Dallas, TX 75001",October
270814,Macbook Pro Laptop,1,1700.0,2019-10-25 09:23:00,"383 West St, San Francisco, CA 94016",October
273463,Macbook Pro Laptop,1,1700.0,2019-10-17 00:02:00,"585 10th St, Boston, MA 02215",October
259469,Macbook Pro Laptop,1,1700.0,2019-10-19 19:28:00,"822 9th St, Atlanta, GA 30301",October
259760,Macbook Pro Laptop,1,1700.0,2019-10-12 01:59:00,"836 North St, Atlanta, GA 30301",October
261435,Macbook Pro Laptop,1,1700.0,2019-10-22 10:45:00,"813 Lincoln St, Los Angeles, CA 90001",October
266673,Macbook Pro Laptop,1,1700.0,2019-10-20 14:43:00,"8 Jackson St, Portland, OR 97035",October
267083,Macbook Pro Laptop,1,1700.0,2019-10-18 12:00:00,"434 Jackson St, Atlanta, GA 30301",October
269669,Macbook Pro Laptop,1,1700.0,2019-10-20 16:21:00,"961 Jackson St, New York City, NY 10001",October
274384,Macbook Pro Laptop,1,1700.0,2019-10-07 20:52:00,"221 2nd St, San Francisco, CA 94016",October
262301,Macbook Pro Laptop,1,1700.0,2019-10-14 12:13:00,"12 South St, Los Angeles, CA 90001",October
277716,Macbook Pro Laptop,1,1700.0,2019-10-01 11:32:00,"986 Washington St, Seattle, WA 98101",October
259634,Macbook Pro Laptop,1,1700.0,2019-10-06 11:33:00,"122 2nd St, New York City, NY 10001",October
261447,Macbook Pro Laptop,1,1700.0,2019-10-04 16:28:00,"628 Wilson St, New York City, NY 10001",October
275951,Macbook Pro Laptop,1,1700.0,2019-10-22 19:32:00,"591 12th St, Austin, TX 73301",October
270628,Macbook Pro Laptop,1,1700.0,2019-10-04 00:03:00,"845 Jefferson St, Los Angeles, CA 90001",October
273184,Macbook Pro Laptop,1,1700.0,2019-10-22 15:34:00,"829 12th St, New York City, NY 10001",October
269923,Macbook Pro Laptop,1,1700.0,2019-10-17 19:06:00,"170 12th St, Seattle, WA 98101",October
271691,Macbook Pro Laptop,1,1700.0,2019-10-14 23:21:00,"489 13th St, Seattle, WA 98101",October
272811,Macbook Pro Laptop,1,1700.0,2019-10-08 01:08:00,"847 5th St, Los Angeles, CA 90001",October
273352,Macbook Pro Laptop,1,1700.0,2019-10-26 11:30:00,"234 Lake St, Los Angeles, CA 90001",October
272607,Macbook Pro Laptop,1,1700.0,2019-10-21 13:20:00,"34 6th St, San Francisco, CA 94016",October
273905,Macbook Pro Laptop,1,1700.0,2019-10-14 13:08:00,"614 Spruce St, San Francisco, CA 94016",October
264832,Macbook Pro Laptop,1,1700.0,2019-10-16 15:57:00,"229 Lakeview St, San Francisco, CA 94016",October
269247,Macbook Pro Laptop,1,1700.0,2019-10-20 21:11:00,"483 Cedar St, Seattle, WA 98101",October
268090,Macbook Pro Laptop,1,1700.0,2019-10-31 11:03:00,"782 2nd St, New York City, NY 10001",October
271534,Macbook Pro Laptop,1,1700.0,2019-10-07 20:29:00,"923 South St, New York City, NY 10001",October
278123,Macbook Pro Laptop,1,1700.0,2019-10-14 11:47:00,"630 Cherry St, Portland, OR 97035",October
278405,Macbook Pro Laptop,1,1700.0,2019-10-26 19:40:00,"447 Lincoln St, Portland, OR 97035",October
273192,Macbook Pro Laptop,1,1700.0,2019-10-17 15:58:00,"10 Walnut St, New York City, NY 10001",October
273823,Macbook Pro Laptop,1,1700.0,2019-10-13 10:18:00,"59 7th St, Los Angeles, CA 90001",October
275384,Macbook Pro Laptop,1,1700.0,2019-10-05 15:00:00,"610 14th St, Los Angeles, CA 90001",October
276598,Macbook Pro Laptop,1,1700.0,2019-10-31 04:02:00,"232 Sunset St, New York City, NY 10001",October
278124,Macbook Pro Laptop,1,1700.0,2019-10-22 20:12:00,"252 Jefferson St, San Francisco, CA 94016",October
271004,Macbook Pro Laptop,1,1700.0,2019-10-27 18:37:00,"842 Willow St, New York City, NY 10001",October
276134,Macbook Pro Laptop,1,1700.0,2019-10-19 21:49:00,"601 Park St, New York City, NY 10001",October
278141,Macbook Pro Laptop,1,1700.0,2019-10-17 13:29:00,"563 Hill St, Portland, OR 97035",October
294432,Macbook Pro Laptop,1,1700.0,2019-11-19 06:14:00,"959 6th St, Boston, MA 02215",November
279885,Macbook Pro Laptop,1,1700.0,2019-11-26 12:19:00,"244 Highland St, San Francisco, CA 94016",November
281964,Macbook Pro Laptop,1,1700.0,2019-11-16 10:30:00,"995 Main St, San Francisco, CA 94016",November
285200,Macbook Pro Laptop,1,1700.0,2019-11-22 16:35:00,"60 Adams St, Los Angeles, CA 90001",November
286860,Macbook Pro Laptop,1,1700.0,2019-11-20 00:19:00,"921 14th St, San Francisco, CA 94016",November
290022,Macbook Pro Laptop,1,1700.0,2019-11-26 01:06:00,"910 13th St, New York City, NY 10001",November
294302,Macbook Pro Laptop,1,1700.0,2019-11-27 11:15:00,"753 5th St, Dallas, TX 75001",November
294832,Macbook Pro Laptop,1,1700.0,2019-11-24 09:45:00,"303 9th St, Seattle, WA 98101",November
282571,Macbook Pro Laptop,1,1700.0,2019-11-29 12:36:00,"68 Church St, New York City, NY 10001",November
290511,Macbook Pro Laptop,1,1700.0,2019-11-08 19:39:00,"85 Ridge St, Atlanta, GA 30301",November
288494,Macbook Pro Laptop,1,1700.0,2019-11-24 11:38:00,"615 Church St, San Francisco, CA 94016",November
291519,Macbook Pro Laptop,1,1700.0,2019-11-14 22:12:00,"518 Cedar St, San Francisco, CA 94016",November
280259,Macbook Pro Laptop,1,1700.0,2019-11-25 11:54:00,"747 Meadow St, Dallas, TX 75001",November
285209,Macbook Pro Laptop,1,1700.0,2019-11-23 22:39:00,"432 Sunset St, Seattle, WA 98101",November
292081,Macbook Pro Laptop,1,1700.0,2019-11-15 21:24:00,"844 12th St, Seattle, WA 98101",November
292796,Macbook Pro Laptop,1,1700.0,2019-11-30 06:39:00,"121 South St, New York City, NY 10001",November
281360,Macbook Pro Laptop,1,1700.0,2019-11-21 18:38:00,"176 12th St, Atlanta, GA 30301",November
288617,Macbook Pro Laptop,1,1700.0,2019-11-06 07:13:00,"202 South St, Boston, MA 02215",November
279202,Macbook Pro Laptop,1,1700.0,2019-11-05 17:53:00,"671 River St, Dallas, TX 75001",November
293135,Macbook Pro Laptop,1,1700.0,2019-11-01 17:01:00,"278 Hill St, Boston, MA 02215",November
281347,Macbook Pro Laptop,1,1700.0,2019-11-01 09:24:00,"597 Cherry St, Los Angeles, CA 90001",November
285719,Macbook Pro Laptop,1,1700.0,2019-11-04 09:45:00,"517 12th St, Portland, OR 97035",November
295152,Macbook Pro Laptop,1,1700.0,2019-11-25 05:26:00,"905 Lincoln St, San Francisco, CA 94016",November
281884,Macbook Pro Laptop,1,1700.0,2019-11-02 09:31:00,"257 14th St, Dallas, TX 75001",November
291555,Macbook Pro Laptop,1,1700.0,2019-11-25 10:36:00,"250 Dogwood St, Austin, TX 73301",November
292846,Macbook Pro Laptop,1,1700.0,2019-11-08 13:14:00,"208 5th St, Atlanta, GA 30301",November
279984,Macbook Pro Laptop,1,1700.0,2019-11-22 19:00:00,"338 7th St, New York City, NY 10001",November
284711,Macbook Pro Laptop,1,1700.0,2019-11-02 12:29:00,"673 West St, Seattle, WA 98101",November
293901,Macbook Pro Laptop,1,1700.0,2019-11-15 12:00:00,"439 13th St, San Francisco, CA 94016",November
295051,Macbook Pro Laptop,1,1700.0,2019-11-29 10:56:00,"659 Pine St, San Francisco, CA 94016",November
282034,Macbook Pro Laptop,1,1700.0,2019-11-21 06:20:00,"956 Center St, Atlanta, GA 30301",November
292128,Macbook Pro Laptop,1,1700.0,2019-11-10 22:45:00,"789 West St, San Francisco, CA 94016",November
292567,Macbook Pro Laptop,1,1700.0,2019-11-07 20:41:00,"684 Madison St, San Francisco, CA 94016",November
285299,Macbook Pro Laptop,1,1700.0,2019-11-24 15:20:00,"566 Walnut St, San Francisco, CA 94016",November
294028,Macbook Pro Laptop,1,1700.0,2019-11-20 13:40:00,"502 1st St, Portland, OR 97035",November
295005,Macbook Pro Laptop,1,1700.0,2019-11-30 15:41:00,"82 Spruce St, Portland, ME 04101",November
284713,Macbook Pro Laptop,1,1700.0,2019-11-04 08:40:00,"17 7th St, Atlanta, GA 30301",November
285115,Macbook Pro Laptop,1,1700.0,2019-11-25 15:18:00,"88 13th St, Atlanta, GA 30301",November
279023,Macbook Pro Laptop,1,1700.0,2019-11-03 13:19:00,"417 Park St, Boston, MA 02215",November
284955,Macbook Pro Laptop,1,1700.0,2019-11-01 17:04:00,"156 Sunset St, Los Angeles, CA 90001",November
287981,Macbook Pro Laptop,1,1700.0,2019-11-14 19:43:00,"875 Cedar St, San Francisco, CA 94016",November
294584,Macbook Pro Laptop,1,1700.0,2019-11-18 11:16:00,"286 Cedar St, San Francisco, CA 94016",November
280325,Macbook Pro Laptop,1,1700.0,2019-11-01 17:59:00,"563 5th St, New York City, NY 10001",November
286942,Macbook Pro Laptop,1,1700.0,2019-11-15 20:08:00,"480 West St, New York City, NY 10001",November
287251,Macbook Pro Laptop,1,1700.0,2019-11-25 13:15:00,"395 5th St, Boston, MA 02215",November
287807,Macbook Pro Laptop,1,1700.0,2019-11-06 10:25:00,"617 12th St, Boston, MA 02215",November
290694,Macbook Pro Laptop,1,1700.0,2019-11-25 16:57:00,"631 Meadow St, San Francisco, CA 94016",November
283327,Macbook Pro Laptop,1,1700.0,2019-11-18 20:25:00,"368 9th St, Portland, OR 97035",November
284193,Macbook Pro Laptop,1,1700.0,2019-11-09 05:48:00,"876 Church St, Los Angeles, CA 90001",November
294544,Macbook Pro Laptop,1,1700.0,2019-11-05 15:10:00,"680 Maple St, Los Angeles, CA 90001",November
279571,Macbook Pro Laptop,1,1700.0,2019-11-07 01:04:00,"823 Jackson St, Boston, MA 02215",November
281947,Macbook Pro Laptop,1,1700.0,2019-11-26 18:47:00,"285 Lakeview St, Los Angeles, CA 90001",November
288287,Macbook Pro Laptop,1,1700.0,2019-11-20 23:22:00,"422 Maple St, Atlanta, GA 30301",November
291313,Macbook Pro Laptop,1,1700.0,2019-11-11 11:36:00,"416 Lincoln St, Boston, MA 02215",November
291743,Macbook Pro Laptop,1,1700.0,2019-11-07 18:37:00,"589 10th St, Seattle, WA 98101",November
280711,Macbook Pro Laptop,1,1700.0,2019-11-05 09:23:00,"359 9th St, Boston, MA 02215",November
283664,Macbook Pro Laptop,1,1700.0,2019-11-22 13:58:00,"686 Lincoln St, Los Angeles, CA 90001",November
290265,Macbook Pro Laptop,1,1700.0,2019-11-22 05:53:00,"842 11th St, Portland, OR 97035",November
285708,Macbook Pro Laptop,1,1700.0,2019-11-05 16:40:00,"445 Spruce St, Boston, MA 02215",November
290286,Macbook Pro Laptop,1,1700.0,2019-11-12 08:40:00,"405 Center St, San Francisco, CA 94016",November
292150,Macbook Pro Laptop,1,1700.0,2019-11-13 10:12:00,"471 Adams St, Portland, OR 97035",November
290849,Macbook Pro Laptop,1,1700.0,2019-11-17 09:26:00,"750 Park St, Seattle, WA 98101",November
296518,Macbook Pro Laptop,1,1700.0,2019-12-25 03:17:00,"866 Willow St, Boston, MA 02215",December
305184,Macbook Pro Laptop,1,1700.0,2019-12-25 10:32:00,"269 Johnson St, San Francisco, CA 94016",December
313086,Macbook Pro Laptop,1,1700.0,2019-12-23 08:12:00,"309 Spruce St, San Francisco, CA 94016",December
311084,Macbook Pro Laptop,1,1700.0,2019-12-17 19:10:00,"231 Wilson St, Boston, MA 02215",December
318337,Macbook Pro Laptop,1,1700.0,2019-12-27 10:50:00,"211 1st St, Dallas, TX 75001",December
303077,Macbook Pro Laptop,1,1700.0,2019-12-08 18:58:00,"104 Lakeview St, Boston, MA 02215",December
309135,Macbook Pro Laptop,1,1700.0,2019-12-07 01:30:00,"995 Lake St, Dallas, TX 75001",December
312515,Macbook Pro Laptop,1,1700.0,2019-12-09 07:11:00,"639 Highland St, San Francisco, CA 94016",December
315490,Macbook Pro Laptop,1,1700.0,2019-12-16 12:42:00,"425 Cedar St, San Francisco, CA 94016",December
307555,Macbook Pro Laptop,1,1700.0,2019-12-11 22:34:00,"329 Hill St, Seattle, WA 98101",December
315860,Macbook Pro Laptop,1,1700.0,2019-12-15 17:45:00,"792 Lakeview St, New York City, NY 10001",December
297474,Macbook Pro Laptop,1,1700.0,2019-12-22 12:21:00,"581 Jackson St, New York City, NY 10001",December
299811,Macbook Pro Laptop,1,1700.0,2019-12-21 19:59:00,"967 Maple St, Atlanta, GA 30301",December
306511,Macbook Pro Laptop,1,1700.0,2019-12-28 22:57:00,"549 River St, San Francisco, CA 94016",December
309894,Macbook Pro Laptop,1,1700.0,2019-12-30 23:20:00,"342 Maple St, Dallas, TX 75001",December
317179,Macbook Pro Laptop,1,1700.0,2019-12-29 08:15:00,"773 Maple St, San Francisco, CA 94016",December
296914,Macbook Pro Laptop,1,1700.0,2019-12-16 22:41:00,"886 Lakeview St, Seattle, WA 98101",December
301123,Macbook Pro Laptop,1,1700.0,2019-12-09 20:21:00,"433 Walnut St, San Francisco, CA 94016",December
298054,Macbook Pro Laptop,1,1700.0,2019-12-30 22:17:00,"368 Dogwood St, San Francisco, CA 94016",December
309586,Macbook Pro Laptop,1,1700.0,2019-12-06 16:10:00,"736 Spruce St, New York City, NY 10001",December
316922,Macbook Pro Laptop,1,1700.0,2019-12-16 14:59:00,"441 10th St, Los Angeles, CA 90001",December
313809,Macbook Pro Laptop,1,1700.0,2019-12-17 10:38:00,"198 Wilson St, San Francisco, CA 94016",December
318983,Macbook Pro Laptop,1,1700.0,2019-12-05 20:58:00,"637 11th St, Los Angeles, CA 90001",December
319531,Macbook Pro Laptop,1,1700.0,2019-12-30 21:15:00,"721 Ridge St, San Francisco, CA 94016",December
312465,Macbook Pro Laptop,1,1700.0,2019-12-23 15:00:00,"618 1st St, Atlanta, GA 30301",December
312966,Macbook Pro Laptop,1,1700.0,2019-12-12 15:02:00,"825 6th St, Boston, MA 02215",December
318766,Macbook Pro Laptop,1,1700.0,2019-12-12 14:55:00,"128 Dogwood St, Dallas, TX 75001",December
299928,Macbook Pro Laptop,1,1700.0,2019-12-05 20:42:00,"241 North St, Portland, ME 04101",December
301753,Macbook Pro Laptop,1,1700.0,2019-12-19 18:21:00,"207 5th St, San Francisco, CA 94016",December
304104,Macbook Pro Laptop,1,1700.0,2019-12-02 13:44:00,"438 Forest St, New York City, NY 10001",December
314776,Macbook Pro Laptop,1,1700.0,2019-12-06 17:44:00,"248 8th St, Seattle, WA 98101",December
297967,Macbook Pro Laptop,1,1700.0,2019-12-31 14:27:00,"585 1st St, San Francisco, CA 94016",December
298564,Macbook Pro Laptop,1,1700.0,2019-12-10 19:43:00,"170 West St, San Francisco, CA 94016",December
302037,Macbook Pro Laptop,1,1700.0,2019-12-17 07:38:00,"94 Hill St, Los Angeles, CA 90001",December
308373,Macbook Pro Laptop,1,1700.0,2019-12-18 21:56:00,"311 Lake St, Boston, MA 02215",December
316354,Macbook Pro Laptop,1,1700.0,2019-12-14 08:44:00,"999 Main St, Seattle, WA 98101",December
304767,Macbook Pro Laptop,1,1700.0,2019-12-18 18:33:00,"869 7th St, Seattle, WA 98101",December
306577,Macbook Pro Laptop,1,1700.0,2019-12-15 16:00:00,"130 4th St, San Francisco, CA 94016",December
308065,Macbook Pro Laptop,1,1700.0,2019-12-07 17:31:00,"316 Washington St, San Francisco, CA 94016",December
309052,Macbook Pro Laptop,1,1700.0,2019-12-07 08:17:00,"452 Forest St, Los Angeles, CA 90001",December
300077,Macbook Pro Laptop,1,1700.0,2019-12-17 15:37:00,"325 1st St, Los Angeles, CA 90001",December
309175,Macbook Pro Laptop,1,1700.0,2019-12-08 17:18:00,"886 Wilson St, Dallas, TX 75001",December
313699,Macbook Pro Laptop,1,1700.0,2019-12-29 20:12:00,"284 Johnson St, Dallas, TX 75001",December
301106,Macbook Pro Laptop,1,1700.0,2019-12-22 18:02:00,"811 Chestnut St, Los Angeles, CA 90001",December
309487,Macbook Pro Laptop,1,1700.0,2019-12-15 11:58:00,"880 9th St, Atlanta, GA 30301",December
312368,Macbook Pro Laptop,1,1700.0,2019-12-10 11:53:00,"128 Main St, New York City, NY 10001",December
317377,Macbook Pro Laptop,1,1700.0,2019-12-29 21:49:00,"584 West St, Los Angeles, CA 90001",December
318534,Macbook Pro Laptop,1,1700.0,2019-12-29 17:16:00,"971 7th St, San Francisco, CA 94016",December
300091,Macbook Pro Laptop,1,1700.0,2019-12-06 19:18:00,"308 6th St, Boston, MA 02215",December
303519,Macbook Pro Laptop,1,1700.0,2019-12-02 17:31:00,"802 South St, Portland, OR 97035",December
308746,Macbook Pro Laptop,1,1700.0,2019-12-07 12:00:00,"333 Center St, San Francisco, CA 94016",December
315178,Macbook Pro Laptop,1,1700.0,2019-12-05 21:45:00,"529 Ridge St, San Francisco, CA 94016",December
300451,Macbook Pro Laptop,1,1700.0,2019-12-13 13:24:00,"811 2nd St, Boston, MA 02215",December
308551,Macbook Pro Laptop,1,1700.0,2019-12-17 08:12:00,"750 Cherry St, Seattle, WA 98101",December
311562,Macbook Pro Laptop,1,1700.0,2019-12-29 23:36:00,"644 Forest St, New York City, NY 10001",December
299954,Macbook Pro Laptop,1,1700.0,2019-12-18 11:09:00,"467 Washington St, Portland, OR 97035",December
314434,Macbook Pro Laptop,1,1700.0,2019-12-02 14:20:00,"122 Adams St, Portland, OR 97035",December
314828,Macbook Pro Laptop,1,1700.0,2019-12-15 23:11:00,"498 Main St, Portland, OR 97035",December
310293,Macbook Pro Laptop,1,1700.0,2019-12-16 05:00:00,"459 Jefferson St, New York City, NY 10001",December
313953,Macbook Pro Laptop,1,1700.0,2019-12-28 12:16:00,"370 Lincoln St, Boston, MA 02215",December
318877,Macbook Pro Laptop,1,1700.0,2019-12-21 07:29:00,"850 Maple St, Austin, TX 73301",December
298653,Macbook Pro Laptop,1,1700.0,2019-12-04 18:10:00,"377 Willow St, New York City, NY 10001",December
309726,Macbook Pro Laptop,1,1700.0,2019-12-01 07:51:00,"934 Hickory St, Portland, ME 04101",December
315137,Macbook Pro Laptop,1,1700.0,2019-12-29 20:35:00,"131 11th St, New York City, NY 10001",December
297946,Macbook Pro Laptop,1,1700.0,2019-12-07 12:28:00,"427 Center St, Seattle, WA 98101",December
299483,Macbook Pro Laptop,1,1700.0,2019-12-15 14:27:00,"235 Sunset St, Los Angeles, CA 90001",December
305020,Macbook Pro Laptop,1,1700.0,2019-12-13 11:32:00,"317 Johnson St, Seattle, WA 98101",December
311911,Macbook Pro Laptop,1,1700.0,2019-12-06 07:08:00,"501 Wilson St, Dallas, TX 75001",December
317749,Macbook Pro Laptop,1,1700.0,2019-12-16 08:32:00,"320 North St, Seattle, WA 98101",December
318659,Macbook Pro Laptop,1,1700.0,2019-12-20 08:01:00,"492 Meadow St, Dallas, TX 75001",December
231367,Macbook Pro Laptop,1,1700.0,2019-07-30 10:29:00,"683 10th St, Boston, MA 02215",July
235019,Macbook Pro Laptop,1,1700.0,2019-07-06 20:38:00,"825 West St, Dallas, TX 75001",July
240370,Macbook Pro Laptop,1,1700.0,2019-08-11 13:24:00,"937 Johnson St, Dallas, TX 75001",August
240248,Macbook Pro Laptop,1,1700.0,2019-08-10 21:25:00,"123 Chestnut St, San Francisco, CA 94016",August
251754,Macbook Pro Laptop,1,1700.0,2019-09-12 00:07:00,"705 Church St, Los Angeles, CA 90001",September
248634,Macbook Pro Laptop,1,1700.0,2019-09-27 14:22:00,"648 Adams St, San Francisco, CA 94016",September
281268,Macbook Pro Laptop,1,1700.0,2019-11-17 15:00:00,"6 14th St, New York City, NY 10001",November
279665,Macbook Pro Laptop,1,1700.0,2019-11-11 09:39:00,"281 Meadow St, San Francisco, CA 94016",November
299244,Macbook Pro Laptop,1,1700.0,2019-12-24 22:26:00,"117 Lakeview St, San Francisco, CA 94016",December
319049,Macbook Pro Laptop,1,1700.0,2019-12-23 18:23:00,"239 Adams St, San Francisco, CA 94016",December
314677,Macbook Pro Laptop,1,1700.0,2019-12-24 09:48:00,"44 Forest St, San Francisco, CA 94016",December
311249,Macbook Pro Laptop,1,1700.0,2019-12-16 09:20:00,"927 Willow St, New York City, NY 10001",December
296536,Macbook Pro Laptop,1,1700.0,2019-12-27 14:17:00,"453 Ridge St, San Francisco, CA 94016",December
315057,Macbook Pro Laptop,1,1700.0,2019-12-11 14:43:00,"542 Cedar St, San Francisco, CA 94016",December
316751,Macbook Pro Laptop,1,1700.0,2019-12-20 01:58:00,"731 Highland St, Atlanta, GA 30301",December
299984,Macbook Pro Laptop,1,1700.0,2019-12-20 09:33:00,"590 Pine St, New York City, NY 10001",December
303683,Macbook Pro Laptop,1,1700.0,2019-12-26 16:13:00,"828 Willow St, Seattle, WA 98101",December
314781,Macbook Pro Laptop,1,1700.0,2019-12-21 14:11:00,"685 1st St, Boston, MA 02215",December
306685,Macbook Pro Laptop,1,1700.0,2019-12-02 13:28:00,"638 Park St, Atlanta, GA 30301",December
308265,Macbook Pro Laptop,1,1700.0,2019-12-26 15:19:00,"773 6th St, San Francisco, CA 94016",December
316448,Macbook Pro Laptop,1,1700.0,2019-12-05 10:32:00,"882 13th St, Atlanta, GA 30301",December
319172,Macbook Pro Laptop,1,1700.0,2019-12-02 16:52:00,"854 Hill St, Los Angeles, CA 90001",December
315266,Macbook Pro Laptop,1,1700.0,2019-12-03 09:49:00,"806 Washington St, Portland, OR 97035",December
305081,Macbook Pro Laptop,1,1700.0,2019-12-03 17:36:00,"66 Highland St, New York City, NY 10001",December
314814,Macbook Pro Laptop,1,1700.0,2019-12-26 08:47:00,"196 Elm St, New York City, NY 10001",December
297084,Macbook Pro Laptop,1,1700.0,2019-12-22 19:48:00,"712 Lakeview St, Los Angeles, CA 90001",December
307817,Macbook Pro Laptop,1,1700.0,2019-12-09 17:44:00,"968 Maple St, Portland, OR 97035",December
314837,Macbook Pro Laptop,1,1700.0,2019-12-30 20:29:00,"928 Center St, Los Angeles, CA 90001",December
318154,Macbook Pro Laptop,1,1700.0,2019-12-06 16:10:00,"993 Johnson St, Los Angeles, CA 90001",December
305772,Macbook Pro Laptop,1,1700.0,2019-12-10 11:54:00,"223 Center St, Boston, MA 02215",December
306723,Macbook Pro Laptop,1,1700.0,2019-12-16 11:41:00,"497 Walnut St, San Francisco, CA 94016",December
307676,Macbook Pro Laptop,1,1700.0,2019-12-10 11:27:00,"985 Jackson St, Boston, MA 02215",December
319132,Macbook Pro Laptop,1,1700.0,2019-12-06 21:10:00,"301 2nd St, San Francisco, CA 94016",December
319183,Macbook Pro Laptop,1,1700.0,2019-12-01 12:34:00,"405 North St, New York City, NY 10001",December
306084,Macbook Pro Laptop,1,1700.0,2019-12-23 21:10:00,"321 11th St, Los Angeles, CA 90001",December
306907,Macbook Pro Laptop,1,1700.0,2019-12-29 01:15:00,"481 South St, Los Angeles, CA 90001",December
295717,Macbook Pro Laptop,1,1700.0,2019-12-25 09:51:00,"82 10th St, San Francisco, CA 94016",December
299637,Macbook Pro Laptop,1,1700.0,2019-12-03 17:23:00,"589 Walnut St, New York City, NY 10001",December
299861,Macbook Pro Laptop,1,1700.0,2019-12-18 07:37:00,"163 Main St, Seattle, WA 98101",December
304628,Macbook Pro Laptop,1,1700.0,2019-12-24 11:30:00,"87 Lincoln St, San Francisco, CA 94016",December
300426,Macbook Pro Laptop,1,1700.0,2019-12-08 23:30:00,"78 Johnson St, New York City, NY 10001",December
302555,Macbook Pro Laptop,1,1700.0,2019-12-18 16:07:00,"507 Lake St, Los Angeles, CA 90001",December
304708,Macbook Pro Laptop,1,1700.0,2019-12-01 13:59:00,"619 Hickory St, Los Angeles, CA 90001",December
306744,Macbook Pro Laptop,1,1700.0,2019-12-16 21:51:00,"652 9th St, Seattle, WA 98101",December
314045,Macbook Pro Laptop,1,1700.0,2019-12-05 21:51:00,"457 4th St, San Francisco, CA 94016",December
315334,Macbook Pro Laptop,1,1700.0,2019-12-06 07:10:00,"295 North St, Seattle, WA 98101",December
316342,Macbook Pro Laptop,1,1700.0,2019-12-29 19:21:00,"690 Jefferson St, Dallas, TX 75001",December
304243,Macbook Pro Laptop,1,1700.0,2019-12-03 14:39:00,"766 Park St, Los Angeles, CA 90001",December
305273,Macbook Pro Laptop,1,1700.0,2019-12-28 14:09:00,"236 10th St, San Francisco, CA 94016",December
149564,Macbook Pro Laptop,1,1700.0,2019-01-01 18:39:00,"794 Meadow St, San Francisco, CA 94016",January
145797,Macbook Pro Laptop,1,1700.0,2019-01-30 18:46:00,"738 Pine St, Boston, MA 02215",January
148896,Macbook Pro Laptop,1,1700.0,2019-01-31 17:58:00,"835 River St, New York City, NY 10001",January
150480,Macbook Pro Laptop,1,1700.0,2019-01-27 16:00:00,"833 Cherry St, Los Angeles, CA 90001",January
149093,Macbook Pro Laptop,1,1700.0,2019-01-09 21:03:00,"829 River St, Boston, MA 02215",January
150060,Macbook Pro Laptop,1,1700.0,2019-01-20 10:37:00,"454 Jefferson St, Austin, TX 73301",January
142738,Macbook Pro Laptop,1,1700.0,2019-01-06 17:42:00,"171 Highland St, Seattle, WA 98101",January
145335,Macbook Pro Laptop,1,1700.0,2019-01-11 22:35:00,"735 Forest St, New York City, NY 10001",January
142228,Macbook Pro Laptop,1,1700.0,2019-01-22 11:37:00,"639 Lakeview St, San Francisco, CA 94016",January
144451,Macbook Pro Laptop,1,1700.0,2019-01-15 11:59:00,"608 Hickory St, New York City, NY 10001",January
149874,Macbook Pro Laptop,1,1700.0,2019-01-29 20:05:00,"976 Lincoln St, Los Angeles, CA 90001",January
144258,Macbook Pro Laptop,1,1700.0,2019-01-25 21:36:00,"650 13th St, New York City, NY 10001",January
148926,Macbook Pro Laptop,1,1700.0,2019-01-28 17:28:00,"565 Jefferson St, New York City, NY 10001",January
143815,Macbook Pro Laptop,1,1700.0,2019-01-29 15:08:00,"391 10th St, Seattle, WA 98101",January
144364,Macbook Pro Laptop,1,1700.0,2019-01-20 08:31:00,"190 10th St, San Francisco, CA 94016",January
145878,Macbook Pro Laptop,1,1700.0,2019-01-01 07:48:00,"456 5th St, Los Angeles, CA 90001",January
148656,Macbook Pro Laptop,1,1700.0,2019-01-04 11:46:00,"569 River St, Los Angeles, CA 90001",January
148803,Macbook Pro Laptop,1,1700.0,2019-01-23 18:25:00,"258 4th St, New York City, NY 10001",January
149887,Macbook Pro Laptop,1,1700.0,2019-01-27 18:17:00,"783 Madison St, San Francisco, CA 94016",January
146418,Macbook Pro Laptop,1,1700.0,2019-01-31 19:31:00,"314 Elm St, Boston, MA 02215",January
141584,Macbook Pro Laptop,1,1700.0,2019-01-14 16:51:00,"395 Lake St, New York City, NY 10001",January
149718,Macbook Pro Laptop,1,1700.0,2019-01-26 11:18:00,"446 Johnson St, Los Angeles, CA 90001",January
146247,Macbook Pro Laptop,1,1700.0,2019-01-11 00:29:00,"910 12th St, New York City, NY 10001",January
143019,Macbook Pro Laptop,1,1700.0,2019-01-18 12:41:00,"195 South St, Atlanta, GA 30301",January
141731,Macbook Pro Laptop,1,1700.0,2019-01-29 19:24:00,"916 Forest St, San Francisco, CA 94016",January
142673,Macbook Pro Laptop,1,1700.0,2019-01-25 07:38:00,"985 Jefferson St, San Francisco, CA 94016",January
142796,Macbook Pro Laptop,1,1700.0,2019-01-14 21:06:00,"39 Hill St, Boston, MA 02215",January
146717,Macbook Pro Laptop,1,1700.0,2019-01-23 08:00:00,"657 Highland St, Atlanta, GA 30301",January
142356,Macbook Pro Laptop,1,1700.0,2019-01-23 12:54:00,"763 Hill St, Dallas, TX 75001",January
148218,Macbook Pro Laptop,1,1700.0,2019-01-21 16:02:00,"868 5th St, New York City, NY 10001",January
142354,Macbook Pro Laptop,1,1700.0,2019-01-27 11:09:00,"3 Chestnut St, San Francisco, CA 94016",January
144895,Macbook Pro Laptop,1,1700.0,2019-01-11 17:35:00,"412 Madison St, Seattle, WA 98101",January
144740,Macbook Pro Laptop,1,1700.0,2019-01-30 21:14:00,"875 2nd St, Dallas, TX 75001",January
149268,Macbook Pro Laptop,1,1700.0,2019-01-11 15:45:00,"47 West St, Seattle, WA 98101",January
147848,Macbook Pro Laptop,1,1700.0,2019-01-15 20:44:00,"137 South St, San Francisco, CA 94016",January
142562,Macbook Pro Laptop,1,1700.0,2019-01-29 21:45:00,"448 11th St, New York City, NY 10001",January
150063,Macbook Pro Laptop,1,1700.0,2019-01-22 02:29:00,"92 5th St, Austin, TX 73301",January
145989,Macbook Pro Laptop,1,1700.0,2019-01-26 10:40:00,"596 Willow St, San Francisco, CA 94016",January
147884,Macbook Pro Laptop,1,1700.0,2019-01-22 10:13:00,"156 10th St, Austin, TX 73301",January
147080,Macbook Pro Laptop,1,1700.0,2019-01-25 10:10:00,"827 Lakeview St, Portland, OR 97035",January
150956,Macbook Pro Laptop,1,1700.0,2019-02-12 01:32:00,"915 Meadow St, Portland, OR 97035",February
155192,Macbook Pro Laptop,1,1700.0,2019-02-16 16:06:00,"473 Sunset St, Dallas, TX 75001",February
159837,Macbook Pro Laptop,1,1700.0,2019-02-13 16:26:00,"207 Jefferson St, Los Angeles, CA 90001",February
160970,Macbook Pro Laptop,1,1700.0,2019-02-04 08:14:00,"450 Lincoln St, New York City, NY 10001",February
161319,Macbook Pro Laptop,1,1700.0,2019-02-22 11:48:00,"962 Ridge St, San Francisco, CA 94016",February
160773,Macbook Pro Laptop,1,1700.0,2019-02-18 19:06:00,"808 Forest St, Boston, MA 02215",February
157058,Macbook Pro Laptop,1,1700.0,2019-02-18 10:44:00,"921 6th St, San Francisco, CA 94016",February
158085,Macbook Pro Laptop,1,1700.0,2019-02-05 16:50:00,"773 Chestnut St, Los Angeles, CA 90001",February
161055,Macbook Pro Laptop,1,1700.0,2019-02-05 15:42:00,"235 River St, San Francisco, CA 94016",February
156701,Macbook Pro Laptop,1,1700.0,2019-02-27 10:29:00,"751 Willow St, Dallas, TX 75001",February
157725,Macbook Pro Laptop,1,1700.0,2019-02-19 14:45:00,"125 West St, San Francisco, CA 94016",February
159470,Macbook Pro Laptop,1,1700.0,2019-02-13 16:51:00,"475 Madison St, San Francisco, CA 94016",February
161056,Macbook Pro Laptop,1,1700.0,2019-02-14 09:32:00,"251 Forest St, San Francisco, CA 94016",February
151690,Macbook Pro Laptop,1,1700.0,2019-02-03 16:19:00,"723 Spruce St, Atlanta, GA 30301",February
153193,Macbook Pro Laptop,1,1700.0,2019-02-04 19:06:00,"724 9th St, Los Angeles, CA 90001",February
161845,Macbook Pro Laptop,1,1700.0,2019-02-26 20:57:00,"674 Spruce St, Los Angeles, CA 90001",February
151477,Macbook Pro Laptop,1,1700.0,2019-02-16 20:59:00,"190 Pine St, New York City, NY 10001",February
156152,Macbook Pro Laptop,1,1700.0,2019-02-26 17:12:00,"980 Ridge St, San Francisco, CA 94016",February
157982,Macbook Pro Laptop,1,1700.0,2019-02-24 18:09:00,"123 Lakeview St, San Francisco, CA 94016",February
153121,Macbook Pro Laptop,1,1700.0,2019-02-22 23:49:00,"344 Highland St, Los Angeles, CA 90001",February
161402,Macbook Pro Laptop,1,1700.0,2019-02-21 03:38:00,"607 8th St, San Francisco, CA 94016",February
151583,Macbook Pro Laptop,1,1700.0,2019-02-09 22:50:00,"510 Maple St, San Francisco, CA 94016",February
155896,Macbook Pro Laptop,1,1700.0,2019-02-11 23:33:00,"389 Maple St, Portland, OR 97035",February
155994,Macbook Pro Laptop,1,1700.0,2019-02-28 21:08:00,"419 Johnson St, Boston, MA 02215",February
159279,Macbook Pro Laptop,1,1700.0,2019-02-24 20:18:00,"122 Lincoln St, Boston, MA 02215",February
152360,Macbook Pro Laptop,1,1700.0,2019-02-14 13:35:00,"634 6th St, Los Angeles, CA 90001",February
153575,Macbook Pro Laptop,1,1700.0,2019-02-13 21:47:00,"74 Willow St, Austin, TX 73301",February
156161,Macbook Pro Laptop,1,1700.0,2019-02-13 21:31:00,"494 4th St, Los Angeles, CA 90001",February
157721,Macbook Pro Laptop,1,1700.0,2019-02-27 18:29:00,"113 Dogwood St, San Francisco, CA 94016",February
153976,Macbook Pro Laptop,1,1700.0,2019-02-15 14:29:00,"592 Hill St, Los Angeles, CA 90001",February
160661,Macbook Pro Laptop,1,1700.0,2019-02-05 21:14:00,"562 Meadow St, Atlanta, GA 30301",February
161671,Macbook Pro Laptop,1,1700.0,2019-02-15 20:47:00,"425 Hill St, Dallas, TX 75001",February
151602,Macbook Pro Laptop,1,1700.0,2019-02-04 17:48:00,"592 4th St, Seattle, WA 98101",February
153798,Macbook Pro Laptop,1,1700.0,2019-02-28 08:55:00,"256 8th St, San Francisco, CA 94016",February
153991,Macbook Pro Laptop,1,1700.0,2019-02-09 16:36:00,"127 Adams St, San Francisco, CA 94016",February
154702,Macbook Pro Laptop,1,1700.0,2019-02-27 15:53:00,"690 6th St, San Francisco, CA 94016",February
157386,Macbook Pro Laptop,1,1700.0,2019-02-08 19:15:00,"170 Jackson St, San Francisco, CA 94016",February
158417,Macbook Pro Laptop,1,1700.0,2019-02-26 00:55:00,"696 9th St, Portland, OR 97035",February
154512,Macbook Pro Laptop,1,1700.0,2019-02-02 23:21:00,"90 Park St, San Francisco, CA 94016",February
158640,Macbook Pro Laptop,1,1700.0,2019-02-18 13:30:00,"519 River St, San Francisco, CA 94016",February
159296,Macbook Pro Laptop,1,1700.0,2019-02-07 16:18:00,"614 1st St, Atlanta, GA 30301",February
159800,Macbook Pro Laptop,1,1700.0,2019-02-26 16:09:00,"895 9th St, San Francisco, CA 94016",February
153608,Macbook Pro Laptop,1,1700.0,2019-02-25 11:25:00,"396 12th St, Seattle, WA 98101",February
159244,Macbook Pro Laptop,1,1700.0,2019-02-08 11:28:00,"216 Hill St, San Francisco, CA 94016",February
151345,Macbook Pro Laptop,1,1700.0,2019-02-23 16:21:00,"958 8th St, Austin, TX 73301",February
151606,Macbook Pro Laptop,1,1700.0,2019-02-22 00:18:00,"856 13th St, Dallas, TX 75001",February
152087,Macbook Pro Laptop,1,1700.0,2019-02-10 15:38:00,"542 Church St, Seattle, WA 98101",February
154774,Macbook Pro Laptop,1,1700.0,2019-02-24 07:44:00,"583 Chestnut St, Los Angeles, CA 90001",February
151344,Macbook Pro Laptop,1,1700.0,2019-02-27 12:29:00,"512 Adams St, Seattle, WA 98101",February
155240,Macbook Pro Laptop,1,1700.0,2019-02-08 11:58:00,"405 Sunset St, San Francisco, CA 94016",February
159015,Macbook Pro Laptop,1,1700.0,2019-02-21 18:21:00,"845 8th St, Atlanta, GA 30301",February
150545,Macbook Pro Laptop,1,1700.0,2019-02-25 20:35:00,"905 Meadow St, Atlanta, GA 30301",February
151873,Macbook Pro Laptop,1,1700.0,2019-02-18 10:01:00,"967 Meadow St, San Francisco, CA 94016",February
159727,Macbook Pro Laptop,1,1700.0,2019-02-17 12:55:00,"379 Willow St, New York City, NY 10001",February
156286,Macbook Pro Laptop,1,1700.0,2019-02-21 11:47:00,"592 Main St, New York City, NY 10001",February
159503,Macbook Pro Laptop,1,1700.0,2019-02-09 14:32:00,"844 12th St, Seattle, WA 98101",February
151101,Macbook Pro Laptop,1,1700.0,2019-02-25 21:46:00,"580 11th St, Seattle, WA 98101",February
161368,Macbook Pro Laptop,1,1700.0,2019-02-14 21:27:00,"443 Center St, Portland, OR 97035",February
175641,Macbook Pro Laptop,1,1700.0,2019-03-21 07:24:00,"811 9th St, New York City, NY 10001",March
167081,Macbook Pro Laptop,1,1700.0,2019-03-17 19:28:00,"796 Park St, San Francisco, CA 94016",March
170354,Macbook Pro Laptop,1,1700.0,2019-03-30 17:31:00,"692 Sunset St, Austin, TX 73301",March
171182,Macbook Pro Laptop,1,1700.0,2019-03-18 18:03:00,"952 14th St, Seattle, WA 98101",March
168353,Macbook Pro Laptop,1,1700.0,2019-03-20 12:49:00,"915 Spruce St, Atlanta, GA 30301",March
169374,Macbook Pro Laptop,1,1700.0,2019-03-06 13:15:00,"692 Willow St, San Francisco, CA 94016",March
169128,Macbook Pro Laptop,1,1700.0,2019-03-07 13:13:00,"422 Center St, Boston, MA 02215",March
170836,Macbook Pro Laptop,1,1700.0,2019-03-26 14:51:00,"932 Sunset St, Seattle, WA 98101",March
173458,Macbook Pro Laptop,1,1700.0,2019-03-13 08:22:00,"307 Church St, San Francisco, CA 94016",March
162035,Macbook Pro Laptop,1,1700.0,2019-03-08 13:07:00,"44 4th St, Los Angeles, CA 90001",March
163038,Macbook Pro Laptop,1,1700.0,2019-03-07 10:23:00,"700 Pine St, San Francisco, CA 94016",March
168386,Macbook Pro Laptop,1,1700.0,2019-03-02 23:59:00,"865 West St, Los Angeles, CA 90001",March
170567,Macbook Pro Laptop,1,1700.0,2019-03-09 15:13:00,"226 9th St, San Francisco, CA 94016",March
174878,Macbook Pro Laptop,1,1700.0,2019-03-16 20:22:00,"849 Church St, Portland, OR 97035",March
162546,Macbook Pro Laptop,1,1700.0,2019-03-05 00:39:00,"114 1st St, New York City, NY 10001",March
163428,Macbook Pro Laptop,1,1700.0,2019-03-22 13:21:00,"432 North St, San Francisco, CA 94016",March
168140,Macbook Pro Laptop,1,1700.0,2019-03-01 11:04:00,"636 Wilson St, Austin, TX 73301",March
174358,Macbook Pro Laptop,1,1700.0,2019-03-28 20:20:00,"290 14th St, Boston, MA 02215",March
165000,Macbook Pro Laptop,1,1700.0,2019-03-24 20:07:00,"630 Washington St, New York City, NY 10001",March
168901,Macbook Pro Laptop,1,1700.0,2019-03-18 10:30:00,"502 13th St, Los Angeles, CA 90001",March
174397,Macbook Pro Laptop,1,1700.0,2019-03-21 13:45:00,"476 6th St, San Francisco, CA 94016",March
170952,Macbook Pro Laptop,1,1700.0,2019-03-25 20:13:00,"96 Hickory St, Dallas, TX 75001",March
162233,Macbook Pro Laptop,1,1700.0,2019-03-29 19:32:00,"944 Ridge St, Seattle, WA 98101",March
168846,Macbook Pro Laptop,1,1700.0,2019-03-26 19:39:00,"589 10th St, San Francisco, CA 94016",March
170260,Macbook Pro Laptop,1,1700.0,2019-03-02 07:16:00,"181 Johnson St, San Francisco, CA 94016",March
172482,Macbook Pro Laptop,1,1700.0,2019-03-25 23:07:00,"127 Park St, Los Angeles, CA 90001",March
173488,Macbook Pro Laptop,1,1700.0,2019-03-10 19:05:00,"627 Main St, New York City, NY 10001",March
167403,Macbook Pro Laptop,1,1700.0,2019-03-13 07:41:00,"343 Sunset St, Boston, MA 02215",March
162747,Macbook Pro Laptop,1,1700.0,2019-03-28 12:00:00,"125 13th St, Portland, OR 97035",March
164398,Macbook Pro Laptop,1,1700.0,2019-03-07 19:07:00,"791 North St, San Francisco, CA 94016",March
172397,Macbook Pro Laptop,1,1700.0,2019-03-21 12:54:00,"599 11th St, San Francisco, CA 94016",March
175122,Macbook Pro Laptop,1,1700.0,2019-03-22 19:31:00,"149 13th St, Los Angeles, CA 90001",March
167397,Macbook Pro Laptop,1,1700.0,2019-03-22 12:49:00,"130 Center St, New York City, NY 10001",March
171296,Macbook Pro Laptop,1,1700.0,2019-03-04 14:49:00,"751 6th St, Portland, OR 97035",March
172916,Macbook Pro Laptop,1,1700.0,2019-03-23 04:15:00,"159 Dogwood St, Boston, MA 02215",March
163603,Macbook Pro Laptop,1,1700.0,2019-03-29 18:48:00,"803 Cedar St, Seattle, WA 98101",March
166913,Macbook Pro Laptop,1,1700.0,2019-03-21 20:32:00,"780 Hickory St, Los Angeles, CA 90001",March
175543,Macbook Pro Laptop,1,1700.0,2019-03-11 18:20:00,"220 Main St, Seattle, WA 98101",March
173516,Macbook Pro Laptop,1,1700.0,2019-03-19 21:28:00,"921 13th St, Atlanta, GA 30301",March
167712,Macbook Pro Laptop,1,1700.0,2019-03-05 00:57:00,"651 North St, Atlanta, GA 30301",March
169914,Macbook Pro Laptop,1,1700.0,2019-03-23 10:34:00,"706 Hill St, Dallas, TX 75001",March
165104,Macbook Pro Laptop,1,1700.0,2019-03-29 23:58:00,"437 North St, San Francisco, CA 94016",March
174269,Macbook Pro Laptop,1,1700.0,2019-03-15 18:40:00,"279 Park St, Dallas, TX 75001",March
175780,Macbook Pro Laptop,1,1700.0,2019-03-31 11:47:00,"790 Ridge St, Los Angeles, CA 90001",March
171716,Macbook Pro Laptop,1,1700.0,2019-03-18 16:30:00,"77 5th St, Los Angeles, CA 90001",March
165197,Macbook Pro Laptop,1,1700.0,2019-03-22 22:44:00,"653 River St, Atlanta, GA 30301",March
166663,Macbook Pro Laptop,1,1700.0,2019-03-29 21:17:00,"411 Highland St, Los Angeles, CA 90001",March
173427,Macbook Pro Laptop,1,1700.0,2019-03-13 16:33:00,"654 Hill St, Los Angeles, CA 90001",March
162064,Macbook Pro Laptop,1,1700.0,2019-03-05 09:00:00,"414 Willow St, San Francisco, CA 94016",March
162849,Macbook Pro Laptop,1,1700.0,2019-03-17 09:13:00,"409 Lake St, San Francisco, CA 94016",March
164219,Macbook Pro Laptop,1,1700.0,2019-03-09 11:28:00,"153 6th St, Los Angeles, CA 90001",March
174288,Macbook Pro Laptop,1,1700.0,2019-03-26 16:13:00,"458 Willow St, San Francisco, CA 94016",March
163007,Macbook Pro Laptop,1,1700.0,2019-03-29 11:26:00,"981 Elm St, Los Angeles, CA 90001",March
172267,Macbook Pro Laptop,1,1700.0,2019-03-25 10:12:00,"473 Ridge St, Atlanta, GA 30301",March
176008,Macbook Pro Laptop,1,1700.0,2019-03-09 20:05:00,"122 Chestnut St, Portland, OR 97035",March
165915,Macbook Pro Laptop,1,1700.0,2019-03-17 21:25:00,"613 Maple St, Atlanta, GA 30301",March
175399,Macbook Pro Laptop,1,1700.0,2019-03-31 08:36:00,"605 2nd St, Dallas, TX 75001",March
175447,Macbook Pro Laptop,1,1700.0,2019-03-25 07:00:00,"325 Center St, San Francisco, CA 94016",March
163360,Macbook Pro Laptop,1,1700.0,2019-03-16 19:30:00,"518 Cherry St, Boston, MA 02215",March
166726,Macbook Pro Laptop,1,1700.0,2019-03-07 20:19:00,"573 7th St, Seattle, WA 98101",March
172593,Macbook Pro Laptop,1,1700.0,2019-03-25 19:13:00,"81 Lakeview St, San Francisco, CA 94016",March
168733,Macbook Pro Laptop,1,1700.0,2019-03-22 19:30:00,"970 4th St, Los Angeles, CA 90001",March
173577,Macbook Pro Laptop,1,1700.0,2019-03-14 14:43:00,"76 10th St, Dallas, TX 75001",March
169369,Macbook Pro Laptop,1,1700.0,2019-03-30 18:34:00,"986 Cedar St, Austin, TX 73301",March
175014,Macbook Pro Laptop,1,1700.0,2019-03-20 13:42:00,"424 Jefferson St, New York City, NY 10001",March
189089,Macbook Pro Laptop,1,1700.0,2019-04-13 22:00:00,"704 Maple St, San Francisco, CA 94016",April
191550,Macbook Pro Laptop,1,1700.0,2019-04-18 01:11:00,"17 Church St, Boston, MA 02215",April
177313,Macbook Pro Laptop,1,1700.0,2019-04-11 17:19:00,"317 Madison St, San Francisco, CA 94016",April
188090,Macbook Pro Laptop,1,1700.0,2019-04-28 11:04:00,"194 Center St, Los Angeles, CA 90001",April
192697,Macbook Pro Laptop,1,1700.0,2019-04-26 16:43:00,"810 7th St, Boston, MA 02215",April
181247,Macbook Pro Laptop,1,1700.0,2019-04-18 01:27:00,"513 10th St, San Francisco, CA 94016",April
193600,Macbook Pro Laptop,1,1700.0,2019-04-23 22:12:00,"71 Cherry St, Portland, OR 97035",April
189269,Macbook Pro Laptop,1,1700.0,2019-04-26 21:05:00,"596 Lakeview St, New York City, NY 10001",April
190128,Macbook Pro Laptop,1,1700.0,2019-04-29 11:21:00,"655 North St, New York City, NY 10001",April
193004,Macbook Pro Laptop,1,1700.0,2019-04-19 22:58:00,"797 Dogwood St, San Francisco, CA 94016",April
180964,Macbook Pro Laptop,1,1700.0,2019-04-27 09:56:00,"937 14th St, San Francisco, CA 94016",April
188747,Macbook Pro Laptop,1,1700.0,2019-04-20 00:23:00,"336 Park St, Boston, MA 02215",April
184651,Macbook Pro Laptop,1,1700.0,2019-04-25 09:21:00,"429 Ridge St, Atlanta, GA 30301",April
187496,Macbook Pro Laptop,1,1700.0,2019-04-12 15:12:00,"645 Maple St, New York City, NY 10001",April
191828,Macbook Pro Laptop,1,1700.0,2019-04-08 15:07:00,"119 West St, Portland, OR 97035",April
184137,Macbook Pro Laptop,1,1700.0,2019-04-23 15:43:00,"689 Center St, New York City, NY 10001",April
180431,Macbook Pro Laptop,1,1700.0,2019-04-01 21:40:00,"746 12th St, Austin, TX 73301",April
180598,Macbook Pro Laptop,1,1700.0,2019-04-24 11:49:00,"772 Ridge St, Los Angeles, CA 90001",April
187974,Macbook Pro Laptop,1,1700.0,2019-04-03 10:58:00,"325 Wilson St, Los Angeles, CA 90001",April
186306,Macbook Pro Laptop,1,1700.0,2019-04-14 19:52:00,"447 12th St, Atlanta, GA 30301",April
186492,Macbook Pro Laptop,1,1700.0,2019-04-07 23:34:00,"606 7th St, New York City, NY 10001",April
179158,Macbook Pro Laptop,1,1700.0,2019-04-03 17:29:00,"737 Cherry St, Los Angeles, CA 90001",April
179400,Macbook Pro Laptop,1,1700.0,2019-04-09 07:05:00,"959 Main St, Atlanta, GA 30301",April
180208,Macbook Pro Laptop,1,1700.0,2019-04-04 12:19:00,"800 Center St, New York City, NY 10001",April
183981,Macbook Pro Laptop,1,1700.0,2019-04-29 14:18:00,"353 Adams St, Los Angeles, CA 90001",April
190971,Macbook Pro Laptop,1,1700.0,2019-04-24 09:27:00,"687 Park St, Los Angeles, CA 90001",April
191044,Macbook Pro Laptop,1,1700.0,2019-04-06 09:51:00,"503 Sunset St, Seattle, WA 98101",April
177863,Macbook Pro Laptop,1,1700.0,2019-04-29 16:22:00,"385 Lincoln St, San Francisco, CA 94016",April
182437,Macbook Pro Laptop,1,1700.0,2019-04-18 11:56:00,"782 Willow St, Boston, MA 02215",April
190424,Macbook Pro Laptop,1,1700.0,2019-04-11 12:13:00,"806 Meadow St, San Francisco, CA 94016",April
191041,Macbook Pro Laptop,1,1700.0,2019-04-20 11:43:00,"15 West St, San Francisco, CA 94016",April
191626,Macbook Pro Laptop,1,1700.0,2019-04-18 20:38:00,"178 Chestnut St, Boston, MA 02215",April
181893,Macbook Pro Laptop,1,1700.0,2019-04-20 21:15:00,"286 11th St, New York City, NY 10001",April
180921,Macbook Pro Laptop,1,1700.0,2019-04-26 16:29:00,"318 River St, Seattle, WA 98101",April
181481,Macbook Pro Laptop,1,1700.0,2019-04-07 06:54:00,"282 Cedar St, Dallas, TX 75001",April
184819,Macbook Pro Laptop,1,1700.0,2019-04-04 10:21:00,"587 Lakeview St, San Francisco, CA 94016",April
186296,Macbook Pro Laptop,1,1700.0,2019-04-04 15:16:00,"491 4th St, San Francisco, CA 94016",April
188327,Macbook Pro Laptop,1,1700.0,2019-04-17 17:17:00,"660 Chestnut St, Los Angeles, CA 90001",April
190375,Macbook Pro Laptop,1,1700.0,2019-04-30 00:17:00,"8 Lincoln St, Portland, OR 97035",April
183179,Macbook Pro Laptop,1,1700.0,2019-04-03 17:27:00,"519 5th St, San Francisco, CA 94016",April
184386,Macbook Pro Laptop,1,1700.0,2019-04-09 15:03:00,"807 Willow St, Los Angeles, CA 90001",April
179281,Macbook Pro Laptop,1,1700.0,2019-04-25 16:06:00,"835 13th St, San Francisco, CA 94016",April
184626,Macbook Pro Laptop,1,1700.0,2019-04-04 15:34:00,"126 Main St, Boston, MA 02215",April
180918,Macbook Pro Laptop,1,1700.0,2019-04-24 23:05:00,"960 Wilson St, Dallas, TX 75001",April
186484,Macbook Pro Laptop,1,1700.0,2019-04-24 16:42:00,"184 10th St, San Francisco, CA 94016",April
187481,Macbook Pro Laptop,1,1700.0,2019-04-13 09:18:00,"979 Forest St, Seattle, WA 98101",April
188466,Macbook Pro Laptop,1,1700.0,2019-04-21 19:38:00,"133 Main St, Portland, OR 97035",April
181857,Macbook Pro Laptop,1,1700.0,2019-04-05 17:33:00,"355 Willow St, San Francisco, CA 94016",April
185090,Macbook Pro Laptop,1,1700.0,2019-04-15 09:21:00,"255 Sunset St, Seattle, WA 98101",April
186557,Macbook Pro Laptop,1,1700.0,2019-04-18 20:35:00,"755 Willow St, Portland, OR 97035",April
189774,Macbook Pro Laptop,1,1700.0,2019-04-28 09:26:00,"673 Elm St, Portland, OR 97035",April
189477,Macbook Pro Laptop,1,1700.0,2019-04-11 21:31:00,"445 Walnut St, New York City, NY 10001",April
189951,Macbook Pro Laptop,1,1700.0,2019-04-30 19:26:00,"969 13th St, Portland, OR 97035",April
176687,Macbook Pro Laptop,1,1700.0,2019-04-30 10:26:00,"121 Wilson St, Los Angeles, CA 90001",April
177550,Macbook Pro Laptop,1,1700.0,2019-04-27 20:15:00,"506 Lincoln St, Dallas, TX 75001",April
181581,Macbook Pro Laptop,1,1700.0,2019-04-10 20:50:00,"768 Forest St, Boston, MA 02215",April
190753,Macbook Pro Laptop,1,1700.0,2019-04-20 19:01:00,"590 Cedar St, Boston, MA 02215",April
177216,Macbook Pro Laptop,1,1700.0,2019-04-25 17:45:00,"712 12th St, Atlanta, GA 30301",April
185872,Macbook Pro Laptop,1,1700.0,2019-04-27 20:53:00,"953 Lake St, Los Angeles, CA 90001",April
186698,Macbook Pro Laptop,1,1700.0,2019-04-17 14:09:00,"823 Lincoln St, Los Angeles, CA 90001",April
190460,Macbook Pro Laptop,1,1700.0,2019-04-12 14:16:00,"256 Hill St, San Francisco, CA 94016",April
188785,Macbook Pro Laptop,1,1700.0,2019-04-16 14:38:00,"917 Forest St, New York City, NY 10001",April
189697,Macbook Pro Laptop,1,1700.0,2019-04-08 18:23:00,"789 13th St, Seattle, WA 98101",April
196965,Macbook Pro Laptop,1,1700.0,2019-05-19 20:03:00,"937 Johnson St, San Francisco, CA 94016",May
195182,Macbook Pro Laptop,1,1700.0,2019-05-27 22:14:00,"826 7th St, Dallas, TX 75001",May
197252,Macbook Pro Laptop,1,1700.0,2019-05-28 15:49:00,"725 Forest St, San Francisco, CA 94016",May
200389,Macbook Pro Laptop,1,1700.0,2019-05-16 18:04:00,"394 Maple St, San Francisco, CA 94016",May
198156,Macbook Pro Laptop,1,1700.0,2019-05-22 22:19:00,"420 Main St, New York City, NY 10001",May
204811,Macbook Pro Laptop,1,1700.0,2019-05-27 12:41:00,"113 Ridge St, Los Angeles, CA 90001",May
203785,Macbook Pro Laptop,1,1700.0,2019-05-31 09:11:00,"768 Johnson St, Los Angeles, CA 90001",May
202026,Macbook Pro Laptop,1,1700.0,2019-05-12 14:05:00,"219 Highland St, Boston, MA 02215",May
202857,Macbook Pro Laptop,1,1700.0,2019-05-13 11:21:00,"151 Highland St, New York City, NY 10001",May
207546,Macbook Pro Laptop,1,1700.0,2019-05-23 22:14:00,"701 Chestnut St, Dallas, TX 75001",May
196868,Macbook Pro Laptop,1,1700.0,2019-05-12 10:01:00,"790 6th St, Seattle, WA 98101",May
199492,Macbook Pro Laptop,1,1700.0,2019-05-09 19:46:00,"807 Hickory St, Atlanta, GA 30301",May
200371,Macbook Pro Laptop,1,1700.0,2019-05-29 19:37:00,"71 Lakeview St, San Francisco, CA 94016",May
205215,Macbook Pro Laptop,1,1700.0,2019-05-24 22:56:00,"220 Center St, New York City, NY 10001",May
205688,Macbook Pro Laptop,1,1700.0,2019-05-22 08:15:00,"563 1st St, New York City, NY 10001",May
206746,Macbook Pro Laptop,1,1700.0,2019-05-02 17:08:00,"616 Cherry St, Dallas, TX 75001",May
207320,Macbook Pro Laptop,1,1700.0,2019-05-02 21:04:00,"417 Walnut St, Los Angeles, CA 90001",May
194187,Macbook Pro Laptop,1,1700.0,2019-05-09 18:06:00,"227 Hickory St, San Francisco, CA 94016",May
199965,Macbook Pro Laptop,1,1700.0,2019-05-29 17:14:00,"241 Lake St, Los Angeles, CA 90001",May
206757,Macbook Pro Laptop,1,1700.0,2019-05-26 14:29:00,"293 Dogwood St, Portland, ME 04101",May
194934,Macbook Pro Laptop,1,1700.0,2019-05-12 12:13:00,"66 Jackson St, San Francisco, CA 94016",May
198800,Macbook Pro Laptop,1,1700.0,2019-05-01 06:39:00,"659 Jefferson St, Seattle, WA 98101",May
202710,Macbook Pro Laptop,1,1700.0,2019-05-11 08:09:00,"961 Willow St, New York City, NY 10001",May
203525,Macbook Pro Laptop,1,1700.0,2019-05-03 13:57:00,"848 North St, San Francisco, CA 94016",May
208222,Macbook Pro Laptop,1,1700.0,2019-05-09 20:21:00,"820 Hill St, Boston, MA 02215",May
201002,Macbook Pro Laptop,1,1700.0,2019-05-12 17:37:00,"830 Elm St, Seattle, WA 98101",May
202047,Macbook Pro Laptop,1,1700.0,2019-05-31 20:03:00,"123 14th St, San Francisco, CA 94016",May
203832,Macbook Pro Laptop,1,1700.0,2019-05-11 13:17:00,"70 Lakeview St, Seattle, WA 98101",May
205232,Macbook Pro Laptop,1,1700.0,2019-05-25 17:07:00,"441 River St, Portland, OR 97035",May
206334,Macbook Pro Laptop,1,1700.0,2019-05-10 14:03:00,"772 9th St, Los Angeles, CA 90001",May
207575,Macbook Pro Laptop,1,1700.0,2019-05-04 23:08:00,"832 Hickory St, Los Angeles, CA 90001",May
196987,Macbook Pro Laptop,1,1700.0,2019-05-06 11:23:00,"157 10th St, San Francisco, CA 94016",May
200059,Macbook Pro Laptop,1,1700.0,2019-05-19 09:53:00,"746 Adams St, Los Angeles, CA 90001",May
200285,Macbook Pro Laptop,1,1700.0,2019-05-20 17:17:00,"925 Jefferson St, Dallas, TX 75001",May
204797,Macbook Pro Laptop,1,1700.0,2019-05-31 07:55:00,"398 Pine St, Boston, MA 02215",May
204078,Macbook Pro Laptop,1,1700.0,2019-05-03 18:49:00,"415 2nd St, Dallas, TX 75001",May
197237,Macbook Pro Laptop,1,1700.0,2019-05-29 16:21:00,"900 4th St, San Francisco, CA 94016",May
202661,Macbook Pro Laptop,1,1700.0,2019-05-10 10:12:00,"529 Hickory St, San Francisco, CA 94016",May
204213,Macbook Pro Laptop,1,1700.0,2019-05-20 11:55:00,"574 6th St, San Francisco, CA 94016",May
206629,Macbook Pro Laptop,1,1700.0,2019-05-30 15:02:00,"40 Main St, Boston, MA 02215",May
201704,Macbook Pro Laptop,1,1700.0,2019-05-17 07:03:00,"705 Madison St, New York City, NY 10001",May
198009,Macbook Pro Laptop,1,1700.0,2019-05-20 11:10:00,"565 Lake St, Boston, MA 02215",May
196728,Macbook Pro Laptop,1,1700.0,2019-05-13 09:31:00,"748 Church St, New York City, NY 10001",May
197449,Macbook Pro Laptop,1,1700.0,2019-05-12 09:39:00,"957 Wilson St, Los Angeles, CA 90001",May
205641,Macbook Pro Laptop,1,1700.0,2019-05-05 22:04:00,"361 Dogwood St, Boston, MA 02215",May
206258,Macbook Pro Laptop,1,1700.0,2019-05-19 22:51:00,"141 Maple St, New York City, NY 10001",May
209629,Macbook Pro Laptop,1,1700.0,2019-05-25 23:46:00,"121 7th St, Portland, OR 97035",May
200341,Macbook Pro Laptop,1,1700.0,2019-05-27 12:43:00,"37 South St, Seattle, WA 98101",May
206935,Macbook Pro Laptop,1,1700.0,2019-05-04 12:16:00,"206 Meadow St, New York City, NY 10001",May
209784,Macbook Pro Laptop,1,1700.0,2019-05-24 20:30:00,"848 4th St, San Francisco, CA 94016",May
203527,Macbook Pro Laptop,1,1700.0,2019-05-06 11:33:00,"969 Johnson St, San Francisco, CA 94016",May
209618,Macbook Pro Laptop,1,1700.0,2019-05-04 15:25:00,"381 Hill St, Portland, OR 97035",May
205644,Macbook Pro Laptop,1,1700.0,2019-05-01 15:48:00,"993 Cedar St, San Francisco, CA 94016",May
202313,Macbook Pro Laptop,1,1700.0,2019-05-01 11:48:00,"443 Cedar St, Los Angeles, CA 90001",May
201423,Macbook Pro Laptop,1,1700.0,2019-05-14 12:54:00,"610 13th St, Portland, OR 97035",May
204751,Macbook Pro Laptop,1,1700.0,2019-05-02 15:06:00,"871 South St, New York City, NY 10001",May
205763,Macbook Pro Laptop,1,1700.0,2019-05-04 09:45:00,"346 Center St, San Francisco, CA 94016",May
198738,Macbook Pro Laptop,1,1700.0,2019-05-26 21:12:00,"84 5th St, Dallas, TX 75001",May
199977,Macbook Pro Laptop,1,1700.0,2019-05-05 20:34:00,"741 8th St, San Francisco, CA 94016",May
200218,Macbook Pro Laptop,1,1700.0,2019-05-17 17:16:00,"356 9th St, San Francisco, CA 94016",May
203970,Macbook Pro Laptop,1,1700.0,2019-05-14 08:48:00,"937 13th St, San Francisco, CA 94016",May
209840,Macbook Pro Laptop,1,1700.0,2019-05-19 19:48:00,"530 Forest St, San Francisco, CA 94016",May
196518,Macbook Pro Laptop,1,1700.0,2019-05-31 09:47:00,"299 Ridge St, San Francisco, CA 94016",May
205147,Macbook Pro Laptop,1,1700.0,2019-05-19 12:54:00,"599 Walnut St, San Francisco, CA 94016",May
206974,Macbook Pro Laptop,1,1700.0,2019-05-06 09:55:00,"330 Lake St, San Francisco, CA 94016",May
196547,Macbook Pro Laptop,1,1700.0,2019-05-18 12:40:00,"722 Elm St, Seattle, WA 98101",May
196780,Macbook Pro Laptop,1,1700.0,2019-05-31 10:42:00,"265 Adams St, Boston, MA 02215",May
202399,Macbook Pro Laptop,1,1700.0,2019-05-09 19:46:00,"992 Meadow St, Atlanta, GA 30301",May
206561,Macbook Pro Laptop,1,1700.0,2019-05-24 16:12:00,"258 Dogwood St, San Francisco, CA 94016",May
207253,Macbook Pro Laptop,1,1700.0,2019-05-04 14:52:00,"555 South St, Portland, OR 97035",May
201010,Macbook Pro Laptop,1,1700.0,2019-05-27 18:59:00,"213 Lake St, Atlanta, GA 30301",May
208790,Macbook Pro Laptop,1,1700.0,2019-05-26 17:59:00,"549 Madison St, Atlanta, GA 30301",May
210695,Macbook Pro Laptop,1,1700.0,2019-06-18 07:48:00,"983 River St, Los Angeles, CA 90001",June
211392,Macbook Pro Laptop,1,1700.0,2019-06-18 11:50:00,"782 1st St, San Francisco, CA 94016",June
215976,Macbook Pro Laptop,1,1700.0,2019-06-28 22:23:00,"845 Walnut St, Seattle, WA 98101",June
215134,Macbook Pro Laptop,1,1700.0,2019-06-25 00:21:00,"441 4th St, Atlanta, GA 30301",June
222822,Macbook Pro Laptop,1,1700.0,2019-06-17 00:18:00,"393 Willow St, San Francisco, CA 94016",June
211389,Macbook Pro Laptop,1,1700.0,2019-06-27 18:07:00,"104 Willow St, Portland, OR 97035",June
212696,Macbook Pro Laptop,1,1700.0,2019-06-12 23:33:00,"931 Cherry St, Dallas, TX 75001",June
218599,Macbook Pro Laptop,1,1700.0,2019-06-30 09:17:00,"917 Johnson St, Seattle, WA 98101",June
217781,Macbook Pro Laptop,1,1700.0,2019-06-28 07:24:00,"748 Elm St, Los Angeles, CA 90001",June
210557,Macbook Pro Laptop,1,1700.0,2019-06-13 13:29:00,"239 Maple St, San Francisco, CA 94016",June
210616,Macbook Pro Laptop,1,1700.0,2019-06-20 14:54:00,"913 Ridge St, Los Angeles, CA 90001",June
211877,Macbook Pro Laptop,1,1700.0,2019-06-28 06:37:00,"580 Johnson St, Dallas, TX 75001",June
218399,Macbook Pro Laptop,1,1700.0,2019-06-04 19:37:00,"694 12th St, Atlanta, GA 30301",June
214354,Macbook Pro Laptop,1,1700.0,2019-06-18 12:21:00,"893 Washington St, San Francisco, CA 94016",June
218059,Macbook Pro Laptop,1,1700.0,2019-06-18 11:52:00,"231 11th St, Atlanta, GA 30301",June
210532,Macbook Pro Laptop,1,1700.0,2019-06-13 20:53:00,"802 Lake St, Atlanta, GA 30301",June
213730,Macbook Pro Laptop,1,1700.0,2019-06-15 17:54:00,"783 4th St, Austin, TX 73301",June
213938,Macbook Pro Laptop,1,1700.0,2019-06-14 09:00:00,"480 Hill St, Austin, TX 73301",June
214125,Macbook Pro Laptop,1,1700.0,2019-06-01 16:23:00,"403 Ridge St, Los Angeles, CA 90001",June
221285,Macbook Pro Laptop,1,1700.0,2019-06-15 18:08:00,"564 South St, San Francisco, CA 94016",June
213797,Macbook Pro Laptop,1,1700.0,2019-06-14 09:59:00,"323 Lake St, Atlanta, GA 30301",June
215441,Macbook Pro Laptop,1,1700.0,2019-06-02 19:41:00,"667 Hill St, Los Angeles, CA 90001",June
218355,Macbook Pro Laptop,1,1700.0,2019-06-29 13:20:00,"259 Lake St, Boston, MA 02215",June
210292,Macbook Pro Laptop,2,1700.0,2019-06-08 09:00:00,"953 Ridge St, San Francisco, CA 94016",June
221426,Macbook Pro Laptop,1,1700.0,2019-06-17 20:29:00,"97 Meadow St, Atlanta, GA 30301",June
221985,Macbook Pro Laptop,1,1700.0,2019-06-14 21:53:00,"707 Adams St, Seattle, WA 98101",June
210649,Macbook Pro Laptop,1,1700.0,2019-06-01 20:54:00,"548 Center St, San Francisco, CA 94016",June
216726,Macbook Pro Laptop,1,1700.0,2019-06-20 21:06:00,"122 West St, San Francisco, CA 94016",June
221738,Macbook Pro Laptop,1,1700.0,2019-06-02 20:54:00,"304 West St, Dallas, TX 75001",June
220737,Macbook Pro Laptop,1,1700.0,2019-06-09 13:34:00,"392 Madison St, Los Angeles, CA 90001",June
213521,Macbook Pro Laptop,1,1700.0,2019-06-21 18:38:00,"525 Forest St, San Francisco, CA 94016",June
213729,Macbook Pro Laptop,1,1700.0,2019-06-10 19:17:00,"976 Ridge St, Seattle, WA 98101",June
210030,Macbook Pro Laptop,1,1700.0,2019-06-03 09:11:00,"479 Willow St, Los Angeles, CA 90001",June
211969,Macbook Pro Laptop,1,1700.0,2019-06-11 10:09:00,"821 Adams St, Los Angeles, CA 90001",June
214296,Macbook Pro Laptop,1,1700.0,2019-06-05 21:10:00,"105 7th St, Seattle, WA 98101",June
214435,Macbook Pro Laptop,1,1700.0,2019-06-13 09:21:00,"994 Pine St, San Francisco, CA 94016",June
214663,Macbook Pro Laptop,1,1700.0,2019-06-26 18:11:00,"58 South St, New York City, NY 10001",June
222254,Macbook Pro Laptop,1,1700.0,2019-06-15 11:57:00,"259 Pine St, Los Angeles, CA 90001",June
215040,Macbook Pro Laptop,1,1700.0,2019-06-11 11:34:00,"298 10th St, New York City, NY 10001",June
220719,Macbook Pro Laptop,1,1700.0,2019-06-23 11:44:00,"869 Church St, Dallas, TX 75001",June
215521,Macbook Pro Laptop,1,1700.0,2019-06-19 15:56:00,"231 Johnson St, San Francisco, CA 94016",June
218666,Macbook Pro Laptop,1,1700.0,2019-06-15 14:12:00,"307 10th St, San Francisco, CA 94016",June
211491,Macbook Pro Laptop,1,1700.0,2019-06-30 11:47:00,"43 Ridge St, Atlanta, GA 30301",June
212631,Macbook Pro Laptop,1,1700.0,2019-06-03 16:19:00,"523 Maple St, San Francisco, CA 94016",June
217092,Macbook Pro Laptop,1,1700.0,2019-06-22 08:33:00,"85 Washington St, San Francisco, CA 94016",June
221683,Macbook Pro Laptop,1,1700.0,2019-06-11 19:12:00,"281 Forest St, Austin, TX 73301",June
212988,Macbook Pro Laptop,1,1700.0,2019-06-09 00:20:00,"948 8th St, San Francisco, CA 94016",June
213661,Macbook Pro Laptop,1,1700.0,2019-06-23 14:14:00,"55 Cedar St, Austin, TX 73301",June
218377,Macbook Pro Laptop,1,1700.0,2019-06-15 20:26:00,"676 Willow St, Boston, MA 02215",June
219560,Macbook Pro Laptop,1,1700.0,2019-06-18 20:37:00,"937 6th St, Los Angeles, CA 90001",June
212626,Macbook Pro Laptop,1,1700.0,2019-06-02 01:06:00,"197 Sunset St, New York City, NY 10001",June
215909,Macbook Pro Laptop,1,1700.0,2019-06-09 19:14:00,"377 Hill St, Dallas, TX 75001",June
218572,Macbook Pro Laptop,1,1700.0,2019-06-25 11:02:00,"66 13th St, Boston, MA 02215",June
226589,Macbook Pro Laptop,1,1700.0,2019-07-03 23:38:00,"399 Pine St, San Francisco, CA 94016",July
227955,Macbook Pro Laptop,1,1700.0,2019-07-13 20:23:00,"113 Sunset St, Los Angeles, CA 90001",July
228170,Macbook Pro Laptop,1,1700.0,2019-07-02 23:20:00,"823 Lincoln St, San Francisco, CA 94016",July
229979,Macbook Pro Laptop,1,1700.0,2019-07-21 17:34:00,"482 Madison St, Seattle, WA 98101",July
234931,Macbook Pro Laptop,1,1700.0,2019-07-20 09:20:00,"995 5th St, Atlanta, GA 30301",July
236512,Macbook Pro Laptop,1,1700.0,2019-07-07 17:09:00,"656 1st St, San Francisco, CA 94016",July
225803,Macbook Pro Laptop,1,1700.0,2019-07-21 09:44:00,"768 8th St, Atlanta, GA 30301",July
229966,Macbook Pro Laptop,1,1700.0,2019-07-20 19:40:00,"191 Spruce St, Boston, MA 02215",July
230809,Macbook Pro Laptop,1,1700.0,2019-07-23 08:26:00,"667 Jefferson St, New York City, NY 10001",July
229861,Macbook Pro Laptop,1,1700.0,2019-07-21 01:04:00,"715 Dogwood St, New York City, NY 10001",July
233484,Macbook Pro Laptop,1,1700.0,2019-07-25 17:34:00,"7 11th St, Seattle, WA 98101",July
235625,Macbook Pro Laptop,1,1700.0,2019-07-11 20:26:00,"42 6th St, Portland, OR 97035",July
224353,Macbook Pro Laptop,1,1700.0,2019-07-18 05:28:00,"244 13th St, San Francisco, CA 94016",July
234838,Macbook Pro Laptop,1,1700.0,2019-07-08 11:45:00,"124 Elm St, San Francisco, CA 94016",July
227249,Macbook Pro Laptop,1,1700.0,2019-07-20 15:25:00,"669 9th St, Seattle, WA 98101",July
228116,Macbook Pro Laptop,1,1700.0,2019-07-01 07:36:00,"637 Washington St, Portland, OR 97035",July
232374,Macbook Pro Laptop,1,1700.0,2019-07-24 20:17:00,"262 Dogwood St, San Francisco, CA 94016",July
234442,Macbook Pro Laptop,1,1700.0,2019-07-25 21:03:00,"885 Madison St, Los Angeles, CA 90001",July
235053,Macbook Pro Laptop,1,1700.0,2019-07-25 22:47:00,"476 Jefferson St, Seattle, WA 98101",July
223904,Macbook Pro Laptop,1,1700.0,2019-07-27 02:09:00,"847 Highland St, San Francisco, CA 94016",July
229164,Macbook Pro Laptop,1,1700.0,2019-07-10 19:47:00,"55 Madison St, San Francisco, CA 94016",July
224646,Macbook Pro Laptop,1,1700.0,2019-07-25 15:11:00,"514 Johnson St, Atlanta, GA 30301",July
225900,Macbook Pro Laptop,1,1700.0,2019-07-20 13:43:00,"902 Park St, Atlanta, GA 30301",July
225777,Macbook Pro Laptop,1,1700.0,2019-07-09 10:07:00,"725 12th St, San Francisco, CA 94016",July
234111,Macbook Pro Laptop,1,1700.0,2019-07-31 19:31:00,"885 2nd St, San Francisco, CA 94016",July
236143,Macbook Pro Laptop,1,1700.0,2019-07-13 07:35:00,"19 Ridge St, New York City, NY 10001",July
233563,Macbook Pro Laptop,1,1700.0,2019-07-03 12:30:00,"654 Lincoln St, San Francisco, CA 94016",July
226138,Macbook Pro Laptop,1,1700.0,2019-07-17 10:00:00,"672 South St, Los Angeles, CA 90001",July
235333,Macbook Pro Laptop,1,1700.0,2019-07-01 07:28:00,"726 North St, Portland, OR 97035",July
235552,Macbook Pro Laptop,1,1700.0,2019-07-18 19:10:00,"722 Dogwood St, Boston, MA 02215",July
235967,Macbook Pro Laptop,1,1700.0,2019-07-10 17:23:00,"574 Lake St, Boston, MA 02215",July
225708,Macbook Pro Laptop,1,1700.0,2019-07-20 15:10:00,"530 Washington St, San Francisco, CA 94016",July
236383,Macbook Pro Laptop,1,1700.0,2019-07-03 13:19:00,"125 1st St, San Francisco, CA 94016",July
223386,Macbook Pro Laptop,1,1700.0,2019-07-13 18:05:00,"881 South St, Dallas, TX 75001",July
223584,Macbook Pro Laptop,1,1700.0,2019-07-15 10:22:00,"661 Dogwood St, Seattle, WA 98101",July
224870,Macbook Pro Laptop,1,1700.0,2019-07-22 17:04:00,"74 Church St, Los Angeles, CA 90001",July
228092,Macbook Pro Laptop,1,1700.0,2019-07-01 07:12:00,"835 Cedar St, San Francisco, CA 94016",July
227711,Macbook Pro Laptop,1,1700.0,2019-07-29 22:32:00,"49 1st St, Seattle, WA 98101",July
228702,Macbook Pro Laptop,1,1700.0,2019-07-02 17:34:00,"416 Maple St, Boston, MA 02215",July
232315,Macbook Pro Laptop,1,1700.0,2019-07-22 11:43:00,"738 8th St, New York City, NY 10001",July
223167,Macbook Pro Laptop,1,1700.0,2019-07-21 06:37:00,"76 Sunset St, Portland, OR 97035",July
223633,Macbook Pro Laptop,1,1700.0,2019-07-06 18:55:00,"245 Park St, Los Angeles, CA 90001",July
226548,Macbook Pro Laptop,1,1700.0,2019-07-13 20:12:00,"299 Main St, Dallas, TX 75001",July
228456,Macbook Pro Laptop,1,1700.0,2019-07-30 17:22:00,"73 Park St, Dallas, TX 75001",July
227579,Macbook Pro Laptop,1,1700.0,2019-07-01 20:38:00,"18 Cherry St, San Francisco, CA 94016",July
233258,Macbook Pro Laptop,1,1700.0,2019-07-24 21:36:00,"81 13th St, San Francisco, CA 94016",July
234556,Macbook Pro Laptop,1,1700.0,2019-07-02 09:53:00,"933 Spruce St, Los Angeles, CA 90001",July
223915,Macbook Pro Laptop,1,1700.0,2019-07-10 12:13:00,"836 Dogwood St, Austin, TX 73301",July
226373,Macbook Pro Laptop,1,1700.0,2019-07-04 08:49:00,"495 Church St, Boston, MA 02215",July
229108,Macbook Pro Laptop,1,1700.0,2019-07-15 19:15:00,"191 Park St, Dallas, TX 75001",July
227543,Macbook Pro Laptop,1,1700.0,2019-07-18 07:03:00,"648 Lake St, San Francisco, CA 94016",July
230982,Macbook Pro Laptop,1,1700.0,2019-07-13 11:10:00,"164 10th St, Dallas, TX 75001",July
227181,Macbook Pro Laptop,1,1700.0,2019-07-01 15:40:00,"354 River St, Los Angeles, CA 90001",July
234658,Macbook Pro Laptop,1,1700.0,2019-07-21 13:15:00,"969 8th St, Austin, TX 73301",July
238681,Macbook Pro Laptop,1,1700.0,2019-08-22 13:59:00,"75 Washington St, New York City, NY 10001",August
240977,Macbook Pro Laptop,1,1700.0,2019-08-10 09:07:00,"446 8th St, San Francisco, CA 94016",August
246740,Macbook Pro Laptop,1,1700.0,2019-08-10 16:52:00,"951 1st St, Austin, TX 73301",August
240223,Macbook Pro Laptop,1,1700.0,2019-08-07 10:59:00,"156 Willow St, San Francisco, CA 94016",August
246648,Macbook Pro Laptop,1,1700.0,2019-08-22 21:48:00,"76 Wilson St, Los Angeles, CA 90001",August
239604,Macbook Pro Laptop,1,1700.0,2019-08-03 21:27:00,"733 Lincoln St, San Francisco, CA 94016",August
241907,Macbook Pro Laptop,1,1700.0,2019-08-20 21:43:00,"311 Sunset St, Austin, TX 73301",August
243699,Macbook Pro Laptop,1,1700.0,2019-08-29 10:17:00,"42 5th St, Austin, TX 73301",August
245278,Macbook Pro Laptop,1,1700.0,2019-08-10 13:17:00,"876 Jackson St, Los Angeles, CA 90001",August
237984,Macbook Pro Laptop,1,1700.0,2019-08-05 00:04:00,"532 Center St, San Francisco, CA 94016",August
240507,Macbook Pro Laptop,1,1700.0,2019-08-12 13:40:00,"232 14th St, Dallas, TX 75001",August
241795,Macbook Pro Laptop,1,1700.0,2019-08-09 11:13:00,"117 Walnut St, New York City, NY 10001",August
238623,Macbook Pro Laptop,1,1700.0,2019-08-05 07:08:00,"835 Adams St, Los Angeles, CA 90001",August
238695,Macbook Pro Laptop,1,1700.0,2019-08-15 15:24:00,"402 11th St, San Francisco, CA 94016",August
243256,Macbook Pro Laptop,1,1700.0,2019-08-07 21:46:00,"254 Church St, San Francisco, CA 94016",August
245339,Macbook Pro Laptop,1,1700.0,2019-08-26 10:55:00,"641 Church St, Portland, OR 97035",August
247450,Macbook Pro Laptop,1,1700.0,2019-08-31 15:36:00,"803 Chestnut St, San Francisco, CA 94016",August
237444,Macbook Pro Laptop,1,1700.0,2019-08-19 13:02:00,"820 Jefferson St, Los Angeles, CA 90001",August
239281,Macbook Pro Laptop,1,1700.0,2019-08-14 18:33:00,"203 Center St, Dallas, TX 75001",August
247876,Macbook Pro Laptop,1,1700.0,2019-08-18 21:42:00,"221 1st St, New York City, NY 10001",August
239564,Macbook Pro Laptop,1,1700.0,2019-08-31 17:07:00,"638 14th St, San Francisco, CA 94016",August
245375,Macbook Pro Laptop,1,1700.0,2019-08-29 19:48:00,"254 5th St, Portland, OR 97035",August
238833,Macbook Pro Laptop,1,1700.0,2019-08-12 08:37:00,"792 1st St, Austin, TX 73301",August
246315,Macbook Pro Laptop,1,1700.0,2019-08-04 14:13:00,"861 Main St, New York City, NY 10001",August
241459,Macbook Pro Laptop,1,1700.0,2019-08-26 14:19:00,"793 Lake St, Los Angeles, CA 90001",August
247458,Macbook Pro Laptop,1,1700.0,2019-08-03 17:27:00,"573 11th St, San Francisco, CA 94016",August
241652,Macbook Pro Laptop,1,1700.0,2019-08-19 09:49:00,"208 Chestnut St, San Francisco, CA 94016",August
244820,Macbook Pro Laptop,1,1700.0,2019-08-21 16:04:00,"820 Jefferson St, Dallas, TX 75001",August
247148,Macbook Pro Laptop,1,1700.0,2019-08-23 20:11:00,"905 Meadow St, San Francisco, CA 94016",August
238633,Macbook Pro Laptop,1,1700.0,2019-08-03 20:37:00,"392 Center St, Atlanta, GA 30301",August
238698,Macbook Pro Laptop,1,1700.0,2019-08-05 14:17:00,"275 Wilson St, New York City, NY 10001",August
243603,Macbook Pro Laptop,1,1700.0,2019-08-09 12:39:00,"862 Wilson St, Austin, TX 73301",August
245970,Macbook Pro Laptop,1,1700.0,2019-08-16 20:13:00,"33 Adams St, Seattle, WA 98101",August
242408,Macbook Pro Laptop,1,1700.0,2019-08-29 14:02:00,"836 Adams St, Boston, MA 02215",August
243226,Macbook Pro Laptop,1,1700.0,2019-08-20 20:17:00,"878 Adams St, Portland, ME 04101",August
238739,Macbook Pro Laptop,1,1700.0,2019-08-10 11:27:00,"91 Dogwood St, Atlanta, GA 30301",August
241464,Macbook Pro Laptop,1,1700.0,2019-08-27 05:31:00,"573 5th St, Boston, MA 02215",August
242114,Macbook Pro Laptop,1,1700.0,2019-08-16 14:07:00,"518 Cherry St, San Francisco, CA 94016",August
245300,Macbook Pro Laptop,1,1700.0,2019-08-22 15:15:00,"201 Adams St, Los Angeles, CA 90001",August
238504,Macbook Pro Laptop,1,1700.0,2019-08-06 22:19:00,"751 2nd St, Boston, MA 02215",August
239276,Macbook Pro Laptop,1,1700.0,2019-08-31 21:49:00,"636 7th St, New York City, NY 10001",August
239514,Macbook Pro Laptop,1,1700.0,2019-08-27 11:26:00,"376 Church St, San Francisco, CA 94016",August
245377,Macbook Pro Laptop,1,1700.0,2019-08-19 08:22:00,"503 Hickory St, Dallas, TX 75001",August
246101,Macbook Pro Laptop,1,1700.0,2019-08-07 15:56:00,"607 Ridge St, Los Angeles, CA 90001",August
239724,Macbook Pro Laptop,1,1700.0,2019-08-01 15:07:00,"779 10th St, New York City, NY 10001",August
245405,Macbook Pro Laptop,1,1700.0,2019-08-10 19:34:00,"296 Park St, San Francisco, CA 94016",August
243083,Macbook Pro Laptop,1,1700.0,2019-08-07 20:25:00,"146 1st St, San Francisco, CA 94016",August
240579,Macbook Pro Laptop,1,1700.0,2019-08-10 20:42:00,"647 South St, Seattle, WA 98101",August
243362,Macbook Pro Laptop,1,1700.0,2019-08-14 13:29:00,"509 Jefferson St, New York City, NY 10001",August
246272,Macbook Pro Laptop,1,1700.0,2019-08-28 21:16:00,"746 Pine St, New York City, NY 10001",August
239813,Macbook Pro Laptop,1,1700.0,2019-08-31 15:35:00,"837 Washington St, Los Angeles, CA 90001",August
237243,Macbook Pro Laptop,1,1700.0,2019-08-06 19:49:00,"684 Cherry St, Austin, TX 73301",August
241318,Macbook Pro Laptop,1,1700.0,2019-08-20 13:20:00,"210 Lincoln St, New York City, NY 10001",August
255427,Macbook Pro Laptop,1,1700.0,2019-09-25 17:42:00,"449 River St, Portland, OR 97035",September
256644,Macbook Pro Laptop,1,1700.0,2019-09-27 14:46:00,"469 West St, Boston, MA 02215",September
253264,Macbook Pro Laptop,1,1700.0,2019-09-19 18:55:00,"554 Jackson St, New York City, NY 10001",September
257335,Macbook Pro Laptop,1,1700.0,2019-09-26 14:34:00,"751 10th St, New York City, NY 10001",September
257738,Macbook Pro Laptop,1,1700.0,2019-09-18 21:42:00,"66 Washington St, Austin, TX 73301",September
257098,Macbook Pro Laptop,1,1700.0,2019-09-01 18:43:00,"92 1st St, Atlanta, GA 30301",September
257836,Macbook Pro Laptop,1,1700.0,2019-09-26 19:21:00,"167 2nd St, Atlanta, GA 30301",September
256474,Macbook Pro Laptop,1,1700.0,2019-09-13 13:17:00,"811 Sunset St, San Francisco, CA 94016",September
249794,Macbook Pro Laptop,1,1700.0,2019-09-25 20:06:00,"350 7th St, Austin, TX 73301",September
251622,Macbook Pro Laptop,1,1700.0,2019-09-04 16:46:00,"970 2nd St, Atlanta, GA 30301",September
252364,Macbook Pro Laptop,1,1700.0,2019-09-26 22:39:00,"111 5th St, Boston, MA 02215",September
257684,Macbook Pro Laptop,1,1700.0,2019-09-30 14:24:00,"422 Forest St, Los Angeles, CA 90001",September
254219,Macbook Pro Laptop,1,1700.0,2019-09-01 17:07:00,"658 Lakeview St, Los Angeles, CA 90001",September
250215,Macbook Pro Laptop,1,1700.0,2019-09-17 12:43:00,"940 North St, New York City, NY 10001",September
253827,Macbook Pro Laptop,1,1700.0,2019-09-22 14:20:00,"7 4th St, Boston, MA 02215",September
254677,Macbook Pro Laptop,1,1700.0,2019-09-21 16:29:00,"143 Dogwood St, New York City, NY 10001",September
248583,Macbook Pro Laptop,1,1700.0,2019-09-13 16:17:00,"825 7th St, Boston, MA 02215",September
256241,Macbook Pro Laptop,1,1700.0,2019-09-13 15:09:00,"817 Lincoln St, San Francisco, CA 94016",September
258214,Macbook Pro Laptop,1,1700.0,2019-09-02 11:09:00,"134 Sunset St, Los Angeles, CA 90001",September
249257,Macbook Pro Laptop,1,1700.0,2019-09-07 19:15:00,"807 10th St, New York City, NY 10001",September
254738,Macbook Pro Laptop,1,1700.0,2019-09-02 21:36:00,"577 Pine St, Los Angeles, CA 90001",September
257934,Macbook Pro Laptop,1,1700.0,2019-09-23 20:17:00,"685 Park St, Los Angeles, CA 90001",September
248801,Macbook Pro Laptop,1,1700.0,2019-09-10 20:21:00,"904 Walnut St, Los Angeles, CA 90001",September
252691,Macbook Pro Laptop,1,1700.0,2019-09-05 14:56:00,"983 Highland St, Dallas, TX 75001",September
254080,Macbook Pro Laptop,1,1700.0,2019-09-16 17:37:00,"90 Madison St, New York City, NY 10001",September
249940,Macbook Pro Laptop,1,1700.0,2019-09-02 21:25:00,"932 Chestnut St, Seattle, WA 98101",September
257828,Macbook Pro Laptop,1,1700.0,2019-09-02 21:27:00,"525 Wilson St, New York City, NY 10001",September
251110,Macbook Pro Laptop,1,1700.0,2019-09-30 22:18:00,"704 13th St, San Francisco, CA 94016",September
257768,Macbook Pro Laptop,1,1700.0,2019-09-05 18:01:00,"314 Highland St, Los Angeles, CA 90001",September
258940,Macbook Pro Laptop,1,1700.0,2019-09-07 06:18:00,"664 South St, Los Angeles, CA 90001",September
249123,Macbook Pro Laptop,1,1700.0,2019-09-06 13:37:00,"778 1st St, San Francisco, CA 94016",September
252880,Macbook Pro Laptop,1,1700.0,2019-09-01 07:12:00,"580 Washington St, Los Angeles, CA 90001",September
248544,Macbook Pro Laptop,1,1700.0,2019-09-13 09:19:00,"299 Highland St, Los Angeles, CA 90001",September
259041,Macbook Pro Laptop,1,1700.0,2019-09-13 23:14:00,"220 Sunset St, New York City, NY 10001",September
249185,Macbook Pro Laptop,1,1700.0,2019-09-07 17:24:00,"429 Church St, San Francisco, CA 94016",September
255493,Macbook Pro Laptop,1,1700.0,2019-09-07 17:14:00,"990 Adams St, Atlanta, GA 30301",September
252675,Macbook Pro Laptop,1,1700.0,2019-09-03 10:19:00,"51 Chestnut St, Austin, TX 73301",September
255847,Macbook Pro Laptop,1,1700.0,2019-09-24 09:39:00,"984 Jackson St, Los Angeles, CA 90001",September
257448,Macbook Pro Laptop,1,1700.0,2019-09-25 15:43:00,"725 North St, Portland, ME 04101",September
251064,Macbook Pro Laptop,1,1700.0,2019-09-02 17:26:00,"81 Hill St, Los Angeles, CA 90001",September
252774,Macbook Pro Laptop,1,1700.0,2019-09-04 01:15:00,"442 4th St, San Francisco, CA 94016",September
254109,Macbook Pro Laptop,1,1700.0,2019-09-09 12:28:00,"761 Washington St, Seattle, WA 98101",September
258047,Macbook Pro Laptop,1,1700.0,2019-09-24 09:32:00,"212 Pine St, Boston, MA 02215",September
256104,Macbook Pro Laptop,1,1700.0,2019-09-07 22:54:00,"685 4th St, New York City, NY 10001",September
265390,Macbook Pro Laptop,1,1700.0,2019-10-28 19:35:00,"617 Pine St, Dallas, TX 75001",October
278499,Macbook Pro Laptop,1,1700.0,2019-10-22 09:54:00,"389 Jefferson St, San Francisco, CA 94016",October
259804,Macbook Pro Laptop,1,1700.0,2019-10-27 16:22:00,"702 12th St, Los Angeles, CA 90001",October
261178,Macbook Pro Laptop,1,1700.0,2019-10-13 12:22:00,"630 4th St, New York City, NY 10001",October
261255,Macbook Pro Laptop,1,1700.0,2019-10-15 18:03:00,"655 Dogwood St, San Francisco, CA 94016",October
269755,Macbook Pro Laptop,1,1700.0,2019-10-27 21:14:00,"963 River St, Boston, MA 02215",October
262997,Macbook Pro Laptop,1,1700.0,2019-10-10 10:03:00,"899 11th St, New York City, NY 10001",October
264094,Macbook Pro Laptop,1,1700.0,2019-10-01 17:52:00,"557 Johnson St, Los Angeles, CA 90001",October
267340,Macbook Pro Laptop,1,1700.0,2019-10-21 14:23:00,"68 River St, Los Angeles, CA 90001",October
266306,Macbook Pro Laptop,1,1700.0,2019-10-06 21:45:00,"399 Cedar St, New York City, NY 10001",October
261710,Macbook Pro Laptop,1,1700.0,2019-10-23 21:12:00,"705 6th St, San Francisco, CA 94016",October
278763,Macbook Pro Laptop,1,1700.0,2019-10-04 10:48:00,"165 8th St, Austin, TX 73301",October
260590,Macbook Pro Laptop,1,1700.0,2019-10-18 07:57:00,"506 7th St, San Francisco, CA 94016",October
274260,Macbook Pro Laptop,1,1700.0,2019-10-25 14:59:00,"392 8th St, New York City, NY 10001",October
262562,Macbook Pro Laptop,1,1700.0,2019-10-27 08:46:00,"424 West St, San Francisco, CA 94016",October
267786,Macbook Pro Laptop,1,1700.0,2019-10-26 19:38:00,"9 Forest St, Seattle, WA 98101",October
275052,Macbook Pro Laptop,1,1700.0,2019-10-23 20:04:00,"37 Center St, New York City, NY 10001",October
260513,Macbook Pro Laptop,1,1700.0,2019-10-12 08:45:00,"311 4th St, Seattle, WA 98101",October
265575,Macbook Pro Laptop,1,1700.0,2019-10-13 13:35:00,"89 6th St, Los Angeles, CA 90001",October
268085,Macbook Pro Laptop,1,1700.0,2019-10-13 12:27:00,"646 Wilson St, New York City, NY 10001",October
272020,Macbook Pro Laptop,1,1700.0,2019-10-08 23:40:00,"917 5th St, San Francisco, CA 94016",October
273963,Macbook Pro Laptop,1,1700.0,2019-10-17 20:48:00,"198 Main St, Los Angeles, CA 90001",October
274268,Macbook Pro Laptop,1,1700.0,2019-10-17 17:52:00,"325 Pine St, Los Angeles, CA 90001",October
262145,Macbook Pro Laptop,1,1700.0,2019-10-19 02:54:00,"469 2nd St, San Francisco, CA 94016",October
265210,Macbook Pro Laptop,1,1700.0,2019-10-01 12:18:00,"947 Willow St, Boston, MA 02215",October
275283,Macbook Pro Laptop,1,1700.0,2019-10-22 14:10:00,"112 Walnut St, Los Angeles, CA 90001",October
278218,Macbook Pro Laptop,1,1700.0,2019-10-21 19:55:00,"764 8th St, San Francisco, CA 94016",October
266072,Macbook Pro Laptop,1,1700.0,2019-10-27 13:05:00,"521 River St, New York City, NY 10001",October
274199,Macbook Pro Laptop,1,1700.0,2019-10-02 11:45:00,"210 Meadow St, San Francisco, CA 94016",October
275428,Macbook Pro Laptop,1,1700.0,2019-10-28 17:07:00,"392 2nd St, Seattle, WA 98101",October
277462,Macbook Pro Laptop,1,1700.0,2019-10-28 18:24:00,"512 Pine St, Portland, OR 97035",October
270323,Macbook Pro Laptop,1,1700.0,2019-10-12 10:14:00,"240 8th St, Portland, ME 04101",October
259490,Macbook Pro Laptop,1,1700.0,2019-10-29 04:08:00,"721 8th St, New York City, NY 10001",October
264903,Macbook Pro Laptop,1,1700.0,2019-10-27 12:46:00,"954 Adams St, Austin, TX 73301",October
269012,Macbook Pro Laptop,1,1700.0,2019-10-29 19:35:00,"9 Lincoln St, New York City, NY 10001",October
273968,Macbook Pro Laptop,1,1700.0,2019-10-28 21:05:00,"380 Cherry St, Dallas, TX 75001",October
277425,Macbook Pro Laptop,1,1700.0,2019-10-30 21:20:00,"462 West St, Dallas, TX 75001",October
261564,Macbook Pro Laptop,1,1700.0,2019-10-23 01:08:00,"486 1st St, Los Angeles, CA 90001",October
272553,Macbook Pro Laptop,1,1700.0,2019-10-11 21:13:00,"661 Cherry St, Dallas, TX 75001",October
278380,Macbook Pro Laptop,1,1700.0,2019-10-06 21:39:00,"994 Pine St, San Francisco, CA 94016",October
269397,Macbook Pro Laptop,1,1700.0,2019-10-12 15:11:00,"836 Sunset St, Los Angeles, CA 90001",October
277334,Macbook Pro Laptop,1,1700.0,2019-10-14 21:50:00,"50 Highland St, New York City, NY 10001",October
277962,Macbook Pro Laptop,1,1700.0,2019-10-27 10:55:00,"429 Main St, New York City, NY 10001",October
263849,Macbook Pro Laptop,1,1700.0,2019-10-16 21:53:00,"347 Adams St, Seattle, WA 98101",October
260873,Macbook Pro Laptop,1,1700.0,2019-10-16 03:30:00,"166 14th St, San Francisco, CA 94016",October
263108,Macbook Pro Laptop,1,1700.0,2019-10-26 09:19:00,"590 Elm St, San Francisco, CA 94016",October
264136,Macbook Pro Laptop,1,1700.0,2019-10-03 13:32:00,"312 Elm St, San Francisco, CA 94016",October
267912,Macbook Pro Laptop,1,1700.0,2019-10-25 11:53:00,"47 Cherry St, San Francisco, CA 94016",October
273747,Macbook Pro Laptop,1,1700.0,2019-10-22 08:50:00,"934 10th St, Dallas, TX 75001",October
274652,Macbook Pro Laptop,1,1700.0,2019-10-22 17:37:00,"496 Lakeview St, Dallas, TX 75001",October
264861,Macbook Pro Laptop,1,1700.0,2019-10-21 13:43:00,"119 5th St, San Francisco, CA 94016",October
271726,Macbook Pro Laptop,1,1700.0,2019-10-05 07:46:00,"133 Willow St, New York City, NY 10001",October
278437,Macbook Pro Laptop,1,1700.0,2019-10-21 18:43:00,"367 Cherry St, San Francisco, CA 94016",October
260281,Macbook Pro Laptop,1,1700.0,2019-10-13 18:15:00,"985 Adams St, Los Angeles, CA 90001",October
266105,Macbook Pro Laptop,1,1700.0,2019-10-07 11:31:00,"773 8th St, New York City, NY 10001",October
267102,Macbook Pro Laptop,1,1700.0,2019-10-09 20:50:00,"320 Church St, San Francisco, CA 94016",October
273510,Macbook Pro Laptop,1,1700.0,2019-10-07 13:05:00,"212 2nd St, Seattle, WA 98101",October
278526,Macbook Pro Laptop,1,1700.0,2019-10-14 06:22:00,"887 Lakeview St, San Francisco, CA 94016",October
261701,Macbook Pro Laptop,1,1700.0,2019-10-22 09:53:00,"239 Church St, San Francisco, CA 94016",October
263816,Macbook Pro Laptop,1,1700.0,2019-10-09 23:14:00,"834 5th St, New York City, NY 10001",October
274305,Macbook Pro Laptop,1,1700.0,2019-10-13 02:18:00,"902 Main St, Austin, TX 73301",October
278077,Macbook Pro Laptop,1,1700.0,2019-10-24 11:40:00,"618 14th St, Los Angeles, CA 90001",October
266112,Macbook Pro Laptop,1,1700.0,2019-10-06 21:08:00,"664 Cherry St, Los Angeles, CA 90001",October
269460,Macbook Pro Laptop,1,1700.0,2019-10-22 16:44:00,"64 Spruce St, San Francisco, CA 94016",October
261520,Macbook Pro Laptop,1,1700.0,2019-10-29 23:11:00,"628 Maple St, Dallas, TX 75001",October
267178,Macbook Pro Laptop,1,1700.0,2019-10-15 17:02:00,"360 Madison St, Boston, MA 02215",October
271213,Macbook Pro Laptop,1,1700.0,2019-10-30 17:07:00,"78 Dogwood St, Portland, OR 97035",October
259665,Macbook Pro Laptop,1,1700.0,2019-10-10 17:34:00,"117 River St, Atlanta, GA 30301",October
260676,Macbook Pro Laptop,1,1700.0,2019-10-28 13:57:00,"290 Lincoln St, Atlanta, GA 30301",October
261047,Macbook Pro Laptop,1,1700.0,2019-10-20 20:13:00,"403 5th St, Portland, ME 04101",October
266153,Macbook Pro Laptop,1,1700.0,2019-10-22 13:25:00,"825 Madison St, Seattle, WA 98101",October
268471,Macbook Pro Laptop,1,1700.0,2019-10-17 17:54:00,"398 Madison St, Boston, MA 02215",October
273897,Macbook Pro Laptop,1,1700.0,2019-10-19 14:09:00,"795 1st St, Atlanta, GA 30301",October
274194,Macbook Pro Laptop,1,1700.0,2019-10-08 22:01:00,"224 Willow St, Atlanta, GA 30301",October
261376,Macbook Pro Laptop,1,1700.0,2019-10-20 14:18:00,"167 Lakeview St, Los Angeles, CA 90001",October
264712,Macbook Pro Laptop,1,1700.0,2019-10-16 15:11:00,"1 14th St, Portland, OR 97035",October
274984,Macbook Pro Laptop,1,1700.0,2019-10-27 21:14:00,"329 Maple St, Seattle, WA 98101",October
276977,Macbook Pro Laptop,1,1700.0,2019-10-03 14:00:00,"828 Church St, New York City, NY 10001",October
267090,Macbook Pro Laptop,1,1700.0,2019-10-14 23:43:00,"259 Sunset St, Dallas, TX 75001",October
274802,Macbook Pro Laptop,1,1700.0,2019-10-16 22:50:00,"25 South St, Boston, MA 02215",October
272069,Macbook Pro Laptop,1,1700.0,2019-10-16 19:58:00,"570 West St, San Francisco, CA 94016",October
260069,Macbook Pro Laptop,1,1700.0,2019-10-23 16:04:00,"754 13th St, Portland, OR 97035",October
269207,Macbook Pro Laptop,1,1700.0,2019-10-04 20:51:00,"605 Church St, San Francisco, CA 94016",October
277602,Macbook Pro Laptop,1,1700.0,2019-10-20 10:53:00,"312 Main St, San Francisco, CA 94016",October
261280,Macbook Pro Laptop,1,1700.0,2019-10-29 10:06:00,"25 Lake St, Dallas, TX 75001",October
270183,Macbook Pro Laptop,1,1700.0,2019-10-25 15:44:00,"655 Wilson St, Atlanta, GA 30301",October
274557,Macbook Pro Laptop,1,1700.0,2019-10-06 21:09:00,"386 Forest St, New York City, NY 10001",October
264535,Macbook Pro Laptop,1,1700.0,2019-10-09 15:08:00,"289 Park St, Atlanta, GA 30301",October
265227,Macbook Pro Laptop,1,1700.0,2019-10-28 23:40:00,"88 Jefferson St, Los Angeles, CA 90001",October
281350,Macbook Pro Laptop,1,1700.0,2019-11-24 20:49:00,"893 Willow St, San Francisco, CA 94016",November
283679,Macbook Pro Laptop,1,1700.0,2019-11-19 15:19:00,"836 Washington St, New York City, NY 10001",November
290741,Macbook Pro Laptop,1,1700.0,2019-11-04 21:45:00,"188 North St, San Francisco, CA 94016",November
290941,Macbook Pro Laptop,1,1700.0,2019-11-07 18:57:00,"366 River St, Austin, TX 73301",November
293655,Macbook Pro Laptop,1,1700.0,2019-11-13 17:36:00,"332 Madison St, New York City, NY 10001",November
286447,Macbook Pro Laptop,1,1700.0,2019-11-26 18:14:00,"907 River St, Los Angeles, CA 90001",November
286871,Macbook Pro Laptop,1,1700.0,2019-11-14 21:23:00,"941 Willow St, Seattle, WA 98101",November
287064,Macbook Pro Laptop,1,1700.0,2019-11-07 11:43:00,"810 Church St, New York City, NY 10001",November
289571,Macbook Pro Laptop,1,1700.0,2019-11-11 19:06:00,"838 12th St, San Francisco, CA 94016",November
281506,Macbook Pro Laptop,1,1700.0,2019-11-25 08:01:00,"928 Elm St, Austin, TX 73301",November
291942,Macbook Pro Laptop,1,1700.0,2019-11-13 12:10:00,"56 Hickory St, Los Angeles, CA 90001",November
279460,Macbook Pro Laptop,1,1700.0,2019-11-10 20:19:00,"218 14th St, Boston, MA 02215",November
279800,Macbook Pro Laptop,1,1700.0,2019-11-12 12:11:00,"474 6th St, San Francisco, CA 94016",November
282588,Macbook Pro Laptop,1,1700.0,2019-11-15 10:01:00,"95 North St, Dallas, TX 75001",November
289298,Macbook Pro Laptop,1,1700.0,2019-11-24 00:08:00,"207 Church St, Los Angeles, CA 90001",November
289548,Macbook Pro Laptop,1,1700.0,2019-11-13 17:23:00,"266 10th St, Boston, MA 02215",November
287696,Macbook Pro Laptop,1,1700.0,2019-11-06 00:37:00,"5 North St, Dallas, TX 75001",November
288081,Macbook Pro Laptop,1,1700.0,2019-11-08 12:40:00,"943 Madison St, Dallas, TX 75001",November
290123,Macbook Pro Laptop,1,1700.0,2019-11-04 13:54:00,"975 Lake St, Portland, OR 97035",November
294751,Macbook Pro Laptop,1,1700.0,2019-11-11 12:30:00,"251 Hill St, Los Angeles, CA 90001",November
284049,Macbook Pro Laptop,1,1700.0,2019-11-15 03:54:00,"727 Wilson St, New York City, NY 10001",November
283536,Macbook Pro Laptop,1,1700.0,2019-11-03 17:14:00,"254 8th St, Portland, OR 97035",November
286047,Macbook Pro Laptop,1,1700.0,2019-11-10 10:58:00,"147 10th St, San Francisco, CA 94016",November
282848,Macbook Pro Laptop,1,1700.0,2019-11-02 15:35:00,"833 Willow St, Dallas, TX 75001",November
289052,Macbook Pro Laptop,1,1700.0,2019-11-01 12:05:00,"721 Hill St, Boston, MA 02215",November
291571,Macbook Pro Laptop,1,1700.0,2019-11-17 20:40:00,"147 Hickory St, Atlanta, GA 30301",November
295652,Macbook Pro Laptop,1,1700.0,2019-11-22 10:29:00,"983 Highland St, San Francisco, CA 94016",November
287768,Macbook Pro Laptop,1,1700.0,2019-11-07 13:49:00,"38 8th St, Portland, OR 97035",November
290431,Macbook Pro Laptop,1,1700.0,2019-11-25 14:02:00,"204 Pine St, Los Angeles, CA 90001",November
294547,Macbook Pro Laptop,1,1700.0,2019-11-07 16:40:00,"691 Jefferson St, Boston, MA 02215",November
285134,Macbook Pro Laptop,1,1700.0,2019-11-11 21:29:00,"290 2nd St, Austin, TX 73301",November
279708,Macbook Pro Laptop,1,1700.0,2019-11-02 15:52:00,"472 Hill St, Los Angeles, CA 90001",November
282705,Macbook Pro Laptop,1,1700.0,2019-11-15 21:38:00,"737 Wilson St, Austin, TX 73301",November
280242,Macbook Pro Laptop,1,1700.0,2019-11-14 20:03:00,"629 Jefferson St, New York City, NY 10001",November
294477,Macbook Pro Laptop,1,1700.0,2019-11-09 22:44:00,"297 Park St, San Francisco, CA 94016",November
295651,Macbook Pro Laptop,1,1700.0,2019-11-27 14:41:00,"842 Chestnut St, New York City, NY 10001",November
285464,Macbook Pro Laptop,1,1700.0,2019-11-28 07:17:00,"56 Spruce St, San Francisco, CA 94016",November
287093,Macbook Pro Laptop,1,1700.0,2019-11-20 14:04:00,"88 12th St, Dallas, TX 75001",November
279588,Macbook Pro Laptop,1,1700.0,2019-11-19 19:44:00,"825 Washington St, New York City, NY 10001",November
282790,Macbook Pro Laptop,1,1700.0,2019-11-22 21:00:00,"876 Church St, Seattle, WA 98101",November
289850,Macbook Pro Laptop,1,1700.0,2019-11-28 21:33:00,"344 Willow St, Dallas, TX 75001",November
281815,Macbook Pro Laptop,1,1700.0,2019-11-20 10:36:00,"576 Jefferson St, Boston, MA 02215",November
291326,Macbook Pro Laptop,1,1700.0,2019-11-24 19:36:00,"504 Madison St, San Francisco, CA 94016",November
294654,Macbook Pro Laptop,1,1700.0,2019-11-10 20:19:00,"204 River St, Boston, MA 02215",November
289372,Macbook Pro Laptop,1,1700.0,2019-11-07 14:23:00,"627 2nd St, Portland, OR 97035",November
282771,Macbook Pro Laptop,1,1700.0,2019-11-16 11:36:00,"686 10th St, Seattle, WA 98101",November
284069,Macbook Pro Laptop,1,1700.0,2019-11-03 22:56:00,"839 8th St, Dallas, TX 75001",November
286309,Macbook Pro Laptop,1,1700.0,2019-11-28 22:10:00,"208 14th St, San Francisco, CA 94016",November
292165,Macbook Pro Laptop,1,1700.0,2019-11-03 15:36:00,"483 5th St, New York City, NY 10001",November
279542,Macbook Pro Laptop,1,1700.0,2019-11-03 07:13:00,"851 8th St, Los Angeles, CA 90001",November
283975,Macbook Pro Laptop,1,1700.0,2019-11-15 23:41:00,"747 10th St, Boston, MA 02215",November
288619,Macbook Pro Laptop,1,1700.0,2019-11-13 15:32:00,"487 Jackson St, Los Angeles, CA 90001",November
289021,Macbook Pro Laptop,1,1700.0,2019-11-27 11:52:00,"342 4th St, Seattle, WA 98101",November
290992,Macbook Pro Laptop,1,1700.0,2019-11-21 11:20:00,"901 Chestnut St, Seattle, WA 98101",November
284109,Macbook Pro Laptop,1,1700.0,2019-11-05 21:05:00,"556 Center St, Dallas, TX 75001",November
286797,Macbook Pro Laptop,1,1700.0,2019-11-16 09:05:00,"868 1st St, Los Angeles, CA 90001",November
280353,Macbook Pro Laptop,1,1700.0,2019-11-13 15:10:00,"240 Johnson St, New York City, NY 10001",November
283600,Macbook Pro Laptop,1,1700.0,2019-11-30 09:37:00,"532 Jefferson St, Atlanta, GA 30301",November
284371,Macbook Pro Laptop,1,1700.0,2019-11-15 14:43:00,"295 14th St, New York City, NY 10001",November
292908,Macbook Pro Laptop,1,1700.0,2019-11-30 14:13:00,"863 Walnut St, Atlanta, GA 30301",November
295387,Macbook Pro Laptop,1,1700.0,2019-11-12 06:09:00,"695 Cherry St, Los Angeles, CA 90001",November
290406,Macbook Pro Laptop,1,1700.0,2019-11-08 00:51:00,"269 Jefferson St, Atlanta, GA 30301",November
280387,Macbook Pro Laptop,1,1700.0,2019-11-11 13:17:00,"468 Wilson St, Atlanta, GA 30301",November
288003,Macbook Pro Laptop,1,1700.0,2019-11-10 08:51:00,"690 Dogwood St, Boston, MA 02215",November
280475,Macbook Pro Laptop,1,1700.0,2019-11-04 17:56:00,"344 1st St, San Francisco, CA 94016",November
292871,Macbook Pro Laptop,1,1700.0,2019-11-02 14:51:00,"748 Forest St, Atlanta, GA 30301",November
281380,Macbook Pro Laptop,1,1700.0,2019-11-24 13:33:00,"61 South St, Dallas, TX 75001",November
291569,Macbook Pro Laptop,1,1700.0,2019-11-19 19:13:00,"33 Jackson St, Dallas, TX 75001",November
293997,Macbook Pro Laptop,1,1700.0,2019-11-19 13:13:00,"848 7th St, Atlanta, GA 30301",November
288840,Macbook Pro Laptop,1,1700.0,2019-11-06 11:27:00,"162 Lincoln St, San Francisco, CA 94016",November
289410,Macbook Pro Laptop,1,1700.0,2019-11-15 18:45:00,"397 River St, New York City, NY 10001",November
298446,Macbook Pro Laptop,1,1700.0,2019-12-02 23:33:00,"705 Willow St, New York City, NY 10001",December
311733,Macbook Pro Laptop,1,1700.0,2019-12-16 11:12:00,"650 West St, San Francisco, CA 94016",December
315033,Macbook Pro Laptop,1,1700.0,2019-12-04 12:46:00,"713 9th St, Atlanta, GA 30301",December
319102,Macbook Pro Laptop,1,1700.0,2019-12-30 08:58:00,"78 Lakeview St, Seattle, WA 98101",December
308691,Macbook Pro Laptop,1,1700.0,2019-12-26 20:18:00,"257 6th St, San Francisco, CA 94016",December
310767,Macbook Pro Laptop,1,1700.0,2019-12-28 18:45:00,"814 14th St, Seattle, WA 98101",December
313187,Macbook Pro Laptop,1,1700.0,2019-12-29 06:52:00,"165 Adams St, Portland, OR 97035",December
299623,Macbook Pro Laptop,1,1700.0,2019-12-20 00:03:00,"956 6th St, New York City, NY 10001",December
303328,Macbook Pro Laptop,1,1700.0,2019-12-22 16:28:00,"942 Church St, Portland, OR 97035",December
296969,Macbook Pro Laptop,1,1700.0,2019-12-20 16:23:00,"626 Hickory St, San Francisco, CA 94016",December
298869,Macbook Pro Laptop,1,1700.0,2019-12-21 13:55:00,"730 Dogwood St, Los Angeles, CA 90001",December
300924,Macbook Pro Laptop,1,1700.0,2019-12-07 10:22:00,"258 6th St, Portland, OR 97035",December
304396,Macbook Pro Laptop,1,1700.0,2019-12-19 13:51:00,"683 West St, San Francisco, CA 94016",December
306883,Macbook Pro Laptop,1,1700.0,2019-12-14 09:56:00,"850 Lincoln St, New York City, NY 10001",December
307182,Macbook Pro Laptop,1,1700.0,2019-12-15 07:02:00,"979 North St, San Francisco, CA 94016",December
297994,Macbook Pro Laptop,1,1700.0,2019-12-07 10:29:00,"383 1st St, New York City, NY 10001",December
307681,Macbook Pro Laptop,1,1700.0,2019-12-26 16:50:00,"656 Cedar St, Seattle, WA 98101",December
316378,Macbook Pro Laptop,1,1700.0,2019-12-28 20:06:00,"572 10th St, Dallas, TX 75001",December
296625,Macbook Pro Laptop,1,1700.0,2019-12-25 20:00:00,"54 Church St, Boston, MA 02215",December
301444,Macbook Pro Laptop,1,1700.0,2019-12-22 11:28:00,"742 6th St, New York City, NY 10001",December
310768,Macbook Pro Laptop,1,1700.0,2019-12-07 08:24:00,"148 Park St, Atlanta, GA 30301",December
300831,Macbook Pro Laptop,1,1700.0,2019-12-09 11:04:00,"857 2nd St, Seattle, WA 98101",December
303273,Macbook Pro Laptop,1,1700.0,2019-12-20 11:39:00,"600 Spruce St, Atlanta, GA 30301",December
310261,Macbook Pro Laptop,1,1700.0,2019-12-30 22:08:00,"563 Forest St, San Francisco, CA 94016",December
311573,Macbook Pro Laptop,1,1700.0,2019-12-15 19:02:00,"54 Cedar St, San Francisco, CA 94016",December
314433,Macbook Pro Laptop,1,1700.0,2019-12-27 14:10:00,"690 Hickory St, Boston, MA 02215",December
314788,Macbook Pro Laptop,1,1700.0,2019-12-07 09:32:00,"490 12th St, New York City, NY 10001",December
298960,Macbook Pro Laptop,1,1700.0,2019-12-21 23:37:00,"374 Highland St, Los Angeles, CA 90001",December
299707,Macbook Pro Laptop,1,1700.0,2019-12-10 02:28:00,"116 Park St, New York City, NY 10001",December
306870,Macbook Pro Laptop,1,1700.0,2019-12-17 09:00:00,"401 11th St, San Francisco, CA 94016",December
314450,Macbook Pro Laptop,1,1700.0,2019-12-13 11:50:00,"664 14th St, New York City, NY 10001",December
296076,Macbook Pro Laptop,1,1700.0,2019-12-03 15:19:00,"679 Chestnut St, San Francisco, CA 94016",December
296068,Macbook Pro Laptop,1,1700.0,2019-12-08 22:10:00,"897 Jackson St, San Francisco, CA 94016",December
305735,Macbook Pro Laptop,1,1700.0,2019-12-31 18:51:00,"994 Maple St, San Francisco, CA 94016",December
311179,Macbook Pro Laptop,1,1700.0,2019-12-10 09:28:00,"511 6th St, New York City, NY 10001",December
312033,Macbook Pro Laptop,1,1700.0,2019-12-17 19:50:00,"617 Jackson St, Dallas, TX 75001",December
316705,Macbook Pro Laptop,1,1700.0,2019-12-06 12:00:00,"945 7th St, San Francisco, CA 94016",December
298184,Macbook Pro Laptop,1,1700.0,2019-12-03 13:43:00,"26 9th St, Austin, TX 73301",December
298489,Macbook Pro Laptop,1,1700.0,2019-12-12 11:11:00,"561 West St, Austin, TX 73301",December
301081,Macbook Pro Laptop,1,1700.0,2019-12-30 03:39:00,"752 14th St, Los Angeles, CA 90001",December
312188,Macbook Pro Laptop,1,1700.0,2019-12-20 12:09:00,"359 North St, Boston, MA 02215",December
315386,Macbook Pro Laptop,1,1700.0,2019-12-30 20:36:00,"81 Jefferson St, San Francisco, CA 94016",December
297024,Macbook Pro Laptop,1,1700.0,2019-12-15 15:16:00,"869 9th St, San Francisco, CA 94016",December
297859,Macbook Pro Laptop,1,1700.0,2019-12-07 14:07:00,"660 Madison St, New York City, NY 10001",December
303731,Macbook Pro Laptop,1,1700.0,2019-12-12 15:18:00,"229 Meadow St, Los Angeles, CA 90001",December
307718,Macbook Pro Laptop,1,1700.0,2019-12-06 21:21:00,"376 West St, Dallas, TX 75001",December
316906,Macbook Pro Laptop,1,1700.0,2019-12-02 13:07:00,"535 5th St, New York City, NY 10001",December
304319,Macbook Pro Laptop,1,1700.0,2019-12-29 10:16:00,"868 11th St, San Francisco, CA 94016",December
314044,Macbook Pro Laptop,1,1700.0,2019-12-17 18:14:00,"697 Church St, Los Angeles, CA 90001",December
317352,Macbook Pro Laptop,1,1700.0,2019-12-10 21:44:00,"731 Church St, San Francisco, CA 94016",December
295665,Macbook Pro Laptop,1,1700.0,2019-12-30 00:01:00,"136 Church St, New York City, NY 10001",December
308250,Macbook Pro Laptop,1,1700.0,2019-12-18 15:28:00,"374 River St, Los Angeles, CA 90001",December
316335,Macbook Pro Laptop,1,1700.0,2019-12-04 20:13:00,"534 Jackson St, New York City, NY 10001",December
301121,Macbook Pro Laptop,1,1700.0,2019-12-02 10:39:00,"253 5th St, Boston, MA 02215",December
306546,Macbook Pro Laptop,1,1700.0,2019-12-16 18:26:00,"860 Washington St, Dallas, TX 75001",December
297242,Macbook Pro Laptop,1,1700.0,2019-12-29 11:18:00,"382 7th St, Dallas, TX 75001",December
301273,Macbook Pro Laptop,1,1700.0,2019-12-17 13:22:00,"345 Jefferson St, New York City, NY 10001",December
306524,Macbook Pro Laptop,1,1700.0,2019-12-01 12:29:00,"315 Elm St, Boston, MA 02215",December
310044,Macbook Pro Laptop,1,1700.0,2019-12-03 13:21:00,"998 Meadow St, Boston, MA 02215",December
316168,Macbook Pro Laptop,1,1700.0,2019-12-20 19:09:00,"266 North St, San Francisco, CA 94016",December
298337,Macbook Pro Laptop,1,1700.0,2019-12-29 12:25:00,"100 Willow St, New York City, NY 10001",December
309949,Macbook Pro Laptop,1,1700.0,2019-12-15 02:18:00,"642 Wilson St, San Francisco, CA 94016",December
319191,Macbook Pro Laptop,1,1700.0,2019-12-02 15:39:00,"917 Lincoln St, San Francisco, CA 94016",December
297312,Macbook Pro Laptop,1,1700.0,2019-12-27 15:37:00,"219 12th St, Dallas, TX 75001",December
233770,Macbook Pro Laptop,1,1700.0,2019-07-19 22:39:00,"199 Forest St, San Francisco, CA 94016",July
225362,Macbook Pro Laptop,1,1700.0,2019-07-06 22:07:00,"606 9th St, San Francisco, CA 94016",July
251453,Macbook Pro Laptop,1,1700.0,2019-09-10 18:54:00,"310 Chestnut St, Dallas, TX 75001",September
252790,Macbook Pro Laptop,1,1700.0,2019-09-30 09:01:00,"694 Center St, Boston, MA 02215",September
248800,Macbook Pro Laptop,1,1700.0,2019-09-28 14:06:00,"882 1st St, San Francisco, CA 94016",September
250441,Macbook Pro Laptop,1,1700.0,2019-09-21 07:50:00,"402 Dogwood St, San Francisco, CA 94016",September
254490,Macbook Pro Laptop,1,1700.0,2019-09-25 13:10:00,"978 14th St, New York City, NY 10001",September
254998,Macbook Pro Laptop,1,1700.0,2019-09-24 15:41:00,"548 Lincoln St, New York City, NY 10001",September
248267,Macbook Pro Laptop,1,1700.0,2019-09-09 18:59:00,"147 Lakeview St, Los Angeles, CA 90001",September
274010,Macbook Pro Laptop,1,1700.0,2019-10-15 19:25:00,"85 8th St, New York City, NY 10001",October
262953,Macbook Pro Laptop,1,1700.0,2019-10-20 13:12:00,"789 4th St, Atlanta, GA 30301",October
273342,Macbook Pro Laptop,1,1700.0,2019-10-26 20:11:00,"516 6th St, Los Angeles, CA 90001",October
294204,Macbook Pro Laptop,1,1700.0,2019-11-16 11:22:00,"914 Lake St, Atlanta, GA 30301",November
293854,Macbook Pro Laptop,1,1700.0,2019-11-09 15:56:00,"958 Hill St, San Francisco, CA 94016",November
316825,Macbook Pro Laptop,1,1700.0,2019-12-06 12:03:00,"984 14th St, San Francisco, CA 94016",December
317526,Macbook Pro Laptop,1,1700.0,2019-12-07 06:47:00,"855 Meadow St, New York City, NY 10001",December
315680,Macbook Pro Laptop,1,1700.0,2019-12-28 14:11:00,"13 Lakeview St, San Francisco, CA 94016",December
297954,Macbook Pro Laptop,1,1700.0,2019-12-20 20:25:00,"402 Sunset St, San Francisco, CA 94016",December
306514,Macbook Pro Laptop,1,1700.0,2019-12-22 18:33:00,"947 Forest St, Los Angeles, CA 90001",December
302451,Macbook Pro Laptop,1,1700.0,2019-12-02 12:53:00,"707 Cedar St, San Francisco, CA 94016",December
305489,Macbook Pro Laptop,1,1700.0,2019-12-29 20:21:00,"933 Adams St, Atlanta, GA 30301",December
305782,Macbook Pro Laptop,1,1700.0,2019-12-09 19:38:00,"373 Park St, Boston, MA 02215",December
306661,Macbook Pro Laptop,1,1700.0,2019-12-07 16:20:00,"494 Hickory St, San Francisco, CA 94016",December
318043,Macbook Pro Laptop,1,1700.0,2019-12-20 23:14:00,"751 Elm St, San Francisco, CA 94016",December
302360,Macbook Pro Laptop,1,1700.0,2019-12-20 22:17:00,"895 Meadow St, New York City, NY 10001",December
315556,Macbook Pro Laptop,1,1700.0,2019-12-21 17:57:00,"145 11th St, New York City, NY 10001",December
303642,Macbook Pro Laptop,1,1700.0,2019-12-06 22:37:00,"994 10th St, New York City, NY 10001",December
308415,Macbook Pro Laptop,1,1700.0,2019-12-10 15:58:00,"987 Ridge St, New York City, NY 10001",December
313490,Macbook Pro Laptop,1,1700.0,2019-12-16 22:26:00,"513 Willow St, Boston, MA 02215",December
300955,Macbook Pro Laptop,1,1700.0,2019-12-20 19:36:00,"751 7th St, Los Angeles, CA 90001",December
305418,Macbook Pro Laptop,1,1700.0,2019-12-03 13:48:00,"21 Chestnut St, Portland, OR 97035",December
307108,Macbook Pro Laptop,1,1700.0,2019-12-01 09:11:00,"518 Wilson St, San Francisco, CA 94016",December
315136,Macbook Pro Laptop,1,1700.0,2019-12-13 12:55:00,"457 Highland St, Boston, MA 02215",December
315171,Macbook Pro Laptop,1,1700.0,2019-12-24 17:31:00,"309 Main St, Austin, TX 73301",December
317054,Macbook Pro Laptop,1,1700.0,2019-12-21 11:13:00,"214 West St, Los Angeles, CA 90001",December
319040,Macbook Pro Laptop,1,1700.0,2019-12-08 09:52:00,"972 Park St, San Francisco, CA 94016",December
310945,Macbook Pro Laptop,1,1700.0,2019-12-05 09:48:00,"124 Meadow St, Boston, MA 02215",December
313291,Macbook Pro Laptop,1,1700.0,2019-12-26 20:36:00,"984 Washington St, Los Angeles, CA 90001",December
314109,Macbook Pro Laptop,1,1700.0,2019-12-17 14:34:00,"468 Hill St, San Francisco, CA 94016",December
315869,Macbook Pro Laptop,1,1700.0,2019-12-22 15:32:00,"474 Main St, Los Angeles, CA 90001",December
316383,Macbook Pro Laptop,1,1700.0,2019-12-04 09:59:00,"422 Park St, San Francisco, CA 94016",December
297238,Macbook Pro Laptop,1,1700.0,2019-12-21 15:03:00,"35 Elm St, Boston, MA 02215",December
310668,Macbook Pro Laptop,1,1700.0,2019-12-19 10:30:00,"844 North St, Seattle, WA 98101",December
315111,Macbook Pro Laptop,1,1700.0,2019-12-30 17:37:00,"84 Washington St, Seattle, WA 98101",December
302542,Macbook Pro Laptop,1,1700.0,2019-12-03 18:04:00,"724 Madison St, Boston, MA 02215",December
306316,Macbook Pro Laptop,1,1700.0,2019-12-20 13:25:00,"585 Forest St, San Francisco, CA 94016",December
311036,Macbook Pro Laptop,1,1700.0,2019-12-31 22:04:00,"138 Lincoln St, Los Angeles, CA 90001",December
311097,Macbook Pro Laptop,1,1700.0,2019-12-31 20:05:00,"766 Main St, San Francisco, CA 94016",December
148741,Macbook Pro Laptop,1,1700.0,2019-01-05 09:45:00,"45 Pine St, Boston, MA 02215",January
145012,Macbook Pro Laptop,1,1700.0,2019-01-25 23:42:00,"204 River St, Boston, MA 02215",January
147808,Macbook Pro Laptop,1,1700.0,2019-01-19 13:19:00,"740 8th St, Atlanta, GA 30301",January
142245,Macbook Pro Laptop,1,1700.0,2019-01-15 18:07:00,"245 Sunset St, San Francisco, CA 94016",January
148137,Macbook Pro Laptop,1,1700.0,2019-01-29 08:11:00,"343 North St, New York City, NY 10001",January
148936,Macbook Pro Laptop,1,1700.0,2019-01-24 16:56:00,"128 Cherry St, New York City, NY 10001",January
144616,Macbook Pro Laptop,1,1700.0,2019-01-19 12:08:00,"232 9th St, Atlanta, GA 30301",January
147738,Macbook Pro Laptop,1,1700.0,2019-01-06 20:13:00,"674 North St, San Francisco, CA 94016",January
149335,Macbook Pro Laptop,1,1700.0,2019-01-22 14:50:00,"970 Lakeview St, New York City, NY 10001",January
144232,Macbook Pro Laptop,1,1700.0,2019-01-09 14:34:00,"439 Forest St, San Francisco, CA 94016",January
145469,Macbook Pro Laptop,1,1700.0,2019-01-29 18:59:00,"828 Forest St, San Francisco, CA 94016",January
147834,Macbook Pro Laptop,1,1700.0,2019-01-04 20:38:00,"711 Lakeview St, Dallas, TX 75001",January
142666,Macbook Pro Laptop,1,1700.0,2019-01-14 10:42:00,"650 Johnson St, Los Angeles, CA 90001",January
149843,Macbook Pro Laptop,1,1700.0,2019-01-22 13:50:00,"315 Johnson St, Los Angeles, CA 90001",January
148046,Macbook Pro Laptop,1,1700.0,2019-01-13 23:32:00,"105 West St, Dallas, TX 75001",January
141495,Macbook Pro Laptop,1,1700.0,2019-01-19 18:02:00,"442 South St, Dallas, TX 75001",January
149072,Macbook Pro Laptop,1,1700.0,2019-01-07 13:51:00,"589 2nd St, New York City, NY 10001",January
146483,Macbook Pro Laptop,1,1700.0,2019-01-06 12:28:00,"282 Johnson St, New York City, NY 10001",January
149113,Macbook Pro Laptop,1,1700.0,2019-01-08 08:39:00,"122 Wilson St, San Francisco, CA 94016",January
143603,Macbook Pro Laptop,1,1700.0,2019-01-17 12:20:00,"580 5th St, Austin, TX 73301",January
143921,Macbook Pro Laptop,1,1700.0,2019-01-04 13:43:00,"241 Maple St, San Francisco, CA 94016",January
148115,Macbook Pro Laptop,1,1700.0,2019-01-04 19:20:00,"955 13th St, San Francisco, CA 94016",January
145731,Macbook Pro Laptop,1,1700.0,2019-01-29 10:19:00,"483 West St, San Francisco, CA 94016",January
148836,Macbook Pro Laptop,1,1700.0,2019-01-27 20:41:00,"879 Hickory St, Portland, OR 97035",January
141786,Macbook Pro Laptop,1,1700.0,2019-01-27 12:58:00,"728 River St, Boston, MA 02215",January
142177,Macbook Pro Laptop,1,1700.0,2019-01-13 14:39:00,"754 1st St, Portland, ME 04101",January
149071,Macbook Pro Laptop,1,1700.0,2019-01-13 10:53:00,"941 West St, Los Angeles, CA 90001",January
144227,Macbook Pro Laptop,1,1700.0,2019-01-01 21:42:00,"774 Main St, San Francisco, CA 94016",January
147398,Macbook Pro Laptop,1,1700.0,2019-01-21 12:22:00,"352 12th St, San Francisco, CA 94016",January
147932,Macbook Pro Laptop,1,1700.0,2019-01-01 12:59:00,"477 Main St, Boston, MA 02215",January
147671,Macbook Pro Laptop,1,1700.0,2019-01-13 13:07:00,"272 Dogwood St, New York City, NY 10001",January
147309,Macbook Pro Laptop,1,1700.0,2019-02-01 01:01:00,"594 South St, Dallas, TX 75001",February
145067,Macbook Pro Laptop,1,1700.0,2019-01-29 21:04:00,"863 Meadow St, Dallas, TX 75001",January
146345,Macbook Pro Laptop,1,1700.0,2019-01-08 11:52:00,"934 Sunset St, New York City, NY 10001",January
150142,Macbook Pro Laptop,1,1700.0,2019-01-08 08:03:00,"131 Johnson St, Los Angeles, CA 90001",January
149253,Macbook Pro Laptop,1,1700.0,2019-01-02 22:37:00,"589 Sunset St, San Francisco, CA 94016",January
148181,Macbook Pro Laptop,1,1700.0,2019-01-04 02:11:00,"1 Park St, New York City, NY 10001",January
146402,Macbook Pro Laptop,1,1700.0,2019-01-15 18:13:00,"223 Meadow St, Los Angeles, CA 90001",January
151884,Macbook Pro Laptop,1,1700.0,2019-02-07 22:01:00,"975 Forest St, San Francisco, CA 94016",February
159108,Macbook Pro Laptop,1,1700.0,2019-02-02 00:17:00,"642 Elm St, San Francisco, CA 94016",February
153772,Macbook Pro Laptop,1,1700.0,2019-02-06 00:03:00,"104 Meadow St, San Francisco, CA 94016",February
152301,Macbook Pro Laptop,1,1700.0,2019-02-12 10:01:00,"705 Spruce St, Los Angeles, CA 90001",February
158936,Macbook Pro Laptop,1,1700.0,2019-02-02 17:39:00,"206 12th St, New York City, NY 10001",February
152978,Macbook Pro Laptop,1,1700.0,2019-02-07 12:53:00,"813 9th St, Los Angeles, CA 90001",February
154841,Macbook Pro Laptop,1,1700.0,2019-02-28 21:16:00,"538 6th St, New York City, NY 10001",February
156033,Macbook Pro Laptop,1,1700.0,2019-02-07 17:37:00,"217 Highland St, Los Angeles, CA 90001",February
156292,Macbook Pro Laptop,1,1700.0,2019-02-27 23:40:00,"109 Church St, Atlanta, GA 30301",February
161285,Macbook Pro Laptop,1,1700.0,2019-02-20 17:33:00,"110 Spruce St, San Francisco, CA 94016",February
152134,Macbook Pro Laptop,1,1700.0,2019-02-15 12:16:00,"191 Highland St, New York City, NY 10001",February
158687,Macbook Pro Laptop,1,1700.0,2019-02-10 13:46:00,"298 South St, Atlanta, GA 30301",February
153294,Macbook Pro Laptop,1,1700.0,2019-02-23 12:28:00,"899 Washington St, Los Angeles, CA 90001",February
159534,Macbook Pro Laptop,1,1700.0,2019-02-01 15:20:00,"358 7th St, Austin, TX 73301",February
161844,Macbook Pro Laptop,1,1700.0,2019-02-24 20:41:00,"432 14th St, New York City, NY 10001",February
162003,Macbook Pro Laptop,1,1700.0,2019-02-15 18:31:00,"115 Spruce St, New York City, NY 10001",February
151718,Macbook Pro Laptop,1,1700.0,2019-02-13 22:01:00,"360 Forest St, New York City, NY 10001",February
159932,Macbook Pro Laptop,1,1700.0,2019-02-03 15:50:00,"375 Lincoln St, Portland, OR 97035",February
161962,Macbook Pro Laptop,1,1700.0,2019-02-12 17:28:00,"953 Maple St, San Francisco, CA 94016",February
154232,Macbook Pro Laptop,1,1700.0,2019-02-25 22:39:00,"994 5th St, Boston, MA 02215",February
157806,Macbook Pro Laptop,1,1700.0,2019-02-05 06:04:00,"484 Pine St, Dallas, TX 75001",February
160799,Macbook Pro Laptop,1,1700.0,2019-02-22 21:51:00,"561 Center St, Atlanta, GA 30301",February
156960,Macbook Pro Laptop,1,1700.0,2019-02-02 08:19:00,"527 Lincoln St, New York City, NY 10001",February
157748,Macbook Pro Laptop,1,1700.0,2019-02-17 21:19:00,"995 9th St, Seattle, WA 98101",February
159288,Macbook Pro Laptop,1,1700.0,2019-02-05 06:37:00,"862 River St, Los Angeles, CA 90001",February
155281,Macbook Pro Laptop,1,1700.0,2019-02-08 16:08:00,"265 Dogwood St, San Francisco, CA 94016",February
160763,Macbook Pro Laptop,1,1700.0,2019-02-24 18:32:00,"874 4th St, San Francisco, CA 94016",February
161012,Macbook Pro Laptop,1,1700.0,2019-02-16 18:57:00,"99 South St, Los Angeles, CA 90001",February
152517,Macbook Pro Laptop,1,1700.0,2019-02-14 16:53:00,"6 6th St, New York City, NY 10001",February
160528,Macbook Pro Laptop,1,1700.0,2019-02-07 06:21:00,"661 Madison St, Seattle, WA 98101",February
156420,Macbook Pro Laptop,1,1700.0,2019-02-16 09:24:00,"488 Lake St, San Francisco, CA 94016",February
157227,Macbook Pro Laptop,1,1700.0,2019-02-25 15:34:00,"815 North St, Austin, TX 73301",February
153100,Macbook Pro Laptop,1,1700.0,2019-02-27 18:52:00,"959 Jefferson St, Dallas, TX 75001",February
151584,Macbook Pro Laptop,1,1700.0,2019-02-28 17:21:00,"254 5th St, Austin, TX 73301",February
152363,Macbook Pro Laptop,1,1700.0,2019-02-27 09:46:00,"307 Lake St, Seattle, WA 98101",February
152400,Macbook Pro Laptop,1,1700.0,2019-02-10 15:17:00,"971 Wilson St, Los Angeles, CA 90001",February
155790,Macbook Pro Laptop,1,1700.0,2019-02-15 17:17:00,"9 Jefferson St, Boston, MA 02215",February
156298,Macbook Pro Laptop,1,1700.0,2019-02-19 15:40:00,"761 Highland St, San Francisco, CA 94016",February
158831,Macbook Pro Laptop,1,1700.0,2019-02-10 13:18:00,"39 Washington St, Portland, ME 04101",February
150798,Macbook Pro Laptop,1,1700.0,2019-02-08 11:56:00,"931 Dogwood St, New York City, NY 10001",February
153230,Macbook Pro Laptop,1,1700.0,2019-02-28 20:05:00,"658 Hill St, Dallas, TX 75001",February
155963,Macbook Pro Laptop,1,1700.0,2019-02-23 07:18:00,"512 Park St, Los Angeles, CA 90001",February
161622,Macbook Pro Laptop,1,1700.0,2019-02-10 23:38:00,"646 Cedar St, New York City, NY 10001",February
152707,Macbook Pro Laptop,1,1700.0,2019-02-03 12:24:00,"540 Washington St, Los Angeles, CA 90001",February
156728,Macbook Pro Laptop,1,1700.0,2019-02-24 20:40:00,"73 Walnut St, Los Angeles, CA 90001",February
162495,Macbook Pro Laptop,1,1700.0,2019-03-02 11:38:00,"292 Cherry St, Los Angeles, CA 90001",March
168856,Macbook Pro Laptop,1,1700.0,2019-03-16 13:11:00,"848 Church St, Portland, OR 97035",March
165427,Macbook Pro Laptop,1,1700.0,2019-03-01 18:50:00,"670 Madison St, Portland, OR 97035",March
167121,Macbook Pro Laptop,1,1700.0,2019-03-08 08:24:00,"439 Lincoln St, Atlanta, GA 30301",March
170321,Macbook Pro Laptop,1,1700.0,2019-03-23 10:17:00,"892 Highland St, Dallas, TX 75001",March
171599,Macbook Pro Laptop,1,1700.0,2019-03-23 13:22:00,"945 West St, Los Angeles, CA 90001",March
172235,Macbook Pro Laptop,1,1700.0,2019-03-09 18:46:00,"826 6th St, San Francisco, CA 94016",March
176190,Macbook Pro Laptop,1,1700.0,2019-03-02 20:26:00,"246 Church St, Boston, MA 02215",March
172784,Macbook Pro Laptop,1,1700.0,2019-03-18 23:28:00,"80 Johnson St, San Francisco, CA 94016",March
173889,Macbook Pro Laptop,1,1700.0,2019-03-06 12:00:00,"167 North St, San Francisco, CA 94016",March
169718,Macbook Pro Laptop,1,1700.0,2019-03-18 10:09:00,"289 12th St, Los Angeles, CA 90001",March
170818,Macbook Pro Laptop,1,1700.0,2019-03-13 20:54:00,"587 North St, Austin, TX 73301",March
171361,Macbook Pro Laptop,1,1700.0,2019-03-26 17:08:00,"431 Main St, New York City, NY 10001",March
175983,Macbook Pro Laptop,1,1700.0,2019-03-20 14:04:00,"200 Hill St, Austin, TX 73301",March
166890,Macbook Pro Laptop,1,1700.0,2019-03-27 20:07:00,"933 Walnut St, New York City, NY 10001",March
162549,Macbook Pro Laptop,1,1700.0,2019-03-26 08:09:00,"303 6th St, Portland, OR 97035",March
163549,Macbook Pro Laptop,1,1700.0,2019-03-14 11:23:00,"735 Lincoln St, New York City, NY 10001",March
166154,Macbook Pro Laptop,1,1700.0,2019-03-15 12:49:00,"727 Wilson St, San Francisco, CA 94016",March
174498,Macbook Pro Laptop,1,1700.0,2019-03-25 12:30:00,"38 Walnut St, New York City, NY 10001",March
164064,Macbook Pro Laptop,1,1700.0,2019-03-12 00:22:00,"875 10th St, New York City, NY 10001",March
167848,Macbook Pro Laptop,1,1700.0,2019-03-08 17:11:00,"124 Pine St, Los Angeles, CA 90001",March
175171,Macbook Pro Laptop,1,1700.0,2019-03-25 13:45:00,"737 Jefferson St, Dallas, TX 75001",March
175922,Macbook Pro Laptop,1,1700.0,2019-03-12 08:54:00,"467 14th St, San Francisco, CA 94016",March
162652,Macbook Pro Laptop,1,1700.0,2019-03-21 20:49:00,"165 Church St, Boston, MA 02215",March
165279,Macbook Pro Laptop,1,1700.0,2019-03-16 13:21:00,"761 Pine St, Austin, TX 73301",March
171892,Macbook Pro Laptop,1,1700.0,2019-03-05 17:53:00,"353 Jefferson St, Boston, MA 02215",March
164948,Macbook Pro Laptop,1,1700.0,2019-03-22 11:02:00,"753 4th St, Dallas, TX 75001",March
163022,Macbook Pro Laptop,1,1700.0,2019-03-26 21:13:00,"66 Johnson St, New York City, NY 10001",March
166134,Macbook Pro Laptop,1,1700.0,2019-03-09 21:35:00,"957 Highland St, Seattle, WA 98101",March
175879,Macbook Pro Laptop,1,1700.0,2019-03-18 02:12:00,"759 Cedar St, Dallas, TX 75001",March
176026,Macbook Pro Laptop,1,1700.0,2019-03-12 18:05:00,"503 14th St, New York City, NY 10001",March
162181,Macbook Pro Laptop,1,1700.0,2019-03-03 13:15:00,"423 Lake St, Los Angeles, CA 90001",March
174530,Macbook Pro Laptop,1,1700.0,2019-03-22 00:00:00,"428 Lakeview St, Dallas, TX 75001",March
168134,Macbook Pro Laptop,1,1700.0,2019-03-29 12:16:00,"499 Pine St, San Francisco, CA 94016",March
173661,Macbook Pro Laptop,1,1700.0,2019-03-28 12:31:00,"613 9th St, Atlanta, GA 30301",March
163536,Macbook Pro Laptop,1,1700.0,2019-03-08 16:44:00,"413 8th St, San Francisco, CA 94016",March
164118,Macbook Pro Laptop,1,1700.0,2019-03-13 20:39:00,"167 Hill St, Portland, OR 97035",March
169944,Macbook Pro Laptop,1,1700.0,2019-03-05 15:42:00,"311 Maple St, San Francisco, CA 94016",March
175339,Macbook Pro Laptop,1,1700.0,2019-03-29 01:17:00,"332 Willow St, San Francisco, CA 94016",March
176283,Macbook Pro Laptop,1,1700.0,2019-03-14 18:19:00,"724 Cedar St, Dallas, TX 75001",March
166022,Macbook Pro Laptop,1,1700.0,2019-03-18 11:59:00,"889 Chestnut St, Portland, OR 97035",March
174064,Macbook Pro Laptop,1,1700.0,2019-03-20 17:05:00,"525 Elm St, San Francisco, CA 94016",March
168377,Macbook Pro Laptop,1,1700.0,2019-03-09 21:37:00,"585 Ridge St, Los Angeles, CA 90001",March
169899,Macbook Pro Laptop,1,1700.0,2019-03-23 08:28:00,"604 Lakeview St, Boston, MA 02215",March
171702,Macbook Pro Laptop,1,1700.0,2019-03-24 13:06:00,"757 Washington St, Seattle, WA 98101",March
164694,Macbook Pro Laptop,1,1700.0,2019-03-10 11:57:00,"195 Park St, San Francisco, CA 94016",March
169091,Macbook Pro Laptop,1,1700.0,2019-03-19 00:54:00,"44 Johnson St, Los Angeles, CA 90001",March
171395,Macbook Pro Laptop,1,1700.0,2019-03-09 14:20:00,"636 Lake St, Atlanta, GA 30301",March
167293,Macbook Pro Laptop,1,1700.0,2019-03-30 17:54:00,"790 Adams St, Portland, OR 97035",March
170686,Macbook Pro Laptop,1,1700.0,2019-03-09 08:09:00,"872 2nd St, Boston, MA 02215",March
170862,Macbook Pro Laptop,1,1700.0,2019-03-26 20:58:00,"791 Wilson St, Los Angeles, CA 90001",March
170889,Macbook Pro Laptop,1,1700.0,2019-03-22 07:28:00,"909 1st St, Seattle, WA 98101",March
162704,Macbook Pro Laptop,1,1700.0,2019-03-11 20:06:00,"587 Jackson St, Los Angeles, CA 90001",March
170932,Macbook Pro Laptop,1,1700.0,2019-03-05 11:52:00,"330 Lake St, Atlanta, GA 30301",March
175644,Macbook Pro Laptop,1,1700.0,2019-03-23 13:39:00,"517 11th St, Boston, MA 02215",March
164563,Macbook Pro Laptop,1,1700.0,2019-03-25 23:46:00,"122 Main St, Seattle, WA 98101",March
168653,Macbook Pro Laptop,1,1700.0,2019-03-26 21:52:00,"369 Chestnut St, Seattle, WA 98101",March
164636,Macbook Pro Laptop,1,1700.0,2019-03-22 21:40:00,"893 Madison St, Boston, MA 02215",March
164644,Macbook Pro Laptop,1,1700.0,2019-03-08 16:37:00,"963 Park St, Austin, TX 73301",March
167418,Macbook Pro Laptop,1,1700.0,2019-03-18 09:01:00,"463 11th St, Dallas, TX 75001",March
177534,Macbook Pro Laptop,1,1700.0,2019-04-26 16:49:00,"504 Hill St, Los Angeles, CA 90001",April
178143,Macbook Pro Laptop,1,1700.0,2019-04-28 13:41:00,"268 Forest St, San Francisco, CA 94016",April
178168,Macbook Pro Laptop,1,1700.0,2019-04-21 14:48:00,"583 Washington St, New York City, NY 10001",April
179741,Macbook Pro Laptop,1,1700.0,2019-04-29 12:52:00,"454 Lakeview St, New York City, NY 10001",April
185696,Macbook Pro Laptop,1,1700.0,2019-04-16 13:16:00,"957 Elm St, Los Angeles, CA 90001",April
193100,Macbook Pro Laptop,1,1700.0,2019-04-02 21:35:00,"341 Park St, Los Angeles, CA 90001",April
176646,Macbook Pro Laptop,1,1700.0,2019-04-22 07:14:00,"657 Adams St, Portland, OR 97035",April
180896,Macbook Pro Laptop,1,1700.0,2019-04-03 22:58:00,"775 Cherry St, Boston, MA 02215",April
185813,Macbook Pro Laptop,1,1700.0,2019-04-23 21:15:00,"643 10th St, San Francisco, CA 94016",April
180834,Macbook Pro Laptop,1,1700.0,2019-04-29 08:08:00,"12 Washington St, New York City, NY 10001",April
182026,Macbook Pro Laptop,1,1700.0,2019-04-19 11:30:00,"778 Jackson St, Seattle, WA 98101",April
186534,Macbook Pro Laptop,1,1700.0,2019-04-05 10:36:00,"689 4th St, San Francisco, CA 94016",April
181535,Macbook Pro Laptop,1,1700.0,2019-04-14 02:33:00,"283 Maple St, Los Angeles, CA 90001",April
191121,Macbook Pro Laptop,1,1700.0,2019-04-24 02:05:00,"77 Chestnut St, Los Angeles, CA 90001",April
183168,Macbook Pro Laptop,1,1700.0,2019-04-27 11:28:00,"875 Pine St, Portland, OR 97035",April
187854,Macbook Pro Laptop,1,1700.0,2019-04-06 19:07:00,"579 Madison St, Portland, OR 97035",April
188401,Macbook Pro Laptop,1,1700.0,2019-04-05 12:56:00,"265 Walnut St, New York City, NY 10001",April
188819,Macbook Pro Laptop,1,1700.0,2019-04-29 20:43:00,"812 Wilson St, Dallas, TX 75001",April
193885,Macbook Pro Laptop,1,1700.0,2019-04-16 08:47:00,"837 6th St, Austin, TX 73301",April
181768,Macbook Pro Laptop,1,1700.0,2019-04-15 22:16:00,"450 Ridge St, San Francisco, CA 94016",April
183806,Macbook Pro Laptop,1,1700.0,2019-04-23 15:04:00,"572 River St, New York City, NY 10001",April
190475,Macbook Pro Laptop,1,1700.0,2019-04-16 14:50:00,"159 1st St, Los Angeles, CA 90001",April
193051,Macbook Pro Laptop,1,1700.0,2019-04-21 13:50:00,"410 West St, Los Angeles, CA 90001",April
184404,Macbook Pro Laptop,1,1700.0,2019-04-07 20:13:00,"842 West St, San Francisco, CA 94016",April
187898,Macbook Pro Laptop,1,1700.0,2019-04-15 14:06:00,"26 Highland St, San Francisco, CA 94016",April
177217,Macbook Pro Laptop,1,1700.0,2019-04-15 16:13:00,"262 Willow St, New York City, NY 10001",April
185835,Macbook Pro Laptop,1,1700.0,2019-04-05 08:11:00,"125 South St, San Francisco, CA 94016",April
193002,Macbook Pro Laptop,1,1700.0,2019-04-29 20:26:00,"625 Madison St, Austin, TX 73301",April
178018,Macbook Pro Laptop,1,1700.0,2019-04-27 15:23:00,"378 Dogwood St, Portland, OR 97035",April
184784,Macbook Pro Laptop,1,1700.0,2019-04-14 10:43:00,"150 Cherry St, Atlanta, GA 30301",April
188087,Macbook Pro Laptop,1,1700.0,2019-04-01 21:03:00,"748 12th St, Seattle, WA 98101",April
185651,Macbook Pro Laptop,1,1700.0,2019-04-18 01:16:00,"172 Spruce St, Los Angeles, CA 90001",April
177182,Macbook Pro Laptop,1,1700.0,2019-04-10 22:00:00,"332 10th St, Los Angeles, CA 90001",April
177535,Macbook Pro Laptop,1,1700.0,2019-04-14 09:26:00,"305 Center St, Boston, MA 02215",April
193373,Macbook Pro Laptop,1,1700.0,2019-04-29 23:57:00,"744 Willow St, New York City, NY 10001",April
193796,Macbook Pro Laptop,1,1700.0,2019-04-14 11:17:00,"649 River St, Austin, TX 73301",April
179965,Macbook Pro Laptop,1,1700.0,2019-04-30 15:23:00,"45 Cedar St, Seattle, WA 98101",April
186026,Macbook Pro Laptop,1,1700.0,2019-04-29 21:44:00,"213 Washington St, Boston, MA 02215",April
189806,Macbook Pro Laptop,1,1700.0,2019-05-01 00:52:00,"928 Dogwood St, Dallas, TX 75001",May
190334,Macbook Pro Laptop,1,1700.0,2019-04-06 12:44:00,"229 Cedar St, Los Angeles, CA 90001",April
179242,Macbook Pro Laptop,1,1700.0,2019-04-10 21:45:00,"669 Park St, Portland, OR 97035",April
183938,Macbook Pro Laptop,1,1700.0,2019-04-26 09:09:00,"932 Dogwood St, Los Angeles, CA 90001",April
189667,Macbook Pro Laptop,1,1700.0,2019-04-06 19:13:00,"832 5th St, New York City, NY 10001",April
180998,Macbook Pro Laptop,1,1700.0,2019-04-02 13:49:00,"96 Willow St, Los Angeles, CA 90001",April
183385,Macbook Pro Laptop,1,1700.0,2019-04-29 11:54:00,"263 South St, Austin, TX 73301",April
193133,Macbook Pro Laptop,1,1700.0,2019-04-28 18:16:00,"2 Church St, Portland, OR 97035",April
190855,Macbook Pro Laptop,1,1700.0,2019-04-24 11:00:00,"200 6th St, Atlanta, GA 30301",April
178472,Macbook Pro Laptop,1,1700.0,2019-04-03 12:35:00,"789 4th St, San Francisco, CA 94016",April
182979,Macbook Pro Laptop,1,1700.0,2019-04-10 21:30:00,"542 Jefferson St, San Francisco, CA 94016",April
188985,Macbook Pro Laptop,1,1700.0,2019-04-12 00:38:00,"962 Forest St, Austin, TX 73301",April
193366,Macbook Pro Laptop,1,1700.0,2019-04-01 14:51:00,"966 5th St, New York City, NY 10001",April
182751,Macbook Pro Laptop,1,1700.0,2019-04-12 19:29:00,"233 Main St, San Francisco, CA 94016",April
184000,Macbook Pro Laptop,1,1700.0,2019-04-05 11:09:00,"13 Ridge St, New York City, NY 10001",April
190200,Macbook Pro Laptop,1,1700.0,2019-04-18 13:02:00,"508 Main St, Portland, OR 97035",April
190595,Macbook Pro Laptop,1,1700.0,2019-04-29 03:17:00,"25 Wilson St, San Francisco, CA 94016",April
192289,Macbook Pro Laptop,1,1700.0,2019-04-29 23:39:00,"720 River St, Portland, OR 97035",April
184264,Macbook Pro Laptop,1,1700.0,2019-04-24 22:17:00,"325 Meadow St, Atlanta, GA 30301",April
187600,Macbook Pro Laptop,1,1700.0,2019-04-26 22:28:00,"301 9th St, Atlanta, GA 30301",April
183434,Macbook Pro Laptop,1,1700.0,2019-04-26 15:46:00,"419 6th St, Atlanta, GA 30301",April
189008,Macbook Pro Laptop,1,1700.0,2019-04-26 23:39:00,"754 Hickory St, Dallas, TX 75001",April
193815,Macbook Pro Laptop,1,1700.0,2019-04-03 23:47:00,"614 Washington St, San Francisco, CA 94016",April
193824,Macbook Pro Laptop,1,1700.0,2019-04-14 19:01:00,"359 9th St, San Francisco, CA 94016",April
188129,Macbook Pro Laptop,1,1700.0,2019-04-05 04:35:00,"65 9th St, Atlanta, GA 30301",April
178625,Macbook Pro Laptop,1,1700.0,2019-04-27 16:10:00,"161 6th St, San Francisco, CA 94016",April
183891,Macbook Pro Laptop,1,1700.0,2019-04-14 17:31:00,"705 Jackson St, San Francisco, CA 94016",April
184071,Macbook Pro Laptop,1,1700.0,2019-04-07 21:17:00,"710 Willow St, Dallas, TX 75001",April
184100,Macbook Pro Laptop,1,1700.0,2019-04-10 21:56:00,"543 9th St, New York City, NY 10001",April
184259,Macbook Pro Laptop,1,1700.0,2019-04-27 18:31:00,"931 Lake St, Los Angeles, CA 90001",April
190778,Macbook Pro Laptop,1,1700.0,2019-04-24 10:11:00,"540 Meadow St, Seattle, WA 98101",April
185837,Macbook Pro Laptop,1,1700.0,2019-04-07 19:59:00,"822 Madison St, San Francisco, CA 94016",April
187177,Macbook Pro Laptop,1,1700.0,2019-04-25 10:23:00,"979 Park St, Boston, MA 02215",April
192866,Macbook Pro Laptop,1,1700.0,2019-04-28 07:54:00,"758 Forest St, Dallas, TX 75001",April
177890,Macbook Pro Laptop,1,1700.0,2019-04-08 15:47:00,"486 Park St, New York City, NY 10001",April
180110,Macbook Pro Laptop,1,1700.0,2019-04-16 17:52:00,"962 4th St, Seattle, WA 98101",April
185184,Macbook Pro Laptop,1,1700.0,2019-04-03 18:33:00,"685 Sunset St, New York City, NY 10001",April
184671,Macbook Pro Laptop,1,1700.0,2019-04-12 11:52:00,"717 6th St, San Francisco, CA 94016",April
188170,Macbook Pro Laptop,1,1700.0,2019-04-20 16:08:00,"461 Elm St, New York City, NY 10001",April
189068,Macbook Pro Laptop,1,1700.0,2019-04-24 11:42:00,"402 Walnut St, Los Angeles, CA 90001",April
189273,Macbook Pro Laptop,1,1700.0,2019-04-14 00:52:00,"553 West St, Dallas, TX 75001",April
179636,Macbook Pro Laptop,1,1700.0,2019-04-26 12:46:00,"209 11th St, New York City, NY 10001",April
179753,Macbook Pro Laptop,1,1700.0,2019-04-04 09:49:00,"25 Walnut St, San Francisco, CA 94016",April
188223,Macbook Pro Laptop,1,1700.0,2019-04-26 10:49:00,"890 Washington St, Boston, MA 02215",April
192439,Macbook Pro Laptop,1,1700.0,2019-04-10 12:29:00,"252 Highland St, San Francisco, CA 94016",April
179675,Macbook Pro Laptop,1,1700.0,2019-04-15 18:12:00,"397 Madison St, Los Angeles, CA 90001",April
186955,Macbook Pro Laptop,1,1700.0,2019-04-01 20:58:00,"621 Jefferson St, Portland, OR 97035",April
189873,Macbook Pro Laptop,1,1700.0,2019-04-06 11:04:00,"654 Maple St, Boston, MA 02215",April
191906,Macbook Pro Laptop,1,1700.0,2019-04-21 13:25:00,"168 Lakeview St, Boston, MA 02215",April
193809,Macbook Pro Laptop,1,1700.0,2019-04-11 15:29:00,"245 Dogwood St, Los Angeles, CA 90001",April
182110,Macbook Pro Laptop,1,1700.0,2019-04-27 22:42:00,"302 Forest St, Boston, MA 02215",April
178759,Macbook Pro Laptop,1,1700.0,2019-04-19 18:32:00,"452 10th St, Atlanta, GA 30301",April
182633,Macbook Pro Laptop,1,1700.0,2019-04-23 10:53:00,"985 South St, San Francisco, CA 94016",April
187412,Macbook Pro Laptop,1,1700.0,2019-04-10 14:07:00,"951 Dogwood St, New York City, NY 10001",April
188922,Macbook Pro Laptop,1,1700.0,2019-04-13 16:39:00,"904 Jefferson St, San Francisco, CA 94016",April
196668,Macbook Pro Laptop,1,1700.0,2019-05-24 15:58:00,"93 12th St, San Francisco, CA 94016",May
199820,Macbook Pro Laptop,1,1700.0,2019-05-03 20:44:00,"286 4th St, San Francisco, CA 94016",May
194971,Macbook Pro Laptop,1,1700.0,2019-05-20 07:17:00,"29 Church St, San Francisco, CA 94016",May
194156,Macbook Pro Laptop,1,1700.0,2019-05-20 18:32:00,"67 12th St, Boston, MA 02215",May
207925,Macbook Pro Laptop,1,1700.0,2019-05-07 08:16:00,"481 Church St, Atlanta, GA 30301",May
208277,Macbook Pro Laptop,1,1700.0,2019-05-01 08:30:00,"733 Meadow St, New York City, NY 10001",May
208201,Macbook Pro Laptop,1,1700.0,2019-05-22 12:32:00,"649 Main St, New York City, NY 10001",May
197681,Macbook Pro Laptop,1,1700.0,2019-05-15 13:24:00,"270 6th St, New York City, NY 10001",May
200009,Macbook Pro Laptop,1,1700.0,2019-05-15 01:34:00,"925 Madison St, Atlanta, GA 30301",May
200608,Macbook Pro Laptop,1,1700.0,2019-05-25 22:42:00,"479 South St, Los Angeles, CA 90001",May
204468,Macbook Pro Laptop,1,1700.0,2019-05-21 21:02:00,"567 North St, Los Angeles, CA 90001",May
207523,Macbook Pro Laptop,1,1700.0,2019-05-04 14:57:00,"872 2nd St, Los Angeles, CA 90001",May
208956,Macbook Pro Laptop,1,1700.0,2019-05-03 12:02:00,"929 Chestnut St, Austin, TX 73301",May
195790,Macbook Pro Laptop,1,1700.0,2019-05-22 21:35:00,"427 South St, San Francisco, CA 94016",May
196841,Macbook Pro Laptop,1,1700.0,2019-05-28 15:36:00,"117 7th St, San Francisco, CA 94016",May
201725,Macbook Pro Laptop,1,1700.0,2019-05-10 17:31:00,"427 Church St, Boston, MA 02215",May
204054,Macbook Pro Laptop,1,1700.0,2019-05-27 13:02:00,"585 North St, San Francisco, CA 94016",May
206987,Macbook Pro Laptop,1,1700.0,2019-05-26 01:12:00,"816 Adams St, Atlanta, GA 30301",May
207008,Macbook Pro Laptop,1,1700.0,2019-05-19 07:35:00,"594 Adams St, Los Angeles, CA 90001",May
197739,Macbook Pro Laptop,1,1700.0,2019-05-30 13:46:00,"359 Park St, Portland, OR 97035",May
203944,Macbook Pro Laptop,1,1700.0,2019-05-05 11:07:00,"246 Cherry St, Los Angeles, CA 90001",May
194651,Macbook Pro Laptop,1,1700.0,2019-05-07 14:46:00,"695 Lakeview St, New York City, NY 10001",May
197885,Macbook Pro Laptop,1,1700.0,2019-05-26 12:36:00,"930 Church St, Portland, OR 97035",May
201487,Macbook Pro Laptop,1,1700.0,2019-05-21 13:25:00,"663 Adams St, New York City, NY 10001",May
205530,Macbook Pro Laptop,1,1700.0,2019-05-03 17:58:00,"853 1st St, San Francisco, CA 94016",May
206322,Macbook Pro Laptop,1,1700.0,2019-05-19 18:36:00,"635 10th St, San Francisco, CA 94016",May
208510,Macbook Pro Laptop,1,1700.0,2019-05-26 11:35:00,"679 Cherry St, Los Angeles, CA 90001",May
209194,Macbook Pro Laptop,1,1700.0,2019-05-20 23:02:00,"679 Dogwood St, Dallas, TX 75001",May
209663,Macbook Pro Laptop,1,1700.0,2019-05-30 12:52:00,"68 North St, Dallas, TX 75001",May
197564,Macbook Pro Laptop,1,1700.0,2019-05-06 19:54:00,"832 Wilson St, San Francisco, CA 94016",May
197427,Macbook Pro Laptop,1,1700.0,2019-05-18 17:18:00,"703 Pine St, San Francisco, CA 94016",May
199930,Macbook Pro Laptop,1,1700.0,2019-05-16 06:30:00,"916 Dogwood St, Dallas, TX 75001",May
204039,Macbook Pro Laptop,1,1700.0,2019-05-06 21:13:00,"842 Park St, Austin, TX 73301",May
205922,Macbook Pro Laptop,1,1700.0,2019-05-13 11:33:00,"365 Adams St, San Francisco, CA 94016",May
196887,Macbook Pro Laptop,1,1700.0,2019-05-03 17:20:00,"432 Hickory St, San Francisco, CA 94016",May
206066,Macbook Pro Laptop,1,1700.0,2019-05-17 13:06:00,"76 Pine St, Austin, TX 73301",May
195192,Macbook Pro Laptop,1,1700.0,2019-05-21 12:17:00,"510 West St, Los Angeles, CA 90001",May
196455,Macbook Pro Laptop,1,1700.0,2019-05-26 16:48:00,"566 Maple St, Los Angeles, CA 90001",May
204570,Macbook Pro Laptop,1,1700.0,2019-05-31 11:39:00,"755 Willow St, Los Angeles, CA 90001",May
206836,Macbook Pro Laptop,1,1700.0,2019-05-20 18:08:00,"333 Jackson St, Dallas, TX 75001",May
204171,Macbook Pro Laptop,1,1700.0,2019-05-29 13:11:00,"986 7th St, Boston, MA 02215",May
201539,Macbook Pro Laptop,1,1700.0,2019-05-12 12:28:00,"428 Chestnut St, Los Angeles, CA 90001",May
202588,Macbook Pro Laptop,1,1700.0,2019-05-18 13:04:00,"879 1st St, Portland, OR 97035",May
205706,Macbook Pro Laptop,1,1700.0,2019-05-28 18:53:00,"588 Center St, New York City, NY 10001",May
208648,Macbook Pro Laptop,1,1700.0,2019-05-22 11:44:00,"244 14th St, New York City, NY 10001",May
206612,Macbook Pro Laptop,1,1700.0,2019-05-03 07:47:00,"416 Lakeview St, Los Angeles, CA 90001",May
195288,Macbook Pro Laptop,1,1700.0,2019-05-12 18:57:00,"176 Lakeview St, San Francisco, CA 94016",May
203409,Macbook Pro Laptop,1,1700.0,2019-05-05 12:02:00,"734 8th St, Austin, TX 73301",May
204276,Macbook Pro Laptop,1,1700.0,2019-05-04 11:31:00,"189 River St, Los Angeles, CA 90001",May
204287,Macbook Pro Laptop,1,1700.0,2019-05-24 18:06:00,"262 5th St, Los Angeles, CA 90001",May
206766,Macbook Pro Laptop,1,1700.0,2019-05-10 00:34:00,"924 Hill St, Atlanta, GA 30301",May
198214,Macbook Pro Laptop,1,1700.0,2019-05-04 13:33:00,"644 River St, Boston, MA 02215",May
205884,Macbook Pro Laptop,1,1700.0,2019-05-29 11:52:00,"237 7th St, San Francisco, CA 94016",May
206460,Macbook Pro Laptop,1,1700.0,2019-05-02 12:40:00,"975 River St, Seattle, WA 98101",May
198491,Macbook Pro Laptop,1,1700.0,2019-05-09 07:13:00,"870 11th St, New York City, NY 10001",May
199736,Macbook Pro Laptop,1,1700.0,2019-05-12 10:43:00,"307 6th St, Boston, MA 02215",May
205279,Macbook Pro Laptop,1,1700.0,2019-05-09 16:13:00,"967 10th St, Seattle, WA 98101",May
199474,Macbook Pro Laptop,1,1700.0,2019-05-23 07:25:00,"55 Lake St, San Francisco, CA 94016",May
201064,Macbook Pro Laptop,1,1700.0,2019-05-15 12:56:00,"912 14th St, Portland, OR 97035",May
202207,Macbook Pro Laptop,1,1700.0,2019-05-10 20:35:00,"180 Johnson St, Los Angeles, CA 90001",May
195094,Macbook Pro Laptop,1,1700.0,2019-05-05 06:01:00,"501 8th St, San Francisco, CA 94016",May
196559,Macbook Pro Laptop,1,1700.0,2019-05-19 19:45:00,"589 9th St, Los Angeles, CA 90001",May
199602,Macbook Pro Laptop,1,1700.0,2019-05-09 14:43:00,"617 North St, Dallas, TX 75001",May
209098,Macbook Pro Laptop,1,1700.0,2019-05-10 22:29:00,"859 Washington St, New York City, NY 10001",May
194166,Macbook Pro Laptop,1,1700.0,2019-05-06 13:30:00,"435 North St, San Francisco, CA 94016",May
199569,Macbook Pro Laptop,1,1700.0,2019-05-08 19:59:00,"645 Walnut St, San Francisco, CA 94016",May
203384,Macbook Pro Laptop,1,1700.0,2019-05-24 10:45:00,"434 Spruce St, San Francisco, CA 94016",May
208596,Macbook Pro Laptop,1,1700.0,2019-05-09 12:48:00,"923 West St, Dallas, TX 75001",May
197881,Macbook Pro Laptop,1,1700.0,2019-05-29 01:35:00,"511 Wilson St, Atlanta, GA 30301",May
200318,Macbook Pro Laptop,1,1700.0,2019-05-03 14:17:00,"310 5th St, New York City, NY 10001",May
204910,Macbook Pro Laptop,1,1700.0,2019-05-28 00:20:00,"979 Chestnut St, San Francisco, CA 94016",May
206869,Macbook Pro Laptop,1,1700.0,2019-05-30 20:57:00,"62 Hickory St, Dallas, TX 75001",May
208312,Macbook Pro Laptop,1,1700.0,2019-05-19 19:51:00,"785 11th St, Austin, TX 73301",May
199135,Macbook Pro Laptop,1,1700.0,2019-05-15 19:18:00,"564 Church St, Boston, MA 02215",May
206985,Macbook Pro Laptop,1,1700.0,2019-05-12 21:16:00,"725 Hill St, Atlanta, GA 30301",May
194800,Macbook Pro Laptop,1,1700.0,2019-05-25 21:26:00,"143 Hill St, Seattle, WA 98101",May
209561,Macbook Pro Laptop,1,1700.0,2019-05-04 20:31:00,"157 Lincoln St, New York City, NY 10001",May
211410,Macbook Pro Laptop,1,1700.0,2019-06-23 11:43:00,"161 Church St, San Francisco, CA 94016",June
212325,Macbook Pro Laptop,1,1700.0,2019-06-28 13:14:00,"511 4th St, San Francisco, CA 94016",June
222102,Macbook Pro Laptop,1,1700.0,2019-06-29 18:29:00,"344 Meadow St, San Francisco, CA 94016",June
215719,Macbook Pro Laptop,1,1700.0,2019-06-01 16:43:00,"450 Highland St, Boston, MA 02215",June
218013,Macbook Pro Laptop,1,1700.0,2019-06-08 20:45:00,"891 Lakeview St, San Francisco, CA 94016",June
222765,Macbook Pro Laptop,1,1700.0,2019-06-14 21:33:00,"319 6th St, Portland, OR 97035",June
217351,Macbook Pro Laptop,1,1700.0,2019-06-27 06:47:00,"181 14th St, San Francisco, CA 94016",June
215579,Macbook Pro Laptop,1,1700.0,2019-06-11 07:52:00,"234 Maple St, New York City, NY 10001",June
211058,Macbook Pro Laptop,1,1700.0,2019-06-22 15:55:00,"438 13th St, Austin, TX 73301",June
212235,Macbook Pro Laptop,1,1700.0,2019-06-19 20:13:00,"668 11th St, Austin, TX 73301",June
222174,Macbook Pro Laptop,1,1700.0,2019-06-04 15:59:00,"576 Lincoln St, Portland, OR 97035",June
211623,Macbook Pro Laptop,1,1700.0,2019-06-04 10:24:00,"444 7th St, Boston, MA 02215",June
217263,Macbook Pro Laptop,1,1700.0,2019-06-18 17:08:00,"163 Maple St, Dallas, TX 75001",June
221708,Macbook Pro Laptop,1,1700.0,2019-06-27 16:13:00,"338 Cherry St, Austin, TX 73301",June
216805,Macbook Pro Laptop,1,1700.0,2019-06-09 16:50:00,"524 Elm St, Seattle, WA 98101",June
221984,Macbook Pro Laptop,1,1700.0,2019-06-14 21:07:00,"658 4th St, Seattle, WA 98101",June
217874,Macbook Pro Laptop,1,1700.0,2019-06-07 01:21:00,"911 1st St, Los Angeles, CA 90001",June
212744,Macbook Pro Laptop,1,1700.0,2019-06-02 13:18:00,"264 Lake St, New York City, NY 10001",June
220285,Macbook Pro Laptop,1,1700.0,2019-06-11 10:52:00,"192 10th St, San Francisco, CA 94016",June
212540,Macbook Pro Laptop,1,1700.0,2019-06-13 15:03:00,"435 Center St, Los Angeles, CA 90001",June
212730,Macbook Pro Laptop,1,1700.0,2019-06-02 12:47:00,"566 Chestnut St, San Francisco, CA 94016",June
212981,Macbook Pro Laptop,1,1700.0,2019-06-08 19:29:00,"370 West St, Atlanta, GA 30301",June
213164,Macbook Pro Laptop,1,1700.0,2019-06-15 18:11:00,"928 Forest St, Los Angeles, CA 90001",June
221635,Macbook Pro Laptop,1,1700.0,2019-06-21 15:37:00,"698 Highland St, San Francisco, CA 94016",June
214243,Macbook Pro Laptop,1,1700.0,2019-06-19 21:14:00,"167 Meadow St, Los Angeles, CA 90001",June
214278,Macbook Pro Laptop,1,1700.0,2019-06-28 13:39:00,"772 12th St, Austin, TX 73301",June
214660,Macbook Pro Laptop,1,1700.0,2019-06-25 13:20:00,"550 14th St, Portland, OR 97035",June
218568,Macbook Pro Laptop,1,1700.0,2019-06-20 10:45:00,"923 Jackson St, San Francisco, CA 94016",June
213435,Macbook Pro Laptop,1,1700.0,2019-06-09 13:40:00,"511 Cedar St, New York City, NY 10001",June
213312,Macbook Pro Laptop,1,1700.0,2019-06-13 02:46:00,"834 Main St, Dallas, TX 75001",June
217184,Macbook Pro Laptop,1,1700.0,2019-06-07 18:55:00,"688 7th St, Portland, OR 97035",June
210781,Macbook Pro Laptop,1,1700.0,2019-06-12 18:34:00,"519 Dogwood St, Los Angeles, CA 90001",June
214521,Macbook Pro Laptop,1,1700.0,2019-06-09 13:48:00,"28 10th St, New York City, NY 10001",June
215274,Macbook Pro Laptop,1,1700.0,2019-06-12 09:09:00,"375 1st St, Austin, TX 73301",June
218711,Macbook Pro Laptop,1,1700.0,2019-06-19 19:15:00,"46 Cherry St, San Francisco, CA 94016",June
220595,Macbook Pro Laptop,1,1700.0,2019-06-03 06:49:00,"114 Pine St, Portland, OR 97035",June
211203,Macbook Pro Laptop,1,1700.0,2019-06-27 11:56:00,"358 8th St, Atlanta, GA 30301",June
213757,Macbook Pro Laptop,1,1700.0,2019-06-12 12:00:00,"992 14th St, Dallas, TX 75001",June
209983,Macbook Pro Laptop,1,1700.0,2019-06-22 16:25:00,"702 Center St, Seattle, WA 98101",June
214957,Macbook Pro Laptop,1,1700.0,2019-06-21 21:25:00,"372 Sunset St, New York City, NY 10001",June
222134,Macbook Pro Laptop,1,1700.0,2019-06-03 15:39:00,"581 Adams St, Austin, TX 73301",June
211067,Macbook Pro Laptop,1,1700.0,2019-06-13 05:00:00,"124 Hill St, Seattle, WA 98101",June
214719,Macbook Pro Laptop,1,1700.0,2019-06-27 14:37:00,"592 1st St, Dallas, TX 75001",June
219477,Macbook Pro Laptop,1,1700.0,2019-06-13 21:25:00,"205 Hill St, Portland, OR 97035",June
211669,Macbook Pro Laptop,1,1700.0,2019-06-29 14:32:00,"821 6th St, Seattle, WA 98101",June
216395,Macbook Pro Laptop,1,1700.0,2019-06-18 12:20:00,"542 South St, Los Angeles, CA 90001",June
219470,Macbook Pro Laptop,1,1700.0,2019-06-22 18:57:00,"414 Hickory St, Boston, MA 02215",June
223733,Macbook Pro Laptop,1,1700.0,2019-07-03 22:26:00,"289 Park St, Atlanta, GA 30301",July
232314,Macbook Pro Laptop,1,1700.0,2019-07-03 16:25:00,"683 Highland St, Dallas, TX 75001",July
235529,Macbook Pro Laptop,1,1700.0,2019-07-05 12:15:00,"399 14th St, Los Angeles, CA 90001",July
233160,Macbook Pro Laptop,1,1700.0,2019-07-20 08:26:00,"599 Lakeview St, San Francisco, CA 94016",July
233031,Macbook Pro Laptop,1,1700.0,2019-07-30 17:38:00,"754 Madison St, Los Angeles, CA 90001",July
235327,Macbook Pro Laptop,1,1700.0,2019-07-15 09:17:00,"370 12th St, Seattle, WA 98101",July
227706,Macbook Pro Laptop,1,1700.0,2019-07-28 19:02:00,"985 Madison St, San Francisco, CA 94016",July
232149,Macbook Pro Laptop,1,1700.0,2019-07-07 23:23:00,"663 6th St, San Francisco, CA 94016",July
235764,Macbook Pro Laptop,1,1700.0,2019-07-16 10:50:00,"725 Hickory St, New York City, NY 10001",July
232016,Macbook Pro Laptop,1,1700.0,2019-07-08 10:40:00,"399 Adams St, San Francisco, CA 94016",July
232206,Macbook Pro Laptop,1,1700.0,2019-07-21 22:07:00,"803 Maple St, Austin, TX 73301",July
233316,Macbook Pro Laptop,1,1700.0,2019-07-28 20:43:00,"231 2nd St, Boston, MA 02215",July
234481,Macbook Pro Laptop,1,1700.0,2019-07-02 10:50:00,"299 9th St, San Francisco, CA 94016",July
229162,Macbook Pro Laptop,1,1700.0,2019-07-27 16:20:00,"623 5th St, Atlanta, GA 30301",July
226327,Macbook Pro Laptop,1,1700.0,2019-07-07 14:29:00,"846 Sunset St, San Francisco, CA 94016",July
227149,Macbook Pro Laptop,1,1700.0,2019-07-21 10:38:00,"261 Dogwood St, Seattle, WA 98101",July
230086,Macbook Pro Laptop,1,1700.0,2019-07-17 16:02:00,"211 Lake St, Los Angeles, CA 90001",July
231100,Macbook Pro Laptop,1,1700.0,2019-07-23 16:09:00,"975 Maple St, Atlanta, GA 30301",July
235848,Macbook Pro Laptop,1,1700.0,2019-07-21 23:20:00,"360 Willow St, Atlanta, GA 30301",July
227196,Macbook Pro Laptop,1,1700.0,2019-07-06 19:12:00,"322 Forest St, Dallas, TX 75001",July
227431,Macbook Pro Laptop,1,1700.0,2019-07-14 21:58:00,"270 Hickory St, Los Angeles, CA 90001",July
233478,Macbook Pro Laptop,1,1700.0,2019-07-12 18:26:00,"579 Forest St, Los Angeles, CA 90001",July
233744,Macbook Pro Laptop,1,1700.0,2019-07-27 11:12:00,"976 13th St, Seattle, WA 98101",July
234508,Macbook Pro Laptop,1,1700.0,2019-07-16 20:21:00,"52 West St, New York City, NY 10001",July
225404,Macbook Pro Laptop,1,1700.0,2019-07-23 13:38:00,"245 Dogwood St, Boston, MA 02215",July
231587,Macbook Pro Laptop,1,1700.0,2019-07-17 21:11:00,"467 Elm St, Seattle, WA 98101",July
233062,Macbook Pro Laptop,1,1700.0,2019-07-24 01:21:00,"182 Dogwood St, Portland, OR 97035",July
227634,Macbook Pro Laptop,1,1700.0,2019-07-16 19:14:00,"592 10th St, New York City, NY 10001",July
236099,Macbook Pro Laptop,1,1700.0,2019-07-15 11:32:00,"500 1st St, Los Angeles, CA 90001",July
225171,Macbook Pro Laptop,1,1700.0,2019-07-31 07:19:00,"289 Church St, Los Angeles, CA 90001",July
231441,Macbook Pro Laptop,1,1700.0,2019-07-01 21:22:00,"652 13th St, Dallas, TX 75001",July
234792,Macbook Pro Laptop,1,1700.0,2019-07-29 10:31:00,"456 Main St, Seattle, WA 98101",July
226873,Macbook Pro Laptop,1,1700.0,2019-07-31 11:53:00,"272 14th St, Los Angeles, CA 90001",July
235746,Macbook Pro Laptop,1,1700.0,2019-07-24 07:42:00,"135 Main St, Atlanta, GA 30301",July
227364,Macbook Pro Laptop,1,1700.0,2019-07-14 08:59:00,"884 Elm St, Los Angeles, CA 90001",July
229675,Macbook Pro Laptop,1,1700.0,2019-07-15 20:58:00,"676 Ridge St, Austin, TX 73301",July
224857,Macbook Pro Laptop,1,1700.0,2019-07-31 22:57:00,"860 Lakeview St, Seattle, WA 98101",July
231650,Macbook Pro Laptop,1,1700.0,2019-07-31 17:22:00,"644 Ridge St, San Francisco, CA 94016",July
233733,Macbook Pro Laptop,1,1700.0,2019-07-30 13:51:00,"586 Spruce St, Dallas, TX 75001",July
235474,Macbook Pro Laptop,1,1700.0,2019-07-27 20:15:00,"901 Hickory St, Seattle, WA 98101",July
224966,Macbook Pro Laptop,1,1700.0,2019-07-21 21:58:00,"724 Wilson St, Atlanta, GA 30301",July
235599,Macbook Pro Laptop,1,1700.0,2019-07-15 15:00:00,"128 Sunset St, Los Angeles, CA 90001",July
227026,Macbook Pro Laptop,1,1700.0,2019-07-04 00:26:00,"801 12th St, Atlanta, GA 30301",July
229754,Macbook Pro Laptop,1,1700.0,2019-07-08 13:57:00,"915 Cherry St, San Francisco, CA 94016",July
224587,Macbook Pro Laptop,1,1700.0,2019-07-14 19:50:00,"861 2nd St, Austin, TX 73301",July
226330,Macbook Pro Laptop,1,1700.0,2019-07-01 08:37:00,"432 Madison St, New York City, NY 10001",July
230728,Macbook Pro Laptop,1,1700.0,2019-07-08 18:30:00,"29 Church St, Boston, MA 02215",July
231525,Macbook Pro Laptop,1,1700.0,2019-07-20 07:17:00,"732 9th St, Austin, TX 73301",July
234633,Macbook Pro Laptop,1,1700.0,2019-07-23 09:50:00,"315 Hickory St, Austin, TX 73301",July
231401,Macbook Pro Laptop,1,1700.0,2019-07-08 19:16:00,"164 Lake St, New York City, NY 10001",July
229983,Macbook Pro Laptop,1,1700.0,2019-07-03 17:10:00,"937 Highland St, San Francisco, CA 94016",July
230721,Macbook Pro Laptop,1,1700.0,2019-07-31 19:14:00,"151 Willow St, Austin, TX 73301",July
231858,Macbook Pro Laptop,1,1700.0,2019-07-28 14:43:00,"218 Washington St, Seattle, WA 98101",July
235179,Macbook Pro Laptop,1,1700.0,2019-07-30 15:08:00,"909 Dogwood St, San Francisco, CA 94016",July
233885,Macbook Pro Laptop,1,1700.0,2019-07-20 12:27:00,"470 Willow St, Dallas, TX 75001",July
238775,Macbook Pro Laptop,1,1700.0,2019-08-27 16:40:00,"117 Maple St, Boston, MA 02215",August
244340,Macbook Pro Laptop,1,1700.0,2019-08-17 10:58:00,"873 6th St, Seattle, WA 98101",August
241169,Macbook Pro Laptop,1,1700.0,2019-08-01 11:55:00,"524 Park St, New York City, NY 10001",August
244830,Macbook Pro Laptop,1,1700.0,2019-08-24 14:35:00,"582 14th St, Los Angeles, CA 90001",August
237946,Macbook Pro Laptop,1,1700.0,2019-08-06 23:28:00,"554 Main St, New York City, NY 10001",August
238794,Macbook Pro Laptop,1,1700.0,2019-08-20 21:07:00,"972 12th St, San Francisco, CA 94016",August
241936,Macbook Pro Laptop,1,1700.0,2019-08-14 16:18:00,"657 Hickory St, New York City, NY 10001",August
242782,Macbook Pro Laptop,1,1700.0,2019-08-27 21:43:00,"732 Madison St, Boston, MA 02215",August
245919,Macbook Pro Laptop,1,1700.0,2019-08-29 17:33:00,"579 9th St, New York City, NY 10001",August
246245,Macbook Pro Laptop,1,1700.0,2019-08-26 10:05:00,"611 Church St, San Francisco, CA 94016",August
238213,Macbook Pro Laptop,1,1700.0,2019-08-19 21:00:00,"665 Forest St, Los Angeles, CA 90001",August
244339,Macbook Pro Laptop,1,1700.0,2019-08-10 18:26:00,"158 Washington St, Atlanta, GA 30301",August
244981,Macbook Pro Laptop,1,1700.0,2019-08-10 12:45:00,"921 Adams St, San Francisco, CA 94016",August
245116,Macbook Pro Laptop,1,1700.0,2019-08-05 17:36:00,"872 Walnut St, Los Angeles, CA 90001",August
247851,Macbook Pro Laptop,1,1700.0,2019-08-17 14:51:00,"896 Cedar St, Atlanta, GA 30301",August
236711,Macbook Pro Laptop,1,1700.0,2019-08-28 17:28:00,"627 Lincoln St, Dallas, TX 75001",August
241991,Macbook Pro Laptop,1,1700.0,2019-08-14 12:38:00,"565 11th St, San Francisco, CA 94016",August
236742,Macbook Pro Laptop,1,1700.0,2019-08-11 01:47:00,"701 1st St, San Francisco, CA 94016",August
241602,Macbook Pro Laptop,1,1700.0,2019-08-17 17:05:00,"323 Meadow St, New York City, NY 10001",August
240269,Macbook Pro Laptop,1,1700.0,2019-08-04 00:00:00,"837 7th St, Seattle, WA 98101",August
242223,Macbook Pro Laptop,1,1700.0,2019-08-25 12:02:00,"883 Hill St, Boston, MA 02215",August
245311,Macbook Pro Laptop,1,1700.0,2019-08-08 19:20:00,"956 Main St, San Francisco, CA 94016",August
245574,Macbook Pro Laptop,1,1700.0,2019-08-20 17:19:00,"572 Jackson St, New York City, NY 10001",August
244179,Macbook Pro Laptop,1,1700.0,2019-08-29 13:57:00,"297 Wilson St, New York City, NY 10001",August
246671,Macbook Pro Laptop,1,1700.0,2019-08-23 11:13:00,"457 Cedar St, Dallas, TX 75001",August
247214,Macbook Pro Laptop,1,1700.0,2019-08-19 07:52:00,"33 Walnut St, Seattle, WA 98101",August
240791,Macbook Pro Laptop,1,1700.0,2019-08-04 19:09:00,"757 Jefferson St, Seattle, WA 98101",August
245669,Macbook Pro Laptop,1,1700.0,2019-08-30 08:29:00,"878 Cedar St, San Francisco, CA 94016",August
246647,Macbook Pro Laptop,1,1700.0,2019-08-17 21:12:00,"865 Dogwood St, San Francisco, CA 94016",August
237459,Macbook Pro Laptop,1,1700.0,2019-08-25 07:30:00,"478 Forest St, Boston, MA 02215",August
237860,Macbook Pro Laptop,1,1700.0,2019-08-26 20:36:00,"25 South St, New York City, NY 10001",August
242379,Macbook Pro Laptop,1,1700.0,2019-08-16 21:10:00,"369 Elm St, Portland, OR 97035",August
243581,Macbook Pro Laptop,1,1700.0,2019-08-20 19:46:00,"84 11th St, Portland, OR 97035",August
244920,Macbook Pro Laptop,1,1700.0,2019-08-10 09:39:00,"362 Main St, San Francisco, CA 94016",August
245713,Macbook Pro Laptop,1,1700.0,2019-08-26 10:43:00,"763 Maple St, New York City, NY 10001",August
237897,Macbook Pro Laptop,1,1700.0,2019-08-28 12:58:00,"450 Pine St, San Francisco, CA 94016",August
246518,Macbook Pro Laptop,1,1700.0,2019-08-29 20:11:00,"641 10th St, San Francisco, CA 94016",August
242653,Macbook Pro Laptop,1,1700.0,2019-08-01 18:29:00,"981 Center St, New York City, NY 10001",August
236882,Macbook Pro Laptop,1,1700.0,2019-08-09 14:05:00,"109 9th St, New York City, NY 10001",August
242529,Macbook Pro Laptop,1,1700.0,2019-08-22 19:25:00,"72 Dogwood St, San Francisco, CA 94016",August
249407,Macbook Pro Laptop,1,1700.0,2019-09-28 15:21:00,"302 Elm St, San Francisco, CA 94016",September
256679,Macbook Pro Laptop,1,1700.0,2019-09-23 19:21:00,"344 South St, Atlanta, GA 30301",September
248413,Macbook Pro Laptop,1,1700.0,2019-09-07 19:40:00,"633 West St, Atlanta, GA 30301",September
254458,Macbook Pro Laptop,1,1700.0,2019-09-03 19:10:00,"607 Elm St, Los Angeles, CA 90001",September
248293,Macbook Pro Laptop,1,1700.0,2019-09-02 16:53:00,"967 4th St, New York City, NY 10001",September
258106,Macbook Pro Laptop,1,1700.0,2019-09-20 14:16:00,"974 11th St, Atlanta, GA 30301",September
255554,Macbook Pro Laptop,1,1700.0,2019-09-24 21:04:00,"34 Washington St, Atlanta, GA 30301",September
256503,Macbook Pro Laptop,1,1700.0,2019-09-19 00:59:00,"444 6th St, San Francisco, CA 94016",September
252588,Macbook Pro Laptop,1,1700.0,2019-09-26 11:36:00,"573 Johnson St, Boston, MA 02215",September
251065,Macbook Pro Laptop,1,1700.0,2019-09-16 11:17:00,"800 9th St, Portland, OR 97035",September
248512,Macbook Pro Laptop,1,1700.0,2019-09-19 13:04:00,"477 1st St, New York City, NY 10001",September
252432,Macbook Pro Laptop,1,1700.0,2019-09-15 09:23:00,"504 Willow St, Atlanta, GA 30301",September
248277,Macbook Pro Laptop,1,1700.0,2019-09-28 12:58:00,"391 Hill St, New York City, NY 10001",September
254700,Macbook Pro Laptop,1,1700.0,2019-09-04 22:41:00,"354 Meadow St, Los Angeles, CA 90001",September
251584,Macbook Pro Laptop,1,1700.0,2019-09-29 20:40:00,"129 Highland St, Los Angeles, CA 90001",September
255014,Macbook Pro Laptop,1,1700.0,2019-09-23 01:33:00,"385 Park St, Boston, MA 02215",September
256127,Macbook Pro Laptop,1,1700.0,2019-09-19 16:45:00,"294 Ridge St, Portland, OR 97035",September
253495,Macbook Pro Laptop,1,1700.0,2019-09-27 16:25:00,"440 8th St, Atlanta, GA 30301",September
248294,Macbook Pro Laptop,1,1700.0,2019-09-07 17:08:00,"165 North St, Portland, OR 97035",September
255657,Macbook Pro Laptop,1,1700.0,2019-09-06 17:01:00,"240 12th St, New York City, NY 10001",September
253351,Macbook Pro Laptop,1,1700.0,2019-09-23 23:53:00,"72 Maple St, Atlanta, GA 30301",September
255794,Macbook Pro Laptop,1,1700.0,2019-09-10 17:22:00,"63 10th St, Los Angeles, CA 90001",September
258938,Macbook Pro Laptop,1,1700.0,2019-09-04 13:06:00,"155 Madison St, New York City, NY 10001",September
249097,Macbook Pro Laptop,1,1700.0,2019-09-21 11:06:00,"19 Dogwood St, Seattle, WA 98101",September
253001,Macbook Pro Laptop,1,1700.0,2019-09-14 12:03:00,"366 Church St, San Francisco, CA 94016",September
259157,Macbook Pro Laptop,1,1700.0,2019-09-12 05:01:00,"326 Forest St, Seattle, WA 98101",September
248819,Macbook Pro Laptop,1,1700.0,2019-09-12 14:53:00,"568 Hill St, Dallas, TX 75001",September
252399,Macbook Pro Laptop,1,1700.0,2019-09-18 14:22:00,"635 Hill St, Dallas, TX 75001",September
257571,Macbook Pro Laptop,1,1700.0,2019-09-24 02:36:00,"126 Forest St, Atlanta, GA 30301",September
257872,Macbook Pro Laptop,1,1700.0,2019-09-05 18:11:00,"159 Pine St, New York City, NY 10001",September
258897,Macbook Pro Laptop,1,1700.0,2019-09-14 19:22:00,"453 Elm St, Los Angeles, CA 90001",September
253046,Macbook Pro Laptop,1,1700.0,2019-09-04 18:21:00,"518 5th St, Dallas, TX 75001",September
254769,Macbook Pro Laptop,1,1700.0,2019-09-13 20:51:00,"303 1st St, San Francisco, CA 94016",September
250718,Macbook Pro Laptop,1,1700.0,2019-09-28 09:32:00,"999 Jackson St, Boston, MA 02215",September
258097,Macbook Pro Laptop,1,1700.0,2019-09-26 17:53:00,"920 Ridge St, New York City, NY 10001",September
249886,Macbook Pro Laptop,1,1700.0,2019-09-28 13:56:00,"528 9th St, Los Angeles, CA 90001",September
256983,Macbook Pro Laptop,1,1700.0,2019-09-14 11:37:00,"454 Hill St, San Francisco, CA 94016",September
248435,Macbook Pro Laptop,1,1700.0,2019-09-14 20:17:00,"254 Forest St, Los Angeles, CA 90001",September
249588,Macbook Pro Laptop,1,1700.0,2019-09-10 08:59:00,"708 1st St, Austin, TX 73301",September
250873,Macbook Pro Laptop,1,1700.0,2019-09-25 11:20:00,"576 Maple St, Dallas, TX 75001",September
262759,Macbook Pro Laptop,1,1700.0,2019-10-03 17:11:00,"721 Spruce St, Portland, ME 04101",October
268752,Macbook Pro Laptop,1,1700.0,2019-10-29 10:55:00,"126 Wilson St, Dallas, TX 75001",October
270100,Macbook Pro Laptop,1,1700.0,2019-10-15 21:27:00,"61 Wilson St, Los Angeles, CA 90001",October
277894,Macbook Pro Laptop,1,1700.0,2019-10-15 17:37:00,"373 4th St, Los Angeles, CA 90001",October
259566,Macbook Pro Laptop,1,1700.0,2019-10-20 23:46:00,"989 Main St, Los Angeles, CA 90001",October
260925,Macbook Pro Laptop,1,1700.0,2019-10-19 21:11:00,"822 North St, Los Angeles, CA 90001",October
267875,Macbook Pro Laptop,1,1700.0,2019-10-29 08:45:00,"11 Spruce St, Los Angeles, CA 90001",October
271875,Macbook Pro Laptop,1,1700.0,2019-10-12 22:18:00,"695 Johnson St, Atlanta, GA 30301",October
273411,Macbook Pro Laptop,1,1700.0,2019-10-24 16:47:00,"852 Sunset St, San Francisco, CA 94016",October
274146,Macbook Pro Laptop,1,1700.0,2019-10-14 15:36:00,"983 Forest St, Atlanta, GA 30301",October
266289,Macbook Pro Laptop,1,1700.0,2019-10-10 16:14:00,"797 Wilson St, New York City, NY 10001",October
266427,Macbook Pro Laptop,1,1700.0,2019-10-05 08:35:00,"798 Lincoln St, San Francisco, CA 94016",October
273263,Macbook Pro Laptop,1,1700.0,2019-10-17 20:06:00,"709 Hickory St, New York City, NY 10001",October
270862,Macbook Pro Laptop,1,1700.0,2019-10-25 10:26:00,"657 8th St, Austin, TX 73301",October
274919,Macbook Pro Laptop,1,1700.0,2019-10-28 00:32:00,"865 14th St, Boston, MA 02215",October
260553,Macbook Pro Laptop,1,1700.0,2019-10-21 17:36:00,"997 North St, San Francisco, CA 94016",October
265132,Macbook Pro Laptop,1,1700.0,2019-10-29 18:45:00,"242 Church St, Seattle, WA 98101",October
273104,Macbook Pro Laptop,1,1700.0,2019-10-29 09:57:00,"530 North St, New York City, NY 10001",October
274417,Macbook Pro Laptop,1,1700.0,2019-10-24 12:32:00,"119 1st St, Los Angeles, CA 90001",October
262136,Macbook Pro Laptop,1,1700.0,2019-10-23 15:33:00,"613 7th St, Los Angeles, CA 90001",October
265947,Macbook Pro Laptop,1,1700.0,2019-10-27 12:38:00,"949 Spruce St, Los Angeles, CA 90001",October
276811,Macbook Pro Laptop,1,1700.0,2019-10-10 16:49:00,"110 North St, Los Angeles, CA 90001",October
278140,Macbook Pro Laptop,1,1700.0,2019-10-27 15:11:00,"743 Cedar St, Dallas, TX 75001",October
266766,Macbook Pro Laptop,1,1700.0,2019-10-03 17:59:00,"529 Washington St, Boston, MA 02215",October
274855,Macbook Pro Laptop,1,1700.0,2019-10-06 12:00:00,"790 Adams St, Portland, OR 97035",October
260624,Macbook Pro Laptop,1,1700.0,2019-10-23 22:55:00,"833 Lincoln St, San Francisco, CA 94016",October
264100,Macbook Pro Laptop,1,1700.0,2019-10-14 21:58:00,"493 Maple St, Los Angeles, CA 90001",October
276250,Macbook Pro Laptop,1,1700.0,2019-10-17 11:26:00,"503 4th St, San Francisco, CA 94016",October
277717,Macbook Pro Laptop,1,1700.0,2019-10-25 19:14:00,"787 4th St, Seattle, WA 98101",October
261396,Macbook Pro Laptop,1,1700.0,2019-10-07 11:26:00,"722 West St, Austin, TX 73301",October
267590,Macbook Pro Laptop,1,1700.0,2019-10-23 21:23:00,"146 Highland St, Los Angeles, CA 90001",October
275714,Macbook Pro Laptop,1,1700.0,2019-10-19 19:43:00,"477 Hickory St, San Francisco, CA 94016",October
266124,Macbook Pro Laptop,1,1700.0,2019-10-25 16:38:00,"136 Hickory St, Austin, TX 73301",October
267033,Macbook Pro Laptop,1,1700.0,2019-10-02 19:59:00,"98 Dogwood St, Portland, OR 97035",October
271610,Macbook Pro Laptop,1,1700.0,2019-10-14 22:13:00,"915 South St, Los Angeles, CA 90001",October
262334,Macbook Pro Laptop,1,1700.0,2019-10-30 11:12:00,"995 4th St, Seattle, WA 98101",October
275048,Macbook Pro Laptop,1,1700.0,2019-10-17 14:26:00,"764 Center St, Portland, OR 97035",October
277358,Macbook Pro Laptop,1,1700.0,2019-10-20 12:43:00,"719 North St, Portland, ME 04101",October
265459,Macbook Pro Laptop,1,1700.0,2019-10-14 02:30:00,"747 Church St, New York City, NY 10001",October
271569,Macbook Pro Laptop,1,1700.0,2019-10-29 17:00:00,"160 Park St, Los Angeles, CA 90001",October
263802,Macbook Pro Laptop,1,1700.0,2019-10-03 14:33:00,"262 Lakeview St, San Francisco, CA 94016",October
271225,Macbook Pro Laptop,1,1700.0,2019-10-26 07:41:00,"413 Spruce St, San Francisco, CA 94016",October
278774,Macbook Pro Laptop,1,1700.0,2019-10-16 20:42:00,"102 8th St, Los Angeles, CA 90001",October
267287,Macbook Pro Laptop,1,1700.0,2019-10-12 12:00:00,"858 Walnut St, Dallas, TX 75001",October
277843,Macbook Pro Laptop,1,1700.0,2019-10-18 16:50:00,"217 Forest St, San Francisco, CA 94016",October
275067,Macbook Pro Laptop,1,1700.0,2019-10-17 05:33:00,"92 6th St, Seattle, WA 98101",October
276684,Macbook Pro Laptop,1,1700.0,2019-10-28 22:34:00,"811 5th St, San Francisco, CA 94016",October
278165,Macbook Pro Laptop,1,1700.0,2019-10-14 17:42:00,"576 Hill St, Austin, TX 73301",October
274762,Macbook Pro Laptop,1,1700.0,2019-10-02 18:48:00,"739 Pine St, San Francisco, CA 94016",October
267655,Macbook Pro Laptop,1,1700.0,2019-10-28 01:02:00,"324 Jackson St, Atlanta, GA 30301",October
264581,Macbook Pro Laptop,1,1700.0,2019-10-30 20:13:00,"129 Willow St, Atlanta, GA 30301",October
273010,Macbook Pro Laptop,1,1700.0,2019-10-14 14:06:00,"894 Dogwood St, Seattle, WA 98101",October
269284,Macbook Pro Laptop,1,1700.0,2019-10-18 10:47:00,"117 Meadow St, San Francisco, CA 94016",October
272206,Macbook Pro Laptop,1,1700.0,2019-10-25 20:21:00,"939 Lake St, Los Angeles, CA 90001",October
260986,Macbook Pro Laptop,1,1700.0,2019-10-09 16:27:00,"110 Hill St, Los Angeles, CA 90001",October
264604,Macbook Pro Laptop,1,1700.0,2019-10-17 17:59:00,"222 4th St, Dallas, TX 75001",October
276701,Macbook Pro Laptop,1,1700.0,2019-10-14 09:43:00,"358 7th St, Seattle, WA 98101",October
260376,Macbook Pro Laptop,1,1700.0,2019-10-07 12:01:00,"444 Park St, Los Angeles, CA 90001",October
263884,Macbook Pro Laptop,1,1700.0,2019-10-10 06:50:00,"350 Hill St, Boston, MA 02215",October
272645,Macbook Pro Laptop,1,1700.0,2019-10-18 16:46:00,"473 9th St, San Francisco, CA 94016",October
275008,Macbook Pro Laptop,1,1700.0,2019-10-01 14:16:00,"168 Church St, Boston, MA 02215",October
262498,Macbook Pro Laptop,1,1700.0,2019-10-05 23:10:00,"290 Church St, Los Angeles, CA 90001",October
269980,Macbook Pro Laptop,1,1700.0,2019-10-18 20:11:00,"894 4th St, Portland, OR 97035",October
264055,Macbook Pro Laptop,1,1700.0,2019-10-15 08:42:00,"102 Hickory St, San Francisco, CA 94016",October
264649,Macbook Pro Laptop,1,1700.0,2019-10-01 21:05:00,"230 Lake St, Los Angeles, CA 90001",October
272404,Macbook Pro Laptop,1,1700.0,2019-10-30 12:51:00,"408 Forest St, New York City, NY 10001",October
262159,Macbook Pro Laptop,1,1700.0,2019-10-26 12:41:00,"823 Hill St, Portland, OR 97035",October
265610,Macbook Pro Laptop,1,1700.0,2019-10-07 19:48:00,"864 9th St, Los Angeles, CA 90001",October
270243,Macbook Pro Laptop,1,1700.0,2019-10-02 17:13:00,"699 9th St, San Francisco, CA 94016",October
270692,Macbook Pro Laptop,1,1700.0,2019-10-11 11:31:00,"154 Lake St, New York City, NY 10001",October
261156,Macbook Pro Laptop,1,1700.0,2019-10-25 10:45:00,"144 Cedar St, Boston, MA 02215",October
267188,Macbook Pro Laptop,1,1700.0,2019-10-16 14:32:00,"805 Ridge St, San Francisco, CA 94016",October
275414,Macbook Pro Laptop,1,1700.0,2019-10-06 16:54:00,"475 4th St, San Francisco, CA 94016",October
277768,Macbook Pro Laptop,1,1700.0,2019-10-07 12:30:00,"478 12th St, Dallas, TX 75001",October
263862,Macbook Pro Laptop,1,1700.0,2019-10-20 10:02:00,"333 6th St, New York City, NY 10001",October
268266,Macbook Pro Laptop,1,1700.0,2019-10-13 13:32:00,"169 Madison St, Atlanta, GA 30301",October
269686,Macbook Pro Laptop,1,1700.0,2019-10-16 14:41:00,"341 Adams St, Boston, MA 02215",October
277503,Macbook Pro Laptop,1,1700.0,2019-10-04 20:27:00,"602 Hickory St, Austin, TX 73301",October
267056,Macbook Pro Laptop,1,1700.0,2019-10-25 21:13:00,"432 Park St, Atlanta, GA 30301",October
267913,Macbook Pro Laptop,1,1700.0,2019-10-02 21:26:00,"905 Chestnut St, Boston, MA 02215",October
261642,Macbook Pro Laptop,1,1700.0,2019-10-05 17:05:00,"558 Washington St, New York City, NY 10001",October
264568,Macbook Pro Laptop,1,1700.0,2019-10-26 13:27:00,"246 Willow St, Portland, OR 97035",October
268127,Macbook Pro Laptop,1,1700.0,2019-10-24 06:53:00,"787 Willow St, Portland, OR 97035",October
281761,Macbook Pro Laptop,1,1700.0,2019-11-30 18:36:00,"966 Washington St, Austin, TX 73301",November
288370,Macbook Pro Laptop,1,1700.0,2019-11-01 10:02:00,"726 Lakeview St, San Francisco, CA 94016",November
288382,Macbook Pro Laptop,1,1700.0,2019-11-09 11:55:00,"5 Highland St, Seattle, WA 98101",November
285389,Macbook Pro Laptop,1,1700.0,2019-11-21 11:35:00,"480 Hill St, Boston, MA 02215",November
295187,Macbook Pro Laptop,1,1700.0,2019-11-20 10:44:00,"38 Lincoln St, Atlanta, GA 30301",November
287977,Macbook Pro Laptop,1,1700.0,2019-11-27 10:41:00,"435 South St, Seattle, WA 98101",November
290839,Macbook Pro Laptop,1,1700.0,2019-11-21 22:37:00,"7 Washington St, Atlanta, GA 30301",November
293027,Macbook Pro Laptop,1,1700.0,2019-11-24 11:56:00,"357 Highland St, Atlanta, GA 30301",November
293887,Macbook Pro Laptop,1,1700.0,2019-11-20 15:42:00,"153 Forest St, Los Angeles, CA 90001",November
280061,Macbook Pro Laptop,1,1700.0,2019-11-15 18:07:00,"753 Main St, Los Angeles, CA 90001",November
283826,Macbook Pro Laptop,1,1700.0,2019-11-16 10:50:00,"967 Adams St, New York City, NY 10001",November
286145,Macbook Pro Laptop,1,1700.0,2019-11-07 17:18:00,"80 Wilson St, Los Angeles, CA 90001",November
287207,Macbook Pro Laptop,1,1700.0,2019-11-10 16:08:00,"746 West St, Portland, OR 97035",November
290443,Macbook Pro Laptop,1,1700.0,2019-11-22 01:17:00,"238 Walnut St, Los Angeles, CA 90001",November
280078,Macbook Pro Laptop,1,1700.0,2019-11-17 14:41:00,"571 Sunset St, Seattle, WA 98101",November
285647,Macbook Pro Laptop,1,1700.0,2019-11-13 20:35:00,"726 Main St, Atlanta, GA 30301",November
285902,Macbook Pro Laptop,1,1700.0,2019-11-01 18:06:00,"931 Johnson St, Atlanta, GA 30301",November
286570,Macbook Pro Laptop,1,1700.0,2019-11-11 20:23:00,"630 Jefferson St, San Francisco, CA 94016",November
291518,Macbook Pro Laptop,1,1700.0,2019-11-23 18:30:00,"602 Spruce St, Atlanta, GA 30301",November
291584,Macbook Pro Laptop,1,1700.0,2019-11-21 14:53:00,"140 Willow St, San Francisco, CA 94016",November
293961,Macbook Pro Laptop,1,1700.0,2019-11-02 11:52:00,"973 Willow St, San Francisco, CA 94016",November
293988,Macbook Pro Laptop,1,1700.0,2019-11-01 13:59:00,"567 Main St, Portland, OR 97035",November
283117,Macbook Pro Laptop,1,1700.0,2019-11-28 13:16:00,"273 8th St, Los Angeles, CA 90001",November
286416,Macbook Pro Laptop,1,1700.0,2019-11-26 15:18:00,"259 Cherry St, Dallas, TX 75001",November
279961,Macbook Pro Laptop,1,1700.0,2019-11-01 13:43:00,"752 8th St, Boston, MA 02215",November
284624,Macbook Pro Laptop,1,1700.0,2019-11-17 09:11:00,"313 Hickory St, New York City, NY 10001",November
290069,Macbook Pro Laptop,1,1700.0,2019-11-11 17:19:00,"872 Highland St, Austin, TX 73301",November
293159,Macbook Pro Laptop,1,1700.0,2019-11-09 14:32:00,"403 North St, Los Angeles, CA 90001",November
294875,Macbook Pro Laptop,1,1700.0,2019-11-26 23:44:00,"117 12th St, Boston, MA 02215",November
282224,Macbook Pro Laptop,1,1700.0,2019-11-13 15:39:00,"160 South St, Los Angeles, CA 90001",November
282268,Macbook Pro Laptop,1,1700.0,2019-11-13 11:14:00,"994 4th St, San Francisco, CA 94016",November
295013,Macbook Pro Laptop,1,1700.0,2019-11-18 12:21:00,"404 Main St, Boston, MA 02215",November
287967,Macbook Pro Laptop,1,1700.0,2019-11-27 18:00:00,"624 Willow St, Portland, OR 97035",November
294323,Macbook Pro Laptop,1,1700.0,2019-11-04 20:17:00,"562 River St, Boston, MA 02215",November
294551,Macbook Pro Laptop,1,1700.0,2019-11-23 13:34:00,"616 Hickory St, Dallas, TX 75001",November
291771,Macbook Pro Laptop,1,1700.0,2019-11-27 15:45:00,"966 West St, San Francisco, CA 94016",November
287086,Macbook Pro Laptop,1,1700.0,2019-11-04 12:36:00,"775 Spruce St, Atlanta, GA 30301",November
291609,Macbook Pro Laptop,1,1700.0,2019-11-09 16:57:00,"455 4th St, Boston, MA 02215",November
282538,Macbook Pro Laptop,1,1700.0,2019-11-15 06:21:00,"366 Madison St, Austin, TX 73301",November
283504,Macbook Pro Laptop,1,1700.0,2019-11-28 14:24:00,"42 Lakeview St, Los Angeles, CA 90001",November
281094,Macbook Pro Laptop,1,1700.0,2019-11-24 09:46:00,"508 Washington St, Boston, MA 02215",November
285487,Macbook Pro Laptop,1,1700.0,2019-11-19 18:46:00,"963 North St, Austin, TX 73301",November
286060,Macbook Pro Laptop,1,1700.0,2019-11-10 13:45:00,"323 Highland St, Atlanta, GA 30301",November
292080,Macbook Pro Laptop,1,1700.0,2019-11-23 11:55:00,"162 South St, Los Angeles, CA 90001",November
294365,Macbook Pro Laptop,1,1700.0,2019-11-10 12:56:00,"388 Lakeview St, Los Angeles, CA 90001",November
285994,Macbook Pro Laptop,1,1700.0,2019-11-29 22:09:00,"689 Hickory St, Atlanta, GA 30301",November
291027,Macbook Pro Laptop,1,1700.0,2019-11-19 12:00:00,"757 Lincoln St, Austin, TX 73301",November
291872,Macbook Pro Laptop,1,1700.0,2019-11-30 19:42:00,"666 River St, Boston, MA 02215",November
292105,Macbook Pro Laptop,1,1700.0,2019-11-27 10:55:00,"470 West St, New York City, NY 10001",November
294787,Macbook Pro Laptop,1,1700.0,2019-11-19 15:57:00,"992 Maple St, Austin, TX 73301",November
283673,Macbook Pro Laptop,1,1700.0,2019-11-02 17:49:00,"145 Elm St, Portland, OR 97035",November
289885,Macbook Pro Laptop,1,1700.0,2019-11-11 06:01:00,"113 Walnut St, Los Angeles, CA 90001",November
290117,Macbook Pro Laptop,1,1700.0,2019-11-15 13:13:00,"50 Cedar St, Los Angeles, CA 90001",November
287984,Macbook Pro Laptop,1,1700.0,2019-11-28 15:21:00,"360 Cherry St, Atlanta, GA 30301",November
289583,Macbook Pro Laptop,1,1700.0,2019-11-09 11:44:00,"382 14th St, Dallas, TX 75001",November
281871,Macbook Pro Laptop,1,1700.0,2019-11-07 17:26:00,"125 Sunset St, New York City, NY 10001",November
289503,Macbook Pro Laptop,1,1700.0,2019-11-27 15:14:00,"735 Forest St, Boston, MA 02215",November
291386,Macbook Pro Laptop,1,1700.0,2019-11-24 22:03:00,"386 8th St, San Francisco, CA 94016",November
284804,Macbook Pro Laptop,1,1700.0,2019-11-19 15:41:00,"27 Washington St, San Francisco, CA 94016",November
295151,Macbook Pro Laptop,1,1700.0,2019-11-23 07:11:00,"209 Maple St, New York City, NY 10001",November
285529,Macbook Pro Laptop,1,1700.0,2019-11-25 12:00:00,"249 Hickory St, New York City, NY 10001",November
292596,Macbook Pro Laptop,1,1700.0,2019-11-27 14:29:00,"601 North St, San Francisco, CA 94016",November
281975,Macbook Pro Laptop,1,1700.0,2019-11-15 13:33:00,"547 Washington St, San Francisco, CA 94016",November
293540,Macbook Pro Laptop,1,1700.0,2019-11-24 06:22:00,"832 7th St, New York City, NY 10001",November
278911,Macbook Pro Laptop,1,1700.0,2019-11-24 13:03:00,"244 Walnut St, Los Angeles, CA 90001",November
285285,Macbook Pro Laptop,1,1700.0,2019-11-14 10:13:00,"659 Madison St, Portland, OR 97035",November
286852,Macbook Pro Laptop,1,1700.0,2019-11-05 09:42:00,"690 1st St, Seattle, WA 98101",November
283821,Macbook Pro Laptop,1,1700.0,2019-11-06 13:47:00,"594 Spruce St, Portland, OR 97035",November
281538,Macbook Pro Laptop,1,1700.0,2019-11-08 00:19:00,"285 Johnson St, Seattle, WA 98101",November
287795,Macbook Pro Laptop,1,1700.0,2019-11-19 18:57:00,"944 Hickory St, Los Angeles, CA 90001",November
288844,Macbook Pro Laptop,1,1700.0,2019-11-11 11:08:00,"981 Hickory St, Boston, MA 02215",November
292542,Macbook Pro Laptop,1,1700.0,2019-11-24 14:06:00,"923 9th St, New York City, NY 10001",November
287005,Macbook Pro Laptop,1,1700.0,2019-11-16 15:02:00,"377 Wilson St, San Francisco, CA 94016",November
289679,Macbook Pro Laptop,1,1700.0,2019-11-28 13:54:00,"714 Meadow St, San Francisco, CA 94016",November
285020,Macbook Pro Laptop,1,1700.0,2019-11-03 18:43:00,"86 1st St, New York City, NY 10001",November
287586,Macbook Pro Laptop,1,1700.0,2019-11-22 11:14:00,"41 6th St, Atlanta, GA 30301",November
288327,Macbook Pro Laptop,1,1700.0,2019-11-26 17:30:00,"816 Maple St, Atlanta, GA 30301",November
295292,Macbook Pro Laptop,1,1700.0,2019-11-05 13:55:00,"826 5th St, San Francisco, CA 94016",November
283798,Macbook Pro Laptop,1,1700.0,2019-11-24 10:51:00,"725 Highland St, Los Angeles, CA 90001",November
289552,Macbook Pro Laptop,1,1700.0,2019-11-18 17:46:00,"317 Wilson St, Austin, TX 73301",November
290206,Macbook Pro Laptop,1,1700.0,2019-11-28 07:17:00,"881 2nd St, Dallas, TX 75001",November
291377,Macbook Pro Laptop,1,1700.0,2019-11-11 19:08:00,"843 Ridge St, New York City, NY 10001",November
292898,Macbook Pro Laptop,1,1700.0,2019-11-13 18:42:00,"658 Cedar St, Los Angeles, CA 90001",November
294541,Macbook Pro Laptop,1,1700.0,2019-11-19 12:38:00,"809 1st St, Atlanta, GA 30301",November
297708,Macbook Pro Laptop,1,1700.0,2019-12-07 12:23:00,"124 Elm St, San Francisco, CA 94016",December
301462,Macbook Pro Laptop,1,1700.0,2019-12-28 18:36:00,"208 Adams St, San Francisco, CA 94016",December
306850,Macbook Pro Laptop,1,1700.0,2019-12-19 21:07:00,"160 14th St, New York City, NY 10001",December
309150,Macbook Pro Laptop,1,1700.0,2019-12-06 20:07:00,"582 West St, Austin, TX 73301",December
310435,Macbook Pro Laptop,1,1700.0,2019-12-07 09:51:00,"745 Highland St, San Francisco, CA 94016",December
317147,Macbook Pro Laptop,1,1700.0,2019-12-27 07:02:00,"571 Washington St, Boston, MA 02215",December
306648,Macbook Pro Laptop,1,1700.0,2019-12-13 10:56:00,"380 5th St, New York City, NY 10001",December
315140,Macbook Pro Laptop,1,1700.0,2019-12-03 22:00:00,"340 Jackson St, Atlanta, GA 30301",December
296647,Macbook Pro Laptop,1,1700.0,2019-12-09 16:09:00,"86 6th St, New York City, NY 10001",December
309701,Macbook Pro Laptop,1,1700.0,2019-12-10 07:42:00,"144 Lincoln St, San Francisco, CA 94016",December
310973,Macbook Pro Laptop,1,1700.0,2019-12-18 11:30:00,"209 South St, Seattle, WA 98101",December
311116,Macbook Pro Laptop,1,1700.0,2019-12-02 09:21:00,"503 Johnson St, San Francisco, CA 94016",December
311623,Macbook Pro Laptop,1,1700.0,2019-12-30 19:50:00,"711 9th St, Atlanta, GA 30301",December
298643,Macbook Pro Laptop,1,1700.0,2019-12-04 18:11:00,"466 6th St, Seattle, WA 98101",December
303570,Macbook Pro Laptop,1,1700.0,2019-12-22 01:52:00,"924 Center St, Dallas, TX 75001",December
311357,Macbook Pro Laptop,1,1700.0,2019-12-05 20:30:00,"239 Cherry St, Dallas, TX 75001",December
296701,Macbook Pro Laptop,1,1700.0,2019-12-16 08:14:00,"999 Cedar St, Boston, MA 02215",December
299671,Macbook Pro Laptop,1,1700.0,2019-12-29 19:37:00,"38 Sunset St, San Francisco, CA 94016",December
300282,Macbook Pro Laptop,1,1700.0,2019-12-15 18:09:00,"545 9th St, Seattle, WA 98101",December
309468,Macbook Pro Laptop,1,1700.0,2019-12-17 10:31:00,"495 8th St, Atlanta, GA 30301",December
310187,Macbook Pro Laptop,1,1700.0,2019-12-20 18:57:00,"253 2nd St, Seattle, WA 98101",December
309891,Macbook Pro Laptop,1,1700.0,2019-12-08 18:21:00,"353 Jefferson St, Los Angeles, CA 90001",December
299374,Macbook Pro Laptop,1,1700.0,2019-12-22 11:22:00,"960 Cedar St, Dallas, TX 75001",December
307642,Macbook Pro Laptop,1,1700.0,2019-12-21 09:16:00,"599 West St, Dallas, TX 75001",December
308398,Macbook Pro Laptop,1,1700.0,2019-12-11 17:13:00,"445 Maple St, Austin, TX 73301",December
311353,Macbook Pro Laptop,1,1700.0,2019-12-04 19:25:00,"753 Chestnut St, Boston, MA 02215",December
312567,Macbook Pro Laptop,1,1700.0,2019-12-04 19:18:00,"558 Willow St, New York City, NY 10001",December
313875,Macbook Pro Laptop,1,1700.0,2019-12-02 11:19:00,"999 Walnut St, Portland, OR 97035",December
316062,Macbook Pro Laptop,1,1700.0,2019-12-09 16:53:00,"573 North St, San Francisco, CA 94016",December
300682,Macbook Pro Laptop,1,1700.0,2019-12-24 11:20:00,"764 Center St, Dallas, TX 75001",December
305303,Macbook Pro Laptop,1,1700.0,2019-12-07 20:59:00,"585 Elm St, Dallas, TX 75001",December
305788,Macbook Pro Laptop,1,1700.0,2019-12-18 13:17:00,"678 Ridge St, Boston, MA 02215",December
316201,Macbook Pro Laptop,1,1700.0,2019-12-07 14:10:00,"126 Adams St, Dallas, TX 75001",December
296210,Macbook Pro Laptop,1,1700.0,2019-12-18 11:41:00,"763 Cherry St, San Francisco, CA 94016",December
298744,Macbook Pro Laptop,1,1700.0,2019-12-26 13:42:00,"37 Park St, San Francisco, CA 94016",December
309732,Macbook Pro Laptop,1,1700.0,2019-12-11 14:31:00,"229 1st St, San Francisco, CA 94016",December
312181,Macbook Pro Laptop,1,1700.0,2019-12-26 13:12:00,"718 Park St, San Francisco, CA 94016",December
316230,Macbook Pro Laptop,1,1700.0,2019-12-17 00:36:00,"452 6th St, San Francisco, CA 94016",December
299158,Macbook Pro Laptop,1,1700.0,2019-12-03 21:29:00,"608 Elm St, San Francisco, CA 94016",December
310608,Macbook Pro Laptop,1,1700.0,2019-12-20 14:21:00,"197 Lincoln St, San Francisco, CA 94016",December
314556,Macbook Pro Laptop,1,1700.0,2019-12-02 08:16:00,"709 1st St, Portland, ME 04101",December
297719,Macbook Pro Laptop,1,1700.0,2019-12-01 14:29:00,"927 9th St, San Francisco, CA 94016",December
299751,Macbook Pro Laptop,1,1700.0,2019-12-21 16:42:00,"390 Meadow St, Austin, TX 73301",December
300569,Macbook Pro Laptop,1,1700.0,2019-12-30 21:21:00,"350 Dogwood St, Austin, TX 73301",December
306367,Macbook Pro Laptop,1,1700.0,2019-12-05 19:23:00,"744 West St, Portland, ME 04101",December
309478,Macbook Pro Laptop,1,1700.0,2019-12-11 00:30:00,"995 8th St, Portland, OR 97035",December
309801,Macbook Pro Laptop,1,1700.0,2019-12-08 21:12:00,"430 North St, Dallas, TX 75001",December
310737,Macbook Pro Laptop,1,1700.0,2019-12-13 00:12:00,"526 Church St, San Francisco, CA 94016",December
316305,Macbook Pro Laptop,1,1700.0,2019-12-17 17:39:00,"240 Wilson St, Dallas, TX 75001",December
318088,Macbook Pro Laptop,1,1700.0,2019-12-16 11:34:00,"129 Cedar St, San Francisco, CA 94016",December
301247,Macbook Pro Laptop,1,1700.0,2019-12-03 20:02:00,"308 Maple St, Austin, TX 73301",December
304089,Macbook Pro Laptop,1,1700.0,2019-12-21 19:55:00,"560 Main St, New York City, NY 10001",December
313033,Macbook Pro Laptop,1,1700.0,2019-12-27 14:12:00,"982 Chestnut St, New York City, NY 10001",December
306696,Macbook Pro Laptop,1,1700.0,2019-12-19 23:49:00,"836 Church St, Los Angeles, CA 90001",December
312410,Macbook Pro Laptop,1,1700.0,2019-12-13 21:01:00,"130 Elm St, Dallas, TX 75001",December
312855,Macbook Pro Laptop,1,1700.0,2019-12-22 23:38:00,"929 Lakeview St, Dallas, TX 75001",December
297669,Macbook Pro Laptop,1,1700.0,2019-12-04 10:17:00,"987 Sunset St, Dallas, TX 75001",December
313878,Macbook Pro Laptop,1,1700.0,2019-12-21 18:48:00,"575 Sunset St, Los Angeles, CA 90001",December
297676,Macbook Pro Laptop,1,1700.0,2019-12-02 22:47:00,"161 Sunset St, Los Angeles, CA 90001",December
305438,Macbook Pro Laptop,1,1700.0,2019-12-10 19:46:00,"366 5th St, Los Angeles, CA 90001",December
308085,Macbook Pro Laptop,1,1700.0,2019-12-18 11:36:00,"912 11th St, Atlanta, GA 30301",December
309861,Macbook Pro Laptop,1,1700.0,2019-12-04 22:15:00,"678 River St, Seattle, WA 98101",December
313335,Macbook Pro Laptop,1,1700.0,2019-12-22 13:00:00,"329 6th St, Dallas, TX 75001",December
303156,Macbook Pro Laptop,1,1700.0,2019-12-10 22:31:00,"108 Highland St, Los Angeles, CA 90001",December
306768,Macbook Pro Laptop,1,1700.0,2019-12-16 16:38:00,"83 5th St, San Francisco, CA 94016",December
311071,Macbook Pro Laptop,1,1700.0,2019-12-08 04:26:00,"287 Spruce St, Atlanta, GA 30301",December
296325,Macbook Pro Laptop,1,1700.0,2019-12-28 22:52:00,"755 Adams St, Seattle, WA 98101",December
302895,Macbook Pro Laptop,1,1700.0,2019-12-16 14:00:00,"180 14th St, San Francisco, CA 94016",December
313696,Macbook Pro Laptop,1,1700.0,2019-12-05 19:26:00,"37 Jackson St, New York City, NY 10001",December
315610,Macbook Pro Laptop,1,1700.0,2019-12-18 20:36:00,"178 Adams St, Seattle, WA 98101",December
306686,Macbook Pro Laptop,1,1700.0,2019-12-22 23:25:00,"908 Madison St, San Francisco, CA 94016",December
311013,Macbook Pro Laptop,1,1700.0,2019-12-04 02:25:00,"618 Maple St, San Francisco, CA 94016",December
310163,Macbook Pro Laptop,1,1700.0,2019-12-11 15:19:00,"255 Dogwood St, Boston, MA 02215",December
299787,Macbook Pro Laptop,1,1700.0,2019-12-02 18:46:00,"115 Meadow St, Atlanta, GA 30301",December
189770,Macbook Pro Laptop,1,1700.0,2019-04-23 13:56:00,"608 Park St, Los Angeles, CA 90001",April
215504,Macbook Pro Laptop,1,1700.0,2019-06-02 15:39:00,"418 Meadow St, Seattle, WA 98101",June
231336,Macbook Pro Laptop,1,1700.0,2019-07-17 17:30:00,"777 Lake St, San Francisco, CA 94016",July
234623,Macbook Pro Laptop,1,1700.0,2019-07-10 11:22:00,"360 10th St, Atlanta, GA 30301",July
225916,Macbook Pro Laptop,1,1700.0,2019-07-22 20:49:00,"202 Maple St, Portland, OR 97035",July
238344,Macbook Pro Laptop,1,1700.0,2019-08-01 20:21:00,"961 Pine St, Boston, MA 02215",August
238253,Macbook Pro Laptop,1,1700.0,2019-08-10 19:54:00,"559 Dogwood St, San Francisco, CA 94016",August
257570,Macbook Pro Laptop,1,1700.0,2019-09-17 16:17:00,"460 Dogwood St, Boston, MA 02215",September
275451,Macbook Pro Laptop,1,1700.0,2019-10-29 21:35:00,"164 Madison St, New York City, NY 10001",October
275326,Macbook Pro Laptop,1,1700.0,2019-10-19 20:45:00,"517 7th St, San Francisco, CA 94016",October
273739,Macbook Pro Laptop,1,1700.0,2019-10-19 15:07:00,"948 Cedar St, Atlanta, GA 30301",October
271391,Macbook Pro Laptop,1,1700.0,2019-10-01 11:57:00,"380 Sunset St, Los Angeles, CA 90001",October
291376,Macbook Pro Laptop,1,1700.0,2019-11-18 12:33:00,"881 Lakeview St, Portland, ME 04101",November
295574,Macbook Pro Laptop,1,1700.0,2019-11-25 16:05:00,"592 Lincoln St, Atlanta, GA 30301",November
289924,Macbook Pro Laptop,1,1700.0,2019-11-09 15:21:00,"882 4th St, San Francisco, CA 94016",November
316690,Macbook Pro Laptop,1,1700.0,2019-12-13 20:36:00,"364 Jackson St, San Francisco, CA 94016",December
308940,Macbook Pro Laptop,1,1700.0,2019-12-10 18:18:00,"969 Wilson St, Los Angeles, CA 90001",December
302062,Macbook Pro Laptop,1,1700.0,2019-12-25 18:56:00,"343 Dogwood St, Portland, OR 97035",December
298211,Macbook Pro Laptop,1,1700.0,2019-12-10 19:35:00,"8 2nd St, New York City, NY 10001",December
304355,Macbook Pro Laptop,1,1700.0,2019-12-05 20:12:00,"924 Cedar St, Atlanta, GA 30301",December
304693,Macbook Pro Laptop,1,1700.0,2019-12-05 10:30:00,"566 Jefferson St, Boston, MA 02215",December
308352,Macbook Pro Laptop,1,1700.0,2019-12-25 09:04:00,"192 13th St, Seattle, WA 98101",December
297000,Macbook Pro Laptop,1,1700.0,2019-12-01 19:02:00,"361 Hickory St, Boston, MA 02215",December
298745,Macbook Pro Laptop,1,1700.0,2019-12-27 08:58:00,"903 11th St, Atlanta, GA 30301",December
304293,Macbook Pro Laptop,1,1700.0,2019-12-02 14:41:00,"252 Maple St, Los Angeles, CA 90001",December
307904,Macbook Pro Laptop,1,1700.0,2019-12-24 14:58:00,"159 Maple St, Seattle, WA 98101",December
309823,Macbook Pro Laptop,1,1700.0,2019-12-17 11:18:00,"689 Sunset St, San Francisco, CA 94016",December
312015,Macbook Pro Laptop,1,1700.0,2019-12-05 17:30:00,"30 Lincoln St, Los Angeles, CA 90001",December
317185,Macbook Pro Laptop,1,1700.0,2019-12-23 21:43:00,"420 Church St, San Francisco, CA 94016",December
298336,Macbook Pro Laptop,1,1700.0,2019-12-06 14:08:00,"456 Lincoln St, San Francisco, CA 94016",December
302433,Macbook Pro Laptop,1,1700.0,2019-12-05 19:25:00,"352 1st St, Atlanta, GA 30301",December
305485,Macbook Pro Laptop,1,1700.0,2019-12-20 05:48:00,"971 Maple St, New York City, NY 10001",December
312166,Macbook Pro Laptop,1,1700.0,2019-12-26 13:28:00,"269 Forest St, Austin, TX 73301",December
297362,Macbook Pro Laptop,1,1700.0,2019-12-11 06:31:00,"494 Ridge St, Portland, ME 04101",December
299424,Macbook Pro Laptop,1,1700.0,2019-12-03 12:54:00,"936 Highland St, San Francisco, CA 94016",December
303418,Macbook Pro Laptop,1,1700.0,2019-12-23 16:21:00,"337 Center St, New York City, NY 10001",December
319536,Macbook Pro Laptop,1,1700.0,2019-12-16 09:59:00,"346 Elm St, Seattle, WA 98101",December
300549,Macbook Pro Laptop,1,1700.0,2019-12-21 23:02:00,"820 Washington St, New York City, NY 10001",December
308745,Macbook Pro Laptop,1,1700.0,2019-12-25 21:21:00,"52 8th St, San Francisco, CA 94016",December
318837,Macbook Pro Laptop,1,1700.0,2019-12-30 01:31:00,"294 Highland St, San Francisco, CA 94016",December
299150,Macbook Pro Laptop,1,1700.0,2019-12-08 20:28:00,"646 Washington St, Los Angeles, CA 90001",December
304223,Macbook Pro Laptop,1,1700.0,2019-12-31 11:18:00,"142 11th St, Seattle, WA 98101",December
306077,Macbook Pro Laptop,1,1700.0,2019-12-05 15:22:00,"585 14th St, San Francisco, CA 94016",December
316420,Macbook Pro Laptop,1,1700.0,2019-12-30 19:24:00,"866 Hill St, Atlanta, GA 30301",December
318634,Macbook Pro Laptop,1,1700.0,2019-12-25 19:24:00,"603 Spruce St, New York City, NY 10001",December
318697,Macbook Pro Laptop,1,1700.0,2019-12-22 19:37:00,"930 Cherry St, Los Angeles, CA 90001",December
296126,Macbook Pro Laptop,1,1700.0,2019-12-31 18:45:00,"15 Main St, Seattle, WA 98101",December
299736,Macbook Pro Laptop,1,1700.0,2019-12-12 07:23:00,"929 2nd St, New York City, NY 10001",December
306749,Macbook Pro Laptop,1,1700.0,2019-12-23 07:19:00,"422 8th St, Portland, OR 97035",December
315856,Macbook Pro Laptop,1,1700.0,2019-12-27 12:40:00,"992 Wilson St, San Francisco, CA 94016",December
319014,Macbook Pro Laptop,1,1700.0,2019-12-08 14:12:00,"209 Jefferson St, Boston, MA 02215",December
297496,Macbook Pro Laptop,1,1700.0,2019-12-15 10:49:00,"645 Lincoln St, Seattle, WA 98101",December
305451,Macbook Pro Laptop,1,1700.0,2019-12-28 18:22:00,"470 Walnut St, San Francisco, CA 94016",December
306273,Macbook Pro Laptop,1,1700.0,2019-12-28 18:51:00,"971 Sunset St, Portland, OR 97035",December
149570,Macbook Pro Laptop,1,1700.0,2019-01-26 08:30:00,"180 Lakeview St, Seattle, WA 98101",January
146251,Macbook Pro Laptop,1,1700.0,2019-01-23 21:11:00,"575 Chestnut St, Austin, TX 73301",January
144735,Macbook Pro Laptop,1,1700.0,2019-01-05 16:15:00,"266 4th St, Los Angeles, CA 90001",January
142823,Macbook Pro Laptop,1,1700.0,2019-01-02 15:05:00,"487 14th St, New York City, NY 10001",January
143200,Macbook Pro Laptop,1,1700.0,2019-01-24 18:55:00,"170 5th St, Dallas, TX 75001",January
142617,Macbook Pro Laptop,1,1700.0,2019-01-15 16:38:00,"706 River St, Los Angeles, CA 90001",January
148151,Macbook Pro Laptop,1,1700.0,2019-01-23 11:06:00,"994 Dogwood St, Seattle, WA 98101",January
142918,Macbook Pro Laptop,1,1700.0,2019-01-08 23:38:00,"405 Lakeview St, New York City, NY 10001",January
142679,Macbook Pro Laptop,1,1700.0,2019-01-14 01:07:00,"440 Church St, Los Angeles, CA 90001",January
144450,Macbook Pro Laptop,1,1700.0,2019-01-18 10:03:00,"105 13th St, Los Angeles, CA 90001",January
148603,Macbook Pro Laptop,1,1700.0,2019-01-13 09:58:00,"737 West St, San Francisco, CA 94016",January
145209,Macbook Pro Laptop,1,1700.0,2019-01-10 21:46:00,"693 Washington St, Atlanta, GA 30301",January
150359,Macbook Pro Laptop,1,1700.0,2019-01-13 22:28:00,"769 7th St, San Francisco, CA 94016",January
142157,Macbook Pro Laptop,1,1700.0,2019-01-08 09:02:00,"638 5th St, Portland, OR 97035",January
144841,Macbook Pro Laptop,1,1700.0,2019-01-26 18:06:00,"447 Meadow St, Los Angeles, CA 90001",January
145086,Macbook Pro Laptop,1,1700.0,2019-01-15 11:20:00,"828 Wilson St, Portland, ME 04101",January
146712,Macbook Pro Laptop,1,1700.0,2019-01-29 18:32:00,"475 Adams St, Austin, TX 73301",January
141953,Macbook Pro Laptop,1,1700.0,2019-01-11 10:03:00,"112 Maple St, Atlanta, GA 30301",January
148393,Macbook Pro Laptop,1,1700.0,2019-01-03 11:32:00,"580 6th St, Boston, MA 02215",January
143272,Macbook Pro Laptop,1,1700.0,2019-01-14 12:58:00,"526 Spruce St, San Francisco, CA 94016",January
147516,Macbook Pro Laptop,1,1700.0,2019-01-20 08:56:00,"425 9th St, Boston, MA 02215",January
149805,Macbook Pro Laptop,1,1700.0,2019-01-13 14:59:00,"374 9th St, San Francisco, CA 94016",January
150197,Macbook Pro Laptop,1,1700.0,2019-01-31 12:54:00,"42 Spruce St, New York City, NY 10001",January
142014,Macbook Pro Laptop,1,1700.0,2019-01-02 20:41:00,"332 River St, Boston, MA 02215",January
142616,Macbook Pro Laptop,1,1700.0,2019-01-20 00:15:00,"3 2nd St, New York City, NY 10001",January
147085,Macbook Pro Laptop,1,1700.0,2019-01-23 07:44:00,"161 11th St, New York City, NY 10001",January
145383,Macbook Pro Laptop,1,1700.0,2019-01-09 17:35:00,"377 Willow St, Boston, MA 02215",January
146531,Macbook Pro Laptop,1,1700.0,2019-01-09 10:11:00,"432 Ridge St, Boston, MA 02215",January
149672,Macbook Pro Laptop,1,1700.0,2019-01-20 00:15:00,"896 12th St, New York City, NY 10001",January
148168,Macbook Pro Laptop,1,1700.0,2019-01-16 21:44:00,"755 Jefferson St, New York City, NY 10001",January
146616,Macbook Pro Laptop,1,1700.0,2019-01-29 11:10:00,"227 7th St, Los Angeles, CA 90001",January
147943,Macbook Pro Laptop,1,1700.0,2019-01-20 18:13:00,"402 South St, Los Angeles, CA 90001",January
143636,Macbook Pro Laptop,1,1700.0,2019-01-17 23:30:00,"509 Washington St, New York City, NY 10001",January
148705,Macbook Pro Laptop,1,1700.0,2019-01-01 17:52:00,"951 Church St, Boston, MA 02215",January
147254,Macbook Pro Laptop,1,1700.0,2019-01-30 15:07:00,"37 2nd St, San Francisco, CA 94016",January
150844,Macbook Pro Laptop,1,1700.0,2019-02-06 22:01:00,"680 Church St, San Francisco, CA 94016",February
160367,Macbook Pro Laptop,1,1700.0,2019-02-08 15:05:00,"927 Lincoln St, Dallas, TX 75001",February
152187,Macbook Pro Laptop,1,1700.0,2019-02-19 13:43:00,"415 Hickory St, New York City, NY 10001",February
158201,Macbook Pro Laptop,1,1700.0,2019-02-21 08:10:00,"130 9th St, Dallas, TX 75001",February
159620,Macbook Pro Laptop,1,1700.0,2019-02-06 04:55:00,"786 Washington St, Atlanta, GA 30301",February
159359,Macbook Pro Laptop,1,1700.0,2019-02-13 22:21:00,"67 Forest St, Los Angeles, CA 90001",February
159875,Macbook Pro Laptop,1,1700.0,2019-02-22 18:33:00,"637 Lake St, New York City, NY 10001",February
151505,Macbook Pro Laptop,1,1700.0,2019-02-22 12:48:00,"923 Maple St, Atlanta, GA 30301",February
153667,Macbook Pro Laptop,1,1700.0,2019-02-11 20:44:00,"677 Spruce St, Austin, TX 73301",February
155734,Macbook Pro Laptop,1,1700.0,2019-02-16 19:25:00,"400 Hill St, Dallas, TX 75001",February
159173,Macbook Pro Laptop,1,1700.0,2019-02-23 09:02:00,"43 11th St, San Francisco, CA 94016",February
150828,Macbook Pro Laptop,1,1700.0,2019-02-18 21:13:00,"380 13th St, Dallas, TX 75001",February
151045,Macbook Pro Laptop,1,1700.0,2019-02-26 15:55:00,"393 Maple St, Dallas, TX 75001",February
157634,Macbook Pro Laptop,1,1700.0,2019-02-19 19:12:00,"424 Highland St, New York City, NY 10001",February
161261,Macbook Pro Laptop,1,1700.0,2019-02-25 14:24:00,"976 Lake St, Los Angeles, CA 90001",February
151634,Macbook Pro Laptop,1,1700.0,2019-02-12 19:58:00,"798 6th St, San Francisco, CA 94016",February
155652,Macbook Pro Laptop,1,1700.0,2019-02-18 16:52:00,"999 Highland St, San Francisco, CA 94016",February
156504,Macbook Pro Laptop,1,1700.0,2019-02-12 21:28:00,"869 Dogwood St, Atlanta, GA 30301",February
157100,Macbook Pro Laptop,1,1700.0,2019-02-06 21:37:00,"230 Adams St, San Francisco, CA 94016",February
160109,Macbook Pro Laptop,1,1700.0,2019-02-16 13:31:00,"151 Hill St, New York City, NY 10001",February
161609,Macbook Pro Laptop,1,1700.0,2019-02-02 20:17:00,"760 South St, San Francisco, CA 94016",February
160721,Macbook Pro Laptop,1,1700.0,2019-02-20 18:23:00,"97 Washington St, San Francisco, CA 94016",February
150931,Macbook Pro Laptop,1,1700.0,2019-02-15 11:17:00,"825 Adams St, Portland, ME 04101",February
158556,Macbook Pro Laptop,1,1700.0,2019-02-19 18:19:00,"454 9th St, Dallas, TX 75001",February
151736,Macbook Pro Laptop,1,1700.0,2019-02-22 14:58:00,"692 Johnson St, San Francisco, CA 94016",February
154283,Macbook Pro Laptop,1,1700.0,2019-02-21 18:55:00,"753 8th St, San Francisco, CA 94016",February
151866,Macbook Pro Laptop,1,1700.0,2019-02-12 08:18:00,"76 5th St, Atlanta, GA 30301",February
160768,Macbook Pro Laptop,1,1700.0,2019-02-15 07:51:00,"639 Ridge St, New York City, NY 10001",February
151586,Macbook Pro Laptop,1,1700.0,2019-02-26 19:45:00,"10 13th St, San Francisco, CA 94016",February
155188,Macbook Pro Laptop,1,1700.0,2019-02-25 11:26:00,"566 Dogwood St, Los Angeles, CA 90001",February
155659,Macbook Pro Laptop,1,1700.0,2019-02-05 17:10:00,"368 Pine St, Portland, OR 97035",February
159218,Macbook Pro Laptop,1,1700.0,2019-02-11 13:59:00,"358 9th St, Los Angeles, CA 90001",February
151162,Macbook Pro Laptop,1,1700.0,2019-02-12 20:36:00,"365 14th St, New York City, NY 10001",February
160544,Macbook Pro Laptop,1,1700.0,2019-02-09 10:45:00,"741 Sunset St, San Francisco, CA 94016",February
155912,Macbook Pro Laptop,1,1700.0,2019-02-09 23:10:00,"111 12th St, San Francisco, CA 94016",February
158522,Macbook Pro Laptop,1,1700.0,2019-02-06 21:48:00,"847 Jefferson St, Seattle, WA 98101",February
153949,Macbook Pro Laptop,1,1700.0,2019-02-14 01:09:00,"588 8th St, New York City, NY 10001",February
159772,Macbook Pro Laptop,1,1700.0,2019-02-14 12:41:00,"40 Ridge St, Atlanta, GA 30301",February
164946,Macbook Pro Laptop,1,1700.0,2019-03-01 19:28:00,"229 Johnson St, Portland, OR 97035",March
164384,Macbook Pro Laptop,1,1700.0,2019-03-18 18:18:00,"734 8th St, Los Angeles, CA 90001",March
166487,Macbook Pro Laptop,1,1700.0,2019-03-05 14:38:00,"724 Dogwood St, Portland, OR 97035",March
176179,Macbook Pro Laptop,1,1700.0,2019-03-22 13:58:00,"742 North St, Los Angeles, CA 90001",March
166836,Macbook Pro Laptop,1,1700.0,2019-03-19 12:06:00,"848 West St, Boston, MA 02215",March
170979,Macbook Pro Laptop,1,1700.0,2019-03-29 11:18:00,"351 Walnut St, Boston, MA 02215",March
173699,Macbook Pro Laptop,1,1700.0,2019-03-08 13:45:00,"593 7th St, Portland, OR 97035",March
169210,Macbook Pro Laptop,1,1700.0,2019-03-26 17:26:00,"750 West St, Austin, TX 73301",March
173158,Macbook Pro Laptop,1,1700.0,2019-03-22 19:48:00,"339 Lake St, San Francisco, CA 94016",March
175249,Macbook Pro Laptop,1,1700.0,2019-03-15 13:10:00,"554 13th St, San Francisco, CA 94016",March
163139,Macbook Pro Laptop,1,1700.0,2019-03-24 10:44:00,"150 Highland St, New York City, NY 10001",March
174354,Macbook Pro Laptop,1,1700.0,2019-03-14 20:27:00,"611 Wilson St, San Francisco, CA 94016",March
171225,Macbook Pro Laptop,1,1700.0,2019-03-31 08:28:00,"425 Forest St, Austin, TX 73301",March
169204,Macbook Pro Laptop,1,1700.0,2019-03-05 02:20:00,"790 8th St, Portland, OR 97035",March
171794,Macbook Pro Laptop,1,1700.0,2019-03-17 14:08:00,"438 Meadow St, San Francisco, CA 94016",March
175611,Macbook Pro Laptop,1,1700.0,2019-03-20 12:41:00,"619 7th St, Boston, MA 02215",March
162101,Macbook Pro Laptop,1,1700.0,2019-03-30 10:47:00,"253 11th St, Seattle, WA 98101",March
172401,Macbook Pro Laptop,1,1700.0,2019-03-19 12:23:00,"753 Washington St, Los Angeles, CA 90001",March
169422,Macbook Pro Laptop,1,1700.0,2019-03-18 15:17:00,"510 8th St, New York City, NY 10001",March
164723,Macbook Pro Laptop,1,1700.0,2019-03-31 08:55:00,"303 Highland St, San Francisco, CA 94016",March
167133,Macbook Pro Laptop,1,1700.0,2019-03-25 17:10:00,"407 Walnut St, Atlanta, GA 30301",March
167626,Macbook Pro Laptop,1,1700.0,2019-03-21 17:26:00,"820 Johnson St, Seattle, WA 98101",March
172308,Macbook Pro Laptop,1,1700.0,2019-03-07 16:38:00,"79 Lake St, San Francisco, CA 94016",March
175540,Macbook Pro Laptop,1,1700.0,2019-03-05 21:25:00,"628 Meadow St, Portland, OR 97035",March
173782,Macbook Pro Laptop,1,1700.0,2019-03-26 17:35:00,"855 Jefferson St, Atlanta, GA 30301",March
175886,Macbook Pro Laptop,1,1700.0,2019-03-21 13:20:00,"855 1st St, San Francisco, CA 94016",March
162270,Macbook Pro Laptop,1,1700.0,2019-03-07 11:45:00,"98 Elm St, Los Angeles, CA 90001",March
162330,Macbook Pro Laptop,1,1700.0,2019-03-25 06:04:00,"89 Elm St, New York City, NY 10001",March
163173,Macbook Pro Laptop,1,1700.0,2019-03-22 16:12:00,"387 1st St, San Francisco, CA 94016",March
164378,Macbook Pro Laptop,1,1700.0,2019-03-03 14:13:00,"80 Maple St, Portland, OR 97035",March
164872,Macbook Pro Laptop,1,1700.0,2019-03-15 11:08:00,"462 Johnson St, Atlanta, GA 30301",March
165771,Macbook Pro Laptop,1,1700.0,2019-03-11 18:40:00,"659 Church St, New York City, NY 10001",March
174892,Macbook Pro Laptop,1,1700.0,2019-03-12 09:06:00,"349 Lincoln St, San Francisco, CA 94016",March
165256,Macbook Pro Laptop,1,1700.0,2019-03-05 17:41:00,"808 8th St, Boston, MA 02215",March
165372,Macbook Pro Laptop,1,1700.0,2019-03-20 21:50:00,"258 Elm St, San Francisco, CA 94016",March
166329,Macbook Pro Laptop,1,1700.0,2019-03-17 23:50:00,"821 Chestnut St, Atlanta, GA 30301",March
167984,Macbook Pro Laptop,1,1700.0,2019-03-29 11:00:00,"269 9th St, San Francisco, CA 94016",March
173283,Macbook Pro Laptop,1,1700.0,2019-03-09 22:37:00,"485 Church St, Boston, MA 02215",March
173826,Macbook Pro Laptop,1,1700.0,2019-03-06 13:46:00,"263 Lincoln St, San Francisco, CA 94016",March
175105,Macbook Pro Laptop,1,1700.0,2019-03-03 15:56:00,"758 7th St, San Francisco, CA 94016",March
176039,Macbook Pro Laptop,1,1700.0,2019-03-28 15:20:00,"521 Forest St, New York City, NY 10001",March
166401,Macbook Pro Laptop,1,1700.0,2019-03-31 10:12:00,"792 Spruce St, Los Angeles, CA 90001",March
171444,Macbook Pro Laptop,1,1700.0,2019-03-29 15:26:00,"860 Walnut St, New York City, NY 10001",March
166518,Macbook Pro Laptop,1,1700.0,2019-03-26 15:53:00,"177 Sunset St, Austin, TX 73301",March
167947,Macbook Pro Laptop,1,1700.0,2019-03-18 11:00:00,"920 9th St, Dallas, TX 75001",March
174638,Macbook Pro Laptop,1,1700.0,2019-03-10 01:07:00,"701 Pine St, Atlanta, GA 30301",March
164011,Macbook Pro Laptop,1,1700.0,2019-03-16 08:13:00,"884 Elm St, Seattle, WA 98101",March
174701,Macbook Pro Laptop,1,1700.0,2019-03-18 21:52:00,"936 Cherry St, San Francisco, CA 94016",March
167029,Macbook Pro Laptop,1,1700.0,2019-03-28 15:40:00,"802 Meadow St, San Francisco, CA 94016",March
168452,Macbook Pro Laptop,1,1700.0,2019-03-18 23:10:00,"212 Walnut St, Austin, TX 73301",March
171613,Macbook Pro Laptop,1,1700.0,2019-03-09 07:42:00,"778 Highland St, Los Angeles, CA 90001",March
173237,Macbook Pro Laptop,1,1700.0,2019-03-18 15:42:00,"941 River St, Boston, MA 02215",March
164266,Macbook Pro Laptop,1,1700.0,2019-03-22 22:51:00,"887 Hickory St, Boston, MA 02215",March
169547,Macbook Pro Laptop,1,1700.0,2019-03-19 22:33:00,"825 Wilson St, New York City, NY 10001",March
171528,Macbook Pro Laptop,1,1700.0,2019-03-09 16:43:00,"16 Willow St, San Francisco, CA 94016",March
172597,Macbook Pro Laptop,1,1700.0,2019-03-03 14:41:00,"276 9th St, Boston, MA 02215",March
163971,Macbook Pro Laptop,1,1700.0,2019-03-22 20:11:00,"121 Main St, Boston, MA 02215",March
165119,Macbook Pro Laptop,1,1700.0,2019-03-11 09:58:00,"770 Cedar St, Los Angeles, CA 90001",March
166002,Macbook Pro Laptop,1,1700.0,2019-03-03 17:25:00,"552 Johnson St, San Francisco, CA 94016",March
175196,Macbook Pro Laptop,1,1700.0,2019-03-17 15:30:00,"644 10th St, Dallas, TX 75001",March
178854,Macbook Pro Laptop,1,1700.0,2019-04-10 12:35:00,"565 Ridge St, Dallas, TX 75001",April
181153,Macbook Pro Laptop,1,1700.0,2019-04-05 00:01:00,"561 Lincoln St, Portland, OR 97035",April
178696,Macbook Pro Laptop,1,1700.0,2019-04-25 17:45:00,"39 9th St, Austin, TX 73301",April
179513,Macbook Pro Laptop,1,1700.0,2019-04-01 23:41:00,"483 Jackson St, Los Angeles, CA 90001",April
183049,Macbook Pro Laptop,1,1700.0,2019-04-09 14:14:00,"32 Center St, Los Angeles, CA 90001",April
190655,Macbook Pro Laptop,1,1700.0,2019-04-10 06:24:00,"681 5th St, New York City, NY 10001",April
181471,Macbook Pro Laptop,1,1700.0,2019-04-20 22:17:00,"483 10th St, Los Angeles, CA 90001",April
185120,Macbook Pro Laptop,1,1700.0,2019-04-28 12:29:00,"731 Spruce St, San Francisco, CA 94016",April
186688,Macbook Pro Laptop,1,1700.0,2019-04-27 14:52:00,"944 Main St, New York City, NY 10001",April
189369,Macbook Pro Laptop,1,1700.0,2019-04-21 09:13:00,"816 5th St, San Francisco, CA 94016",April
193897,Macbook Pro Laptop,1,1700.0,2019-04-16 19:19:00,"489 Chestnut St, Los Angeles, CA 90001",April
191699,Macbook Pro Laptop,1,1700.0,2019-04-19 21:34:00,"894 8th St, Portland, OR 97035",April
182984,Macbook Pro Laptop,1,1700.0,2019-04-28 01:10:00,"83 Willow St, Boston, MA 02215",April
186589,Macbook Pro Laptop,1,1700.0,2019-04-24 19:05:00,"699 4th St, San Francisco, CA 94016",April
192476,Macbook Pro Laptop,1,1700.0,2019-04-17 13:35:00,"646 Lakeview St, Boston, MA 02215",April
193277,Macbook Pro Laptop,1,1700.0,2019-04-30 14:13:00,"139 2nd St, New York City, NY 10001",April
177385,Macbook Pro Laptop,1,1700.0,2019-04-11 12:08:00,"27 Adams St, San Francisco, CA 94016",April
179137,Macbook Pro Laptop,1,1700.0,2019-04-16 16:53:00,"623 Walnut St, Austin, TX 73301",April
183814,Macbook Pro Laptop,1,1700.0,2019-04-10 12:36:00,"901 Center St, Portland, OR 97035",April
193806,Macbook Pro Laptop,1,1700.0,2019-04-24 12:06:00,"631 Pine St, New York City, NY 10001",April
187632,Macbook Pro Laptop,1,1700.0,2019-04-03 12:46:00,"704 Washington St, San Francisco, CA 94016",April
186935,Macbook Pro Laptop,1,1700.0,2019-04-05 03:05:00,"437 Cherry St, New York City, NY 10001",April
190370,Macbook Pro Laptop,1,1700.0,2019-04-21 20:04:00,"471 5th St, San Francisco, CA 94016",April
191001,Macbook Pro Laptop,1,1700.0,2019-04-11 19:19:00,"640 West St, Dallas, TX 75001",April
190418,Macbook Pro Laptop,1,1700.0,2019-04-05 20:59:00,"548 Main St, San Francisco, CA 94016",April
181025,Macbook Pro Laptop,1,1700.0,2019-04-30 09:22:00,"881 1st St, Boston, MA 02215",April
185576,Macbook Pro Laptop,1,1700.0,2019-04-15 22:11:00,"794 Jackson St, Los Angeles, CA 90001",April
191868,Macbook Pro Laptop,1,1700.0,2019-04-16 15:08:00,"814 Church St, Los Angeles, CA 90001",April
179226,Macbook Pro Laptop,1,1700.0,2019-04-09 19:45:00,"332 Adams St, New York City, NY 10001",April
181048,Macbook Pro Laptop,1,1700.0,2019-04-11 13:47:00,"940 11th St, Dallas, TX 75001",April
188417,Macbook Pro Laptop,1,1700.0,2019-04-25 13:03:00,"836 Lakeview St, Atlanta, GA 30301",April
188630,Macbook Pro Laptop,1,1700.0,2019-04-25 19:01:00,"616 Chestnut St, New York City, NY 10001",April
189816,Macbook Pro Laptop,1,1700.0,2019-04-26 14:54:00,"323 South St, New York City, NY 10001",April
193380,Macbook Pro Laptop,1,1700.0,2019-04-30 15:29:00,"3 Walnut St, Seattle, WA 98101",April
177120,Macbook Pro Laptop,1,1700.0,2019-04-03 09:46:00,"371 Church St, New York City, NY 10001",April
179417,Macbook Pro Laptop,1,1700.0,2019-04-23 19:23:00,"9 North St, Seattle, WA 98101",April
182088,Macbook Pro Laptop,1,1700.0,2019-04-10 11:29:00,"21 2nd St, Boston, MA 02215",April
186531,Macbook Pro Laptop,1,1700.0,2019-04-09 07:38:00,"659 11th St, New York City, NY 10001",April
187639,Macbook Pro Laptop,1,1700.0,2019-04-29 01:13:00,"533 Maple St, Boston, MA 02215",April
177348,Macbook Pro Laptop,1,1700.0,2019-04-04 18:11:00,"972 9th St, Seattle, WA 98101",April
184965,Macbook Pro Laptop,1,1700.0,2019-04-30 01:30:00,"757 6th St, Austin, TX 73301",April
178474,Macbook Pro Laptop,1,1700.0,2019-04-21 19:37:00,"333 Forest St, Atlanta, GA 30301",April
181095,Macbook Pro Laptop,1,1700.0,2019-04-19 20:42:00,"251 South St, Dallas, TX 75001",April
192274,Macbook Pro Laptop,1,1700.0,2019-04-25 23:46:00,"32 9th St, Seattle, WA 98101",April
184900,Macbook Pro Laptop,1,1700.0,2019-04-23 18:04:00,"137 Main St, Austin, TX 73301",April
192191,Macbook Pro Laptop,1,1700.0,2019-04-21 17:14:00,"62 Center St, New York City, NY 10001",April
179713,Macbook Pro Laptop,1,1700.0,2019-04-25 14:48:00,"950 5th St, New York City, NY 10001",April
180176,Macbook Pro Laptop,1,1700.0,2019-04-15 00:05:00,"25 Adams St, San Francisco, CA 94016",April
187229,Macbook Pro Laptop,1,1700.0,2019-04-29 11:24:00,"247 Wilson St, Austin, TX 73301",April
192312,Macbook Pro Laptop,1,1700.0,2019-04-17 13:48:00,"86 Hickory St, Atlanta, GA 30301",April
181563,Macbook Pro Laptop,1,1700.0,2019-04-04 14:42:00,"218 Park St, New York City, NY 10001",April
182838,Macbook Pro Laptop,1,1700.0,2019-04-26 17:25:00,"880 Jefferson St, San Francisco, CA 94016",April
184794,Macbook Pro Laptop,1,1700.0,2019-04-13 18:04:00,"321 Jefferson St, New York City, NY 10001",April
189850,Macbook Pro Laptop,1,1700.0,2019-04-27 12:42:00,"710 Cedar St, New York City, NY 10001",April
185410,Macbook Pro Laptop,1,1700.0,2019-04-14 21:44:00,"217 Washington St, Seattle, WA 98101",April
193217,Macbook Pro Laptop,1,1700.0,2019-04-12 21:35:00,"640 8th St, Atlanta, GA 30301",April
189370,Macbook Pro Laptop,1,1700.0,2019-04-22 13:26:00,"572 Lakeview St, Dallas, TX 75001",April
189508,Macbook Pro Laptop,1,1700.0,2019-04-14 10:51:00,"508 Hill St, San Francisco, CA 94016",April
189840,Macbook Pro Laptop,1,1700.0,2019-04-04 15:19:00,"541 Cherry St, San Francisco, CA 94016",April
188865,Macbook Pro Laptop,1,1700.0,2019-04-04 12:45:00,"939 Adams St, Dallas, TX 75001",April
191455,Macbook Pro Laptop,1,1700.0,2019-04-30 16:23:00,"320 Main St, San Francisco, CA 94016",April
181179,Macbook Pro Laptop,1,1700.0,2019-04-05 14:10:00,"892 5th St, Austin, TX 73301",April
177681,Macbook Pro Laptop,1,1700.0,2019-04-01 14:07:00,"259 7th St, Dallas, TX 75001",April
189010,Macbook Pro Laptop,1,1700.0,2019-04-25 13:10:00,"256 Washington St, San Francisco, CA 94016",April
178648,Macbook Pro Laptop,1,1700.0,2019-04-23 16:11:00,"669 Walnut St, New York City, NY 10001",April
181298,Macbook Pro Laptop,1,1700.0,2019-04-01 21:39:00,"732 Hickory St, Boston, MA 02215",April
183830,Macbook Pro Laptop,1,1700.0,2019-04-25 16:04:00,"747 12th St, San Francisco, CA 94016",April
187234,Macbook Pro Laptop,1,1700.0,2019-04-09 07:57:00,"266 14th St, San Francisco, CA 94016",April
178584,Macbook Pro Laptop,1,1700.0,2019-04-30 14:51:00,"969 10th St, Portland, OR 97035",April
182139,Macbook Pro Laptop,1,1700.0,2019-04-17 10:47:00,"878 Washington St, San Francisco, CA 94016",April
186387,Macbook Pro Laptop,1,1700.0,2019-04-05 15:10:00,"792 Hill St, Portland, ME 04101",April
194181,Macbook Pro Laptop,1,1700.0,2019-05-21 21:50:00,"99 Jefferson St, New York City, NY 10001",May
196971,Macbook Pro Laptop,1,1700.0,2019-05-23 22:47:00,"561 North St, Los Angeles, CA 90001",May
200762,Macbook Pro Laptop,1,1700.0,2019-05-27 08:41:00,"534 Cherry St, Dallas, TX 75001",May
203829,Macbook Pro Laptop,1,1700.0,2019-05-26 09:06:00,"243 Walnut St, New York City, NY 10001",May
206266,Macbook Pro Laptop,1,1700.0,2019-05-09 14:56:00,"279 12th St, New York City, NY 10001",May
199108,Macbook Pro Laptop,1,1700.0,2019-05-21 17:53:00,"373 South St, San Francisco, CA 94016",May
204613,Macbook Pro Laptop,1,1700.0,2019-05-09 15:04:00,"421 Washington St, Dallas, TX 75001",May
202536,Macbook Pro Laptop,1,1700.0,2019-05-07 16:24:00,"134 Willow St, Los Angeles, CA 90001",May
205313,Macbook Pro Laptop,1,1700.0,2019-05-28 22:32:00,"142 Park St, Atlanta, GA 30301",May
205556,Macbook Pro Laptop,1,1700.0,2019-05-17 22:18:00,"799 Johnson St, Los Angeles, CA 90001",May
206981,Macbook Pro Laptop,1,1700.0,2019-05-01 20:43:00,"228 4th St, Atlanta, GA 30301",May
208259,Macbook Pro Laptop,1,1700.0,2019-05-01 20:14:00,"965 Walnut St, Boston, MA 02215",May
209507,Macbook Pro Laptop,1,1700.0,2019-05-08 19:34:00,"670 Johnson St, Los Angeles, CA 90001",May
208638,Macbook Pro Laptop,1,1700.0,2019-05-20 18:01:00,"785 2nd St, Los Angeles, CA 90001",May
199202,Macbook Pro Laptop,1,1700.0,2019-05-21 09:13:00,"466 Spruce St, San Francisco, CA 94016",May
201244,Macbook Pro Laptop,1,1700.0,2019-05-21 09:05:00,"948 9th St, Boston, MA 02215",May
204483,Macbook Pro Laptop,1,1700.0,2019-05-02 19:29:00,"872 Elm St, Portland, OR 97035",May
208828,Macbook Pro Laptop,1,1700.0,2019-05-20 18:27:00,"161 Elm St, San Francisco, CA 94016",May
198394,Macbook Pro Laptop,1,1700.0,2019-05-04 14:12:00,"640 6th St, Atlanta, GA 30301",May
204157,Macbook Pro Laptop,1,1700.0,2019-05-17 16:47:00,"826 Elm St, San Francisco, CA 94016",May
205028,Macbook Pro Laptop,1,1700.0,2019-05-03 05:34:00,"231 Center St, New York City, NY 10001",May
208905,Macbook Pro Laptop,1,1700.0,2019-05-20 10:04:00,"913 Maple St, Dallas, TX 75001",May
196992,Macbook Pro Laptop,1,1700.0,2019-05-21 03:09:00,"722 Lakeview St, Boston, MA 02215",May
197109,Macbook Pro Laptop,1,1700.0,2019-05-15 19:33:00,"803 11th St, Atlanta, GA 30301",May
205885,Macbook Pro Laptop,1,1700.0,2019-05-08 17:44:00,"106 8th St, San Francisco, CA 94016",May
207558,Macbook Pro Laptop,1,1700.0,2019-05-14 08:59:00,"438 Willow St, New York City, NY 10001",May
209298,Macbook Pro Laptop,1,1700.0,2019-05-06 14:07:00,"436 6th St, Los Angeles, CA 90001",May
195688,Macbook Pro Laptop,1,1700.0,2019-05-21 04:10:00,"345 Park St, Los Angeles, CA 90001",May
202725,Macbook Pro Laptop,1,1700.0,2019-05-30 14:06:00,"882 Park St, San Francisco, CA 94016",May
207640,Macbook Pro Laptop,1,1700.0,2019-05-16 16:55:00,"520 2nd St, Boston, MA 02215",May
209798,Macbook Pro Laptop,1,1700.0,2019-05-07 13:51:00,"610 Adams St, Boston, MA 02215",May
198583,Macbook Pro Laptop,1,1700.0,2019-05-27 11:03:00,"113 Ridge St, Los Angeles, CA 90001",May
202505,Macbook Pro Laptop,1,1700.0,2019-05-05 22:42:00,"378 Hill St, Dallas, TX 75001",May
203225,Macbook Pro Laptop,1,1700.0,2019-05-24 19:21:00,"772 11th St, San Francisco, CA 94016",May
199006,Macbook Pro Laptop,1,1700.0,2019-05-04 20:59:00,"465 11th St, Seattle, WA 98101",May
207122,Macbook Pro Laptop,1,1700.0,2019-05-22 14:31:00,"301 7th St, San Francisco, CA 94016",May
208516,Macbook Pro Laptop,1,1700.0,2019-05-05 18:41:00,"503 Ridge St, New York City, NY 10001",May
200332,Macbook Pro Laptop,1,1700.0,2019-05-20 10:00:00,"581 Hickory St, San Francisco, CA 94016",May
205572,Macbook Pro Laptop,1,1700.0,2019-05-03 15:04:00,"979 Maple St, Austin, TX 73301",May
208601,Macbook Pro Laptop,1,1700.0,2019-05-04 17:57:00,"537 Walnut St, Los Angeles, CA 90001",May
207606,Macbook Pro Laptop,1,1700.0,2019-05-01 22:06:00,"145 Cedar St, Los Angeles, CA 90001",May
198421,Macbook Pro Laptop,1,1700.0,2019-05-29 18:44:00,"199 Sunset St, Los Angeles, CA 90001",May
202168,Macbook Pro Laptop,1,1700.0,2019-05-10 16:41:00,"635 Maple St, San Francisco, CA 94016",May
206448,Macbook Pro Laptop,1,1700.0,2019-05-04 09:15:00,"268 Ridge St, San Francisco, CA 94016",May
207275,Macbook Pro Laptop,1,1700.0,2019-05-08 09:15:00,"92 Lake St, Portland, OR 97035",May
207347,Macbook Pro Laptop,1,1700.0,2019-05-09 22:26:00,"97 Meadow St, San Francisco, CA 94016",May
208018,Macbook Pro Laptop,1,1700.0,2019-05-16 17:43:00,"164 Maple St, New York City, NY 10001",May
198481,Macbook Pro Laptop,1,1700.0,2019-05-11 13:18:00,"275 Cedar St, Dallas, TX 75001",May
198790,Macbook Pro Laptop,1,1700.0,2019-05-11 08:45:00,"709 Highland St, Dallas, TX 75001",May
199774,Macbook Pro Laptop,1,1700.0,2019-05-26 20:50:00,"849 Johnson St, Portland, OR 97035",May
201860,Macbook Pro Laptop,1,1700.0,2019-05-03 22:27:00,"285 South St, Portland, OR 97035",May
194428,Macbook Pro Laptop,1,1700.0,2019-05-04 16:37:00,"699 Elm St, Boston, MA 02215",May
196714,Macbook Pro Laptop,1,1700.0,2019-05-24 12:56:00,"957 Park St, New York City, NY 10001",May
198780,Macbook Pro Laptop,1,1700.0,2019-05-13 22:55:00,"868 4th St, Los Angeles, CA 90001",May
200485,Macbook Pro Laptop,1,1700.0,2019-05-23 12:59:00,"369 6th St, Dallas, TX 75001",May
202452,Macbook Pro Laptop,1,1700.0,2019-05-12 11:19:00,"604 4th St, New York City, NY 10001",May
197169,Macbook Pro Laptop,1,1700.0,2019-05-13 17:49:00,"468 6th St, Boston, MA 02215",May
201060,Macbook Pro Laptop,1,1700.0,2019-05-05 17:49:00,"567 Cedar St, Dallas, TX 75001",May
202906,Macbook Pro Laptop,1,1700.0,2019-05-09 12:13:00,"785 11th St, Dallas, TX 75001",May
200293,Macbook Pro Laptop,1,1700.0,2019-05-21 11:06:00,"549 4th St, San Francisco, CA 94016",May
201660,Macbook Pro Laptop,1,1700.0,2019-05-02 14:17:00,"89 Wilson St, San Francisco, CA 94016",May
209200,Macbook Pro Laptop,1,1700.0,2019-05-21 12:42:00,"323 Wilson St, San Francisco, CA 94016",May
200798,Macbook Pro Laptop,1,1700.0,2019-05-17 08:25:00,"25 13th St, San Francisco, CA 94016",May
211321,Macbook Pro Laptop,1,1700.0,2019-06-17 07:58:00,"15 12th St, Portland, OR 97035",June
210673,Macbook Pro Laptop,1,1700.0,2019-06-05 16:57:00,"63 Hickory St, Los Angeles, CA 90001",June
214268,Macbook Pro Laptop,1,1700.0,2019-06-21 13:47:00,"629 Walnut St, San Francisco, CA 94016",June
217584,Macbook Pro Laptop,1,1700.0,2019-06-26 17:41:00,"454 6th St, Boston, MA 02215",June
217883,Macbook Pro Laptop,1,1700.0,2019-06-13 13:00:00,"998 West St, Atlanta, GA 30301",June
218146,Macbook Pro Laptop,1,1700.0,2019-06-11 22:08:00,"156 Maple St, San Francisco, CA 94016",June
218307,Macbook Pro Laptop,1,1700.0,2019-06-27 07:19:00,"688 Willow St, Portland, OR 97035",June
222401,Macbook Pro Laptop,1,1700.0,2019-06-22 11:43:00,"167 4th St, San Francisco, CA 94016",June
218346,Macbook Pro Laptop,1,1700.0,2019-06-12 08:38:00,"560 13th St, New York City, NY 10001",June
212416,Macbook Pro Laptop,1,1700.0,2019-06-19 09:33:00,"159 West St, Los Angeles, CA 90001",June
216925,Macbook Pro Laptop,1,1700.0,2019-06-17 09:27:00,"709 North St, San Francisco, CA 94016",June
217129,Macbook Pro Laptop,1,1700.0,2019-06-13 10:28:00,"983 13th St, San Francisco, CA 94016",June
220961,Macbook Pro Laptop,1,1700.0,2019-06-20 09:46:00,"673 Main St, Los Angeles, CA 90001",June
222109,Macbook Pro Laptop,1,1700.0,2019-06-20 13:50:00,"88 Johnson St, San Francisco, CA 94016",June
211952,Macbook Pro Laptop,1,1700.0,2019-06-12 12:53:00,"58 Meadow St, Los Angeles, CA 90001",June
213347,Macbook Pro Laptop,1,1700.0,2019-06-02 19:24:00,"56 5th St, Austin, TX 73301",June
217042,Macbook Pro Laptop,1,1700.0,2019-06-20 12:49:00,"479 6th St, Boston, MA 02215",June
222490,Macbook Pro Laptop,1,1700.0,2019-06-08 00:17:00,"673 South St, New York City, NY 10001",June
210985,Macbook Pro Laptop,1,1700.0,2019-06-12 10:13:00,"829 Main St, Dallas, TX 75001",June
214541,Macbook Pro Laptop,1,1700.0,2019-06-01 17:33:00,"374 Madison St, San Francisco, CA 94016",June
218452,Macbook Pro Laptop,1,1700.0,2019-06-24 20:15:00,"876 Cedar St, New York City, NY 10001",June
215759,Macbook Pro Laptop,1,1700.0,2019-06-28 22:08:00,"753 Adams St, Dallas, TX 75001",June
215992,Macbook Pro Laptop,1,1700.0,2019-06-09 17:20:00,"632 13th St, Seattle, WA 98101",June
217623,Macbook Pro Laptop,1,1700.0,2019-06-15 13:00:00,"801 Johnson St, Austin, TX 73301",June
215031,Macbook Pro Laptop,1,1700.0,2019-06-08 08:46:00,"337 13th St, Atlanta, GA 30301",June
222488,Macbook Pro Laptop,1,1700.0,2019-06-08 17:58:00,"63 River St, Boston, MA 02215",June
213269,Macbook Pro Laptop,1,1700.0,2019-06-04 12:12:00,"301 Pine St, Boston, MA 02215",June
216019,Macbook Pro Laptop,1,1700.0,2019-06-08 08:54:00,"986 River St, Boston, MA 02215",June
222384,Macbook Pro Laptop,1,1700.0,2019-06-05 11:59:00,"74 8th St, San Francisco, CA 94016",June
215184,Macbook Pro Laptop,1,1700.0,2019-06-21 17:16:00,"17 Dogwood St, Austin, TX 73301",June
220419,Macbook Pro Laptop,1,1700.0,2019-06-06 11:12:00,"162 4th St, San Francisco, CA 94016",June
220732,Macbook Pro Laptop,1,1700.0,2019-06-05 21:10:00,"80 Meadow St, Los Angeles, CA 90001",June
219446,Macbook Pro Laptop,1,1700.0,2019-06-03 19:57:00,"306 Park St, Portland, OR 97035",June
219828,Macbook Pro Laptop,1,1700.0,2019-06-14 01:15:00,"58 Dogwood St, Los Angeles, CA 90001",June
220158,Macbook Pro Laptop,1,1700.0,2019-06-07 17:38:00,"892 Sunset St, Austin, TX 73301",June
221106,Macbook Pro Laptop,1,1700.0,2019-06-16 09:38:00,"286 River St, Austin, TX 73301",June
216151,Macbook Pro Laptop,1,1700.0,2019-06-17 06:51:00,"786 Spruce St, Atlanta, GA 30301",June
220583,Macbook Pro Laptop,1,1700.0,2019-06-29 19:27:00,"737 South St, New York City, NY 10001",June
212347,Macbook Pro Laptop,1,1700.0,2019-06-25 01:30:00,"395 Madison St, Boston, MA 02215",June
216062,Macbook Pro Laptop,1,1700.0,2019-06-17 07:04:00,"201 Lakeview St, New York City, NY 10001",June
218684,Macbook Pro Laptop,1,1700.0,2019-06-01 13:00:00,"624 12th St, Atlanta, GA 30301",June
210305,Macbook Pro Laptop,1,1700.0,2019-06-06 06:49:00,"51 Chestnut St, Los Angeles, CA 90001",June
210640,Macbook Pro Laptop,1,1700.0,2019-06-28 17:46:00,"600 1st St, Seattle, WA 98101",June
214789,Macbook Pro Laptop,1,1700.0,2019-06-13 10:24:00,"437 Cherry St, Dallas, TX 75001",June
218911,Macbook Pro Laptop,1,1700.0,2019-06-08 11:11:00,"695 Church St, Los Angeles, CA 90001",June
222438,Macbook Pro Laptop,1,1700.0,2019-06-30 18:24:00,"773 Forest St, Atlanta, GA 30301",June
210162,Macbook Pro Laptop,1,1700.0,2019-06-20 21:02:00,"237 Maple St, Seattle, WA 98101",June
220219,Macbook Pro Laptop,1,1700.0,2019-06-24 08:29:00,"569 12th St, Atlanta, GA 30301",June
221054,Macbook Pro Laptop,1,1700.0,2019-06-20 19:21:00,"558 Meadow St, Atlanta, GA 30301",June
210911,Macbook Pro Laptop,1,1700.0,2019-06-27 13:06:00,"648 Main St, Los Angeles, CA 90001",June
210587,Macbook Pro Laptop,1,1700.0,2019-06-05 11:39:00,"509 River St, San Francisco, CA 94016",June
221420,Macbook Pro Laptop,1,1700.0,2019-06-08 04:34:00,"200 Lakeview St, Boston, MA 02215",June
220069,Macbook Pro Laptop,1,1700.0,2019-06-28 20:21:00,"715 Washington St, New York City, NY 10001",June
221532,Macbook Pro Laptop,1,1700.0,2019-06-13 22:59:00,"90 Cedar St, Austin, TX 73301",June
210853,Macbook Pro Laptop,1,1700.0,2019-06-11 08:56:00,"684 South St, Boston, MA 02215",June
213838,Macbook Pro Laptop,1,1700.0,2019-06-29 01:21:00,"656 8th St, Boston, MA 02215",June
222187,Macbook Pro Laptop,1,1700.0,2019-06-27 10:15:00,"700 Lincoln St, Seattle, WA 98101",June
210699,Macbook Pro Laptop,1,1700.0,2019-06-09 08:18:00,"108 6th St, Boston, MA 02215",June
216357,Macbook Pro Laptop,1,1700.0,2019-06-26 19:16:00,"447 6th St, Atlanta, GA 30301",June
210483,Macbook Pro Laptop,1,1700.0,2019-06-22 21:51:00,"38 Pine St, Boston, MA 02215",June
211330,Macbook Pro Laptop,1,1700.0,2019-06-28 11:29:00,"477 Ridge St, Portland, ME 04101",June
212865,Macbook Pro Laptop,1,1700.0,2019-06-29 21:55:00,"92 Forest St, New York City, NY 10001",June
221080,Macbook Pro Laptop,1,1700.0,2019-06-18 19:37:00,"492 Cherry St, San Francisco, CA 94016",June
213973,Macbook Pro Laptop,1,1700.0,2019-06-13 22:30:00,"813 Johnson St, Atlanta, GA 30301",June
216361,Macbook Pro Laptop,1,1700.0,2019-06-12 13:44:00,"36 Wilson St, San Francisco, CA 94016",June
217758,Macbook Pro Laptop,1,1700.0,2019-06-09 08:53:00,"254 Madison St, New York City, NY 10001",June
212485,Macbook Pro Laptop,1,1700.0,2019-06-25 18:35:00,"323 2nd St, Los Angeles, CA 90001",June
214910,Macbook Pro Laptop,1,1700.0,2019-06-04 14:19:00,"385 13th St, Atlanta, GA 30301",June
218540,Macbook Pro Laptop,1,1700.0,2019-06-18 09:21:00,"765 10th St, Boston, MA 02215",June
222904,Macbook Pro Laptop,1,1700.0,2019-06-09 22:07:00,"975 2nd St, Los Angeles, CA 90001",June
225811,Macbook Pro Laptop,1,1700.0,2019-07-10 16:44:00,"248 2nd St, Los Angeles, CA 90001",July
230073,Macbook Pro Laptop,1,1700.0,2019-07-22 10:40:00,"288 Johnson St, Boston, MA 02215",July
224451,Macbook Pro Laptop,1,1700.0,2019-07-11 17:56:00,"884 North St, Los Angeles, CA 90001",July
227148,Macbook Pro Laptop,1,1700.0,2019-07-01 08:11:00,"161 Ridge St, Boston, MA 02215",July
231171,Macbook Pro Laptop,1,1700.0,2019-07-04 19:39:00,"455 Park St, Boston, MA 02215",July
231329,Macbook Pro Laptop,1,1700.0,2019-07-31 06:56:00,"255 Jackson St, Los Angeles, CA 90001",July
233825,Macbook Pro Laptop,1,1700.0,2019-07-13 13:41:00,"369 Willow St, New York City, NY 10001",July
223447,Macbook Pro Laptop,1,1700.0,2019-07-17 19:20:00,"36 Lake St, Seattle, WA 98101",July
233911,Macbook Pro Laptop,1,1700.0,2019-07-05 08:17:00,"464 Chestnut St, San Francisco, CA 94016",July
227540,Macbook Pro Laptop,1,1700.0,2019-07-19 16:58:00,"369 9th St, Los Angeles, CA 90001",July
231904,Macbook Pro Laptop,1,1700.0,2019-07-11 11:22:00,"4 Wilson St, Atlanta, GA 30301",July
233657,Macbook Pro Laptop,1,1700.0,2019-07-27 15:45:00,"893 Hickory St, Portland, OR 97035",July
224035,Macbook Pro Laptop,1,1700.0,2019-07-08 14:13:00,"762 7th St, San Francisco, CA 94016",July
224151,Macbook Pro Laptop,1,1700.0,2019-07-16 12:19:00,"481 Sunset St, New York City, NY 10001",July
224349,Macbook Pro Laptop,1,1700.0,2019-07-14 20:50:00,"93 6th St, New York City, NY 10001",July
232181,Macbook Pro Laptop,1,1700.0,2019-07-31 14:10:00,"736 Wilson St, New York City, NY 10001",July
234812,Macbook Pro Laptop,1,1700.0,2019-07-01 15:17:00,"877 Spruce St, Boston, MA 02215",July
227093,Macbook Pro Laptop,1,1700.0,2019-07-28 09:50:00,"201 Pine St, San Francisco, CA 94016",July
227772,Macbook Pro Laptop,1,1700.0,2019-07-23 18:39:00,"495 Wilson St, New York City, NY 10001",July
232784,Macbook Pro Laptop,1,1700.0,2019-07-21 22:10:00,"987 Highland St, Portland, ME 04101",July
229319,Macbook Pro Laptop,1,1700.0,2019-07-04 07:16:00,"415 Cherry St, Portland, OR 97035",July
232978,Macbook Pro Laptop,1,1700.0,2019-07-14 22:09:00,"346 Dogwood St, Austin, TX 73301",July
226298,Macbook Pro Laptop,1,1700.0,2019-07-09 14:57:00,"850 10th St, San Francisco, CA 94016",July
223426,Macbook Pro Laptop,1,1700.0,2019-07-18 08:40:00,"103 Park St, Boston, MA 02215",July
234361,Macbook Pro Laptop,1,1700.0,2019-07-03 13:50:00,"795 Cedar St, Boston, MA 02215",July
225334,Macbook Pro Laptop,1,1700.0,2019-07-11 17:26:00,"544 Chestnut St, Boston, MA 02215",July
226314,Macbook Pro Laptop,1,1700.0,2019-07-04 18:30:00,"512 Lincoln St, San Francisco, CA 94016",July
227295,Macbook Pro Laptop,1,1700.0,2019-07-28 15:34:00,"64 Lincoln St, Dallas, TX 75001",July
233630,Macbook Pro Laptop,1,1700.0,2019-07-09 00:44:00,"135 7th St, San Francisco, CA 94016",July
236463,Macbook Pro Laptop,1,1700.0,2019-07-09 15:26:00,"421 Center St, Boston, MA 02215",July
229841,Macbook Pro Laptop,1,1700.0,2019-07-02 17:31:00,"767 1st St, Seattle, WA 98101",July
231673,Macbook Pro Laptop,1,1700.0,2019-07-31 19:49:00,"950 Hickory St, Dallas, TX 75001",July
225991,Macbook Pro Laptop,1,1700.0,2019-07-22 08:07:00,"295 1st St, Los Angeles, CA 90001",July
227915,Macbook Pro Laptop,1,1700.0,2019-07-12 22:27:00,"664 Dogwood St, Los Angeles, CA 90001",July
226191,Macbook Pro Laptop,1,1700.0,2019-07-06 18:30:00,"297 Chestnut St, Boston, MA 02215",July
236308,Macbook Pro Laptop,1,1700.0,2019-07-13 13:43:00,"354 Main St, San Francisco, CA 94016",July
227873,Macbook Pro Laptop,1,1700.0,2019-07-29 07:05:00,"628 Washington St, Los Angeles, CA 90001",July
229714,Macbook Pro Laptop,1,1700.0,2019-07-30 19:13:00,"594 Jackson St, San Francisco, CA 94016",July
226300,Macbook Pro Laptop,1,1700.0,2019-07-04 15:50:00,"228 Ridge St, San Francisco, CA 94016",July
226774,Macbook Pro Laptop,1,1700.0,2019-07-31 19:07:00,"57 13th St, Seattle, WA 98101",July
235415,Macbook Pro Laptop,1,1700.0,2019-07-16 04:44:00,"612 10th St, Boston, MA 02215",July
231427,Macbook Pro Laptop,1,1700.0,2019-07-24 15:23:00,"417 Forest St, Los Angeles, CA 90001",July
236274,Macbook Pro Laptop,1,1700.0,2019-07-11 10:48:00,"925 Adams St, San Francisco, CA 94016",July
231947,Macbook Pro Laptop,1,1700.0,2019-07-11 20:06:00,"441 Forest St, Austin, TX 73301",July
233823,Macbook Pro Laptop,1,1700.0,2019-07-17 21:41:00,"737 Maple St, Atlanta, GA 30301",July
224773,Macbook Pro Laptop,1,1700.0,2019-07-23 17:01:00,"990 13th St, Atlanta, GA 30301",July
226302,Macbook Pro Laptop,1,1700.0,2019-07-13 19:28:00,"825 14th St, Seattle, WA 98101",July
231958,Macbook Pro Laptop,1,1700.0,2019-07-26 15:51:00,"417 13th St, Boston, MA 02215",July
235985,Macbook Pro Laptop,1,1700.0,2019-07-27 13:22:00,"709 Maple St, Seattle, WA 98101",July
229240,Macbook Pro Laptop,1,1700.0,2019-07-10 15:12:00,"426 Elm St, Dallas, TX 75001",July
231924,Macbook Pro Laptop,1,1700.0,2019-07-23 16:46:00,"777 Jefferson St, New York City, NY 10001",July
235609,Macbook Pro Laptop,1,1700.0,2019-07-09 16:01:00,"730 Hickory St, Los Angeles, CA 90001",July
230040,Macbook Pro Laptop,1,1700.0,2019-07-07 22:47:00,"576 Lakeview St, Dallas, TX 75001",July
232963,Macbook Pro Laptop,1,1700.0,2019-07-10 11:00:00,"547 Washington St, Atlanta, GA 30301",July
235844,Macbook Pro Laptop,1,1700.0,2019-07-21 11:50:00,"88 Chestnut St, San Francisco, CA 94016",July
226890,Macbook Pro Laptop,1,1700.0,2019-07-19 16:34:00,"606 South St, San Francisco, CA 94016",July
224125,Macbook Pro Laptop,1,1700.0,2019-07-21 20:58:00,"501 Cherry St, New York City, NY 10001",July
224944,Macbook Pro Laptop,1,1700.0,2019-07-28 14:19:00,"643 Highland St, San Francisco, CA 94016",July
228580,Macbook Pro Laptop,1,1700.0,2019-07-18 12:26:00,"328 Hill St, San Francisco, CA 94016",July
229750,Macbook Pro Laptop,1,1700.0,2019-07-04 09:29:00,"855 14th St, Seattle, WA 98101",July
236096,Macbook Pro Laptop,1,1700.0,2019-07-10 17:54:00,"65 Jefferson St, Atlanta, GA 30301",July
224263,Macbook Pro Laptop,1,1700.0,2019-07-13 11:51:00,"842 8th St, San Francisco, CA 94016",July
236561,Macbook Pro Laptop,1,1700.0,2019-07-13 19:34:00,"247 1st St, New York City, NY 10001",July
226608,Macbook Pro Laptop,1,1700.0,2019-07-20 10:40:00,"428 10th St, San Francisco, CA 94016",July
223373,Macbook Pro Laptop,1,1700.0,2019-07-06 16:47:00,"602 North St, San Francisco, CA 94016",July
228487,Macbook Pro Laptop,1,1700.0,2019-07-03 17:22:00,"874 4th St, Seattle, WA 98101",July
226480,Macbook Pro Laptop,1,1700.0,2019-07-18 18:20:00,"864 4th St, Boston, MA 02215",July
235791,Macbook Pro Laptop,1,1700.0,2019-07-21 08:45:00,"511 North St, San Francisco, CA 94016",July
239616,Macbook Pro Laptop,1,1700.0,2019-08-21 09:49:00,"88 Chestnut St, Dallas, TX 75001",August
237414,Macbook Pro Laptop,1,1700.0,2019-08-25 17:16:00,"111 Lincoln St, Seattle, WA 98101",August
238512,Macbook Pro Laptop,1,1700.0,2019-08-16 13:06:00,"285 Chestnut St, Los Angeles, CA 90001",August
243609,Macbook Pro Laptop,1,1700.0,2019-08-23 11:05:00,"908 Chestnut St, San Francisco, CA 94016",August
246563,Macbook Pro Laptop,1,1700.0,2019-08-15 14:57:00,"958 South St, Los Angeles, CA 90001",August
237570,Macbook Pro Laptop,1,1700.0,2019-08-03 09:20:00,"495 12th St, New York City, NY 10001",August
238039,Macbook Pro Laptop,1,1700.0,2019-08-06 06:55:00,"85 Main St, Seattle, WA 98101",August
243776,Macbook Pro Laptop,1,1700.0,2019-08-01 21:09:00,"239 6th St, Los Angeles, CA 90001",August
244929,Macbook Pro Laptop,1,1700.0,2019-08-16 11:33:00,"276 Hill St, Los Angeles, CA 90001",August
238329,Macbook Pro Laptop,1,1700.0,2019-08-03 09:09:00,"552 2nd St, San Francisco, CA 94016",August
239345,Macbook Pro Laptop,1,1700.0,2019-08-09 12:21:00,"328 Johnson St, San Francisco, CA 94016",August
241003,Macbook Pro Laptop,1,1700.0,2019-08-09 14:43:00,"133 11th St, San Francisco, CA 94016",August
244403,Macbook Pro Laptop,1,1700.0,2019-08-30 15:05:00,"820 Washington St, Los Angeles, CA 90001",August
243839,Macbook Pro Laptop,1,1700.0,2019-08-21 11:48:00,"370 Sunset St, New York City, NY 10001",August
237286,Macbook Pro Laptop,1,1700.0,2019-08-13 21:34:00,"902 Madison St, Boston, MA 02215",August
244221,Macbook Pro Laptop,1,1700.0,2019-08-03 06:33:00,"524 11th St, New York City, NY 10001",August
243889,Macbook Pro Laptop,1,1700.0,2019-08-30 23:22:00,"23 Cherry St, Seattle, WA 98101",August
239699,Macbook Pro Laptop,1,1700.0,2019-08-04 23:14:00,"150 Willow St, Dallas, TX 75001",August
245949,Macbook Pro Laptop,1,1700.0,2019-08-23 11:40:00,"226 Center St, San Francisco, CA 94016",August
246472,Macbook Pro Laptop,1,1700.0,2019-08-20 16:39:00,"384 6th St, Boston, MA 02215",August
242328,Macbook Pro Laptop,1,1700.0,2019-08-22 08:59:00,"764 Adams St, Atlanta, GA 30301",August
245080,Macbook Pro Laptop,1,1700.0,2019-08-13 21:48:00,"171 Main St, Los Angeles, CA 90001",August
240434,Macbook Pro Laptop,1,1700.0,2019-08-06 18:51:00,"487 Highland St, Dallas, TX 75001",August
238932,Macbook Pro Laptop,1,1700.0,2019-08-03 20:46:00,"90 Center St, Los Angeles, CA 90001",August
241023,Macbook Pro Laptop,1,1700.0,2019-08-21 04:04:00,"268 Jackson St, Seattle, WA 98101",August
242134,Macbook Pro Laptop,1,1700.0,2019-08-29 16:37:00,"361 West St, San Francisco, CA 94016",August
243534,Macbook Pro Laptop,1,1700.0,2019-08-21 22:17:00,"197 Johnson St, San Francisco, CA 94016",August
238654,Macbook Pro Laptop,1,1700.0,2019-08-23 10:43:00,"485 Lincoln St, Los Angeles, CA 90001",August
243313,Macbook Pro Laptop,1,1700.0,2019-08-06 12:11:00,"420 5th St, Dallas, TX 75001",August
244248,Macbook Pro Laptop,1,1700.0,2019-08-01 16:00:00,"227 Johnson St, Seattle, WA 98101",August
245479,Macbook Pro Laptop,1,1700.0,2019-08-05 11:21:00,"766 Sunset St, New York City, NY 10001",August
248000,Macbook Pro Laptop,1,1700.0,2019-08-07 17:50:00,"987 Main St, Portland, ME 04101",August
239061,Macbook Pro Laptop,1,1700.0,2019-08-04 23:16:00,"977 Maple St, Atlanta, GA 30301",August
242889,Macbook Pro Laptop,1,1700.0,2019-08-14 16:42:00,"711 Johnson St, Seattle, WA 98101",August
243866,Macbook Pro Laptop,1,1700.0,2019-08-29 14:18:00,"198 Center St, Atlanta, GA 30301",August
243548,Macbook Pro Laptop,1,1700.0,2019-08-22 19:31:00,"91 North St, Dallas, TX 75001",August
247860,Macbook Pro Laptop,1,1700.0,2019-08-15 01:27:00,"129 Willow St, Los Angeles, CA 90001",August
236984,Macbook Pro Laptop,1,1700.0,2019-08-14 15:17:00,"839 North St, San Francisco, CA 94016",August
245959,Macbook Pro Laptop,1,1700.0,2019-08-01 21:00:00,"25 5th St, Atlanta, GA 30301",August
243167,Macbook Pro Laptop,1,1700.0,2019-08-30 14:57:00,"96 13th St, Atlanta, GA 30301",August
243218,Macbook Pro Laptop,1,1700.0,2019-08-28 11:13:00,"286 Ridge St, Austin, TX 73301",August
241801,Macbook Pro Laptop,1,1700.0,2019-08-02 15:39:00,"691 Church St, Seattle, WA 98101",August
243728,Macbook Pro Laptop,1,1700.0,2019-08-26 12:57:00,"665 14th St, Los Angeles, CA 90001",August
245903,Macbook Pro Laptop,1,1700.0,2019-08-06 08:59:00,"898 Park St, San Francisco, CA 94016",August
240915,Macbook Pro Laptop,1,1700.0,2019-08-28 15:49:00,"473 Adams St, Seattle, WA 98101",August
244322,Macbook Pro Laptop,1,1700.0,2019-08-10 19:58:00,"225 Walnut St, San Francisco, CA 94016",August
249420,Macbook Pro Laptop,1,1700.0,2019-09-18 01:28:00,"33 Elm St, Atlanta, GA 30301",September
249559,Macbook Pro Laptop,1,1700.0,2019-09-08 13:52:00,"927 Dogwood St, Dallas, TX 75001",September
253039,Macbook Pro Laptop,1,1700.0,2019-09-13 13:10:00,"139 Cherry St, San Francisco, CA 94016",September
248625,Macbook Pro Laptop,1,1700.0,2019-09-14 00:53:00,"978 Jackson St, Los Angeles, CA 90001",September
249897,Macbook Pro Laptop,1,1700.0,2019-09-14 19:49:00,"278 Forest St, Boston, MA 02215",September
258361,Macbook Pro Laptop,1,1700.0,2019-09-24 21:26:00,"952 South St, Portland, OR 97035",September
253664,Macbook Pro Laptop,1,1700.0,2019-09-28 13:10:00,"305 South St, Boston, MA 02215",September
254147,Macbook Pro Laptop,1,1700.0,2019-09-29 10:04:00,"828 Elm St, Seattle, WA 98101",September
256366,Macbook Pro Laptop,1,1700.0,2019-09-01 13:35:00,"983 River St, Atlanta, GA 30301",September
255600,Macbook Pro Laptop,1,1700.0,2019-09-17 21:50:00,"726 9th St, Atlanta, GA 30301",September
254796,Macbook Pro Laptop,1,1700.0,2019-09-20 13:12:00,"465 13th St, Boston, MA 02215",September
255258,Macbook Pro Laptop,1,1700.0,2019-09-24 13:47:00,"569 South St, Boston, MA 02215",September
255293,Macbook Pro Laptop,1,1700.0,2019-09-24 00:25:00,"4 Johnson St, San Francisco, CA 94016",September
257802,Macbook Pro Laptop,1,1700.0,2019-09-13 17:06:00,"948 Park St, Dallas, TX 75001",September
258908,Macbook Pro Laptop,1,1700.0,2019-09-02 23:21:00,"446 Lincoln St, Portland, ME 04101",September
248682,Macbook Pro Laptop,1,1700.0,2019-09-28 19:17:00,"666 Willow St, Boston, MA 02215",September
258520,Macbook Pro Laptop,1,1700.0,2019-09-06 13:54:00,"340 Main St, Los Angeles, CA 90001",September
251563,Macbook Pro Laptop,1,1700.0,2019-09-03 14:52:00,"657 Cherry St, San Francisco, CA 94016",September
259013,Macbook Pro Laptop,1,1700.0,2019-09-24 09:54:00,"362 Jefferson St, Los Angeles, CA 90001",September
253788,Macbook Pro Laptop,1,1700.0,2019-09-21 10:46:00,"921 Church St, New York City, NY 10001",September
257953,Macbook Pro Laptop,1,1700.0,2019-09-12 09:15:00,"151 7th St, Dallas, TX 75001",September
253119,Macbook Pro Laptop,1,1700.0,2019-09-08 20:02:00,"188 Washington St, New York City, NY 10001",September
248258,Macbook Pro Laptop,1,1700.0,2019-09-21 09:57:00,"535 2nd St, Los Angeles, CA 90001",September
249389,Macbook Pro Laptop,1,1700.0,2019-09-10 14:00:00,"6 13th St, Seattle, WA 98101",September
252377,Macbook Pro Laptop,1,1700.0,2019-09-02 08:48:00,"712 9th St, Atlanta, GA 30301",September
249274,Macbook Pro Laptop,1,1700.0,2019-09-03 15:22:00,"127 Cherry St, New York City, NY 10001",September
249177,Macbook Pro Laptop,1,1700.0,2019-09-06 10:49:00,"86 12th St, Portland, ME 04101",September
251970,Macbook Pro Laptop,1,1700.0,2019-09-13 22:36:00,"354 Main St, Seattle, WA 98101",September
257259,Macbook Pro Laptop,1,1700.0,2019-09-13 22:29:00,"50 West St, Los Angeles, CA 90001",September
248721,Macbook Pro Laptop,1,1700.0,2019-09-23 04:44:00,"139 Walnut St, San Francisco, CA 94016",September
256433,Macbook Pro Laptop,1,1700.0,2019-09-19 10:55:00,"586 12th St, Los Angeles, CA 90001",September
253455,Macbook Pro Laptop,1,1700.0,2019-09-03 09:35:00,"807 Park St, Boston, MA 02215",September
253986,Macbook Pro Laptop,1,1700.0,2019-09-07 12:37:00,"121 9th St, Los Angeles, CA 90001",September
255801,Macbook Pro Laptop,1,1700.0,2019-09-05 11:25:00,"930 Forest St, Boston, MA 02215",September
253292,Macbook Pro Laptop,1,1700.0,2019-09-03 10:41:00,"622 11th St, San Francisco, CA 94016",September
253393,Macbook Pro Laptop,1,1700.0,2019-09-09 17:15:00,"391 Meadow St, Los Angeles, CA 90001",September
252235,Macbook Pro Laptop,1,1700.0,2019-09-17 02:54:00,"784 Chestnut St, San Francisco, CA 94016",September
255318,Macbook Pro Laptop,1,1700.0,2019-09-26 11:58:00,"548 Jackson St, Dallas, TX 75001",September
253737,Macbook Pro Laptop,1,1700.0,2019-09-11 14:12:00,"42 11th St, Los Angeles, CA 90001",September
250410,Macbook Pro Laptop,1,1700.0,2019-09-24 21:09:00,"278 Willow St, Los Angeles, CA 90001",September
256413,Macbook Pro Laptop,1,1700.0,2019-09-09 20:32:00,"187 Church St, Dallas, TX 75001",September
253964,Macbook Pro Laptop,1,1700.0,2019-09-09 15:19:00,"689 Wilson St, Dallas, TX 75001",September
263350,Macbook Pro Laptop,1,1700.0,2019-10-23 12:08:00,"77 Johnson St, San Francisco, CA 94016",October
264454,Macbook Pro Laptop,1,1700.0,2019-10-24 16:22:00,"49 Highland St, Los Angeles, CA 90001",October
274650,Macbook Pro Laptop,1,1700.0,2019-10-15 10:58:00,"316 11th St, Atlanta, GA 30301",October
260307,Macbook Pro Laptop,1,1700.0,2019-10-10 17:25:00,"500 Forest St, Seattle, WA 98101",October
267096,Macbook Pro Laptop,1,1700.0,2019-10-20 14:08:00,"450 Walnut St, Los Angeles, CA 90001",October
277104,Macbook Pro Laptop,1,1700.0,2019-10-09 10:34:00,"762 Spruce St, Los Angeles, CA 90001",October
266398,Macbook Pro Laptop,1,1700.0,2019-10-26 23:39:00,"170 Ridge St, New York City, NY 10001",October
262331,Macbook Pro Laptop,1,1700.0,2019-10-04 21:24:00,"451 Maple St, Atlanta, GA 30301",October
267403,Macbook Pro Laptop,1,1700.0,2019-10-10 14:41:00,"940 Washington St, New York City, NY 10001",October
270608,Macbook Pro Laptop,1,1700.0,2019-10-09 20:02:00,"987 Lake St, San Francisco, CA 94016",October
277270,Macbook Pro Laptop,1,1700.0,2019-10-01 21:13:00,"762 Lake St, Austin, TX 73301",October
278784,Macbook Pro Laptop,1,1700.0,2019-10-21 11:53:00,"918 Pine St, San Francisco, CA 94016",October
259751,Macbook Pro Laptop,1,1700.0,2019-10-01 19:30:00,"745 12th St, Los Angeles, CA 90001",October
261508,Macbook Pro Laptop,1,1700.0,2019-10-12 01:34:00,"663 Meadow St, New York City, NY 10001",October
263637,Macbook Pro Laptop,1,1700.0,2019-10-16 11:23:00,"674 Ridge St, San Francisco, CA 94016",October
273397,Macbook Pro Laptop,1,1700.0,2019-10-13 17:15:00,"118 Church St, Los Angeles, CA 90001",October
265151,Macbook Pro Laptop,1,1700.0,2019-10-29 09:43:00,"815 Walnut St, San Francisco, CA 94016",October
275710,Macbook Pro Laptop,1,1700.0,2019-10-23 13:18:00,"254 1st St, San Francisco, CA 94016",October
277061,Macbook Pro Laptop,1,1700.0,2019-10-25 04:38:00,"244 Chestnut St, San Francisco, CA 94016",October
265729,Macbook Pro Laptop,1,1700.0,2019-10-29 22:30:00,"765 Elm St, Portland, OR 97035",October
273434,Macbook Pro Laptop,1,1700.0,2019-10-24 15:25:00,"234 Park St, New York City, NY 10001",October
261055,Macbook Pro Laptop,1,1700.0,2019-10-14 21:37:00,"243 Dogwood St, Los Angeles, CA 90001",October
269638,Macbook Pro Laptop,1,1700.0,2019-10-18 07:47:00,"130 West St, Los Angeles, CA 90001",October
270795,Macbook Pro Laptop,1,1700.0,2019-10-26 14:57:00,"335 Madison St, Dallas, TX 75001",October
271961,Macbook Pro Laptop,1,1700.0,2019-10-21 16:50:00,"508 10th St, New York City, NY 10001",October
267065,Macbook Pro Laptop,1,1700.0,2019-10-22 20:36:00,"133 Church St, Dallas, TX 75001",October
260924,Macbook Pro Laptop,1,1700.0,2019-10-14 16:39:00,"935 Forest St, Boston, MA 02215",October
264768,Macbook Pro Laptop,1,1700.0,2019-10-06 16:44:00,"276 Lincoln St, Dallas, TX 75001",October
260999,Macbook Pro Laptop,1,1700.0,2019-10-13 22:45:00,"308 14th St, San Francisco, CA 94016",October
261720,Macbook Pro Laptop,1,1700.0,2019-10-19 19:23:00,"667 Elm St, Atlanta, GA 30301",October
263062,Macbook Pro Laptop,1,1700.0,2019-10-09 10:39:00,"78 Maple St, Atlanta, GA 30301",October
271183,Macbook Pro Laptop,1,1700.0,2019-10-01 23:49:00,"361 12th St, Los Angeles, CA 90001",October
272970,Macbook Pro Laptop,1,1700.0,2019-10-28 18:11:00,"565 Hill St, Atlanta, GA 30301",October
261150,Macbook Pro Laptop,1,1700.0,2019-10-23 19:48:00,"310 Madison St, Seattle, WA 98101",October
263759,Macbook Pro Laptop,1,1700.0,2019-10-13 19:36:00,"656 Park St, San Francisco, CA 94016",October
268481,Macbook Pro Laptop,1,1700.0,2019-10-05 06:33:00,"351 Dogwood St, Seattle, WA 98101",October
267580,Macbook Pro Laptop,1,1700.0,2019-10-31 09:32:00,"507 Jackson St, Boston, MA 02215",October
268947,Macbook Pro Laptop,1,1700.0,2019-10-25 03:05:00,"823 River St, San Francisco, CA 94016",October
276208,Macbook Pro Laptop,1,1700.0,2019-10-30 15:03:00,"652 10th St, Boston, MA 02215",October
259755,Macbook Pro Laptop,1,1700.0,2019-10-01 15:12:00,"871 Wilson St, Boston, MA 02215",October
263714,Macbook Pro Laptop,1,1700.0,2019-10-17 21:31:00,"410 Johnson St, Portland, ME 04101",October
270581,Macbook Pro Laptop,1,1700.0,2019-10-13 18:53:00,"492 Elm St, Atlanta, GA 30301",October
261209,Macbook Pro Laptop,1,1700.0,2019-10-05 16:32:00,"66 Center St, Boston, MA 02215",October
268534,Macbook Pro Laptop,1,1700.0,2019-10-16 11:47:00,"182 Church St, Atlanta, GA 30301",October
275749,Macbook Pro Laptop,1,1700.0,2019-10-22 00:19:00,"724 Meadow St, San Francisco, CA 94016",October
266911,Macbook Pro Laptop,1,1700.0,2019-10-11 18:02:00,"820 Hickory St, New York City, NY 10001",October
274152,Macbook Pro Laptop,1,1700.0,2019-10-01 16:25:00,"387 11th St, Boston, MA 02215",October
277027,Macbook Pro Laptop,1,1700.0,2019-10-05 18:01:00,"899 14th St, Los Angeles, CA 90001",October
267139,Macbook Pro Laptop,1,1700.0,2019-10-22 14:37:00,"135 Jackson St, Austin, TX 73301",October
276259,Macbook Pro Laptop,1,1700.0,2019-10-06 06:07:00,"111 5th St, New York City, NY 10001",October
262488,Macbook Pro Laptop,1,1700.0,2019-10-02 16:50:00,"604 2nd St, San Francisco, CA 94016",October
274081,Macbook Pro Laptop,1,1700.0,2019-10-30 12:18:00,"534 North St, Austin, TX 73301",October
277806,Macbook Pro Laptop,1,1700.0,2019-10-18 17:49:00,"424 Sunset St, Austin, TX 73301",October
277195,Macbook Pro Laptop,1,1700.0,2019-10-24 16:21:00,"291 6th St, Dallas, TX 75001",October
266093,Macbook Pro Laptop,1,1700.0,2019-10-11 11:00:00,"953 Johnson St, Los Angeles, CA 90001",October
267079,Macbook Pro Laptop,1,1700.0,2019-10-28 13:04:00,"478 14th St, San Francisco, CA 94016",October
271614,Macbook Pro Laptop,1,1700.0,2019-10-12 13:42:00,"13 South St, Atlanta, GA 30301",October
260287,Macbook Pro Laptop,1,1700.0,2019-10-04 16:26:00,"620 9th St, New York City, NY 10001",October
262845,Macbook Pro Laptop,1,1700.0,2019-10-26 20:50:00,"271 4th St, Boston, MA 02215",October
269805,Macbook Pro Laptop,1,1700.0,2019-10-02 01:40:00,"331 Hickory St, Portland, OR 97035",October
273752,Macbook Pro Laptop,1,1700.0,2019-10-13 20:04:00,"690 8th St, New York City, NY 10001",October
276670,Macbook Pro Laptop,1,1700.0,2019-10-11 13:59:00,"486 Hickory St, San Francisco, CA 94016",October
276636,Macbook Pro Laptop,1,1700.0,2019-10-02 07:58:00,"102 6th St, Austin, TX 73301",October
260409,Macbook Pro Laptop,1,1700.0,2019-10-17 19:33:00,"499 5th St, San Francisco, CA 94016",October
263966,Macbook Pro Laptop,1,1700.0,2019-10-01 17:51:00,"550 Wilson St, New York City, NY 10001",October
266918,Macbook Pro Laptop,1,1700.0,2019-10-23 17:00:00,"848 12th St, Los Angeles, CA 90001",October
274282,Macbook Pro Laptop,1,1700.0,2019-10-03 14:47:00,"29 South St, San Francisco, CA 94016",October
268953,Macbook Pro Laptop,1,1700.0,2019-10-28 16:02:00,"15 River St, San Francisco, CA 94016",October
276576,Macbook Pro Laptop,1,1700.0,2019-10-01 15:10:00,"475 River St, San Francisco, CA 94016",October
276627,Macbook Pro Laptop,1,1700.0,2019-10-07 00:04:00,"314 Meadow St, San Francisco, CA 94016",October
276978,Macbook Pro Laptop,1,1700.0,2019-10-25 00:16:00,"819 Lake St, Boston, MA 02215",October
264360,Macbook Pro Laptop,1,1700.0,2019-10-28 11:13:00,"135 Center St, Los Angeles, CA 90001",October
278392,Macbook Pro Laptop,1,1700.0,2019-10-30 09:31:00,"895 Hill St, Los Angeles, CA 90001",October
265381,Macbook Pro Laptop,1,1700.0,2019-10-08 21:10:00,"16 9th St, Portland, ME 04101",October
270476,Macbook Pro Laptop,1,1700.0,2019-10-14 18:53:00,"663 Pine St, Los Angeles, CA 90001",October
271752,Macbook Pro Laptop,1,1700.0,2019-10-06 14:48:00,"992 Adams St, Boston, MA 02215",October
273265,Macbook Pro Laptop,1,1700.0,2019-10-20 21:52:00,"527 13th St, Boston, MA 02215",October
259803,Macbook Pro Laptop,1,1700.0,2019-10-18 00:35:00,"861 Main St, Los Angeles, CA 90001",October
264312,Macbook Pro Laptop,1,1700.0,2019-10-20 20:51:00,"344 5th St, Boston, MA 02215",October
265205,Macbook Pro Laptop,1,1700.0,2019-10-29 11:38:00,"575 Cedar St, San Francisco, CA 94016",October
270340,Macbook Pro Laptop,1,1700.0,2019-10-08 14:51:00,"896 8th St, Dallas, TX 75001",October
271273,Macbook Pro Laptop,1,1700.0,2019-10-10 07:34:00,"197 2nd St, Dallas, TX 75001",October
277155,Macbook Pro Laptop,1,1700.0,2019-10-09 19:10:00,"481 Lakeview St, San Francisco, CA 94016",October
275183,Macbook Pro Laptop,1,1700.0,2019-10-25 12:52:00,"561 Elm St, New York City, NY 10001",October
272993,Macbook Pro Laptop,1,1700.0,2019-10-07 19:33:00,"679 5th St, Portland, OR 97035",October
275291,Macbook Pro Laptop,1,1700.0,2019-10-18 11:14:00,"39 Hickory St, San Francisco, CA 94016",October
260015,Macbook Pro Laptop,1,1700.0,2019-10-12 14:18:00,"442 Highland St, Atlanta, GA 30301",October
260680,Macbook Pro Laptop,1,1700.0,2019-10-15 12:46:00,"344 Lake St, San Francisco, CA 94016",October
259868,Macbook Pro Laptop,1,1700.0,2019-10-13 13:09:00,"133 Ridge St, New York City, NY 10001",October
271602,Macbook Pro Laptop,1,1700.0,2019-10-21 19:53:00,"814 Cedar St, Seattle, WA 98101",October
276389,Macbook Pro Laptop,1,1700.0,2019-10-11 19:44:00,"429 5th St, Portland, OR 97035",October
282174,Macbook Pro Laptop,1,1700.0,2019-11-01 20:58:00,"560 Cedar St, Boston, MA 02215",November
283565,Macbook Pro Laptop,1,1700.0,2019-11-30 10:51:00,"391 1st St, Seattle, WA 98101",November
286959,Macbook Pro Laptop,1,1700.0,2019-11-19 09:40:00,"725 4th St, Los Angeles, CA 90001",November
284087,Macbook Pro Laptop,1,1700.0,2019-11-09 20:54:00,"590 2nd St, Los Angeles, CA 90001",November
285369,Macbook Pro Laptop,1,1700.0,2019-11-12 10:44:00,"709 Main St, San Francisco, CA 94016",November
286307,Macbook Pro Laptop,1,1700.0,2019-11-10 12:14:00,"434 South St, Boston, MA 02215",November
284079,Macbook Pro Laptop,1,1700.0,2019-11-11 15:23:00,"541 6th St, Atlanta, GA 30301",November
287817,Macbook Pro Laptop,1,1700.0,2019-11-05 22:22:00,"2 Hill St, Austin, TX 73301",November
295487,Macbook Pro Laptop,1,1700.0,2019-11-23 19:22:00,"235 Main St, San Francisco, CA 94016",November
279107,Macbook Pro Laptop,1,1700.0,2019-11-26 10:43:00,"687 Lincoln St, Los Angeles, CA 90001",November
285783,Macbook Pro Laptop,1,1700.0,2019-11-21 00:33:00,"504 4th St, Atlanta, GA 30301",November
289719,Macbook Pro Laptop,1,1700.0,2019-11-05 23:00:00,"461 Cedar St, Atlanta, GA 30301",November
279026,Macbook Pro Laptop,1,1700.0,2019-11-25 19:29:00,"232 8th St, Boston, MA 02215",November
290333,Macbook Pro Laptop,1,1700.0,2019-11-30 14:59:00,"734 Chestnut St, Los Angeles, CA 90001",November
282645,Macbook Pro Laptop,1,1700.0,2019-11-05 16:06:00,"707 Washington St, San Francisco, CA 94016",November
283640,Macbook Pro Laptop,1,1700.0,2019-11-05 00:14:00,"581 Elm St, Austin, TX 73301",November
286449,Macbook Pro Laptop,1,1700.0,2019-11-26 20:52:00,"817 Cherry St, Los Angeles, CA 90001",November
279180,Macbook Pro Laptop,1,1700.0,2019-11-05 08:50:00,"160 Maple St, Portland, OR 97035",November
281930,Macbook Pro Laptop,1,1700.0,2019-11-07 14:56:00,"503 11th St, San Francisco, CA 94016",November
284396,Macbook Pro Laptop,1,1700.0,2019-11-10 11:22:00,"923 Lincoln St, San Francisco, CA 94016",November
284103,Macbook Pro Laptop,1,1700.0,2019-11-02 13:49:00,"258 Spruce St, Los Angeles, CA 90001",November
283000,Macbook Pro Laptop,1,1700.0,2019-11-09 09:54:00,"611 Wilson St, San Francisco, CA 94016",November
281440,Macbook Pro Laptop,1,1700.0,2019-11-22 07:39:00,"362 South St, Atlanta, GA 30301",November
280210,Macbook Pro Laptop,1,1700.0,2019-11-19 21:14:00,"889 11th St, New York City, NY 10001",November
289714,Macbook Pro Laptop,1,1700.0,2019-11-26 05:44:00,"405 5th St, New York City, NY 10001",November
280180,Macbook Pro Laptop,1,1700.0,2019-11-19 18:42:00,"263 Hickory St, Atlanta, GA 30301",November
281642,Macbook Pro Laptop,1,1700.0,2019-11-28 22:30:00,"902 North St, Dallas, TX 75001",November
284691,Macbook Pro Laptop,1,1700.0,2019-11-12 17:01:00,"866 Park St, San Francisco, CA 94016",November
292704,Macbook Pro Laptop,1,1700.0,2019-11-22 02:53:00,"253 Lake St, Dallas, TX 75001",November
293934,Macbook Pro Laptop,1,1700.0,2019-11-29 15:12:00,"131 Dogwood St, Boston, MA 02215",November
284278,Macbook Pro Laptop,1,1700.0,2019-11-21 01:41:00,"974 Jackson St, New York City, NY 10001",November
284614,Macbook Pro Laptop,1,1700.0,2019-11-24 12:12:00,"564 8th St, San Francisco, CA 94016",November
286397,Macbook Pro Laptop,1,1700.0,2019-11-20 18:31:00,"499 Highland St, Dallas, TX 75001",November
288809,Macbook Pro Laptop,1,1700.0,2019-11-08 11:50:00,"837 Maple St, Los Angeles, CA 90001",November
287991,Macbook Pro Laptop,1,1700.0,2019-11-22 11:35:00,"369 Ridge St, Los Angeles, CA 90001",November
291659,Macbook Pro Laptop,1,1700.0,2019-11-09 17:01:00,"190 Walnut St, Austin, TX 73301",November
284028,Macbook Pro Laptop,1,1700.0,2019-11-20 13:47:00,"795 Madison St, Dallas, TX 75001",November
279222,Macbook Pro Laptop,1,1700.0,2019-11-12 11:10:00,"100 Lakeview St, Los Angeles, CA 90001",November
283835,Macbook Pro Laptop,1,1700.0,2019-11-01 17:08:00,"533 West St, San Francisco, CA 94016",November
287878,Macbook Pro Laptop,1,1700.0,2019-11-06 09:03:00,"208 Chestnut St, San Francisco, CA 94016",November
284775,Macbook Pro Laptop,1,1700.0,2019-11-02 20:52:00,"11 Spruce St, San Francisco, CA 94016",November
288543,Macbook Pro Laptop,1,1700.0,2019-11-06 18:59:00,"497 West St, San Francisco, CA 94016",November
290410,Macbook Pro Laptop,1,1700.0,2019-11-17 14:20:00,"831 9th St, Austin, TX 73301",November
282464,Macbook Pro Laptop,1,1700.0,2019-11-30 13:50:00,"297 Cedar St, San Francisco, CA 94016",November
284381,Macbook Pro Laptop,1,1700.0,2019-11-05 20:28:00,"184 Jackson St, Seattle, WA 98101",November
288749,Macbook Pro Laptop,1,1700.0,2019-11-18 23:01:00,"338 Ridge St, Los Angeles, CA 90001",November
292325,Macbook Pro Laptop,1,1700.0,2019-11-14 14:09:00,"432 Walnut St, Dallas, TX 75001",November
292652,Macbook Pro Laptop,1,1700.0,2019-11-08 15:37:00,"291 6th St, Boston, MA 02215",November
292154,Macbook Pro Laptop,1,1700.0,2019-11-21 19:59:00,"807 Walnut St, Portland, OR 97035",November
290145,Macbook Pro Laptop,1,1700.0,2019-11-18 08:05:00,"615 South St, Portland, OR 97035",November
292343,Macbook Pro Laptop,1,1700.0,2019-11-30 09:36:00,"909 Chestnut St, New York City, NY 10001",November
285364,Macbook Pro Laptop,1,1700.0,2019-11-27 17:37:00,"875 2nd St, San Francisco, CA 94016",November
286025,Macbook Pro Laptop,1,1700.0,2019-11-15 08:49:00,"998 Cherry St, San Francisco, CA 94016",November
284708,Macbook Pro Laptop,1,1700.0,2019-11-11 20:55:00,"420 Sunset St, San Francisco, CA 94016",November
289412,Macbook Pro Laptop,1,1700.0,2019-11-20 14:22:00,"783 Jackson St, New York City, NY 10001",November
286664,Macbook Pro Laptop,1,1700.0,2019-11-10 23:39:00,"11 Johnson St, Portland, OR 97035",November
287178,Macbook Pro Laptop,1,1700.0,2019-11-24 18:26:00,"120 Wilson St, Portland, OR 97035",November
288604,Macbook Pro Laptop,1,1700.0,2019-11-03 14:06:00,"226 Hill St, Dallas, TX 75001",November
304445,Macbook Pro Laptop,1,1700.0,2019-12-16 11:06:00,"550 Johnson St, San Francisco, CA 94016",December
304757,Macbook Pro Laptop,1,1700.0,2019-12-25 19:18:00,"493 10th St, Austin, TX 73301",December
305012,Macbook Pro Laptop,1,1700.0,2019-12-26 19:16:00,"534 Spruce St, Los Angeles, CA 90001",December
303844,Macbook Pro Laptop,1,1700.0,2019-12-09 15:32:00,"790 Center St, Atlanta, GA 30301",December
297616,Macbook Pro Laptop,1,1700.0,2019-12-14 22:39:00,"748 Elm St, San Francisco, CA 94016",December
307081,Macbook Pro Laptop,1,1700.0,2019-12-21 18:25:00,"625 Walnut St, San Francisco, CA 94016",December
309238,Macbook Pro Laptop,1,1700.0,2019-12-01 20:51:00,"642 Elm St, Atlanta, GA 30301",December
309638,Macbook Pro Laptop,1,1700.0,2019-12-22 17:53:00,"846 Jefferson St, Boston, MA 02215",December
313492,Macbook Pro Laptop,1,1700.0,2019-12-17 14:55:00,"298 Lincoln St, Los Angeles, CA 90001",December
317580,Macbook Pro Laptop,1,1700.0,2019-12-04 14:21:00,"675 Lincoln St, New York City, NY 10001",December
317996,Macbook Pro Laptop,1,1700.0,2019-12-23 02:10:00,"560 Lake St, Seattle, WA 98101",December
297207,Macbook Pro Laptop,1,1700.0,2019-12-21 09:32:00,"949 12th St, Portland, OR 97035",December
298269,Macbook Pro Laptop,1,1700.0,2019-12-18 13:44:00,"553 12th St, Austin, TX 73301",December
304046,Macbook Pro Laptop,1,1700.0,2019-12-15 17:31:00,"709 Elm St, Los Angeles, CA 90001",December
304233,Macbook Pro Laptop,1,1700.0,2019-12-23 16:26:00,"279 Highland St, Boston, MA 02215",December
312673,Macbook Pro Laptop,1,1700.0,2019-12-10 23:01:00,"450 Lakeview St, Portland, OR 97035",December
317489,Macbook Pro Laptop,1,1700.0,2019-12-28 13:59:00,"936 Hill St, San Francisco, CA 94016",December
301758,Macbook Pro Laptop,1,1700.0,2019-12-11 11:16:00,"777 Church St, Boston, MA 02215",December
301784,Macbook Pro Laptop,1,1700.0,2019-12-13 15:12:00,"713 Church St, San Francisco, CA 94016",December
301925,Macbook Pro Laptop,1,1700.0,2019-12-25 10:42:00,"979 Main St, San Francisco, CA 94016",December
298807,Macbook Pro Laptop,1,1700.0,2019-12-17 14:52:00,"599 Madison St, Los Angeles, CA 90001",December
300927,Macbook Pro Laptop,1,1700.0,2019-12-31 14:36:00,"148 Lake St, Seattle, WA 98101",December
304588,Macbook Pro Laptop,1,1700.0,2019-12-07 07:35:00,"16 Walnut St, Portland, ME 04101",December
305421,Macbook Pro Laptop,1,1700.0,2019-12-29 16:16:00,"898 West St, Atlanta, GA 30301",December
295712,Macbook Pro Laptop,1,1700.0,2019-12-10 20:02:00,"331 Madison St, New York City, NY 10001",December
302397,Macbook Pro Laptop,1,1700.0,2019-12-02 10:53:00,"549 Cedar St, Portland, OR 97035",December
311588,Macbook Pro Laptop,1,1700.0,2019-12-05 19:03:00,"27 10th St, Seattle, WA 98101",December
315435,Macbook Pro Laptop,1,1700.0,2019-12-05 20:09:00,"703 13th St, Seattle, WA 98101",December
309901,Macbook Pro Laptop,1,1700.0,2019-12-15 17:08:00,"979 Main St, San Francisco, CA 94016",December
313625,Macbook Pro Laptop,1,1700.0,2019-12-23 00:24:00,"545 Lakeview St, Atlanta, GA 30301",December
317927,Macbook Pro Laptop,1,1700.0,2019-12-13 12:05:00,"17 Lakeview St, Dallas, TX 75001",December
305440,Macbook Pro Laptop,1,1700.0,2019-12-28 15:04:00,"712 8th St, New York City, NY 10001",December
306140,Macbook Pro Laptop,1,1700.0,2019-12-16 11:10:00,"894 13th St, Austin, TX 73301",December
306809,Macbook Pro Laptop,1,1700.0,2020-01-01 02:20:00,"326 14th St, Dallas, TX 75001",January
314397,Macbook Pro Laptop,1,1700.0,2019-12-21 20:32:00,"521 River St, San Francisco, CA 94016",December
316212,Macbook Pro Laptop,1,1700.0,2019-12-24 14:42:00,"992 South St, Boston, MA 02215",December
298509,Macbook Pro Laptop,1,1700.0,2019-12-12 02:12:00,"411 Lake St, Portland, OR 97035",December
299451,Macbook Pro Laptop,1,1700.0,2019-12-22 10:24:00,"527 Park St, New York City, NY 10001",December
302613,Macbook Pro Laptop,1,1700.0,2019-12-29 17:29:00,"560 Meadow St, Boston, MA 02215",December
311215,Macbook Pro Laptop,1,1700.0,2019-12-04 21:01:00,"866 Meadow St, Dallas, TX 75001",December
316151,Macbook Pro Laptop,1,1700.0,2019-12-03 20:46:00,"302 Chestnut St, Dallas, TX 75001",December
316913,Macbook Pro Laptop,1,1700.0,2019-12-08 23:58:00,"594 6th St, San Francisco, CA 94016",December
318020,Macbook Pro Laptop,1,1700.0,2019-12-06 11:29:00,"248 Highland St, Portland, OR 97035",December
318092,Macbook Pro Laptop,1,1700.0,2019-12-25 17:41:00,"79 Forest St, Boston, MA 02215",December
305640,Macbook Pro Laptop,1,1700.0,2019-12-06 13:04:00,"138 13th St, New York City, NY 10001",December
310701,Macbook Pro Laptop,1,1700.0,2019-12-03 17:34:00,"142 West St, San Francisco, CA 94016",December
310968,Macbook Pro Laptop,1,1700.0,2019-12-12 11:14:00,"556 North St, San Francisco, CA 94016",December
312247,Macbook Pro Laptop,1,1700.0,2019-12-31 20:19:00,"907 Spruce St, Seattle, WA 98101",December
299996,Macbook Pro Laptop,1,1700.0,2019-12-10 12:37:00,"786 9th St, New York City, NY 10001",December
311525,Macbook Pro Laptop,1,1700.0,2019-12-19 19:28:00,"12 Spruce St, San Francisco, CA 94016",December
313191,Macbook Pro Laptop,1,1700.0,2019-12-11 19:57:00,"57 7th St, Atlanta, GA 30301",December
318421,Macbook Pro Laptop,1,1700.0,2019-12-23 20:58:00,"126 8th St, New York City, NY 10001",December
301157,Macbook Pro Laptop,1,1700.0,2019-12-10 13:15:00,"316 Lincoln St, New York City, NY 10001",December
303897,Macbook Pro Laptop,1,1700.0,2019-12-25 08:13:00,"258 14th St, Los Angeles, CA 90001",December
307875,Macbook Pro Laptop,1,1700.0,2019-12-16 13:12:00,"872 Lincoln St, San Francisco, CA 94016",December
310549,Macbook Pro Laptop,1,1700.0,2019-12-24 18:10:00,"321 Cherry St, Los Angeles, CA 90001",December
311597,Macbook Pro Laptop,1,1700.0,2019-12-15 13:08:00,"753 9th St, San Francisco, CA 94016",December
313404,Macbook Pro Laptop,1,1700.0,2019-12-16 09:29:00,"227 Spruce St, Dallas, TX 75001",December
309291,Macbook Pro Laptop,1,1700.0,2019-12-20 01:06:00,"405 Cherry St, New York City, NY 10001",December
317386,Macbook Pro Laptop,1,1700.0,2019-12-29 11:10:00,"776 5th St, Austin, TX 73301",December
299384,Macbook Pro Laptop,1,1700.0,2019-12-31 19:54:00,"308 Pine St, San Francisco, CA 94016",December
311138,Macbook Pro Laptop,1,1700.0,2019-12-24 15:42:00,"77 Pine St, San Francisco, CA 94016",December
298836,Macbook Pro Laptop,1,1700.0,2019-12-15 22:30:00,"117 Dogwood St, Atlanta, GA 30301",December
307088,Macbook Pro Laptop,1,1700.0,2019-12-20 09:08:00,"372 Main St, Los Angeles, CA 90001",December
315088,Macbook Pro Laptop,1,1700.0,2019-12-18 20:17:00,"379 Maple St, San Francisco, CA 94016",December
295948,Macbook Pro Laptop,1,1700.0,2019-12-17 21:08:00,"863 West St, San Francisco, CA 94016",December
296440,Macbook Pro Laptop,1,1700.0,2019-12-20 16:51:00,"988 Spruce St, Boston, MA 02215",December
163318,Macbook Pro Laptop,1,1700.0,2019-03-31 19:19:00,"736 Adams St, San Francisco, CA 94016",March
162254,Macbook Pro Laptop,1,1700.0,2019-03-09 10:48:00,"786 River St, San Francisco, CA 94016",March
207775,Macbook Pro Laptop,1,1700.0,2019-05-09 18:16:00,"358 Cherry St, New York City, NY 10001",May
225631,Macbook Pro Laptop,1,1700.0,2019-07-30 14:46:00,"978 Walnut St, New York City, NY 10001",July
225502,Macbook Pro Laptop,1,1700.0,2019-07-17 21:30:00,"541 Spruce St, Austin, TX 73301",July
249992,Macbook Pro Laptop,1,1700.0,2019-09-28 16:09:00,"641 1st St, New York City, NY 10001",September
256109,Macbook Pro Laptop,1,1700.0,2019-09-19 16:33:00,"940 Main St, Los Angeles, CA 90001",September
256073,Macbook Pro Laptop,1,1700.0,2019-09-14 08:13:00,"86 Maple St, San Francisco, CA 94016",September
262630,Macbook Pro Laptop,1,1700.0,2019-10-18 23:47:00,"700 Hickory St, Los Angeles, CA 90001",October
263048,Macbook Pro Laptop,1,1700.0,2019-10-30 12:45:00,"644 Washington St, San Francisco, CA 94016",October
270166,Macbook Pro Laptop,1,1700.0,2019-10-19 15:18:00,"343 Park St, New York City, NY 10001",October
270739,Macbook Pro Laptop,1,1700.0,2019-10-07 17:07:00,"414 Main St, Atlanta, GA 30301",October
314387,Macbook Pro Laptop,1,1700.0,2019-12-30 19:07:00,"519 10th St, Boston, MA 02215",December
298531,Macbook Pro Laptop,1,1700.0,2019-12-04 19:16:00,"344 Adams St, San Francisco, CA 94016",December
309666,Macbook Pro Laptop,1,1700.0,2019-12-15 04:20:00,"348 Walnut St, Los Angeles, CA 90001",December
310053,Macbook Pro Laptop,1,1700.0,2019-12-24 11:23:00,"351 Jefferson St, New York City, NY 10001",December
299653,Macbook Pro Laptop,1,1700.0,2019-12-18 22:25:00,"434 River St, San Francisco, CA 94016",December
299904,Macbook Pro Laptop,1,1700.0,2019-12-01 17:24:00,"465 Spruce St, Portland, OR 97035",December
308606,Macbook Pro Laptop,1,1700.0,2019-12-07 18:15:00,"952 River St, Seattle, WA 98101",December
296997,Macbook Pro Laptop,1,1700.0,2019-12-09 19:28:00,"488 Washington St, San Francisco, CA 94016",December
304796,Macbook Pro Laptop,1,1700.0,2019-12-18 11:15:00,"218 Pine St, San Francisco, CA 94016",December
306368,Macbook Pro Laptop,1,1700.0,2019-12-26 22:07:00,"459 13th St, Los Angeles, CA 90001",December
307639,Macbook Pro Laptop,1,1700.0,2019-12-05 09:27:00,"133 7th St, San Francisco, CA 94016",December
296447,Macbook Pro Laptop,1,1700.0,2019-12-06 18:17:00,"585 Willow St, San Francisco, CA 94016",December
300760,Macbook Pro Laptop,1,1700.0,2019-12-16 21:45:00,"724 Lakeview St, Boston, MA 02215",December
300818,Macbook Pro Laptop,1,1700.0,2019-12-09 17:02:00,"172 Jackson St, New York City, NY 10001",December
307276,Macbook Pro Laptop,1,1700.0,2019-12-20 09:38:00,"549 Chestnut St, Dallas, TX 75001",December
315538,Macbook Pro Laptop,1,1700.0,2019-12-18 23:56:00,"633 North St, Dallas, TX 75001",December
319079,Macbook Pro Laptop,1,1700.0,2019-12-14 22:05:00,"70 Hickory St, Portland, OR 97035",December
299998,Macbook Pro Laptop,1,1700.0,2019-12-22 11:17:00,"183 Maple St, Los Angeles, CA 90001",December
302489,Macbook Pro Laptop,1,1700.0,2019-12-30 17:19:00,"246 Willow St, Portland, ME 04101",December
315804,Macbook Pro Laptop,1,1700.0,2019-12-01 21:07:00,"954 Wilson St, Dallas, TX 75001",December
300734,Macbook Pro Laptop,1,1700.0,2019-12-16 10:55:00,"172 Ridge St, Los Angeles, CA 90001",December
300939,Macbook Pro Laptop,1,1700.0,2019-12-31 07:01:00,"948 11th St, Boston, MA 02215",December
305984,Macbook Pro Laptop,1,1700.0,2019-12-25 20:56:00,"104 Meadow St, Seattle, WA 98101",December
314595,Macbook Pro Laptop,1,1700.0,2019-12-12 23:35:00,"430 Center St, Austin, TX 73301",December
310267,Macbook Pro Laptop,1,1700.0,2019-12-19 20:32:00,"609 4th St, Austin, TX 73301",December
316681,Macbook Pro Laptop,1,1700.0,2019-12-17 12:15:00,"926 Jefferson St, San Francisco, CA 94016",December
317017,Macbook Pro Laptop,1,1700.0,2019-12-30 04:04:00,"759 Spruce St, Dallas, TX 75001",December
318803,Macbook Pro Laptop,1,1700.0,2019-12-21 09:08:00,"739 Dogwood St, Seattle, WA 98101",December
297990,Macbook Pro Laptop,1,1700.0,2019-12-22 12:01:00,"567 13th St, Portland, OR 97035",December
299719,Macbook Pro Laptop,1,1700.0,2019-12-02 09:18:00,"260 Pine St, New York City, NY 10001",December
302402,Macbook Pro Laptop,1,1700.0,2019-12-23 12:24:00,"1 12th St, San Francisco, CA 94016",December
304412,Macbook Pro Laptop,1,1700.0,2019-12-15 19:40:00,"793 1st St, Atlanta, GA 30301",December
312981,Macbook Pro Laptop,1,1700.0,2019-12-14 12:57:00,"521 Jefferson St, Boston, MA 02215",December
309604,Macbook Pro Laptop,1,1700.0,2019-12-19 10:58:00,"121 Chestnut St, Seattle, WA 98101",December
313364,Macbook Pro Laptop,1,1700.0,2019-12-22 22:06:00,"913 Walnut St, New York City, NY 10001",December
315019,Macbook Pro Laptop,1,1700.0,2019-12-04 19:19:00,"399 8th St, San Francisco, CA 94016",December
319122,Macbook Pro Laptop,1,1700.0,2019-12-03 15:42:00,"773 Ridge St, Boston, MA 02215",December
305053,Macbook Pro Laptop,1,1700.0,2019-12-02 10:00:00,"151 9th St, Boston, MA 02215",December
318010,Macbook Pro Laptop,1,1700.0,2019-12-12 09:50:00,"468 Ridge St, Seattle, WA 98101",December
298636,Macbook Pro Laptop,1,1700.0,2019-12-23 16:38:00,"972 14th St, Portland, OR 97035",December
298040,Macbook Pro Laptop,1,1700.0,2019-12-26 17:10:00,"286 Madison St, San Francisco, CA 94016",December
306690,Macbook Pro Laptop,1,1700.0,2019-12-18 14:43:00,"432 Church St, Los Angeles, CA 90001",December
313060,Macbook Pro Laptop,1,1700.0,2019-12-21 21:37:00,"235 10th St, New York City, NY 10001",December
298475,Macbook Pro Laptop,1,1700.0,2019-12-15 11:38:00,"880 Maple St, New York City, NY 10001",December
298398,Macbook Pro Laptop,1,1700.0,2019-12-11 14:47:00,"662 Ridge St, San Francisco, CA 94016",December
300756,Macbook Pro Laptop,1,1700.0,2019-12-10 13:11:00,"35 13th St, Los Angeles, CA 90001",December
303562,Macbook Pro Laptop,1,1700.0,2019-12-09 21:56:00,"393 5th St, San Francisco, CA 94016",December
306949,Macbook Pro Laptop,1,1700.0,2019-12-07 20:28:00,"195 Maple St, Portland, OR 97035",December
314226,Macbook Pro Laptop,1,1700.0,2019-12-09 22:22:00,"591 Jefferson St, Dallas, TX 75001",December
314415,Macbook Pro Laptop,1,1700.0,2019-12-11 23:10:00,"430 Lakeview St, Dallas, TX 75001",December
318162,Macbook Pro Laptop,1,1700.0,2019-12-23 18:48:00,"595 8th St, Seattle, WA 98101",December
319212,Macbook Pro Laptop,1,1700.0,2019-12-12 15:51:00,"531 14th St, Los Angeles, CA 90001",December
143611,Macbook Pro Laptop,1,1700.0,2019-01-20 12:54:00,"624 Johnson St, Boston, MA 02215",January
147683,Macbook Pro Laptop,1,1700.0,2019-01-09 01:25:00,"324 Highland St, Boston, MA 02215",January
149771,Macbook Pro Laptop,1,1700.0,2019-01-18 15:42:00,"6 4th St, San Francisco, CA 94016",January
148723,Macbook Pro Laptop,1,1700.0,2019-01-11 21:57:00,"401 9th St, New York City, NY 10001",January
149888,Macbook Pro Laptop,1,1700.0,2019-01-26 11:12:00,"349 Center St, Austin, TX 73301",January
143790,Macbook Pro Laptop,1,1700.0,2019-01-08 23:16:00,"823 13th St, Dallas, TX 75001",January
141701,Macbook Pro Laptop,1,1700.0,2019-01-18 19:33:00,"174 Lincoln St, San Francisco, CA 94016",January
143732,Macbook Pro Laptop,1,1700.0,2019-01-01 20:04:00,"362 Maple St, Boston, MA 02215",January
146705,Macbook Pro Laptop,1,1700.0,2019-01-15 10:46:00,"196 14th St, Austin, TX 73301",January
141314,Macbook Pro Laptop,1,1700.0,2019-01-13 23:51:00,"700 Jefferson St, New York City, NY 10001",January
142206,Macbook Pro Laptop,1,1700.0,2019-01-02 09:41:00,"673 13th St, San Francisco, CA 94016",January
146891,Macbook Pro Laptop,1,1700.0,2019-01-07 20:05:00,"137 Willow St, Boston, MA 02215",January
147941,Macbook Pro Laptop,1,1700.0,2019-01-24 22:16:00,"234 Wilson St, New York City, NY 10001",January
141245,Macbook Pro Laptop,1,1700.0,2019-01-31 10:12:00,"322 6th St, San Francisco, CA 94016",January
141938,Macbook Pro Laptop,1,1700.0,2019-01-16 16:34:00,"852 13th St, Los Angeles, CA 90001",January
146095,Macbook Pro Laptop,1,1700.0,2019-01-07 21:17:00,"13 Johnson St, Los Angeles, CA 90001",January
142869,Macbook Pro Laptop,1,1700.0,2019-01-19 15:40:00,"751 Willow St, New York City, NY 10001",January
145870,Macbook Pro Laptop,1,1700.0,2019-01-28 18:16:00,"727 Johnson St, New York City, NY 10001",January
146239,Macbook Pro Laptop,1,1700.0,2019-01-30 12:56:00,"635 River St, Atlanta, GA 30301",January
150087,Macbook Pro Laptop,1,1700.0,2019-01-01 17:02:00,"276 Cedar St, Portland, OR 97035",January
145104,Macbook Pro Laptop,1,1700.0,2019-01-11 09:12:00,"841 8th St, New York City, NY 10001",January
148640,Macbook Pro Laptop,1,1700.0,2019-01-11 16:05:00,"936 South St, Los Angeles, CA 90001",January
150325,Macbook Pro Laptop,1,1700.0,2019-01-29 12:50:00,"849 Church St, San Francisco, CA 94016",January
142464,Macbook Pro Laptop,1,1700.0,2019-01-11 20:59:00,"896 Madison St, New York City, NY 10001",January
141659,Macbook Pro Laptop,1,1700.0,2019-01-28 15:52:00,"214 Jackson St, San Francisco, CA 94016",January
146335,Macbook Pro Laptop,1,1700.0,2019-01-23 08:37:00,"791 Chestnut St, San Francisco, CA 94016",January
142563,Macbook Pro Laptop,1,1700.0,2019-01-25 19:32:00,"360 Dogwood St, Seattle, WA 98101",January
146626,Macbook Pro Laptop,1,1700.0,2019-01-16 23:56:00,"273 9th St, San Francisco, CA 94016",January
143480,Macbook Pro Laptop,1,1700.0,2019-01-07 11:25:00,"252 Adams St, Boston, MA 02215",January
144282,Macbook Pro Laptop,1,1700.0,2019-01-31 16:59:00,"721 Spruce St, Atlanta, GA 30301",January
142430,Macbook Pro Laptop,1,1700.0,2019-01-11 16:52:00,"345 Hill St, Boston, MA 02215",January
147997,Macbook Pro Laptop,1,1700.0,2019-01-21 12:42:00,"52 Highland St, Los Angeles, CA 90001",January
141569,Macbook Pro Laptop,1,1700.0,2019-01-11 11:15:00,"235 Ridge St, Los Angeles, CA 90001",January
144560,Macbook Pro Laptop,1,1700.0,2019-01-09 20:34:00,"589 Maple St, New York City, NY 10001",January
146767,Macbook Pro Laptop,1,1700.0,2019-01-22 07:25:00,"354 Main St, Dallas, TX 75001",January
143776,Macbook Pro Laptop,1,1700.0,2019-01-08 09:24:00,"224 Park St, Dallas, TX 75001",January
144387,Macbook Pro Laptop,1,1700.0,2019-01-31 19:37:00,"430 Park St, San Francisco, CA 94016",January
146762,Macbook Pro Laptop,1,1700.0,2019-01-19 23:59:00,"135 Main St, San Francisco, CA 94016",January
143753,Macbook Pro Laptop,1,1700.0,2019-01-16 23:13:00,"192 Church St, New York City, NY 10001",January
145295,Macbook Pro Laptop,1,1700.0,2019-01-04 14:08:00,"291 West St, Atlanta, GA 30301",January
145520,Macbook Pro Laptop,1,1700.0,2019-01-17 16:12:00,"15 Pine St, Seattle, WA 98101",January
147952,Macbook Pro Laptop,1,1700.0,2019-01-29 09:55:00,"695 West St, Los Angeles, CA 90001",January
143345,Macbook Pro Laptop,1,1700.0,2019-01-21 00:36:00,"214 Willow St, San Francisco, CA 94016",January
144040,Macbook Pro Laptop,1,1700.0,2019-01-23 00:11:00,"714 4th St, Boston, MA 02215",January
144384,Macbook Pro Laptop,1,1700.0,2019-01-27 09:25:00,"765 4th St, Boston, MA 02215",January
142727,Macbook Pro Laptop,1,1700.0,2019-01-12 19:01:00,"194 Lake St, San Francisco, CA 94016",January
146863,Macbook Pro Laptop,1,1700.0,2019-01-25 17:20:00,"864 Lakeview St, Atlanta, GA 30301",January
149019,Macbook Pro Laptop,1,1700.0,2019-01-13 08:45:00,"518 5th St, Los Angeles, CA 90001",January
149942,Macbook Pro Laptop,1,1700.0,2019-01-05 08:13:00,"122 River St, Boston, MA 02215",January
145767,Macbook Pro Laptop,1,1700.0,2019-01-02 10:55:00,"490 11th St, Dallas, TX 75001",January
146201,Macbook Pro Laptop,1,1700.0,2019-01-21 23:10:00,"996 Cedar St, Seattle, WA 98101",January
146899,Macbook Pro Laptop,1,1700.0,2019-01-01 11:31:00,"341 4th St, Los Angeles, CA 90001",January
151629,Macbook Pro Laptop,1,1700.0,2019-02-26 17:12:00,"613 West St, Los Angeles, CA 90001",February
154687,Macbook Pro Laptop,1,1700.0,2019-02-08 11:34:00,"362 Walnut St, Portland, ME 04101",February
155033,Macbook Pro Laptop,1,1700.0,2019-02-23 11:57:00,"765 Forest St, Austin, TX 73301",February
157818,Macbook Pro Laptop,1,1700.0,2019-02-16 13:17:00,"442 West St, Atlanta, GA 30301",February
158132,Macbook Pro Laptop,1,1700.0,2019-02-03 19:04:00,"729 Center St, New York City, NY 10001",February
161202,Macbook Pro Laptop,1,1700.0,2019-02-08 05:40:00,"464 Spruce St, New York City, NY 10001",February
157207,Macbook Pro Laptop,1,1700.0,2019-02-17 19:01:00,"822 Hill St, New York City, NY 10001",February
157063,Macbook Pro Laptop,1,1700.0,2019-02-15 17:21:00,"964 Elm St, Seattle, WA 98101",February
161444,Macbook Pro Laptop,1,1700.0,2019-02-16 17:23:00,"95 West St, New York City, NY 10001",February
151210,Macbook Pro Laptop,1,1700.0,2019-02-11 11:58:00,"974 River St, Dallas, TX 75001",February
152059,Macbook Pro Laptop,1,1700.0,2019-02-09 09:29:00,"544 Lincoln St, Austin, TX 73301",February
158470,Macbook Pro Laptop,1,1700.0,2019-02-04 21:11:00,"51 Highland St, San Francisco, CA 94016",February
155185,Macbook Pro Laptop,1,1700.0,2019-02-20 22:21:00,"779 Church St, San Francisco, CA 94016",February
158098,Macbook Pro Laptop,1,1700.0,2019-02-17 14:50:00,"592 South St, Seattle, WA 98101",February
160472,Macbook Pro Laptop,1,1700.0,2019-02-18 19:02:00,"931 Adams St, Los Angeles, CA 90001",February
151967,Macbook Pro Laptop,1,1700.0,2019-02-09 17:33:00,"497 Forest St, New York City, NY 10001",February
155691,Macbook Pro Laptop,1,1700.0,2019-02-24 01:30:00,"666 Jefferson St, New York City, NY 10001",February
153943,Macbook Pro Laptop,1,1700.0,2019-02-07 06:50:00,"84 Wilson St, Los Angeles, CA 90001",February
152461,Macbook Pro Laptop,1,1700.0,2019-02-09 15:14:00,"313 Hickory St, Portland, OR 97035",February
152933,Macbook Pro Laptop,1,1700.0,2019-02-08 21:37:00,"701 5th St, New York City, NY 10001",February
157522,Macbook Pro Laptop,1,1700.0,2019-02-24 19:01:00,"825 7th St, Boston, MA 02215",February
162000,Macbook Pro Laptop,1,1700.0,2019-02-16 16:44:00,"315 Lincoln St, San Francisco, CA 94016",February
158347,Macbook Pro Laptop,1,1700.0,2019-02-23 16:20:00,"667 Jackson St, San Francisco, CA 94016",February
155289,Macbook Pro Laptop,1,1700.0,2019-02-06 15:24:00,"221 Jefferson St, New York City, NY 10001",February
159553,Macbook Pro Laptop,1,1700.0,2019-02-25 23:56:00,"939 Pine St, Los Angeles, CA 90001",February
152727,Macbook Pro Laptop,1,1700.0,2019-02-13 18:59:00,"92 Park St, Atlanta, GA 30301",February
156196,Macbook Pro Laptop,1,1700.0,2019-02-02 22:25:00,"579 Lakeview St, San Francisco, CA 94016",February
158341,Macbook Pro Laptop,1,1700.0,2019-02-15 22:30:00,"265 7th St, Boston, MA 02215",February
158539,Macbook Pro Laptop,1,1700.0,2019-02-16 17:12:00,"838 Chestnut St, Dallas, TX 75001",February
153599,Macbook Pro Laptop,1,1700.0,2019-02-04 09:03:00,"25 West St, Portland, OR 97035",February
155038,Macbook Pro Laptop,1,1700.0,2019-02-04 14:11:00,"701 Sunset St, Seattle, WA 98101",February
158415,Macbook Pro Laptop,1,1700.0,2019-02-10 23:41:00,"903 Lincoln St, San Francisco, CA 94016",February
158568,Macbook Pro Laptop,1,1700.0,2019-02-24 21:55:00,"440 Willow St, Boston, MA 02215",February
158006,Macbook Pro Laptop,1,1700.0,2019-02-06 13:44:00,"326 Spruce St, Seattle, WA 98101",February
153734,Macbook Pro Laptop,1,1700.0,2019-02-08 19:36:00,"755 6th St, Portland, OR 97035",February
150518,Macbook Pro Laptop,1,1700.0,2019-02-26 12:38:00,"847 10th St, San Francisco, CA 94016",February
151999,Macbook Pro Laptop,1,1700.0,2019-02-03 11:17:00,"157 Forest St, San Francisco, CA 94016",February
158837,Macbook Pro Laptop,1,1700.0,2019-02-19 13:16:00,"545 4th St, Los Angeles, CA 90001",February
161971,Macbook Pro Laptop,1,1700.0,2019-02-09 18:19:00,"367 13th St, San Francisco, CA 94016",February
163298,Macbook Pro Laptop,1,1700.0,2019-03-22 16:10:00,"796 Hickory St, San Francisco, CA 94016",March
170293,Macbook Pro Laptop,1,1700.0,2019-03-15 00:08:00,"887 Wilson St, Portland, OR 97035",March
172172,Macbook Pro Laptop,1,1700.0,2019-03-07 13:37:00,"528 Johnson St, Boston, MA 02215",March
163632,Macbook Pro Laptop,1,1700.0,2019-03-27 19:08:00,"287 Dogwood St, Dallas, TX 75001",March
164133,Macbook Pro Laptop,1,1700.0,2019-03-21 14:07:00,"685 Lakeview St, Dallas, TX 75001",March
173621,Macbook Pro Laptop,1,1700.0,2019-03-15 16:13:00,"806 Wilson St, New York City, NY 10001",March
173624,Macbook Pro Laptop,1,1700.0,2019-03-07 10:59:00,"639 9th St, New York City, NY 10001",March
173631,Macbook Pro Laptop,1,1700.0,2019-03-03 11:05:00,"852 Pine St, Los Angeles, CA 90001",March
166909,Macbook Pro Laptop,1,1700.0,2019-03-18 18:50:00,"995 Wilson St, Boston, MA 02215",March
167060,Macbook Pro Laptop,1,1700.0,2019-03-04 11:55:00,"266 Walnut St, Los Angeles, CA 90001",March
170372,Macbook Pro Laptop,1,1700.0,2019-03-14 13:36:00,"192 Highland St, San Francisco, CA 94016",March
170857,Macbook Pro Laptop,1,1700.0,2019-03-31 17:38:00,"232 5th St, Los Angeles, CA 90001",March
172478,Macbook Pro Laptop,1,1700.0,2019-03-28 12:13:00,"773 6th St, New York City, NY 10001",March
172808,Macbook Pro Laptop,1,1700.0,2019-03-08 05:43:00,"906 12th St, San Francisco, CA 94016",March
176068,Macbook Pro Laptop,1,1700.0,2019-03-04 13:28:00,"94 Meadow St, New York City, NY 10001",March
166550,Macbook Pro Laptop,1,1700.0,2019-03-21 10:16:00,"407 Washington St, Portland, OR 97035",March
171133,Macbook Pro Laptop,1,1700.0,2019-03-26 13:18:00,"207 Church St, Portland, ME 04101",March
164436,Macbook Pro Laptop,1,1700.0,2019-03-12 09:51:00,"503 Walnut St, Atlanta, GA 30301",March
175419,Macbook Pro Laptop,1,1700.0,2019-03-09 14:06:00,"343 Lakeview St, New York City, NY 10001",March
162241,Macbook Pro Laptop,1,1700.0,2019-03-30 11:58:00,"162 5th St, San Francisco, CA 94016",March
167635,Macbook Pro Laptop,1,1700.0,2019-03-29 22:02:00,"14 13th St, Austin, TX 73301",March
170042,Macbook Pro Laptop,1,1700.0,2019-03-13 13:02:00,"190 5th St, New York City, NY 10001",March
175201,Macbook Pro Laptop,1,1700.0,2019-03-29 13:58:00,"75 Chestnut St, Boston, MA 02215",March
165983,Macbook Pro Laptop,1,1700.0,2019-03-14 13:28:00,"38 9th St, San Francisco, CA 94016",March
162442,Macbook Pro Laptop,1,1700.0,2019-03-06 19:19:00,"512 Willow St, Los Angeles, CA 90001",March
166072,Macbook Pro Laptop,1,1700.0,2019-03-19 20:03:00,"860 Forest St, San Francisco, CA 94016",March
172530,Macbook Pro Laptop,1,1700.0,2019-03-02 08:11:00,"377 Park St, Austin, TX 73301",March
175651,Macbook Pro Laptop,1,1700.0,2019-03-13 21:21:00,"764 South St, Dallas, TX 75001",March
166972,Macbook Pro Laptop,1,1700.0,2019-03-17 14:40:00,"615 Pine St, New York City, NY 10001",March
167567,Macbook Pro Laptop,1,1700.0,2019-03-03 15:42:00,"787 Sunset St, New York City, NY 10001",March
172499,Macbook Pro Laptop,1,1700.0,2019-03-03 22:08:00,"427 Cedar St, Seattle, WA 98101",March
168396,Macbook Pro Laptop,1,1700.0,2019-03-13 16:17:00,"252 Cherry St, Boston, MA 02215",March
170386,Macbook Pro Laptop,1,1700.0,2019-03-03 12:17:00,"3 Park St, New York City, NY 10001",March
164865,Macbook Pro Laptop,1,1700.0,2019-03-27 09:50:00,"770 Spruce St, Portland, OR 97035",March
167511,Macbook Pro Laptop,1,1700.0,2019-03-12 09:16:00,"150 12th St, Seattle, WA 98101",March
173128,Macbook Pro Laptop,1,1700.0,2019-03-02 14:45:00,"86 Chestnut St, Los Angeles, CA 90001",March
168034,Macbook Pro Laptop,1,1700.0,2019-03-01 22:24:00,"522 Ridge St, Dallas, TX 75001",March
169107,Macbook Pro Laptop,1,1700.0,2019-03-15 01:34:00,"507 Willow St, Atlanta, GA 30301",March
169933,Macbook Pro Laptop,1,1700.0,2019-03-28 18:11:00,"848 4th St, Los Angeles, CA 90001",March
171891,Macbook Pro Laptop,1,1700.0,2019-03-12 20:36:00,"502 Maple St, New York City, NY 10001",March
167372,Macbook Pro Laptop,1,1700.0,2019-03-31 22:25:00,"225 Maple St, Boston, MA 02215",March
163105,Macbook Pro Laptop,1,1700.0,2019-03-13 12:41:00,"433 9th St, Portland, OR 97035",March
163156,Macbook Pro Laptop,1,1700.0,2019-03-11 13:25:00,"635 Church St, Los Angeles, CA 90001",March
171333,Macbook Pro Laptop,1,1700.0,2019-03-25 16:50:00,"198 Spruce St, Portland, ME 04101",March
173746,Macbook Pro Laptop,1,1700.0,2019-03-20 17:30:00,"621 11th St, New York City, NY 10001",March
174642,Macbook Pro Laptop,1,1700.0,2019-03-30 09:18:00,"78 7th St, Portland, OR 97035",March
167883,Macbook Pro Laptop,1,1700.0,2019-03-05 21:25:00,"356 2nd St, New York City, NY 10001",March
164982,Macbook Pro Laptop,1,1700.0,2019-03-16 17:20:00,"353 Washington St, San Francisco, CA 94016",March
166383,Macbook Pro Laptop,1,1700.0,2019-03-04 12:30:00,"250 Dogwood St, Dallas, TX 75001",March
168358,Macbook Pro Laptop,1,1700.0,2019-03-06 10:58:00,"53 Pine St, San Francisco, CA 94016",March
174382,Macbook Pro Laptop,1,1700.0,2019-03-17 13:06:00,"967 Forest St, Seattle, WA 98101",March
172511,Macbook Pro Laptop,1,1700.0,2019-03-10 17:36:00,"99 Wilson St, Los Angeles, CA 90001",March
163846,Macbook Pro Laptop,1,1700.0,2019-03-23 12:33:00,"998 13th St, Seattle, WA 98101",March
173244,Macbook Pro Laptop,1,1700.0,2019-03-31 10:12:00,"726 9th St, Seattle, WA 98101",March
165705,Macbook Pro Laptop,1,1700.0,2019-03-10 19:00:00,"172 Hill St, New York City, NY 10001",March
167473,Macbook Pro Laptop,1,1700.0,2019-03-18 07:18:00,"833 Park St, Dallas, TX 75001",March
164076,Macbook Pro Laptop,1,1700.0,2019-03-09 11:21:00,"908 Forest St, San Francisco, CA 94016",March
164937,Macbook Pro Laptop,1,1700.0,2019-03-08 13:12:00,"290 Washington St, Los Angeles, CA 90001",March
166136,Macbook Pro Laptop,1,1700.0,2019-03-18 18:44:00,"623 South St, Boston, MA 02215",March
173875,Macbook Pro Laptop,1,1700.0,2019-03-27 11:03:00,"387 1st St, Portland, OR 97035",March
163510,Macbook Pro Laptop,1,1700.0,2019-03-27 17:07:00,"55 Wilson St, San Francisco, CA 94016",March
167106,Macbook Pro Laptop,1,1700.0,2019-03-10 15:26:00,"947 Sunset St, San Francisco, CA 94016",March
171945,Macbook Pro Laptop,1,1700.0,2019-03-29 21:17:00,"803 10th St, Atlanta, GA 30301",March
162144,Macbook Pro Laptop,1,1700.0,2019-03-24 13:04:00,"342 Dogwood St, San Francisco, CA 94016",March
174815,Macbook Pro Laptop,1,1700.0,2019-03-01 15:25:00,"397 Elm St, New York City, NY 10001",March
171266,Macbook Pro Laptop,1,1700.0,2019-03-31 08:01:00,"554 Ridge St, San Francisco, CA 94016",March
172331,Macbook Pro Laptop,1,1700.0,2019-03-24 15:15:00,"959 4th St, Austin, TX 73301",March
173149,Macbook Pro Laptop,1,1700.0,2019-03-26 17:34:00,"705 Center St, Boston, MA 02215",March
162726,Macbook Pro Laptop,1,1700.0,2019-03-15 08:45:00,"180 12th St, Atlanta, GA 30301",March
162510,Macbook Pro Laptop,1,1700.0,2019-03-13 13:03:00,"417 10th St, Portland, OR 97035",March
166421,Macbook Pro Laptop,1,1700.0,2019-03-01 17:23:00,"333 Johnson St, San Francisco, CA 94016",March
166525,Macbook Pro Laptop,1,1700.0,2019-03-27 01:23:00,"501 Church St, New York City, NY 10001",March
173477,Macbook Pro Laptop,1,1700.0,2019-03-15 19:23:00,"262 2nd St, Atlanta, GA 30301",March
175531,Macbook Pro Laptop,1,1700.0,2019-03-16 13:32:00,"124 Lake St, Seattle, WA 98101",March
183379,Macbook Pro Laptop,1,1700.0,2019-04-18 09:40:00,"553 12th St, San Francisco, CA 94016",April
183404,Macbook Pro Laptop,1,1700.0,2019-04-28 09:34:00,"962 Maple St, Seattle, WA 98101",April
191235,Macbook Pro Laptop,1,1700.0,2019-04-07 08:10:00,"505 Pine St, San Francisco, CA 94016",April
184645,Macbook Pro Laptop,1,1700.0,2019-04-04 18:51:00,"437 Jackson St, Atlanta, GA 30301",April
185712,Macbook Pro Laptop,1,1700.0,2019-04-27 19:57:00,"230 5th St, Portland, ME 04101",April
188560,Macbook Pro Laptop,1,1700.0,2019-04-04 10:43:00,"937 Hickory St, Seattle, WA 98101",April
191434,Macbook Pro Laptop,1,1700.0,2019-04-21 21:17:00,"369 Jackson St, San Francisco, CA 94016",April
177353,Macbook Pro Laptop,1,1700.0,2019-04-04 10:27:00,"654 South St, Portland, OR 97035",April
181849,Macbook Pro Laptop,1,1700.0,2019-04-21 17:21:00,"903 Maple St, Dallas, TX 75001",April
181978,Macbook Pro Laptop,1,1700.0,2019-04-22 10:57:00,"485 5th St, Atlanta, GA 30301",April
185260,Macbook Pro Laptop,1,1700.0,2019-04-18 09:56:00,"701 6th St, San Francisco, CA 94016",April
190640,Macbook Pro Laptop,1,1700.0,2019-04-27 09:33:00,"146 12th St, Boston, MA 02215",April
191910,Macbook Pro Laptop,1,1700.0,2019-04-21 18:57:00,"753 Dogwood St, Atlanta, GA 30301",April
193187,Macbook Pro Laptop,1,1700.0,2019-04-03 18:36:00,"816 11th St, Atlanta, GA 30301",April
179963,Macbook Pro Laptop,1,1700.0,2019-04-30 15:31:00,"456 North St, Boston, MA 02215",April
186587,Macbook Pro Laptop,1,1700.0,2019-04-21 17:52:00,"483 Church St, Los Angeles, CA 90001",April
185048,Macbook Pro Laptop,1,1700.0,2019-04-22 12:21:00,"53 9th St, San Francisco, CA 94016",April
186252,Macbook Pro Laptop,1,1700.0,2019-04-12 08:41:00,"408 Johnson St, Dallas, TX 75001",April
184196,Macbook Pro Laptop,1,1700.0,2019-04-17 22:35:00,"634 Ridge St, Los Angeles, CA 90001",April
186618,Macbook Pro Laptop,1,1700.0,2019-04-25 14:05:00,"851 Pine St, Dallas, TX 75001",April
194019,Macbook Pro Laptop,1,1700.0,2019-04-20 11:44:00,"418 Maple St, Seattle, WA 98101",April
188066,Macbook Pro Laptop,1,1700.0,2019-04-25 09:20:00,"845 Jefferson St, Los Angeles, CA 90001",April
189042,Macbook Pro Laptop,1,1700.0,2019-04-13 17:49:00,"791 Cedar St, Seattle, WA 98101",April
177175,Macbook Pro Laptop,1,1700.0,2019-04-11 07:49:00,"603 Lake St, Los Angeles, CA 90001",April
185632,Macbook Pro Laptop,1,1700.0,2019-04-07 19:06:00,"747 8th St, Los Angeles, CA 90001",April
185771,Macbook Pro Laptop,1,1700.0,2019-04-07 13:47:00,"387 10th St, Atlanta, GA 30301",April
192765,Macbook Pro Laptop,1,1700.0,2019-04-25 15:59:00,"324 Jackson St, Atlanta, GA 30301",April
178996,Macbook Pro Laptop,1,1700.0,2019-04-16 00:32:00,"950 8th St, Boston, MA 02215",April
181102,Macbook Pro Laptop,1,1700.0,2019-04-28 19:25:00,"895 North St, Los Angeles, CA 90001",April
185371,Macbook Pro Laptop,1,1700.0,2019-04-21 11:37:00,"417 4th St, New York City, NY 10001",April
187767,Macbook Pro Laptop,1,1700.0,2019-04-11 17:19:00,"351 Forest St, Dallas, TX 75001",April
181639,Macbook Pro Laptop,1,1700.0,2019-04-07 20:44:00,"78 Dogwood St, Boston, MA 02215",April
183320,Macbook Pro Laptop,1,1700.0,2019-04-23 15:25:00,"151 Highland St, New York City, NY 10001",April
189183,Macbook Pro Laptop,1,1700.0,2019-04-05 00:00:00,"778 Madison St, New York City, NY 10001",April
178731,Macbook Pro Laptop,1,1700.0,2019-04-02 12:01:00,"918 Walnut St, Los Angeles, CA 90001",April
181641,Macbook Pro Laptop,1,1700.0,2019-04-08 12:42:00,"352 West St, San Francisco, CA 94016",April
190187,Macbook Pro Laptop,1,1700.0,2019-04-01 12:24:00,"170 Lake St, Los Angeles, CA 90001",April
186939,Macbook Pro Laptop,1,1700.0,2019-04-28 18:10:00,"991 Park St, New York City, NY 10001",April
182429,Macbook Pro Laptop,1,1700.0,2019-04-07 13:27:00,"985 Lakeview St, San Francisco, CA 94016",April
181961,Macbook Pro Laptop,1,1700.0,2019-04-11 08:59:00,"929 River St, San Francisco, CA 94016",April
179874,Macbook Pro Laptop,1,1700.0,2019-04-27 19:08:00,"858 Cherry St, New York City, NY 10001",April
186805,Macbook Pro Laptop,1,1700.0,2019-04-03 11:51:00,"784 Wilson St, New York City, NY 10001",April
188207,Macbook Pro Laptop,1,1700.0,2019-04-27 22:19:00,"156 Ridge St, Boston, MA 02215",April
179164,Macbook Pro Laptop,1,1700.0,2019-04-22 09:47:00,"793 Center St, Portland, ME 04101",April
179434,Macbook Pro Laptop,1,1700.0,2019-04-24 14:26:00,"263 Washington St, New York City, NY 10001",April
181544,Macbook Pro Laptop,2,1700.0,2019-04-22 12:48:00,"731 11th St, New York City, NY 10001",April
187460,Macbook Pro Laptop,1,1700.0,2019-04-16 16:52:00,"187 Hickory St, Seattle, WA 98101",April
183072,Macbook Pro Laptop,1,1700.0,2019-04-26 10:06:00,"798 Highland St, New York City, NY 10001",April
190735,Macbook Pro Laptop,1,1700.0,2019-04-15 11:10:00,"558 Lake St, Atlanta, GA 30301",April
191468,Macbook Pro Laptop,1,1700.0,2019-04-29 16:59:00,"911 10th St, Atlanta, GA 30301",April
192311,Macbook Pro Laptop,1,1700.0,2019-04-11 21:54:00,"25 West St, Boston, MA 02215",April
192125,Macbook Pro Laptop,1,1700.0,2019-04-02 00:13:00,"4 Elm St, Los Angeles, CA 90001",April
192996,Macbook Pro Laptop,1,1700.0,2019-04-16 06:56:00,"687 7th St, Boston, MA 02215",April
183973,Macbook Pro Laptop,1,1700.0,2019-04-05 15:59:00,"171 Jackson St, Los Angeles, CA 90001",April
187657,Macbook Pro Laptop,1,1700.0,2019-04-19 20:52:00,"605 Sunset St, Los Angeles, CA 90001",April
189613,Macbook Pro Laptop,1,1700.0,2019-04-09 15:51:00,"312 Ridge St, San Francisco, CA 94016",April
187689,Macbook Pro Laptop,1,1700.0,2019-04-01 10:27:00,"195 Walnut St, Los Angeles, CA 90001",April
190501,Macbook Pro Laptop,1,1700.0,2019-04-10 10:46:00,"818 Hickory St, Atlanta, GA 30301",April
179568,Macbook Pro Laptop,1,1700.0,2019-04-18 20:32:00,"644 North St, San Francisco, CA 94016",April
182956,Macbook Pro Laptop,1,1700.0,2019-04-29 13:55:00,"740 Meadow St, Dallas, TX 75001",April
191634,Macbook Pro Laptop,1,1700.0,2019-04-27 13:00:00,"343 Wilson St, Portland, OR 97035",April
177422,Macbook Pro Laptop,1,1700.0,2019-04-05 19:52:00,"368 Jackson St, San Francisco, CA 94016",April
189853,Macbook Pro Laptop,1,1700.0,2019-04-15 03:16:00,"237 Hickory St, Los Angeles, CA 90001",April
187347,Macbook Pro Laptop,1,1700.0,2019-04-27 13:43:00,"289 Hickory St, San Francisco, CA 94016",April
177020,Macbook Pro Laptop,1,1700.0,2019-04-16 22:31:00,"606 Walnut St, Seattle, WA 98101",April
179500,Macbook Pro Laptop,1,1700.0,2019-04-12 22:19:00,"687 6th St, San Francisco, CA 94016",April
183573,Macbook Pro Laptop,1,1700.0,2019-04-18 19:52:00,"91 7th St, Seattle, WA 98101",April
189805,Macbook Pro Laptop,1,1700.0,2019-05-01 01:31:00,"919 Sunset St, San Francisco, CA 94016",May
189117,Macbook Pro Laptop,1,1700.0,2019-04-24 09:43:00,"779 West St, Atlanta, GA 30301",April
176806,Macbook Pro Laptop,1,1700.0,2019-04-22 13:26:00,"197 Cherry St, Austin, TX 73301",April
191688,Macbook Pro Laptop,1,1700.0,2019-04-26 05:45:00,"207 Meadow St, Los Angeles, CA 90001",April
177359,Macbook Pro Laptop,1,1700.0,2019-04-18 14:47:00,"143 Willow St, San Francisco, CA 94016",April
184638,Macbook Pro Laptop,1,1700.0,2019-04-07 17:14:00,"374 Hickory St, Atlanta, GA 30301",April
187360,Macbook Pro Laptop,1,1700.0,2019-04-06 15:41:00,"383 8th St, Los Angeles, CA 90001",April
191753,Macbook Pro Laptop,1,1700.0,2019-04-26 23:03:00,"814 Maple St, New York City, NY 10001",April
192666,Macbook Pro Laptop,1,1700.0,2019-04-17 10:20:00,"655 Madison St, San Francisco, CA 94016",April
197173,Macbook Pro Laptop,1,1700.0,2019-05-18 18:19:00,"593 River St, San Francisco, CA 94016",May
197250,Macbook Pro Laptop,1,1700.0,2019-05-02 20:24:00,"931 13th St, San Francisco, CA 94016",May
198549,Macbook Pro Laptop,1,1700.0,2019-05-04 11:26:00,"682 Adams St, Seattle, WA 98101",May
206742,Macbook Pro Laptop,1,1700.0,2019-05-09 23:41:00,"549 11th St, Austin, TX 73301",May
208128,Macbook Pro Laptop,1,1700.0,2019-05-30 21:47:00,"297 Lincoln St, New York City, NY 10001",May
194671,Macbook Pro Laptop,1,1700.0,2019-05-09 11:36:00,"221 10th St, San Francisco, CA 94016",May
205234,Macbook Pro Laptop,1,1700.0,2019-05-13 09:54:00,"793 West St, San Francisco, CA 94016",May
202783,Macbook Pro Laptop,1,1700.0,2019-05-14 17:39:00,"671 Center St, Los Angeles, CA 90001",May
194572,Macbook Pro Laptop,1,1700.0,2019-05-18 12:07:00,"213 6th St, Portland, OR 97035",May
195807,Macbook Pro Laptop,1,1700.0,2019-05-28 20:41:00,"639 4th St, Portland, ME 04101",May
199398,Macbook Pro Laptop,1,1700.0,2019-05-14 18:26:00,"92 Highland St, Dallas, TX 75001",May
203052,Macbook Pro Laptop,1,1700.0,2019-05-02 21:52:00,"830 Forest St, New York City, NY 10001",May
205167,Macbook Pro Laptop,1,1700.0,2019-05-12 05:22:00,"26 Elm St, Atlanta, GA 30301",May
205741,Macbook Pro Laptop,1,1700.0,2019-05-13 16:48:00,"863 Hickory St, Dallas, TX 75001",May
207154,Macbook Pro Laptop,1,1700.0,2019-05-18 14:40:00,"159 13th St, Dallas, TX 75001",May
208509,Macbook Pro Laptop,1,1700.0,2019-05-17 10:35:00,"639 14th St, San Francisco, CA 94016",May
209434,Macbook Pro Laptop,1,1700.0,2019-05-17 23:08:00,"948 Wilson St, Atlanta, GA 30301",May
200527,Macbook Pro Laptop,1,1700.0,2019-05-12 11:32:00,"463 Meadow St, Los Angeles, CA 90001",May
203670,Macbook Pro Laptop,1,1700.0,2019-05-13 20:09:00,"909 Park St, San Francisco, CA 94016",May
199556,Macbook Pro Laptop,1,1700.0,2019-05-06 22:49:00,"521 Lincoln St, Atlanta, GA 30301",May
199240,Macbook Pro Laptop,1,1700.0,2019-05-16 19:12:00,"555 10th St, New York City, NY 10001",May
195440,Macbook Pro Laptop,1,1700.0,2019-05-05 22:49:00,"986 13th St, San Francisco, CA 94016",May
195610,Macbook Pro Laptop,1,1700.0,2019-05-20 11:51:00,"176 10th St, Boston, MA 02215",May
196666,Macbook Pro Laptop,1,1700.0,2019-05-22 11:30:00,"33 Ridge St, Boston, MA 02215",May
200863,Macbook Pro Laptop,1,1700.0,2019-05-17 16:46:00,"828 Dogwood St, Los Angeles, CA 90001",May
201968,Macbook Pro Laptop,1,1700.0,2019-05-12 11:33:00,"578 Dogwood St, Portland, ME 04101",May
207380,Macbook Pro Laptop,1,1700.0,2019-05-23 18:27:00,"934 4th St, New York City, NY 10001",May
208649,Macbook Pro Laptop,1,1700.0,2019-05-11 18:03:00,"180 West St, San Francisco, CA 94016",May
208952,Macbook Pro Laptop,1,1700.0,2019-05-30 14:17:00,"673 6th St, Boston, MA 02215",May
200509,Macbook Pro Laptop,1,1700.0,2019-05-05 12:51:00,"860 13th St, Boston, MA 02215",May
202586,Macbook Pro Laptop,1,1700.0,2019-05-26 19:12:00,"289 Church St, Atlanta, GA 30301",May
207465,Macbook Pro Laptop,1,1700.0,2019-05-23 10:24:00,"477 Sunset St, Austin, TX 73301",May
203083,Macbook Pro Laptop,1,1700.0,2019-05-28 18:28:00,"742 Hickory St, Dallas, TX 75001",May
209232,Macbook Pro Laptop,1,1700.0,2019-05-22 08:32:00,"298 Wilson St, New York City, NY 10001",May
199012,Macbook Pro Laptop,1,1700.0,2019-05-05 00:51:00,"422 2nd St, Los Angeles, CA 90001",May
203334,Macbook Pro Laptop,1,1700.0,2019-05-11 11:11:00,"813 2nd St, Austin, TX 73301",May
204993,Macbook Pro Laptop,1,1700.0,2019-05-14 14:51:00,"52 Washington St, Portland, OR 97035",May
205334,Macbook Pro Laptop,1,1700.0,2019-05-29 19:01:00,"715 Chestnut St, Dallas, TX 75001",May
197694,Macbook Pro Laptop,1,1700.0,2019-05-27 13:20:00,"52 Center St, San Francisco, CA 94016",May
200155,Macbook Pro Laptop,1,1700.0,2019-05-14 14:33:00,"547 Jackson St, Los Angeles, CA 90001",May
198219,Macbook Pro Laptop,1,1700.0,2019-05-08 09:56:00,"445 Center St, Los Angeles, CA 90001",May
204019,Macbook Pro Laptop,1,1700.0,2019-05-22 14:16:00,"35 2nd St, Los Angeles, CA 90001",May
206396,Macbook Pro Laptop,1,1700.0,2019-05-14 03:17:00,"773 Ridge St, Los Angeles, CA 90001",May
197988,Macbook Pro Laptop,1,1700.0,2019-05-18 07:58:00,"926 14th St, Portland, OR 97035",May
201658,Macbook Pro Laptop,1,1700.0,2019-05-11 18:15:00,"948 9th St, San Francisco, CA 94016",May
203291,Macbook Pro Laptop,1,1700.0,2019-05-26 19:35:00,"667 Chestnut St, Portland, OR 97035",May
204594,Macbook Pro Laptop,1,1700.0,2019-05-02 10:23:00,"592 11th St, Los Angeles, CA 90001",May
209713,Macbook Pro Laptop,1,1700.0,2019-05-15 23:51:00,"964 Church St, Los Angeles, CA 90001",May
204121,Macbook Pro Laptop,1,1700.0,2019-05-01 21:47:00,"225 5th St, Portland, ME 04101",May
194845,Macbook Pro Laptop,1,1700.0,2019-05-26 20:38:00,"550 Meadow St, Atlanta, GA 30301",May
196794,Macbook Pro Laptop,1,1700.0,2019-05-02 22:19:00,"104 Walnut St, San Francisco, CA 94016",May
202720,Macbook Pro Laptop,1,1700.0,2019-05-27 20:43:00,"829 Maple St, San Francisco, CA 94016",May
209133,Macbook Pro Laptop,1,1700.0,2019-05-30 12:25:00,"849 Chestnut St, San Francisco, CA 94016",May
195853,Macbook Pro Laptop,1,1700.0,2019-05-13 17:16:00,"887 14th St, New York City, NY 10001",May
209814,Macbook Pro Laptop,1,1700.0,2019-05-31 00:27:00,"359 Sunset St, Los Angeles, CA 90001",May
205210,Macbook Pro Laptop,1,1700.0,2019-05-05 12:12:00,"318 Center St, Portland, ME 04101",May
205663,Macbook Pro Laptop,1,1700.0,2019-05-27 18:02:00,"801 West St, San Francisco, CA 94016",May
203421,Macbook Pro Laptop,1,1700.0,2019-05-16 09:51:00,"184 7th St, Boston, MA 02215",May
199728,Macbook Pro Laptop,1,1700.0,2019-05-08 07:13:00,"407 2nd St, San Francisco, CA 94016",May
207209,Macbook Pro Laptop,1,1700.0,2019-05-15 17:13:00,"755 Jefferson St, Los Angeles, CA 90001",May
196634,Macbook Pro Laptop,1,1700.0,2019-05-28 20:45:00,"865 12th St, Los Angeles, CA 90001",May
196880,Macbook Pro Laptop,1,1700.0,2019-05-10 10:31:00,"991 Dogwood St, Portland, OR 97035",May
199716,Macbook Pro Laptop,1,1700.0,2019-05-04 12:27:00,"795 North St, New York City, NY 10001",May
201880,Macbook Pro Laptop,1,1700.0,2019-05-19 08:08:00,"188 South St, Dallas, TX 75001",May
203310,Macbook Pro Laptop,1,1700.0,2019-05-27 15:16:00,"199 Lincoln St, Austin, TX 73301",May
207582,Macbook Pro Laptop,1,1700.0,2019-05-28 16:09:00,"106 Church St, Los Angeles, CA 90001",May
194672,Macbook Pro Laptop,1,1700.0,2019-05-18 07:01:00,"555 North St, Austin, TX 73301",May
195614,Macbook Pro Laptop,1,1700.0,2019-05-31 17:07:00,"590 Pine St, Portland, OR 97035",May
197999,Macbook Pro Laptop,1,1700.0,2019-05-12 15:48:00,"161 Jackson St, Dallas, TX 75001",May
202212,Macbook Pro Laptop,1,1700.0,2019-05-25 13:19:00,"10 1st St, San Francisco, CA 94016",May
202415,Macbook Pro Laptop,1,1700.0,2019-05-17 11:05:00,"829 Meadow St, Atlanta, GA 30301",May
204901,Macbook Pro Laptop,1,1700.0,2019-05-12 17:07:00,"52 11th St, Los Angeles, CA 90001",May
208174,Macbook Pro Laptop,1,1700.0,2019-05-21 20:24:00,"24 13th St, San Francisco, CA 94016",May
197559,Macbook Pro Laptop,1,1700.0,2019-05-20 12:44:00,"48 South St, Atlanta, GA 30301",May
197679,Macbook Pro Laptop,1,1700.0,2019-05-06 16:25:00,"415 Lincoln St, Portland, ME 04101",May
198446,Macbook Pro Laptop,1,1700.0,2019-05-31 14:17:00,"866 8th St, Seattle, WA 98101",May
200640,Macbook Pro Laptop,1,1700.0,2019-05-28 18:31:00,"414 Ridge St, Dallas, TX 75001",May
203820,Macbook Pro Laptop,1,1700.0,2019-05-14 18:14:00,"56 13th St, San Francisco, CA 94016",May
206968,Macbook Pro Laptop,1,1700.0,2019-05-03 16:14:00,"387 5th St, Dallas, TX 75001",May
199487,Macbook Pro Laptop,1,1700.0,2019-05-07 15:24:00,"947 Lake St, Boston, MA 02215",May
205827,Macbook Pro Laptop,1,1700.0,2019-05-12 17:47:00,"160 Cedar St, New York City, NY 10001",May
208479,Macbook Pro Laptop,1,1700.0,2019-05-29 15:11:00,"644 8th St, San Francisco, CA 94016",May
198014,Macbook Pro Laptop,1,1700.0,2019-05-20 15:34:00,"329 Pine St, Los Angeles, CA 90001",May
205086,Macbook Pro Laptop,1,1700.0,2019-05-16 16:13:00,"237 7th St, New York City, NY 10001",May
204965,Macbook Pro Laptop,1,1700.0,2019-05-16 18:18:00,"48 South St, San Francisco, CA 94016",May
194889,Macbook Pro Laptop,1,1700.0,2019-05-11 12:53:00,"581 4th St, Austin, TX 73301",May
195170,Macbook Pro Laptop,1,1700.0,2019-05-10 13:13:00,"963 9th St, San Francisco, CA 94016",May
196963,Macbook Pro Laptop,1,1700.0,2019-05-20 07:34:00,"987 10th St, New York City, NY 10001",May
197141,Macbook Pro Laptop,1,1700.0,2019-05-01 10:40:00,"227 6th St, Dallas, TX 75001",May
206916,Macbook Pro Laptop,1,1700.0,2019-05-26 11:31:00,"897 Chestnut St, San Francisco, CA 94016",May
213958,Macbook Pro Laptop,1,1700.0,2019-06-24 20:22:00,"876 Pine St, San Francisco, CA 94016",June
214094,Macbook Pro Laptop,1,1700.0,2019-06-08 01:24:00,"934 11th St, Dallas, TX 75001",June
216011,Macbook Pro Laptop,1,1700.0,2019-06-19 20:12:00,"444 Maple St, Boston, MA 02215",June
218706,Macbook Pro Laptop,1,1700.0,2019-06-08 15:37:00,"945 Park St, Seattle, WA 98101",June
221037,Macbook Pro Laptop,1,1700.0,2019-06-08 19:21:00,"196 Hill St, Los Angeles, CA 90001",June
210946,Macbook Pro Laptop,1,1700.0,2019-06-30 12:20:00,"991 Lincoln St, Boston, MA 02215",June
215751,Macbook Pro Laptop,1,1700.0,2019-06-02 00:03:00,"604 South St, Seattle, WA 98101",June
216092,Macbook Pro Laptop,1,1700.0,2019-06-25 14:48:00,"475 Hill St, San Francisco, CA 94016",June
212504,Macbook Pro Laptop,1,1700.0,2019-06-03 16:26:00,"769 Adams St, Boston, MA 02215",June
214355,Macbook Pro Laptop,1,1700.0,2019-06-20 07:13:00,"541 Hickory St, Austin, TX 73301",June
215823,Macbook Pro Laptop,1,1700.0,2019-06-08 14:23:00,"965 Lake St, Boston, MA 02215",June
216436,Macbook Pro Laptop,1,1700.0,2019-06-13 17:42:00,"375 11th St, San Francisco, CA 94016",June
210056,Macbook Pro Laptop,1,1700.0,2019-06-09 00:13:00,"171 Lakeview St, Seattle, WA 98101",June
213994,Macbook Pro Laptop,1,1700.0,2019-06-27 11:43:00,"291 Church St, Dallas, TX 75001",June
222706,Macbook Pro Laptop,1,1700.0,2019-06-11 21:30:00,"374 Dogwood St, New York City, NY 10001",June
209948,Macbook Pro Laptop,1,1700.0,2019-06-09 01:48:00,"101 Spruce St, Atlanta, GA 30301",June
210903,Macbook Pro Laptop,1,1700.0,2019-06-07 17:59:00,"938 Chestnut St, New York City, NY 10001",June
216203,Macbook Pro Laptop,1,1700.0,2019-06-28 10:46:00,"581 Cedar St, Los Angeles, CA 90001",June
222571,Macbook Pro Laptop,1,1700.0,2019-06-19 16:33:00,"501 2nd St, Seattle, WA 98101",June
218439,Macbook Pro Laptop,1,1700.0,2019-06-03 23:55:00,"627 Jackson St, Los Angeles, CA 90001",June
219568,Macbook Pro Laptop,1,1700.0,2019-06-01 16:03:00,"955 13th St, Los Angeles, CA 90001",June
222744,Macbook Pro Laptop,1,1700.0,2019-06-11 07:38:00,"775 11th St, Los Angeles, CA 90001",June
210447,Macbook Pro Laptop,1,1700.0,2019-06-21 17:17:00,"350 Dogwood St, New York City, NY 10001",June
212153,Macbook Pro Laptop,1,1700.0,2019-06-04 17:30:00,"238 Jefferson St, Seattle, WA 98101",June
218206,Macbook Pro Laptop,1,1700.0,2019-06-28 17:04:00,"258 11th St, Boston, MA 02215",June
220140,Macbook Pro Laptop,1,1700.0,2019-06-07 07:49:00,"125 Park St, Austin, TX 73301",June
214214,Macbook Pro Laptop,1,1700.0,2019-06-05 17:40:00,"826 West St, New York City, NY 10001",June
215411,Macbook Pro Laptop,1,1700.0,2019-06-15 02:17:00,"4 Lake St, Los Angeles, CA 90001",June
218577,Macbook Pro Laptop,1,1700.0,2019-06-23 19:23:00,"556 9th St, Dallas, TX 75001",June
218969,Macbook Pro Laptop,1,1700.0,2019-06-22 11:25:00,"377 Elm St, Dallas, TX 75001",June
215983,Macbook Pro Laptop,1,1700.0,2019-06-07 19:23:00,"17 Maple St, Los Angeles, CA 90001",June
216933,Macbook Pro Laptop,1,1700.0,2019-06-01 22:41:00,"83 Wilson St, New York City, NY 10001",June
210578,Macbook Pro Laptop,1,1700.0,2019-06-30 19:03:00,"332 Dogwood St, San Francisco, CA 94016",June
211324,Macbook Pro Laptop,1,1700.0,2019-06-17 17:29:00,"532 11th St, Boston, MA 02215",June
218705,Macbook Pro Laptop,1,1700.0,2019-06-22 20:52:00,"739 1st St, Los Angeles, CA 90001",June
217739,Macbook Pro Laptop,1,1700.0,2019-06-19 16:41:00,"387 11th St, San Francisco, CA 94016",June
221294,Macbook Pro Laptop,1,1700.0,2019-06-05 17:13:00,"202 Pine St, Seattle, WA 98101",June
210373,Macbook Pro Laptop,1,1700.0,2019-06-16 13:01:00,"306 Willow St, San Francisco, CA 94016",June
213241,Macbook Pro Laptop,1,1700.0,2019-06-04 19:44:00,"527 West St, Portland, OR 97035",June
215923,Macbook Pro Laptop,1,1700.0,2019-06-04 20:13:00,"979 4th St, Boston, MA 02215",June
222053,Macbook Pro Laptop,1,1700.0,2019-06-29 17:24:00,"515 Lakeview St, Boston, MA 02215",June
210521,Macbook Pro Laptop,1,1700.0,2019-06-03 13:28:00,"239 8th St, San Francisco, CA 94016",June
213552,Macbook Pro Laptop,1,1700.0,2019-06-05 11:26:00,"889 Dogwood St, Portland, OR 97035",June
216110,Macbook Pro Laptop,1,1700.0,2019-06-08 16:47:00,"698 2nd St, Boston, MA 02215",June
217315,Macbook Pro Laptop,1,1700.0,2019-06-11 16:54:00,"578 12th St, New York City, NY 10001",June
213893,Macbook Pro Laptop,1,1700.0,2019-06-12 05:30:00,"662 Dogwood St, Los Angeles, CA 90001",June
217345,Macbook Pro Laptop,1,1700.0,2019-06-01 12:17:00,"718 Main St, Seattle, WA 98101",June
214772,Macbook Pro Laptop,1,1700.0,2019-06-17 20:44:00,"971 Ridge St, Los Angeles, CA 90001",June
216318,Macbook Pro Laptop,1,1700.0,2019-06-27 09:16:00,"805 Sunset St, Los Angeles, CA 90001",June
221200,Macbook Pro Laptop,1,1700.0,2019-06-13 20:06:00,"670 Spruce St, Los Angeles, CA 90001",June
222002,Macbook Pro Laptop,1,1700.0,2019-06-05 20:56:00,"432 13th St, San Francisco, CA 94016",June
213798,Macbook Pro Laptop,1,1700.0,2019-06-16 11:48:00,"975 10th St, San Francisco, CA 94016",June
216538,Macbook Pro Laptop,1,1700.0,2019-06-06 15:17:00,"936 Willow St, Portland, OR 97035",June
210644,Macbook Pro Laptop,1,1700.0,2019-06-23 00:34:00,"448 Washington St, New York City, NY 10001",June
216059,Macbook Pro Laptop,1,1700.0,2019-06-04 15:17:00,"373 Meadow St, New York City, NY 10001",June
219254,Macbook Pro Laptop,1,1700.0,2019-06-05 20:44:00,"114 Wilson St, New York City, NY 10001",June
220025,Macbook Pro Laptop,1,1700.0,2019-06-09 13:23:00,"35 5th St, San Francisco, CA 94016",June
222728,Macbook Pro Laptop,1,1700.0,2019-06-13 21:29:00,"657 River St, Los Angeles, CA 90001",June
222376,Macbook Pro Laptop,1,1700.0,2019-06-24 17:07:00,"729 Ridge St, Los Angeles, CA 90001",June
217570,Macbook Pro Laptop,1,1700.0,2019-06-25 11:04:00,"857 Washington St, New York City, NY 10001",June
220125,Macbook Pro Laptop,1,1700.0,2019-06-06 11:34:00,"560 Elm St, San Francisco, CA 94016",June
220349,Macbook Pro Laptop,1,1700.0,2019-06-06 11:28:00,"865 8th St, Austin, TX 73301",June
222392,Macbook Pro Laptop,1,1700.0,2019-06-25 10:41:00,"76 Pine St, Dallas, TX 75001",June
209922,Macbook Pro Laptop,1,1700.0,2019-06-30 10:05:00,"80 4th St, San Francisco, CA 94016",June
214088,Macbook Pro Laptop,1,1700.0,2019-06-06 13:08:00,"662 14th St, New York City, NY 10001",June
214585,Macbook Pro Laptop,1,1700.0,2019-06-18 20:52:00,"683 Hill St, New York City, NY 10001",June
210422,Macbook Pro Laptop,1,1700.0,2019-06-20 22:48:00,"469 Lake St, New York City, NY 10001",June
213709,Macbook Pro Laptop,1,1700.0,2019-06-23 17:47:00,"434 Washington St, San Francisco, CA 94016",June
227950,Macbook Pro Laptop,1,1700.0,2019-07-14 07:43:00,"703 Cedar St, Austin, TX 73301",July
223787,Macbook Pro Laptop,1,1700.0,2019-07-28 21:21:00,"864 Main St, New York City, NY 10001",July
231895,Macbook Pro Laptop,1,1700.0,2019-07-24 17:13:00,"77 Lincoln St, Los Angeles, CA 90001",July
233036,Macbook Pro Laptop,1,1700.0,2019-07-24 21:14:00,"442 Park St, Austin, TX 73301",July
226711,Macbook Pro Laptop,1,1700.0,2019-07-12 19:44:00,"82 Maple St, Boston, MA 02215",July
225237,Macbook Pro Laptop,1,1700.0,2019-07-23 21:25:00,"851 Lincoln St, Dallas, TX 75001",July
226045,Macbook Pro Laptop,1,1700.0,2019-07-31 15:42:00,"991 2nd St, San Francisco, CA 94016",July
228123,Macbook Pro Laptop,1,1700.0,2019-07-13 18:08:00,"659 Meadow St, Austin, TX 73301",July
231442,Macbook Pro Laptop,1,1700.0,2019-07-27 08:00:00,"438 Ridge St, New York City, NY 10001",July
234750,Macbook Pro Laptop,1,1700.0,2019-07-01 20:52:00,"587 9th St, Boston, MA 02215",July
226064,Macbook Pro Laptop,1,1700.0,2019-07-26 00:57:00,"933 Hickory St, Boston, MA 02215",July
231235,Macbook Pro Laptop,1,1700.0,2019-07-18 05:07:00,"308 10th St, Seattle, WA 98101",July
231306,Macbook Pro Laptop,1,1700.0,2019-07-18 07:52:00,"306 Sunset St, Boston, MA 02215",July
234408,Macbook Pro Laptop,1,1700.0,2019-07-22 07:03:00,"416 West St, San Francisco, CA 94016",July
223902,Macbook Pro Laptop,1,1700.0,2019-07-18 20:23:00,"616 Cherry St, Boston, MA 02215",July
223940,Macbook Pro Laptop,1,1700.0,2019-07-30 17:42:00,"504 14th St, Portland, OR 97035",July
227501,Macbook Pro Laptop,1,1700.0,2019-07-21 11:21:00,"3 Church St, New York City, NY 10001",July
223408,Macbook Pro Laptop,1,1700.0,2019-07-17 20:11:00,"796 5th St, Portland, OR 97035",July
232424,Macbook Pro Laptop,1,1700.0,2019-07-10 20:18:00,"607 6th St, San Francisco, CA 94016",July
235371,Macbook Pro Laptop,1,1700.0,2019-07-14 10:38:00,"971 Jefferson St, Los Angeles, CA 90001",July
236484,Macbook Pro Laptop,1,1700.0,2019-07-04 16:36:00,"632 9th St, Boston, MA 02215",July
224711,Macbook Pro Laptop,1,1700.0,2019-07-12 12:21:00,"36 Hickory St, San Francisco, CA 94016",July
224969,Macbook Pro Laptop,1,1700.0,2019-07-01 18:37:00,"451 South St, Atlanta, GA 30301",July
229807,Macbook Pro Laptop,1,1700.0,2019-07-07 16:09:00,"475 8th St, Seattle, WA 98101",July
223190,Macbook Pro Laptop,1,1700.0,2019-07-16 11:31:00,"129 Main St, Los Angeles, CA 90001",July
224316,Macbook Pro Laptop,1,1700.0,2019-07-06 17:31:00,"193 12th St, Los Angeles, CA 90001",July
227070,Macbook Pro Laptop,1,1700.0,2019-07-17 19:41:00,"803 Jefferson St, Los Angeles, CA 90001",July
227473,Macbook Pro Laptop,1,1700.0,2019-07-14 20:10:00,"35 8th St, Boston, MA 02215",July
232943,Macbook Pro Laptop,1,1700.0,2019-07-09 09:18:00,"969 River St, San Francisco, CA 94016",July
233058,Macbook Pro Laptop,1,1700.0,2019-07-04 12:21:00,"749 Cedar St, Boston, MA 02215",July
233256,Macbook Pro Laptop,1,1700.0,2019-07-13 23:58:00,"469 Elm St, San Francisco, CA 94016",July
225421,Macbook Pro Laptop,1,1700.0,2019-07-15 12:19:00,"159 Jackson St, Los Angeles, CA 90001",July
236245,Macbook Pro Laptop,1,1700.0,2019-07-04 15:20:00,"15 West St, Atlanta, GA 30301",July
225695,Macbook Pro Laptop,1,1700.0,2019-07-18 16:24:00,"80 Church St, San Francisco, CA 94016",July
226237,Macbook Pro Laptop,1,1700.0,2019-07-06 22:07:00,"222 South St, San Francisco, CA 94016",July
228010,Macbook Pro Laptop,1,1700.0,2019-07-24 07:12:00,"939 Dogwood St, San Francisco, CA 94016",July
233490,Macbook Pro Laptop,1,1700.0,2019-07-08 12:10:00,"425 Lake St, New York City, NY 10001",July
234886,Macbook Pro Laptop,1,1700.0,2019-07-19 20:42:00,"949 Hickory St, New York City, NY 10001",July
235113,Macbook Pro Laptop,1,1700.0,2019-07-10 13:22:00,"33 Hickory St, Dallas, TX 75001",July
235458,Macbook Pro Laptop,1,1700.0,2019-07-19 18:26:00,"911 Ridge St, San Francisco, CA 94016",July
227993,Macbook Pro Laptop,1,1700.0,2019-07-23 10:28:00,"982 14th St, Dallas, TX 75001",July
230576,Macbook Pro Laptop,1,1700.0,2019-07-29 19:10:00,"897 Chestnut St, Dallas, TX 75001",July
230591,Macbook Pro Laptop,1,1700.0,2019-07-06 22:41:00,"111 12th St, Los Angeles, CA 90001",July
233553,Macbook Pro Laptop,1,1700.0,2019-07-27 10:18:00,"456 Spruce St, Austin, TX 73301",July
230665,Macbook Pro Laptop,1,1700.0,2019-07-21 08:02:00,"111 6th St, San Francisco, CA 94016",July
229402,Macbook Pro Laptop,1,1700.0,2019-07-17 19:44:00,"360 Pine St, Los Angeles, CA 90001",July
226592,Macbook Pro Laptop,1,1700.0,2019-07-21 10:02:00,"969 Johnson St, Boston, MA 02215",July
232287,Macbook Pro Laptop,1,1700.0,2019-07-06 19:37:00,"392 South St, Atlanta, GA 30301",July
233016,Macbook Pro Laptop,1,1700.0,2019-07-09 21:41:00,"497 Maple St, New York City, NY 10001",July
233754,Macbook Pro Laptop,1,1700.0,2019-07-06 09:24:00,"525 North St, Austin, TX 73301",July
235229,Macbook Pro Laptop,1,1700.0,2019-07-05 08:56:00,"592 Forest St, San Francisco, CA 94016",July
231308,Macbook Pro Laptop,1,1700.0,2019-07-28 22:11:00,"628 Church St, Portland, OR 97035",July
227385,Macbook Pro Laptop,1,1700.0,2019-07-17 12:43:00,"793 Jefferson St, Boston, MA 02215",July
229583,Macbook Pro Laptop,1,1700.0,2019-07-15 13:01:00,"538 Highland St, Seattle, WA 98101",July
231763,Macbook Pro Laptop,1,1700.0,2019-07-10 11:03:00,"776 Jackson St, Boston, MA 02215",July
232762,Macbook Pro Laptop,1,1700.0,2019-07-09 12:46:00,"669 Ridge St, New York City, NY 10001",July
235393,Macbook Pro Laptop,1,1700.0,2019-07-28 20:17:00,"379 Chestnut St, Atlanta, GA 30301",July
224393,Macbook Pro Laptop,1,1700.0,2019-07-26 23:58:00,"197 1st St, New York City, NY 10001",July
226093,Macbook Pro Laptop,1,1700.0,2019-07-30 12:30:00,"37 Jefferson St, San Francisco, CA 94016",July
226603,Macbook Pro Laptop,1,1700.0,2019-07-20 15:18:00,"272 4th St, San Francisco, CA 94016",July
226627,Macbook Pro Laptop,1,1700.0,2019-07-21 17:08:00,"328 8th St, Seattle, WA 98101",July
226702,Macbook Pro Laptop,1,1700.0,2019-07-29 19:31:00,"954 North St, New York City, NY 10001",July
236462,Macbook Pro Laptop,1,1700.0,2019-07-29 19:17:00,"326 12th St, Seattle, WA 98101",July
237655,Macbook Pro Laptop,1,1700.0,2019-08-18 11:09:00,"841 Park St, Boston, MA 02215",August
239840,Macbook Pro Laptop,1,1700.0,2019-08-05 13:09:00,"644 River St, New York City, NY 10001",August
247277,Macbook Pro Laptop,1,1700.0,2019-08-22 08:12:00,"63 Hill St, Atlanta, GA 30301",August
239730,Macbook Pro Laptop,1,1700.0,2019-08-29 06:40:00,"63 9th St, Los Angeles, CA 90001",August
245040,Macbook Pro Laptop,1,1700.0,2019-08-13 15:51:00,"266 10th St, San Francisco, CA 94016",August
247413,Macbook Pro Laptop,1,1700.0,2019-08-14 10:15:00,"978 Dogwood St, Portland, OR 97035",August
245577,Macbook Pro Laptop,1,1700.0,2019-08-01 22:48:00,"373 11th St, Austin, TX 73301",August
240704,Macbook Pro Laptop,1,1700.0,2019-08-08 11:22:00,"761 Cedar St, Boston, MA 02215",August
244519,Macbook Pro Laptop,1,1700.0,2019-08-04 11:09:00,"127 Highland St, Atlanta, GA 30301",August
237203,Macbook Pro Laptop,1,1700.0,2019-08-12 10:13:00,"282 Wilson St, Portland, OR 97035",August
240396,Macbook Pro Laptop,1,1700.0,2019-08-27 10:35:00,"349 Willow St, Boston, MA 02215",August
241124,Macbook Pro Laptop,1,1700.0,2019-08-15 17:33:00,"842 Cedar St, Los Angeles, CA 90001",August
238461,Macbook Pro Laptop,1,1700.0,2019-08-20 06:21:00,"967 Lincoln St, Atlanta, GA 30301",August
244508,Macbook Pro Laptop,1,1700.0,2019-08-24 18:13:00,"961 4th St, New York City, NY 10001",August
245356,Macbook Pro Laptop,1,1700.0,2019-08-31 13:07:00,"23 North St, Los Angeles, CA 90001",August
248125,Macbook Pro Laptop,1,1700.0,2019-08-18 20:11:00,"88 5th St, Portland, OR 97035",August
237918,Macbook Pro Laptop,1,1700.0,2019-08-26 15:00:00,"113 9th St, Austin, TX 73301",August
241508,Macbook Pro Laptop,1,1700.0,2019-08-08 16:27:00,"853 North St, San Francisco, CA 94016",August
242206,Macbook Pro Laptop,1,1700.0,2019-08-19 20:03:00,"779 13th St, Los Angeles, CA 90001",August
248050,Macbook Pro Laptop,1,1700.0,2019-08-28 17:16:00,"45 Chestnut St, San Francisco, CA 94016",August
240156,Macbook Pro Laptop,1,1700.0,2019-08-07 13:26:00,"262 Johnson St, Boston, MA 02215",August
244486,Macbook Pro Laptop,1,1700.0,2019-08-26 11:42:00,"701 Forest St, Dallas, TX 75001",August
245319,Macbook Pro Laptop,1,1700.0,2019-08-11 21:01:00,"843 Park St, San Francisco, CA 94016",August
245437,Macbook Pro Laptop,1,1700.0,2019-08-26 18:01:00,"612 9th St, Seattle, WA 98101",August
246727,Macbook Pro Laptop,1,1700.0,2019-08-30 09:14:00,"314 13th St, Portland, ME 04101",August
248107,Macbook Pro Laptop,1,1700.0,2019-08-06 21:12:00,"89 Spruce St, San Francisco, CA 94016",August
245340,Macbook Pro Laptop,1,1700.0,2019-08-01 14:17:00,"50 Wilson St, Dallas, TX 75001",August
242965,Macbook Pro Laptop,1,1700.0,2019-08-14 22:59:00,"2 1st St, Portland, OR 97035",August
245733,Macbook Pro Laptop,1,1700.0,2019-08-12 15:55:00,"387 Forest St, San Francisco, CA 94016",August
242639,Macbook Pro Laptop,1,1700.0,2019-08-16 04:22:00,"613 Highland St, Los Angeles, CA 90001",August
242269,Macbook Pro Laptop,1,1700.0,2019-08-05 16:14:00,"686 7th St, Atlanta, GA 30301",August
246638,Macbook Pro Laptop,1,1700.0,2019-08-05 20:24:00,"640 Sunset St, Boston, MA 02215",August
241556,Macbook Pro Laptop,1,1700.0,2019-08-17 19:39:00,"325 Cherry St, San Francisco, CA 94016",August
246487,Macbook Pro Laptop,1,1700.0,2019-08-11 17:17:00,"247 Walnut St, Boston, MA 02215",August
238979,Macbook Pro Laptop,1,1700.0,2019-08-12 16:21:00,"511 Cedar St, Seattle, WA 98101",August
245372,Macbook Pro Laptop,1,1700.0,2019-08-29 12:10:00,"237 Pine St, New York City, NY 10001",August
246380,Macbook Pro Laptop,1,1700.0,2019-08-23 03:39:00,"311 Washington St, Seattle, WA 98101",August
239275,Macbook Pro Laptop,1,1700.0,2019-08-11 13:51:00,"67 Johnson St, Los Angeles, CA 90001",August
239534,Macbook Pro Laptop,1,1700.0,2019-08-01 12:30:00,"923 Johnson St, Austin, TX 73301",August
244644,Macbook Pro Laptop,1,1700.0,2019-08-09 22:29:00,"375 14th St, Atlanta, GA 30301",August
237301,Macbook Pro Laptop,1,1700.0,2019-08-24 22:45:00,"348 Pine St, Seattle, WA 98101",August
239233,Macbook Pro Laptop,1,1700.0,2019-08-14 18:14:00,"883 12th St, Los Angeles, CA 90001",August
245546,Macbook Pro Laptop,1,1700.0,2019-08-10 18:40:00,"156 Park St, Boston, MA 02215",August
242885,Macbook Pro Laptop,1,1700.0,2019-08-09 22:08:00,"273 North St, Seattle, WA 98101",August
247801,Macbook Pro Laptop,1,1700.0,2019-08-12 15:43:00,"661 Washington St, Los Angeles, CA 90001",August
238000,Macbook Pro Laptop,1,1700.0,2019-08-26 12:44:00,"332 Adams St, Seattle, WA 98101",August
246695,Macbook Pro Laptop,1,1700.0,2019-08-08 17:40:00,"684 Cedar St, New York City, NY 10001",August
247281,Macbook Pro Laptop,1,1700.0,2019-08-18 17:33:00,"210 Forest St, Los Angeles, CA 90001",August
259034,Macbook Pro Laptop,1,1700.0,2019-09-05 15:38:00,"168 Dogwood St, Portland, OR 97035",September
248295,Macbook Pro Laptop,1,1700.0,2019-09-26 23:33:00,"999 North St, San Francisco, CA 94016",September
253697,Macbook Pro Laptop,1,1700.0,2019-09-05 02:05:00,"563 1st St, Boston, MA 02215",September
249848,Macbook Pro Laptop,1,1700.0,2019-09-23 10:24:00,"66 Park St, New York City, NY 10001",September
251579,Macbook Pro Laptop,1,1700.0,2019-09-11 11:25:00,"275 Willow St, Atlanta, GA 30301",September
258162,Macbook Pro Laptop,1,1700.0,2019-09-15 17:28:00,"360 Lake St, Austin, TX 73301",September
249246,Macbook Pro Laptop,1,1700.0,2019-09-06 15:33:00,"656 South St, Los Angeles, CA 90001",September
250744,Macbook Pro Laptop,1,1700.0,2019-09-25 22:05:00,"683 Dogwood St, San Francisco, CA 94016",September
252724,Macbook Pro Laptop,1,1700.0,2019-09-08 20:47:00,"301 Walnut St, San Francisco, CA 94016",September
253287,Macbook Pro Laptop,1,1700.0,2019-09-30 19:14:00,"16 South St, Atlanta, GA 30301",September
258872,Macbook Pro Laptop,1,1700.0,2019-09-06 18:19:00,"900 Willow St, Dallas, TX 75001",September
258733,Macbook Pro Laptop,1,1700.0,2019-09-20 10:22:00,"791 South St, Boston, MA 02215",September
256307,Macbook Pro Laptop,1,1700.0,2019-09-12 15:36:00,"453 7th St, Austin, TX 73301",September
256175,Macbook Pro Laptop,1,1700.0,2019-09-11 12:19:00,"301 Jefferson St, Boston, MA 02215",September
250109,Macbook Pro Laptop,1,1700.0,2019-09-11 16:48:00,"165 2nd St, Dallas, TX 75001",September
257815,Macbook Pro Laptop,1,1700.0,2019-09-23 14:13:00,"809 Maple St, Portland, ME 04101",September
248443,Macbook Pro Laptop,1,1700.0,2019-09-14 16:33:00,"158 Willow St, Boston, MA 02215",September
251369,Macbook Pro Laptop,1,1700.0,2019-09-11 19:59:00,"704 Jackson St, Los Angeles, CA 90001",September
255947,Macbook Pro Laptop,1,1700.0,2019-09-04 13:04:00,"229 Maple St, Boston, MA 02215",September
258221,Macbook Pro Laptop,1,1700.0,2019-09-20 16:35:00,"463 9th St, New York City, NY 10001",September
256860,Macbook Pro Laptop,1,1700.0,2019-09-18 23:19:00,"263 Dogwood St, New York City, NY 10001",September
249823,Macbook Pro Laptop,1,1700.0,2019-09-05 19:07:00,"461 10th St, New York City, NY 10001",September
259021,Macbook Pro Laptop,1,1700.0,2019-09-23 18:58:00,"427 Willow St, New York City, NY 10001",September
249434,Macbook Pro Laptop,1,1700.0,2019-09-12 21:49:00,"409 Maple St, Austin, TX 73301",September
258074,Macbook Pro Laptop,1,1700.0,2019-09-19 06:43:00,"121 Lakeview St, New York City, NY 10001",September
258633,Macbook Pro Laptop,1,1700.0,2019-09-24 06:57:00,"61 Washington St, Boston, MA 02215",September
253993,Macbook Pro Laptop,1,1700.0,2019-09-28 02:07:00,"64 Washington St, New York City, NY 10001",September
248396,Macbook Pro Laptop,1,1700.0,2019-09-11 20:20:00,"284 Madison St, New York City, NY 10001",September
251303,Macbook Pro Laptop,1,1700.0,2019-09-09 09:52:00,"25 Lake St, New York City, NY 10001",September
255150,Macbook Pro Laptop,1,1700.0,2019-09-12 12:33:00,"992 Elm St, New York City, NY 10001",September
258080,Macbook Pro Laptop,1,1700.0,2019-09-06 19:33:00,"708 Madison St, Boston, MA 02215",September
258835,Macbook Pro Laptop,1,1700.0,2019-09-09 23:25:00,"967 10th St, San Francisco, CA 94016",September
251559,Macbook Pro Laptop,1,1700.0,2019-09-16 17:48:00,"185 11th St, San Francisco, CA 94016",September
252311,Macbook Pro Laptop,1,1700.0,2019-09-18 19:24:00,"77 Highland St, Portland, OR 97035",September
252590,Macbook Pro Laptop,1,1700.0,2019-09-10 13:27:00,"972 Spruce St, Atlanta, GA 30301",September
258948,Macbook Pro Laptop,1,1700.0,2019-09-12 09:19:00,"440 South St, New York City, NY 10001",September
253169,Macbook Pro Laptop,1,1700.0,2019-09-30 11:57:00,"802 Adams St, San Francisco, CA 94016",September
257647,Macbook Pro Laptop,1,1700.0,2019-09-30 17:02:00,"849 Maple St, Boston, MA 02215",September
249662,Macbook Pro Laptop,1,1700.0,2019-09-26 16:35:00,"773 5th St, Boston, MA 02215",September
255808,Macbook Pro Laptop,1,1700.0,2019-09-25 10:20:00,"248 13th St, Los Angeles, CA 90001",September
248204,Macbook Pro Laptop,1,1700.0,2019-09-02 18:42:00,"940 Madison St, Seattle, WA 98101",September
253019,Macbook Pro Laptop,1,1700.0,2019-09-09 00:18:00,"921 Adams St, Boston, MA 02215",September
258324,Macbook Pro Laptop,1,1700.0,2019-09-28 12:26:00,"224 Washington St, San Francisco, CA 94016",September
248208,Macbook Pro Laptop,1,1700.0,2019-09-11 19:30:00,"22 7th St, Portland, ME 04101",September
255423,Macbook Pro Laptop,1,1700.0,2019-09-28 12:35:00,"907 Spruce St, San Francisco, CA 94016",September
249849,Macbook Pro Laptop,1,1700.0,2019-09-06 22:25:00,"768 Lakeview St, Portland, OR 97035",September
251358,Macbook Pro Laptop,1,1700.0,2019-09-19 10:49:00,"65 Lakeview St, Los Angeles, CA 90001",September
254513,Macbook Pro Laptop,1,1700.0,2019-09-08 20:00:00,"723 Lake St, Boston, MA 02215",September
256630,Macbook Pro Laptop,1,1700.0,2019-09-01 18:37:00,"185 Willow St, San Francisco, CA 94016",September
248352,Macbook Pro Laptop,1,1700.0,2019-09-18 05:26:00,"987 Chestnut St, New York City, NY 10001",September
253078,Macbook Pro Laptop,1,1700.0,2019-09-29 08:14:00,"830 Jefferson St, Dallas, TX 75001",September
265251,Macbook Pro Laptop,1,1700.0,2019-10-14 15:07:00,"318 8th St, San Francisco, CA 94016",October
268614,Macbook Pro Laptop,1,1700.0,2019-10-31 19:44:00,"884 2nd St, San Francisco, CA 94016",October
274245,Macbook Pro Laptop,1,1700.0,2019-10-20 21:38:00,"226 Hill St, San Francisco, CA 94016",October
260422,Macbook Pro Laptop,1,1700.0,2019-10-31 13:11:00,"650 6th St, Los Angeles, CA 90001",October
262065,Macbook Pro Laptop,1,1700.0,2019-10-08 21:01:00,"298 Ridge St, Dallas, TX 75001",October
263418,Macbook Pro Laptop,1,1700.0,2019-10-23 12:40:00,"236 6th St, Austin, TX 73301",October
272302,Macbook Pro Laptop,1,1700.0,2019-10-25 14:02:00,"698 South St, San Francisco, CA 94016",October
274158,Macbook Pro Laptop,1,1700.0,2019-10-06 13:01:00,"430 Park St, Austin, TX 73301",October
262965,Macbook Pro Laptop,1,1700.0,2019-10-20 10:07:00,"317 South St, Los Angeles, CA 90001",October
263017,Macbook Pro Laptop,1,1700.0,2019-10-01 15:17:00,"911 West St, Boston, MA 02215",October
263265,Macbook Pro Laptop,1,1700.0,2019-10-13 10:00:00,"699 Cedar St, Los Angeles, CA 90001",October
268390,Macbook Pro Laptop,1,1700.0,2019-10-18 11:49:00,"793 Chestnut St, San Francisco, CA 94016",October
269685,Macbook Pro Laptop,1,1700.0,2019-10-25 11:29:00,"174 9th St, Seattle, WA 98101",October
272430,Macbook Pro Laptop,1,1700.0,2019-10-27 19:34:00,"641 Ridge St, Seattle, WA 98101",October
267512,Macbook Pro Laptop,1,1700.0,2019-10-11 11:29:00,"503 11th St, New York City, NY 10001",October
272151,Macbook Pro Laptop,1,1700.0,2019-10-17 12:26:00,"609 Dogwood St, Seattle, WA 98101",October
262904,Macbook Pro Laptop,1,1700.0,2019-10-22 13:56:00,"174 12th St, Austin, TX 73301",October
263294,Macbook Pro Laptop,1,1700.0,2019-10-08 17:59:00,"442 Adams St, Seattle, WA 98101",October
269656,Macbook Pro Laptop,1,1700.0,2019-10-10 12:24:00,"18 Washington St, Austin, TX 73301",October
278168,Macbook Pro Laptop,1,1700.0,2019-10-24 12:48:00,"536 River St, Seattle, WA 98101",October
273938,Macbook Pro Laptop,1,1700.0,2019-10-11 11:05:00,"958 Wilson St, New York City, NY 10001",October
278636,Macbook Pro Laptop,1,1700.0,2019-10-10 19:38:00,"328 Madison St, Los Angeles, CA 90001",October
262309,Macbook Pro Laptop,1,1700.0,2019-10-07 17:02:00,"72 2nd St, Dallas, TX 75001",October
264330,Macbook Pro Laptop,1,1700.0,2019-10-07 10:44:00,"597 Lincoln St, Atlanta, GA 30301",October
273199,Macbook Pro Laptop,1,1700.0,2019-10-10 23:13:00,"67 13th St, New York City, NY 10001",October
274000,Macbook Pro Laptop,1,1700.0,2019-10-12 14:56:00,"671 Lakeview St, San Francisco, CA 94016",October
262880,Macbook Pro Laptop,1,1700.0,2019-10-26 16:15:00,"59 8th St, Dallas, TX 75001",October
271735,Macbook Pro Laptop,1,1700.0,2019-10-16 16:33:00,"192 5th St, Portland, OR 97035",October
276299,Macbook Pro Laptop,1,1700.0,2019-10-20 20:14:00,"153 Washington St, New York City, NY 10001",October
261637,Macbook Pro Laptop,1,1700.0,2019-10-09 20:16:00,"43 5th St, San Francisco, CA 94016",October
262852,Macbook Pro Laptop,1,1700.0,2019-10-05 01:28:00,"171 Adams St, New York City, NY 10001",October
267548,Macbook Pro Laptop,1,1700.0,2019-10-22 13:59:00,"329 Lincoln St, Los Angeles, CA 90001",October
269110,Macbook Pro Laptop,1,1700.0,2019-10-19 20:21:00,"602 South St, Seattle, WA 98101",October
274980,Macbook Pro Laptop,1,1700.0,2019-10-18 18:51:00,"436 Lincoln St, Los Angeles, CA 90001",October
262634,Macbook Pro Laptop,1,1700.0,2019-10-31 00:42:00,"927 Hickory St, Boston, MA 02215",October
266639,Macbook Pro Laptop,1,1700.0,2019-10-16 01:19:00,"81 Church St, San Francisco, CA 94016",October
268015,Macbook Pro Laptop,1,1700.0,2019-10-17 18:33:00,"972 2nd St, New York City, NY 10001",October
272155,Macbook Pro Laptop,1,1700.0,2019-10-29 14:20:00,"87 Park St, Boston, MA 02215",October
259753,Macbook Pro Laptop,1,1700.0,2019-10-22 16:52:00,"771 Forest St, Seattle, WA 98101",October
261687,Macbook Pro Laptop,1,1700.0,2019-10-17 09:04:00,"555 Highland St, Portland, OR 97035",October
278332,Macbook Pro Laptop,1,1700.0,2019-10-16 14:29:00,"600 12th St, Los Angeles, CA 90001",October
274834,Macbook Pro Laptop,1,1700.0,2019-10-22 09:17:00,"205 14th St, Los Angeles, CA 90001",October
267557,Macbook Pro Laptop,1,1700.0,2019-10-29 16:23:00,"862 Pine St, Atlanta, GA 30301",October
261818,Macbook Pro Laptop,1,1700.0,2019-10-28 21:38:00,"512 Sunset St, Austin, TX 73301",October
262459,Macbook Pro Laptop,1,1700.0,2019-10-21 13:27:00,"949 Lake St, Portland, OR 97035",October
264937,Macbook Pro Laptop,1,1700.0,2019-10-20 19:27:00,"78 Park St, New York City, NY 10001",October
265484,Macbook Pro Laptop,1,1700.0,2019-10-08 12:30:00,"80 Ridge St, Dallas, TX 75001",October
262863,Macbook Pro Laptop,1,1700.0,2019-10-21 14:33:00,"270 Meadow St, San Francisco, CA 94016",October
276061,Macbook Pro Laptop,1,1700.0,2019-10-04 13:10:00,"846 Wilson St, Los Angeles, CA 90001",October
266654,Macbook Pro Laptop,1,1700.0,2019-10-17 21:35:00,"599 Pine St, San Francisco, CA 94016",October
267556,Macbook Pro Laptop,1,1700.0,2019-10-28 17:31:00,"713 Hickory St, Los Angeles, CA 90001",October
278628,Macbook Pro Laptop,1,1700.0,2019-10-01 16:09:00,"226 7th St, Los Angeles, CA 90001",October
267348,Macbook Pro Laptop,1,1700.0,2019-10-01 18:15:00,"800 Lake St, Dallas, TX 75001",October
267605,Macbook Pro Laptop,1,1700.0,2019-10-11 16:16:00,"462 Lincoln St, San Francisco, CA 94016",October
267832,Macbook Pro Laptop,1,1700.0,2019-10-26 06:37:00,"368 Dogwood St, San Francisco, CA 94016",October
278549,Macbook Pro Laptop,1,1700.0,2019-10-29 11:39:00,"869 Spruce St, Austin, TX 73301",October
270290,Macbook Pro Laptop,1,1700.0,2019-10-25 22:10:00,"179 5th St, Atlanta, GA 30301",October
271873,Macbook Pro Laptop,1,1700.0,2019-10-04 22:10:00,"873 Washington St, Los Angeles, CA 90001",October
278735,Macbook Pro Laptop,1,1700.0,2019-10-18 13:18:00,"284 Jackson St, Seattle, WA 98101",October
272038,Macbook Pro Laptop,1,1700.0,2019-10-30 12:46:00,"532 5th St, San Francisco, CA 94016",October
273886,Macbook Pro Laptop,1,1700.0,2019-10-20 22:16:00,"786 Johnson St, Seattle, WA 98101",October
273965,Macbook Pro Laptop,1,1700.0,2019-10-18 14:28:00,"470 Adams St, Austin, TX 73301",October
278711,Macbook Pro Laptop,1,1700.0,2019-10-12 14:46:00,"707 13th St, Atlanta, GA 30301",October
260264,Macbook Pro Laptop,1,1700.0,2019-10-28 13:39:00,"310 North St, Dallas, TX 75001",October
267316,Macbook Pro Laptop,1,1700.0,2019-10-13 09:50:00,"63 11th St, San Francisco, CA 94016",October
277323,Macbook Pro Laptop,1,1700.0,2019-10-22 19:21:00,"92 Highland St, Seattle, WA 98101",October
263013,Macbook Pro Laptop,1,1700.0,2019-10-05 08:56:00,"943 12th St, Dallas, TX 75001",October
261229,Macbook Pro Laptop,1,1700.0,2019-10-06 11:05:00,"725 8th St, Boston, MA 02215",October
264092,Macbook Pro Laptop,1,1700.0,2019-10-11 08:50:00,"85 Cedar St, San Francisco, CA 94016",October
265924,Macbook Pro Laptop,1,1700.0,2019-10-17 23:19:00,"317 11th St, Boston, MA 02215",October
277682,Macbook Pro Laptop,1,1700.0,2019-10-09 09:47:00,"953 Park St, Los Angeles, CA 90001",October
278213,Macbook Pro Laptop,1,1700.0,2019-10-21 11:40:00,"155 West St, San Francisco, CA 94016",October
260545,Macbook Pro Laptop,1,1700.0,2019-10-06 18:31:00,"50 Lake St, Boston, MA 02215",October
262009,Macbook Pro Laptop,1,1700.0,2019-10-22 09:51:00,"8 Washington St, Seattle, WA 98101",October
271383,Macbook Pro Laptop,1,1700.0,2019-10-08 10:41:00,"324 Jefferson St, New York City, NY 10001",October
271910,Macbook Pro Laptop,1,1700.0,2019-10-23 08:51:00,"761 Lake St, New York City, NY 10001",October
262057,Macbook Pro Laptop,1,1700.0,2019-10-31 15:39:00,"724 West St, San Francisco, CA 94016",October
262986,Macbook Pro Laptop,1,1700.0,2019-10-09 10:40:00,"86 Cherry St, New York City, NY 10001",October
265747,Macbook Pro Laptop,1,1700.0,2019-10-02 19:59:00,"712 Hill St, New York City, NY 10001",October
265795,Macbook Pro Laptop,1,1700.0,2019-10-12 12:59:00,"852 Johnson St, New York City, NY 10001",October
270655,Macbook Pro Laptop,1,1700.0,2019-10-12 10:33:00,"462 Cedar St, Dallas, TX 75001",October
271759,Macbook Pro Laptop,1,1700.0,2019-10-06 19:55:00,"875 13th St, San Francisco, CA 94016",October
274065,Macbook Pro Laptop,1,1700.0,2019-10-07 09:47:00,"978 Cedar St, Los Angeles, CA 90001",October
277149,Macbook Pro Laptop,1,1700.0,2019-10-06 18:18:00,"190 12th St, Atlanta, GA 30301",October
279062,Macbook Pro Laptop,1,1700.0,2019-11-15 20:12:00,"924 Church St, San Francisco, CA 94016",November
280080,Macbook Pro Laptop,1,1700.0,2019-11-19 12:49:00,"250 11th St, San Francisco, CA 94016",November
284467,Macbook Pro Laptop,1,1700.0,2019-11-11 15:55:00,"835 Elm St, Boston, MA 02215",November
284501,Macbook Pro Laptop,1,1700.0,2019-11-15 18:51:00,"926 11th St, Dallas, TX 75001",November
291203,Macbook Pro Laptop,1,1700.0,2019-11-25 13:58:00,"211 Church St, Los Angeles, CA 90001",November
291907,Macbook Pro Laptop,1,1700.0,2019-11-29 22:20:00,"834 6th St, Los Angeles, CA 90001",November
280742,Macbook Pro Laptop,1,1700.0,2019-11-08 18:09:00,"142 Spruce St, Portland, OR 97035",November
293008,Macbook Pro Laptop,1,1700.0,2019-11-30 18:50:00,"644 Forest St, New York City, NY 10001",November
280729,Macbook Pro Laptop,1,1700.0,2019-11-23 14:16:00,"714 6th St, Austin, TX 73301",November
282989,Macbook Pro Laptop,1,1700.0,2019-11-09 21:19:00,"214 7th St, New York City, NY 10001",November
284116,Macbook Pro Laptop,1,1700.0,2019-11-22 14:07:00,"606 Adams St, Atlanta, GA 30301",November
288771,Macbook Pro Laptop,1,1700.0,2019-11-04 08:11:00,"454 River St, Los Angeles, CA 90001",November
291311,Macbook Pro Laptop,1,1700.0,2019-11-17 11:40:00,"419 Church St, Los Angeles, CA 90001",November
278813,Macbook Pro Laptop,1,1700.0,2019-11-09 22:40:00,"131 6th St, Boston, MA 02215",November
291794,Macbook Pro Laptop,1,1700.0,2019-11-29 13:14:00,"856 Highland St, Boston, MA 02215",November
292352,Macbook Pro Laptop,1,1700.0,2019-11-22 14:24:00,"154 Sunset St, San Francisco, CA 94016",November
295145,Macbook Pro Laptop,1,1700.0,2019-11-29 12:49:00,"121 Main St, Atlanta, GA 30301",November
286250,Macbook Pro Laptop,1,1700.0,2019-11-19 10:27:00,"119 Lakeview St, Los Angeles, CA 90001",November
288921,Macbook Pro Laptop,1,1700.0,2019-11-09 15:33:00,"865 Jackson St, Los Angeles, CA 90001",November
295441,Macbook Pro Laptop,1,1700.0,2019-11-05 12:34:00,"224 Spruce St, Austin, TX 73301",November
281510,Macbook Pro Laptop,1,1700.0,2019-11-15 12:51:00,"705 8th St, New York City, NY 10001",November
280547,Macbook Pro Laptop,1,1700.0,2019-11-10 07:43:00,"265 Church St, Atlanta, GA 30301",November
295189,Macbook Pro Laptop,1,1700.0,2019-11-22 21:12:00,"544 Johnson St, Atlanta, GA 30301",November
289792,Macbook Pro Laptop,1,1700.0,2019-11-26 15:25:00,"768 13th St, Seattle, WA 98101",November
294970,Macbook Pro Laptop,1,1700.0,2019-11-24 21:00:00,"337 Maple St, Los Angeles, CA 90001",November
280047,Macbook Pro Laptop,1,1700.0,2019-11-14 20:32:00,"154 Hill St, New York City, NY 10001",November
294301,Macbook Pro Laptop,1,1700.0,2019-11-14 16:12:00,"389 South St, Boston, MA 02215",November
295269,Macbook Pro Laptop,1,1700.0,2019-11-20 13:33:00,"791 Walnut St, San Francisco, CA 94016",November
288491,Macbook Pro Laptop,1,1700.0,2019-11-11 14:24:00,"314 Jefferson St, New York City, NY 10001",November
285259,Macbook Pro Laptop,1,1700.0,2019-11-16 16:02:00,"348 Johnson St, San Francisco, CA 94016",November
292778,Macbook Pro Laptop,1,1700.0,2019-11-22 23:09:00,"645 Jackson St, Dallas, TX 75001",November
283591,Macbook Pro Laptop,1,1700.0,2019-11-04 15:08:00,"781 10th St, Los Angeles, CA 90001",November
293847,Macbook Pro Laptop,1,1700.0,2019-11-20 10:08:00,"68 North St, Portland, OR 97035",November
295555,Macbook Pro Laptop,1,1700.0,2019-11-12 21:31:00,"712 Maple St, San Francisco, CA 94016",November
281309,Macbook Pro Laptop,1,1700.0,2019-11-20 22:40:00,"226 Main St, Dallas, TX 75001",November
280058,Macbook Pro Laptop,1,1700.0,2019-11-14 20:00:00,"225 Meadow St, Los Angeles, CA 90001",November
288547,Macbook Pro Laptop,1,1700.0,2019-11-23 14:26:00,"153 Church St, Austin, TX 73301",November
292342,Macbook Pro Laptop,1,1700.0,2019-11-03 09:35:00,"963 Wilson St, Los Angeles, CA 90001",November
283240,Macbook Pro Laptop,1,1700.0,2019-11-10 06:26:00,"580 Walnut St, San Francisco, CA 94016",November
289259,Macbook Pro Laptop,1,1700.0,2019-11-20 16:56:00,"983 6th St, Los Angeles, CA 90001",November
291915,Macbook Pro Laptop,1,1700.0,2019-11-17 23:58:00,"655 Forest St, San Francisco, CA 94016",November
282874,Macbook Pro Laptop,1,1700.0,2019-11-05 13:26:00,"5 Washington St, New York City, NY 10001",November
286458,Macbook Pro Laptop,1,1700.0,2019-11-08 17:43:00,"26 Walnut St, Boston, MA 02215",November
286867,Macbook Pro Laptop,1,1700.0,2019-11-06 15:33:00,"973 7th St, San Francisco, CA 94016",November
290645,Macbook Pro Laptop,1,1700.0,2019-11-12 10:17:00,"20 Maple St, Boston, MA 02215",November
293730,Macbook Pro Laptop,1,1700.0,2019-11-10 09:44:00,"719 South St, Seattle, WA 98101",November
295499,Macbook Pro Laptop,1,1700.0,2019-11-19 16:10:00,"381 Park St, Dallas, TX 75001",November
287942,Macbook Pro Laptop,1,1700.0,2019-11-18 10:39:00,"477 Pine St, New York City, NY 10001",November
285022,Macbook Pro Laptop,1,1700.0,2019-11-20 10:09:00,"949 Johnson St, Austin, TX 73301",November
295036,Macbook Pro Laptop,1,1700.0,2019-11-15 15:59:00,"888 7th St, San Francisco, CA 94016",November
282112,Macbook Pro Laptop,1,1700.0,2019-11-16 18:42:00,"705 Willow St, Boston, MA 02215",November
286164,Macbook Pro Laptop,1,1700.0,2019-11-02 15:23:00,"60 1st St, San Francisco, CA 94016",November
291255,Macbook Pro Laptop,1,1700.0,2019-11-14 19:57:00,"714 11th St, Austin, TX 73301",November
282763,Macbook Pro Laptop,1,1700.0,2019-11-27 21:54:00,"753 Madison St, Dallas, TX 75001",November
283613,Macbook Pro Laptop,1,1700.0,2019-11-17 19:17:00,"61 8th St, San Francisco, CA 94016",November
288748,Macbook Pro Laptop,1,1700.0,2019-11-25 19:19:00,"814 10th St, Dallas, TX 75001",November
293861,Macbook Pro Laptop,1,1700.0,2019-11-18 13:37:00,"90 Lake St, New York City, NY 10001",November
283810,Macbook Pro Laptop,1,1700.0,2019-11-05 09:41:00,"868 South St, Atlanta, GA 30301",November
291411,Macbook Pro Laptop,1,1700.0,2019-11-12 20:43:00,"95 Madison St, San Francisco, CA 94016",November
292890,Macbook Pro Laptop,1,1700.0,2019-11-27 09:57:00,"574 Jefferson St, San Francisco, CA 94016",November
285954,Macbook Pro Laptop,1,1700.0,2019-11-17 18:13:00,"83 Maple St, New York City, NY 10001",November
292069,Macbook Pro Laptop,1,1700.0,2019-11-25 20:03:00,"667 Pine St, Austin, TX 73301",November
294561,Macbook Pro Laptop,1,1700.0,2019-11-23 21:25:00,"357 11th St, Dallas, TX 75001",November
282449,Macbook Pro Laptop,1,1700.0,2019-11-28 21:23:00,"594 11th St, Los Angeles, CA 90001",November
289825,Macbook Pro Laptop,1,1700.0,2019-11-02 18:25:00,"91 Church St, Atlanta, GA 30301",November
291803,Macbook Pro Laptop,1,1700.0,2019-11-12 17:39:00,"747 14th St, San Francisco, CA 94016",November
293325,Macbook Pro Laptop,1,1700.0,2019-11-25 20:29:00,"335 Center St, Portland, OR 97035",November
280550,Macbook Pro Laptop,1,1700.0,2019-11-03 19:37:00,"222 9th St, Dallas, TX 75001",November
283829,Macbook Pro Laptop,1,1700.0,2019-11-24 22:16:00,"3 River St, Seattle, WA 98101",November
281306,Macbook Pro Laptop,1,1700.0,2019-11-24 15:53:00,"628 Center St, Dallas, TX 75001",November
286110,Macbook Pro Laptop,1,1700.0,2019-11-15 11:15:00,"91 Lake St, San Francisco, CA 94016",November
287008,Macbook Pro Laptop,1,1700.0,2019-11-25 12:19:00,"877 Elm St, Austin, TX 73301",November
292372,Macbook Pro Laptop,1,1700.0,2019-11-08 14:06:00,"636 Cherry St, New York City, NY 10001",November
283602,Macbook Pro Laptop,1,1700.0,2019-11-19 22:07:00,"483 River St, Dallas, TX 75001",November
286879,Macbook Pro Laptop,1,1700.0,2019-11-05 18:11:00,"915 Dogwood St, New York City, NY 10001",November
291401,Macbook Pro Laptop,1,1700.0,2019-11-26 13:51:00,"741 Willow St, Atlanta, GA 30301",November
306865,Macbook Pro Laptop,1,1700.0,2019-12-25 01:46:00,"969 Cedar St, San Francisco, CA 94016",December
300674,Macbook Pro Laptop,1,1700.0,2019-12-28 17:27:00,"771 Jackson St, Atlanta, GA 30301",December
302147,Macbook Pro Laptop,1,1700.0,2019-12-13 13:44:00,"976 14th St, Los Angeles, CA 90001",December
309725,Macbook Pro Laptop,1,1700.0,2019-12-19 06:44:00,"407 Church St, Atlanta, GA 30301",December
310181,Macbook Pro Laptop,1,1700.0,2019-12-31 14:50:00,"482 Walnut St, San Francisco, CA 94016",December
310033,Macbook Pro Laptop,1,1700.0,2019-12-19 08:25:00,"568 Park St, Atlanta, GA 30301",December
315744,Macbook Pro Laptop,1,1700.0,2019-12-22 17:40:00,"738 Dogwood St, Boston, MA 02215",December
298583,Macbook Pro Laptop,1,1700.0,2019-12-11 11:27:00,"934 2nd St, Boston, MA 02215",December
309521,Macbook Pro Laptop,1,1700.0,2019-12-14 20:37:00,"400 Church St, Atlanta, GA 30301",December
314057,Macbook Pro Laptop,1,1700.0,2019-12-13 14:29:00,"529 8th St, Dallas, TX 75001",December
298805,Macbook Pro Laptop,1,1700.0,2019-12-04 10:53:00,"708 Dogwood St, Atlanta, GA 30301",December
302769,Macbook Pro Laptop,1,1700.0,2019-12-24 03:28:00,"839 Lincoln St, San Francisco, CA 94016",December
308598,Macbook Pro Laptop,1,1700.0,2019-12-15 13:00:00,"593 Spruce St, San Francisco, CA 94016",December
311213,Macbook Pro Laptop,1,1700.0,2019-12-09 12:57:00,"982 10th St, New York City, NY 10001",December
313080,Macbook Pro Laptop,1,1700.0,2019-12-06 18:40:00,"995 Spruce St, Boston, MA 02215",December
319124,Macbook Pro Laptop,1,1700.0,2019-12-20 17:46:00,"641 Main St, Portland, OR 97035",December
299849,Macbook Pro Laptop,1,1700.0,2019-12-02 07:52:00,"703 Washington St, San Francisco, CA 94016",December
301293,Macbook Pro Laptop,1,1700.0,2019-12-06 12:28:00,"275 Lakeview St, Boston, MA 02215",December
305106,Macbook Pro Laptop,1,1700.0,2019-12-04 21:56:00,"472 Wilson St, Dallas, TX 75001",December
306539,Macbook Pro Laptop,1,1700.0,2019-12-13 17:39:00,"382 Sunset St, Portland, OR 97035",December
307545,Macbook Pro Laptop,1,1700.0,2019-12-19 15:31:00,"547 Lakeview St, Austin, TX 73301",December
298605,Macbook Pro Laptop,1,1700.0,2019-12-14 16:26:00,"142 West St, Boston, MA 02215",December
220046,Macbook Pro Laptop,1,1700.0,2019-06-10 21:53:00,"740 Hickory St, Dallas, TX 75001",June
217471,Macbook Pro Laptop,1,1700.0,2019-06-09 00:00:00,"844 11th St, Seattle, WA 98101",June
214210,Macbook Pro Laptop,1,1700.0,2019-06-09 11:03:00,"535 Sunset St, Seattle, WA 98101",June
229734,Macbook Pro Laptop,1,1700.0,2019-07-29 23:24:00,"346 Willow St, Los Angeles, CA 90001",July
232647,Macbook Pro Laptop,1,1700.0,2019-07-05 19:01:00,"483 Forest St, New York City, NY 10001",July
235955,Macbook Pro Laptop,1,1700.0,2019-07-20 14:09:00,"560 Cherry St, San Francisco, CA 94016",July
244414,Macbook Pro Laptop,1,1700.0,2019-08-22 14:02:00,"505 13th St, Atlanta, GA 30301",August
238546,Macbook Pro Laptop,1,1700.0,2019-08-15 21:02:00,"93 West St, Los Angeles, CA 90001",August
237920,Macbook Pro Laptop,1,1700.0,2019-08-17 15:49:00,"596 Maple St, New York City, NY 10001",August
249166,Macbook Pro Laptop,1,1700.0,2019-09-17 16:12:00,"346 Main St, San Francisco, CA 94016",September
259308,Macbook Pro Laptop,1,1700.0,2019-09-26 19:16:00,"912 8th St, Boston, MA 02215",September
250587,Macbook Pro Laptop,1,1700.0,2019-09-30 11:08:00,"818 2nd St, Seattle, WA 98101",September
253718,Macbook Pro Laptop,1,1700.0,2019-09-01 19:10:00,"375 12th St, New York City, NY 10001",September
268579,Macbook Pro Laptop,1,1700.0,2019-10-13 14:07:00,"639 5th St, San Francisco, CA 94016",October
277578,Macbook Pro Laptop,1,1700.0,2019-10-09 21:13:00,"400 Hill St, Los Angeles, CA 90001",October
262344,Macbook Pro Laptop,1,1700.0,2019-10-19 19:45:00,"245 Park St, Dallas, TX 75001",October
288109,Macbook Pro Laptop,1,1700.0,2019-11-27 15:41:00,"826 Elm St, Boston, MA 02215",November
291141,Macbook Pro Laptop,1,1700.0,2019-11-07 20:14:00,"384 Sunset St, San Francisco, CA 94016",November
279486,Macbook Pro Laptop,1,1700.0,2019-11-25 20:25:00,"200 Hill St, Austin, TX 73301",November
311582,Macbook Pro Laptop,1,1700.0,2019-12-18 11:25:00,"319 River St, Seattle, WA 98101",December
307439,Macbook Pro Laptop,1,1700.0,2019-12-31 22:19:00,"380 Washington St, Dallas, TX 75001",December
310443,Macbook Pro Laptop,1,1700.0,2019-12-11 14:57:00,"617 Meadow St, New York City, NY 10001",December
311572,Macbook Pro Laptop,1,1700.0,2019-12-18 22:00:00,"905 Pine St, Portland, OR 97035",December
316417,Macbook Pro Laptop,1,1700.0,2019-12-05 16:36:00,"785 Elm St, Portland, OR 97035",December
301640,Macbook Pro Laptop,1,1700.0,2019-12-22 15:17:00,"476 Church St, Austin, TX 73301",December
311581,Macbook Pro Laptop,1,1700.0,2019-12-17 09:58:00,"369 7th St, Boston, MA 02215",December
314418,Macbook Pro Laptop,1,1700.0,2019-12-17 17:00:00,"198 Lincoln St, San Francisco, CA 94016",December
318551,Macbook Pro Laptop,1,1700.0,2019-12-02 15:35:00,"898 Spruce St, Portland, ME 04101",December
305305,Macbook Pro Laptop,1,1700.0,2019-12-29 08:48:00,"814 West St, Los Angeles, CA 90001",December
299935,Macbook Pro Laptop,1,1700.0,2019-12-21 21:54:00,"429 7th St, Los Angeles, CA 90001",December
306707,Macbook Pro Laptop,1,1700.0,2019-12-26 15:21:00,"934 Ridge St, Seattle, WA 98101",December
309910,Macbook Pro Laptop,1,1700.0,2019-12-28 14:59:00,"349 Willow St, Boston, MA 02215",December
311587,Macbook Pro Laptop,1,1700.0,2019-12-08 19:17:00,"118 Hill St, Los Angeles, CA 90001",December
312941,Macbook Pro Laptop,1,1700.0,2019-12-19 11:33:00,"968 2nd St, San Francisco, CA 94016",December
301105,Macbook Pro Laptop,1,1700.0,2019-12-30 17:41:00,"325 Willow St, Los Angeles, CA 90001",December
313514,Macbook Pro Laptop,1,1700.0,2019-12-12 14:02:00,"909 Maple St, Dallas, TX 75001",December
317309,Macbook Pro Laptop,1,1700.0,2019-12-11 05:51:00,"451 Spruce St, Austin, TX 73301",December
296797,Macbook Pro Laptop,1,1700.0,2019-12-14 11:01:00,"80 1st St, New York City, NY 10001",December
314224,Macbook Pro Laptop,1,1700.0,2019-12-05 16:49:00,"119 12th St, Dallas, TX 75001",December
298430,Macbook Pro Laptop,1,1700.0,2019-12-20 08:39:00,"229 Lake St, Portland, OR 97035",December
318668,Macbook Pro Laptop,1,1700.0,2019-12-07 19:23:00,"925 Center St, Atlanta, GA 30301",December
298566,Macbook Pro Laptop,1,1700.0,2019-12-03 18:59:00,"43 Cedar St, Boston, MA 02215",December
297745,Macbook Pro Laptop,1,1700.0,2019-12-30 00:51:00,"646 2nd St, San Francisco, CA 94016",December
317148,Macbook Pro Laptop,1,1700.0,2019-12-28 21:59:00,"57 Meadow St, San Francisco, CA 94016",December
300309,Macbook Pro Laptop,1,1700.0,2019-12-25 13:55:00,"377 Cedar St, Dallas, TX 75001",December
303176,Macbook Pro Laptop,1,1700.0,2019-12-02 22:56:00,"797 West St, Los Angeles, CA 90001",December
307725,Macbook Pro Laptop,1,1700.0,2019-12-14 07:59:00,"826 2nd St, New York City, NY 10001",December
296905,Macbook Pro Laptop,1,1700.0,2019-12-11 18:03:00,"874 Lakeview St, Dallas, TX 75001",December
297100,Macbook Pro Laptop,1,1700.0,2019-12-16 21:47:00,"855 10th St, San Francisco, CA 94016",December
300140,Macbook Pro Laptop,1,1700.0,2019-12-08 06:21:00,"871 Lakeview St, Los Angeles, CA 90001",December
310860,Macbook Pro Laptop,1,1700.0,2019-12-09 21:14:00,"482 Sunset St, San Francisco, CA 94016",December
313585,Macbook Pro Laptop,1,1700.0,2019-12-04 15:44:00,"747 South St, Atlanta, GA 30301",December
312117,Macbook Pro Laptop,1,1700.0,2019-12-14 12:39:00,"628 Dogwood St, San Francisco, CA 94016",December
297620,Macbook Pro Laptop,1,1700.0,2019-12-23 15:17:00,"558 2nd St, New York City, NY 10001",December
298424,Macbook Pro Laptop,1,1700.0,2019-12-03 10:14:00,"742 2nd St, Austin, TX 73301",December
314322,Macbook Pro Laptop,1,1700.0,2019-12-11 12:53:00,"968 Washington St, New York City, NY 10001",December
297320,Macbook Pro Laptop,1,1700.0,2019-12-14 20:12:00,"160 West St, Dallas, TX 75001",December
299256,Macbook Pro Laptop,1,1700.0,2019-12-20 13:03:00,"890 Cedar St, Dallas, TX 75001",December
314493,Macbook Pro Laptop,1,1700.0,2019-12-04 14:54:00,"80 Cherry St, New York City, NY 10001",December
318510,Macbook Pro Laptop,1,1700.0,2019-12-27 15:27:00,"911 Lake St, San Francisco, CA 94016",December
306425,Macbook Pro Laptop,1,1700.0,2019-12-10 16:26:00,"808 Main St, San Francisco, CA 94016",December
313743,Macbook Pro Laptop,1,1700.0,2019-12-10 15:15:00,"934 6th St, Seattle, WA 98101",December
314904,Macbook Pro Laptop,1,1700.0,2019-12-01 15:00:00,"881 Lincoln St, New York City, NY 10001",December
301408,Macbook Pro Laptop,1,1700.0,2019-12-19 00:07:00,"131 Jefferson St, San Francisco, CA 94016",December
302033,Macbook Pro Laptop,1,1700.0,2019-12-25 23:13:00,"885 4th St, Boston, MA 02215",December
309542,Macbook Pro Laptop,1,1700.0,2019-12-22 23:31:00,"475 11th St, San Francisco, CA 94016",December
310870,Macbook Pro Laptop,1,1700.0,2019-12-18 11:18:00,"903 Center St, Seattle, WA 98101",December
317763,Macbook Pro Laptop,1,1700.0,2019-12-05 17:20:00,"264 Chestnut St, New York City, NY 10001",December
308628,Macbook Pro Laptop,1,1700.0,2019-12-14 11:02:00,"266 Willow St, Boston, MA 02215",December
307224,Macbook Pro Laptop,1,1700.0,2019-12-25 15:29:00,"207 Wilson St, San Francisco, CA 94016",December
296546,Macbook Pro Laptop,1,1700.0,2019-12-01 11:25:00,"565 Forest St, San Francisco, CA 94016",December
319641,Macbook Pro Laptop,1,1700.0,2019-12-04 23:11:00,"232 Meadow St, Portland, OR 97035",December
296915,Macbook Pro Laptop,1,1700.0,2019-12-19 20:19:00,"433 Cherry St, Atlanta, GA 30301",December
305021,Macbook Pro Laptop,1,1700.0,2019-12-14 14:27:00,"223 Church St, San Francisco, CA 94016",December
310087,Macbook Pro Laptop,1,1700.0,2019-12-26 16:55:00,"50 River St, Los Angeles, CA 90001",December
306105,Macbook Pro Laptop,1,1700.0,2019-12-03 08:31:00,"236 Lincoln St, New York City, NY 10001",December
308100,Macbook Pro Laptop,1,1700.0,2019-12-18 08:42:00,"505 Elm St, Los Angeles, CA 90001",December
312769,Macbook Pro Laptop,1,1700.0,2019-12-15 07:06:00,"986 7th St, Atlanta, GA 30301",December
316506,Macbook Pro Laptop,1,1700.0,2019-12-22 19:25:00,"747 6th St, Portland, OR 97035",December
298329,Macbook Pro Laptop,1,1700.0,2019-12-02 07:47:00,"99 Main St, New York City, NY 10001",December
304449,Macbook Pro Laptop,1,1700.0,2019-12-07 01:20:00,"164 Hickory St, Seattle, WA 98101",December
304959,Macbook Pro Laptop,1,1700.0,2019-12-24 17:24:00,"849 Hill St, Portland, OR 97035",December
308336,Macbook Pro Laptop,1,1700.0,2019-12-06 13:01:00,"590 Meadow St, Boston, MA 02215",December
308550,Macbook Pro Laptop,1,1700.0,2019-12-19 16:47:00,"974 Wilson St, Seattle, WA 98101",December
313145,Macbook Pro Laptop,1,1700.0,2019-12-13 05:53:00,"411 4th St, New York City, NY 10001",December
319607,Macbook Pro Laptop,1,1700.0,2019-12-25 20:07:00,"620 Church St, Atlanta, GA 30301",December
318774,Macbook Pro Laptop,1,1700.0,2019-12-11 20:03:00,"483 Ridge St, Dallas, TX 75001",December
296563,Macbook Pro Laptop,1,1700.0,2019-12-26 17:45:00,"64 South St, Portland, OR 97035",December
301979,Macbook Pro Laptop,1,1700.0,2019-12-15 09:00:00,"661 Spruce St, San Francisco, CA 94016",December
304945,Macbook Pro Laptop,1,1700.0,2019-12-12 10:05:00,"388 Dogwood St, Boston, MA 02215",December
306133,Macbook Pro Laptop,1,1700.0,2019-12-31 19:16:00,"838 Lake St, New York City, NY 10001",December
317150,Macbook Pro Laptop,1,1700.0,2019-12-14 11:48:00,"777 Jackson St, Boston, MA 02215",December
314091,Macbook Pro Laptop,1,1700.0,2019-12-18 17:40:00,"190 4th St, New York City, NY 10001",December
299651,Macbook Pro Laptop,1,1700.0,2019-12-13 12:13:00,"140 River St, Los Angeles, CA 90001",December
310078,Macbook Pro Laptop,1,1700.0,2019-12-29 14:03:00,"454 Jackson St, San Francisco, CA 94016",December
317313,Macbook Pro Laptop,1,1700.0,2019-12-21 02:21:00,"809 Pine St, Seattle, WA 98101",December
299847,Macbook Pro Laptop,1,1700.0,2019-12-07 20:09:00,"394 12th St, Seattle, WA 98101",December
306478,Macbook Pro Laptop,1,1700.0,2019-12-19 14:25:00,"339 South St, Los Angeles, CA 90001",December
312797,Macbook Pro Laptop,1,1700.0,2019-12-26 13:01:00,"143 River St, Austin, TX 73301",December
319189,Macbook Pro Laptop,1,1700.0,2019-12-24 12:04:00,"417 Pine St, San Francisco, CA 94016",December
