Order ID,Product,Quantity Ordered,Price Each,Order Date,Purchase Address,Month
144586,Vareebadd Phone,1,400.0,2019-01-27 19:17:00,"396 Park St, Seattle, WA 98101",January
145927,Vareebadd Phone,1,400.0,2019-01-21 19:02:00,"148 8th St, San Francisco, CA 94016",January
149330,Vareebadd Phone,1,400.0,2019-01-06 08:26:00,"414 6th St, Boston, MA 02215",January
147429,Vareebadd Phone,1,400.0,2019-01-13 15:52:00,"622 River St, San Francisco, CA 94016",January
150409,Vareebadd Phone,1,400.0,2019-01-10 02:38:00,"410 Forest St, Boston, MA 02215",January
141807,Vareebadd Phone,1,400.0,2019-01-11 20:23:00,"402 Maple St, Los Angeles, CA 90001",January
142772,Vareebadd Phone,1,400.0,2019-01-13 16:37:00,"670 Chestnut St, New York City, NY 10001",January
144765,Vareebadd Phone,1,400.0,2019-01-04 17:06:00,"556 Lakeview St, Los Angeles, CA 90001",January
149336,Vareebadd Phone,1,400.0,2019-01-29 10:29:00,"939 Forest St, Austin, TX 73301",January
142740,Vareebadd Phone,1,400.0,2019-01-26 13:09:00,"249 Main St, Austin, TX 73301",January
146746,Vareebadd Phone,1,400.0,2019-01-07 15:52:00,"163 5th St, Los Angeles, CA 90001",January
142453,Vareebadd Phone,1,400.0,2019-01-14 07:41:00,"869 Spruce St, Seattle, WA 98101",January
145595,Vareebadd Phone,1,400.0,2019-01-04 14:13:00,"992 Adams St, Los Angeles, CA 90001",January
142856,Vareebadd Phone,1,400.0,2019-01-20 10:56:00,"777 Adams St, New York City, NY 10001",January
146063,Vareebadd Phone,1,400.0,2019-01-29 11:35:00,"210 Cedar St, Seattle, WA 98101",January
148160,Vareebadd Phone,1,400.0,2019-01-02 07:22:00,"821 Madison St, New York City, NY 10001",January
148573,Vareebadd Phone,1,400.0,2019-01-20 20:28:00,"565 2nd St, New York City, NY 10001",January
150390,Vareebadd Phone,1,400.0,2019-01-15 17:45:00,"261 Ridge St, Dallas, TX 75001",January
150483,Vareebadd Phone,1,400.0,2019-01-25 10:48:00,"763 Wilson St, Portland, OR 97035",January
145124,Vareebadd Phone,1,400.0,2019-01-04 09:15:00,"560 Johnson St, Los Angeles, CA 90001",January
155057,Vareebadd Phone,1,400.0,2019-02-12 20:58:00,"88 Lake St, New York City, NY 10001",February
161016,Vareebadd Phone,1,400.0,2019-02-07 07:43:00,"226 12th St, New York City, NY 10001",February
157602,Vareebadd Phone,1,400.0,2019-02-25 13:33:00,"557 Meadow St, San Francisco, CA 94016",February
157792,Vareebadd Phone,1,400.0,2019-02-09 19:31:00,"291 10th St, Los Angeles, CA 90001",February
158861,Vareebadd Phone,1,400.0,2019-02-24 15:39:00,"764 Park St, Austin, TX 73301",February
155438,Vareebadd Phone,1,400.0,2019-02-26 19:43:00,"901 12th St, Los Angeles, CA 90001",February
157251,Vareebadd Phone,1,400.0,2019-02-14 14:20:00,"139 9th St, Dallas, TX 75001",February
161112,Vareebadd Phone,1,400.0,2019-02-20 10:34:00,"953 2nd St, Dallas, TX 75001",February
152815,Vareebadd Phone,1,400.0,2019-02-07 17:43:00,"221 5th St, Dallas, TX 75001",February
157072,Vareebadd Phone,1,400.0,2019-02-07 14:54:00,"542 Hill St, San Francisco, CA 94016",February
161230,Vareebadd Phone,1,400.0,2019-02-11 22:08:00,"693 Adams St, New York City, NY 10001",February
157011,Vareebadd Phone,1,400.0,2019-02-18 11:32:00,"290 6th St, Portland, ME 04101",February
151961,Vareebadd Phone,1,400.0,2019-02-14 11:35:00,"256 6th St, Boston, MA 02215",February
150961,Vareebadd Phone,1,400.0,2019-02-18 21:52:00,"251 West St, New York City, NY 10001",February
150749,Vareebadd Phone,1,400.0,2019-02-19 09:25:00,"55 6th St, San Francisco, CA 94016",February
159197,Vareebadd Phone,1,400.0,2019-02-06 11:14:00,"594 6th St, Austin, TX 73301",February
160264,Vareebadd Phone,1,400.0,2019-02-26 17:09:00,"675 14th St, Austin, TX 73301",February
155968,Vareebadd Phone,1,400.0,2019-02-16 17:35:00,"145 13th St, Boston, MA 02215",February
158589,Vareebadd Phone,1,400.0,2019-02-27 18:34:00,"223 Chestnut St, New York City, NY 10001",February
156863,Vareebadd Phone,1,400.0,2019-02-14 00:41:00,"350 1st St, Los Angeles, CA 90001",February
155164,Vareebadd Phone,1,400.0,2019-02-06 17:27:00,"828 11th St, Los Angeles, CA 90001",February
151175,Vareebadd Phone,1,400.0,2019-02-15 16:53:00,"530 Cherry St, Austin, TX 73301",February
156214,Vareebadd Phone,1,400.0,2019-02-23 18:08:00,"451 Spruce St, Seattle, WA 98101",February
158955,Vareebadd Phone,1,400.0,2019-02-19 02:26:00,"930 Walnut St, San Francisco, CA 94016",February
168382,Vareebadd Phone,1,400.0,2019-03-04 16:31:00,"339 Pine St, Seattle, WA 98101",March
163689,Vareebadd Phone,1,400.0,2019-03-08 13:24:00,"373 Chestnut St, Seattle, WA 98101",March
170594,Vareebadd Phone,1,400.0,2019-03-23 07:10:00,"502 Jefferson St, Dallas, TX 75001",March
166217,Vareebadd Phone,1,400.0,2019-03-30 20:50:00,"950 Main St, San Francisco, CA 94016",March
171817,Vareebadd Phone,1,400.0,2019-03-27 14:04:00,"73 14th St, San Francisco, CA 94016",March
176078,Vareebadd Phone,1,400.0,2019-03-27 12:25:00,"698 Chestnut St, Portland, OR 97035",March
166937,Vareebadd Phone,1,400.0,2019-03-17 22:21:00,"320 Lakeview St, San Francisco, CA 94016",March
169325,Vareebadd Phone,1,400.0,2019-03-02 13:31:00,"555 Cedar St, Los Angeles, CA 90001",March
173733,Vareebadd Phone,1,400.0,2019-03-08 10:07:00,"799 Wilson St, San Francisco, CA 94016",March
166107,Vareebadd Phone,1,400.0,2019-03-06 11:49:00,"113 Meadow St, New York City, NY 10001",March
170036,Vareebadd Phone,1,400.0,2019-03-28 09:01:00,"342 Maple St, Boston, MA 02215",March
174551,Vareebadd Phone,1,400.0,2019-03-19 10:16:00,"35 Chestnut St, Portland, OR 97035",March
174580,Vareebadd Phone,1,400.0,2019-03-13 21:37:00,"35 Spruce St, San Francisco, CA 94016",March
162934,Vareebadd Phone,1,400.0,2019-03-11 10:10:00,"787 Ridge St, San Francisco, CA 94016",March
166326,Vareebadd Phone,1,400.0,2019-03-11 23:13:00,"884 Sunset St, Los Angeles, CA 90001",March
162142,Vareebadd Phone,1,400.0,2019-03-01 12:57:00,"479 Maple St, Atlanta, GA 30301",March
163903,Vareebadd Phone,1,400.0,2019-03-10 16:25:00,"690 Lincoln St, San Francisco, CA 94016",March
167682,Vareebadd Phone,1,400.0,2019-03-09 18:08:00,"837 Hickory St, Los Angeles, CA 90001",March
169150,Vareebadd Phone,1,400.0,2019-03-17 18:44:00,"344 Lake St, Dallas, TX 75001",March
172892,Vareebadd Phone,1,400.0,2019-03-30 20:38:00,"511 13th St, Dallas, TX 75001",March
171360,Vareebadd Phone,1,400.0,2019-03-26 13:10:00,"124 Spruce St, San Francisco, CA 94016",March
172282,Vareebadd Phone,1,400.0,2019-03-27 17:16:00,"526 Cedar St, New York City, NY 10001",March
173207,Vareebadd Phone,1,400.0,2019-03-05 22:07:00,"176 14th St, Los Angeles, CA 90001",March
175807,Vareebadd Phone,1,400.0,2019-03-16 15:08:00,"5 11th St, Atlanta, GA 30301",March
165827,Vareebadd Phone,1,400.0,2019-03-02 00:16:00,"6 Hill St, New York City, NY 10001",March
166724,Vareebadd Phone,1,400.0,2019-03-02 16:45:00,"673 Forest St, Atlanta, GA 30301",March
166555,Vareebadd Phone,1,400.0,2019-03-03 13:46:00,"780 West St, San Francisco, CA 94016",March
173404,Vareebadd Phone,1,400.0,2019-03-13 11:04:00,"676 Jefferson St, Boston, MA 02215",March
175395,Vareebadd Phone,1,400.0,2019-03-16 14:09:00,"761 Willow St, San Francisco, CA 94016",March
171967,Vareebadd Phone,1,400.0,2019-03-14 14:59:00,"344 Main St, San Francisco, CA 94016",March
176225,Vareebadd Phone,1,400.0,2019-03-25 22:41:00,"650 13th St, San Francisco, CA 94016",March
163993,Vareebadd Phone,1,400.0,2019-03-21 13:16:00,"66 Lincoln St, San Francisco, CA 94016",March
166582,Vareebadd Phone,1,400.0,2019-03-23 20:02:00,"905 Highland St, Dallas, TX 75001",March
165798,Vareebadd Phone,1,400.0,2019-03-03 10:22:00,"184 West St, Dallas, TX 75001",March
164165,Vareebadd Phone,1,400.0,2019-03-15 15:54:00,"720 Meadow St, San Francisco, CA 94016",March
173331,Vareebadd Phone,1,400.0,2019-03-30 15:02:00,"673 Wilson St, Dallas, TX 75001",March
163507,Vareebadd Phone,1,400.0,2019-03-22 14:52:00,"673 Maple St, Seattle, WA 98101",March
173428,Vareebadd Phone,1,400.0,2019-03-08 00:01:00,"183 Hill St, Portland, OR 97035",March
181749,Vareebadd Phone,1,400.0,2019-04-29 22:54:00,"882 12th St, Dallas, TX 75001",April
189597,Vareebadd Phone,1,400.0,2019-04-21 11:12:00,"240 Chestnut St, Dallas, TX 75001",April
183264,Vareebadd Phone,1,400.0,2019-04-28 19:10:00,"575 Park St, San Francisco, CA 94016",April
192540,Vareebadd Phone,1,400.0,2019-04-28 14:16:00,"66 Cedar St, Los Angeles, CA 90001",April
187875,Vareebadd Phone,1,400.0,2019-04-30 13:20:00,"108 Lake St, Seattle, WA 98101",April
186660,Vareebadd Phone,1,400.0,2019-04-18 19:52:00,"222 7th St, Portland, OR 97035",April
181118,Vareebadd Phone,1,400.0,2019-04-25 11:07:00,"417 Chestnut St, Portland, OR 97035",April
179485,Vareebadd Phone,1,400.0,2019-04-30 11:29:00,"393 Cedar St, Dallas, TX 75001",April
189955,Vareebadd Phone,1,400.0,2019-04-01 15:55:00,"662 Lakeview St, Boston, MA 02215",April
193269,Vareebadd Phone,1,400.0,2019-04-01 18:48:00,"11 9th St, Portland, OR 97035",April
185152,Vareebadd Phone,1,400.0,2019-04-14 09:12:00,"744 14th St, Seattle, WA 98101",April
185364,Vareebadd Phone,1,400.0,2019-04-16 18:04:00,"356 Walnut St, Boston, MA 02215",April
186140,Vareebadd Phone,1,400.0,2019-04-10 21:36:00,"167 Meadow St, New York City, NY 10001",April
189363,Vareebadd Phone,1,400.0,2019-04-27 21:43:00,"838 Lake St, New York City, NY 10001",April
183762,Vareebadd Phone,1,400.0,2019-04-16 07:06:00,"582 Lakeview St, San Francisco, CA 94016",April
183833,Vareebadd Phone,1,400.0,2019-04-20 18:46:00,"59 Elm St, Portland, OR 97035",April
186627,Vareebadd Phone,1,400.0,2019-04-20 11:45:00,"188 Meadow St, New York City, NY 10001",April
189139,Vareebadd Phone,1,400.0,2019-04-10 14:39:00,"109 Cherry St, Atlanta, GA 30301",April
180084,Vareebadd Phone,1,400.0,2019-04-16 23:44:00,"859 1st St, San Francisco, CA 94016",April
187949,Vareebadd Phone,1,400.0,2019-04-08 16:32:00,"743 Park St, Seattle, WA 98101",April
190706,Vareebadd Phone,1,400.0,2019-04-12 09:51:00,"939 Park St, Boston, MA 02215",April
183479,Vareebadd Phone,1,400.0,2019-04-17 16:32:00,"117 4th St, Seattle, WA 98101",April
190211,Vareebadd Phone,1,400.0,2019-04-30 19:56:00,"15 6th St, San Francisco, CA 94016",April
193339,Vareebadd Phone,1,400.0,2019-04-29 17:37:00,"976 Cherry St, Atlanta, GA 30301",April
186998,Vareebadd Phone,1,400.0,2019-04-09 10:13:00,"46 Park St, Portland, OR 97035",April
178412,Vareebadd Phone,1,400.0,2019-04-05 18:58:00,"743 Forest St, New York City, NY 10001",April
187178,Vareebadd Phone,1,400.0,2019-04-16 05:50:00,"794 River St, San Francisco, CA 94016",April
192009,Vareebadd Phone,1,400.0,2019-04-21 15:55:00,"944 Jefferson St, Los Angeles, CA 90001",April
185352,Vareebadd Phone,1,400.0,2019-04-03 09:23:00,"25 7th St, Seattle, WA 98101",April
187423,Vareebadd Phone,1,400.0,2019-04-01 11:49:00,"786 Hickory St, Seattle, WA 98101",April
181392,Vareebadd Phone,1,400.0,2019-04-19 21:26:00,"234 Spruce St, San Francisco, CA 94016",April
181713,Vareebadd Phone,1,400.0,2019-04-07 21:56:00,"920 13th St, San Francisco, CA 94016",April
189837,Vareebadd Phone,1,400.0,2019-04-27 20:18:00,"381 Maple St, Los Angeles, CA 90001",April
192508,Vareebadd Phone,1,400.0,2019-04-05 23:32:00,"354 Park St, Los Angeles, CA 90001",April
200193,Vareebadd Phone,1,400.0,2019-05-30 19:35:00,"279 11th St, Los Angeles, CA 90001",May
207342,Vareebadd Phone,1,400.0,2019-05-03 11:40:00,"304 North St, Portland, OR 97035",May
199331,Vareebadd Phone,1,400.0,2019-05-22 14:11:00,"996 Willow St, New York City, NY 10001",May
207613,Vareebadd Phone,1,400.0,2019-05-30 15:24:00,"629 Elm St, Atlanta, GA 30301",May
197473,Vareebadd Phone,1,400.0,2019-05-30 20:21:00,"617 Dogwood St, Boston, MA 02215",May
203392,Vareebadd Phone,1,400.0,2019-05-11 14:40:00,"476 6th St, San Francisco, CA 94016",May
207959,Vareebadd Phone,1,400.0,2019-05-12 09:45:00,"365 Forest St, Boston, MA 02215",May
197367,Vareebadd Phone,1,400.0,2019-05-01 14:22:00,"60 10th St, New York City, NY 10001",May
206575,Vareebadd Phone,1,400.0,2019-05-28 19:08:00,"728 Wilson St, San Francisco, CA 94016",May
209086,Vareebadd Phone,1,400.0,2019-05-28 21:55:00,"137 Wilson St, Atlanta, GA 30301",May
198149,Vareebadd Phone,1,400.0,2019-05-26 11:53:00,"583 West St, Los Angeles, CA 90001",May
199215,Vareebadd Phone,1,400.0,2019-05-18 14:00:00,"311 Wilson St, Seattle, WA 98101",May
205478,Vareebadd Phone,1,400.0,2019-05-24 13:42:00,"469 11th St, Los Angeles, CA 90001",May
197305,Vareebadd Phone,1,400.0,2019-05-03 12:31:00,"761 North St, Portland, OR 97035",May
209388,Vareebadd Phone,1,400.0,2019-05-09 17:23:00,"64 Lake St, San Francisco, CA 94016",May
196067,Vareebadd Phone,1,400.0,2019-05-23 21:03:00,"309 Washington St, Los Angeles, CA 90001",May
197116,Vareebadd Phone,1,400.0,2019-05-28 16:21:00,"132 10th St, San Francisco, CA 94016",May
195920,Vareebadd Phone,1,400.0,2019-05-02 20:40:00,"328 9th St, San Francisco, CA 94016",May
201802,Vareebadd Phone,1,400.0,2019-05-19 14:53:00,"965 Sunset St, New York City, NY 10001",May
197627,Vareebadd Phone,1,400.0,2019-05-02 09:41:00,"734 Madison St, Atlanta, GA 30301",May
195005,Vareebadd Phone,1,400.0,2019-05-08 05:32:00,"939 Walnut St, Portland, OR 97035",May
199263,Vareebadd Phone,1,400.0,2019-05-28 20:44:00,"563 5th St, San Francisco, CA 94016",May
203582,Vareebadd Phone,1,400.0,2019-05-07 18:22:00,"669 Cedar St, Boston, MA 02215",May
206070,Vareebadd Phone,1,400.0,2019-05-15 19:59:00,"907 10th St, New York City, NY 10001",May
204735,Vareebadd Phone,1,400.0,2019-05-26 08:59:00,"402 4th St, New York City, NY 10001",May
207733,Vareebadd Phone,1,400.0,2019-05-20 18:12:00,"35 6th St, San Francisco, CA 94016",May
201256,Vareebadd Phone,1,400.0,2019-05-18 23:53:00,"11 14th St, San Francisco, CA 94016",May
199459,Vareebadd Phone,1,400.0,2019-05-21 18:51:00,"656 12th St, Seattle, WA 98101",May
200918,Vareebadd Phone,1,400.0,2019-05-08 16:18:00,"262 6th St, Los Angeles, CA 90001",May
208169,Vareebadd Phone,1,400.0,2019-05-31 14:35:00,"983 14th St, Los Angeles, CA 90001",May
197832,Vareebadd Phone,1,400.0,2019-05-05 22:13:00,"250 Cedar St, Seattle, WA 98101",May
205133,Vareebadd Phone,1,400.0,2019-05-10 00:50:00,"784 7th St, San Francisco, CA 94016",May
200581,Vareebadd Phone,1,400.0,2019-05-14 16:48:00,"372 Ridge St, Los Angeles, CA 90001",May
197828,Vareebadd Phone,1,400.0,2019-05-25 19:18:00,"414 Park St, Dallas, TX 75001",May
207469,Vareebadd Phone,1,400.0,2019-05-24 08:46:00,"715 Highland St, Los Angeles, CA 90001",May
201330,Vareebadd Phone,1,400.0,2019-05-20 08:49:00,"17 Cedar St, Los Angeles, CA 90001",May
211027,Vareebadd Phone,1,400.0,2019-06-13 12:10:00,"890 Adams St, New York City, NY 10001",June
222579,Vareebadd Phone,1,400.0,2019-06-14 22:43:00,"426 1st St, Seattle, WA 98101",June
220444,Vareebadd Phone,1,400.0,2019-06-26 20:23:00,"666 Ridge St, New York City, NY 10001",June
210170,Vareebadd Phone,1,400.0,2019-06-05 20:00:00,"405 Pine St, Seattle, WA 98101",June
217523,Vareebadd Phone,1,400.0,2019-06-20 10:31:00,"547 6th St, Austin, TX 73301",June
219623,Vareebadd Phone,1,400.0,2019-06-06 14:46:00,"889 Center St, San Francisco, CA 94016",June
220633,Vareebadd Phone,1,400.0,2019-06-28 09:11:00,"608 12th St, San Francisco, CA 94016",June
211915,Vareebadd Phone,1,400.0,2019-06-20 13:24:00,"805 Washington St, Dallas, TX 75001",June
215584,Vareebadd Phone,1,400.0,2019-06-25 17:57:00,"972 Johnson St, New York City, NY 10001",June
213651,Vareebadd Phone,1,400.0,2019-06-26 13:12:00,"262 Madison St, Seattle, WA 98101",June
214181,Vareebadd Phone,1,400.0,2019-06-07 21:44:00,"175 Lakeview St, San Francisco, CA 94016",June
221131,Vareebadd Phone,1,400.0,2019-06-29 13:57:00,"538 Elm St, Portland, OR 97035",June
210796,Vareebadd Phone,1,400.0,2019-06-05 11:50:00,"955 West St, Boston, MA 02215",June
224720,Vareebadd Phone,1,400.0,2019-07-21 11:21:00,"540 North St, Boston, MA 02215",July
230432,Vareebadd Phone,1,400.0,2019-07-23 17:32:00,"414 West St, Los Angeles, CA 90001",July
225901,Vareebadd Phone,1,400.0,2019-07-13 17:02:00,"771 Sunset St, Austin, TX 73301",July
228520,Vareebadd Phone,1,400.0,2019-07-24 17:40:00,"6 7th St, Boston, MA 02215",July
227360,Vareebadd Phone,1,400.0,2019-07-17 12:37:00,"217 Adams St, Los Angeles, CA 90001",July
227085,Vareebadd Phone,1,400.0,2019-07-21 18:29:00,"401 Wilson St, Austin, TX 73301",July
224862,Vareebadd Phone,1,400.0,2019-07-05 00:06:00,"967 Washington St, San Francisco, CA 94016",July
224508,Vareebadd Phone,1,400.0,2019-07-05 19:51:00,"898 11th St, New York City, NY 10001",July
227449,Vareebadd Phone,1,400.0,2019-07-13 11:50:00,"23 Willow St, Boston, MA 02215",July
235396,Vareebadd Phone,1,400.0,2019-07-12 12:24:00,"478 4th St, New York City, NY 10001",July
229267,Vareebadd Phone,1,400.0,2019-07-19 15:50:00,"732 Highland St, New York City, NY 10001",July
235964,Vareebadd Phone,1,400.0,2019-07-18 20:21:00,"436 12th St, Dallas, TX 75001",July
233198,Vareebadd Phone,1,400.0,2019-07-26 10:17:00,"148 Willow St, Atlanta, GA 30301",July
234141,Vareebadd Phone,1,400.0,2019-07-21 09:42:00,"775 14th St, Atlanta, GA 30301",July
226021,Vareebadd Phone,1,400.0,2019-07-27 19:22:00,"225 Meadow St, San Francisco, CA 94016",July
231133,Vareebadd Phone,1,400.0,2019-07-30 17:14:00,"652 Main St, Los Angeles, CA 90001",July
236225,Vareebadd Phone,1,400.0,2019-07-23 17:04:00,"569 Willow St, New York City, NY 10001",July
235187,Vareebadd Phone,1,400.0,2019-07-12 08:33:00,"325 Dogwood St, Seattle, WA 98101",July
228052,Vareebadd Phone,1,400.0,2019-07-24 11:32:00,"525 Maple St, Boston, MA 02215",July
228502,Vareebadd Phone,1,400.0,2019-07-14 00:59:00,"706 South St, San Francisco, CA 94016",July
232416,Vareebadd Phone,1,400.0,2019-07-24 06:45:00,"544 1st St, Boston, MA 02215",July
234980,Vareebadd Phone,1,400.0,2019-07-14 12:00:00,"199 Lakeview St, Seattle, WA 98101",July
230129,Vareebadd Phone,1,400.0,2019-07-23 18:30:00,"485 South St, Atlanta, GA 30301",July
225686,Vareebadd Phone,1,400.0,2019-07-07 17:44:00,"840 Wilson St, San Francisco, CA 94016",July
243306,Vareebadd Phone,1,400.0,2019-08-07 13:56:00,"774 12th St, Atlanta, GA 30301",August
248116,Vareebadd Phone,1,400.0,2019-08-28 16:59:00,"481 Wilson St, Portland, OR 97035",August
244032,Vareebadd Phone,1,400.0,2019-08-10 19:55:00,"29 Sunset St, San Francisco, CA 94016",August
245670,Vareebadd Phone,1,400.0,2019-08-03 12:52:00,"536 Spruce St, Boston, MA 02215",August
237928,Vareebadd Phone,1,400.0,2019-08-06 08:59:00,"393 7th St, Austin, TX 73301",August
246560,Vareebadd Phone,1,400.0,2019-08-03 16:52:00,"773 Church St, Atlanta, GA 30301",August
245991,Vareebadd Phone,1,400.0,2019-08-18 10:54:00,"433 Johnson St, New York City, NY 10001",August
246058,Vareebadd Phone,1,400.0,2019-08-04 19:57:00,"842 North St, Los Angeles, CA 90001",August
242570,Vareebadd Phone,1,400.0,2019-08-18 15:23:00,"417 Church St, Seattle, WA 98101",August
245960,Vareebadd Phone,1,400.0,2019-08-22 23:50:00,"933 Sunset St, Boston, MA 02215",August
247572,Vareebadd Phone,1,400.0,2019-08-28 12:33:00,"894 11th St, Los Angeles, CA 90001",August
245543,Vareebadd Phone,1,400.0,2019-08-14 06:06:00,"496 Cedar St, Boston, MA 02215",August
243802,Vareebadd Phone,1,400.0,2019-08-06 15:25:00,"23 4th St, Seattle, WA 98101",August
239519,Vareebadd Phone,1,400.0,2019-08-25 16:10:00,"892 Highland St, Boston, MA 02215",August
247351,Vareebadd Phone,1,400.0,2019-08-20 09:32:00,"714 Center St, Los Angeles, CA 90001",August
239259,Vareebadd Phone,1,400.0,2019-08-21 11:24:00,"271 Sunset St, San Francisco, CA 94016",August
246674,Vareebadd Phone,1,400.0,2019-08-17 06:37:00,"405 Hickory St, San Francisco, CA 94016",August
243530,Vareebadd Phone,1,400.0,2019-08-06 17:59:00,"292 Jefferson St, Atlanta, GA 30301",August
250157,Vareebadd Phone,1,400.0,2019-09-08 11:12:00,"459 Madison St, Seattle, WA 98101",September
257716,Vareebadd Phone,1,400.0,2019-09-20 20:09:00,"293 River St, San Francisco, CA 94016",September
254085,Vareebadd Phone,1,400.0,2019-09-30 15:01:00,"308 Lincoln St, San Francisco, CA 94016",September
251036,Vareebadd Phone,1,400.0,2019-09-20 19:34:00,"561 8th St, Dallas, TX 75001",September
258945,Vareebadd Phone,1,400.0,2019-09-29 12:23:00,"80 Main St, Seattle, WA 98101",September
253347,Vareebadd Phone,1,400.0,2019-09-05 14:37:00,"523 North St, Dallas, TX 75001",September
252150,Vareebadd Phone,1,400.0,2019-09-24 15:01:00,"885 Walnut St, Portland, OR 97035",September
251240,Vareebadd Phone,1,400.0,2019-09-09 19:34:00,"507 11th St, Seattle, WA 98101",September
254663,Vareebadd Phone,1,400.0,2019-09-03 22:21:00,"957 14th St, New York City, NY 10001",September
248395,Vareebadd Phone,1,400.0,2019-09-20 19:06:00,"872 Pine St, New York City, NY 10001",September
249798,Vareebadd Phone,1,400.0,2019-09-27 16:44:00,"446 Jackson St, Los Angeles, CA 90001",September
255459,Vareebadd Phone,1,400.0,2019-09-30 09:30:00,"62 5th St, Boston, MA 02215",September
256023,Vareebadd Phone,1,400.0,2019-09-11 10:40:00,"431 Forest St, Los Angeles, CA 90001",September
249549,Vareebadd Phone,1,400.0,2019-09-10 15:31:00,"231 River St, San Francisco, CA 94016",September
254371,Vareebadd Phone,1,400.0,2019-09-04 12:36:00,"655 Walnut St, San Francisco, CA 94016",September
256424,Vareebadd Phone,1,400.0,2019-09-14 11:38:00,"765 South St, San Francisco, CA 94016",September
253335,Vareebadd Phone,1,400.0,2019-09-25 12:06:00,"725 Church St, Boston, MA 02215",September
248251,Vareebadd Phone,1,400.0,2019-09-22 05:16:00,"652 West St, Dallas, TX 75001",September
261969,Vareebadd Phone,1,400.0,2019-10-21 12:48:00,"626 Elm St, Dallas, TX 75001",October
263918,Vareebadd Phone,1,400.0,2019-10-31 10:17:00,"680 West St, San Francisco, CA 94016",October
264321,Vareebadd Phone,1,400.0,2019-10-31 23:13:00,"436 Cedar St, New York City, NY 10001",October
265827,Vareebadd Phone,1,400.0,2019-10-03 06:55:00,"839 Ridge St, San Francisco, CA 94016",October
268705,Vareebadd Phone,1,400.0,2019-10-02 19:55:00,"487 Sunset St, Boston, MA 02215",October
272018,Vareebadd Phone,1,400.0,2019-10-26 12:57:00,"604 Highland St, Los Angeles, CA 90001",October
263724,Vareebadd Phone,1,400.0,2019-10-19 21:42:00,"625 Madison St, San Francisco, CA 94016",October
275784,Vareebadd Phone,1,400.0,2019-10-18 17:44:00,"2 11th St, San Francisco, CA 94016",October
274661,Vareebadd Phone,1,400.0,2019-10-05 08:10:00,"805 Elm St, New York City, NY 10001",October
260835,Vareebadd Phone,1,400.0,2019-10-03 09:53:00,"337 Park St, San Francisco, CA 94016",October
269300,Vareebadd Phone,1,400.0,2019-10-14 19:09:00,"178 14th St, New York City, NY 10001",October
271085,Vareebadd Phone,1,400.0,2019-10-29 12:41:00,"189 Wilson St, San Francisco, CA 94016",October
272973,Vareebadd Phone,1,400.0,2019-10-18 08:26:00,"211 4th St, New York City, NY 10001",October
263122,Vareebadd Phone,1,400.0,2019-10-06 14:12:00,"543 Forest St, Austin, TX 73301",October
277444,Vareebadd Phone,1,400.0,2019-10-28 14:14:00,"934 Washington St, Los Angeles, CA 90001",October
270409,Vareebadd Phone,1,400.0,2019-10-31 21:32:00,"693 Lakeview St, Dallas, TX 75001",October
276292,Vareebadd Phone,1,400.0,2019-10-10 23:16:00,"614 Spruce St, Boston, MA 02215",October
260768,Vareebadd Phone,1,400.0,2019-10-07 08:49:00,"530 8th St, Los Angeles, CA 90001",October
265563,Vareebadd Phone,1,400.0,2019-10-19 14:20:00,"419 6th St, San Francisco, CA 94016",October
276254,Vareebadd Phone,1,400.0,2019-10-31 11:13:00,"889 11th St, San Francisco, CA 94016",October
278289,Vareebadd Phone,1,400.0,2019-10-28 21:40:00,"190 Cedar St, San Francisco, CA 94016",October
268629,Vareebadd Phone,1,400.0,2019-10-10 23:52:00,"735 Forest St, Seattle, WA 98101",October
273911,Vareebadd Phone,1,400.0,2019-10-06 05:19:00,"886 11th St, San Francisco, CA 94016",October
268682,Vareebadd Phone,1,400.0,2019-10-22 13:11:00,"55 Highland St, Seattle, WA 98101",October
272510,Vareebadd Phone,1,400.0,2019-10-17 15:26:00,"151 12th St, New York City, NY 10001",October
264515,Vareebadd Phone,1,400.0,2019-10-20 00:51:00,"202 Chestnut St, Boston, MA 02215",October
265062,Vareebadd Phone,1,400.0,2019-10-12 20:46:00,"340 Ridge St, Los Angeles, CA 90001",October
267787,Vareebadd Phone,1,400.0,2019-10-23 22:07:00,"460 Forest St, Los Angeles, CA 90001",October
270424,Vareebadd Phone,1,400.0,2019-10-27 06:31:00,"183 Washington St, New York City, NY 10001",October
259678,Vareebadd Phone,1,400.0,2019-10-29 09:16:00,"782 Maple St, San Francisco, CA 94016",October
261582,Vareebadd Phone,1,400.0,2019-10-04 08:58:00,"438 5th St, San Francisco, CA 94016",October
286495,Vareebadd Phone,1,400.0,2019-11-22 08:19:00,"949 North St, Dallas, TX 75001",November
282787,Vareebadd Phone,1,400.0,2019-11-23 12:07:00,"805 Maple St, New York City, NY 10001",November
293694,Vareebadd Phone,1,400.0,2019-11-27 23:30:00,"118 Sunset St, Boston, MA 02215",November
289900,Vareebadd Phone,1,400.0,2019-11-10 10:09:00,"863 Meadow St, Dallas, TX 75001",November
295408,Vareebadd Phone,1,400.0,2019-11-25 11:39:00,"849 1st St, Boston, MA 02215",November
283425,Vareebadd Phone,1,400.0,2019-11-30 12:32:00,"48 14th St, Los Angeles, CA 90001",November
290918,Vareebadd Phone,1,400.0,2019-11-24 22:06:00,"460 Hickory St, New York City, NY 10001",November
286530,Vareebadd Phone,1,400.0,2019-11-10 10:45:00,"677 North St, Los Angeles, CA 90001",November
280053,Vareebadd Phone,1,400.0,2019-11-27 00:32:00,"825 Johnson St, San Francisco, CA 94016",November
280386,Vareebadd Phone,1,400.0,2019-11-21 13:01:00,"60 West St, Los Angeles, CA 90001",November
280724,Vareebadd Phone,1,400.0,2019-11-05 15:55:00,"467 Washington St, Atlanta, GA 30301",November
288049,Vareebadd Phone,1,400.0,2019-11-16 18:26:00,"685 Highland St, San Francisco, CA 94016",November
288120,Vareebadd Phone,1,400.0,2019-11-01 11:19:00,"352 6th St, Dallas, TX 75001",November
288849,Vareebadd Phone,1,400.0,2019-11-04 19:25:00,"685 Hill St, Boston, MA 02215",November
286791,Vareebadd Phone,1,400.0,2019-11-24 11:44:00,"521 Park St, Seattle, WA 98101",November
288621,Vareebadd Phone,1,400.0,2019-11-03 20:31:00,"647 10th St, Austin, TX 73301",November
281112,Vareebadd Phone,1,400.0,2019-11-06 09:21:00,"827 Lincoln St, Los Angeles, CA 90001",November
287210,Vareebadd Phone,1,400.0,2019-11-27 20:51:00,"242 Sunset St, Seattle, WA 98101",November
284929,Vareebadd Phone,1,400.0,2019-11-16 20:41:00,"978 West St, San Francisco, CA 94016",November
290071,Vareebadd Phone,1,400.0,2019-11-10 17:14:00,"502 Wilson St, San Francisco, CA 94016",November
290795,Vareebadd Phone,1,400.0,2019-11-26 09:23:00,"949 Meadow St, Los Angeles, CA 90001",November
293790,Vareebadd Phone,1,400.0,2019-11-18 12:19:00,"750 Willow St, Seattle, WA 98101",November
290190,Vareebadd Phone,1,400.0,2019-11-05 14:38:00,"52 Jackson St, San Francisco, CA 94016",November
286174,Vareebadd Phone,1,400.0,2019-11-02 11:33:00,"581 Hill St, San Francisco, CA 94016",November
291732,Vareebadd Phone,1,400.0,2019-11-19 07:49:00,"534 Adams St, Los Angeles, CA 90001",November
295447,Vareebadd Phone,1,400.0,2019-11-01 06:20:00,"662 Highland St, New York City, NY 10001",November
288342,Vareebadd Phone,1,400.0,2019-11-10 19:08:00,"631 8th St, San Francisco, CA 94016",November
294383,Vareebadd Phone,1,400.0,2019-11-17 14:26:00,"174 Highland St, Los Angeles, CA 90001",November
294731,Vareebadd Phone,1,400.0,2019-11-17 06:52:00,"978 10th St, New York City, NY 10001",November
290174,Vareebadd Phone,1,400.0,2019-11-25 10:16:00,"772 Jefferson St, Boston, MA 02215",November
280516,Vareebadd Phone,1,400.0,2019-11-16 15:23:00,"91 Willow St, Portland, OR 97035",November
282476,Vareebadd Phone,1,400.0,2019-11-01 15:52:00,"666 Willow St, Portland, OR 97035",November
285788,Vareebadd Phone,1,400.0,2019-11-10 19:37:00,"150 Park St, Boston, MA 02215",November
282632,Vareebadd Phone,1,400.0,2019-11-16 13:15:00,"917 Dogwood St, Los Angeles, CA 90001",November
283062,Vareebadd Phone,1,400.0,2019-11-23 13:42:00,"735 Walnut St, Seattle, WA 98101",November
297726,Vareebadd Phone,1,400.0,2019-12-27 12:12:00,"235 11th St, New York City, NY 10001",December
308587,Vareebadd Phone,1,400.0,2019-12-21 19:08:00,"29 Willow St, Boston, MA 02215",December
301926,Vareebadd Phone,1,400.0,2019-12-03 23:20:00,"590 Washington St, San Francisco, CA 94016",December
304009,Vareebadd Phone,1,400.0,2019-12-09 21:19:00,"152 7th St, San Francisco, CA 94016",December
312963,Vareebadd Phone,1,400.0,2019-12-01 08:50:00,"925 12th St, Atlanta, GA 30301",December
307229,Vareebadd Phone,1,400.0,2019-12-31 03:56:00,"6 Center St, Austin, TX 73301",December
296354,Vareebadd Phone,1,400.0,2019-12-11 07:03:00,"299 Lake St, Atlanta, GA 30301",December
317217,Vareebadd Phone,1,400.0,2019-12-19 20:39:00,"225 Spruce St, San Francisco, CA 94016",December
317799,Vareebadd Phone,1,400.0,2019-12-18 09:33:00,"282 Forest St, Seattle, WA 98101",December
295982,Vareebadd Phone,1,400.0,2019-12-28 07:11:00,"3 11th St, Los Angeles, CA 90001",December
304455,Vareebadd Phone,1,400.0,2019-12-24 12:46:00,"120 North St, New York City, NY 10001",December
300398,Vareebadd Phone,1,400.0,2019-12-14 08:34:00,"742 Center St, New York City, NY 10001",December
309649,Vareebadd Phone,1,400.0,2019-12-12 21:53:00,"418 Lincoln St, San Francisco, CA 94016",December
312130,Vareebadd Phone,1,400.0,2019-12-05 20:22:00,"923 7th St, San Francisco, CA 94016",December
308120,Vareebadd Phone,1,400.0,2019-12-15 08:09:00,"496 7th St, San Francisco, CA 94016",December
316833,Vareebadd Phone,1,400.0,2020-01-01 02:58:00,"378 Elm St, New York City, NY 10001",January
306990,Vareebadd Phone,1,400.0,2019-12-02 17:50:00,"973 Sunset St, Los Angeles, CA 90001",December
308473,Vareebadd Phone,1,400.0,2019-12-20 03:53:00,"381 Lake St, Boston, MA 02215",December
312240,Vareebadd Phone,1,400.0,2019-12-21 22:14:00,"132 Wilson St, New York City, NY 10001",December
317068,Vareebadd Phone,1,400.0,2019-12-20 23:09:00,"388 Lake St, New York City, NY 10001",December
318339,Vareebadd Phone,1,400.0,2019-12-23 18:49:00,"751 Center St, Los Angeles, CA 90001",December
172152,Vareebadd Phone,1,400.0,2019-03-16 12:25:00,"123 Jefferson St, Boston, MA 02215",March
207024,Vareebadd Phone,1,400.0,2019-05-24 14:33:00,"65 Park St, Portland, OR 97035",May
201676,Vareebadd Phone,1,400.0,2019-05-12 16:26:00,"358 Forest St, Los Angeles, CA 90001",May
221501,Vareebadd Phone,1,400.0,2019-06-06 13:15:00,"708 Willow St, Los Angeles, CA 90001",June
275167,Vareebadd Phone,1,400.0,2019-10-08 19:58:00,"402 Willow St, Portland, OR 97035",October
269756,Vareebadd Phone,1,400.0,2019-10-18 21:38:00,"73 10th St, Los Angeles, CA 90001",October
274372,Vareebadd Phone,1,400.0,2019-10-01 23:48:00,"529 13th St, Dallas, TX 75001",October
262410,Vareebadd Phone,1,400.0,2019-10-23 09:38:00,"561 Meadow St, New York City, NY 10001",October
294278,Vareebadd Phone,1,400.0,2019-11-25 15:09:00,"63 Hickory St, Los Angeles, CA 90001",November
291058,Vareebadd Phone,1,400.0,2019-11-24 19:15:00,"894 Pine St, Los Angeles, CA 90001",November
317865,Vareebadd Phone,1,400.0,2019-12-08 21:02:00,"236 Cherry St, New York City, NY 10001",December
307381,Vareebadd Phone,1,400.0,2019-12-16 18:31:00,"422 Lake St, Boston, MA 02215",December
317142,Vareebadd Phone,1,400.0,2019-12-07 18:53:00,"708 Cherry St, Dallas, TX 75001",December
310974,Vareebadd Phone,1,400.0,2019-12-31 21:58:00,"72 South St, San Francisco, CA 94016",December
296365,Vareebadd Phone,1,400.0,2019-12-26 10:54:00,"444 1st St, Austin, TX 73301",December
316431,Vareebadd Phone,1,400.0,2019-12-18 11:36:00,"674 Ridge St, Portland, ME 04101",December
317637,Vareebadd Phone,1,400.0,2019-12-30 23:50:00,"777 6th St, Atlanta, GA 30301",December
300343,Vareebadd Phone,1,400.0,2019-12-14 04:27:00,"497 Walnut St, Los Angeles, CA 90001",December
301507,Vareebadd Phone,1,400.0,2019-12-27 12:11:00,"303 Ridge St, Los Angeles, CA 90001",December
316165,Vareebadd Phone,1,400.0,2019-12-20 10:17:00,"210 Chestnut St, Portland, OR 97035",December
149134,Vareebadd Phone,1,400.0,2019-01-14 16:43:00,"821 West St, Los Angeles, CA 90001",January
149801,Vareebadd Phone,1,400.0,2019-01-21 16:37:00,"566 North St, Atlanta, GA 30301",January
142558,Vareebadd Phone,1,400.0,2019-01-25 18:00:00,"961 13th St, Portland, OR 97035",January
147786,Vareebadd Phone,1,400.0,2019-01-20 09:11:00,"236 Lincoln St, Los Angeles, CA 90001",January
148209,Vareebadd Phone,1,400.0,2019-01-31 23:35:00,"934 4th St, Los Angeles, CA 90001",January
147929,Vareebadd Phone,1,400.0,2019-01-21 18:01:00,"785 Lakeview St, Seattle, WA 98101",January
147753,Vareebadd Phone,1,400.0,2019-01-20 16:57:00,"277 Adams St, Portland, OR 97035",January
145402,Vareebadd Phone,1,400.0,2019-01-11 14:36:00,"140 Hill St, Los Angeles, CA 90001",January
144811,Vareebadd Phone,1,400.0,2019-01-09 15:29:00,"744 Main St, San Francisco, CA 94016",January
144544,Vareebadd Phone,1,400.0,2019-01-15 11:38:00,"178 6th St, Seattle, WA 98101",January
150035,Vareebadd Phone,1,400.0,2019-01-06 19:47:00,"71 North St, Seattle, WA 98101",January
146472,Vareebadd Phone,1,400.0,2019-01-12 00:48:00,"616 North St, New York City, NY 10001",January
144640,Vareebadd Phone,1,400.0,2019-01-27 18:23:00,"948 Elm St, San Francisco, CA 94016",January
145430,Vareebadd Phone,1,400.0,2019-01-16 21:40:00,"282 Lincoln St, Dallas, TX 75001",January
141984,Vareebadd Phone,1,400.0,2019-01-23 16:48:00,"451 11th St, Atlanta, GA 30301",January
144798,Vareebadd Phone,1,400.0,2019-01-27 19:37:00,"463 12th St, Seattle, WA 98101",January
146720,Vareebadd Phone,1,400.0,2019-01-18 10:19:00,"187 10th St, Los Angeles, CA 90001",January
146559,Vareebadd Phone,1,400.0,2019-01-20 16:42:00,"601 Wilson St, Portland, OR 97035",January
146567,Vareebadd Phone,1,400.0,2019-01-28 19:28:00,"63 Sunset St, Seattle, WA 98101",January
148912,Vareebadd Phone,1,400.0,2019-01-30 19:15:00,"761 8th St, San Francisco, CA 94016",January
158902,Vareebadd Phone,1,400.0,2019-02-16 08:05:00,"701 Meadow St, Boston, MA 02215",February
156217,Vareebadd Phone,1,400.0,2019-02-09 16:42:00,"642 Lakeview St, Portland, OR 97035",February
154190,Vareebadd Phone,1,400.0,2019-02-12 10:02:00,"232 Jackson St, Seattle, WA 98101",February
155780,Vareebadd Phone,1,400.0,2019-02-04 12:37:00,"326 Cherry St, Los Angeles, CA 90001",February
158726,Vareebadd Phone,1,400.0,2019-02-06 10:53:00,"873 4th St, Boston, MA 02215",February
153125,Vareebadd Phone,1,400.0,2019-02-20 16:49:00,"804 Lincoln St, New York City, NY 10001",February
151197,Vareebadd Phone,1,400.0,2019-02-04 10:33:00,"492 Dogwood St, Dallas, TX 75001",February
156058,Vareebadd Phone,1,400.0,2019-02-19 09:15:00,"148 1st St, Dallas, TX 75001",February
155126,Vareebadd Phone,1,400.0,2019-02-15 19:39:00,"522 Walnut St, Portland, OR 97035",February
159262,Vareebadd Phone,1,400.0,2019-02-25 00:32:00,"631 Cedar St, Portland, OR 97035",February
158004,Vareebadd Phone,1,400.0,2019-02-04 17:47:00,"62 2nd St, Los Angeles, CA 90001",February
155711,Vareebadd Phone,1,400.0,2019-02-11 18:33:00,"372 Willow St, Los Angeles, CA 90001",February
156239,Vareebadd Phone,1,400.0,2019-02-19 15:46:00,"385 8th St, Los Angeles, CA 90001",February
158815,Vareebadd Phone,1,400.0,2019-02-14 22:13:00,"436 Chestnut St, Los Angeles, CA 90001",February
156681,Vareebadd Phone,1,400.0,2019-02-22 18:54:00,"302 Main St, Seattle, WA 98101",February
158337,Vareebadd Phone,1,400.0,2019-02-12 19:22:00,"23 Jackson St, Los Angeles, CA 90001",February
159774,Vareebadd Phone,1,400.0,2019-02-26 13:52:00,"217 Jackson St, San Francisco, CA 94016",February
157344,Vareebadd Phone,1,400.0,2019-02-20 17:14:00,"867 Chestnut St, New York City, NY 10001",February
161889,Vareebadd Phone,1,400.0,2019-02-10 20:21:00,"264 Pine St, Atlanta, GA 30301",February
172170,Vareebadd Phone,1,400.0,2019-03-14 13:33:00,"196 South St, Atlanta, GA 30301",March
162605,Vareebadd Phone,1,400.0,2019-03-16 16:43:00,"807 Wilson St, San Francisco, CA 94016",March
171547,Vareebadd Phone,1,400.0,2019-03-25 11:51:00,"610 8th St, New York City, NY 10001",March
167284,Vareebadd Phone,1,400.0,2019-03-06 19:33:00,"977 River St, San Francisco, CA 94016",March
168111,Vareebadd Phone,1,400.0,2019-03-20 13:32:00,"850 Wilson St, Dallas, TX 75001",March
175507,Vareebadd Phone,1,400.0,2019-03-25 17:32:00,"971 Dogwood St, New York City, NY 10001",March
169855,Vareebadd Phone,1,400.0,2019-03-21 14:05:00,"536 Madison St, Boston, MA 02215",March
176101,Vareebadd Phone,1,400.0,2019-03-18 18:25:00,"796 Cedar St, Seattle, WA 98101",March
162134,Vareebadd Phone,1,400.0,2019-03-17 20:36:00,"186 North St, Atlanta, GA 30301",March
173002,Vareebadd Phone,1,400.0,2019-03-07 05:32:00,"235 West St, Los Angeles, CA 90001",March
162682,Vareebadd Phone,1,400.0,2019-03-12 17:04:00,"846 Cherry St, San Francisco, CA 94016",March
164997,Vareebadd Phone,1,400.0,2019-03-05 22:09:00,"25 Cedar St, Seattle, WA 98101",March
167425,Vareebadd Phone,1,400.0,2019-03-22 12:25:00,"174 Ridge St, San Francisco, CA 94016",March
174619,Vareebadd Phone,1,400.0,2019-03-05 12:40:00,"118 2nd St, Dallas, TX 75001",March
162519,Vareebadd Phone,1,400.0,2019-03-04 06:57:00,"516 Cherry St, New York City, NY 10001",March
166029,Vareebadd Phone,1,400.0,2019-03-28 17:47:00,"236 Church St, Los Angeles, CA 90001",March
168619,Vareebadd Phone,1,400.0,2019-03-21 11:25:00,"185 Jefferson St, Los Angeles, CA 90001",March
170106,Vareebadd Phone,1,400.0,2019-03-11 18:54:00,"992 Center St, Los Angeles, CA 90001",March
171896,Vareebadd Phone,1,400.0,2019-03-18 05:03:00,"77 Lincoln St, San Francisco, CA 94016",March
170595,Vareebadd Phone,1,400.0,2019-03-31 18:06:00,"458 Highland St, New York City, NY 10001",March
162082,Vareebadd Phone,1,400.0,2019-03-09 14:15:00,"401 Wilson St, New York City, NY 10001",March
173101,Vareebadd Phone,1,400.0,2019-03-09 12:46:00,"90 Lakeview St, Dallas, TX 75001",March
170746,Vareebadd Phone,1,400.0,2019-03-05 19:30:00,"979 West St, San Francisco, CA 94016",March
175860,Vareebadd Phone,1,400.0,2019-03-06 22:20:00,"773 6th St, San Francisco, CA 94016",March
167810,Vareebadd Phone,1,400.0,2019-03-20 17:01:00,"222 Chestnut St, Atlanta, GA 30301",March
174801,Vareebadd Phone,1,400.0,2019-03-10 02:28:00,"913 River St, San Francisco, CA 94016",March
169713,Vareebadd Phone,1,400.0,2019-03-24 16:19:00,"219 Chestnut St, Los Angeles, CA 90001",March
170736,Vareebadd Phone,1,400.0,2019-03-13 09:14:00,"751 Pine St, Portland, OR 97035",March
168609,Vareebadd Phone,1,400.0,2019-03-11 14:03:00,"26 Spruce St, Atlanta, GA 30301",March
172455,Vareebadd Phone,1,400.0,2019-03-31 16:30:00,"555 1st St, Seattle, WA 98101",March
190948,Vareebadd Phone,1,400.0,2019-04-23 18:27:00,"880 9th St, Boston, MA 02215",April
192811,Vareebadd Phone,1,400.0,2019-04-20 11:27:00,"483 Center St, Los Angeles, CA 90001",April
193986,Vareebadd Phone,1,400.0,2019-04-11 08:30:00,"969 Hickory St, Dallas, TX 75001",April
177856,Vareebadd Phone,1,400.0,2019-04-24 08:56:00,"605 Madison St, Austin, TX 73301",April
177046,Vareebadd Phone,1,400.0,2019-04-29 13:02:00,"406 12th St, Los Angeles, CA 90001",April
184979,Vareebadd Phone,1,400.0,2019-04-18 15:59:00,"547 River St, Boston, MA 02215",April
191922,Vareebadd Phone,1,400.0,2019-04-20 13:31:00,"968 Madison St, San Francisco, CA 94016",April
193574,Vareebadd Phone,1,400.0,2019-04-29 03:22:00,"817 Hill St, San Francisco, CA 94016",April
184828,Vareebadd Phone,1,400.0,2019-04-22 17:15:00,"199 11th St, Atlanta, GA 30301",April
188268,Vareebadd Phone,1,400.0,2019-04-15 15:51:00,"115 Forest St, Los Angeles, CA 90001",April
191744,Vareebadd Phone,1,400.0,2019-04-04 09:56:00,"598 7th St, New York City, NY 10001",April
177097,Vareebadd Phone,1,400.0,2019-04-21 18:04:00,"35 Hickory St, Los Angeles, CA 90001",April
181177,Vareebadd Phone,1,400.0,2019-04-01 13:13:00,"244 Maple St, Portland, OR 97035",April
191095,Vareebadd Phone,1,400.0,2019-04-29 11:53:00,"792 Adams St, New York City, NY 10001",April
189465,Vareebadd Phone,1,400.0,2019-04-26 18:30:00,"3 Willow St, Boston, MA 02215",April
193132,Vareebadd Phone,1,400.0,2019-04-12 14:12:00,"743 Wilson St, Dallas, TX 75001",April
182569,Vareebadd Phone,1,400.0,2019-04-21 12:44:00,"128 Forest St, Los Angeles, CA 90001",April
184853,Vareebadd Phone,1,400.0,2019-04-17 10:07:00,"509 6th St, Boston, MA 02215",April
179948,Vareebadd Phone,1,400.0,2019-04-06 20:01:00,"859 Center St, Los Angeles, CA 90001",April
180818,Vareebadd Phone,1,400.0,2019-04-01 11:05:00,"495 Main St, Dallas, TX 75001",April
185829,Vareebadd Phone,1,400.0,2019-04-10 17:00:00,"243 Johnson St, Seattle, WA 98101",April
179538,Vareebadd Phone,1,400.0,2019-04-04 20:48:00,"219 Hickory St, New York City, NY 10001",April
186034,Vareebadd Phone,1,400.0,2019-04-09 21:00:00,"516 Main St, San Francisco, CA 94016",April
186164,Vareebadd Phone,1,400.0,2019-04-12 11:28:00,"21 Main St, Atlanta, GA 30301",April
192926,Vareebadd Phone,1,400.0,2019-04-18 19:03:00,"950 Adams St, San Francisco, CA 94016",April
185201,Vareebadd Phone,1,400.0,2019-04-10 11:04:00,"106 Sunset St, Dallas, TX 75001",April
192868,Vareebadd Phone,1,400.0,2019-04-07 22:25:00,"776 Spruce St, Boston, MA 02215",April
179916,Vareebadd Phone,1,400.0,2019-04-16 20:33:00,"73 Hill St, New York City, NY 10001",April
181476,Vareebadd Phone,1,400.0,2019-04-02 22:19:00,"2 Jackson St, Dallas, TX 75001",April
180158,Vareebadd Phone,1,400.0,2019-04-10 16:01:00,"129 Sunset St, San Francisco, CA 94016",April
199278,Vareebadd Phone,1,400.0,2019-05-28 12:33:00,"715 Dogwood St, Atlanta, GA 30301",May
200609,Vareebadd Phone,1,400.0,2019-05-28 09:54:00,"699 Cedar St, San Francisco, CA 94016",May
202838,Vareebadd Phone,1,400.0,2019-05-25 13:08:00,"379 Walnut St, Los Angeles, CA 90001",May
200233,Vareebadd Phone,1,400.0,2019-05-16 23:07:00,"778 Main St, San Francisco, CA 94016",May
201317,Vareebadd Phone,1,400.0,2019-05-14 13:26:00,"416 West St, Seattle, WA 98101",May
196020,Vareebadd Phone,1,400.0,2019-05-26 16:25:00,"543 Washington St, Boston, MA 02215",May
195758,Vareebadd Phone,1,400.0,2019-05-10 23:35:00,"112 6th St, Portland, OR 97035",May
202108,Vareebadd Phone,1,400.0,2019-05-29 16:55:00,"803 11th St, New York City, NY 10001",May
204749,Vareebadd Phone,1,400.0,2019-05-27 06:57:00,"502 Church St, New York City, NY 10001",May
205902,Vareebadd Phone,1,400.0,2019-05-07 00:45:00,"186 North St, San Francisco, CA 94016",May
195511,Vareebadd Phone,1,400.0,2019-05-04 14:58:00,"769 Church St, Los Angeles, CA 90001",May
208457,Vareebadd Phone,1,400.0,2019-05-24 07:42:00,"306 Adams St, San Francisco, CA 94016",May
202542,Vareebadd Phone,1,400.0,2019-05-02 15:26:00,"607 Wilson St, New York City, NY 10001",May
205783,Vareebadd Phone,1,400.0,2019-05-12 23:51:00,"987 West St, Atlanta, GA 30301",May
201508,Vareebadd Phone,1,400.0,2019-05-30 10:34:00,"872 1st St, Dallas, TX 75001",May
204871,Vareebadd Phone,1,400.0,2019-05-19 18:56:00,"283 Jefferson St, San Francisco, CA 94016",May
203520,Vareebadd Phone,1,400.0,2019-05-24 10:05:00,"972 Madison St, San Francisco, CA 94016",May
197453,Vareebadd Phone,1,400.0,2019-05-14 01:36:00,"540 1st St, Austin, TX 73301",May
198094,Vareebadd Phone,1,400.0,2019-05-29 20:35:00,"406 River St, Portland, OR 97035",May
194755,Vareebadd Phone,1,400.0,2019-05-08 12:44:00,"681 Ridge St, Boston, MA 02215",May
194862,Vareebadd Phone,1,400.0,2019-05-19 09:01:00,"466 Dogwood St, San Francisco, CA 94016",May
205649,Vareebadd Phone,1,400.0,2019-05-13 18:51:00,"189 Lincoln St, Boston, MA 02215",May
201671,Vareebadd Phone,1,400.0,2019-05-02 20:27:00,"522 Center St, San Francisco, CA 94016",May
202134,Vareebadd Phone,1,400.0,2019-05-19 19:16:00,"702 Highland St, San Francisco, CA 94016",May
220115,Vareebadd Phone,1,400.0,2019-06-16 09:49:00,"176 14th St, Dallas, TX 75001",June
214959,Vareebadd Phone,1,400.0,2019-06-20 08:25:00,"643 Main St, Atlanta, GA 30301",June
217856,Vareebadd Phone,1,400.0,2019-06-15 15:24:00,"226 South St, New York City, NY 10001",June
220870,Vareebadd Phone,1,400.0,2019-06-22 08:15:00,"776 Washington St, Boston, MA 02215",June
213531,Vareebadd Phone,1,400.0,2019-06-17 13:24:00,"436 North St, New York City, NY 10001",June
215843,Vareebadd Phone,1,400.0,2019-06-28 09:26:00,"774 4th St, New York City, NY 10001",June
211347,Vareebadd Phone,1,400.0,2019-06-15 22:11:00,"22 Cherry St, San Francisco, CA 94016",June
217302,Vareebadd Phone,1,400.0,2019-06-22 21:48:00,"115 North St, Boston, MA 02215",June
219009,Vareebadd Phone,1,400.0,2019-06-08 12:38:00,"903 Jackson St, San Francisco, CA 94016",June
211256,Vareebadd Phone,1,400.0,2019-06-30 05:17:00,"769 Dogwood St, Los Angeles, CA 90001",June
213126,Vareebadd Phone,1,400.0,2019-06-09 12:36:00,"877 Spruce St, San Francisco, CA 94016",June
221464,Vareebadd Phone,1,400.0,2019-06-04 00:50:00,"133 Spruce St, Los Angeles, CA 90001",June
222531,Vareebadd Phone,1,400.0,2019-06-19 21:57:00,"896 1st St, Atlanta, GA 30301",June
212218,Vareebadd Phone,1,400.0,2019-06-08 18:49:00,"171 13th St, San Francisco, CA 94016",June
218560,Vareebadd Phone,1,400.0,2019-06-27 14:38:00,"891 Lincoln St, Austin, TX 73301",June
215708,Vareebadd Phone,1,400.0,2019-06-10 18:44:00,"654 Spruce St, Los Angeles, CA 90001",June
212440,Vareebadd Phone,1,400.0,2019-06-23 13:33:00,"585 Center St, Austin, TX 73301",June
219404,Vareebadd Phone,1,400.0,2019-06-12 23:32:00,"305 6th St, Austin, TX 73301",June
221513,Vareebadd Phone,1,400.0,2019-06-04 13:59:00,"341 Maple St, San Francisco, CA 94016",June
213444,Vareebadd Phone,1,400.0,2019-06-26 15:09:00,"792 Main St, San Francisco, CA 94016",June
216246,Vareebadd Phone,1,400.0,2019-06-19 00:03:00,"110 Washington St, San Francisco, CA 94016",June
221074,Vareebadd Phone,1,400.0,2019-06-23 07:47:00,"924 Jefferson St, San Francisco, CA 94016",June
210592,Vareebadd Phone,1,400.0,2019-06-25 21:38:00,"207 Sunset St, San Francisco, CA 94016",June
215806,Vareebadd Phone,1,400.0,2019-06-12 15:17:00,"262 Church St, San Francisco, CA 94016",June
216431,Vareebadd Phone,1,400.0,2019-07-01 02:53:00,"640 Cherry St, Dallas, TX 75001",July
220937,Vareebadd Phone,1,400.0,2019-06-05 14:41:00,"767 14th St, Seattle, WA 98101",June
231754,Vareebadd Phone,1,400.0,2019-07-19 09:33:00,"357 1st St, San Francisco, CA 94016",July
235621,Vareebadd Phone,1,400.0,2019-07-20 12:06:00,"267 4th St, Atlanta, GA 30301",July
229347,Vareebadd Phone,1,400.0,2019-07-21 17:43:00,"970 12th St, San Francisco, CA 94016",July
224766,Vareebadd Phone,1,400.0,2019-07-25 19:39:00,"598 Jackson St, San Francisco, CA 94016",July
229989,Vareebadd Phone,1,400.0,2019-07-23 12:11:00,"890 11th St, Seattle, WA 98101",July
236041,Vareebadd Phone,1,400.0,2019-07-15 23:53:00,"55 Main St, Portland, OR 97035",July
232407,Vareebadd Phone,1,400.0,2019-07-17 14:44:00,"413 Hill St, San Francisco, CA 94016",July
232404,Vareebadd Phone,1,400.0,2019-07-21 20:03:00,"345 13th St, Atlanta, GA 30301",July
223296,Vareebadd Phone,1,400.0,2019-07-06 16:07:00,"47 Chestnut St, San Francisco, CA 94016",July
230643,Vareebadd Phone,1,400.0,2019-07-04 13:44:00,"128 13th St, Portland, OR 97035",July
224290,Vareebadd Phone,1,400.0,2019-07-28 23:01:00,"623 South St, Los Angeles, CA 90001",July
235321,Vareebadd Phone,1,400.0,2019-07-21 15:52:00,"754 Jackson St, San Francisco, CA 94016",July
230228,Vareebadd Phone,1,400.0,2019-07-30 10:43:00,"285 Johnson St, San Francisco, CA 94016",July
228489,Vareebadd Phone,1,400.0,2019-07-27 13:22:00,"892 11th St, San Francisco, CA 94016",July
229193,Vareebadd Phone,1,400.0,2019-07-30 14:18:00,"889 Cherry St, Portland, OR 97035",July
223347,Vareebadd Phone,1,400.0,2019-07-08 21:46:00,"432 Elm St, Portland, OR 97035",July
224044,Vareebadd Phone,1,400.0,2019-07-20 19:16:00,"411 Church St, San Francisco, CA 94016",July
234353,Vareebadd Phone,1,400.0,2019-07-12 07:56:00,"299 Willow St, Atlanta, GA 30301",July
232538,Vareebadd Phone,1,400.0,2019-07-09 21:12:00,"420 Hill St, New York City, NY 10001",July
238401,Vareebadd Phone,1,400.0,2019-08-04 12:11:00,"884 Willow St, San Francisco, CA 94016",August
244860,Vareebadd Phone,1,400.0,2019-08-12 08:11:00,"692 12th St, Los Angeles, CA 90001",August
247682,Vareebadd Phone,1,400.0,2019-08-30 23:36:00,"888 Cedar St, San Francisco, CA 94016",August
245908,Vareebadd Phone,1,400.0,2019-08-14 00:37:00,"851 Madison St, Los Angeles, CA 90001",August
241565,Vareebadd Phone,1,400.0,2019-08-16 13:53:00,"963 Ridge St, Los Angeles, CA 90001",August
246711,Vareebadd Phone,1,400.0,2019-08-27 12:13:00,"36 Forest St, San Francisco, CA 94016",August
243636,Vareebadd Phone,1,400.0,2019-08-26 12:47:00,"188 Wilson St, Los Angeles, CA 90001",August
239650,Vareebadd Phone,1,400.0,2019-08-02 22:05:00,"241 14th St, San Francisco, CA 94016",August
245780,Vareebadd Phone,1,400.0,2019-08-29 18:04:00,"488 Willow St, Atlanta, GA 30301",August
236937,Vareebadd Phone,1,400.0,2019-08-06 18:20:00,"231 Washington St, Boston, MA 02215",August
244963,Vareebadd Phone,1,400.0,2019-08-17 09:26:00,"188 7th St, Atlanta, GA 30301",August
240685,Vareebadd Phone,1,400.0,2019-08-16 22:10:00,"47 Adams St, San Francisco, CA 94016",August
242794,Vareebadd Phone,1,400.0,2019-08-19 08:33:00,"489 North St, San Francisco, CA 94016",August
239836,Vareebadd Phone,1,400.0,2019-08-28 18:01:00,"994 Hill St, San Francisco, CA 94016",August
239684,Vareebadd Phone,1,400.0,2019-08-08 19:45:00,"388 Adams St, San Francisco, CA 94016",August
245225,Vareebadd Phone,1,400.0,2019-08-13 14:01:00,"433 South St, Seattle, WA 98101",August
253193,Vareebadd Phone,1,400.0,2019-09-10 16:31:00,"7 River St, Boston, MA 02215",September
249720,Vareebadd Phone,1,400.0,2019-09-19 09:35:00,"154 Hickory St, New York City, NY 10001",September
248780,Vareebadd Phone,1,400.0,2019-09-22 14:55:00,"210 9th St, New York City, NY 10001",September
252883,Vareebadd Phone,1,400.0,2019-09-17 21:34:00,"281 North St, Atlanta, GA 30301",September
256785,Vareebadd Phone,1,400.0,2019-09-04 19:11:00,"280 5th St, San Francisco, CA 94016",September
248856,Vareebadd Phone,1,400.0,2019-09-15 14:00:00,"514 10th St, Dallas, TX 75001",September
248159,Vareebadd Phone,1,400.0,2019-09-06 16:45:00,"664 Wilson St, New York City, NY 10001",September
248329,Vareebadd Phone,1,400.0,2019-09-02 15:56:00,"472 11th St, Austin, TX 73301",September
255969,Vareebadd Phone,1,400.0,2019-09-23 21:51:00,"238 Willow St, Dallas, TX 75001",September
251609,Vareebadd Phone,1,400.0,2019-09-01 21:13:00,"96 Jackson St, Dallas, TX 75001",September
258471,Vareebadd Phone,1,400.0,2019-09-13 15:24:00,"818 Ridge St, Los Angeles, CA 90001",September
258817,Vareebadd Phone,1,400.0,2019-09-09 10:07:00,"530 Johnson St, New York City, NY 10001",September
249768,Vareebadd Phone,1,400.0,2019-09-26 15:52:00,"610 Forest St, New York City, NY 10001",September
250154,Vareebadd Phone,1,400.0,2019-09-16 14:51:00,"915 Meadow St, Portland, OR 97035",September
253853,Vareebadd Phone,1,400.0,2019-09-25 17:32:00,"734 Madison St, Atlanta, GA 30301",September
258759,Vareebadd Phone,1,400.0,2019-09-01 14:00:00,"344 4th St, Boston, MA 02215",September
259204,Vareebadd Phone,1,400.0,2019-09-17 18:06:00,"850 Meadow St, Boston, MA 02215",September
255693,Vareebadd Phone,1,400.0,2019-09-25 15:50:00,"536 2nd St, Atlanta, GA 30301",September
251012,Vareebadd Phone,1,400.0,2019-09-04 21:19:00,"283 6th St, Dallas, TX 75001",September
251350,Vareebadd Phone,1,400.0,2019-09-02 09:49:00,"641 2nd St, New York City, NY 10001",September
254836,Vareebadd Phone,1,400.0,2019-09-27 13:37:00,"841 Center St, Austin, TX 73301",September
249378,Vareebadd Phone,1,400.0,2019-09-12 13:29:00,"437 Highland St, Portland, OR 97035",September
249922,Vareebadd Phone,1,400.0,2019-09-01 08:39:00,"963 Elm St, New York City, NY 10001",September
264355,Vareebadd Phone,1,400.0,2019-10-09 19:16:00,"640 Church St, Seattle, WA 98101",October
276441,Vareebadd Phone,1,400.0,2019-10-02 14:12:00,"967 2nd St, San Francisco, CA 94016",October
277641,Vareebadd Phone,1,400.0,2019-10-26 01:58:00,"231 Walnut St, Dallas, TX 75001",October
267779,Vareebadd Phone,1,400.0,2019-10-13 14:04:00,"929 Jefferson St, San Francisco, CA 94016",October
275386,Vareebadd Phone,1,400.0,2019-10-22 15:34:00,"911 Main St, Dallas, TX 75001",October
271199,Vareebadd Phone,1,400.0,2019-10-13 18:21:00,"305 River St, Boston, MA 02215",October
275483,Vareebadd Phone,1,400.0,2019-10-09 17:53:00,"523 Highland St, Portland, OR 97035",October
259443,Vareebadd Phone,1,400.0,2019-10-01 10:20:00,"875 Lakeview St, Los Angeles, CA 90001",October
269159,Vareebadd Phone,1,400.0,2019-10-23 08:16:00,"198 North St, Atlanta, GA 30301",October
271255,Vareebadd Phone,1,400.0,2019-10-24 15:49:00,"963 Johnson St, Los Angeles, CA 90001",October
275968,Vareebadd Phone,1,400.0,2019-10-13 15:39:00,"645 Walnut St, San Francisco, CA 94016",October
278749,Vareebadd Phone,1,400.0,2019-10-26 22:41:00,"311 Cherry St, Los Angeles, CA 90001",October
268395,Vareebadd Phone,1,400.0,2019-10-17 21:15:00,"137 Chestnut St, San Francisco, CA 94016",October
276903,Vareebadd Phone,1,400.0,2019-10-06 21:45:00,"274 10th St, Boston, MA 02215",October
265481,Vareebadd Phone,1,400.0,2019-10-24 01:46:00,"807 Jackson St, Boston, MA 02215",October
275780,Vareebadd Phone,1,400.0,2019-10-19 06:29:00,"624 Madison St, New York City, NY 10001",October
269467,Vareebadd Phone,1,400.0,2019-10-02 13:39:00,"965 Sunset St, Austin, TX 73301",October
271097,Vareebadd Phone,1,400.0,2019-10-10 18:37:00,"290 Jefferson St, Dallas, TX 75001",October
278609,Vareebadd Phone,1,400.0,2019-10-14 15:03:00,"11 Lake St, Portland, ME 04101",October
269170,Vareebadd Phone,1,400.0,2019-10-27 00:12:00,"706 Park St, San Francisco, CA 94016",October
263152,Vareebadd Phone,1,400.0,2019-10-03 14:37:00,"303 Ridge St, Dallas, TX 75001",October
275979,Vareebadd Phone,1,400.0,2019-10-02 12:51:00,"163 11th St, Atlanta, GA 30301",October
259578,Vareebadd Phone,1,400.0,2019-10-29 00:32:00,"858 Willow St, San Francisco, CA 94016",October
276469,Vareebadd Phone,1,400.0,2019-10-22 18:57:00,"577 10th St, Seattle, WA 98101",October
260646,Vareebadd Phone,1,400.0,2019-10-24 11:05:00,"84 Center St, Boston, MA 02215",October
266307,Vareebadd Phone,1,400.0,2019-10-31 19:14:00,"768 Chestnut St, New York City, NY 10001",October
292651,Vareebadd Phone,1,400.0,2019-11-22 10:39:00,"241 Johnson St, Los Angeles, CA 90001",November
280521,Vareebadd Phone,1,400.0,2019-11-28 18:34:00,"370 Cedar St, Seattle, WA 98101",November
291429,Vareebadd Phone,1,400.0,2019-11-01 08:59:00,"602 7th St, Seattle, WA 98101",November
280968,Vareebadd Phone,1,400.0,2019-11-09 07:29:00,"390 7th St, Boston, MA 02215",November
289847,Vareebadd Phone,1,400.0,2019-11-30 19:59:00,"58 Sunset St, San Francisco, CA 94016",November
291537,Vareebadd Phone,1,400.0,2019-11-23 21:23:00,"349 Church St, Los Angeles, CA 90001",November
290870,Vareebadd Phone,1,400.0,2019-11-11 23:19:00,"748 Main St, San Francisco, CA 94016",November
286993,Vareebadd Phone,1,400.0,2019-11-09 14:10:00,"294 Pine St, Seattle, WA 98101",November
293494,Vareebadd Phone,1,400.0,2019-11-10 20:51:00,"939 Forest St, Dallas, TX 75001",November
279106,Vareebadd Phone,1,400.0,2019-11-07 14:07:00,"334 Lincoln St, Los Angeles, CA 90001",November
292841,Vareebadd Phone,1,400.0,2019-11-25 22:23:00,"614 Jackson St, Portland, OR 97035",November
288098,Vareebadd Phone,1,400.0,2019-11-07 04:20:00,"943 Willow St, San Francisco, CA 94016",November
290061,Vareebadd Phone,1,400.0,2019-11-16 22:45:00,"196 Spruce St, San Francisco, CA 94016",November
294286,Vareebadd Phone,1,400.0,2019-11-18 18:48:00,"540 6th St, Los Angeles, CA 90001",November
283652,Vareebadd Phone,1,400.0,2019-11-09 10:14:00,"367 River St, Austin, TX 73301",November
281427,Vareebadd Phone,1,400.0,2019-11-11 12:24:00,"956 Madison St, San Francisco, CA 94016",November
283283,Vareebadd Phone,1,400.0,2019-11-17 07:54:00,"646 Forest St, Los Angeles, CA 90001",November
292984,Vareebadd Phone,1,400.0,2019-11-12 09:07:00,"552 5th St, Los Angeles, CA 90001",November
288231,Vareebadd Phone,1,400.0,2019-11-17 17:21:00,"249 10th St, San Francisco, CA 94016",November
287953,Vareebadd Phone,1,400.0,2019-11-26 23:39:00,"441 North St, San Francisco, CA 94016",November
289117,Vareebadd Phone,1,400.0,2019-11-15 18:50:00,"938 Church St, San Francisco, CA 94016",November
290224,Vareebadd Phone,1,400.0,2019-11-01 16:05:00,"310 Spruce St, New York City, NY 10001",November
289277,Vareebadd Phone,1,400.0,2019-11-23 14:52:00,"811 Main St, Boston, MA 02215",November
283891,Vareebadd Phone,1,400.0,2019-11-16 11:07:00,"56 Pine St, San Francisco, CA 94016",November
294378,Vareebadd Phone,1,400.0,2019-11-18 09:29:00,"942 Main St, Dallas, TX 75001",November
311325,Vareebadd Phone,1,400.0,2019-12-10 07:33:00,"52 Center St, Los Angeles, CA 90001",December
301340,Vareebadd Phone,1,400.0,2019-12-16 15:17:00,"299 1st St, Boston, MA 02215",December
306961,Vareebadd Phone,1,400.0,2019-12-09 12:25:00,"566 5th St, New York City, NY 10001",December
314905,Vareebadd Phone,1,400.0,2019-12-23 10:43:00,"916 Sunset St, San Francisco, CA 94016",December
313321,Vareebadd Phone,1,400.0,2019-12-13 17:48:00,"321 South St, Dallas, TX 75001",December
307980,Vareebadd Phone,1,400.0,2019-12-20 21:15:00,"354 1st St, Boston, MA 02215",December
299669,Vareebadd Phone,1,400.0,2019-12-31 20:49:00,"327 Hickory St, San Francisco, CA 94016",December
304889,Vareebadd Phone,1,400.0,2019-12-01 07:01:00,"972 Spruce St, Dallas, TX 75001",December
312409,Vareebadd Phone,1,400.0,2019-12-09 19:45:00,"112 Forest St, Boston, MA 02215",December
308594,Vareebadd Phone,1,400.0,2019-12-18 18:35:00,"164 11th St, Portland, ME 04101",December
314730,Vareebadd Phone,1,400.0,2019-12-30 19:09:00,"476 Washington St, Dallas, TX 75001",December
306561,Vareebadd Phone,1,400.0,2019-12-22 16:34:00,"694 Maple St, Boston, MA 02215",December
308546,Vareebadd Phone,1,400.0,2019-12-13 10:39:00,"66 Sunset St, San Francisco, CA 94016",December
317441,Vareebadd Phone,1,400.0,2019-12-03 10:42:00,"513 Elm St, Boston, MA 02215",December
300072,Vareebadd Phone,1,400.0,2019-12-26 07:21:00,"995 Lincoln St, San Francisco, CA 94016",December
307177,Vareebadd Phone,1,400.0,2019-12-18 11:28:00,"248 Pine St, Atlanta, GA 30301",December
313812,Vareebadd Phone,1,400.0,2019-12-31 08:57:00,"254 Center St, San Francisco, CA 94016",December
307710,Vareebadd Phone,1,400.0,2019-12-02 11:15:00,"330 West St, New York City, NY 10001",December
314711,Vareebadd Phone,1,400.0,2019-12-26 13:22:00,"824 Lake St, San Francisco, CA 94016",December
316293,Vareebadd Phone,1,400.0,2019-12-15 20:20:00,"268 Ridge St, Los Angeles, CA 90001",December
296438,Vareebadd Phone,1,400.0,2019-12-02 12:20:00,"355 Pine St, San Francisco, CA 94016",December
301132,Vareebadd Phone,1,400.0,2019-12-21 10:32:00,"889 Adams St, Seattle, WA 98101",December
316465,Vareebadd Phone,1,400.0,2019-12-28 15:28:00,"18 2nd St, Dallas, TX 75001",December
307462,Vareebadd Phone,1,400.0,2019-12-10 08:29:00,"108 Cedar St, San Francisco, CA 94016",December
309062,Vareebadd Phone,1,400.0,2019-12-17 11:23:00,"978 Ridge St, Austin, TX 73301",December
312396,Vareebadd Phone,1,400.0,2019-12-30 12:48:00,"456 Maple St, Seattle, WA 98101",December
318408,Vareebadd Phone,1,400.0,2019-12-24 12:40:00,"305 1st St, Boston, MA 02215",December
304246,Vareebadd Phone,1,400.0,2019-12-28 14:12:00,"364 Dogwood St, New York City, NY 10001",December
311364,Vareebadd Phone,1,400.0,2019-12-12 12:34:00,"414 Hickory St, Los Angeles, CA 90001",December
299131,Vareebadd Phone,1,400.0,2019-12-10 15:49:00,"27 Dogwood St, Dallas, TX 75001",December
315414,Vareebadd Phone,1,400.0,2019-12-09 23:48:00,"141 1st St, Seattle, WA 98101",December
315967,Vareebadd Phone,1,400.0,2019-12-15 18:07:00,"417 Maple St, Los Angeles, CA 90001",December
319307,Vareebadd Phone,1,400.0,2019-12-18 11:32:00,"658 9th St, Los Angeles, CA 90001",December
300683,Vareebadd Phone,1,400.0,2019-12-27 11:01:00,"841 Cedar St, San Francisco, CA 94016",December
200536,Vareebadd Phone,1,400.0,2019-05-24 05:16:00,"317 Cherry St, Atlanta, GA 30301",May
195417,Vareebadd Phone,1,400.0,2019-05-05 09:51:00,"510 11th St, San Francisco, CA 94016",May
246028,Vareebadd Phone,1,400.0,2019-08-14 16:20:00,"236 14th St, San Francisco, CA 94016",August
250125,Vareebadd Phone,1,400.0,2019-09-24 19:50:00,"919 Lincoln St, Boston, MA 02215",September
285204,Vareebadd Phone,1,400.0,2019-11-27 15:51:00,"56 Wilson St, Los Angeles, CA 90001",November
314623,Vareebadd Phone,1,400.0,2019-12-10 12:16:00,"473 Elm St, Dallas, TX 75001",December
300719,Vareebadd Phone,1,400.0,2019-12-14 17:32:00,"486 Chestnut St, Dallas, TX 75001",December
316547,Vareebadd Phone,1,400.0,2019-12-26 13:26:00,"586 Madison St, Austin, TX 73301",December
316050,Vareebadd Phone,1,400.0,2019-12-30 22:38:00,"760 6th St, Atlanta, GA 30301",December
304140,Vareebadd Phone,1,400.0,2019-12-30 21:39:00,"22 Madison St, New York City, NY 10001",December
310630,Vareebadd Phone,1,400.0,2019-12-16 11:34:00,"266 Hickory St, Atlanta, GA 30301",December
302708,Vareebadd Phone,1,400.0,2019-12-12 22:10:00,"961 Lakeview St, San Francisco, CA 94016",December
304619,Vareebadd Phone,1,400.0,2019-12-07 16:35:00,"881 North St, Seattle, WA 98101",December
311697,Vareebadd Phone,1,400.0,2019-12-12 07:29:00,"216 9th St, Austin, TX 73301",December
306679,Vareebadd Phone,1,400.0,2019-12-24 03:51:00,"402 Main St, San Francisco, CA 94016",December
295698,Vareebadd Phone,1,400.0,2019-12-13 14:32:00,"175 1st St, New York City, NY 10001",December
298903,Vareebadd Phone,1,400.0,2019-12-07 22:34:00,"392 River St, San Francisco, CA 94016",December
318927,Vareebadd Phone,1,400.0,2019-12-14 17:33:00,"232 1st St, San Francisco, CA 94016",December
308520,Vareebadd Phone,1,400.0,2019-12-31 16:27:00,"27 Maple St, Dallas, TX 75001",December
308067,Vareebadd Phone,1,400.0,2019-12-29 14:12:00,"246 West St, San Francisco, CA 94016",December
314523,Vareebadd Phone,1,400.0,2019-12-25 13:44:00,"813 13th St, Seattle, WA 98101",December
316610,Vareebadd Phone,1,400.0,2019-12-06 18:12:00,"642 2nd St, Los Angeles, CA 90001",December
143399,Vareebadd Phone,1,400.0,2019-01-21 13:01:00,"924 Dogwood St, Los Angeles, CA 90001",January
144692,Vareebadd Phone,1,400.0,2019-01-12 11:13:00,"897 Willow St, Los Angeles, CA 90001",January
142396,Vareebadd Phone,1,400.0,2019-01-09 09:56:00,"343 Jackson St, San Francisco, CA 94016",January
145324,Vareebadd Phone,1,400.0,2019-01-08 12:22:00,"455 Hill St, Austin, TX 73301",January
144942,Vareebadd Phone,1,400.0,2019-01-24 15:52:00,"225 River St, Boston, MA 02215",January
148386,Vareebadd Phone,1,400.0,2019-01-11 21:11:00,"428 8th St, New York City, NY 10001",January
147012,Vareebadd Phone,1,400.0,2019-01-23 00:48:00,"975 Lakeview St, San Francisco, CA 94016",January
143556,Vareebadd Phone,1,400.0,2019-01-19 14:30:00,"847 Meadow St, Dallas, TX 75001",January
150288,Vareebadd Phone,1,400.0,2019-01-11 13:09:00,"812 12th St, San Francisco, CA 94016",January
145748,Vareebadd Phone,1,400.0,2019-01-29 20:57:00,"895 Meadow St, Los Angeles, CA 90001",January
147520,Vareebadd Phone,1,400.0,2019-01-09 22:19:00,"303 Adams St, San Francisco, CA 94016",January
143326,Vareebadd Phone,1,400.0,2019-01-23 19:37:00,"258 Madison St, Los Angeles, CA 90001",January
144110,Vareebadd Phone,1,400.0,2019-01-25 22:48:00,"929 Jefferson St, Seattle, WA 98101",January
145398,Vareebadd Phone,1,400.0,2019-01-04 14:15:00,"537 Wilson St, New York City, NY 10001",January
152881,Vareebadd Phone,1,400.0,2019-02-01 16:32:00,"400 Cedar St, New York City, NY 10001",February
159834,Vareebadd Phone,1,400.0,2019-02-24 13:01:00,"794 Madison St, Los Angeles, CA 90001",February
154608,Vareebadd Phone,1,400.0,2019-02-11 16:59:00,"285 Washington St, San Francisco, CA 94016",February
157323,Vareebadd Phone,1,400.0,2019-02-08 17:59:00,"232 Washington St, Atlanta, GA 30301",February
153932,Vareebadd Phone,1,400.0,2019-02-01 12:35:00,"839 13th St, Boston, MA 02215",February
158097,Vareebadd Phone,1,400.0,2019-02-21 12:13:00,"554 8th St, Atlanta, GA 30301",February
151147,Vareebadd Phone,1,400.0,2019-02-01 11:04:00,"141 Maple St, Los Angeles, CA 90001",February
159093,Vareebadd Phone,1,400.0,2019-02-28 19:20:00,"239 Hill St, New York City, NY 10001",February
151843,Vareebadd Phone,1,400.0,2019-02-15 17:56:00,"887 Sunset St, Atlanta, GA 30301",February
153276,Vareebadd Phone,1,400.0,2019-02-28 10:38:00,"262 South St, Austin, TX 73301",February
151714,Vareebadd Phone,1,400.0,2019-02-28 10:36:00,"626 Lakeview St, Boston, MA 02215",February
158046,Vareebadd Phone,1,400.0,2019-02-13 15:34:00,"27 Walnut St, Los Angeles, CA 90001",February
158596,Vareebadd Phone,1,400.0,2019-02-06 13:00:00,"548 Park St, Dallas, TX 75001",February
154287,Vareebadd Phone,1,400.0,2019-02-04 11:00:00,"671 Park St, New York City, NY 10001",February
159263,Vareebadd Phone,1,400.0,2019-02-16 17:43:00,"168 2nd St, Los Angeles, CA 90001",February
153972,Vareebadd Phone,1,400.0,2019-02-18 16:47:00,"866 Main St, Boston, MA 02215",February
152638,Vareebadd Phone,1,400.0,2019-02-14 13:58:00,"647 Highland St, Boston, MA 02215",February
168310,Vareebadd Phone,1,400.0,2019-03-12 10:07:00,"400 Adams St, Los Angeles, CA 90001",March
175535,Vareebadd Phone,1,400.0,2019-03-10 19:49:00,"572 Pine St, Austin, TX 73301",March
170021,Vareebadd Phone,1,400.0,2019-03-13 18:15:00,"917 Cherry St, Seattle, WA 98101",March
162361,Vareebadd Phone,1,400.0,2019-03-04 22:50:00,"594 Spruce St, Atlanta, GA 30301",March
175482,Vareebadd Phone,1,400.0,2019-03-16 12:39:00,"223 Hill St, New York City, NY 10001",March
169278,Vareebadd Phone,1,400.0,2019-03-29 13:18:00,"699 Chestnut St, New York City, NY 10001",March
174423,Vareebadd Phone,1,400.0,2019-03-14 15:25:00,"373 Dogwood St, Dallas, TX 75001",March
162759,Vareebadd Phone,1,400.0,2019-03-31 19:30:00,"985 Madison St, Atlanta, GA 30301",March
165088,Vareebadd Phone,1,400.0,2019-03-26 18:24:00,"158 Madison St, San Francisco, CA 94016",March
171063,Vareebadd Phone,1,400.0,2019-03-13 11:26:00,"726 South St, San Francisco, CA 94016",March
165782,Vareebadd Phone,1,400.0,2019-03-27 21:25:00,"712 Meadow St, Boston, MA 02215",March
170232,Vareebadd Phone,1,400.0,2019-03-30 11:47:00,"899 14th St, New York City, NY 10001",March
176256,Vareebadd Phone,1,400.0,2019-03-25 20:43:00,"430 9th St, Atlanta, GA 30301",March
175124,Vareebadd Phone,1,400.0,2019-03-01 20:06:00,"328 4th St, San Francisco, CA 94016",March
172429,Vareebadd Phone,1,400.0,2019-03-18 12:33:00,"779 11th St, San Francisco, CA 94016",March
167728,Vareebadd Phone,1,400.0,2019-03-27 15:33:00,"328 13th St, Austin, TX 73301",March
168829,Vareebadd Phone,1,400.0,2019-03-17 10:09:00,"337 Cedar St, Boston, MA 02215",March
170259,Vareebadd Phone,1,400.0,2019-03-06 08:57:00,"893 Spruce St, Dallas, TX 75001",March
173402,Vareebadd Phone,1,400.0,2019-03-03 08:18:00,"672 10th St, Portland, OR 97035",March
166712,Vareebadd Phone,1,400.0,2019-03-16 18:48:00,"755 1st St, San Francisco, CA 94016",March
169160,Vareebadd Phone,1,400.0,2019-03-07 17:44:00,"426 14th St, San Francisco, CA 94016",March
171181,Vareebadd Phone,1,400.0,2019-03-15 12:33:00,"44 Madison St, Atlanta, GA 30301",March
178560,Vareebadd Phone,1,400.0,2019-04-27 20:54:00,"986 12th St, Seattle, WA 98101",April
189015,Vareebadd Phone,1,400.0,2019-04-26 06:36:00,"64 Lakeview St, Seattle, WA 98101",April
186044,Vareebadd Phone,1,400.0,2019-04-25 13:06:00,"392 Jackson St, Boston, MA 02215",April
186633,Vareebadd Phone,1,400.0,2019-04-03 13:45:00,"681 Hill St, Boston, MA 02215",April
193243,Vareebadd Phone,1,400.0,2019-04-17 18:49:00,"976 Jackson St, Atlanta, GA 30301",April
189461,Vareebadd Phone,1,400.0,2019-04-21 16:17:00,"560 River St, New York City, NY 10001",April
177802,Vareebadd Phone,1,400.0,2019-04-16 18:51:00,"202 River St, San Francisco, CA 94016",April
184915,Vareebadd Phone,1,400.0,2019-04-19 03:34:00,"473 Lincoln St, Boston, MA 02215",April
188533,Vareebadd Phone,1,400.0,2019-04-16 20:17:00,"660 Center St, Seattle, WA 98101",April
178190,Vareebadd Phone,1,400.0,2019-04-02 18:10:00,"811 14th St, Atlanta, GA 30301",April
176635,Vareebadd Phone,1,400.0,2019-04-26 09:55:00,"85 North St, San Francisco, CA 94016",April
191795,Vareebadd Phone,1,400.0,2019-04-23 11:12:00,"294 West St, Portland, OR 97035",April
182067,Vareebadd Phone,1,400.0,2019-04-21 20:09:00,"970 14th St, Los Angeles, CA 90001",April
182058,Vareebadd Phone,1,400.0,2019-04-09 12:54:00,"112 14th St, Atlanta, GA 30301",April
186130,Vareebadd Phone,1,400.0,2019-04-20 17:22:00,"125 12th St, San Francisco, CA 94016",April
191327,Vareebadd Phone,1,400.0,2019-04-01 18:17:00,"496 Walnut St, San Francisco, CA 94016",April
193379,Vareebadd Phone,1,400.0,2019-04-15 11:48:00,"359 Main St, Los Angeles, CA 90001",April
191648,Vareebadd Phone,1,400.0,2019-04-04 18:55:00,"235 Spruce St, Portland, OR 97035",April
186680,Vareebadd Phone,1,400.0,2019-04-08 12:56:00,"195 Willow St, Atlanta, GA 30301",April
187967,Vareebadd Phone,1,400.0,2019-04-20 13:56:00,"154 Dogwood St, Los Angeles, CA 90001",April
190617,Vareebadd Phone,1,400.0,2019-04-08 14:04:00,"365 8th St, Austin, TX 73301",April
177792,Vareebadd Phone,1,400.0,2019-04-11 15:30:00,"724 1st St, Dallas, TX 75001",April
177879,Vareebadd Phone,1,400.0,2019-04-09 18:59:00,"879 12th St, San Francisco, CA 94016",April
181819,Vareebadd Phone,1,400.0,2019-04-26 05:43:00,"27 Maple St, Portland, OR 97035",April
178989,Vareebadd Phone,1,400.0,2019-04-10 12:30:00,"891 Jefferson St, San Francisco, CA 94016",April
185111,Vareebadd Phone,1,400.0,2019-04-25 20:51:00,"179 Elm St, San Francisco, CA 94016",April
190827,Vareebadd Phone,1,400.0,2019-04-18 12:38:00,"447 9th St, Seattle, WA 98101",April
183011,Vareebadd Phone,1,400.0,2019-04-05 18:29:00,"200 Johnson St, Dallas, TX 75001",April
186724,Vareebadd Phone,1,400.0,2019-04-13 12:31:00,"27 Lincoln St, San Francisco, CA 94016",April
193808,Vareebadd Phone,1,400.0,2019-04-19 20:24:00,"33 Washington St, Boston, MA 02215",April
179851,Vareebadd Phone,1,400.0,2019-04-03 11:37:00,"909 South St, Los Angeles, CA 90001",April
189043,Vareebadd Phone,1,400.0,2019-04-13 15:33:00,"122 Lincoln St, Atlanta, GA 30301",April
193349,Vareebadd Phone,1,400.0,2019-04-07 09:12:00,"817 Jackson St, Boston, MA 02215",April
184635,Vareebadd Phone,1,400.0,2019-04-13 08:57:00,"826 Chestnut St, San Francisco, CA 94016",April
185437,Vareebadd Phone,1,400.0,2019-04-24 11:32:00,"163 North St, San Francisco, CA 94016",April
193615,Vareebadd Phone,1,400.0,2019-04-02 17:24:00,"546 Lake St, San Francisco, CA 94016",April
189305,Vareebadd Phone,1,400.0,2019-04-02 17:36:00,"409 Sunset St, Seattle, WA 98101",April
193611,Vareebadd Phone,1,400.0,2019-04-01 11:30:00,"317 11th St, Atlanta, GA 30301",April
181180,Vareebadd Phone,1,400.0,2019-04-30 11:11:00,"473 Madison St, New York City, NY 10001",April
194942,Vareebadd Phone,1,400.0,2019-05-22 17:20:00,"428 Spruce St, San Francisco, CA 94016",May
197716,Vareebadd Phone,1,400.0,2019-05-24 07:02:00,"923 Lakeview St, New York City, NY 10001",May
197995,Vareebadd Phone,1,400.0,2019-05-21 02:09:00,"536 Lakeview St, Atlanta, GA 30301",May
205685,Vareebadd Phone,1,400.0,2019-05-26 00:14:00,"932 6th St, Los Angeles, CA 90001",May
194574,Vareebadd Phone,1,400.0,2019-05-26 09:32:00,"369 North St, Los Angeles, CA 90001",May
209240,Vareebadd Phone,1,400.0,2019-05-01 17:57:00,"451 Hill St, San Francisco, CA 94016",May
206171,Vareebadd Phone,1,400.0,2019-05-30 08:42:00,"833 Elm St, San Francisco, CA 94016",May
209833,Vareebadd Phone,1,400.0,2019-05-01 15:32:00,"637 1st St, Austin, TX 73301",May
201609,Vareebadd Phone,1,400.0,2019-05-01 16:49:00,"892 Walnut St, Boston, MA 02215",May
206984,Vareebadd Phone,1,400.0,2019-05-09 12:59:00,"776 Ridge St, Austin, TX 73301",May
201296,Vareebadd Phone,1,400.0,2019-05-31 20:33:00,"659 Walnut St, New York City, NY 10001",May
201243,Vareebadd Phone,1,400.0,2019-05-08 14:00:00,"852 Park St, San Francisco, CA 94016",May
204202,Vareebadd Phone,1,400.0,2019-05-10 19:14:00,"797 11th St, San Francisco, CA 94016",May
197547,Vareebadd Phone,1,400.0,2019-05-15 04:00:00,"666 12th St, San Francisco, CA 94016",May
203018,Vareebadd Phone,1,400.0,2019-05-25 09:42:00,"139 Wilson St, Los Angeles, CA 90001",May
194229,Vareebadd Phone,1,400.0,2019-05-09 18:22:00,"815 Chestnut St, New York City, NY 10001",May
194802,Vareebadd Phone,1,400.0,2019-05-02 12:57:00,"971 Jefferson St, San Francisco, CA 94016",May
199027,Vareebadd Phone,1,400.0,2019-05-18 12:46:00,"140 Jefferson St, San Francisco, CA 94016",May
198478,Vareebadd Phone,1,400.0,2019-05-21 09:08:00,"56 Jefferson St, Los Angeles, CA 90001",May
194171,Vareebadd Phone,1,400.0,2019-05-06 15:18:00,"498 Elm St, Atlanta, GA 30301",May
204977,Vareebadd Phone,1,400.0,2019-05-10 09:35:00,"821 Hill St, Los Angeles, CA 90001",May
198961,Vareebadd Phone,1,400.0,2019-05-14 13:56:00,"301 Cherry St, Atlanta, GA 30301",May
209835,Vareebadd Phone,1,400.0,2019-05-27 00:39:00,"916 Center St, Boston, MA 02215",May
194552,Vareebadd Phone,1,400.0,2019-05-14 15:25:00,"651 Madison St, Dallas, TX 75001",May
209258,Vareebadd Phone,1,400.0,2019-05-17 00:55:00,"227 1st St, San Francisco, CA 94016",May
204603,Vareebadd Phone,1,400.0,2019-05-05 04:55:00,"537 Pine St, San Francisco, CA 94016",May
208203,Vareebadd Phone,1,400.0,2019-05-28 20:19:00,"812 Walnut St, San Francisco, CA 94016",May
195144,Vareebadd Phone,1,400.0,2019-05-29 11:52:00,"814 Center St, San Francisco, CA 94016",May
196123,Vareebadd Phone,1,400.0,2019-05-12 19:14:00,"898 Willow St, San Francisco, CA 94016",May
201263,Vareebadd Phone,1,400.0,2019-05-04 20:11:00,"783 9th St, Portland, OR 97035",May
204821,Vareebadd Phone,1,400.0,2019-05-14 23:33:00,"385 Sunset St, San Francisco, CA 94016",May
208081,Vareebadd Phone,1,400.0,2019-05-17 16:53:00,"983 Elm St, Seattle, WA 98101",May
218351,Vareebadd Phone,1,400.0,2019-06-20 21:40:00,"887 9th St, Atlanta, GA 30301",June
221648,Vareebadd Phone,1,400.0,2019-06-21 17:28:00,"979 Cherry St, Atlanta, GA 30301",June
216803,Vareebadd Phone,1,400.0,2019-06-18 14:33:00,"549 Highland St, Los Angeles, CA 90001",June
216604,Vareebadd Phone,1,400.0,2019-06-01 12:35:00,"226 Church St, Los Angeles, CA 90001",June
210101,Vareebadd Phone,1,400.0,2019-06-05 13:53:00,"944 Hickory St, Los Angeles, CA 90001",June
211589,Vareebadd Phone,1,400.0,2019-06-17 16:52:00,"371 Forest St, San Francisco, CA 94016",June
219583,Vareebadd Phone,1,400.0,2019-06-22 09:39:00,"47 Johnson St, Atlanta, GA 30301",June
210303,Vareebadd Phone,1,400.0,2019-06-02 19:38:00,"578 7th St, Los Angeles, CA 90001",June
210964,Vareebadd Phone,1,400.0,2019-06-24 06:25:00,"643 Lakeview St, San Francisco, CA 94016",June
218712,Vareebadd Phone,1,400.0,2019-06-05 10:54:00,"680 Dogwood St, San Francisco, CA 94016",June
220279,Vareebadd Phone,1,400.0,2019-06-03 12:38:00,"98 Jefferson St, San Francisco, CA 94016",June
221899,Vareebadd Phone,1,400.0,2019-06-04 00:06:00,"814 4th St, Seattle, WA 98101",June
216969,Vareebadd Phone,1,400.0,2019-06-07 08:36:00,"634 Johnson St, Austin, TX 73301",June
218970,Vareebadd Phone,1,400.0,2019-06-20 07:52:00,"495 Wilson St, Atlanta, GA 30301",June
217735,Vareebadd Phone,1,400.0,2019-06-23 21:50:00,"507 Jackson St, Boston, MA 02215",June
210365,Vareebadd Phone,1,400.0,2019-06-13 18:24:00,"290 Sunset St, Dallas, TX 75001",June
222615,Vareebadd Phone,1,400.0,2019-06-28 21:20:00,"229 North St, Seattle, WA 98101",June
227398,Vareebadd Phone,1,400.0,2019-07-26 22:43:00,"650 Dogwood St, New York City, NY 10001",July
227833,Vareebadd Phone,1,400.0,2019-07-29 14:47:00,"44 4th St, San Francisco, CA 94016",July
232882,Vareebadd Phone,1,400.0,2019-07-23 09:49:00,"87 Dogwood St, San Francisco, CA 94016",July
234531,Vareebadd Phone,1,400.0,2019-07-29 17:10:00,"332 Pine St, Seattle, WA 98101",July
229002,Vareebadd Phone,1,400.0,2019-07-09 11:51:00,"414 Hill St, Los Angeles, CA 90001",July
233076,Vareebadd Phone,1,400.0,2019-07-23 09:29:00,"964 Jackson St, Los Angeles, CA 90001",July
234289,Vareebadd Phone,1,400.0,2019-07-24 18:59:00,"157 Willow St, San Francisco, CA 94016",July
229146,Vareebadd Phone,1,400.0,2019-07-14 07:15:00,"364 Meadow St, New York City, NY 10001",July
223817,Vareebadd Phone,1,400.0,2019-07-29 12:45:00,"569 Cherry St, Los Angeles, CA 90001",July
232988,Vareebadd Phone,1,400.0,2019-07-14 20:56:00,"46 2nd St, New York City, NY 10001",July
228158,Vareebadd Phone,1,400.0,2019-07-18 16:25:00,"177 Cherry St, Los Angeles, CA 90001",July
227890,Vareebadd Phone,1,400.0,2019-07-08 01:33:00,"766 2nd St, Seattle, WA 98101",July
226356,Vareebadd Phone,1,400.0,2019-07-21 10:20:00,"532 Meadow St, Los Angeles, CA 90001",July
227708,Vareebadd Phone,1,400.0,2019-07-09 21:51:00,"346 Lake St, New York City, NY 10001",July
231097,Vareebadd Phone,1,400.0,2019-07-03 10:47:00,"719 Adams St, Boston, MA 02215",July
234773,Vareebadd Phone,1,400.0,2019-07-10 14:29:00,"225 North St, Dallas, TX 75001",July
230004,Vareebadd Phone,1,400.0,2019-07-02 20:08:00,"617 10th St, San Francisco, CA 94016",July
223106,Vareebadd Phone,1,400.0,2019-07-14 14:30:00,"630 2nd St, San Francisco, CA 94016",July
227517,Vareebadd Phone,1,400.0,2019-07-15 19:45:00,"521 Cherry St, New York City, NY 10001",July
227795,Vareebadd Phone,1,400.0,2019-07-26 18:38:00,"733 Johnson St, San Francisco, CA 94016",July
233524,Vareebadd Phone,1,400.0,2019-07-14 15:20:00,"550 8th St, San Francisco, CA 94016",July
228536,Vareebadd Phone,1,400.0,2019-07-13 12:11:00,"412 Main St, Los Angeles, CA 90001",July
231998,Vareebadd Phone,1,400.0,2019-07-25 19:33:00,"888 7th St, Austin, TX 73301",July
227374,Vareebadd Phone,1,400.0,2019-07-29 17:40:00,"923 7th St, San Francisco, CA 94016",July
233862,Vareebadd Phone,1,400.0,2019-07-19 18:12:00,"198 South St, San Francisco, CA 94016",July
227478,Vareebadd Phone,1,400.0,2019-07-03 10:41:00,"370 Main St, Los Angeles, CA 90001",July
225035,Vareebadd Phone,1,400.0,2019-07-18 09:37:00,"572 Center St, Austin, TX 73301",July
248026,Vareebadd Phone,1,400.0,2019-08-31 09:40:00,"41 North St, Boston, MA 02215",August
237532,Vareebadd Phone,1,400.0,2019-08-30 18:52:00,"215 Chestnut St, Seattle, WA 98101",August
244847,Vareebadd Phone,1,400.0,2019-08-12 19:56:00,"183 Willow St, Los Angeles, CA 90001",August
240220,Vareebadd Phone,1,400.0,2019-08-03 10:29:00,"628 Center St, San Francisco, CA 94016",August
243305,Vareebadd Phone,1,400.0,2019-08-28 20:58:00,"401 Chestnut St, San Francisco, CA 94016",August
244563,Vareebadd Phone,1,400.0,2019-08-13 12:25:00,"660 Church St, Los Angeles, CA 90001",August
243842,Vareebadd Phone,1,400.0,2019-08-12 14:27:00,"309 Willow St, Los Angeles, CA 90001",August
240159,Vareebadd Phone,1,400.0,2019-08-16 15:00:00,"674 7th St, Seattle, WA 98101",August
245899,Vareebadd Phone,1,400.0,2019-08-11 00:35:00,"50 Walnut St, New York City, NY 10001",August
243055,Vareebadd Phone,1,400.0,2019-08-08 11:22:00,"52 9th St, San Francisco, CA 94016",August
241102,Vareebadd Phone,1,400.0,2019-08-12 20:10:00,"181 River St, Los Angeles, CA 90001",August
246797,Vareebadd Phone,1,400.0,2019-08-25 21:21:00,"55 Lake St, Austin, TX 73301",August
247670,Vareebadd Phone,1,400.0,2019-08-14 21:29:00,"923 7th St, Austin, TX 73301",August
237669,Vareebadd Phone,1,400.0,2019-08-18 12:31:00,"623 13th St, Boston, MA 02215",August
240870,Vareebadd Phone,1,400.0,2019-08-29 19:35:00,"253 Hickory St, Los Angeles, CA 90001",August
246009,Vareebadd Phone,1,400.0,2019-08-19 12:11:00,"389 2nd St, San Francisco, CA 94016",August
253324,Vareebadd Phone,1,400.0,2019-09-13 11:49:00,"601 11th St, San Francisco, CA 94016",September
253367,Vareebadd Phone,1,400.0,2019-09-17 23:25:00,"284 Willow St, San Francisco, CA 94016",September
253146,Vareebadd Phone,1,400.0,2019-09-19 21:56:00,"948 Dogwood St, Portland, OR 97035",September
248679,Vareebadd Phone,1,400.0,2019-09-15 11:04:00,"47 Meadow St, San Francisco, CA 94016",September
255399,Vareebadd Phone,1,400.0,2019-09-30 11:42:00,"854 Lakeview St, New York City, NY 10001",September
250932,Vareebadd Phone,1,400.0,2019-09-15 09:54:00,"645 5th St, Los Angeles, CA 90001",September
258418,Vareebadd Phone,1,400.0,2019-09-16 20:26:00,"584 Wilson St, Los Angeles, CA 90001",September
248752,Vareebadd Phone,1,400.0,2019-09-06 22:02:00,"321 Dogwood St, San Francisco, CA 94016",September
249867,Vareebadd Phone,1,400.0,2019-09-03 12:03:00,"503 Cedar St, Seattle, WA 98101",September
258300,Vareebadd Phone,1,400.0,2019-09-01 18:44:00,"132 Maple St, San Francisco, CA 94016",September
253353,Vareebadd Phone,1,400.0,2019-09-08 13:45:00,"92 Ridge St, Portland, OR 97035",September
254695,Vareebadd Phone,1,400.0,2019-09-07 20:33:00,"490 North St, New York City, NY 10001",September
257351,Vareebadd Phone,1,400.0,2019-09-17 13:31:00,"752 14th St, San Francisco, CA 94016",September
257962,Vareebadd Phone,1,400.0,2019-09-07 23:27:00,"150 West St, Los Angeles, CA 90001",September
253603,Vareebadd Phone,1,400.0,2019-09-12 07:22:00,"396 6th St, San Francisco, CA 94016",September
252669,Vareebadd Phone,1,400.0,2019-09-02 10:25:00,"598 Chestnut St, New York City, NY 10001",September
258220,Vareebadd Phone,1,400.0,2019-09-09 10:37:00,"607 7th St, Los Angeles, CA 90001",September
256549,Vareebadd Phone,1,400.0,2019-09-23 08:42:00,"555 10th St, Austin, TX 73301",September
264487,Vareebadd Phone,1,400.0,2019-10-25 16:13:00,"943 Pine St, New York City, NY 10001",October
265937,Vareebadd Phone,1,400.0,2019-10-05 08:38:00,"771 Wilson St, San Francisco, CA 94016",October
277488,Vareebadd Phone,1,400.0,2019-10-07 22:38:00,"958 5th St, Dallas, TX 75001",October
260915,Vareebadd Phone,1,400.0,2019-10-27 22:52:00,"100 Johnson St, Atlanta, GA 30301",October
266977,Vareebadd Phone,1,400.0,2019-10-22 10:14:00,"757 Chestnut St, Seattle, WA 98101",October
269317,Vareebadd Phone,1,400.0,2019-10-31 11:09:00,"545 Lake St, San Francisco, CA 94016",October
274484,Vareebadd Phone,1,400.0,2019-10-13 12:33:00,"205 Wilson St, Dallas, TX 75001",October
264090,Vareebadd Phone,1,400.0,2019-10-02 21:16:00,"971 Washington St, Seattle, WA 98101",October
267717,Vareebadd Phone,1,400.0,2019-10-29 13:04:00,"294 South St, Austin, TX 73301",October
268207,Vareebadd Phone,1,400.0,2019-10-27 19:58:00,"7 Maple St, Dallas, TX 75001",October
268294,Vareebadd Phone,1,400.0,2019-10-13 16:01:00,"653 Washington St, San Francisco, CA 94016",October
267149,Vareebadd Phone,1,400.0,2019-10-03 12:28:00,"684 Dogwood St, Dallas, TX 75001",October
268871,Vareebadd Phone,1,400.0,2019-10-27 22:16:00,"473 14th St, San Francisco, CA 94016",October
261470,Vareebadd Phone,1,400.0,2019-10-07 13:58:00,"548 West St, Portland, OR 97035",October
262026,Vareebadd Phone,1,400.0,2019-10-24 20:04:00,"758 Lakeview St, Los Angeles, CA 90001",October
271832,Vareebadd Phone,1,400.0,2019-10-30 13:59:00,"855 Pine St, San Francisco, CA 94016",October
271956,Vareebadd Phone,1,400.0,2019-10-14 06:59:00,"595 Johnson St, Los Angeles, CA 90001",October
265524,Vareebadd Phone,1,400.0,2019-10-09 21:09:00,"177 Spruce St, San Francisco, CA 94016",October
276914,Vareebadd Phone,1,400.0,2019-10-16 09:07:00,"766 Hill St, Los Angeles, CA 90001",October
270558,Vareebadd Phone,1,400.0,2019-10-09 08:24:00,"841 6th St, San Francisco, CA 94016",October
272937,Vareebadd Phone,1,400.0,2019-10-27 10:32:00,"907 Chestnut St, Portland, OR 97035",October
268631,Vareebadd Phone,1,400.0,2019-10-21 20:41:00,"865 Maple St, New York City, NY 10001",October
270327,Vareebadd Phone,1,400.0,2019-10-21 20:04:00,"628 Willow St, San Francisco, CA 94016",October
269409,Vareebadd Phone,1,400.0,2019-10-03 12:43:00,"307 Willow St, Boston, MA 02215",October
260329,Vareebadd Phone,1,400.0,2019-10-20 13:46:00,"808 South St, New York City, NY 10001",October
274343,Vareebadd Phone,1,400.0,2019-10-29 13:45:00,"182 Hickory St, Dallas, TX 75001",October
278171,Vareebadd Phone,1,400.0,2019-10-21 21:25:00,"425 11th St, Atlanta, GA 30301",October
283672,Vareebadd Phone,1,400.0,2019-11-03 23:56:00,"460 10th St, San Francisco, CA 94016",November
284205,Vareebadd Phone,1,400.0,2019-11-08 08:02:00,"749 South St, San Francisco, CA 94016",November
286821,Vareebadd Phone,1,400.0,2019-11-19 17:59:00,"356 Hill St, Dallas, TX 75001",November
291991,Vareebadd Phone,1,400.0,2019-11-14 17:50:00,"253 Elm St, Boston, MA 02215",November
292747,Vareebadd Phone,1,400.0,2019-11-16 09:54:00,"88 Pine St, Dallas, TX 75001",November
285166,Vareebadd Phone,1,400.0,2019-11-07 16:23:00,"144 South St, Atlanta, GA 30301",November
288632,Vareebadd Phone,1,400.0,2019-11-21 16:54:00,"40 Adams St, Los Angeles, CA 90001",November
283853,Vareebadd Phone,1,400.0,2019-11-23 13:07:00,"713 Forest St, Atlanta, GA 30301",November
285496,Vareebadd Phone,1,400.0,2019-11-08 16:22:00,"922 2nd St, Seattle, WA 98101",November
292509,Vareebadd Phone,1,400.0,2019-11-28 13:32:00,"346 Ridge St, Seattle, WA 98101",November
292941,Vareebadd Phone,1,400.0,2019-11-14 22:41:00,"751 Lake St, Seattle, WA 98101",November
292854,Vareebadd Phone,1,400.0,2019-11-20 17:31:00,"357 Chestnut St, Los Angeles, CA 90001",November
282756,Vareebadd Phone,1,400.0,2019-11-27 11:05:00,"249 Forest St, Los Angeles, CA 90001",November
284686,Vareebadd Phone,1,400.0,2019-11-23 20:18:00,"474 Center St, New York City, NY 10001",November
287054,Vareebadd Phone,1,400.0,2019-11-07 08:03:00,"747 Lake St, Los Angeles, CA 90001",November
287094,Vareebadd Phone,1,400.0,2019-11-04 20:28:00,"187 Park St, Los Angeles, CA 90001",November
293359,Vareebadd Phone,1,400.0,2019-11-28 12:53:00,"848 Jefferson St, Seattle, WA 98101",November
293996,Vareebadd Phone,1,400.0,2019-11-21 00:55:00,"53 North St, San Francisco, CA 94016",November
280266,Vareebadd Phone,1,400.0,2019-11-19 12:47:00,"336 4th St, Portland, OR 97035",November
283308,Vareebadd Phone,1,400.0,2019-11-20 21:30:00,"386 Meadow St, New York City, NY 10001",November
288730,Vareebadd Phone,1,400.0,2019-11-03 14:14:00,"283 Madison St, New York City, NY 10001",November
291193,Vareebadd Phone,1,400.0,2019-11-16 18:37:00,"890 Cedar St, New York City, NY 10001",November
288541,Vareebadd Phone,1,400.0,2019-11-05 16:33:00,"815 7th St, Seattle, WA 98101",November
283055,Vareebadd Phone,1,400.0,2019-11-05 00:54:00,"353 Washington St, Portland, OR 97035",November
285110,Vareebadd Phone,1,400.0,2019-11-02 18:52:00,"12 Ridge St, New York City, NY 10001",November
285151,Vareebadd Phone,1,400.0,2019-11-10 17:21:00,"196 Madison St, San Francisco, CA 94016",November
285443,Vareebadd Phone,1,400.0,2019-11-17 17:00:00,"864 Johnson St, Portland, OR 97035",November
289829,Vareebadd Phone,1,400.0,2019-11-01 18:51:00,"227 Dogwood St, Dallas, TX 75001",November
285459,Vareebadd Phone,1,400.0,2019-11-11 14:29:00,"155 Madison St, San Francisco, CA 94016",November
290593,Vareebadd Phone,1,400.0,2019-11-21 08:45:00,"95 Willow St, Los Angeles, CA 90001",November
291701,Vareebadd Phone,1,400.0,2019-11-23 13:35:00,"900 Forest St, Los Angeles, CA 90001",November
285841,Vareebadd Phone,1,400.0,2019-11-11 17:55:00,"549 Sunset St, San Francisco, CA 94016",November
290793,Vareebadd Phone,1,400.0,2019-11-20 09:58:00,"78 Madison St, Atlanta, GA 30301",November
292220,Vareebadd Phone,1,400.0,2019-11-14 22:44:00,"292 Johnson St, New York City, NY 10001",November
280158,Vareebadd Phone,1,400.0,2019-11-19 17:42:00,"374 13th St, Los Angeles, CA 90001",November
294231,Vareebadd Phone,1,400.0,2019-11-13 22:17:00,"47 13th St, Boston, MA 02215",November
301884,Vareebadd Phone,1,400.0,2019-12-28 13:11:00,"463 Ridge St, San Francisco, CA 94016",December
307814,Vareebadd Phone,1,400.0,2019-12-04 15:19:00,"183 7th St, Portland, OR 97035",December
315911,Vareebadd Phone,1,400.0,2019-12-21 20:30:00,"465 Highland St, Boston, MA 02215",December
307110,Vareebadd Phone,1,400.0,2019-12-01 21:19:00,"921 Jefferson St, San Francisco, CA 94016",December
306533,Vareebadd Phone,1,400.0,2019-12-06 19:38:00,"394 Main St, New York City, NY 10001",December
319668,Vareebadd Phone,1,400.0,2019-12-09 06:43:00,"273 Wilson St, Seattle, WA 98101",December
298844,Vareebadd Phone,1,400.0,2019-12-23 14:41:00,"193 Wilson St, Dallas, TX 75001",December
312864,Vareebadd Phone,1,400.0,2019-12-06 23:44:00,"338 Cherry St, San Francisco, CA 94016",December
307427,Vareebadd Phone,1,400.0,2019-12-25 22:14:00,"559 4th St, San Francisco, CA 94016",December
305556,Vareebadd Phone,1,400.0,2019-12-17 21:49:00,"234 Dogwood St, Portland, OR 97035",December
296670,Vareebadd Phone,1,400.0,2019-12-09 06:47:00,"918 Ridge St, San Francisco, CA 94016",December
304250,Vareebadd Phone,1,400.0,2019-12-30 09:49:00,"270 Adams St, San Francisco, CA 94016",December
305246,Vareebadd Phone,1,400.0,2019-12-31 08:59:00,"693 Maple St, Dallas, TX 75001",December
306611,Vareebadd Phone,1,400.0,2019-12-24 16:38:00,"53 Dogwood St, Los Angeles, CA 90001",December
300480,Vareebadd Phone,1,400.0,2019-12-04 18:07:00,"342 Dogwood St, New York City, NY 10001",December
301059,Vareebadd Phone,1,400.0,2019-12-03 19:55:00,"64 10th St, Austin, TX 73301",December
317439,Vareebadd Phone,1,400.0,2019-12-30 17:42:00,"739 7th St, Boston, MA 02215",December
313373,Vareebadd Phone,1,400.0,2019-12-30 21:16:00,"991 1st St, Los Angeles, CA 90001",December
317463,Vareebadd Phone,1,400.0,2019-12-16 16:38:00,"8 Main St, Los Angeles, CA 90001",December
310694,Vareebadd Phone,1,400.0,2019-12-06 13:08:00,"696 Meadow St, Seattle, WA 98101",December
313133,Vareebadd Phone,1,400.0,2019-12-04 04:37:00,"578 Elm St, Dallas, TX 75001",December
299745,Vareebadd Phone,1,400.0,2019-12-27 16:14:00,"180 Center St, Portland, OR 97035",December
315331,Vareebadd Phone,1,400.0,2019-12-30 22:27:00,"567 Jackson St, Seattle, WA 98101",December
318484,Vareebadd Phone,1,400.0,2019-12-06 17:28:00,"635 Madison St, Los Angeles, CA 90001",December
309143,Vareebadd Phone,1,400.0,2019-12-10 15:28:00,"422 Pine St, Boston, MA 02215",December
316301,Vareebadd Phone,1,400.0,2019-12-30 19:13:00,"585 9th St, San Francisco, CA 94016",December
315952,Vareebadd Phone,1,400.0,2019-12-12 05:30:00,"743 Maple St, Dallas, TX 75001",December
316877,Vareebadd Phone,1,400.0,2019-12-09 14:58:00,"231 4th St, Atlanta, GA 30301",December
318980,Vareebadd Phone,1,400.0,2019-12-07 20:16:00,"554 8th St, Los Angeles, CA 90001",December
297076,Vareebadd Phone,1,400.0,2019-12-03 05:35:00,"471 10th St, San Francisco, CA 94016",December
297945,Vareebadd Phone,1,400.0,2019-12-29 15:48:00,"181 Church St, Boston, MA 02215",December
238734,Vareebadd Phone,1,400.0,2019-08-13 11:52:00,"744 Lincoln St, Austin, TX 73301",August
286581,Vareebadd Phone,1,400.0,2019-11-21 21:25:00,"108 West St, San Francisco, CA 94016",November
289055,Vareebadd Phone,1,400.0,2019-11-29 18:34:00,"435 Adams St, Dallas, TX 75001",November
316750,Vareebadd Phone,1,400.0,2019-12-05 17:39:00,"582 12th St, Dallas, TX 75001",December
309893,Vareebadd Phone,1,400.0,2019-12-01 18:15:00,"22 Washington St, Austin, TX 73301",December
314361,Vareebadd Phone,1,400.0,2019-12-12 00:16:00,"277 Walnut St, Dallas, TX 75001",December
300630,Vareebadd Phone,1,400.0,2019-12-23 14:38:00,"416 Johnson St, New York City, NY 10001",December
311194,Vareebadd Phone,1,400.0,2019-12-09 18:49:00,"462 14th St, Seattle, WA 98101",December
311303,Vareebadd Phone,1,400.0,2019-12-04 18:48:00,"504 Hill St, San Francisco, CA 94016",December
316902,Vareebadd Phone,1,400.0,2019-12-18 11:39:00,"645 Ridge St, San Francisco, CA 94016",December
309712,Vareebadd Phone,1,400.0,2019-12-03 15:39:00,"425 Wilson St, New York City, NY 10001",December
298947,Vareebadd Phone,1,400.0,2019-12-09 10:31:00,"303 8th St, New York City, NY 10001",December
305481,Vareebadd Phone,1,400.0,2019-12-31 10:05:00,"69 Chestnut St, Los Angeles, CA 90001",December
308414,Vareebadd Phone,1,400.0,2019-12-05 13:19:00,"879 Jackson St, Boston, MA 02215",December
296443,Vareebadd Phone,1,400.0,2019-12-20 10:49:00,"181 12th St, Austin, TX 73301",December
315164,Vareebadd Phone,1,400.0,2019-12-20 14:28:00,"567 12th St, Portland, OR 97035",December
316112,Vareebadd Phone,1,400.0,2019-12-15 14:21:00,"192 9th St, New York City, NY 10001",December
296028,Vareebadd Phone,1,400.0,2019-12-04 18:45:00,"216 Maple St, Los Angeles, CA 90001",December
309265,Vareebadd Phone,1,400.0,2019-12-03 12:26:00,"594 6th St, San Francisco, CA 94016",December
299979,Vareebadd Phone,1,400.0,2019-12-17 20:01:00,"696 Madison St, Portland, OR 97035",December
308167,Vareebadd Phone,1,400.0,2019-12-29 08:20:00,"699 Lincoln St, New York City, NY 10001",December
313093,Vareebadd Phone,1,400.0,2019-12-18 06:56:00,"90 13th St, Dallas, TX 75001",December
146625,Vareebadd Phone,1,400.0,2019-01-12 10:16:00,"94 Meadow St, New York City, NY 10001",January
147996,Vareebadd Phone,1,400.0,2019-01-06 16:57:00,"709 Spruce St, New York City, NY 10001",January
141676,Vareebadd Phone,1,400.0,2019-01-13 11:41:00,"35 13th St, Portland, OR 97035",January
147015,Vareebadd Phone,1,400.0,2019-01-27 21:41:00,"410 Highland St, San Francisco, CA 94016",January
149486,Vareebadd Phone,1,400.0,2019-01-09 23:04:00,"583 Jefferson St, Portland, OR 97035",January
148959,Vareebadd Phone,1,400.0,2019-01-27 17:03:00,"915 River St, Boston, MA 02215",January
145205,Vareebadd Phone,1,400.0,2019-01-18 09:32:00,"171 Jackson St, New York City, NY 10001",January
150404,Vareebadd Phone,1,400.0,2019-01-15 22:46:00,"596 Lincoln St, New York City, NY 10001",January
143196,Vareebadd Phone,1,400.0,2019-01-20 18:45:00,"670 Wilson St, New York City, NY 10001",January
143861,Vareebadd Phone,1,400.0,2019-01-12 09:18:00,"902 Jefferson St, Austin, TX 73301",January
145166,Vareebadd Phone,1,400.0,2019-01-17 11:04:00,"177 Spruce St, San Francisco, CA 94016",January
147688,Vareebadd Phone,1,400.0,2019-01-17 18:10:00,"472 Johnson St, New York City, NY 10001",January
149653,Vareebadd Phone,1,400.0,2019-01-16 13:56:00,"285 Cedar St, San Francisco, CA 94016",January
142932,Vareebadd Phone,1,400.0,2019-01-11 10:24:00,"97 Jefferson St, New York City, NY 10001",January
142717,Vareebadd Phone,1,400.0,2019-01-20 20:24:00,"822 9th St, Portland, ME 04101",January
145231,Vareebadd Phone,1,400.0,2019-01-20 21:35:00,"949 Forest St, Boston, MA 02215",January
142400,Vareebadd Phone,1,400.0,2019-01-26 07:00:00,"61 2nd St, Seattle, WA 98101",January
147444,Vareebadd Phone,1,400.0,2019-01-01 22:37:00,"585 Pine St, Atlanta, GA 30301",January
143483,Vareebadd Phone,1,400.0,2019-01-23 17:32:00,"727 11th St, San Francisco, CA 94016",January
150192,Vareebadd Phone,1,400.0,2019-01-15 15:24:00,"640 Highland St, New York City, NY 10001",January
143288,Vareebadd Phone,1,400.0,2019-01-16 19:06:00,"587 Main St, San Francisco, CA 94016",January
144036,Vareebadd Phone,1,400.0,2019-01-24 20:08:00,"569 Jackson St, San Francisco, CA 94016",January
142144,Vareebadd Phone,1,400.0,2019-01-04 04:31:00,"399 Lincoln St, New York City, NY 10001",January
149499,Vareebadd Phone,2,400.0,2019-01-28 16:55:00,"961 Jefferson St, New York City, NY 10001",January
160444,Vareebadd Phone,1,400.0,2019-02-23 21:04:00,"269 Cherry St, Los Angeles, CA 90001",February
161746,Vareebadd Phone,1,400.0,2019-02-22 12:13:00,"885 10th St, San Francisco, CA 94016",February
155567,Vareebadd Phone,1,400.0,2019-02-12 19:32:00,"180 2nd St, Dallas, TX 75001",February
153937,Vareebadd Phone,1,400.0,2019-02-11 08:04:00,"12 Sunset St, San Francisco, CA 94016",February
156443,Vareebadd Phone,1,400.0,2019-02-12 11:56:00,"504 Sunset St, Boston, MA 02215",February
158067,Vareebadd Phone,1,400.0,2019-02-02 20:18:00,"202 8th St, Boston, MA 02215",February
160546,Vareebadd Phone,1,400.0,2019-02-17 22:19:00,"11 Cedar St, New York City, NY 10001",February
156295,Vareebadd Phone,1,400.0,2019-02-02 08:51:00,"351 7th St, New York City, NY 10001",February
161739,Vareebadd Phone,1,400.0,2019-02-02 14:26:00,"765 13th St, Boston, MA 02215",February
154090,Vareebadd Phone,1,400.0,2019-02-27 13:55:00,"926 South St, Atlanta, GA 30301",February
159862,Vareebadd Phone,1,400.0,2019-02-14 14:55:00,"34 Maple St, Portland, OR 97035",February
157201,Vareebadd Phone,1,400.0,2019-02-20 11:36:00,"51 River St, Dallas, TX 75001",February
159858,Vareebadd Phone,1,400.0,2019-02-27 12:33:00,"248 Church St, Boston, MA 02215",February
159088,Vareebadd Phone,1,400.0,2019-02-14 07:18:00,"106 Elm St, San Francisco, CA 94016",February
153776,Vareebadd Phone,1,400.0,2019-02-08 22:58:00,"102 South St, Los Angeles, CA 90001",February
161225,Vareebadd Phone,1,400.0,2019-02-16 21:13:00,"285 Lakeview St, San Francisco, CA 94016",February
159207,Vareebadd Phone,1,400.0,2019-02-28 18:14:00,"492 Lakeview St, Los Angeles, CA 90001",February
153002,Vareebadd Phone,1,400.0,2019-02-06 15:23:00,"9 Walnut St, Dallas, TX 75001",February
152057,Vareebadd Phone,1,400.0,2019-02-22 16:32:00,"836 Spruce St, Los Angeles, CA 90001",February
161757,Vareebadd Phone,1,400.0,2019-02-02 19:03:00,"138 Walnut St, Boston, MA 02215",February
153229,Vareebadd Phone,1,400.0,2019-02-14 19:20:00,"120 Pine St, Los Angeles, CA 90001",February
157693,Vareebadd Phone,1,400.0,2019-02-05 10:12:00,"90 North St, Atlanta, GA 30301",February
151764,Vareebadd Phone,1,400.0,2019-02-02 19:20:00,"820 River St, New York City, NY 10001",February
163902,Vareebadd Phone,1,400.0,2019-03-04 22:08:00,"185 Meadow St, San Francisco, CA 94016",March
171724,Vareebadd Phone,1,400.0,2019-03-20 22:03:00,"729 Main St, Dallas, TX 75001",March
165509,Vareebadd Phone,1,400.0,2019-03-30 14:59:00,"987 Lake St, San Francisco, CA 94016",March
176073,Vareebadd Phone,1,400.0,2019-03-06 14:07:00,"631 9th St, Los Angeles, CA 90001",March
162071,Vareebadd Phone,1,400.0,2019-03-30 20:23:00,"334 Jackson St, Atlanta, GA 30301",March
162329,Vareebadd Phone,1,400.0,2019-03-26 14:50:00,"42 Sunset St, Boston, MA 02215",March
173066,Vareebadd Phone,1,400.0,2019-03-11 13:50:00,"380 10th St, New York City, NY 10001",March
162616,Vareebadd Phone,1,400.0,2019-03-31 13:00:00,"287 Adams St, Dallas, TX 75001",March
164639,Vareebadd Phone,1,400.0,2019-03-12 19:45:00,"857 Center St, Boston, MA 02215",March
164744,Vareebadd Phone,1,400.0,2019-03-07 16:44:00,"320 North St, Los Angeles, CA 90001",March
165763,Vareebadd Phone,1,400.0,2019-03-08 21:12:00,"585 Chestnut St, San Francisco, CA 94016",March
167321,Vareebadd Phone,1,400.0,2019-03-26 00:13:00,"689 Washington St, Austin, TX 73301",March
165305,Vareebadd Phone,1,400.0,2019-03-05 19:24:00,"393 Highland St, San Francisco, CA 94016",March
165255,Vareebadd Phone,1,400.0,2019-03-09 18:46:00,"400 Center St, San Francisco, CA 94016",March
172410,Vareebadd Phone,1,400.0,2019-03-14 08:37:00,"282 6th St, Boston, MA 02215",March
164642,Vareebadd Phone,1,400.0,2019-03-17 11:11:00,"147 Center St, Atlanta, GA 30301",March
169330,Vareebadd Phone,1,400.0,2019-03-22 16:34:00,"352 13th St, Dallas, TX 75001",March
174671,Vareebadd Phone,1,400.0,2019-03-27 23:36:00,"969 Meadow St, Atlanta, GA 30301",March
175944,Vareebadd Phone,1,400.0,2019-03-18 11:00:00,"209 Johnson St, Austin, TX 73301",March
165051,Vareebadd Phone,1,400.0,2019-03-16 00:07:00,"554 Chestnut St, San Francisco, CA 94016",March
174953,Vareebadd Phone,1,400.0,2019-03-14 20:55:00,"394 Church St, Portland, OR 97035",March
182124,Vareebadd Phone,1,400.0,2019-04-01 13:24:00,"500 Hickory St, Los Angeles, CA 90001",April
177679,Vareebadd Phone,1,400.0,2019-04-08 17:21:00,"789 South St, Atlanta, GA 30301",April
190317,Vareebadd Phone,1,400.0,2019-04-17 20:00:00,"984 Jackson St, Portland, ME 04101",April
192216,Vareebadd Phone,1,400.0,2019-04-22 19:12:00,"683 Jefferson St, New York City, NY 10001",April
180558,Vareebadd Phone,1,400.0,2019-04-03 12:31:00,"386 Hickory St, Los Angeles, CA 90001",April
183861,Vareebadd Phone,1,400.0,2019-04-29 09:04:00,"748 Ridge St, San Francisco, CA 94016",April
187057,Vareebadd Phone,1,400.0,2019-04-15 21:42:00,"164 2nd St, Dallas, TX 75001",April
183571,Vareebadd Phone,1,400.0,2019-04-28 18:12:00,"273 Spruce St, Boston, MA 02215",April
189310,Vareebadd Phone,1,400.0,2019-04-18 11:55:00,"77 12th St, San Francisco, CA 94016",April
191695,Vareebadd Phone,1,400.0,2019-04-07 14:14:00,"893 Cherry St, Boston, MA 02215",April
192971,Vareebadd Phone,1,400.0,2019-04-23 12:45:00,"532 Sunset St, Los Angeles, CA 90001",April
182147,Vareebadd Phone,1,400.0,2019-04-06 13:31:00,"967 Johnson St, Portland, ME 04101",April
188332,Vareebadd Phone,1,400.0,2019-04-16 19:08:00,"346 7th St, New York City, NY 10001",April
186580,Vareebadd Phone,1,400.0,2019-04-14 19:04:00,"192 Hill St, Boston, MA 02215",April
181271,Vareebadd Phone,1,400.0,2019-04-09 08:17:00,"860 Hickory St, Portland, OR 97035",April
184452,Vareebadd Phone,1,400.0,2019-04-01 16:48:00,"659 Chestnut St, New York City, NY 10001",April
193238,Vareebadd Phone,1,400.0,2019-04-29 18:40:00,"163 Center St, New York City, NY 10001",April
178278,Vareebadd Phone,1,400.0,2019-04-14 22:22:00,"248 Wilson St, Portland, OR 97035",April
186019,Vareebadd Phone,1,400.0,2019-04-05 20:52:00,"214 Sunset St, San Francisco, CA 94016",April
189307,Vareebadd Phone,1,400.0,2019-04-17 15:10:00,"683 Maple St, Boston, MA 02215",April
183971,Vareebadd Phone,1,400.0,2019-04-14 11:43:00,"743 4th St, Austin, TX 73301",April
192586,Vareebadd Phone,1,400.0,2019-04-14 19:03:00,"822 Cedar St, San Francisco, CA 94016",April
185870,Vareebadd Phone,1,400.0,2019-04-04 13:47:00,"624 West St, New York City, NY 10001",April
186263,Vareebadd Phone,1,400.0,2019-04-29 17:35:00,"639 Willow St, Austin, TX 73301",April
184268,Vareebadd Phone,1,400.0,2019-04-23 18:51:00,"155 North St, Los Angeles, CA 90001",April
181979,Vareebadd Phone,1,400.0,2019-04-08 11:04:00,"242 Church St, Boston, MA 02215",April
190690,Vareebadd Phone,1,400.0,2019-04-24 16:58:00,"518 Lincoln St, New York City, NY 10001",April
178341,Vareebadd Phone,1,400.0,2019-04-07 15:44:00,"188 8th St, Dallas, TX 75001",April
183137,Vareebadd Phone,1,400.0,2019-04-21 16:09:00,"985 Hickory St, Boston, MA 02215",April
187217,Vareebadd Phone,1,400.0,2019-04-03 07:39:00,"374 Forest St, San Francisco, CA 94016",April
182469,Vareebadd Phone,1,400.0,2019-04-25 21:27:00,"693 11th St, Los Angeles, CA 90001",April
190834,Vareebadd Phone,1,400.0,2019-04-25 19:53:00,"506 Jackson St, New York City, NY 10001",April
184735,Vareebadd Phone,1,400.0,2019-04-13 11:45:00,"747 Pine St, Los Angeles, CA 90001",April
187416,Vareebadd Phone,1,400.0,2019-04-20 12:25:00,"373 Forest St, Los Angeles, CA 90001",April
186694,Vareebadd Phone,1,400.0,2019-04-18 18:22:00,"255 Lakeview St, San Francisco, CA 94016",April
192825,Vareebadd Phone,1,400.0,2019-04-16 14:55:00,"807 10th St, Dallas, TX 75001",April
184379,Vareebadd Phone,1,400.0,2019-04-13 21:07:00,"677 Maple St, Austin, TX 73301",April
187932,Vareebadd Phone,1,400.0,2019-04-11 19:47:00,"154 8th St, Portland, OR 97035",April
195136,Vareebadd Phone,1,400.0,2019-05-31 15:07:00,"213 Park St, San Francisco, CA 94016",May
200141,Vareebadd Phone,1,400.0,2019-05-27 16:47:00,"44 10th St, New York City, NY 10001",May
199234,Vareebadd Phone,1,400.0,2019-05-11 13:09:00,"944 8th St, San Francisco, CA 94016",May
209858,Vareebadd Phone,1,400.0,2019-05-21 19:45:00,"615 10th St, New York City, NY 10001",May
204881,Vareebadd Phone,1,400.0,2019-05-26 16:09:00,"631 Church St, San Francisco, CA 94016",May
208043,Vareebadd Phone,1,400.0,2019-05-25 20:58:00,"560 Dogwood St, New York City, NY 10001",May
208632,Vareebadd Phone,1,400.0,2019-05-14 18:58:00,"437 Park St, San Francisco, CA 94016",May
206161,Vareebadd Phone,1,400.0,2019-05-03 12:19:00,"843 Madison St, Portland, OR 97035",May
200726,Vareebadd Phone,1,400.0,2019-05-17 06:24:00,"579 12th St, San Francisco, CA 94016",May
196739,Vareebadd Phone,1,400.0,2019-05-28 01:01:00,"956 Sunset St, San Francisco, CA 94016",May
198276,Vareebadd Phone,1,400.0,2019-05-28 01:53:00,"324 Center St, San Francisco, CA 94016",May
198363,Vareebadd Phone,1,400.0,2019-05-16 10:31:00,"191 1st St, Portland, ME 04101",May
209449,Vareebadd Phone,1,400.0,2019-05-15 12:32:00,"672 Main St, Dallas, TX 75001",May
196638,Vareebadd Phone,1,400.0,2019-06-01 01:51:00,"612 North St, Atlanta, GA 30301",June
203608,Vareebadd Phone,1,400.0,2019-05-09 20:17:00,"195 13th St, Portland, OR 97035",May
194895,Vareebadd Phone,1,400.0,2019-05-01 14:53:00,"547 8th St, Seattle, WA 98101",May
202559,Vareebadd Phone,1,400.0,2019-05-16 22:37:00,"585 Meadow St, Atlanta, GA 30301",May
209477,Vareebadd Phone,1,400.0,2019-05-04 11:32:00,"987 5th St, New York City, NY 10001",May
194382,Vareebadd Phone,1,400.0,2019-05-20 14:54:00,"897 Wilson St, San Francisco, CA 94016",May
201569,Vareebadd Phone,1,400.0,2019-05-14 21:28:00,"12 12th St, San Francisco, CA 94016",May
204128,Vareebadd Phone,1,400.0,2019-05-19 01:31:00,"759 10th St, San Francisco, CA 94016",May
204435,Vareebadd Phone,1,400.0,2019-05-29 20:38:00,"902 8th St, Seattle, WA 98101",May
195725,Vareebadd Phone,1,400.0,2019-05-21 09:47:00,"280 Dogwood St, San Francisco, CA 94016",May
201764,Vareebadd Phone,1,400.0,2019-05-26 16:45:00,"944 South St, Boston, MA 02215",May
204674,Vareebadd Phone,1,400.0,2019-05-29 10:54:00,"7 Maple St, Austin, TX 73301",May
199849,Vareebadd Phone,1,400.0,2019-05-07 13:57:00,"786 West St, Seattle, WA 98101",May
204113,Vareebadd Phone,1,400.0,2019-05-28 20:06:00,"900 Meadow St, Atlanta, GA 30301",May
205529,Vareebadd Phone,1,400.0,2019-05-20 09:00:00,"822 Wilson St, San Francisco, CA 94016",May
203034,Vareebadd Phone,1,400.0,2019-05-14 20:15:00,"785 1st St, Los Angeles, CA 90001",May
208904,Vareebadd Phone,1,400.0,2019-05-03 07:28:00,"924 14th St, San Francisco, CA 94016",May
198183,Vareebadd Phone,1,400.0,2019-05-22 18:55:00,"112 7th St, San Francisco, CA 94016",May
207176,Vareebadd Phone,1,400.0,2019-05-17 04:52:00,"237 4th St, San Francisco, CA 94016",May
209536,Vareebadd Phone,1,400.0,2019-05-21 20:04:00,"587 Cedar St, Los Angeles, CA 90001",May
197392,Vareebadd Phone,1,400.0,2019-05-02 19:33:00,"478 4th St, Atlanta, GA 30301",May
202578,Vareebadd Phone,1,400.0,2019-05-31 23:21:00,"925 14th St, Los Angeles, CA 90001",May
203676,Vareebadd Phone,1,400.0,2019-05-20 21:42:00,"234 Jefferson St, Boston, MA 02215",May
197593,Vareebadd Phone,1,400.0,2019-05-26 22:21:00,"135 River St, San Francisco, CA 94016",May
207846,Vareebadd Phone,1,400.0,2019-05-25 13:12:00,"439 Sunset St, San Francisco, CA 94016",May
213738,Vareebadd Phone,1,400.0,2019-06-23 10:58:00,"368 Spruce St, Portland, ME 04101",June
220848,Vareebadd Phone,1,400.0,2019-06-14 09:21:00,"601 North St, Atlanta, GA 30301",June
219751,Vareebadd Phone,1,400.0,2019-06-01 15:44:00,"887 4th St, Austin, TX 73301",June
212886,Vareebadd Phone,1,400.0,2019-06-24 13:29:00,"378 8th St, Boston, MA 02215",June
216769,Vareebadd Phone,1,400.0,2019-06-14 22:00:00,"345 Park St, Atlanta, GA 30301",June
218324,Vareebadd Phone,1,400.0,2019-06-09 21:40:00,"540 Adams St, Boston, MA 02215",June
222782,Vareebadd Phone,1,400.0,2019-06-05 18:23:00,"417 Elm St, Los Angeles, CA 90001",June
216558,Vareebadd Phone,1,400.0,2019-06-07 22:03:00,"96 Johnson St, Los Angeles, CA 90001",June
216611,Vareebadd Phone,1,400.0,2019-06-19 18:26:00,"562 Ridge St, Los Angeles, CA 90001",June
218530,Vareebadd Phone,1,400.0,2019-06-12 00:22:00,"199 Chestnut St, New York City, NY 10001",June
210995,Vareebadd Phone,1,400.0,2019-06-26 14:37:00,"619 Ridge St, Atlanta, GA 30301",June
217995,Vareebadd Phone,1,400.0,2019-06-12 11:42:00,"383 Pine St, San Francisco, CA 94016",June
210271,Vareebadd Phone,1,400.0,2019-06-15 16:00:00,"318 Church St, San Francisco, CA 94016",June
222221,Vareebadd Phone,1,400.0,2019-06-07 16:28:00,"79 Washington St, Atlanta, GA 30301",June
222555,Vareebadd Phone,1,400.0,2019-06-20 12:23:00,"993 Cedar St, New York City, NY 10001",June
215445,Vareebadd Phone,1,400.0,2019-06-16 14:59:00,"980 4th St, Dallas, TX 75001",June
215895,Vareebadd Phone,1,400.0,2019-06-07 14:48:00,"837 Elm St, Portland, OR 97035",June
213190,Vareebadd Phone,1,400.0,2019-06-17 17:16:00,"506 Highland St, Austin, TX 73301",June
213300,Vareebadd Phone,1,400.0,2019-06-24 16:54:00,"110 Jefferson St, Dallas, TX 75001",June
219033,Vareebadd Phone,1,400.0,2019-06-30 08:48:00,"479 Center St, Boston, MA 02215",June
218841,Vareebadd Phone,1,400.0,2019-06-03 13:22:00,"986 River St, Boston, MA 02215",June
211100,Vareebadd Phone,1,400.0,2019-06-25 16:47:00,"342 Main St, Los Angeles, CA 90001",June
210872,Vareebadd Phone,1,400.0,2019-06-09 17:24:00,"166 Church St, New York City, NY 10001",June
214666,Vareebadd Phone,1,400.0,2019-06-01 18:15:00,"686 7th St, Los Angeles, CA 90001",June
211939,Vareebadd Phone,1,400.0,2019-06-29 18:38:00,"43 Lake St, New York City, NY 10001",June
216346,Vareebadd Phone,1,400.0,2019-06-13 14:54:00,"730 7th St, Atlanta, GA 30301",June
217053,Vareebadd Phone,1,400.0,2019-06-14 12:57:00,"462 Meadow St, San Francisco, CA 94016",June
232520,Vareebadd Phone,1,400.0,2019-07-23 19:17:00,"279 Lincoln St, San Francisco, CA 94016",July
225489,Vareebadd Phone,1,400.0,2019-07-16 09:26:00,"509 9th St, San Francisco, CA 94016",July
235584,Vareebadd Phone,1,400.0,2019-07-04 10:38:00,"366 6th St, Seattle, WA 98101",July
224481,Vareebadd Phone,1,400.0,2019-07-21 00:11:00,"487 Maple St, Seattle, WA 98101",July
226752,Vareebadd Phone,1,400.0,2019-07-21 15:28:00,"538 Ridge St, San Francisco, CA 94016",July
231847,Vareebadd Phone,1,400.0,2019-07-13 20:16:00,"791 Jackson St, Seattle, WA 98101",July
228003,Vareebadd Phone,1,400.0,2019-07-16 13:48:00,"508 Maple St, New York City, NY 10001",July
231833,Vareebadd Phone,1,400.0,2019-07-04 21:17:00,"338 Church St, San Francisco, CA 94016",July
228939,Vareebadd Phone,1,400.0,2019-07-28 23:30:00,"898 Johnson St, Dallas, TX 75001",July
232261,Vareebadd Phone,1,400.0,2019-07-09 20:14:00,"547 Adams St, Boston, MA 02215",July
232897,Vareebadd Phone,1,400.0,2019-07-21 14:25:00,"874 Dogwood St, Atlanta, GA 30301",July
225722,Vareebadd Phone,1,400.0,2019-07-10 11:20:00,"356 Elm St, San Francisco, CA 94016",July
227855,Vareebadd Phone,1,400.0,2019-07-03 19:14:00,"799 Park St, Los Angeles, CA 90001",July
228701,Vareebadd Phone,1,400.0,2019-07-06 18:26:00,"852 Madison St, San Francisco, CA 94016",July
226666,Vareebadd Phone,1,400.0,2019-07-28 05:44:00,"146 13th St, Seattle, WA 98101",July
227625,Vareebadd Phone,1,400.0,2019-07-05 23:14:00,"142 Cherry St, San Francisco, CA 94016",July
226659,Vareebadd Phone,1,400.0,2019-07-11 09:06:00,"491 Washington St, Austin, TX 73301",July
228922,Vareebadd Phone,1,400.0,2019-07-05 14:41:00,"699 Washington St, San Francisco, CA 94016",July
228588,Vareebadd Phone,1,400.0,2019-07-04 11:04:00,"961 Spruce St, Atlanta, GA 30301",July
230116,Vareebadd Phone,1,400.0,2019-07-16 08:23:00,"654 Washington St, Los Angeles, CA 90001",July
230729,Vareebadd Phone,1,400.0,2019-07-07 12:30:00,"962 Willow St, Portland, OR 97035",July
233606,Vareebadd Phone,1,400.0,2019-07-15 23:12:00,"918 Johnson St, Boston, MA 02215",July
227463,Vareebadd Phone,1,400.0,2019-07-14 20:44:00,"142 2nd St, Atlanta, GA 30301",July
228808,Vareebadd Phone,1,400.0,2019-07-11 14:54:00,"620 13th St, New York City, NY 10001",July
243909,Vareebadd Phone,1,400.0,2019-08-24 21:24:00,"969 Wilson St, New York City, NY 10001",August
238087,Vareebadd Phone,1,400.0,2019-08-06 13:00:00,"638 Meadow St, New York City, NY 10001",August
237290,Vareebadd Phone,1,400.0,2019-08-21 15:16:00,"926 Ridge St, Dallas, TX 75001",August
247538,Vareebadd Phone,1,400.0,2019-08-17 20:51:00,"833 1st St, Austin, TX 73301",August
239685,Vareebadd Phone,1,400.0,2019-08-01 20:55:00,"85 9th St, New York City, NY 10001",August
246606,Vareebadd Phone,1,400.0,2019-08-29 23:34:00,"964 Lakeview St, Boston, MA 02215",August
240950,Vareebadd Phone,1,400.0,2019-08-25 23:27:00,"89 Madison St, Los Angeles, CA 90001",August
243666,Vareebadd Phone,1,400.0,2019-08-30 20:04:00,"593 Elm St, Seattle, WA 98101",August
245277,Vareebadd Phone,1,400.0,2019-08-24 09:04:00,"467 Church St, Dallas, TX 75001",August
242224,Vareebadd Phone,1,400.0,2019-08-14 10:20:00,"911 2nd St, Atlanta, GA 30301",August
241407,Vareebadd Phone,1,400.0,2019-08-24 19:21:00,"752 Adams St, Boston, MA 02215",August
245112,Vareebadd Phone,1,400.0,2019-08-30 11:34:00,"512 North St, Los Angeles, CA 90001",August
237469,Vareebadd Phone,1,400.0,2019-08-13 16:56:00,"752 Jackson St, Los Angeles, CA 90001",August
238330,Vareebadd Phone,1,400.0,2019-08-15 22:07:00,"384 4th St, Dallas, TX 75001",August
242264,Vareebadd Phone,1,400.0,2019-08-09 19:42:00,"810 Forest St, Austin, TX 73301",August
247637,Vareebadd Phone,1,400.0,2019-08-27 19:48:00,"680 7th St, Seattle, WA 98101",August
236829,Vareebadd Phone,1,400.0,2019-08-16 08:51:00,"27 2nd St, Los Angeles, CA 90001",August
247938,Vareebadd Phone,1,400.0,2019-08-23 19:23:00,"534 Adams St, Portland, OR 97035",August
244916,Vareebadd Phone,1,400.0,2019-08-26 08:40:00,"24 Dogwood St, Atlanta, GA 30301",August
239270,Vareebadd Phone,1,400.0,2019-08-29 18:55:00,"206 Ridge St, Dallas, TX 75001",August
246631,Vareebadd Phone,1,400.0,2019-08-24 15:38:00,"468 Meadow St, San Francisco, CA 94016",August
239444,Vareebadd Phone,1,400.0,2019-08-30 19:23:00,"113 9th St, Atlanta, GA 30301",August
237939,Vareebadd Phone,1,400.0,2019-08-12 15:29:00,"776 7th St, Atlanta, GA 30301",August
238500,Vareebadd Phone,1,400.0,2019-08-16 15:06:00,"302 2nd St, Boston, MA 02215",August
238691,Vareebadd Phone,1,400.0,2019-08-02 19:03:00,"496 Willow St, Dallas, TX 75001",August
251522,Vareebadd Phone,1,400.0,2019-09-14 22:19:00,"675 Forest St, Austin, TX 73301",September
257054,Vareebadd Phone,1,400.0,2019-09-22 17:09:00,"219 Wilson St, New York City, NY 10001",September
252610,Vareebadd Phone,1,400.0,2019-09-18 20:26:00,"50 Lincoln St, Dallas, TX 75001",September
252398,Vareebadd Phone,1,400.0,2019-09-06 14:24:00,"399 North St, San Francisco, CA 94016",September
259254,Vareebadd Phone,1,400.0,2019-09-06 14:02:00,"853 5th St, Los Angeles, CA 90001",September
255067,Vareebadd Phone,1,400.0,2019-09-06 10:38:00,"554 Highland St, Los Angeles, CA 90001",September
248595,Vareebadd Phone,1,400.0,2019-09-21 15:44:00,"912 11th St, Seattle, WA 98101",September
249179,Vareebadd Phone,1,400.0,2019-09-14 22:31:00,"400 Park St, Los Angeles, CA 90001",September
250970,Vareebadd Phone,1,400.0,2019-09-08 11:40:00,"638 Wilson St, Portland, OR 97035",September
249312,Vareebadd Phone,1,400.0,2019-09-18 15:46:00,"882 Church St, Los Angeles, CA 90001",September
250545,Vareebadd Phone,1,400.0,2019-09-27 23:31:00,"948 Cherry St, San Francisco, CA 94016",September
255249,Vareebadd Phone,1,400.0,2019-09-24 21:29:00,"739 South St, New York City, NY 10001",September
255408,Vareebadd Phone,1,400.0,2019-09-01 21:22:00,"317 Meadow St, Portland, OR 97035",September
257626,Vareebadd Phone,1,400.0,2019-09-29 11:21:00,"547 Highland St, Los Angeles, CA 90001",September
251572,Vareebadd Phone,1,400.0,2019-09-21 06:53:00,"754 Adams St, Boston, MA 02215",September
250747,Vareebadd Phone,1,400.0,2019-09-29 13:24:00,"230 9th St, Seattle, WA 98101",September
273813,Vareebadd Phone,1,400.0,2019-10-24 13:07:00,"630 Chestnut St, New York City, NY 10001",October
278009,Vareebadd Phone,1,400.0,2019-10-10 14:20:00,"673 9th St, Dallas, TX 75001",October
268516,Vareebadd Phone,1,400.0,2019-10-01 20:01:00,"890 Dogwood St, New York City, NY 10001",October
275206,Vareebadd Phone,1,400.0,2019-10-19 14:05:00,"836 Meadow St, Los Angeles, CA 90001",October
260794,Vareebadd Phone,1,400.0,2019-10-21 14:23:00,"257 9th St, New York City, NY 10001",October
271629,Vareebadd Phone,1,400.0,2019-10-05 22:52:00,"966 Lake St, New York City, NY 10001",October
274827,Vareebadd Phone,1,400.0,2019-10-01 13:06:00,"745 Walnut St, Seattle, WA 98101",October
261851,Vareebadd Phone,1,400.0,2019-10-06 18:39:00,"592 Willow St, Los Angeles, CA 90001",October
274584,Vareebadd Phone,1,400.0,2019-10-07 15:32:00,"386 Spruce St, Dallas, TX 75001",October
264099,Vareebadd Phone,1,400.0,2019-10-17 08:54:00,"217 4th St, Dallas, TX 75001",October
272326,Vareebadd Phone,1,400.0,2019-10-28 19:39:00,"692 Main St, San Francisco, CA 94016",October
274629,Vareebadd Phone,1,400.0,2019-10-23 06:05:00,"470 North St, San Francisco, CA 94016",October
275926,Vareebadd Phone,1,400.0,2019-10-03 08:33:00,"906 Elm St, Seattle, WA 98101",October
268521,Vareebadd Phone,1,400.0,2019-10-18 21:11:00,"744 12th St, Seattle, WA 98101",October
260023,Vareebadd Phone,1,400.0,2019-10-19 09:11:00,"224 Lake St, Atlanta, GA 30301",October
264875,Vareebadd Phone,1,400.0,2019-10-30 15:18:00,"918 Spruce St, San Francisco, CA 94016",October
267569,Vareebadd Phone,1,400.0,2019-10-23 22:48:00,"338 4th St, Atlanta, GA 30301",October
272518,Vareebadd Phone,1,400.0,2019-10-08 20:31:00,"32 4th St, San Francisco, CA 94016",October
261974,Vareebadd Phone,1,400.0,2019-10-16 15:49:00,"149 Main St, Boston, MA 02215",October
262882,Vareebadd Phone,1,400.0,2019-10-06 17:09:00,"627 10th St, Austin, TX 73301",October
264171,Vareebadd Phone,1,400.0,2019-10-15 22:11:00,"815 North St, Dallas, TX 75001",October
273040,Vareebadd Phone,1,400.0,2019-10-27 16:32:00,"441 Park St, Boston, MA 02215",October
269195,Vareebadd Phone,1,400.0,2019-10-31 11:11:00,"339 Washington St, Seattle, WA 98101",October
277190,Vareebadd Phone,1,400.0,2019-10-20 19:05:00,"972 Pine St, Boston, MA 02215",October
273791,Vareebadd Phone,1,400.0,2019-10-24 19:27:00,"141 Jackson St, New York City, NY 10001",October
274139,Vareebadd Phone,1,400.0,2019-10-29 10:22:00,"453 Spruce St, Los Angeles, CA 90001",October
264626,Vareebadd Phone,1,400.0,2019-10-31 07:52:00,"594 River St, Atlanta, GA 30301",October
272193,Vareebadd Phone,1,400.0,2019-10-07 07:56:00,"265 Main St, Boston, MA 02215",October
273926,Vareebadd Phone,1,400.0,2019-10-28 15:45:00,"848 11th St, Seattle, WA 98101",October
268037,Vareebadd Phone,1,400.0,2019-10-06 21:32:00,"36 7th St, Portland, OR 97035",October
271668,Vareebadd Phone,1,400.0,2019-10-19 21:51:00,"288 Walnut St, Seattle, WA 98101",October
264410,Vareebadd Phone,1,400.0,2019-10-15 14:48:00,"88 Cherry St, San Francisco, CA 94016",October
269945,Vareebadd Phone,1,400.0,2019-10-26 14:26:00,"130 6th St, Boston, MA 02215",October
273396,Vareebadd Phone,1,400.0,2019-10-29 01:36:00,"624 Elm St, San Francisco, CA 94016",October
273875,Vareebadd Phone,1,400.0,2019-10-28 13:55:00,"167 11th St, Austin, TX 73301",October
267115,Vareebadd Phone,1,400.0,2019-10-20 10:59:00,"562 Johnson St, Seattle, WA 98101",October
264531,Vareebadd Phone,1,400.0,2019-10-03 13:17:00,"298 Hill St, San Francisco, CA 94016",October
274306,Vareebadd Phone,1,400.0,2019-10-13 15:40:00,"718 Spruce St, New York City, NY 10001",October
287461,Vareebadd Phone,1,400.0,2019-11-01 19:14:00,"803 Chestnut St, Seattle, WA 98101",November
285534,Vareebadd Phone,1,400.0,2019-11-24 13:05:00,"902 6th St, New York City, NY 10001",November
283761,Vareebadd Phone,1,400.0,2019-11-25 15:42:00,"532 13th St, Portland, OR 97035",November
283589,Vareebadd Phone,1,400.0,2019-11-09 08:55:00,"346 11th St, Boston, MA 02215",November
292906,Vareebadd Phone,1,400.0,2019-11-21 11:55:00,"6 Spruce St, Atlanta, GA 30301",November
289490,Vareebadd Phone,1,400.0,2019-11-27 19:14:00,"30 Cherry St, Los Angeles, CA 90001",November
280640,Vareebadd Phone,1,400.0,2019-11-26 12:33:00,"244 Lakeview St, Austin, TX 73301",November
288057,Vareebadd Phone,1,400.0,2019-11-07 15:42:00,"875 Cedar St, New York City, NY 10001",November
279090,Vareebadd Phone,1,400.0,2019-11-02 11:07:00,"105 Park St, Seattle, WA 98101",November
280746,Vareebadd Phone,1,400.0,2019-11-05 09:39:00,"527 Main St, Atlanta, GA 30301",November
279084,Vareebadd Phone,1,400.0,2019-11-30 16:31:00,"700 River St, Dallas, TX 75001",November
279650,Vareebadd Phone,1,400.0,2019-11-17 13:57:00,"80 Maple St, Atlanta, GA 30301",November
288868,Vareebadd Phone,1,400.0,2019-11-23 21:35:00,"99 Willow St, San Francisco, CA 94016",November
288448,Vareebadd Phone,1,400.0,2019-11-04 11:37:00,"141 Chestnut St, San Francisco, CA 94016",November
290579,Vareebadd Phone,1,400.0,2019-11-11 21:28:00,"487 Madison St, Austin, TX 73301",November
284919,Vareebadd Phone,1,400.0,2019-11-13 13:08:00,"584 Spruce St, New York City, NY 10001",November
292958,Vareebadd Phone,1,400.0,2019-11-26 12:54:00,"752 River St, Los Angeles, CA 90001",November
284829,Vareebadd Phone,1,400.0,2019-11-27 01:51:00,"638 Jefferson St, San Francisco, CA 94016",November
289010,Vareebadd Phone,1,400.0,2019-11-14 01:16:00,"657 Forest St, Boston, MA 02215",November
281166,Vareebadd Phone,1,400.0,2019-11-14 13:27:00,"738 Johnson St, Austin, TX 73301",November
279339,Vareebadd Phone,1,400.0,2019-11-08 11:21:00,"62 Willow St, San Francisco, CA 94016",November
297730,Vareebadd Phone,1,400.0,2019-12-18 11:00:00,"399 South St, San Francisco, CA 94016",December
313062,Vareebadd Phone,1,400.0,2019-12-23 13:33:00,"580 Cherry St, New York City, NY 10001",December
314420,Vareebadd Phone,1,400.0,2019-12-23 22:03:00,"77 Hickory St, Portland, OR 97035",December
299378,Vareebadd Phone,1,400.0,2019-12-31 23:37:00,"876 Lincoln St, San Francisco, CA 94016",December
299898,Vareebadd Phone,1,400.0,2019-12-22 22:50:00,"408 8th St, San Francisco, CA 94016",December
317346,Vareebadd Phone,1,400.0,2019-12-02 12:06:00,"457 Chestnut St, San Francisco, CA 94016",December
302386,Vareebadd Phone,1,400.0,2019-12-17 23:06:00,"165 7th St, Los Angeles, CA 90001",December
303648,Vareebadd Phone,1,400.0,2019-12-23 09:17:00,"800 Ridge St, San Francisco, CA 94016",December
305383,Vareebadd Phone,1,400.0,2019-12-24 19:54:00,"192 2nd St, Boston, MA 02215",December
315460,Vareebadd Phone,1,400.0,2019-12-16 17:19:00,"696 North St, Los Angeles, CA 90001",December
301249,Vareebadd Phone,1,400.0,2019-12-18 19:05:00,"475 Cherry St, San Francisco, CA 94016",December
319006,Vareebadd Phone,1,400.0,2019-12-12 19:46:00,"32 Chestnut St, New York City, NY 10001",December
296481,Vareebadd Phone,1,400.0,2019-12-07 09:57:00,"347 Wilson St, New York City, NY 10001",December
315371,Vareebadd Phone,1,400.0,2019-12-27 10:17:00,"715 Center St, Los Angeles, CA 90001",December
301350,Vareebadd Phone,1,400.0,2019-12-31 09:40:00,"241 West St, Seattle, WA 98101",December
301396,Vareebadd Phone,1,400.0,2019-12-06 20:57:00,"55 Cedar St, San Francisco, CA 94016",December
318259,Vareebadd Phone,1,400.0,2019-12-22 21:20:00,"156 9th St, San Francisco, CA 94016",December
301872,Vareebadd Phone,1,400.0,2019-12-11 21:42:00,"72 West St, Boston, MA 02215",December
316773,Vareebadd Phone,1,400.0,2019-12-30 12:51:00,"695 4th St, Los Angeles, CA 90001",December
314504,Vareebadd Phone,1,400.0,2019-12-26 14:42:00,"736 Meadow St, Austin, TX 73301",December
319645,Vareebadd Phone,1,400.0,2019-12-06 23:20:00,"149 Cedar St, Dallas, TX 75001",December
298508,Vareebadd Phone,1,400.0,2019-12-30 19:23:00,"377 Elm St, Austin, TX 73301",December
300926,Vareebadd Phone,1,400.0,2019-12-13 11:48:00,"510 12th St, Atlanta, GA 30301",December
301336,Vareebadd Phone,1,400.0,2019-12-18 02:05:00,"176 Center St, Los Angeles, CA 90001",December
301807,Vareebadd Phone,1,400.0,2019-12-13 00:19:00,"374 Sunset St, Atlanta, GA 30301",December
313189,Vareebadd Phone,1,400.0,2019-12-27 12:23:00,"760 Hill St, San Francisco, CA 94016",December
317606,Vareebadd Phone,1,400.0,2019-12-01 07:32:00,"909 Walnut St, Atlanta, GA 30301",December
297636,Vareebadd Phone,1,400.0,2019-12-10 20:18:00,"415 Cherry St, Los Angeles, CA 90001",December
315059,Vareebadd Phone,1,400.0,2019-12-11 18:07:00,"170 9th St, Austin, TX 73301",December
298732,Vareebadd Phone,1,400.0,2019-12-16 11:59:00,"122 Elm St, Atlanta, GA 30301",December
304490,Vareebadd Phone,1,400.0,2019-12-08 20:51:00,"312 14th St, Seattle, WA 98101",December
302989,Vareebadd Phone,1,400.0,2019-12-23 15:00:00,"8 2nd St, Atlanta, GA 30301",December
310142,Vareebadd Phone,1,400.0,2019-12-13 17:24:00,"669 11th St, New York City, NY 10001",December
319445,Vareebadd Phone,1,400.0,2019-12-08 21:03:00,"183 North St, Atlanta, GA 30301",December
206399,Vareebadd Phone,1,400.0,2019-05-23 09:53:00,"834 Spruce St, San Francisco, CA 94016",May
239310,Vareebadd Phone,1,400.0,2019-08-10 11:57:00,"932 9th St, New York City, NY 10001",August
317667,Vareebadd Phone,1,400.0,2019-12-13 22:45:00,"274 Spruce St, New York City, NY 10001",December
310029,Vareebadd Phone,1,400.0,2019-12-07 12:47:00,"515 Walnut St, New York City, NY 10001",December
310857,Vareebadd Phone,1,400.0,2019-12-28 14:28:00,"206 Maple St, Austin, TX 73301",December
317505,Vareebadd Phone,1,400.0,2019-12-28 19:03:00,"329 Hill St, Boston, MA 02215",December
319226,Vareebadd Phone,1,400.0,2019-12-08 18:57:00,"337 Wilson St, Dallas, TX 75001",December
298771,Vareebadd Phone,1,400.0,2019-12-27 21:12:00,"988 7th St, Dallas, TX 75001",December
308469,Vareebadd Phone,1,400.0,2019-12-04 21:46:00,"907 Willow St, Atlanta, GA 30301",December
317715,Vareebadd Phone,1,400.0,2019-12-13 16:20:00,"270 Lake St, Austin, TX 73301",December
303140,Vareebadd Phone,1,400.0,2019-12-04 12:49:00,"785 Cherry St, Los Angeles, CA 90001",December
306500,Vareebadd Phone,1,400.0,2019-12-15 12:09:00,"6 River St, Los Angeles, CA 90001",December
310383,Vareebadd Phone,1,400.0,2019-12-14 12:18:00,"579 Elm St, Austin, TX 73301",December
315801,Vareebadd Phone,1,400.0,2019-12-29 16:51:00,"878 10th St, San Francisco, CA 94016",December
302752,Vareebadd Phone,1,400.0,2019-12-23 20:37:00,"3 Elm St, Boston, MA 02215",December
315766,Vareebadd Phone,1,400.0,2019-12-21 18:13:00,"431 Hill St, Boston, MA 02215",December
145970,Vareebadd Phone,1,400.0,2019-01-17 10:32:00,"345 12th St, Los Angeles, CA 90001",January
143425,Vareebadd Phone,1,400.0,2019-01-22 20:10:00,"204 Adams St, Seattle, WA 98101",January
144413,Vareebadd Phone,1,400.0,2019-01-22 15:41:00,"417 8th St, Los Angeles, CA 90001",January
146825,Vareebadd Phone,1,400.0,2019-01-18 11:04:00,"956 14th St, Boston, MA 02215",January
142431,Vareebadd Phone,1,400.0,2019-01-10 06:30:00,"488 Park St, Atlanta, GA 30301",January
149196,Vareebadd Phone,1,400.0,2019-01-15 15:41:00,"41 Lake St, Boston, MA 02215",January
141910,Vareebadd Phone,1,400.0,2019-01-19 10:52:00,"831 9th St, New York City, NY 10001",January
149954,Vareebadd Phone,1,400.0,2019-01-22 16:27:00,"516 South St, Seattle, WA 98101",January
142526,Vareebadd Phone,1,400.0,2019-01-26 11:11:00,"171 Lincoln St, Dallas, TX 75001",January
141250,Vareebadd Phone,1,400.0,2019-01-10 11:20:00,"471 Center St, Los Angeles, CA 90001",January
144453,Vareebadd Phone,1,400.0,2019-01-19 13:09:00,"800 Cherry St, Seattle, WA 98101",January
143113,Vareebadd Phone,1,400.0,2019-01-30 16:46:00,"941 Lincoln St, Boston, MA 02215",January
141282,Vareebadd Phone,1,400.0,2019-01-11 18:10:00,"125 Center St, New York City, NY 10001",January
149211,Vareebadd Phone,1,400.0,2019-01-08 13:15:00,"756 4th St, Dallas, TX 75001",January
141900,Vareebadd Phone,1,400.0,2019-01-18 09:53:00,"239 13th St, Seattle, WA 98101",January
142804,Vareebadd Phone,1,400.0,2019-01-31 21:37:00,"950 Meadow St, Los Angeles, CA 90001",January
146486,Vareebadd Phone,1,400.0,2019-01-04 14:05:00,"728 Main St, Portland, OR 97035",January
142989,Vareebadd Phone,1,400.0,2019-01-10 00:21:00,"175 South St, Austin, TX 73301",January
147439,Vareebadd Phone,1,400.0,2019-01-03 19:06:00,"12 Elm St, Atlanta, GA 30301",January
145140,Vareebadd Phone,1,400.0,2019-01-08 12:53:00,"974 5th St, Portland, OR 97035",January
147060,Vareebadd Phone,1,400.0,2019-01-13 07:02:00,"247 Chestnut St, San Francisco, CA 94016",January
149397,Vareebadd Phone,1,400.0,2019-01-05 20:52:00,"285 Forest St, New York City, NY 10001",January
141365,Vareebadd Phone,1,400.0,2019-01-10 11:19:00,"20 Dogwood St, New York City, NY 10001",January
157342,Vareebadd Phone,1,400.0,2019-02-18 19:43:00,"595 Lincoln St, Portland, ME 04101",February
153783,Vareebadd Phone,1,400.0,2019-02-01 20:53:00,"929 Wilson St, San Francisco, CA 94016",February
156100,Vareebadd Phone,1,400.0,2019-02-16 11:18:00,"25 9th St, San Francisco, CA 94016",February
156365,Vareebadd Phone,1,400.0,2019-02-09 20:30:00,"730 Elm St, Portland, OR 97035",February
156541,Vareebadd Phone,1,400.0,2019-02-12 18:52:00,"104 Hickory St, Seattle, WA 98101",February
155766,Vareebadd Phone,1,400.0,2019-02-24 19:38:00,"512 Cherry St, Boston, MA 02215",February
161460,Vareebadd Phone,1,400.0,2019-02-28 00:06:00,"780 Jackson St, San Francisco, CA 94016",February
153204,Vareebadd Phone,1,400.0,2019-02-24 17:09:00,"339 Lincoln St, Boston, MA 02215",February
158852,Vareebadd Phone,1,400.0,2019-02-12 17:53:00,"798 Main St, San Francisco, CA 94016",February
157139,Vareebadd Phone,1,400.0,2019-02-20 13:18:00,"756 Center St, Seattle, WA 98101",February
153365,Vareebadd Phone,1,400.0,2019-02-25 20:51:00,"554 Main St, Boston, MA 02215",February
156428,Vareebadd Phone,1,400.0,2019-02-20 02:45:00,"624 Spruce St, Portland, ME 04101",February
158584,Vareebadd Phone,1,400.0,2019-02-25 10:50:00,"985 4th St, Los Angeles, CA 90001",February
151630,Vareebadd Phone,1,400.0,2019-02-23 09:29:00,"695 Maple St, Dallas, TX 75001",February
152460,Vareebadd Phone,1,400.0,2019-02-04 21:54:00,"363 Madison St, Atlanta, GA 30301",February
152077,Vareebadd Phone,1,400.0,2019-02-18 16:14:00,"192 Highland St, Los Angeles, CA 90001",February
158748,Vareebadd Phone,1,400.0,2019-02-02 17:11:00,"610 Jackson St, Boston, MA 02215",February
155071,Vareebadd Phone,1,400.0,2019-02-10 17:05:00,"842 Adams St, San Francisco, CA 94016",February
155227,Vareebadd Phone,1,400.0,2019-02-28 17:40:00,"887 Washington St, Dallas, TX 75001",February
160928,Vareebadd Phone,1,400.0,2019-02-13 15:59:00,"242 Walnut St, Los Angeles, CA 90001",February
161964,Vareebadd Phone,1,400.0,2019-02-24 14:09:00,"82 Jefferson St, Dallas, TX 75001",February
152095,Vareebadd Phone,1,400.0,2019-02-27 13:29:00,"907 Jefferson St, New York City, NY 10001",February
151725,Vareebadd Phone,1,400.0,2019-02-04 13:42:00,"802 Maple St, Seattle, WA 98101",February
152495,Vareebadd Phone,1,400.0,2019-02-26 14:41:00,"302 Hickory St, San Francisco, CA 94016",February
164792,Vareebadd Phone,1,400.0,2019-03-28 22:52:00,"410 Chestnut St, Atlanta, GA 30301",March
172357,Vareebadd Phone,1,400.0,2019-03-02 21:33:00,"244 5th St, Portland, OR 97035",March
163951,Vareebadd Phone,1,400.0,2019-03-14 14:46:00,"572 Main St, San Francisco, CA 94016",March
165338,Vareebadd Phone,1,400.0,2019-03-19 20:23:00,"152 1st St, Atlanta, GA 30301",March
166393,Vareebadd Phone,1,400.0,2019-03-04 13:26:00,"42 North St, Portland, ME 04101",March
166461,Vareebadd Phone,1,400.0,2019-03-11 14:45:00,"332 Spruce St, Boston, MA 02215",March
174337,Vareebadd Phone,1,400.0,2019-03-02 16:15:00,"635 6th St, Boston, MA 02215",March
166431,Vareebadd Phone,1,400.0,2019-03-12 08:46:00,"940 9th St, Dallas, TX 75001",March
171455,Vareebadd Phone,1,400.0,2019-03-06 08:39:00,"641 Pine St, Los Angeles, CA 90001",March
167226,Vareebadd Phone,1,400.0,2019-03-05 19:01:00,"978 Meadow St, Portland, OR 97035",March
171772,Vareebadd Phone,1,400.0,2019-03-23 08:27:00,"722 Chestnut St, Portland, OR 97035",March
172692,Vareebadd Phone,1,400.0,2019-03-23 16:53:00,"109 River St, Los Angeles, CA 90001",March
167244,Vareebadd Phone,1,400.0,2019-03-17 12:38:00,"920 Sunset St, San Francisco, CA 94016",March
168109,Vareebadd Phone,1,400.0,2019-03-24 14:17:00,"415 Dogwood St, San Francisco, CA 94016",March
175696,Vareebadd Phone,1,400.0,2019-03-16 22:55:00,"561 6th St, San Francisco, CA 94016",March
167598,Vareebadd Phone,1,400.0,2019-03-28 22:29:00,"105 River St, San Francisco, CA 94016",March
174839,Vareebadd Phone,1,400.0,2019-03-10 16:39:00,"136 Chestnut St, Boston, MA 02215",March
173679,Vareebadd Phone,1,400.0,2019-03-28 13:43:00,"801 1st St, San Francisco, CA 94016",March
163201,Vareebadd Phone,1,400.0,2019-03-06 16:37:00,"78 Johnson St, Seattle, WA 98101",March
165170,Vareebadd Phone,1,400.0,2019-03-13 18:07:00,"690 Park St, San Francisco, CA 94016",March
165914,Vareebadd Phone,1,400.0,2019-03-04 11:20:00,"910 Johnson St, Seattle, WA 98101",March
171931,Vareebadd Phone,1,400.0,2019-03-19 21:02:00,"364 Lincoln St, New York City, NY 10001",March
167653,Vareebadd Phone,1,400.0,2019-03-11 03:06:00,"639 Lake St, San Francisco, CA 94016",March
163502,Vareebadd Phone,1,400.0,2019-03-27 17:21:00,"195 11th St, Los Angeles, CA 90001",March
166564,Vareebadd Phone,1,400.0,2019-03-27 13:34:00,"405 South St, Boston, MA 02215",March
175581,Vareebadd Phone,1,400.0,2019-03-12 16:48:00,"760 Center St, Los Angeles, CA 90001",March
177528,Vareebadd Phone,1,400.0,2019-04-02 13:42:00,"251 Maple St, San Francisco, CA 94016",April
180814,Vareebadd Phone,1,400.0,2019-04-18 15:35:00,"684 Lakeview St, New York City, NY 10001",April
187969,Vareebadd Phone,1,400.0,2019-04-24 12:56:00,"402 Chestnut St, Atlanta, GA 30301",April
192989,Vareebadd Phone,1,400.0,2019-04-22 08:58:00,"268 River St, Los Angeles, CA 90001",April
185308,Vareebadd Phone,1,400.0,2019-04-10 13:43:00,"286 West St, San Francisco, CA 94016",April
184088,Vareebadd Phone,1,400.0,2019-04-30 13:10:00,"191 10th St, Boston, MA 02215",April
185002,Vareebadd Phone,1,400.0,2019-04-04 10:17:00,"78 11th St, New York City, NY 10001",April
190196,Vareebadd Phone,1,400.0,2019-04-16 14:35:00,"897 Highland St, San Francisco, CA 94016",April
190255,Vareebadd Phone,1,400.0,2019-04-08 18:35:00,"501 11th St, Seattle, WA 98101",April
186671,Vareebadd Phone,1,400.0,2019-04-06 11:05:00,"324 Hickory St, Atlanta, GA 30301",April
187603,Vareebadd Phone,1,400.0,2019-04-15 20:26:00,"739 Meadow St, New York City, NY 10001",April
189012,Vareebadd Phone,1,400.0,2019-04-09 10:50:00,"339 13th St, New York City, NY 10001",April
191078,Vareebadd Phone,1,400.0,2019-04-12 11:40:00,"655 Dogwood St, Portland, OR 97035",April
178844,Vareebadd Phone,1,400.0,2019-04-08 12:15:00,"961 6th St, San Francisco, CA 94016",April
185616,Vareebadd Phone,1,400.0,2019-04-03 14:36:00,"682 4th St, Seattle, WA 98101",April
188088,Vareebadd Phone,1,400.0,2019-04-12 12:28:00,"339 Main St, San Francisco, CA 94016",April
189885,Vareebadd Phone,1,400.0,2019-04-07 17:44:00,"769 Church St, New York City, NY 10001",April
193545,Vareebadd Phone,1,400.0,2019-04-04 20:21:00,"670 North St, New York City, NY 10001",April
185649,Vareebadd Phone,1,400.0,2019-04-03 14:04:00,"945 Main St, San Francisco, CA 94016",April
192472,Vareebadd Phone,1,400.0,2019-04-16 15:36:00,"744 Hickory St, San Francisco, CA 94016",April
180240,Vareebadd Phone,1,400.0,2019-04-07 11:30:00,"931 Hill St, San Francisco, CA 94016",April
180628,Vareebadd Phone,1,400.0,2019-04-07 22:29:00,"988 7th St, Seattle, WA 98101",April
181762,Vareebadd Phone,1,400.0,2019-04-15 17:24:00,"290 Cherry St, Austin, TX 73301",April
181412,Vareebadd Phone,1,400.0,2019-04-23 20:18:00,"660 River St, Austin, TX 73301",April
181211,Vareebadd Phone,1,400.0,2019-04-26 19:34:00,"849 Hill St, Seattle, WA 98101",April
187442,Vareebadd Phone,1,400.0,2019-04-20 03:39:00,"978 West St, San Francisco, CA 94016",April
181378,Vareebadd Phone,1,400.0,2019-04-14 17:26:00,"463 Maple St, New York City, NY 10001",April
187161,Vareebadd Phone,1,400.0,2019-04-23 19:33:00,"842 Highland St, Los Angeles, CA 90001",April
183957,Vareebadd Phone,1,400.0,2019-04-06 15:32:00,"9 Cedar St, Atlanta, GA 30301",April
193960,Vareebadd Phone,1,400.0,2019-04-03 21:25:00,"788 Madison St, Portland, ME 04101",April
177843,Vareebadd Phone,1,400.0,2019-04-20 09:42:00,"14 5th St, Los Angeles, CA 90001",April
182567,Vareebadd Phone,1,400.0,2019-04-10 09:54:00,"629 Park St, Seattle, WA 98101",April
190039,Vareebadd Phone,1,400.0,2019-04-04 16:36:00,"577 6th St, New York City, NY 10001",April
192798,Vareebadd Phone,1,400.0,2019-04-09 13:23:00,"282 Park St, Atlanta, GA 30301",April
187945,Vareebadd Phone,1,400.0,2019-04-24 13:17:00,"549 Jefferson St, Seattle, WA 98101",April
179935,Vareebadd Phone,1,400.0,2019-04-17 13:13:00,"279 Walnut St, Los Angeles, CA 90001",April
181503,Vareebadd Phone,1,400.0,2019-04-13 01:07:00,"728 Hickory St, Atlanta, GA 30301",April
182966,Vareebadd Phone,1,400.0,2019-04-10 20:20:00,"499 Jackson St, Los Angeles, CA 90001",April
177171,Vareebadd Phone,1,400.0,2019-04-06 01:03:00,"550 Walnut St, San Francisco, CA 94016",April
181614,Vareebadd Phone,1,400.0,2019-04-19 11:41:00,"629 13th St, Los Angeles, CA 90001",April
194460,Vareebadd Phone,1,400.0,2019-05-08 11:17:00,"936 Elm St, Atlanta, GA 30301",May
196633,Vareebadd Phone,1,400.0,2019-05-15 20:28:00,"20 Lincoln St, New York City, NY 10001",May
196480,Vareebadd Phone,1,400.0,2019-05-28 19:23:00,"196 Forest St, Boston, MA 02215",May
205287,Vareebadd Phone,1,400.0,2019-05-26 21:04:00,"644 River St, New York City, NY 10001",May
209672,Vareebadd Phone,1,400.0,2019-05-16 13:29:00,"513 Lake St, San Francisco, CA 94016",May
209694,Vareebadd Phone,1,400.0,2019-05-17 11:36:00,"974 Ridge St, Los Angeles, CA 90001",May
200546,Vareebadd Phone,1,400.0,2019-05-17 15:26:00,"95 13th St, Austin, TX 73301",May
205728,Vareebadd Phone,1,400.0,2019-05-22 18:11:00,"110 Johnson St, Seattle, WA 98101",May
200002,Vareebadd Phone,1,400.0,2019-05-25 19:58:00,"71 Center St, Atlanta, GA 30301",May
202416,Vareebadd Phone,1,400.0,2019-05-28 21:22:00,"742 Jackson St, Dallas, TX 75001",May
207600,Vareebadd Phone,1,400.0,2019-05-31 09:00:00,"699 Park St, Boston, MA 02215",May
205576,Vareebadd Phone,1,400.0,2019-05-26 07:49:00,"194 Walnut St, Atlanta, GA 30301",May
198568,Vareebadd Phone,1,400.0,2019-05-26 08:16:00,"543 13th St, Austin, TX 73301",May
209651,Vareebadd Phone,1,400.0,2019-05-11 15:47:00,"310 North St, New York City, NY 10001",May
194774,Vareebadd Phone,1,400.0,2019-05-30 17:37:00,"961 Ridge St, New York City, NY 10001",May
205164,Vareebadd Phone,1,400.0,2019-05-29 12:13:00,"774 7th St, San Francisco, CA 94016",May
199230,Vareebadd Phone,1,400.0,2019-05-08 09:09:00,"398 Cedar St, Portland, OR 97035",May
200311,Vareebadd Phone,1,400.0,2019-05-01 20:49:00,"11 Wilson St, San Francisco, CA 94016",May
200110,Vareebadd Phone,1,400.0,2019-05-15 18:34:00,"723 Main St, San Francisco, CA 94016",May
203056,Vareebadd Phone,1,400.0,2019-05-18 15:01:00,"769 Lincoln St, Los Angeles, CA 90001",May
197069,Vareebadd Phone,1,400.0,2019-05-18 13:14:00,"71 Center St, San Francisco, CA 94016",May
201127,Vareebadd Phone,1,400.0,2019-05-08 00:25:00,"3 8th St, New York City, NY 10001",May
221485,Vareebadd Phone,1,400.0,2019-06-15 19:37:00,"434 12th St, Dallas, TX 75001",June
210966,Vareebadd Phone,1,400.0,2019-06-18 11:46:00,"457 Main St, Atlanta, GA 30301",June
215593,Vareebadd Phone,1,400.0,2019-06-20 13:44:00,"193 Elm St, Portland, OR 97035",June
219976,Vareebadd Phone,1,400.0,2019-06-23 13:19:00,"439 Madison St, Seattle, WA 98101",June
217067,Vareebadd Phone,1,400.0,2019-06-04 09:40:00,"150 Washington St, San Francisco, CA 94016",June
212138,Vareebadd Phone,1,400.0,2019-06-25 00:03:00,"328 Chestnut St, New York City, NY 10001",June
216134,Vareebadd Phone,1,400.0,2019-06-02 10:05:00,"865 Lakeview St, Dallas, TX 75001",June
211832,Vareebadd Phone,1,400.0,2019-06-23 11:34:00,"612 Johnson St, Los Angeles, CA 90001",June
221373,Vareebadd Phone,1,400.0,2019-06-09 11:27:00,"163 Jefferson St, San Francisco, CA 94016",June
220490,Vareebadd Phone,1,400.0,2019-06-03 21:55:00,"410 Jefferson St, San Francisco, CA 94016",June
218552,Vareebadd Phone,1,400.0,2019-06-19 00:19:00,"385 Lincoln St, Los Angeles, CA 90001",June
212476,Vareebadd Phone,1,400.0,2019-06-07 15:25:00,"214 Dogwood St, Portland, OR 97035",June
216354,Vareebadd Phone,1,400.0,2019-06-04 13:22:00,"577 Park St, Portland, OR 97035",June
216078,Vareebadd Phone,1,400.0,2019-06-07 20:03:00,"310 Center St, Dallas, TX 75001",June
218901,Vareebadd Phone,1,400.0,2019-06-22 13:11:00,"143 Chestnut St, Los Angeles, CA 90001",June
214662,Vareebadd Phone,1,400.0,2019-06-29 19:35:00,"264 River St, Dallas, TX 75001",June
215592,Vareebadd Phone,1,400.0,2019-06-19 14:34:00,"706 South St, San Francisco, CA 94016",June
210667,Vareebadd Phone,1,400.0,2019-06-24 14:35:00,"903 Hickory St, Boston, MA 02215",June
220058,Vareebadd Phone,1,400.0,2019-06-04 21:44:00,"616 Sunset St, Dallas, TX 75001",June
213998,Vareebadd Phone,1,400.0,2019-06-03 11:14:00,"950 River St, Boston, MA 02215",June
219362,Vareebadd Phone,1,400.0,2019-06-16 11:04:00,"812 8th St, Atlanta, GA 30301",June
210454,Vareebadd Phone,1,400.0,2019-06-03 18:05:00,"922 Highland St, Dallas, TX 75001",June
212815,Vareebadd Phone,1,400.0,2019-06-29 20:10:00,"471 11th St, New York City, NY 10001",June
214563,Vareebadd Phone,1,400.0,2019-06-06 17:13:00,"518 West St, Los Angeles, CA 90001",June
215899,Vareebadd Phone,1,400.0,2019-06-07 15:40:00,"57 South St, Austin, TX 73301",June
210948,Vareebadd Phone,1,400.0,2019-06-24 17:58:00,"318 Chestnut St, New York City, NY 10001",June
217268,Vareebadd Phone,1,400.0,2019-06-25 12:10:00,"147 1st St, San Francisco, CA 94016",June
220479,Vareebadd Phone,1,400.0,2019-06-08 14:05:00,"459 Forest St, New York City, NY 10001",June
215994,Vareebadd Phone,1,400.0,2019-06-04 16:25:00,"270 West St, Seattle, WA 98101",June
217231,Vareebadd Phone,1,400.0,2019-06-18 07:55:00,"340 Church St, Boston, MA 02215",June
220613,Vareebadd Phone,1,400.0,2019-06-28 08:29:00,"150 Ridge St, Dallas, TX 75001",June
210767,Vareebadd Phone,1,400.0,2019-06-05 11:15:00,"325 Meadow St, Atlanta, GA 30301",June
217131,Vareebadd Phone,1,400.0,2019-06-30 04:01:00,"445 Jefferson St, Boston, MA 02215",June
218096,Vareebadd Phone,1,400.0,2019-06-25 16:22:00,"684 Dogwood St, New York City, NY 10001",June
210784,Vareebadd Phone,1,400.0,2019-06-24 15:39:00,"248 Cherry St, Portland, OR 97035",June
215910,Vareebadd Phone,1,400.0,2019-06-26 11:27:00,"304 5th St, San Francisco, CA 94016",June
222697,Vareebadd Phone,1,400.0,2019-06-12 11:04:00,"725 Ridge St, Austin, TX 73301",June
222812,Vareebadd Phone,1,400.0,2019-06-16 13:13:00,"567 Meadow St, Los Angeles, CA 90001",June
217248,Vareebadd Phone,1,400.0,2019-06-11 21:57:00,"243 Lake St, Atlanta, GA 30301",June
215876,Vareebadd Phone,1,400.0,2019-06-07 22:25:00,"717 11th St, Los Angeles, CA 90001",June
216058,Vareebadd Phone,1,400.0,2019-06-30 11:00:00,"91 12th St, New York City, NY 10001",June
211526,Vareebadd Phone,1,400.0,2019-06-25 13:33:00,"863 Wilson St, Austin, TX 73301",June
232460,Vareebadd Phone,1,400.0,2019-07-14 13:45:00,"634 14th St, Atlanta, GA 30301",July
230939,Vareebadd Phone,1,400.0,2019-07-05 21:34:00,"659 Maple St, Los Angeles, CA 90001",July
234807,Vareebadd Phone,1,400.0,2019-07-06 08:49:00,"186 11th St, San Francisco, CA 94016",July
222929,Vareebadd Phone,1,400.0,2019-07-04 19:46:00,"882 Hickory St, Boston, MA 02215",July
223659,Vareebadd Phone,1,400.0,2019-07-08 16:25:00,"737 Johnson St, Seattle, WA 98101",July
229784,Vareebadd Phone,1,400.0,2019-07-22 00:10:00,"636 Church St, San Francisco, CA 94016",July
225463,Vareebadd Phone,1,400.0,2019-07-14 23:47:00,"593 Chestnut St, San Francisco, CA 94016",July
232244,Vareebadd Phone,1,400.0,2019-07-07 23:07:00,"315 Willow St, Austin, TX 73301",July
226567,Vareebadd Phone,1,400.0,2019-07-21 11:18:00,"726 Elm St, Seattle, WA 98101",July
225660,Vareebadd Phone,1,400.0,2019-07-28 12:37:00,"116 Chestnut St, Boston, MA 02215",July
235694,Vareebadd Phone,1,400.0,2019-07-06 09:53:00,"276 6th St, San Francisco, CA 94016",July
231929,Vareebadd Phone,1,400.0,2019-07-28 08:44:00,"307 Dogwood St, Atlanta, GA 30301",July
236536,Vareebadd Phone,1,400.0,2019-07-08 18:53:00,"59 South St, Boston, MA 02215",July
231040,Vareebadd Phone,1,400.0,2019-07-04 20:03:00,"502 12th St, New York City, NY 10001",July
229084,Vareebadd Phone,1,400.0,2019-07-04 15:55:00,"407 Washington St, Atlanta, GA 30301",July
232120,Vareebadd Phone,1,400.0,2019-07-24 00:42:00,"881 Madison St, Boston, MA 02215",July
225804,Vareebadd Phone,1,400.0,2019-07-27 04:47:00,"762 11th St, Los Angeles, CA 90001",July
228786,Vareebadd Phone,1,400.0,2019-07-17 15:42:00,"747 Cedar St, San Francisco, CA 94016",July
231684,Vareebadd Phone,1,400.0,2019-07-18 21:52:00,"33 Forest St, Seattle, WA 98101",July
225873,Vareebadd Phone,1,400.0,2019-07-12 01:59:00,"968 14th St, Seattle, WA 98101",July
229127,Vareebadd Phone,1,400.0,2019-07-15 07:49:00,"608 Cedar St, Boston, MA 02215",July
233089,Vareebadd Phone,1,400.0,2019-07-02 19:17:00,"205 1st St, San Francisco, CA 94016",July
235813,Vareebadd Phone,1,400.0,2019-07-18 19:26:00,"549 Willow St, New York City, NY 10001",July
230193,Vareebadd Phone,1,400.0,2019-07-29 15:30:00,"734 South St, Austin, TX 73301",July
244561,Vareebadd Phone,1,400.0,2019-08-11 11:53:00,"767 Dogwood St, Dallas, TX 75001",August
240710,Vareebadd Phone,1,400.0,2019-08-21 12:54:00,"957 6th St, Boston, MA 02215",August
245741,Vareebadd Phone,1,400.0,2019-08-11 00:15:00,"917 10th St, Atlanta, GA 30301",August
247396,Vareebadd Phone,1,400.0,2019-08-02 13:09:00,"300 Chestnut St, Austin, TX 73301",August
241870,Vareebadd Phone,1,400.0,2019-08-27 08:20:00,"890 West St, San Francisco, CA 94016",August
245312,Vareebadd Phone,1,400.0,2019-08-21 16:51:00,"899 Elm St, Dallas, TX 75001",August
237165,Vareebadd Phone,1,400.0,2019-08-24 17:58:00,"603 Willow St, San Francisco, CA 94016",August
243841,Vareebadd Phone,1,400.0,2019-08-01 11:54:00,"319 6th St, San Francisco, CA 94016",August
241399,Vareebadd Phone,1,400.0,2019-08-06 14:14:00,"31 Church St, Seattle, WA 98101",August
247212,Vareebadd Phone,1,400.0,2019-08-27 13:37:00,"259 14th St, Atlanta, GA 30301",August
241955,Vareebadd Phone,1,400.0,2019-08-10 23:18:00,"722 14th St, Portland, OR 97035",August
244749,Vareebadd Phone,1,400.0,2019-08-22 12:21:00,"167 Main St, Los Angeles, CA 90001",August
247438,Vareebadd Phone,1,400.0,2019-08-06 13:14:00,"414 8th St, New York City, NY 10001",August
248035,Vareebadd Phone,1,400.0,2019-08-28 08:48:00,"153 Elm St, New York City, NY 10001",August
240347,Vareebadd Phone,1,400.0,2019-08-09 11:29:00,"646 Church St, Austin, TX 73301",August
242242,Vareebadd Phone,1,400.0,2019-08-22 19:49:00,"545 Jefferson St, Boston, MA 02215",August
240970,Vareebadd Phone,2,400.0,2019-08-16 21:42:00,"429 Meadow St, New York City, NY 10001",August
244447,Vareebadd Phone,1,400.0,2019-08-18 11:04:00,"836 6th St, Los Angeles, CA 90001",August
246724,Vareebadd Phone,1,400.0,2019-08-16 08:37:00,"11 Jefferson St, Los Angeles, CA 90001",August
247847,Vareebadd Phone,1,400.0,2019-08-24 14:51:00,"99 Madison St, New York City, NY 10001",August
243547,Vareebadd Phone,1,400.0,2019-08-03 09:40:00,"714 6th St, Seattle, WA 98101",August
241010,Vareebadd Phone,1,400.0,2019-08-15 00:13:00,"516 Lincoln St, Seattle, WA 98101",August
243969,Vareebadd Phone,1,400.0,2019-08-19 08:58:00,"824 Sunset St, Atlanta, GA 30301",August
237540,Vareebadd Phone,1,400.0,2019-08-24 17:54:00,"136 2nd St, San Francisco, CA 94016",August
241181,Vareebadd Phone,1,400.0,2019-08-21 13:38:00,"365 Church St, Austin, TX 73301",August
240218,Vareebadd Phone,1,400.0,2019-08-27 05:30:00,"771 7th St, New York City, NY 10001",August
246121,Vareebadd Phone,1,400.0,2019-08-06 18:15:00,"765 1st St, Seattle, WA 98101",August
241678,Vareebadd Phone,1,400.0,2019-08-13 12:16:00,"777 Cedar St, Los Angeles, CA 90001",August
247622,Vareebadd Phone,1,400.0,2019-08-04 15:38:00,"237 Cedar St, Austin, TX 73301",August
258469,Vareebadd Phone,1,400.0,2019-09-08 10:25:00,"244 Cherry St, Seattle, WA 98101",September
256823,Vareebadd Phone,1,400.0,2019-09-03 21:55:00,"770 North St, Boston, MA 02215",September
253400,Vareebadd Phone,1,400.0,2019-09-05 20:22:00,"466 Lake St, Boston, MA 02215",September
258582,Vareebadd Phone,1,400.0,2019-09-24 21:28:00,"352 Lake St, Los Angeles, CA 90001",September
252554,Vareebadd Phone,1,400.0,2019-09-17 10:35:00,"886 10th St, Boston, MA 02215",September
254309,Vareebadd Phone,1,400.0,2019-09-21 13:58:00,"854 6th St, Seattle, WA 98101",September
252305,Vareebadd Phone,1,400.0,2019-09-15 23:05:00,"866 6th St, San Francisco, CA 94016",September
253597,Vareebadd Phone,1,400.0,2019-09-23 20:06:00,"115 Maple St, San Francisco, CA 94016",September
252033,Vareebadd Phone,1,400.0,2019-09-09 22:50:00,"54 Cedar St, Los Angeles, CA 90001",September
253708,Vareebadd Phone,1,400.0,2019-09-30 10:27:00,"665 North St, Los Angeles, CA 90001",September
251589,Vareebadd Phone,1,400.0,2019-09-23 05:31:00,"336 Spruce St, New York City, NY 10001",September
250142,Vareebadd Phone,1,400.0,2019-09-12 19:39:00,"98 Jefferson St, Los Angeles, CA 90001",September
251280,Vareebadd Phone,1,400.0,2019-09-18 14:23:00,"709 Ridge St, San Francisco, CA 94016",September
254135,Vareebadd Phone,1,400.0,2019-09-02 00:05:00,"293 Willow St, New York City, NY 10001",September
253876,Vareebadd Phone,1,400.0,2019-09-11 10:30:00,"688 11th St, San Francisco, CA 94016",September
255361,Vareebadd Phone,1,400.0,2019-09-11 13:32:00,"517 Sunset St, San Francisco, CA 94016",September
257188,Vareebadd Phone,1,400.0,2019-09-11 21:53:00,"714 Cedar St, Dallas, TX 75001",September
250688,Vareebadd Phone,1,400.0,2019-09-23 20:45:00,"148 Church St, Atlanta, GA 30301",September
252983,Vareebadd Phone,1,400.0,2019-09-17 13:18:00,"734 2nd St, Seattle, WA 98101",September
253149,Vareebadd Phone,1,400.0,2019-09-27 18:50:00,"221 10th St, Portland, OR 97035",September
270228,Vareebadd Phone,1,400.0,2019-10-13 11:28:00,"33 South St, Portland, OR 97035",October
263131,Vareebadd Phone,1,400.0,2019-10-14 21:21:00,"555 South St, Los Angeles, CA 90001",October
259879,Vareebadd Phone,1,400.0,2019-10-26 15:02:00,"618 Church St, New York City, NY 10001",October
272810,Vareebadd Phone,1,400.0,2019-10-02 15:54:00,"798 Cedar St, Dallas, TX 75001",October
269228,Vareebadd Phone,1,400.0,2019-10-23 13:46:00,"547 10th St, Los Angeles, CA 90001",October
276706,Vareebadd Phone,1,400.0,2019-10-28 20:11:00,"541 Lakeview St, Dallas, TX 75001",October
265939,Vareebadd Phone,1,400.0,2019-10-14 15:10:00,"644 4th St, San Francisco, CA 94016",October
259870,Vareebadd Phone,1,400.0,2019-10-20 18:18:00,"850 Lincoln St, New York City, NY 10001",October
262264,Vareebadd Phone,1,400.0,2019-10-12 12:24:00,"579 Pine St, New York City, NY 10001",October
262902,Vareebadd Phone,1,400.0,2019-10-04 18:24:00,"378 West St, Boston, MA 02215",October
262154,Vareebadd Phone,1,400.0,2019-10-28 07:44:00,"377 Cedar St, New York City, NY 10001",October
277057,Vareebadd Phone,1,400.0,2019-10-20 22:37:00,"267 Dogwood St, Los Angeles, CA 90001",October
262826,Vareebadd Phone,1,400.0,2019-10-31 20:12:00,"90 Hickory St, Seattle, WA 98101",October
271192,Vareebadd Phone,1,400.0,2019-10-14 09:56:00,"276 Lincoln St, New York City, NY 10001",October
263137,Vareebadd Phone,1,400.0,2019-10-02 21:31:00,"227 Cherry St, New York City, NY 10001",October
278445,Vareebadd Phone,1,400.0,2019-10-24 14:08:00,"755 North St, San Francisco, CA 94016",October
275663,Vareebadd Phone,1,400.0,2019-10-04 22:24:00,"69 Cedar St, Atlanta, GA 30301",October
276735,Vareebadd Phone,1,400.0,2019-10-08 23:51:00,"297 South St, San Francisco, CA 94016",October
265120,Vareebadd Phone,1,400.0,2019-10-31 09:08:00,"386 Church St, Los Angeles, CA 90001",October
266234,Vareebadd Phone,1,400.0,2019-10-30 19:47:00,"936 Highland St, San Francisco, CA 94016",October
267063,Vareebadd Phone,1,400.0,2019-10-07 01:10:00,"844 Willow St, San Francisco, CA 94016",October
263800,Vareebadd Phone,1,400.0,2019-10-11 01:44:00,"433 North St, New York City, NY 10001",October
272818,Vareebadd Phone,1,400.0,2019-10-04 00:17:00,"444 Highland St, New York City, NY 10001",October
275983,Vareebadd Phone,1,400.0,2019-10-21 11:50:00,"264 West St, Dallas, TX 75001",October
260759,Vareebadd Phone,1,400.0,2019-10-26 09:07:00,"364 West St, Seattle, WA 98101",October
265108,Vareebadd Phone,1,400.0,2019-10-21 19:53:00,"851 Highland St, Seattle, WA 98101",October
268311,Vareebadd Phone,1,400.0,2019-10-09 18:04:00,"685 Willow St, New York City, NY 10001",October
259416,Vareebadd Phone,1,400.0,2019-10-10 19:10:00,"680 South St, Dallas, TX 75001",October
264054,Vareebadd Phone,1,400.0,2019-10-19 03:38:00,"520 10th St, San Francisco, CA 94016",October
267443,Vareebadd Phone,1,400.0,2019-10-16 09:55:00,"339 Forest St, New York City, NY 10001",October
276918,Vareebadd Phone,1,400.0,2019-10-27 18:02:00,"405 9th St, San Francisco, CA 94016",October
262053,Vareebadd Phone,1,400.0,2019-10-31 13:39:00,"239 Chestnut St, Atlanta, GA 30301",October
265551,Vareebadd Phone,1,400.0,2019-10-25 11:51:00,"601 9th St, Los Angeles, CA 90001",October
270873,Vareebadd Phone,1,400.0,2019-10-22 14:38:00,"657 South St, Boston, MA 02215",October
259702,Vareebadd Phone,1,400.0,2019-10-13 23:10:00,"239 Sunset St, Dallas, TX 75001",October
260742,Vareebadd Phone,1,400.0,2019-10-20 08:57:00,"411 Pine St, Boston, MA 02215",October
273307,Vareebadd Phone,1,400.0,2019-10-20 12:30:00,"347 Sunset St, Dallas, TX 75001",October
261769,Vareebadd Phone,1,400.0,2019-10-03 19:44:00,"650 11th St, New York City, NY 10001",October
267852,Vareebadd Phone,1,400.0,2019-10-09 07:31:00,"195 Spruce St, New York City, NY 10001",October
288123,Vareebadd Phone,1,400.0,2019-11-04 15:28:00,"776 Pine St, New York City, NY 10001",November
285165,Vareebadd Phone,1,400.0,2019-11-10 14:23:00,"750 Cedar St, Dallas, TX 75001",November
285433,Vareebadd Phone,1,400.0,2019-11-23 02:04:00,"76 North St, Los Angeles, CA 90001",November
287561,Vareebadd Phone,1,400.0,2019-11-23 18:00:00,"139 Spruce St, New York City, NY 10001",November
293363,Vareebadd Phone,1,400.0,2019-11-22 18:20:00,"658 Hickory St, Dallas, TX 75001",November
293918,Vareebadd Phone,1,400.0,2019-11-21 06:56:00,"376 Johnson St, New York City, NY 10001",November
289816,Vareebadd Phone,1,400.0,2019-11-08 19:24:00,"329 Maple St, San Francisco, CA 94016",November
291409,Vareebadd Phone,1,400.0,2019-11-16 13:24:00,"599 4th St, San Francisco, CA 94016",November
287252,Vareebadd Phone,1,400.0,2019-11-24 19:51:00,"824 6th St, Portland, OR 97035",November
292745,Vareebadd Phone,1,400.0,2019-11-07 13:51:00,"183 Cedar St, Atlanta, GA 30301",November
286523,Vareebadd Phone,1,400.0,2019-11-15 00:17:00,"223 Elm St, Los Angeles, CA 90001",November
292208,Vareebadd Phone,1,400.0,2019-11-07 21:16:00,"565 Meadow St, Dallas, TX 75001",November
293267,Vareebadd Phone,1,400.0,2019-11-15 10:44:00,"221 Spruce St, San Francisco, CA 94016",November
282290,Vareebadd Phone,1,400.0,2019-11-29 12:40:00,"45 Hill St, Seattle, WA 98101",November
288055,Vareebadd Phone,1,400.0,2019-11-29 09:47:00,"586 Washington St, San Francisco, CA 94016",November
288970,Vareebadd Phone,1,400.0,2019-11-04 19:16:00,"860 Main St, Portland, OR 97035",November
293746,Vareebadd Phone,1,400.0,2019-11-16 12:17:00,"569 Johnson St, San Francisco, CA 94016",November
293750,Vareebadd Phone,1,400.0,2019-11-16 17:20:00,"555 Walnut St, San Francisco, CA 94016",November
295424,Vareebadd Phone,1,400.0,2019-11-26 14:43:00,"602 Wilson St, Boston, MA 02215",November
282307,Vareebadd Phone,1,400.0,2019-11-03 21:38:00,"297 6th St, Austin, TX 73301",November
289630,Vareebadd Phone,1,400.0,2019-11-23 14:33:00,"855 Johnson St, Atlanta, GA 30301",November
291101,Vareebadd Phone,1,400.0,2019-11-06 08:29:00,"949 Highland St, Boston, MA 02215",November
285947,Vareebadd Phone,1,400.0,2019-11-19 22:52:00,"28 Forest St, San Francisco, CA 94016",November
278962,Vareebadd Phone,1,400.0,2019-11-01 21:16:00,"583 Adams St, Los Angeles, CA 90001",November
279320,Vareebadd Phone,1,400.0,2019-11-25 08:24:00,"58 West St, New York City, NY 10001",November
292563,Vareebadd Phone,1,400.0,2019-11-16 19:08:00,"735 9th St, Austin, TX 73301",November
293947,Vareebadd Phone,1,400.0,2019-11-30 13:37:00,"935 Madison St, New York City, NY 10001",November
295493,Vareebadd Phone,1,400.0,2019-11-24 16:37:00,"49 Chestnut St, San Francisco, CA 94016",November
290560,Vareebadd Phone,1,400.0,2019-11-11 14:35:00,"473 Cedar St, Atlanta, GA 30301",November
289645,Vareebadd Phone,1,400.0,2019-11-20 09:37:00,"677 River St, Atlanta, GA 30301",November
284875,Vareebadd Phone,1,400.0,2019-11-20 12:14:00,"400 Ridge St, Atlanta, GA 30301",November
292543,Vareebadd Phone,1,400.0,2019-11-08 22:44:00,"950 Center St, New York City, NY 10001",November
290813,Vareebadd Phone,1,400.0,2019-11-08 09:32:00,"663 Jackson St, Austin, TX 73301",November
295204,Vareebadd Phone,1,400.0,2019-11-26 13:01:00,"434 North St, San Francisco, CA 94016",November
302483,Vareebadd Phone,1,400.0,2019-12-14 12:23:00,"396 8th St, New York City, NY 10001",December
319337,Vareebadd Phone,1,400.0,2019-12-29 15:12:00,"835 Main St, San Francisco, CA 94016",December
313658,Vareebadd Phone,1,400.0,2019-12-03 21:57:00,"382 9th St, San Francisco, CA 94016",December
315084,Vareebadd Phone,1,400.0,2019-12-17 20:42:00,"267 Meadow St, San Francisco, CA 94016",December
316045,Vareebadd Phone,1,400.0,2019-12-28 20:07:00,"810 Highland St, Los Angeles, CA 90001",December
308996,Vareebadd Phone,1,400.0,2019-12-04 15:26:00,"26 Washington St, San Francisco, CA 94016",December
303542,Vareebadd Phone,1,400.0,2019-12-11 15:21:00,"788 Meadow St, New York City, NY 10001",December
302843,Vareebadd Phone,1,400.0,2019-12-02 18:34:00,"340 Center St, Seattle, WA 98101",December
304669,Vareebadd Phone,1,400.0,2019-12-12 11:37:00,"421 11th St, Los Angeles, CA 90001",December
297748,Vareebadd Phone,1,400.0,2019-12-25 10:47:00,"135 10th St, Los Angeles, CA 90001",December
304334,Vareebadd Phone,1,400.0,2019-12-28 16:51:00,"2 9th St, Dallas, TX 75001",December
311412,Vareebadd Phone,1,400.0,2019-12-15 15:34:00,"895 7th St, New York City, NY 10001",December
314775,Vareebadd Phone,1,400.0,2019-12-10 17:10:00,"770 4th St, Los Angeles, CA 90001",December
309728,Vareebadd Phone,1,400.0,2019-12-30 07:59:00,"618 Walnut St, Austin, TX 73301",December
311969,Vareebadd Phone,1,400.0,2019-12-08 11:00:00,"466 Maple St, San Francisco, CA 94016",December
315483,Vareebadd Phone,1,400.0,2019-12-29 20:00:00,"631 12th St, San Francisco, CA 94016",December
296436,Vareebadd Phone,1,400.0,2019-12-25 13:13:00,"939 River St, Los Angeles, CA 90001",December
314550,Vareebadd Phone,1,400.0,2019-12-14 21:10:00,"40 Highland St, Boston, MA 02215",December
296769,Vareebadd Phone,1,400.0,2019-12-13 22:16:00,"868 Elm St, Los Angeles, CA 90001",December
303292,Vareebadd Phone,1,400.0,2019-12-29 18:50:00,"899 Walnut St, New York City, NY 10001",December
312635,Vareebadd Phone,1,400.0,2019-12-31 09:38:00,"85 Dogwood St, Dallas, TX 75001",December
316892,Vareebadd Phone,1,400.0,2019-12-26 01:58:00,"340 Washington St, San Francisco, CA 94016",December
317923,Vareebadd Phone,1,400.0,2019-12-29 20:05:00,"662 Maple St, Portland, OR 97035",December
318682,Vareebadd Phone,1,400.0,2019-12-18 17:23:00,"266 Cedar St, Los Angeles, CA 90001",December
306579,Vareebadd Phone,1,400.0,2019-12-08 20:40:00,"331 Ridge St, Dallas, TX 75001",December
305030,Vareebadd Phone,1,400.0,2019-12-01 18:49:00,"554 6th St, New York City, NY 10001",December
308527,Vareebadd Phone,1,400.0,2019-12-10 21:41:00,"615 Park St, Dallas, TX 75001",December
300690,Vareebadd Phone,1,400.0,2019-12-28 09:36:00,"562 Jefferson St, Los Angeles, CA 90001",December
316874,Vareebadd Phone,1,400.0,2019-12-29 00:02:00,"613 Walnut St, Portland, OR 97035",December
300330,Vareebadd Phone,1,400.0,2019-12-24 11:38:00,"439 Washington St, Atlanta, GA 30301",December
222739,Vareebadd Phone,1,400.0,2019-06-09 22:14:00,"736 Meadow St, Los Angeles, CA 90001",June
213930,Vareebadd Phone,1,400.0,2019-06-10 19:13:00,"276 Lake St, San Francisco, CA 94016",June
249827,Vareebadd Phone,1,400.0,2019-09-01 13:14:00,"827 Chestnut St, New York City, NY 10001",September
256696,Vareebadd Phone,1,400.0,2019-09-15 13:07:00,"430 Jackson St, Los Angeles, CA 90001",September
290570,Vareebadd Phone,1,400.0,2019-11-07 19:03:00,"397 8th St, San Francisco, CA 94016",November
297574,Vareebadd Phone,1,400.0,2019-12-18 13:51:00,"519 Lake St, San Francisco, CA 94016",December
317952,Vareebadd Phone,1,400.0,2019-12-18 20:17:00,"993 Park St, Dallas, TX 75001",December
312270,Vareebadd Phone,1,400.0,2019-12-12 21:34:00,"603 Center St, Boston, MA 02215",December
313180,Vareebadd Phone,1,400.0,2019-12-19 08:12:00,"620 11th St, San Francisco, CA 94016",December
317579,Vareebadd Phone,1,400.0,2019-12-01 21:23:00,"751 Highland St, Dallas, TX 75001",December
306171,Vareebadd Phone,1,400.0,2019-12-12 18:21:00,"328 7th St, San Francisco, CA 94016",December
311584,Vareebadd Phone,1,400.0,2019-12-24 08:34:00,"588 7th St, Los Angeles, CA 90001",December
315702,Vareebadd Phone,1,400.0,2019-12-09 14:11:00,"728 Park St, Los Angeles, CA 90001",December
318569,Vareebadd Phone,1,400.0,2019-12-19 12:24:00,"144 Chestnut St, Seattle, WA 98101",December
301355,Vareebadd Phone,1,400.0,2019-12-23 17:13:00,"801 Washington St, Atlanta, GA 30301",December
299484,Vareebadd Phone,1,400.0,2019-12-29 00:46:00,"959 Church St, Seattle, WA 98101",December
308369,Vareebadd Phone,1,400.0,2019-12-13 08:43:00,"511 Jefferson St, Boston, MA 02215",December
314345,Vareebadd Phone,1,400.0,2019-12-15 15:38:00,"864 Lakeview St, New York City, NY 10001",December
313127,Vareebadd Phone,1,400.0,2019-12-05 00:23:00,"850 West St, Los Angeles, CA 90001",December
314005,Vareebadd Phone,1,400.0,2019-12-08 22:39:00,"146 South St, Atlanta, GA 30301",December
303106,Vareebadd Phone,1,400.0,2019-12-15 21:33:00,"776 Adams St, Boston, MA 02215",December
308278,Vareebadd Phone,1,400.0,2019-12-13 19:35:00,"639 Jackson St, Seattle, WA 98101",December
309136,Vareebadd Phone,1,400.0,2019-12-10 16:18:00,"440 11th St, Dallas, TX 75001",December
302506,Vareebadd Phone,1,400.0,2019-12-30 17:05:00,"847 13th St, Los Angeles, CA 90001",December
305161,Vareebadd Phone,1,400.0,2019-12-29 19:48:00,"735 Main St, Boston, MA 02215",December
299235,Vareebadd Phone,1,400.0,2019-12-21 12:47:00,"452 Adams St, Austin, TX 73301",December
306104,Vareebadd Phone,1,400.0,2019-12-18 14:05:00,"275 Jackson St, San Francisco, CA 94016",December
306874,Vareebadd Phone,1,400.0,2019-12-19 10:59:00,"549 Ridge St, Boston, MA 02215",December
310730,Vareebadd Phone,1,400.0,2019-12-24 08:35:00,"660 Walnut St, Portland, OR 97035",December
147767,Vareebadd Phone,1,400.0,2019-01-15 20:08:00,"73 14th St, Boston, MA 02215",January
147880,Vareebadd Phone,1,400.0,2019-01-26 14:06:00,"937 Elm St, New York City, NY 10001",January
148666,Vareebadd Phone,1,400.0,2019-01-12 14:20:00,"56 North St, Boston, MA 02215",January
149604,Vareebadd Phone,1,400.0,2019-01-04 11:40:00,"924 Highland St, San Francisco, CA 94016",January
143545,Vareebadd Phone,1,400.0,2019-01-24 20:36:00,"597 2nd St, Los Angeles, CA 90001",January
144933,Vareebadd Phone,1,400.0,2019-01-15 09:44:00,"275 1st St, San Francisco, CA 94016",January
146943,Vareebadd Phone,1,400.0,2019-01-21 11:03:00,"919 Cedar St, San Francisco, CA 94016",January
148163,Vareebadd Phone,1,400.0,2019-01-18 07:44:00,"279 6th St, Los Angeles, CA 90001",January
144598,Vareebadd Phone,1,400.0,2019-01-17 10:54:00,"685 South St, Austin, TX 73301",January
147666,Vareebadd Phone,1,400.0,2019-01-19 21:27:00,"965 Forest St, Seattle, WA 98101",January
147463,Vareebadd Phone,1,400.0,2019-01-30 18:54:00,"310 4th St, Atlanta, GA 30301",January
149083,Vareebadd Phone,1,400.0,2019-01-27 13:09:00,"887 8th St, New York City, NY 10001",January
141696,Vareebadd Phone,1,400.0,2019-01-15 22:33:00,"709 North St, Seattle, WA 98101",January
142851,Vareebadd Phone,1,400.0,2019-01-08 16:38:00,"258 Elm St, San Francisco, CA 94016",January
143683,Vareebadd Phone,1,400.0,2019-01-11 12:02:00,"410 Wilson St, Portland, OR 97035",January
143706,Vareebadd Phone,1,400.0,2019-01-24 13:00:00,"925 Walnut St, San Francisco, CA 94016",January
144743,Vareebadd Phone,1,400.0,2019-01-09 23:26:00,"2 Jackson St, Los Angeles, CA 90001",January
145581,Vareebadd Phone,1,400.0,2019-01-25 16:39:00,"661 Maple St, San Francisco, CA 94016",January
144158,Vareebadd Phone,1,400.0,2019-01-01 18:04:00,"661 Cedar St, San Francisco, CA 94016",January
142542,Vareebadd Phone,1,400.0,2019-01-16 13:02:00,"255 13th St, New York City, NY 10001",January
141760,Vareebadd Phone,1,400.0,2019-01-21 11:09:00,"289 Walnut St, Atlanta, GA 30301",January
146214,Vareebadd Phone,1,400.0,2019-01-23 21:41:00,"842 Forest St, Los Angeles, CA 90001",January
149094,Vareebadd Phone,1,400.0,2019-01-02 23:06:00,"682 Pine St, Seattle, WA 98101",January
152501,Vareebadd Phone,1,400.0,2019-02-20 06:41:00,"260 Pine St, Atlanta, GA 30301",February
156440,Vareebadd Phone,1,400.0,2019-02-02 14:04:00,"662 Lakeview St, Boston, MA 02215",February
157926,Vareebadd Phone,1,400.0,2019-02-06 20:35:00,"491 Cherry St, Los Angeles, CA 90001",February
154011,Vareebadd Phone,1,400.0,2019-02-18 16:53:00,"426 West St, Boston, MA 02215",February
153146,Vareebadd Phone,1,400.0,2019-02-25 09:38:00,"929 West St, Seattle, WA 98101",February
152896,Vareebadd Phone,1,400.0,2019-02-13 16:04:00,"37 Hickory St, New York City, NY 10001",February
156238,Vareebadd Phone,1,400.0,2019-02-02 00:20:00,"743 Lake St, Boston, MA 02215",February
155762,Vareebadd Phone,1,400.0,2019-02-04 18:55:00,"121 Ridge St, New York City, NY 10001",February
150640,Vareebadd Phone,1,400.0,2019-02-26 00:07:00,"769 Willow St, New York City, NY 10001",February
151258,Vareebadd Phone,1,400.0,2019-02-06 21:15:00,"736 Jefferson St, New York City, NY 10001",February
158642,Vareebadd Phone,1,400.0,2019-02-08 00:00:00,"356 Ridge St, Dallas, TX 75001",February
161960,Vareebadd Phone,1,400.0,2019-02-01 11:32:00,"867 Cherry St, Boston, MA 02215",February
159813,Vareebadd Phone,1,400.0,2019-02-08 00:15:00,"540 4th St, Los Angeles, CA 90001",February
159960,Vareebadd Phone,1,400.0,2019-02-11 12:42:00,"783 4th St, San Francisco, CA 94016",February
153493,Vareebadd Phone,1,400.0,2019-02-13 21:19:00,"479 Sunset St, Dallas, TX 75001",February
158821,Vareebadd Phone,1,400.0,2019-02-07 02:23:00,"837 Church St, San Francisco, CA 94016",February
154889,Vareebadd Phone,1,400.0,2019-02-13 14:44:00,"238 River St, Dallas, TX 75001",February
151595,Vareebadd Phone,1,400.0,2019-02-26 12:50:00,"384 North St, Seattle, WA 98101",February
160040,Vareebadd Phone,1,400.0,2019-02-10 11:39:00,"893 Ridge St, Los Angeles, CA 90001",February
161405,Vareebadd Phone,1,400.0,2019-02-13 13:59:00,"994 Cherry St, Dallas, TX 75001",February
152089,Vareebadd Phone,1,400.0,2019-02-13 19:15:00,"638 Spruce St, San Francisco, CA 94016",February
156695,Vareebadd Phone,1,400.0,2019-02-02 10:06:00,"340 4th St, San Francisco, CA 94016",February
163682,Vareebadd Phone,1,400.0,2019-03-19 19:41:00,"356 6th St, Los Angeles, CA 90001",March
169009,Vareebadd Phone,1,400.0,2019-03-12 14:59:00,"30 Walnut St, Dallas, TX 75001",March
162741,Vareebadd Phone,1,400.0,2019-03-01 11:32:00,"698 Willow St, Los Angeles, CA 90001",March
172289,Vareebadd Phone,1,400.0,2019-03-02 10:10:00,"999 Sunset St, Los Angeles, CA 90001",March
173647,Vareebadd Phone,1,400.0,2019-03-14 14:21:00,"310 Cedar St, Atlanta, GA 30301",March
170210,Vareebadd Phone,1,400.0,2019-03-23 23:48:00,"761 Pine St, Boston, MA 02215",March
171657,Vareebadd Phone,1,400.0,2019-03-30 17:55:00,"687 Sunset St, Portland, OR 97035",March
162093,Vareebadd Phone,1,400.0,2019-03-19 11:32:00,"855 Lakeview St, Boston, MA 02215",March
162883,Vareebadd Phone,1,400.0,2019-03-24 14:19:00,"349 Walnut St, New York City, NY 10001",March
174515,Vareebadd Phone,1,400.0,2019-03-22 10:19:00,"829 Sunset St, San Francisco, CA 94016",March
167839,Vareebadd Phone,1,400.0,2019-03-28 11:31:00,"408 Jackson St, Austin, TX 73301",March
170607,Vareebadd Phone,1,400.0,2019-03-24 10:09:00,"236 Sunset St, New York City, NY 10001",March
174873,Vareebadd Phone,1,400.0,2019-03-18 13:52:00,"685 Maple St, San Francisco, CA 94016",March
162294,Vareebadd Phone,1,400.0,2019-03-10 11:57:00,"769 8th St, Atlanta, GA 30301",March
164528,Vareebadd Phone,1,400.0,2019-03-16 06:52:00,"723 7th St, Los Angeles, CA 90001",March
169936,Vareebadd Phone,1,400.0,2019-03-07 19:29:00,"546 River St, New York City, NY 10001",March
166001,Vareebadd Phone,1,400.0,2019-03-15 13:19:00,"316 Center St, New York City, NY 10001",March
171588,Vareebadd Phone,1,400.0,2019-03-25 10:03:00,"946 2nd St, Portland, ME 04101",March
167659,Vareebadd Phone,1,400.0,2019-03-12 07:28:00,"11 Park St, Austin, TX 73301",March
172861,Vareebadd Phone,1,400.0,2019-03-06 11:42:00,"212 Lake St, Boston, MA 02215",March
168755,Vareebadd Phone,1,400.0,2019-03-16 10:23:00,"790 Hill St, Portland, OR 97035",March
168035,Vareebadd Phone,1,400.0,2019-03-08 23:51:00,"394 6th St, Boston, MA 02215",March
175222,Vareebadd Phone,1,400.0,2019-03-23 06:44:00,"916 Forest St, San Francisco, CA 94016",March
176106,Vareebadd Phone,1,400.0,2019-03-03 14:31:00,"107 Spruce St, Dallas, TX 75001",March
166470,Vareebadd Phone,1,400.0,2019-03-21 15:02:00,"986 Washington St, Atlanta, GA 30301",March
173538,Vareebadd Phone,1,400.0,2019-03-05 09:45:00,"757 Cedar St, Boston, MA 02215",March
175938,Vareebadd Phone,1,400.0,2019-03-03 13:44:00,"962 South St, Los Angeles, CA 90001",March
169151,Vareebadd Phone,1,400.0,2019-03-31 20:44:00,"389 Forest St, Dallas, TX 75001",March
173439,Vareebadd Phone,1,400.0,2019-03-16 11:59:00,"902 Center St, Boston, MA 02215",March
162472,Vareebadd Phone,1,400.0,2019-03-05 23:55:00,"505 Hickory St, Seattle, WA 98101",March
167171,Vareebadd Phone,1,400.0,2019-03-20 19:00:00,"992 1st St, New York City, NY 10001",March
169663,Vareebadd Phone,1,400.0,2019-03-19 08:13:00,"155 Highland St, New York City, NY 10001",March
172369,Vareebadd Phone,1,400.0,2019-03-15 14:13:00,"375 2nd St, San Francisco, CA 94016",March
165928,Vareebadd Phone,1,400.0,2019-03-25 19:31:00,"33 Maple St, Los Angeles, CA 90001",March
175717,Vareebadd Phone,1,400.0,2019-03-02 18:20:00,"123 Washington St, Boston, MA 02215",March
164880,Vareebadd Phone,1,400.0,2019-03-10 22:21:00,"533 9th St, Seattle, WA 98101",March
180972,Vareebadd Phone,1,400.0,2019-04-29 17:54:00,"795 River St, Austin, TX 73301",April
177119,Vareebadd Phone,1,400.0,2019-04-06 20:13:00,"617 Highland St, Seattle, WA 98101",April
189640,Vareebadd Phone,1,400.0,2019-04-29 21:02:00,"615 13th St, Dallas, TX 75001",April
193360,Vareebadd Phone,1,400.0,2019-04-26 13:09:00,"403 Madison St, Los Angeles, CA 90001",April
178765,Vareebadd Phone,1,400.0,2019-04-06 20:24:00,"451 Hill St, New York City, NY 10001",April
183325,Vareebadd Phone,1,400.0,2019-04-27 11:41:00,"555 Adams St, Atlanta, GA 30301",April
183342,Vareebadd Phone,1,400.0,2019-04-06 22:29:00,"449 Pine St, Boston, MA 02215",April
177208,Vareebadd Phone,1,400.0,2019-04-30 18:04:00,"164 2nd St, Austin, TX 73301",April
186271,Vareebadd Phone,1,400.0,2019-04-07 20:29:00,"222 Church St, New York City, NY 10001",April
185966,Vareebadd Phone,1,400.0,2019-04-08 11:31:00,"582 Adams St, San Francisco, CA 94016",April
186629,Vareebadd Phone,1,400.0,2019-04-28 20:43:00,"834 5th St, Dallas, TX 75001",April
192443,Vareebadd Phone,1,400.0,2019-04-05 16:39:00,"770 Adams St, Austin, TX 73301",April
186552,Vareebadd Phone,1,400.0,2019-04-30 14:37:00,"164 Elm St, San Francisco, CA 94016",April
187052,Vareebadd Phone,1,400.0,2019-04-07 21:25:00,"419 Hickory St, Seattle, WA 98101",April
190767,Vareebadd Phone,1,400.0,2019-04-17 14:56:00,"55 Church St, Atlanta, GA 30301",April
185468,Vareebadd Phone,1,400.0,2019-04-01 15:22:00,"840 4th St, Boston, MA 02215",April
193384,Vareebadd Phone,1,400.0,2019-04-25 10:57:00,"696 2nd St, Boston, MA 02215",April
177428,Vareebadd Phone,1,400.0,2019-04-15 08:19:00,"481 Jefferson St, Boston, MA 02215",April
184271,Vareebadd Phone,1,400.0,2019-04-22 17:27:00,"351 4th St, Los Angeles, CA 90001",April
180031,Vareebadd Phone,1,400.0,2019-04-22 15:33:00,"534 10th St, Atlanta, GA 30301",April
185168,Vareebadd Phone,1,400.0,2019-04-26 08:12:00,"151 Jackson St, San Francisco, CA 94016",April
177198,Vareebadd Phone,1,400.0,2019-04-06 16:07:00,"154 6th St, New York City, NY 10001",April
193747,Vareebadd Phone,1,400.0,2019-04-21 15:29:00,"883 2nd St, Seattle, WA 98101",April
192822,Vareebadd Phone,1,400.0,2019-04-10 18:16:00,"561 13th St, New York City, NY 10001",April
184729,Vareebadd Phone,1,400.0,2019-04-11 19:36:00,"933 Elm St, Los Angeles, CA 90001",April
185916,Vareebadd Phone,1,400.0,2019-04-14 06:49:00,"281 Cedar St, Los Angeles, CA 90001",April
178325,Vareebadd Phone,1,400.0,2019-04-06 23:09:00,"762 1st St, Dallas, TX 75001",April
183928,Vareebadd Phone,1,400.0,2019-04-25 21:44:00,"180 1st St, San Francisco, CA 94016",April
176801,Vareebadd Phone,1,400.0,2019-04-28 18:52:00,"125 North St, San Francisco, CA 94016",April
179605,Vareebadd Phone,1,400.0,2019-04-02 20:03:00,"435 10th St, San Francisco, CA 94016",April
191030,Vareebadd Phone,1,400.0,2019-04-29 17:12:00,"240 Church St, Dallas, TX 75001",April
189957,Vareebadd Phone,1,400.0,2019-04-20 18:53:00,"64 6th St, Portland, ME 04101",April
183652,Vareebadd Phone,1,400.0,2019-04-27 23:49:00,"869 West St, Austin, TX 73301",April
179184,Vareebadd Phone,1,400.0,2019-04-24 12:16:00,"805 Cherry St, New York City, NY 10001",April
177902,Vareebadd Phone,1,400.0,2019-04-04 11:54:00,"290 Maple St, San Francisco, CA 94016",April
189856,Vareebadd Phone,1,400.0,2019-04-05 13:37:00,"629 14th St, Los Angeles, CA 90001",April
179056,Vareebadd Phone,1,400.0,2019-04-19 23:55:00,"71 Johnson St, Dallas, TX 75001",April
183656,Vareebadd Phone,1,400.0,2019-04-03 03:00:00,"879 West St, Dallas, TX 75001",April
191042,Vareebadd Phone,1,400.0,2019-04-01 10:36:00,"716 Lincoln St, San Francisco, CA 94016",April
208388,Vareebadd Phone,1,400.0,2019-05-05 14:06:00,"360 Sunset St, Atlanta, GA 30301",May
195075,Vareebadd Phone,1,400.0,2019-05-13 10:43:00,"85 South St, New York City, NY 10001",May
208990,Vareebadd Phone,1,400.0,2019-05-07 22:27:00,"990 Spruce St, Los Angeles, CA 90001",May
201406,Vareebadd Phone,1,400.0,2019-05-19 08:02:00,"446 Park St, Seattle, WA 98101",May
197124,Vareebadd Phone,1,400.0,2019-05-23 12:13:00,"124 Sunset St, Seattle, WA 98101",May
200356,Vareebadd Phone,1,400.0,2019-05-18 22:51:00,"494 Jackson St, New York City, NY 10001",May
201541,Vareebadd Phone,1,400.0,2019-05-11 20:02:00,"130 Maple St, Dallas, TX 75001",May
204268,Vareebadd Phone,1,400.0,2019-05-03 05:44:00,"287 4th St, Los Angeles, CA 90001",May
205194,Vareebadd Phone,1,400.0,2019-05-03 21:01:00,"633 Cedar St, San Francisco, CA 94016",May
194216,Vareebadd Phone,1,400.0,2019-05-26 15:02:00,"972 7th St, New York City, NY 10001",May
200401,Vareebadd Phone,1,400.0,2019-05-14 16:55:00,"856 Cherry St, San Francisco, CA 94016",May
198805,Vareebadd Phone,1,400.0,2019-05-08 04:45:00,"811 9th St, Seattle, WA 98101",May
197513,Vareebadd Phone,1,400.0,2019-05-21 14:50:00,"483 Dogwood St, Los Angeles, CA 90001",May
206655,Vareebadd Phone,1,400.0,2019-05-08 18:10:00,"353 Johnson St, Boston, MA 02215",May
198059,Vareebadd Phone,1,400.0,2019-05-26 16:31:00,"474 9th St, Atlanta, GA 30301",May
198682,Vareebadd Phone,1,400.0,2019-05-16 19:02:00,"749 Johnson St, Boston, MA 02215",May
203361,Vareebadd Phone,1,400.0,2019-05-14 19:26:00,"428 1st St, Portland, OR 97035",May
194973,Vareebadd Phone,1,400.0,2019-05-16 19:18:00,"12 13th St, New York City, NY 10001",May
201720,Vareebadd Phone,1,400.0,2019-05-14 21:09:00,"867 Walnut St, Austin, TX 73301",May
197766,Vareebadd Phone,1,400.0,2019-05-27 14:39:00,"768 Walnut St, San Francisco, CA 94016",May
205778,Vareebadd Phone,1,400.0,2019-05-09 08:02:00,"302 1st St, Boston, MA 02215",May
194430,Vareebadd Phone,1,400.0,2019-05-04 10:35:00,"234 Main St, Seattle, WA 98101",May
195886,Vareebadd Phone,1,400.0,2019-05-07 22:20:00,"85 Lake St, Los Angeles, CA 90001",May
205006,Vareebadd Phone,1,400.0,2019-05-10 08:50:00,"678 Maple St, New York City, NY 10001",May
204969,Vareebadd Phone,1,400.0,2019-05-01 23:54:00,"662 Pine St, Atlanta, GA 30301",May
206998,Vareebadd Phone,1,400.0,2019-05-20 17:24:00,"148 Park St, New York City, NY 10001",May
202604,Vareebadd Phone,1,400.0,2019-05-11 21:14:00,"955 Dogwood St, San Francisco, CA 94016",May
207821,Vareebadd Phone,1,400.0,2019-05-13 01:49:00,"75 14th St, Boston, MA 02215",May
207997,Vareebadd Phone,1,400.0,2019-05-23 11:56:00,"646 Walnut St, Los Angeles, CA 90001",May
215177,Vareebadd Phone,1,400.0,2019-06-11 16:17:00,"379 Highland St, Dallas, TX 75001",June
220144,Vareebadd Phone,1,400.0,2019-06-06 13:28:00,"834 Main St, Boston, MA 02215",June
211411,Vareebadd Phone,1,400.0,2019-06-07 14:01:00,"292 Main St, Los Angeles, CA 90001",June
212048,Vareebadd Phone,1,400.0,2019-06-12 11:28:00,"37 Cedar St, San Francisco, CA 94016",June
216733,Vareebadd Phone,1,400.0,2019-06-02 11:12:00,"881 Jefferson St, San Francisco, CA 94016",June
221736,Vareebadd Phone,1,400.0,2019-06-15 20:16:00,"603 12th St, Boston, MA 02215",June
222372,Vareebadd Phone,1,400.0,2019-06-28 19:42:00,"557 South St, San Francisco, CA 94016",June
222667,Vareebadd Phone,1,400.0,2019-06-13 09:13:00,"749 Meadow St, Dallas, TX 75001",June
214578,Vareebadd Phone,1,400.0,2019-06-30 14:33:00,"444 7th St, San Francisco, CA 94016",June
214322,Vareebadd Phone,1,400.0,2019-06-24 22:44:00,"586 Lake St, San Francisco, CA 94016",June
212917,Vareebadd Phone,1,400.0,2019-06-30 13:34:00,"492 Spruce St, Portland, OR 97035",June
219521,Vareebadd Phone,1,400.0,2019-06-05 00:35:00,"845 Highland St, San Francisco, CA 94016",June
212774,Vareebadd Phone,1,400.0,2019-06-06 11:03:00,"464 Park St, Seattle, WA 98101",June
220658,Vareebadd Phone,1,400.0,2019-06-01 16:59:00,"116 Lakeview St, Dallas, TX 75001",June
217406,Vareebadd Phone,1,400.0,2019-06-04 19:06:00,"603 Park St, Portland, OR 97035",June
215336,Vareebadd Phone,1,400.0,2019-06-21 18:01:00,"408 Chestnut St, New York City, NY 10001",June
220841,Vareebadd Phone,1,400.0,2019-06-27 11:20:00,"528 Madison St, Austin, TX 73301",June
220325,Vareebadd Phone,1,400.0,2019-06-14 13:00:00,"765 Lakeview St, San Francisco, CA 94016",June
214178,Vareebadd Phone,1,400.0,2019-06-14 00:21:00,"405 Adams St, Los Angeles, CA 90001",June
219938,Vareebadd Phone,1,400.0,2019-06-11 09:22:00,"297 Washington St, Boston, MA 02215",June
218857,Vareebadd Phone,1,400.0,2019-06-25 21:08:00,"886 Jefferson St, Boston, MA 02215",June
216581,Vareebadd Phone,1,400.0,2019-06-19 16:51:00,"942 Park St, New York City, NY 10001",June
212812,Vareebadd Phone,1,400.0,2019-06-29 09:58:00,"68 Sunset St, New York City, NY 10001",June
210837,Vareebadd Phone,1,400.0,2019-06-22 14:27:00,"968 Cedar St, New York City, NY 10001",June
214411,Vareebadd Phone,1,400.0,2019-06-13 12:20:00,"732 Park St, Los Angeles, CA 90001",June
219464,Vareebadd Phone,1,400.0,2019-06-15 20:29:00,"882 South St, Boston, MA 02215",June
230722,Vareebadd Phone,1,400.0,2019-07-29 16:07:00,"515 Dogwood St, Austin, TX 73301",July
229492,Vareebadd Phone,1,400.0,2019-07-06 22:01:00,"175 Lincoln St, Los Angeles, CA 90001",July
235200,Vareebadd Phone,1,400.0,2019-07-01 07:48:00,"229 Walnut St, Atlanta, GA 30301",July
228159,Vareebadd Phone,1,400.0,2019-07-07 21:15:00,"466 Wilson St, Seattle, WA 98101",July
223321,Vareebadd Phone,1,400.0,2019-07-21 10:13:00,"863 Lincoln St, San Francisco, CA 94016",July
228246,Vareebadd Phone,1,400.0,2019-07-07 11:30:00,"14 North St, New York City, NY 10001",July
227841,Vareebadd Phone,1,400.0,2019-07-05 06:41:00,"159 Forest St, San Francisco, CA 94016",July
234274,Vareebadd Phone,1,400.0,2019-07-03 21:34:00,"655 Madison St, Dallas, TX 75001",July
223048,Vareebadd Phone,1,400.0,2019-07-21 17:19:00,"168 8th St, Portland, OR 97035",July
230060,Vareebadd Phone,1,400.0,2019-07-08 13:12:00,"84 Madison St, Los Angeles, CA 90001",July
225455,Vareebadd Phone,1,400.0,2019-07-09 21:18:00,"198 Cedar St, Los Angeles, CA 90001",July
225546,Vareebadd Phone,1,400.0,2019-07-16 21:50:00,"671 4th St, Austin, TX 73301",July
229236,Vareebadd Phone,1,400.0,2019-07-12 19:28:00,"443 Lake St, San Francisco, CA 94016",July
223313,Vareebadd Phone,1,400.0,2019-07-30 18:52:00,"993 Ridge St, Seattle, WA 98101",July
230882,Vareebadd Phone,1,400.0,2019-07-01 17:18:00,"98 North St, San Francisco, CA 94016",July
236196,Vareebadd Phone,1,400.0,2019-07-13 16:51:00,"528 7th St, Seattle, WA 98101",July
227970,Vareebadd Phone,1,400.0,2019-07-26 19:12:00,"294 Maple St, San Francisco, CA 94016",July
226194,Vareebadd Phone,1,400.0,2019-07-29 22:35:00,"257 12th St, Los Angeles, CA 90001",July
226410,Vareebadd Phone,1,400.0,2019-07-05 15:27:00,"831 Lakeview St, San Francisco, CA 94016",July
223028,Vareebadd Phone,1,400.0,2019-07-07 10:21:00,"969 10th St, San Francisco, CA 94016",July
230605,Vareebadd Phone,1,400.0,2019-07-27 09:15:00,"875 Pine St, Boston, MA 02215",July
231534,Vareebadd Phone,1,400.0,2019-07-09 19:54:00,"19 River St, Los Angeles, CA 90001",July
233992,Vareebadd Phone,1,400.0,2019-07-16 09:43:00,"74 6th St, Seattle, WA 98101",July
236298,Vareebadd Phone,1,400.0,2019-07-21 14:16:00,"570 Pine St, Dallas, TX 75001",July
234246,Vareebadd Phone,1,400.0,2019-07-07 19:40:00,"498 Chestnut St, Seattle, WA 98101",July
223305,Vareebadd Phone,1,400.0,2019-07-16 14:09:00,"976 Sunset St, San Francisco, CA 94016",July
224947,Vareebadd Phone,1,400.0,2019-07-06 04:44:00,"208 9th St, Seattle, WA 98101",July
238338,Vareebadd Phone,2,400.0,2019-08-11 00:02:00,"419 Adams St, San Francisco, CA 94016",August
245555,Vareebadd Phone,1,400.0,2019-08-02 11:32:00,"928 9th St, Seattle, WA 98101",August
243742,Vareebadd Phone,1,400.0,2019-08-21 19:32:00,"478 Main St, San Francisco, CA 94016",August
237069,Vareebadd Phone,1,400.0,2019-08-08 14:09:00,"147 Highland St, Seattle, WA 98101",August
239398,Vareebadd Phone,1,400.0,2019-08-01 10:52:00,"521 4th St, Austin, TX 73301",August
241045,Vareebadd Phone,1,400.0,2019-08-25 11:48:00,"766 Elm St, Portland, ME 04101",August
243790,Vareebadd Phone,1,400.0,2019-08-20 02:15:00,"185 Sunset St, San Francisco, CA 94016",August
237869,Vareebadd Phone,1,400.0,2019-08-19 21:36:00,"501 Wilson St, Portland, OR 97035",August
245378,Vareebadd Phone,1,400.0,2019-08-25 13:18:00,"195 7th St, New York City, NY 10001",August
240953,Vareebadd Phone,1,400.0,2019-08-06 11:59:00,"486 Johnson St, New York City, NY 10001",August
244577,Vareebadd Phone,1,400.0,2019-08-28 08:31:00,"449 Meadow St, Los Angeles, CA 90001",August
238930,Vareebadd Phone,1,400.0,2019-08-12 09:26:00,"149 Wilson St, Dallas, TX 75001",August
241463,Vareebadd Phone,1,400.0,2019-08-17 19:14:00,"494 Cedar St, Atlanta, GA 30301",August
241817,Vareebadd Phone,1,400.0,2019-08-24 00:35:00,"837 13th St, Boston, MA 02215",August
243255,Vareebadd Phone,1,400.0,2019-08-23 11:43:00,"79 Spruce St, San Francisco, CA 94016",August
236973,Vareebadd Phone,1,400.0,2019-08-08 12:03:00,"845 West St, Austin, TX 73301",August
243063,Vareebadd Phone,1,400.0,2019-08-13 18:55:00,"91 Wilson St, New York City, NY 10001",August
238098,Vareebadd Phone,1,400.0,2019-08-04 13:06:00,"288 Pine St, San Francisco, CA 94016",August
237753,Vareebadd Phone,1,400.0,2019-08-21 16:39:00,"875 Johnson St, San Francisco, CA 94016",August
238865,Vareebadd Phone,1,400.0,2019-08-14 18:37:00,"718 Highland St, San Francisco, CA 94016",August
246457,Vareebadd Phone,1,400.0,2019-08-01 15:31:00,"31 Lincoln St, Atlanta, GA 30301",August
236921,Vareebadd Phone,1,400.0,2019-08-10 12:45:00,"309 1st St, San Francisco, CA 94016",August
246615,Vareebadd Phone,1,400.0,2019-08-25 12:25:00,"129 Hill St, Austin, TX 73301",August
243431,Vareebadd Phone,1,400.0,2019-08-29 12:43:00,"177 Forest St, Los Angeles, CA 90001",August
240629,Vareebadd Phone,1,400.0,2019-08-19 13:08:00,"935 Madison St, New York City, NY 10001",August
238163,Vareebadd Phone,1,400.0,2019-08-15 19:04:00,"319 Highland St, Atlanta, GA 30301",August
248049,Vareebadd Phone,1,400.0,2019-08-20 20:15:00,"561 West St, Atlanta, GA 30301",August
240212,Vareebadd Phone,1,400.0,2019-08-30 22:18:00,"735 Sunset St, Boston, MA 02215",August
239517,Vareebadd Phone,1,400.0,2019-08-21 15:25:00,"320 West St, New York City, NY 10001",August
247143,Vareebadd Phone,1,400.0,2019-08-01 22:05:00,"630 Dogwood St, Los Angeles, CA 90001",August
245411,Vareebadd Phone,1,400.0,2019-08-05 21:31:00,"531 13th St, San Francisco, CA 94016",August
255010,Vareebadd Phone,1,400.0,2019-09-13 22:19:00,"361 Adams St, Atlanta, GA 30301",September
256429,Vareebadd Phone,1,400.0,2019-09-19 09:35:00,"980 Dogwood St, Dallas, TX 75001",September
249406,Vareebadd Phone,1,400.0,2019-09-10 12:54:00,"860 Maple St, Portland, OR 97035",September
253821,Vareebadd Phone,1,400.0,2019-09-10 07:26:00,"441 Ridge St, Seattle, WA 98101",September
258136,Vareebadd Phone,1,400.0,2019-09-19 17:17:00,"218 Madison St, Austin, TX 73301",September
255846,Vareebadd Phone,1,400.0,2019-09-10 14:40:00,"286 Cherry St, San Francisco, CA 94016",September
250704,Vareebadd Phone,1,400.0,2019-09-10 20:42:00,"841 Lincoln St, New York City, NY 10001",September
259220,Vareebadd Phone,1,400.0,2019-09-21 20:31:00,"815 Jefferson St, San Francisco, CA 94016",September
250429,Vareebadd Phone,1,400.0,2019-09-29 11:06:00,"849 Pine St, Dallas, TX 75001",September
248265,Vareebadd Phone,1,400.0,2019-09-24 14:07:00,"939 14th St, San Francisco, CA 94016",September
248437,Vareebadd Phone,1,400.0,2019-09-11 20:44:00,"691 Lakeview St, San Francisco, CA 94016",September
250035,Vareebadd Phone,1,400.0,2019-09-27 14:50:00,"12 Cedar St, San Francisco, CA 94016",September
252180,Vareebadd Phone,1,400.0,2019-09-02 20:19:00,"731 Park St, Atlanta, GA 30301",September
251112,Vareebadd Phone,1,400.0,2019-09-10 09:07:00,"974 Walnut St, San Francisco, CA 94016",September
249645,Vareebadd Phone,1,400.0,2019-09-09 14:17:00,"5 Church St, Los Angeles, CA 90001",September
254612,Vareebadd Phone,1,400.0,2019-09-17 00:11:00,"110 10th St, Boston, MA 02215",September
253121,Vareebadd Phone,1,400.0,2019-09-07 06:20:00,"957 Lincoln St, San Francisco, CA 94016",September
251758,Vareebadd Phone,1,400.0,2019-09-15 21:52:00,"88 North St, Boston, MA 02215",September
252941,Vareebadd Phone,1,400.0,2019-09-07 20:48:00,"517 Adams St, San Francisco, CA 94016",September
258848,Vareebadd Phone,1,400.0,2019-09-13 18:59:00,"340 South St, Portland, OR 97035",September
252015,Vareebadd Phone,1,400.0,2019-09-07 15:31:00,"474 Ridge St, San Francisco, CA 94016",September
254895,Vareebadd Phone,1,400.0,2019-09-07 19:08:00,"176 4th St, Seattle, WA 98101",September
248515,Vareebadd Phone,1,400.0,2019-09-26 15:35:00,"556 Dogwood St, Los Angeles, CA 90001",September
256346,Vareebadd Phone,1,400.0,2019-09-13 09:52:00,"108 Church St, Boston, MA 02215",September
258208,Vareebadd Phone,1,400.0,2019-09-26 11:34:00,"84 Cherry St, Dallas, TX 75001",September
254773,Vareebadd Phone,1,400.0,2019-09-25 13:08:00,"931 Meadow St, Los Angeles, CA 90001",September
270098,Vareebadd Phone,1,400.0,2019-10-04 14:01:00,"742 Cherry St, Dallas, TX 75001",October
275579,Vareebadd Phone,1,400.0,2019-10-12 11:28:00,"132 Ridge St, Seattle, WA 98101",October
262109,Vareebadd Phone,1,400.0,2019-10-02 09:20:00,"522 Park St, Atlanta, GA 30301",October
265794,Vareebadd Phone,1,400.0,2019-10-10 15:17:00,"245 West St, San Francisco, CA 94016",October
278101,Vareebadd Phone,1,400.0,2019-10-11 23:55:00,"25 2nd St, Portland, OR 97035",October
260300,Vareebadd Phone,1,400.0,2019-10-28 11:33:00,"806 Jefferson St, Atlanta, GA 30301",October
262108,Vareebadd Phone,1,400.0,2019-10-04 06:08:00,"210 10th St, Los Angeles, CA 90001",October
262246,Vareebadd Phone,1,400.0,2019-10-30 21:28:00,"106 Dogwood St, Dallas, TX 75001",October
271757,Vareebadd Phone,1,400.0,2019-10-28 20:35:00,"401 Madison St, Atlanta, GA 30301",October
275782,Vareebadd Phone,1,400.0,2019-10-18 20:23:00,"927 Adams St, Boston, MA 02215",October
269305,Vareebadd Phone,1,400.0,2019-10-28 18:29:00,"916 Dogwood St, Dallas, TX 75001",October
271036,Vareebadd Phone,1,400.0,2019-10-02 18:14:00,"357 Park St, Dallas, TX 75001",October
265769,Vareebadd Phone,1,400.0,2019-10-30 08:38:00,"960 Church St, Dallas, TX 75001",October
274958,Vareebadd Phone,1,400.0,2019-10-07 17:26:00,"95 Wilson St, Atlanta, GA 30301",October
260451,Vareebadd Phone,1,400.0,2019-10-17 09:25:00,"441 Madison St, San Francisco, CA 94016",October
267002,Vareebadd Phone,1,400.0,2019-10-17 22:44:00,"907 Cedar St, San Francisco, CA 94016",October
272336,Vareebadd Phone,1,400.0,2019-10-26 00:28:00,"890 5th St, San Francisco, CA 94016",October
272751,Vareebadd Phone,1,400.0,2019-10-03 11:02:00,"990 Cedar St, Los Angeles, CA 90001",October
262040,Vareebadd Phone,1,400.0,2019-10-08 10:05:00,"378 4th St, New York City, NY 10001",October
264442,Vareebadd Phone,1,400.0,2019-10-22 16:45:00,"992 6th St, Austin, TX 73301",October
266062,Vareebadd Phone,1,400.0,2019-10-22 22:30:00,"167 Ridge St, San Francisco, CA 94016",October
260372,Vareebadd Phone,1,400.0,2019-10-21 12:15:00,"672 Washington St, San Francisco, CA 94016",October
273271,Vareebadd Phone,1,400.0,2019-10-27 23:51:00,"40 Main St, Boston, MA 02215",October
276348,Vareebadd Phone,1,400.0,2019-10-19 10:53:00,"749 Jefferson St, Los Angeles, CA 90001",October
263105,Vareebadd Phone,1,400.0,2019-10-23 11:02:00,"435 Madison St, San Francisco, CA 94016",October
264114,Vareebadd Phone,1,400.0,2019-10-04 13:35:00,"595 Dogwood St, New York City, NY 10001",October
264621,Vareebadd Phone,1,400.0,2019-10-17 01:07:00,"879 Spruce St, New York City, NY 10001",October
268385,Vareebadd Phone,1,400.0,2019-10-29 21:05:00,"77 Main St, Boston, MA 02215",October
266265,Vareebadd Phone,1,400.0,2019-10-26 12:59:00,"449 Maple St, New York City, NY 10001",October
267773,Vareebadd Phone,1,400.0,2019-10-25 20:46:00,"898 14th St, Dallas, TX 75001",October
264886,Vareebadd Phone,1,400.0,2019-10-31 09:19:00,"128 Pine St, Boston, MA 02215",October
267050,Vareebadd Phone,1,400.0,2019-10-13 18:16:00,"505 10th St, Atlanta, GA 30301",October
261479,Vareebadd Phone,1,400.0,2019-10-30 21:10:00,"59 12th St, Dallas, TX 75001",October
264514,Vareebadd Phone,1,400.0,2019-10-31 14:34:00,"901 11th St, Portland, OR 97035",October
267464,Vareebadd Phone,1,400.0,2019-10-07 20:59:00,"819 West St, Atlanta, GA 30301",October
292276,Vareebadd Phone,1,400.0,2019-11-30 16:45:00,"857 Pine St, Boston, MA 02215",November
284758,Vareebadd Phone,1,400.0,2019-11-13 20:14:00,"867 Forest St, San Francisco, CA 94016",November
289260,Vareebadd Phone,1,400.0,2019-11-07 19:23:00,"387 Adams St, Austin, TX 73301",November
282423,Vareebadd Phone,1,400.0,2019-11-28 19:58:00,"286 Church St, New York City, NY 10001",November
278832,Vareebadd Phone,1,400.0,2019-11-10 16:10:00,"783 12th St, San Francisco, CA 94016",November
288304,Vareebadd Phone,1,400.0,2019-11-25 10:26:00,"717 Hill St, Atlanta, GA 30301",November
294396,Vareebadd Phone,1,400.0,2019-11-24 19:55:00,"640 Jefferson St, Portland, OR 97035",November
286232,Vareebadd Phone,1,400.0,2019-11-17 17:33:00,"682 Jefferson St, San Francisco, CA 94016",November
290383,Vareebadd Phone,1,400.0,2019-11-20 18:56:00,"733 Adams St, San Francisco, CA 94016",November
291612,Vareebadd Phone,1,400.0,2019-11-10 18:20:00,"915 South St, Austin, TX 73301",November
286773,Vareebadd Phone,1,400.0,2019-11-11 12:29:00,"795 Cedar St, Boston, MA 02215",November
290792,Vareebadd Phone,1,400.0,2019-11-08 19:30:00,"194 Center St, San Francisco, CA 94016",November
282170,Vareebadd Phone,1,400.0,2019-11-01 21:58:00,"365 Lakeview St, San Francisco, CA 94016",November
281700,Vareebadd Phone,1,400.0,2019-11-27 20:43:00,"27 Elm St, San Francisco, CA 94016",November
286425,Vareebadd Phone,1,400.0,2019-11-11 15:33:00,"14 Church St, Seattle, WA 98101",November
279316,Vareebadd Phone,1,400.0,2019-11-21 10:56:00,"644 Main St, San Francisco, CA 94016",November
295375,Vareebadd Phone,1,400.0,2019-11-03 21:37:00,"276 Center St, Los Angeles, CA 90001",November
287672,Vareebadd Phone,1,400.0,2019-11-19 09:56:00,"601 Adams St, Los Angeles, CA 90001",November
279504,Vareebadd Phone,1,400.0,2019-11-21 12:01:00,"114 Chestnut St, Seattle, WA 98101",November
293666,Vareebadd Phone,1,400.0,2019-11-08 21:16:00,"924 Chestnut St, Seattle, WA 98101",November
299262,Vareebadd Phone,1,400.0,2019-12-24 09:18:00,"331 11th St, Boston, MA 02215",December
299740,Vareebadd Phone,1,400.0,2019-12-29 20:12:00,"541 Washington St, Los Angeles, CA 90001",December
317328,Vareebadd Phone,1,400.0,2019-12-03 15:43:00,"559 River St, San Francisco, CA 94016",December
301917,Vareebadd Phone,1,400.0,2019-12-03 14:33:00,"850 Sunset St, San Francisco, CA 94016",December
307547,Vareebadd Phone,1,400.0,2019-12-02 13:38:00,"961 Johnson St, Dallas, TX 75001",December
306063,Vareebadd Phone,1,400.0,2019-12-16 15:23:00,"519 5th St, San Francisco, CA 94016",December
297153,Vareebadd Phone,1,400.0,2019-12-23 01:11:00,"211 Lakeview St, Boston, MA 02215",December
315461,Vareebadd Phone,1,400.0,2019-12-24 15:07:00,"147 Cedar St, New York City, NY 10001",December
296900,Vareebadd Phone,1,400.0,2019-12-02 20:55:00,"237 Dogwood St, San Francisco, CA 94016",December
299792,Vareebadd Phone,1,400.0,2019-12-13 05:51:00,"193 Cherry St, Los Angeles, CA 90001",December
315465,Vareebadd Phone,1,400.0,2019-12-22 10:45:00,"294 Cedar St, San Francisco, CA 94016",December
211074,Vareebadd Phone,1,400.0,2019-06-22 13:27:00,"513 Walnut St, Portland, OR 97035",June
246073,Vareebadd Phone,1,400.0,2019-08-16 20:16:00,"576 Lakeview St, Austin, TX 73301",August
245696,Vareebadd Phone,1,400.0,2019-08-11 19:39:00,"829 Park St, San Francisco, CA 94016",August
247519,Vareebadd Phone,1,400.0,2019-08-09 16:35:00,"136 1st St, Los Angeles, CA 90001",August
251355,Vareebadd Phone,1,400.0,2019-09-11 02:59:00,"554 Lakeview St, San Francisco, CA 94016",September
252902,Vareebadd Phone,1,400.0,2019-09-23 00:15:00,"245 Lakeview St, Dallas, TX 75001",September
268717,Vareebadd Phone,1,400.0,2019-10-08 14:03:00,"384 West St, Los Angeles, CA 90001",October
260550,Vareebadd Phone,1,400.0,2019-10-23 21:45:00,"515 Madison St, San Francisco, CA 94016",October
269288,Vareebadd Phone,1,400.0,2019-10-10 18:27:00,"55 Ridge St, Los Angeles, CA 90001",October
317281,Vareebadd Phone,1,400.0,2019-12-19 18:20:00,"880 11th St, New York City, NY 10001",December
318707,Vareebadd Phone,1,400.0,2019-12-17 16:26:00,"380 Center St, Seattle, WA 98101",December
297513,Vareebadd Phone,1,400.0,2019-12-24 15:00:00,"961 South St, Seattle, WA 98101",December
314502,Vareebadd Phone,1,400.0,2019-12-23 12:28:00,"270 Lake St, San Francisco, CA 94016",December
297554,Vareebadd Phone,1,400.0,2019-12-03 15:32:00,"275 11th St, Dallas, TX 75001",December
296276,Vareebadd Phone,1,400.0,2019-12-30 17:56:00,"186 14th St, New York City, NY 10001",December
308209,Vareebadd Phone,1,400.0,2019-12-03 17:06:00,"595 10th St, Atlanta, GA 30301",December
308306,Vareebadd Phone,1,400.0,2019-12-01 20:24:00,"318 Ridge St, San Francisco, CA 94016",December
300043,Vareebadd Phone,1,400.0,2019-12-30 17:06:00,"59 Hill St, San Francisco, CA 94016",December
303972,Vareebadd Phone,1,400.0,2019-12-03 08:36:00,"263 Wilson St, New York City, NY 10001",December
306935,Vareebadd Phone,1,400.0,2019-12-14 15:00:00,"482 Walnut St, Los Angeles, CA 90001",December
315405,Vareebadd Phone,1,400.0,2019-12-30 21:54:00,"865 13th St, Los Angeles, CA 90001",December
307773,Vareebadd Phone,1,400.0,2019-12-04 12:56:00,"80 West St, Seattle, WA 98101",December
311704,Vareebadd Phone,1,400.0,2019-12-16 10:57:00,"827 Madison St, Atlanta, GA 30301",December
299589,Vareebadd Phone,1,400.0,2019-12-13 20:27:00,"176 6th St, Dallas, TX 75001",December
309223,Vareebadd Phone,1,400.0,2019-12-01 20:46:00,"543 Cedar St, Los Angeles, CA 90001",December
318814,Vareebadd Phone,1,400.0,2019-12-06 17:31:00,"934 Sunset St, Atlanta, GA 30301",December
315333,Vareebadd Phone,1,400.0,2019-12-25 17:12:00,"980 Maple St, Portland, ME 04101",December
319301,Vareebadd Phone,1,400.0,2019-12-12 09:48:00,"129 South St, Boston, MA 02215",December
308529,Vareebadd Phone,1,400.0,2019-12-14 07:53:00,"795 Walnut St, Seattle, WA 98101",December
297563,Vareebadd Phone,1,400.0,2019-12-05 21:35:00,"928 Jefferson St, Los Angeles, CA 90001",December
307262,Vareebadd Phone,1,400.0,2019-12-02 12:32:00,"773 7th St, Boston, MA 02215",December
316939,Vareebadd Phone,1,400.0,2019-12-20 17:53:00,"875 Maple St, San Francisco, CA 94016",December
311174,Vareebadd Phone,1,400.0,2019-12-26 18:36:00,"448 Main St, Austin, TX 73301",December
318564,Vareebadd Phone,1,400.0,2019-12-04 18:13:00,"754 Cherry St, Atlanta, GA 30301",December
300989,Vareebadd Phone,1,400.0,2019-12-03 10:22:00,"617 Sunset St, Los Angeles, CA 90001",December
304100,Vareebadd Phone,1,400.0,2019-12-18 20:22:00,"889 8th St, Dallas, TX 75001",December
317652,Vareebadd Phone,1,400.0,2019-12-20 08:19:00,"196 Forest St, New York City, NY 10001",December
301178,Vareebadd Phone,1,400.0,2019-12-21 15:06:00,"277 Jackson St, Atlanta, GA 30301",December
310234,Vareebadd Phone,1,400.0,2019-12-08 10:51:00,"746 Church St, Boston, MA 02215",December
319475,Vareebadd Phone,1,400.0,2019-12-16 23:01:00,"910 Spruce St, Seattle, WA 98101",December
299206,Vareebadd Phone,1,400.0,2019-12-10 11:00:00,"436 River St, San Francisco, CA 94016",December
298522,Vareebadd Phone,1,400.0,2019-12-06 15:59:00,"365 Lakeview St, Atlanta, GA 30301",December
301339,Vareebadd Phone,1,400.0,2019-12-11 21:00:00,"528 2nd St, San Francisco, CA 94016",December
317689,Vareebadd Phone,1,400.0,2019-12-20 04:57:00,"564 Madison St, New York City, NY 10001",December
319003,Vareebadd Phone,1,400.0,2019-12-20 09:14:00,"228 Elm St, Portland, OR 97035",December
295783,Vareebadd Phone,1,400.0,2019-12-06 12:41:00,"87 5th St, San Francisco, CA 94016",December
302870,Vareebadd Phone,1,400.0,2019-12-01 08:27:00,"319 Jefferson St, Seattle, WA 98101",December
319144,Vareebadd Phone,1,400.0,2019-12-16 18:49:00,"131 Main St, New York City, NY 10001",December
296198,Vareebadd Phone,1,400.0,2019-12-23 09:20:00,"303 Ridge St, Austin, TX 73301",December
