Order ID,Product,Quantity Ordered,Price Each,Order Date,Purchase Address,Month
143140,iPhone,1,700.0,2019-01-23 05:46:00,"227 Hill St, Atlanta, GA 30301",January
146129,iPhone,1,700.0,2019-01-12 11:28:00,"303 Walnut St, San Francisco, CA 94016",January
143679,iPhone,1,700.0,2019-01-10 19:46:00,"292 Church St, Los Angeles, CA 90001",January
144063,iPhone,1,700.0,2019-01-02 13:53:00,"755 Forest St, Dallas, TX 75001",January
148093,iPhone,1,700.0,2019-01-30 15:11:00,"450 Cherry St, San Francisco, CA 94016",January
150249,iPhone,1,700.0,2019-01-29 15:29:00,"709 Spruce St, Los Angeles, CA 90001",January
147083,iPhone,1,700.0,2019-01-08 13:16:00,"593 Chestnut St, New York City, NY 10001",January
144271,iPhone,1,700.0,2019-01-28 23:02:00,"2 Cherry St, San Francisco, CA 94016",January
145339,iPhone,1,700.0,2019-01-28 09:06:00,"210 12th St, Seattle, WA 98101",January
147096,iPhone,1,700.0,2019-01-25 21:28:00,"714 Washington St, San Francisco, CA 94016",January
147990,iPhone,1,700.0,2019-01-31 23:22:00,"57 10th St, Austin, TX 73301",January
149240,iPhone,1,700.0,2019-01-26 23:12:00,"51 6th St, Boston, MA 02215",January
149504,iPhone,1,700.0,2019-01-09 15:34:00,"659 9th St, New York City, NY 10001",January
143240,iPhone,1,700.0,2019-01-08 21:04:00,"131 River St, Dallas, TX 75001",January
149582,iPhone,1,700.0,2019-01-18 19:12:00,"602 2nd St, Austin, TX 73301",January
143226,iPhone,1,700.0,2019-01-05 22:46:00,"612 5th St, Los Angeles, CA 90001",January
145456,iPhone,1,700.0,2019-01-11 11:17:00,"300 Lake St, Los Angeles, CA 90001",January
148760,iPhone,1,700.0,2019-01-28 21:51:00,"938 Spruce St, Austin, TX 73301",January
150084,iPhone,1,700.0,2019-01-18 17:28:00,"101 River St, San Francisco, CA 94016",January
144548,iPhone,1,700.0,2019-01-28 11:25:00,"450 9th St, Dallas, TX 75001",January
149208,iPhone,1,700.0,2019-01-22 19:07:00,"990 Dogwood St, San Francisco, CA 94016",January
141437,iPhone,1,700.0,2019-01-10 15:40:00,"377 Meadow St, New York City, NY 10001",January
149500,iPhone,1,700.0,2019-01-31 19:27:00,"691 4th St, San Francisco, CA 94016",January
149992,iPhone,1,700.0,2019-01-06 20:03:00,"516 Willow St, Atlanta, GA 30301",January
141732,iPhone,1,700.0,2019-01-01 06:13:00,"446 Pine St, Atlanta, GA 30301",January
142361,iPhone,1,700.0,2019-01-26 18:14:00,"460 Sunset St, New York City, NY 10001",January
143111,iPhone,1,700.0,2019-01-21 20:44:00,"641 Washington St, Seattle, WA 98101",January
145188,iPhone,1,700.0,2019-01-30 17:42:00,"438 Cherry St, New York City, NY 10001",January
146650,iPhone,1,700.0,2019-01-23 10:31:00,"216 Jackson St, Boston, MA 02215",January
147185,iPhone,1,700.0,2019-01-18 14:53:00,"793 West St, Dallas, TX 75001",January
143696,iPhone,1,700.0,2019-01-21 21:46:00,"499 Maple St, New York City, NY 10001",January
147875,iPhone,1,700.0,2019-01-03 09:31:00,"217 2nd St, San Francisco, CA 94016",January
141472,iPhone,1,700.0,2019-01-27 07:05:00,"853 9th St, San Francisco, CA 94016",January
142357,iPhone,1,700.0,2019-01-28 10:54:00,"495 Walnut St, Los Angeles, CA 90001",January
142837,iPhone,1,700.0,2019-01-19 16:32:00,"260 9th St, Dallas, TX 75001",January
143802,iPhone,1,700.0,2019-01-08 12:43:00,"304 Lakeview St, San Francisco, CA 94016",January
147828,iPhone,1,700.0,2019-01-12 22:16:00,"375 Jefferson St, Austin, TX 73301",January
148006,iPhone,1,700.0,2019-01-05 18:51:00,"273 4th St, San Francisco, CA 94016",January
143865,iPhone,1,700.0,2019-01-26 20:53:00,"620 Johnson St, Seattle, WA 98101",January
148948,iPhone,1,700.0,2019-01-01 20:53:00,"926 Forest St, San Francisco, CA 94016",January
149199,iPhone,1,700.0,2019-01-07 10:34:00,"734 Maple St, Portland, OR 97035",January
150092,iPhone,1,700.0,2019-01-07 09:05:00,"46 Cedar St, Los Angeles, CA 90001",January
142846,iPhone,1,700.0,2019-01-19 21:30:00,"474 12th St, San Francisco, CA 94016",January
146743,iPhone,1,700.0,2019-01-29 12:02:00,"911 8th St, New York City, NY 10001",January
150287,iPhone,1,700.0,2019-01-07 16:18:00,"705 Highland St, Portland, OR 97035",January
145633,iPhone,1,700.0,2019-01-26 16:10:00,"701 North St, Boston, MA 02215",January
146291,iPhone,1,700.0,2019-01-11 12:47:00,"116 South St, Austin, TX 73301",January
143630,iPhone,1,700.0,2019-01-25 22:00:00,"890 Sunset St, San Francisco, CA 94016",January
144114,iPhone,1,700.0,2019-01-02 19:19:00,"426 14th St, San Francisco, CA 94016",January
149988,iPhone,1,700.0,2019-01-03 09:49:00,"120 Dogwood St, San Francisco, CA 94016",January
141520,iPhone,1,700.0,2019-01-15 11:24:00,"23 Cherry St, Atlanta, GA 30301",January
142353,iPhone,1,700.0,2019-01-31 20:29:00,"317 Johnson St, Los Angeles, CA 90001",January
147289,iPhone,1,700.0,2019-01-12 18:47:00,"44 Dogwood St, San Francisco, CA 94016",January
149424,iPhone,1,700.0,2019-01-28 14:56:00,"141 Wilson St, San Francisco, CA 94016",January
143547,iPhone,1,700.0,2019-01-01 13:36:00,"817 Lincoln St, Seattle, WA 98101",January
144092,iPhone,1,700.0,2019-01-19 21:07:00,"627 Meadow St, Atlanta, GA 30301",January
144414,iPhone,1,700.0,2019-01-26 22:22:00,"174 5th St, San Francisco, CA 94016",January
145780,iPhone,1,700.0,2019-01-22 19:48:00,"224 Elm St, San Francisco, CA 94016",January
148028,iPhone,1,700.0,2019-01-15 18:56:00,"707 8th St, San Francisco, CA 94016",January
142350,iPhone,1,700.0,2019-01-01 14:33:00,"956 Walnut St, Seattle, WA 98101",January
142101,iPhone,1,700.0,2019-01-22 21:24:00,"608 8th St, Atlanta, GA 30301",January
146861,iPhone,1,700.0,2019-01-26 12:32:00,"819 Dogwood St, Dallas, TX 75001",January
148091,iPhone,1,700.0,2019-01-02 18:20:00,"890 Jefferson St, Atlanta, GA 30301",January
149107,iPhone,1,700.0,2019-01-05 19:45:00,"274 Cedar St, San Francisco, CA 94016",January
143998,iPhone,1,700.0,2019-01-24 11:12:00,"232 Cherry St, Atlanta, GA 30301",January
144339,iPhone,1,700.0,2019-01-21 14:33:00,"953 Hickory St, Los Angeles, CA 90001",January
147084,iPhone,1,700.0,2019-01-16 11:44:00,"305 Spruce St, Boston, MA 02215",January
148231,iPhone,1,700.0,2019-01-15 20:43:00,"204 2nd St, Boston, MA 02215",January
141967,iPhone,1,700.0,2019-01-25 12:02:00,"397 Meadow St, Los Angeles, CA 90001",January
156013,iPhone,1,700.0,2019-02-17 18:08:00,"893 Madison St, Austin, TX 73301",February
151734,iPhone,1,700.0,2019-02-28 10:19:00,"49 Cherry St, Dallas, TX 75001",February
156301,iPhone,1,700.0,2019-02-06 18:13:00,"967 Lakeview St, Atlanta, GA 30301",February
160021,iPhone,1,700.0,2019-02-19 18:36:00,"722 Center St, Seattle, WA 98101",February
152867,iPhone,1,700.0,2019-02-14 17:48:00,"998 Cedar St, San Francisco, CA 94016",February
151748,iPhone,1,700.0,2019-02-09 09:17:00,"259 Highland St, San Francisco, CA 94016",February
153632,iPhone,1,700.0,2019-02-17 18:42:00,"170 Cedar St, Atlanta, GA 30301",February
154126,iPhone,1,700.0,2019-02-17 15:05:00,"84 Ridge St, Boston, MA 02215",February
155365,iPhone,1,700.0,2019-02-25 11:30:00,"751 Lincoln St, Seattle, WA 98101",February
153523,iPhone,1,700.0,2019-02-20 13:48:00,"571 Lakeview St, San Francisco, CA 94016",February
154826,iPhone,1,700.0,2019-02-11 11:57:00,"799 Madison St, Atlanta, GA 30301",February
160885,iPhone,1,700.0,2019-02-16 11:03:00,"934 Chestnut St, Los Angeles, CA 90001",February
151292,iPhone,1,700.0,2019-02-05 20:29:00,"592 7th St, San Francisco, CA 94016",February
157208,iPhone,1,700.0,2019-02-15 19:52:00,"723 Cedar St, Dallas, TX 75001",February
160592,iPhone,1,700.0,2019-02-18 16:12:00,"557 River St, Seattle, WA 98101",February
151452,iPhone,1,700.0,2019-02-05 21:20:00,"826 River St, Atlanta, GA 30301",February
157671,iPhone,1,700.0,2019-02-22 19:55:00,"282 Jefferson St, New York City, NY 10001",February
160128,iPhone,1,700.0,2019-02-24 12:14:00,"33 Willow St, Boston, MA 02215",February
151308,iPhone,1,700.0,2019-02-08 13:26:00,"408 Madison St, Los Angeles, CA 90001",February
157283,iPhone,1,700.0,2019-02-24 00:52:00,"851 Chestnut St, San Francisco, CA 94016",February
152027,iPhone,1,700.0,2019-02-27 23:36:00,"972 9th St, Portland, OR 97035",February
157620,iPhone,1,700.0,2019-02-05 17:12:00,"332 1st St, Atlanta, GA 30301",February
161806,iPhone,1,700.0,2019-02-16 07:55:00,"861 Ridge St, Seattle, WA 98101",February
158848,iPhone,1,700.0,2019-02-08 12:41:00,"902 Willow St, Los Angeles, CA 90001",February
157419,iPhone,1,700.0,2019-02-22 17:43:00,"288 4th St, Portland, OR 97035",February
160846,iPhone,1,700.0,2019-02-09 12:30:00,"566 Forest St, Los Angeles, CA 90001",February
154650,iPhone,1,700.0,2019-02-13 20:14:00,"753 11th St, Boston, MA 02215",February
157231,iPhone,1,700.0,2019-02-18 11:50:00,"207 Lakeview St, San Francisco, CA 94016",February
153426,iPhone,1,700.0,2019-02-10 18:28:00,"577 Lakeview St, Austin, TX 73301",February
155895,iPhone,1,700.0,2019-02-01 21:33:00,"566 Cherry St, Portland, OR 97035",February
161163,iPhone,1,700.0,2019-02-27 09:21:00,"410 10th St, Los Angeles, CA 90001",February
151651,iPhone,1,700.0,2019-02-09 13:17:00,"147 Jackson St, Portland, OR 97035",February
151847,iPhone,1,700.0,2019-02-20 15:37:00,"214 7th St, New York City, NY 10001",February
151918,iPhone,1,700.0,2019-02-12 13:17:00,"495 Cedar St, Dallas, TX 75001",February
153982,iPhone,1,700.0,2019-02-23 14:46:00,"837 Church St, Boston, MA 02215",February
155171,iPhone,1,700.0,2019-02-21 19:12:00,"798 4th St, Dallas, TX 75001",February
155936,iPhone,1,700.0,2019-02-08 00:29:00,"435 Meadow St, Portland, OR 97035",February
161188,iPhone,1,700.0,2019-02-14 20:30:00,"808 1st St, New York City, NY 10001",February
161582,iPhone,1,700.0,2019-02-11 13:01:00,"491 11th St, San Francisco, CA 94016",February
151053,iPhone,1,700.0,2019-02-14 21:13:00,"964 Maple St, Dallas, TX 75001",February
159361,iPhone,1,700.0,2019-02-09 13:00:00,"66 Spruce St, Dallas, TX 75001",February
159181,iPhone,1,700.0,2019-02-19 07:16:00,"984 Highland St, Austin, TX 73301",February
151902,iPhone,1,700.0,2019-02-05 19:30:00,"937 Ridge St, Seattle, WA 98101",February
151295,iPhone,1,700.0,2019-02-22 16:39:00,"212 Dogwood St, San Francisco, CA 94016",February
152135,iPhone,1,700.0,2019-02-16 21:16:00,"946 14th St, Austin, TX 73301",February
152852,iPhone,1,700.0,2019-02-28 08:47:00,"748 8th St, Seattle, WA 98101",February
151262,iPhone,1,700.0,2019-02-10 10:07:00,"840 Wilson St, Seattle, WA 98101",February
156363,iPhone,1,700.0,2019-02-02 20:58:00,"570 Highland St, Los Angeles, CA 90001",February
156422,iPhone,1,700.0,2019-02-02 14:28:00,"746 South St, Austin, TX 73301",February
158772,iPhone,1,700.0,2019-02-17 22:42:00,"973 Madison St, San Francisco, CA 94016",February
156380,iPhone,1,700.0,2019-02-23 13:40:00,"5 Lake St, Boston, MA 02215",February
157427,iPhone,1,700.0,2019-02-13 12:28:00,"463 1st St, Portland, OR 97035",February
151834,iPhone,1,700.0,2019-02-04 18:17:00,"10 Ridge St, New York City, NY 10001",February
153372,iPhone,1,700.0,2019-02-26 20:42:00,"351 Willow St, Austin, TX 73301",February
156881,iPhone,1,700.0,2019-02-10 23:38:00,"98 Ridge St, Austin, TX 73301",February
157741,iPhone,1,700.0,2019-02-26 00:05:00,"150 South St, San Francisco, CA 94016",February
157922,iPhone,1,700.0,2019-02-17 19:01:00,"72 Adams St, Dallas, TX 75001",February
151903,iPhone,1,700.0,2019-02-23 15:37:00,"843 South St, San Francisco, CA 94016",February
150951,iPhone,1,700.0,2019-02-04 10:24:00,"40 8th St, New York City, NY 10001",February
155327,iPhone,1,700.0,2019-02-14 20:13:00,"112 Dogwood St, San Francisco, CA 94016",February
150669,iPhone,1,700.0,2019-02-10 03:20:00,"585 6th St, Atlanta, GA 30301",February
157917,iPhone,1,700.0,2019-02-04 23:46:00,"637 Chestnut St, San Francisco, CA 94016",February
159680,iPhone,1,700.0,2019-02-08 11:34:00,"38 Cedar St, Atlanta, GA 30301",February
160184,iPhone,1,700.0,2019-02-08 20:36:00,"20 Lincoln St, Atlanta, GA 30301",February
159517,iPhone,1,700.0,2019-02-28 09:59:00,"231 11th St, Portland, OR 97035",February
151241,iPhone,1,700.0,2019-02-08 12:10:00,"626 Washington St, San Francisco, CA 94016",February
153870,iPhone,1,700.0,2019-02-01 06:56:00,"713 Sunset St, San Francisco, CA 94016",February
154192,iPhone,1,700.0,2019-02-21 17:02:00,"387 River St, San Francisco, CA 94016",February
157638,iPhone,1,700.0,2019-02-17 09:35:00,"684 Maple St, Los Angeles, CA 90001",February
157830,iPhone,1,700.0,2019-02-12 10:32:00,"770 Johnson St, Los Angeles, CA 90001",February
160775,iPhone,1,700.0,2019-02-17 15:28:00,"67 1st St, San Francisco, CA 94016",February
152100,iPhone,1,700.0,2019-02-09 10:26:00,"445 Walnut St, Dallas, TX 75001",February
154991,iPhone,1,700.0,2019-02-01 15:36:00,"160 Center St, Los Angeles, CA 90001",February
155995,iPhone,1,700.0,2019-02-26 15:09:00,"641 Center St, Los Angeles, CA 90001",February
157538,iPhone,1,700.0,2019-02-03 08:29:00,"251 Forest St, San Francisco, CA 94016",February
156205,iPhone,1,700.0,2019-02-22 09:03:00,"928 8th St, Portland, ME 04101",February
157180,iPhone,1,700.0,2019-02-23 18:54:00,"770 Spruce St, Los Angeles, CA 90001",February
161328,iPhone,1,700.0,2019-02-22 14:51:00,"775 8th St, San Francisco, CA 94016",February
162305,iPhone,1,700.0,2019-03-26 17:08:00,"460 Hickory St, Dallas, TX 75001",March
162508,iPhone,1,700.0,2019-03-25 11:21:00,"894 Johnson St, Seattle, WA 98101",March
165253,iPhone,1,700.0,2019-03-15 21:17:00,"704 Church St, Los Angeles, CA 90001",March
170287,iPhone,2,700.0,2019-03-30 14:33:00,"408 Madison St, Portland, OR 97035",March
170307,iPhone,1,700.0,2019-03-05 20:22:00,"179 Hickory St, Los Angeles, CA 90001",March
170618,iPhone,1,700.0,2019-03-18 13:34:00,"917 7th St, Boston, MA 02215",March
172935,iPhone,1,700.0,2019-03-05 17:48:00,"969 11th St, Seattle, WA 98101",March
162433,iPhone,1,700.0,2019-03-29 19:14:00,"857 11th St, Los Angeles, CA 90001",March
163334,iPhone,1,700.0,2019-03-19 22:47:00,"213 Willow St, Boston, MA 02215",March
168554,iPhone,1,700.0,2019-03-22 22:52:00,"857 Pine St, Atlanta, GA 30301",March
172898,iPhone,1,700.0,2019-03-12 15:19:00,"140 12th St, Los Angeles, CA 90001",March
173248,iPhone,1,700.0,2019-03-19 21:19:00,"175 Forest St, Los Angeles, CA 90001",March
174876,iPhone,1,700.0,2019-03-12 16:31:00,"804 8th St, San Francisco, CA 94016",March
176451,iPhone,1,700.0,2019-03-10 16:51:00,"651 11th St, Austin, TX 73301",March
162338,iPhone,1,700.0,2019-03-22 00:42:00,"516 Madison St, Los Angeles, CA 90001",March
162392,iPhone,1,700.0,2019-03-09 10:55:00,"692 6th St, Dallas, TX 75001",March
168998,iPhone,1,700.0,2019-03-07 20:44:00,"242 Johnson St, San Francisco, CA 94016",March
162668,iPhone,1,700.0,2019-03-06 20:17:00,"16 Hill St, Los Angeles, CA 90001",March
163758,iPhone,1,700.0,2019-03-14 18:31:00,"587 2nd St, New York City, NY 10001",March
175332,iPhone,1,700.0,2019-03-21 20:40:00,"622 Wilson St, San Francisco, CA 94016",March
162645,iPhone,1,700.0,2019-03-25 21:26:00,"362 Park St, San Francisco, CA 94016",March
168560,iPhone,1,700.0,2019-03-09 07:52:00,"214 5th St, Atlanta, GA 30301",March
173472,iPhone,1,700.0,2019-03-08 23:10:00,"145 5th St, San Francisco, CA 94016",March
176461,iPhone,1,700.0,2019-03-26 07:46:00,"136 7th St, Atlanta, GA 30301",March
168462,iPhone,1,700.0,2019-03-01 20:59:00,"406 River St, San Francisco, CA 94016",March
171114,iPhone,1,700.0,2019-03-07 09:14:00,"458 Church St, Dallas, TX 75001",March
164401,iPhone,1,700.0,2019-03-01 14:04:00,"69 13th St, Los Angeles, CA 90001",March
173504,iPhone,1,700.0,2019-03-28 11:15:00,"983 Elm St, Boston, MA 02215",March
165356,iPhone,1,700.0,2019-03-22 20:32:00,"282 7th St, Atlanta, GA 30301",March
165476,iPhone,1,700.0,2019-03-26 17:24:00,"957 6th St, San Francisco, CA 94016",March
167488,iPhone,1,700.0,2019-03-19 18:21:00,"687 Elm St, New York City, NY 10001",March
172390,iPhone,1,700.0,2019-03-14 20:04:00,"449 9th St, San Francisco, CA 94016",March
164668,iPhone,1,700.0,2019-03-21 21:06:00,"344 Hill St, San Francisco, CA 94016",March
165121,iPhone,1,700.0,2019-03-30 16:20:00,"597 11th St, Dallas, TX 75001",March
173781,iPhone,1,700.0,2019-03-14 20:08:00,"981 Wilson St, Atlanta, GA 30301",March
176129,iPhone,1,700.0,2019-03-16 17:44:00,"546 Highland St, Los Angeles, CA 90001",March
163722,iPhone,1,700.0,2019-03-16 07:22:00,"541 Dogwood St, New York City, NY 10001",March
167447,iPhone,1,700.0,2019-03-24 23:17:00,"707 Washington St, Boston, MA 02215",March
169980,iPhone,1,700.0,2019-03-16 13:51:00,"135 1st St, San Francisco, CA 94016",March
166409,iPhone,1,700.0,2019-03-09 19:15:00,"506 Church St, Los Angeles, CA 90001",March
170523,iPhone,1,700.0,2019-03-07 14:51:00,"523 4th St, San Francisco, CA 94016",March
172223,iPhone,1,700.0,2019-03-27 06:38:00,"678 Chestnut St, Boston, MA 02215",March
175286,iPhone,1,700.0,2019-03-26 23:16:00,"987 Madison St, San Francisco, CA 94016",March
175517,iPhone,1,700.0,2019-03-24 19:51:00,"222 12th St, San Francisco, CA 94016",March
173497,iPhone,1,700.0,2019-03-18 13:43:00,"690 Hill St, Portland, ME 04101",March
175943,iPhone,1,700.0,2019-03-25 19:34:00,"904 Sunset St, San Francisco, CA 94016",March
162381,iPhone,1,700.0,2019-03-31 18:32:00,"11 11th St, Boston, MA 02215",March
163025,iPhone,1,700.0,2019-03-19 14:59:00,"561 7th St, San Francisco, CA 94016",March
166523,iPhone,1,700.0,2019-03-13 23:27:00,"582 6th St, Boston, MA 02215",March
170324,iPhone,1,700.0,2019-03-01 19:53:00,"275 Willow St, Atlanta, GA 30301",March
170133,iPhone,1,700.0,2019-03-09 09:50:00,"815 Chestnut St, Atlanta, GA 30301",March
172706,iPhone,1,700.0,2019-03-14 14:33:00,"462 5th St, San Francisco, CA 94016",March
174662,iPhone,1,700.0,2019-03-29 08:56:00,"517 Ridge St, San Francisco, CA 94016",March
175568,iPhone,1,700.0,2019-03-23 02:39:00,"155 2nd St, Los Angeles, CA 90001",March
167369,iPhone,1,700.0,2019-03-22 05:30:00,"626 Dogwood St, Atlanta, GA 30301",March
168454,iPhone,1,700.0,2019-03-27 20:22:00,"492 9th St, San Francisco, CA 94016",March
169376,iPhone,1,700.0,2019-03-10 16:45:00,"435 Willow St, Atlanta, GA 30301",March
171130,iPhone,1,700.0,2019-03-25 11:32:00,"956 Hill St, Seattle, WA 98101",March
173700,iPhone,1,700.0,2019-03-14 07:06:00,"269 Walnut St, New York City, NY 10001",March
174518,iPhone,1,700.0,2019-03-05 20:43:00,"95 Main St, New York City, NY 10001",March
164862,iPhone,1,700.0,2019-03-17 10:05:00,"234 Cedar St, San Francisco, CA 94016",March
168707,iPhone,1,700.0,2019-03-13 23:53:00,"729 12th St, New York City, NY 10001",March
170590,iPhone,1,700.0,2019-03-14 07:16:00,"764 12th St, Los Angeles, CA 90001",March
171264,iPhone,1,700.0,2019-03-08 19:04:00,"48 Washington St, New York City, NY 10001",March
163480,iPhone,1,700.0,2019-03-02 13:48:00,"206 Hill St, Seattle, WA 98101",March
165618,iPhone,1,700.0,2019-03-07 20:02:00,"350 South St, Atlanta, GA 30301",March
167761,iPhone,1,700.0,2019-03-07 17:48:00,"530 Center St, Dallas, TX 75001",March
169157,iPhone,1,700.0,2019-03-06 18:28:00,"714 4th St, New York City, NY 10001",March
171400,iPhone,1,700.0,2019-03-08 19:20:00,"267 7th St, San Francisco, CA 94016",March
172413,iPhone,1,700.0,2019-03-23 14:08:00,"71 Hickory St, Boston, MA 02215",March
172944,iPhone,1,700.0,2019-03-09 22:43:00,"603 Church St, San Francisco, CA 94016",March
166737,iPhone,1,700.0,2019-03-14 14:31:00,"625 Cedar St, Portland, OR 97035",March
168777,iPhone,1,700.0,2019-03-07 14:55:00,"247 Pine St, San Francisco, CA 94016",March
169951,iPhone,1,700.0,2019-03-10 17:12:00,"730 14th St, San Francisco, CA 94016",March
170824,iPhone,1,700.0,2019-03-10 14:26:00,"649 12th St, Los Angeles, CA 90001",March
176102,iPhone,1,700.0,2019-03-21 09:04:00,"813 7th St, San Francisco, CA 94016",March
176247,iPhone,1,700.0,2019-03-12 00:07:00,"845 Forest St, Los Angeles, CA 90001",March
162037,iPhone,1,700.0,2019-03-23 02:11:00,"277 Elm St, Los Angeles, CA 90001",March
166467,iPhone,1,700.0,2019-03-13 15:02:00,"530 Maple St, San Francisco, CA 94016",March
167475,iPhone,1,700.0,2019-03-25 12:37:00,"400 Lincoln St, San Francisco, CA 94016",March
172716,iPhone,1,700.0,2019-03-07 08:34:00,"392 Hill St, Atlanta, GA 30301",March
174894,iPhone,1,700.0,2019-03-30 22:53:00,"971 Johnson St, Los Angeles, CA 90001",March
168527,iPhone,1,700.0,2019-03-02 19:43:00,"67 Jackson St, Boston, MA 02215",March
169738,iPhone,1,700.0,2019-03-02 13:12:00,"962 11th St, San Francisco, CA 94016",March
172654,iPhone,1,700.0,2019-03-05 21:20:00,"615 Meadow St, Austin, TX 73301",March
175005,iPhone,1,700.0,2019-03-10 07:01:00,"912 Ridge St, San Francisco, CA 94016",March
165664,iPhone,1,700.0,2019-03-13 19:42:00,"138 Lakeview St, Atlanta, GA 30301",March
168569,iPhone,1,700.0,2019-03-27 13:31:00,"241 Hill St, Austin, TX 73301",March
168795,iPhone,1,700.0,2019-03-24 16:57:00,"807 9th St, New York City, NY 10001",March
171262,iPhone,1,700.0,2019-03-06 20:15:00,"579 11th St, San Francisco, CA 94016",March
175969,iPhone,1,700.0,2019-03-01 14:30:00,"551 Lincoln St, New York City, NY 10001",March
176549,iPhone,1,700.0,2019-03-20 01:24:00,"604 Park St, Los Angeles, CA 90001",March
165146,iPhone,1,700.0,2019-03-04 18:39:00,"319 Wilson St, Atlanta, GA 30301",March
169968,iPhone,1,700.0,2019-03-12 00:20:00,"9 Lincoln St, New York City, NY 10001",March
177239,iPhone,1,700.0,2019-04-13 12:17:00,"336 Maple St, San Francisco, CA 94016",April
191680,iPhone,1,700.0,2019-04-11 11:51:00,"895 Adams St, Dallas, TX 75001",April
184858,iPhone,1,700.0,2019-04-09 22:38:00,"747 2nd St, Atlanta, GA 30301",April
185534,iPhone,1,700.0,2019-04-18 00:30:00,"122 West St, San Francisco, CA 94016",April
177971,iPhone,1,700.0,2019-04-30 08:05:00,"81 Lincoln St, San Francisco, CA 94016",April
190837,iPhone,1,700.0,2019-04-07 14:09:00,"379 Church St, San Francisco, CA 94016",April
180710,iPhone,1,700.0,2019-04-25 11:30:00,"796 Meadow St, Atlanta, GA 30301",April
186460,iPhone,1,700.0,2019-04-22 08:47:00,"951 Cedar St, Atlanta, GA 30301",April
191834,iPhone,1,700.0,2019-04-26 13:17:00,"433 9th St, New York City, NY 10001",April
192549,iPhone,1,700.0,2019-04-11 11:16:00,"296 4th St, Dallas, TX 75001",April
179618,iPhone,1,700.0,2019-04-21 10:28:00,"292 Hickory St, Los Angeles, CA 90001",April
184803,iPhone,1,700.0,2019-04-11 23:32:00,"380 14th St, San Francisco, CA 94016",April
186831,iPhone,1,700.0,2019-04-14 20:42:00,"599 12th St, Portland, OR 97035",April
188345,iPhone,1,700.0,2019-04-03 22:37:00,"590 14th St, San Francisco, CA 94016",April
181724,iPhone,1,700.0,2019-04-12 17:52:00,"691 13th St, Dallas, TX 75001",April
192100,iPhone,1,700.0,2019-04-17 19:20:00,"245 Jackson St, San Francisco, CA 94016",April
177230,iPhone,1,700.0,2019-04-06 00:26:00,"16 River St, Portland, ME 04101",April
179905,iPhone,1,700.0,2019-04-28 22:23:00,"699 Lake St, Atlanta, GA 30301",April
180915,iPhone,1,700.0,2019-04-06 01:11:00,"157 Center St, Boston, MA 02215",April
188433,iPhone,1,700.0,2019-04-30 14:46:00,"753 Washington St, Atlanta, GA 30301",April
192040,iPhone,1,700.0,2019-04-06 10:54:00,"935 Jefferson St, Atlanta, GA 30301",April
179540,iPhone,1,700.0,2019-04-11 12:53:00,"488 Hill St, Austin, TX 73301",April
179736,iPhone,1,700.0,2019-04-25 15:13:00,"151 Church St, Atlanta, GA 30301",April
180278,iPhone,1,700.0,2019-04-10 10:23:00,"77 1st St, San Francisco, CA 94016",April
181936,iPhone,1,700.0,2019-04-27 10:21:00,"368 Cedar St, San Francisco, CA 94016",April
190007,iPhone,1,700.0,2019-04-20 06:40:00,"797 Center St, Boston, MA 02215",April
177773,iPhone,1,700.0,2019-04-01 20:03:00,"435 8th St, Atlanta, GA 30301",April
180711,iPhone,1,700.0,2019-04-01 08:37:00,"322 Johnson St, Los Angeles, CA 90001",April
181119,iPhone,1,700.0,2019-04-16 08:17:00,"55 South St, San Francisco, CA 94016",April
187982,iPhone,2,700.0,2019-04-06 22:03:00,"213 6th St, Atlanta, GA 30301",April
190491,iPhone,1,700.0,2019-04-14 18:48:00,"231 Lincoln St, Los Angeles, CA 90001",April
179750,iPhone,1,700.0,2019-04-08 04:26:00,"634 Elm St, Seattle, WA 98101",April
181517,iPhone,1,700.0,2019-04-04 15:00:00,"147 Madison St, San Francisco, CA 94016",April
184103,iPhone,1,700.0,2019-04-05 00:17:00,"226 1st St, Los Angeles, CA 90001",April
186581,iPhone,1,700.0,2019-04-22 18:28:00,"463 Jackson St, Los Angeles, CA 90001",April
189280,iPhone,1,700.0,2019-04-16 09:57:00,"242 13th St, Austin, TX 73301",April
180540,iPhone,1,700.0,2019-04-21 21:00:00,"330 6th St, Los Angeles, CA 90001",April
184577,iPhone,1,700.0,2019-04-15 00:03:00,"803 Lincoln St, Portland, OR 97035",April
186719,iPhone,1,700.0,2019-04-28 19:20:00,"168 Forest St, Los Angeles, CA 90001",April
186974,iPhone,1,700.0,2019-04-01 16:23:00,"860 Park St, Portland, OR 97035",April
177522,iPhone,1,700.0,2019-04-03 22:41:00,"139 Hill St, Portland, OR 97035",April
184341,iPhone,1,700.0,2019-04-16 14:30:00,"730 2nd St, Portland, OR 97035",April
188482,iPhone,1,700.0,2019-04-15 18:17:00,"397 South St, New York City, NY 10001",April
183993,iPhone,1,700.0,2019-04-11 14:46:00,"547 Highland St, San Francisco, CA 94016",April
178530,iPhone,1,700.0,2019-04-21 09:57:00,"109 West St, San Francisco, CA 94016",April
179418,iPhone,1,700.0,2019-04-21 18:17:00,"615 5th St, Atlanta, GA 30301",April
181736,iPhone,1,700.0,2019-04-29 20:19:00,"119 Chestnut St, Portland, ME 04101",April
182854,iPhone,1,700.0,2019-04-17 13:48:00,"10 4th St, Los Angeles, CA 90001",April
188757,iPhone,1,700.0,2019-04-14 16:21:00,"835 Madison St, New York City, NY 10001",April
184123,iPhone,1,700.0,2019-04-06 10:40:00,"832 1st St, Seattle, WA 98101",April
184795,iPhone,1,700.0,2019-04-18 13:59:00,"41 Jackson St, Austin, TX 73301",April
188343,iPhone,1,700.0,2019-04-22 18:46:00,"172 5th St, Boston, MA 02215",April
183629,iPhone,1,700.0,2019-04-12 08:01:00,"557 8th St, San Francisco, CA 94016",April
184990,iPhone,1,700.0,2019-04-05 21:01:00,"136 7th St, Los Angeles, CA 90001",April
192677,iPhone,1,700.0,2019-04-08 14:34:00,"75 Main St, Boston, MA 02215",April
181816,iPhone,1,700.0,2019-04-21 12:17:00,"397 Madison St, Dallas, TX 75001",April
177996,iPhone,1,700.0,2019-04-07 17:20:00,"37 Jackson St, Atlanta, GA 30301",April
187464,iPhone,1,700.0,2019-04-05 22:30:00,"460 Center St, Austin, TX 73301",April
187595,iPhone,1,700.0,2019-04-28 18:26:00,"628 10th St, Los Angeles, CA 90001",April
193019,iPhone,1,700.0,2019-04-09 12:15:00,"438 8th St, Los Angeles, CA 90001",April
181691,iPhone,1,700.0,2019-04-09 10:54:00,"179 Highland St, San Francisco, CA 94016",April
192302,iPhone,1,700.0,2019-04-17 22:09:00,"806 Pine St, San Francisco, CA 94016",April
183146,iPhone,1,700.0,2019-04-09 12:23:00,"667 Hill St, Boston, MA 02215",April
186017,iPhone,1,700.0,2019-04-04 00:32:00,"915 1st St, Los Angeles, CA 90001",April
193738,iPhone,1,700.0,2019-04-05 09:50:00,"707 Johnson St, Boston, MA 02215",April
179105,iPhone,1,700.0,2019-04-09 21:49:00,"615 Adams St, Portland, ME 04101",April
182125,iPhone,1,700.0,2019-04-02 18:24:00,"757 10th St, Boston, MA 02215",April
182343,iPhone,1,700.0,2019-04-27 18:06:00,"848 Chestnut St, Dallas, TX 75001",April
190863,iPhone,1,700.0,2019-04-27 12:44:00,"297 14th St, Dallas, TX 75001",April
178707,iPhone,1,700.0,2019-04-11 18:33:00,"834 14th St, Los Angeles, CA 90001",April
183700,iPhone,1,700.0,2019-04-06 15:42:00,"694 14th St, San Francisco, CA 94016",April
181408,iPhone,1,700.0,2019-04-02 22:45:00,"798 Highland St, San Francisco, CA 94016",April
182917,iPhone,1,700.0,2019-04-29 15:19:00,"143 Sunset St, San Francisco, CA 94016",April
188217,iPhone,1,700.0,2019-04-20 12:28:00,"218 Walnut St, Portland, OR 97035",April
177032,iPhone,1,700.0,2019-04-22 07:29:00,"307 7th St, San Francisco, CA 94016",April
182725,iPhone,1,700.0,2019-04-20 12:15:00,"645 Meadow St, Dallas, TX 75001",April
184758,iPhone,1,700.0,2019-04-13 20:02:00,"306 7th St, New York City, NY 10001",April
185973,iPhone,1,700.0,2019-04-12 17:24:00,"967 13th St, Los Angeles, CA 90001",April
188708,iPhone,1,700.0,2019-04-26 15:08:00,"148 Sunset St, Austin, TX 73301",April
179496,iPhone,1,700.0,2019-04-21 07:26:00,"796 Madison St, Portland, OR 97035",April
184106,iPhone,1,700.0,2019-04-11 09:15:00,"255 Washington St, Seattle, WA 98101",April
187849,iPhone,1,700.0,2019-04-25 12:54:00,"39 Chestnut St, Portland, OR 97035",April
190344,iPhone,1,700.0,2019-04-15 19:25:00,"423 Willow St, San Francisco, CA 94016",April
177069,iPhone,1,700.0,2019-04-17 13:40:00,"295 Jackson St, Portland, OR 97035",April
184543,iPhone,1,700.0,2019-04-06 19:12:00,"803 Chestnut St, San Francisco, CA 94016",April
184859,iPhone,1,700.0,2019-04-26 10:33:00,"92 Jackson St, Boston, MA 02215",April
193405,iPhone,1,700.0,2019-04-18 17:53:00,"103 Adams St, Atlanta, GA 30301",April
193420,iPhone,1,700.0,2019-04-30 11:37:00,"210 Walnut St, Atlanta, GA 30301",April
193523,iPhone,1,700.0,2019-04-23 14:54:00,"952 12th St, San Francisco, CA 94016",April
191453,iPhone,1,700.0,2019-04-10 20:47:00,"930 Lincoln St, Los Angeles, CA 90001",April
193131,iPhone,1,700.0,2019-04-16 15:50:00,"203 Highland St, Portland, OR 97035",April
178083,iPhone,1,700.0,2019-04-28 12:26:00,"109 Cherry St, San Francisco, CA 94016",April
178976,iPhone,1,700.0,2019-04-23 08:54:00,"90 Elm St, Los Angeles, CA 90001",April
182643,iPhone,1,700.0,2019-04-15 14:14:00,"132 Jefferson St, San Francisco, CA 94016",April
185130,iPhone,1,700.0,2019-04-15 10:51:00,"798 Church St, San Francisco, CA 94016",April
192001,iPhone,1,700.0,2019-04-24 17:53:00,"579 4th St, Los Angeles, CA 90001",April
183455,iPhone,1,700.0,2019-04-19 18:46:00,"975 Pine St, Boston, MA 02215",April
181985,iPhone,1,700.0,2019-04-09 21:12:00,"29 Meadow St, New York City, NY 10001",April
182097,iPhone,1,700.0,2019-04-08 16:14:00,"327 Highland St, Portland, ME 04101",April
185580,iPhone,1,700.0,2019-04-16 04:49:00,"355 Cherry St, Los Angeles, CA 90001",April
187521,iPhone,1,700.0,2019-04-02 18:46:00,"535 14th St, Los Angeles, CA 90001",April
190809,iPhone,1,700.0,2019-04-30 14:42:00,"585 Chestnut St, San Francisco, CA 94016",April
200929,iPhone,1,700.0,2019-05-11 11:23:00,"463 Pine St, Boston, MA 02215",May
202910,iPhone,1,700.0,2019-05-25 12:42:00,"654 Highland St, Los Angeles, CA 90001",May
199230,iPhone,1,700.0,2019-05-08 09:09:00,"398 Cedar St, Portland, OR 97035",May
206784,iPhone,1,700.0,2019-05-12 14:00:00,"353 11th St, Atlanta, GA 30301",May
209364,iPhone,1,700.0,2019-05-29 15:07:00,"279 Sunset St, San Francisco, CA 94016",May
199864,iPhone,1,700.0,2019-05-03 11:35:00,"821 Dogwood St, Los Angeles, CA 90001",May
197831,iPhone,1,700.0,2019-05-12 12:36:00,"261 Jackson St, New York City, NY 10001",May
198313,iPhone,1,700.0,2019-05-08 16:45:00,"33 Maple St, Boston, MA 02215",May
203923,iPhone,1,700.0,2019-05-18 21:26:00,"865 Jackson St, Boston, MA 02215",May
195004,iPhone,1,700.0,2019-05-28 11:54:00,"576 Park St, Los Angeles, CA 90001",May
198152,iPhone,1,700.0,2019-05-14 23:01:00,"471 Maple St, Portland, OR 97035",May
198735,iPhone,1,700.0,2019-05-09 16:32:00,"830 13th St, Boston, MA 02215",May
201753,iPhone,1,700.0,2019-05-27 06:33:00,"642 West St, Los Angeles, CA 90001",May
204933,iPhone,1,700.0,2019-05-10 13:43:00,"82 4th St, Los Angeles, CA 90001",May
206426,iPhone,1,700.0,2019-05-31 13:24:00,"908 10th St, Dallas, TX 75001",May
206537,iPhone,1,700.0,2019-05-27 18:44:00,"412 Jackson St, Austin, TX 73301",May
197368,iPhone,1,700.0,2019-05-15 10:30:00,"827 Sunset St, Los Angeles, CA 90001",May
202993,iPhone,1,700.0,2019-05-21 16:08:00,"263 Walnut St, San Francisco, CA 94016",May
206956,iPhone,1,700.0,2019-05-29 20:22:00,"107 North St, San Francisco, CA 94016",May
194823,iPhone,1,700.0,2019-05-13 08:54:00,"949 Elm St, San Francisco, CA 94016",May
196460,iPhone,1,700.0,2019-05-23 07:45:00,"97 Sunset St, Dallas, TX 75001",May
199699,iPhone,1,700.0,2019-05-21 04:29:00,"255 Maple St, Atlanta, GA 30301",May
201798,iPhone,1,700.0,2019-05-05 16:56:00,"488 Chestnut St, Los Angeles, CA 90001",May
205506,iPhone,1,700.0,2019-05-16 09:20:00,"680 13th St, San Francisco, CA 94016",May
194186,iPhone,1,700.0,2019-05-10 22:44:00,"495 Wilson St, Seattle, WA 98101",May
194391,iPhone,1,700.0,2019-05-01 13:38:00,"906 4th St, New York City, NY 10001",May
196271,iPhone,1,700.0,2019-05-09 21:24:00,"619 Hill St, Portland, OR 97035",May
202409,iPhone,1,700.0,2019-05-08 17:13:00,"81 Willow St, Los Angeles, CA 90001",May
203677,iPhone,1,700.0,2019-05-08 11:10:00,"598 Lincoln St, Austin, TX 73301",May
205408,iPhone,1,700.0,2019-05-08 15:37:00,"816 4th St, Los Angeles, CA 90001",May
207895,iPhone,1,700.0,2019-05-31 19:35:00,"761 Cedar St, New York City, NY 10001",May
201647,iPhone,1,700.0,2019-05-20 11:34:00,"808 River St, Boston, MA 02215",May
209132,iPhone,1,700.0,2019-05-12 16:24:00,"310 11th St, Los Angeles, CA 90001",May
196572,iPhone,1,700.0,2019-05-21 12:08:00,"43 2nd St, Seattle, WA 98101",May
199455,iPhone,1,700.0,2019-05-11 21:10:00,"422 6th St, Atlanta, GA 30301",May
202049,iPhone,1,700.0,2019-05-24 23:33:00,"512 River St, Atlanta, GA 30301",May
202245,iPhone,1,700.0,2019-05-15 15:13:00,"237 Pine St, Dallas, TX 75001",May
203245,iPhone,1,700.0,2019-05-31 19:49:00,"724 Pine St, Dallas, TX 75001",May
203402,iPhone,1,700.0,2019-05-09 14:38:00,"646 1st St, Los Angeles, CA 90001",May
208809,iPhone,1,700.0,2019-05-31 15:59:00,"937 Dogwood St, Portland, OR 97035",May
208815,iPhone,1,700.0,2019-05-19 16:19:00,"254 4th St, Seattle, WA 98101",May
209081,iPhone,1,700.0,2019-05-03 19:40:00,"459 12th St, Boston, MA 02215",May
196292,iPhone,1,700.0,2019-05-07 10:08:00,"530 5th St, Boston, MA 02215",May
203422,iPhone,1,700.0,2019-05-28 19:31:00,"381 10th St, Seattle, WA 98101",May
206995,iPhone,1,700.0,2019-05-19 23:30:00,"640 Meadow St, New York City, NY 10001",May
194888,iPhone,1,700.0,2019-05-01 19:39:00,"713 14th St, Dallas, TX 75001",May
196192,iPhone,1,700.0,2019-05-09 16:24:00,"240 Main St, New York City, NY 10001",May
203492,iPhone,1,700.0,2019-05-12 07:45:00,"761 South St, Boston, MA 02215",May
207081,iPhone,1,700.0,2019-05-13 01:38:00,"891 4th St, San Francisco, CA 94016",May
207461,iPhone,1,700.0,2019-05-26 14:00:00,"505 Dogwood St, San Francisco, CA 94016",May
209457,iPhone,1,700.0,2019-05-25 09:58:00,"950 Jackson St, Austin, TX 73301",May
196300,iPhone,1,700.0,2019-05-01 19:27:00,"131 10th St, San Francisco, CA 94016",May
204745,iPhone,1,700.0,2019-05-27 18:31:00,"204 Madison St, San Francisco, CA 94016",May
209766,iPhone,1,700.0,2019-05-27 10:29:00,"998 Center St, San Francisco, CA 94016",May
195185,iPhone,1,700.0,2019-05-27 19:37:00,"355 Jackson St, Los Angeles, CA 90001",May
196953,iPhone,1,700.0,2019-05-03 01:30:00,"264 13th St, New York City, NY 10001",May
209088,iPhone,1,700.0,2019-05-13 08:25:00,"363 Park St, New York City, NY 10001",May
208071,iPhone,1,700.0,2019-05-03 02:34:00,"853 Forest St, Atlanta, GA 30301",May
203184,iPhone,1,700.0,2019-05-25 21:52:00,"491 13th St, Los Angeles, CA 90001",May
207095,iPhone,1,700.0,2019-05-20 21:31:00,"175 Cedar St, Seattle, WA 98101",May
207018,iPhone,1,700.0,2019-05-15 09:24:00,"974 Adams St, Portland, OR 97035",May
208001,iPhone,1,700.0,2019-05-08 11:26:00,"579 Main St, Seattle, WA 98101",May
194911,iPhone,1,700.0,2019-05-13 14:38:00,"539 1st St, Seattle, WA 98101",May
197921,iPhone,1,700.0,2019-05-18 08:27:00,"956 Pine St, Portland, ME 04101",May
198681,iPhone,1,700.0,2019-05-06 16:59:00,"53 Maple St, Portland, OR 97035",May
203469,iPhone,1,700.0,2019-05-05 20:28:00,"52 Hill St, Atlanta, GA 30301",May
204580,iPhone,1,700.0,2019-05-26 10:09:00,"415 Dogwood St, Boston, MA 02215",May
207923,iPhone,1,700.0,2019-05-14 10:14:00,"649 Johnson St, San Francisco, CA 94016",May
195452,iPhone,1,700.0,2019-05-16 09:24:00,"760 Hickory St, Los Angeles, CA 90001",May
196995,iPhone,1,700.0,2019-05-17 10:30:00,"487 Jefferson St, Los Angeles, CA 90001",May
200682,iPhone,1,700.0,2019-05-22 23:22:00,"864 Maple St, Los Angeles, CA 90001",May
205900,iPhone,1,700.0,2019-05-20 11:52:00,"199 Maple St, Los Angeles, CA 90001",May
207301,iPhone,1,700.0,2019-05-03 11:56:00,"40 Church St, Seattle, WA 98101",May
209724,iPhone,1,700.0,2019-05-24 20:22:00,"801 Church St, San Francisco, CA 94016",May
208641,iPhone,1,700.0,2019-05-26 12:07:00,"856 Meadow St, San Francisco, CA 94016",May
194228,iPhone,1,700.0,2019-05-20 11:52:00,"558 1st St, New York City, NY 10001",May
196129,iPhone,1,700.0,2019-05-09 15:02:00,"401 14th St, San Francisco, CA 94016",May
205012,iPhone,1,700.0,2019-05-29 09:34:00,"959 14th St, Los Angeles, CA 90001",May
198191,iPhone,1,700.0,2019-05-10 20:55:00,"751 7th St, Boston, MA 02215",May
202986,iPhone,1,700.0,2019-05-22 22:04:00,"558 Highland St, Los Angeles, CA 90001",May
204967,iPhone,1,700.0,2019-05-27 10:45:00,"587 Cherry St, Los Angeles, CA 90001",May
209606,iPhone,1,700.0,2019-05-10 22:25:00,"963 Lake St, Los Angeles, CA 90001",May
202873,iPhone,1,700.0,2019-05-26 17:02:00,"594 Johnson St, Los Angeles, CA 90001",May
195008,iPhone,1,700.0,2019-05-09 10:29:00,"305 Lake St, Seattle, WA 98101",May
198716,iPhone,1,700.0,2019-05-18 10:49:00,"822 Church St, Los Angeles, CA 90001",May
198996,iPhone,1,700.0,2019-05-30 13:49:00,"283 Lakeview St, San Francisco, CA 94016",May
207214,iPhone,1,700.0,2019-05-27 06:00:00,"691 Pine St, San Francisco, CA 94016",May
197137,iPhone,1,700.0,2019-05-11 09:09:00,"135 Cherry St, Los Angeles, CA 90001",May
197280,iPhone,1,700.0,2019-05-09 15:59:00,"395 7th St, Atlanta, GA 30301",May
201013,iPhone,1,700.0,2019-05-24 09:18:00,"122 Cherry St, Portland, OR 97035",May
203123,iPhone,1,700.0,2019-05-11 23:39:00,"601 Wilson St, Boston, MA 02215",May
204653,iPhone,1,700.0,2019-05-18 14:45:00,"415 2nd St, San Francisco, CA 94016",May
205791,iPhone,1,700.0,2019-05-29 10:40:00,"131 4th St, San Francisco, CA 94016",May
198489,iPhone,1,700.0,2019-05-04 09:16:00,"801 12th St, Dallas, TX 75001",May
201288,iPhone,1,700.0,2019-05-05 16:47:00,"472 Forest St, New York City, NY 10001",May
201653,iPhone,1,700.0,2019-05-21 22:06:00,"454 12th St, New York City, NY 10001",May
203984,iPhone,1,700.0,2019-05-06 17:24:00,"470 8th St, New York City, NY 10001",May
199664,iPhone,1,700.0,2019-05-02 10:20:00,"117 Lincoln St, Boston, MA 02215",May
200761,iPhone,1,700.0,2019-05-12 16:00:00,"130 South St, Portland, ME 04101",May
202293,iPhone,1,700.0,2019-05-26 19:34:00,"344 2nd St, Los Angeles, CA 90001",May
205292,iPhone,1,700.0,2019-05-05 15:23:00,"371 Willow St, Seattle, WA 98101",May
205770,iPhone,1,700.0,2019-05-01 12:22:00,"36 River St, New York City, NY 10001",May
207281,iPhone,1,700.0,2019-05-06 12:45:00,"634 Meadow St, Los Angeles, CA 90001",May
209073,iPhone,1,700.0,2019-05-03 16:10:00,"844 Pine St, San Francisco, CA 94016",May
194403,iPhone,1,700.0,2019-05-08 20:21:00,"197 11th St, Los Angeles, CA 90001",May
195776,iPhone,1,700.0,2019-05-21 18:32:00,"544 Forest St, Seattle, WA 98101",May
199713,iPhone,1,700.0,2019-05-08 15:26:00,"842 1st St, San Francisco, CA 94016",May
206107,iPhone,1,700.0,2019-05-21 08:19:00,"918 Jackson St, Dallas, TX 75001",May
207033,iPhone,1,700.0,2019-05-08 12:09:00,"116 Johnson St, Los Angeles, CA 90001",May
209158,iPhone,1,700.0,2019-05-28 08:11:00,"458 7th St, San Francisco, CA 94016",May
195475,iPhone,1,700.0,2019-05-19 09:30:00,"566 2nd St, San Francisco, CA 94016",May
195828,iPhone,1,700.0,2019-05-23 23:12:00,"3 Main St, Los Angeles, CA 90001",May
207698,iPhone,1,700.0,2019-05-01 17:12:00,"460 6th St, San Francisco, CA 94016",May
200955,iPhone,1,700.0,2019-05-08 19:28:00,"531 Lincoln St, Boston, MA 02215",May
203504,iPhone,1,700.0,2019-05-16 22:53:00,"772 Adams St, San Francisco, CA 94016",May
206532,iPhone,1,700.0,2019-05-14 00:11:00,"195 Lake St, Austin, TX 73301",May
207391,iPhone,1,700.0,2019-05-30 17:08:00,"135 Chestnut St, Austin, TX 73301",May
208616,iPhone,1,700.0,2019-05-30 00:28:00,"984 Hickory St, Boston, MA 02215",May
218611,iPhone,1,700.0,2019-06-10 21:38:00,"1 Highland St, Boston, MA 02215",June
218672,iPhone,1,700.0,2019-06-08 00:24:00,"165 Highland St, Los Angeles, CA 90001",June
222250,iPhone,1,700.0,2019-06-06 13:14:00,"673 Elm St, Los Angeles, CA 90001",June
217472,iPhone,1,700.0,2019-06-29 11:14:00,"315 Jackson St, Austin, TX 73301",June
216973,iPhone,1,700.0,2019-06-04 19:03:00,"692 Meadow St, Los Angeles, CA 90001",June
210189,iPhone,1,700.0,2019-06-03 17:22:00,"430 Wilson St, New York City, NY 10001",June
213904,iPhone,1,700.0,2019-06-20 10:15:00,"267 Dogwood St, Portland, OR 97035",June
220678,iPhone,1,700.0,2019-06-25 13:06:00,"848 Chestnut St, Los Angeles, CA 90001",June
210736,iPhone,1,700.0,2019-06-25 19:49:00,"211 13th St, Boston, MA 02215",June
212980,iPhone,1,700.0,2019-06-30 12:25:00,"772 Lake St, Los Angeles, CA 90001",June
217112,iPhone,1,700.0,2019-06-27 17:05:00,"481 10th St, Los Angeles, CA 90001",June
222451,iPhone,1,700.0,2019-06-14 21:34:00,"465 12th St, Atlanta, GA 30301",June
213513,iPhone,1,700.0,2019-06-06 18:52:00,"747 Jackson St, San Francisco, CA 94016",June
214010,iPhone,1,700.0,2019-06-15 11:26:00,"458 Lincoln St, San Francisco, CA 94016",June
214053,iPhone,1,700.0,2019-06-17 13:15:00,"281 Main St, Atlanta, GA 30301",June
217753,iPhone,1,700.0,2019-06-09 22:18:00,"803 Chestnut St, San Francisco, CA 94016",June
212875,iPhone,1,700.0,2019-06-28 23:52:00,"419 Dogwood St, San Francisco, CA 94016",June
218527,iPhone,1,700.0,2019-06-01 11:23:00,"334 Forest St, San Francisco, CA 94016",June
214250,iPhone,1,700.0,2019-06-02 16:05:00,"797 Hill St, Los Angeles, CA 90001",June
222691,iPhone,1,700.0,2019-06-19 19:46:00,"423 Lakeview St, Portland, OR 97035",June
211844,iPhone,1,700.0,2019-06-13 15:33:00,"416 South St, Los Angeles, CA 90001",June
214748,iPhone,1,700.0,2019-06-25 12:48:00,"533 1st St, New York City, NY 10001",June
210909,iPhone,1,700.0,2019-06-03 10:22:00,"68 Lincoln St, San Francisco, CA 94016",June
211413,iPhone,1,700.0,2019-06-29 15:10:00,"794 River St, Los Angeles, CA 90001",June
212624,iPhone,1,700.0,2019-06-30 10:47:00,"109 4th St, New York City, NY 10001",June
216200,iPhone,1,700.0,2019-06-05 11:24:00,"886 9th St, San Francisco, CA 94016",June
213252,iPhone,1,700.0,2019-06-06 10:06:00,"251 Chestnut St, Los Angeles, CA 90001",June
212923,iPhone,1,700.0,2019-06-22 11:17:00,"252 Dogwood St, Portland, OR 97035",June
213346,iPhone,1,700.0,2019-06-17 08:56:00,"656 Ridge St, Austin, TX 73301",June
221015,iPhone,1,700.0,2019-06-10 10:01:00,"722 Cedar St, New York City, NY 10001",June
222688,iPhone,1,700.0,2019-06-29 09:05:00,"150 Chestnut St, Austin, TX 73301",June
210417,iPhone,1,700.0,2019-06-28 15:20:00,"213 5th St, Austin, TX 73301",June
213499,iPhone,1,700.0,2019-06-29 10:50:00,"181 River St, Boston, MA 02215",June
216943,iPhone,1,700.0,2019-06-12 20:34:00,"674 Lakeview St, Atlanta, GA 30301",June
209954,iPhone,1,700.0,2019-06-16 07:21:00,"599 2nd St, San Francisco, CA 94016",June
211619,iPhone,1,700.0,2019-06-09 17:44:00,"858 Maple St, Portland, ME 04101",June
215846,iPhone,1,700.0,2019-06-23 10:37:00,"563 6th St, San Francisco, CA 94016",June
219831,iPhone,1,700.0,2019-06-07 14:54:00,"425 North St, Dallas, TX 75001",June
220441,iPhone,1,700.0,2019-06-25 08:36:00,"562 Adams St, New York City, NY 10001",June
218167,iPhone,1,700.0,2019-06-18 03:07:00,"455 West St, Dallas, TX 75001",June
221553,iPhone,1,700.0,2019-06-14 08:49:00,"772 Sunset St, Los Angeles, CA 90001",June
216010,iPhone,1,700.0,2019-06-15 12:31:00,"622 Highland St, Los Angeles, CA 90001",June
217630,iPhone,1,700.0,2019-06-06 15:41:00,"266 Highland St, Dallas, TX 75001",June
218811,iPhone,1,700.0,2019-06-04 11:16:00,"422 Highland St, Portland, ME 04101",June
214120,iPhone,1,700.0,2019-06-30 22:28:00,"971 Spruce St, San Francisco, CA 94016",June
217198,iPhone,1,700.0,2019-06-21 11:13:00,"15 West St, Austin, TX 73301",June
218182,iPhone,1,700.0,2019-06-16 18:58:00,"440 Maple St, Boston, MA 02215",June
219390,iPhone,1,700.0,2019-06-22 06:55:00,"452 11th St, San Francisco, CA 94016",June
219589,iPhone,1,700.0,2019-06-19 01:16:00,"502 Dogwood St, Los Angeles, CA 90001",June
221332,iPhone,1,700.0,2019-06-23 11:40:00,"904 Lakeview St, Dallas, TX 75001",June
218180,iPhone,1,700.0,2019-06-24 14:43:00,"96 13th St, New York City, NY 10001",June
214589,iPhone,1,700.0,2019-06-17 12:52:00,"148 Johnson St, New York City, NY 10001",June
218184,iPhone,1,700.0,2019-06-28 11:05:00,"19 2nd St, Los Angeles, CA 90001",June
214976,iPhone,1,700.0,2019-06-24 23:41:00,"287 6th St, San Francisco, CA 94016",June
215578,iPhone,1,700.0,2019-06-18 10:12:00,"465 Cedar St, Dallas, TX 75001",June
216008,iPhone,1,700.0,2019-06-06 17:06:00,"358 5th St, Boston, MA 02215",June
218616,iPhone,1,700.0,2019-06-03 09:36:00,"846 Church St, Los Angeles, CA 90001",June
211748,iPhone,1,700.0,2019-06-10 13:27:00,"305 Madison St, Seattle, WA 98101",June
218966,iPhone,1,700.0,2019-06-01 10:39:00,"296 Church St, San Francisco, CA 94016",June
220911,iPhone,1,700.0,2019-06-17 18:00:00,"166 Walnut St, Boston, MA 02215",June
220526,iPhone,1,700.0,2019-06-01 16:23:00,"814 6th St, Los Angeles, CA 90001",June
214810,iPhone,1,700.0,2019-06-20 09:13:00,"434 12th St, Seattle, WA 98101",June
220320,iPhone,1,700.0,2019-06-06 08:49:00,"485 4th St, Boston, MA 02215",June
212800,iPhone,1,700.0,2019-06-14 19:29:00,"17 Cherry St, Portland, OR 97035",June
220466,iPhone,1,700.0,2019-06-01 16:30:00,"233 Ridge St, Los Angeles, CA 90001",June
220962,iPhone,1,700.0,2019-06-12 20:27:00,"852 8th St, San Francisco, CA 94016",June
210761,iPhone,1,700.0,2019-06-01 15:41:00,"494 Center St, Los Angeles, CA 90001",June
211294,iPhone,1,700.0,2019-06-11 18:31:00,"112 Sunset St, Atlanta, GA 30301",June
216107,iPhone,1,700.0,2019-06-09 19:40:00,"613 Main St, Dallas, TX 75001",June
215276,iPhone,1,700.0,2019-06-12 12:19:00,"339 Dogwood St, San Francisco, CA 94016",June
212639,iPhone,1,700.0,2019-06-17 23:40:00,"163 2nd St, San Francisco, CA 94016",June
217742,iPhone,1,700.0,2019-06-23 09:52:00,"658 Jackson St, Seattle, WA 98101",June
232706,iPhone,1,700.0,2019-07-19 17:56:00,"477 Elm St, Atlanta, GA 30301",July
233387,iPhone,1,700.0,2019-07-13 10:15:00,"442 Hill St, New York City, NY 10001",July
223582,iPhone,1,700.0,2019-07-15 14:26:00,"963 Church St, New York City, NY 10001",July
230606,iPhone,1,700.0,2019-07-14 21:28:00,"844 Lincoln St, Atlanta, GA 30301",July
231615,iPhone,1,700.0,2019-07-22 09:48:00,"270 Chestnut St, New York City, NY 10001",July
232760,iPhone,1,700.0,2019-07-27 17:44:00,"927 14th St, Boston, MA 02215",July
224110,iPhone,1,700.0,2019-07-16 21:38:00,"110 11th St, New York City, NY 10001",July
231928,iPhone,1,700.0,2019-07-30 18:21:00,"531 Cedar St, Atlanta, GA 30301",July
232403,iPhone,1,700.0,2019-07-08 23:10:00,"340 Willow St, Los Angeles, CA 90001",July
232789,iPhone,1,700.0,2019-07-27 04:08:00,"402 North St, Portland, OR 97035",July
223734,iPhone,1,700.0,2019-07-20 17:13:00,"211 7th St, San Francisco, CA 94016",July
225145,iPhone,1,700.0,2019-07-03 13:12:00,"659 Hill St, Seattle, WA 98101",July
225968,iPhone,1,700.0,2019-07-30 11:29:00,"340 Lake St, San Francisco, CA 94016",July
226437,iPhone,1,700.0,2019-07-04 11:33:00,"161 Madison St, Boston, MA 02215",July
232238,iPhone,1,700.0,2019-07-08 09:44:00,"179 1st St, Austin, TX 73301",July
231724,iPhone,1,700.0,2019-07-25 21:57:00,"710 13th St, Portland, OR 97035",July
234883,iPhone,1,700.0,2019-07-09 08:24:00,"167 Cherry St, Boston, MA 02215",July
235353,iPhone,1,700.0,2019-07-20 08:14:00,"227 Lincoln St, Boston, MA 02215",July
228161,iPhone,1,700.0,2019-07-06 13:58:00,"206 14th St, Seattle, WA 98101",July
234204,iPhone,1,700.0,2019-07-21 11:17:00,"461 Spruce St, New York City, NY 10001",July
235401,iPhone,1,700.0,2019-07-20 21:29:00,"335 6th St, San Francisco, CA 94016",July
223865,iPhone,1,700.0,2019-07-06 22:38:00,"419 6th St, Atlanta, GA 30301",July
230863,iPhone,1,700.0,2019-07-28 21:22:00,"637 14th St, Portland, OR 97035",July
230386,iPhone,1,700.0,2019-07-04 11:41:00,"276 Hickory St, San Francisco, CA 94016",July
231058,iPhone,1,700.0,2019-07-28 12:05:00,"543 Walnut St, New York City, NY 10001",July
232687,iPhone,1,700.0,2019-07-12 12:36:00,"522 Willow St, New York City, NY 10001",July
224257,iPhone,1,700.0,2019-07-04 21:56:00,"781 Walnut St, New York City, NY 10001",July
229391,iPhone,1,700.0,2019-07-13 21:21:00,"756 Sunset St, Portland, ME 04101",July
230309,iPhone,1,700.0,2019-07-05 11:36:00,"40 South St, New York City, NY 10001",July
235233,iPhone,1,700.0,2019-07-02 18:43:00,"371 Pine St, San Francisco, CA 94016",July
235709,iPhone,1,700.0,2019-07-28 17:17:00,"547 7th St, Los Angeles, CA 90001",July
235815,iPhone,1,700.0,2019-07-16 14:04:00,"135 Lake St, Seattle, WA 98101",July
224635,iPhone,1,700.0,2019-07-09 05:51:00,"368 Forest St, Seattle, WA 98101",July
226670,iPhone,1,700.0,2019-07-10 00:23:00,"158 Meadow St, San Francisco, CA 94016",July
228921,iPhone,1,700.0,2019-07-06 20:12:00,"979 12th St, San Francisco, CA 94016",July
235068,iPhone,1,700.0,2019-07-03 15:50:00,"550 River St, San Francisco, CA 94016",July
228662,iPhone,1,700.0,2019-07-30 17:55:00,"295 9th St, Atlanta, GA 30301",July
229673,iPhone,1,700.0,2019-07-02 11:00:00,"786 10th St, San Francisco, CA 94016",July
231935,iPhone,1,700.0,2019-07-15 15:42:00,"810 Washington St, Portland, OR 97035",July
232340,iPhone,1,700.0,2019-07-02 20:02:00,"392 South St, Dallas, TX 75001",July
225086,iPhone,1,700.0,2019-07-20 19:04:00,"773 Center St, San Francisco, CA 94016",July
235192,iPhone,1,700.0,2019-07-22 15:34:00,"304 Hill St, Austin, TX 73301",July
224032,iPhone,1,700.0,2019-07-28 11:00:00,"889 Main St, New York City, NY 10001",July
232307,iPhone,1,700.0,2019-07-21 16:16:00,"378 Main St, Seattle, WA 98101",July
225897,iPhone,1,700.0,2019-07-10 23:55:00,"723 Forest St, San Francisco, CA 94016",July
224960,iPhone,1,700.0,2019-07-30 11:33:00,"301 Washington St, New York City, NY 10001",July
229891,iPhone,1,700.0,2019-07-03 18:32:00,"110 Hickory St, Los Angeles, CA 90001",July
232879,iPhone,1,700.0,2019-07-07 21:58:00,"139 Elm St, Boston, MA 02215",July
224010,iPhone,1,700.0,2019-07-30 04:03:00,"911 8th St, Los Angeles, CA 90001",July
234444,iPhone,1,700.0,2019-07-10 20:17:00,"513 North St, Dallas, TX 75001",July
234478,iPhone,1,700.0,2019-07-28 12:05:00,"513 Elm St, Dallas, TX 75001",July
223672,iPhone,1,700.0,2019-07-07 01:05:00,"92 Jefferson St, Atlanta, GA 30301",July
227229,iPhone,1,700.0,2019-07-10 18:47:00,"219 7th St, Austin, TX 73301",July
234240,iPhone,1,700.0,2019-07-18 08:49:00,"161 North St, San Francisco, CA 94016",July
226843,iPhone,1,700.0,2019-07-31 22:09:00,"680 River St, San Francisco, CA 94016",July
231227,iPhone,1,700.0,2019-07-19 14:26:00,"43 Spruce St, Austin, TX 73301",July
231320,iPhone,1,700.0,2019-07-16 15:50:00,"820 Forest St, Dallas, TX 75001",July
223944,iPhone,1,700.0,2019-07-28 00:20:00,"826 Elm St, Los Angeles, CA 90001",July
226366,iPhone,1,700.0,2019-07-01 11:57:00,"484 Ridge St, Dallas, TX 75001",July
236035,iPhone,1,700.0,2019-07-30 00:04:00,"100 Walnut St, Austin, TX 73301",July
227511,iPhone,1,700.0,2019-07-27 17:49:00,"807 Spruce St, Portland, OR 97035",July
232436,iPhone,1,700.0,2019-07-18 20:11:00,"913 Chestnut St, New York City, NY 10001",July
226634,iPhone,1,700.0,2019-07-06 15:15:00,"948 Pine St, San Francisco, CA 94016",July
231588,iPhone,1,700.0,2019-07-11 11:16:00,"371 2nd St, Boston, MA 02215",July
234304,iPhone,1,700.0,2019-07-26 17:48:00,"13 Lakeview St, San Francisco, CA 94016",July
235593,iPhone,1,700.0,2019-07-29 01:53:00,"305 11th St, Atlanta, GA 30301",July
223950,iPhone,1,700.0,2019-07-17 19:03:00,"30 Church St, Los Angeles, CA 90001",July
224734,iPhone,1,700.0,2019-07-28 01:20:00,"950 9th St, New York City, NY 10001",July
227826,iPhone,1,700.0,2019-07-25 16:47:00,"185 Spruce St, Dallas, TX 75001",July
227175,iPhone,1,700.0,2019-07-22 14:46:00,"382 River St, Dallas, TX 75001",July
229454,iPhone,1,700.0,2019-07-01 12:43:00,"995 Lakeview St, San Francisco, CA 94016",July
233986,iPhone,1,700.0,2019-07-26 18:35:00,"946 Highland St, San Francisco, CA 94016",July
228911,iPhone,1,700.0,2019-07-18 19:20:00,"551 Walnut St, Boston, MA 02215",July
233779,iPhone,1,700.0,2019-07-25 11:45:00,"626 2nd St, Los Angeles, CA 90001",July
234801,iPhone,1,700.0,2019-07-26 22:54:00,"332 North St, San Francisco, CA 94016",July
236319,iPhone,1,700.0,2019-07-07 06:43:00,"633 Sunset St, Atlanta, GA 30301",July
223640,iPhone,1,700.0,2019-07-22 06:51:00,"680 11th St, Boston, MA 02215",July
225809,iPhone,1,700.0,2019-07-18 21:56:00,"441 Lincoln St, Atlanta, GA 30301",July
231224,iPhone,1,700.0,2019-07-21 23:08:00,"441 Washington St, Portland, OR 97035",July
223889,iPhone,1,700.0,2019-07-06 11:50:00,"958 10th St, New York City, NY 10001",July
229999,iPhone,1,700.0,2019-07-11 14:10:00,"313 Wilson St, Boston, MA 02215",July
223579,iPhone,1,700.0,2019-07-17 01:13:00,"204 Pine St, Los Angeles, CA 90001",July
231544,iPhone,1,700.0,2019-07-13 16:09:00,"501 5th St, New York City, NY 10001",July
234058,iPhone,1,700.0,2019-07-13 08:55:00,"948 Johnson St, Atlanta, GA 30301",July
234741,iPhone,1,700.0,2019-07-04 22:30:00,"512 Forest St, New York City, NY 10001",July
223443,iPhone,1,700.0,2019-07-29 20:02:00,"918 Elm St, New York City, NY 10001",July
239063,iPhone,1,700.0,2019-08-10 18:52:00,"302 Maple St, Boston, MA 02215",August
239801,iPhone,1,700.0,2019-08-09 19:15:00,"511 8th St, San Francisco, CA 94016",August
247749,iPhone,1,700.0,2019-08-03 16:36:00,"531 7th St, New York City, NY 10001",August
237976,iPhone,1,700.0,2019-08-05 21:12:00,"582 Hickory St, Dallas, TX 75001",August
245531,iPhone,1,700.0,2019-08-14 09:08:00,"770 Maple St, Dallas, TX 75001",August
239989,iPhone,1,700.0,2019-08-28 02:59:00,"12 Forest St, Seattle, WA 98101",August
240390,iPhone,1,700.0,2019-08-25 14:48:00,"182 Madison St, Dallas, TX 75001",August
243949,iPhone,1,700.0,2019-08-03 19:48:00,"293 14th St, New York City, NY 10001",August
244134,iPhone,1,700.0,2019-08-22 18:11:00,"929 Main St, Seattle, WA 98101",August
245056,iPhone,1,700.0,2019-08-10 12:28:00,"489 Walnut St, Austin, TX 73301",August
241873,iPhone,1,700.0,2019-08-02 12:05:00,"377 6th St, Boston, MA 02215",August
242187,iPhone,1,700.0,2019-08-05 06:17:00,"255 11th St, San Francisco, CA 94016",August
242443,iPhone,1,700.0,2019-08-27 22:19:00,"126 Pine St, Austin, TX 73301",August
239758,iPhone,1,700.0,2019-08-28 07:25:00,"625 Wilson St, San Francisco, CA 94016",August
240333,iPhone,1,700.0,2019-08-06 16:22:00,"871 Meadow St, San Francisco, CA 94016",August
245275,iPhone,1,700.0,2019-08-08 09:52:00,"987 Lincoln St, New York City, NY 10001",August
246875,iPhone,1,700.0,2019-08-04 08:27:00,"681 7th St, Los Angeles, CA 90001",August
239565,iPhone,1,700.0,2019-08-13 18:28:00,"844 Park St, Austin, TX 73301",August
247298,iPhone,1,700.0,2019-08-05 17:26:00,"651 12th St, San Francisco, CA 94016",August
247543,iPhone,1,700.0,2019-08-14 07:48:00,"357 Hickory St, Atlanta, GA 30301",August
238149,iPhone,1,700.0,2019-08-14 16:10:00,"941 Madison St, Austin, TX 73301",August
239882,iPhone,1,700.0,2019-08-23 23:27:00,"579 North St, Portland, OR 97035",August
245890,iPhone,1,700.0,2019-08-01 14:13:00,"381 Hickory St, Los Angeles, CA 90001",August
246070,iPhone,1,700.0,2019-08-21 08:09:00,"625 8th St, Dallas, TX 75001",August
239188,iPhone,1,700.0,2019-08-11 10:44:00,"119 Adams St, Los Angeles, CA 90001",August
239964,iPhone,1,700.0,2019-08-08 11:37:00,"732 Hickory St, San Francisco, CA 94016",August
241013,iPhone,1,700.0,2019-08-16 01:49:00,"296 Hill St, San Francisco, CA 94016",August
244785,iPhone,1,700.0,2019-08-15 15:27:00,"447 Forest St, San Francisco, CA 94016",August
237777,iPhone,1,700.0,2019-08-14 18:08:00,"711 Maple St, Boston, MA 02215",August
241611,iPhone,1,700.0,2019-08-08 12:07:00,"295 Willow St, San Francisco, CA 94016",August
245879,iPhone,1,700.0,2019-08-11 07:19:00,"503 River St, Seattle, WA 98101",August
240709,iPhone,1,700.0,2019-08-22 19:26:00,"462 7th St, Boston, MA 02215",August
244840,iPhone,1,700.0,2019-08-13 20:13:00,"817 Cedar St, Dallas, TX 75001",August
247285,iPhone,1,700.0,2019-08-05 20:51:00,"840 Cherry St, New York City, NY 10001",August
244538,iPhone,1,700.0,2019-08-13 15:34:00,"498 Main St, Los Angeles, CA 90001",August
245995,iPhone,1,700.0,2019-08-25 12:31:00,"792 Adams St, Los Angeles, CA 90001",August
246188,iPhone,1,700.0,2019-08-22 14:58:00,"529 Sunset St, Seattle, WA 98101",August
239185,iPhone,1,700.0,2019-08-08 10:18:00,"324 Dogwood St, Los Angeles, CA 90001",August
239717,iPhone,1,700.0,2019-08-04 18:56:00,"425 9th St, New York City, NY 10001",August
246085,iPhone,1,700.0,2019-08-30 18:48:00,"710 5th St, San Francisco, CA 94016",August
246873,iPhone,1,700.0,2019-08-02 19:31:00,"709 10th St, Atlanta, GA 30301",August
241980,iPhone,1,700.0,2019-08-10 09:52:00,"488 Jackson St, Los Angeles, CA 90001",August
245213,iPhone,1,700.0,2019-08-05 14:21:00,"547 Spruce St, Portland, ME 04101",August
246624,iPhone,1,700.0,2019-08-07 14:46:00,"188 South St, San Francisco, CA 94016",August
244613,iPhone,1,700.0,2019-08-17 11:21:00,"617 Cedar St, Seattle, WA 98101",August
243258,iPhone,1,700.0,2019-08-19 18:14:00,"2 Maple St, Los Angeles, CA 90001",August
245089,iPhone,1,700.0,2019-08-02 19:14:00,"961 Lake St, San Francisco, CA 94016",August
248055,iPhone,1,700.0,2019-08-21 07:32:00,"675 12th St, Portland, OR 97035",August
239742,iPhone,1,700.0,2019-08-15 15:56:00,"465 Maple St, Dallas, TX 75001",August
240268,iPhone,1,700.0,2019-08-11 12:12:00,"959 10th St, Los Angeles, CA 90001",August
241849,iPhone,1,700.0,2019-08-18 16:19:00,"135 Dogwood St, Los Angeles, CA 90001",August
246653,iPhone,1,700.0,2019-08-10 12:58:00,"633 Lakeview St, San Francisco, CA 94016",August
247391,iPhone,1,700.0,2019-08-28 22:32:00,"735 9th St, Austin, TX 73301",August
237555,iPhone,1,700.0,2019-08-20 07:42:00,"897 Park St, San Francisco, CA 94016",August
246444,iPhone,1,700.0,2019-08-25 05:32:00,"871 River St, Los Angeles, CA 90001",August
246655,iPhone,1,700.0,2019-08-18 17:56:00,"636 Main St, Seattle, WA 98101",August
241836,iPhone,1,700.0,2019-08-03 01:49:00,"436 13th St, Boston, MA 02215",August
237993,iPhone,1,700.0,2019-08-02 19:08:00,"232 Madison St, New York City, NY 10001",August
245000,iPhone,1,700.0,2019-08-27 16:00:00,"567 Church St, San Francisco, CA 94016",August
246304,iPhone,1,700.0,2019-08-01 08:59:00,"599 Park St, San Francisco, CA 94016",August
243109,iPhone,1,700.0,2019-08-10 18:13:00,"563 Wilson St, New York City, NY 10001",August
244173,iPhone,1,700.0,2019-08-28 21:38:00,"814 Highland St, Portland, OR 97035",August
245468,iPhone,1,700.0,2019-08-10 15:28:00,"733 2nd St, San Francisco, CA 94016",August
247063,iPhone,1,700.0,2019-08-13 22:35:00,"100 Jefferson St, Los Angeles, CA 90001",August
238970,iPhone,1,700.0,2019-08-28 10:24:00,"378 Hickory St, Los Angeles, CA 90001",August
240849,iPhone,1,700.0,2019-08-15 15:03:00,"780 Elm St, Portland, ME 04101",August
246089,iPhone,1,700.0,2019-08-17 19:19:00,"337 West St, San Francisco, CA 94016",August
237556,iPhone,1,700.0,2019-08-23 19:20:00,"503 Washington St, New York City, NY 10001",August
239869,iPhone,1,700.0,2019-08-06 21:59:00,"554 Adams St, San Francisco, CA 94016",August
242974,iPhone,1,700.0,2019-08-09 12:07:00,"645 Washington St, Seattle, WA 98101",August
245571,iPhone,1,700.0,2019-08-22 21:44:00,"702 North St, New York City, NY 10001",August
249089,iPhone,1,700.0,2019-09-17 14:03:00,"344 Jefferson St, New York City, NY 10001",September
255099,iPhone,1,700.0,2019-09-18 12:35:00,"332 Chestnut St, San Francisco, CA 94016",September
257730,iPhone,1,700.0,2019-09-11 11:52:00,"325 Jefferson St, Seattle, WA 98101",September
249091,iPhone,1,700.0,2019-09-15 18:30:00,"462 Cedar St, San Francisco, CA 94016",September
249522,iPhone,1,700.0,2019-09-05 20:07:00,"770 2nd St, New York City, NY 10001",September
253209,iPhone,1,700.0,2019-09-05 21:08:00,"761 Willow St, San Francisco, CA 94016",September
251272,iPhone,1,700.0,2019-09-17 19:46:00,"780 6th St, Dallas, TX 75001",September
249800,iPhone,1,700.0,2019-09-27 16:46:00,"404 South St, Portland, ME 04101",September
254277,iPhone,1,700.0,2019-09-25 17:34:00,"469 Hickory St, San Francisco, CA 94016",September
249147,iPhone,1,700.0,2019-09-16 18:46:00,"26 Hill St, New York City, NY 10001",September
257594,iPhone,1,700.0,2019-09-29 18:22:00,"865 Park St, San Francisco, CA 94016",September
249421,iPhone,1,700.0,2019-09-19 15:39:00,"478 Lakeview St, San Francisco, CA 94016",September
250299,iPhone,1,700.0,2019-09-29 12:09:00,"43 6th St, Atlanta, GA 30301",September
255815,iPhone,1,700.0,2019-09-20 11:39:00,"147 Church St, Boston, MA 02215",September
258986,iPhone,1,700.0,2019-09-12 17:52:00,"511 Jefferson St, Los Angeles, CA 90001",September
250921,iPhone,1,700.0,2019-09-18 07:43:00,"155 12th St, Boston, MA 02215",September
252571,iPhone,1,700.0,2019-09-18 23:10:00,"553 River St, Seattle, WA 98101",September
257985,iPhone,1,700.0,2019-09-23 22:47:00,"214 River St, Boston, MA 02215",September
250827,iPhone,1,700.0,2019-09-12 00:11:00,"892 11th St, Seattle, WA 98101",September
257921,iPhone,1,700.0,2019-09-30 08:04:00,"209 Madison St, San Francisco, CA 94016",September
258525,iPhone,1,700.0,2019-09-07 17:40:00,"982 Lincoln St, Seattle, WA 98101",September
248210,iPhone,1,700.0,2019-09-27 10:33:00,"292 Washington St, San Francisco, CA 94016",September
250798,iPhone,1,700.0,2019-09-29 23:52:00,"137 Cherry St, San Francisco, CA 94016",September
254011,iPhone,1,700.0,2019-09-02 20:00:00,"919 Spruce St, Los Angeles, CA 90001",September
255771,iPhone,1,700.0,2019-09-13 21:31:00,"326 Washington St, Boston, MA 02215",September
254631,iPhone,1,700.0,2019-09-12 14:18:00,"972 Maple St, Los Angeles, CA 90001",September
256590,iPhone,1,700.0,2019-09-22 17:11:00,"565 Washington St, New York City, NY 10001",September
257686,iPhone,1,700.0,2019-09-25 02:25:00,"819 Cherry St, San Francisco, CA 94016",September
251616,iPhone,1,700.0,2019-09-15 17:54:00,"370 Wilson St, Dallas, TX 75001",September
258963,iPhone,1,700.0,2019-09-07 14:37:00,"120 Madison St, Los Angeles, CA 90001",September
252787,iPhone,1,700.0,2019-09-08 11:31:00,"893 Lincoln St, San Francisco, CA 94016",September
256737,iPhone,1,700.0,2019-09-25 21:08:00,"419 Lake St, San Francisco, CA 94016",September
259133,iPhone,1,700.0,2019-09-01 12:54:00,"507 Church St, Boston, MA 02215",September
250495,iPhone,1,700.0,2019-09-24 18:02:00,"470 Madison St, Seattle, WA 98101",September
256294,iPhone,1,700.0,2019-09-23 13:41:00,"284 Center St, San Francisco, CA 94016",September
257718,iPhone,1,700.0,2019-09-13 23:32:00,"548 Walnut St, San Francisco, CA 94016",September
253150,iPhone,1,700.0,2019-09-09 22:42:00,"165 Maple St, Atlanta, GA 30301",September
255455,iPhone,1,700.0,2019-09-08 20:46:00,"396 Maple St, Boston, MA 02215",September
256393,iPhone,1,700.0,2019-09-13 10:54:00,"689 Maple St, New York City, NY 10001",September
259277,iPhone,1,700.0,2019-09-28 13:07:00,"795 Willow St, New York City, NY 10001",September
257677,iPhone,1,700.0,2019-09-19 21:09:00,"282 1st St, Dallas, TX 75001",September
248276,iPhone,1,700.0,2019-09-22 17:13:00,"620 North St, New York City, NY 10001",September
258317,iPhone,1,700.0,2019-09-04 23:13:00,"365 4th St, Boston, MA 02215",September
259145,iPhone,1,700.0,2019-09-27 21:57:00,"494 Main St, New York City, NY 10001",September
250336,iPhone,1,700.0,2019-09-26 18:46:00,"966 Highland St, San Francisco, CA 94016",September
255887,iPhone,1,700.0,2019-09-23 04:27:00,"795 1st St, Atlanta, GA 30301",September
255005,iPhone,1,700.0,2019-09-02 00:19:00,"25 West St, Los Angeles, CA 90001",September
248888,iPhone,1,700.0,2019-09-14 16:40:00,"286 Cedar St, Austin, TX 73301",September
250018,iPhone,1,700.0,2019-09-14 12:16:00,"516 Church St, Austin, TX 73301",September
251293,iPhone,1,700.0,2019-09-09 13:04:00,"558 North St, Dallas, TX 75001",September
254757,iPhone,1,700.0,2019-09-10 17:38:00,"961 Park St, San Francisco, CA 94016",September
257466,iPhone,1,700.0,2019-09-16 14:29:00,"876 Church St, Dallas, TX 75001",September
258755,iPhone,1,700.0,2019-09-03 21:41:00,"17 Highland St, New York City, NY 10001",September
253108,iPhone,1,700.0,2019-09-06 19:25:00,"104 9th St, San Francisco, CA 94016",September
253464,iPhone,1,700.0,2019-09-14 11:48:00,"820 South St, Boston, MA 02215",September
261543,iPhone,1,700.0,2019-10-03 16:45:00,"246 Pine St, San Francisco, CA 94016",October
269115,iPhone,1,700.0,2019-10-28 22:11:00,"157 Spruce St, Portland, OR 97035",October
273843,iPhone,1,700.0,2019-10-16 10:14:00,"19 Spruce St, Seattle, WA 98101",October
259529,iPhone,1,700.0,2019-10-14 14:41:00,"84 Washington St, San Francisco, CA 94016",October
265970,iPhone,1,700.0,2019-10-17 12:47:00,"803 Center St, San Francisco, CA 94016",October
274218,iPhone,1,700.0,2019-10-12 21:39:00,"594 Madison St, Seattle, WA 98101",October
277679,iPhone,1,700.0,2019-10-29 14:52:00,"60 10th St, Austin, TX 73301",October
277689,iPhone,1,700.0,2019-10-29 12:50:00,"871 Dogwood St, Portland, OR 97035",October
271577,iPhone,1,700.0,2019-10-17 13:34:00,"746 West St, Austin, TX 73301",October
274066,iPhone,1,700.0,2019-10-24 11:58:00,"861 Pine St, New York City, NY 10001",October
260124,iPhone,1,700.0,2019-10-22 21:09:00,"358 Main St, Los Angeles, CA 90001",October
265275,iPhone,1,700.0,2019-10-23 14:26:00,"702 Willow St, New York City, NY 10001",October
272174,iPhone,1,700.0,2019-10-22 13:06:00,"472 Park St, New York City, NY 10001",October
274833,iPhone,1,700.0,2019-10-23 15:00:00,"38 5th St, Los Angeles, CA 90001",October
265863,iPhone,1,700.0,2019-10-02 16:27:00,"609 7th St, Austin, TX 73301",October
267240,iPhone,1,700.0,2019-10-30 21:07:00,"593 Wilson St, Los Angeles, CA 90001",October
268542,iPhone,1,700.0,2019-10-10 09:01:00,"509 Sunset St, Los Angeles, CA 90001",October
268994,iPhone,2,700.0,2019-10-13 08:31:00,"477 4th St, Seattle, WA 98101",October
271949,iPhone,1,700.0,2019-10-31 19:53:00,"792 12th St, San Francisco, CA 94016",October
278387,iPhone,1,700.0,2019-10-08 16:49:00,"165 Cedar St, Seattle, WA 98101",October
260426,iPhone,1,700.0,2019-10-26 21:57:00,"164 Dogwood St, Atlanta, GA 30301",October
264562,iPhone,1,700.0,2019-10-14 06:38:00,"929 Center St, Austin, TX 73301",October
265638,iPhone,1,700.0,2019-10-24 11:22:00,"178 13th St, Boston, MA 02215",October
271206,iPhone,1,700.0,2019-10-31 15:39:00,"688 Church St, Seattle, WA 98101",October
273464,iPhone,1,700.0,2019-10-15 17:08:00,"921 Hill St, Austin, TX 73301",October
275474,iPhone,1,700.0,2019-10-01 10:14:00,"554 Jefferson St, Austin, TX 73301",October
276074,iPhone,1,700.0,2019-10-06 08:31:00,"217 2nd St, San Francisco, CA 94016",October
278092,iPhone,1,700.0,2019-10-19 12:46:00,"59 Lincoln St, Seattle, WA 98101",October
278199,iPhone,1,700.0,2019-10-04 18:29:00,"805 Chestnut St, Seattle, WA 98101",October
261506,iPhone,1,700.0,2019-10-06 23:50:00,"2 Forest St, Dallas, TX 75001",October
269432,iPhone,1,700.0,2019-10-17 22:44:00,"863 4th St, Los Angeles, CA 90001",October
260898,iPhone,1,700.0,2019-10-04 09:16:00,"543 Johnson St, Los Angeles, CA 90001",October
270744,iPhone,1,700.0,2019-10-07 11:31:00,"615 Park St, Boston, MA 02215",October
274452,iPhone,1,700.0,2019-10-19 19:35:00,"10 8th St, Seattle, WA 98101",October
277460,iPhone,1,700.0,2019-10-12 02:00:00,"213 Sunset St, Seattle, WA 98101",October
259862,iPhone,1,700.0,2019-10-05 19:12:00,"587 Cedar St, San Francisco, CA 94016",October
261772,iPhone,1,700.0,2019-10-24 12:57:00,"732 Jackson St, San Francisco, CA 94016",October
264966,iPhone,1,700.0,2019-10-29 12:58:00,"203 Church St, San Francisco, CA 94016",October
269720,iPhone,1,700.0,2019-10-09 19:39:00,"119 14th St, San Francisco, CA 94016",October
271541,iPhone,1,700.0,2019-10-20 22:19:00,"396 South St, Austin, TX 73301",October
272198,iPhone,1,700.0,2019-10-28 15:04:00,"587 Hill St, Los Angeles, CA 90001",October
277393,iPhone,1,700.0,2019-10-28 16:39:00,"882 Cherry St, Portland, OR 97035",October
278000,iPhone,1,700.0,2019-10-25 10:25:00,"138 Dogwood St, Seattle, WA 98101",October
266220,iPhone,1,700.0,2019-10-19 13:43:00,"415 Cherry St, Atlanta, GA 30301",October
269651,iPhone,1,700.0,2019-10-15 12:55:00,"26 Jackson St, Portland, OR 97035",October
270671,iPhone,1,700.0,2019-10-13 08:38:00,"431 Pine St, Los Angeles, CA 90001",October
271421,iPhone,1,700.0,2019-10-22 13:32:00,"27 2nd St, Portland, OR 97035",October
278156,iPhone,1,700.0,2019-10-12 13:59:00,"123 Park St, New York City, NY 10001",October
278622,iPhone,1,700.0,2019-10-02 13:17:00,"879 Ridge St, Dallas, TX 75001",October
260185,iPhone,1,700.0,2019-10-20 10:18:00,"52 Meadow St, San Francisco, CA 94016",October
268057,iPhone,1,700.0,2019-10-08 17:27:00,"646 Hill St, Boston, MA 02215",October
269173,iPhone,1,700.0,2019-10-28 18:50:00,"678 Center St, Dallas, TX 75001",October
275554,iPhone,1,700.0,2019-10-05 17:17:00,"773 7th St, Atlanta, GA 30301",October
269567,iPhone,1,700.0,2019-10-20 08:29:00,"203 Pine St, San Francisco, CA 94016",October
272914,iPhone,1,700.0,2019-10-22 20:15:00,"973 Johnson St, New York City, NY 10001",October
271621,iPhone,1,700.0,2019-10-26 19:14:00,"134 Meadow St, Boston, MA 02215",October
271704,iPhone,1,700.0,2019-10-10 19:59:00,"413 Ridge St, San Francisco, CA 94016",October
262533,iPhone,1,700.0,2019-10-14 21:33:00,"921 Lake St, San Francisco, CA 94016",October
268539,iPhone,1,700.0,2019-10-20 18:25:00,"422 10th St, Boston, MA 02215",October
276176,iPhone,1,700.0,2019-10-27 11:38:00,"374 Meadow St, San Francisco, CA 94016",October
259794,iPhone,1,700.0,2019-10-05 18:19:00,"604 8th St, Seattle, WA 98101",October
261260,iPhone,1,700.0,2019-10-29 13:26:00,"283 Lincoln St, New York City, NY 10001",October
261556,iPhone,1,700.0,2019-10-08 16:24:00,"141 Madison St, Los Angeles, CA 90001",October
272092,iPhone,1,700.0,2019-10-04 14:25:00,"267 Church St, Seattle, WA 98101",October
274008,iPhone,1,700.0,2019-10-21 16:27:00,"87 Meadow St, Dallas, TX 75001",October
260059,iPhone,1,700.0,2019-10-29 18:51:00,"649 11th St, Atlanta, GA 30301",October
259761,iPhone,1,700.0,2019-10-22 21:13:00,"980 4th St, Seattle, WA 98101",October
277934,iPhone,1,700.0,2019-10-17 09:51:00,"238 Dogwood St, Los Angeles, CA 90001",October
265141,iPhone,1,700.0,2019-10-04 15:37:00,"869 Dogwood St, New York City, NY 10001",October
260024,iPhone,1,700.0,2019-10-28 14:11:00,"525 Washington St, Seattle, WA 98101",October
270457,iPhone,1,700.0,2019-10-21 09:35:00,"340 West St, San Francisco, CA 94016",October
270570,iPhone,1,700.0,2019-10-02 10:15:00,"625 Center St, Los Angeles, CA 90001",October
273835,iPhone,1,700.0,2019-10-08 11:20:00,"905 1st St, Los Angeles, CA 90001",October
276965,iPhone,1,700.0,2019-10-07 13:37:00,"325 Jefferson St, New York City, NY 10001",October
273009,iPhone,1,700.0,2019-10-04 14:30:00,"913 7th St, Atlanta, GA 30301",October
274596,iPhone,1,700.0,2019-10-13 17:37:00,"395 Church St, San Francisco, CA 94016",October
278733,iPhone,1,700.0,2019-10-25 19:01:00,"222 7th St, Seattle, WA 98101",October
271841,iPhone,1,700.0,2019-10-11 20:04:00,"26 Jackson St, Los Angeles, CA 90001",October
259671,iPhone,1,700.0,2019-10-26 15:05:00,"490 14th St, Seattle, WA 98101",October
263175,iPhone,1,700.0,2019-10-27 20:10:00,"278 Hill St, Dallas, TX 75001",October
269556,iPhone,1,700.0,2019-10-27 16:37:00,"406 13th St, San Francisco, CA 94016",October
266372,iPhone,1,700.0,2019-10-22 02:27:00,"685 Center St, Dallas, TX 75001",October
267584,iPhone,1,700.0,2019-10-12 16:28:00,"725 Elm St, Seattle, WA 98101",October
261092,iPhone,1,700.0,2019-10-14 11:13:00,"472 Lincoln St, San Francisco, CA 94016",October
262148,iPhone,1,700.0,2019-10-15 22:45:00,"150 Highland St, Boston, MA 02215",October
264601,iPhone,1,700.0,2019-10-27 00:42:00,"958 Church St, Austin, TX 73301",October
273505,iPhone,1,700.0,2019-10-05 17:57:00,"895 River St, Atlanta, GA 30301",October
274644,iPhone,1,700.0,2019-10-30 11:30:00,"597 Center St, Dallas, TX 75001",October
260226,iPhone,1,700.0,2019-10-01 22:41:00,"121 4th St, Boston, MA 02215",October
275275,iPhone,1,700.0,2019-10-15 10:09:00,"752 Highland St, San Francisco, CA 94016",October
260429,iPhone,1,700.0,2019-10-14 10:14:00,"802 7th St, Portland, ME 04101",October
261837,iPhone,1,700.0,2019-10-19 21:10:00,"79 West St, San Francisco, CA 94016",October
265337,iPhone,1,700.0,2019-10-20 15:59:00,"84 Maple St, Atlanta, GA 30301",October
278582,iPhone,1,700.0,2019-10-15 18:17:00,"993 Elm St, Portland, OR 97035",October
276951,iPhone,1,700.0,2019-10-12 20:07:00,"232 Adams St, Atlanta, GA 30301",October
259825,iPhone,1,700.0,2019-10-12 20:59:00,"929 5th St, Boston, MA 02215",October
264192,iPhone,1,700.0,2019-10-21 20:50:00,"637 Dogwood St, San Francisco, CA 94016",October
265326,iPhone,1,700.0,2019-10-05 16:44:00,"164 Hill St, San Francisco, CA 94016",October
267956,iPhone,1,700.0,2019-10-28 11:01:00,"912 Washington St, Seattle, WA 98101",October
268815,iPhone,1,700.0,2019-10-27 20:21:00,"159 4th St, New York City, NY 10001",October
269603,iPhone,1,700.0,2019-10-29 22:19:00,"785 13th St, New York City, NY 10001",October
272268,iPhone,1,700.0,2019-10-15 06:03:00,"414 Washington St, Los Angeles, CA 90001",October
260807,iPhone,1,700.0,2019-10-21 16:16:00,"604 Wilson St, Atlanta, GA 30301",October
265360,iPhone,1,700.0,2019-10-22 19:49:00,"120 5th St, Portland, OR 97035",October
267397,iPhone,1,700.0,2019-10-28 12:49:00,"704 Lakeview St, San Francisco, CA 94016",October
274376,iPhone,1,700.0,2019-10-23 10:54:00,"107 6th St, Los Angeles, CA 90001",October
273456,iPhone,1,700.0,2019-10-18 10:03:00,"780 7th St, San Francisco, CA 94016",October
268677,iPhone,1,700.0,2019-10-26 23:52:00,"364 Maple St, Atlanta, GA 30301",October
263510,iPhone,1,700.0,2019-10-06 12:18:00,"368 Sunset St, San Francisco, CA 94016",October
267151,iPhone,1,700.0,2019-10-02 10:39:00,"183 Highland St, San Francisco, CA 94016",October
266730,iPhone,1,700.0,2019-10-04 06:15:00,"649 Lakeview St, San Francisco, CA 94016",October
272443,iPhone,1,700.0,2019-10-04 18:50:00,"89 Sunset St, Los Angeles, CA 90001",October
279598,iPhone,1,700.0,2019-11-04 19:36:00,"831 Washington St, Los Angeles, CA 90001",November
293024,iPhone,1,700.0,2019-11-10 12:07:00,"879 1st St, Atlanta, GA 30301",November
282666,iPhone,1,700.0,2019-11-21 16:47:00,"172 Wilson St, Seattle, WA 98101",November
283548,iPhone,1,700.0,2019-11-02 10:03:00,"373 Johnson St, Portland, ME 04101",November
283815,iPhone,1,700.0,2019-11-01 14:17:00,"137 Cherry St, Boston, MA 02215",November
285055,iPhone,1,700.0,2019-11-27 16:45:00,"980 2nd St, Seattle, WA 98101",November
285638,iPhone,1,700.0,2019-11-04 19:39:00,"342 14th St, New York City, NY 10001",November
287464,iPhone,1,700.0,2019-11-04 18:29:00,"85 South St, New York City, NY 10001",November
290164,iPhone,1,700.0,2019-11-27 15:34:00,"164 7th St, Atlanta, GA 30301",November
293108,iPhone,1,700.0,2019-11-22 11:01:00,"216 Meadow St, Dallas, TX 75001",November
294459,iPhone,1,700.0,2019-11-29 16:33:00,"226 Church St, New York City, NY 10001",November
281863,iPhone,1,700.0,2019-11-12 21:00:00,"361 Meadow St, San Francisco, CA 94016",November
282689,iPhone,1,700.0,2019-11-17 16:28:00,"27 North St, San Francisco, CA 94016",November
290365,iPhone,1,700.0,2019-11-20 18:35:00,"2 Sunset St, New York City, NY 10001",November
282683,iPhone,1,700.0,2019-11-07 12:35:00,"640 Center St, San Francisco, CA 94016",November
290770,iPhone,1,700.0,2019-11-20 06:49:00,"844 Wilson St, Portland, OR 97035",November
293042,iPhone,1,700.0,2019-11-01 09:57:00,"395 Pine St, San Francisco, CA 94016",November
293890,iPhone,1,700.0,2019-11-28 15:51:00,"248 River St, New York City, NY 10001",November
295452,iPhone,1,700.0,2019-11-04 13:51:00,"371 1st St, San Francisco, CA 94016",November
289667,iPhone,1,700.0,2019-11-21 13:20:00,"46 Maple St, Seattle, WA 98101",November
279193,iPhone,1,700.0,2019-11-20 20:06:00,"543 Center St, San Francisco, CA 94016",November
283991,iPhone,1,700.0,2019-11-04 18:09:00,"310 Lakeview St, Los Angeles, CA 90001",November
291485,iPhone,1,700.0,2019-11-19 14:20:00,"397 Center St, New York City, NY 10001",November
292210,iPhone,1,700.0,2019-11-16 12:41:00,"119 11th St, Boston, MA 02215",November
282940,iPhone,1,700.0,2019-11-16 12:15:00,"941 14th St, Los Angeles, CA 90001",November
283250,iPhone,1,700.0,2019-11-19 21:05:00,"614 Wilson St, Portland, OR 97035",November
293740,iPhone,1,700.0,2019-11-14 22:09:00,"348 6th St, Los Angeles, CA 90001",November
291380,iPhone,1,700.0,2019-11-17 08:06:00,"814 Willow St, Boston, MA 02215",November
295371,iPhone,1,700.0,2019-11-26 08:33:00,"11 Willow St, Boston, MA 02215",November
278829,iPhone,1,700.0,2019-11-20 22:19:00,"977 Johnson St, Los Angeles, CA 90001",November
284841,iPhone,1,700.0,2019-11-06 08:30:00,"699 Church St, San Francisco, CA 94016",November
279772,iPhone,1,700.0,2019-11-23 08:00:00,"71 2nd St, San Francisco, CA 94016",November
285651,iPhone,1,700.0,2019-11-10 18:24:00,"424 Pine St, San Francisco, CA 94016",November
294828,iPhone,1,700.0,2019-11-14 19:57:00,"547 West St, Portland, OR 97035",November
279400,iPhone,1,700.0,2019-11-18 21:09:00,"395 Center St, Boston, MA 02215",November
279693,iPhone,1,700.0,2019-11-28 15:08:00,"381 Lake St, Los Angeles, CA 90001",November
289255,iPhone,1,700.0,2019-11-20 16:02:00,"906 Washington St, Austin, TX 73301",November
279962,iPhone,1,700.0,2019-11-25 11:21:00,"251 Sunset St, New York City, NY 10001",November
284236,iPhone,1,700.0,2019-11-15 07:45:00,"615 Center St, New York City, NY 10001",November
292583,iPhone,1,700.0,2019-11-27 20:27:00,"770 Maple St, Seattle, WA 98101",November
279793,iPhone,1,700.0,2019-11-07 08:44:00,"297 11th St, San Francisco, CA 94016",November
280795,iPhone,1,700.0,2019-11-08 19:00:00,"271 Washington St, San Francisco, CA 94016",November
280888,iPhone,1,700.0,2019-11-25 21:34:00,"510 10th St, Los Angeles, CA 90001",November
286964,iPhone,1,700.0,2019-11-19 18:33:00,"900 Maple St, Seattle, WA 98101",November
290871,iPhone,1,700.0,2019-11-14 22:14:00,"589 1st St, Portland, OR 97035",November
293843,iPhone,1,700.0,2019-11-04 00:00:00,"343 Hill St, San Francisco, CA 94016",November
281950,iPhone,1,700.0,2019-11-23 17:23:00,"686 13th St, Atlanta, GA 30301",November
286655,iPhone,1,700.0,2019-11-15 15:33:00,"603 Sunset St, Boston, MA 02215",November
289941,iPhone,1,700.0,2019-11-12 19:51:00,"781 Lakeview St, Boston, MA 02215",November
290582,iPhone,1,700.0,2019-11-10 17:15:00,"638 Main St, Dallas, TX 75001",November
283447,iPhone,1,700.0,2019-11-10 17:46:00,"271 Lakeview St, Boston, MA 02215",November
286505,iPhone,1,700.0,2019-11-20 10:32:00,"743 2nd St, San Francisco, CA 94016",November
290018,iPhone,1,700.0,2019-11-14 21:19:00,"386 Spruce St, New York City, NY 10001",November
291940,iPhone,1,700.0,2019-11-27 22:21:00,"148 1st St, Seattle, WA 98101",November
280647,iPhone,1,700.0,2019-11-27 09:02:00,"478 12th St, New York City, NY 10001",November
283362,iPhone,1,700.0,2019-11-08 10:16:00,"981 Forest St, New York City, NY 10001",November
284062,iPhone,1,700.0,2019-11-09 12:01:00,"857 Adams St, San Francisco, CA 94016",November
284949,iPhone,1,700.0,2019-11-04 13:29:00,"286 Meadow St, San Francisco, CA 94016",November
285945,iPhone,1,700.0,2019-11-08 20:25:00,"800 Maple St, San Francisco, CA 94016",November
287183,iPhone,1,700.0,2019-11-16 16:22:00,"890 14th St, New York City, NY 10001",November
295536,iPhone,1,700.0,2019-11-26 10:28:00,"162 Meadow St, Los Angeles, CA 90001",November
285525,iPhone,1,700.0,2019-11-08 06:54:00,"10 Hill St, Los Angeles, CA 90001",November
290126,iPhone,1,700.0,2019-11-11 16:43:00,"857 Wilson St, San Francisco, CA 94016",November
293631,iPhone,1,700.0,2019-11-26 21:10:00,"243 13th St, San Francisco, CA 94016",November
286163,iPhone,1,700.0,2019-11-09 01:08:00,"986 Elm St, Austin, TX 73301",November
290075,iPhone,1,700.0,2019-11-21 08:07:00,"783 Johnson St, Portland, OR 97035",November
293131,iPhone,1,700.0,2019-11-25 00:42:00,"242 1st St, San Francisco, CA 94016",November
293980,iPhone,1,700.0,2019-11-20 04:55:00,"271 Hickory St, San Francisco, CA 94016",November
281064,iPhone,1,700.0,2019-11-14 16:42:00,"368 Madison St, New York City, NY 10001",November
292642,iPhone,1,700.0,2019-11-04 21:57:00,"861 Chestnut St, San Francisco, CA 94016",November
282115,iPhone,1,700.0,2019-11-24 11:31:00,"856 North St, Austin, TX 73301",November
282247,iPhone,1,700.0,2019-11-03 13:46:00,"784 Walnut St, Dallas, TX 75001",November
284763,iPhone,1,700.0,2019-11-08 15:08:00,"214 Maple St, San Francisco, CA 94016",November
288804,iPhone,1,700.0,2019-11-23 09:47:00,"268 1st St, San Francisco, CA 94016",November
294194,iPhone,1,700.0,2019-11-21 10:31:00,"761 Park St, New York City, NY 10001",November
284789,iPhone,1,700.0,2019-11-10 20:05:00,"440 Pine St, San Francisco, CA 94016",November
282244,iPhone,1,700.0,2019-11-26 13:29:00,"536 Dogwood St, San Francisco, CA 94016",November
288861,iPhone,1,700.0,2019-11-12 10:20:00,"419 Adams St, Boston, MA 02215",November
290262,iPhone,1,700.0,2019-11-29 12:10:00,"83 6th St, Boston, MA 02215",November
290584,iPhone,1,700.0,2019-11-12 21:18:00,"658 Lake St, Atlanta, GA 30301",November
290618,iPhone,1,700.0,2019-11-30 18:01:00,"892 13th St, Seattle, WA 98101",November
283485,iPhone,1,700.0,2019-11-04 16:14:00,"686 14th St, Boston, MA 02215",November
284489,iPhone,1,700.0,2019-11-25 11:53:00,"819 12th St, San Francisco, CA 94016",November
293796,iPhone,1,700.0,2019-11-23 22:04:00,"955 North St, San Francisco, CA 94016",November
279399,iPhone,1,700.0,2019-11-02 18:06:00,"383 2nd St, San Francisco, CA 94016",November
287833,iPhone,1,700.0,2019-11-04 14:31:00,"418 Johnson St, Boston, MA 02215",November
295138,iPhone,1,700.0,2019-11-21 10:23:00,"768 Chestnut St, Seattle, WA 98101",November
280618,iPhone,1,700.0,2019-11-20 16:24:00,"920 Washington St, San Francisco, CA 94016",November
283970,iPhone,1,700.0,2019-11-23 17:26:00,"19 5th St, Atlanta, GA 30301",November
291916,iPhone,1,700.0,2019-11-19 16:12:00,"183 1st St, New York City, NY 10001",November
282470,iPhone,1,700.0,2019-11-09 06:07:00,"464 Jefferson St, Los Angeles, CA 90001",November
291958,iPhone,1,700.0,2019-11-21 12:17:00,"873 Washington St, New York City, NY 10001",November
289227,iPhone,1,700.0,2019-11-26 13:37:00,"804 Hill St, Atlanta, GA 30301",November
289316,iPhone,1,700.0,2019-11-07 06:49:00,"943 Chestnut St, San Francisco, CA 94016",November
289986,iPhone,1,700.0,2019-11-15 14:00:00,"449 Jefferson St, Portland, OR 97035",November
290273,iPhone,1,700.0,2019-11-04 11:40:00,"161 West St, Los Angeles, CA 90001",November
291441,iPhone,1,700.0,2019-11-26 23:25:00,"917 1st St, San Francisco, CA 94016",November
298730,iPhone,1,700.0,2019-12-22 22:31:00,"265 11th St, Dallas, TX 75001",December
300495,iPhone,1,700.0,2019-12-08 12:44:00,"516 11th St, New York City, NY 10001",December
308795,iPhone,1,700.0,2019-12-01 15:55:00,"623 Dogwood St, Atlanta, GA 30301",December
310498,iPhone,1,700.0,2019-12-01 18:36:00,"713 Lake St, Dallas, TX 75001",December
316861,iPhone,1,700.0,2019-12-04 21:33:00,"638 Highland St, San Francisco, CA 94016",December
319078,iPhone,1,700.0,2019-12-09 21:45:00,"265 11th St, Portland, OR 97035",December
305527,iPhone,1,700.0,2019-12-26 15:47:00,"526 12th St, San Francisco, CA 94016",December
311917,iPhone,1,700.0,2019-12-24 10:04:00,"138 Hill St, Los Angeles, CA 90001",December
313168,iPhone,1,700.0,2019-12-04 16:07:00,"329 Cedar St, Atlanta, GA 30301",December
318542,iPhone,1,700.0,2019-12-10 13:31:00,"937 Lake St, Atlanta, GA 30301",December
302982,iPhone,1,700.0,2019-12-10 05:55:00,"759 Hickory St, San Francisco, CA 94016",December
305268,iPhone,1,700.0,2019-12-22 22:20:00,"516 Lincoln St, Los Angeles, CA 90001",December
308210,iPhone,1,700.0,2019-12-21 12:10:00,"342 Cherry St, New York City, NY 10001",December
312934,iPhone,1,700.0,2019-12-29 17:44:00,"893 Cherry St, Los Angeles, CA 90001",December
314054,iPhone,1,700.0,2019-12-11 08:16:00,"595 Cedar St, Los Angeles, CA 90001",December
296382,iPhone,1,700.0,2019-12-30 10:03:00,"215 Willow St, Dallas, TX 75001",December
302571,iPhone,1,700.0,2019-12-01 20:55:00,"454 Lakeview St, New York City, NY 10001",December
315915,iPhone,1,700.0,2019-12-17 20:16:00,"222 4th St, Dallas, TX 75001",December
301723,iPhone,1,700.0,2019-12-16 23:11:00,"696 Meadow St, Portland, OR 97035",December
306043,iPhone,1,700.0,2019-12-04 11:59:00,"49 North St, Atlanta, GA 30301",December
296012,iPhone,1,700.0,2019-12-15 18:43:00,"689 Pine St, Seattle, WA 98101",December
297551,iPhone,1,700.0,2019-12-19 13:49:00,"840 12th St, Atlanta, GA 30301",December
297706,iPhone,1,700.0,2019-12-31 16:14:00,"246 Hill St, Atlanta, GA 30301",December
308505,iPhone,1,700.0,2019-12-06 06:32:00,"280 6th St, Los Angeles, CA 90001",December
308891,iPhone,1,700.0,2019-12-03 02:45:00,"531 Cedar St, New York City, NY 10001",December
312141,iPhone,1,700.0,2019-12-02 14:37:00,"336 Maple St, Los Angeles, CA 90001",December
302591,iPhone,1,700.0,2019-12-03 22:06:00,"924 8th St, Los Angeles, CA 90001",December
305916,iPhone,1,700.0,2019-12-27 20:01:00,"92 Maple St, San Francisco, CA 94016",December
308427,iPhone,1,700.0,2019-12-25 15:30:00,"258 Jefferson St, Dallas, TX 75001",December
311241,iPhone,1,700.0,2019-12-18 16:20:00,"718 8th St, Austin, TX 73301",December
315688,iPhone,1,700.0,2019-12-05 19:59:00,"126 Cedar St, Dallas, TX 75001",December
317465,iPhone,1,700.0,2019-12-09 19:56:00,"709 Park St, Boston, MA 02215",December
297554,iPhone,1,700.0,2019-12-03 15:32:00,"275 11th St, Dallas, TX 75001",December
302773,iPhone,1,700.0,2019-12-21 12:27:00,"966 Meadow St, San Francisco, CA 94016",December
315900,iPhone,1,700.0,2019-12-27 20:01:00,"13 Madison St, San Francisco, CA 94016",December
298296,iPhone,1,700.0,2019-12-11 07:12:00,"207 13th St, Boston, MA 02215",December
303026,iPhone,1,700.0,2019-12-07 12:34:00,"117 Washington St, San Francisco, CA 94016",December
305180,iPhone,1,700.0,2019-12-12 08:08:00,"102 Pine St, Atlanta, GA 30301",December
306714,iPhone,1,700.0,2019-12-26 18:41:00,"821 7th St, Boston, MA 02215",December
299215,iPhone,1,700.0,2019-12-05 10:56:00,"156 Willow St, Los Angeles, CA 90001",December
305777,iPhone,1,700.0,2019-12-13 20:01:00,"884 West St, Boston, MA 02215",December
306959,iPhone,1,700.0,2019-12-20 11:45:00,"715 2nd St, New York City, NY 10001",December
318029,iPhone,1,700.0,2019-12-29 21:27:00,"835 6th St, Los Angeles, CA 90001",December
305229,iPhone,1,700.0,2019-12-16 23:52:00,"319 Dogwood St, San Francisco, CA 94016",December
310313,iPhone,1,700.0,2019-12-16 08:57:00,"133 Madison St, San Francisco, CA 94016",December
312927,iPhone,1,700.0,2019-12-31 11:51:00,"461 Adams St, San Francisco, CA 94016",December
311671,iPhone,1,700.0,2019-12-01 16:08:00,"525 Main St, San Francisco, CA 94016",December
298991,iPhone,1,700.0,2019-12-29 20:29:00,"356 Spruce St, San Francisco, CA 94016",December
301424,iPhone,1,700.0,2019-12-19 23:02:00,"230 South St, Los Angeles, CA 90001",December
303527,iPhone,1,700.0,2019-12-07 18:07:00,"617 6th St, San Francisco, CA 94016",December
317769,iPhone,1,700.0,2019-12-18 12:05:00,"721 Hickory St, Seattle, WA 98101",December
296367,iPhone,1,700.0,2019-12-17 13:13:00,"902 Dogwood St, Portland, OR 97035",December
302009,iPhone,1,700.0,2019-12-30 01:55:00,"446 Madison St, Los Angeles, CA 90001",December
310089,iPhone,1,700.0,2019-12-18 11:05:00,"908 Meadow St, San Francisco, CA 94016",December
312622,iPhone,1,700.0,2019-12-19 18:30:00,"544 Walnut St, San Francisco, CA 94016",December
316146,iPhone,1,700.0,2019-12-24 01:09:00,"702 Sunset St, Dallas, TX 75001",December
318965,iPhone,1,700.0,2019-12-27 21:29:00,"734 5th St, Boston, MA 02215",December
299003,iPhone,1,700.0,2019-12-24 14:23:00,"142 Wilson St, San Francisco, CA 94016",December
299278,iPhone,1,700.0,2019-12-01 18:54:00,"57 Park St, San Francisco, CA 94016",December
300260,iPhone,1,700.0,2019-12-11 13:39:00,"224 Lake St, Portland, ME 04101",December
303479,iPhone,1,700.0,2019-12-22 20:03:00,"946 Jackson St, Seattle, WA 98101",December
304324,iPhone,1,700.0,2019-12-13 10:44:00,"293 Walnut St, San Francisco, CA 94016",December
310522,iPhone,1,700.0,2019-12-08 17:16:00,"120 8th St, New York City, NY 10001",December
311003,iPhone,1,700.0,2019-12-04 18:20:00,"686 1st St, Austin, TX 73301",December
315940,iPhone,1,700.0,2019-12-28 10:04:00,"364 Elm St, Los Angeles, CA 90001",December
297465,iPhone,1,700.0,2019-12-27 22:48:00,"550 Lakeview St, San Francisco, CA 94016",December
305827,iPhone,1,700.0,2019-12-04 16:30:00,"361 6th St, Boston, MA 02215",December
308136,iPhone,1,700.0,2019-12-06 10:42:00,"963 2nd St, Los Angeles, CA 90001",December
311520,iPhone,1,700.0,2019-12-31 22:35:00,"787 8th St, New York City, NY 10001",December
314554,iPhone,1,700.0,2019-12-19 22:16:00,"937 2nd St, Austin, TX 73301",December
315404,iPhone,1,700.0,2019-12-08 19:22:00,"200 Elm St, New York City, NY 10001",December
317943,iPhone,1,700.0,2019-12-12 17:44:00,"207 11th St, New York City, NY 10001",December
299236,iPhone,1,700.0,2019-12-10 16:13:00,"726 South St, Boston, MA 02215",December
316700,iPhone,1,700.0,2019-12-13 13:33:00,"796 North St, Austin, TX 73301",December
305176,iPhone,1,700.0,2019-12-20 19:23:00,"512 Meadow St, San Francisco, CA 94016",December
301050,iPhone,1,700.0,2019-12-10 11:58:00,"310 Pine St, San Francisco, CA 94016",December
296916,iPhone,1,700.0,2019-12-03 13:09:00,"427 Cedar St, San Francisco, CA 94016",December
308061,iPhone,1,700.0,2019-12-27 19:22:00,"162 2nd St, Los Angeles, CA 90001",December
183274,iPhone,1,700.0,2019-04-05 06:56:00,"336 13th St, Dallas, TX 75001",April
211299,iPhone,1,700.0,2019-06-03 15:54:00,"203 8th St, Atlanta, GA 30301",June
220310,iPhone,1,700.0,2019-06-28 11:47:00,"190 Walnut St, San Francisco, CA 94016",June
234751,iPhone,1,700.0,2019-07-09 22:45:00,"31 9th St, Portland, OR 97035",July
230598,iPhone,1,700.0,2019-07-30 11:09:00,"682 River St, Boston, MA 02215",July
234579,iPhone,1,700.0,2019-07-10 12:18:00,"495 11th St, Dallas, TX 75001",July
245544,iPhone,1,700.0,2019-08-07 06:11:00,"371 Ridge St, Atlanta, GA 30301",August
241863,iPhone,1,700.0,2019-08-25 20:38:00,"722 Washington St, Portland, OR 97035",August
260230,iPhone,1,700.0,2019-10-26 11:41:00,"840 5th St, Dallas, TX 75001",October
278068,iPhone,1,700.0,2019-10-10 19:30:00,"548 Wilson St, New York City, NY 10001",October
260353,iPhone,1,700.0,2019-10-07 13:18:00,"531 Cedar St, San Francisco, CA 94016",October
277749,iPhone,1,700.0,2019-10-19 13:34:00,"829 Madison St, Los Angeles, CA 90001",October
281555,iPhone,1,700.0,2019-11-28 19:09:00,"529 Center St, Austin, TX 73301",November
286674,iPhone,1,700.0,2019-11-15 16:42:00,"30 12th St, Los Angeles, CA 90001",November
287006,iPhone,1,700.0,2019-11-21 18:54:00,"347 West St, San Francisco, CA 94016",November
295335,iPhone,1,700.0,2019-11-29 20:05:00,"431 Lake St, Los Angeles, CA 90001",November
286876,iPhone,1,700.0,2019-11-28 10:17:00,"710 6th St, Atlanta, GA 30301",November
286376,iPhone,1,700.0,2019-11-29 11:59:00,"670 Hickory St, Los Angeles, CA 90001",November
313606,iPhone,1,700.0,2019-12-16 10:23:00,"546 Adams St, New York City, NY 10001",December
299821,iPhone,1,700.0,2019-12-02 19:13:00,"611 Maple St, New York City, NY 10001",December
314271,iPhone,1,700.0,2019-12-19 14:34:00,"543 Cherry St, New York City, NY 10001",December
311379,iPhone,1,700.0,2019-12-02 19:17:00,"244 9th St, Austin, TX 73301",December
301729,iPhone,1,700.0,2019-12-19 16:42:00,"492 South St, Los Angeles, CA 90001",December
306775,iPhone,1,700.0,2019-12-13 17:48:00,"915 6th St, San Francisco, CA 94016",December
310465,iPhone,1,700.0,2019-12-07 10:44:00,"430 5th St, Boston, MA 02215",December
313235,iPhone,1,700.0,2019-12-15 21:09:00,"648 6th St, Seattle, WA 98101",December
298097,iPhone,1,700.0,2019-12-12 10:07:00,"541 1st St, Austin, TX 73301",December
298562,iPhone,1,700.0,2019-12-17 10:43:00,"202 Spruce St, San Francisco, CA 94016",December
304257,iPhone,1,700.0,2019-12-11 18:04:00,"68 9th St, Boston, MA 02215",December
306002,iPhone,1,700.0,2019-12-06 09:13:00,"39 Elm St, Seattle, WA 98101",December
314429,iPhone,1,700.0,2019-12-29 14:39:00,"782 Forest St, San Francisco, CA 94016",December
317258,iPhone,1,700.0,2019-12-11 16:10:00,"573 Madison St, New York City, NY 10001",December
308647,iPhone,1,700.0,2019-12-18 01:28:00,"326 9th St, San Francisco, CA 94016",December
309154,iPhone,1,700.0,2019-12-02 17:35:00,"121 14th St, Dallas, TX 75001",December
311680,iPhone,1,700.0,2019-12-01 22:38:00,"928 Church St, Los Angeles, CA 90001",December
319566,iPhone,1,700.0,2019-12-28 00:41:00,"260 West St, Dallas, TX 75001",December
303467,iPhone,1,700.0,2019-12-18 19:00:00,"445 Hill St, New York City, NY 10001",December
304365,iPhone,1,700.0,2019-12-18 11:40:00,"45 Lake St, San Francisco, CA 94016",December
308924,iPhone,1,700.0,2019-12-10 13:42:00,"881 14th St, New York City, NY 10001",December
317390,iPhone,1,700.0,2019-12-20 18:41:00,"668 Spruce St, Portland, OR 97035",December
306332,iPhone,1,700.0,2019-12-17 15:56:00,"552 Spruce St, Austin, TX 73301",December
313842,iPhone,1,700.0,2019-12-14 08:47:00,"112 Walnut St, Los Angeles, CA 90001",December
299830,iPhone,1,700.0,2019-12-25 18:58:00,"208 Jackson St, Los Angeles, CA 90001",December
303920,iPhone,1,700.0,2019-12-10 16:42:00,"656 10th St, San Francisco, CA 94016",December
309877,iPhone,1,700.0,2019-12-23 20:38:00,"1 Willow St, San Francisco, CA 94016",December
317427,iPhone,1,700.0,2019-12-12 21:07:00,"435 Willow St, San Francisco, CA 94016",December
296390,iPhone,1,700.0,2019-12-06 09:07:00,"619 Jackson St, New York City, NY 10001",December
299102,iPhone,1,700.0,2019-12-08 09:05:00,"809 West St, Los Angeles, CA 90001",December
299624,iPhone,1,700.0,2019-12-14 07:53:00,"575 Elm St, San Francisco, CA 94016",December
312040,iPhone,1,700.0,2019-12-14 17:44:00,"523 Madison St, Boston, MA 02215",December
309215,iPhone,1,700.0,2019-12-20 07:56:00,"963 Elm St, San Francisco, CA 94016",December
314148,iPhone,1,700.0,2019-12-27 15:15:00,"493 Hill St, Los Angeles, CA 90001",December
315950,iPhone,1,700.0,2019-12-24 13:02:00,"542 Adams St, Atlanta, GA 30301",December
316723,iPhone,1,700.0,2019-12-25 12:16:00,"120 Lakeview St, Boston, MA 02215",December
318696,iPhone,1,700.0,2019-12-21 12:16:00,"482 Hickory St, San Francisco, CA 94016",December
298547,iPhone,1,700.0,2019-12-10 15:05:00,"6 Maple St, Dallas, TX 75001",December
316476,iPhone,1,700.0,2019-12-21 11:17:00,"316 Walnut St, Portland, OR 97035",December
318853,iPhone,1,700.0,2019-12-09 20:00:00,"349 Chestnut St, Austin, TX 73301",December
319121,iPhone,1,700.0,2019-12-28 22:19:00,"174 North St, New York City, NY 10001",December
295737,iPhone,1,700.0,2019-12-19 08:51:00,"966 10th St, Atlanta, GA 30301",December
301765,iPhone,1,700.0,2019-12-07 23:07:00,"979 5th St, Atlanta, GA 30301",December
304742,iPhone,1,700.0,2019-12-25 14:27:00,"354 Lincoln St, San Francisco, CA 94016",December
305906,iPhone,1,700.0,2019-12-17 22:24:00,"451 7th St, Atlanta, GA 30301",December
310005,iPhone,1,700.0,2019-12-30 23:26:00,"570 10th St, Boston, MA 02215",December
317746,iPhone,1,700.0,2019-12-28 13:27:00,"522 12th St, Los Angeles, CA 90001",December
299251,iPhone,1,700.0,2019-12-02 22:19:00,"87 Cherry St, Boston, MA 02215",December
303116,iPhone,1,700.0,2019-12-14 16:20:00,"947 14th St, Atlanta, GA 30301",December
305150,iPhone,1,700.0,2019-12-14 15:29:00,"788 Jackson St, Dallas, TX 75001",December
306270,iPhone,1,700.0,2019-12-21 06:27:00,"293 Cherry St, San Francisco, CA 94016",December
295762,iPhone,1,700.0,2019-12-04 08:16:00,"342 9th St, New York City, NY 10001",December
296389,iPhone,1,700.0,2019-12-06 17:39:00,"692 West St, Portland, OR 97035",December
308733,iPhone,1,700.0,2019-12-09 21:31:00,"492 Jefferson St, Seattle, WA 98101",December
312462,iPhone,1,700.0,2019-12-08 13:19:00,"210 Spruce St, San Francisco, CA 94016",December
313281,iPhone,1,700.0,2019-12-11 16:14:00,"653 Lincoln St, New York City, NY 10001",December
314770,iPhone,1,700.0,2019-12-09 22:58:00,"984 Chestnut St, Los Angeles, CA 90001",December
317976,iPhone,1,700.0,2019-12-05 14:23:00,"697 2nd St, Austin, TX 73301",December
143373,iPhone,1,700.0,2019-01-14 12:12:00,"6 Ridge St, San Francisco, CA 94016",January
148374,iPhone,1,700.0,2019-01-20 15:31:00,"613 Willow St, Atlanta, GA 30301",January
145648,iPhone,1,700.0,2019-01-08 14:47:00,"162 13th St, San Francisco, CA 94016",January
142103,iPhone,1,700.0,2019-01-28 19:12:00,"600 Center St, Boston, MA 02215",January
143475,iPhone,1,700.0,2019-01-17 14:39:00,"501 Center St, Portland, ME 04101",January
143666,iPhone,1,700.0,2019-01-20 09:22:00,"689 9th St, Atlanta, GA 30301",January
150370,iPhone,1,700.0,2019-01-21 21:34:00,"534 Sunset St, San Francisco, CA 94016",January
141993,iPhone,1,700.0,2019-01-06 09:19:00,"422 Jackson St, Seattle, WA 98101",January
144654,iPhone,1,700.0,2019-01-22 12:41:00,"434 Center St, San Francisco, CA 94016",January
143109,iPhone,1,700.0,2019-01-10 16:46:00,"118 Adams St, New York City, NY 10001",January
144592,iPhone,1,700.0,2019-01-22 04:53:00,"351 Ridge St, Austin, TX 73301",January
145059,iPhone,1,700.0,2019-01-24 18:44:00,"63 Chestnut St, San Francisco, CA 94016",January
146081,iPhone,1,700.0,2019-01-03 20:46:00,"475 Hickory St, Los Angeles, CA 90001",January
144303,iPhone,1,700.0,2019-01-26 09:03:00,"419 Meadow St, San Francisco, CA 94016",January
141476,iPhone,1,700.0,2019-01-06 15:38:00,"295 Hickory St, New York City, NY 10001",January
144831,iPhone,1,700.0,2019-01-09 09:10:00,"979 Forest St, Boston, MA 02215",January
142615,iPhone,1,700.0,2019-01-23 13:06:00,"489 Hill St, Boston, MA 02215",January
144607,iPhone,1,700.0,2019-01-25 18:57:00,"73 Madison St, New York City, NY 10001",January
147364,iPhone,1,700.0,2019-01-21 18:40:00,"754 Cherry St, Boston, MA 02215",January
145441,iPhone,1,700.0,2019-01-11 08:42:00,"807 8th St, San Francisco, CA 94016",January
150422,iPhone,1,700.0,2019-01-21 16:31:00,"255 14th St, Seattle, WA 98101",January
142762,iPhone,1,700.0,2019-01-20 08:00:00,"613 Jackson St, Boston, MA 02215",January
148344,iPhone,1,700.0,2019-01-30 12:31:00,"965 9th St, San Francisco, CA 94016",January
149926,iPhone,1,700.0,2019-01-01 09:33:00,"442 Jackson St, Atlanta, GA 30301",January
142389,iPhone,1,700.0,2019-01-16 20:42:00,"956 Hill St, New York City, NY 10001",January
148324,iPhone,1,700.0,2019-01-27 22:42:00,"955 9th St, San Francisco, CA 94016",January
148904,iPhone,1,700.0,2019-01-24 14:53:00,"863 Lincoln St, San Francisco, CA 94016",January
149886,iPhone,1,700.0,2019-01-11 16:57:00,"404 1st St, New York City, NY 10001",January
144782,iPhone,1,700.0,2019-01-12 07:34:00,"232 6th St, Atlanta, GA 30301",January
142037,iPhone,1,700.0,2019-01-11 21:48:00,"230 North St, Austin, TX 73301",January
145969,iPhone,1,700.0,2019-01-07 23:05:00,"337 1st St, Los Angeles, CA 90001",January
147273,iPhone,1,700.0,2019-01-03 19:52:00,"328 8th St, New York City, NY 10001",January
141394,iPhone,1,700.0,2019-01-06 16:54:00,"534 12th St, San Francisco, CA 94016",January
143526,iPhone,1,700.0,2019-01-22 14:04:00,"395 1st St, Austin, TX 73301",January
147872,iPhone,1,700.0,2019-01-13 15:37:00,"193 Meadow St, San Francisco, CA 94016",January
150321,iPhone,1,700.0,2019-01-13 21:24:00,"418 West St, Atlanta, GA 30301",January
142058,iPhone,1,700.0,2019-01-24 21:33:00,"621 12th St, Los Angeles, CA 90001",January
146144,iPhone,1,700.0,2019-01-13 21:21:00,"726 2nd St, Dallas, TX 75001",January
142554,iPhone,1,700.0,2019-01-27 15:27:00,"42 Main St, Portland, OR 97035",January
143934,iPhone,1,700.0,2019-01-12 08:26:00,"100 2nd St, Seattle, WA 98101",January
147705,iPhone,1,700.0,2019-01-31 11:38:00,"351 Pine St, Dallas, TX 75001",January
145176,iPhone,1,700.0,2019-01-30 11:03:00,"331 Hickory St, Boston, MA 02215",January
145263,iPhone,1,700.0,2019-01-18 14:02:00,"270 Madison St, Portland, OR 97035",January
142364,iPhone,1,700.0,2019-01-10 15:33:00,"856 11th St, Portland, OR 97035",January
142010,iPhone,1,700.0,2019-01-04 06:28:00,"511 2nd St, Portland, OR 97035",January
144054,iPhone,1,700.0,2019-01-27 21:27:00,"541 Adams St, Los Angeles, CA 90001",January
152271,iPhone,1,700.0,2019-02-04 06:28:00,"217 Lakeview St, Atlanta, GA 30301",February
157555,iPhone,1,700.0,2019-02-17 20:17:00,"350 Lakeview St, New York City, NY 10001",February
157789,iPhone,1,700.0,2019-02-17 20:08:00,"984 Forest St, San Francisco, CA 94016",February
154524,iPhone,1,700.0,2019-02-14 15:40:00,"796 Lake St, Seattle, WA 98101",February
155698,iPhone,1,700.0,2019-02-15 07:12:00,"683 Adams St, Los Angeles, CA 90001",February
158926,iPhone,1,700.0,2019-02-15 12:58:00,"227 Park St, Portland, OR 97035",February
161192,iPhone,1,700.0,2019-02-22 21:45:00,"51 Adams St, Los Angeles, CA 90001",February
151711,iPhone,1,700.0,2019-02-04 20:19:00,"743 Maple St, Los Angeles, CA 90001",February
156525,iPhone,1,700.0,2019-02-21 18:44:00,"387 Walnut St, Los Angeles, CA 90001",February
161865,iPhone,1,700.0,2019-02-11 18:49:00,"865 Spruce St, Portland, OR 97035",February
150518,iPhone,1,700.0,2019-02-26 12:38:00,"847 10th St, San Francisco, CA 94016",February
151643,iPhone,1,700.0,2019-02-08 15:26:00,"795 Forest St, Atlanta, GA 30301",February
153606,iPhone,1,700.0,2019-02-12 16:42:00,"861 11th St, San Francisco, CA 94016",February
157317,iPhone,1,700.0,2019-02-16 18:57:00,"298 Meadow St, Boston, MA 02215",February
161816,iPhone,1,700.0,2019-02-18 16:04:00,"881 Pine St, Boston, MA 02215",February
159528,iPhone,1,700.0,2019-02-27 15:05:00,"20 Cherry St, Dallas, TX 75001",February
159695,iPhone,1,700.0,2019-02-18 00:50:00,"698 Forest St, Portland, OR 97035",February
159716,iPhone,1,700.0,2019-02-22 13:00:00,"477 Ridge St, San Francisco, CA 94016",February
152593,iPhone,1,700.0,2019-02-16 21:46:00,"862 Washington St, Boston, MA 02215",February
156324,iPhone,1,700.0,2019-02-25 10:53:00,"893 Center St, San Francisco, CA 94016",February
158798,iPhone,1,700.0,2019-02-23 03:11:00,"301 Ridge St, Dallas, TX 75001",February
159179,iPhone,1,700.0,2019-02-03 15:50:00,"977 8th St, Los Angeles, CA 90001",February
160844,iPhone,1,700.0,2019-02-03 11:43:00,"163 Sunset St, Boston, MA 02215",February
161007,iPhone,1,700.0,2019-02-11 10:27:00,"709 13th St, Dallas, TX 75001",February
152293,iPhone,1,700.0,2019-02-01 14:34:00,"596 West St, San Francisco, CA 94016",February
161215,iPhone,1,700.0,2019-02-02 19:13:00,"191 Wilson St, Atlanta, GA 30301",February
154605,iPhone,1,700.0,2019-02-02 12:42:00,"844 Wilson St, Austin, TX 73301",February
151893,iPhone,1,700.0,2019-02-26 22:30:00,"146 Hickory St, San Francisco, CA 94016",February
153861,iPhone,1,700.0,2019-02-13 22:09:00,"342 Elm St, Boston, MA 02215",February
154750,iPhone,1,700.0,2019-02-26 20:14:00,"842 10th St, Austin, TX 73301",February
156966,iPhone,1,700.0,2019-02-16 22:47:00,"562 10th St, Boston, MA 02215",February
151767,iPhone,1,700.0,2019-02-28 01:03:00,"487 Main St, San Francisco, CA 94016",February
152090,iPhone,1,700.0,2019-02-16 15:35:00,"62 Lincoln St, San Francisco, CA 94016",February
150502,iPhone,1,700.0,2019-02-18 01:35:00,"866 Spruce St, Portland, ME 04101",February
152882,iPhone,1,700.0,2019-02-25 07:55:00,"785 Hickory St, Dallas, TX 75001",February
159762,iPhone,1,700.0,2019-02-13 09:16:00,"419 4th St, Los Angeles, CA 90001",February
151762,iPhone,1,700.0,2019-02-18 00:33:00,"575 2nd St, Boston, MA 02215",February
153487,iPhone,1,700.0,2019-02-05 15:15:00,"721 Jackson St, San Francisco, CA 94016",February
153966,iPhone,1,700.0,2019-02-14 01:24:00,"826 9th St, San Francisco, CA 94016",February
155014,iPhone,1,700.0,2019-02-03 12:13:00,"755 9th St, Los Angeles, CA 90001",February
156302,iPhone,1,700.0,2019-02-08 14:27:00,"707 Chestnut St, San Francisco, CA 94016",February
157673,iPhone,1,700.0,2019-02-03 22:19:00,"807 Center St, Los Angeles, CA 90001",February
152988,iPhone,1,700.0,2019-02-08 13:35:00,"896 8th St, New York City, NY 10001",February
161330,iPhone,1,700.0,2019-02-18 18:37:00,"264 Ridge St, San Francisco, CA 94016",February
153542,iPhone,1,700.0,2019-02-19 17:42:00,"317 Madison St, Los Angeles, CA 90001",February
155615,iPhone,1,700.0,2019-02-10 21:30:00,"802 Hickory St, San Francisco, CA 94016",February
151216,iPhone,1,700.0,2019-02-08 10:09:00,"179 Dogwood St, Dallas, TX 75001",February
156019,iPhone,1,700.0,2019-02-01 11:48:00,"782 13th St, Atlanta, GA 30301",February
156981,iPhone,1,700.0,2019-02-19 12:07:00,"430 Cherry St, New York City, NY 10001",February
161711,iPhone,1,700.0,2019-02-27 07:08:00,"487 6th St, Austin, TX 73301",February
151691,iPhone,1,700.0,2019-02-26 15:26:00,"275 Washington St, Los Angeles, CA 90001",February
153742,iPhone,1,700.0,2019-02-02 20:10:00,"964 Forest St, Atlanta, GA 30301",February
156414,iPhone,1,700.0,2019-02-25 10:49:00,"779 Spruce St, Los Angeles, CA 90001",February
158485,iPhone,1,700.0,2019-02-17 11:01:00,"891 9th St, San Francisco, CA 94016",February
155464,iPhone,1,700.0,2019-02-09 18:30:00,"221 Church St, San Francisco, CA 94016",February
160154,iPhone,1,700.0,2019-02-05 20:45:00,"970 10th St, Los Angeles, CA 90001",February
154771,iPhone,1,700.0,2019-02-12 07:32:00,"575 Cherry St, San Francisco, CA 94016",February
158529,iPhone,1,700.0,2019-02-25 21:15:00,"191 Highland St, Atlanta, GA 30301",February
161315,iPhone,1,700.0,2019-02-02 11:56:00,"614 9th St, Seattle, WA 98101",February
152024,iPhone,1,700.0,2019-02-04 20:40:00,"938 Highland St, Dallas, TX 75001",February
154549,iPhone,1,700.0,2019-02-24 13:04:00,"16 Madison St, Los Angeles, CA 90001",February
155910,iPhone,1,700.0,2019-02-08 19:23:00,"663 Hickory St, San Francisco, CA 94016",February
153195,iPhone,1,700.0,2019-02-08 14:35:00,"495 14th St, Seattle, WA 98101",February
157872,iPhone,1,700.0,2019-02-12 13:04:00,"814 Pine St, Seattle, WA 98101",February
151639,iPhone,1,700.0,2019-02-24 16:22:00,"170 Park St, Boston, MA 02215",February
161520,iPhone,1,700.0,2019-02-27 16:56:00,"911 1st St, Los Angeles, CA 90001",February
163195,iPhone,1,700.0,2019-03-17 23:34:00,"289 11th St, San Francisco, CA 94016",March
164607,iPhone,1,700.0,2019-03-06 15:34:00,"242 Maple St, New York City, NY 10001",March
171415,iPhone,1,700.0,2019-03-09 14:57:00,"454 Spruce St, New York City, NY 10001",March
174930,iPhone,1,700.0,2019-03-06 10:42:00,"237 Adams St, San Francisco, CA 94016",March
163029,iPhone,1,700.0,2019-03-08 20:58:00,"155 Church St, New York City, NY 10001",March
164361,iPhone,1,700.0,2019-03-11 00:13:00,"670 South St, Seattle, WA 98101",March
168938,iPhone,1,700.0,2019-03-02 14:42:00,"203 South St, San Francisco, CA 94016",March
162376,iPhone,1,700.0,2019-03-02 21:09:00,"555 Cedar St, Seattle, WA 98101",March
163590,iPhone,1,700.0,2019-03-27 20:24:00,"25 Jackson St, New York City, NY 10001",March
169400,iPhone,1,700.0,2019-03-01 19:13:00,"412 River St, New York City, NY 10001",March
171038,iPhone,1,700.0,2019-03-15 17:15:00,"828 South St, Austin, TX 73301",March
162854,iPhone,1,700.0,2019-03-15 10:42:00,"648 Hickory St, Los Angeles, CA 90001",March
167220,iPhone,1,700.0,2019-03-30 21:36:00,"853 Spruce St, Portland, OR 97035",March
162384,iPhone,1,700.0,2019-03-17 06:45:00,"388 Madison St, San Francisco, CA 94016",March
167665,iPhone,1,700.0,2019-03-10 23:00:00,"967 4th St, San Francisco, CA 94016",March
162118,iPhone,1,700.0,2019-03-10 22:32:00,"888 13th St, San Francisco, CA 94016",March
164410,iPhone,1,700.0,2019-03-08 17:00:00,"623 7th St, San Francisco, CA 94016",March
164210,iPhone,1,700.0,2019-03-07 16:44:00,"914 Meadow St, San Francisco, CA 94016",March
169146,iPhone,1,700.0,2019-03-08 05:49:00,"375 Hill St, Atlanta, GA 30301",March
171007,iPhone,1,700.0,2019-03-22 16:12:00,"512 Elm St, San Francisco, CA 94016",March
176241,iPhone,1,700.0,2019-03-18 10:28:00,"117 Meadow St, Boston, MA 02215",March
165183,iPhone,1,700.0,2019-03-15 13:49:00,"206 Forest St, New York City, NY 10001",March
162306,iPhone,1,700.0,2019-03-10 19:33:00,"116 Hill St, Seattle, WA 98101",March
167636,iPhone,1,700.0,2019-03-18 00:46:00,"208 Lakeview St, Los Angeles, CA 90001",March
171171,iPhone,1,700.0,2019-03-24 11:32:00,"737 Lakeview St, Boston, MA 02215",March
162466,iPhone,1,700.0,2019-03-30 11:46:00,"309 Adams St, Los Angeles, CA 90001",March
169441,iPhone,1,700.0,2019-03-17 19:15:00,"131 Hickory St, Boston, MA 02215",March
174681,iPhone,1,700.0,2019-03-15 20:27:00,"652 Hill St, New York City, NY 10001",March
162325,iPhone,1,700.0,2019-03-26 23:54:00,"789 6th St, Los Angeles, CA 90001",March
163705,iPhone,1,700.0,2019-03-17 17:54:00,"61 Hickory St, New York City, NY 10001",March
171525,iPhone,1,700.0,2019-03-29 09:46:00,"635 Spruce St, Austin, TX 73301",March
163289,iPhone,1,700.0,2019-03-10 09:22:00,"851 6th St, Austin, TX 73301",March
162009,iPhone,1,700.0,2019-03-28 20:59:00,"942 Church St, Austin, TX 73301",March
162053,iPhone,1,700.0,2019-03-10 18:29:00,"660 7th St, Seattle, WA 98101",March
164337,iPhone,1,700.0,2019-03-08 09:26:00,"460 Willow St, San Francisco, CA 94016",March
168087,iPhone,1,700.0,2019-03-26 15:24:00,"726 11th St, Austin, TX 73301",March
175542,iPhone,1,700.0,2019-03-27 01:51:00,"979 Madison St, Boston, MA 02215",March
171401,iPhone,1,700.0,2019-03-16 13:40:00,"457 North St, Boston, MA 02215",March
171694,iPhone,1,700.0,2019-03-02 18:12:00,"283 Church St, San Francisco, CA 94016",March
176479,iPhone,1,700.0,2019-03-29 14:42:00,"666 Lake St, Los Angeles, CA 90001",March
170255,iPhone,1,700.0,2019-03-23 23:47:00,"117 1st St, Boston, MA 02215",March
171277,iPhone,1,700.0,2019-03-19 20:57:00,"566 Hill St, San Francisco, CA 94016",March
162084,iPhone,1,700.0,2019-03-27 12:53:00,"585 14th St, Los Angeles, CA 90001",March
162286,iPhone,1,700.0,2019-03-25 12:49:00,"805 5th St, New York City, NY 10001",March
164598,iPhone,1,700.0,2019-03-13 08:50:00,"124 Lakeview St, Boston, MA 02215",March
165711,iPhone,1,700.0,2019-03-12 23:49:00,"891 14th St, Austin, TX 73301",March
168465,iPhone,1,700.0,2019-03-11 16:57:00,"975 4th St, Seattle, WA 98101",March
168806,iPhone,1,700.0,2019-03-31 16:55:00,"81 Center St, Los Angeles, CA 90001",March
170076,iPhone,1,700.0,2019-03-25 20:36:00,"647 4th St, San Francisco, CA 94016",March
175591,iPhone,1,700.0,2019-03-20 12:47:00,"903 South St, Los Angeles, CA 90001",March
171021,iPhone,1,700.0,2019-03-16 21:02:00,"582 West St, Los Angeles, CA 90001",March
171441,iPhone,1,700.0,2019-03-26 20:29:00,"707 6th St, San Francisco, CA 94016",March
163658,iPhone,1,700.0,2019-03-17 22:29:00,"422 Maple St, New York City, NY 10001",March
168417,iPhone,1,700.0,2019-03-15 01:20:00,"398 Pine St, New York City, NY 10001",March
169039,iPhone,1,700.0,2019-03-26 23:16:00,"2 Lake St, New York City, NY 10001",March
173225,iPhone,1,700.0,2019-03-27 14:01:00,"755 Madison St, San Francisco, CA 94016",March
176053,iPhone,1,700.0,2019-03-18 13:41:00,"797 8th St, Boston, MA 02215",March
165244,iPhone,1,700.0,2019-03-15 20:10:00,"382 13th St, Atlanta, GA 30301",March
167710,iPhone,1,700.0,2019-03-24 11:51:00,"268 Center St, New York City, NY 10001",March
167722,iPhone,1,700.0,2019-03-31 18:39:00,"394 South St, San Francisco, CA 94016",March
171205,iPhone,1,700.0,2019-03-19 16:20:00,"249 6th St, San Francisco, CA 94016",March
174714,iPhone,1,700.0,2019-03-09 09:20:00,"743 Lakeview St, New York City, NY 10001",March
175039,iPhone,1,700.0,2019-03-26 18:19:00,"205 West St, Seattle, WA 98101",March
176442,iPhone,1,700.0,2019-03-26 10:11:00,"809 13th St, San Francisco, CA 94016",March
163653,iPhone,1,700.0,2019-03-31 17:42:00,"845 Church St, Dallas, TX 75001",March
164105,iPhone,1,700.0,2019-03-02 15:54:00,"374 Cherry St, Seattle, WA 98101",March
171596,iPhone,1,700.0,2019-03-14 05:52:00,"822 Willow St, Seattle, WA 98101",March
164998,iPhone,1,700.0,2019-03-31 12:17:00,"54 Adams St, Los Angeles, CA 90001",March
175377,iPhone,1,700.0,2019-03-29 13:11:00,"853 5th St, Dallas, TX 75001",March
166611,iPhone,1,700.0,2019-03-29 12:25:00,"758 9th St, Seattle, WA 98101",March
167040,iPhone,1,700.0,2019-03-02 10:31:00,"467 Maple St, San Francisco, CA 94016",March
163142,iPhone,1,700.0,2019-03-11 08:57:00,"255 Elm St, New York City, NY 10001",March
164073,iPhone,1,700.0,2019-03-24 17:34:00,"628 6th St, Boston, MA 02215",March
166824,iPhone,1,700.0,2019-03-25 12:54:00,"934 Johnson St, New York City, NY 10001",March
167629,iPhone,1,700.0,2019-03-30 22:03:00,"302 Hickory St, Seattle, WA 98101",March
171076,iPhone,1,700.0,2019-03-04 14:39:00,"164 13th St, Los Angeles, CA 90001",March
171163,iPhone,1,700.0,2019-03-05 16:29:00,"162 North St, San Francisco, CA 94016",March
168376,iPhone,1,700.0,2019-03-28 22:42:00,"625 Cherry St, Los Angeles, CA 90001",March
167147,iPhone,1,700.0,2019-03-22 21:39:00,"218 Willow St, Atlanta, GA 30301",March
171137,iPhone,1,700.0,2019-03-19 16:28:00,"211 Chestnut St, Portland, OR 97035",March
165837,iPhone,1,700.0,2019-03-26 16:30:00,"677 Sunset St, Boston, MA 02215",March
168698,iPhone,1,700.0,2019-03-30 10:35:00,"562 Church St, Dallas, TX 75001",March
165892,iPhone,1,700.0,2019-03-07 17:57:00,"418 1st St, Los Angeles, CA 90001",March
173685,iPhone,1,700.0,2019-03-11 12:39:00,"743 11th St, San Francisco, CA 94016",March
176581,iPhone,1,700.0,2019-04-09 21:38:00,"84 Jackson St, Boston, MA 02215",April
192778,iPhone,1,700.0,2019-04-20 11:29:00,"791 South St, New York City, NY 10001",April
193040,iPhone,1,700.0,2019-04-14 09:14:00,"855 13th St, Austin, TX 73301",April
180236,iPhone,1,700.0,2019-04-11 19:13:00,"173 Pine St, Austin, TX 73301",April
183233,iPhone,1,700.0,2019-04-24 09:37:00,"535 Center St, San Francisco, CA 94016",April
189617,iPhone,1,700.0,2019-04-22 15:34:00,"902 5th St, Austin, TX 73301",April
192976,iPhone,1,700.0,2019-04-30 07:51:00,"246 Park St, Portland, OR 97035",April
184200,iPhone,1,700.0,2019-04-23 23:13:00,"98 Dogwood St, Atlanta, GA 30301",April
185524,iPhone,1,700.0,2019-04-26 12:02:00,"971 South St, Seattle, WA 98101",April
187018,iPhone,1,700.0,2019-04-11 17:03:00,"301 Walnut St, San Francisco, CA 94016",April
187822,iPhone,1,700.0,2019-04-11 16:58:00,"571 Jefferson St, New York City, NY 10001",April
192654,iPhone,1,700.0,2019-04-23 23:56:00,"287 Willow St, Atlanta, GA 30301",April
192797,iPhone,1,700.0,2019-04-10 04:24:00,"905 Jefferson St, Los Angeles, CA 90001",April
177199,iPhone,1,700.0,2019-04-21 01:09:00,"640 Hill St, Austin, TX 73301",April
182444,iPhone,1,700.0,2019-04-11 10:15:00,"722 Main St, Los Angeles, CA 90001",April
183567,iPhone,1,700.0,2019-04-03 10:30:00,"400 Lakeview St, Atlanta, GA 30301",April
187179,iPhone,1,700.0,2019-04-22 19:31:00,"476 Maple St, Los Angeles, CA 90001",April
188638,iPhone,1,700.0,2019-04-30 23:10:00,"149 Chestnut St, Seattle, WA 98101",April
192806,iPhone,1,700.0,2019-04-29 19:48:00,"947 Lake St, San Francisco, CA 94016",April
180206,iPhone,1,700.0,2019-04-02 08:43:00,"274 River St, San Francisco, CA 94016",April
192390,iPhone,1,700.0,2019-04-23 19:53:00,"389 2nd St, Austin, TX 73301",April
177318,iPhone,1,700.0,2019-04-10 20:44:00,"484 10th St, New York City, NY 10001",April
180884,iPhone,1,700.0,2019-04-14 23:36:00,"1 Hickory St, Atlanta, GA 30301",April
182530,iPhone,1,700.0,2019-04-04 09:11:00,"485 North St, Los Angeles, CA 90001",April
190840,iPhone,1,700.0,2019-04-30 17:25:00,"379 Willow St, Seattle, WA 98101",April
194054,iPhone,1,700.0,2019-04-21 20:18:00,"533 14th St, Los Angeles, CA 90001",April
181177,iPhone,1,700.0,2019-04-01 13:13:00,"244 Maple St, Portland, OR 97035",April
181807,iPhone,1,700.0,2019-04-07 16:36:00,"73 South St, San Francisco, CA 94016",April
182721,iPhone,1,700.0,2019-04-10 22:16:00,"164 10th St, Los Angeles, CA 90001",April
184221,iPhone,1,700.0,2019-04-20 09:09:00,"830 Ridge St, Seattle, WA 98101",April
186285,iPhone,1,700.0,2019-04-29 14:58:00,"500 Chestnut St, San Francisco, CA 94016",April
192618,iPhone,1,700.0,2019-04-25 04:32:00,"198 Pine St, Austin, TX 73301",April
177038,iPhone,1,700.0,2019-04-03 12:11:00,"632 Sunset St, San Francisco, CA 94016",April
178131,iPhone,1,700.0,2019-04-29 09:04:00,"865 Main St, Atlanta, GA 30301",April
178592,iPhone,1,700.0,2019-04-05 22:07:00,"54 Spruce St, New York City, NY 10001",April
180394,iPhone,1,700.0,2019-04-09 14:40:00,"201 7th St, Seattle, WA 98101",April
180456,iPhone,1,700.0,2019-04-28 13:36:00,"900 Highland St, Portland, OR 97035",April
186057,iPhone,1,700.0,2019-04-06 20:47:00,"694 West St, New York City, NY 10001",April
189826,iPhone,1,700.0,2019-04-16 09:16:00,"668 Highland St, Boston, MA 02215",April
182417,iPhone,1,700.0,2019-04-04 07:42:00,"610 Meadow St, San Francisco, CA 94016",April
183756,iPhone,1,700.0,2019-04-10 14:02:00,"684 Cedar St, New York City, NY 10001",April
189552,iPhone,1,700.0,2019-04-25 20:03:00,"191 Chestnut St, Los Angeles, CA 90001",April
189332,iPhone,1,700.0,2019-04-15 01:06:00,"349 1st St, Boston, MA 02215",April
183409,iPhone,1,700.0,2019-04-08 18:27:00,"198 Wilson St, Austin, TX 73301",April
189071,iPhone,1,700.0,2019-04-11 15:05:00,"483 Pine St, Boston, MA 02215",April
182018,iPhone,1,700.0,2019-04-21 15:37:00,"165 13th St, Los Angeles, CA 90001",April
183548,iPhone,1,700.0,2019-04-26 23:28:00,"385 Cherry St, Boston, MA 02215",April
188599,iPhone,1,700.0,2019-04-26 12:01:00,"698 Lakeview St, Boston, MA 02215",April
183715,iPhone,1,700.0,2019-04-28 21:52:00,"461 13th St, Austin, TX 73301",April
184621,iPhone,1,700.0,2019-04-19 10:49:00,"547 5th St, Austin, TX 73301",April
190362,iPhone,1,700.0,2019-04-01 12:35:00,"349 River St, Austin, TX 73301",April
192029,iPhone,1,700.0,2019-04-04 00:05:00,"671 Church St, New York City, NY 10001",April
193532,iPhone,1,700.0,2019-04-13 19:05:00,"233 8th St, Dallas, TX 75001",April
181735,iPhone,1,700.0,2019-04-03 11:18:00,"637 4th St, Dallas, TX 75001",April
188098,iPhone,1,700.0,2019-04-19 20:49:00,"419 Main St, Dallas, TX 75001",April
188936,iPhone,1,700.0,2019-04-14 13:27:00,"953 Ridge St, Los Angeles, CA 90001",April
191742,iPhone,1,700.0,2019-04-03 16:03:00,"108 1st St, Boston, MA 02215",April
181862,iPhone,1,700.0,2019-04-20 10:39:00,"812 South St, Seattle, WA 98101",April
182768,iPhone,1,700.0,2019-04-22 11:46:00,"506 8th St, Boston, MA 02215",April
187517,iPhone,1,700.0,2019-04-17 08:58:00,"689 9th St, Dallas, TX 75001",April
188559,iPhone,1,700.0,2019-04-17 22:26:00,"159 4th St, Atlanta, GA 30301",April
176781,iPhone,1,700.0,2019-04-03 07:37:00,"976 Hickory St, Dallas, TX 75001",April
177213,iPhone,1,700.0,2019-04-25 10:04:00,"756 Lincoln St, Dallas, TX 75001",April
178029,iPhone,1,700.0,2019-04-06 21:15:00,"800 9th St, Los Angeles, CA 90001",April
186444,iPhone,1,700.0,2019-04-08 06:14:00,"535 South St, Dallas, TX 75001",April
188454,iPhone,1,700.0,2019-04-22 09:16:00,"799 7th St, Dallas, TX 75001",April
192430,iPhone,1,700.0,2019-04-08 20:28:00,"876 1st St, Austin, TX 73301",April
187047,iPhone,1,700.0,2019-04-12 22:24:00,"624 14th St, Dallas, TX 75001",April
187636,iPhone,1,700.0,2019-04-04 10:58:00,"516 South St, Boston, MA 02215",April
189629,iPhone,1,700.0,2019-04-27 14:49:00,"650 West St, New York City, NY 10001",April
179669,iPhone,1,700.0,2019-04-26 11:29:00,"451 Walnut St, Portland, OR 97035",April
180000,iPhone,1,700.0,2019-04-15 11:01:00,"704 11th St, New York City, NY 10001",April
186105,iPhone,1,700.0,2019-04-08 14:30:00,"736 12th St, Boston, MA 02215",April
187703,iPhone,1,700.0,2019-04-06 19:12:00,"228 Cedar St, Austin, TX 73301",April
189842,iPhone,1,700.0,2019-04-16 13:56:00,"815 Washington St, Los Angeles, CA 90001",April
192271,iPhone,2,700.0,2019-04-18 17:14:00,"770 14th St, Los Angeles, CA 90001",April
177022,iPhone,1,700.0,2019-04-17 18:14:00,"216 Chestnut St, Los Angeles, CA 90001",April
183296,iPhone,1,700.0,2019-04-03 20:49:00,"94 Madison St, Seattle, WA 98101",April
184260,iPhone,1,700.0,2019-04-10 10:10:00,"147 Lincoln St, San Francisco, CA 94016",April
189032,iPhone,1,700.0,2019-04-18 08:51:00,"962 West St, San Francisco, CA 94016",April
190309,iPhone,1,700.0,2019-04-04 11:34:00,"286 5th St, Dallas, TX 75001",April
192348,iPhone,1,700.0,2019-04-12 20:18:00,"358 Pine St, San Francisco, CA 94016",April
176993,iPhone,1,700.0,2019-04-07 09:43:00,"28 South St, Los Angeles, CA 90001",April
178003,iPhone,1,700.0,2019-04-04 18:52:00,"824 11th St, San Francisco, CA 94016",April
178364,iPhone,1,700.0,2019-04-16 10:21:00,"754 Sunset St, Portland, OR 97035",April
191050,iPhone,1,700.0,2019-04-01 17:43:00,"67 Cedar St, New York City, NY 10001",April
177310,iPhone,1,700.0,2019-04-29 20:03:00,"68 Chestnut St, Los Angeles, CA 90001",April
180911,iPhone,1,700.0,2019-04-17 14:37:00,"821 Main St, Austin, TX 73301",April
190552,iPhone,1,700.0,2019-04-06 08:24:00,"87 Lakeview St, New York City, NY 10001",April
192303,iPhone,1,700.0,2019-04-21 07:39:00,"977 Center St, Portland, OR 97035",April
192355,iPhone,1,700.0,2019-04-10 19:11:00,"103 Park St, San Francisco, CA 94016",April
193232,iPhone,1,700.0,2019-04-26 19:20:00,"335 Hill St, Atlanta, GA 30301",April
186085,iPhone,1,700.0,2019-04-07 09:39:00,"68 Walnut St, Seattle, WA 98101",April
178118,iPhone,1,700.0,2019-04-27 11:48:00,"139 Dogwood St, Boston, MA 02215",April
189436,iPhone,1,700.0,2019-04-15 10:08:00,"332 Sunset St, Boston, MA 02215",April
191145,iPhone,1,700.0,2019-04-14 22:08:00,"577 9th St, Atlanta, GA 30301",April
193689,iPhone,1,700.0,2019-04-17 10:54:00,"619 Hill St, Boston, MA 02215",April
184460,iPhone,1,700.0,2019-04-08 18:38:00,"315 5th St, Los Angeles, CA 90001",April
188038,iPhone,1,700.0,2019-04-30 02:43:00,"133 Chestnut St, Portland, OR 97035",April
188269,iPhone,1,700.0,2019-04-01 10:17:00,"518 Pine St, Dallas, TX 75001",April
193042,iPhone,1,700.0,2019-04-05 20:40:00,"353 11th St, San Francisco, CA 94016",April
177511,iPhone,1,700.0,2019-04-07 17:38:00,"719 North St, Los Angeles, CA 90001",April
179616,iPhone,1,700.0,2019-04-04 19:04:00,"742 12th St, San Francisco, CA 94016",April
183910,iPhone,1,700.0,2019-04-17 08:22:00,"845 West St, San Francisco, CA 94016",April
188589,iPhone,1,700.0,2019-04-01 21:23:00,"454 Madison St, New York City, NY 10001",April
190105,iPhone,1,700.0,2019-04-06 20:34:00,"490 Spruce St, San Francisco, CA 94016",April
184568,iPhone,1,700.0,2019-04-07 09:26:00,"103 Washington St, Los Angeles, CA 90001",April
185667,iPhone,1,700.0,2019-04-22 19:46:00,"83 Cedar St, Boston, MA 02215",April
186816,iPhone,1,700.0,2019-04-18 18:39:00,"671 Hickory St, San Francisco, CA 94016",April
177481,iPhone,1,700.0,2019-04-13 16:54:00,"135 Forest St, Dallas, TX 75001",April
180064,iPhone,1,700.0,2019-04-07 05:39:00,"910 Lakeview St, San Francisco, CA 94016",April
185312,iPhone,1,700.0,2019-04-05 20:11:00,"35 South St, Los Angeles, CA 90001",April
190235,iPhone,1,700.0,2019-04-08 21:53:00,"425 2nd St, Austin, TX 73301",April
188438,iPhone,1,700.0,2019-04-22 04:15:00,"574 Walnut St, San Francisco, CA 94016",April
182758,iPhone,1,700.0,2019-04-23 09:06:00,"231 11th St, San Francisco, CA 94016",April
183605,iPhone,1,700.0,2019-04-24 22:47:00,"271 Forest St, Austin, TX 73301",April
188617,iPhone,1,700.0,2019-04-05 05:54:00,"727 9th St, San Francisco, CA 94016",April
183640,iPhone,1,700.0,2019-04-26 16:41:00,"423 Hickory St, San Francisco, CA 94016",April
184447,iPhone,1,700.0,2019-04-19 21:49:00,"695 Cherry St, New York City, NY 10001",April
189169,iPhone,1,700.0,2019-04-14 21:01:00,"343 Main St, Dallas, TX 75001",April
191527,iPhone,1,700.0,2019-04-28 11:53:00,"516 10th St, Boston, MA 02215",April
181894,iPhone,1,700.0,2019-04-15 17:58:00,"838 Maple St, Austin, TX 73301",April
185454,iPhone,1,700.0,2019-04-04 13:32:00,"782 Wilson St, San Francisco, CA 94016",April
187243,iPhone,1,700.0,2019-04-15 17:40:00,"292 13th St, Boston, MA 02215",April
187672,iPhone,1,700.0,2019-04-10 15:15:00,"836 Sunset St, Boston, MA 02215",April
188122,iPhone,1,700.0,2019-04-13 19:03:00,"352 Ridge St, Los Angeles, CA 90001",April
188657,iPhone,1,700.0,2019-04-04 08:28:00,"916 Sunset St, Portland, OR 97035",April
189029,iPhone,1,700.0,2019-04-16 18:45:00,"163 Johnson St, San Francisco, CA 94016",April
186929,iPhone,1,700.0,2019-04-30 10:05:00,"159 Cedar St, San Francisco, CA 94016",April
181589,iPhone,1,700.0,2019-04-25 16:23:00,"554 9th St, Los Angeles, CA 90001",April
185368,iPhone,1,700.0,2019-04-08 16:48:00,"169 Hill St, Boston, MA 02215",April
186284,iPhone,1,700.0,2019-04-06 01:13:00,"30 10th St, Dallas, TX 75001",April
202288,iPhone,1,700.0,2019-05-14 19:24:00,"506 Adams St, Boston, MA 02215",May
200004,iPhone,1,700.0,2019-05-02 18:04:00,"74 River St, Los Angeles, CA 90001",May
208496,iPhone,1,700.0,2019-05-17 08:36:00,"161 1st St, San Francisco, CA 94016",May
208689,iPhone,1,700.0,2019-05-29 12:57:00,"42 Forest St, Atlanta, GA 30301",May
200416,iPhone,1,700.0,2019-05-16 23:36:00,"10 Willow St, Los Angeles, CA 90001",May
203041,iPhone,1,700.0,2019-05-24 10:02:00,"48 14th St, San Francisco, CA 94016",May
204686,iPhone,1,700.0,2019-05-23 12:19:00,"53 Cherry St, Dallas, TX 75001",May
209416,iPhone,1,700.0,2019-05-14 12:15:00,"281 Main St, Boston, MA 02215",May
197209,iPhone,1,700.0,2019-05-24 07:49:00,"314 Hickory St, San Francisco, CA 94016",May
203830,iPhone,1,700.0,2019-05-08 20:20:00,"143 Lakeview St, Portland, OR 97035",May
206540,iPhone,1,700.0,2019-05-29 14:32:00,"361 1st St, Los Angeles, CA 90001",May
207416,iPhone,1,700.0,2019-05-07 17:28:00,"58 Lincoln St, Los Angeles, CA 90001",May
208132,iPhone,1,700.0,2019-05-03 19:52:00,"833 Cherry St, Boston, MA 02215",May
195097,iPhone,1,700.0,2019-05-23 08:52:00,"78 Forest St, Dallas, TX 75001",May
195602,iPhone,1,700.0,2019-05-22 12:11:00,"37 1st St, San Francisco, CA 94016",May
197722,iPhone,1,700.0,2019-05-17 18:56:00,"92 Center St, San Francisco, CA 94016",May
201706,iPhone,1,700.0,2019-05-28 21:30:00,"935 Meadow St, Portland, OR 97035",May
204668,iPhone,1,700.0,2019-05-25 10:02:00,"302 14th St, Austin, TX 73301",May
194362,iPhone,1,700.0,2019-05-22 18:56:00,"988 Cherry St, New York City, NY 10001",May
196461,iPhone,1,700.0,2019-05-19 21:26:00,"297 8th St, New York City, NY 10001",May
196981,iPhone,1,700.0,2019-05-01 10:15:00,"703 Sunset St, San Francisco, CA 94016",May
201069,iPhone,1,700.0,2019-05-17 10:04:00,"839 Madison St, Los Angeles, CA 90001",May
208215,iPhone,1,700.0,2019-05-22 22:26:00,"954 10th St, Los Angeles, CA 90001",May
198779,iPhone,1,700.0,2019-05-10 16:53:00,"265 Willow St, San Francisco, CA 94016",May
198792,iPhone,1,700.0,2019-05-19 08:58:00,"622 Pine St, Seattle, WA 98101",May
200594,iPhone,1,700.0,2019-05-14 16:05:00,"909 5th St, Dallas, TX 75001",May
199766,iPhone,1,700.0,2019-05-14 10:43:00,"451 Center St, Seattle, WA 98101",May
201210,iPhone,1,700.0,2019-05-28 14:16:00,"731 Chestnut St, Los Angeles, CA 90001",May
203828,iPhone,1,700.0,2019-05-19 17:21:00,"491 Hill St, San Francisco, CA 94016",May
209611,iPhone,1,700.0,2019-05-03 09:53:00,"58 Jefferson St, San Francisco, CA 94016",May
195224,iPhone,1,700.0,2019-05-13 14:00:00,"463 10th St, Dallas, TX 75001",May
195304,iPhone,1,700.0,2019-05-01 12:28:00,"922 Washington St, San Francisco, CA 94016",May
195391,iPhone,1,700.0,2019-05-28 10:01:00,"338 Hickory St, San Francisco, CA 94016",May
195771,iPhone,1,700.0,2019-05-30 12:20:00,"816 Lake St, New York City, NY 10001",May
196649,iPhone,1,700.0,2019-05-16 14:11:00,"600 Forest St, San Francisco, CA 94016",May
204162,iPhone,1,700.0,2019-05-25 19:51:00,"17 Wilson St, Boston, MA 02215",May
205350,iPhone,1,700.0,2019-05-23 14:18:00,"185 Pine St, Los Angeles, CA 90001",May
205678,iPhone,1,700.0,2019-05-03 22:02:00,"593 14th St, Atlanta, GA 30301",May
206413,iPhone,1,700.0,2019-05-07 09:41:00,"391 1st St, Seattle, WA 98101",May
201716,iPhone,1,700.0,2019-05-22 17:21:00,"915 Meadow St, New York City, NY 10001",May
206153,iPhone,1,700.0,2019-05-27 20:45:00,"736 Cedar St, Atlanta, GA 30301",May
209480,iPhone,1,700.0,2019-05-10 14:50:00,"1 9th St, New York City, NY 10001",May
197677,iPhone,1,700.0,2019-05-07 14:58:00,"906 Cherry St, Los Angeles, CA 90001",May
206953,iPhone,1,700.0,2019-05-30 13:50:00,"106 13th St, San Francisco, CA 94016",May
202066,iPhone,1,700.0,2019-05-16 01:37:00,"382 12th St, Portland, OR 97035",May
205447,iPhone,1,700.0,2019-05-18 14:43:00,"788 Washington St, New York City, NY 10001",May
206503,iPhone,1,700.0,2019-05-18 13:12:00,"774 Sunset St, Seattle, WA 98101",May
207450,iPhone,1,700.0,2019-05-25 23:25:00,"292 Lakeview St, Atlanta, GA 30301",May
205803,iPhone,1,700.0,2019-05-26 21:28:00,"804 Forest St, San Francisco, CA 94016",May
194722,iPhone,1,700.0,2019-05-29 14:46:00,"184 Adams St, Austin, TX 73301",May
195668,iPhone,1,700.0,2019-05-16 01:52:00,"735 6th St, Austin, TX 73301",May
196763,iPhone,1,700.0,2019-05-17 21:40:00,"514 1st St, Atlanta, GA 30301",May
199280,iPhone,1,700.0,2019-05-15 13:14:00,"324 Washington St, Boston, MA 02215",May
201975,iPhone,1,700.0,2019-05-12 23:15:00,"410 9th St, San Francisco, CA 94016",May
203910,iPhone,1,700.0,2019-05-10 16:01:00,"175 10th St, New York City, NY 10001",May
207652,iPhone,1,700.0,2019-05-23 10:01:00,"904 6th St, Dallas, TX 75001",May
194289,iPhone,1,700.0,2019-05-28 21:05:00,"974 Cedar St, Dallas, TX 75001",May
208012,iPhone,1,700.0,2019-05-28 10:34:00,"878 Church St, Los Angeles, CA 90001",May
208817,iPhone,1,700.0,2019-05-14 17:04:00,"796 7th St, Boston, MA 02215",May
209622,iPhone,1,700.0,2019-05-20 20:00:00,"34 Cherry St, Portland, OR 97035",May
197656,iPhone,1,700.0,2019-05-22 05:49:00,"183 Park St, New York City, NY 10001",May
194132,iPhone,1,700.0,2019-05-22 21:35:00,"478 Pine St, Seattle, WA 98101",May
195832,iPhone,1,700.0,2019-05-16 23:49:00,"973 River St, Boston, MA 02215",May
208294,iPhone,1,700.0,2019-05-29 13:11:00,"874 8th St, Atlanta, GA 30301",May
197884,iPhone,1,700.0,2019-05-21 14:18:00,"543 Center St, Atlanta, GA 30301",May
203259,iPhone,1,700.0,2019-05-23 10:05:00,"312 Ridge St, Boston, MA 02215",May
204148,iPhone,1,700.0,2019-05-13 00:02:00,"268 Highland St, Boston, MA 02215",May
205489,iPhone,1,700.0,2019-05-25 12:49:00,"199 Lincoln St, Los Angeles, CA 90001",May
195099,iPhone,1,700.0,2019-05-30 18:51:00,"233 Cherry St, San Francisco, CA 94016",May
199399,iPhone,1,700.0,2019-05-31 09:46:00,"183 5th St, Portland, OR 97035",May
202606,iPhone,1,700.0,2019-05-16 17:29:00,"745 Willow St, Boston, MA 02215",May
206543,iPhone,1,700.0,2019-05-12 17:39:00,"713 Lincoln St, Dallas, TX 75001",May
200729,iPhone,1,700.0,2019-05-19 07:07:00,"649 Jackson St, San Francisco, CA 94016",May
206371,iPhone,1,700.0,2019-05-21 14:34:00,"425 South St, Los Angeles, CA 90001",May
208048,iPhone,1,700.0,2019-05-06 21:30:00,"84 Lake St, Boston, MA 02215",May
197371,iPhone,1,700.0,2019-05-08 18:35:00,"493 4th St, Dallas, TX 75001",May
199314,iPhone,1,700.0,2019-05-17 00:09:00,"773 8th St, New York City, NY 10001",May
201659,iPhone,1,700.0,2019-05-29 13:21:00,"977 Park St, Austin, TX 73301",May
201789,iPhone,1,700.0,2019-05-30 18:55:00,"805 Church St, Atlanta, GA 30301",May
194100,iPhone,1,700.0,2019-05-10 19:44:00,"81 Jefferson St, San Francisco, CA 94016",May
198190,iPhone,1,700.0,2019-05-06 22:13:00,"635 Center St, San Francisco, CA 94016",May
205364,iPhone,1,700.0,2019-05-28 10:32:00,"60 Willow St, New York City, NY 10001",May
207279,iPhone,1,700.0,2019-05-07 01:31:00,"576 10th St, San Francisco, CA 94016",May
195999,iPhone,1,700.0,2019-05-11 16:39:00,"297 Main St, Atlanta, GA 30301",May
202997,iPhone,1,700.0,2019-05-27 16:05:00,"392 Park St, San Francisco, CA 94016",May
195769,iPhone,1,700.0,2019-05-25 10:36:00,"839 Cherry St, San Francisco, CA 94016",May
198658,iPhone,1,700.0,2019-05-27 18:53:00,"705 1st St, Portland, OR 97035",May
206242,iPhone,1,700.0,2019-05-28 21:36:00,"235 Spruce St, Los Angeles, CA 90001",May
209689,iPhone,1,700.0,2019-05-12 15:44:00,"25 Walnut St, Los Angeles, CA 90001",May
206001,iPhone,1,700.0,2019-05-18 17:52:00,"983 Jackson St, New York City, NY 10001",May
206055,iPhone,1,700.0,2019-05-25 22:21:00,"544 Wilson St, Austin, TX 73301",May
197216,iPhone,1,700.0,2019-05-09 16:50:00,"34 1st St, Portland, ME 04101",May
195580,iPhone,1,700.0,2019-05-05 15:08:00,"478 10th St, Seattle, WA 98101",May
203993,iPhone,1,700.0,2019-05-04 15:50:00,"383 9th St, New York City, NY 10001",May
196719,iPhone,1,700.0,2019-05-24 13:45:00,"586 Jackson St, Portland, ME 04101",May
204367,iPhone,1,700.0,2019-05-24 21:26:00,"207 Washington St, Los Angeles, CA 90001",May
207140,iPhone,1,700.0,2019-05-19 11:29:00,"784 Lake St, San Francisco, CA 94016",May
196580,iPhone,1,700.0,2019-05-27 04:55:00,"429 Jackson St, San Francisco, CA 94016",May
198728,iPhone,1,700.0,2019-05-18 19:05:00,"876 Willow St, Los Angeles, CA 90001",May
200492,iPhone,1,700.0,2019-05-23 12:23:00,"339 Spruce St, San Francisco, CA 94016",May
204759,iPhone,1,700.0,2019-05-05 21:55:00,"139 Jefferson St, Boston, MA 02215",May
206079,iPhone,1,700.0,2019-05-03 02:26:00,"868 Jackson St, Portland, OR 97035",May
208414,iPhone,1,700.0,2019-05-31 14:20:00,"400 Center St, Boston, MA 02215",May
194929,iPhone,1,700.0,2019-05-27 22:04:00,"348 Spruce St, Los Angeles, CA 90001",May
195455,iPhone,1,700.0,2019-05-01 14:52:00,"804 Spruce St, San Francisco, CA 94016",May
200158,iPhone,1,700.0,2019-05-17 18:57:00,"805 Jefferson St, Los Angeles, CA 90001",May
203681,iPhone,1,700.0,2019-05-11 11:00:00,"718 14th St, Boston, MA 02215",May
206210,iPhone,1,700.0,2019-05-18 21:54:00,"713 Lakeview St, New York City, NY 10001",May
209280,iPhone,1,700.0,2019-05-09 20:43:00,"998 6th St, Boston, MA 02215",May
196584,iPhone,1,700.0,2019-05-15 19:47:00,"500 Forest St, New York City, NY 10001",May
197377,iPhone,1,700.0,2019-05-19 09:59:00,"795 8th St, Boston, MA 02215",May
204020,iPhone,1,700.0,2019-05-15 03:09:00,"27 12th St, Portland, OR 97035",May
208330,iPhone,1,700.0,2019-05-01 10:11:00,"345 Jefferson St, San Francisco, CA 94016",May
212915,iPhone,1,700.0,2019-06-23 12:16:00,"4 West St, Atlanta, GA 30301",June
219866,iPhone,1,700.0,2019-06-30 14:03:00,"804 Church St, San Francisco, CA 94016",June
221193,iPhone,1,700.0,2019-06-12 12:38:00,"576 2nd St, San Francisco, CA 94016",June
212831,iPhone,1,700.0,2019-06-20 13:07:00,"571 Chestnut St, Dallas, TX 75001",June
217360,iPhone,1,700.0,2019-06-23 21:53:00,"602 Meadow St, Los Angeles, CA 90001",June
213681,iPhone,1,700.0,2019-06-22 18:54:00,"451 Hill St, Boston, MA 02215",June
214892,iPhone,1,700.0,2019-06-01 11:20:00,"761 Highland St, New York City, NY 10001",June
220900,iPhone,1,700.0,2019-06-14 21:31:00,"2 River St, San Francisco, CA 94016",June
221133,iPhone,1,700.0,2019-06-17 15:04:00,"647 Jefferson St, New York City, NY 10001",June
209938,iPhone,1,700.0,2019-06-15 12:29:00,"766 Meadow St, Seattle, WA 98101",June
210720,iPhone,1,700.0,2019-06-29 08:11:00,"190 Dogwood St, Los Angeles, CA 90001",June
211467,iPhone,1,700.0,2019-06-29 23:45:00,"172 14th St, San Francisco, CA 94016",June
218762,iPhone,1,700.0,2019-06-18 14:05:00,"776 Cherry St, San Francisco, CA 94016",June
213110,iPhone,1,700.0,2019-06-07 17:26:00,"864 9th St, New York City, NY 10001",June
213540,iPhone,1,700.0,2019-06-15 17:03:00,"996 Lake St, San Francisco, CA 94016",June
217469,iPhone,1,700.0,2019-06-15 10:05:00,"678 8th St, New York City, NY 10001",June
216638,iPhone,1,700.0,2019-06-21 20:49:00,"494 Church St, Boston, MA 02215",June
218082,iPhone,1,700.0,2019-06-25 21:12:00,"488 Elm St, Los Angeles, CA 90001",June
219212,iPhone,1,700.0,2019-06-09 11:35:00,"551 Park St, San Francisco, CA 94016",June
220304,iPhone,1,700.0,2019-06-04 09:15:00,"431 Wilson St, Portland, OR 97035",June
222065,iPhone,1,700.0,2019-06-16 11:55:00,"476 8th St, Portland, OR 97035",June
210446,iPhone,1,700.0,2019-06-26 20:00:00,"913 8th St, Seattle, WA 98101",June
210486,iPhone,1,700.0,2019-06-19 19:49:00,"86 1st St, Austin, TX 73301",June
212927,iPhone,1,700.0,2019-06-14 08:12:00,"923 Center St, Boston, MA 02215",June
213216,iPhone,1,700.0,2019-06-22 08:04:00,"40 Washington St, Los Angeles, CA 90001",June
213401,iPhone,1,700.0,2019-06-19 19:12:00,"404 Madison St, Austin, TX 73301",June
222131,iPhone,1,700.0,2019-06-11 09:30:00,"701 8th St, San Francisco, CA 94016",June
213159,iPhone,1,700.0,2019-06-30 18:37:00,"349 Madison St, Los Angeles, CA 90001",June
214259,iPhone,1,700.0,2019-06-27 09:04:00,"770 8th St, Los Angeles, CA 90001",June
210185,iPhone,1,700.0,2019-06-27 08:16:00,"338 Meadow St, Portland, OR 97035",June
213610,iPhone,1,700.0,2019-06-03 21:04:00,"713 12th St, New York City, NY 10001",June
221052,iPhone,1,700.0,2019-06-11 12:13:00,"600 Jackson St, San Francisco, CA 94016",June
222496,iPhone,1,700.0,2019-06-17 18:38:00,"721 5th St, Boston, MA 02215",June
210000,iPhone,1,700.0,2019-06-06 19:17:00,"534 Park St, Los Angeles, CA 90001",June
214390,iPhone,1,700.0,2019-06-03 20:41:00,"405 Center St, San Francisco, CA 94016",June
217696,iPhone,1,700.0,2019-06-04 18:39:00,"659 11th St, San Francisco, CA 94016",June
210548,iPhone,1,700.0,2019-06-09 10:45:00,"698 Lincoln St, New York City, NY 10001",June
212479,iPhone,1,700.0,2019-06-25 18:55:00,"436 6th St, San Francisco, CA 94016",June
219904,iPhone,1,700.0,2019-06-28 16:28:00,"79 12th St, Atlanta, GA 30301",June
220381,iPhone,1,700.0,2019-06-26 21:12:00,"976 Walnut St, Seattle, WA 98101",June
214152,iPhone,1,700.0,2019-06-15 20:10:00,"139 10th St, San Francisco, CA 94016",June
214241,iPhone,1,700.0,2019-06-03 18:12:00,"126 Dogwood St, San Francisco, CA 94016",June
215856,iPhone,1,700.0,2019-06-28 17:23:00,"530 Meadow St, San Francisco, CA 94016",June
215931,iPhone,1,700.0,2019-06-26 17:36:00,"455 Chestnut St, Portland, OR 97035",June
216116,iPhone,1,700.0,2019-06-29 13:23:00,"384 Forest St, New York City, NY 10001",June
216195,iPhone,1,700.0,2019-06-23 13:04:00,"256 Jackson St, Seattle, WA 98101",June
213299,iPhone,1,700.0,2019-06-05 14:09:00,"699 14th St, New York City, NY 10001",June
219411,iPhone,1,700.0,2019-06-08 22:37:00,"480 Center St, Seattle, WA 98101",June
220293,iPhone,1,700.0,2019-06-04 21:12:00,"687 12th St, New York City, NY 10001",June
221465,iPhone,1,700.0,2019-06-02 18:18:00,"994 River St, New York City, NY 10001",June
210051,iPhone,1,700.0,2019-06-11 16:15:00,"784 Pine St, Austin, TX 73301",June
210777,iPhone,1,700.0,2019-06-29 20:32:00,"394 9th St, Seattle, WA 98101",June
211598,iPhone,1,700.0,2019-06-26 20:13:00,"975 Pine St, Los Angeles, CA 90001",June
212801,iPhone,1,700.0,2019-06-18 08:05:00,"772 7th St, Boston, MA 02215",June
222682,iPhone,1,700.0,2019-06-14 20:27:00,"235 Lakeview St, Los Angeles, CA 90001",June
212722,iPhone,1,700.0,2019-06-28 17:56:00,"968 Lakeview St, Portland, ME 04101",June
213524,iPhone,1,700.0,2019-06-23 23:43:00,"75 Lake St, Dallas, TX 75001",June
216057,iPhone,1,700.0,2019-06-30 19:06:00,"328 Jefferson St, New York City, NY 10001",June
216763,iPhone,1,700.0,2019-06-27 13:11:00,"496 Willow St, Dallas, TX 75001",June
217582,iPhone,1,700.0,2019-06-17 00:42:00,"657 14th St, San Francisco, CA 94016",June
217436,iPhone,1,700.0,2019-06-17 15:58:00,"733 Ridge St, Atlanta, GA 30301",June
217049,iPhone,1,700.0,2019-06-09 17:47:00,"140 Park St, San Francisco, CA 94016",June
212436,iPhone,1,700.0,2019-06-12 00:41:00,"924 11th St, Los Angeles, CA 90001",June
212773,iPhone,1,700.0,2019-06-24 17:52:00,"855 11th St, San Francisco, CA 94016",June
211135,iPhone,1,700.0,2019-06-03 01:36:00,"753 Cedar St, Los Angeles, CA 90001",June
213139,iPhone,1,700.0,2019-06-24 17:35:00,"315 4th St, Seattle, WA 98101",June
215082,iPhone,1,700.0,2019-06-29 00:12:00,"121 Chestnut St, Los Angeles, CA 90001",June
216541,iPhone,1,700.0,2019-06-15 09:23:00,"373 South St, San Francisco, CA 94016",June
217561,iPhone,1,700.0,2019-06-24 18:26:00,"937 Center St, Seattle, WA 98101",June
217976,iPhone,1,700.0,2019-06-13 09:42:00,"620 Lincoln St, San Francisco, CA 94016",June
213278,iPhone,1,700.0,2019-06-22 08:56:00,"305 Johnson St, New York City, NY 10001",June
216288,iPhone,1,700.0,2019-06-28 01:49:00,"736 North St, Boston, MA 02215",June
220208,iPhone,1,700.0,2019-06-19 10:14:00,"569 Hickory St, Los Angeles, CA 90001",June
221233,iPhone,1,700.0,2019-06-10 17:13:00,"784 Main St, San Francisco, CA 94016",June
212265,iPhone,1,700.0,2019-06-18 21:58:00,"885 1st St, Los Angeles, CA 90001",June
221159,iPhone,1,700.0,2019-06-25 21:09:00,"63 Sunset St, San Francisco, CA 94016",June
210495,iPhone,1,700.0,2019-06-21 14:37:00,"986 10th St, Dallas, TX 75001",June
211355,iPhone,1,700.0,2019-06-14 10:20:00,"117 North St, San Francisco, CA 94016",June
214421,iPhone,1,700.0,2019-06-07 15:07:00,"23 River St, Los Angeles, CA 90001",June
214780,iPhone,1,700.0,2019-06-29 09:39:00,"722 6th St, Boston, MA 02215",June
217214,iPhone,1,700.0,2019-06-10 10:26:00,"505 Chestnut St, Austin, TX 73301",June
218062,iPhone,1,700.0,2019-06-04 13:37:00,"799 Meadow St, San Francisco, CA 94016",June
219322,iPhone,1,700.0,2019-06-21 12:03:00,"349 Jefferson St, Portland, OR 97035",June
221649,iPhone,1,700.0,2019-06-27 18:38:00,"499 2nd St, Atlanta, GA 30301",June
222625,iPhone,1,700.0,2019-06-02 11:20:00,"510 Center St, Dallas, TX 75001",June
212182,iPhone,1,700.0,2019-06-20 20:21:00,"864 2nd St, Los Angeles, CA 90001",June
213171,iPhone,1,700.0,2019-06-19 18:38:00,"75 Willow St, Portland, OR 97035",June
221003,iPhone,1,700.0,2019-06-23 12:37:00,"981 Chestnut St, San Francisco, CA 94016",June
212170,iPhone,1,700.0,2019-06-17 07:37:00,"789 Elm St, San Francisco, CA 94016",June
212506,iPhone,1,700.0,2019-06-30 19:28:00,"54 Pine St, Boston, MA 02215",June
213697,iPhone,1,700.0,2019-06-04 00:40:00,"319 Park St, Portland, OR 97035",June
216804,iPhone,1,700.0,2019-06-14 20:20:00,"660 Cedar St, Boston, MA 02215",June
224501,iPhone,1,700.0,2019-07-14 13:40:00,"70 Wilson St, San Francisco, CA 94016",July
226667,iPhone,1,700.0,2019-07-23 21:36:00,"547 10th St, Los Angeles, CA 90001",July
234565,iPhone,1,700.0,2019-07-08 16:26:00,"577 Park St, Los Angeles, CA 90001",July
226159,iPhone,1,700.0,2019-07-27 10:13:00,"359 Hill St, Boston, MA 02215",July
227978,iPhone,1,700.0,2019-07-04 15:56:00,"842 Hickory St, Boston, MA 02215",July
227122,iPhone,1,700.0,2019-07-08 20:04:00,"157 Highland St, New York City, NY 10001",July
234065,iPhone,1,700.0,2019-07-18 18:00:00,"307 Adams St, New York City, NY 10001",July
228042,iPhone,1,700.0,2019-07-13 00:05:00,"343 Pine St, Atlanta, GA 30301",July
229744,iPhone,1,700.0,2019-07-23 09:34:00,"94 West St, San Francisco, CA 94016",July
227752,iPhone,1,700.0,2019-07-30 07:33:00,"956 Spruce St, Los Angeles, CA 90001",July
225347,iPhone,1,700.0,2019-07-03 17:16:00,"588 West St, Austin, TX 73301",July
229986,iPhone,1,700.0,2019-07-27 10:10:00,"964 8th St, Los Angeles, CA 90001",July
234120,iPhone,1,700.0,2019-07-06 19:51:00,"970 14th St, Boston, MA 02215",July
235724,iPhone,1,700.0,2019-07-04 22:15:00,"778 Cherry St, Atlanta, GA 30301",July
230448,iPhone,1,700.0,2019-07-16 08:43:00,"96 Sunset St, Dallas, TX 75001",July
230985,iPhone,1,700.0,2019-07-16 12:09:00,"950 Park St, Los Angeles, CA 90001",July
233368,iPhone,1,700.0,2019-07-26 16:32:00,"386 Elm St, San Francisco, CA 94016",July
226154,iPhone,1,700.0,2019-07-13 20:36:00,"442 Madison St, New York City, NY 10001",July
226569,iPhone,1,700.0,2019-07-09 17:34:00,"35 River St, Dallas, TX 75001",July
233729,iPhone,1,700.0,2019-07-09 12:46:00,"402 4th St, San Francisco, CA 94016",July
234183,iPhone,1,700.0,2019-07-30 16:56:00,"768 8th St, Los Angeles, CA 90001",July
236152,iPhone,1,700.0,2019-07-29 23:19:00,"806 North St, New York City, NY 10001",July
225293,iPhone,1,700.0,2019-07-12 11:51:00,"893 Madison St, Portland, OR 97035",July
225358,iPhone,1,700.0,2019-07-29 14:38:00,"239 West St, San Francisco, CA 94016",July
229504,iPhone,1,700.0,2019-07-22 13:18:00,"17 Lincoln St, Atlanta, GA 30301",July
223273,iPhone,1,700.0,2019-07-27 20:47:00,"53 Lake St, Los Angeles, CA 90001",July
223677,iPhone,1,700.0,2019-07-28 01:50:00,"38 Jackson St, Atlanta, GA 30301",July
226137,iPhone,1,700.0,2019-07-31 18:45:00,"886 Forest St, San Francisco, CA 94016",July
232935,iPhone,1,700.0,2019-07-25 23:11:00,"522 1st St, San Francisco, CA 94016",July
224881,iPhone,1,700.0,2019-07-23 17:14:00,"599 Willow St, Austin, TX 73301",July
233892,iPhone,1,700.0,2019-07-27 06:52:00,"292 Johnson St, New York City, NY 10001",July
234250,iPhone,1,700.0,2019-07-10 22:22:00,"759 River St, Portland, ME 04101",July
235240,iPhone,1,700.0,2019-07-08 14:19:00,"203 Lincoln St, San Francisco, CA 94016",July
229079,iPhone,1,700.0,2019-07-13 17:59:00,"290 Walnut St, San Francisco, CA 94016",July
232813,iPhone,1,700.0,2019-07-03 16:32:00,"898 Park St, Atlanta, GA 30301",July
224575,iPhone,1,700.0,2019-07-20 23:12:00,"259 2nd St, Boston, MA 02215",July
225350,iPhone,1,700.0,2019-07-16 05:41:00,"91 Washington St, Los Angeles, CA 90001",July
229801,iPhone,1,700.0,2019-07-26 23:53:00,"141 Hickory St, San Francisco, CA 94016",July
231301,iPhone,1,700.0,2019-07-29 09:18:00,"489 Main St, San Francisco, CA 94016",July
236129,iPhone,1,700.0,2019-07-28 17:55:00,"660 14th St, Dallas, TX 75001",July
233691,iPhone,1,700.0,2019-07-13 23:46:00,"10 Johnson St, Los Angeles, CA 90001",July
236068,iPhone,1,700.0,2019-07-20 13:29:00,"918 Adams St, San Francisco, CA 94016",July
231653,iPhone,1,700.0,2019-07-06 09:58:00,"537 River St, San Francisco, CA 94016",July
232994,iPhone,1,700.0,2019-07-30 18:34:00,"501 Meadow St, Portland, OR 97035",July
226357,iPhone,1,700.0,2019-07-11 10:25:00,"67 Chestnut St, Boston, MA 02215",July
226618,iPhone,1,700.0,2019-07-11 22:46:00,"573 Madison St, New York City, NY 10001",July
233228,iPhone,1,700.0,2019-07-05 16:59:00,"673 Elm St, San Francisco, CA 94016",July
233425,iPhone,1,700.0,2019-07-22 17:06:00,"669 Adams St, Dallas, TX 75001",July
229344,iPhone,1,700.0,2019-07-20 12:15:00,"455 Pine St, San Francisco, CA 94016",July
231113,iPhone,1,700.0,2019-07-17 20:10:00,"131 Chestnut St, Boston, MA 02215",July
232094,iPhone,1,700.0,2019-07-01 20:52:00,"375 13th St, Los Angeles, CA 90001",July
233020,iPhone,1,700.0,2019-07-24 06:22:00,"913 Madison St, Seattle, WA 98101",July
223999,iPhone,1,700.0,2019-07-12 19:14:00,"38 Park St, Dallas, TX 75001",July
224402,iPhone,1,700.0,2019-07-15 13:15:00,"555 6th St, Boston, MA 02215",July
225527,iPhone,1,700.0,2019-07-03 20:38:00,"916 Maple St, San Francisco, CA 94016",July
225862,iPhone,1,700.0,2019-07-01 23:21:00,"130 Johnson St, Seattle, WA 98101",July
227214,iPhone,1,700.0,2019-07-21 12:28:00,"92 Elm St, New York City, NY 10001",July
228713,iPhone,1,700.0,2019-07-16 11:02:00,"347 Church St, New York City, NY 10001",July
229691,iPhone,1,700.0,2019-07-07 21:52:00,"829 1st St, Seattle, WA 98101",July
231340,iPhone,1,700.0,2019-07-21 11:46:00,"820 Sunset St, San Francisco, CA 94016",July
235141,iPhone,1,700.0,2019-07-25 15:12:00,"16 Jefferson St, Boston, MA 02215",July
228377,iPhone,1,700.0,2019-07-24 13:27:00,"173 8th St, Los Angeles, CA 90001",July
232901,iPhone,1,700.0,2019-07-28 06:14:00,"470 Willow St, San Francisco, CA 94016",July
224990,iPhone,1,700.0,2019-07-06 16:50:00,"180 Willow St, San Francisco, CA 94016",July
229570,iPhone,1,700.0,2019-07-09 15:13:00,"903 Jefferson St, San Francisco, CA 94016",July
230404,iPhone,1,700.0,2019-07-07 12:21:00,"880 Walnut St, Seattle, WA 98101",July
232429,iPhone,1,700.0,2019-07-19 10:39:00,"614 Adams St, San Francisco, CA 94016",July
232506,iPhone,1,700.0,2019-07-10 06:01:00,"832 Hickory St, Boston, MA 02215",July
227266,iPhone,1,700.0,2019-07-11 19:41:00,"53 Meadow St, San Francisco, CA 94016",July
228048,iPhone,1,700.0,2019-07-22 22:11:00,"389 North St, Dallas, TX 75001",July
233821,iPhone,1,700.0,2019-07-20 14:12:00,"747 13th St, San Francisco, CA 94016",July
236314,iPhone,1,700.0,2019-07-28 06:29:00,"137 West St, San Francisco, CA 94016",July
229409,iPhone,1,700.0,2019-07-14 07:38:00,"839 Lincoln St, San Francisco, CA 94016",July
231575,iPhone,1,700.0,2019-07-28 11:10:00,"813 8th St, New York City, NY 10001",July
225017,iPhone,1,700.0,2019-07-29 14:45:00,"660 1st St, Portland, ME 04101",July
233637,iPhone,1,700.0,2019-07-28 12:14:00,"46 Elm St, Los Angeles, CA 90001",July
231070,iPhone,1,700.0,2019-07-18 19:51:00,"588 Meadow St, Boston, MA 02215",July
229076,iPhone,1,700.0,2019-07-22 23:11:00,"345 12th St, Dallas, TX 75001",July
230433,iPhone,1,700.0,2019-07-01 16:15:00,"554 Ridge St, Atlanta, GA 30301",July
236121,iPhone,1,700.0,2019-07-09 15:30:00,"739 Dogwood St, Portland, OR 97035",July
227051,iPhone,1,700.0,2019-07-03 17:59:00,"250 Lincoln St, Boston, MA 02215",July
230703,iPhone,1,700.0,2019-07-14 07:02:00,"535 Hickory St, Los Angeles, CA 90001",July
235243,iPhone,1,700.0,2019-07-03 19:34:00,"707 10th St, New York City, NY 10001",July
227546,iPhone,1,700.0,2019-07-30 19:02:00,"184 Chestnut St, Dallas, TX 75001",July
231601,iPhone,1,700.0,2019-07-10 23:08:00,"152 Church St, Los Angeles, CA 90001",July
233566,iPhone,1,700.0,2019-07-24 10:14:00,"769 5th St, San Francisco, CA 94016",July
243062,iPhone,1,700.0,2019-08-04 02:49:00,"609 8th St, Dallas, TX 75001",August
244937,iPhone,1,700.0,2019-08-16 06:41:00,"699 7th St, New York City, NY 10001",August
246608,iPhone,1,700.0,2019-08-10 06:02:00,"295 Cherry St, New York City, NY 10001",August
239341,iPhone,1,700.0,2019-08-25 23:28:00,"543 Lake St, Boston, MA 02215",August
241864,iPhone,1,700.0,2019-08-18 15:37:00,"883 Pine St, Seattle, WA 98101",August
245351,iPhone,1,700.0,2019-08-06 15:05:00,"392 Jefferson St, Los Angeles, CA 90001",August
237509,iPhone,1,700.0,2019-08-16 17:55:00,"74 West St, San Francisco, CA 94016",August
245490,iPhone,1,700.0,2019-08-23 10:33:00,"767 Cedar St, Los Angeles, CA 90001",August
239618,iPhone,1,700.0,2019-08-19 14:04:00,"549 Jefferson St, Seattle, WA 98101",August
237241,iPhone,1,700.0,2019-08-20 16:21:00,"402 1st St, Austin, TX 73301",August
240615,iPhone,1,700.0,2019-08-20 22:57:00,"568 Willow St, San Francisco, CA 94016",August
241630,iPhone,1,700.0,2019-08-05 08:52:00,"594 6th St, Atlanta, GA 30301",August
244837,iPhone,1,700.0,2019-08-31 11:48:00,"744 Chestnut St, Los Angeles, CA 90001",August
245512,iPhone,1,700.0,2019-08-09 07:53:00,"821 Park St, Los Angeles, CA 90001",August
245561,iPhone,1,700.0,2019-08-17 14:27:00,"445 North St, Los Angeles, CA 90001",August
246420,iPhone,1,700.0,2019-08-18 10:19:00,"235 West St, San Francisco, CA 94016",August
240684,iPhone,1,700.0,2019-08-13 22:45:00,"84 Spruce St, New York City, NY 10001",August
243768,iPhone,1,700.0,2019-08-14 16:48:00,"817 Cedar St, Atlanta, GA 30301",August
243387,iPhone,1,700.0,2019-08-07 22:20:00,"854 Chestnut St, Los Angeles, CA 90001",August
238646,iPhone,1,700.0,2019-08-31 00:59:00,"816 Walnut St, New York City, NY 10001",August
239121,iPhone,1,700.0,2019-08-09 20:37:00,"453 West St, San Francisco, CA 94016",August
244595,iPhone,1,700.0,2019-08-03 18:09:00,"711 Center St, Seattle, WA 98101",August
246193,iPhone,1,700.0,2019-08-28 17:26:00,"834 Jefferson St, San Francisco, CA 94016",August
237168,iPhone,1,700.0,2019-08-22 13:26:00,"637 Elm St, Seattle, WA 98101",August
242791,iPhone,1,700.0,2019-08-16 09:53:00,"939 2nd St, Atlanta, GA 30301",August
243814,iPhone,1,700.0,2019-08-04 19:06:00,"120 Ridge St, Portland, OR 97035",August
245727,iPhone,1,700.0,2019-08-05 13:58:00,"150 10th St, Seattle, WA 98101",August
240541,iPhone,1,700.0,2019-08-19 16:26:00,"418 14th St, Los Angeles, CA 90001",August
246438,iPhone,1,700.0,2019-08-01 22:17:00,"542 11th St, Atlanta, GA 30301",August
238915,iPhone,1,700.0,2019-08-11 13:04:00,"648 7th St, Dallas, TX 75001",August
247435,iPhone,1,700.0,2019-08-30 16:43:00,"940 9th St, Boston, MA 02215",August
247900,iPhone,1,700.0,2019-08-16 20:12:00,"944 West St, San Francisco, CA 94016",August
243054,iPhone,1,700.0,2019-08-03 11:48:00,"902 Spruce St, Dallas, TX 75001",August
244558,iPhone,1,700.0,2019-08-29 12:00:00,"479 Washington St, New York City, NY 10001",August
246057,iPhone,1,700.0,2019-08-15 10:23:00,"963 Lake St, San Francisco, CA 94016",August
238959,iPhone,1,700.0,2019-08-06 10:21:00,"444 1st St, Boston, MA 02215",August
239304,iPhone,1,700.0,2019-08-30 20:08:00,"694 North St, San Francisco, CA 94016",August
241516,iPhone,1,700.0,2019-08-02 17:59:00,"850 5th St, Los Angeles, CA 90001",August
247942,iPhone,1,700.0,2019-08-11 15:29:00,"990 Meadow St, San Francisco, CA 94016",August
239969,iPhone,1,700.0,2019-08-27 08:14:00,"128 Jefferson St, New York City, NY 10001",August
245932,iPhone,1,700.0,2019-08-26 16:19:00,"802 West St, Los Angeles, CA 90001",August
240810,iPhone,1,700.0,2019-08-22 15:38:00,"570 Spruce St, Portland, OR 97035",August
240759,iPhone,1,700.0,2019-08-20 22:38:00,"451 Highland St, Portland, ME 04101",August
241564,iPhone,1,700.0,2019-08-22 18:53:00,"337 Cedar St, Austin, TX 73301",August
247463,iPhone,1,700.0,2019-08-21 20:00:00,"977 West St, New York City, NY 10001",August
237267,iPhone,1,700.0,2019-08-17 17:11:00,"368 Wilson St, New York City, NY 10001",August
246303,iPhone,1,700.0,2019-08-26 18:28:00,"77 Lakeview St, Boston, MA 02215",August
237820,iPhone,1,700.0,2019-08-11 17:17:00,"507 Hill St, Portland, OR 97035",August
243867,iPhone,1,700.0,2019-08-09 18:36:00,"530 Lake St, Los Angeles, CA 90001",August
240718,iPhone,1,700.0,2019-08-07 14:39:00,"76 Ridge St, Seattle, WA 98101",August
242744,iPhone,1,700.0,2019-08-14 01:02:00,"618 South St, Dallas, TX 75001",August
242811,iPhone,1,700.0,2019-08-06 00:27:00,"717 5th St, Austin, TX 73301",August
246656,iPhone,1,700.0,2019-08-10 18:20:00,"245 11th St, Los Angeles, CA 90001",August
236932,iPhone,1,700.0,2019-08-18 18:52:00,"428 Hickory St, Seattle, WA 98101",August
237054,iPhone,1,700.0,2019-08-19 08:07:00,"243 Jefferson St, Los Angeles, CA 90001",August
243860,iPhone,1,700.0,2019-08-08 10:18:00,"838 Maple St, Atlanta, GA 30301",August
244720,iPhone,1,700.0,2019-08-09 12:05:00,"959 Maple St, Portland, OR 97035",August
242943,iPhone,1,700.0,2019-08-07 19:29:00,"106 Main St, Boston, MA 02215",August
241263,iPhone,1,700.0,2019-08-18 14:40:00,"417 2nd St, New York City, NY 10001",August
244650,iPhone,1,700.0,2019-08-22 11:46:00,"932 Dogwood St, San Francisco, CA 94016",August
245992,iPhone,1,700.0,2019-08-22 15:19:00,"832 1st St, Dallas, TX 75001",August
237998,iPhone,1,700.0,2019-08-27 12:18:00,"775 13th St, New York City, NY 10001",August
238279,iPhone,1,700.0,2019-08-23 13:00:00,"609 Lincoln St, Los Angeles, CA 90001",August
238772,iPhone,1,700.0,2019-08-29 15:24:00,"247 River St, San Francisco, CA 94016",August
244480,iPhone,1,700.0,2019-08-27 17:31:00,"813 Washington St, Boston, MA 02215",August
245556,iPhone,1,700.0,2019-08-04 18:40:00,"641 4th St, Atlanta, GA 30301",August
238379,iPhone,1,700.0,2019-08-02 10:19:00,"210 South St, New York City, NY 10001",August
240562,iPhone,1,700.0,2019-08-16 19:21:00,"822 8th St, New York City, NY 10001",August
247779,iPhone,1,700.0,2019-08-13 17:59:00,"365 Forest St, Seattle, WA 98101",August
248685,iPhone,1,700.0,2019-09-20 09:55:00,"613 Cedar St, San Francisco, CA 94016",September
250893,iPhone,1,700.0,2019-09-14 11:37:00,"381 Church St, Seattle, WA 98101",September
254858,iPhone,1,700.0,2019-10-01 01:39:00,"596 Adams St, New York City, NY 10001",October
255314,iPhone,1,700.0,2019-09-09 17:41:00,"849 Hickory St, Atlanta, GA 30301",September
255949,iPhone,1,700.0,2019-09-22 12:39:00,"256 1st St, Dallas, TX 75001",September
256171,iPhone,1,700.0,2019-09-18 11:46:00,"410 Walnut St, Los Angeles, CA 90001",September
249608,iPhone,1,700.0,2019-09-05 17:02:00,"351 14th St, New York City, NY 10001",September
251901,iPhone,1,700.0,2019-09-26 11:53:00,"969 Spruce St, Los Angeles, CA 90001",September
252615,iPhone,1,700.0,2019-09-11 16:08:00,"746 Sunset St, Atlanta, GA 30301",September
256507,iPhone,1,700.0,2019-09-18 11:47:00,"484 11th St, San Francisco, CA 94016",September
250044,iPhone,1,700.0,2019-09-26 14:49:00,"458 South St, San Francisco, CA 94016",September
249104,iPhone,1,700.0,2019-09-13 12:50:00,"323 2nd St, Boston, MA 02215",September
251297,iPhone,1,700.0,2019-09-13 19:25:00,"390 River St, Portland, OR 97035",September
256788,iPhone,1,700.0,2019-09-09 17:49:00,"690 6th St, New York City, NY 10001",September
250469,iPhone,1,700.0,2019-09-17 19:27:00,"829 Spruce St, Seattle, WA 98101",September
253259,iPhone,1,700.0,2019-09-06 17:16:00,"190 Dogwood St, San Francisco, CA 94016",September
256621,iPhone,1,700.0,2019-09-05 20:22:00,"32 Pine St, Atlanta, GA 30301",September
256798,iPhone,1,700.0,2019-09-25 21:46:00,"154 Sunset St, Portland, OR 97035",September
258678,iPhone,1,700.0,2019-09-06 14:19:00,"486 Cedar St, Seattle, WA 98101",September
249872,iPhone,1,700.0,2019-09-20 22:23:00,"98 Park St, Austin, TX 73301",September
253763,iPhone,1,700.0,2019-09-21 18:37:00,"852 Lake St, San Francisco, CA 94016",September
254153,iPhone,1,700.0,2019-09-03 02:24:00,"586 Forest St, Austin, TX 73301",September
258218,iPhone,1,700.0,2019-09-24 11:11:00,"976 Lincoln St, Dallas, TX 75001",September
258321,iPhone,1,700.0,2019-09-10 09:41:00,"767 Lincoln St, Atlanta, GA 30301",September
258756,iPhone,1,700.0,2019-09-15 01:32:00,"980 Dogwood St, Seattle, WA 98101",September
249111,iPhone,1,700.0,2019-09-14 12:20:00,"452 Meadow St, Portland, OR 97035",September
249713,iPhone,1,700.0,2019-09-19 19:09:00,"806 Adams St, Seattle, WA 98101",September
257780,iPhone,1,700.0,2019-09-10 18:47:00,"458 Cherry St, New York City, NY 10001",September
249854,iPhone,1,700.0,2019-09-26 18:43:00,"675 Jackson St, Los Angeles, CA 90001",September
253179,iPhone,1,700.0,2019-09-30 19:20:00,"914 11th St, Boston, MA 02215",September
255676,iPhone,1,700.0,2019-09-04 09:50:00,"650 Adams St, Los Angeles, CA 90001",September
248175,iPhone,1,700.0,2019-09-08 13:58:00,"736 4th St, Austin, TX 73301",September
257348,iPhone,1,700.0,2019-09-03 11:51:00,"518 Hill St, San Francisco, CA 94016",September
259291,iPhone,1,700.0,2019-09-07 18:43:00,"841 Park St, Portland, OR 97035",September
248785,iPhone,1,700.0,2019-09-13 19:28:00,"44 River St, Portland, OR 97035",September
251776,iPhone,1,700.0,2019-09-06 20:00:00,"48 6th St, Seattle, WA 98101",September
252036,iPhone,1,700.0,2019-09-06 11:49:00,"954 5th St, New York City, NY 10001",September
254673,iPhone,1,700.0,2019-09-09 11:56:00,"238 Madison St, San Francisco, CA 94016",September
255287,iPhone,1,700.0,2019-09-20 20:34:00,"760 Chestnut St, Austin, TX 73301",September
256105,iPhone,1,700.0,2019-09-26 20:16:00,"516 Lincoln St, New York City, NY 10001",September
257646,iPhone,1,700.0,2019-09-23 19:12:00,"532 Pine St, Dallas, TX 75001",September
258015,iPhone,1,700.0,2019-09-06 19:40:00,"906 Church St, Los Angeles, CA 90001",September
258545,iPhone,1,700.0,2019-09-16 21:43:00,"760 13th St, San Francisco, CA 94016",September
253987,iPhone,1,700.0,2019-09-27 23:11:00,"245 North St, San Francisco, CA 94016",September
254505,iPhone,1,700.0,2019-09-18 18:09:00,"423 Maple St, Atlanta, GA 30301",September
255136,iPhone,1,700.0,2019-09-02 20:04:00,"157 4th St, Los Angeles, CA 90001",September
248926,iPhone,1,700.0,2019-09-29 18:10:00,"723 Church St, Dallas, TX 75001",September
249081,iPhone,1,700.0,2019-09-19 22:23:00,"108 Dogwood St, San Francisco, CA 94016",September
249766,iPhone,1,700.0,2019-09-30 17:21:00,"864 Maple St, Los Angeles, CA 90001",September
250625,iPhone,1,700.0,2019-09-11 20:18:00,"225 Forest St, Austin, TX 73301",September
250832,iPhone,1,700.0,2019-09-08 08:16:00,"750 Willow St, New York City, NY 10001",September
253852,iPhone,1,700.0,2019-09-17 21:34:00,"231 South St, Seattle, WA 98101",September
256596,iPhone,1,700.0,2019-09-23 10:48:00,"477 Church St, New York City, NY 10001",September
259121,iPhone,1,700.0,2019-09-08 22:48:00,"190 Meadow St, Austin, TX 73301",September
254904,iPhone,1,700.0,2019-09-01 16:34:00,"664 Jackson St, Portland, OR 97035",September
256384,iPhone,1,700.0,2019-09-18 12:10:00,"999 Meadow St, New York City, NY 10001",September
258644,iPhone,1,700.0,2019-09-30 10:34:00,"587 North St, Atlanta, GA 30301",September
253414,iPhone,1,700.0,2019-09-28 19:30:00,"101 Johnson St, Dallas, TX 75001",September
254477,iPhone,2,700.0,2019-09-12 12:15:00,"627 Sunset St, Boston, MA 02215",September
255110,iPhone,1,700.0,2019-09-09 17:30:00,"573 13th St, Dallas, TX 75001",September
252580,iPhone,1,700.0,2019-09-12 16:37:00,"934 7th St, San Francisco, CA 94016",September
253512,iPhone,1,700.0,2019-09-07 20:35:00,"470 Dogwood St, San Francisco, CA 94016",September
257499,iPhone,1,700.0,2019-09-30 14:27:00,"800 Madison St, Los Angeles, CA 90001",September
250939,iPhone,1,700.0,2019-09-24 20:17:00,"645 Meadow St, Austin, TX 73301",September
252613,iPhone,1,700.0,2019-09-19 14:11:00,"604 13th St, New York City, NY 10001",September
253181,iPhone,1,700.0,2019-09-26 10:50:00,"955 Church St, Boston, MA 02215",September
253863,iPhone,1,700.0,2019-09-25 18:59:00,"432 South St, Atlanta, GA 30301",September
255162,iPhone,1,700.0,2019-09-16 10:55:00,"450 6th St, Los Angeles, CA 90001",September
259278,iPhone,1,700.0,2019-09-11 07:24:00,"505 Hickory St, Atlanta, GA 30301",September
250534,iPhone,1,700.0,2019-09-29 21:37:00,"960 Madison St, Dallas, TX 75001",September
253796,iPhone,1,700.0,2019-09-02 13:11:00,"114 6th St, San Francisco, CA 94016",September
255402,iPhone,1,700.0,2019-09-29 22:27:00,"833 Center St, Los Angeles, CA 90001",September
254230,iPhone,1,700.0,2019-09-29 18:56:00,"529 6th St, Los Angeles, CA 90001",September
254857,iPhone,1,700.0,2019-09-05 15:50:00,"423 Elm St, Los Angeles, CA 90001",September
257400,iPhone,1,700.0,2019-09-03 21:15:00,"438 Johnson St, Atlanta, GA 30301",September
249635,iPhone,1,700.0,2019-09-30 15:57:00,"425 River St, Portland, ME 04101",September
252609,iPhone,1,700.0,2019-09-03 10:52:00,"180 Cherry St, Boston, MA 02215",September
252812,iPhone,1,700.0,2019-09-16 16:59:00,"245 Park St, San Francisco, CA 94016",September
252897,iPhone,1,700.0,2019-09-12 23:43:00,"236 Jefferson St, New York City, NY 10001",September
248648,iPhone,1,700.0,2019-09-13 17:48:00,"637 Lincoln St, San Francisco, CA 94016",September
249161,iPhone,1,700.0,2019-09-22 11:36:00,"838 1st St, Boston, MA 02215",September
249380,iPhone,1,700.0,2019-09-28 19:16:00,"976 5th St, Los Angeles, CA 90001",September
253415,iPhone,1,700.0,2019-09-19 16:05:00,"833 Chestnut St, Los Angeles, CA 90001",September
249633,iPhone,1,700.0,2019-09-29 18:00:00,"710 11th St, Boston, MA 02215",September
251045,iPhone,1,700.0,2019-09-10 21:36:00,"19 13th St, Los Angeles, CA 90001",September
252632,iPhone,1,700.0,2019-09-05 09:47:00,"975 Hill St, Boston, MA 02215",September
255016,iPhone,1,700.0,2019-09-06 00:46:00,"437 Church St, Atlanta, GA 30301",September
263600,iPhone,1,700.0,2019-10-06 01:36:00,"561 Meadow St, Seattle, WA 98101",October
277052,iPhone,1,700.0,2019-10-23 09:38:00,"116 Highland St, Atlanta, GA 30301",October
272065,iPhone,1,700.0,2019-10-22 22:07:00,"902 Lake St, San Francisco, CA 94016",October
273493,iPhone,1,700.0,2019-10-13 15:55:00,"779 South St, Los Angeles, CA 90001",October
277402,iPhone,1,700.0,2019-10-25 18:53:00,"688 Adams St, Austin, TX 73301",October
263402,iPhone,1,700.0,2019-10-05 13:49:00,"829 13th St, Dallas, TX 75001",October
271317,iPhone,1,700.0,2019-10-26 13:06:00,"466 Lakeview St, New York City, NY 10001",October
266102,iPhone,1,700.0,2019-10-22 21:29:00,"974 Main St, Dallas, TX 75001",October
273097,iPhone,1,700.0,2019-10-28 10:40:00,"428 Lakeview St, Seattle, WA 98101",October
261496,iPhone,1,700.0,2019-10-29 14:35:00,"67 Wilson St, Atlanta, GA 30301",October
262514,iPhone,1,700.0,2019-10-28 20:13:00,"895 Park St, Los Angeles, CA 90001",October
263790,iPhone,1,700.0,2019-10-05 18:25:00,"79 Ridge St, San Francisco, CA 94016",October
275285,iPhone,1,700.0,2019-10-09 16:56:00,"642 8th St, Los Angeles, CA 90001",October
275302,iPhone,1,700.0,2019-10-06 18:41:00,"932 8th St, San Francisco, CA 94016",October
277256,iPhone,1,700.0,2019-10-24 23:21:00,"656 Willow St, Austin, TX 73301",October
266111,iPhone,1,700.0,2019-10-11 22:21:00,"61 Johnson St, Los Angeles, CA 90001",October
268103,iPhone,1,700.0,2019-10-31 12:59:00,"929 7th St, Seattle, WA 98101",October
261478,iPhone,1,700.0,2019-10-08 20:04:00,"398 13th St, Austin, TX 73301",October
272309,iPhone,1,700.0,2019-10-01 11:58:00,"238 Maple St, Atlanta, GA 30301",October
259371,iPhone,1,700.0,2019-10-26 12:12:00,"306 Main St, Los Angeles, CA 90001",October
265130,iPhone,1,700.0,2019-10-25 08:04:00,"816 Park St, Los Angeles, CA 90001",October
276392,iPhone,1,700.0,2019-10-22 19:12:00,"479 Center St, San Francisco, CA 94016",October
260515,iPhone,1,700.0,2019-10-17 22:41:00,"340 12th St, New York City, NY 10001",October
262625,iPhone,1,700.0,2019-10-02 19:37:00,"594 Main St, Boston, MA 02215",October
265036,iPhone,1,700.0,2019-10-21 18:41:00,"453 Lakeview St, Portland, OR 97035",October
268055,iPhone,1,700.0,2019-10-10 15:56:00,"476 Willow St, Los Angeles, CA 90001",October
278312,iPhone,1,700.0,2019-10-23 22:00:00,"251 Forest St, Los Angeles, CA 90001",October
278795,iPhone,1,700.0,2019-10-31 17:21:00,"291 Hill St, Seattle, WA 98101",October
267897,iPhone,1,700.0,2019-10-18 16:42:00,"554 Willow St, Seattle, WA 98101",October
269484,iPhone,1,700.0,2019-10-29 14:53:00,"927 Ridge St, Boston, MA 02215",October
270975,iPhone,1,700.0,2019-10-05 00:38:00,"916 Chestnut St, New York City, NY 10001",October
276161,iPhone,1,700.0,2019-10-25 18:41:00,"315 Center St, San Francisco, CA 94016",October
264359,iPhone,1,700.0,2019-10-05 14:04:00,"261 West St, San Francisco, CA 94016",October
259557,iPhone,1,700.0,2019-10-12 09:56:00,"605 13th St, Boston, MA 02215",October
276179,iPhone,1,700.0,2019-10-15 19:17:00,"931 11th St, New York City, NY 10001",October
259593,iPhone,1,700.0,2019-10-31 10:17:00,"61 6th St, Dallas, TX 75001",October
261992,iPhone,1,700.0,2019-10-08 13:07:00,"286 Cherry St, San Francisco, CA 94016",October
273269,iPhone,1,700.0,2019-10-24 05:33:00,"498 11th St, Los Angeles, CA 90001",October
260632,iPhone,1,700.0,2019-10-26 20:18:00,"39 Ridge St, New York City, NY 10001",October
264200,iPhone,1,700.0,2019-10-31 19:08:00,"314 Chestnut St, Dallas, TX 75001",October
264753,iPhone,1,700.0,2019-10-01 10:53:00,"378 Adams St, San Francisco, CA 94016",October
271382,iPhone,1,700.0,2019-10-10 15:06:00,"246 Hickory St, New York City, NY 10001",October
266369,iPhone,1,700.0,2019-10-02 11:01:00,"216 Lincoln St, Austin, TX 73301",October
275105,iPhone,1,700.0,2019-10-14 04:06:00,"474 Spruce St, San Francisco, CA 94016",October
269864,iPhone,1,700.0,2019-10-13 12:55:00,"81 Jefferson St, San Francisco, CA 94016",October
260468,iPhone,1,700.0,2019-10-20 22:44:00,"746 Jefferson St, Dallas, TX 75001",October
272360,iPhone,1,700.0,2019-10-04 19:47:00,"6 Lakeview St, Atlanta, GA 30301",October
261573,iPhone,1,700.0,2019-10-01 09:40:00,"461 9th St, Atlanta, GA 30301",October
276573,iPhone,1,700.0,2019-10-05 01:31:00,"979 Meadow St, Portland, OR 97035",October
265256,iPhone,1,700.0,2019-10-31 08:59:00,"126 Hill St, Los Angeles, CA 90001",October
268279,iPhone,1,700.0,2019-10-04 14:16:00,"858 5th St, Dallas, TX 75001",October
269030,iPhone,1,700.0,2019-10-14 21:44:00,"922 Lake St, Seattle, WA 98101",October
275100,iPhone,1,700.0,2019-10-14 19:33:00,"178 Willow St, Atlanta, GA 30301",October
263923,iPhone,1,700.0,2019-10-16 15:31:00,"349 Highland St, Atlanta, GA 30301",October
267315,iPhone,1,700.0,2019-10-29 18:07:00,"140 8th St, Austin, TX 73301",October
272711,iPhone,1,700.0,2019-10-21 19:30:00,"750 Chestnut St, New York City, NY 10001",October
273316,iPhone,1,700.0,2019-10-18 13:59:00,"708 Center St, Los Angeles, CA 90001",October
273983,iPhone,1,700.0,2019-10-04 06:54:00,"208 Pine St, Portland, OR 97035",October
278594,iPhone,1,700.0,2019-10-12 14:46:00,"956 Sunset St, San Francisco, CA 94016",October
262207,iPhone,1,700.0,2019-10-22 11:45:00,"46 Elm St, Austin, TX 73301",October
264296,iPhone,1,700.0,2019-10-18 22:43:00,"825 Church St, San Francisco, CA 94016",October
265721,iPhone,1,700.0,2019-10-16 23:25:00,"131 7th St, New York City, NY 10001",October
266776,iPhone,1,700.0,2019-10-30 11:04:00,"4 8th St, San Francisco, CA 94016",October
266840,iPhone,1,700.0,2019-10-10 22:54:00,"838 Hickory St, Los Angeles, CA 90001",October
272057,iPhone,1,700.0,2019-10-27 21:17:00,"684 Jackson St, San Francisco, CA 94016",October
272895,iPhone,1,700.0,2019-10-27 00:11:00,"676 Wilson St, Dallas, TX 75001",October
278713,iPhone,1,700.0,2019-10-31 20:00:00,"179 Walnut St, San Francisco, CA 94016",October
263845,iPhone,1,700.0,2019-10-26 12:11:00,"339 Willow St, Los Angeles, CA 90001",October
264246,iPhone,1,700.0,2019-10-10 07:28:00,"979 Maple St, San Francisco, CA 94016",October
265833,iPhone,1,700.0,2019-10-20 07:02:00,"581 2nd St, San Francisco, CA 94016",October
268619,iPhone,1,700.0,2019-10-14 17:24:00,"330 8th St, Austin, TX 73301",October
273937,iPhone,1,700.0,2019-10-15 11:12:00,"428 Madison St, Atlanta, GA 30301",October
278450,iPhone,1,700.0,2019-10-04 07:50:00,"808 Hickory St, San Francisco, CA 94016",October
272490,iPhone,1,700.0,2019-10-06 12:18:00,"386 Elm St, Los Angeles, CA 90001",October
276126,iPhone,1,700.0,2019-10-18 11:42:00,"20 Lakeview St, Boston, MA 02215",October
263147,iPhone,1,700.0,2019-10-31 11:43:00,"177 6th St, Atlanta, GA 30301",October
264908,iPhone,1,700.0,2019-10-03 13:41:00,"284 Main St, Atlanta, GA 30301",October
269989,iPhone,1,700.0,2019-10-27 18:11:00,"439 Spruce St, San Francisco, CA 94016",October
260343,iPhone,1,700.0,2019-10-12 21:45:00,"404 River St, New York City, NY 10001",October
262593,iPhone,1,700.0,2019-10-14 07:51:00,"284 8th St, New York City, NY 10001",October
267816,iPhone,1,700.0,2019-10-22 18:11:00,"773 Madison St, Portland, ME 04101",October
268332,iPhone,1,700.0,2019-10-12 23:31:00,"475 South St, Los Angeles, CA 90001",October
269889,iPhone,1,700.0,2019-10-16 15:10:00,"229 10th St, Austin, TX 73301",October
270360,iPhone,1,700.0,2019-10-20 16:25:00,"650 Spruce St, Austin, TX 73301",October
272989,iPhone,1,700.0,2019-10-05 09:58:00,"725 Highland St, San Francisco, CA 94016",October
273111,iPhone,1,700.0,2019-10-30 11:33:00,"249 North St, Atlanta, GA 30301",October
278787,iPhone,1,700.0,2019-10-23 17:06:00,"51 South St, Atlanta, GA 30301",October
262721,iPhone,1,700.0,2019-10-07 18:52:00,"117 Washington St, San Francisco, CA 94016",October
266301,iPhone,1,700.0,2019-10-15 20:55:00,"253 Johnson St, Los Angeles, CA 90001",October
268599,iPhone,1,700.0,2019-10-04 12:06:00,"457 Center St, Los Angeles, CA 90001",October
268753,iPhone,1,700.0,2019-10-02 23:17:00,"375 9th St, New York City, NY 10001",October
272023,iPhone,1,700.0,2019-10-14 09:09:00,"840 Johnson St, Atlanta, GA 30301",October
276921,iPhone,1,700.0,2019-10-11 21:48:00,"225 River St, Dallas, TX 75001",October
271508,iPhone,1,700.0,2019-10-18 18:41:00,"609 Dogwood St, Seattle, WA 98101",October
272705,iPhone,1,700.0,2019-10-01 17:38:00,"979 Park St, San Francisco, CA 94016",October
273587,iPhone,1,700.0,2019-10-28 10:23:00,"784 Church St, Seattle, WA 98101",October
274637,iPhone,1,700.0,2019-10-21 19:08:00,"592 Washington St, Los Angeles, CA 90001",October
277837,iPhone,1,700.0,2019-10-25 21:53:00,"773 Johnson St, Los Angeles, CA 90001",October
261017,iPhone,1,700.0,2019-10-31 15:07:00,"584 Maple St, San Francisco, CA 94016",October
262169,iPhone,1,700.0,2019-10-08 21:16:00,"412 1st St, San Francisco, CA 94016",October
263335,iPhone,1,700.0,2019-10-15 14:25:00,"610 Madison St, Atlanta, GA 30301",October
268829,iPhone,1,700.0,2019-10-20 21:10:00,"344 South St, Boston, MA 02215",October
271595,iPhone,1,700.0,2019-10-13 16:38:00,"911 South St, New York City, NY 10001",October
275886,iPhone,1,700.0,2019-10-11 12:17:00,"753 Cherry St, Portland, OR 97035",October
261979,iPhone,1,700.0,2019-10-10 18:00:00,"635 North St, New York City, NY 10001",October
266322,iPhone,1,700.0,2019-10-15 21:40:00,"843 Cherry St, Boston, MA 02215",October
271756,iPhone,1,700.0,2019-10-18 12:23:00,"780 Dogwood St, Boston, MA 02215",October
261328,iPhone,1,700.0,2019-10-27 10:08:00,"150 Highland St, Boston, MA 02215",October
263521,iPhone,1,700.0,2019-10-03 20:55:00,"128 11th St, Dallas, TX 75001",October
267934,iPhone,1,700.0,2019-10-23 19:38:00,"74 Meadow St, Los Angeles, CA 90001",October
273788,iPhone,1,700.0,2019-10-06 19:38:00,"795 Church St, San Francisco, CA 94016",October
274346,iPhone,1,700.0,2019-10-19 18:50:00,"317 14th St, San Francisco, CA 94016",October
269563,iPhone,1,700.0,2019-10-08 15:24:00,"924 Meadow St, Boston, MA 02215",October
277370,iPhone,1,700.0,2019-10-30 04:07:00,"211 Pine St, Boston, MA 02215",October
262755,iPhone,1,700.0,2019-10-12 19:36:00,"496 Hill St, New York City, NY 10001",October
274710,iPhone,1,700.0,2019-10-10 19:58:00,"722 Cedar St, Los Angeles, CA 90001",October
275450,iPhone,1,700.0,2019-10-01 05:20:00,"337 North St, Dallas, TX 75001",October
279792,iPhone,1,700.0,2019-11-06 06:09:00,"727 Center St, Los Angeles, CA 90001",November
287900,iPhone,1,700.0,2019-11-15 11:10:00,"955 South St, San Francisco, CA 94016",November
289487,iPhone,1,700.0,2019-11-27 11:06:00,"793 Chestnut St, San Francisco, CA 94016",November
294097,iPhone,1,700.0,2019-11-27 12:24:00,"599 Center St, San Francisco, CA 94016",November
279734,iPhone,1,700.0,2019-11-04 23:28:00,"28 1st St, Atlanta, GA 30301",November
282970,iPhone,1,700.0,2019-11-02 15:54:00,"918 1st St, New York City, NY 10001",November
284944,iPhone,1,700.0,2019-11-21 17:03:00,"702 Ridge St, San Francisco, CA 94016",November
285199,iPhone,1,700.0,2019-11-06 20:08:00,"749 Hill St, Los Angeles, CA 90001",November
286557,iPhone,1,700.0,2019-11-22 12:41:00,"608 Spruce St, Seattle, WA 98101",November
279034,iPhone,1,700.0,2019-11-30 13:10:00,"221 Forest St, Dallas, TX 75001",November
286866,iPhone,1,700.0,2019-11-21 20:39:00,"86 North St, New York City, NY 10001",November
288091,iPhone,1,700.0,2019-11-28 18:01:00,"18 13th St, Austin, TX 73301",November
284928,iPhone,1,700.0,2019-11-30 13:55:00,"548 Main St, Boston, MA 02215",November
285071,iPhone,1,700.0,2019-11-08 15:55:00,"957 4th St, San Francisco, CA 94016",November
282845,iPhone,1,700.0,2019-11-27 02:00:00,"218 Maple St, Boston, MA 02215",November
284454,iPhone,1,700.0,2019-11-15 09:44:00,"458 10th St, Seattle, WA 98101",November
289087,iPhone,1,700.0,2019-11-30 20:35:00,"623 West St, Boston, MA 02215",November
291494,iPhone,1,700.0,2019-11-04 17:43:00,"545 Walnut St, Dallas, TX 75001",November
287013,iPhone,1,700.0,2019-11-05 18:23:00,"521 Park St, Seattle, WA 98101",November
285940,iPhone,1,700.0,2019-11-12 08:16:00,"88 Sunset St, Seattle, WA 98101",November
278946,iPhone,1,700.0,2019-11-19 18:25:00,"361 9th St, San Francisco, CA 94016",November
294298,iPhone,1,700.0,2019-11-28 10:38:00,"124 West St, Dallas, TX 75001",November
294583,iPhone,1,700.0,2019-11-12 19:38:00,"787 4th St, Boston, MA 02215",November
279519,iPhone,1,700.0,2019-11-13 08:04:00,"952 10th St, Boston, MA 02215",November
288090,iPhone,1,700.0,2019-11-02 22:22:00,"56 Sunset St, San Francisco, CA 94016",November
292920,iPhone,1,700.0,2019-11-22 18:55:00,"52 Lake St, Los Angeles, CA 90001",November
282824,iPhone,1,700.0,2019-11-27 15:25:00,"848 Pine St, New York City, NY 10001",November
280885,iPhone,1,700.0,2019-11-01 17:35:00,"468 5th St, Portland, OR 97035",November
289230,iPhone,1,700.0,2019-11-16 16:32:00,"296 Pine St, Seattle, WA 98101",November
290067,iPhone,1,700.0,2019-11-23 22:53:00,"878 Madison St, Los Angeles, CA 90001",November
294199,iPhone,1,700.0,2019-11-23 16:52:00,"742 Park St, Los Angeles, CA 90001",November
280741,iPhone,1,700.0,2019-11-07 09:44:00,"879 14th St, San Francisco, CA 94016",November
283200,iPhone,1,700.0,2019-11-17 13:39:00,"806 Cedar St, Los Angeles, CA 90001",November
282558,iPhone,1,700.0,2019-11-14 19:04:00,"681 Lake St, Los Angeles, CA 90001",November
283582,iPhone,1,700.0,2019-11-16 23:13:00,"480 Meadow St, San Francisco, CA 94016",November
291287,iPhone,1,700.0,2019-11-15 09:38:00,"662 11th St, San Francisco, CA 94016",November
292009,iPhone,1,700.0,2019-11-01 11:57:00,"432 10th St, New York City, NY 10001",November
295315,iPhone,1,700.0,2019-11-01 06:18:00,"774 4th St, Atlanta, GA 30301",November
288308,iPhone,1,700.0,2019-11-16 21:22:00,"291 Walnut St, Atlanta, GA 30301",November
287437,iPhone,1,700.0,2019-11-18 13:07:00,"531 13th St, Los Angeles, CA 90001",November
287764,iPhone,1,700.0,2019-11-17 12:11:00,"913 7th St, Portland, OR 97035",November
284819,iPhone,1,700.0,2019-11-28 12:49:00,"82 Cedar St, New York City, NY 10001",November
292816,iPhone,1,700.0,2019-11-21 10:22:00,"184 Dogwood St, Boston, MA 02215",November
293061,iPhone,1,700.0,2019-11-01 15:25:00,"93 Highland St, Los Angeles, CA 90001",November
288667,iPhone,1,700.0,2019-11-03 11:36:00,"543 Main St, Seattle, WA 98101",November
291526,iPhone,1,700.0,2019-11-11 09:50:00,"761 9th St, New York City, NY 10001",November
282010,iPhone,1,700.0,2019-11-01 12:46:00,"133 8th St, Los Angeles, CA 90001",November
283712,iPhone,1,700.0,2019-11-28 10:26:00,"771 Cherry St, San Francisco, CA 94016",November
279838,iPhone,1,700.0,2019-11-08 08:36:00,"383 Madison St, New York City, NY 10001",November
281582,iPhone,1,700.0,2019-11-02 13:14:00,"185 Center St, New York City, NY 10001",November
284353,iPhone,1,700.0,2019-11-12 15:23:00,"855 Church St, Boston, MA 02215",November
279475,iPhone,1,700.0,2019-11-07 22:10:00,"631 Elm St, Los Angeles, CA 90001",November
280142,iPhone,1,700.0,2019-11-02 15:12:00,"620 5th St, Los Angeles, CA 90001",November
281384,iPhone,1,700.0,2019-11-15 12:10:00,"340 Cherry St, Portland, ME 04101",November
283248,iPhone,1,700.0,2019-11-05 11:13:00,"378 Jefferson St, San Francisco, CA 94016",November
285137,iPhone,1,700.0,2019-11-12 10:00:00,"685 Sunset St, Austin, TX 73301",November
289187,iPhone,1,700.0,2019-11-24 17:58:00,"965 Main St, San Francisco, CA 94016",November
293685,iPhone,1,700.0,2019-11-30 12:43:00,"459 Washington St, Dallas, TX 75001",November
279070,iPhone,1,700.0,2019-11-21 16:01:00,"407 North St, Los Angeles, CA 90001",November
279404,iPhone,1,700.0,2019-11-02 00:44:00,"168 Adams St, New York City, NY 10001",November
284579,iPhone,1,700.0,2019-11-25 17:08:00,"652 Spruce St, Los Angeles, CA 90001",November
285884,iPhone,1,700.0,2019-11-02 11:39:00,"438 2nd St, Los Angeles, CA 90001",November
288373,iPhone,1,700.0,2019-11-23 23:21:00,"808 11th St, Austin, TX 73301",November
288732,iPhone,1,700.0,2019-11-13 11:46:00,"902 Adams St, Boston, MA 02215",November
294241,iPhone,1,700.0,2019-11-15 22:27:00,"197 Main St, Boston, MA 02215",November
281102,iPhone,1,700.0,2019-11-28 22:09:00,"442 Adams St, Atlanta, GA 30301",November
282079,iPhone,1,700.0,2019-11-02 15:00:00,"522 Hill St, San Francisco, CA 94016",November
285242,iPhone,1,700.0,2019-11-04 14:33:00,"1 Wilson St, San Francisco, CA 94016",November
287175,iPhone,1,700.0,2019-11-12 08:21:00,"113 Washington St, San Francisco, CA 94016",November
289370,iPhone,1,700.0,2019-11-05 14:09:00,"264 4th St, Los Angeles, CA 90001",November
281717,iPhone,1,700.0,2019-11-22 12:17:00,"831 Wilson St, San Francisco, CA 94016",November
284092,iPhone,1,700.0,2019-11-27 17:48:00,"223 Willow St, Portland, ME 04101",November
294838,iPhone,1,700.0,2019-11-02 00:48:00,"107 7th St, Seattle, WA 98101",November
279568,iPhone,1,700.0,2019-11-18 11:36:00,"220 Church St, Los Angeles, CA 90001",November
279974,iPhone,1,700.0,2019-11-11 08:20:00,"300 Maple St, San Francisco, CA 94016",November
282758,iPhone,1,700.0,2019-11-11 21:58:00,"440 Maple St, Austin, TX 73301",November
285812,iPhone,1,700.0,2019-11-21 20:28:00,"754 Main St, New York City, NY 10001",November
288998,iPhone,1,700.0,2019-11-23 11:52:00,"426 Jefferson St, Los Angeles, CA 90001",November
281422,iPhone,1,700.0,2019-11-03 21:12:00,"635 10th St, San Francisco, CA 94016",November
283466,iPhone,1,700.0,2019-11-29 12:17:00,"995 Cherry St, Dallas, TX 75001",November
288870,iPhone,1,700.0,2019-11-15 17:36:00,"229 Willow St, Portland, OR 97035",November
284429,iPhone,1,700.0,2019-11-13 08:22:00,"370 Lincoln St, Seattle, WA 98101",November
292821,iPhone,1,700.0,2019-11-03 08:27:00,"130 Church St, San Francisco, CA 94016",November
283358,iPhone,1,700.0,2019-11-17 20:42:00,"47 Willow St, San Francisco, CA 94016",November
285227,iPhone,1,700.0,2019-11-20 12:27:00,"189 8th St, Portland, ME 04101",November
292376,iPhone,1,700.0,2019-11-19 23:58:00,"363 12th St, Seattle, WA 98101",November
295260,iPhone,1,700.0,2019-11-10 12:10:00,"59 6th St, Portland, OR 97035",November
289871,iPhone,1,700.0,2019-11-22 13:30:00,"11 Hill St, San Francisco, CA 94016",November
290239,iPhone,1,700.0,2019-11-11 17:30:00,"508 Washington St, San Francisco, CA 94016",November
291066,iPhone,1,700.0,2019-11-18 19:06:00,"10 7th St, Los Angeles, CA 90001",November
279065,iPhone,1,700.0,2019-11-14 11:12:00,"977 Johnson St, Atlanta, GA 30301",November
280537,iPhone,1,700.0,2019-11-25 13:10:00,"580 1st St, Los Angeles, CA 90001",November
288185,iPhone,1,700.0,2019-11-20 12:36:00,"996 Walnut St, Los Angeles, CA 90001",November
288842,iPhone,1,700.0,2019-11-06 11:53:00,"655 Pine St, Los Angeles, CA 90001",November
290338,iPhone,1,700.0,2019-11-22 17:37:00,"147 Sunset St, Atlanta, GA 30301",November
293838,iPhone,1,700.0,2019-11-28 10:14:00,"35 North St, San Francisco, CA 94016",November
294718,iPhone,1,700.0,2019-11-06 14:05:00,"388 Hickory St, New York City, NY 10001",November
303154,iPhone,1,700.0,2019-12-25 08:53:00,"126 Church St, San Francisco, CA 94016",December
304692,iPhone,1,700.0,2019-12-19 09:45:00,"945 Hickory St, Boston, MA 02215",December
313056,iPhone,1,700.0,2019-12-31 18:40:00,"870 Forest St, New York City, NY 10001",December
316553,iPhone,1,700.0,2019-12-04 21:08:00,"572 Dogwood St, Portland, OR 97035",December
295735,iPhone,1,700.0,2019-12-22 18:25:00,"374 Lincoln St, New York City, NY 10001",December
300222,iPhone,1,700.0,2019-12-16 16:14:00,"957 Hill St, New York City, NY 10001",December
303368,iPhone,1,700.0,2019-12-08 14:39:00,"605 Cedar St, Boston, MA 02215",December
305554,iPhone,1,700.0,2019-12-13 00:37:00,"347 Center St, Boston, MA 02215",December
308304,iPhone,1,700.0,2019-12-29 12:49:00,"268 Jackson St, Boston, MA 02215",December
311225,iPhone,1,700.0,2019-12-27 14:43:00,"166 13th St, Boston, MA 02215",December
314038,iPhone,1,700.0,2019-12-26 20:25:00,"116 Sunset St, Portland, OR 97035",December
317932,iPhone,1,700.0,2019-12-02 08:42:00,"944 Walnut St, Austin, TX 73301",December
318203,iPhone,1,700.0,2019-12-05 17:59:00,"488 Center St, San Francisco, CA 94016",December
297194,iPhone,1,700.0,2019-12-30 16:11:00,"771 Hill St, New York City, NY 10001",December
299303,iPhone,1,700.0,2019-12-10 22:46:00,"199 Dogwood St, New York City, NY 10001",December
305665,iPhone,1,700.0,2019-12-22 23:28:00,"725 Hickory St, Los Angeles, CA 90001",December
314293,iPhone,1,700.0,2019-12-25 16:38:00,"318 Cherry St, San Francisco, CA 94016",December
314347,iPhone,1,700.0,2019-12-09 19:22:00,"80 6th St, San Francisco, CA 94016",December
298138,iPhone,1,700.0,2019-12-29 18:02:00,"884 Hickory St, Boston, MA 02215",December
298207,iPhone,1,700.0,2019-12-10 10:57:00,"387 Maple St, San Francisco, CA 94016",December
303258,iPhone,1,700.0,2019-12-11 08:27:00,"37 Washington St, San Francisco, CA 94016",December
305837,iPhone,1,700.0,2019-12-15 19:43:00,"206 Willow St, San Francisco, CA 94016",December
319417,iPhone,1,700.0,2019-12-14 09:40:00,"708 Hickory St, New York City, NY 10001",December
319603,iPhone,1,700.0,2019-12-26 19:06:00,"102 9th St, Boston, MA 02215",December
312777,iPhone,1,700.0,2019-12-08 17:53:00,"394 2nd St, San Francisco, CA 94016",December
297073,iPhone,1,700.0,2019-12-29 12:14:00,"695 4th St, Boston, MA 02215",December
314568,iPhone,1,700.0,2019-12-05 12:36:00,"803 North St, San Francisco, CA 94016",December
319239,iPhone,1,700.0,2019-12-23 13:59:00,"42 Hill St, Los Angeles, CA 90001",December
298132,iPhone,1,700.0,2019-12-28 21:54:00,"903 1st St, San Francisco, CA 94016",December
308686,iPhone,1,700.0,2019-12-01 13:08:00,"634 West St, Seattle, WA 98101",December
311717,iPhone,1,700.0,2019-12-14 07:52:00,"153 Pine St, San Francisco, CA 94016",December
316775,iPhone,1,700.0,2019-12-20 11:38:00,"397 Meadow St, Boston, MA 02215",December
305259,iPhone,1,700.0,2019-12-22 18:58:00,"467 Center St, Boston, MA 02215",December
306586,iPhone,1,700.0,2019-12-20 13:54:00,"976 Elm St, Los Angeles, CA 90001",December
297251,iPhone,1,700.0,2019-12-19 20:19:00,"835 Main St, Austin, TX 73301",December
297576,iPhone,1,700.0,2019-12-24 13:31:00,"587 North St, New York City, NY 10001",December
301899,iPhone,1,700.0,2019-12-25 09:42:00,"506 Walnut St, Portland, OR 97035",December
303545,iPhone,1,700.0,2019-12-11 21:25:00,"456 7th St, San Francisco, CA 94016",December
308232,iPhone,1,700.0,2019-12-06 15:18:00,"997 12th St, San Francisco, CA 94016",December
312994,iPhone,1,700.0,2019-12-19 13:08:00,"879 13th St, Seattle, WA 98101",December
301034,iPhone,1,700.0,2019-12-14 08:29:00,"777 Jefferson St, New York City, NY 10001",December
302534,iPhone,1,700.0,2019-12-23 16:06:00,"899 Dogwood St, New York City, NY 10001",December
296574,iPhone,1,700.0,2019-12-17 20:17:00,"709 Spruce St, Los Angeles, CA 90001",December
301372,iPhone,1,700.0,2019-12-31 13:41:00,"41 Highland St, San Francisco, CA 94016",December
303287,iPhone,1,700.0,2019-12-18 22:00:00,"263 Madison St, Boston, MA 02215",December
307056,iPhone,1,700.0,2019-12-24 15:08:00,"788 13th St, New York City, NY 10001",December
309392,iPhone,1,700.0,2019-12-14 20:33:00,"199 Johnson St, New York City, NY 10001",December
316246,iPhone,1,700.0,2019-12-20 12:59:00,"213 Hill St, New York City, NY 10001",December
297023,iPhone,1,700.0,2019-12-12 00:22:00,"169 Hill St, New York City, NY 10001",December
297483,iPhone,1,700.0,2019-12-04 14:55:00,"705 Dogwood St, Boston, MA 02215",December
315857,iPhone,1,700.0,2019-12-29 16:25:00,"221 7th St, San Francisco, CA 94016",December
316205,iPhone,1,700.0,2019-12-18 21:29:00,"253 Center St, Boston, MA 02215",December
318238,iPhone,1,700.0,2019-12-26 11:41:00,"219 Church St, Los Angeles, CA 90001",December
297760,iPhone,1,700.0,2019-12-30 22:56:00,"917 Elm St, New York City, NY 10001",December
307910,iPhone,1,700.0,2019-12-06 11:42:00,"765 10th St, Seattle, WA 98101",December
310537,iPhone,1,700.0,2019-12-23 17:47:00,"359 South St, San Francisco, CA 94016",December
314298,iPhone,1,700.0,2019-12-26 20:54:00,"98 5th St, Seattle, WA 98101",December
314468,iPhone,1,700.0,2019-12-12 09:46:00,"294 2nd St, Portland, OR 97035",December
296371,iPhone,1,700.0,2019-12-29 20:32:00,"234 Cherry St, Los Angeles, CA 90001",December
307317,iPhone,1,700.0,2019-12-24 12:05:00,"522 South St, Boston, MA 02215",December
307429,iPhone,1,700.0,2019-12-21 11:36:00,"722 1st St, Portland, OR 97035",December
311153,iPhone,1,700.0,2019-12-27 18:28:00,"184 West St, Los Angeles, CA 90001",December
298483,iPhone,1,700.0,2019-12-03 09:45:00,"928 Pine St, Los Angeles, CA 90001",December
300659,iPhone,1,700.0,2019-12-11 22:58:00,"781 South St, San Francisco, CA 94016",December
312720,iPhone,1,700.0,2019-12-28 14:50:00,"43 Ridge St, Dallas, TX 75001",December
319529,iPhone,1,700.0,2019-12-17 23:35:00,"553 Jefferson St, Seattle, WA 98101",December
299527,iPhone,1,700.0,2019-12-29 15:31:00,"796 Johnson St, Los Angeles, CA 90001",December
306950,iPhone,1,700.0,2019-12-30 19:28:00,"273 Park St, Boston, MA 02215",December
311519,iPhone,1,700.0,2019-12-17 00:11:00,"679 Ridge St, Seattle, WA 98101",December
309531,iPhone,1,700.0,2019-12-11 15:58:00,"410 River St, San Francisco, CA 94016",December
296094,iPhone,1,700.0,2019-12-04 01:44:00,"376 4th St, Atlanta, GA 30301",December
296924,iPhone,1,700.0,2019-12-22 21:36:00,"754 10th St, Los Angeles, CA 90001",December
298069,iPhone,1,700.0,2019-12-20 12:42:00,"77 8th St, Los Angeles, CA 90001",December
316333,iPhone,1,700.0,2019-12-16 04:20:00,"604 Sunset St, San Francisco, CA 94016",December
301021,iPhone,1,700.0,2019-12-20 17:22:00,"729 West St, Los Angeles, CA 90001",December
302295,iPhone,1,700.0,2019-12-27 10:12:00,"215 Madison St, Seattle, WA 98101",December
296794,iPhone,1,700.0,2019-12-15 19:02:00,"788 Hill St, New York City, NY 10001",December
297832,iPhone,1,700.0,2019-12-12 12:36:00,"204 River St, New York City, NY 10001",December
300513,iPhone,1,700.0,2019-12-27 08:27:00,"131 Ridge St, San Francisco, CA 94016",December
303968,iPhone,1,700.0,2019-12-04 19:20:00,"982 5th St, Boston, MA 02215",December
305620,iPhone,1,700.0,2019-12-28 17:10:00,"647 Adams St, San Francisco, CA 94016",December
311606,iPhone,1,700.0,2019-12-04 20:35:00,"267 Forest St, Boston, MA 02215",December
312657,iPhone,1,700.0,2019-12-29 14:37:00,"289 Chestnut St, Austin, TX 73301",December
316785,iPhone,1,700.0,2019-12-19 12:50:00,"280 Forest St, San Francisco, CA 94016",December
297770,iPhone,1,700.0,2019-12-01 13:16:00,"104 Cherry St, San Francisco, CA 94016",December
299880,iPhone,1,700.0,2019-12-19 18:51:00,"144 Washington St, Boston, MA 02215",December
308408,iPhone,1,700.0,2019-12-10 22:38:00,"10 Madison St, Boston, MA 02215",December
301474,iPhone,1,700.0,2019-12-30 07:19:00,"594 Spruce St, Dallas, TX 75001",December
305861,iPhone,1,700.0,2019-12-16 22:45:00,"24 Lincoln St, Seattle, WA 98101",December
314341,iPhone,1,700.0,2019-12-09 16:35:00,"167 Hickory St, Seattle, WA 98101",December
315176,iPhone,1,700.0,2019-12-12 15:45:00,"450 2nd St, Austin, TX 73301",December
316385,iPhone,1,700.0,2019-12-24 05:58:00,"353 2nd St, Austin, TX 73301",December
303113,iPhone,1,700.0,2019-12-29 17:27:00,"615 Chestnut St, Austin, TX 73301",December
306082,iPhone,1,700.0,2019-12-30 05:04:00,"633 Lincoln St, New York City, NY 10001",December
171423,iPhone,1,700.0,2019-03-15 15:12:00,"80 Cedar St, New York City, NY 10001",March
218227,iPhone,1,700.0,2019-06-18 15:58:00,"742 West St, Atlanta, GA 30301",June
230915,iPhone,1,700.0,2019-07-21 17:53:00,"47 Park St, Los Angeles, CA 90001",July
229579,iPhone,1,700.0,2019-07-15 18:26:00,"349 Meadow St, San Francisco, CA 94016",July
238174,iPhone,1,700.0,2019-08-01 21:05:00,"455 8th St, Boston, MA 02215",August
237067,iPhone,1,700.0,2019-08-11 19:08:00,"730 West St, Boston, MA 02215",August
258195,iPhone,1,700.0,2019-09-11 12:04:00,"858 Dogwood St, Seattle, WA 98101",September
254376,iPhone,1,700.0,2019-09-24 18:27:00,"484 10th St, Los Angeles, CA 90001",September
252704,iPhone,1,700.0,2019-09-01 20:31:00,"285 Hill St, Los Angeles, CA 90001",September
266055,iPhone,1,700.0,2019-10-14 16:10:00,"594 Cherry St, San Francisco, CA 94016",October
266108,iPhone,1,700.0,2019-10-31 13:49:00,"57 Pine St, Portland, OR 97035",October
269080,iPhone,1,700.0,2019-10-23 12:19:00,"855 Spruce St, Boston, MA 02215",October
274699,iPhone,1,700.0,2019-10-18 17:26:00,"741 Cherry St, Seattle, WA 98101",October
288356,iPhone,1,700.0,2019-11-07 20:46:00,"957 11th St, San Francisco, CA 94016",November
281680,iPhone,1,700.0,2019-11-20 21:26:00,"319 Jefferson St, Portland, ME 04101",November
279668,iPhone,1,700.0,2019-11-23 17:57:00,"400 Meadow St, Los Angeles, CA 90001",November
282822,iPhone,1,700.0,2019-11-04 13:58:00,"31 Ridge St, Austin, TX 73301",November
299437,iPhone,1,700.0,2019-12-12 13:50:00,"198 Hill St, Boston, MA 02215",December
301945,iPhone,1,700.0,2019-12-26 17:08:00,"791 12th St, Portland, OR 97035",December
311601,iPhone,1,700.0,2019-12-18 08:16:00,"766 West St, San Francisco, CA 94016",December
313592,iPhone,1,700.0,2019-12-02 21:53:00,"816 2nd St, Los Angeles, CA 90001",December
318048,iPhone,1,700.0,2019-12-17 20:54:00,"361 Lincoln St, New York City, NY 10001",December
299442,iPhone,1,700.0,2019-12-26 09:17:00,"416 Center St, New York City, NY 10001",December
299785,iPhone,1,700.0,2019-12-06 17:42:00,"403 2nd St, Dallas, TX 75001",December
306955,iPhone,1,700.0,2019-12-20 20:34:00,"712 13th St, Los Angeles, CA 90001",December
313222,iPhone,1,700.0,2019-12-23 17:37:00,"267 11th St, Los Angeles, CA 90001",December
317356,iPhone,1,700.0,2019-12-08 18:54:00,"336 Church St, Dallas, TX 75001",December
318876,iPhone,1,700.0,2019-12-11 20:24:00,"150 Elm St, San Francisco, CA 94016",December
297847,iPhone,1,700.0,2019-12-01 15:06:00,"768 Maple St, New York City, NY 10001",December
302790,iPhone,1,700.0,2019-12-14 12:04:00,"185 South St, Boston, MA 02215",December
306441,iPhone,1,700.0,2019-12-26 11:55:00,"877 Center St, San Francisco, CA 94016",December
306846,iPhone,1,700.0,2019-12-03 20:03:00,"377 North St, New York City, NY 10001",December
308674,iPhone,1,700.0,2019-12-16 22:08:00,"171 Lincoln St, Los Angeles, CA 90001",December
309434,iPhone,1,700.0,2019-12-19 09:19:00,"664 5th St, New York City, NY 10001",December
303597,iPhone,1,700.0,2019-12-14 22:20:00,"951 10th St, Boston, MA 02215",December
305862,iPhone,1,700.0,2019-12-22 11:12:00,"200 Ridge St, San Francisco, CA 94016",December
307374,iPhone,1,700.0,2019-12-28 12:04:00,"84 South St, San Francisco, CA 94016",December
310415,iPhone,1,700.0,2019-12-01 19:07:00,"322 2nd St, San Francisco, CA 94016",December
314583,iPhone,1,700.0,2019-12-30 17:49:00,"539 14th St, San Francisco, CA 94016",December
314726,iPhone,1,700.0,2019-12-23 21:08:00,"174 Madison St, Austin, TX 73301",December
317918,iPhone,1,700.0,2019-12-24 15:30:00,"409 Madison St, Los Angeles, CA 90001",December
296869,iPhone,1,700.0,2019-12-06 01:43:00,"430 12th St, New York City, NY 10001",December
297648,iPhone,1,700.0,2019-12-21 00:06:00,"248 Hill St, New York City, NY 10001",December
304569,iPhone,1,700.0,2019-12-15 08:50:00,"519 Main St, Dallas, TX 75001",December
304928,iPhone,1,700.0,2019-12-23 23:02:00,"910 Johnson St, Los Angeles, CA 90001",December
310135,iPhone,1,700.0,2019-12-13 20:36:00,"37 Sunset St, Atlanta, GA 30301",December
296060,iPhone,1,700.0,2019-12-23 18:50:00,"951 Lakeview St, San Francisco, CA 94016",December
296213,iPhone,1,700.0,2019-12-04 07:37:00,"498 8th St, New York City, NY 10001",December
299574,iPhone,1,700.0,2019-12-09 12:13:00,"610 13th St, San Francisco, CA 94016",December
306996,iPhone,1,700.0,2019-12-11 16:59:00,"771 Jackson St, San Francisco, CA 94016",December
315008,iPhone,1,700.0,2019-12-27 21:28:00,"133 River St, Austin, TX 73301",December
316511,iPhone,1,700.0,2019-12-06 14:24:00,"56 Hickory St, Dallas, TX 75001",December
318225,iPhone,1,700.0,2019-12-24 08:21:00,"987 12th St, Atlanta, GA 30301",December
318994,iPhone,1,700.0,2019-12-03 15:59:00,"808 Park St, Boston, MA 02215",December
298973,iPhone,1,700.0,2019-12-04 15:16:00,"560 South St, Seattle, WA 98101",December
304739,iPhone,1,700.0,2019-12-20 14:24:00,"479 Adams St, Dallas, TX 75001",December
308591,iPhone,1,700.0,2019-12-12 23:16:00,"431 South St, Boston, MA 02215",December
308875,iPhone,1,700.0,2019-12-20 13:10:00,"192 Lakeview St, Boston, MA 02215",December
314988,iPhone,1,700.0,2019-12-05 12:32:00,"461 13th St, Boston, MA 02215",December
316221,iPhone,1,700.0,2019-12-19 15:23:00,"361 North St, San Francisco, CA 94016",December
296474,iPhone,1,700.0,2019-12-18 19:22:00,"464 Jefferson St, New York City, NY 10001",December
303344,iPhone,1,700.0,2019-12-26 16:19:00,"252 Cedar St, New York City, NY 10001",December
313102,iPhone,1,700.0,2019-12-31 16:28:00,"891 Sunset St, Los Angeles, CA 90001",December
295991,iPhone,1,700.0,2019-12-15 20:16:00,"857 Center St, Boston, MA 02215",December
314845,iPhone,1,700.0,2019-12-10 16:05:00,"155 Johnson St, Boston, MA 02215",December
316882,iPhone,1,700.0,2019-12-04 12:45:00,"555 14th St, New York City, NY 10001",December
317246,iPhone,1,700.0,2019-12-07 09:33:00,"663 Maple St, Dallas, TX 75001",December
317519,iPhone,1,700.0,2019-12-10 14:08:00,"261 10th St, Atlanta, GA 30301",December
317701,iPhone,1,700.0,2019-12-16 19:07:00,"428 North St, Austin, TX 73301",December
315203,iPhone,1,700.0,2019-12-30 13:40:00,"390 Main St, New York City, NY 10001",December
296841,iPhone,1,700.0,2019-12-31 11:52:00,"431 Lincoln St, Los Angeles, CA 90001",December
299250,iPhone,1,700.0,2019-12-22 23:33:00,"462 Dogwood St, Los Angeles, CA 90001",December
301907,iPhone,1,700.0,2019-12-12 11:07:00,"768 10th St, San Francisco, CA 94016",December
303827,iPhone,1,700.0,2019-12-26 18:55:00,"746 Lakeview St, Portland, OR 97035",December
313554,iPhone,1,700.0,2019-12-09 20:13:00,"144 Wilson St, Los Angeles, CA 90001",December
315842,iPhone,1,700.0,2019-12-07 22:01:00,"212 Forest St, Los Angeles, CA 90001",December
144353,iPhone,1,700.0,2019-01-05 04:52:00,"151 Main St, Dallas, TX 75001",January
144637,iPhone,1,700.0,2019-01-30 10:07:00,"941 Meadow St, New York City, NY 10001",January
147819,iPhone,1,700.0,2019-01-23 13:10:00,"992 8th St, Los Angeles, CA 90001",January
143051,iPhone,1,700.0,2019-01-25 19:53:00,"500 Dogwood St, Boston, MA 02215",January
147258,iPhone,1,700.0,2019-01-13 07:44:00,"273 12th St, San Francisco, CA 94016",January
147265,iPhone,1,700.0,2019-01-25 06:22:00,"81 7th St, Los Angeles, CA 90001",January
148067,iPhone,1,700.0,2019-01-02 07:58:00,"976 Johnson St, Los Angeles, CA 90001",January
149985,iPhone,1,700.0,2019-01-23 14:33:00,"818 Lakeview St, San Francisco, CA 94016",January
150241,iPhone,1,700.0,2019-01-20 07:09:00,"374 10th St, San Francisco, CA 94016",January
143432,iPhone,1,700.0,2019-01-06 00:44:00,"794 South St, New York City, NY 10001",January
146029,iPhone,1,700.0,2019-01-02 16:27:00,"768 Willow St, Atlanta, GA 30301",January
146871,iPhone,1,700.0,2019-01-14 15:52:00,"791 Ridge St, San Francisco, CA 94016",January
141888,iPhone,1,700.0,2019-01-09 11:01:00,"17 Spruce St, Los Angeles, CA 90001",January
145256,iPhone,1,700.0,2019-01-02 13:21:00,"907 11th St, Los Angeles, CA 90001",January
146701,iPhone,1,700.0,2019-01-24 20:34:00,"625 Adams St, San Francisco, CA 94016",January
149164,iPhone,1,700.0,2019-01-21 17:29:00,"954 Jefferson St, San Francisco, CA 94016",January
142812,iPhone,1,700.0,2019-01-19 10:43:00,"373 Park St, San Francisco, CA 94016",January
144037,iPhone,1,700.0,2019-01-03 15:50:00,"745 12th St, San Francisco, CA 94016",January
144038,iPhone,1,700.0,2019-01-23 18:55:00,"751 Wilson St, Austin, TX 73301",January
149393,iPhone,1,700.0,2019-01-13 18:17:00,"43 Ridge St, San Francisco, CA 94016",January
141517,iPhone,1,700.0,2019-01-13 14:14:00,"326 Maple St, Los Angeles, CA 90001",January
143061,iPhone,1,700.0,2019-01-13 20:25:00,"265 Ridge St, Los Angeles, CA 90001",January
146235,iPhone,1,700.0,2019-01-27 11:25:00,"469 10th St, San Francisco, CA 94016",January
142440,iPhone,1,700.0,2019-01-20 23:55:00,"143 Meadow St, Los Angeles, CA 90001",January
144538,iPhone,1,700.0,2019-01-16 18:05:00,"283 Cedar St, Atlanta, GA 30301",January
145016,iPhone,1,700.0,2019-01-03 16:10:00,"789 Lincoln St, Los Angeles, CA 90001",January
149375,iPhone,1,700.0,2019-01-21 22:13:00,"501 Hill St, Los Angeles, CA 90001",January
144030,iPhone,1,700.0,2019-01-17 11:40:00,"492 Johnson St, New York City, NY 10001",January
145596,iPhone,1,700.0,2019-01-03 10:11:00,"925 River St, Boston, MA 02215",January
147624,iPhone,1,700.0,2019-01-05 12:56:00,"354 Lake St, New York City, NY 10001",January
144503,iPhone,1,700.0,2019-01-15 22:54:00,"830 10th St, Portland, OR 97035",January
145810,iPhone,1,700.0,2019-01-11 20:21:00,"67 Adams St, New York City, NY 10001",January
146557,iPhone,1,700.0,2019-01-28 14:56:00,"551 North St, Seattle, WA 98101",January
143966,iPhone,1,700.0,2019-01-18 22:26:00,"653 Main St, Seattle, WA 98101",January
147947,iPhone,1,700.0,2019-01-07 14:46:00,"352 Spruce St, San Francisco, CA 94016",January
150349,iPhone,1,700.0,2019-01-21 22:21:00,"532 Lakeview St, San Francisco, CA 94016",January
142774,iPhone,1,700.0,2019-01-20 22:53:00,"175 Church St, San Francisco, CA 94016",January
147849,iPhone,1,700.0,2019-01-30 11:26:00,"313 6th St, Los Angeles, CA 90001",January
141961,iPhone,1,700.0,2019-01-12 17:39:00,"512 Hickory St, Los Angeles, CA 90001",January
142035,iPhone,1,700.0,2019-01-17 11:06:00,"890 North St, Atlanta, GA 30301",January
148369,iPhone,1,700.0,2019-01-10 20:27:00,"606 Hill St, New York City, NY 10001",January
146946,iPhone,1,700.0,2019-01-25 09:46:00,"425 14th St, San Francisco, CA 94016",January
148818,iPhone,1,700.0,2019-01-23 07:51:00,"109 Maple St, Austin, TX 73301",January
142600,iPhone,1,700.0,2019-01-17 17:22:00,"901 13th St, Boston, MA 02215",January
142755,iPhone,1,700.0,2019-01-21 14:28:00,"434 5th St, Atlanta, GA 30301",January
143421,iPhone,1,700.0,2019-01-26 08:37:00,"815 Forest St, Austin, TX 73301",January
144600,iPhone,1,700.0,2019-01-03 19:42:00,"435 5th St, Boston, MA 02215",January
145146,iPhone,1,700.0,2019-01-09 20:56:00,"411 Wilson St, San Francisco, CA 94016",January
150335,iPhone,1,700.0,2019-01-01 14:32:00,"956 Madison St, Los Angeles, CA 90001",January
148029,iPhone,1,700.0,2019-01-25 12:33:00,"868 Spruce St, Boston, MA 02215",January
141703,iPhone,1,700.0,2019-01-29 11:04:00,"371 11th St, Portland, OR 97035",January
148844,iPhone,1,700.0,2019-01-11 17:16:00,"711 River St, New York City, NY 10001",January
145163,iPhone,1,700.0,2019-01-04 10:00:00,"37 8th St, San Francisco, CA 94016",January
149914,iPhone,1,700.0,2019-01-24 20:13:00,"910 Lakeview St, San Francisco, CA 94016",January
141336,iPhone,1,700.0,2019-01-09 18:23:00,"811 Hickory St, Portland, OR 97035",January
148128,iPhone,1,700.0,2019-01-25 12:14:00,"222 12th St, Los Angeles, CA 90001",January
148809,iPhone,1,700.0,2019-01-27 21:11:00,"636 Washington St, Los Angeles, CA 90001",January
144332,iPhone,1,700.0,2019-01-28 18:17:00,"880 11th St, New York City, NY 10001",January
142173,iPhone,1,700.0,2019-01-10 13:29:00,"674 Lake St, Los Angeles, CA 90001",January
152748,iPhone,1,700.0,2019-02-05 17:04:00,"641 Lakeview St, Dallas, TX 75001",February
156425,iPhone,1,700.0,2019-02-11 21:02:00,"813 Spruce St, Boston, MA 02215",February
159050,iPhone,1,700.0,2019-02-09 21:30:00,"993 South St, Atlanta, GA 30301",February
154374,iPhone,1,700.0,2019-02-11 23:57:00,"816 North St, Portland, OR 97035",February
157355,iPhone,1,700.0,2019-02-25 10:20:00,"128 Highland St, Los Angeles, CA 90001",February
153237,iPhone,1,700.0,2019-02-02 13:35:00,"56 Jefferson St, San Francisco, CA 94016",February
153760,iPhone,1,700.0,2019-02-28 03:03:00,"958 River St, Dallas, TX 75001",February
160724,iPhone,1,700.0,2019-02-13 11:06:00,"665 River St, Seattle, WA 98101",February
150958,iPhone,1,700.0,2019-02-26 11:44:00,"58 Hickory St, San Francisco, CA 94016",February
156904,iPhone,1,700.0,2019-02-13 20:43:00,"264 Park St, Boston, MA 02215",February
154509,iPhone,1,700.0,2019-02-02 14:49:00,"885 14th St, Los Angeles, CA 90001",February
159414,iPhone,1,700.0,2019-02-23 09:02:00,"791 4th St, San Francisco, CA 94016",February
155953,iPhone,1,700.0,2019-02-28 10:31:00,"829 Elm St, Los Angeles, CA 90001",February
161598,iPhone,1,700.0,2019-02-09 21:33:00,"89 12th St, Seattle, WA 98101",February
155540,iPhone,1,700.0,2019-02-27 12:56:00,"52 Jefferson St, Portland, OR 97035",February
156076,iPhone,1,700.0,2019-02-11 19:33:00,"889 Cherry St, Boston, MA 02215",February
160333,iPhone,1,700.0,2019-02-06 22:28:00,"527 Jackson St, Portland, ME 04101",February
160709,iPhone,1,700.0,2019-02-03 18:44:00,"19 Willow St, Los Angeles, CA 90001",February
161282,iPhone,1,700.0,2019-02-16 19:47:00,"811 Willow St, San Francisco, CA 94016",February
151047,iPhone,1,700.0,2019-02-03 21:13:00,"593 Forest St, New York City, NY 10001",February
153213,iPhone,1,700.0,2019-02-05 10:13:00,"389 Chestnut St, San Francisco, CA 94016",February
157469,iPhone,1,700.0,2019-02-11 10:27:00,"570 South St, Atlanta, GA 30301",February
151011,iPhone,1,700.0,2019-02-06 10:05:00,"74 14th St, San Francisco, CA 94016",February
152724,iPhone,1,700.0,2019-02-12 16:53:00,"80 6th St, Los Angeles, CA 90001",February
151172,iPhone,1,700.0,2019-02-25 12:07:00,"618 Walnut St, Austin, TX 73301",February
156682,iPhone,1,700.0,2019-02-16 10:07:00,"938 Forest St, Boston, MA 02215",February
161143,iPhone,1,700.0,2019-02-03 22:33:00,"326 Center St, San Francisco, CA 94016",February
154551,iPhone,1,700.0,2019-02-05 11:19:00,"185 11th St, Los Angeles, CA 90001",February
159000,iPhone,1,700.0,2019-02-04 10:40:00,"238 Pine St, New York City, NY 10001",February
160632,iPhone,1,700.0,2019-02-18 17:55:00,"592 10th St, Seattle, WA 98101",February
151437,iPhone,1,700.0,2019-02-03 14:09:00,"126 11th St, Boston, MA 02215",February
160698,iPhone,1,700.0,2019-02-28 10:38:00,"520 Willow St, San Francisco, CA 94016",February
159424,iPhone,1,700.0,2019-02-07 20:17:00,"485 Lakeview St, Los Angeles, CA 90001",February
151969,iPhone,1,700.0,2019-02-22 19:58:00,"900 13th St, Los Angeles, CA 90001",February
155553,iPhone,1,700.0,2019-02-22 11:04:00,"126 Sunset St, Boston, MA 02215",February
156761,iPhone,1,700.0,2019-02-24 11:58:00,"430 Center St, Atlanta, GA 30301",February
157800,iPhone,1,700.0,2019-02-13 01:17:00,"536 Washington St, Seattle, WA 98101",February
159914,iPhone,1,700.0,2019-02-01 20:09:00,"440 Maple St, Atlanta, GA 30301",February
154339,iPhone,1,700.0,2019-02-12 15:04:00,"604 Johnson St, Portland, OR 97035",February
155713,iPhone,1,700.0,2019-02-18 08:14:00,"826 Wilson St, San Francisco, CA 94016",February
160451,iPhone,1,700.0,2019-02-12 21:19:00,"369 Jefferson St, Los Angeles, CA 90001",February
153967,iPhone,1,700.0,2019-02-05 21:59:00,"148 11th St, Boston, MA 02215",February
159572,iPhone,1,700.0,2019-02-27 00:44:00,"62 North St, New York City, NY 10001",February
152053,iPhone,1,700.0,2019-02-17 13:38:00,"16 South St, Seattle, WA 98101",February
155301,iPhone,1,700.0,2019-02-19 09:34:00,"654 5th St, Boston, MA 02215",February
155986,iPhone,1,700.0,2019-02-07 13:56:00,"706 2nd St, Boston, MA 02215",February
153832,iPhone,1,700.0,2019-02-03 13:19:00,"229 Pine St, Boston, MA 02215",February
154960,iPhone,1,700.0,2019-02-26 14:50:00,"223 Church St, Austin, TX 73301",February
158142,iPhone,1,700.0,2019-02-03 09:51:00,"179 Hickory St, San Francisco, CA 94016",February
160225,iPhone,1,700.0,2019-02-09 21:00:00,"716 7th St, Boston, MA 02215",February
150925,iPhone,1,700.0,2019-02-07 17:43:00,"784 Elm St, Boston, MA 02215",February
161090,iPhone,1,700.0,2019-02-01 13:21:00,"680 Maple St, San Francisco, CA 94016",February
161842,iPhone,1,700.0,2019-02-03 17:31:00,"727 Pine St, New York City, NY 10001",February
157509,iPhone,1,700.0,2019-02-18 13:08:00,"462 Lincoln St, Los Angeles, CA 90001",February
158095,iPhone,1,700.0,2019-02-08 23:53:00,"142 Hickory St, Dallas, TX 75001",February
160906,iPhone,1,700.0,2019-02-17 06:56:00,"474 Lincoln St, Dallas, TX 75001",February
151516,iPhone,1,700.0,2019-02-03 07:43:00,"351 13th St, Los Angeles, CA 90001",February
151588,iPhone,1,700.0,2019-02-21 20:07:00,"425 1st St, Boston, MA 02215",February
156411,iPhone,1,700.0,2019-02-07 15:30:00,"626 Lincoln St, Dallas, TX 75001",February
156714,iPhone,1,700.0,2019-02-20 22:17:00,"420 Adams St, Seattle, WA 98101",February
160093,iPhone,1,700.0,2019-02-01 16:51:00,"563 Lincoln St, Los Angeles, CA 90001",February
154101,iPhone,1,700.0,2019-02-11 21:06:00,"250 Madison St, San Francisco, CA 94016",February
156257,iPhone,1,700.0,2019-02-17 11:07:00,"301 Dogwood St, Seattle, WA 98101",February
157391,iPhone,1,700.0,2019-02-17 06:10:00,"560 8th St, Portland, OR 97035",February
157965,iPhone,1,700.0,2019-02-15 21:58:00,"739 10th St, Boston, MA 02215",February
156365,iPhone,1,700.0,2019-02-09 20:30:00,"730 Elm St, Portland, OR 97035",February
160409,iPhone,1,700.0,2019-02-28 16:54:00,"997 Cedar St, Austin, TX 73301",February
157083,iPhone,1,700.0,2019-02-25 18:24:00,"824 Jefferson St, Portland, ME 04101",February
157688,iPhone,1,700.0,2019-02-04 12:29:00,"269 Willow St, Seattle, WA 98101",February
160707,iPhone,1,700.0,2019-02-08 19:19:00,"916 1st St, Austin, TX 73301",February
161742,iPhone,1,700.0,2019-02-07 22:56:00,"983 6th St, San Francisco, CA 94016",February
154417,iPhone,1,700.0,2019-02-08 17:32:00,"640 Main St, New York City, NY 10001",February
160946,iPhone,1,700.0,2019-02-16 11:43:00,"284 Willow St, Seattle, WA 98101",February
155237,iPhone,1,700.0,2019-02-04 22:15:00,"337 10th St, San Francisco, CA 94016",February
155706,iPhone,1,700.0,2019-02-13 10:40:00,"953 River St, New York City, NY 10001",February
150945,iPhone,1,700.0,2019-02-06 22:23:00,"877 Dogwood St, San Francisco, CA 94016",February
152518,iPhone,1,700.0,2019-02-19 15:32:00,"441 Walnut St, Seattle, WA 98101",February
159719,iPhone,1,700.0,2019-02-08 15:03:00,"958 Cherry St, Los Angeles, CA 90001",February
160969,iPhone,1,700.0,2019-02-19 15:17:00,"824 Jackson St, Boston, MA 02215",February
155944,iPhone,1,700.0,2019-02-18 10:32:00,"92 Madison St, San Francisco, CA 94016",February
158192,iPhone,1,700.0,2019-02-09 14:46:00,"585 13th St, San Francisco, CA 94016",February
165511,iPhone,1,700.0,2019-03-08 19:10:00,"750 Forest St, Los Angeles, CA 90001",March
169258,iPhone,1,700.0,2019-03-02 20:53:00,"537 Walnut St, Atlanta, GA 30301",March
172876,iPhone,1,700.0,2019-03-02 06:40:00,"972 Center St, Austin, TX 73301",March
173205,iPhone,1,700.0,2019-03-27 08:46:00,"227 Hickory St, Atlanta, GA 30301",March
164411,iPhone,1,700.0,2019-03-14 18:41:00,"907 Jackson St, San Francisco, CA 94016",March
165012,iPhone,1,700.0,2019-03-25 13:22:00,"375 Willow St, New York City, NY 10001",March
165880,iPhone,1,700.0,2019-03-03 12:32:00,"895 West St, Los Angeles, CA 90001",March
164270,iPhone,1,700.0,2019-03-31 15:54:00,"228 River St, San Francisco, CA 94016",March
164947,iPhone,1,700.0,2019-03-28 12:21:00,"704 8th St, Seattle, WA 98101",March
170812,iPhone,1,700.0,2019-03-06 19:43:00,"353 Walnut St, Los Angeles, CA 90001",March
165129,iPhone,1,700.0,2019-03-02 09:11:00,"772 Wilson St, San Francisco, CA 94016",March
175965,iPhone,1,700.0,2019-03-14 19:18:00,"912 Park St, San Francisco, CA 94016",March
163144,iPhone,1,700.0,2019-03-27 23:50:00,"160 West St, Dallas, TX 75001",March
163216,iPhone,1,700.0,2019-03-12 21:10:00,"184 Chestnut St, Seattle, WA 98101",March
163364,iPhone,1,700.0,2019-03-15 11:26:00,"573 12th St, Los Angeles, CA 90001",March
171508,iPhone,1,700.0,2019-03-03 11:31:00,"103 Dogwood St, San Francisco, CA 94016",March
172567,iPhone,1,700.0,2019-03-26 19:37:00,"996 Center St, San Francisco, CA 94016",March
164619,iPhone,1,700.0,2019-03-26 06:42:00,"859 Highland St, Atlanta, GA 30301",March
167735,iPhone,1,700.0,2019-03-23 17:46:00,"29 Spruce St, San Francisco, CA 94016",March
166978,iPhone,1,700.0,2019-03-25 17:08:00,"201 Jefferson St, Austin, TX 73301",March
168121,iPhone,1,700.0,2019-03-02 22:55:00,"258 Church St, San Francisco, CA 94016",March
170380,iPhone,1,700.0,2019-03-03 10:14:00,"701 Lake St, Los Angeles, CA 90001",March
172419,iPhone,1,700.0,2019-03-14 19:25:00,"278 Adams St, Seattle, WA 98101",March
175425,iPhone,1,700.0,2019-03-25 16:19:00,"568 5th St, Los Angeles, CA 90001",March
176320,iPhone,1,700.0,2019-03-01 11:57:00,"385 Spruce St, Atlanta, GA 30301",March
167773,iPhone,1,700.0,2019-03-26 09:19:00,"444 Maple St, Atlanta, GA 30301",March
168561,iPhone,1,700.0,2019-03-27 22:23:00,"702 5th St, San Francisco, CA 94016",March
175038,iPhone,1,700.0,2019-03-15 20:04:00,"997 4th St, New York City, NY 10001",March
163311,iPhone,1,700.0,2019-03-28 13:12:00,"46 Washington St, San Francisco, CA 94016",March
170589,iPhone,1,700.0,2019-03-25 13:16:00,"170 Johnson St, San Francisco, CA 94016",March
166247,iPhone,1,700.0,2019-03-03 11:43:00,"455 7th St, San Francisco, CA 94016",March
170743,iPhone,1,700.0,2019-03-02 09:49:00,"407 Sunset St, San Francisco, CA 94016",March
162486,iPhone,1,700.0,2019-03-04 11:46:00,"594 1st St, San Francisco, CA 94016",March
167741,iPhone,1,700.0,2019-03-21 23:47:00,"664 North St, New York City, NY 10001",March
173716,iPhone,1,700.0,2019-03-06 11:27:00,"303 Center St, Dallas, TX 75001",March
174403,iPhone,1,700.0,2019-03-23 09:57:00,"711 Jefferson St, Boston, MA 02215",March
176557,iPhone,1,700.0,2019-03-30 12:32:00,"83 Washington St, San Francisco, CA 94016",March
175474,iPhone,1,700.0,2019-03-19 22:20:00,"585 10th St, Boston, MA 02215",March
162801,iPhone,1,700.0,2019-03-19 17:41:00,"408 River St, New York City, NY 10001",March
165541,iPhone,1,700.0,2019-03-22 12:21:00,"91 1st St, San Francisco, CA 94016",March
166202,iPhone,1,700.0,2019-03-29 17:52:00,"572 14th St, Boston, MA 02215",March
162033,iPhone,1,700.0,2019-03-19 11:06:00,"267 Johnson St, Dallas, TX 75001",March
163894,iPhone,1,700.0,2019-03-01 08:02:00,"330 Adams St, Seattle, WA 98101",March
164135,iPhone,1,700.0,2019-03-06 18:22:00,"885 12th St, San Francisco, CA 94016",March
165911,iPhone,1,700.0,2019-03-15 12:52:00,"232 Forest St, San Francisco, CA 94016",March
165860,iPhone,1,700.0,2019-03-27 21:01:00,"118 11th St, Los Angeles, CA 90001",March
172129,iPhone,1,700.0,2019-03-20 05:59:00,"132 14th St, Los Angeles, CA 90001",March
175866,iPhone,1,700.0,2019-03-26 18:07:00,"133 Adams St, New York City, NY 10001",March
176487,iPhone,1,700.0,2019-03-14 14:46:00,"92 Johnson St, Los Angeles, CA 90001",March
163888,iPhone,1,700.0,2019-03-28 11:14:00,"534 Lakeview St, Austin, TX 73301",March
165601,iPhone,1,700.0,2019-03-13 15:19:00,"817 Center St, New York City, NY 10001",March
170462,iPhone,1,700.0,2019-03-06 16:10:00,"614 Meadow St, Seattle, WA 98101",March
173783,iPhone,1,700.0,2019-03-03 21:23:00,"439 Lake St, San Francisco, CA 94016",March
176484,iPhone,1,700.0,2019-03-17 15:59:00,"985 Willow St, San Francisco, CA 94016",March
163775,iPhone,1,700.0,2019-03-13 13:37:00,"635 6th St, San Francisco, CA 94016",March
167391,iPhone,1,700.0,2019-03-02 15:47:00,"2 Lakeview St, New York City, NY 10001",March
168867,iPhone,1,700.0,2019-03-23 06:41:00,"994 Park St, Los Angeles, CA 90001",March
171890,iPhone,1,700.0,2019-03-08 00:52:00,"162 Sunset St, New York City, NY 10001",March
172029,iPhone,1,700.0,2019-03-14 11:40:00,"191 Sunset St, San Francisco, CA 94016",March
172612,iPhone,1,700.0,2019-03-26 07:53:00,"741 Jefferson St, Los Angeles, CA 90001",March
175555,iPhone,1,700.0,2019-03-03 11:51:00,"496 Hill St, Portland, ME 04101",March
163882,iPhone,1,700.0,2019-03-18 09:12:00,"76 Lakeview St, Portland, OR 97035",March
167955,iPhone,1,700.0,2019-03-29 14:11:00,"945 Spruce St, Portland, ME 04101",March
171041,iPhone,1,700.0,2019-03-11 12:23:00,"581 Jackson St, Portland, OR 97035",March
166257,iPhone,1,700.0,2019-03-28 20:56:00,"528 Forest St, Boston, MA 02215",March
170392,iPhone,1,700.0,2019-03-26 11:57:00,"361 1st St, Seattle, WA 98101",March
163257,iPhone,1,700.0,2019-03-05 15:18:00,"647 12th St, San Francisco, CA 94016",March
172458,iPhone,1,700.0,2019-03-16 05:05:00,"399 Lincoln St, Boston, MA 02215",March
172493,iPhone,1,700.0,2019-03-26 12:27:00,"372 Madison St, Boston, MA 02215",March
165316,iPhone,1,700.0,2019-03-29 04:42:00,"886 North St, Boston, MA 02215",March
162575,iPhone,1,700.0,2019-03-25 12:56:00,"590 Park St, Los Angeles, CA 90001",March
175189,iPhone,1,700.0,2019-03-15 11:50:00,"727 13th St, Seattle, WA 98101",March
174937,iPhone,1,700.0,2019-03-23 00:26:00,"284 14th St, Austin, TX 73301",March
162492,iPhone,1,700.0,2019-03-20 10:00:00,"534 10th St, Seattle, WA 98101",March
164812,iPhone,1,700.0,2019-03-08 11:59:00,"892 Forest St, San Francisco, CA 94016",March
166093,iPhone,1,700.0,2019-03-11 12:44:00,"677 Elm St, New York City, NY 10001",March
170070,iPhone,1,700.0,2019-03-02 12:11:00,"623 South St, Los Angeles, CA 90001",March
183497,iPhone,1,700.0,2019-04-05 23:52:00,"41 1st St, Portland, OR 97035",April
185244,iPhone,1,700.0,2019-04-10 02:15:00,"614 Spruce St, San Francisco, CA 94016",April
188471,iPhone,1,700.0,2019-04-12 07:53:00,"661 Cedar St, New York City, NY 10001",April
176608,iPhone,1,700.0,2019-04-11 12:01:00,"15 Cherry St, San Francisco, CA 94016",April
179119,iPhone,1,700.0,2019-04-08 14:18:00,"994 Jackson St, San Francisco, CA 94016",April
181164,iPhone,1,700.0,2019-04-17 00:15:00,"630 Hickory St, Austin, TX 73301",April
184273,iPhone,1,700.0,2019-04-23 20:38:00,"423 4th St, Austin, TX 73301",April
185031,iPhone,1,700.0,2019-04-01 17:14:00,"352 8th St, Los Angeles, CA 90001",April
185405,iPhone,1,700.0,2019-04-20 18:33:00,"7 13th St, Seattle, WA 98101",April
187836,iPhone,1,700.0,2019-04-13 10:36:00,"364 9th St, San Francisco, CA 94016",April
188162,iPhone,1,700.0,2019-04-16 14:38:00,"368 5th St, Seattle, WA 98101",April
191012,iPhone,1,700.0,2019-04-23 19:02:00,"6 Forest St, San Francisco, CA 94016",April
187261,iPhone,1,700.0,2019-04-21 14:22:00,"453 Park St, San Francisco, CA 94016",April
190597,iPhone,1,700.0,2019-04-08 18:17:00,"915 14th St, Portland, OR 97035",April
177874,iPhone,1,700.0,2019-04-04 18:23:00,"334 Willow St, Boston, MA 02215",April
182523,iPhone,1,700.0,2019-04-24 21:16:00,"990 River St, Boston, MA 02215",April
189349,iPhone,1,700.0,2019-04-23 16:21:00,"884 Hill St, San Francisco, CA 94016",April
192410,iPhone,1,700.0,2019-04-17 19:20:00,"757 Pine St, San Francisco, CA 94016",April
183733,iPhone,1,700.0,2019-04-05 15:01:00,"834 6th St, Boston, MA 02215",April
185306,iPhone,1,700.0,2019-04-14 13:12:00,"366 Lake St, Los Angeles, CA 90001",April
189458,iPhone,1,700.0,2019-04-14 23:48:00,"297 11th St, San Francisco, CA 94016",April
178162,iPhone,1,700.0,2019-04-09 10:49:00,"888 North St, Seattle, WA 98101",April
193507,iPhone,1,700.0,2019-04-19 16:59:00,"16 West St, New York City, NY 10001",April
178119,iPhone,1,700.0,2019-04-29 00:48:00,"453 9th St, Seattle, WA 98101",April
179654,iPhone,1,700.0,2019-04-14 17:28:00,"357 Pine St, Boston, MA 02215",April
180146,iPhone,1,700.0,2019-04-11 17:48:00,"937 Jefferson St, Boston, MA 02215",April
183383,iPhone,1,700.0,2019-04-16 14:47:00,"696 Jackson St, Los Angeles, CA 90001",April
178923,iPhone,1,700.0,2019-04-17 21:05:00,"381 Cherry St, San Francisco, CA 94016",April
181115,iPhone,1,700.0,2019-04-28 19:10:00,"834 Meadow St, Boston, MA 02215",April
188672,iPhone,1,700.0,2019-04-06 17:03:00,"831 Lincoln St, Boston, MA 02215",April
182240,iPhone,1,700.0,2019-04-27 18:56:00,"772 5th St, New York City, NY 10001",April
181652,iPhone,1,700.0,2019-04-18 11:14:00,"427 9th St, San Francisco, CA 94016",April
187697,iPhone,1,700.0,2019-04-11 21:15:00,"610 Hickory St, Atlanta, GA 30301",April
189473,iPhone,1,700.0,2019-04-18 20:45:00,"952 Ridge St, New York City, NY 10001",April
177430,iPhone,1,700.0,2019-04-08 12:05:00,"821 Sunset St, Seattle, WA 98101",April
183450,iPhone,1,700.0,2019-04-02 09:15:00,"142 10th St, San Francisco, CA 94016",April
192259,iPhone,1,700.0,2019-04-19 21:55:00,"947 Pine St, Portland, OR 97035",April
192520,iPhone,1,700.0,2019-04-16 15:20:00,"359 Center St, Seattle, WA 98101",April
192771,iPhone,1,700.0,2019-04-17 00:08:00,"793 Elm St, San Francisco, CA 94016",April
187559,iPhone,1,700.0,2019-04-01 09:12:00,"828 Washington St, San Francisco, CA 94016",April
189557,iPhone,1,700.0,2019-04-27 12:49:00,"967 Chestnut St, Seattle, WA 98101",April
191178,iPhone,1,700.0,2019-04-05 19:06:00,"119 Lake St, Los Angeles, CA 90001",April
180523,iPhone,1,700.0,2019-04-09 13:24:00,"591 Lake St, Dallas, TX 75001",April
180646,iPhone,1,700.0,2019-04-21 15:24:00,"376 North St, San Francisco, CA 94016",April
184161,iPhone,1,700.0,2019-04-04 22:12:00,"649 Washington St, Portland, OR 97035",April
184923,iPhone,1,700.0,2019-04-29 19:35:00,"426 5th St, Atlanta, GA 30301",April
187609,iPhone,1,700.0,2019-04-08 08:30:00,"737 9th St, San Francisco, CA 94016",April
178242,iPhone,1,700.0,2019-04-17 15:29:00,"681 2nd St, Austin, TX 73301",April
181590,iPhone,1,700.0,2019-04-21 18:58:00,"608 River St, Los Angeles, CA 90001",April
182938,iPhone,1,700.0,2019-04-14 19:58:00,"416 Highland St, San Francisco, CA 94016",April
183376,iPhone,1,700.0,2019-04-13 09:09:00,"638 Forest St, San Francisco, CA 94016",April
184055,iPhone,1,700.0,2019-04-30 20:08:00,"743 6th St, Los Angeles, CA 90001",April
184272,iPhone,1,700.0,2019-04-21 19:49:00,"637 Cedar St, San Francisco, CA 94016",April
190320,iPhone,1,700.0,2019-04-15 09:07:00,"917 12th St, Seattle, WA 98101",April
177496,iPhone,1,700.0,2019-04-07 19:54:00,"241 Walnut St, Los Angeles, CA 90001",April
189945,iPhone,1,700.0,2019-04-23 12:06:00,"17 Hickory St, Boston, MA 02215",April
193236,iPhone,1,700.0,2019-04-20 11:03:00,"782 13th St, Dallas, TX 75001",April
182407,iPhone,1,700.0,2019-04-10 07:18:00,"691 Elm St, Portland, OR 97035",April
182731,iPhone,1,700.0,2019-04-30 11:40:00,"600 Highland St, Dallas, TX 75001",April
190337,iPhone,1,700.0,2019-04-24 21:01:00,"534 14th St, Boston, MA 02215",April
191433,iPhone,1,700.0,2019-04-10 00:34:00,"706 Jackson St, Seattle, WA 98101",April
182608,iPhone,1,700.0,2019-04-17 11:59:00,"476 Forest St, Los Angeles, CA 90001",April
182989,iPhone,1,700.0,2019-04-21 13:52:00,"834 Johnson St, Boston, MA 02215",April
183454,iPhone,1,700.0,2019-04-07 11:33:00,"604 Park St, Portland, ME 04101",April
187407,iPhone,1,700.0,2019-04-01 23:59:00,"229 Park St, Seattle, WA 98101",April
184411,iPhone,1,700.0,2019-04-14 13:27:00,"487 Cherry St, Los Angeles, CA 90001",April
191631,iPhone,1,700.0,2019-04-29 14:44:00,"63 Ridge St, Los Angeles, CA 90001",April
178280,iPhone,1,700.0,2019-04-08 12:34:00,"806 Madison St, San Francisco, CA 94016",April
182264,iPhone,1,700.0,2019-04-04 18:32:00,"455 Park St, Los Angeles, CA 90001",April
185100,iPhone,1,700.0,2019-04-30 13:16:00,"533 Washington St, San Francisco, CA 94016",April
186384,iPhone,1,700.0,2019-04-02 00:00:00,"445 Madison St, San Francisco, CA 94016",April
192609,iPhone,1,700.0,2019-04-08 15:45:00,"599 Johnson St, New York City, NY 10001",April
192998,iPhone,1,700.0,2019-04-25 19:04:00,"538 South St, Atlanta, GA 30301",April
178065,iPhone,1,700.0,2019-04-11 10:10:00,"552 Pine St, Atlanta, GA 30301",April
179128,iPhone,1,700.0,2019-04-26 19:20:00,"10 Ridge St, San Francisco, CA 94016",April
179971,iPhone,1,700.0,2019-04-01 22:27:00,"95 Center St, Los Angeles, CA 90001",April
188077,iPhone,1,700.0,2019-04-15 22:26:00,"884 Highland St, San Francisco, CA 94016",April
189687,iPhone,1,700.0,2019-04-23 10:48:00,"929 Park St, New York City, NY 10001",April
177178,iPhone,1,700.0,2019-04-07 00:02:00,"342 Dogwood St, Seattle, WA 98101",April
182689,iPhone,1,700.0,2019-04-04 21:43:00,"220 Pine St, Los Angeles, CA 90001",April
186139,iPhone,1,700.0,2019-04-06 17:57:00,"842 Meadow St, Los Angeles, CA 90001",April
184127,iPhone,1,700.0,2019-04-11 08:18:00,"612 Lakeview St, Seattle, WA 98101",April
186398,iPhone,1,700.0,2019-04-25 13:41:00,"156 Dogwood St, San Francisco, CA 94016",April
190585,iPhone,1,700.0,2019-04-27 15:23:00,"631 Cedar St, San Francisco, CA 94016",April
192378,iPhone,1,700.0,2019-04-28 10:07:00,"439 Jefferson St, Dallas, TX 75001",April
193245,iPhone,1,700.0,2019-04-26 18:21:00,"586 9th St, San Francisco, CA 94016",April
180514,iPhone,1,700.0,2019-04-15 16:28:00,"958 1st St, Portland, OR 97035",April
180767,iPhone,1,700.0,2019-04-12 18:05:00,"456 North St, San Francisco, CA 94016",April
181027,iPhone,1,700.0,2019-04-02 19:08:00,"112 Lake St, New York City, NY 10001",April
193801,iPhone,1,700.0,2019-04-05 15:51:00,"258 13th St, Los Angeles, CA 90001",April
194067,iPhone,1,700.0,2019-05-01 04:25:00,"291 North St, San Francisco, CA 94016",May
178046,iPhone,1,700.0,2019-04-05 10:26:00,"767 Spruce St, New York City, NY 10001",April
181845,iPhone,1,700.0,2019-04-12 12:34:00,"786 Johnson St, San Francisco, CA 94016",April
183903,iPhone,1,700.0,2019-04-08 01:03:00,"822 4th St, San Francisco, CA 94016",April
188904,iPhone,1,700.0,2019-04-20 15:01:00,"281 Church St, Portland, OR 97035",April
190393,iPhone,1,700.0,2019-04-22 17:21:00,"103 Park St, New York City, NY 10001",April
192326,iPhone,1,700.0,2019-04-25 19:45:00,"324 13th St, San Francisco, CA 94016",April
193261,iPhone,1,700.0,2019-04-20 19:41:00,"350 Spruce St, Atlanta, GA 30301",April
193282,iPhone,1,700.0,2019-04-21 08:15:00,"761 Church St, Los Angeles, CA 90001",April
177085,iPhone,1,700.0,2019-04-19 20:31:00,"770 Elm St, New York City, NY 10001",April
179650,iPhone,1,700.0,2019-04-26 18:53:00,"304 Johnson St, Dallas, TX 75001",April
184453,iPhone,1,700.0,2019-04-29 09:15:00,"669 Chestnut St, San Francisco, CA 94016",April
185561,iPhone,1,700.0,2019-04-29 04:11:00,"220 Spruce St, San Francisco, CA 94016",April
189814,iPhone,1,700.0,2019-04-03 09:14:00,"843 Wilson St, Dallas, TX 75001",April
190525,iPhone,1,700.0,2019-04-06 08:57:00,"581 Main St, Austin, TX 73301",April
192878,iPhone,1,700.0,2019-04-25 17:20:00,"645 12th St, Seattle, WA 98101",April
193933,iPhone,1,700.0,2019-04-12 11:53:00,"172 Hill St, Austin, TX 73301",April
180627,iPhone,1,700.0,2019-04-11 19:46:00,"888 4th St, New York City, NY 10001",April
183104,iPhone,1,700.0,2019-04-20 12:56:00,"533 11th St, San Francisco, CA 94016",April
183373,iPhone,1,700.0,2019-04-09 10:46:00,"216 4th St, Portland, ME 04101",April
188581,iPhone,1,700.0,2019-04-09 16:03:00,"626 Lakeview St, Boston, MA 02215",April
193163,iPhone,1,700.0,2019-04-26 11:53:00,"515 Willow St, Seattle, WA 98101",April
183985,iPhone,1,700.0,2019-04-17 21:01:00,"534 Jackson St, Dallas, TX 75001",April
191901,iPhone,1,700.0,2019-04-04 17:04:00,"329 Johnson St, Boston, MA 02215",April
194061,iPhone,1,700.0,2019-04-14 20:22:00,"209 6th St, Atlanta, GA 30301",April
177729,iPhone,1,700.0,2019-04-13 20:25:00,"318 6th St, Atlanta, GA 30301",April
177776,iPhone,1,700.0,2019-04-21 15:23:00,"958 Center St, Los Angeles, CA 90001",April
179388,iPhone,1,700.0,2019-04-24 10:22:00,"767 Hickory St, New York City, NY 10001",April
182420,iPhone,1,700.0,2019-04-08 12:55:00,"253 River St, Atlanta, GA 30301",April
186455,iPhone,1,700.0,2019-04-08 10:27:00,"131 11th St, Los Angeles, CA 90001",April
186781,iPhone,1,700.0,2019-04-13 12:23:00,"778 Cedar St, Los Angeles, CA 90001",April
191162,iPhone,1,700.0,2019-04-15 18:47:00,"58 Spruce St, Boston, MA 02215",April
191660,iPhone,1,700.0,2019-04-23 21:08:00,"673 Hill St, San Francisco, CA 94016",April
178447,iPhone,1,700.0,2019-04-29 20:11:00,"873 Lincoln St, Seattle, WA 98101",April
181480,iPhone,1,700.0,2019-04-11 02:14:00,"681 1st St, Atlanta, GA 30301",April
186713,iPhone,1,700.0,2019-04-11 13:08:00,"297 Hickory St, Portland, OR 97035",April
187853,iPhone,1,700.0,2019-04-15 18:41:00,"872 South St, Portland, OR 97035",April
192135,iPhone,1,700.0,2019-04-29 23:02:00,"926 14th St, Los Angeles, CA 90001",April
192864,iPhone,1,700.0,2019-04-13 10:02:00,"815 Maple St, San Francisco, CA 94016",April
199211,iPhone,1,700.0,2019-05-25 11:45:00,"120 Lakeview St, San Francisco, CA 94016",May
207554,iPhone,1,700.0,2019-05-09 19:24:00,"961 13th St, San Francisco, CA 94016",May
202830,iPhone,1,700.0,2019-05-16 11:13:00,"109 Washington St, New York City, NY 10001",May
195426,iPhone,1,700.0,2019-05-05 14:08:00,"17 Lakeview St, Boston, MA 02215",May
199951,iPhone,1,700.0,2019-05-23 18:44:00,"922 2nd St, San Francisco, CA 94016",May
202904,iPhone,1,700.0,2019-05-05 19:47:00,"979 11th St, San Francisco, CA 94016",May
196014,iPhone,1,700.0,2019-05-16 11:49:00,"872 Wilson St, Atlanta, GA 30301",May
198054,iPhone,1,700.0,2019-05-10 10:13:00,"661 North St, Los Angeles, CA 90001",May
204537,iPhone,1,700.0,2019-05-15 16:38:00,"136 Elm St, Los Angeles, CA 90001",May
204419,iPhone,1,700.0,2019-05-15 15:37:00,"612 Spruce St, San Francisco, CA 94016",May
203370,iPhone,1,700.0,2019-05-31 10:43:00,"217 West St, San Francisco, CA 94016",May
194203,iPhone,1,700.0,2019-05-10 16:38:00,"339 Cedar St, Portland, OR 97035",May
196087,iPhone,1,700.0,2019-05-12 20:41:00,"449 Johnson St, San Francisco, CA 94016",May
202675,iPhone,1,700.0,2019-05-18 16:51:00,"972 12th St, Atlanta, GA 30301",May
205142,iPhone,1,700.0,2019-05-18 22:53:00,"7 14th St, New York City, NY 10001",May
206434,iPhone,1,700.0,2019-05-06 17:08:00,"277 West St, Portland, OR 97035",May
207326,iPhone,1,700.0,2019-05-16 17:40:00,"566 Johnson St, Portland, OR 97035",May
207727,iPhone,1,700.0,2019-05-13 19:24:00,"839 Hill St, Los Angeles, CA 90001",May
196332,iPhone,1,700.0,2019-05-11 10:04:00,"653 Cherry St, Austin, TX 73301",May
204452,iPhone,1,700.0,2019-05-09 11:25:00,"874 4th St, Los Angeles, CA 90001",May
208000,iPhone,1,700.0,2019-05-17 13:19:00,"241 River St, New York City, NY 10001",May
209373,iPhone,1,700.0,2019-05-13 12:24:00,"513 Walnut St, San Francisco, CA 94016",May
200572,iPhone,1,700.0,2019-05-01 12:51:00,"549 Walnut St, San Francisco, CA 94016",May
201274,iPhone,1,700.0,2019-05-20 20:04:00,"115 Chestnut St, Atlanta, GA 30301",May
202016,iPhone,1,700.0,2019-05-13 19:45:00,"759 12th St, Atlanta, GA 30301",May
203932,iPhone,1,700.0,2019-05-07 09:45:00,"388 Pine St, Portland, OR 97035",May
204430,iPhone,1,700.0,2019-05-19 13:03:00,"949 Main St, San Francisco, CA 94016",May
206331,iPhone,1,700.0,2019-05-09 20:16:00,"21 South St, Los Angeles, CA 90001",May
195104,iPhone,1,700.0,2019-05-07 20:29:00,"897 Lake St, Austin, TX 73301",May
197812,iPhone,1,700.0,2019-05-16 12:37:00,"837 Dogwood St, Boston, MA 02215",May
199334,iPhone,1,700.0,2019-05-17 19:27:00,"570 6th St, Los Angeles, CA 90001",May
202555,iPhone,1,700.0,2019-05-04 21:11:00,"780 6th St, San Francisco, CA 94016",May
206718,iPhone,1,700.0,2019-05-22 12:02:00,"705 Highland St, Dallas, TX 75001",May
194480,iPhone,1,700.0,2019-05-19 06:34:00,"27 7th St, Atlanta, GA 30301",May
196523,iPhone,1,700.0,2019-05-18 20:49:00,"12 Ridge St, San Francisco, CA 94016",May
196654,iPhone,1,700.0,2019-05-05 13:56:00,"479 5th St, Los Angeles, CA 90001",May
198606,iPhone,1,700.0,2019-05-20 19:54:00,"106 Center St, San Francisco, CA 94016",May
204501,iPhone,1,700.0,2019-05-20 21:51:00,"138 Pine St, New York City, NY 10001",May
206624,iPhone,1,700.0,2019-05-17 17:21:00,"954 Walnut St, San Francisco, CA 94016",May
202406,iPhone,1,700.0,2019-05-26 17:47:00,"632 Pine St, Austin, TX 73301",May
204536,iPhone,1,700.0,2019-05-22 09:14:00,"36 Lake St, Los Angeles, CA 90001",May
195230,iPhone,1,700.0,2019-05-05 10:23:00,"535 9th St, Boston, MA 02215",May
205602,iPhone,1,700.0,2019-05-13 11:55:00,"742 West St, Boston, MA 02215",May
206279,iPhone,1,700.0,2019-05-19 06:51:00,"860 Madison St, San Francisco, CA 94016",May
208888,iPhone,1,700.0,2019-05-11 17:15:00,"14 Hickory St, Los Angeles, CA 90001",May
194935,iPhone,1,700.0,2019-05-04 10:00:00,"491 Jackson St, Dallas, TX 75001",May
198771,iPhone,1,700.0,2019-05-07 10:07:00,"614 Spruce St, New York City, NY 10001",May
199746,iPhone,1,700.0,2019-05-29 03:19:00,"572 1st St, Portland, ME 04101",May
204169,iPhone,1,700.0,2019-05-23 23:22:00,"147 South St, San Francisco, CA 94016",May
195400,iPhone,1,700.0,2019-05-01 23:31:00,"10 Maple St, Los Angeles, CA 90001",May
196287,iPhone,1,700.0,2019-05-17 09:50:00,"827 8th St, San Francisco, CA 94016",May
203622,iPhone,1,700.0,2019-05-17 17:55:00,"519 South St, San Francisco, CA 94016",May
202950,iPhone,1,700.0,2019-05-19 11:08:00,"65 Lakeview St, San Francisco, CA 94016",May
206289,iPhone,1,700.0,2019-05-11 13:36:00,"883 Lincoln St, Dallas, TX 75001",May
195283,iPhone,1,700.0,2019-05-28 12:45:00,"514 2nd St, Seattle, WA 98101",May
205865,iPhone,1,700.0,2019-05-02 06:13:00,"962 Cherry St, Dallas, TX 75001",May
207511,iPhone,1,700.0,2019-05-16 12:51:00,"412 Park St, Seattle, WA 98101",May
205867,iPhone,1,700.0,2019-05-11 22:49:00,"91 6th St, San Francisco, CA 94016",May
207824,iPhone,1,700.0,2019-05-26 12:34:00,"846 South St, Portland, OR 97035",May
208101,iPhone,1,700.0,2019-05-22 12:54:00,"90 Hickory St, Seattle, WA 98101",May
208551,iPhone,1,700.0,2019-05-17 19:44:00,"120 Forest St, Dallas, TX 75001",May
209778,iPhone,1,700.0,2019-05-10 09:56:00,"879 Willow St, Los Angeles, CA 90001",May
196295,iPhone,1,700.0,2019-05-02 10:14:00,"485 Center St, San Francisco, CA 94016",May
201049,iPhone,1,700.0,2019-05-31 16:22:00,"833 12th St, New York City, NY 10001",May
203798,iPhone,1,700.0,2019-05-04 10:48:00,"212 Hill St, Seattle, WA 98101",May
195766,iPhone,1,700.0,2019-05-31 20:30:00,"699 11th St, Portland, ME 04101",May
197273,iPhone,1,700.0,2019-05-25 19:42:00,"407 Chestnut St, Seattle, WA 98101",May
199956,iPhone,1,700.0,2019-05-18 18:09:00,"472 Cedar St, Boston, MA 02215",May
208755,iPhone,1,700.0,2019-05-09 10:17:00,"447 Center St, San Francisco, CA 94016",May
209807,iPhone,1,700.0,2019-05-27 20:20:00,"16 North St, San Francisco, CA 94016",May
196447,iPhone,1,700.0,2019-05-12 13:24:00,"786 Cedar St, Seattle, WA 98101",May
201216,iPhone,1,700.0,2019-05-10 18:20:00,"761 Forest St, Seattle, WA 98101",May
204818,iPhone,1,700.0,2019-05-01 19:09:00,"211 14th St, Portland, ME 04101",May
206725,iPhone,1,700.0,2019-05-05 16:42:00,"19 11th St, Boston, MA 02215",May
209660,iPhone,1,700.0,2019-05-24 10:47:00,"175 Lakeview St, New York City, NY 10001",May
197222,iPhone,1,700.0,2019-05-10 07:55:00,"401 12th St, Atlanta, GA 30301",May
198475,iPhone,1,700.0,2019-05-02 19:51:00,"514 Pine St, Austin, TX 73301",May
202996,iPhone,1,700.0,2019-05-20 08:16:00,"851 14th St, New York City, NY 10001",May
202315,iPhone,1,700.0,2019-05-02 17:14:00,"334 Johnson St, Portland, ME 04101",May
209494,iPhone,1,700.0,2019-05-30 11:13:00,"867 Church St, San Francisco, CA 94016",May
197027,iPhone,1,700.0,2019-05-31 10:24:00,"906 Lake St, Los Angeles, CA 90001",May
200309,iPhone,1,700.0,2019-05-21 11:19:00,"692 Park St, Portland, OR 97035",May
200580,iPhone,1,700.0,2019-05-06 15:00:00,"485 Washington St, Boston, MA 02215",May
202368,iPhone,1,700.0,2019-05-16 18:22:00,"58 6th St, New York City, NY 10001",May
205044,iPhone,1,700.0,2019-05-30 12:32:00,"752 Spruce St, San Francisco, CA 94016",May
196083,iPhone,1,700.0,2019-05-19 20:38:00,"428 4th St, Portland, OR 97035",May
199503,iPhone,1,700.0,2019-05-24 18:04:00,"79 North St, New York City, NY 10001",May
199813,iPhone,1,700.0,2019-05-29 17:27:00,"989 2nd St, Los Angeles, CA 90001",May
194370,iPhone,1,700.0,2019-05-29 08:41:00,"697 Maple St, Los Angeles, CA 90001",May
199985,iPhone,1,700.0,2019-05-17 12:30:00,"107 Meadow St, Los Angeles, CA 90001",May
203511,iPhone,1,700.0,2019-05-02 22:46:00,"553 Meadow St, Los Angeles, CA 90001",May
206009,iPhone,1,700.0,2019-05-27 12:36:00,"478 10th St, Portland, OR 97035",May
197958,iPhone,1,700.0,2019-05-11 08:02:00,"420 7th St, New York City, NY 10001",May
200723,iPhone,1,700.0,2019-05-22 18:32:00,"189 Walnut St, San Francisco, CA 94016",May
206340,iPhone,1,700.0,2019-05-09 16:26:00,"278 Spruce St, Los Angeles, CA 90001",May
211898,iPhone,1,700.0,2019-06-06 10:16:00,"820 14th St, Los Angeles, CA 90001",June
214375,iPhone,1,700.0,2019-06-28 16:27:00,"504 Church St, San Francisco, CA 94016",June
210372,iPhone,1,700.0,2019-06-28 14:45:00,"921 Main St, Boston, MA 02215",June
212095,iPhone,1,700.0,2019-06-17 17:30:00,"877 Lake St, Atlanta, GA 30301",June
214292,iPhone,1,700.0,2019-06-04 12:07:00,"578 8th St, Los Angeles, CA 90001",June
214839,iPhone,1,700.0,2019-06-19 18:38:00,"852 Johnson St, Los Angeles, CA 90001",June
214967,iPhone,1,700.0,2019-06-13 14:07:00,"243 Church St, Portland, OR 97035",June
219578,iPhone,1,700.0,2019-06-15 17:32:00,"568 Adams St, Austin, TX 73301",June
220997,iPhone,1,700.0,2019-06-21 16:35:00,"577 Church St, Dallas, TX 75001",June
221229,iPhone,1,700.0,2019-06-26 20:42:00,"687 Lincoln St, New York City, NY 10001",June
222215,iPhone,1,700.0,2019-06-21 11:36:00,"563 4th St, Los Angeles, CA 90001",June
222389,iPhone,1,700.0,2019-06-04 11:43:00,"450 12th St, Los Angeles, CA 90001",June
215279,iPhone,1,700.0,2019-06-23 14:46:00,"14 Johnson St, San Francisco, CA 94016",June
215807,iPhone,1,700.0,2019-06-22 17:03:00,"934 10th St, Los Angeles, CA 90001",June
219782,iPhone,1,700.0,2019-06-08 16:00:00,"376 Johnson St, Seattle, WA 98101",June
221665,iPhone,1,700.0,2019-06-28 14:29:00,"547 4th St, Atlanta, GA 30301",June
214681,iPhone,1,700.0,2019-06-21 20:19:00,"815 Cherry St, Los Angeles, CA 90001",June
214497,iPhone,1,700.0,2019-06-25 10:31:00,"780 South St, New York City, NY 10001",June
214877,iPhone,1,700.0,2019-06-10 11:14:00,"261 Main St, New York City, NY 10001",June
220105,iPhone,1,700.0,2019-06-21 11:29:00,"14 Washington St, Austin, TX 73301",June
211863,iPhone,1,700.0,2019-06-12 12:24:00,"563 Lake St, Austin, TX 73301",June
211968,iPhone,1,700.0,2019-06-05 18:09:00,"368 Lincoln St, Portland, OR 97035",June
212041,iPhone,1,700.0,2019-06-16 19:47:00,"596 Maple St, Austin, TX 73301",June
212510,iPhone,1,700.0,2019-06-21 17:14:00,"794 Lake St, Atlanta, GA 30301",June
216198,iPhone,1,700.0,2019-06-16 18:27:00,"777 5th St, Boston, MA 02215",June
216591,iPhone,1,700.0,2019-06-30 15:25:00,"868 Meadow St, New York City, NY 10001",June
219453,iPhone,1,700.0,2019-06-28 13:15:00,"857 Madison St, Los Angeles, CA 90001",June
212838,iPhone,1,700.0,2019-06-28 20:25:00,"409 8th St, Los Angeles, CA 90001",June
213564,iPhone,1,700.0,2019-06-12 17:59:00,"606 Lake St, Seattle, WA 98101",June
218579,iPhone,1,700.0,2019-06-16 14:15:00,"188 Main St, Austin, TX 73301",June
220722,iPhone,1,700.0,2019-06-16 19:21:00,"246 1st St, Los Angeles, CA 90001",June
216264,iPhone,1,700.0,2019-06-29 20:22:00,"392 Church St, Dallas, TX 75001",June
218508,iPhone,1,700.0,2019-06-03 13:02:00,"842 Park St, Boston, MA 02215",June
212617,iPhone,1,700.0,2019-06-14 21:23:00,"918 Dogwood St, Seattle, WA 98101",June
217419,iPhone,1,700.0,2019-06-28 19:38:00,"522 South St, Portland, OR 97035",June
217820,iPhone,1,700.0,2019-06-23 14:56:00,"584 Adams St, Los Angeles, CA 90001",June
211827,iPhone,1,700.0,2019-06-25 21:00:00,"463 Sunset St, Atlanta, GA 30301",June
218204,iPhone,1,700.0,2019-06-19 23:12:00,"152 West St, Boston, MA 02215",June
218671,iPhone,1,700.0,2019-06-14 16:44:00,"789 West St, Los Angeles, CA 90001",June
212221,iPhone,1,700.0,2019-06-05 03:15:00,"480 10th St, Dallas, TX 75001",June
218274,iPhone,1,700.0,2019-06-30 20:29:00,"156 Church St, San Francisco, CA 94016",June
212270,iPhone,1,700.0,2019-06-12 20:06:00,"135 Dogwood St, San Francisco, CA 94016",June
218598,iPhone,1,700.0,2019-06-26 12:36:00,"198 Cherry St, San Francisco, CA 94016",June
219240,iPhone,1,700.0,2019-06-29 12:45:00,"374 4th St, New York City, NY 10001",June
219965,iPhone,1,700.0,2019-06-08 17:42:00,"170 2nd St, San Francisco, CA 94016",June
221866,iPhone,1,700.0,2019-06-14 15:19:00,"561 Highland St, Atlanta, GA 30301",June
212568,iPhone,1,700.0,2019-06-24 15:53:00,"405 Ridge St, San Francisco, CA 94016",June
214609,iPhone,1,700.0,2019-06-18 15:51:00,"385 2nd St, San Francisco, CA 94016",June
218116,iPhone,1,700.0,2019-06-01 12:09:00,"163 2nd St, Seattle, WA 98101",June
218958,iPhone,1,700.0,2019-06-22 19:14:00,"416 2nd St, Los Angeles, CA 90001",June
219457,iPhone,1,700.0,2019-06-18 08:20:00,"543 Johnson St, Dallas, TX 75001",June
220908,iPhone,1,700.0,2019-06-15 21:11:00,"757 Main St, New York City, NY 10001",June
222119,iPhone,1,700.0,2019-06-30 10:13:00,"21 Meadow St, Seattle, WA 98101",June
211710,iPhone,1,700.0,2019-06-22 10:23:00,"704 Highland St, San Francisco, CA 94016",June
213944,iPhone,1,700.0,2019-06-28 03:15:00,"537 6th St, Seattle, WA 98101",June
214175,iPhone,1,700.0,2019-06-01 12:15:00,"392 Jackson St, Austin, TX 73301",June
218080,iPhone,1,700.0,2019-06-15 12:56:00,"843 Johnson St, New York City, NY 10001",June
219859,iPhone,1,700.0,2019-06-14 19:09:00,"794 Chestnut St, Portland, OR 97035",June
212676,iPhone,1,700.0,2019-06-19 21:38:00,"604 Wilson St, Los Angeles, CA 90001",June
214700,iPhone,1,700.0,2019-06-21 10:59:00,"94 Cedar St, Seattle, WA 98101",June
219005,iPhone,1,700.0,2019-06-07 13:50:00,"902 Lincoln St, Dallas, TX 75001",June
215286,iPhone,1,700.0,2019-06-11 14:37:00,"435 Park St, New York City, NY 10001",June
216904,iPhone,1,700.0,2019-06-10 14:47:00,"686 Main St, Dallas, TX 75001",June
218573,iPhone,1,700.0,2019-06-05 12:42:00,"729 Adams St, Atlanta, GA 30301",June
222646,iPhone,1,700.0,2019-06-05 11:49:00,"865 Church St, New York City, NY 10001",June
210711,iPhone,1,700.0,2019-06-22 12:47:00,"92 Lakeview St, San Francisco, CA 94016",June
213150,iPhone,1,700.0,2019-06-16 10:44:00,"148 Chestnut St, Seattle, WA 98101",June
214543,iPhone,1,700.0,2019-06-09 13:22:00,"744 Center St, Los Angeles, CA 90001",June
214071,iPhone,1,700.0,2019-06-09 20:50:00,"78 Wilson St, Boston, MA 02215",June
218035,iPhone,1,700.0,2019-06-23 17:48:00,"606 Sunset St, Seattle, WA 98101",June
218157,iPhone,1,700.0,2019-06-19 06:56:00,"739 Madison St, New York City, NY 10001",June
209989,iPhone,1,700.0,2019-06-19 23:34:00,"285 8th St, Los Angeles, CA 90001",June
212202,iPhone,1,700.0,2019-06-24 15:53:00,"758 Park St, Seattle, WA 98101",June
213845,iPhone,1,700.0,2019-06-12 20:17:00,"875 Lake St, New York City, NY 10001",June
217428,iPhone,1,700.0,2019-06-25 07:53:00,"390 South St, Los Angeles, CA 90001",June
218104,iPhone,1,700.0,2019-06-28 13:26:00,"877 10th St, New York City, NY 10001",June
221835,iPhone,1,700.0,2019-06-03 11:40:00,"162 Maple St, San Francisco, CA 94016",June
215671,iPhone,1,700.0,2019-06-07 13:58:00,"585 Forest St, New York City, NY 10001",June
217470,iPhone,1,700.0,2019-06-07 19:07:00,"626 10th St, Atlanta, GA 30301",June
218023,iPhone,1,700.0,2019-06-20 19:47:00,"960 Lakeview St, San Francisco, CA 94016",June
218074,iPhone,1,700.0,2019-06-06 12:03:00,"708 Elm St, New York City, NY 10001",June
221672,iPhone,1,700.0,2019-06-21 13:01:00,"705 Maple St, Atlanta, GA 30301",June
214633,iPhone,1,700.0,2019-06-10 10:56:00,"43 Wilson St, Los Angeles, CA 90001",June
216355,iPhone,1,700.0,2019-06-11 22:07:00,"427 1st St, Dallas, TX 75001",June
213447,iPhone,1,700.0,2019-06-08 23:26:00,"962 Jackson St, San Francisco, CA 94016",June
213855,iPhone,1,700.0,2019-06-17 10:28:00,"346 Willow St, Seattle, WA 98101",June
219518,iPhone,1,700.0,2019-06-17 08:43:00,"595 Adams St, Austin, TX 73301",June
228342,iPhone,1,700.0,2019-07-03 16:25:00,"714 Maple St, Dallas, TX 75001",July
231582,iPhone,1,700.0,2019-07-14 15:01:00,"786 Wilson St, Atlanta, GA 30301",July
226200,iPhone,1,700.0,2019-07-22 12:47:00,"272 11th St, Los Angeles, CA 90001",July
229167,iPhone,1,700.0,2019-07-25 18:00:00,"769 12th St, Boston, MA 02215",July
231298,iPhone,1,700.0,2019-07-18 20:32:00,"293 Elm St, San Francisco, CA 94016",July
232348,iPhone,1,700.0,2019-07-27 10:24:00,"793 Hill St, Boston, MA 02215",July
235090,iPhone,1,700.0,2019-07-30 09:02:00,"805 1st St, New York City, NY 10001",July
232042,iPhone,1,700.0,2019-07-20 02:58:00,"418 14th St, Portland, OR 97035",July
233742,iPhone,1,700.0,2019-07-03 10:14:00,"942 Park St, Atlanta, GA 30301",July
234851,iPhone,1,700.0,2019-07-02 18:46:00,"171 South St, Boston, MA 02215",July
229120,iPhone,1,700.0,2019-07-26 19:35:00,"776 Highland St, Seattle, WA 98101",July
225501,iPhone,1,700.0,2019-07-10 13:50:00,"647 13th St, Seattle, WA 98101",July
230344,iPhone,1,700.0,2019-07-24 19:07:00,"127 Dogwood St, Seattle, WA 98101",July
225910,iPhone,1,700.0,2019-07-08 16:03:00,"409 Willow St, Boston, MA 02215",July
227291,iPhone,1,700.0,2019-07-28 16:40:00,"979 8th St, Seattle, WA 98101",July
232795,iPhone,1,700.0,2019-08-01 00:16:00,"424 Washington St, San Francisco, CA 94016",August
234449,iPhone,1,700.0,2019-07-28 19:02:00,"644 11th St, Dallas, TX 75001",July
234874,iPhone,1,700.0,2019-07-16 10:10:00,"677 4th St, Austin, TX 73301",July
236602,iPhone,1,700.0,2019-07-07 01:02:00,"185 1st St, San Francisco, CA 94016",July
225080,iPhone,1,700.0,2019-07-17 19:21:00,"520 Park St, Los Angeles, CA 90001",July
233398,iPhone,1,700.0,2019-07-08 13:18:00,"902 Park St, San Francisco, CA 94016",July
234506,iPhone,1,700.0,2019-07-27 05:47:00,"384 10th St, Austin, TX 73301",July
235840,iPhone,1,700.0,2019-07-28 10:33:00,"303 Forest St, Portland, OR 97035",July
227881,iPhone,1,700.0,2019-07-26 14:01:00,"223 Washington St, Seattle, WA 98101",July
223785,iPhone,1,700.0,2019-07-27 14:25:00,"725 11th St, Dallas, TX 75001",July
224073,iPhone,1,700.0,2019-07-21 22:29:00,"741 Sunset St, Atlanta, GA 30301",July
229062,iPhone,1,700.0,2019-07-24 15:06:00,"737 Jackson St, San Francisco, CA 94016",July
231764,iPhone,1,700.0,2019-07-21 20:13:00,"519 10th St, San Francisco, CA 94016",July
224997,iPhone,1,700.0,2019-07-16 21:52:00,"291 Pine St, San Francisco, CA 94016",July
225925,iPhone,1,700.0,2019-07-27 12:50:00,"665 Forest St, Los Angeles, CA 90001",July
227164,iPhone,1,700.0,2019-07-02 11:51:00,"646 Main St, New York City, NY 10001",July
227982,iPhone,1,700.0,2019-07-22 19:01:00,"972 South St, San Francisco, CA 94016",July
229823,iPhone,1,700.0,2019-07-15 11:49:00,"488 Hill St, New York City, NY 10001",July
230024,iPhone,1,700.0,2019-07-14 22:14:00,"550 Chestnut St, Atlanta, GA 30301",July
228006,iPhone,1,700.0,2019-07-31 19:25:00,"897 6th St, Atlanta, GA 30301",July
234885,iPhone,1,700.0,2019-07-29 16:43:00,"178 Highland St, Atlanta, GA 30301",July
231443,iPhone,1,700.0,2019-07-29 22:19:00,"290 Center St, San Francisco, CA 94016",July
224792,iPhone,1,700.0,2019-07-11 10:22:00,"201 Highland St, Atlanta, GA 30301",July
233197,iPhone,1,700.0,2019-07-17 10:09:00,"953 Adams St, San Francisco, CA 94016",July
233321,iPhone,1,700.0,2019-07-27 01:03:00,"73 Church St, Dallas, TX 75001",July
230695,iPhone,1,700.0,2019-07-07 12:07:00,"70 Maple St, San Francisco, CA 94016",July
224916,iPhone,1,700.0,2019-07-08 07:29:00,"214 Maple St, Portland, OR 97035",July
225045,iPhone,1,700.0,2019-07-09 19:07:00,"28 Lakeview St, San Francisco, CA 94016",July
229835,iPhone,1,700.0,2019-07-05 13:06:00,"10 4th St, Los Angeles, CA 90001",July
233741,iPhone,1,700.0,2019-07-29 18:01:00,"16 Elm St, Seattle, WA 98101",July
233774,iPhone,1,700.0,2019-07-14 19:57:00,"912 Adams St, Los Angeles, CA 90001",July
229662,iPhone,1,700.0,2019-07-02 12:02:00,"193 Madison St, San Francisco, CA 94016",July
231221,iPhone,1,700.0,2019-07-03 22:09:00,"950 Elm St, San Francisco, CA 94016",July
235921,iPhone,1,700.0,2019-07-27 14:32:00,"620 Spruce St, Boston, MA 02215",July
223839,iPhone,1,700.0,2019-07-05 12:53:00,"886 Lakeview St, Austin, TX 73301",July
229431,iPhone,1,700.0,2019-07-31 11:04:00,"645 7th St, Austin, TX 73301",July
233054,iPhone,1,700.0,2019-07-14 21:08:00,"893 Washington St, Los Angeles, CA 90001",July
233394,iPhone,1,700.0,2019-07-25 17:07:00,"967 South St, San Francisco, CA 94016",July
223958,iPhone,1,700.0,2019-07-17 12:31:00,"872 14th St, San Francisco, CA 94016",July
224690,iPhone,1,700.0,2019-07-09 14:56:00,"487 Sunset St, Boston, MA 02215",July
231282,iPhone,1,700.0,2019-07-13 13:38:00,"110 14th St, Los Angeles, CA 90001",July
234160,iPhone,1,700.0,2019-07-18 19:40:00,"780 10th St, San Francisco, CA 94016",July
229211,iPhone,1,700.0,2019-07-30 17:10:00,"999 Dogwood St, Atlanta, GA 30301",July
224620,iPhone,1,700.0,2019-07-18 20:45:00,"464 2nd St, New York City, NY 10001",July
226811,iPhone,1,700.0,2019-07-16 06:44:00,"541 Lakeview St, Boston, MA 02215",July
228080,iPhone,1,700.0,2019-07-31 13:10:00,"431 9th St, Los Angeles, CA 90001",July
227129,iPhone,1,700.0,2019-07-04 07:50:00,"450 Madison St, New York City, NY 10001",July
229733,iPhone,1,700.0,2019-07-17 22:50:00,"508 Maple St, Seattle, WA 98101",July
231054,iPhone,1,700.0,2019-07-21 17:15:00,"461 Meadow St, Boston, MA 02215",July
230101,iPhone,1,700.0,2019-07-19 17:40:00,"801 1st St, Austin, TX 73301",July
225680,iPhone,1,700.0,2019-07-10 12:24:00,"492 Chestnut St, Seattle, WA 98101",July
229339,iPhone,1,700.0,2019-07-02 21:30:00,"395 Elm St, Portland, OR 97035",July
224886,iPhone,1,700.0,2019-07-03 08:11:00,"583 13th St, Los Angeles, CA 90001",July
226494,iPhone,1,700.0,2019-07-15 00:47:00,"264 10th St, San Francisco, CA 94016",July
228355,iPhone,1,700.0,2019-07-06 17:57:00,"939 Cherry St, San Francisco, CA 94016",July
229806,iPhone,1,700.0,2019-07-10 14:24:00,"998 Pine St, Atlanta, GA 30301",July
231272,iPhone,1,700.0,2019-07-18 13:34:00,"227 Lincoln St, Los Angeles, CA 90001",July
233409,iPhone,1,700.0,2019-07-16 10:16:00,"107 River St, Boston, MA 02215",July
236634,iPhone,1,700.0,2019-07-30 17:12:00,"399 Spruce St, Portland, OR 97035",July
226087,iPhone,1,700.0,2019-07-06 10:39:00,"71 Ridge St, Boston, MA 02215",July
227823,iPhone,1,700.0,2019-07-17 07:58:00,"325 6th St, Austin, TX 73301",July
231420,iPhone,1,700.0,2019-07-12 21:49:00,"929 Park St, New York City, NY 10001",July
235597,iPhone,1,700.0,2019-07-01 20:22:00,"452 North St, Boston, MA 02215",July
224062,iPhone,1,700.0,2019-07-16 17:16:00,"650 13th St, San Francisco, CA 94016",July
225709,iPhone,1,700.0,2019-07-21 14:29:00,"129 Willow St, Austin, TX 73301",July
231985,iPhone,1,700.0,2019-07-31 09:05:00,"796 11th St, Atlanta, GA 30301",July
232621,iPhone,1,700.0,2019-07-30 18:27:00,"159 Walnut St, New York City, NY 10001",July
233450,iPhone,1,700.0,2019-07-12 13:59:00,"693 8th St, Dallas, TX 75001",July
227615,iPhone,1,700.0,2019-07-15 19:34:00,"883 Maple St, New York City, NY 10001",July
225700,iPhone,1,700.0,2019-07-17 17:52:00,"849 West St, Seattle, WA 98101",July
233584,iPhone,1,700.0,2019-07-05 14:17:00,"577 Center St, Austin, TX 73301",July
237013,iPhone,1,700.0,2019-08-06 07:13:00,"720 12th St, Los Angeles, CA 90001",August
238362,iPhone,1,700.0,2019-08-18 13:13:00,"459 Wilson St, Austin, TX 73301",August
241224,iPhone,1,700.0,2019-08-18 09:42:00,"457 4th St, San Francisco, CA 94016",August
242583,iPhone,1,700.0,2019-08-01 17:13:00,"702 Cherry St, Boston, MA 02215",August
243921,iPhone,1,700.0,2019-08-09 09:56:00,"50 Willow St, New York City, NY 10001",August
248139,iPhone,1,700.0,2019-08-10 23:39:00,"879 Spruce St, Los Angeles, CA 90001",August
241725,iPhone,1,700.0,2019-08-22 13:10:00,"983 Elm St, San Francisco, CA 94016",August
247623,iPhone,1,700.0,2019-08-13 12:46:00,"565 2nd St, Atlanta, GA 30301",August
238830,iPhone,1,700.0,2019-08-29 16:09:00,"48 Dogwood St, Boston, MA 02215",August
239731,iPhone,1,700.0,2019-08-03 20:16:00,"605 Main St, San Francisco, CA 94016",August
241126,iPhone,1,700.0,2019-08-16 21:35:00,"579 Lincoln St, New York City, NY 10001",August
242263,iPhone,1,700.0,2019-08-08 16:12:00,"890 Cedar St, Los Angeles, CA 90001",August
244138,iPhone,1,700.0,2019-08-14 19:32:00,"549 10th St, San Francisco, CA 94016",August
241254,iPhone,1,700.0,2019-08-06 20:44:00,"193 9th St, Boston, MA 02215",August
241752,iPhone,1,700.0,2019-08-22 12:22:00,"675 9th St, San Francisco, CA 94016",August
247154,iPhone,1,700.0,2019-08-16 12:52:00,"475 Pine St, Los Angeles, CA 90001",August
247306,iPhone,1,700.0,2019-08-25 01:35:00,"17 Elm St, New York City, NY 10001",August
242798,iPhone,1,700.0,2019-08-01 20:59:00,"468 Hickory St, Atlanta, GA 30301",August
244506,iPhone,1,700.0,2019-08-04 23:26:00,"915 Center St, Los Angeles, CA 90001",August
237360,iPhone,1,700.0,2019-08-26 20:01:00,"891 12th St, Los Angeles, CA 90001",August
244109,iPhone,1,700.0,2019-08-17 16:28:00,"767 Adams St, San Francisco, CA 94016",August
247608,iPhone,1,700.0,2019-08-24 10:07:00,"444 West St, San Francisco, CA 94016",August
244615,iPhone,1,700.0,2019-08-25 21:36:00,"940 2nd St, Los Angeles, CA 90001",August
245861,iPhone,1,700.0,2019-08-08 15:13:00,"285 6th St, Seattle, WA 98101",August
242750,iPhone,1,700.0,2019-08-13 21:31:00,"653 Meadow St, Seattle, WA 98101",August
243267,iPhone,1,700.0,2019-08-17 11:27:00,"379 Hill St, New York City, NY 10001",August
247813,iPhone,1,700.0,2019-08-13 23:20:00,"623 4th St, Portland, OR 97035",August
245151,iPhone,1,700.0,2019-08-07 08:50:00,"987 13th St, San Francisco, CA 94016",August
236975,iPhone,1,700.0,2019-08-02 10:47:00,"799 Walnut St, Los Angeles, CA 90001",August
239206,iPhone,1,700.0,2019-08-25 20:33:00,"201 Cedar St, Los Angeles, CA 90001",August
238191,iPhone,1,700.0,2019-08-15 17:59:00,"762 10th St, Seattle, WA 98101",August
241203,iPhone,1,700.0,2019-08-06 07:42:00,"433 Highland St, Atlanta, GA 30301",August
242523,iPhone,1,700.0,2019-08-23 19:03:00,"339 4th St, Los Angeles, CA 90001",August
243093,iPhone,1,700.0,2019-08-24 12:47:00,"19 Johnson St, Austin, TX 73301",August
243358,iPhone,1,700.0,2019-08-24 14:23:00,"535 Willow St, Portland, OR 97035",August
247972,iPhone,1,700.0,2019-08-21 06:32:00,"573 South St, Los Angeles, CA 90001",August
238895,iPhone,1,700.0,2019-08-14 13:51:00,"798 Walnut St, Los Angeles, CA 90001",August
241726,iPhone,1,700.0,2019-08-25 21:04:00,"874 Ridge St, San Francisco, CA 94016",August
245246,iPhone,1,700.0,2019-08-28 11:18:00,"87 Johnson St, San Francisco, CA 94016",August
246983,iPhone,1,700.0,2019-08-31 15:14:00,"945 Jefferson St, Boston, MA 02215",August
245976,iPhone,1,700.0,2019-08-23 06:01:00,"476 Park St, Atlanta, GA 30301",August
239580,iPhone,1,700.0,2019-08-15 12:19:00,"83 9th St, Seattle, WA 98101",August
246062,iPhone,1,700.0,2019-08-21 20:40:00,"172 6th St, San Francisco, CA 94016",August
238746,iPhone,1,700.0,2019-08-14 19:42:00,"390 River St, San Francisco, CA 94016",August
240226,iPhone,1,700.0,2019-08-15 12:07:00,"317 River St, Los Angeles, CA 90001",August
244424,iPhone,1,700.0,2019-08-02 23:58:00,"488 6th St, San Francisco, CA 94016",August
237852,iPhone,1,700.0,2019-08-01 21:42:00,"563 Johnson St, New York City, NY 10001",August
240852,iPhone,1,700.0,2019-08-02 21:14:00,"899 Lincoln St, Boston, MA 02215",August
243319,iPhone,1,700.0,2019-08-06 13:50:00,"114 Ridge St, San Francisco, CA 94016",August
238112,iPhone,1,700.0,2019-08-24 14:42:00,"426 Cherry St, Austin, TX 73301",August
238758,iPhone,1,700.0,2019-08-30 13:48:00,"6 Jackson St, Seattle, WA 98101",August
245717,iPhone,1,700.0,2019-08-11 19:19:00,"851 Lincoln St, New York City, NY 10001",August
246759,iPhone,1,700.0,2019-08-12 12:06:00,"109 9th St, New York City, NY 10001",August
238221,iPhone,1,700.0,2019-08-23 20:46:00,"237 1st St, Los Angeles, CA 90001",August
243022,iPhone,1,700.0,2019-08-23 09:46:00,"191 Madison St, San Francisco, CA 94016",August
243965,iPhone,1,700.0,2019-08-04 02:45:00,"272 Lakeview St, New York City, NY 10001",August
236928,iPhone,1,700.0,2019-08-22 08:30:00,"319 12th St, San Francisco, CA 94016",August
238060,iPhone,1,700.0,2019-08-13 01:28:00,"395 South St, Boston, MA 02215",August
241346,iPhone,1,700.0,2019-08-14 00:36:00,"900 Center St, New York City, NY 10001",August
242243,iPhone,1,700.0,2019-08-18 15:12:00,"276 2nd St, New York City, NY 10001",August
247111,iPhone,1,700.0,2019-08-17 18:40:00,"850 Park St, Portland, OR 97035",August
238827,iPhone,1,700.0,2019-08-02 19:52:00,"91 11th St, San Francisco, CA 94016",August
243646,iPhone,1,700.0,2019-08-29 21:23:00,"386 River St, Dallas, TX 75001",August
241957,iPhone,1,700.0,2019-08-02 08:57:00,"178 8th St, New York City, NY 10001",August
242336,iPhone,1,700.0,2019-08-04 13:15:00,"41 Forest St, Los Angeles, CA 90001",August
244499,iPhone,1,700.0,2019-08-17 16:34:00,"146 Pine St, Dallas, TX 75001",August
244788,iPhone,1,700.0,2019-08-06 07:06:00,"913 Madison St, Seattle, WA 98101",August
239401,iPhone,1,700.0,2019-08-08 15:09:00,"752 2nd St, Seattle, WA 98101",August
246430,iPhone,1,700.0,2019-08-05 09:27:00,"465 Jackson St, San Francisco, CA 94016",August
236788,iPhone,1,700.0,2019-08-21 12:09:00,"598 13th St, Los Angeles, CA 90001",August
241984,iPhone,1,700.0,2019-08-24 13:36:00,"67 7th St, Atlanta, GA 30301",August
243582,iPhone,1,700.0,2019-08-23 18:04:00,"794 1st St, Boston, MA 02215",August
241632,iPhone,1,700.0,2019-08-15 08:50:00,"350 6th St, Atlanta, GA 30301",August
247989,iPhone,1,700.0,2019-08-22 12:39:00,"23 Lakeview St, Dallas, TX 75001",August
249861,iPhone,1,700.0,2019-09-05 22:12:00,"399 Lincoln St, Los Angeles, CA 90001",September
254883,iPhone,1,700.0,2019-09-01 18:33:00,"589 West St, Seattle, WA 98101",September
256705,iPhone,1,700.0,2019-09-16 22:10:00,"20 Highland St, San Francisco, CA 94016",September
257796,iPhone,1,700.0,2019-09-07 16:00:00,"809 4th St, San Francisco, CA 94016",September
255571,iPhone,1,700.0,2019-09-23 19:10:00,"482 South St, New York City, NY 10001",September
248471,iPhone,1,700.0,2019-09-20 14:55:00,"763 Johnson St, Austin, TX 73301",September
252872,iPhone,1,700.0,2019-09-29 18:55:00,"976 Sunset St, Los Angeles, CA 90001",September
252038,iPhone,1,700.0,2019-09-15 17:47:00,"262 2nd St, Los Angeles, CA 90001",September
252113,iPhone,1,700.0,2019-09-19 21:51:00,"180 Johnson St, Boston, MA 02215",September
248310,iPhone,1,700.0,2019-09-05 21:00:00,"201 Spruce St, Austin, TX 73301",September
249195,iPhone,1,700.0,2019-09-22 23:47:00,"149 2nd St, San Francisco, CA 94016",September
252166,iPhone,1,700.0,2019-09-13 14:46:00,"830 Jefferson St, Boston, MA 02215",September
252915,iPhone,1,700.0,2019-09-07 18:55:00,"112 Johnson St, Atlanta, GA 30301",September
253280,iPhone,1,700.0,2019-09-23 17:15:00,"830 11th St, San Francisco, CA 94016",September
253978,iPhone,1,700.0,2019-09-11 15:10:00,"142 Lake St, Portland, OR 97035",September
257992,iPhone,1,700.0,2019-09-26 14:27:00,"272 Forest St, Boston, MA 02215",September
252568,iPhone,1,700.0,2019-09-14 12:05:00,"128 Sunset St, Los Angeles, CA 90001",September
253034,iPhone,1,700.0,2019-09-02 08:50:00,"637 1st St, Los Angeles, CA 90001",September
258944,iPhone,1,700.0,2019-09-24 16:27:00,"558 8th St, San Francisco, CA 94016",September
248331,iPhone,1,700.0,2019-09-02 17:38:00,"642 2nd St, San Francisco, CA 94016",September
253731,iPhone,1,700.0,2019-09-11 18:44:00,"94 Cedar St, San Francisco, CA 94016",September
255076,iPhone,1,700.0,2019-09-22 00:06:00,"908 8th St, Austin, TX 73301",September
255816,iPhone,1,700.0,2019-09-10 16:50:00,"678 Forest St, Los Angeles, CA 90001",September
256580,iPhone,1,700.0,2019-09-20 19:45:00,"287 Wilson St, Boston, MA 02215",September
258070,iPhone,1,700.0,2019-09-20 14:02:00,"934 Sunset St, Boston, MA 02215",September
255179,iPhone,1,700.0,2019-09-30 12:55:00,"725 Jackson St, San Francisco, CA 94016",September
249859,iPhone,1,700.0,2019-09-18 16:51:00,"252 River St, San Francisco, CA 94016",September
250740,iPhone,1,700.0,2019-09-19 09:40:00,"778 Johnson St, Seattle, WA 98101",September
252538,iPhone,1,700.0,2019-09-23 21:08:00,"829 Chestnut St, Boston, MA 02215",September
252637,iPhone,1,700.0,2019-09-13 12:12:00,"987 Lakeview St, Seattle, WA 98101",September
255020,iPhone,1,700.0,2019-09-28 12:23:00,"339 Maple St, San Francisco, CA 94016",September
255634,iPhone,1,700.0,2019-09-09 22:03:00,"832 Johnson St, New York City, NY 10001",September
251949,iPhone,1,700.0,2019-09-30 14:30:00,"738 11th St, San Francisco, CA 94016",September
254252,iPhone,1,700.0,2019-09-11 00:00:00,"364 Jefferson St, Los Angeles, CA 90001",September
258557,iPhone,1,700.0,2019-09-12 20:47:00,"137 Cedar St, Los Angeles, CA 90001",September
251629,iPhone,1,700.0,2019-09-19 22:52:00,"366 Ridge St, New York City, NY 10001",September
251680,iPhone,1,700.0,2019-09-08 09:45:00,"449 Cherry St, Boston, MA 02215",September
257180,iPhone,1,700.0,2019-09-11 06:31:00,"150 9th St, Boston, MA 02215",September
251134,iPhone,1,700.0,2019-09-16 12:44:00,"281 Center St, Boston, MA 02215",September
256579,iPhone,1,700.0,2019-09-03 22:42:00,"20 Lakeview St, Los Angeles, CA 90001",September
256733,iPhone,1,700.0,2019-09-13 11:27:00,"807 Dogwood St, San Francisco, CA 94016",September
256778,iPhone,1,700.0,2019-09-28 14:15:00,"624 Cedar St, Atlanta, GA 30301",September
252315,iPhone,1,700.0,2019-09-15 23:41:00,"640 Forest St, Seattle, WA 98101",September
253829,iPhone,1,700.0,2019-09-25 14:20:00,"765 Jackson St, Austin, TX 73301",September
253305,iPhone,1,700.0,2019-09-07 08:32:00,"772 11th St, Los Angeles, CA 90001",September
251512,iPhone,1,700.0,2019-09-09 19:39:00,"187 Chestnut St, Seattle, WA 98101",September
248367,iPhone,1,700.0,2019-09-29 19:44:00,"31 Madison St, Atlanta, GA 30301",September
253251,iPhone,1,700.0,2019-09-22 12:08:00,"650 Highland St, San Francisco, CA 94016",September
253897,iPhone,1,700.0,2019-09-02 12:21:00,"304 Maple St, Los Angeles, CA 90001",September
256805,iPhone,1,700.0,2019-09-14 07:57:00,"612 West St, Dallas, TX 75001",September
258966,iPhone,1,700.0,2019-09-21 13:33:00,"400 10th St, Atlanta, GA 30301",September
250630,iPhone,1,700.0,2019-09-28 01:29:00,"850 Church St, Portland, OR 97035",September
252282,iPhone,1,700.0,2019-09-04 18:35:00,"943 Park St, San Francisco, CA 94016",September
253539,iPhone,1,700.0,2019-09-06 18:22:00,"22 Chestnut St, New York City, NY 10001",September
254258,iPhone,1,700.0,2019-09-09 21:21:00,"48 Church St, Boston, MA 02215",September
250244,iPhone,1,700.0,2019-09-01 11:04:00,"784 Highland St, New York City, NY 10001",September
251866,iPhone,1,700.0,2019-09-29 01:32:00,"694 Main St, Dallas, TX 75001",September
258381,iPhone,1,700.0,2019-09-26 15:18:00,"818 Walnut St, Los Angeles, CA 90001",September
251506,iPhone,1,700.0,2019-09-25 18:50:00,"601 Lakeview St, Seattle, WA 98101",September
259354,iPhone,1,700.0,2019-09-01 16:00:00,"216 Dogwood St, San Francisco, CA 94016",September
258731,iPhone,1,700.0,2019-09-20 13:00:00,"146 Jackson St, Los Angeles, CA 90001",September
257268,iPhone,1,700.0,2019-09-12 11:23:00,"457 Jackson St, San Francisco, CA 94016",September
251685,iPhone,1,700.0,2019-09-18 18:37:00,"888 South St, Seattle, WA 98101",September
254924,iPhone,1,700.0,2019-09-17 09:52:00,"568 7th St, San Francisco, CA 94016",September
258341,iPhone,1,700.0,2019-09-08 15:46:00,"393 Adams St, Seattle, WA 98101",September
249760,iPhone,1,700.0,2019-09-27 21:36:00,"282 South St, Boston, MA 02215",September
255764,iPhone,1,700.0,2019-09-18 07:18:00,"350 Madison St, Dallas, TX 75001",September
256304,iPhone,1,700.0,2019-09-06 10:26:00,"681 4th St, Los Angeles, CA 90001",September
258626,iPhone,1,700.0,2019-09-07 17:42:00,"146 Forest St, New York City, NY 10001",September
258032,iPhone,1,700.0,2019-09-20 21:04:00,"46 1st St, Austin, TX 73301",September
249907,iPhone,1,700.0,2019-09-16 17:27:00,"59 Ridge St, Boston, MA 02215",September
256008,iPhone,1,700.0,2019-09-20 08:23:00,"967 Johnson St, Austin, TX 73301",September
252808,iPhone,1,700.0,2019-09-15 21:24:00,"959 Spruce St, Los Angeles, CA 90001",September
248914,iPhone,1,700.0,2019-09-05 22:40:00,"924 Willow St, New York City, NY 10001",September
252066,iPhone,1,700.0,2019-09-29 16:31:00,"149 8th St, Austin, TX 73301",September
261821,iPhone,1,700.0,2019-10-23 12:18:00,"769 8th St, San Francisco, CA 94016",October
270729,iPhone,1,700.0,2019-10-02 13:53:00,"563 West St, Atlanta, GA 30301",October
265496,iPhone,1,700.0,2019-10-11 16:55:00,"137 Meadow St, San Francisco, CA 94016",October
267372,iPhone,1,700.0,2019-10-04 11:39:00,"540 2nd St, Austin, TX 73301",October
276181,iPhone,1,700.0,2019-10-10 12:19:00,"545 Adams St, Los Angeles, CA 90001",October
264789,iPhone,1,700.0,2019-10-28 21:54:00,"766 10th St, Atlanta, GA 30301",October
266334,iPhone,1,700.0,2019-10-07 19:34:00,"165 Church St, Seattle, WA 98101",October
272233,iPhone,1,700.0,2019-10-16 12:10:00,"946 7th St, Atlanta, GA 30301",October
274095,iPhone,1,700.0,2019-10-04 18:10:00,"801 West St, Los Angeles, CA 90001",October
260937,iPhone,1,700.0,2019-10-04 14:16:00,"245 Maple St, San Francisco, CA 94016",October
265343,iPhone,1,700.0,2019-10-21 14:25:00,"454 Ridge St, Los Angeles, CA 90001",October
274126,iPhone,1,700.0,2019-10-16 12:33:00,"177 Adams St, San Francisco, CA 94016",October
264588,iPhone,1,700.0,2019-10-10 12:46:00,"653 South St, San Francisco, CA 94016",October
267154,iPhone,1,700.0,2019-10-01 18:22:00,"80 6th St, New York City, NY 10001",October
267685,iPhone,1,700.0,2019-10-22 20:03:00,"208 North St, Los Angeles, CA 90001",October
276848,iPhone,1,700.0,2019-10-13 20:09:00,"319 12th St, New York City, NY 10001",October
260849,iPhone,1,700.0,2019-10-01 15:26:00,"705 South St, Austin, TX 73301",October
269648,iPhone,1,700.0,2019-10-10 22:30:00,"947 9th St, San Francisco, CA 94016",October
262821,iPhone,1,700.0,2019-10-07 16:30:00,"220 Sunset St, Los Angeles, CA 90001",October
260894,iPhone,1,700.0,2019-10-17 05:30:00,"930 Elm St, Los Angeles, CA 90001",October
265295,iPhone,1,700.0,2019-10-01 09:23:00,"258 Center St, San Francisco, CA 94016",October
265946,iPhone,1,700.0,2019-10-09 17:27:00,"371 Hill St, San Francisco, CA 94016",October
271024,iPhone,1,700.0,2019-10-01 12:31:00,"130 Spruce St, San Francisco, CA 94016",October
259915,iPhone,1,700.0,2019-10-22 12:29:00,"399 Jackson St, New York City, NY 10001",October
273114,iPhone,1,700.0,2019-10-14 12:46:00,"590 Lakeview St, Seattle, WA 98101",October
273385,iPhone,1,700.0,2019-10-20 13:15:00,"328 Pine St, New York City, NY 10001",October
276243,iPhone,1,700.0,2019-10-15 11:48:00,"257 Lakeview St, San Francisco, CA 94016",October
277361,iPhone,1,700.0,2019-10-14 17:35:00,"937 Elm St, Atlanta, GA 30301",October
268529,iPhone,1,700.0,2019-10-27 23:09:00,"95 River St, New York City, NY 10001",October
273216,iPhone,1,700.0,2019-10-29 18:46:00,"435 Cherry St, Seattle, WA 98101",October
267434,iPhone,1,700.0,2019-10-05 08:40:00,"132 Maple St, San Francisco, CA 94016",October
268420,iPhone,1,700.0,2019-10-29 10:50:00,"653 14th St, Los Angeles, CA 90001",October
274257,iPhone,1,700.0,2019-10-15 17:25:00,"37 Johnson St, Dallas, TX 75001",October
260772,iPhone,1,700.0,2019-10-27 15:41:00,"508 Jackson St, Portland, OR 97035",October
268276,iPhone,1,700.0,2019-10-30 15:33:00,"88 Highland St, San Francisco, CA 94016",October
273607,iPhone,1,700.0,2019-10-01 10:57:00,"548 Hill St, San Francisco, CA 94016",October
265154,iPhone,1,700.0,2019-10-28 18:06:00,"758 Johnson St, Los Angeles, CA 90001",October
271154,iPhone,1,700.0,2019-10-19 15:16:00,"579 Willow St, San Francisco, CA 94016",October
271800,iPhone,1,700.0,2019-10-01 18:51:00,"960 Park St, Dallas, TX 75001",October
274287,iPhone,1,700.0,2019-10-27 18:36:00,"158 11th St, Boston, MA 02215",October
277621,iPhone,1,700.0,2019-10-12 08:49:00,"681 Maple St, San Francisco, CA 94016",October
260127,iPhone,1,700.0,2019-10-06 23:57:00,"227 Willow St, San Francisco, CA 94016",October
269688,iPhone,1,700.0,2019-10-29 16:36:00,"317 North St, Dallas, TX 75001",October
271322,iPhone,1,700.0,2019-10-03 15:23:00,"727 Washington St, Boston, MA 02215",October
272852,iPhone,1,700.0,2019-10-07 20:12:00,"564 Church St, New York City, NY 10001",October
261563,iPhone,1,700.0,2019-10-11 11:46:00,"969 Church St, Dallas, TX 75001",October
262217,iPhone,1,700.0,2019-10-02 11:25:00,"404 Washington St, Atlanta, GA 30301",October
265287,iPhone,1,700.0,2019-10-23 12:42:00,"535 12th St, Portland, OR 97035",October
270495,iPhone,1,700.0,2019-10-31 12:34:00,"560 Center St, Austin, TX 73301",October
271371,iPhone,1,700.0,2019-10-15 10:11:00,"86 West St, San Francisco, CA 94016",October
274078,iPhone,1,700.0,2019-10-03 09:53:00,"936 Lakeview St, Atlanta, GA 30301",October
277106,iPhone,1,700.0,2019-10-07 01:38:00,"240 Elm St, San Francisco, CA 94016",October
267369,iPhone,1,700.0,2019-10-16 02:39:00,"22 Lakeview St, Boston, MA 02215",October
272882,iPhone,1,700.0,2019-10-26 16:32:00,"114 Cedar St, San Francisco, CA 94016",October
274224,iPhone,1,700.0,2019-10-07 18:35:00,"323 South St, Seattle, WA 98101",October
274725,iPhone,1,700.0,2019-10-23 17:26:00,"76 Cherry St, New York City, NY 10001",October
263041,iPhone,1,700.0,2019-10-06 16:29:00,"339 Park St, Los Angeles, CA 90001",October
264925,iPhone,1,700.0,2019-10-02 01:01:00,"75 9th St, Portland, OR 97035",October
271347,iPhone,1,700.0,2019-10-11 21:31:00,"966 4th St, Portland, OR 97035",October
274450,iPhone,1,700.0,2019-10-25 12:49:00,"805 Hill St, Atlanta, GA 30301",October
261134,iPhone,1,700.0,2019-10-25 15:02:00,"985 Elm St, Seattle, WA 98101",October
269343,iPhone,1,700.0,2019-10-14 18:50:00,"586 Lincoln St, Los Angeles, CA 90001",October
270298,iPhone,1,700.0,2019-10-02 11:50:00,"901 13th St, Seattle, WA 98101",October
271906,iPhone,1,700.0,2019-10-28 09:01:00,"515 2nd St, Atlanta, GA 30301",October
260017,iPhone,1,700.0,2019-10-03 09:23:00,"831 14th St, San Francisco, CA 94016",October
267127,iPhone,1,700.0,2019-10-07 22:41:00,"630 1st St, New York City, NY 10001",October
274027,iPhone,1,700.0,2019-10-13 06:14:00,"356 Maple St, San Francisco, CA 94016",October
265881,iPhone,1,700.0,2019-10-09 13:52:00,"308 Meadow St, New York City, NY 10001",October
267679,iPhone,1,700.0,2019-10-08 08:31:00,"812 Dogwood St, Dallas, TX 75001",October
269118,iPhone,1,700.0,2019-10-02 11:44:00,"513 Lincoln St, Seattle, WA 98101",October
278415,iPhone,1,700.0,2019-10-14 15:46:00,"87 Wilson St, Los Angeles, CA 90001",October
278529,iPhone,1,700.0,2019-10-29 18:20:00,"183 Forest St, Austin, TX 73301",October
272332,iPhone,1,700.0,2019-10-03 09:03:00,"81 Sunset St, San Francisco, CA 94016",October
268927,iPhone,1,700.0,2019-10-24 12:31:00,"952 Main St, San Francisco, CA 94016",October
261312,iPhone,1,700.0,2019-10-16 19:52:00,"774 Walnut St, New York City, NY 10001",October
262433,iPhone,1,700.0,2019-10-24 13:32:00,"472 10th St, Boston, MA 02215",October
262748,iPhone,1,700.0,2019-10-25 14:40:00,"907 13th St, Seattle, WA 98101",October
266351,iPhone,1,700.0,2019-10-07 10:20:00,"317 Ridge St, San Francisco, CA 94016",October
271355,iPhone,1,700.0,2019-10-06 18:36:00,"519 West St, Boston, MA 02215",October
273448,iPhone,1,700.0,2019-10-05 09:52:00,"682 Chestnut St, San Francisco, CA 94016",October
276449,iPhone,1,700.0,2019-10-17 00:05:00,"487 13th St, Boston, MA 02215",October
262596,iPhone,1,700.0,2019-10-11 09:59:00,"725 Lake St, Dallas, TX 75001",October
270750,iPhone,1,700.0,2019-10-08 21:27:00,"21 13th St, San Francisco, CA 94016",October
274248,iPhone,1,700.0,2019-10-05 19:06:00,"790 Jackson St, Portland, ME 04101",October
275656,iPhone,1,700.0,2019-10-27 14:06:00,"693 Maple St, New York City, NY 10001",October
267850,iPhone,1,700.0,2019-10-12 20:40:00,"854 Chestnut St, Los Angeles, CA 90001",October
268719,iPhone,1,700.0,2019-10-02 19:42:00,"530 Madison St, San Francisco, CA 94016",October
273447,iPhone,1,700.0,2019-10-12 13:17:00,"246 Adams St, Seattle, WA 98101",October
263604,iPhone,1,700.0,2019-10-02 12:32:00,"863 7th St, Austin, TX 73301",October
265899,iPhone,1,700.0,2019-10-06 21:10:00,"71 Walnut St, San Francisco, CA 94016",October
268111,iPhone,1,700.0,2019-10-09 20:06:00,"114 Main St, Los Angeles, CA 90001",October
277423,iPhone,1,700.0,2019-10-13 16:10:00,"272 Lake St, Dallas, TX 75001",October
264951,iPhone,1,700.0,2019-10-30 13:38:00,"725 Walnut St, Dallas, TX 75001",October
266481,iPhone,1,700.0,2019-10-20 20:14:00,"545 Dogwood St, Los Angeles, CA 90001",October
259656,iPhone,1,700.0,2019-10-05 19:33:00,"173 Willow St, Dallas, TX 75001",October
269941,iPhone,1,700.0,2019-10-31 06:35:00,"170 Hickory St, Dallas, TX 75001",October
272744,iPhone,1,700.0,2019-10-30 22:49:00,"991 Main St, Los Angeles, CA 90001",October
259607,iPhone,1,700.0,2019-10-12 12:01:00,"358 Center St, Portland, OR 97035",October
260301,iPhone,1,700.0,2019-10-12 12:28:00,"209 Park St, Los Angeles, CA 90001",October
261184,iPhone,1,700.0,2019-10-23 16:49:00,"1 North St, Atlanta, GA 30301",October
264870,iPhone,1,700.0,2019-10-19 22:53:00,"882 Park St, Los Angeles, CA 90001",October
272703,iPhone,1,700.0,2019-10-29 05:51:00,"251 Jackson St, San Francisco, CA 94016",October
276358,iPhone,1,700.0,2019-10-28 11:52:00,"25 Lincoln St, Los Angeles, CA 90001",October
277844,iPhone,1,700.0,2019-10-03 15:52:00,"754 Madison St, New York City, NY 10001",October
266590,iPhone,1,700.0,2019-10-31 10:05:00,"583 Spruce St, Los Angeles, CA 90001",October
263944,iPhone,1,700.0,2019-10-18 13:40:00,"92 Maple St, Boston, MA 02215",October
266488,iPhone,1,700.0,2019-10-08 00:37:00,"632 Hill St, New York City, NY 10001",October
270461,iPhone,1,700.0,2019-10-23 16:13:00,"437 Main St, San Francisco, CA 94016",October
273204,iPhone,1,700.0,2019-10-14 17:43:00,"462 Jefferson St, Boston, MA 02215",October
279632,iPhone,1,700.0,2019-11-26 14:05:00,"484 Hill St, San Francisco, CA 94016",November
282808,iPhone,1,700.0,2019-11-28 08:22:00,"389 10th St, Boston, MA 02215",November
284656,iPhone,1,700.0,2019-11-18 10:44:00,"715 5th St, New York City, NY 10001",November
287363,iPhone,1,700.0,2019-11-25 18:18:00,"675 Madison St, San Francisco, CA 94016",November
292176,iPhone,1,700.0,2019-11-05 15:44:00,"495 Cedar St, San Francisco, CA 94016",November
295291,iPhone,1,700.0,2019-11-02 20:19:00,"841 Dogwood St, Seattle, WA 98101",November
282576,iPhone,1,700.0,2019-11-26 19:57:00,"89 Church St, Boston, MA 02215",November
288277,iPhone,1,700.0,2019-11-22 21:49:00,"807 Park St, Dallas, TX 75001",November
282896,iPhone,1,700.0,2019-11-07 19:47:00,"799 Main St, New York City, NY 10001",November
287343,iPhone,1,700.0,2019-11-26 12:19:00,"970 Meadow St, San Francisco, CA 94016",November
289715,iPhone,1,700.0,2019-11-26 15:48:00,"725 Washington St, Los Angeles, CA 90001",November
294314,iPhone,1,700.0,2019-11-20 22:02:00,"267 Jefferson St, Boston, MA 02215",November
279465,iPhone,1,700.0,2019-11-28 19:52:00,"174 Dogwood St, San Francisco, CA 94016",November
279483,iPhone,1,700.0,2019-11-22 15:40:00,"630 2nd St, Boston, MA 02215",November
282301,iPhone,1,700.0,2019-11-02 12:03:00,"969 Forest St, San Francisco, CA 94016",November
288410,iPhone,1,700.0,2019-11-01 20:45:00,"326 South St, Seattle, WA 98101",November
289532,iPhone,1,700.0,2019-11-09 12:26:00,"215 Park St, Austin, TX 73301",November
289610,iPhone,1,700.0,2019-11-23 17:51:00,"88 Cedar St, San Francisco, CA 94016",November
289945,iPhone,1,700.0,2019-11-02 09:38:00,"36 4th St, Boston, MA 02215",November
291739,iPhone,1,700.0,2019-11-25 16:49:00,"342 Adams St, Los Angeles, CA 90001",November
292000,iPhone,1,700.0,2019-11-06 22:28:00,"301 River St, San Francisco, CA 94016",November
295063,iPhone,1,700.0,2019-11-01 12:11:00,"262 Hickory St, Los Angeles, CA 90001",November
279035,iPhone,1,700.0,2019-11-19 18:25:00,"379 Madison St, San Francisco, CA 94016",November
279616,iPhone,1,700.0,2019-11-30 13:35:00,"673 13th St, San Francisco, CA 94016",November
281037,iPhone,1,700.0,2019-11-22 19:54:00,"220 8th St, San Francisco, CA 94016",November
289491,iPhone,1,700.0,2019-11-19 13:59:00,"294 Walnut St, San Francisco, CA 94016",November
293327,iPhone,1,700.0,2019-11-05 15:46:00,"697 Jefferson St, Dallas, TX 75001",November
293642,iPhone,1,700.0,2019-11-30 15:49:00,"652 Jackson St, San Francisco, CA 94016",November
278819,iPhone,1,700.0,2019-11-04 06:20:00,"880 Maple St, New York City, NY 10001",November
280768,iPhone,1,700.0,2019-11-23 10:21:00,"703 Forest St, Los Angeles, CA 90001",November
282583,iPhone,1,700.0,2019-11-17 21:04:00,"922 8th St, Los Angeles, CA 90001",November
283016,iPhone,1,700.0,2019-11-02 16:07:00,"579 6th St, San Francisco, CA 94016",November
285508,iPhone,1,700.0,2019-11-14 03:17:00,"67 Hickory St, Los Angeles, CA 90001",November
288490,iPhone,1,700.0,2019-11-30 14:40:00,"285 Forest St, Dallas, TX 75001",November
289131,iPhone,1,700.0,2019-11-18 22:57:00,"866 Dogwood St, New York City, NY 10001",November
285909,iPhone,1,700.0,2019-11-08 15:17:00,"277 Sunset St, Portland, ME 04101",November
286011,iPhone,1,700.0,2019-11-16 10:43:00,"507 12th St, San Francisco, CA 94016",November
288340,iPhone,1,700.0,2019-11-24 05:41:00,"91 Sunset St, Austin, TX 73301",November
293180,iPhone,1,700.0,2019-11-25 13:27:00,"298 6th St, Austin, TX 73301",November
279124,iPhone,1,700.0,2019-11-26 22:43:00,"579 11th St, Portland, OR 97035",November
287147,iPhone,1,700.0,2019-11-27 13:51:00,"830 Washington St, Atlanta, GA 30301",November
287824,iPhone,1,700.0,2019-11-22 16:47:00,"341 Washington St, New York City, NY 10001",November
289463,iPhone,1,700.0,2019-11-27 13:32:00,"60 13th St, Boston, MA 02215",November
294906,iPhone,1,700.0,2019-11-24 20:04:00,"242 Willow St, Portland, OR 97035",November
279833,iPhone,1,700.0,2019-11-28 18:30:00,"179 4th St, Portland, OR 97035",November
293513,iPhone,1,700.0,2019-11-02 12:37:00,"255 Madison St, New York City, NY 10001",November
284694,iPhone,1,700.0,2019-11-27 10:01:00,"655 Ridge St, Dallas, TX 75001",November
290951,iPhone,1,700.0,2019-11-22 22:50:00,"707 Church St, Portland, OR 97035",November
292122,iPhone,1,700.0,2019-11-25 09:43:00,"504 Lakeview St, San Francisco, CA 94016",November
284652,iPhone,1,700.0,2019-11-16 18:10:00,"811 11th St, New York City, NY 10001",November
288145,iPhone,1,700.0,2019-11-07 16:57:00,"680 Lakeview St, Atlanta, GA 30301",November
286952,iPhone,1,700.0,2019-11-08 12:47:00,"279 Hill St, Atlanta, GA 30301",November
288200,iPhone,1,700.0,2019-11-21 06:40:00,"673 Jefferson St, Atlanta, GA 30301",November
288273,iPhone,1,700.0,2019-11-01 20:26:00,"571 Cedar St, Dallas, TX 75001",November
289426,iPhone,1,700.0,2019-11-24 11:14:00,"681 Forest St, Los Angeles, CA 90001",November
293680,iPhone,1,700.0,2019-11-13 11:48:00,"820 Adams St, San Francisco, CA 94016",November
283909,iPhone,1,700.0,2019-11-23 20:03:00,"394 10th St, Austin, TX 73301",November
286483,iPhone,1,700.0,2019-11-14 19:43:00,"312 Dogwood St, San Francisco, CA 94016",November
286961,iPhone,1,700.0,2019-11-06 17:06:00,"928 10th St, Atlanta, GA 30301",November
281707,iPhone,1,700.0,2019-11-18 21:57:00,"721 Spruce St, San Francisco, CA 94016",November
282505,iPhone,1,700.0,2019-11-21 19:16:00,"364 Hickory St, San Francisco, CA 94016",November
284523,iPhone,1,700.0,2019-11-26 08:30:00,"994 Washington St, San Francisco, CA 94016",November
293011,iPhone,1,700.0,2019-11-18 22:11:00,"763 River St, San Francisco, CA 94016",November
293322,iPhone,1,700.0,2019-11-27 19:50:00,"397 Chestnut St, Austin, TX 73301",November
279927,iPhone,1,700.0,2019-11-03 08:10:00,"925 5th St, San Francisco, CA 94016",November
286079,iPhone,1,700.0,2019-11-07 15:50:00,"951 Walnut St, New York City, NY 10001",November
286465,iPhone,1,700.0,2019-11-14 21:07:00,"345 Church St, Atlanta, GA 30301",November
290642,iPhone,1,700.0,2019-11-24 19:36:00,"838 Jackson St, Los Angeles, CA 90001",November
293308,iPhone,1,700.0,2019-11-01 18:14:00,"980 Madison St, Dallas, TX 75001",November
294147,iPhone,1,700.0,2019-11-30 23:31:00,"598 Willow St, Boston, MA 02215",November
279570,iPhone,1,700.0,2019-11-22 17:33:00,"939 Park St, Atlanta, GA 30301",November
294412,iPhone,1,700.0,2019-11-11 14:42:00,"287 Lincoln St, Seattle, WA 98101",November
282511,iPhone,1,700.0,2019-11-22 11:09:00,"41 Jefferson St, Boston, MA 02215",November
283593,iPhone,1,700.0,2019-11-16 17:32:00,"643 Dogwood St, Los Angeles, CA 90001",November
288130,iPhone,1,700.0,2019-11-10 19:12:00,"429 Jefferson St, New York City, NY 10001",November
289988,iPhone,1,700.0,2019-11-14 19:09:00,"407 Lake St, San Francisco, CA 94016",November
293381,iPhone,1,700.0,2019-11-29 03:17:00,"701 Chestnut St, San Francisco, CA 94016",November
282103,iPhone,1,700.0,2019-11-06 07:02:00,"277 Wilson St, Portland, OR 97035",November
292248,iPhone,1,700.0,2019-11-09 05:41:00,"497 Forest St, Los Angeles, CA 90001",November
290279,iPhone,1,700.0,2019-11-24 18:49:00,"222 Washington St, Boston, MA 02215",November
290810,iPhone,1,700.0,2019-11-23 12:46:00,"710 Walnut St, Boston, MA 02215",November
294999,iPhone,1,700.0,2019-11-18 08:20:00,"764 Chestnut St, Los Angeles, CA 90001",November
285073,iPhone,1,700.0,2019-11-06 06:51:00,"916 Chestnut St, Austin, TX 73301",November
284615,iPhone,1,700.0,2019-11-10 11:37:00,"81 Maple St, Atlanta, GA 30301",November
288361,iPhone,1,700.0,2019-11-18 11:07:00,"244 Highland St, San Francisco, CA 94016",November
286882,iPhone,1,700.0,2019-11-02 15:38:00,"570 Maple St, San Francisco, CA 94016",November
279160,iPhone,1,700.0,2019-11-01 10:37:00,"457 Dogwood St, Seattle, WA 98101",November
283962,iPhone,1,700.0,2019-11-09 16:18:00,"662 Hill St, New York City, NY 10001",November
291143,iPhone,1,700.0,2019-11-23 22:50:00,"879 Jackson St, Boston, MA 02215",November
282994,iPhone,1,700.0,2019-11-02 14:46:00,"183 1st St, San Francisco, CA 94016",November
284405,iPhone,1,700.0,2019-11-27 16:29:00,"689 Willow St, Dallas, TX 75001",November
291301,iPhone,1,700.0,2019-11-09 18:56:00,"959 13th St, Dallas, TX 75001",November
292927,iPhone,1,700.0,2019-11-12 23:25:00,"694 Madison St, Seattle, WA 98101",November
283331,iPhone,1,700.0,2019-11-05 10:15:00,"555 4th St, Dallas, TX 75001",November
284100,iPhone,1,700.0,2019-11-21 07:45:00,"866 Ridge St, Atlanta, GA 30301",November
285414,iPhone,1,700.0,2019-11-11 22:32:00,"179 2nd St, Boston, MA 02215",November
287771,iPhone,1,700.0,2019-11-05 10:15:00,"852 9th St, San Francisco, CA 94016",November
291547,iPhone,1,700.0,2019-11-05 18:25:00,"21 4th St, San Francisco, CA 94016",November
297250,iPhone,1,700.0,2019-12-16 12:42:00,"857 Hickory St, Boston, MA 02215",December
302055,iPhone,1,700.0,2019-12-21 20:34:00,"156 West St, Los Angeles, CA 90001",December
305275,iPhone,1,700.0,2019-12-11 18:50:00,"940 Cedar St, Atlanta, GA 30301",December
306185,iPhone,1,700.0,2019-12-11 13:25:00,"278 14th St, Portland, OR 97035",December
308019,iPhone,1,700.0,2019-12-04 18:27:00,"69 Hickory St, Los Angeles, CA 90001",December
312912,iPhone,1,700.0,2019-12-13 12:28:00,"518 Chestnut St, Los Angeles, CA 90001",December
299783,iPhone,1,700.0,2019-12-08 09:28:00,"34 13th St, Seattle, WA 98101",December
299917,iPhone,1,700.0,2019-12-22 15:17:00,"612 Lincoln St, Boston, MA 02215",December
304358,iPhone,1,700.0,2019-12-07 13:45:00,"844 12th St, Austin, TX 73301",December
313473,iPhone,1,700.0,2019-12-17 07:53:00,"845 5th St, Dallas, TX 75001",December
316546,iPhone,1,700.0,2019-12-22 14:41:00,"843 Lake St, San Francisco, CA 94016",December
318099,iPhone,1,700.0,2019-12-19 09:39:00,"766 Lakeview St, Austin, TX 73301",December
302835,iPhone,1,700.0,2019-12-13 11:45:00,"216 Johnson St, Los Angeles, CA 90001",December
303276,iPhone,1,700.0,2019-12-30 21:30:00,"741 Hickory St, San Francisco, CA 94016",December
304251,iPhone,1,700.0,2019-12-09 11:09:00,"547 7th St, Austin, TX 73301",December
317469,iPhone,1,700.0,2019-12-20 17:48:00,"421 Wilson St, San Francisco, CA 94016",December
300220,iPhone,1,700.0,2019-12-12 15:27:00,"22 2nd St, New York City, NY 10001",December
300505,iPhone,1,700.0,2019-12-24 21:11:00,"199 6th St, Dallas, TX 75001",December
303513,iPhone,1,700.0,2019-12-26 12:05:00,"890 West St, Boston, MA 02215",December
309548,iPhone,1,700.0,2019-12-09 14:04:00,"705 Hill St, New York City, NY 10001",December
312699,iPhone,1,700.0,2019-12-11 18:50:00,"163 North St, Seattle, WA 98101",December
309980,iPhone,1,700.0,2019-12-08 18:22:00,"729 Jackson St, San Francisco, CA 94016",December
310963,iPhone,1,700.0,2019-12-25 17:23:00,"960 Adams St, New York City, NY 10001",December
296641,iPhone,1,700.0,2019-12-29 15:57:00,"148 Sunset St, Los Angeles, CA 90001",December
297569,iPhone,1,700.0,2019-12-12 12:21:00,"899 11th St, Boston, MA 02215",December
305042,iPhone,1,700.0,2019-12-21 10:02:00,"410 Washington St, Portland, ME 04101",December
309309,iPhone,1,700.0,2019-12-21 08:48:00,"989 Chestnut St, Seattle, WA 98101",December
313357,iPhone,1,700.0,2019-12-08 14:59:00,"404 9th St, Seattle, WA 98101",December
317067,iPhone,1,700.0,2019-12-23 20:00:00,"909 Madison St, Boston, MA 02215",December
300714,iPhone,1,700.0,2019-12-12 18:48:00,"898 Maple St, Dallas, TX 75001",December
303870,iPhone,1,700.0,2019-12-31 01:09:00,"631 9th St, Atlanta, GA 30301",December
304934,iPhone,1,700.0,2019-12-20 00:10:00,"874 Meadow St, Seattle, WA 98101",December
310520,iPhone,1,700.0,2019-12-09 14:01:00,"760 11th St, Atlanta, GA 30301",December
312393,iPhone,1,700.0,2019-12-01 13:47:00,"519 Pine St, Boston, MA 02215",December
312926,iPhone,1,700.0,2019-12-27 19:26:00,"352 10th St, Los Angeles, CA 90001",December
317789,iPhone,1,700.0,2019-12-22 12:33:00,"343 5th St, New York City, NY 10001",December
302751,iPhone,1,700.0,2019-12-02 14:29:00,"158 Washington St, San Francisco, CA 94016",December
310278,iPhone,1,700.0,2019-12-28 12:09:00,"908 Lakeview St, New York City, NY 10001",December
299509,iPhone,1,700.0,2019-12-24 14:18:00,"404 River St, Atlanta, GA 30301",December
302329,iPhone,1,700.0,2019-12-17 08:18:00,"754 11th St, San Francisco, CA 94016",December
304093,iPhone,1,700.0,2019-12-25 10:13:00,"566 Dogwood St, Dallas, TX 75001",December
304734,iPhone,1,700.0,2019-12-04 22:30:00,"266 6th St, Dallas, TX 75001",December
305062,iPhone,1,700.0,2019-12-19 16:53:00,"213 Lake St, Seattle, WA 98101",December
306269,iPhone,1,700.0,2019-12-15 17:21:00,"764 8th St, Portland, OR 97035",December
312094,iPhone,1,700.0,2019-12-30 15:59:00,"559 Main St, San Francisco, CA 94016",December
313847,iPhone,1,700.0,2019-12-04 10:55:00,"632 South St, Los Angeles, CA 90001",December
319058,iPhone,1,700.0,2019-12-10 10:02:00,"556 Spruce St, San Francisco, CA 94016",December
303356,iPhone,1,700.0,2019-12-30 18:14:00,"288 Willow St, Seattle, WA 98101",December
307939,iPhone,1,700.0,2019-12-05 18:24:00,"753 Main St, Atlanta, GA 30301",December
310898,iPhone,1,700.0,2019-12-29 10:27:00,"903 Dogwood St, Atlanta, GA 30301",December
310644,iPhone,1,700.0,2019-12-28 17:14:00,"565 North St, New York City, NY 10001",December
315017,iPhone,1,700.0,2019-12-09 14:42:00,"431 4th St, Los Angeles, CA 90001",December
298497,iPhone,1,700.0,2019-12-13 11:57:00,"388 Lincoln St, Atlanta, GA 30301",December
298804,iPhone,1,700.0,2019-12-07 11:30:00,"505 West St, New York City, NY 10001",December
304045,iPhone,1,700.0,2019-12-24 08:24:00,"199 1st St, Seattle, WA 98101",December
299328,iPhone,1,700.0,2019-12-21 12:11:00,"690 Ridge St, Boston, MA 02215",December
312905,iPhone,1,700.0,2019-12-31 22:21:00,"851 Dogwood St, New York City, NY 10001",December
314436,iPhone,1,700.0,2019-12-04 13:59:00,"790 10th St, Seattle, WA 98101",December
315298,iPhone,1,700.0,2019-12-23 10:40:00,"712 13th St, Austin, TX 73301",December
317833,iPhone,1,700.0,2019-12-22 22:41:00,"866 Center St, Los Angeles, CA 90001",December
318881,iPhone,1,700.0,2019-12-05 11:14:00,"400 13th St, Los Angeles, CA 90001",December
309661,iPhone,1,700.0,2019-12-04 15:56:00,"346 Lake St, Austin, TX 73301",December
316368,iPhone,1,700.0,2019-12-05 13:53:00,"81 Jackson St, San Francisco, CA 94016",December
301801,iPhone,1,700.0,2019-12-09 01:09:00,"826 11th St, Seattle, WA 98101",December
302118,iPhone,1,700.0,2019-12-09 08:38:00,"881 Highland St, San Francisco, CA 94016",December
303386,iPhone,1,700.0,2019-12-26 13:19:00,"106 Cedar St, San Francisco, CA 94016",December
312950,iPhone,1,700.0,2019-12-13 21:59:00,"916 Lincoln St, New York City, NY 10001",December
313285,iPhone,1,700.0,2019-12-31 20:53:00,"718 8th St, San Francisco, CA 94016",December
319236,iPhone,1,700.0,2019-12-10 08:51:00,"597 Madison St, New York City, NY 10001",December
316637,iPhone,1,700.0,2019-12-17 13:14:00,"746 7th St, San Francisco, CA 94016",December
299586,iPhone,1,700.0,2019-12-09 01:50:00,"770 Highland St, Boston, MA 02215",December
302005,iPhone,1,700.0,2019-12-04 18:48:00,"902 Washington St, San Francisco, CA 94016",December
302746,iPhone,1,700.0,2019-12-12 20:50:00,"193 Forest St, San Francisco, CA 94016",December
303172,iPhone,1,700.0,2019-12-14 20:28:00,"633 Washington St, New York City, NY 10001",December
314572,iPhone,1,700.0,2019-12-17 09:32:00,"166 7th St, San Francisco, CA 94016",December
317245,iPhone,1,700.0,2019-12-08 17:56:00,"909 Church St, San Francisco, CA 94016",December
318165,iPhone,1,700.0,2019-12-25 21:53:00,"359 Lakeview St, New York City, NY 10001",December
302900,iPhone,1,700.0,2019-12-05 20:55:00,"345 Wilson St, New York City, NY 10001",December
305894,iPhone,1,700.0,2019-12-22 12:11:00,"70 Jefferson St, New York City, NY 10001",December
306267,iPhone,1,700.0,2019-12-23 18:58:00,"41 Jackson St, Atlanta, GA 30301",December
311030,iPhone,1,700.0,2019-12-03 13:20:00,"393 Walnut St, San Francisco, CA 94016",December
316042,iPhone,1,700.0,2019-12-26 22:57:00,"135 Elm St, Seattle, WA 98101",December
316799,iPhone,1,700.0,2019-12-20 11:52:00,"430 Main St, San Francisco, CA 94016",December
295823,iPhone,1,700.0,2019-12-10 02:12:00,"852 Maple St, Austin, TX 73301",December
304316,iPhone,1,700.0,2019-12-08 20:55:00,"228 5th St, New York City, NY 10001",December
310566,iPhone,1,700.0,2019-12-23 20:21:00,"987 Washington St, New York City, NY 10001",December
315159,iPhone,1,700.0,2019-12-03 18:02:00,"215 Jackson St, Los Angeles, CA 90001",December
303218,iPhone,1,700.0,2019-12-05 01:26:00,"165 5th St, Atlanta, GA 30301",December
304032,iPhone,1,700.0,2019-12-15 21:51:00,"346 Church St, Seattle, WA 98101",December
307208,iPhone,1,700.0,2019-12-09 23:08:00,"758 Chestnut St, Dallas, TX 75001",December
310732,iPhone,1,700.0,2019-12-23 20:50:00,"859 Center St, Seattle, WA 98101",December
316477,iPhone,1,700.0,2019-12-20 10:01:00,"616 Walnut St, Austin, TX 73301",December
297212,iPhone,1,700.0,2019-12-11 23:42:00,"240 11th St, New York City, NY 10001",December
300781,iPhone,1,700.0,2019-12-14 21:12:00,"994 12th St, New York City, NY 10001",December
303608,iPhone,1,700.0,2019-12-06 11:56:00,"592 Sunset St, Seattle, WA 98101",December
304844,iPhone,1,700.0,2019-12-31 01:33:00,"199 Jackson St, Portland, OR 97035",December
308079,iPhone,1,700.0,2019-12-14 12:19:00,"156 13th St, San Francisco, CA 94016",December
316769,iPhone,1,700.0,2019-12-18 09:35:00,"786 South St, New York City, NY 10001",December
318973,iPhone,1,700.0,2019-12-01 18:35:00,"526 Chestnut St, Portland, OR 97035",December
192098,iPhone,1,700.0,2019-04-11 10:55:00,"692 Washington St, San Francisco, CA 94016",April
208401,iPhone,1,700.0,2019-05-20 09:00:00,"361 Lakeview St, Boston, MA 02215",May
233930,iPhone,1,700.0,2019-07-05 23:32:00,"199 Wilson St, Seattle, WA 98101",July
230266,iPhone,1,700.0,2019-07-03 18:35:00,"792 Hickory St, Dallas, TX 75001",July
247033,iPhone,1,700.0,2019-08-04 19:03:00,"831 10th St, Seattle, WA 98101",August
245048,iPhone,1,700.0,2019-08-06 10:32:00,"93 Washington St, Atlanta, GA 30301",August
236952,iPhone,1,700.0,2019-08-01 16:01:00,"386 7th St, Boston, MA 02215",August
240395,iPhone,1,700.0,2019-08-25 17:29:00,"181 Hickory St, Los Angeles, CA 90001",August
248985,iPhone,1,700.0,2019-09-24 23:17:00,"82 Chestnut St, Dallas, TX 75001",September
248828,iPhone,1,700.0,2019-09-04 20:10:00,"190 Walnut St, Dallas, TX 75001",September
261574,iPhone,1,700.0,2019-10-07 21:55:00,"883 Walnut St, New York City, NY 10001",October
260813,iPhone,1,700.0,2019-10-31 00:45:00,"82 14th St, New York City, NY 10001",October
264453,iPhone,1,700.0,2019-10-17 14:24:00,"9 Walnut St, New York City, NY 10001",October
291677,iPhone,1,700.0,2019-11-03 07:57:00,"957 Lake St, Boston, MA 02215",November
293014,iPhone,1,700.0,2019-11-17 20:16:00,"49 West St, Boston, MA 02215",November
286863,iPhone,1,700.0,2019-11-08 22:51:00,"67 Lake St, Seattle, WA 98101",November
295091,iPhone,1,700.0,2019-11-26 15:04:00,"844 Ridge St, Boston, MA 02215",November
294487,iPhone,1,700.0,2019-11-27 18:39:00,"443 Jackson St, Austin, TX 73301",November
294100,iPhone,1,700.0,2019-11-10 11:58:00,"816 Madison St, Dallas, TX 75001",November
311500,iPhone,1,700.0,2019-12-10 14:09:00,"910 11th St, Atlanta, GA 30301",December
316865,iPhone,1,700.0,2019-12-03 15:01:00,"520 Cedar St, Boston, MA 02215",December
297378,iPhone,1,700.0,2019-12-19 10:12:00,"991 4th St, Dallas, TX 75001",December
297735,iPhone,1,700.0,2019-12-23 21:39:00,"682 Elm St, Los Angeles, CA 90001",December
304244,iPhone,1,700.0,2019-12-04 12:21:00,"39 Forest St, New York City, NY 10001",December
312918,iPhone,1,700.0,2019-12-30 14:41:00,"360 12th St, New York City, NY 10001",December
301315,iPhone,1,700.0,2019-12-30 21:00:00,"633 Dogwood St, Los Angeles, CA 90001",December
311065,iPhone,1,700.0,2019-12-06 16:08:00,"268 4th St, New York City, NY 10001",December
298434,iPhone,1,700.0,2019-12-11 21:39:00,"807 6th St, Boston, MA 02215",December
301595,iPhone,1,700.0,2019-12-22 13:24:00,"609 12th St, San Francisco, CA 94016",December
311163,iPhone,1,700.0,2019-12-18 11:30:00,"759 7th St, Boston, MA 02215",December
296708,iPhone,1,700.0,2019-12-02 22:20:00,"624 Lakeview St, Atlanta, GA 30301",December
299126,iPhone,1,700.0,2019-12-21 12:41:00,"256 Wilson St, Boston, MA 02215",December
305326,iPhone,1,700.0,2019-12-06 17:52:00,"877 Lake St, Seattle, WA 98101",December
306311,iPhone,1,700.0,2019-12-11 23:36:00,"462 Willow St, Seattle, WA 98101",December
309662,iPhone,1,700.0,2019-12-04 11:20:00,"81 Cedar St, San Francisco, CA 94016",December
303404,iPhone,1,700.0,2019-12-12 09:30:00,"200 Cedar St, San Francisco, CA 94016",December
306857,iPhone,1,700.0,2019-12-03 18:31:00,"25 Lakeview St, Los Angeles, CA 90001",December
306871,iPhone,1,700.0,2019-12-06 09:58:00,"260 2nd St, Los Angeles, CA 90001",December
315357,iPhone,1,700.0,2019-12-24 08:02:00,"162 Chestnut St, Portland, OR 97035",December
315631,iPhone,1,700.0,2019-12-12 12:19:00,"46 Maple St, Austin, TX 73301",December
297142,iPhone,1,700.0,2019-12-26 13:29:00,"638 Forest St, Dallas, TX 75001",December
299981,iPhone,1,700.0,2019-12-09 20:17:00,"545 Chestnut St, Portland, OR 97035",December
305169,iPhone,1,700.0,2019-12-19 08:19:00,"433 10th St, Atlanta, GA 30301",December
304755,iPhone,1,700.0,2019-12-05 20:15:00,"685 Hickory St, Seattle, WA 98101",December
315865,iPhone,1,700.0,2019-12-01 13:11:00,"843 Walnut St, Los Angeles, CA 90001",December
298835,iPhone,1,700.0,2019-12-14 10:03:00,"45 Maple St, New York City, NY 10001",December
298042,iPhone,1,700.0,2019-12-16 17:54:00,"802 13th St, San Francisco, CA 94016",December
314386,iPhone,1,700.0,2019-12-08 19:19:00,"970 Sunset St, New York City, NY 10001",December
304577,iPhone,1,700.0,2019-12-08 09:59:00,"775 Elm St, San Francisco, CA 94016",December
306817,iPhone,1,700.0,2019-12-21 12:56:00,"815 13th St, San Francisco, CA 94016",December
307685,iPhone,1,700.0,2019-12-17 17:06:00,"992 10th St, New York City, NY 10001",December
313778,iPhone,1,700.0,2019-12-19 17:13:00,"211 South St, Portland, OR 97035",December
307908,iPhone,1,700.0,2019-12-13 08:22:00,"142 12th St, San Francisco, CA 94016",December
311386,iPhone,1,700.0,2020-01-01 00:10:00,"730 Pine St, San Francisco, CA 94016",January
307044,iPhone,1,700.0,2019-12-25 21:54:00,"336 7th St, Boston, MA 02215",December
298716,iPhone,1,700.0,2019-12-19 19:38:00,"724 14th St, Seattle, WA 98101",December
298806,iPhone,1,700.0,2019-12-03 17:22:00,"979 Madison St, New York City, NY 10001",December
301165,iPhone,1,700.0,2019-12-24 11:51:00,"734 Lake St, New York City, NY 10001",December
312023,iPhone,1,700.0,2019-12-22 21:49:00,"386 Wilson St, Los Angeles, CA 90001",December
314031,iPhone,1,700.0,2019-12-26 17:47:00,"6 Wilson St, New York City, NY 10001",December
314657,iPhone,1,700.0,2019-12-10 12:54:00,"946 Meadow St, Los Angeles, CA 90001",December
145085,iPhone,1,700.0,2019-01-16 10:27:00,"16 Johnson St, Atlanta, GA 30301",January
149251,iPhone,1,700.0,2019-01-13 23:46:00,"555 9th St, San Francisco, CA 94016",January
150232,iPhone,1,700.0,2019-01-31 09:04:00,"194 Dogwood St, Seattle, WA 98101",January
143843,iPhone,1,700.0,2019-01-10 11:04:00,"777 Willow St, New York City, NY 10001",January
145995,iPhone,1,700.0,2019-01-23 17:12:00,"916 Church St, Los Angeles, CA 90001",January
146874,iPhone,1,700.0,2019-01-27 11:04:00,"906 Ridge St, Dallas, TX 75001",January
147425,iPhone,1,700.0,2019-01-26 19:47:00,"112 River St, Seattle, WA 98101",January
149857,iPhone,1,700.0,2019-01-07 10:59:00,"384 Forest St, Atlanta, GA 30301",January
143021,iPhone,1,700.0,2019-01-26 09:32:00,"181 Wilson St, San Francisco, CA 94016",January
145041,iPhone,1,700.0,2019-01-13 20:05:00,"250 West St, San Francisco, CA 94016",January
141670,iPhone,1,700.0,2019-01-31 12:52:00,"166 10th St, Atlanta, GA 30301",January
143040,iPhone,1,700.0,2019-01-24 21:05:00,"381 Maple St, New York City, NY 10001",January
146157,iPhone,1,700.0,2019-01-06 18:30:00,"731 South St, Los Angeles, CA 90001",January
142835,iPhone,1,700.0,2019-01-11 09:00:00,"327 Spruce St, Dallas, TX 75001",January
144819,iPhone,1,700.0,2019-01-18 16:28:00,"916 Pine St, New York City, NY 10001",January
147110,iPhone,1,700.0,2019-01-03 19:50:00,"184 8th St, Portland, OR 97035",January
141504,iPhone,1,700.0,2019-01-13 13:37:00,"855 11th St, Seattle, WA 98101",January
142997,iPhone,1,700.0,2019-01-26 01:52:00,"22 Main St, New York City, NY 10001",January
145169,iPhone,1,700.0,2019-01-07 22:22:00,"425 Main St, San Francisco, CA 94016",January
141972,iPhone,1,700.0,2019-01-24 15:25:00,"52 Main St, San Francisco, CA 94016",January
143274,iPhone,1,700.0,2019-01-21 19:08:00,"667 Forest St, San Francisco, CA 94016",January
143411,iPhone,1,700.0,2019-01-23 16:15:00,"889 Maple St, New York City, NY 10001",January
146876,iPhone,1,700.0,2019-01-16 12:01:00,"44 4th St, San Francisco, CA 94016",January
148480,iPhone,1,700.0,2019-01-21 17:35:00,"279 Highland St, Atlanta, GA 30301",January
144247,iPhone,1,700.0,2019-01-21 14:03:00,"359 12th St, Los Angeles, CA 90001",January
148416,iPhone,1,700.0,2019-01-02 11:43:00,"489 7th St, New York City, NY 10001",January
148536,iPhone,1,700.0,2019-01-22 10:43:00,"59 Lincoln St, Dallas, TX 75001",January
149150,iPhone,1,700.0,2019-01-21 11:54:00,"463 Spruce St, San Francisco, CA 94016",January
146830,iPhone,1,700.0,2019-01-28 00:25:00,"491 Forest St, San Francisco, CA 94016",January
146170,iPhone,1,700.0,2019-01-30 15:36:00,"748 Meadow St, Portland, OR 97035",January
145704,iPhone,1,700.0,2019-01-21 15:25:00,"671 Cherry St, New York City, NY 10001",January
146990,iPhone,1,700.0,2019-01-21 15:45:00,"314 9th St, Los Angeles, CA 90001",January
148944,iPhone,1,700.0,2019-01-07 15:01:00,"848 Spruce St, San Francisco, CA 94016",January
141458,iPhone,1,700.0,2019-01-29 01:12:00,"497 Park St, San Francisco, CA 94016",January
146069,iPhone,1,700.0,2019-01-07 21:02:00,"489 Sunset St, Boston, MA 02215",January
147377,iPhone,1,700.0,2019-01-19 21:00:00,"904 14th St, New York City, NY 10001",January
143590,iPhone,1,700.0,2019-01-09 15:18:00,"123 Cherry St, Dallas, TX 75001",January
144784,iPhone,1,700.0,2019-01-19 15:46:00,"449 10th St, Dallas, TX 75001",January
145521,iPhone,1,700.0,2019-01-31 13:22:00,"73 Meadow St, Los Angeles, CA 90001",January
148786,iPhone,1,700.0,2019-01-19 23:41:00,"416 Park St, Dallas, TX 75001",January
141234,iPhone,1,700.0,2019-01-22 21:25:00,"944 Walnut St, Boston, MA 02215",January
146077,iPhone,1,700.0,2019-01-21 02:41:00,"460 Hickory St, Boston, MA 02215",January
146085,iPhone,1,700.0,2019-01-01 14:52:00,"901 12th St, Seattle, WA 98101",January
142862,iPhone,1,700.0,2019-01-30 09:51:00,"757 Church St, Austin, TX 73301",January
145964,iPhone,1,700.0,2019-01-24 16:19:00,"279 4th St, San Francisco, CA 94016",January
149606,iPhone,1,700.0,2019-01-25 15:08:00,"721 Lake St, Portland, OR 97035",January
149842,iPhone,1,700.0,2019-01-13 09:25:00,"608 Cedar St, Atlanta, GA 30301",January
144411,iPhone,1,700.0,2019-01-28 08:53:00,"425 1st St, Boston, MA 02215",January
148697,iPhone,1,700.0,2019-01-23 14:28:00,"664 Pine St, Los Angeles, CA 90001",January
141702,iPhone,1,700.0,2019-01-27 18:33:00,"776 10th St, Boston, MA 02215",January
145667,iPhone,1,700.0,2019-01-09 10:48:00,"645 Ridge St, Boston, MA 02215",January
145709,iPhone,1,700.0,2019-01-29 02:00:00,"205 7th St, New York City, NY 10001",January
148450,iPhone,1,700.0,2019-01-01 12:02:00,"761 Lakeview St, Dallas, TX 75001",January
148599,iPhone,1,700.0,2019-01-11 15:22:00,"165 Sunset St, Los Angeles, CA 90001",January
150303,iPhone,1,700.0,2019-01-15 18:33:00,"801 Hickory St, San Francisco, CA 94016",January
149358,iPhone,1,700.0,2019-01-09 14:17:00,"885 14th St, New York City, NY 10001",January
143869,iPhone,1,700.0,2019-01-11 16:17:00,"481 Center St, San Francisco, CA 94016",January
145075,iPhone,1,700.0,2019-01-28 05:52:00,"65 4th St, Seattle, WA 98101",January
145341,iPhone,1,700.0,2019-01-09 12:45:00,"729 10th St, Seattle, WA 98101",January
149814,iPhone,1,700.0,2019-01-04 10:44:00,"360 Center St, Los Angeles, CA 90001",January
141663,iPhone,1,700.0,2019-01-01 11:01:00,"738 8th St, San Francisco, CA 94016",January
145763,iPhone,1,700.0,2019-01-10 11:18:00,"438 Adams St, Dallas, TX 75001",January
146637,iPhone,1,700.0,2019-01-23 19:36:00,"801 Jefferson St, Atlanta, GA 30301",January
141460,iPhone,1,700.0,2019-01-26 17:29:00,"855 2nd St, New York City, NY 10001",January
145820,iPhone,1,700.0,2019-01-01 18:41:00,"281 Washington St, Boston, MA 02215",January
142299,iPhone,1,700.0,2019-01-11 12:21:00,"251 Ridge St, Austin, TX 73301",January
145911,iPhone,1,700.0,2019-01-27 10:14:00,"347 Maple St, Seattle, WA 98101",January
145978,iPhone,1,700.0,2019-01-18 14:29:00,"612 Spruce St, Seattle, WA 98101",January
148604,iPhone,1,700.0,2019-01-20 12:01:00,"974 5th St, Boston, MA 02215",January
142257,iPhone,1,700.0,2019-01-01 12:16:00,"774 2nd St, Atlanta, GA 30301",January
142261,iPhone,1,700.0,2019-01-23 08:47:00,"5 5th St, Dallas, TX 75001",January
147201,iPhone,1,700.0,2019-01-02 13:37:00,"731 Madison St, Dallas, TX 75001",January
151605,iPhone,1,700.0,2019-02-01 19:19:00,"500 Adams St, San Francisco, CA 94016",February
151759,iPhone,1,700.0,2019-02-06 23:22:00,"602 Wilson St, Dallas, TX 75001",February
157636,iPhone,1,700.0,2019-02-08 18:14:00,"461 Washington St, Atlanta, GA 30301",February
150563,iPhone,1,700.0,2019-02-20 02:09:00,"631 Pine St, San Francisco, CA 94016",February
151512,iPhone,1,700.0,2019-02-06 10:23:00,"279 Sunset St, San Francisco, CA 94016",February
151051,iPhone,1,700.0,2019-02-06 17:01:00,"374 Park St, Austin, TX 73301",February
151192,iPhone,1,700.0,2019-02-07 11:41:00,"554 Jackson St, New York City, NY 10001",February
157482,iPhone,1,700.0,2019-02-02 14:31:00,"469 Johnson St, Seattle, WA 98101",February
157840,iPhone,1,700.0,2019-02-17 18:31:00,"858 9th St, San Francisco, CA 94016",February
159085,iPhone,1,700.0,2019-02-02 18:56:00,"950 10th St, San Francisco, CA 94016",February
161172,iPhone,1,700.0,2019-02-02 12:59:00,"379 13th St, New York City, NY 10001",February
161211,iPhone,1,700.0,2019-02-27 21:18:00,"703 Highland St, Dallas, TX 75001",February
151109,iPhone,1,700.0,2019-02-14 18:56:00,"933 Dogwood St, Atlanta, GA 30301",February
151194,iPhone,1,700.0,2019-02-27 13:21:00,"627 Chestnut St, Los Angeles, CA 90001",February
158296,iPhone,1,700.0,2019-02-10 10:35:00,"501 12th St, Los Angeles, CA 90001",February
151844,iPhone,1,700.0,2019-02-18 16:29:00,"997 12th St, Los Angeles, CA 90001",February
156963,iPhone,1,700.0,2019-02-01 14:32:00,"57 Cherry St, Portland, OR 97035",February
158944,iPhone,1,700.0,2019-02-20 16:12:00,"703 Pine St, Dallas, TX 75001",February
160508,iPhone,1,700.0,2019-02-01 09:59:00,"489 Church St, Seattle, WA 98101",February
155036,iPhone,1,700.0,2019-02-14 21:35:00,"180 North St, Los Angeles, CA 90001",February
160290,iPhone,1,700.0,2019-02-01 11:36:00,"710 Jackson St, San Francisco, CA 94016",February
150635,iPhone,1,700.0,2019-02-10 17:43:00,"129 Center St, Seattle, WA 98101",February
156310,iPhone,1,700.0,2019-02-21 11:22:00,"227 Park St, New York City, NY 10001",February
158327,iPhone,1,700.0,2019-02-23 12:03:00,"685 2nd St, Portland, OR 97035",February
161931,iPhone,1,700.0,2019-02-18 21:01:00,"588 12th St, Boston, MA 02215",February
155428,iPhone,1,700.0,2019-02-05 13:53:00,"498 Jackson St, Portland, OR 97035",February
151551,iPhone,1,700.0,2019-02-17 10:11:00,"318 River St, New York City, NY 10001",February
153595,iPhone,1,700.0,2019-02-13 19:36:00,"318 Lakeview St, Atlanta, GA 30301",February
154775,iPhone,1,700.0,2019-02-27 00:10:00,"856 Center St, Boston, MA 02215",February
151777,iPhone,1,700.0,2019-02-26 13:06:00,"314 Wilson St, San Francisco, CA 94016",February
154186,iPhone,1,700.0,2019-02-09 17:33:00,"647 South St, New York City, NY 10001",February
155488,iPhone,1,700.0,2019-02-03 07:43:00,"456 Willow St, San Francisco, CA 94016",February
151165,iPhone,1,700.0,2019-02-08 15:32:00,"103 Park St, Atlanta, GA 30301",February
158398,iPhone,1,700.0,2019-02-24 12:28:00,"788 Lakeview St, Los Angeles, CA 90001",February
150680,iPhone,1,700.0,2019-02-03 12:49:00,"29 Lakeview St, Austin, TX 73301",February
151727,iPhone,1,700.0,2019-02-27 18:02:00,"264 Cherry St, Boston, MA 02215",February
152915,iPhone,1,700.0,2019-02-20 13:24:00,"847 Johnson St, Portland, OR 97035",February
153430,iPhone,1,700.0,2019-02-11 11:57:00,"492 Maple St, Dallas, TX 75001",February
156313,iPhone,1,700.0,2019-02-06 11:09:00,"460 Madison St, Dallas, TX 75001",February
159026,iPhone,1,700.0,2019-02-01 17:02:00,"494 13th St, Boston, MA 02215",February
155984,iPhone,1,700.0,2019-02-22 20:13:00,"570 Center St, San Francisco, CA 94016",February
150686,iPhone,1,700.0,2019-02-28 17:39:00,"389 Pine St, Los Angeles, CA 90001",February
152081,iPhone,1,700.0,2019-02-18 20:59:00,"916 Dogwood St, Portland, OR 97035",February
153399,iPhone,1,700.0,2019-02-16 06:36:00,"723 4th St, New York City, NY 10001",February
161077,iPhone,1,700.0,2019-02-06 18:08:00,"571 Lakeview St, New York City, NY 10001",February
157397,iPhone,1,700.0,2019-02-16 10:59:00,"789 Hill St, New York City, NY 10001",February
159309,iPhone,1,700.0,2019-02-02 16:50:00,"942 Lakeview St, Portland, OR 97035",February
161031,iPhone,1,700.0,2019-02-11 07:46:00,"604 Center St, Boston, MA 02215",February
156300,iPhone,1,700.0,2019-02-23 16:09:00,"435 14th St, Dallas, TX 75001",February
158148,iPhone,1,700.0,2019-02-26 14:07:00,"833 Sunset St, Dallas, TX 75001",February
156449,iPhone,1,700.0,2019-02-13 14:08:00,"142 Elm St, Seattle, WA 98101",February
156618,iPhone,1,700.0,2019-02-19 13:59:00,"131 Main St, Atlanta, GA 30301",February
151303,iPhone,1,700.0,2019-02-01 08:30:00,"48 Ridge St, Los Angeles, CA 90001",February
151617,iPhone,1,700.0,2019-02-12 12:02:00,"285 Meadow St, Portland, ME 04101",February
156933,iPhone,1,700.0,2019-02-26 20:56:00,"2 12th St, Austin, TX 73301",February
157272,iPhone,1,700.0,2019-02-22 14:38:00,"398 2nd St, San Francisco, CA 94016",February
152025,iPhone,1,700.0,2019-02-27 12:21:00,"910 5th St, San Francisco, CA 94016",February
153692,iPhone,1,700.0,2019-02-17 19:00:00,"708 Highland St, Dallas, TX 75001",February
154111,iPhone,1,700.0,2019-02-06 16:29:00,"551 West St, San Francisco, CA 94016",February
157939,iPhone,1,700.0,2019-02-23 20:39:00,"617 Ridge St, Austin, TX 73301",February
161586,iPhone,1,700.0,2019-02-01 13:48:00,"515 11th St, Austin, TX 73301",February
172539,iPhone,1,700.0,2019-03-20 11:45:00,"975 2nd St, New York City, NY 10001",March
174524,iPhone,1,700.0,2019-03-14 15:24:00,"277 River St, Los Angeles, CA 90001",March
175761,iPhone,1,700.0,2019-03-13 05:25:00,"356 North St, Portland, OR 97035",March
176155,iPhone,1,700.0,2019-03-25 11:38:00,"73 11th St, Seattle, WA 98101",March
166557,iPhone,1,700.0,2019-03-13 18:05:00,"303 10th St, Seattle, WA 98101",March
170771,iPhone,1,700.0,2019-03-23 07:03:00,"76 Lakeview St, New York City, NY 10001",March
170359,iPhone,1,700.0,2019-03-26 19:34:00,"925 7th St, Austin, TX 73301",March
163826,iPhone,1,700.0,2019-03-21 16:02:00,"726 Hickory St, New York City, NY 10001",March
162026,iPhone,1,700.0,2019-03-22 22:31:00,"71 Pine St, Austin, TX 73301",March
162557,iPhone,1,700.0,2019-03-22 12:50:00,"813 1st St, Atlanta, GA 30301",March
163248,iPhone,1,700.0,2019-03-12 20:27:00,"315 14th St, Austin, TX 73301",March
164116,iPhone,1,700.0,2019-03-20 12:18:00,"607 Spruce St, New York City, NY 10001",March
165081,iPhone,1,700.0,2019-03-08 14:42:00,"549 Lake St, Austin, TX 73301",March
165201,iPhone,1,700.0,2019-03-11 10:19:00,"741 5th St, San Francisco, CA 94016",March
166776,iPhone,1,700.0,2019-03-20 15:25:00,"753 Willow St, Austin, TX 73301",March
170505,iPhone,1,700.0,2019-03-16 16:36:00,"374 Jackson St, Atlanta, GA 30301",March
166422,iPhone,1,700.0,2019-03-12 18:50:00,"997 5th St, Seattle, WA 98101",March
170464,iPhone,1,700.0,2019-03-19 15:52:00,"92 Park St, Seattle, WA 98101",March
171801,iPhone,1,700.0,2019-03-31 07:15:00,"599 Cedar St, San Francisco, CA 94016",March
175041,iPhone,1,700.0,2019-03-27 15:23:00,"996 Church St, Atlanta, GA 30301",March
176388,iPhone,1,700.0,2019-03-17 15:49:00,"212 Walnut St, New York City, NY 10001",March
166947,iPhone,1,700.0,2019-03-15 11:53:00,"535 Washington St, Atlanta, GA 30301",March
171513,iPhone,1,700.0,2019-03-06 13:12:00,"200 Spruce St, Atlanta, GA 30301",March
174758,iPhone,1,700.0,2019-03-30 11:06:00,"55 Chestnut St, New York City, NY 10001",March
164186,iPhone,1,700.0,2019-03-15 22:25:00,"297 12th St, Los Angeles, CA 90001",March
166540,iPhone,1,700.0,2019-03-11 21:07:00,"164 West St, Portland, OR 97035",March
162943,iPhone,1,700.0,2019-03-22 19:49:00,"746 Jefferson St, San Francisco, CA 94016",March
168926,iPhone,1,700.0,2019-03-19 14:42:00,"212 Spruce St, Los Angeles, CA 90001",March
171150,iPhone,1,700.0,2019-03-03 10:45:00,"931 13th St, Los Angeles, CA 90001",March
173839,iPhone,1,700.0,2019-03-12 13:19:00,"216 Meadow St, San Francisco, CA 94016",March
162529,iPhone,1,700.0,2019-03-15 20:25:00,"3 Dogwood St, Seattle, WA 98101",March
166374,iPhone,1,700.0,2019-03-06 01:02:00,"208 Walnut St, Boston, MA 02215",March
173776,iPhone,1,700.0,2019-03-04 10:23:00,"116 Lincoln St, San Francisco, CA 94016",March
164391,iPhone,1,700.0,2019-03-28 21:06:00,"675 Pine St, Dallas, TX 75001",March
173332,iPhone,1,700.0,2019-03-19 13:46:00,"544 River St, Los Angeles, CA 90001",March
164977,iPhone,1,700.0,2019-03-23 17:19:00,"283 Meadow St, San Francisco, CA 94016",March
170278,iPhone,1,700.0,2019-03-08 22:36:00,"589 Main St, New York City, NY 10001",March
170687,iPhone,1,700.0,2019-03-21 23:11:00,"538 6th St, San Francisco, CA 94016",March
171725,iPhone,1,700.0,2019-03-14 15:54:00,"821 Jefferson St, San Francisco, CA 94016",March
163367,iPhone,1,700.0,2019-03-07 09:44:00,"397 1st St, Boston, MA 02215",March
163747,iPhone,1,700.0,2019-03-06 21:32:00,"489 6th St, San Francisco, CA 94016",March
169564,iPhone,1,700.0,2019-03-27 05:08:00,"96 6th St, San Francisco, CA 94016",March
162189,iPhone,1,700.0,2019-03-23 14:06:00,"892 11th St, San Francisco, CA 94016",March
165887,iPhone,1,700.0,2019-03-26 20:26:00,"589 11th St, Austin, TX 73301",March
166700,iPhone,1,700.0,2019-03-17 09:08:00,"682 4th St, Boston, MA 02215",March
166817,iPhone,1,700.0,2019-03-28 12:35:00,"782 13th St, San Francisco, CA 94016",March
171366,iPhone,1,700.0,2019-03-29 14:51:00,"170 Ridge St, Atlanta, GA 30301",March
162391,iPhone,1,700.0,2019-03-16 13:24:00,"444 Highland St, Dallas, TX 75001",March
165223,iPhone,1,700.0,2019-03-04 06:01:00,"917 12th St, San Francisco, CA 94016",March
170125,iPhone,1,700.0,2019-03-02 12:36:00,"814 6th St, Dallas, TX 75001",March
170940,iPhone,1,700.0,2019-03-20 17:33:00,"251 Spruce St, Dallas, TX 75001",March
163211,iPhone,1,700.0,2019-03-31 18:41:00,"231 North St, Seattle, WA 98101",March
168131,iPhone,1,700.0,2019-03-28 19:22:00,"424 Meadow St, San Francisco, CA 94016",March
170355,iPhone,1,700.0,2019-03-06 19:44:00,"829 9th St, Boston, MA 02215",March
176192,iPhone,1,700.0,2019-03-07 22:40:00,"315 River St, Los Angeles, CA 90001",March
168075,iPhone,1,700.0,2019-03-24 12:40:00,"419 13th St, Los Angeles, CA 90001",March
173491,iPhone,1,700.0,2019-03-15 17:51:00,"738 Center St, San Francisco, CA 94016",March
175594,iPhone,1,700.0,2019-03-07 16:26:00,"246 Dogwood St, Dallas, TX 75001",March
164441,iPhone,1,700.0,2019-03-19 19:54:00,"990 Willow St, New York City, NY 10001",March
165795,iPhone,1,700.0,2019-03-07 15:49:00,"41 11th St, Atlanta, GA 30301",March
172675,iPhone,1,700.0,2019-03-07 14:13:00,"942 Park St, Boston, MA 02215",March
164273,iPhone,1,700.0,2019-03-15 10:57:00,"915 Highland St, San Francisco, CA 94016",March
169959,iPhone,1,700.0,2019-03-23 09:51:00,"420 1st St, Atlanta, GA 30301",March
165724,iPhone,1,700.0,2019-03-27 15:47:00,"776 Church St, New York City, NY 10001",March
167105,iPhone,1,700.0,2019-03-14 13:00:00,"605 North St, New York City, NY 10001",March
168607,iPhone,1,700.0,2019-03-20 08:42:00,"68 Pine St, Dallas, TX 75001",March
171119,iPhone,1,700.0,2019-03-31 16:00:00,"723 6th St, Los Angeles, CA 90001",March
162979,iPhone,1,700.0,2019-03-22 11:41:00,"791 13th St, Los Angeles, CA 90001",March
174213,iPhone,1,700.0,2019-03-22 19:45:00,"946 5th St, San Francisco, CA 94016",March
174381,iPhone,1,700.0,2019-03-26 16:36:00,"448 6th St, Austin, TX 73301",March
175548,iPhone,1,700.0,2019-03-31 19:03:00,"886 13th St, Portland, OR 97035",March
167195,iPhone,1,700.0,2019-03-22 18:35:00,"42 Meadow St, Portland, OR 97035",March
171645,iPhone,1,700.0,2019-03-17 20:40:00,"869 Hickory St, Atlanta, GA 30301",March
175104,iPhone,1,700.0,2019-03-21 21:27:00,"885 Church St, Austin, TX 73301",March
176217,iPhone,1,700.0,2019-03-09 12:25:00,"633 Center St, San Francisco, CA 94016",March
162685,iPhone,1,700.0,2019-03-31 16:23:00,"201 Highland St, San Francisco, CA 94016",March
162910,iPhone,1,700.0,2019-03-10 12:42:00,"816 Pine St, Seattle, WA 98101",March
163372,iPhone,1,700.0,2019-03-09 00:20:00,"371 Main St, San Francisco, CA 94016",March
170991,iPhone,1,700.0,2019-03-18 18:11:00,"493 Sunset St, New York City, NY 10001",March
171589,iPhone,1,700.0,2019-03-03 12:07:00,"901 Madison St, Los Angeles, CA 90001",March
173057,iPhone,1,700.0,2019-03-01 05:40:00,"256 1st St, Atlanta, GA 30301",March
163375,iPhone,1,700.0,2019-03-06 22:30:00,"79 Lakeview St, San Francisco, CA 94016",March
166240,iPhone,1,700.0,2019-03-03 10:42:00,"536 Center St, Los Angeles, CA 90001",March
169691,iPhone,1,700.0,2019-03-03 09:24:00,"439 Highland St, New York City, NY 10001",March
171815,iPhone,1,700.0,2019-03-18 18:47:00,"266 Hickory St, New York City, NY 10001",March
173276,iPhone,1,700.0,2019-03-15 08:35:00,"460 Park St, Dallas, TX 75001",March
176143,iPhone,1,700.0,2019-03-31 09:35:00,"158 4th St, Seattle, WA 98101",March
163892,iPhone,1,700.0,2019-03-03 23:58:00,"688 12th St, Seattle, WA 98101",March
174243,iPhone,1,700.0,2019-03-03 21:28:00,"806 Church St, Austin, TX 73301",March
166751,iPhone,1,700.0,2019-03-09 17:13:00,"988 Hill St, Austin, TX 73301",March
172156,iPhone,1,700.0,2019-03-16 04:16:00,"463 Center St, San Francisco, CA 94016",March
175536,iPhone,1,700.0,2019-03-14 12:59:00,"845 10th St, San Francisco, CA 94016",March
164215,iPhone,1,700.0,2019-03-03 19:46:00,"951 Maple St, Portland, OR 97035",March
165132,iPhone,1,700.0,2019-03-16 20:27:00,"443 11th St, San Francisco, CA 94016",March
165188,iPhone,1,700.0,2019-03-20 18:48:00,"253 Ridge St, Boston, MA 02215",March
169698,iPhone,1,700.0,2019-03-13 22:44:00,"363 Lake St, Boston, MA 02215",March
172860,iPhone,1,700.0,2019-03-15 03:45:00,"408 Maple St, Boston, MA 02215",March
170080,iPhone,1,700.0,2019-03-20 16:05:00,"386 South St, Los Angeles, CA 90001",March
175499,iPhone,1,700.0,2019-03-10 09:50:00,"775 Center St, San Francisco, CA 94016",March
163056,iPhone,1,700.0,2019-03-20 12:35:00,"357 Meadow St, San Francisco, CA 94016",March
166221,iPhone,1,700.0,2019-03-10 10:50:00,"229 13th St, Los Angeles, CA 90001",March
167749,iPhone,1,700.0,2019-03-11 21:41:00,"361 Main St, Los Angeles, CA 90001",March
171825,iPhone,1,700.0,2019-03-03 20:57:00,"442 Hickory St, San Francisco, CA 94016",March
173456,iPhone,1,700.0,2019-03-29 00:52:00,"235 6th St, New York City, NY 10001",March
163376,iPhone,1,700.0,2019-03-04 15:51:00,"694 11th St, Dallas, TX 75001",March
163970,iPhone,1,700.0,2019-03-13 12:18:00,"665 Meadow St, Los Angeles, CA 90001",March
165033,iPhone,1,700.0,2019-03-20 00:38:00,"889 7th St, San Francisco, CA 94016",March
165927,iPhone,1,700.0,2019-03-21 22:48:00,"610 Cedar St, Atlanta, GA 30301",March
173421,iPhone,1,700.0,2019-03-22 10:27:00,"520 2nd St, Portland, OR 97035",March
163911,iPhone,1,700.0,2019-03-20 08:37:00,"396 Hill St, New York City, NY 10001",March
163914,iPhone,1,700.0,2019-03-24 12:58:00,"232 2nd St, San Francisco, CA 94016",March
179985,iPhone,1,700.0,2019-04-16 23:50:00,"362 Elm St, Dallas, TX 75001",April
184710,iPhone,1,700.0,2019-04-21 13:57:00,"921 12th St, Dallas, TX 75001",April
185732,iPhone,1,700.0,2019-04-06 16:36:00,"276 9th St, Portland, OR 97035",April
191193,iPhone,1,700.0,2019-04-21 22:37:00,"721 Elm St, New York City, NY 10001",April
185174,iPhone,1,700.0,2019-04-17 10:44:00,"189 Lincoln St, Los Angeles, CA 90001",April
183388,iPhone,1,700.0,2019-04-23 10:51:00,"560 Wilson St, Austin, TX 73301",April
184472,iPhone,1,700.0,2019-04-11 12:16:00,"573 Adams St, Austin, TX 73301",April
178671,iPhone,1,700.0,2019-04-29 07:22:00,"349 Lakeview St, San Francisco, CA 94016",April
188041,iPhone,1,700.0,2019-04-27 12:29:00,"395 Washington St, San Francisco, CA 94016",April
193073,iPhone,1,700.0,2019-04-10 05:02:00,"576 1st St, Boston, MA 02215",April
193450,iPhone,1,700.0,2019-04-19 02:05:00,"29 Park St, San Francisco, CA 94016",April
178825,iPhone,1,700.0,2019-04-02 14:00:00,"705 Center St, Atlanta, GA 30301",April
186152,iPhone,1,700.0,2019-04-26 23:56:00,"360 14th St, San Francisco, CA 94016",April
187518,iPhone,1,700.0,2019-04-22 11:36:00,"114 11th St, San Francisco, CA 94016",April
189871,iPhone,1,700.0,2019-04-24 22:25:00,"840 Jefferson St, Los Angeles, CA 90001",April
187754,iPhone,1,700.0,2019-04-03 11:45:00,"75 7th St, Atlanta, GA 30301",April
178258,iPhone,1,700.0,2019-04-22 01:00:00,"479 9th St, Los Angeles, CA 90001",April
181687,iPhone,1,700.0,2019-04-02 22:36:00,"761 Elm St, Seattle, WA 98101",April
183853,iPhone,1,700.0,2019-04-09 18:28:00,"8 West St, Boston, MA 02215",April
188265,iPhone,1,700.0,2019-04-15 14:45:00,"594 Church St, New York City, NY 10001",April
193903,iPhone,1,700.0,2019-04-06 11:40:00,"335 12th St, Seattle, WA 98101",April
181904,iPhone,1,700.0,2019-04-15 11:26:00,"502 Cedar St, Boston, MA 02215",April
187367,iPhone,1,700.0,2019-04-22 21:30:00,"841 Church St, Boston, MA 02215",April
188719,iPhone,1,700.0,2019-04-19 18:07:00,"100 Main St, San Francisco, CA 94016",April
189589,iPhone,1,700.0,2019-04-19 09:04:00,"110 North St, San Francisco, CA 94016",April
191089,iPhone,1,700.0,2019-04-25 21:07:00,"415 Forest St, Los Angeles, CA 90001",April
192969,iPhone,1,700.0,2019-04-07 07:46:00,"414 Lakeview St, Portland, OR 97035",April
176732,iPhone,1,700.0,2019-04-23 09:33:00,"504 Wilson St, Dallas, TX 75001",April
189457,iPhone,1,700.0,2019-04-22 14:23:00,"649 South St, San Francisco, CA 94016",April
191715,iPhone,1,700.0,2019-04-02 11:58:00,"345 Church St, Atlanta, GA 30301",April
183153,iPhone,1,700.0,2019-04-15 11:27:00,"410 Elm St, Seattle, WA 98101",April
183177,iPhone,1,700.0,2019-04-24 12:43:00,"337 14th St, Atlanta, GA 30301",April
186489,iPhone,1,700.0,2019-04-12 12:30:00,"281 Cherry St, San Francisco, CA 94016",April
190191,iPhone,1,700.0,2019-04-20 07:05:00,"804 Lincoln St, Austin, TX 73301",April
190652,iPhone,1,700.0,2019-04-24 20:07:00,"812 11th St, Dallas, TX 75001",April
180399,iPhone,1,700.0,2019-04-11 15:57:00,"535 Johnson St, Austin, TX 73301",April
181370,iPhone,1,700.0,2019-04-19 15:43:00,"785 11th St, Atlanta, GA 30301",April
181607,iPhone,1,700.0,2019-04-24 20:28:00,"665 12th St, San Francisco, CA 94016",April
185862,iPhone,1,700.0,2019-04-06 19:08:00,"998 Lake St, San Francisco, CA 94016",April
180865,iPhone,1,700.0,2019-04-12 10:06:00,"520 Lincoln St, San Francisco, CA 94016",April
186007,iPhone,1,700.0,2019-04-07 14:23:00,"990 Pine St, Los Angeles, CA 90001",April
188013,iPhone,1,700.0,2019-04-23 23:17:00,"65 Cherry St, Dallas, TX 75001",April
181302,iPhone,1,700.0,2019-04-22 10:27:00,"534 Lakeview St, New York City, NY 10001",April
186592,iPhone,1,700.0,2019-04-14 12:15:00,"586 7th St, Seattle, WA 98101",April
189077,iPhone,1,700.0,2019-04-07 18:05:00,"596 12th St, Boston, MA 02215",April
189809,iPhone,1,700.0,2019-04-19 19:56:00,"871 Lincoln St, Los Angeles, CA 90001",April
176828,iPhone,1,700.0,2019-04-07 22:13:00,"696 Highland St, Seattle, WA 98101",April
181257,iPhone,1,700.0,2019-04-14 02:08:00,"175 Park St, Atlanta, GA 30301",April
188619,iPhone,1,700.0,2019-04-09 13:41:00,"156 10th St, Boston, MA 02215",April
192782,iPhone,1,700.0,2019-04-15 22:16:00,"64 13th St, Boston, MA 02215",April
180920,iPhone,1,700.0,2019-04-30 09:17:00,"583 Willow St, San Francisco, CA 94016",April
191047,iPhone,1,700.0,2019-04-09 08:52:00,"988 Elm St, Los Angeles, CA 90001",April
179018,iPhone,1,700.0,2019-04-23 21:23:00,"913 2nd St, Dallas, TX 75001",April
192190,iPhone,1,700.0,2019-04-05 22:32:00,"50 4th St, New York City, NY 10001",April
182374,iPhone,1,700.0,2019-04-02 00:00:00,"414 5th St, Portland, OR 97035",April
183220,iPhone,1,700.0,2019-04-17 19:59:00,"313 Church St, New York City, NY 10001",April
184982,iPhone,1,700.0,2019-04-27 10:01:00,"517 1st St, Boston, MA 02215",April
191837,iPhone,1,700.0,2019-04-15 12:57:00,"521 12th St, Boston, MA 02215",April
193309,iPhone,1,700.0,2019-04-19 23:16:00,"139 Cherry St, Boston, MA 02215",April
179966,iPhone,1,700.0,2019-04-15 08:40:00,"979 13th St, New York City, NY 10001",April
185510,iPhone,1,700.0,2019-04-02 17:46:00,"779 10th St, Boston, MA 02215",April
186685,iPhone,1,700.0,2019-04-13 19:03:00,"894 Cedar St, Austin, TX 73301",April
177072,iPhone,1,700.0,2019-04-01 13:11:00,"682 9th St, Portland, ME 04101",April
183361,iPhone,1,700.0,2019-04-12 21:36:00,"912 5th St, Boston, MA 02215",April
182696,iPhone,1,700.0,2019-04-19 07:30:00,"942 Lincoln St, Seattle, WA 98101",April
183085,iPhone,1,700.0,2019-04-15 12:33:00,"985 Highland St, Atlanta, GA 30301",April
183796,iPhone,1,700.0,2019-04-06 20:56:00,"849 Jefferson St, Dallas, TX 75001",April
184882,iPhone,1,700.0,2019-04-01 17:32:00,"183 Lakeview St, New York City, NY 10001",April
189301,iPhone,1,700.0,2019-04-05 23:49:00,"562 Hickory St, Boston, MA 02215",April
190413,iPhone,1,700.0,2019-04-19 08:48:00,"554 Madison St, San Francisco, CA 94016",April
178749,iPhone,1,700.0,2019-04-30 15:53:00,"972 Hickory St, San Francisco, CA 94016",April
179438,iPhone,1,700.0,2019-04-14 19:16:00,"31 Walnut St, San Francisco, CA 94016",April
179655,iPhone,1,700.0,2019-04-03 23:50:00,"176 Cedar St, Los Angeles, CA 90001",April
182491,iPhone,1,700.0,2019-04-05 22:26:00,"912 9th St, San Francisco, CA 94016",April
185283,iPhone,1,700.0,2019-04-23 14:26:00,"391 1st St, San Francisco, CA 94016",April
186098,iPhone,1,700.0,2019-04-29 18:09:00,"890 8th St, Los Angeles, CA 90001",April
191547,iPhone,1,700.0,2019-04-12 15:01:00,"984 14th St, Los Angeles, CA 90001",April
177453,iPhone,1,700.0,2019-04-16 21:05:00,"865 Sunset St, Portland, OR 97035",April
179373,iPhone,1,700.0,2019-04-18 12:08:00,"495 1st St, Atlanta, GA 30301",April
184503,iPhone,1,700.0,2019-04-10 16:23:00,"415 South St, Atlanta, GA 30301",April
176696,iPhone,1,700.0,2019-04-07 12:41:00,"343 Johnson St, New York City, NY 10001",April
177329,iPhone,1,700.0,2019-04-29 08:12:00,"653 Walnut St, Seattle, WA 98101",April
179334,iPhone,1,700.0,2019-04-10 23:34:00,"972 Church St, Boston, MA 02215",April
179980,iPhone,1,700.0,2019-04-09 18:49:00,"471 Maple St, Los Angeles, CA 90001",April
184513,iPhone,1,700.0,2019-04-07 13:00:00,"368 Walnut St, San Francisco, CA 94016",April
185827,iPhone,1,700.0,2019-04-05 18:10:00,"158 Dogwood St, San Francisco, CA 94016",April
192569,iPhone,1,700.0,2019-04-30 22:55:00,"933 Washington St, New York City, NY 10001",April
180626,iPhone,1,700.0,2019-04-13 12:21:00,"769 Hickory St, Atlanta, GA 30301",April
177441,iPhone,1,700.0,2019-04-16 14:38:00,"559 Elm St, Dallas, TX 75001",April
185063,iPhone,1,700.0,2019-04-02 15:17:00,"529 Jefferson St, San Francisco, CA 94016",April
193475,iPhone,1,700.0,2019-04-16 06:14:00,"479 Adams St, Dallas, TX 75001",April
182060,iPhone,1,700.0,2019-04-02 20:00:00,"763 Adams St, San Francisco, CA 94016",April
190548,iPhone,1,700.0,2019-04-04 19:00:00,"167 Lincoln St, Atlanta, GA 30301",April
188465,iPhone,1,700.0,2019-04-06 03:15:00,"271 Elm St, New York City, NY 10001",April
182987,iPhone,1,700.0,2019-04-25 07:00:00,"678 Cherry St, Los Angeles, CA 90001",April
183791,iPhone,1,700.0,2019-04-16 16:54:00,"937 Madison St, Boston, MA 02215",April
191665,iPhone,1,700.0,2019-04-10 22:58:00,"127 6th St, New York City, NY 10001",April
193561,iPhone,1,700.0,2019-04-11 19:46:00,"836 Ridge St, New York City, NY 10001",April
182568,iPhone,1,700.0,2019-04-26 20:34:00,"641 River St, New York City, NY 10001",April
184620,iPhone,1,700.0,2019-04-20 19:31:00,"369 Madison St, Atlanta, GA 30301",April
190880,iPhone,1,700.0,2019-04-15 11:36:00,"625 Hickory St, San Francisco, CA 94016",April
181843,iPhone,1,700.0,2019-04-12 11:20:00,"9 Madison St, Atlanta, GA 30301",April
189414,iPhone,1,700.0,2019-04-25 14:49:00,"426 West St, Dallas, TX 75001",April
189704,iPhone,1,700.0,2019-04-16 18:12:00,"203 13th St, Dallas, TX 75001",April
177167,iPhone,1,700.0,2019-04-28 16:40:00,"39 Lakeview St, Boston, MA 02215",April
179129,iPhone,1,700.0,2019-04-12 18:19:00,"416 Willow St, Atlanta, GA 30301",April
181004,iPhone,1,700.0,2019-04-13 05:29:00,"866 5th St, Los Angeles, CA 90001",April
181858,iPhone,1,700.0,2019-04-15 20:51:00,"552 Dogwood St, New York City, NY 10001",April
182443,iPhone,1,700.0,2019-04-30 11:06:00,"386 1st St, Dallas, TX 75001",April
186435,iPhone,1,700.0,2019-04-04 19:21:00,"387 Highland St, Boston, MA 02215",April
177316,iPhone,1,700.0,2019-04-01 10:25:00,"454 4th St, Dallas, TX 75001",April
177626,iPhone,1,700.0,2019-04-19 07:53:00,"523 Main St, Atlanta, GA 30301",April
180020,iPhone,1,700.0,2019-04-06 13:18:00,"75 River St, San Francisco, CA 94016",April
187354,iPhone,1,700.0,2019-04-04 08:11:00,"966 Meadow St, Dallas, TX 75001",April
177351,iPhone,1,700.0,2019-04-13 07:52:00,"844 6th St, Dallas, TX 75001",April
184532,iPhone,1,700.0,2019-04-01 19:28:00,"676 Adams St, Seattle, WA 98101",April
186558,iPhone,1,700.0,2019-04-29 21:32:00,"167 Center St, Dallas, TX 75001",April
192138,iPhone,1,700.0,2019-04-15 17:34:00,"678 Walnut St, Atlanta, GA 30301",April
179289,iPhone,1,700.0,2019-04-30 16:13:00,"802 Johnson St, San Francisco, CA 94016",April
180322,iPhone,1,700.0,2019-04-13 14:03:00,"732 10th St, San Francisco, CA 94016",April
182846,iPhone,1,700.0,2019-04-04 16:12:00,"422 Washington St, Atlanta, GA 30301",April
185584,iPhone,1,700.0,2019-04-16 23:28:00,"204 12th St, Atlanta, GA 30301",April
190493,iPhone,1,700.0,2019-04-15 13:29:00,"417 Johnson St, San Francisco, CA 94016",April
204782,iPhone,1,700.0,2019-05-31 13:42:00,"618 Highland St, Los Angeles, CA 90001",May
195852,iPhone,1,700.0,2019-05-13 19:34:00,"799 Dogwood St, New York City, NY 10001",May
197601,iPhone,1,700.0,2019-05-19 19:15:00,"171 Dogwood St, Boston, MA 02215",May
197819,iPhone,1,700.0,2019-05-12 18:37:00,"478 Dogwood St, Dallas, TX 75001",May
202009,iPhone,1,700.0,2019-05-10 23:53:00,"371 Elm St, Portland, ME 04101",May
202027,iPhone,1,700.0,2019-05-10 15:14:00,"523 8th St, New York City, NY 10001",May
205582,iPhone,1,700.0,2019-05-29 09:35:00,"48 Park St, Los Angeles, CA 90001",May
195007,iPhone,1,700.0,2019-05-14 08:45:00,"757 Meadow St, Portland, OR 97035",May
198287,iPhone,1,700.0,2019-05-20 01:18:00,"992 Adams St, Dallas, TX 75001",May
199795,iPhone,1,700.0,2019-05-08 20:41:00,"178 Main St, Seattle, WA 98101",May
202938,iPhone,1,700.0,2019-05-09 00:39:00,"285 Dogwood St, Los Angeles, CA 90001",May
205365,iPhone,1,700.0,2019-05-19 17:19:00,"704 13th St, New York City, NY 10001",May
195801,iPhone,1,700.0,2019-05-24 12:06:00,"458 8th St, Los Angeles, CA 90001",May
209241,iPhone,1,700.0,2019-05-20 21:44:00,"426 2nd St, Los Angeles, CA 90001",May
194394,iPhone,1,700.0,2019-05-10 17:14:00,"888 Spruce St, San Francisco, CA 94016",May
195247,iPhone,1,700.0,2019-05-11 14:46:00,"473 11th St, San Francisco, CA 94016",May
195336,iPhone,1,700.0,2019-05-27 14:12:00,"399 11th St, Boston, MA 02215",May
195744,iPhone,1,700.0,2019-05-25 02:19:00,"480 Main St, San Francisco, CA 94016",May
197103,iPhone,1,700.0,2019-05-09 15:48:00,"50 13th St, Dallas, TX 75001",May
203605,iPhone,1,700.0,2019-05-20 17:58:00,"615 North St, Austin, TX 73301",May
201938,iPhone,1,700.0,2019-05-10 18:20:00,"168 Walnut St, San Francisco, CA 94016",May
196990,iPhone,1,700.0,2019-05-29 08:32:00,"126 Ridge St, Atlanta, GA 30301",May
200241,iPhone,1,700.0,2019-05-21 17:37:00,"185 Madison St, San Francisco, CA 94016",May
202397,iPhone,1,700.0,2019-05-11 23:33:00,"406 Highland St, San Francisco, CA 94016",May
203020,iPhone,1,700.0,2019-05-30 10:10:00,"419 West St, Boston, MA 02215",May
207136,iPhone,1,700.0,2019-05-29 20:30:00,"298 Highland St, Los Angeles, CA 90001",May
207908,iPhone,1,700.0,2019-05-24 09:12:00,"468 Jefferson St, New York City, NY 10001",May
197788,iPhone,1,700.0,2019-05-07 12:36:00,"458 Meadow St, San Francisco, CA 94016",May
202235,iPhone,1,700.0,2019-05-28 13:28:00,"679 Hickory St, Portland, OR 97035",May
209344,iPhone,1,700.0,2019-05-21 08:48:00,"45 South St, Boston, MA 02215",May
209374,iPhone,1,700.0,2019-05-26 20:14:00,"103 Willow St, Los Angeles, CA 90001",May
209571,iPhone,1,700.0,2019-05-29 11:03:00,"262 Ridge St, Dallas, TX 75001",May
199798,iPhone,1,700.0,2019-05-28 21:42:00,"892 Johnson St, Los Angeles, CA 90001",May
207221,iPhone,1,700.0,2019-05-15 18:52:00,"600 1st St, San Francisco, CA 94016",May
195124,iPhone,1,700.0,2019-05-29 14:37:00,"540 Maple St, Portland, OR 97035",May
196082,iPhone,1,700.0,2019-05-06 16:58:00,"888 Spruce St, Los Angeles, CA 90001",May
203031,iPhone,1,700.0,2019-05-29 12:36:00,"671 West St, Atlanta, GA 30301",May
195647,iPhone,1,700.0,2019-05-12 16:25:00,"131 6th St, San Francisco, CA 94016",May
199059,iPhone,1,700.0,2019-05-29 12:53:00,"496 Elm St, Atlanta, GA 30301",May
203191,iPhone,1,700.0,2019-05-10 19:56:00,"87 Pine St, New York City, NY 10001",May
194894,iPhone,1,700.0,2019-05-15 15:20:00,"528 Dogwood St, San Francisco, CA 94016",May
195461,iPhone,1,700.0,2019-05-08 15:50:00,"972 Sunset St, Los Angeles, CA 90001",May
201558,iPhone,1,700.0,2019-05-26 15:26:00,"556 6th St, Boston, MA 02215",May
202683,iPhone,1,700.0,2019-05-02 18:51:00,"934 Highland St, Seattle, WA 98101",May
194594,iPhone,1,700.0,2019-05-08 14:34:00,"689 Meadow St, Dallas, TX 75001",May
199096,iPhone,1,700.0,2019-05-23 16:07:00,"547 5th St, Austin, TX 73301",May
207314,iPhone,1,700.0,2019-05-07 12:57:00,"124 Ridge St, New York City, NY 10001",May
199895,iPhone,1,700.0,2019-05-29 16:16:00,"333 West St, San Francisco, CA 94016",May
203614,iPhone,1,700.0,2019-05-30 19:27:00,"405 14th St, Portland, OR 97035",May
197949,iPhone,1,700.0,2019-05-28 13:26:00,"493 Jefferson St, San Francisco, CA 94016",May
202599,iPhone,1,700.0,2019-05-06 17:30:00,"35 Jefferson St, San Francisco, CA 94016",May
202971,iPhone,1,700.0,2019-05-05 21:04:00,"170 Cherry St, Los Angeles, CA 90001",May
204271,iPhone,1,700.0,2019-05-28 11:55:00,"839 Spruce St, Atlanta, GA 30301",May
208851,iPhone,1,700.0,2019-05-05 21:56:00,"226 Pine St, San Francisco, CA 94016",May
195557,iPhone,1,700.0,2019-05-20 12:04:00,"566 Forest St, Portland, OR 97035",May
202350,iPhone,1,700.0,2019-05-12 10:24:00,"453 10th St, San Francisco, CA 94016",May
203332,iPhone,1,700.0,2019-05-27 18:11:00,"428 Hickory St, San Francisco, CA 94016",May
205131,iPhone,1,700.0,2019-05-08 08:43:00,"304 River St, New York City, NY 10001",May
208534,iPhone,1,700.0,2019-05-21 21:33:00,"665 10th St, Atlanta, GA 30301",May
197723,iPhone,1,700.0,2019-05-17 12:43:00,"897 12th St, Seattle, WA 98101",May
197748,iPhone,1,700.0,2019-05-03 08:07:00,"644 North St, Portland, ME 04101",May
198307,iPhone,1,700.0,2019-05-07 14:45:00,"838 1st St, San Francisco, CA 94016",May
194858,iPhone,1,700.0,2019-05-12 09:17:00,"733 Hickory St, Portland, ME 04101",May
196737,iPhone,1,700.0,2019-05-05 21:14:00,"309 Wilson St, San Francisco, CA 94016",May
201369,iPhone,1,700.0,2019-05-05 17:58:00,"960 Maple St, Los Angeles, CA 90001",May
209648,iPhone,1,700.0,2019-05-22 02:09:00,"6 North St, Atlanta, GA 30301",May
205705,iPhone,1,700.0,2019-05-16 17:55:00,"160 Cherry St, Seattle, WA 98101",May
196665,iPhone,1,700.0,2019-05-04 16:59:00,"439 5th St, New York City, NY 10001",May
199042,iPhone,1,700.0,2019-05-12 09:40:00,"130 Chestnut St, New York City, NY 10001",May
203741,iPhone,1,700.0,2019-05-06 18:20:00,"217 Pine St, New York City, NY 10001",May
198338,iPhone,1,700.0,2019-05-20 20:47:00,"391 River St, New York City, NY 10001",May
208007,iPhone,1,700.0,2019-05-22 17:25:00,"927 Chestnut St, Los Angeles, CA 90001",May
202213,iPhone,1,700.0,2019-05-31 15:47:00,"193 Ridge St, San Francisco, CA 94016",May
196003,iPhone,1,700.0,2019-05-03 14:29:00,"33 13th St, San Francisco, CA 94016",May
197450,iPhone,1,700.0,2019-05-23 13:46:00,"116 8th St, Seattle, WA 98101",May
201648,iPhone,1,700.0,2019-05-02 10:17:00,"465 9th St, Austin, TX 73301",May
201832,iPhone,1,700.0,2019-05-09 12:32:00,"278 Adams St, San Francisco, CA 94016",May
209269,iPhone,1,700.0,2019-05-20 14:11:00,"981 River St, San Francisco, CA 94016",May
198982,iPhone,1,700.0,2019-05-26 19:19:00,"761 Willow St, Austin, TX 73301",May
203485,iPhone,1,700.0,2019-05-10 09:59:00,"612 Wilson St, Boston, MA 02215",May
203941,iPhone,1,700.0,2019-05-23 16:12:00,"984 Willow St, Los Angeles, CA 90001",May
203950,iPhone,1,700.0,2019-05-29 08:11:00,"873 Church St, Los Angeles, CA 90001",May
205016,iPhone,1,700.0,2019-05-17 00:16:00,"482 Forest St, Atlanta, GA 30301",May
196100,iPhone,1,700.0,2019-05-21 13:06:00,"69 Main St, Atlanta, GA 30301",May
196703,iPhone,1,700.0,2019-05-31 14:33:00,"921 River St, Portland, OR 97035",May
196758,iPhone,1,700.0,2019-05-21 09:27:00,"815 Hill St, Dallas, TX 75001",May
199945,iPhone,1,700.0,2019-05-11 07:47:00,"600 Jackson St, Atlanta, GA 30301",May
199981,iPhone,1,700.0,2019-05-08 11:46:00,"225 Lake St, San Francisco, CA 94016",May
201421,iPhone,1,700.0,2019-05-28 13:27:00,"100 Madison St, Dallas, TX 75001",May
195641,iPhone,1,700.0,2019-05-17 15:03:00,"697 Willow St, Dallas, TX 75001",May
199720,iPhone,1,700.0,2019-05-29 23:27:00,"209 Walnut St, Boston, MA 02215",May
200971,iPhone,1,700.0,2019-05-12 20:08:00,"114 1st St, Los Angeles, CA 90001",May
200088,iPhone,1,700.0,2019-05-16 16:14:00,"48 Highland St, New York City, NY 10001",May
208787,iPhone,1,700.0,2019-05-17 21:10:00,"79 9th St, Los Angeles, CA 90001",May
202756,iPhone,1,700.0,2019-05-17 14:24:00,"277 2nd St, San Francisco, CA 94016",May
208984,iPhone,1,700.0,2019-05-01 18:49:00,"546 Park St, Atlanta, GA 30301",May
202617,iPhone,1,700.0,2019-05-01 20:54:00,"38 Jackson St, Boston, MA 02215",May
205107,iPhone,1,700.0,2019-05-05 20:33:00,"881 Ridge St, San Francisco, CA 94016",May
207889,iPhone,1,700.0,2019-05-31 10:58:00,"93 Lake St, New York City, NY 10001",May
221825,iPhone,1,700.0,2019-06-18 12:41:00,"694 Lake St, Los Angeles, CA 90001",June
210679,iPhone,1,700.0,2019-06-22 14:58:00,"830 Park St, Los Angeles, CA 90001",June
212350,iPhone,1,700.0,2019-06-27 20:38:00,"951 Cedar St, Dallas, TX 75001",June
216662,iPhone,1,700.0,2019-06-02 00:58:00,"902 West St, Atlanta, GA 30301",June
217839,iPhone,1,700.0,2019-06-09 14:21:00,"191 Cedar St, Los Angeles, CA 90001",June
220072,iPhone,1,700.0,2019-06-09 19:05:00,"585 1st St, Seattle, WA 98101",June
211371,iPhone,1,700.0,2019-06-11 18:18:00,"991 11th St, San Francisco, CA 94016",June
218834,iPhone,1,700.0,2019-06-10 15:20:00,"207 6th St, Seattle, WA 98101",June
219299,iPhone,1,700.0,2019-06-27 20:40:00,"235 Hill St, San Francisco, CA 94016",June
221226,iPhone,1,700.0,2019-06-07 13:05:00,"594 Johnson St, Dallas, TX 75001",June
221360,iPhone,1,700.0,2019-06-24 14:10:00,"83 Jackson St, Los Angeles, CA 90001",June
214856,iPhone,1,700.0,2019-06-09 21:27:00,"353 Forest St, Los Angeles, CA 90001",June
217240,iPhone,1,700.0,2019-06-24 18:55:00,"921 Main St, Los Angeles, CA 90001",June
220795,iPhone,1,700.0,2019-06-08 22:47:00,"687 Pine St, Portland, OR 97035",June
215946,iPhone,1,700.0,2019-06-29 19:16:00,"349 1st St, Los Angeles, CA 90001",June
214823,iPhone,1,700.0,2019-06-11 15:17:00,"479 Hickory St, Seattle, WA 98101",June
215625,iPhone,1,700.0,2019-06-24 12:07:00,"513 Johnson St, Portland, ME 04101",June
220941,iPhone,1,700.0,2019-06-15 14:18:00,"219 Meadow St, Atlanta, GA 30301",June
211617,iPhone,1,700.0,2019-06-19 18:39:00,"867 Center St, Seattle, WA 98101",June
211830,iPhone,1,700.0,2019-06-13 17:34:00,"274 Adams St, San Francisco, CA 94016",June
218472,iPhone,1,700.0,2019-06-13 22:26:00,"9 Johnson St, San Francisco, CA 94016",June
220027,iPhone,1,700.0,2019-06-02 11:38:00,"407 Chestnut St, Dallas, TX 75001",June
212322,iPhone,1,700.0,2019-06-24 10:58:00,"946 6th St, San Francisco, CA 94016",June
212656,iPhone,1,700.0,2019-06-02 15:14:00,"691 Forest St, Los Angeles, CA 90001",June
219599,iPhone,1,700.0,2019-06-25 23:15:00,"704 14th St, New York City, NY 10001",June
220517,iPhone,1,700.0,2019-06-06 06:57:00,"592 Center St, San Francisco, CA 94016",June
211326,iPhone,1,700.0,2019-06-28 13:26:00,"425 Main St, Seattle, WA 98101",June
221537,iPhone,1,700.0,2019-06-06 10:43:00,"492 10th St, Los Angeles, CA 90001",June
213367,iPhone,1,700.0,2019-06-14 01:11:00,"506 12th St, Seattle, WA 98101",June
217637,iPhone,1,700.0,2019-06-02 19:13:00,"719 Chestnut St, Los Angeles, CA 90001",June
218083,iPhone,1,700.0,2019-06-20 18:55:00,"83 Elm St, Portland, ME 04101",June
210676,iPhone,1,700.0,2019-06-30 20:27:00,"270 Chestnut St, Los Angeles, CA 90001",June
214689,iPhone,1,700.0,2019-06-06 10:09:00,"848 2nd St, San Francisco, CA 94016",June
222110,iPhone,1,700.0,2019-06-10 21:05:00,"951 Hill St, Boston, MA 02215",June
210007,iPhone,1,700.0,2019-06-30 09:06:00,"133 Highland St, Dallas, TX 75001",June
212142,iPhone,1,700.0,2019-06-23 22:37:00,"67 Center St, Los Angeles, CA 90001",June
217078,iPhone,1,700.0,2019-06-14 08:52:00,"834 North St, Los Angeles, CA 90001",June
220298,iPhone,1,700.0,2019-06-10 10:27:00,"278 Center St, Los Angeles, CA 90001",June
213515,iPhone,1,700.0,2019-06-19 13:47:00,"693 Cherry St, Los Angeles, CA 90001",June
216302,iPhone,1,700.0,2019-06-26 16:30:00,"738 8th St, New York City, NY 10001",June
217197,iPhone,1,700.0,2019-06-03 11:57:00,"339 14th St, Dallas, TX 75001",June
216941,iPhone,1,700.0,2019-06-14 11:55:00,"740 Hill St, Los Angeles, CA 90001",June
210294,iPhone,1,700.0,2019-06-06 15:00:00,"771 Chestnut St, Portland, OR 97035",June
210883,iPhone,1,700.0,2019-06-17 20:59:00,"351 Madison St, New York City, NY 10001",June
219012,iPhone,1,700.0,2019-06-19 12:23:00,"54 Chestnut St, Los Angeles, CA 90001",June
220278,iPhone,1,700.0,2019-06-09 04:43:00,"473 Spruce St, Boston, MA 02215",June
222340,iPhone,1,700.0,2019-06-28 00:32:00,"940 Hickory St, New York City, NY 10001",June
213554,iPhone,1,700.0,2019-06-02 00:38:00,"890 Jefferson St, San Francisco, CA 94016",June
220816,iPhone,1,700.0,2019-06-08 22:49:00,"810 Johnson St, San Francisco, CA 94016",June
217205,iPhone,1,700.0,2019-06-01 13:09:00,"114 Lakeview St, Los Angeles, CA 90001",June
219704,iPhone,1,700.0,2019-06-02 19:32:00,"399 Hill St, San Francisco, CA 94016",June
213442,iPhone,1,700.0,2019-06-05 12:08:00,"693 Ridge St, San Francisco, CA 94016",June
215033,iPhone,1,700.0,2019-06-01 12:56:00,"969 Lakeview St, Los Angeles, CA 90001",June
215569,iPhone,1,700.0,2019-06-22 03:14:00,"147 Highland St, Dallas, TX 75001",June
222089,iPhone,1,700.0,2019-06-19 23:38:00,"195 Madison St, Los Angeles, CA 90001",June
218655,iPhone,1,700.0,2019-06-05 22:28:00,"597 North St, Austin, TX 73301",June
219480,iPhone,1,700.0,2019-06-17 12:03:00,"278 Dogwood St, New York City, NY 10001",June
219993,iPhone,1,700.0,2019-06-28 14:40:00,"528 Spruce St, Boston, MA 02215",June
222817,iPhone,1,700.0,2019-06-21 10:27:00,"114 7th St, Los Angeles, CA 90001",June
213156,iPhone,1,700.0,2019-06-15 16:01:00,"547 12th St, San Francisco, CA 94016",June
214054,iPhone,1,700.0,2019-06-15 21:02:00,"928 Maple St, Los Angeles, CA 90001",June
221444,iPhone,1,700.0,2019-06-23 12:19:00,"299 Ridge St, Seattle, WA 98101",June
211088,iPhone,1,700.0,2019-06-13 22:14:00,"731 Lakeview St, Seattle, WA 98101",June
211453,iPhone,1,700.0,2019-06-12 07:20:00,"989 Sunset St, Boston, MA 02215",June
212745,iPhone,1,700.0,2019-06-09 14:01:00,"13 Chestnut St, Seattle, WA 98101",June
213715,iPhone,1,700.0,2019-06-07 01:29:00,"726 5th St, San Francisco, CA 94016",June
221414,iPhone,1,700.0,2019-06-05 10:05:00,"517 4th St, San Francisco, CA 94016",June
213576,iPhone,1,700.0,2019-06-27 17:53:00,"7 Cedar St, San Francisco, CA 94016",June
219933,iPhone,1,700.0,2019-06-07 14:10:00,"347 Lakeview St, San Francisco, CA 94016",June
222903,iPhone,1,700.0,2019-06-07 22:21:00,"685 Hickory St, New York City, NY 10001",June
211865,iPhone,1,700.0,2019-06-22 17:07:00,"709 4th St, Los Angeles, CA 90001",June
214032,iPhone,1,700.0,2019-06-20 18:34:00,"92 South St, Atlanta, GA 30301",June
217896,iPhone,1,700.0,2019-06-06 22:10:00,"393 Park St, San Francisco, CA 94016",June
218993,iPhone,1,700.0,2019-06-19 21:09:00,"678 River St, Portland, OR 97035",June
210154,iPhone,1,700.0,2019-06-02 16:07:00,"273 Madison St, New York City, NY 10001",June
221290,iPhone,1,700.0,2019-06-25 18:51:00,"306 South St, Los Angeles, CA 90001",June
222597,iPhone,1,700.0,2019-06-21 01:36:00,"496 10th St, New York City, NY 10001",June
213175,iPhone,1,700.0,2019-06-04 16:40:00,"816 Willow St, Boston, MA 02215",June
215582,iPhone,1,700.0,2019-06-30 11:47:00,"622 Lake St, Austin, TX 73301",June
216625,iPhone,1,700.0,2019-06-12 17:14:00,"960 Maple St, Los Angeles, CA 90001",June
216978,iPhone,1,700.0,2019-06-09 13:11:00,"57 Washington St, San Francisco, CA 94016",June
217171,iPhone,1,700.0,2019-06-05 04:50:00,"104 10th St, Boston, MA 02215",June
221262,iPhone,1,700.0,2019-06-17 12:36:00,"53 4th St, San Francisco, CA 94016",June
211345,iPhone,1,700.0,2019-06-18 19:57:00,"903 Sunset St, Portland, OR 97035",June
210748,iPhone,1,700.0,2019-06-29 20:03:00,"936 Hickory St, San Francisco, CA 94016",June
214510,iPhone,1,700.0,2019-06-24 07:36:00,"537 1st St, Dallas, TX 75001",June
212334,iPhone,1,700.0,2019-06-06 13:38:00,"834 Adams St, Boston, MA 02215",June
210755,iPhone,1,700.0,2019-06-24 14:32:00,"708 Pine St, New York City, NY 10001",June
217943,iPhone,1,700.0,2019-06-23 11:37:00,"421 8th St, San Francisco, CA 94016",June
223269,iPhone,1,700.0,2019-07-05 20:28:00,"207 Church St, Portland, OR 97035",July
232385,iPhone,1,700.0,2019-07-01 13:24:00,"615 North St, Atlanta, GA 30301",July
235259,iPhone,1,700.0,2019-07-27 12:11:00,"434 13th St, Austin, TX 73301",July
230240,iPhone,1,700.0,2019-07-02 21:04:00,"860 Sunset St, Atlanta, GA 30301",July
230475,iPhone,1,700.0,2019-07-16 11:09:00,"250 Pine St, San Francisco, CA 94016",July
224104,iPhone,1,700.0,2019-07-20 23:36:00,"858 Walnut St, San Francisco, CA 94016",July
225903,iPhone,1,700.0,2019-07-02 12:14:00,"858 Chestnut St, San Francisco, CA 94016",July
228765,iPhone,1,700.0,2019-07-03 09:24:00,"983 4th St, Austin, TX 73301",July
236539,iPhone,1,700.0,2019-07-18 17:19:00,"197 Lincoln St, Boston, MA 02215",July
226600,iPhone,1,700.0,2019-07-04 15:05:00,"621 14th St, San Francisco, CA 94016",July
235728,iPhone,1,700.0,2019-07-16 12:54:00,"415 Highland St, Dallas, TX 75001",July
228740,iPhone,1,700.0,2019-07-23 14:44:00,"251 South St, Boston, MA 02215",July
228916,iPhone,1,700.0,2019-07-10 20:44:00,"397 13th St, Dallas, TX 75001",July
223428,iPhone,1,700.0,2019-07-18 22:59:00,"883 Dogwood St, New York City, NY 10001",July
231274,iPhone,1,700.0,2019-07-18 11:23:00,"113 1st St, Atlanta, GA 30301",July
231346,iPhone,1,700.0,2019-07-31 13:44:00,"356 Willow St, Atlanta, GA 30301",July
225852,iPhone,1,700.0,2019-07-08 19:49:00,"907 South St, Atlanta, GA 30301",July
226258,iPhone,1,700.0,2019-07-27 18:28:00,"156 Hill St, Los Angeles, CA 90001",July
226620,iPhone,1,700.0,2019-07-19 19:59:00,"257 Willow St, Boston, MA 02215",July
229332,iPhone,1,700.0,2019-07-03 17:42:00,"999 Main St, San Francisco, CA 94016",July
230592,iPhone,1,700.0,2019-07-25 10:36:00,"611 Meadow St, San Francisco, CA 94016",July
233680,iPhone,1,700.0,2019-07-14 12:51:00,"288 Park St, San Francisco, CA 94016",July
228449,iPhone,1,700.0,2019-07-23 09:04:00,"40 Johnson St, San Francisco, CA 94016",July
225982,iPhone,1,700.0,2019-07-11 11:05:00,"20 1st St, Boston, MA 02215",July
226217,iPhone,1,700.0,2019-07-09 10:11:00,"688 Main St, San Francisco, CA 94016",July
234942,iPhone,1,700.0,2019-07-02 21:47:00,"311 1st St, Los Angeles, CA 90001",July
236507,iPhone,1,700.0,2019-07-04 06:47:00,"255 Elm St, San Francisco, CA 94016",July
223979,iPhone,1,700.0,2019-07-31 21:20:00,"289 6th St, Seattle, WA 98101",July
231942,iPhone,1,700.0,2019-07-18 10:00:00,"676 Park St, Seattle, WA 98101",July
232290,iPhone,1,700.0,2019-07-01 14:16:00,"892 Spruce St, Boston, MA 02215",July
232423,iPhone,1,700.0,2019-07-23 11:13:00,"9 1st St, San Francisco, CA 94016",July
233108,iPhone,1,700.0,2019-07-15 11:47:00,"792 2nd St, Atlanta, GA 30301",July
228375,iPhone,1,700.0,2019-07-29 19:13:00,"525 Maple St, New York City, NY 10001",July
235000,iPhone,1,700.0,2019-07-28 14:08:00,"965 Meadow St, Los Angeles, CA 90001",July
226108,iPhone,1,700.0,2019-07-27 11:17:00,"612 Park St, San Francisco, CA 94016",July
229035,iPhone,1,700.0,2019-07-03 12:13:00,"333 Main St, Austin, TX 73301",July
230834,iPhone,1,700.0,2019-07-02 03:06:00,"453 River St, New York City, NY 10001",July
233730,iPhone,1,700.0,2019-07-19 13:02:00,"213 Church St, Los Angeles, CA 90001",July
234583,iPhone,1,700.0,2019-07-22 06:49:00,"146 5th St, Boston, MA 02215",July
228868,iPhone,1,700.0,2019-07-07 03:38:00,"141 Forest St, Austin, TX 73301",July
235093,iPhone,1,700.0,2019-07-29 14:39:00,"684 South St, San Francisco, CA 94016",July
224192,iPhone,1,700.0,2019-07-15 17:03:00,"241 11th St, San Francisco, CA 94016",July
225468,iPhone,1,700.0,2019-07-16 15:25:00,"878 1st St, Austin, TX 73301",July
226018,iPhone,1,700.0,2019-07-01 11:00:00,"754 Hill St, San Francisco, CA 94016",July
229421,iPhone,1,700.0,2019-07-24 16:10:00,"508 10th St, Los Angeles, CA 90001",July
236028,iPhone,1,700.0,2019-07-04 00:56:00,"711 Sunset St, New York City, NY 10001",July
224207,iPhone,1,700.0,2019-07-01 15:26:00,"744 Hill St, New York City, NY 10001",July
231634,iPhone,1,700.0,2019-07-18 18:21:00,"826 4th St, Boston, MA 02215",July
225960,iPhone,1,700.0,2019-07-12 09:18:00,"451 Lake St, Atlanta, GA 30301",July
233400,iPhone,1,700.0,2019-07-12 22:52:00,"782 2nd St, Boston, MA 02215",July
223739,iPhone,1,700.0,2019-07-18 21:38:00,"170 13th St, Los Angeles, CA 90001",July
225682,iPhone,1,700.0,2019-07-04 16:29:00,"344 Lake St, Los Angeles, CA 90001",July
225788,iPhone,1,700.0,2019-07-07 17:06:00,"21 Cherry St, San Francisco, CA 94016",July
233589,iPhone,1,700.0,2019-07-13 21:12:00,"717 Center St, Dallas, TX 75001",July
236221,iPhone,1,700.0,2019-07-20 21:16:00,"514 Jefferson St, Atlanta, GA 30301",July
223730,iPhone,1,700.0,2019-07-09 19:10:00,"428 Washington St, Seattle, WA 98101",July
231576,iPhone,1,700.0,2019-07-18 21:55:00,"221 Chestnut St, Los Angeles, CA 90001",July
233003,iPhone,1,700.0,2019-07-16 14:50:00,"699 13th St, Austin, TX 73301",July
234044,iPhone,1,700.0,2019-07-07 05:19:00,"953 Highland St, Austin, TX 73301",July
224274,iPhone,1,700.0,2019-07-10 20:52:00,"946 North St, New York City, NY 10001",July
236392,iPhone,1,700.0,2019-07-05 14:58:00,"883 Lakeview St, Los Angeles, CA 90001",July
223754,iPhone,1,700.0,2019-07-24 15:05:00,"912 6th St, Boston, MA 02215",July
229905,iPhone,1,700.0,2019-07-30 18:13:00,"613 North St, San Francisco, CA 94016",July
231071,iPhone,1,700.0,2019-07-03 21:44:00,"447 West St, San Francisco, CA 94016",July
233658,iPhone,1,700.0,2019-07-09 16:37:00,"238 12th St, San Francisco, CA 94016",July
224708,iPhone,1,700.0,2019-07-14 21:01:00,"480 Hill St, San Francisco, CA 94016",July
231385,iPhone,1,700.0,2019-07-01 13:13:00,"98 Jackson St, Portland, OR 97035",July
232207,iPhone,1,700.0,2019-07-21 21:54:00,"187 5th St, San Francisco, CA 94016",July
226098,iPhone,1,700.0,2019-07-27 11:42:00,"212 Spruce St, New York City, NY 10001",July
227766,iPhone,1,700.0,2019-07-27 20:39:00,"223 5th St, Atlanta, GA 30301",July
228267,iPhone,1,700.0,2019-07-03 19:05:00,"767 Wilson St, New York City, NY 10001",July
227774,iPhone,1,700.0,2019-07-19 17:35:00,"669 13th St, Los Angeles, CA 90001",July
234318,iPhone,1,700.0,2019-07-04 15:43:00,"417 Church St, Boston, MA 02215",July
223109,iPhone,1,700.0,2019-07-12 20:48:00,"929 Ridge St, Seattle, WA 98101",July
229180,iPhone,1,700.0,2019-07-15 13:06:00,"18 Walnut St, San Francisco, CA 94016",July
243523,iPhone,1,700.0,2019-08-07 20:45:00,"361 Lake St, New York City, NY 10001",August
246197,iPhone,1,700.0,2019-08-27 02:30:00,"718 Sunset St, Dallas, TX 75001",August
242842,iPhone,1,700.0,2019-08-30 20:15:00,"720 Forest St, New York City, NY 10001",August
244425,iPhone,1,700.0,2019-08-23 13:55:00,"460 Hickory St, Atlanta, GA 30301",August
247578,iPhone,1,700.0,2019-08-02 16:57:00,"523 Wilson St, Portland, OR 97035",August
236729,iPhone,1,700.0,2019-08-09 09:28:00,"635 Lake St, San Francisco, CA 94016",August
239802,iPhone,1,700.0,2019-08-21 09:53:00,"729 Wilson St, San Francisco, CA 94016",August
243732,iPhone,1,700.0,2019-08-22 20:08:00,"330 Park St, Austin, TX 73301",August
246938,iPhone,1,700.0,2019-08-06 20:12:00,"425 Sunset St, San Francisco, CA 94016",August
247619,iPhone,1,700.0,2019-08-17 14:55:00,"166 West St, Portland, OR 97035",August
238433,iPhone,1,700.0,2019-08-29 17:58:00,"903 12th St, Los Angeles, CA 90001",August
241233,iPhone,1,700.0,2019-08-15 22:46:00,"205 4th St, San Francisco, CA 94016",August
247734,iPhone,1,700.0,2019-08-29 12:34:00,"139 2nd St, Atlanta, GA 30301",August
240595,iPhone,1,700.0,2019-08-12 23:02:00,"137 Willow St, San Francisco, CA 94016",August
242067,iPhone,1,700.0,2019-08-04 23:04:00,"934 14th St, Austin, TX 73301",August
245088,iPhone,1,700.0,2019-08-29 18:06:00,"377 Sunset St, Boston, MA 02215",August
246789,iPhone,1,700.0,2019-08-08 17:32:00,"518 8th St, San Francisco, CA 94016",August
247973,iPhone,1,700.0,2019-08-01 22:38:00,"193 Ridge St, Atlanta, GA 30301",August
242713,iPhone,1,700.0,2019-08-02 14:11:00,"771 Pine St, New York City, NY 10001",August
240898,iPhone,1,700.0,2019-08-04 22:20:00,"880 Park St, San Francisco, CA 94016",August
241293,iPhone,1,700.0,2019-08-26 23:30:00,"319 Ridge St, Boston, MA 02215",August
243039,iPhone,1,700.0,2019-08-06 20:36:00,"168 7th St, Austin, TX 73301",August
244917,iPhone,1,700.0,2019-08-22 12:42:00,"757 Chestnut St, Portland, OR 97035",August
242704,iPhone,1,700.0,2019-08-15 17:21:00,"541 Cedar St, San Francisco, CA 94016",August
242876,iPhone,1,700.0,2019-08-20 09:01:00,"548 Walnut St, Dallas, TX 75001",August
247006,iPhone,1,700.0,2019-08-12 18:51:00,"319 8th St, San Francisco, CA 94016",August
247966,iPhone,1,700.0,2019-08-05 05:17:00,"847 6th St, New York City, NY 10001",August
241815,iPhone,1,700.0,2019-08-15 07:46:00,"347 Lakeview St, San Francisco, CA 94016",August
243369,iPhone,1,700.0,2019-08-31 16:31:00,"815 Forest St, San Francisco, CA 94016",August
244991,iPhone,1,700.0,2019-08-04 07:09:00,"503 Highland St, Los Angeles, CA 90001",August
236981,iPhone,1,700.0,2019-08-05 11:38:00,"499 River St, New York City, NY 10001",August
238620,iPhone,1,700.0,2019-08-29 21:03:00,"36 Hill St, Seattle, WA 98101",August
239006,iPhone,1,700.0,2019-08-19 00:02:00,"471 Park St, Los Angeles, CA 90001",August
242197,iPhone,1,700.0,2019-08-01 19:24:00,"770 13th St, Seattle, WA 98101",August
242198,iPhone,1,700.0,2019-08-10 09:34:00,"949 Lincoln St, Boston, MA 02215",August
247392,iPhone,1,700.0,2019-08-14 04:06:00,"175 Maple St, San Francisco, CA 94016",August
238130,iPhone,1,700.0,2019-08-14 20:57:00,"666 2nd St, San Francisco, CA 94016",August
243847,iPhone,1,700.0,2019-08-21 12:59:00,"460 11th St, New York City, NY 10001",August
238465,iPhone,1,700.0,2019-08-23 17:48:00,"607 River St, Seattle, WA 98101",August
241418,iPhone,1,700.0,2019-08-30 11:26:00,"928 11th St, Portland, ME 04101",August
241472,iPhone,1,700.0,2019-08-20 14:09:00,"130 1st St, New York City, NY 10001",August
243013,iPhone,1,700.0,2019-08-09 19:32:00,"71 Jackson St, Portland, OR 97035",August
246604,iPhone,1,700.0,2019-08-26 12:15:00,"100 Spruce St, Atlanta, GA 30301",August
245697,iPhone,1,700.0,2019-08-24 16:58:00,"824 Walnut St, Portland, ME 04101",August
236672,iPhone,1,700.0,2019-08-06 14:40:00,"149 7th St, Portland, OR 97035",August
247931,iPhone,1,700.0,2019-08-17 12:31:00,"912 Highland St, Boston, MA 02215",August
247955,iPhone,1,700.0,2019-08-21 17:34:00,"41 Washington St, Los Angeles, CA 90001",August
243488,iPhone,1,700.0,2019-08-13 11:20:00,"530 Lincoln St, San Francisco, CA 94016",August
246138,iPhone,1,700.0,2019-08-27 06:31:00,"563 Pine St, Seattle, WA 98101",August
241470,iPhone,1,700.0,2019-08-28 21:16:00,"843 Elm St, Seattle, WA 98101",August
242355,iPhone,1,700.0,2019-08-28 04:48:00,"774 Meadow St, Portland, OR 97035",August
238094,iPhone,1,700.0,2019-08-02 13:48:00,"586 Main St, Austin, TX 73301",August
245317,iPhone,1,700.0,2019-08-29 13:54:00,"947 Wilson St, San Francisco, CA 94016",August
245969,iPhone,1,700.0,2019-08-17 16:03:00,"171 5th St, San Francisco, CA 94016",August
238217,iPhone,1,700.0,2019-08-28 08:59:00,"527 9th St, Atlanta, GA 30301",August
247287,iPhone,1,700.0,2019-08-14 08:04:00,"39 Elm St, Portland, OR 97035",August
240780,iPhone,1,700.0,2019-08-26 22:36:00,"292 Church St, San Francisco, CA 94016",August
238641,iPhone,1,700.0,2019-08-06 18:51:00,"534 9th St, Los Angeles, CA 90001",August
239825,iPhone,1,700.0,2019-08-01 10:17:00,"740 Church St, Atlanta, GA 30301",August
240448,iPhone,1,700.0,2019-08-12 22:16:00,"845 Jackson St, Boston, MA 02215",August
237839,iPhone,1,700.0,2019-08-13 12:56:00,"445 8th St, New York City, NY 10001",August
247507,iPhone,1,700.0,2019-08-07 19:28:00,"354 Main St, New York City, NY 10001",August
246294,iPhone,1,700.0,2019-08-05 10:27:00,"802 Church St, Boston, MA 02215",August
239846,iPhone,1,700.0,2019-08-17 13:32:00,"421 2nd St, Los Angeles, CA 90001",August
245244,iPhone,1,700.0,2019-08-04 08:03:00,"243 Cherry St, Atlanta, GA 30301",August
247632,iPhone,1,700.0,2019-08-17 14:37:00,"979 Lakeview St, New York City, NY 10001",August
239856,iPhone,1,700.0,2019-08-11 14:45:00,"483 River St, Atlanta, GA 30301",August
242893,iPhone,1,700.0,2019-08-31 12:23:00,"330 5th St, Seattle, WA 98101",August
244794,iPhone,1,700.0,2019-08-23 14:09:00,"837 South St, Los Angeles, CA 90001",August
251725,iPhone,1,700.0,2019-09-19 12:01:00,"938 Pine St, Los Angeles, CA 90001",September
257029,iPhone,1,700.0,2019-09-17 13:37:00,"510 7th St, Seattle, WA 98101",September
250059,iPhone,1,700.0,2019-09-28 13:23:00,"901 1st St, New York City, NY 10001",September
255216,iPhone,1,700.0,2019-09-01 20:52:00,"451 Lakeview St, San Francisco, CA 94016",September
255961,iPhone,1,700.0,2019-09-20 15:28:00,"701 Cedar St, Atlanta, GA 30301",September
256164,iPhone,1,700.0,2019-09-20 14:37:00,"667 Wilson St, New York City, NY 10001",September
259297,iPhone,1,700.0,2019-09-15 18:54:00,"138 Main St, Boston, MA 02215",September
250754,iPhone,1,700.0,2019-09-28 12:58:00,"170 Dogwood St, Portland, OR 97035",September
258807,iPhone,1,700.0,2019-09-07 18:12:00,"809 Willow St, Seattle, WA 98101",September
256407,iPhone,1,700.0,2019-09-15 14:14:00,"265 Wilson St, San Francisco, CA 94016",September
256833,iPhone,1,700.0,2019-09-15 17:13:00,"120 2nd St, San Francisco, CA 94016",September
251412,iPhone,1,700.0,2019-09-25 23:24:00,"550 Spruce St, Los Angeles, CA 90001",September
254703,iPhone,1,700.0,2019-09-25 08:04:00,"615 8th St, New York City, NY 10001",September
259185,iPhone,1,700.0,2019-09-25 19:38:00,"384 Lakeview St, San Francisco, CA 94016",September
252657,iPhone,1,700.0,2019-09-22 18:28:00,"890 Lake St, Atlanta, GA 30301",September
252617,iPhone,1,700.0,2019-09-07 08:05:00,"18 Spruce St, San Francisco, CA 94016",September
255157,iPhone,1,700.0,2019-09-27 15:02:00,"875 6th St, New York City, NY 10001",September
254311,iPhone,1,700.0,2019-09-09 18:49:00,"907 6th St, San Francisco, CA 94016",September
255855,iPhone,1,700.0,2019-09-16 20:50:00,"17 5th St, Atlanta, GA 30301",September
258337,iPhone,1,700.0,2019-09-28 11:38:00,"728 Sunset St, Portland, OR 97035",September
253365,iPhone,1,700.0,2019-09-30 21:40:00,"152 Highland St, Los Angeles, CA 90001",September
254221,iPhone,1,700.0,2019-09-19 21:40:00,"3 10th St, Seattle, WA 98101",September
251472,iPhone,1,700.0,2019-09-15 13:54:00,"853 Madison St, Austin, TX 73301",September
254855,iPhone,1,700.0,2019-09-13 13:01:00,"352 Meadow St, Boston, MA 02215",September
258652,iPhone,1,700.0,2019-09-09 23:04:00,"53 Lakeview St, Boston, MA 02215",September
252058,iPhone,1,700.0,2019-09-07 16:18:00,"145 6th St, San Francisco, CA 94016",September
255882,iPhone,1,700.0,2019-09-27 10:10:00,"68 7th St, New York City, NY 10001",September
253086,iPhone,1,700.0,2019-09-07 18:43:00,"631 Chestnut St, San Francisco, CA 94016",September
253299,iPhone,1,700.0,2019-09-09 11:02:00,"556 Spruce St, San Francisco, CA 94016",September
258263,iPhone,1,700.0,2019-09-04 09:14:00,"785 Park St, Dallas, TX 75001",September
258040,iPhone,1,700.0,2019-09-12 21:59:00,"467 Church St, Boston, MA 02215",September
249000,iPhone,1,700.0,2019-09-12 23:18:00,"301 Elm St, Boston, MA 02215",September
253907,iPhone,1,700.0,2019-09-12 09:48:00,"936 13th St, New York City, NY 10001",September
250107,iPhone,1,700.0,2019-09-29 10:42:00,"796 Lincoln St, Atlanta, GA 30301",September
254306,iPhone,1,700.0,2019-09-30 23:53:00,"509 6th St, San Francisco, CA 94016",September
249917,iPhone,1,700.0,2019-09-22 15:51:00,"969 Highland St, Los Angeles, CA 90001",September
252725,iPhone,1,700.0,2019-09-30 20:11:00,"982 Highland St, San Francisco, CA 94016",September
248309,iPhone,1,700.0,2019-09-07 14:27:00,"137 1st St, Seattle, WA 98101",September
249210,iPhone,1,700.0,2019-09-24 14:18:00,"495 Washington St, San Francisco, CA 94016",September
253969,iPhone,1,700.0,2019-09-14 10:46:00,"205 Washington St, San Francisco, CA 94016",September
255283,iPhone,1,700.0,2019-09-20 17:37:00,"383 Ridge St, Los Angeles, CA 90001",September
256781,iPhone,1,700.0,2019-09-05 11:57:00,"339 11th St, New York City, NY 10001",September
258924,iPhone,1,700.0,2019-09-11 06:10:00,"61 Johnson St, Boston, MA 02215",September
258959,iPhone,1,700.0,2019-09-12 10:22:00,"725 8th St, Boston, MA 02215",September
252773,iPhone,1,700.0,2019-09-30 09:06:00,"211 Meadow St, Dallas, TX 75001",September
251139,iPhone,1,700.0,2019-09-27 18:21:00,"929 Ridge St, Los Angeles, CA 90001",September
256385,iPhone,1,700.0,2019-09-17 00:01:00,"523 Adams St, San Francisco, CA 94016",September
248614,iPhone,1,700.0,2019-09-04 16:41:00,"907 Park St, Los Angeles, CA 90001",September
249030,iPhone,1,700.0,2019-09-25 01:38:00,"588 14th St, Los Angeles, CA 90001",September
250886,iPhone,1,700.0,2019-09-03 20:07:00,"566 North St, San Francisco, CA 94016",September
257531,iPhone,1,700.0,2019-09-02 16:39:00,"524 Park St, Los Angeles, CA 90001",September
254460,iPhone,1,700.0,2019-09-26 11:32:00,"208 Lincoln St, Los Angeles, CA 90001",September
257323,iPhone,1,700.0,2019-09-22 10:50:00,"818 Lincoln St, Los Angeles, CA 90001",September
254416,iPhone,1,700.0,2019-09-19 14:19:00,"529 Main St, New York City, NY 10001",September
255806,iPhone,1,700.0,2019-09-18 00:11:00,"718 Spruce St, Dallas, TX 75001",September
248759,iPhone,1,700.0,2019-09-21 17:04:00,"740 River St, San Francisco, CA 94016",September
255723,iPhone,1,700.0,2019-09-04 09:18:00,"936 Adams St, Boston, MA 02215",September
255768,iPhone,1,700.0,2019-09-05 14:21:00,"943 9th St, Los Angeles, CA 90001",September
255784,iPhone,1,700.0,2019-09-11 09:59:00,"210 West St, San Francisco, CA 94016",September
256872,iPhone,1,700.0,2019-09-18 17:34:00,"801 9th St, Atlanta, GA 30301",September
255378,iPhone,1,700.0,2019-09-23 18:51:00,"808 Washington St, Boston, MA 02215",September
251650,iPhone,1,700.0,2019-09-18 12:15:00,"347 Hickory St, New York City, NY 10001",September
258050,iPhone,1,700.0,2019-09-18 12:30:00,"339 6th St, San Francisco, CA 94016",September
248350,iPhone,1,700.0,2019-09-30 19:33:00,"717 12th St, Los Angeles, CA 90001",September
254984,iPhone,1,700.0,2019-09-08 01:27:00,"64 Washington St, New York City, NY 10001",September
256809,iPhone,1,700.0,2019-09-10 11:39:00,"366 North St, Portland, OR 97035",September
252301,iPhone,1,700.0,2019-09-08 11:39:00,"462 14th St, San Francisco, CA 94016",September
253979,iPhone,1,700.0,2019-09-30 21:53:00,"490 Highland St, New York City, NY 10001",September
264458,iPhone,1,700.0,2019-10-22 14:40:00,"816 2nd St, San Francisco, CA 94016",October
261054,iPhone,1,700.0,2019-10-02 11:14:00,"992 Cherry St, Atlanta, GA 30301",October
266015,iPhone,1,700.0,2019-10-31 21:45:00,"148 Adams St, New York City, NY 10001",October
269629,iPhone,1,700.0,2019-10-20 09:50:00,"357 Lake St, Atlanta, GA 30301",October
274045,iPhone,1,700.0,2019-10-30 14:38:00,"123 Hickory St, Seattle, WA 98101",October
275790,iPhone,1,700.0,2019-10-08 14:43:00,"686 Walnut St, Boston, MA 02215",October
277669,iPhone,1,700.0,2019-10-30 22:27:00,"152 Ridge St, Seattle, WA 98101",October
262513,iPhone,1,700.0,2019-10-18 14:34:00,"837 Spruce St, Atlanta, GA 30301",October
263550,iPhone,1,700.0,2019-10-24 08:12:00,"519 Wilson St, San Francisco, CA 94016",October
264254,iPhone,1,700.0,2019-10-20 14:28:00,"774 Jefferson St, Atlanta, GA 30301",October
270646,iPhone,1,700.0,2019-10-10 16:39:00,"630 14th St, San Francisco, CA 94016",October
273195,iPhone,1,700.0,2019-10-07 18:56:00,"465 11th St, New York City, NY 10001",October
270375,iPhone,1,700.0,2019-10-03 09:23:00,"284 Adams St, Portland, OR 97035",October
275577,iPhone,1,700.0,2019-10-11 21:29:00,"181 Center St, Atlanta, GA 30301",October
263225,iPhone,1,700.0,2019-10-06 14:46:00,"496 4th St, New York City, NY 10001",October
275676,iPhone,1,700.0,2019-10-28 16:29:00,"657 Lakeview St, Los Angeles, CA 90001",October
261369,iPhone,1,700.0,2019-10-29 13:43:00,"86 Jackson St, San Francisco, CA 94016",October
264081,iPhone,1,700.0,2019-10-26 11:00:00,"162 13th St, Los Angeles, CA 90001",October
267547,iPhone,1,700.0,2019-10-05 09:46:00,"762 Willow St, Los Angeles, CA 90001",October
272432,iPhone,1,700.0,2019-10-11 11:58:00,"531 Chestnut St, New York City, NY 10001",October
274409,iPhone,1,700.0,2019-10-08 15:55:00,"368 North St, Portland, OR 97035",October
278635,iPhone,1,700.0,2019-10-21 18:00:00,"205 9th St, Dallas, TX 75001",October
278519,iPhone,1,700.0,2019-10-26 16:46:00,"471 13th St, New York City, NY 10001",October
261535,iPhone,1,700.0,2019-10-25 16:22:00,"885 14th St, Los Angeles, CA 90001",October
263411,iPhone,1,700.0,2019-10-29 00:35:00,"647 11th St, New York City, NY 10001",October
260803,iPhone,1,700.0,2019-10-27 16:32:00,"776 Pine St, Seattle, WA 98101",October
263372,iPhone,1,700.0,2019-10-04 19:48:00,"766 2nd St, Los Angeles, CA 90001",October
267984,iPhone,1,700.0,2019-10-04 21:40:00,"651 Lake St, New York City, NY 10001",October
276647,iPhone,1,700.0,2019-10-23 21:13:00,"661 Pine St, San Francisco, CA 94016",October
277880,iPhone,1,700.0,2019-10-26 15:19:00,"435 Church St, New York City, NY 10001",October
271491,iPhone,1,700.0,2019-10-08 10:57:00,"448 Sunset St, San Francisco, CA 94016",October
267237,iPhone,1,700.0,2019-10-25 00:06:00,"244 Walnut St, San Francisco, CA 94016",October
269658,iPhone,1,700.0,2019-10-29 20:46:00,"125 7th St, Boston, MA 02215",October
278309,iPhone,1,700.0,2019-10-15 20:56:00,"901 5th St, Dallas, TX 75001",October
265093,iPhone,1,700.0,2019-10-01 21:36:00,"95 Lake St, New York City, NY 10001",October
266013,iPhone,1,700.0,2019-10-11 21:13:00,"157 Highland St, Boston, MA 02215",October
266309,iPhone,1,700.0,2019-10-19 12:40:00,"519 Wilson St, Seattle, WA 98101",October
277198,iPhone,1,700.0,2019-10-06 20:59:00,"24 14th St, Portland, OR 97035",October
273916,iPhone,1,700.0,2019-10-07 13:20:00,"91 Walnut St, Los Angeles, CA 90001",October
265100,iPhone,1,700.0,2019-10-02 12:53:00,"23 Adams St, Dallas, TX 75001",October
272093,iPhone,1,700.0,2019-10-19 02:02:00,"378 Johnson St, Atlanta, GA 30301",October
261233,iPhone,1,700.0,2019-10-24 11:33:00,"754 Hill St, San Francisco, CA 94016",October
269554,iPhone,1,700.0,2019-10-18 01:06:00,"891 Sunset St, Dallas, TX 75001",October
271380,iPhone,1,700.0,2019-10-11 09:15:00,"138 South St, San Francisco, CA 94016",October
271986,iPhone,1,700.0,2019-10-17 17:47:00,"637 12th St, Los Angeles, CA 90001",October
276079,iPhone,1,700.0,2019-10-06 15:41:00,"37 4th St, Los Angeles, CA 90001",October
276737,iPhone,1,700.0,2019-10-19 23:43:00,"589 Spruce St, Atlanta, GA 30301",October
262266,iPhone,1,700.0,2019-10-17 16:49:00,"508 Cedar St, Portland, OR 97035",October
266558,iPhone,1,700.0,2019-10-28 18:53:00,"610 Pine St, San Francisco, CA 94016",October
270015,iPhone,1,700.0,2019-10-06 15:34:00,"533 Jackson St, Boston, MA 02215",October
275007,iPhone,1,700.0,2019-10-17 13:27:00,"95 Walnut St, Dallas, TX 75001",October
260977,iPhone,1,700.0,2019-10-09 17:39:00,"657 14th St, Los Angeles, CA 90001",October
261555,iPhone,1,700.0,2019-10-27 23:32:00,"168 Highland St, Seattle, WA 98101",October
265672,iPhone,1,700.0,2019-10-20 14:26:00,"204 Wilson St, San Francisco, CA 94016",October
265976,iPhone,1,700.0,2019-10-21 02:19:00,"204 Chestnut St, Atlanta, GA 30301",October
267010,iPhone,1,700.0,2019-10-02 19:09:00,"917 Cherry St, Dallas, TX 75001",October
265115,iPhone,1,700.0,2019-10-11 21:48:00,"817 14th St, Dallas, TX 75001",October
271718,iPhone,1,700.0,2019-10-11 10:30:00,"274 Cedar St, Boston, MA 02215",October
270676,iPhone,1,700.0,2019-10-20 13:39:00,"693 5th St, San Francisco, CA 94016",October
260620,iPhone,1,700.0,2019-10-04 17:16:00,"103 Jefferson St, San Francisco, CA 94016",October
272738,iPhone,1,700.0,2019-10-16 09:51:00,"931 Lakeview St, New York City, NY 10001",October
274352,iPhone,1,700.0,2019-10-17 18:34:00,"549 Jackson St, Los Angeles, CA 90001",October
276158,iPhone,1,700.0,2019-10-05 17:56:00,"899 4th St, Boston, MA 02215",October
277095,iPhone,1,700.0,2019-10-22 16:30:00,"849 Lakeview St, New York City, NY 10001",October
263293,iPhone,1,700.0,2019-10-18 11:15:00,"957 Washington St, San Francisco, CA 94016",October
271353,iPhone,1,700.0,2019-10-30 11:55:00,"569 Main St, New York City, NY 10001",October
274938,iPhone,1,700.0,2019-10-03 19:02:00,"688 Highland St, Boston, MA 02215",October
275564,iPhone,1,700.0,2019-10-30 02:07:00,"686 Chestnut St, San Francisco, CA 94016",October
276887,iPhone,1,700.0,2019-10-27 05:35:00,"571 Sunset St, San Francisco, CA 94016",October
278740,iPhone,1,700.0,2019-10-13 09:28:00,"383 Park St, New York City, NY 10001",October
264343,iPhone,1,700.0,2019-10-18 10:57:00,"806 Church St, Atlanta, GA 30301",October
265338,iPhone,1,700.0,2019-10-16 22:30:00,"359 Lake St, Atlanta, GA 30301",October
269486,iPhone,1,700.0,2019-10-23 17:26:00,"486 11th St, Dallas, TX 75001",October
275024,iPhone,1,700.0,2019-10-24 23:58:00,"218 5th St, Boston, MA 02215",October
259432,iPhone,1,700.0,2019-10-20 15:55:00,"47 4th St, Boston, MA 02215",October
262612,iPhone,1,700.0,2019-10-03 20:19:00,"247 Highland St, San Francisco, CA 94016",October
261968,iPhone,1,700.0,2019-10-28 04:53:00,"638 Dogwood St, New York City, NY 10001",October
265308,iPhone,1,700.0,2019-10-09 15:55:00,"335 Adams St, Seattle, WA 98101",October
259584,iPhone,1,700.0,2019-10-20 21:05:00,"311 Maple St, Seattle, WA 98101",October
276083,iPhone,1,700.0,2019-10-19 13:24:00,"545 2nd St, San Francisco, CA 94016",October
262349,iPhone,1,700.0,2019-10-06 18:14:00,"152 Spruce St, Portland, OR 97035",October
267647,iPhone,1,700.0,2019-10-07 19:46:00,"165 Main St, San Francisco, CA 94016",October
268585,iPhone,1,700.0,2019-10-22 19:21:00,"16 12th St, San Francisco, CA 94016",October
272006,iPhone,1,700.0,2019-10-13 14:13:00,"968 River St, Boston, MA 02215",October
273126,iPhone,1,700.0,2019-10-10 11:45:00,"85 Jefferson St, New York City, NY 10001",October
274790,iPhone,1,700.0,2019-10-20 16:18:00,"904 Chestnut St, San Francisco, CA 94016",October
277691,iPhone,1,700.0,2019-10-26 14:43:00,"346 1st St, Los Angeles, CA 90001",October
261742,iPhone,1,700.0,2019-10-14 14:33:00,"816 4th St, Dallas, TX 75001",October
262219,iPhone,1,700.0,2019-10-09 08:02:00,"311 Forest St, Seattle, WA 98101",October
275156,iPhone,1,700.0,2019-10-05 11:44:00,"168 13th St, Austin, TX 73301",October
275254,iPhone,1,700.0,2019-10-03 09:48:00,"247 River St, Seattle, WA 98101",October
276121,iPhone,1,700.0,2019-10-22 15:33:00,"321 Cedar St, New York City, NY 10001",October
261817,iPhone,1,700.0,2019-10-04 20:17:00,"170 Ridge St, Seattle, WA 98101",October
270387,iPhone,1,700.0,2019-10-08 09:35:00,"406 Wilson St, Los Angeles, CA 90001",October
271522,iPhone,1,700.0,2019-10-26 13:37:00,"678 Ridge St, Boston, MA 02215",October
278510,iPhone,1,700.0,2019-10-26 17:56:00,"449 Willow St, New York City, NY 10001",October
263390,iPhone,1,700.0,2019-10-07 12:21:00,"187 1st St, Seattle, WA 98101",October
274514,iPhone,1,700.0,2019-10-09 10:05:00,"931 Willow St, Austin, TX 73301",October
275621,iPhone,1,700.0,2019-10-28 07:38:00,"430 Dogwood St, New York City, NY 10001",October
261383,iPhone,1,700.0,2019-10-18 18:18:00,"646 Meadow St, New York City, NY 10001",October
265490,iPhone,1,700.0,2019-10-30 11:05:00,"902 13th St, Los Angeles, CA 90001",October
272406,iPhone,1,700.0,2019-10-11 22:02:00,"503 Center St, Seattle, WA 98101",October
273092,iPhone,1,700.0,2019-10-08 19:24:00,"414 Park St, Los Angeles, CA 90001",October
273980,iPhone,1,700.0,2019-10-17 06:26:00,"738 Cherry St, Portland, ME 04101",October
281497,iPhone,1,700.0,2019-11-26 12:10:00,"640 West St, San Francisco, CA 94016",November
287080,iPhone,1,700.0,2019-11-11 13:28:00,"989 5th St, San Francisco, CA 94016",November
289888,iPhone,1,700.0,2019-11-25 16:52:00,"481 Johnson St, Austin, TX 73301",November
289764,iPhone,1,700.0,2019-11-18 20:36:00,"705 South St, New York City, NY 10001",November
285492,iPhone,1,700.0,2019-11-07 18:22:00,"54 Meadow St, San Francisco, CA 94016",November
281116,iPhone,1,700.0,2019-11-20 12:31:00,"348 14th St, Portland, OR 97035",November
281475,iPhone,1,700.0,2019-11-05 13:00:00,"907 Elm St, Seattle, WA 98101",November
285301,iPhone,1,700.0,2019-11-23 19:14:00,"252 11th St, New York City, NY 10001",November
279540,iPhone,1,700.0,2019-11-30 15:47:00,"57 Jefferson St, Boston, MA 02215",November
285881,iPhone,1,700.0,2019-11-17 21:09:00,"99 Spruce St, Seattle, WA 98101",November
286504,iPhone,1,700.0,2019-11-07 16:06:00,"115 South St, San Francisco, CA 94016",November
286902,iPhone,1,700.0,2019-11-16 14:51:00,"894 Washington St, Los Angeles, CA 90001",November
288884,iPhone,1,700.0,2019-11-10 20:26:00,"713 2nd St, San Francisco, CA 94016",November
295136,iPhone,1,700.0,2019-11-19 09:32:00,"647 Forest St, San Francisco, CA 94016",November
278872,iPhone,1,700.0,2019-11-02 10:46:00,"916 North St, Portland, OR 97035",November
290916,iPhone,1,700.0,2019-11-28 20:16:00,"468 Pine St, Portland, OR 97035",November
291453,iPhone,1,700.0,2019-11-27 02:22:00,"900 Highland St, Austin, TX 73301",November
291573,iPhone,1,700.0,2019-11-16 12:27:00,"884 Forest St, San Francisco, CA 94016",November
293050,iPhone,1,700.0,2019-11-24 16:04:00,"511 Cherry St, Boston, MA 02215",November
282392,iPhone,1,700.0,2019-11-19 13:17:00,"790 2nd St, New York City, NY 10001",November
286591,iPhone,1,700.0,2019-11-03 16:51:00,"505 Jefferson St, Dallas, TX 75001",November
287020,iPhone,1,700.0,2019-11-23 14:32:00,"110 Jackson St, Los Angeles, CA 90001",November
291558,iPhone,1,700.0,2019-11-25 12:23:00,"498 River St, Atlanta, GA 30301",November
294068,iPhone,1,700.0,2019-11-13 17:39:00,"103 Park St, Los Angeles, CA 90001",November
287879,iPhone,1,700.0,2019-11-04 01:27:00,"942 Dogwood St, San Francisco, CA 94016",November
290345,iPhone,1,700.0,2019-11-07 22:39:00,"968 12th St, Austin, TX 73301",November
293914,iPhone,1,700.0,2019-11-20 19:10:00,"291 Cedar St, San Francisco, CA 94016",November
281249,iPhone,1,700.0,2019-11-03 13:56:00,"509 Jefferson St, San Francisco, CA 94016",November
281670,iPhone,1,700.0,2019-11-18 11:25:00,"80 Washington St, New York City, NY 10001",November
283566,iPhone,1,700.0,2019-11-03 14:37:00,"231 West St, Portland, OR 97035",November
284913,iPhone,1,700.0,2019-11-01 09:54:00,"543 Willow St, Seattle, WA 98101",November
290372,iPhone,1,700.0,2019-11-01 20:24:00,"309 Park St, San Francisco, CA 94016",November
292922,iPhone,1,700.0,2019-11-28 14:38:00,"171 Highland St, Portland, OR 97035",November
282575,iPhone,1,700.0,2019-11-22 15:13:00,"704 Sunset St, San Francisco, CA 94016",November
281824,iPhone,1,700.0,2019-11-29 17:28:00,"119 Maple St, Dallas, TX 75001",November
284352,iPhone,1,700.0,2019-11-05 14:45:00,"153 Maple St, San Francisco, CA 94016",November
288175,iPhone,1,700.0,2019-11-04 09:19:00,"797 9th St, Los Angeles, CA 90001",November
291064,iPhone,1,700.0,2019-11-05 20:53:00,"516 11th St, Austin, TX 73301",November
287200,iPhone,1,700.0,2019-11-18 20:31:00,"997 9th St, San Francisco, CA 94016",November
289519,iPhone,1,700.0,2019-11-07 19:27:00,"643 Church St, Los Angeles, CA 90001",November
294945,iPhone,1,700.0,2019-11-15 19:19:00,"492 Washington St, Boston, MA 02215",November
294190,iPhone,1,700.0,2019-11-19 09:03:00,"491 Jefferson St, Boston, MA 02215",November
285570,iPhone,1,700.0,2019-11-22 22:01:00,"212 11th St, Seattle, WA 98101",November
287758,iPhone,1,700.0,2019-11-24 19:54:00,"72 Elm St, San Francisco, CA 94016",November
279162,iPhone,1,700.0,2019-11-27 18:22:00,"776 Lake St, Austin, TX 73301",November
281399,iPhone,1,700.0,2019-11-09 15:16:00,"343 Chestnut St, Seattle, WA 98101",November
282205,iPhone,1,700.0,2019-11-12 23:22:00,"930 10th St, Los Angeles, CA 90001",November
295516,iPhone,1,700.0,2019-11-19 23:16:00,"603 4th St, Los Angeles, CA 90001",November
280474,iPhone,1,700.0,2019-11-16 14:19:00,"777 Jefferson St, Los Angeles, CA 90001",November
293882,iPhone,1,700.0,2019-11-15 10:59:00,"514 Church St, Dallas, TX 75001",November
282283,iPhone,1,700.0,2019-11-15 07:19:00,"794 Walnut St, Atlanta, GA 30301",November
282707,iPhone,1,700.0,2019-11-03 22:18:00,"742 Meadow St, Seattle, WA 98101",November
288141,iPhone,1,700.0,2019-11-04 15:33:00,"182 Adams St, Los Angeles, CA 90001",November
291523,iPhone,1,700.0,2019-11-12 16:46:00,"854 Pine St, Seattle, WA 98101",November
294088,iPhone,1,700.0,2019-11-25 21:59:00,"135 4th St, Los Angeles, CA 90001",November
295624,iPhone,1,700.0,2019-11-22 14:57:00,"305 1st St, Austin, TX 73301",November
284542,iPhone,1,700.0,2019-11-06 17:40:00,"32 11th St, Los Angeles, CA 90001",November
285188,iPhone,1,700.0,2019-11-21 13:21:00,"222 4th St, San Francisco, CA 94016",November
286966,iPhone,1,700.0,2019-11-06 13:50:00,"515 Highland St, Los Angeles, CA 90001",November
287472,iPhone,1,700.0,2019-11-07 12:06:00,"352 Sunset St, San Francisco, CA 94016",November
287477,iPhone,1,700.0,2019-11-23 14:49:00,"552 Willow St, New York City, NY 10001",November
288318,iPhone,1,700.0,2019-11-14 22:55:00,"298 1st St, Atlanta, GA 30301",November
294179,iPhone,1,700.0,2019-11-27 18:45:00,"416 Madison St, Austin, TX 73301",November
280342,iPhone,1,700.0,2019-11-03 19:01:00,"536 6th St, Dallas, TX 75001",November
289151,iPhone,1,700.0,2019-11-28 15:19:00,"196 North St, Los Angeles, CA 90001",November
291682,iPhone,1,700.0,2019-11-19 08:30:00,"214 Dogwood St, New York City, NY 10001",November
284213,iPhone,1,700.0,2019-11-19 19:29:00,"248 Maple St, Boston, MA 02215",November
287453,iPhone,1,700.0,2019-11-02 16:55:00,"898 Wilson St, San Francisco, CA 94016",November
294474,iPhone,1,700.0,2019-11-09 09:09:00,"673 Jefferson St, Boston, MA 02215",November
280796,iPhone,1,700.0,2019-11-27 20:47:00,"885 2nd St, San Francisco, CA 94016",November
283028,iPhone,1,700.0,2019-11-26 19:53:00,"528 Church St, New York City, NY 10001",November
289343,iPhone,1,700.0,2019-11-18 14:28:00,"947 Cedar St, Seattle, WA 98101",November
293485,iPhone,1,700.0,2019-11-20 07:41:00,"586 Willow St, San Francisco, CA 94016",November
279711,iPhone,1,700.0,2019-11-04 06:53:00,"11 8th St, San Francisco, CA 94016",November
285521,iPhone,1,700.0,2019-11-01 12:53:00,"118 West St, Boston, MA 02215",November
285662,iPhone,1,700.0,2019-11-21 16:11:00,"938 10th St, San Francisco, CA 94016",November
290654,iPhone,1,700.0,2019-11-02 11:24:00,"965 Elm St, Portland, OR 97035",November
280021,iPhone,1,700.0,2019-11-10 14:50:00,"578 Church St, Seattle, WA 98101",November
285058,iPhone,1,700.0,2019-11-09 22:01:00,"402 Pine St, Los Angeles, CA 90001",November
286252,iPhone,1,700.0,2019-11-27 19:30:00,"322 Jackson St, Dallas, TX 75001",November
286949,iPhone,1,700.0,2019-11-12 20:14:00,"667 River St, Seattle, WA 98101",November
287546,iPhone,1,700.0,2019-11-27 01:26:00,"973 Hill St, New York City, NY 10001",November
287862,iPhone,1,700.0,2019-11-26 13:19:00,"85 Lincoln St, Boston, MA 02215",November
288331,iPhone,1,700.0,2019-11-19 13:42:00,"448 Highland St, Los Angeles, CA 90001",November
293193,iPhone,1,700.0,2019-11-13 18:31:00,"906 Willow St, San Francisco, CA 94016",November
280189,iPhone,1,700.0,2019-11-05 08:15:00,"752 Lakeview St, New York City, NY 10001",November
283752,iPhone,1,700.0,2019-11-21 10:48:00,"943 Lakeview St, Atlanta, GA 30301",November
285877,iPhone,1,700.0,2019-11-21 08:41:00,"349 1st St, Los Angeles, CA 90001",November
292347,iPhone,1,700.0,2019-11-04 06:06:00,"118 Chestnut St, New York City, NY 10001",November
294382,iPhone,1,700.0,2019-11-28 11:23:00,"883 Hill St, San Francisco, CA 94016",November
294978,iPhone,1,700.0,2019-11-24 13:29:00,"982 River St, Austin, TX 73301",November
280011,iPhone,1,700.0,2019-11-24 06:08:00,"153 6th St, Los Angeles, CA 90001",November
281485,iPhone,1,700.0,2019-11-03 09:08:00,"584 Chestnut St, Austin, TX 73301",November
289741,iPhone,1,700.0,2019-11-01 18:57:00,"757 1st St, Boston, MA 02215",November
291710,iPhone,1,700.0,2019-11-09 18:23:00,"583 West St, San Francisco, CA 94016",November
291734,iPhone,1,700.0,2019-11-11 16:32:00,"753 Chestnut St, San Francisco, CA 94016",November
284560,iPhone,1,700.0,2019-11-26 16:18:00,"583 Park St, Atlanta, GA 30301",November
284568,iPhone,1,700.0,2019-11-14 08:08:00,"318 14th St, Boston, MA 02215",November
290474,iPhone,1,700.0,2019-11-19 22:33:00,"723 Pine St, San Francisco, CA 94016",November
291155,iPhone,1,700.0,2019-11-21 12:33:00,"603 Wilson St, San Francisco, CA 94016",November
281372,iPhone,1,700.0,2019-11-30 15:44:00,"154 Willow St, Boston, MA 02215",November
293684,iPhone,1,700.0,2019-11-16 22:14:00,"668 Elm St, Los Angeles, CA 90001",November
294469,iPhone,1,700.0,2019-11-20 22:29:00,"188 Church St, San Francisco, CA 94016",November
304926,iPhone,1,700.0,2019-12-07 10:49:00,"14 Hill St, San Francisco, CA 94016",December
306321,iPhone,1,700.0,2019-12-12 20:48:00,"36 Johnson St, Austin, TX 73301",December
308274,iPhone,1,700.0,2019-12-17 19:20:00,"23 9th St, Los Angeles, CA 90001",December
301797,iPhone,1,700.0,2019-12-05 11:11:00,"822 Park St, Seattle, WA 98101",December
303097,iPhone,1,700.0,2019-12-28 17:46:00,"927 Ridge St, Austin, TX 73301",December
304475,iPhone,1,700.0,2019-12-30 15:13:00,"674 Jefferson St, San Francisco, CA 94016",December
305084,iPhone,1,700.0,2019-12-05 12:59:00,"544 9th St, Dallas, TX 75001",December
307426,iPhone,1,700.0,2019-12-16 14:23:00,"585 North St, Boston, MA 02215",December
318683,iPhone,1,700.0,2019-12-23 15:48:00,"611 4th St, Seattle, WA 98101",December
303289,iPhone,1,700.0,2019-12-01 18:58:00,"559 5th St, Los Angeles, CA 90001",December
303511,iPhone,1,700.0,2019-12-29 10:56:00,"719 9th St, New York City, NY 10001",December
306147,iPhone,1,700.0,2019-12-29 23:05:00,"304 Jefferson St, Dallas, TX 75001",December
313316,iPhone,1,700.0,2019-12-05 21:26:00,"316 Main St, Los Angeles, CA 90001",December
297374,iPhone,1,700.0,2019-12-13 09:42:00,"982 North St, San Francisco, CA 94016",December
301202,iPhone,1,700.0,2019-12-10 17:28:00,"19 7th St, San Francisco, CA 94016",December
304931,iPhone,1,700.0,2019-12-01 09:32:00,"41 Maple St, San Francisco, CA 94016",December
305302,iPhone,1,700.0,2019-12-26 08:58:00,"49 Cherry St, Boston, MA 02215",December
308788,iPhone,1,700.0,2019-12-04 09:23:00,"319 Maple St, New York City, NY 10001",December
316901,iPhone,1,700.0,2019-12-05 15:47:00,"321 4th St, San Francisco, CA 94016",December
299138,iPhone,1,700.0,2019-12-18 00:31:00,"153 Forest St, Dallas, TX 75001",December
308726,iPhone,1,700.0,2019-12-16 17:28:00,"697 Meadow St, New York City, NY 10001",December
300350,iPhone,1,700.0,2019-12-15 20:45:00,"349 West St, San Francisco, CA 94016",December
315956,iPhone,1,700.0,2019-12-04 19:54:00,"799 Wilson St, Los Angeles, CA 90001",December
316616,iPhone,1,700.0,2019-12-21 08:55:00,"379 Lake St, San Francisco, CA 94016",December
318872,iPhone,1,700.0,2019-12-28 00:14:00,"22 Ridge St, Boston, MA 02215",December
295726,iPhone,1,700.0,2019-12-25 14:49:00,"203 Lakeview St, Boston, MA 02215",December
296620,iPhone,1,700.0,2019-12-23 19:02:00,"139 Cedar St, Seattle, WA 98101",December
299874,iPhone,1,700.0,2019-12-19 09:47:00,"159 Park St, Atlanta, GA 30301",December
303694,iPhone,1,700.0,2019-12-22 04:40:00,"424 Spruce St, New York City, NY 10001",December
313881,iPhone,1,700.0,2019-12-19 15:33:00,"226 9th St, Dallas, TX 75001",December
319266,iPhone,1,700.0,2019-12-04 15:36:00,"661 Meadow St, Seattle, WA 98101",December
298468,iPhone,1,700.0,2019-12-03 13:38:00,"362 Pine St, New York City, NY 10001",December
299076,iPhone,1,700.0,2019-12-11 10:40:00,"934 Church St, San Francisco, CA 94016",December
299104,iPhone,1,700.0,2019-12-09 18:39:00,"104 Walnut St, San Francisco, CA 94016",December
309505,iPhone,1,700.0,2019-12-12 23:15:00,"485 8th St, San Francisco, CA 94016",December
316423,iPhone,1,700.0,2019-12-30 23:22:00,"965 Lake St, New York City, NY 10001",December
297438,iPhone,1,700.0,2019-12-17 13:13:00,"708 Walnut St, New York City, NY 10001",December
298465,iPhone,1,700.0,2019-12-04 17:26:00,"852 Maple St, Dallas, TX 75001",December
312570,iPhone,1,700.0,2019-12-04 14:55:00,"89 Cherry St, Seattle, WA 98101",December
317530,iPhone,1,700.0,2019-12-13 11:57:00,"731 Walnut St, San Francisco, CA 94016",December
318698,iPhone,1,700.0,2019-12-04 14:06:00,"240 South St, Dallas, TX 75001",December
308083,iPhone,1,700.0,2019-12-16 11:50:00,"417 7th St, Los Angeles, CA 90001",December
314196,iPhone,1,700.0,2019-12-23 10:25:00,"541 Lakeview St, Austin, TX 73301",December
297347,iPhone,1,700.0,2019-12-17 16:50:00,"266 Madison St, Atlanta, GA 30301",December
300047,iPhone,1,700.0,2019-12-11 22:58:00,"519 Johnson St, Los Angeles, CA 90001",December
303704,iPhone,1,700.0,2019-12-04 16:25:00,"157 West St, Boston, MA 02215",December
306246,iPhone,1,700.0,2019-12-06 18:37:00,"761 Church St, San Francisco, CA 94016",December
309403,iPhone,1,700.0,2019-12-08 22:03:00,"364 6th St, Boston, MA 02215",December
311842,iPhone,1,700.0,2019-12-10 23:41:00,"754 Dogwood St, Portland, OR 97035",December
318809,iPhone,1,700.0,2019-12-29 14:23:00,"25 Cherry St, Dallas, TX 75001",December
296169,iPhone,1,700.0,2019-12-10 22:31:00,"111 Hickory St, Seattle, WA 98101",December
299062,iPhone,1,700.0,2019-12-20 12:21:00,"977 Cedar St, Dallas, TX 75001",December
299982,iPhone,1,700.0,2019-12-27 11:51:00,"210 Maple St, New York City, NY 10001",December
315064,iPhone,1,700.0,2019-12-25 23:03:00,"572 Center St, Austin, TX 73301",December
315606,iPhone,1,700.0,2019-12-17 22:14:00,"796 10th St, San Francisco, CA 94016",December
318802,iPhone,1,700.0,2019-12-20 01:49:00,"600 Sunset St, San Francisco, CA 94016",December
319665,iPhone,1,700.0,2019-12-15 11:13:00,"377 1st St, Atlanta, GA 30301",December
304882,iPhone,1,700.0,2019-12-10 19:31:00,"201 Johnson St, Seattle, WA 98101",December
313360,iPhone,1,700.0,2019-12-15 11:45:00,"445 Madison St, Los Angeles, CA 90001",December
318617,iPhone,1,700.0,2019-12-26 00:04:00,"763 11th St, San Francisco, CA 94016",December
301425,iPhone,1,700.0,2019-12-17 19:07:00,"731 2nd St, Boston, MA 02215",December
319242,iPhone,1,700.0,2019-12-06 15:22:00,"453 1st St, San Francisco, CA 94016",December
300224,iPhone,1,700.0,2019-12-01 12:33:00,"662 14th St, Seattle, WA 98101",December
309374,iPhone,1,700.0,2019-12-21 10:47:00,"626 1st St, San Francisco, CA 94016",December
318026,iPhone,1,700.0,2019-12-29 22:04:00,"698 Wilson St, Atlanta, GA 30301",December
311928,iPhone,1,700.0,2019-12-13 21:48:00,"258 9th St, Los Angeles, CA 90001",December
296992,iPhone,1,700.0,2019-12-09 18:46:00,"410 Washington St, Dallas, TX 75001",December
298007,iPhone,1,700.0,2019-12-26 15:10:00,"704 13th St, Los Angeles, CA 90001",December
298356,iPhone,1,700.0,2019-12-20 18:10:00,"917 Sunset St, Portland, OR 97035",December
301206,iPhone,1,700.0,2019-12-18 16:28:00,"261 5th St, Los Angeles, CA 90001",December
310773,iPhone,1,700.0,2019-12-05 11:16:00,"415 Johnson St, Boston, MA 02215",December
319584,iPhone,1,700.0,2019-12-11 00:30:00,"537 Sunset St, Portland, OR 97035",December
299274,iPhone,1,700.0,2019-12-05 14:03:00,"814 5th St, Atlanta, GA 30301",December
316275,iPhone,1,700.0,2019-12-12 04:45:00,"900 Ridge St, Boston, MA 02215",December
316702,iPhone,1,700.0,2019-12-23 14:20:00,"178 Center St, San Francisco, CA 94016",December
298824,iPhone,1,700.0,2019-12-17 20:53:00,"118 8th St, Atlanta, GA 30301",December
301278,iPhone,1,700.0,2019-12-21 05:22:00,"454 Highland St, New York City, NY 10001",December
313521,iPhone,1,700.0,2019-12-31 19:55:00,"903 Jefferson St, Los Angeles, CA 90001",December
306275,iPhone,1,700.0,2019-12-25 22:02:00,"82 4th St, Los Angeles, CA 90001",December
301671,iPhone,1,700.0,2019-12-04 23:33:00,"868 Madison St, Austin, TX 73301",December
301701,iPhone,1,700.0,2019-12-15 13:23:00,"591 Maple St, Seattle, WA 98101",December
306449,iPhone,1,700.0,2019-12-26 23:43:00,"787 Madison St, Seattle, WA 98101",December
307370,iPhone,1,700.0,2019-12-04 15:44:00,"283 Main St, New York City, NY 10001",December
310674,iPhone,1,700.0,2019-12-07 21:48:00,"385 12th St, Atlanta, GA 30301",December
315187,iPhone,1,700.0,2019-12-12 14:40:00,"727 Elm St, San Francisco, CA 94016",December
315844,iPhone,1,700.0,2019-12-18 11:40:00,"287 9th St, Dallas, TX 75001",December
190508,iPhone,1,700.0,2019-04-21 20:08:00,"704 Chestnut St, Atlanta, GA 30301",April
218948,iPhone,1,700.0,2019-06-02 13:15:00,"772 4th St, New York City, NY 10001",June
234643,iPhone,1,700.0,2019-07-04 12:30:00,"22 Meadow St, San Francisco, CA 94016",July
247523,iPhone,1,700.0,2019-08-12 15:57:00,"508 North St, Austin, TX 73301",August
246823,iPhone,1,700.0,2019-08-12 15:43:00,"862 North St, San Francisco, CA 94016",August
246579,iPhone,1,700.0,2019-08-21 12:21:00,"842 Meadow St, Los Angeles, CA 90001",August
254672,iPhone,1,700.0,2019-09-01 18:49:00,"909 Chestnut St, Los Angeles, CA 90001",September
272630,iPhone,1,700.0,2019-10-30 23:11:00,"644 Church St, San Francisco, CA 94016",October
266848,iPhone,1,700.0,2019-10-14 00:22:00,"467 Cedar St, Boston, MA 02215",October
273152,iPhone,1,700.0,2019-10-14 07:58:00,"322 Johnson St, New York City, NY 10001",October
271684,iPhone,1,700.0,2019-10-27 10:40:00,"93 11th St, Dallas, TX 75001",October
294632,iPhone,1,700.0,2019-11-17 06:26:00,"18 Church St, Boston, MA 02215",November
281516,iPhone,1,700.0,2019-11-24 14:03:00,"920 Hill St, Dallas, TX 75001",November
295513,iPhone,1,700.0,2019-11-02 09:28:00,"497 South St, San Francisco, CA 94016",November
287187,iPhone,1,700.0,2019-11-27 14:43:00,"758 Lakeview St, San Francisco, CA 94016",November
293626,iPhone,1,700.0,2019-11-03 02:33:00,"787 Willow St, San Francisco, CA 94016",November
291896,iPhone,1,700.0,2019-11-29 18:15:00,"768 West St, Austin, TX 73301",November
284348,iPhone,1,700.0,2019-11-20 15:39:00,"216 Cedar St, Atlanta, GA 30301",November
307744,iPhone,1,700.0,2019-12-15 20:39:00,"114 North St, Atlanta, GA 30301",December
309996,iPhone,1,700.0,2019-12-14 18:56:00,"229 Walnut St, New York City, NY 10001",December
311941,iPhone,1,700.0,2019-12-05 21:08:00,"711 Maple St, New York City, NY 10001",December
299535,iPhone,1,700.0,2019-12-09 00:15:00,"638 4th St, Los Angeles, CA 90001",December
297817,iPhone,1,700.0,2020-01-01 00:22:00,"519 13th St, New York City, NY 10001",January
304939,iPhone,1,700.0,2019-12-20 21:16:00,"96 Madison St, Boston, MA 02215",December
306613,iPhone,1,700.0,2019-12-22 01:43:00,"952 Meadow St, Los Angeles, CA 90001",December
306967,iPhone,1,700.0,2019-12-27 20:41:00,"559 Ridge St, Los Angeles, CA 90001",December
312938,iPhone,1,700.0,2019-12-04 08:31:00,"638 Johnson St, Los Angeles, CA 90001",December
312958,iPhone,1,700.0,2019-12-23 19:31:00,"755 Church St, Los Angeles, CA 90001",December
297270,iPhone,1,700.0,2019-12-25 22:11:00,"938 Spruce St, Seattle, WA 98101",December
304276,iPhone,1,700.0,2019-12-15 06:07:00,"358 5th St, New York City, NY 10001",December
306787,iPhone,1,700.0,2019-12-21 16:44:00,"170 Dogwood St, Portland, OR 97035",December
311291,iPhone,1,700.0,2019-12-13 20:57:00,"550 Lakeview St, Atlanta, GA 30301",December
318581,iPhone,1,700.0,2019-12-16 10:36:00,"959 Lakeview St, San Francisco, CA 94016",December
298922,iPhone,1,700.0,2019-12-10 20:10:00,"171 Main St, Dallas, TX 75001",December
302401,iPhone,1,700.0,2019-12-18 23:12:00,"382 Cherry St, Dallas, TX 75001",December
302683,iPhone,1,700.0,2019-12-08 11:13:00,"711 Jefferson St, Los Angeles, CA 90001",December
307033,iPhone,1,700.0,2019-12-01 16:47:00,"684 12th St, Los Angeles, CA 90001",December
308183,iPhone,1,700.0,2019-12-11 13:25:00,"270 8th St, Los Angeles, CA 90001",December
309183,iPhone,1,700.0,2019-12-08 12:04:00,"242 Highland St, Seattle, WA 98101",December
312189,iPhone,1,700.0,2019-12-07 07:31:00,"747 Cherry St, Austin, TX 73301",December
296622,iPhone,1,700.0,2019-12-18 23:48:00,"537 Sunset St, Dallas, TX 75001",December
300486,iPhone,1,700.0,2019-12-12 17:33:00,"765 Johnson St, Dallas, TX 75001",December
305936,iPhone,1,700.0,2019-12-13 08:32:00,"509 14th St, Los Angeles, CA 90001",December
309902,iPhone,1,700.0,2019-12-11 10:22:00,"826 8th St, Los Angeles, CA 90001",December
312892,iPhone,1,700.0,2019-12-23 01:40:00,"956 Maple St, San Francisco, CA 94016",December
297249,iPhone,1,700.0,2019-12-05 09:07:00,"298 Johnson St, Atlanta, GA 30301",December
299185,iPhone,1,700.0,2019-12-21 11:24:00,"975 South St, Atlanta, GA 30301",December
299243,iPhone,1,700.0,2019-12-09 10:33:00,"288 North St, Los Angeles, CA 90001",December
304627,iPhone,1,700.0,2019-12-14 11:40:00,"254 6th St, Dallas, TX 75001",December
314337,iPhone,1,700.0,2019-12-04 20:13:00,"622 Spruce St, Austin, TX 73301",December
315071,iPhone,1,700.0,2019-12-01 11:16:00,"85 13th St, Los Angeles, CA 90001",December
315305,iPhone,1,700.0,2019-12-13 14:16:00,"366 1st St, Los Angeles, CA 90001",December
312066,iPhone,1,700.0,2019-12-12 08:10:00,"596 Elm St, Dallas, TX 75001",December
295851,iPhone,1,700.0,2019-12-11 17:08:00,"197 2nd St, Boston, MA 02215",December
300857,iPhone,1,700.0,2019-12-01 21:13:00,"74 Walnut St, Austin, TX 73301",December
304136,iPhone,1,700.0,2019-12-23 12:08:00,"610 11th St, Portland, OR 97035",December
307488,iPhone,1,700.0,2019-12-15 09:30:00,"515 Ridge St, Dallas, TX 75001",December
308576,iPhone,1,700.0,2019-12-09 19:01:00,"87 Church St, Los Angeles, CA 90001",December
315254,iPhone,1,700.0,2019-12-25 18:02:00,"707 8th St, Portland, OR 97035",December
316713,iPhone,1,700.0,2019-12-30 18:32:00,"587 Chestnut St, Seattle, WA 98101",December
317320,iPhone,1,700.0,2019-12-06 21:02:00,"495 Lincoln St, Los Angeles, CA 90001",December
300669,iPhone,1,700.0,2019-12-24 00:17:00,"745 Maple St, Boston, MA 02215",December
304523,iPhone,1,700.0,2019-12-05 07:49:00,"467 Madison St, Dallas, TX 75001",December
305364,iPhone,1,700.0,2019-12-08 12:25:00,"627 14th St, Boston, MA 02215",December
307926,iPhone,1,700.0,2019-12-14 15:12:00,"494 2nd St, New York City, NY 10001",December
319162,iPhone,1,700.0,2019-12-29 13:06:00,"914 West St, Seattle, WA 98101",December
295854,iPhone,1,700.0,2019-12-29 10:35:00,"183 Hickory St, Austin, TX 73301",December
299065,iPhone,1,700.0,2019-12-28 10:02:00,"126 Hickory St, Portland, OR 97035",December
299489,iPhone,1,700.0,2019-12-05 20:18:00,"327 Hickory St, New York City, NY 10001",December
302332,iPhone,1,700.0,2019-12-11 15:33:00,"575 Jefferson St, Los Angeles, CA 90001",December
302512,iPhone,1,700.0,2019-12-27 20:14:00,"241 River St, Los Angeles, CA 90001",December
304252,iPhone,1,700.0,2019-12-26 12:53:00,"783 Park St, Austin, TX 73301",December
310824,iPhone,1,700.0,2019-12-09 20:41:00,"229 Main St, New York City, NY 10001",December
315421,iPhone,1,700.0,2019-12-08 16:47:00,"305 Jackson St, Los Angeles, CA 90001",December
319634,iPhone,1,700.0,2019-12-11 16:29:00,"817 Center St, Boston, MA 02215",December
300502,iPhone,1,700.0,2019-12-09 13:47:00,"654 Pine St, Los Angeles, CA 90001",December
299598,iPhone,1,700.0,2019-12-05 12:11:00,"528 Meadow St, Portland, OR 97035",December
301845,iPhone,1,700.0,2019-12-23 10:11:00,"602 2nd St, Austin, TX 73301",December
305871,iPhone,1,700.0,2019-12-06 13:56:00,"910 Hickory St, Portland, OR 97035",December
310976,iPhone,1,700.0,2019-12-19 18:07:00,"266 West St, San Francisco, CA 94016",December
315924,iPhone,1,700.0,2019-12-23 21:33:00,"830 2nd St, Los Angeles, CA 90001",December
305501,iPhone,1,700.0,2019-12-01 21:16:00,"330 Willow St, Portland, ME 04101",December
317709,iPhone,1,700.0,2019-12-18 16:06:00,"642 13th St, Seattle, WA 98101",December
142009,iPhone,1,700.0,2019-01-15 13:59:00,"411 11th St, San Francisco, CA 94016",January
144930,iPhone,1,700.0,2019-01-06 14:46:00,"176 Walnut St, San Francisco, CA 94016",January
142569,iPhone,1,700.0,2019-01-18 19:58:00,"490 North St, Los Angeles, CA 90001",January
143434,iPhone,1,700.0,2019-01-17 21:00:00,"118 11th St, Seattle, WA 98101",January
141550,iPhone,1,700.0,2019-01-31 10:58:00,"399 Church St, Boston, MA 02215",January
142355,iPhone,1,700.0,2019-01-15 19:07:00,"478 11th St, Austin, TX 73301",January
144676,iPhone,1,700.0,2019-01-16 10:51:00,"707 4th St, New York City, NY 10001",January
146872,iPhone,1,700.0,2019-01-31 23:21:00,"470 Jefferson St, Los Angeles, CA 90001",January
147502,iPhone,1,700.0,2019-01-24 13:09:00,"956 10th St, San Francisco, CA 94016",January
148365,iPhone,1,700.0,2019-01-02 16:01:00,"496 Church St, San Francisco, CA 94016",January
149971,iPhone,1,700.0,2019-01-27 18:40:00,"205 Sunset St, Seattle, WA 98101",January
148400,iPhone,1,700.0,2019-01-31 13:44:00,"248 Center St, Atlanta, GA 30301",January
149931,iPhone,1,700.0,2019-01-16 15:24:00,"800 Sunset St, Portland, OR 97035",January
143279,iPhone,1,700.0,2019-01-06 05:37:00,"488 Ridge St, Atlanta, GA 30301",January
143785,iPhone,1,700.0,2019-01-09 21:14:00,"732 Center St, Dallas, TX 75001",January
148335,iPhone,1,700.0,2019-01-31 16:48:00,"696 Main St, Boston, MA 02215",January
149671,iPhone,1,700.0,2019-01-22 02:07:00,"330 South St, Boston, MA 02215",January
144020,iPhone,1,700.0,2019-01-10 22:35:00,"893 South St, New York City, NY 10001",January
148533,iPhone,1,700.0,2019-01-13 09:25:00,"837 Maple St, Atlanta, GA 30301",January
143243,iPhone,1,700.0,2019-01-10 19:02:00,"550 Cherry St, San Francisco, CA 94016",January
144530,iPhone,1,700.0,2019-01-07 11:19:00,"247 Main St, San Francisco, CA 94016",January
144762,iPhone,1,700.0,2019-01-12 19:28:00,"3 Park St, Boston, MA 02215",January
146086,iPhone,1,700.0,2019-01-13 08:06:00,"32 8th St, New York City, NY 10001",January
147602,iPhone,1,700.0,2019-01-25 21:13:00,"251 10th St, Atlanta, GA 30301",January
148498,iPhone,1,700.0,2019-01-19 11:16:00,"197 2nd St, Boston, MA 02215",January
148932,iPhone,1,700.0,2019-01-02 17:30:00,"669 Cherry St, San Francisco, CA 94016",January
143587,iPhone,1,700.0,2019-01-15 17:48:00,"21 West St, Seattle, WA 98101",January
145449,iPhone,1,700.0,2019-01-28 22:33:00,"774 Lincoln St, San Francisco, CA 94016",January
147150,iPhone,1,700.0,2019-01-13 12:46:00,"420 Lincoln St, San Francisco, CA 94016",January
149341,iPhone,1,700.0,2019-01-28 21:48:00,"660 Forest St, New York City, NY 10001",January
142421,iPhone,1,700.0,2019-01-06 14:23:00,"242 5th St, San Francisco, CA 94016",January
143383,iPhone,1,700.0,2019-01-27 21:23:00,"767 Johnson St, Dallas, TX 75001",January
144757,iPhone,1,700.0,2019-01-12 11:45:00,"712 Cherry St, New York City, NY 10001",January
143781,iPhone,1,700.0,2019-01-02 01:13:00,"792 Jefferson St, Portland, OR 97035",January
148317,iPhone,1,700.0,2019-01-10 21:45:00,"933 Forest St, San Francisco, CA 94016",January
141738,iPhone,1,700.0,2019-01-14 20:53:00,"183 Cherry St, Atlanta, GA 30301",January
144349,iPhone,1,700.0,2019-01-05 23:48:00,"398 Adams St, Atlanta, GA 30301",January
144704,iPhone,1,700.0,2019-01-26 11:23:00,"846 13th St, Boston, MA 02215",January
149900,iPhone,1,700.0,2019-01-03 09:56:00,"70 South St, Los Angeles, CA 90001",January
150231,iPhone,1,700.0,2019-01-29 17:20:00,"779 Center St, San Francisco, CA 94016",January
142085,iPhone,1,700.0,2019-01-26 18:52:00,"577 13th St, Los Angeles, CA 90001",January
145548,iPhone,1,700.0,2019-01-04 08:21:00,"695 2nd St, Austin, TX 73301",January
145400,iPhone,1,700.0,2019-01-14 10:44:00,"702 Spruce St, San Francisco, CA 94016",January
149902,iPhone,1,700.0,2019-01-22 16:52:00,"423 Lake St, New York City, NY 10001",January
149754,iPhone,1,700.0,2019-01-14 09:24:00,"304 Forest St, Austin, TX 73301",January
143067,iPhone,1,700.0,2019-01-20 09:23:00,"785 6th St, San Francisco, CA 94016",January
144044,iPhone,1,700.0,2019-01-30 21:04:00,"760 South St, Los Angeles, CA 90001",January
147287,iPhone,1,700.0,2019-01-06 13:32:00,"104 Jackson St, New York City, NY 10001",January
149345,iPhone,1,700.0,2019-01-11 12:43:00,"946 Elm St, Boston, MA 02215",January
149732,iPhone,1,700.0,2019-01-29 20:02:00,"48 2nd St, San Francisco, CA 94016",January
147645,iPhone,1,700.0,2019-01-30 22:55:00,"484 12th St, San Francisco, CA 94016",January
150057,iPhone,1,700.0,2019-01-26 14:58:00,"380 Highland St, Dallas, TX 75001",January
142973,iPhone,1,700.0,2019-01-04 15:21:00,"371 Church St, San Francisco, CA 94016",January
143410,iPhone,1,700.0,2019-01-02 11:13:00,"245 8th St, Portland, OR 97035",January
148861,iPhone,1,700.0,2019-01-20 00:52:00,"200 Cherry St, Los Angeles, CA 90001",January
149261,iPhone,1,700.0,2019-01-26 11:18:00,"954 Adams St, Austin, TX 73301",January
142449,iPhone,1,700.0,2019-01-26 14:27:00,"579 River St, Seattle, WA 98101",January
142914,iPhone,1,700.0,2019-01-01 12:35:00,"279 9th St, San Francisco, CA 94016",January
143849,iPhone,1,700.0,2019-01-08 09:50:00,"752 Dogwood St, New York City, NY 10001",January
144551,iPhone,1,700.0,2019-01-23 06:53:00,"135 Willow St, Boston, MA 02215",January
145900,iPhone,1,700.0,2019-01-21 15:19:00,"601 10th St, Atlanta, GA 30301",January
149066,iPhone,1,700.0,2019-01-04 11:09:00,"800 Willow St, San Francisco, CA 94016",January
150260,iPhone,1,700.0,2019-01-24 20:49:00,"305 14th St, Boston, MA 02215",January
154375,iPhone,1,700.0,2019-02-22 22:30:00,"733 Willow St, San Francisco, CA 94016",February
154906,iPhone,1,700.0,2019-02-14 14:01:00,"220 Hickory St, New York City, NY 10001",February
155536,iPhone,1,700.0,2019-02-26 23:06:00,"223 North St, Portland, OR 97035",February
160424,iPhone,1,700.0,2019-02-04 04:42:00,"402 4th St, Boston, MA 02215",February
156616,iPhone,1,700.0,2019-02-04 20:53:00,"650 12th St, Atlanta, GA 30301",February
160213,iPhone,1,700.0,2019-02-24 20:50:00,"857 2nd St, Dallas, TX 75001",February
160752,iPhone,1,700.0,2019-02-22 20:00:00,"737 Cherry St, Atlanta, GA 30301",February
153228,iPhone,1,700.0,2019-02-07 19:48:00,"753 2nd St, Portland, OR 97035",February
154984,iPhone,1,700.0,2019-02-05 16:45:00,"573 Lake St, Seattle, WA 98101",February
156202,iPhone,1,700.0,2019-02-20 15:33:00,"296 5th St, New York City, NY 10001",February
153076,iPhone,1,700.0,2019-02-07 11:16:00,"498 Washington St, San Francisco, CA 94016",February
156348,iPhone,1,700.0,2019-02-24 01:17:00,"284 14th St, San Francisco, CA 94016",February
150582,iPhone,1,700.0,2019-02-16 23:38:00,"678 Maple St, Seattle, WA 98101",February
155626,iPhone,1,700.0,2019-02-24 01:02:00,"288 12th St, Seattle, WA 98101",February
161900,iPhone,1,700.0,2019-02-02 00:24:00,"768 Meadow St, Atlanta, GA 30301",February
150750,iPhone,1,700.0,2019-02-05 17:18:00,"753 Washington St, New York City, NY 10001",February
155696,iPhone,1,700.0,2019-02-28 11:48:00,"340 1st St, Seattle, WA 98101",February
156037,iPhone,1,700.0,2019-02-24 21:28:00,"897 5th St, Atlanta, GA 30301",February
156088,iPhone,1,700.0,2019-02-22 13:35:00,"585 Walnut St, New York City, NY 10001",February
158599,iPhone,1,700.0,2019-02-09 11:19:00,"918 Sunset St, Boston, MA 02215",February
159756,iPhone,1,700.0,2019-02-05 18:04:00,"100 Maple St, Portland, OR 97035",February
155242,iPhone,1,700.0,2019-02-20 13:28:00,"603 Spruce St, Boston, MA 02215",February
156343,iPhone,1,700.0,2019-02-02 06:43:00,"480 Walnut St, New York City, NY 10001",February
159010,iPhone,1,700.0,2019-02-27 17:23:00,"459 Lakeview St, Austin, TX 73301",February
161975,iPhone,1,700.0,2019-02-27 21:31:00,"608 14th St, Los Angeles, CA 90001",February
152780,iPhone,1,700.0,2019-02-17 15:04:00,"879 Lincoln St, Boston, MA 02215",February
157627,iPhone,1,700.0,2019-02-07 19:12:00,"758 Maple St, Austin, TX 73301",February
157998,iPhone,1,700.0,2019-02-04 17:34:00,"569 Maple St, San Francisco, CA 94016",February
151080,iPhone,1,700.0,2019-02-17 20:17:00,"369 Adams St, San Francisco, CA 94016",February
151142,iPhone,1,700.0,2019-02-02 10:11:00,"116 Wilson St, Los Angeles, CA 90001",February
154143,iPhone,1,700.0,2019-02-07 05:35:00,"21 River St, Seattle, WA 98101",February
160270,iPhone,1,700.0,2019-02-12 00:04:00,"420 4th St, Los Angeles, CA 90001",February
155708,iPhone,1,700.0,2019-02-11 18:51:00,"157 1st St, San Francisco, CA 94016",February
156645,iPhone,1,700.0,2019-02-27 14:24:00,"679 Madison St, Dallas, TX 75001",February
158904,iPhone,1,700.0,2019-02-01 16:47:00,"990 Main St, Atlanta, GA 30301",February
160616,iPhone,1,700.0,2019-02-13 12:12:00,"712 Lakeview St, San Francisco, CA 94016",February
154876,iPhone,1,700.0,2019-02-24 15:03:00,"290 Cedar St, San Francisco, CA 94016",February
154362,iPhone,1,700.0,2019-02-06 20:22:00,"617 Center St, Los Angeles, CA 90001",February
156775,iPhone,1,700.0,2019-02-04 11:53:00,"278 Main St, Atlanta, GA 30301",February
156953,iPhone,1,700.0,2019-02-15 02:36:00,"409 Maple St, San Francisco, CA 94016",February
157399,iPhone,1,700.0,2019-02-12 09:58:00,"585 Walnut St, Seattle, WA 98101",February
159234,iPhone,1,700.0,2019-02-07 12:33:00,"943 Hill St, Boston, MA 02215",February
159994,iPhone,1,700.0,2019-02-06 21:27:00,"624 Lake St, Austin, TX 73301",February
152850,iPhone,1,700.0,2019-02-18 21:01:00,"983 West St, Atlanta, GA 30301",February
155560,iPhone,1,700.0,2019-02-03 08:56:00,"989 8th St, Los Angeles, CA 90001",February
157128,iPhone,1,700.0,2019-02-15 07:25:00,"758 Meadow St, New York City, NY 10001",February
157286,iPhone,1,700.0,2019-02-11 15:10:00,"263 Adams St, New York City, NY 10001",February
160340,iPhone,1,700.0,2019-02-07 17:47:00,"187 Jackson St, Boston, MA 02215",February
161009,iPhone,1,700.0,2019-02-06 18:32:00,"551 13th St, Los Angeles, CA 90001",February
151887,iPhone,1,700.0,2019-02-13 21:43:00,"262 River St, Dallas, TX 75001",February
160469,iPhone,1,700.0,2019-02-25 20:41:00,"985 Center St, Boston, MA 02215",February
161149,iPhone,1,700.0,2019-02-19 17:50:00,"228 Highland St, San Francisco, CA 94016",February
153500,iPhone,1,700.0,2019-02-18 16:03:00,"932 Main St, San Francisco, CA 94016",February
157425,iPhone,1,700.0,2019-02-05 13:25:00,"562 Johnson St, New York City, NY 10001",February
159474,iPhone,1,700.0,2019-02-13 20:30:00,"221 9th St, Los Angeles, CA 90001",February
152287,iPhone,1,700.0,2019-02-24 16:42:00,"845 Lake St, Dallas, TX 75001",February
155205,iPhone,1,700.0,2019-02-25 09:03:00,"693 Hill St, New York City, NY 10001",February
151277,iPhone,1,700.0,2019-02-02 19:27:00,"921 Pine St, San Francisco, CA 94016",February
151287,iPhone,1,700.0,2019-02-26 22:48:00,"108 10th St, Dallas, TX 75001",February
159195,iPhone,1,700.0,2019-02-25 19:04:00,"193 Walnut St, Los Angeles, CA 90001",February
155618,iPhone,1,700.0,2019-02-13 18:06:00,"363 Wilson St, Seattle, WA 98101",February
160873,iPhone,1,700.0,2019-02-10 10:24:00,"702 River St, San Francisco, CA 94016",February
155570,iPhone,1,700.0,2019-02-21 14:23:00,"801 1st St, Los Angeles, CA 90001",February
159269,iPhone,1,700.0,2019-02-08 18:05:00,"446 Lake St, San Francisco, CA 94016",February
161362,iPhone,1,700.0,2019-02-16 12:57:00,"235 River St, San Francisco, CA 94016",February
157115,iPhone,1,700.0,2019-02-14 18:46:00,"148 Jackson St, San Francisco, CA 94016",February
158573,iPhone,1,700.0,2019-02-20 11:41:00,"73 9th St, Los Angeles, CA 90001",February
152352,iPhone,1,700.0,2019-02-20 10:00:00,"825 13th St, New York City, NY 10001",February
153526,iPhone,1,700.0,2019-02-08 22:00:00,"13 Cedar St, Portland, OR 97035",February
155728,iPhone,1,700.0,2019-02-13 15:17:00,"206 Adams St, New York City, NY 10001",February
155770,iPhone,1,700.0,2019-02-14 20:02:00,"621 Pine St, San Francisco, CA 94016",February
150549,iPhone,1,700.0,2019-02-05 20:33:00,"522 West St, Boston, MA 02215",February
152778,iPhone,1,700.0,2019-02-19 20:13:00,"415 Willow St, San Francisco, CA 94016",February
152072,iPhone,1,700.0,2019-02-19 16:01:00,"978 Willow St, Los Angeles, CA 90001",February
155128,iPhone,1,700.0,2019-02-04 15:15:00,"274 Chestnut St, Los Angeles, CA 90001",February
161212,iPhone,1,700.0,2019-02-09 17:49:00,"60 Walnut St, Seattle, WA 98101",February
155926,iPhone,1,700.0,2019-02-20 23:01:00,"763 Adams St, San Francisco, CA 94016",February
157724,iPhone,1,700.0,2019-02-12 10:48:00,"483 Hill St, Los Angeles, CA 90001",February
152786,iPhone,1,700.0,2019-02-21 11:27:00,"79 Highland St, Austin, TX 73301",February
153900,iPhone,1,700.0,2019-02-21 20:36:00,"388 2nd St, San Francisco, CA 94016",February
156743,iPhone,1,700.0,2019-02-18 01:42:00,"76 Highland St, New York City, NY 10001",February
162955,iPhone,1,700.0,2019-03-01 17:56:00,"151 South St, Seattle, WA 98101",March
164348,iPhone,1,700.0,2019-03-02 09:27:00,"570 Johnson St, Dallas, TX 75001",March
168839,iPhone,1,700.0,2019-03-18 21:31:00,"810 Jefferson St, Austin, TX 73301",March
174443,iPhone,1,700.0,2019-03-06 17:53:00,"230 Wilson St, San Francisco, CA 94016",March
167897,iPhone,1,700.0,2019-03-29 00:09:00,"235 11th St, San Francisco, CA 94016",March
169956,iPhone,1,700.0,2019-03-28 23:16:00,"663 10th St, Atlanta, GA 30301",March
173582,iPhone,1,700.0,2019-03-02 22:26:00,"936 Meadow St, New York City, NY 10001",March
162533,iPhone,1,700.0,2019-03-12 19:48:00,"361 Ridge St, San Francisco, CA 94016",March
166770,iPhone,1,700.0,2019-03-04 20:17:00,"430 Chestnut St, Boston, MA 02215",March
172889,iPhone,1,700.0,2019-03-15 14:57:00,"10 Dogwood St, Seattle, WA 98101",March
164151,iPhone,1,700.0,2019-03-19 19:56:00,"718 South St, Atlanta, GA 30301",March
167023,iPhone,1,700.0,2019-03-17 21:02:00,"662 Ridge St, Los Angeles, CA 90001",March
167107,iPhone,1,700.0,2019-03-27 18:43:00,"493 1st St, San Francisco, CA 94016",March
167532,iPhone,1,700.0,2019-03-05 08:02:00,"952 Main St, San Francisco, CA 94016",March
167907,iPhone,1,700.0,2019-03-09 19:10:00,"543 7th St, Atlanta, GA 30301",March
169207,iPhone,1,700.0,2019-03-04 11:31:00,"572 13th St, New York City, NY 10001",March
173340,iPhone,1,700.0,2019-03-07 14:03:00,"780 Forest St, Boston, MA 02215",March
168927,iPhone,1,700.0,2019-03-25 21:12:00,"93 Spruce St, Atlanta, GA 30301",March
173373,iPhone,1,700.0,2019-03-06 17:24:00,"695 9th St, Los Angeles, CA 90001",March
166969,iPhone,1,700.0,2019-03-18 22:07:00,"919 Walnut St, Boston, MA 02215",March
162463,iPhone,1,700.0,2019-03-26 20:40:00,"883 7th St, Boston, MA 02215",March
168187,iPhone,1,700.0,2019-03-23 02:59:00,"396 Lake St, Portland, OR 97035",March
167294,iPhone,1,700.0,2019-03-04 01:01:00,"762 Maple St, San Francisco, CA 94016",March
173411,iPhone,1,700.0,2019-03-08 08:44:00,"399 Washington St, San Francisco, CA 94016",March
166778,iPhone,1,700.0,2019-03-18 11:26:00,"28 12th St, Portland, OR 97035",March
171806,iPhone,1,700.0,2019-03-06 11:29:00,"98 4th St, San Francisco, CA 94016",March
174770,iPhone,1,700.0,2019-03-29 18:47:00,"636 Johnson St, San Francisco, CA 94016",March
172665,iPhone,1,700.0,2019-03-25 11:12:00,"612 Park St, Boston, MA 02215",March
162554,iPhone,1,700.0,2019-03-29 15:30:00,"567 7th St, Seattle, WA 98101",March
172009,iPhone,1,700.0,2019-03-25 22:55:00,"956 River St, Dallas, TX 75001",March
172866,iPhone,1,700.0,2019-03-27 20:07:00,"765 9th St, Los Angeles, CA 90001",March
173234,iPhone,1,700.0,2019-03-27 12:50:00,"256 Church St, San Francisco, CA 94016",March
173602,iPhone,1,700.0,2019-03-09 11:13:00,"695 Wilson St, Atlanta, GA 30301",March
167275,iPhone,1,700.0,2019-03-30 14:32:00,"227 Sunset St, Seattle, WA 98101",March
170528,iPhone,1,700.0,2019-03-29 16:54:00,"148 Maple St, Austin, TX 73301",March
163743,iPhone,1,700.0,2019-03-31 11:35:00,"541 11th St, San Francisco, CA 94016",March
167680,iPhone,1,700.0,2019-03-27 10:39:00,"848 South St, Los Angeles, CA 90001",March
167833,iPhone,1,700.0,2019-03-11 12:59:00,"977 Pine St, Austin, TX 73301",March
169550,iPhone,1,700.0,2019-03-28 22:43:00,"843 Highland St, Boston, MA 02215",March
167014,iPhone,1,700.0,2019-03-09 22:04:00,"560 6th St, San Francisco, CA 94016",March
162782,iPhone,1,700.0,2019-03-31 13:13:00,"931 Jefferson St, Dallas, TX 75001",March
168925,iPhone,1,700.0,2019-03-17 11:53:00,"499 Lincoln St, Los Angeles, CA 90001",March
169578,iPhone,1,700.0,2019-03-08 15:25:00,"848 11th St, Boston, MA 02215",March
163415,iPhone,1,700.0,2019-03-10 23:24:00,"641 Meadow St, Atlanta, GA 30301",March
163441,iPhone,1,700.0,2019-03-08 17:26:00,"360 Ridge St, Atlanta, GA 30301",March
163652,iPhone,1,700.0,2019-03-31 06:28:00,"284 Lakeview St, San Francisco, CA 94016",March
174426,iPhone,1,700.0,2019-03-01 12:40:00,"497 Johnson St, Atlanta, GA 30301",March
174901,iPhone,1,700.0,2019-03-02 14:41:00,"689 12th St, San Francisco, CA 94016",March
175356,iPhone,1,700.0,2019-03-22 13:41:00,"117 Sunset St, Atlanta, GA 30301",March
163820,iPhone,1,700.0,2019-03-14 17:18:00,"578 Main St, Seattle, WA 98101",March
165158,iPhone,1,700.0,2019-03-11 11:58:00,"91 Sunset St, New York City, NY 10001",March
168255,iPhone,1,700.0,2019-03-23 12:47:00,"110 Highland St, Los Angeles, CA 90001",March
169192,iPhone,1,700.0,2019-03-28 09:38:00,"344 Washington St, Dallas, TX 75001",March
169287,iPhone,1,700.0,2019-03-15 16:40:00,"455 Center St, New York City, NY 10001",March
165812,iPhone,1,700.0,2019-03-30 19:18:00,"313 Jefferson St, Portland, OR 97035",March
167725,iPhone,1,700.0,2019-03-22 20:33:00,"597 Wilson St, Los Angeles, CA 90001",March
171054,iPhone,1,700.0,2019-03-13 13:34:00,"748 Jackson St, New York City, NY 10001",March
167746,iPhone,1,700.0,2019-03-06 15:54:00,"773 5th St, Portland, OR 97035",March
169144,iPhone,1,700.0,2019-03-18 08:00:00,"908 Main St, Portland, ME 04101",March
172205,iPhone,1,700.0,2019-03-20 19:07:00,"751 Lakeview St, Austin, TX 73301",March
166740,iPhone,1,700.0,2019-03-04 21:36:00,"399 Sunset St, San Francisco, CA 94016",March
174341,iPhone,1,700.0,2019-03-31 18:20:00,"124 Maple St, Los Angeles, CA 90001",March
170087,iPhone,1,700.0,2019-03-25 20:52:00,"22 5th St, Boston, MA 02215",March
165264,iPhone,1,700.0,2019-03-27 13:33:00,"926 Spruce St, Dallas, TX 75001",March
172362,iPhone,1,700.0,2019-03-20 19:46:00,"555 Elm St, Boston, MA 02215",March
162464,iPhone,1,700.0,2019-03-23 17:03:00,"45 West St, San Francisco, CA 94016",March
166302,iPhone,1,700.0,2019-03-25 07:34:00,"647 6th St, Seattle, WA 98101",March
167026,iPhone,1,700.0,2019-03-21 22:30:00,"217 Highland St, Boston, MA 02215",March
175015,iPhone,1,700.0,2019-03-12 16:56:00,"161 Lake St, San Francisco, CA 94016",March
165540,iPhone,1,700.0,2019-03-10 10:25:00,"880 Ridge St, Los Angeles, CA 90001",March
167818,iPhone,1,700.0,2019-03-30 10:22:00,"965 Meadow St, Austin, TX 73301",March
172912,iPhone,1,700.0,2019-03-06 07:43:00,"656 Main St, San Francisco, CA 94016",March
163414,iPhone,1,700.0,2019-03-11 16:13:00,"630 Lake St, Dallas, TX 75001",March
166942,iPhone,1,700.0,2019-03-01 19:56:00,"472 Adams St, San Francisco, CA 94016",March
167027,iPhone,1,700.0,2019-03-05 22:55:00,"108 Chestnut St, San Francisco, CA 94016",March
169266,iPhone,1,700.0,2019-03-10 19:58:00,"182 Chestnut St, Dallas, TX 75001",March
165768,iPhone,1,700.0,2019-03-17 12:49:00,"888 7th St, Austin, TX 73301",March
173999,iPhone,1,700.0,2019-03-04 13:56:00,"951 Meadow St, Austin, TX 73301",March
170069,iPhone,1,700.0,2019-03-17 11:09:00,"659 River St, Atlanta, GA 30301",March
168359,iPhone,1,700.0,2019-03-12 17:10:00,"520 Washington St, Atlanta, GA 30301",March
174473,iPhone,1,700.0,2019-03-09 17:31:00,"100 11th St, Austin, TX 73301",March
164174,iPhone,1,700.0,2019-03-27 22:16:00,"483 Cherry St, Dallas, TX 75001",March
164620,iPhone,1,700.0,2019-03-25 18:02:00,"841 2nd St, Dallas, TX 75001",March
166725,iPhone,1,700.0,2019-03-09 15:07:00,"907 13th St, Los Angeles, CA 90001",March
167358,iPhone,1,700.0,2019-03-19 09:35:00,"606 Maple St, New York City, NY 10001",March
173498,iPhone,1,700.0,2019-03-08 23:36:00,"411 Washington St, New York City, NY 10001",March
179999,iPhone,1,700.0,2019-04-26 19:19:00,"757 1st St, San Francisco, CA 94016",April
187848,iPhone,1,700.0,2019-04-03 16:49:00,"387 Maple St, Atlanta, GA 30301",April
187951,iPhone,1,700.0,2019-04-25 20:27:00,"83 Elm St, Atlanta, GA 30301",April
191335,iPhone,1,700.0,2019-04-08 12:58:00,"122 12th St, Seattle, WA 98101",April
193545,iPhone,1,700.0,2019-04-04 20:21:00,"670 North St, New York City, NY 10001",April
184981,iPhone,1,700.0,2019-04-29 11:56:00,"662 Washington St, New York City, NY 10001",April
186837,iPhone,1,700.0,2019-04-18 09:36:00,"453 Chestnut St, Austin, TX 73301",April
192131,iPhone,1,700.0,2019-04-20 14:47:00,"877 Meadow St, Boston, MA 02215",April
178238,iPhone,1,700.0,2019-04-23 22:09:00,"392 13th St, San Francisco, CA 94016",April
178670,iPhone,1,700.0,2019-04-20 19:04:00,"24 Lincoln St, Dallas, TX 75001",April
185425,iPhone,1,700.0,2019-04-11 19:58:00,"302 Meadow St, Seattle, WA 98101",April
188914,iPhone,1,700.0,2019-04-19 18:55:00,"327 Dogwood St, San Francisco, CA 94016",April
191107,iPhone,1,700.0,2019-04-16 10:37:00,"583 4th St, Atlanta, GA 30301",April
193643,iPhone,1,700.0,2019-04-04 09:04:00,"163 7th St, Atlanta, GA 30301",April
193787,iPhone,1,700.0,2019-04-27 08:15:00,"29 Willow St, Los Angeles, CA 90001",April
179696,iPhone,1,700.0,2019-04-20 18:41:00,"296 Lakeview St, Portland, OR 97035",April
180907,iPhone,1,700.0,2019-04-30 10:49:00,"138 8th St, Seattle, WA 98101",April
193372,iPhone,1,700.0,2019-04-02 12:13:00,"98 Chestnut St, Dallas, TX 75001",April
179883,iPhone,1,700.0,2019-04-04 15:53:00,"353 1st St, New York City, NY 10001",April
182719,iPhone,1,700.0,2019-04-16 23:51:00,"521 Dogwood St, San Francisco, CA 94016",April
188639,iPhone,1,700.0,2019-04-01 18:12:00,"631 Lake St, New York City, NY 10001",April
192435,iPhone,1,700.0,2019-04-18 20:21:00,"327 Jackson St, New York City, NY 10001",April
178885,iPhone,1,700.0,2019-04-28 19:16:00,"12 Hill St, San Francisco, CA 94016",April
186158,iPhone,1,700.0,2019-04-08 08:13:00,"344 Elm St, Boston, MA 02215",April
186468,iPhone,1,700.0,2019-04-08 13:57:00,"887 Willow St, Los Angeles, CA 90001",April
179998,iPhone,1,700.0,2019-04-01 21:17:00,"686 Pine St, New York City, NY 10001",April
183863,iPhone,1,700.0,2019-04-06 18:04:00,"117 14th St, New York City, NY 10001",April
184217,iPhone,1,700.0,2019-04-14 10:55:00,"756 Cedar St, Austin, TX 73301",April
194005,iPhone,1,700.0,2019-04-02 22:36:00,"76 Sunset St, San Francisco, CA 94016",April
182198,iPhone,1,700.0,2019-04-24 19:34:00,"443 North St, Boston, MA 02215",April
187750,iPhone,1,700.0,2019-04-10 18:34:00,"221 7th St, San Francisco, CA 94016",April
189134,iPhone,1,700.0,2019-04-15 15:42:00,"186 4th St, New York City, NY 10001",April
191545,iPhone,1,700.0,2019-04-22 03:45:00,"438 Willow St, Los Angeles, CA 90001",April
177592,iPhone,1,700.0,2019-04-19 11:10:00,"448 Maple St, San Francisco, CA 94016",April
179886,iPhone,1,700.0,2019-04-23 11:42:00,"927 Center St, Los Angeles, CA 90001",April
194056,iPhone,1,700.0,2019-04-10 10:05:00,"280 7th St, San Francisco, CA 94016",April
185526,iPhone,1,700.0,2019-04-25 18:32:00,"478 River St, Dallas, TX 75001",April
187828,iPhone,1,700.0,2019-04-23 19:20:00,"376 11th St, Atlanta, GA 30301",April
189413,iPhone,1,700.0,2019-04-30 12:41:00,"94 Meadow St, Austin, TX 73301",April
190138,iPhone,1,700.0,2019-04-20 22:10:00,"345 Park St, Austin, TX 73301",April
177676,iPhone,1,700.0,2019-04-27 14:33:00,"126 Forest St, Boston, MA 02215",April
186884,iPhone,1,700.0,2019-04-24 07:24:00,"874 Hill St, San Francisco, CA 94016",April
193057,iPhone,1,700.0,2019-04-29 23:09:00,"571 Center St, Los Angeles, CA 90001",April
181663,iPhone,1,700.0,2019-04-04 11:09:00,"828 North St, New York City, NY 10001",April
184498,iPhone,1,700.0,2019-04-19 06:51:00,"294 1st St, San Francisco, CA 94016",April
192356,iPhone,1,700.0,2019-04-16 09:21:00,"765 River St, Boston, MA 02215",April
178313,iPhone,1,700.0,2019-04-11 12:27:00,"686 4th St, Boston, MA 02215",April
184339,iPhone,1,700.0,2019-04-22 17:03:00,"185 Cherry St, Los Angeles, CA 90001",April
179898,iPhone,1,700.0,2019-04-30 09:08:00,"536 Adams St, New York City, NY 10001",April
184766,iPhone,1,700.0,2019-04-16 14:36:00,"349 12th St, Seattle, WA 98101",April
185160,iPhone,1,700.0,2019-04-17 22:11:00,"854 Hill St, New York City, NY 10001",April
185380,iPhone,1,700.0,2019-04-17 14:21:00,"842 Madison St, San Francisco, CA 94016",April
191768,iPhone,1,700.0,2019-04-16 11:36:00,"195 Ridge St, San Francisco, CA 94016",April
176982,iPhone,1,700.0,2019-04-14 13:53:00,"237 Lake St, Los Angeles, CA 90001",April
177135,iPhone,1,700.0,2019-04-25 06:18:00,"528 Ridge St, Los Angeles, CA 90001",April
186594,iPhone,1,700.0,2019-04-17 10:29:00,"200 Maple St, Boston, MA 02215",April
184331,iPhone,1,700.0,2019-04-14 09:43:00,"289 11th St, Atlanta, GA 30301",April
185173,iPhone,1,700.0,2019-04-17 20:32:00,"573 Cherry St, Boston, MA 02215",April
187108,iPhone,1,700.0,2019-04-28 01:43:00,"298 Wilson St, Atlanta, GA 30301",April
180091,iPhone,1,700.0,2019-04-28 20:03:00,"602 Main St, Los Angeles, CA 90001",April
184843,iPhone,1,700.0,2019-04-29 18:30:00,"415 2nd St, Los Angeles, CA 90001",April
185255,iPhone,1,700.0,2019-04-17 13:46:00,"636 Adams St, Los Angeles, CA 90001",April
189575,iPhone,1,700.0,2019-04-18 21:54:00,"937 13th St, Atlanta, GA 30301",April
191614,iPhone,1,700.0,2019-04-06 00:37:00,"689 Park St, Seattle, WA 98101",April
193092,iPhone,1,700.0,2019-04-15 20:33:00,"450 Lakeview St, San Francisco, CA 94016",April
181266,iPhone,1,700.0,2019-04-27 13:19:00,"624 Madison St, Boston, MA 02215",April
187215,iPhone,1,700.0,2019-04-01 22:34:00,"695 8th St, Boston, MA 02215",April
188409,iPhone,1,700.0,2019-04-01 19:54:00,"879 Cedar St, San Francisco, CA 94016",April
183911,iPhone,1,700.0,2019-04-03 16:50:00,"159 12th St, Atlanta, GA 30301",April
185483,iPhone,1,700.0,2019-04-16 15:27:00,"423 Forest St, New York City, NY 10001",April
191735,iPhone,1,700.0,2019-04-30 11:13:00,"607 Pine St, Boston, MA 02215",April
193451,iPhone,1,700.0,2019-04-13 18:59:00,"622 9th St, San Francisco, CA 94016",April
177506,iPhone,1,700.0,2019-04-02 07:46:00,"656 Pine St, Los Angeles, CA 90001",April
177977,iPhone,1,700.0,2019-04-03 19:49:00,"725 Pine St, San Francisco, CA 94016",April
184281,iPhone,1,700.0,2019-04-17 14:23:00,"345 Main St, Los Angeles, CA 90001",April
184435,iPhone,1,700.0,2019-04-10 08:06:00,"531 Park St, Portland, OR 97035",April
185751,iPhone,1,700.0,2019-04-25 12:18:00,"593 4th St, New York City, NY 10001",April
188859,iPhone,1,700.0,2019-04-22 11:13:00,"19 Pine St, Portland, OR 97035",April
179768,iPhone,1,700.0,2019-04-28 15:11:00,"892 River St, Los Angeles, CA 90001",April
180666,iPhone,1,700.0,2019-04-19 18:01:00,"652 Sunset St, Los Angeles, CA 90001",April
180788,iPhone,1,700.0,2019-04-15 16:53:00,"418 2nd St, New York City, NY 10001",April
182250,iPhone,1,700.0,2019-04-16 16:14:00,"178 Center St, Portland, OR 97035",April
183270,iPhone,1,700.0,2019-04-02 09:03:00,"80 Cedar St, New York City, NY 10001",April
186419,iPhone,1,700.0,2019-04-17 17:15:00,"944 Sunset St, Dallas, TX 75001",April
186787,iPhone,1,700.0,2019-04-12 20:05:00,"888 Meadow St, San Francisco, CA 94016",April
191154,iPhone,1,700.0,2019-04-22 18:04:00,"459 South St, Dallas, TX 75001",April
191903,iPhone,1,700.0,2019-04-15 14:10:00,"702 8th St, Los Angeles, CA 90001",April
193927,iPhone,1,700.0,2019-04-09 21:10:00,"680 North St, San Francisco, CA 94016",April
179000,iPhone,1,700.0,2019-04-23 22:23:00,"181 Cedar St, San Francisco, CA 94016",April
180642,iPhone,1,700.0,2019-04-02 20:36:00,"376 Lincoln St, Boston, MA 02215",April
181647,iPhone,1,700.0,2019-04-09 22:31:00,"524 8th St, New York City, NY 10001",April
182902,iPhone,1,700.0,2019-04-09 11:18:00,"744 Sunset St, San Francisco, CA 94016",April
187888,iPhone,1,700.0,2019-04-30 19:20:00,"387 12th St, San Francisco, CA 94016",April
193698,iPhone,1,700.0,2019-04-01 11:30:00,"310 Madison St, San Francisco, CA 94016",April
180532,iPhone,1,700.0,2019-04-18 11:31:00,"865 River St, Los Angeles, CA 90001",April
181103,iPhone,1,700.0,2019-04-21 14:53:00,"630 Walnut St, Los Angeles, CA 90001",April
187577,iPhone,1,700.0,2019-04-10 19:20:00,"727 13th St, San Francisco, CA 94016",April
191990,iPhone,1,700.0,2019-04-23 18:00:00,"688 Wilson St, San Francisco, CA 94016",April
193766,iPhone,1,700.0,2019-04-20 15:23:00,"435 Washington St, Los Angeles, CA 90001",April
180641,iPhone,1,700.0,2019-04-02 22:44:00,"803 Center St, Atlanta, GA 30301",April
191080,iPhone,1,700.0,2019-04-17 09:24:00,"510 Lake St, San Francisco, CA 94016",April
176798,iPhone,1,700.0,2019-04-06 10:31:00,"445 Jefferson St, Atlanta, GA 30301",April
187405,iPhone,1,700.0,2019-04-11 07:33:00,"95 12th St, Portland, OR 97035",April
187145,iPhone,1,700.0,2019-04-24 21:50:00,"166 West St, Atlanta, GA 30301",April
192189,iPhone,1,700.0,2019-04-18 22:06:00,"402 Jefferson St, New York City, NY 10001",April
182391,iPhone,1,700.0,2019-04-02 15:43:00,"389 Church St, Atlanta, GA 30301",April
190637,iPhone,1,700.0,2019-04-14 19:46:00,"931 Adams St, San Francisco, CA 94016",April
179983,iPhone,1,700.0,2019-04-12 11:38:00,"203 River St, Los Angeles, CA 90001",April
183034,iPhone,1,700.0,2019-04-16 20:52:00,"127 Pine St, Boston, MA 02215",April
183613,iPhone,1,700.0,2019-04-14 21:16:00,"329 Sunset St, Los Angeles, CA 90001",April
191443,iPhone,1,700.0,2019-04-04 14:05:00,"323 14th St, Austin, TX 73301",April
180535,iPhone,1,700.0,2019-04-27 21:51:00,"42 Lakeview St, Austin, TX 73301",April
194205,iPhone,1,700.0,2019-05-26 20:35:00,"920 Madison St, San Francisco, CA 94016",May
208629,iPhone,1,700.0,2019-05-13 17:07:00,"770 Lincoln St, Los Angeles, CA 90001",May
208993,iPhone,1,700.0,2019-05-10 14:00:00,"292 Forest St, Dallas, TX 75001",May
201965,iPhone,1,700.0,2019-05-11 15:21:00,"380 South St, New York City, NY 10001",May
202611,iPhone,1,700.0,2019-05-16 14:10:00,"836 Park St, Dallas, TX 75001",May
205617,iPhone,1,700.0,2019-05-30 15:35:00,"154 Hill St, Boston, MA 02215",May
208688,iPhone,1,700.0,2019-05-03 13:16:00,"92 Elm St, San Francisco, CA 94016",May
194253,iPhone,1,700.0,2019-05-07 09:42:00,"108 Adams St, Austin, TX 73301",May
202481,iPhone,1,700.0,2019-05-10 14:42:00,"479 Jackson St, Seattle, WA 98101",May
207899,iPhone,1,700.0,2019-05-25 18:19:00,"253 Dogwood St, San Francisco, CA 94016",May
196783,iPhone,1,700.0,2019-05-02 08:33:00,"279 Lakeview St, San Francisco, CA 94016",May
197862,iPhone,1,700.0,2019-05-11 12:32:00,"416 5th St, Boston, MA 02215",May
198085,iPhone,1,700.0,2019-05-02 19:05:00,"422 11th St, San Francisco, CA 94016",May
200443,iPhone,1,700.0,2019-05-04 20:48:00,"468 12th St, Boston, MA 02215",May
194315,iPhone,1,700.0,2019-05-16 00:50:00,"2 Center St, Austin, TX 73301",May
197493,iPhone,1,700.0,2019-05-06 10:13:00,"239 South St, San Francisco, CA 94016",May
198273,iPhone,1,700.0,2019-05-14 13:46:00,"598 11th St, Los Angeles, CA 90001",May
202314,iPhone,1,700.0,2019-05-27 23:14:00,"979 Wilson St, Dallas, TX 75001",May
203131,iPhone,1,700.0,2019-05-28 16:38:00,"511 Willow St, New York City, NY 10001",May
204582,iPhone,1,700.0,2019-05-26 20:58:00,"499 Sunset St, Dallas, TX 75001",May
206097,iPhone,1,700.0,2019-05-05 10:00:00,"638 Cedar St, San Francisco, CA 94016",May
207097,iPhone,1,700.0,2019-05-13 20:11:00,"215 South St, Seattle, WA 98101",May
195660,iPhone,1,700.0,2019-05-20 09:17:00,"67 10th St, New York City, NY 10001",May
202469,iPhone,1,700.0,2019-05-18 19:37:00,"218 Park St, Dallas, TX 75001",May
207794,iPhone,1,700.0,2019-05-06 19:19:00,"760 Cedar St, San Francisco, CA 94016",May
196136,iPhone,1,700.0,2019-05-23 20:50:00,"748 1st St, Los Angeles, CA 90001",May
196629,iPhone,1,700.0,2019-05-24 17:19:00,"569 4th St, San Francisco, CA 94016",May
199505,iPhone,1,700.0,2019-05-28 00:37:00,"826 Lake St, San Francisco, CA 94016",May
200795,iPhone,1,700.0,2019-05-28 11:23:00,"149 1st St, Dallas, TX 75001",May
202529,iPhone,1,700.0,2019-05-05 11:32:00,"986 7th St, San Francisco, CA 94016",May
203747,iPhone,1,700.0,2019-05-20 12:02:00,"926 Washington St, San Francisco, CA 94016",May
204469,iPhone,1,700.0,2019-05-10 12:16:00,"166 Meadow St, Boston, MA 02215",May
194153,iPhone,1,700.0,2019-05-12 11:11:00,"274 Sunset St, New York City, NY 10001",May
198610,iPhone,1,700.0,2019-05-17 20:11:00,"151 7th St, New York City, NY 10001",May
199180,iPhone,1,700.0,2019-05-08 01:14:00,"786 Elm St, New York City, NY 10001",May
198075,iPhone,1,700.0,2019-05-13 18:45:00,"747 Walnut St, Dallas, TX 75001",May
198160,iPhone,1,700.0,2019-05-03 12:57:00,"352 Lincoln St, San Francisco, CA 94016",May
198791,iPhone,1,700.0,2019-05-26 17:58:00,"27 Meadow St, New York City, NY 10001",May
202276,iPhone,1,700.0,2019-05-05 19:43:00,"135 Pine St, San Francisco, CA 94016",May
202882,iPhone,1,700.0,2019-05-03 16:22:00,"694 South St, New York City, NY 10001",May
206529,iPhone,1,700.0,2019-05-23 15:45:00,"203 4th St, Atlanta, GA 30301",May
195317,iPhone,1,700.0,2019-05-10 16:03:00,"845 Willow St, Atlanta, GA 30301",May
195487,iPhone,1,700.0,2019-05-24 05:50:00,"256 Highland St, San Francisco, CA 94016",May
196210,iPhone,1,700.0,2019-05-07 18:45:00,"634 6th St, Los Angeles, CA 90001",May
208525,iPhone,1,700.0,2019-05-01 19:41:00,"944 13th St, San Francisco, CA 94016",May
208142,iPhone,1,700.0,2019-05-12 11:36:00,"792 Meadow St, Los Angeles, CA 90001",May
204770,iPhone,1,700.0,2019-05-04 11:58:00,"546 Hickory St, Boston, MA 02215",May
194377,iPhone,1,700.0,2019-05-27 19:21:00,"565 Wilson St, San Francisco, CA 94016",May
197288,iPhone,1,700.0,2019-05-03 08:52:00,"182 Forest St, Seattle, WA 98101",May
197906,iPhone,1,700.0,2019-05-18 23:46:00,"24 Madison St, Seattle, WA 98101",May
198399,iPhone,1,700.0,2019-05-14 14:23:00,"174 11th St, Los Angeles, CA 90001",May
200440,iPhone,1,700.0,2019-05-24 17:15:00,"178 1st St, New York City, NY 10001",May
200493,iPhone,1,700.0,2019-05-08 11:45:00,"587 West St, Atlanta, GA 30301",May
203544,iPhone,1,700.0,2019-05-07 02:03:00,"175 Wilson St, Atlanta, GA 30301",May
206577,iPhone,1,700.0,2019-05-26 19:54:00,"579 Park St, Boston, MA 02215",May
195406,iPhone,1,700.0,2019-05-09 12:12:00,"202 Church St, Los Angeles, CA 90001",May
198677,iPhone,1,700.0,2019-05-27 10:20:00,"23 8th St, San Francisco, CA 94016",May
207273,iPhone,1,700.0,2019-05-12 20:01:00,"192 Elm St, Austin, TX 73301",May
197575,iPhone,1,700.0,2019-05-26 21:44:00,"515 6th St, Seattle, WA 98101",May
203201,iPhone,1,700.0,2019-05-17 16:26:00,"936 Lincoln St, San Francisco, CA 94016",May
201698,iPhone,1,700.0,2019-05-07 12:33:00,"814 Washington St, San Francisco, CA 94016",May
202073,iPhone,1,700.0,2019-05-27 19:38:00,"491 13th St, Austin, TX 73301",May
194909,iPhone,1,700.0,2019-05-14 18:17:00,"261 Lakeview St, New York City, NY 10001",May
203084,iPhone,1,700.0,2019-05-17 23:53:00,"49 8th St, Los Angeles, CA 90001",May
203437,iPhone,1,700.0,2019-05-01 18:21:00,"443 Lake St, San Francisco, CA 94016",May
206508,iPhone,1,700.0,2019-05-08 22:41:00,"288 Hill St, Boston, MA 02215",May
206938,iPhone,1,700.0,2019-05-24 18:10:00,"26 Chestnut St, San Francisco, CA 94016",May
194303,iPhone,1,700.0,2019-05-07 19:31:00,"596 West St, New York City, NY 10001",May
194654,iPhone,1,700.0,2019-05-05 02:28:00,"314 Jackson St, Los Angeles, CA 90001",May
201310,iPhone,1,700.0,2019-05-26 08:30:00,"89 Wilson St, Boston, MA 02215",May
208531,iPhone,1,700.0,2019-05-13 22:07:00,"669 Willow St, Boston, MA 02215",May
199688,iPhone,1,700.0,2019-05-06 21:24:00,"59 7th St, Boston, MA 02215",May
197181,iPhone,1,700.0,2019-05-23 23:03:00,"210 Ridge St, San Francisco, CA 94016",May
204170,iPhone,1,700.0,2019-05-20 17:27:00,"432 Elm St, San Francisco, CA 94016",May
206905,iPhone,1,700.0,2019-05-02 13:54:00,"458 Lakeview St, New York City, NY 10001",May
194320,iPhone,1,700.0,2019-05-17 05:53:00,"180 Adams St, New York City, NY 10001",May
196228,iPhone,1,700.0,2019-05-19 09:02:00,"370 13th St, New York City, NY 10001",May
200033,iPhone,1,700.0,2019-05-11 23:03:00,"796 Hill St, Portland, OR 97035",May
203591,iPhone,1,700.0,2019-05-17 13:38:00,"332 Park St, Portland, OR 97035",May
205291,iPhone,1,700.0,2019-05-19 11:34:00,"870 10th St, San Francisco, CA 94016",May
208248,iPhone,1,700.0,2019-05-14 13:53:00,"862 Dogwood St, San Francisco, CA 94016",May
195405,iPhone,1,700.0,2019-05-28 15:25:00,"869 Dogwood St, Atlanta, GA 30301",May
197052,iPhone,1,700.0,2019-05-11 18:52:00,"380 13th St, Los Angeles, CA 90001",May
197243,iPhone,1,700.0,2019-05-27 13:46:00,"803 6th St, Atlanta, GA 30301",May
200889,iPhone,1,700.0,2019-05-22 18:53:00,"999 Spruce St, San Francisco, CA 94016",May
209078,iPhone,1,700.0,2019-05-03 17:57:00,"787 Meadow St, San Francisco, CA 94016",May
205439,iPhone,1,700.0,2019-05-24 21:23:00,"491 Lincoln St, Portland, ME 04101",May
206010,iPhone,1,700.0,2019-05-22 16:57:00,"390 7th St, New York City, NY 10001",May
198300,iPhone,1,700.0,2019-05-13 13:54:00,"671 Cedar St, San Francisco, CA 94016",May
200472,iPhone,1,700.0,2019-05-10 20:05:00,"283 Washington St, Los Angeles, CA 90001",May
202149,iPhone,1,700.0,2019-05-19 19:29:00,"798 13th St, San Francisco, CA 94016",May
203202,iPhone,1,700.0,2019-05-07 15:34:00,"820 Washington St, Los Angeles, CA 90001",May
204138,iPhone,1,700.0,2019-05-07 14:06:00,"40 5th St, Los Angeles, CA 90001",May
205444,iPhone,1,700.0,2019-05-17 01:05:00,"431 11th St, Austin, TX 73301",May
207245,iPhone,1,700.0,2019-05-24 21:11:00,"582 Lake St, Boston, MA 02215",May
209389,iPhone,1,700.0,2019-05-18 11:45:00,"448 1st St, San Francisco, CA 94016",May
198162,iPhone,1,700.0,2019-05-27 01:03:00,"356 7th St, San Francisco, CA 94016",May
202003,iPhone,1,700.0,2019-05-10 16:27:00,"815 Willow St, Atlanta, GA 30301",May
203945,iPhone,1,700.0,2019-05-11 09:48:00,"739 2nd St, Atlanta, GA 30301",May
206605,iPhone,1,700.0,2019-05-15 11:44:00,"469 Pine St, Portland, OR 97035",May
211992,iPhone,1,700.0,2019-06-01 10:06:00,"885 Willow St, Los Angeles, CA 90001",June
215551,iPhone,1,700.0,2019-06-03 20:25:00,"728 West St, Los Angeles, CA 90001",June
216082,iPhone,1,700.0,2019-06-29 17:00:00,"689 Washington St, Dallas, TX 75001",June
218652,iPhone,1,700.0,2019-06-16 09:22:00,"591 5th St, San Francisco, CA 94016",June
211164,iPhone,1,700.0,2019-06-20 11:29:00,"815 West St, Los Angeles, CA 90001",June
212252,iPhone,1,700.0,2019-06-22 20:54:00,"814 Ridge St, New York City, NY 10001",June
215265,iPhone,1,700.0,2019-06-30 11:47:00,"416 Willow St, Boston, MA 02215",June
216860,iPhone,1,700.0,2019-06-05 11:07:00,"487 Ridge St, Boston, MA 02215",June
220231,iPhone,1,700.0,2019-06-11 14:09:00,"66 Cherry St, Austin, TX 73301",June
221252,iPhone,1,700.0,2019-06-03 19:46:00,"990 4th St, Seattle, WA 98101",June
212693,iPhone,1,700.0,2019-06-18 23:56:00,"603 West St, Seattle, WA 98101",June
218245,iPhone,1,700.0,2019-06-11 01:17:00,"703 12th St, Dallas, TX 75001",June
219041,iPhone,1,700.0,2019-06-19 16:24:00,"540 12th St, San Francisco, CA 94016",June
211846,iPhone,1,700.0,2019-06-30 09:42:00,"260 West St, San Francisco, CA 94016",June
211944,iPhone,1,700.0,2019-06-02 21:17:00,"541 1st St, New York City, NY 10001",June
218086,iPhone,1,700.0,2019-06-14 15:53:00,"477 River St, Boston, MA 02215",June
213426,iPhone,1,700.0,2019-06-21 17:39:00,"644 7th St, Portland, OR 97035",June
217362,iPhone,1,700.0,2019-06-23 10:37:00,"652 Chestnut St, San Francisco, CA 94016",June
216417,iPhone,1,700.0,2019-06-21 20:02:00,"563 Maple St, Dallas, TX 75001",June
218238,iPhone,1,700.0,2019-06-06 11:38:00,"235 Lincoln St, Boston, MA 02215",June
221957,iPhone,1,700.0,2019-06-04 11:07:00,"440 Church St, Dallas, TX 75001",June
213320,iPhone,1,700.0,2019-06-10 13:55:00,"998 8th St, New York City, NY 10001",June
214388,iPhone,1,700.0,2019-06-17 13:01:00,"232 5th St, Portland, OR 97035",June
210066,iPhone,1,700.0,2019-06-07 12:07:00,"691 Cherry St, Dallas, TX 75001",June
211913,iPhone,1,700.0,2019-06-25 13:57:00,"538 Ridge St, San Francisco, CA 94016",June
211945,iPhone,1,700.0,2019-06-23 18:20:00,"978 Meadow St, Boston, MA 02215",June
212484,iPhone,1,700.0,2019-06-14 16:02:00,"812 14th St, Los Angeles, CA 90001",June
210374,iPhone,1,700.0,2019-06-22 19:56:00,"691 Dogwood St, New York City, NY 10001",June
210405,iPhone,1,700.0,2019-06-16 21:14:00,"805 6th St, New York City, NY 10001",June
213268,iPhone,1,700.0,2019-06-21 20:13:00,"307 South St, Atlanta, GA 30301",June
219596,iPhone,1,700.0,2019-06-10 14:57:00,"205 River St, New York City, NY 10001",June
219053,iPhone,1,700.0,2019-06-23 07:56:00,"644 Willow St, Portland, OR 97035",June
221168,iPhone,1,700.0,2019-06-03 00:28:00,"865 7th St, Los Angeles, CA 90001",June
221282,iPhone,1,700.0,2019-06-13 13:39:00,"486 Spruce St, Boston, MA 02215",June
221996,iPhone,1,700.0,2019-06-20 20:00:00,"217 Meadow St, Dallas, TX 75001",June
222859,iPhone,1,700.0,2019-06-04 19:38:00,"512 13th St, Atlanta, GA 30301",June
210887,iPhone,1,700.0,2019-06-15 12:59:00,"511 Meadow St, Atlanta, GA 30301",June
211638,iPhone,1,700.0,2019-06-07 05:47:00,"358 4th St, Los Angeles, CA 90001",June
214702,iPhone,1,700.0,2019-06-16 17:46:00,"175 Park St, Dallas, TX 75001",June
219239,iPhone,1,700.0,2019-06-27 13:44:00,"31 Willow St, Los Angeles, CA 90001",June
217639,iPhone,1,700.0,2019-06-21 12:19:00,"213 Dogwood St, San Francisco, CA 94016",June
221517,iPhone,1,700.0,2019-06-20 00:18:00,"876 South St, New York City, NY 10001",June
210827,iPhone,1,700.0,2019-06-04 09:43:00,"408 7th St, San Francisco, CA 94016",June
213274,iPhone,1,700.0,2019-06-21 23:59:00,"434 Lake St, Los Angeles, CA 90001",June
218002,iPhone,1,700.0,2019-06-28 09:45:00,"332 Jackson St, New York City, NY 10001",June
217423,iPhone,1,700.0,2019-06-03 01:08:00,"148 Dogwood St, Los Angeles, CA 90001",June
218740,iPhone,1,700.0,2019-06-11 14:19:00,"336 Willow St, Dallas, TX 75001",June
216903,iPhone,1,700.0,2019-06-02 18:37:00,"38 12th St, San Francisco, CA 94016",June
218546,iPhone,1,700.0,2019-06-06 14:44:00,"642 Maple St, Boston, MA 02215",June
220790,iPhone,1,700.0,2019-06-14 10:42:00,"953 8th St, San Francisco, CA 94016",June
222316,iPhone,1,700.0,2019-06-25 08:38:00,"456 5th St, Atlanta, GA 30301",June
210953,iPhone,1,700.0,2019-06-10 16:28:00,"402 Cherry St, San Francisco, CA 94016",June
212544,iPhone,1,700.0,2019-06-19 19:53:00,"983 Johnson St, San Francisco, CA 94016",June
214349,iPhone,1,700.0,2019-06-21 23:49:00,"758 Lake St, Seattle, WA 98101",June
217760,iPhone,1,700.0,2019-06-23 14:17:00,"45 14th St, Atlanta, GA 30301",June
220718,iPhone,1,700.0,2019-06-25 10:11:00,"187 8th St, New York City, NY 10001",June
212752,iPhone,1,700.0,2019-06-06 07:01:00,"748 2nd St, Boston, MA 02215",June
213966,iPhone,1,700.0,2019-06-11 00:38:00,"742 10th St, Austin, TX 73301",June
209981,iPhone,1,700.0,2019-06-05 19:25:00,"898 14th St, Los Angeles, CA 90001",June
210926,iPhone,1,700.0,2019-06-25 22:23:00,"105 4th St, Atlanta, GA 30301",June
211044,iPhone,1,700.0,2019-06-02 09:17:00,"71 Wilson St, Boston, MA 02215",June
216189,iPhone,1,700.0,2019-06-05 22:16:00,"911 Highland St, Los Angeles, CA 90001",June
218649,iPhone,1,700.0,2019-06-28 21:40:00,"684 Chestnut St, Dallas, TX 75001",June
219587,iPhone,1,700.0,2019-06-10 21:10:00,"258 Adams St, Dallas, TX 75001",June
222207,iPhone,1,700.0,2019-06-22 14:35:00,"859 Meadow St, Austin, TX 73301",June
212505,iPhone,1,700.0,2019-06-26 08:37:00,"786 Madison St, San Francisco, CA 94016",June
217986,iPhone,1,700.0,2019-06-25 22:33:00,"428 Ridge St, Portland, OR 97035",June
218109,iPhone,1,700.0,2019-06-25 12:25:00,"382 Madison St, Boston, MA 02215",June
214852,iPhone,1,700.0,2019-06-17 11:01:00,"660 Hickory St, Seattle, WA 98101",June
218774,iPhone,1,700.0,2019-06-10 11:19:00,"533 9th St, Dallas, TX 75001",June
221743,iPhone,1,700.0,2019-06-29 14:45:00,"886 Willow St, Boston, MA 02215",June
222774,iPhone,1,700.0,2019-06-17 19:56:00,"788 Madison St, Boston, MA 02215",June
220681,iPhone,1,700.0,2019-06-25 11:22:00,"70 Hickory St, New York City, NY 10001",June
221398,iPhone,1,700.0,2019-06-28 08:39:00,"691 Forest St, San Francisco, CA 94016",June
211124,iPhone,1,700.0,2019-06-30 18:41:00,"814 5th St, San Francisco, CA 94016",June
215907,iPhone,1,700.0,2019-06-09 19:24:00,"134 Park St, New York City, NY 10001",June
216634,iPhone,1,700.0,2019-06-26 15:24:00,"584 Lincoln St, New York City, NY 10001",June
219102,iPhone,1,700.0,2019-06-24 07:03:00,"470 Willow St, Seattle, WA 98101",June
220155,iPhone,1,700.0,2019-06-27 22:35:00,"163 Washington St, San Francisco, CA 94016",June
217681,iPhone,1,700.0,2019-06-22 11:18:00,"241 Elm St, Seattle, WA 98101",June
219214,iPhone,1,700.0,2019-06-22 18:19:00,"959 Johnson St, Seattle, WA 98101",June
219525,iPhone,1,700.0,2019-06-22 19:57:00,"598 10th St, San Francisco, CA 94016",June
209961,iPhone,1,700.0,2019-06-01 23:00:00,"482 South St, Austin, TX 73301",June
210510,iPhone,1,700.0,2019-06-12 12:01:00,"543 Willow St, Dallas, TX 75001",June
219840,iPhone,1,700.0,2019-06-15 11:07:00,"69 Chestnut St, Dallas, TX 75001",June
222562,iPhone,1,700.0,2019-06-07 17:38:00,"374 Dogwood St, Atlanta, GA 30301",June
215481,iPhone,1,700.0,2019-06-02 12:11:00,"672 Cherry St, Atlanta, GA 30301",June
219455,iPhone,1,700.0,2019-06-12 21:01:00,"814 Madison St, Seattle, WA 98101",June
221961,iPhone,1,700.0,2019-06-01 11:21:00,"51 Hill St, Atlanta, GA 30301",June
211472,iPhone,1,700.0,2019-06-11 21:37:00,"826 Jackson St, New York City, NY 10001",June
214726,iPhone,1,700.0,2019-06-19 08:17:00,"503 Sunset St, New York City, NY 10001",June
217461,iPhone,1,700.0,2019-06-01 12:14:00,"592 1st St, Los Angeles, CA 90001",June
217543,iPhone,1,700.0,2019-06-22 12:23:00,"666 Hill St, Atlanta, GA 30301",June
222291,iPhone,1,700.0,2019-06-14 10:31:00,"848 7th St, San Francisco, CA 94016",June
210732,iPhone,1,700.0,2019-06-08 10:24:00,"484 Forest St, Dallas, TX 75001",June
212941,iPhone,1,700.0,2019-06-02 17:25:00,"943 Ridge St, New York City, NY 10001",June
214834,iPhone,1,700.0,2019-06-26 13:52:00,"282 Park St, Boston, MA 02215",June
216173,iPhone,1,700.0,2019-06-13 17:03:00,"340 Willow St, Seattle, WA 98101",June
217088,iPhone,1,700.0,2019-06-12 21:06:00,"187 Wilson St, San Francisco, CA 94016",June
218848,iPhone,1,700.0,2019-06-23 20:40:00,"755 Jackson St, Los Angeles, CA 90001",June
218896,iPhone,1,700.0,2019-06-19 18:07:00,"595 Johnson St, San Francisco, CA 94016",June
228834,iPhone,1,700.0,2019-07-31 12:54:00,"896 6th St, Atlanta, GA 30301",July
232796,iPhone,1,700.0,2019-07-05 15:19:00,"629 Lincoln St, Portland, ME 04101",July
227049,iPhone,1,700.0,2019-07-07 22:26:00,"203 13th St, Portland, OR 97035",July
224642,iPhone,1,700.0,2019-07-13 00:38:00,"508 Sunset St, Boston, MA 02215",July
236418,iPhone,1,700.0,2019-07-02 18:42:00,"911 Forest St, San Francisco, CA 94016",July
223828,iPhone,1,700.0,2019-07-06 08:45:00,"565 Center St, Portland, OR 97035",July
227192,iPhone,1,700.0,2019-07-12 16:32:00,"124 Adams St, Atlanta, GA 30301",July
230005,iPhone,1,700.0,2019-07-30 17:00:00,"543 11th St, Los Angeles, CA 90001",July
231212,iPhone,1,700.0,2019-07-22 12:24:00,"30 10th St, New York City, NY 10001",July
228459,iPhone,1,700.0,2019-07-19 09:32:00,"128 Highland St, Atlanta, GA 30301",July
230335,iPhone,1,700.0,2019-07-03 20:19:00,"164 Main St, New York City, NY 10001",July
230732,iPhone,1,700.0,2019-07-08 16:55:00,"385 Ridge St, Dallas, TX 75001",July
227267,iPhone,1,700.0,2019-07-20 17:26:00,"653 8th St, Los Angeles, CA 90001",July
225273,iPhone,1,700.0,2019-07-30 19:47:00,"332 Meadow St, New York City, NY 10001",July
228852,iPhone,1,700.0,2019-07-22 13:06:00,"694 12th St, Los Angeles, CA 90001",July
229786,iPhone,1,700.0,2019-07-18 10:50:00,"905 Lakeview St, New York City, NY 10001",July
230197,iPhone,1,700.0,2019-07-05 22:42:00,"856 Lake St, Portland, ME 04101",July
233385,iPhone,1,700.0,2019-07-21 20:54:00,"918 4th St, Boston, MA 02215",July
223746,iPhone,1,700.0,2019-07-18 12:46:00,"242 Church St, New York City, NY 10001",July
226675,iPhone,1,700.0,2019-07-09 01:09:00,"398 9th St, Los Angeles, CA 90001",July
227158,iPhone,1,700.0,2019-07-11 22:20:00,"261 Spruce St, San Francisco, CA 94016",July
227863,iPhone,1,700.0,2019-07-16 09:33:00,"163 Willow St, San Francisco, CA 94016",July
228593,iPhone,1,700.0,2019-07-04 08:07:00,"203 Lake St, Boston, MA 02215",July
231241,iPhone,1,700.0,2019-07-10 10:43:00,"53 Lake St, San Francisco, CA 94016",July
230217,iPhone,1,700.0,2019-07-24 22:35:00,"579 Hickory St, Dallas, TX 75001",July
234461,iPhone,1,700.0,2019-07-31 19:34:00,"130 Center St, Seattle, WA 98101",July
224000,iPhone,1,700.0,2019-07-30 17:58:00,"639 Johnson St, Austin, TX 73301",July
227860,iPhone,1,700.0,2019-07-08 18:36:00,"643 Hill St, Boston, MA 02215",July
234022,iPhone,1,700.0,2019-07-06 20:56:00,"674 West St, San Francisco, CA 94016",July
236012,iPhone,1,700.0,2019-07-03 20:29:00,"76 7th St, Dallas, TX 75001",July
226901,iPhone,1,700.0,2019-07-31 19:12:00,"284 Forest St, San Francisco, CA 94016",July
229082,iPhone,1,700.0,2019-07-02 01:15:00,"431 14th St, New York City, NY 10001",July
236048,iPhone,1,700.0,2019-07-31 21:08:00,"89 Main St, San Francisco, CA 94016",July
230058,iPhone,1,700.0,2019-07-13 08:54:00,"439 Jefferson St, Seattle, WA 98101",July
235669,iPhone,1,700.0,2019-07-29 15:39:00,"594 North St, Austin, TX 73301",July
236348,iPhone,1,700.0,2019-07-15 22:04:00,"730 13th St, Boston, MA 02215",July
233579,iPhone,1,700.0,2019-07-01 10:20:00,"173 Meadow St, Portland, OR 97035",July
227951,iPhone,1,700.0,2019-07-04 11:37:00,"143 Lake St, Austin, TX 73301",July
233429,iPhone,1,700.0,2019-07-01 10:45:00,"493 4th St, Los Angeles, CA 90001",July
233670,iPhone,1,700.0,2019-07-22 23:30:00,"331 Washington St, Boston, MA 02215",July
231256,iPhone,1,700.0,2019-07-06 11:50:00,"129 Jackson St, Los Angeles, CA 90001",July
231877,iPhone,1,700.0,2019-07-02 14:12:00,"322 Dogwood St, Seattle, WA 98101",July
233280,iPhone,1,700.0,2019-07-25 15:54:00,"137 Cherry St, Portland, OR 97035",July
223107,iPhone,1,700.0,2019-07-25 13:40:00,"470 Chestnut St, San Francisco, CA 94016",July
230255,iPhone,1,700.0,2019-07-02 14:33:00,"85 Lake St, New York City, NY 10001",July
224223,iPhone,1,700.0,2019-07-27 14:36:00,"341 Willow St, Dallas, TX 75001",July
226031,iPhone,1,700.0,2019-07-05 09:34:00,"548 Sunset St, Boston, MA 02215",July
223813,iPhone,1,700.0,2019-07-05 20:15:00,"690 8th St, Los Angeles, CA 90001",July
224946,iPhone,1,700.0,2019-07-17 16:51:00,"74 Lincoln St, Austin, TX 73301",July
231173,iPhone,1,700.0,2019-07-26 19:14:00,"273 Jefferson St, New York City, NY 10001",July
235100,iPhone,1,700.0,2019-07-27 13:38:00,"423 4th St, San Francisco, CA 94016",July
223307,iPhone,1,700.0,2019-07-22 21:58:00,"685 7th St, San Francisco, CA 94016",July
223884,iPhone,1,700.0,2019-07-12 09:46:00,"451 Jackson St, Boston, MA 02215",July
224507,iPhone,1,700.0,2019-07-05 20:59:00,"971 Meadow St, Portland, OR 97035",July
230337,iPhone,1,700.0,2019-07-18 22:10:00,"866 9th St, Portland, OR 97035",July
231361,iPhone,1,700.0,2019-07-06 23:02:00,"534 13th St, Los Angeles, CA 90001",July
231652,iPhone,1,700.0,2019-07-03 14:07:00,"729 13th St, San Francisco, CA 94016",July
231807,iPhone,1,700.0,2019-07-26 19:38:00,"817 Adams St, Los Angeles, CA 90001",July
234765,iPhone,1,700.0,2019-07-18 19:08:00,"452 Park St, Atlanta, GA 30301",July
235168,iPhone,1,700.0,2019-07-28 09:28:00,"631 Lake St, New York City, NY 10001",July
223830,iPhone,1,700.0,2019-07-10 19:55:00,"881 Willow St, Los Angeles, CA 90001",July
232752,iPhone,1,700.0,2019-07-01 19:28:00,"810 Highland St, Portland, ME 04101",July
228118,iPhone,1,700.0,2019-07-11 18:49:00,"742 West St, Portland, OR 97035",July
230801,iPhone,1,700.0,2019-07-04 10:44:00,"551 14th St, Seattle, WA 98101",July
234474,iPhone,1,700.0,2019-07-25 11:53:00,"285 Cedar St, San Francisco, CA 94016",July
233746,iPhone,1,700.0,2019-07-07 16:11:00,"526 Spruce St, San Francisco, CA 94016",July
229627,iPhone,1,700.0,2019-07-01 17:27:00,"149 River St, Boston, MA 02215",July
228054,iPhone,1,700.0,2019-07-17 14:24:00,"957 Willow St, New York City, NY 10001",July
232942,iPhone,1,700.0,2019-07-30 16:46:00,"745 Washington St, Portland, OR 97035",July
226176,iPhone,1,700.0,2019-07-14 13:50:00,"556 Ridge St, Los Angeles, CA 90001",July
234573,iPhone,1,700.0,2019-07-26 11:05:00,"830 11th St, Austin, TX 73301",July
235173,iPhone,1,700.0,2019-07-22 20:35:00,"800 Hill St, Austin, TX 73301",July
235184,iPhone,1,700.0,2019-07-31 18:58:00,"806 2nd St, Seattle, WA 98101",July
224282,iPhone,1,700.0,2019-07-06 10:23:00,"396 9th St, Dallas, TX 75001",July
235925,iPhone,1,700.0,2019-07-16 10:53:00,"605 Madison St, Los Angeles, CA 90001",July
224384,iPhone,1,700.0,2019-07-17 16:28:00,"659 Cedar St, Los Angeles, CA 90001",July
231956,iPhone,1,700.0,2019-07-12 13:28:00,"133 13th St, Boston, MA 02215",July
233088,iPhone,1,700.0,2019-07-03 21:39:00,"145 Washington St, San Francisco, CA 94016",July
233386,iPhone,1,700.0,2019-07-27 09:02:00,"925 Park St, Austin, TX 73301",July
226803,iPhone,1,700.0,2019-07-31 13:17:00,"26 Walnut St, Atlanta, GA 30301",July
228093,iPhone,1,700.0,2019-07-21 15:07:00,"359 Hickory St, San Francisco, CA 94016",July
235695,iPhone,1,700.0,2019-07-08 12:09:00,"227 Elm St, Dallas, TX 75001",July
240118,iPhone,1,700.0,2019-08-15 19:13:00,"559 Dogwood St, Austin, TX 73301",August
241329,iPhone,1,700.0,2019-08-07 00:54:00,"442 West St, Los Angeles, CA 90001",August
237172,iPhone,1,700.0,2019-08-31 20:37:00,"265 Hickory St, Portland, OR 97035",August
238042,iPhone,1,700.0,2019-08-20 13:49:00,"18 Jackson St, Dallas, TX 75001",August
240146,iPhone,1,700.0,2019-08-06 18:44:00,"641 1st St, Los Angeles, CA 90001",August
247567,iPhone,1,700.0,2019-08-31 22:52:00,"329 12th St, New York City, NY 10001",August
237679,iPhone,1,700.0,2019-08-30 00:21:00,"621 Johnson St, New York City, NY 10001",August
238741,iPhone,1,700.0,2019-08-10 12:47:00,"487 9th St, San Francisco, CA 94016",August
239074,iPhone,1,700.0,2019-08-12 23:23:00,"788 Madison St, Los Angeles, CA 90001",August
244803,iPhone,1,700.0,2019-08-05 20:55:00,"342 Ridge St, Portland, OR 97035",August
246298,iPhone,1,700.0,2019-08-03 17:24:00,"212 12th St, Boston, MA 02215",August
238273,iPhone,1,700.0,2019-08-13 11:00:00,"865 Spruce St, San Francisco, CA 94016",August
238773,iPhone,1,700.0,2019-08-01 17:54:00,"417 Spruce St, New York City, NY 10001",August
241965,iPhone,1,700.0,2019-08-06 13:08:00,"374 11th St, Portland, OR 97035",August
243184,iPhone,1,700.0,2019-08-17 13:37:00,"191 Forest St, Portland, OR 97035",August
242231,iPhone,1,700.0,2019-08-30 22:08:00,"190 Madison St, San Francisco, CA 94016",August
239927,iPhone,1,700.0,2019-08-09 20:35:00,"88 Maple St, Los Angeles, CA 90001",August
246918,iPhone,1,700.0,2019-08-26 19:34:00,"567 Dogwood St, New York City, NY 10001",August
239669,iPhone,1,700.0,2019-08-03 20:17:00,"551 Cherry St, Los Angeles, CA 90001",August
242383,iPhone,1,700.0,2019-08-24 15:50:00,"773 Hickory St, New York City, NY 10001",August
246943,iPhone,1,700.0,2019-08-01 17:37:00,"337 Lincoln St, Los Angeles, CA 90001",August
240224,iPhone,1,700.0,2019-08-28 10:13:00,"155 10th St, Boston, MA 02215",August
247533,iPhone,1,700.0,2019-08-25 08:45:00,"374 9th St, San Francisco, CA 94016",August
243312,iPhone,1,700.0,2019-08-08 20:50:00,"756 Johnson St, Austin, TX 73301",August
239753,iPhone,1,700.0,2019-08-31 12:59:00,"110 Walnut St, Boston, MA 02215",August
244023,iPhone,1,700.0,2019-08-10 00:19:00,"199 9th St, New York City, NY 10001",August
244989,iPhone,1,700.0,2019-08-16 19:20:00,"749 Center St, Portland, ME 04101",August
247694,iPhone,1,700.0,2019-08-11 16:12:00,"262 12th St, New York City, NY 10001",August
248087,iPhone,1,700.0,2019-08-20 14:33:00,"813 13th St, Los Angeles, CA 90001",August
246534,iPhone,1,700.0,2019-08-21 01:44:00,"733 Cherry St, Boston, MA 02215",August
236709,iPhone,1,700.0,2019-08-04 09:00:00,"869 Jackson St, San Francisco, CA 94016",August
241638,iPhone,1,700.0,2019-08-21 17:13:00,"743 Elm St, New York City, NY 10001",August
237858,iPhone,1,700.0,2019-08-27 13:33:00,"426 Spruce St, Portland, OR 97035",August
239543,iPhone,1,700.0,2019-08-11 15:37:00,"801 13th St, Dallas, TX 75001",August
240198,iPhone,1,700.0,2019-08-14 23:21:00,"661 Madison St, New York City, NY 10001",August
240667,iPhone,1,700.0,2019-08-30 21:54:00,"773 Spruce St, Austin, TX 73301",August
237111,iPhone,1,700.0,2019-08-31 00:33:00,"89 Church St, San Francisco, CA 94016",August
243294,iPhone,1,700.0,2019-08-02 17:47:00,"845 North St, New York City, NY 10001",August
244815,iPhone,1,700.0,2019-08-06 08:52:00,"87 Madison St, San Francisco, CA 94016",August
238876,iPhone,1,700.0,2019-08-03 16:18:00,"797 Ridge St, Dallas, TX 75001",August
247788,iPhone,1,700.0,2019-08-03 11:36:00,"582 Center St, Dallas, TX 75001",August
238441,iPhone,1,700.0,2019-08-25 23:16:00,"95 Hill St, New York City, NY 10001",August
245383,iPhone,1,700.0,2019-08-09 12:21:00,"283 Church St, Boston, MA 02215",August
236767,iPhone,1,700.0,2019-08-09 13:51:00,"41 Adams St, Dallas, TX 75001",August
237975,iPhone,1,700.0,2019-08-20 09:02:00,"890 Center St, Austin, TX 73301",August
239987,iPhone,1,700.0,2019-08-09 20:50:00,"996 Lincoln St, Austin, TX 73301",August
241256,iPhone,1,700.0,2019-08-10 10:12:00,"249 Meadow St, Boston, MA 02215",August
242192,iPhone,1,700.0,2019-08-29 15:41:00,"769 Walnut St, Los Angeles, CA 90001",August
239420,iPhone,1,700.0,2019-08-18 14:35:00,"845 10th St, Boston, MA 02215",August
239672,iPhone,1,700.0,2019-08-25 11:53:00,"857 Center St, Los Angeles, CA 90001",August
247597,iPhone,1,700.0,2019-08-10 20:27:00,"926 Walnut St, Boston, MA 02215",August
240067,iPhone,1,700.0,2019-08-15 15:10:00,"707 Lakeview St, Dallas, TX 75001",August
246293,iPhone,1,700.0,2019-08-10 13:44:00,"709 Cherry St, New York City, NY 10001",August
246970,iPhone,1,700.0,2019-08-06 09:23:00,"835 Walnut St, San Francisco, CA 94016",August
247356,iPhone,1,700.0,2019-08-17 19:34:00,"382 Lake St, Atlanta, GA 30301",August
240781,iPhone,1,700.0,2019-08-19 22:26:00,"576 Sunset St, Portland, OR 97035",August
237218,iPhone,1,700.0,2019-08-07 15:45:00,"492 Spruce St, San Francisco, CA 94016",August
241626,iPhone,1,700.0,2019-08-19 22:25:00,"711 Washington St, San Francisco, CA 94016",August
238733,iPhone,1,700.0,2019-08-03 21:56:00,"509 Jackson St, Boston, MA 02215",August
240485,iPhone,1,700.0,2019-08-02 21:10:00,"255 9th St, San Francisco, CA 94016",August
245431,iPhone,1,700.0,2019-08-26 17:01:00,"947 Cedar St, Los Angeles, CA 90001",August
245602,iPhone,1,700.0,2019-08-14 11:50:00,"584 Lake St, New York City, NY 10001",August
237416,iPhone,1,700.0,2019-08-18 16:30:00,"176 6th St, San Francisco, CA 94016",August
247403,iPhone,1,700.0,2019-08-07 09:03:00,"987 South St, San Francisco, CA 94016",August
239739,iPhone,1,700.0,2019-08-07 15:47:00,"786 Jackson St, Los Angeles, CA 90001",August
238394,iPhone,1,700.0,2019-08-27 07:31:00,"154 2nd St, Boston, MA 02215",August
239510,iPhone,1,700.0,2019-08-22 13:53:00,"434 1st St, San Francisco, CA 94016",August
240754,iPhone,1,700.0,2019-08-28 13:51:00,"788 Adams St, Dallas, TX 75001",August
253410,iPhone,1,700.0,2019-09-21 19:16:00,"713 Hill St, San Francisco, CA 94016",September
256842,iPhone,1,700.0,2019-09-20 11:17:00,"994 Wilson St, San Francisco, CA 94016",September
252695,iPhone,1,700.0,2019-09-13 09:51:00,"446 Willow St, Boston, MA 02215",September
249555,iPhone,1,700.0,2019-09-17 14:33:00,"376 5th St, Austin, TX 73301",September
251750,iPhone,1,700.0,2019-09-28 15:49:00,"235 Elm St, New York City, NY 10001",September
252308,iPhone,1,700.0,2019-09-17 11:31:00,"870 8th St, San Francisco, CA 94016",September
248250,iPhone,1,700.0,2019-09-05 18:09:00,"374 Ridge St, Seattle, WA 98101",September
250805,iPhone,1,700.0,2019-09-20 20:59:00,"851 Hill St, San Francisco, CA 94016",September
250820,iPhone,1,700.0,2019-09-16 23:15:00,"753 Dogwood St, Portland, OR 97035",September
255052,iPhone,1,700.0,2019-09-05 21:47:00,"746 7th St, Atlanta, GA 30301",September
250117,iPhone,1,700.0,2019-09-23 07:54:00,"525 6th St, Dallas, TX 75001",September
249840,iPhone,1,700.0,2019-09-20 17:40:00,"108 12th St, New York City, NY 10001",September
257520,iPhone,1,700.0,2019-09-07 01:39:00,"179 Wilson St, Boston, MA 02215",September
250169,iPhone,1,700.0,2019-09-12 19:52:00,"528 Chestnut St, Boston, MA 02215",September
252348,iPhone,1,700.0,2019-09-21 19:26:00,"964 Center St, Boston, MA 02215",September
253398,iPhone,1,700.0,2019-09-20 10:05:00,"808 Maple St, Boston, MA 02215",September
249333,iPhone,1,700.0,2019-09-15 12:06:00,"282 Ridge St, Seattle, WA 98101",September
253270,iPhone,1,700.0,2019-09-06 13:39:00,"439 9th St, Atlanta, GA 30301",September
255908,iPhone,1,700.0,2019-09-14 17:09:00,"507 Madison St, Portland, OR 97035",September
255986,iPhone,1,700.0,2019-09-04 21:16:00,"6 South St, Los Angeles, CA 90001",September
256922,iPhone,1,700.0,2019-09-29 18:02:00,"600 North St, New York City, NY 10001",September
251938,iPhone,1,700.0,2019-09-17 22:20:00,"43 7th St, San Francisco, CA 94016",September
250479,iPhone,1,700.0,2019-09-19 10:05:00,"77 Elm St, New York City, NY 10001",September
258566,iPhone,1,700.0,2019-09-11 21:35:00,"868 Jackson St, Austin, TX 73301",September
253879,iPhone,1,700.0,2019-09-16 14:09:00,"487 Spruce St, San Francisco, CA 94016",September
248616,iPhone,1,700.0,2019-09-08 14:35:00,"870 Washington St, San Francisco, CA 94016",September
255199,iPhone,1,700.0,2019-09-15 13:43:00,"133 Wilson St, San Francisco, CA 94016",September
257881,iPhone,1,700.0,2019-09-18 20:53:00,"24 Ridge St, Boston, MA 02215",September
259355,iPhone,1,700.0,2019-09-23 07:39:00,"220 12th St, San Francisco, CA 94016",September
254600,iPhone,1,700.0,2019-09-13 05:33:00,"1 11th St, San Francisco, CA 94016",September
253514,iPhone,1,700.0,2019-09-03 09:04:00,"882 Main St, San Francisco, CA 94016",September
248407,iPhone,1,700.0,2019-09-22 15:10:00,"18 Park St, Seattle, WA 98101",September
252844,iPhone,1,700.0,2019-09-21 20:48:00,"522 Highland St, New York City, NY 10001",September
250549,iPhone,1,700.0,2019-09-11 08:44:00,"836 11th St, Seattle, WA 98101",September
255261,iPhone,1,700.0,2019-09-05 09:11:00,"488 Center St, San Francisco, CA 94016",September
257250,iPhone,1,700.0,2019-09-12 14:34:00,"157 10th St, Austin, TX 73301",September
256866,iPhone,1,700.0,2019-09-23 10:18:00,"606 Sunset St, San Francisco, CA 94016",September
249006,iPhone,1,700.0,2019-09-13 19:15:00,"451 Sunset St, New York City, NY 10001",September
252333,iPhone,1,700.0,2019-09-11 19:42:00,"96 Spruce St, Boston, MA 02215",September
249273,iPhone,1,700.0,2019-09-30 11:51:00,"230 Johnson St, New York City, NY 10001",September
249361,iPhone,1,700.0,2019-09-20 09:48:00,"294 12th St, Los Angeles, CA 90001",September
256167,iPhone,1,700.0,2019-09-21 15:17:00,"669 Elm St, San Francisco, CA 94016",September
268262,iPhone,1,700.0,2019-10-15 22:49:00,"910 Highland St, Atlanta, GA 30301",October
266870,iPhone,1,700.0,2019-10-03 10:16:00,"320 Madison St, Portland, ME 04101",October
271603,iPhone,1,700.0,2019-10-23 01:26:00,"960 2nd St, Los Angeles, CA 90001",October
259975,iPhone,1,700.0,2019-10-22 10:23:00,"861 Elm St, New York City, NY 10001",October
263344,iPhone,1,700.0,2019-10-24 20:54:00,"622 Center St, Portland, OR 97035",October
266305,iPhone,1,700.0,2019-10-12 11:40:00,"80 Highland St, Portland, OR 97035",October
270431,iPhone,1,700.0,2019-10-06 09:07:00,"369 9th St, New York City, NY 10001",October
272572,iPhone,1,700.0,2019-10-27 20:40:00,"885 11th St, Los Angeles, CA 90001",October
275642,iPhone,1,700.0,2019-10-24 10:39:00,"324 Madison St, San Francisco, CA 94016",October
275865,iPhone,1,700.0,2019-10-01 22:07:00,"476 11th St, Atlanta, GA 30301",October
278130,iPhone,1,700.0,2019-10-27 11:35:00,"465 7th St, Boston, MA 02215",October
278315,iPhone,1,700.0,2019-10-04 06:12:00,"945 11th St, Atlanta, GA 30301",October
268436,iPhone,1,700.0,2019-10-31 18:47:00,"516 Lakeview St, Los Angeles, CA 90001",October
268699,iPhone,1,700.0,2019-10-13 09:02:00,"468 South St, Seattle, WA 98101",October
271998,iPhone,1,700.0,2019-10-27 20:41:00,"395 Maple St, Portland, OR 97035",October
260094,iPhone,1,700.0,2019-10-10 12:08:00,"202 Maple St, San Francisco, CA 94016",October
260882,iPhone,1,700.0,2019-10-06 20:49:00,"386 Johnson St, New York City, NY 10001",October
264839,iPhone,1,700.0,2019-10-09 13:33:00,"133 North St, San Francisco, CA 94016",October
269464,iPhone,1,700.0,2019-10-14 21:19:00,"129 14th St, Austin, TX 73301",October
271996,iPhone,1,700.0,2019-10-16 10:00:00,"17 Meadow St, New York City, NY 10001",October
272454,iPhone,1,700.0,2019-10-01 16:48:00,"845 Maple St, Austin, TX 73301",October
275102,iPhone,1,700.0,2019-10-25 08:03:00,"294 Main St, Boston, MA 02215",October
259636,iPhone,1,700.0,2019-10-26 15:57:00,"489 Madison St, Los Angeles, CA 90001",October
269371,iPhone,1,700.0,2019-10-25 17:14:00,"248 North St, San Francisco, CA 94016",October
270337,iPhone,1,700.0,2019-10-07 11:29:00,"623 10th St, Boston, MA 02215",October
276862,iPhone,1,700.0,2019-10-03 19:21:00,"870 South St, Atlanta, GA 30301",October
263831,iPhone,1,700.0,2019-10-03 11:41:00,"966 4th St, San Francisco, CA 94016",October
264282,iPhone,1,700.0,2019-10-07 13:26:00,"88 South St, Austin, TX 73301",October
270745,iPhone,1,700.0,2019-10-12 16:01:00,"260 Adams St, San Francisco, CA 94016",October
271189,iPhone,1,700.0,2019-10-21 12:34:00,"706 13th St, San Francisco, CA 94016",October
271825,iPhone,1,700.0,2019-10-01 20:49:00,"588 5th St, New York City, NY 10001",October
278126,iPhone,1,700.0,2019-10-02 17:13:00,"227 Cedar St, San Francisco, CA 94016",October
261301,iPhone,1,700.0,2019-10-18 20:54:00,"625 Willow St, Los Angeles, CA 90001",October
270857,iPhone,1,700.0,2019-10-01 12:38:00,"449 Center St, Dallas, TX 75001",October
278429,iPhone,1,700.0,2019-10-19 10:04:00,"148 14th St, Los Angeles, CA 90001",October
278659,iPhone,1,700.0,2019-10-21 22:46:00,"915 Willow St, Seattle, WA 98101",October
259995,iPhone,1,700.0,2019-10-27 09:47:00,"683 Cedar St, New York City, NY 10001",October
275456,iPhone,1,700.0,2019-10-27 20:01:00,"796 14th St, Los Angeles, CA 90001",October
277795,iPhone,1,700.0,2019-10-03 16:52:00,"526 9th St, San Francisco, CA 94016",October
263691,iPhone,1,700.0,2019-10-18 12:04:00,"320 Willow St, Atlanta, GA 30301",October
265607,iPhone,1,700.0,2019-10-27 16:11:00,"83 Cedar St, Boston, MA 02215",October
272639,iPhone,1,700.0,2019-10-17 00:41:00,"642 2nd St, Boston, MA 02215",October
274728,iPhone,1,700.0,2019-10-25 12:36:00,"345 5th St, Los Angeles, CA 90001",October
259984,iPhone,1,700.0,2019-10-12 09:44:00,"291 Madison St, Portland, OR 97035",October
265740,iPhone,1,700.0,2019-10-01 10:16:00,"224 Walnut St, Los Angeles, CA 90001",October
269392,iPhone,1,700.0,2019-10-19 20:21:00,"354 Highland St, Dallas, TX 75001",October
274551,iPhone,1,700.0,2019-10-25 19:39:00,"174 Hill St, Los Angeles, CA 90001",October
263601,iPhone,1,700.0,2019-10-28 22:23:00,"908 Pine St, Portland, OR 97035",October
265983,iPhone,1,700.0,2019-10-12 12:57:00,"588 River St, San Francisco, CA 94016",October
277879,iPhone,1,700.0,2019-10-23 06:06:00,"402 Spruce St, San Francisco, CA 94016",October
260511,iPhone,1,700.0,2019-10-24 13:48:00,"224 7th St, Atlanta, GA 30301",October
264053,iPhone,1,700.0,2019-10-14 22:43:00,"945 Jackson St, Portland, OR 97035",October
277668,iPhone,1,700.0,2019-10-22 07:59:00,"346 Jefferson St, New York City, NY 10001",October
260887,iPhone,1,700.0,2019-10-24 22:29:00,"349 11th St, Los Angeles, CA 90001",October
262707,iPhone,1,700.0,2019-10-16 12:33:00,"494 4th St, Los Angeles, CA 90001",October
265112,iPhone,1,700.0,2019-10-23 11:07:00,"598 Willow St, Portland, OR 97035",October
268538,iPhone,1,700.0,2019-10-19 10:23:00,"233 Church St, Atlanta, GA 30301",October
263189,iPhone,1,700.0,2019-10-25 13:01:00,"268 6th St, San Francisco, CA 94016",October
270160,iPhone,1,700.0,2019-10-21 11:54:00,"860 Jackson St, Austin, TX 73301",October
274054,iPhone,1,700.0,2019-10-22 17:35:00,"949 6th St, San Francisco, CA 94016",October
278220,iPhone,1,700.0,2019-10-15 12:43:00,"487 Madison St, Atlanta, GA 30301",October
264734,iPhone,1,700.0,2019-10-10 20:34:00,"955 9th St, Seattle, WA 98101",October
267143,iPhone,1,700.0,2019-10-27 17:04:00,"939 Madison St, Los Angeles, CA 90001",October
269887,iPhone,1,700.0,2019-10-17 12:59:00,"302 West St, Atlanta, GA 30301",October
270900,iPhone,1,700.0,2019-10-24 20:56:00,"594 5th St, New York City, NY 10001",October
271909,iPhone,1,700.0,2019-10-27 09:25:00,"862 6th St, Boston, MA 02215",October
273693,iPhone,1,700.0,2019-10-17 16:16:00,"998 Washington St, Boston, MA 02215",October
277888,iPhone,1,700.0,2019-10-30 22:26:00,"166 Church St, Boston, MA 02215",October
267367,iPhone,1,700.0,2019-10-24 10:00:00,"114 South St, Los Angeles, CA 90001",October
259867,iPhone,1,700.0,2019-10-26 11:37:00,"844 Willow St, Los Angeles, CA 90001",October
276822,iPhone,1,700.0,2019-10-13 21:14:00,"532 South St, San Francisco, CA 94016",October
261063,iPhone,1,700.0,2019-10-03 14:20:00,"455 Pine St, Atlanta, GA 30301",October
271409,iPhone,1,700.0,2019-10-29 12:16:00,"420 1st St, San Francisco, CA 94016",October
261400,iPhone,1,700.0,2019-10-11 14:36:00,"336 Highland St, San Francisco, CA 94016",October
263712,iPhone,1,700.0,2019-10-06 15:05:00,"610 5th St, New York City, NY 10001",October
278480,iPhone,1,700.0,2019-10-14 19:44:00,"269 South St, New York City, NY 10001",October
270169,iPhone,1,700.0,2019-10-17 15:37:00,"22 Maple St, Boston, MA 02215",October
272470,iPhone,1,700.0,2019-10-05 19:39:00,"175 Lake St, New York City, NY 10001",October
275170,iPhone,1,700.0,2019-10-30 21:58:00,"96 Pine St, San Francisco, CA 94016",October
264919,iPhone,1,700.0,2019-10-27 10:13:00,"458 South St, New York City, NY 10001",October
265234,iPhone,1,700.0,2019-10-08 21:27:00,"767 Willow St, New York City, NY 10001",October
275421,iPhone,1,700.0,2019-10-02 11:36:00,"815 10th St, New York City, NY 10001",October
276740,iPhone,1,700.0,2019-10-28 17:12:00,"692 Lincoln St, New York City, NY 10001",October
265614,iPhone,1,700.0,2019-10-10 16:11:00,"246 Johnson St, New York City, NY 10001",October
274861,iPhone,1,700.0,2019-10-18 14:37:00,"876 North St, Seattle, WA 98101",October
263311,iPhone,1,700.0,2019-10-18 18:39:00,"814 14th St, San Francisco, CA 94016",October
276022,iPhone,1,700.0,2019-10-06 10:18:00,"470 1st St, Seattle, WA 98101",October
276437,iPhone,1,700.0,2019-10-17 11:50:00,"429 14th St, Los Angeles, CA 90001",October
268770,iPhone,1,700.0,2019-10-12 12:59:00,"833 Jefferson St, Portland, OR 97035",October
272872,iPhone,1,700.0,2019-10-08 20:11:00,"800 Willow St, San Francisco, CA 94016",October
273250,iPhone,1,700.0,2019-10-12 21:15:00,"453 Cedar St, San Francisco, CA 94016",October
277875,iPhone,1,700.0,2019-10-01 19:47:00,"529 10th St, Los Angeles, CA 90001",October
266506,iPhone,1,700.0,2019-10-20 09:15:00,"899 Wilson St, Boston, MA 02215",October
267481,iPhone,1,700.0,2019-10-29 12:43:00,"586 6th St, Austin, TX 73301",October
261359,iPhone,1,700.0,2019-10-27 08:36:00,"180 Church St, Los Angeles, CA 90001",October
269586,iPhone,1,700.0,2019-10-14 18:50:00,"334 11th St, Seattle, WA 98101",October
267128,iPhone,1,700.0,2019-10-23 01:56:00,"318 Ridge St, Dallas, TX 75001",October
272011,iPhone,1,700.0,2019-10-05 01:20:00,"240 Ridge St, Atlanta, GA 30301",October
273079,iPhone,1,700.0,2019-10-04 19:19:00,"840 11th St, Los Angeles, CA 90001",October
273599,iPhone,1,700.0,2019-10-31 21:37:00,"357 Pine St, Boston, MA 02215",October
260346,iPhone,1,700.0,2019-10-30 21:28:00,"328 Meadow St, Boston, MA 02215",October
262124,iPhone,1,700.0,2019-10-25 15:25:00,"439 Cedar St, Los Angeles, CA 90001",October
262620,iPhone,1,700.0,2019-10-31 22:22:00,"826 Sunset St, New York City, NY 10001",October
268341,iPhone,1,700.0,2019-10-24 21:37:00,"891 Jefferson St, Boston, MA 02215",October
262007,iPhone,1,700.0,2019-10-13 19:51:00,"575 7th St, San Francisco, CA 94016",October
268030,iPhone,1,700.0,2019-10-21 19:11:00,"701 Hill St, Los Angeles, CA 90001",October
269832,iPhone,1,700.0,2019-10-10 22:04:00,"936 Main St, Dallas, TX 75001",October
262722,iPhone,1,700.0,2019-10-03 14:31:00,"850 Walnut St, Austin, TX 73301",October
273299,iPhone,1,700.0,2019-10-27 11:32:00,"362 Jefferson St, San Francisco, CA 94016",October
265448,iPhone,1,700.0,2019-10-29 16:41:00,"377 Meadow St, New York City, NY 10001",October
266342,iPhone,1,700.0,2019-10-25 08:54:00,"67 Meadow St, Atlanta, GA 30301",October
279999,iPhone,1,700.0,2019-11-16 15:06:00,"695 13th St, Boston, MA 02215",November
286607,iPhone,1,700.0,2019-11-20 07:40:00,"240 Walnut St, San Francisco, CA 94016",November
288688,iPhone,1,700.0,2019-11-22 13:22:00,"39 Hickory St, Austin, TX 73301",November
292553,iPhone,1,700.0,2019-11-04 11:56:00,"906 Ridge St, Dallas, TX 75001",November
283683,iPhone,1,700.0,2019-11-09 02:44:00,"429 7th St, San Francisco, CA 94016",November
291450,iPhone,1,700.0,2019-11-21 11:28:00,"367 North St, Dallas, TX 75001",November
288050,iPhone,1,700.0,2019-11-13 10:32:00,"73 Spruce St, New York City, NY 10001",November
288195,iPhone,1,700.0,2019-11-19 16:52:00,"824 Adams St, San Francisco, CA 94016",November
281961,iPhone,1,700.0,2019-11-21 19:22:00,"620 Elm St, San Francisco, CA 94016",November
289749,iPhone,1,700.0,2019-11-22 10:00:00,"892 Jackson St, Dallas, TX 75001",November
293160,iPhone,1,700.0,2019-11-01 10:10:00,"620 Wilson St, Seattle, WA 98101",November
280825,iPhone,1,700.0,2019-11-11 14:29:00,"360 Walnut St, Los Angeles, CA 90001",November
285384,iPhone,1,700.0,2019-11-25 20:49:00,"843 5th St, New York City, NY 10001",November
288120,iPhone,1,700.0,2019-11-01 11:19:00,"352 6th St, Dallas, TX 75001",November
293038,iPhone,1,700.0,2019-11-02 08:57:00,"425 Jackson St, Portland, OR 97035",November
281515,iPhone,1,700.0,2019-11-11 17:48:00,"358 Madison St, San Francisco, CA 94016",November
282096,iPhone,1,700.0,2019-11-24 11:23:00,"190 Adams St, Dallas, TX 75001",November
284845,iPhone,1,700.0,2019-11-13 05:41:00,"250 1st St, Atlanta, GA 30301",November
287030,iPhone,1,700.0,2019-11-15 13:51:00,"949 Jefferson St, Dallas, TX 75001",November
287483,iPhone,1,700.0,2019-11-06 19:08:00,"568 Hill St, New York City, NY 10001",November
294952,iPhone,1,700.0,2019-11-22 16:14:00,"176 12th St, San Francisco, CA 94016",November
280591,iPhone,1,700.0,2019-11-12 21:40:00,"360 Lincoln St, Boston, MA 02215",November
282105,iPhone,1,700.0,2019-11-19 17:40:00,"800 Johnson St, Dallas, TX 75001",November
282852,iPhone,1,700.0,2019-11-01 20:01:00,"973 Hickory St, Dallas, TX 75001",November
284853,iPhone,1,700.0,2019-11-19 15:14:00,"444 5th St, Los Angeles, CA 90001",November
291717,iPhone,1,700.0,2019-11-20 10:35:00,"254 Washington St, Dallas, TX 75001",November
291855,iPhone,1,700.0,2019-11-05 23:40:00,"67 Jackson St, Atlanta, GA 30301",November
292769,iPhone,1,700.0,2019-11-19 21:01:00,"167 2nd St, San Francisco, CA 94016",November
280073,iPhone,1,700.0,2019-11-08 19:01:00,"43 13th St, Austin, TX 73301",November
286048,iPhone,1,700.0,2019-11-03 22:29:00,"361 North St, Dallas, TX 75001",November
294221,iPhone,1,700.0,2019-11-15 20:18:00,"907 Church St, Seattle, WA 98101",November
281436,iPhone,1,700.0,2019-11-08 12:30:00,"583 North St, San Francisco, CA 94016",November
290151,iPhone,1,700.0,2019-11-17 11:21:00,"813 Walnut St, Los Angeles, CA 90001",November
293647,iPhone,1,700.0,2019-11-20 07:49:00,"900 Willow St, Atlanta, GA 30301",November
293787,iPhone,1,700.0,2019-11-17 11:31:00,"370 Johnson St, Austin, TX 73301",November
295214,iPhone,1,700.0,2019-11-10 14:53:00,"713 1st St, Dallas, TX 75001",November
284844,iPhone,1,700.0,2019-11-25 10:51:00,"189 Hill St, Dallas, TX 75001",November
291864,iPhone,1,700.0,2019-11-09 14:12:00,"89 Pine St, Dallas, TX 75001",November
292718,iPhone,1,700.0,2019-11-30 10:21:00,"391 Willow St, Seattle, WA 98101",November
294963,iPhone,1,700.0,2019-11-01 16:57:00,"916 Willow St, Portland, OR 97035",November
286925,iPhone,1,700.0,2019-11-29 15:31:00,"7 11th St, Austin, TX 73301",November
290693,iPhone,1,700.0,2019-11-02 00:57:00,"723 Meadow St, Seattle, WA 98101",November
294720,iPhone,1,700.0,2019-11-20 10:45:00,"480 11th St, Seattle, WA 98101",November
278833,iPhone,1,700.0,2019-11-04 10:34:00,"700 Pine St, San Francisco, CA 94016",November
283932,iPhone,1,700.0,2019-11-04 01:37:00,"172 Jackson St, New York City, NY 10001",November
284648,iPhone,1,700.0,2019-11-07 19:05:00,"554 13th St, Boston, MA 02215",November
287692,iPhone,1,700.0,2019-11-22 22:17:00,"46 Lakeview St, Los Angeles, CA 90001",November
290212,iPhone,1,700.0,2019-11-09 17:11:00,"707 Jefferson St, New York City, NY 10001",November
294019,iPhone,1,700.0,2019-11-11 22:28:00,"147 Washington St, Los Angeles, CA 90001",November
283545,iPhone,1,700.0,2019-11-30 09:27:00,"545 Center St, New York City, NY 10001",November
284418,iPhone,1,700.0,2019-11-18 13:21:00,"950 1st St, San Francisco, CA 94016",November
286150,iPhone,1,700.0,2019-11-25 18:18:00,"66 13th St, Boston, MA 02215",November
288059,iPhone,1,700.0,2019-11-25 13:49:00,"651 Church St, Dallas, TX 75001",November
288523,iPhone,1,700.0,2019-11-24 14:50:00,"988 Willow St, Portland, OR 97035",November
280945,iPhone,1,700.0,2019-11-09 19:13:00,"158 Main St, Dallas, TX 75001",November
282648,iPhone,1,700.0,2019-11-29 12:18:00,"959 Cedar St, Atlanta, GA 30301",November
284618,iPhone,1,700.0,2019-11-26 17:03:00,"800 13th St, Los Angeles, CA 90001",November
288597,iPhone,1,700.0,2019-11-27 16:37:00,"915 Elm St, New York City, NY 10001",November
292838,iPhone,1,700.0,2019-11-12 15:40:00,"413 Cherry St, Los Angeles, CA 90001",November
287377,iPhone,1,700.0,2019-11-30 16:20:00,"141 Chestnut St, Dallas, TX 75001",November
288397,iPhone,1,700.0,2019-11-17 12:00:00,"820 Forest St, Los Angeles, CA 90001",November
293155,iPhone,1,700.0,2019-11-11 16:33:00,"857 Main St, Atlanta, GA 30301",November
281520,iPhone,1,700.0,2019-11-12 10:56:00,"573 Wilson St, San Francisco, CA 94016",November
281540,iPhone,1,700.0,2019-11-04 09:40:00,"384 Chestnut St, Dallas, TX 75001",November
283546,iPhone,1,700.0,2019-11-05 21:15:00,"310 Jefferson St, New York City, NY 10001",November
293075,iPhone,1,700.0,2019-11-30 05:29:00,"775 Washington St, Los Angeles, CA 90001",November
294907,iPhone,1,700.0,2019-11-25 14:04:00,"211 6th St, New York City, NY 10001",November
279541,iPhone,1,700.0,2019-11-22 18:45:00,"474 Wilson St, Los Angeles, CA 90001",November
279686,iPhone,1,700.0,2019-11-19 12:00:00,"21 Church St, Austin, TX 73301",November
285701,iPhone,1,700.0,2019-11-22 08:17:00,"89 Wilson St, Boston, MA 02215",November
286894,iPhone,1,700.0,2019-11-21 18:59:00,"836 8th St, Los Angeles, CA 90001",November
290890,iPhone,1,700.0,2019-11-17 15:38:00,"414 6th St, Boston, MA 02215",November
295552,iPhone,1,700.0,2019-11-17 00:08:00,"45 Pine St, Los Angeles, CA 90001",November
279628,iPhone,1,700.0,2019-11-02 12:21:00,"116 Cedar St, Atlanta, GA 30301",November
280055,iPhone,1,700.0,2019-11-18 08:43:00,"353 Hill St, New York City, NY 10001",November
281635,iPhone,1,700.0,2019-11-13 14:40:00,"505 Adams St, San Francisco, CA 94016",November
285096,iPhone,1,700.0,2019-11-12 21:55:00,"953 South St, Portland, OR 97035",November
291463,iPhone,1,700.0,2019-11-12 21:07:00,"94 Center St, Portland, OR 97035",November
284084,iPhone,1,700.0,2019-11-30 18:30:00,"537 West St, Los Angeles, CA 90001",November
294640,iPhone,1,700.0,2019-11-16 06:07:00,"592 14th St, Los Angeles, CA 90001",November
282974,iPhone,1,700.0,2019-11-26 16:05:00,"18 8th St, San Francisco, CA 94016",November
288281,iPhone,1,700.0,2019-11-23 01:25:00,"928 Elm St, Portland, OR 97035",November
282167,iPhone,1,700.0,2019-11-22 09:50:00,"386 11th St, Boston, MA 02215",November
284771,iPhone,1,700.0,2019-11-20 12:40:00,"782 Johnson St, New York City, NY 10001",November
291756,iPhone,1,700.0,2019-11-07 19:24:00,"724 Willow St, San Francisco, CA 94016",November
295212,iPhone,1,700.0,2019-11-18 17:53:00,"320 Elm St, Los Angeles, CA 90001",November
283551,iPhone,1,700.0,2019-11-17 10:33:00,"248 14th St, Portland, OR 97035",November
294796,iPhone,1,700.0,2019-11-12 06:48:00,"393 4th St, San Francisco, CA 94016",November
283597,iPhone,1,700.0,2019-11-26 21:30:00,"854 Park St, San Francisco, CA 94016",November
285142,iPhone,1,700.0,2019-11-11 22:53:00,"911 2nd St, San Francisco, CA 94016",November
291195,iPhone,1,700.0,2019-11-30 12:09:00,"644 Walnut St, Los Angeles, CA 90001",November
291214,iPhone,1,700.0,2019-11-16 10:46:00,"67 Elm St, San Francisco, CA 94016",November
292140,iPhone,1,700.0,2019-11-09 16:43:00,"430 Chestnut St, Los Angeles, CA 90001",November
279615,iPhone,1,700.0,2019-11-27 16:48:00,"239 Church St, Dallas, TX 75001",November
282573,iPhone,1,700.0,2019-11-27 12:31:00,"388 6th St, New York City, NY 10001",November
293757,iPhone,1,700.0,2019-11-24 18:01:00,"931 River St, New York City, NY 10001",November
279064,iPhone,1,700.0,2019-11-24 18:28:00,"415 Lincoln St, San Francisco, CA 94016",November
291433,iPhone,1,700.0,2019-11-12 18:49:00,"268 Lincoln St, Boston, MA 02215",November
285840,iPhone,1,700.0,2019-11-29 15:03:00,"104 Willow St, Los Angeles, CA 90001",November
282830,iPhone,1,700.0,2019-11-02 22:58:00,"165 Wilson St, Boston, MA 02215",November
283964,iPhone,1,700.0,2019-11-10 22:17:00,"996 14th St, Atlanta, GA 30301",November
289236,iPhone,1,700.0,2019-11-21 14:54:00,"12 Chestnut St, Boston, MA 02215",November
290346,iPhone,1,700.0,2019-11-04 17:44:00,"267 12th St, Dallas, TX 75001",November
292004,iPhone,1,700.0,2019-11-13 20:58:00,"186 Wilson St, Boston, MA 02215",November
279258,iPhone,1,700.0,2019-11-25 12:31:00,"638 Ridge St, Los Angeles, CA 90001",November
281692,iPhone,1,700.0,2019-11-20 11:24:00,"739 8th St, New York City, NY 10001",November
289152,iPhone,1,700.0,2019-11-06 08:00:00,"706 2nd St, Atlanta, GA 30301",November
292078,iPhone,1,700.0,2019-11-14 12:00:00,"227 Highland St, Los Angeles, CA 90001",November
292959,iPhone,1,700.0,2019-11-09 15:44:00,"311 Hickory St, Atlanta, GA 30301",November
294830,iPhone,1,700.0,2019-11-08 13:05:00,"385 9th St, Los Angeles, CA 90001",November
281778,iPhone,1,700.0,2019-11-15 09:48:00,"740 Forest St, New York City, NY 10001",November
283317,iPhone,1,700.0,2019-11-26 22:51:00,"938 Hickory St, Boston, MA 02215",November
296986,iPhone,1,700.0,2019-12-10 11:29:00,"421 Sunset St, New York City, NY 10001",December
298241,iPhone,1,700.0,2019-12-30 07:27:00,"418 8th St, Atlanta, GA 30301",December
300937,iPhone,1,700.0,2019-12-11 19:32:00,"827 1st St, New York City, NY 10001",December
303051,iPhone,1,700.0,2019-12-25 20:15:00,"541 Washington St, Portland, OR 97035",December
311204,iPhone,1,700.0,2019-12-18 19:05:00,"849 West St, San Francisco, CA 94016",December
318933,iPhone,1,700.0,2019-12-19 20:55:00,"325 5th St, Seattle, WA 98101",December
297117,iPhone,1,700.0,2019-12-25 23:38:00,"592 5th St, Los Angeles, CA 90001",December
298240,iPhone,1,700.0,2019-12-10 07:03:00,"923 Hill St, Los Angeles, CA 90001",December
300230,iPhone,1,700.0,2019-12-20 06:02:00,"804 Jackson St, San Francisco, CA 94016",December
300877,iPhone,1,700.0,2019-12-13 10:21:00,"685 4th St, San Francisco, CA 94016",December
304718,iPhone,1,700.0,2019-12-18 00:07:00,"860 Madison St, Portland, OR 97035",December
313149,iPhone,1,700.0,2019-12-20 08:43:00,"427 Meadow St, San Francisco, CA 94016",December
313385,iPhone,1,700.0,2019-12-23 10:04:00,"8 Sunset St, Los Angeles, CA 90001",December
314457,iPhone,1,700.0,2019-12-30 15:37:00,"963 Walnut St, Boston, MA 02215",December
314940,iPhone,1,700.0,2019-12-23 06:52:00,"38 6th St, Los Angeles, CA 90001",December
318665,iPhone,1,700.0,2019-12-10 18:04:00,"864 Johnson St, San Francisco, CA 94016",December
299074,iPhone,1,700.0,2019-12-16 14:09:00,"547 9th St, San Francisco, CA 94016",December
302967,iPhone,1,700.0,2019-12-14 13:13:00,"165 Adams St, New York City, NY 10001",December
315133,iPhone,1,700.0,2019-12-11 11:51:00,"805 Lake St, Atlanta, GA 30301",December
317625,iPhone,1,700.0,2019-12-13 10:00:00,"488 Madison St, Seattle, WA 98101",December
299320,iPhone,1,700.0,2019-12-12 15:14:00,"196 Church St, Los Angeles, CA 90001",December
300419,iPhone,1,700.0,2019-12-18 21:12:00,"218 Cedar St, Portland, OR 97035",December
304465,iPhone,1,700.0,2019-12-10 15:51:00,"238 River St, Seattle, WA 98101",December
308040,iPhone,1,700.0,2019-12-02 15:58:00,"227 Park St, Seattle, WA 98101",December
315697,iPhone,1,700.0,2019-12-01 10:09:00,"521 Forest St, San Francisco, CA 94016",December
318458,iPhone,1,700.0,2019-12-31 20:33:00,"693 4th St, New York City, NY 10001",December
296265,iPhone,1,700.0,2019-12-01 11:47:00,"350 Center St, Boston, MA 02215",December
304996,iPhone,1,700.0,2019-12-12 22:47:00,"799 Hickory St, New York City, NY 10001",December
305192,iPhone,1,700.0,2019-12-27 13:20:00,"321 6th St, San Francisco, CA 94016",December
306050,iPhone,1,700.0,2019-12-20 12:22:00,"136 Elm St, Los Angeles, CA 90001",December
309831,iPhone,1,700.0,2019-12-21 19:36:00,"578 Wilson St, Los Angeles, CA 90001",December
311563,iPhone,1,700.0,2019-12-09 20:16:00,"798 Jefferson St, Seattle, WA 98101",December
313138,iPhone,1,700.0,2019-12-04 11:07:00,"577 Cedar St, Boston, MA 02215",December
318229,iPhone,1,700.0,2019-12-13 06:39:00,"529 Hickory St, Dallas, TX 75001",December
301253,iPhone,1,700.0,2019-12-01 14:59:00,"267 8th St, Boston, MA 02215",December
301313,iPhone,1,700.0,2019-12-11 19:04:00,"6 Forest St, Portland, OR 97035",December
302561,iPhone,1,700.0,2019-12-12 12:08:00,"496 Willow St, Dallas, TX 75001",December
307523,iPhone,1,700.0,2019-12-22 07:20:00,"548 Spruce St, Seattle, WA 98101",December
311427,iPhone,1,700.0,2019-12-26 22:15:00,"920 11th St, Los Angeles, CA 90001",December
296914,iPhone,1,700.0,2019-12-16 22:41:00,"886 Lakeview St, Seattle, WA 98101",December
304030,iPhone,1,700.0,2019-12-03 18:02:00,"549 14th St, Los Angeles, CA 90001",December
307518,iPhone,1,700.0,2019-12-10 18:12:00,"194 8th St, Los Angeles, CA 90001",December
308787,iPhone,1,700.0,2019-12-25 23:45:00,"530 Center St, Seattle, WA 98101",December
311366,iPhone,1,700.0,2019-12-04 07:33:00,"156 5th St, San Francisco, CA 94016",December
317401,iPhone,1,700.0,2019-12-01 15:19:00,"912 5th St, Seattle, WA 98101",December
300673,iPhone,1,700.0,2019-12-18 19:18:00,"236 Madison St, Los Angeles, CA 90001",December
303977,iPhone,1,700.0,2019-12-20 23:45:00,"585 Dogwood St, Seattle, WA 98101",December
306298,iPhone,1,700.0,2019-12-09 11:00:00,"508 River St, Seattle, WA 98101",December
306576,iPhone,1,700.0,2019-12-18 21:08:00,"107 Walnut St, Portland, OR 97035",December
308238,iPhone,1,700.0,2019-12-23 10:36:00,"173 Madison St, San Francisco, CA 94016",December
308420,iPhone,1,700.0,2019-12-24 20:26:00,"275 North St, Los Angeles, CA 90001",December
296657,iPhone,1,700.0,2019-12-05 18:26:00,"855 Wilson St, San Francisco, CA 94016",December
297256,iPhone,1,700.0,2019-12-11 20:25:00,"235 Meadow St, Boston, MA 02215",December
300020,iPhone,1,700.0,2019-12-02 16:24:00,"875 River St, Boston, MA 02215",December
300615,iPhone,1,700.0,2019-12-24 10:05:00,"322 Maple St, San Francisco, CA 94016",December
305972,iPhone,1,700.0,2019-12-18 16:35:00,"896 Wilson St, San Francisco, CA 94016",December
306307,iPhone,1,700.0,2019-12-09 21:55:00,"249 Pine St, San Francisco, CA 94016",December
316572,iPhone,1,700.0,2019-12-27 16:12:00,"147 12th St, New York City, NY 10001",December
318487,iPhone,1,700.0,2019-12-25 21:51:00,"196 Ridge St, San Francisco, CA 94016",December
304754,iPhone,1,700.0,2019-12-11 11:44:00,"661 River St, Austin, TX 73301",December
304968,iPhone,1,700.0,2019-12-21 16:42:00,"223 River St, Los Angeles, CA 90001",December
308051,iPhone,1,700.0,2019-12-09 16:38:00,"692 Meadow St, San Francisco, CA 94016",December
308734,iPhone,1,700.0,2019-12-26 12:48:00,"270 8th St, Seattle, WA 98101",December
309573,iPhone,1,700.0,2019-12-13 15:04:00,"883 Sunset St, Portland, OR 97035",December
297278,iPhone,1,700.0,2019-12-09 20:06:00,"418 West St, Los Angeles, CA 90001",December
301145,iPhone,1,700.0,2019-12-23 14:25:00,"586 12th St, San Francisco, CA 94016",December
304740,iPhone,1,700.0,2019-12-21 11:55:00,"496 Dogwood St, Atlanta, GA 30301",December
305498,iPhone,1,700.0,2019-12-08 09:58:00,"696 12th St, Los Angeles, CA 90001",December
305885,iPhone,1,700.0,2019-12-24 18:07:00,"277 Forest St, San Francisco, CA 94016",December
307263,iPhone,1,700.0,2019-12-17 15:25:00,"399 Highland St, Dallas, TX 75001",December
310804,iPhone,1,700.0,2019-12-23 17:51:00,"177 Spruce St, New York City, NY 10001",December
313636,iPhone,1,700.0,2019-12-30 17:40:00,"670 Elm St, Portland, OR 97035",December
302658,iPhone,1,700.0,2019-12-04 14:05:00,"382 Walnut St, Los Angeles, CA 90001",December
308221,iPhone,1,700.0,2019-12-03 19:20:00,"636 Hill St, Austin, TX 73301",December
309571,iPhone,1,700.0,2019-12-20 14:49:00,"529 12th St, Atlanta, GA 30301",December
317679,iPhone,1,700.0,2019-12-23 11:21:00,"676 Cedar St, Dallas, TX 75001",December
317720,iPhone,1,700.0,2019-12-17 08:04:00,"251 South St, Seattle, WA 98101",December
296497,iPhone,1,700.0,2019-12-25 12:19:00,"572 13th St, Los Angeles, CA 90001",December
300358,iPhone,1,700.0,2019-12-14 13:30:00,"439 Johnson St, New York City, NY 10001",December
305073,iPhone,1,700.0,2019-12-26 12:40:00,"421 8th St, Boston, MA 02215",December
313939,iPhone,1,700.0,2019-12-29 13:51:00,"67 River St, Seattle, WA 98101",December
318730,iPhone,1,700.0,2019-12-26 17:31:00,"308 Johnson St, Seattle, WA 98101",December
316251,iPhone,1,700.0,2019-12-06 08:41:00,"639 Cedar St, New York City, NY 10001",December
317146,iPhone,1,700.0,2019-12-25 17:59:00,"261 West St, Portland, OR 97035",December
299398,iPhone,1,700.0,2019-12-09 12:23:00,"562 1st St, San Francisco, CA 94016",December
302849,iPhone,1,700.0,2019-12-16 19:36:00,"34 Lake St, San Francisco, CA 94016",December
313750,iPhone,1,700.0,2019-12-29 00:55:00,"758 14th St, Seattle, WA 98101",December
314263,iPhone,1,700.0,2019-12-04 20:49:00,"941 River St, Portland, OR 97035",December
298162,iPhone,1,700.0,2019-12-15 09:50:00,"934 Madison St, San Francisco, CA 94016",December
304542,iPhone,1,700.0,2019-12-12 09:57:00,"231 Lake St, Atlanta, GA 30301",December
318453,iPhone,1,700.0,2019-12-18 12:07:00,"462 Wilson St, Austin, TX 73301",December
300834,iPhone,1,700.0,2019-12-08 17:37:00,"682 2nd St, San Francisco, CA 94016",December
309228,iPhone,1,700.0,2019-12-10 18:56:00,"79 Willow St, Portland, OR 97035",December
311091,iPhone,1,700.0,2019-12-02 15:03:00,"559 West St, San Francisco, CA 94016",December
313270,iPhone,1,700.0,2019-12-28 19:48:00,"982 Park St, Los Angeles, CA 90001",December
319033,iPhone,1,700.0,2019-12-31 21:07:00,"523 Pine St, Boston, MA 02215",December
297227,iPhone,1,700.0,2019-12-01 19:14:00,"863 Hickory St, New York City, NY 10001",December
302011,iPhone,1,700.0,2019-12-15 11:49:00,"245 Lakeview St, San Francisco, CA 94016",December
316412,iPhone,1,700.0,2019-12-06 12:12:00,"140 River St, Los Angeles, CA 90001",December
295965,iPhone,1,700.0,2019-12-17 10:51:00,"514 Ridge St, Dallas, TX 75001",December
303890,iPhone,1,700.0,2019-12-26 09:17:00,"163 Walnut St, Atlanta, GA 30301",December
307315,iPhone,1,700.0,2019-12-12 12:16:00,"41 Pine St, Los Angeles, CA 90001",December
172536,iPhone,1,700.0,2019-03-12 21:19:00,"660 Lake St, San Francisco, CA 94016",March
170865,iPhone,1,700.0,2019-03-02 10:23:00,"43 Jefferson St, Los Angeles, CA 90001",March
196102,iPhone,1,700.0,2019-05-06 19:30:00,"432 Lakeview St, Atlanta, GA 30301",May
233049,iPhone,1,700.0,2019-07-02 11:16:00,"626 Dogwood St, New York City, NY 10001",July
223085,iPhone,1,700.0,2019-07-22 11:56:00,"875 Madison St, Los Angeles, CA 90001",July
241324,iPhone,1,700.0,2019-08-18 14:09:00,"919 Center St, Portland, OR 97035",August
249532,iPhone,1,700.0,2019-09-23 11:41:00,"725 10th St, Los Angeles, CA 90001",September
263730,iPhone,1,700.0,2019-10-06 12:07:00,"305 Maple St, Los Angeles, CA 90001",October
294608,iPhone,1,700.0,2019-11-03 11:48:00,"923 10th St, New York City, NY 10001",November
288456,iPhone,1,700.0,2019-11-04 12:18:00,"410 8th St, Atlanta, GA 30301",November
289211,iPhone,1,700.0,2019-11-05 13:42:00,"774 North St, San Francisco, CA 94016",November
292511,iPhone,1,700.0,2019-11-29 11:39:00,"215 8th St, Los Angeles, CA 90001",November
283870,iPhone,1,700.0,2019-11-02 20:59:00,"240 Johnson St, Los Angeles, CA 90001",November
288713,iPhone,1,700.0,2019-11-28 12:53:00,"470 10th St, Austin, TX 73301",November
286602,iPhone,1,700.0,2019-11-17 16:02:00,"710 Spruce St, Seattle, WA 98101",November
298985,iPhone,1,700.0,2019-12-14 10:07:00,"871 Main St, Los Angeles, CA 90001",December
307505,iPhone,1,700.0,2019-12-27 08:10:00,"251 Highland St, Austin, TX 73301",December
315864,iPhone,1,700.0,2019-12-09 20:30:00,"573 Chestnut St, New York City, NY 10001",December
313755,iPhone,1,700.0,2019-12-27 23:27:00,"125 Jackson St, San Francisco, CA 94016",December
304716,iPhone,1,700.0,2019-12-27 18:41:00,"81 7th St, San Francisco, CA 94016",December
301892,iPhone,1,700.0,2019-12-13 12:35:00,"6 Walnut St, Portland, OR 97035",December
303873,iPhone,1,700.0,2019-12-12 14:29:00,"638 Church St, Los Angeles, CA 90001",December
304674,iPhone,1,700.0,2019-12-03 17:24:00,"964 Meadow St, New York City, NY 10001",December
306877,iPhone,1,700.0,2019-12-21 21:32:00,"999 Cherry St, San Francisco, CA 94016",December
308814,iPhone,1,700.0,2019-12-10 16:16:00,"732 12th St, Seattle, WA 98101",December
312491,iPhone,1,700.0,2019-12-27 23:34:00,"759 West St, San Francisco, CA 94016",December
297329,iPhone,1,700.0,2019-12-28 12:44:00,"505 Madison St, Austin, TX 73301",December
297531,iPhone,1,700.0,2019-12-19 06:57:00,"161 Walnut St, Boston, MA 02215",December
305174,iPhone,1,700.0,2019-12-28 17:30:00,"508 Pine St, San Francisco, CA 94016",December
317200,iPhone,1,700.0,2019-12-16 23:39:00,"66 Main St, Dallas, TX 75001",December
312613,iPhone,1,700.0,2019-12-22 18:02:00,"977 Maple St, San Francisco, CA 94016",December
299230,iPhone,1,700.0,2019-12-06 11:32:00,"611 Maple St, Seattle, WA 98101",December
309692,iPhone,1,700.0,2019-12-13 12:02:00,"370 4th St, New York City, NY 10001",December
309722,iPhone,1,700.0,2019-12-24 19:13:00,"722 Chestnut St, New York City, NY 10001",December
311469,iPhone,1,700.0,2019-12-21 16:33:00,"792 6th St, Boston, MA 02215",December
296702,iPhone,1,700.0,2019-12-13 13:49:00,"903 North St, San Francisco, CA 94016",December
299305,iPhone,1,700.0,2019-12-10 20:06:00,"784 4th St, San Francisco, CA 94016",December
301821,iPhone,1,700.0,2019-12-01 18:41:00,"623 Lakeview St, Los Angeles, CA 90001",December
306262,iPhone,1,700.0,2019-12-27 20:35:00,"86 Adams St, San Francisco, CA 94016",December
309442,iPhone,1,700.0,2019-12-20 15:02:00,"930 Jefferson St, Los Angeles, CA 90001",December
316113,iPhone,1,700.0,2019-12-13 18:26:00,"518 Madison St, San Francisco, CA 94016",December
300761,iPhone,1,700.0,2019-12-16 21:15:00,"524 Hill St, New York City, NY 10001",December
306386,iPhone,1,700.0,2019-12-08 14:22:00,"424 Maple St, Seattle, WA 98101",December
315580,iPhone,1,700.0,2019-12-27 17:46:00,"432 Willow St, Los Angeles, CA 90001",December
307300,iPhone,1,700.0,2019-12-19 20:04:00,"556 South St, Atlanta, GA 30301",December
308812,iPhone,1,700.0,2019-12-14 13:06:00,"201 Ridge St, Boston, MA 02215",December
314661,iPhone,1,700.0,2019-12-14 18:39:00,"832 8th St, Atlanta, GA 30301",December
319629,iPhone,1,700.0,2019-12-18 15:41:00,"941 Willow St, Dallas, TX 75001",December
296083,iPhone,1,700.0,2019-12-30 20:04:00,"354 Lakeview St, San Francisco, CA 94016",December
301935,iPhone,1,700.0,2019-12-02 05:11:00,"271 4th St, Los Angeles, CA 90001",December
302691,iPhone,1,700.0,2019-12-29 07:49:00,"283 South St, Los Angeles, CA 90001",December
314056,iPhone,1,700.0,2019-12-06 11:04:00,"55 West St, Dallas, TX 75001",December
318584,iPhone,1,700.0,2019-12-05 20:54:00,"770 6th St, Austin, TX 73301",December
297004,iPhone,1,700.0,2019-12-21 15:11:00,"369 Forest St, New York City, NY 10001",December
298403,iPhone,1,700.0,2019-12-27 13:21:00,"945 Center St, New York City, NY 10001",December
303010,iPhone,1,700.0,2019-12-03 04:47:00,"308 Willow St, Boston, MA 02215",December
308660,iPhone,1,700.0,2019-12-13 18:15:00,"299 Cherry St, Portland, ME 04101",December
312626,iPhone,1,700.0,2019-12-12 16:50:00,"938 Adams St, Boston, MA 02215",December
297592,iPhone,1,700.0,2019-12-01 11:22:00,"76 River St, Los Angeles, CA 90001",December
304387,iPhone,1,700.0,2019-12-11 16:47:00,"661 Park St, San Francisco, CA 94016",December
311015,iPhone,1,700.0,2019-12-03 10:34:00,"939 Ridge St, New York City, NY 10001",December
313666,iPhone,1,700.0,2019-12-04 13:46:00,"313 Highland St, Los Angeles, CA 90001",December
314183,iPhone,1,700.0,2019-12-05 12:31:00,"663 Lake St, New York City, NY 10001",December
314541,iPhone,1,700.0,2019-12-31 17:56:00,"901 Highland St, Los Angeles, CA 90001",December
297397,iPhone,1,700.0,2019-12-24 08:24:00,"814 South St, New York City, NY 10001",December
299583,iPhone,1,700.0,2019-12-24 21:08:00,"195 2nd St, Boston, MA 02215",December
303509,iPhone,1,700.0,2019-12-31 18:29:00,"673 Lakeview St, Boston, MA 02215",December
306442,iPhone,1,700.0,2019-12-17 16:26:00,"25 Johnson St, San Francisco, CA 94016",December
308323,iPhone,1,700.0,2019-12-01 22:10:00,"680 5th St, New York City, NY 10001",December
312615,iPhone,1,700.0,2019-12-30 19:53:00,"146 12th St, Dallas, TX 75001",December
302528,iPhone,1,700.0,2019-12-12 07:56:00,"375 11th St, Boston, MA 02215",December
305683,iPhone,1,700.0,2019-12-26 12:02:00,"378 13th St, New York City, NY 10001",December
313466,iPhone,1,700.0,2019-12-01 20:18:00,"189 Center St, Atlanta, GA 30301",December
297305,iPhone,1,700.0,2019-12-11 09:00:00,"238 12th St, New York City, NY 10001",December
297343,iPhone,1,700.0,2019-12-28 18:11:00,"914 Pine St, Boston, MA 02215",December
298074,iPhone,1,700.0,2019-12-13 20:53:00,"471 Meadow St, Dallas, TX 75001",December
299066,iPhone,1,700.0,2019-12-29 16:45:00,"459 Meadow St, San Francisco, CA 94016",December
311589,iPhone,1,700.0,2019-12-17 18:54:00,"124 1st St, Dallas, TX 75001",December
316200,iPhone,1,700.0,2019-12-23 19:24:00,"934 Maple St, San Francisco, CA 94016",December
142925,iPhone,1,700.0,2019-01-26 13:06:00,"146 Washington St, New York City, NY 10001",January
144739,iPhone,1,700.0,2019-01-10 10:08:00,"533 Maple St, Seattle, WA 98101",January
144955,iPhone,1,700.0,2019-01-23 21:17:00,"570 Pine St, Los Angeles, CA 90001",January
145417,iPhone,1,700.0,2019-01-26 04:45:00,"20 Ridge St, San Francisco, CA 94016",January
143694,iPhone,1,700.0,2019-01-03 19:20:00,"265 6th St, New York City, NY 10001",January
145744,iPhone,1,700.0,2019-01-23 17:49:00,"853 Main St, Dallas, TX 75001",January
147577,iPhone,1,700.0,2019-01-17 20:02:00,"378 Lake St, Seattle, WA 98101",January
145617,iPhone,1,700.0,2019-01-26 12:28:00,"832 Walnut St, Atlanta, GA 30301",January
146461,iPhone,1,700.0,2019-01-07 08:06:00,"926 8th St, San Francisco, CA 94016",January
146688,iPhone,1,700.0,2019-01-14 20:40:00,"887 Hickory St, Los Angeles, CA 90001",January
147592,iPhone,1,700.0,2019-01-01 17:30:00,"719 7th St, New York City, NY 10001",January
144804,iPhone,1,700.0,2019-01-01 07:29:00,"628 Lake St, New York City, NY 10001",January
146926,iPhone,1,700.0,2019-01-30 15:47:00,"943 Park St, San Francisco, CA 94016",January
141886,iPhone,1,700.0,2019-01-10 06:37:00,"94 7th St, New York City, NY 10001",January
143690,iPhone,1,700.0,2019-01-16 12:44:00,"993 Madison St, Los Angeles, CA 90001",January
145687,iPhone,1,700.0,2019-01-18 20:26:00,"125 1st St, Los Angeles, CA 90001",January
141795,iPhone,1,700.0,2019-01-19 20:31:00,"383 Jefferson St, San Francisco, CA 94016",January
144418,iPhone,1,700.0,2019-01-10 23:14:00,"471 Hickory St, San Francisco, CA 94016",January
146780,iPhone,1,700.0,2019-01-17 20:00:00,"891 Ridge St, Los Angeles, CA 90001",January
148370,iPhone,1,700.0,2019-01-27 18:13:00,"464 13th St, Boston, MA 02215",January
144869,iPhone,1,700.0,2019-01-25 15:16:00,"718 Cherry St, New York City, NY 10001",January
145489,iPhone,1,700.0,2019-01-15 20:09:00,"281 Lakeview St, San Francisco, CA 94016",January
145672,iPhone,1,700.0,2019-01-18 18:19:00,"465 12th St, San Francisco, CA 94016",January
148412,iPhone,1,700.0,2019-01-14 18:05:00,"739 Hill St, Portland, OR 97035",January
149643,iPhone,1,700.0,2019-01-31 11:29:00,"472 Hickory St, San Francisco, CA 94016",January
148783,iPhone,1,700.0,2019-01-10 02:02:00,"4 Maple St, Boston, MA 02215",January
141582,iPhone,1,700.0,2019-01-15 01:45:00,"416 9th St, San Francisco, CA 94016",January
148388,iPhone,1,700.0,2019-01-20 18:55:00,"652 Spruce St, Seattle, WA 98101",January
144877,iPhone,1,700.0,2019-01-24 09:35:00,"588 Meadow St, Seattle, WA 98101",January
146695,iPhone,1,700.0,2019-01-09 19:31:00,"554 Lakeview St, Portland, ME 04101",January
147472,iPhone,1,700.0,2019-01-05 09:19:00,"603 Lake St, San Francisco, CA 94016",January
141457,iPhone,1,700.0,2019-01-09 22:11:00,"820 Jackson St, Seattle, WA 98101",January
141632,iPhone,1,700.0,2019-01-21 05:00:00,"964 Hill St, Seattle, WA 98101",January
144866,iPhone,1,700.0,2019-01-02 17:58:00,"166 Willow St, Dallas, TX 75001",January
149906,iPhone,1,700.0,2019-01-19 04:43:00,"719 Elm St, New York City, NY 10001",January
142320,iPhone,1,700.0,2019-01-11 22:44:00,"531 West St, New York City, NY 10001",January
143968,iPhone,1,700.0,2019-01-29 11:21:00,"481 Adams St, New York City, NY 10001",January
150486,iPhone,1,700.0,2019-01-26 15:52:00,"57 Wilson St, Dallas, TX 75001",January
142672,iPhone,1,700.0,2019-01-13 13:49:00,"391 Hickory St, Los Angeles, CA 90001",January
147627,iPhone,1,700.0,2019-01-27 18:43:00,"795 Center St, Portland, OR 97035",January
146411,iPhone,1,700.0,2019-01-13 14:22:00,"107 Spruce St, Boston, MA 02215",January
147464,iPhone,1,700.0,2019-01-29 18:44:00,"148 Cherry St, Los Angeles, CA 90001",January
149476,iPhone,1,700.0,2019-01-29 22:43:00,"58 Adams St, San Francisco, CA 94016",January
150146,iPhone,1,700.0,2019-01-14 09:18:00,"159 Adams St, Seattle, WA 98101",January
150361,iPhone,1,700.0,2019-01-30 06:41:00,"915 Pine St, Atlanta, GA 30301",January
143600,iPhone,1,700.0,2019-01-01 14:38:00,"171 Madison St, Los Angeles, CA 90001",January
145602,iPhone,1,700.0,2019-01-06 21:25:00,"489 Forest St, New York City, NY 10001",January
141473,iPhone,1,700.0,2019-01-11 16:48:00,"768 Maple St, San Francisco, CA 94016",January
142610,iPhone,1,700.0,2019-01-26 19:48:00,"184 Hill St, Los Angeles, CA 90001",January
147488,iPhone,1,700.0,2019-01-27 09:48:00,"65 Hill St, Atlanta, GA 30301",January
149850,iPhone,1,700.0,2019-01-13 19:21:00,"554 Church St, San Francisco, CA 94016",January
146997,iPhone,1,700.0,2019-01-23 18:03:00,"511 11th St, New York City, NY 10001",January
147114,iPhone,1,700.0,2019-01-07 22:29:00,"825 12th St, Atlanta, GA 30301",January
148215,iPhone,1,700.0,2019-01-02 11:30:00,"991 Jefferson St, Portland, OR 97035",January
148038,iPhone,1,700.0,2019-01-06 10:51:00,"307 North St, New York City, NY 10001",January
148296,iPhone,1,700.0,2019-01-08 09:54:00,"55 2nd St, San Francisco, CA 94016",January
142587,iPhone,1,700.0,2019-01-25 18:59:00,"824 Park St, Boston, MA 02215",January
143601,iPhone,1,700.0,2019-01-29 19:59:00,"689 Dogwood St, Los Angeles, CA 90001",January
143738,iPhone,1,700.0,2019-01-01 13:29:00,"462 Cedar St, Boston, MA 02215",January
146184,iPhone,1,700.0,2019-01-04 20:00:00,"519 12th St, Boston, MA 02215",January
148583,iPhone,1,700.0,2019-01-23 11:15:00,"873 6th St, Dallas, TX 75001",January
149109,iPhone,1,700.0,2019-01-19 11:38:00,"60 6th St, Boston, MA 02215",January
142627,iPhone,1,700.0,2019-01-18 17:57:00,"383 1st St, San Francisco, CA 94016",January
146383,iPhone,1,700.0,2019-01-26 17:20:00,"196 Chestnut St, San Francisco, CA 94016",January
142857,iPhone,1,700.0,2019-01-31 10:39:00,"251 Washington St, Los Angeles, CA 90001",January
143752,iPhone,1,700.0,2019-01-30 12:18:00,"438 10th St, San Francisco, CA 94016",January
147911,iPhone,1,700.0,2019-01-23 22:57:00,"19 Meadow St, Boston, MA 02215",January
147999,iPhone,1,700.0,2019-01-07 21:19:00,"942 Cherry St, New York City, NY 10001",January
148964,iPhone,1,700.0,2019-01-02 17:04:00,"150 Center St, Los Angeles, CA 90001",January
145260,iPhone,1,700.0,2019-01-19 13:38:00,"303 4th St, Seattle, WA 98101",January
153263,iPhone,1,700.0,2019-02-07 22:51:00,"271 Park St, Los Angeles, CA 90001",February
161183,iPhone,1,700.0,2019-02-14 15:08:00,"139 Dogwood St, San Francisco, CA 94016",February
154139,iPhone,1,700.0,2019-02-06 18:26:00,"52 North St, Seattle, WA 98101",February
154239,iPhone,1,700.0,2019-02-20 08:30:00,"314 Elm St, San Francisco, CA 94016",February
156710,iPhone,1,700.0,2019-02-13 10:16:00,"156 Jackson St, Dallas, TX 75001",February
159130,iPhone,1,700.0,2019-02-07 13:17:00,"38 Lakeview St, Dallas, TX 75001",February
160456,iPhone,1,700.0,2019-02-07 17:02:00,"306 North St, Los Angeles, CA 90001",February
152840,iPhone,1,700.0,2019-02-26 23:47:00,"683 Pine St, Atlanta, GA 30301",February
154336,iPhone,1,700.0,2019-02-03 22:57:00,"238 West St, Atlanta, GA 30301",February
150623,iPhone,1,700.0,2019-02-05 22:46:00,"96 7th St, Seattle, WA 98101",February
151412,iPhone,1,700.0,2019-02-16 10:20:00,"225 5th St, New York City, NY 10001",February
152961,iPhone,1,700.0,2019-02-07 09:48:00,"979 Adams St, Austin, TX 73301",February
159371,iPhone,1,700.0,2019-02-26 13:18:00,"623 Wilson St, Los Angeles, CA 90001",February
156789,iPhone,1,700.0,2019-02-26 19:50:00,"857 4th St, San Francisco, CA 94016",February
159409,iPhone,1,700.0,2019-02-13 16:36:00,"756 Lake St, San Francisco, CA 94016",February
152630,iPhone,1,700.0,2019-02-04 09:45:00,"816 Center St, Atlanta, GA 30301",February
157008,iPhone,1,700.0,2019-02-19 11:19:00,"79 Church St, San Francisco, CA 94016",February
158474,iPhone,1,700.0,2019-02-19 22:57:00,"98 Walnut St, Atlanta, GA 30301",February
161480,iPhone,1,700.0,2019-02-14 18:49:00,"426 Hickory St, Boston, MA 02215",February
151222,iPhone,1,700.0,2019-02-07 21:48:00,"339 4th St, Portland, OR 97035",February
154925,iPhone,1,700.0,2019-02-07 21:29:00,"695 Jackson St, Los Angeles, CA 90001",February
158270,iPhone,1,700.0,2019-02-05 13:08:00,"807 South St, Austin, TX 73301",February
160798,iPhone,1,700.0,2019-02-08 21:49:00,"291 Jackson St, Portland, OR 97035",February
161483,iPhone,1,700.0,2019-02-19 09:07:00,"283 1st St, Los Angeles, CA 90001",February
158391,iPhone,1,700.0,2019-02-08 11:12:00,"405 13th St, Dallas, TX 75001",February
152070,iPhone,1,700.0,2019-02-07 20:46:00,"346 8th St, Atlanta, GA 30301",February
153059,iPhone,1,700.0,2019-02-12 18:38:00,"644 Willow St, Dallas, TX 75001",February
157405,iPhone,1,700.0,2019-02-02 10:21:00,"270 Elm St, Los Angeles, CA 90001",February
161378,iPhone,1,700.0,2019-02-01 13:09:00,"740 13th St, New York City, NY 10001",February
151422,iPhone,1,700.0,2019-02-21 21:19:00,"865 4th St, San Francisco, CA 94016",February
160650,iPhone,1,700.0,2019-02-11 13:13:00,"337 14th St, San Francisco, CA 94016",February
161603,iPhone,1,700.0,2019-02-24 21:40:00,"217 Spruce St, New York City, NY 10001",February
161948,iPhone,1,700.0,2019-02-03 21:08:00,"207 Dogwood St, San Francisco, CA 94016",February
157563,iPhone,1,700.0,2019-02-22 12:01:00,"512 7th St, San Francisco, CA 94016",February
161162,iPhone,1,700.0,2019-02-06 11:47:00,"640 Cedar St, San Francisco, CA 94016",February
156065,iPhone,1,700.0,2019-02-06 15:14:00,"208 Main St, Los Angeles, CA 90001",February
161630,iPhone,1,700.0,2019-02-02 22:01:00,"973 Madison St, Los Angeles, CA 90001",February
150758,iPhone,1,700.0,2019-02-19 09:38:00,"360 Madison St, Austin, TX 73301",February
157149,iPhone,1,700.0,2019-02-26 18:41:00,"537 Jefferson St, Los Angeles, CA 90001",February
152609,iPhone,1,700.0,2019-02-24 19:57:00,"274 Forest St, Seattle, WA 98101",February
156002,iPhone,1,700.0,2019-02-16 16:16:00,"393 Lakeview St, Seattle, WA 98101",February
158210,iPhone,1,700.0,2019-02-15 16:05:00,"23 Lake St, Atlanta, GA 30301",February
151368,iPhone,1,700.0,2019-02-07 20:39:00,"994 Jackson St, Los Angeles, CA 90001",February
153830,iPhone,1,700.0,2019-02-08 20:21:00,"713 6th St, San Francisco, CA 94016",February
153891,iPhone,1,700.0,2019-02-02 12:21:00,"934 6th St, San Francisco, CA 94016",February
154022,iPhone,1,700.0,2019-02-20 23:11:00,"918 11th St, Seattle, WA 98101",February
153708,iPhone,1,700.0,2019-02-26 17:23:00,"440 13th St, Atlanta, GA 30301",February
157006,iPhone,1,700.0,2019-02-03 00:10:00,"953 12th St, New York City, NY 10001",February
157845,iPhone,1,700.0,2019-02-01 06:28:00,"708 Highland St, Boston, MA 02215",February
151742,iPhone,1,700.0,2019-02-23 02:44:00,"718 North St, New York City, NY 10001",February
154089,iPhone,1,700.0,2019-02-02 22:06:00,"863 Jefferson St, New York City, NY 10001",February
157971,iPhone,1,700.0,2019-02-10 17:11:00,"349 Hill St, New York City, NY 10001",February
152364,iPhone,1,700.0,2019-02-05 11:24:00,"669 West St, Austin, TX 73301",February
152589,iPhone,1,700.0,2019-02-26 14:28:00,"222 West St, San Francisco, CA 94016",February
153432,iPhone,1,700.0,2019-02-15 18:29:00,"116 7th St, Portland, OR 97035",February
153950,iPhone,1,700.0,2019-02-17 11:54:00,"857 11th St, Dallas, TX 75001",February
156956,iPhone,1,700.0,2019-02-12 09:52:00,"155 Lakeview St, San Francisco, CA 94016",February
155915,iPhone,1,700.0,2019-02-12 08:40:00,"991 Center St, Atlanta, GA 30301",February
156417,iPhone,1,700.0,2019-02-11 15:32:00,"604 Lakeview St, New York City, NY 10001",February
157313,iPhone,1,700.0,2019-02-21 17:41:00,"806 13th St, Austin, TX 73301",February
157997,iPhone,1,700.0,2019-02-09 20:12:00,"432 Cherry St, Portland, ME 04101",February
157441,iPhone,1,700.0,2019-02-16 13:38:00,"971 Meadow St, Boston, MA 02215",February
158298,iPhone,1,700.0,2019-02-08 07:50:00,"131 Lincoln St, Boston, MA 02215",February
151556,iPhone,1,700.0,2019-02-07 10:15:00,"240 Lake St, Portland, OR 97035",February
155628,iPhone,1,700.0,2019-02-10 18:52:00,"160 River St, San Francisco, CA 94016",February
156278,iPhone,1,700.0,2019-02-01 22:28:00,"767 10th St, Boston, MA 02215",February
160536,iPhone,1,700.0,2019-02-24 17:07:00,"91 Pine St, Portland, OR 97035",February
153605,iPhone,1,700.0,2019-02-09 20:27:00,"195 8th St, Boston, MA 02215",February
155348,iPhone,1,700.0,2019-02-23 17:38:00,"868 Wilson St, Los Angeles, CA 90001",February
157078,iPhone,1,700.0,2019-02-21 05:33:00,"452 Pine St, Los Angeles, CA 90001",February
160842,iPhone,1,700.0,2019-02-16 11:02:00,"620 Park St, Los Angeles, CA 90001",February
163660,iPhone,1,700.0,2019-03-05 21:01:00,"982 6th St, San Francisco, CA 94016",March
175933,iPhone,1,700.0,2019-03-17 15:23:00,"653 Meadow St, Portland, OR 97035",March
175832,iPhone,1,700.0,2019-03-26 16:59:00,"626 13th St, Dallas, TX 75001",March
167111,iPhone,1,700.0,2019-03-19 13:41:00,"863 Wilson St, Dallas, TX 75001",March
168079,iPhone,1,700.0,2019-03-30 19:17:00,"403 8th St, San Francisco, CA 94016",March
174516,iPhone,1,700.0,2019-03-08 10:33:00,"647 Hill St, Portland, OR 97035",March
175496,iPhone,1,700.0,2019-03-12 12:36:00,"370 10th St, Los Angeles, CA 90001",March
163960,iPhone,1,700.0,2019-03-27 00:21:00,"658 Jackson St, New York City, NY 10001",March
163983,iPhone,1,700.0,2019-03-05 10:51:00,"683 Hickory St, New York City, NY 10001",March
165148,iPhone,1,700.0,2019-03-02 22:42:00,"112 Cedar St, San Francisco, CA 94016",March
168366,iPhone,1,700.0,2019-03-12 15:41:00,"258 5th St, Dallas, TX 75001",March
172236,iPhone,1,700.0,2019-03-02 08:07:00,"975 Willow St, Los Angeles, CA 90001",March
175267,iPhone,1,700.0,2019-03-05 14:45:00,"254 Hickory St, Atlanta, GA 30301",March
170149,iPhone,1,700.0,2019-03-12 18:16:00,"399 Jackson St, Boston, MA 02215",March
173928,iPhone,1,700.0,2019-03-21 00:23:00,"208 Highland St, Atlanta, GA 30301",March
169324,iPhone,1,700.0,2019-03-27 16:28:00,"418 9th St, Boston, MA 02215",March
172179,iPhone,1,700.0,2019-03-24 13:04:00,"72 Lakeview St, New York City, NY 10001",March
164771,iPhone,1,700.0,2019-03-17 18:20:00,"574 9th St, San Francisco, CA 94016",March
166016,iPhone,1,700.0,2019-03-04 19:26:00,"684 Washington St, San Francisco, CA 94016",March
170271,iPhone,1,700.0,2019-03-16 09:55:00,"221 Hickory St, Boston, MA 02215",March
168878,iPhone,1,700.0,2019-03-29 14:48:00,"490 2nd St, Portland, OR 97035",March
172680,iPhone,1,700.0,2019-03-09 13:30:00,"192 Chestnut St, Los Angeles, CA 90001",March
176146,iPhone,1,700.0,2019-03-16 21:41:00,"31 Wilson St, New York City, NY 10001",March
171334,iPhone,1,700.0,2019-03-17 12:10:00,"611 Center St, Dallas, TX 75001",March
168200,iPhone,1,700.0,2019-03-18 17:11:00,"238 Adams St, San Francisco, CA 94016",March
174227,iPhone,1,700.0,2019-03-28 14:16:00,"639 8th St, Dallas, TX 75001",March
174360,iPhone,1,700.0,2019-03-12 19:05:00,"362 Washington St, Atlanta, GA 30301",March
170241,iPhone,1,700.0,2019-03-12 17:32:00,"581 Adams St, San Francisco, CA 94016",March
168265,iPhone,1,700.0,2019-03-01 07:55:00,"185 Lakeview St, Atlanta, GA 30301",March
171705,iPhone,1,700.0,2019-03-01 20:30:00,"161 8th St, San Francisco, CA 94016",March
173487,iPhone,1,700.0,2019-03-25 12:11:00,"948 Ridge St, Portland, OR 97035",March
162551,iPhone,1,700.0,2019-03-27 10:48:00,"510 Madison St, Boston, MA 02215",March
164539,iPhone,1,700.0,2019-03-01 13:21:00,"74 Elm St, San Francisco, CA 94016",March
170207,iPhone,1,700.0,2019-03-23 13:19:00,"701 Sunset St, Dallas, TX 75001",March
164612,iPhone,1,700.0,2019-03-22 16:14:00,"747 Elm St, New York City, NY 10001",March
166127,iPhone,1,700.0,2019-03-14 15:21:00,"536 Meadow St, San Francisco, CA 94016",March
169874,iPhone,1,700.0,2019-03-27 16:48:00,"53 Main St, San Francisco, CA 94016",March
171989,iPhone,1,700.0,2019-03-19 21:47:00,"182 7th St, Seattle, WA 98101",March
175109,iPhone,1,700.0,2019-03-30 11:13:00,"459 11th St, Los Angeles, CA 90001",March
175863,iPhone,1,700.0,2019-03-09 22:53:00,"842 9th St, Portland, OR 97035",March
166082,iPhone,1,700.0,2019-03-28 20:05:00,"823 Highland St, San Francisco, CA 94016",March
167812,iPhone,1,700.0,2019-03-18 09:57:00,"537 Wilson St, Portland, OR 97035",March
169720,iPhone,1,700.0,2019-03-01 13:33:00,"566 North St, Portland, ME 04101",March
169508,iPhone,1,700.0,2019-03-05 11:52:00,"654 Cedar St, Los Angeles, CA 90001",March
162677,iPhone,1,700.0,2019-03-31 21:16:00,"50 Park St, New York City, NY 10001",March
163828,iPhone,1,700.0,2019-03-31 14:12:00,"999 5th St, San Francisco, CA 94016",March
173084,iPhone,1,700.0,2019-03-04 22:40:00,"289 7th St, Atlanta, GA 30301",March
169347,iPhone,1,700.0,2019-03-11 11:46:00,"547 9th St, Atlanta, GA 30301",March
172976,iPhone,1,700.0,2019-03-07 17:15:00,"659 South St, San Francisco, CA 94016",March
166794,iPhone,1,700.0,2019-03-09 14:48:00,"893 Adams St, Los Angeles, CA 90001",March
171584,iPhone,1,700.0,2019-03-08 20:12:00,"253 Willow St, San Francisco, CA 94016",March
162364,iPhone,1,700.0,2019-03-01 19:42:00,"78 South St, Boston, MA 02215",March
165783,iPhone,1,700.0,2019-03-23 11:40:00,"361 Spruce St, San Francisco, CA 94016",March
167311,iPhone,1,700.0,2019-03-24 17:36:00,"980 Main St, Atlanta, GA 30301",March
162414,iPhone,1,700.0,2019-03-17 10:48:00,"262 9th St, Boston, MA 02215",March
164351,iPhone,1,700.0,2019-03-14 14:55:00,"32 Dogwood St, San Francisco, CA 94016",March
168999,iPhone,1,700.0,2019-03-11 17:37:00,"221 5th St, New York City, NY 10001",March
168681,iPhone,1,700.0,2019-03-22 18:39:00,"308 Washington St, New York City, NY 10001",March
174214,iPhone,1,700.0,2019-03-20 18:38:00,"822 Lake St, San Francisco, CA 94016",March
175872,iPhone,1,700.0,2019-03-21 08:30:00,"36 Park St, Los Angeles, CA 90001",March
165364,iPhone,1,700.0,2019-03-15 19:08:00,"541 Cedar St, San Francisco, CA 94016",March
173883,iPhone,1,700.0,2019-03-27 11:58:00,"85 5th St, Seattle, WA 98101",March
173950,iPhone,1,700.0,2019-03-03 23:07:00,"767 6th St, San Francisco, CA 94016",March
163597,iPhone,1,700.0,2019-03-09 05:00:00,"85 13th St, Los Angeles, CA 90001",March
164847,iPhone,1,700.0,2019-03-09 07:16:00,"263 Spruce St, San Francisco, CA 94016",March
167360,iPhone,1,700.0,2019-03-12 23:13:00,"392 North St, San Francisco, CA 94016",March
169448,iPhone,1,700.0,2019-03-25 15:12:00,"818 1st St, Atlanta, GA 30301",March
171986,iPhone,1,700.0,2019-03-23 10:00:00,"403 Church St, San Francisco, CA 94016",March
176193,iPhone,1,700.0,2019-03-10 01:11:00,"443 4th St, Dallas, TX 75001",March
163621,iPhone,1,700.0,2019-03-27 14:20:00,"797 Chestnut St, New York City, NY 10001",March
165373,iPhone,1,700.0,2019-03-24 13:00:00,"214 12th St, Seattle, WA 98101",March
166350,iPhone,1,700.0,2019-03-24 03:53:00,"263 Lincoln St, San Francisco, CA 94016",March
174146,iPhone,1,700.0,2019-03-01 21:47:00,"516 1st St, New York City, NY 10001",March
164005,iPhone,1,700.0,2019-03-04 22:57:00,"887 12th St, Los Angeles, CA 90001",March
168213,iPhone,1,700.0,2019-03-03 17:31:00,"283 2nd St, Atlanta, GA 30301",March
170702,iPhone,1,700.0,2019-03-02 12:16:00,"914 Wilson St, San Francisco, CA 94016",March
172647,iPhone,1,700.0,2019-03-07 15:15:00,"14 West St, San Francisco, CA 94016",March
175232,iPhone,1,700.0,2019-03-28 22:49:00,"572 Johnson St, Seattle, WA 98101",March
171955,iPhone,1,700.0,2019-03-27 14:43:00,"353 Dogwood St, Austin, TX 73301",March
169800,iPhone,1,700.0,2019-03-26 15:30:00,"682 4th St, New York City, NY 10001",March
171388,iPhone,1,700.0,2019-03-30 10:51:00,"448 Forest St, San Francisco, CA 94016",March
163542,iPhone,1,700.0,2019-03-29 15:50:00,"155 South St, San Francisco, CA 94016",March
181725,iPhone,1,700.0,2019-04-05 11:27:00,"292 Dogwood St, Los Angeles, CA 90001",April
192235,iPhone,1,700.0,2019-04-13 21:02:00,"350 Walnut St, San Francisco, CA 94016",April
193149,iPhone,1,700.0,2019-04-30 08:41:00,"958 Adams St, Dallas, TX 75001",April
189019,iPhone,1,700.0,2019-04-28 13:46:00,"327 12th St, Boston, MA 02215",April
178377,iPhone,1,700.0,2019-04-20 04:12:00,"296 10th St, San Francisco, CA 94016",April
178939,iPhone,1,700.0,2019-04-03 15:54:00,"793 Washington St, Seattle, WA 98101",April
183436,iPhone,1,700.0,2019-04-03 18:25:00,"491 14th St, San Francisco, CA 94016",April
183837,iPhone,1,700.0,2019-04-04 09:17:00,"716 5th St, San Francisco, CA 94016",April
183937,iPhone,1,700.0,2019-04-09 18:17:00,"138 1st St, Boston, MA 02215",April
190094,iPhone,1,700.0,2019-04-02 12:43:00,"371 2nd St, New York City, NY 10001",April
179270,iPhone,1,700.0,2019-04-01 20:38:00,"36 River St, Los Angeles, CA 90001",April
181958,iPhone,1,700.0,2019-04-26 18:55:00,"38 9th St, Seattle, WA 98101",April
185701,iPhone,1,700.0,2019-04-26 09:37:00,"29 Elm St, New York City, NY 10001",April
190300,iPhone,1,700.0,2019-04-06 21:50:00,"817 Church St, Seattle, WA 98101",April
180494,iPhone,1,700.0,2019-04-29 10:04:00,"972 Pine St, Austin, TX 73301",April
192092,iPhone,1,700.0,2019-04-03 23:21:00,"92 Church St, Seattle, WA 98101",April
192658,iPhone,1,700.0,2019-04-30 14:16:00,"9 Maple St, New York City, NY 10001",April
192669,iPhone,1,700.0,2019-04-27 14:14:00,"759 Hickory St, Boston, MA 02215",April
179008,iPhone,1,700.0,2019-04-16 01:26:00,"186 Maple St, Boston, MA 02215",April
182988,iPhone,1,700.0,2019-04-20 22:51:00,"921 9th St, New York City, NY 10001",April
184139,iPhone,1,700.0,2019-04-03 12:16:00,"580 Dogwood St, San Francisco, CA 94016",April
185338,iPhone,1,700.0,2019-04-19 06:52:00,"988 Dogwood St, Los Angeles, CA 90001",April
189163,iPhone,1,700.0,2019-04-30 19:33:00,"310 4th St, San Francisco, CA 94016",April
179453,iPhone,1,700.0,2019-04-19 15:18:00,"644 Chestnut St, Austin, TX 73301",April
193374,iPhone,1,700.0,2019-04-14 18:26:00,"962 7th St, San Francisco, CA 94016",April
177115,iPhone,1,700.0,2019-04-19 19:10:00,"71 6th St, San Francisco, CA 94016",April
177797,iPhone,1,700.0,2019-04-27 14:38:00,"128 11th St, San Francisco, CA 94016",April
183018,iPhone,1,700.0,2019-04-12 20:10:00,"539 Washington St, New York City, NY 10001",April
184890,iPhone,1,700.0,2019-04-13 12:13:00,"543 5th St, San Francisco, CA 94016",April
190044,iPhone,1,700.0,2019-04-30 18:47:00,"958 Lakeview St, San Francisco, CA 94016",April
179190,iPhone,1,700.0,2019-04-25 14:06:00,"220 Maple St, San Francisco, CA 94016",April
182537,iPhone,1,700.0,2019-04-18 16:31:00,"525 7th St, Dallas, TX 75001",April
179102,iPhone,1,700.0,2019-04-13 20:50:00,"261 Wilson St, San Francisco, CA 94016",April
188603,iPhone,1,700.0,2019-04-24 12:32:00,"980 10th St, San Francisco, CA 94016",April
190942,iPhone,1,700.0,2019-04-09 20:41:00,"308 Willow St, Dallas, TX 75001",April
176903,iPhone,1,700.0,2019-04-09 11:10:00,"684 Main St, Boston, MA 02215",April
183503,iPhone,1,700.0,2019-04-08 09:35:00,"881 Cedar St, Seattle, WA 98101",April
184141,iPhone,1,700.0,2019-04-11 07:03:00,"818 Wilson St, Boston, MA 02215",April
193356,iPhone,1,700.0,2019-04-17 09:23:00,"62 Lakeview St, San Francisco, CA 94016",April
177769,iPhone,1,700.0,2019-04-14 22:54:00,"728 Church St, Atlanta, GA 30301",April
180421,iPhone,1,700.0,2019-04-21 18:59:00,"652 Adams St, Los Angeles, CA 90001",April
182312,iPhone,1,700.0,2019-04-24 08:40:00,"739 Sunset St, Portland, OR 97035",April
182552,iPhone,1,700.0,2019-04-27 11:42:00,"500 9th St, Boston, MA 02215",April
188273,iPhone,1,700.0,2019-04-17 10:47:00,"357 Jackson St, Boston, MA 02215",April
183726,iPhone,1,700.0,2019-04-16 15:31:00,"863 Hickory St, Atlanta, GA 30301",April
190576,iPhone,1,700.0,2019-04-17 20:37:00,"219 Jackson St, Dallas, TX 75001",April
179280,iPhone,1,700.0,2019-04-15 05:52:00,"666 Walnut St, San Francisco, CA 94016",April
180085,iPhone,1,700.0,2019-04-16 08:49:00,"857 Walnut St, Boston, MA 02215",April
180811,iPhone,1,700.0,2019-04-25 12:32:00,"178 8th St, Los Angeles, CA 90001",April
182481,iPhone,1,700.0,2019-04-13 09:32:00,"792 River St, Dallas, TX 75001",April
184874,iPhone,1,700.0,2019-04-22 19:23:00,"600 Main St, Austin, TX 73301",April
177102,iPhone,1,700.0,2019-04-24 05:19:00,"542 Center St, New York City, NY 10001",April
187678,iPhone,1,700.0,2019-04-13 19:26:00,"833 Main St, New York City, NY 10001",April
192676,iPhone,1,700.0,2019-04-27 17:11:00,"412 Church St, Seattle, WA 98101",April
185060,iPhone,1,700.0,2019-04-16 19:16:00,"180 8th St, Portland, OR 97035",April
186640,iPhone,1,700.0,2019-04-05 14:01:00,"886 Hickory St, San Francisco, CA 94016",April
181664,iPhone,1,700.0,2019-04-29 17:23:00,"926 Maple St, Austin, TX 73301",April
183523,iPhone,1,700.0,2019-04-03 19:21:00,"484 Lakeview St, Los Angeles, CA 90001",April
183971,iPhone,1,700.0,2019-04-14 11:43:00,"743 4th St, Austin, TX 73301",April
182677,iPhone,1,700.0,2019-04-03 11:57:00,"55 6th St, Seattle, WA 98101",April
189495,iPhone,1,700.0,2019-04-09 11:59:00,"589 7th St, Atlanta, GA 30301",April
193671,iPhone,1,700.0,2019-04-02 20:18:00,"346 Hill St, Austin, TX 73301",April
179106,iPhone,1,700.0,2019-04-26 11:23:00,"529 9th St, Austin, TX 73301",April
185243,iPhone,1,700.0,2019-04-05 21:20:00,"728 South St, Austin, TX 73301",April
186288,iPhone,1,700.0,2019-04-07 09:41:00,"204 Spruce St, Austin, TX 73301",April
188303,iPhone,1,700.0,2019-04-25 00:34:00,"211 10th St, San Francisco, CA 94016",April
180237,iPhone,1,700.0,2019-04-18 12:35:00,"746 1st St, Seattle, WA 98101",April
181373,iPhone,1,700.0,2019-04-05 12:31:00,"240 Adams St, San Francisco, CA 94016",April
181400,iPhone,1,700.0,2019-04-16 19:13:00,"388 5th St, New York City, NY 10001",April
187357,iPhone,1,700.0,2019-04-26 11:58:00,"944 North St, San Francisco, CA 94016",April
191124,iPhone,1,700.0,2019-04-07 08:28:00,"416 Cedar St, Austin, TX 73301",April
191957,iPhone,1,700.0,2019-04-24 09:41:00,"824 Church St, Los Angeles, CA 90001",April
177888,iPhone,1,700.0,2019-04-07 18:11:00,"530 Jefferson St, San Francisco, CA 94016",April
188420,iPhone,1,700.0,2019-04-30 11:13:00,"765 Main St, San Francisco, CA 94016",April
188001,iPhone,1,700.0,2019-04-04 07:08:00,"721 Sunset St, Dallas, TX 75001",April
183303,iPhone,1,700.0,2019-04-19 16:08:00,"193 West St, Atlanta, GA 30301",April
183641,iPhone,1,700.0,2019-04-13 21:55:00,"116 Lake St, San Francisco, CA 94016",April
186845,iPhone,1,700.0,2019-04-13 11:23:00,"97 Hill St, Los Angeles, CA 90001",April
187043,iPhone,1,700.0,2019-04-25 16:47:00,"78 Ridge St, San Francisco, CA 94016",April
190512,iPhone,1,700.0,2019-04-01 20:35:00,"360 5th St, Dallas, TX 75001",April
193791,iPhone,1,700.0,2019-04-12 13:31:00,"761 9th St, Seattle, WA 98101",April
181338,iPhone,1,700.0,2019-04-06 19:05:00,"975 Highland St, Portland, OR 97035",April
184740,iPhone,1,700.0,2019-04-19 11:08:00,"807 12th St, Atlanta, GA 30301",April
177778,iPhone,1,700.0,2019-05-01 00:48:00,"478 West St, Boston, MA 02215",May
178007,iPhone,1,700.0,2019-04-14 13:54:00,"824 Jefferson St, New York City, NY 10001",April
187370,iPhone,1,700.0,2019-04-19 21:59:00,"958 Hill St, Los Angeles, CA 90001",April
190764,iPhone,1,700.0,2019-04-28 15:12:00,"355 Park St, Los Angeles, CA 90001",April
191282,iPhone,1,700.0,2019-04-29 18:28:00,"994 Ridge St, San Francisco, CA 94016",April
192687,iPhone,1,700.0,2019-04-09 12:40:00,"115 8th St, Los Angeles, CA 90001",April
176651,iPhone,1,700.0,2019-04-07 13:14:00,"997 South St, Boston, MA 02215",April
180133,iPhone,1,700.0,2019-04-02 13:20:00,"941 8th St, Dallas, TX 75001",April
183807,iPhone,1,700.0,2019-04-15 12:30:00,"220 Maple St, Dallas, TX 75001",April
195870,iPhone,1,700.0,2019-05-24 12:06:00,"639 Madison St, New York City, NY 10001",May
198082,iPhone,1,700.0,2019-05-14 17:41:00,"785 13th St, Los Angeles, CA 90001",May
203309,iPhone,1,700.0,2019-05-07 21:00:00,"799 Wilson St, Boston, MA 02215",May
208973,iPhone,1,700.0,2019-05-31 17:22:00,"24 Walnut St, San Francisco, CA 94016",May
196090,iPhone,1,700.0,2019-05-15 19:41:00,"518 Park St, San Francisco, CA 94016",May
200907,iPhone,1,700.0,2019-05-11 22:37:00,"827 South St, Boston, MA 02215",May
207084,iPhone,1,700.0,2019-05-29 19:28:00,"885 West St, New York City, NY 10001",May
194848,iPhone,1,700.0,2019-05-14 14:56:00,"696 12th St, Dallas, TX 75001",May
197895,iPhone,1,700.0,2019-05-03 16:27:00,"282 South St, San Francisco, CA 94016",May
199873,iPhone,1,700.0,2019-05-20 13:18:00,"439 Highland St, San Francisco, CA 94016",May
201966,iPhone,1,700.0,2019-05-25 17:40:00,"40 Dogwood St, San Francisco, CA 94016",May
204144,iPhone,1,700.0,2019-05-17 18:14:00,"897 Cedar St, Los Angeles, CA 90001",May
197525,iPhone,1,700.0,2019-05-03 14:50:00,"973 Lake St, San Francisco, CA 94016",May
201962,iPhone,1,700.0,2019-05-20 17:00:00,"694 2nd St, New York City, NY 10001",May
208826,iPhone,1,700.0,2019-05-07 08:32:00,"725 Madison St, San Francisco, CA 94016",May
209431,iPhone,1,700.0,2019-05-13 18:35:00,"790 Jackson St, Los Angeles, CA 90001",May
200306,iPhone,1,700.0,2019-05-15 13:46:00,"905 Adams St, San Francisco, CA 94016",May
203255,iPhone,1,700.0,2019-05-07 21:05:00,"716 Lincoln St, Seattle, WA 98101",May
205593,iPhone,1,700.0,2019-05-10 10:20:00,"892 14th St, Dallas, TX 75001",May
207270,iPhone,1,700.0,2019-05-05 18:48:00,"925 12th St, San Francisco, CA 94016",May
200583,iPhone,1,700.0,2019-05-20 14:25:00,"210 Hill St, Austin, TX 73301",May
201763,iPhone,1,700.0,2019-05-17 09:05:00,"337 Wilson St, Seattle, WA 98101",May
206224,iPhone,1,700.0,2019-05-17 20:27:00,"254 10th St, San Francisco, CA 94016",May
194452,iPhone,1,700.0,2019-05-19 23:02:00,"188 12th St, Portland, OR 97035",May
195066,iPhone,1,700.0,2019-05-16 11:01:00,"195 North St, Atlanta, GA 30301",May
199513,iPhone,1,700.0,2019-05-22 13:49:00,"741 Main St, Atlanta, GA 30301",May
200225,iPhone,1,700.0,2019-05-30 11:07:00,"331 10th St, New York City, NY 10001",May
200236,iPhone,1,700.0,2019-05-18 21:28:00,"179 Adams St, New York City, NY 10001",May
195981,iPhone,1,700.0,2019-05-21 15:02:00,"451 5th St, Atlanta, GA 30301",May
198637,iPhone,1,700.0,2019-05-05 16:30:00,"998 Meadow St, Los Angeles, CA 90001",May
200568,iPhone,1,700.0,2019-05-22 18:35:00,"583 6th St, San Francisco, CA 94016",May
203562,iPhone,1,700.0,2019-05-29 15:21:00,"196 9th St, Portland, OR 97035",May
194327,iPhone,1,700.0,2019-05-10 17:42:00,"984 6th St, Austin, TX 73301",May
195856,iPhone,1,700.0,2019-05-10 18:23:00,"649 Main St, Los Angeles, CA 90001",May
200601,iPhone,1,700.0,2019-05-11 20:03:00,"917 Center St, Los Angeles, CA 90001",May
207725,iPhone,1,700.0,2019-05-12 19:30:00,"643 Highland St, Atlanta, GA 30301",May
197167,iPhone,1,700.0,2019-05-07 12:06:00,"758 Adams St, San Francisco, CA 94016",May
202765,iPhone,1,700.0,2019-05-15 18:44:00,"262 Park St, Boston, MA 02215",May
205503,iPhone,1,700.0,2019-05-25 16:15:00,"990 West St, Los Angeles, CA 90001",May
199018,iPhone,1,700.0,2019-05-11 13:15:00,"363 Jefferson St, Los Angeles, CA 90001",May
201129,iPhone,1,700.0,2019-05-31 07:43:00,"233 Wilson St, Boston, MA 02215",May
202829,iPhone,1,700.0,2019-05-17 07:00:00,"598 Jackson St, Dallas, TX 75001",May
204763,iPhone,1,700.0,2019-05-02 20:07:00,"544 Johnson St, San Francisco, CA 94016",May
209105,iPhone,1,700.0,2019-05-16 23:32:00,"610 Washington St, Los Angeles, CA 90001",May
204126,iPhone,1,700.0,2019-05-09 16:06:00,"620 7th St, Los Angeles, CA 90001",May
208332,iPhone,1,700.0,2019-05-06 17:04:00,"429 Pine St, Los Angeles, CA 90001",May
200047,iPhone,1,700.0,2019-05-22 18:00:00,"272 Meadow St, San Francisco, CA 94016",May
195308,iPhone,1,700.0,2019-05-05 12:05:00,"180 Willow St, New York City, NY 10001",May
202440,iPhone,1,700.0,2019-05-31 21:29:00,"341 Lake St, New York City, NY 10001",May
194174,iPhone,1,700.0,2019-05-04 23:08:00,"37 North St, Seattle, WA 98101",May
202679,iPhone,1,700.0,2019-05-06 22:15:00,"702 Lakeview St, San Francisco, CA 94016",May
209090,iPhone,1,700.0,2019-05-13 10:51:00,"18 11th St, Los Angeles, CA 90001",May
196854,iPhone,1,700.0,2019-05-14 11:32:00,"326 Wilson St, Boston, MA 02215",May
199174,iPhone,1,700.0,2019-05-22 10:29:00,"997 Willow St, San Francisco, CA 94016",May
202144,iPhone,1,700.0,2019-05-22 13:13:00,"162 Pine St, Boston, MA 02215",May
194124,iPhone,1,700.0,2019-05-04 23:40:00,"937 North St, Portland, OR 97035",May
199397,iPhone,1,700.0,2019-05-26 21:27:00,"91 Jefferson St, San Francisco, CA 94016",May
200575,iPhone,1,700.0,2019-05-23 21:32:00,"456 Center St, Boston, MA 02215",May
203333,iPhone,1,700.0,2019-05-29 13:49:00,"788 Maple St, San Francisco, CA 94016",May
203440,iPhone,1,700.0,2019-05-09 20:26:00,"24 Sunset St, Los Angeles, CA 90001",May
204693,iPhone,1,700.0,2019-05-11 12:47:00,"474 13th St, Boston, MA 02215",May
208358,iPhone,1,700.0,2019-05-01 09:32:00,"751 Meadow St, San Francisco, CA 94016",May
209139,iPhone,1,700.0,2019-05-28 20:06:00,"571 Highland St, New York City, NY 10001",May
198030,iPhone,1,700.0,2019-05-09 08:44:00,"430 8th St, Atlanta, GA 30301",May
199341,iPhone,1,700.0,2019-05-19 22:53:00,"198 6th St, Atlanta, GA 30301",May
201670,iPhone,1,700.0,2019-05-28 20:35:00,"57 Park St, Boston, MA 02215",May
202098,iPhone,1,700.0,2019-05-10 17:10:00,"908 Madison St, Seattle, WA 98101",May
202382,iPhone,1,700.0,2019-05-25 09:58:00,"194 Spruce St, Los Angeles, CA 90001",May
202942,iPhone,1,700.0,2019-05-19 16:18:00,"566 Center St, San Francisco, CA 94016",May
203973,iPhone,1,700.0,2019-06-01 03:05:00,"828 Madison St, Los Angeles, CA 90001",June
207571,iPhone,1,700.0,2019-05-05 21:15:00,"707 Ridge St, Portland, OR 97035",May
201635,iPhone,1,700.0,2019-05-27 09:58:00,"716 Lakeview St, Los Angeles, CA 90001",May
208104,iPhone,1,700.0,2019-05-12 21:23:00,"160 South St, Dallas, TX 75001",May
199550,iPhone,1,700.0,2019-05-18 18:04:00,"437 West St, Los Angeles, CA 90001",May
201497,iPhone,1,700.0,2019-05-30 21:38:00,"875 14th St, Dallas, TX 75001",May
198480,iPhone,1,700.0,2019-05-01 13:10:00,"500 7th St, Los Angeles, CA 90001",May
199543,iPhone,1,700.0,2019-05-30 09:52:00,"339 Meadow St, Los Angeles, CA 90001",May
201442,iPhone,1,700.0,2019-05-06 09:13:00,"732 4th St, Boston, MA 02215",May
198233,iPhone,1,700.0,2019-05-14 12:36:00,"653 River St, Portland, ME 04101",May
199924,iPhone,1,700.0,2019-05-25 13:41:00,"498 9th St, San Francisco, CA 94016",May
203949,iPhone,1,700.0,2019-05-30 15:52:00,"445 Cherry St, Boston, MA 02215",May
207597,iPhone,1,700.0,2019-05-27 02:07:00,"635 11th St, Portland, ME 04101",May
208514,iPhone,1,700.0,2019-05-20 15:41:00,"437 7th St, Portland, ME 04101",May
208897,iPhone,1,700.0,2019-05-14 16:50:00,"256 Elm St, New York City, NY 10001",May
195863,iPhone,1,700.0,2019-05-29 11:26:00,"560 1st St, Los Angeles, CA 90001",May
198561,iPhone,1,700.0,2019-05-31 15:06:00,"633 Spruce St, Los Angeles, CA 90001",May
201197,iPhone,1,700.0,2019-05-18 14:56:00,"776 5th St, Boston, MA 02215",May
208501,iPhone,1,700.0,2019-05-27 23:28:00,"666 Spruce St, New York City, NY 10001",May
208181,iPhone,1,700.0,2019-05-30 18:23:00,"358 Jackson St, Los Angeles, CA 90001",May
194776,iPhone,1,700.0,2019-05-16 18:55:00,"808 Elm St, Los Angeles, CA 90001",May
202693,iPhone,1,700.0,2019-05-31 14:37:00,"508 Spruce St, New York City, NY 10001",May
205814,iPhone,1,700.0,2019-05-27 02:19:00,"876 Lake St, Dallas, TX 75001",May
207651,iPhone,1,700.0,2019-05-10 22:50:00,"879 14th St, Los Angeles, CA 90001",May
207070,iPhone,1,700.0,2019-05-09 20:31:00,"616 Elm St, Los Angeles, CA 90001",May
196024,iPhone,1,700.0,2019-05-07 21:15:00,"489 14th St, Seattle, WA 98101",May
198392,iPhone,1,700.0,2019-05-17 19:39:00,"983 Hill St, San Francisco, CA 94016",May
203922,iPhone,1,700.0,2019-05-31 15:18:00,"170 Hill St, Atlanta, GA 30301",May
206707,iPhone,1,700.0,2019-05-07 17:04:00,"707 8th St, New York City, NY 10001",May
209519,iPhone,1,700.0,2019-05-25 09:39:00,"158 Cedar St, New York City, NY 10001",May
199094,iPhone,1,700.0,2019-05-17 08:35:00,"213 Wilson St, Portland, OR 97035",May
204814,iPhone,1,700.0,2019-05-30 20:49:00,"570 2nd St, Los Angeles, CA 90001",May
204628,iPhone,1,700.0,2019-05-20 13:28:00,"419 Maple St, Dallas, TX 75001",May
194204,iPhone,1,700.0,2019-05-07 21:18:00,"53 Highland St, Portland, OR 97035",May
194372,iPhone,1,700.0,2019-05-27 07:58:00,"240 Spruce St, Austin, TX 73301",May
195259,iPhone,1,700.0,2019-05-02 11:19:00,"949 Adams St, Seattle, WA 98101",May
197398,iPhone,1,700.0,2019-05-22 18:16:00,"170 Pine St, Dallas, TX 75001",May
205968,iPhone,1,700.0,2019-05-09 09:00:00,"127 7th St, Portland, ME 04101",May
206193,iPhone,1,700.0,2019-05-29 22:53:00,"8 Forest St, Los Angeles, CA 90001",May
207124,iPhone,1,700.0,2019-05-26 16:36:00,"255 Maple St, Atlanta, GA 30301",May
207540,iPhone,1,700.0,2019-05-15 20:49:00,"293 9th St, Seattle, WA 98101",May
207828,iPhone,1,700.0,2019-05-23 19:56:00,"249 Main St, San Francisco, CA 94016",May
209448,iPhone,1,700.0,2019-05-10 21:32:00,"372 Jefferson St, Dallas, TX 75001",May
210181,iPhone,1,700.0,2019-06-01 10:30:00,"236 Madison St, Dallas, TX 75001",June
210637,iPhone,1,700.0,2019-06-23 18:02:00,"935 Lakeview St, Seattle, WA 98101",June
212075,iPhone,1,700.0,2019-06-09 20:20:00,"321 Highland St, Portland, OR 97035",June
213033,iPhone,1,700.0,2019-06-16 11:32:00,"993 Lincoln St, San Francisco, CA 94016",June
214162,iPhone,1,700.0,2019-06-16 20:43:00,"356 1st St, Boston, MA 02215",June
217155,iPhone,1,700.0,2019-06-30 13:31:00,"869 Cedar St, Dallas, TX 75001",June
218723,iPhone,1,700.0,2019-06-28 20:31:00,"660 6th St, Seattle, WA 98101",June
210918,iPhone,1,700.0,2019-06-08 15:49:00,"898 7th St, New York City, NY 10001",June
215174,iPhone,1,700.0,2019-06-02 13:39:00,"477 11th St, San Francisco, CA 94016",June
221602,iPhone,1,700.0,2019-06-11 21:58:00,"939 Pine St, San Francisco, CA 94016",June
210952,iPhone,1,700.0,2019-06-16 05:09:00,"327 Johnson St, Boston, MA 02215",June
212516,iPhone,1,700.0,2019-06-29 11:07:00,"976 West St, Los Angeles, CA 90001",June
214211,iPhone,1,700.0,2019-06-12 05:43:00,"944 Chestnut St, Dallas, TX 75001",June
214956,iPhone,1,700.0,2019-06-15 17:23:00,"633 Johnson St, San Francisco, CA 94016",June
210605,iPhone,1,700.0,2019-06-12 11:56:00,"590 Johnson St, Atlanta, GA 30301",June
217028,iPhone,1,700.0,2019-06-11 14:56:00,"108 7th St, Boston, MA 02215",June
220858,iPhone,1,700.0,2019-06-14 17:49:00,"804 Maple St, New York City, NY 10001",June
221386,iPhone,1,700.0,2019-06-21 11:22:00,"735 Park St, Portland, OR 97035",June
216612,iPhone,1,700.0,2019-06-21 06:41:00,"136 Forest St, Los Angeles, CA 90001",June
218978,iPhone,1,700.0,2019-06-28 13:16:00,"949 Ridge St, Atlanta, GA 30301",June
219093,iPhone,1,700.0,2019-06-29 16:29:00,"32 9th St, New York City, NY 10001",June
214043,iPhone,1,700.0,2019-06-10 21:48:00,"753 Highland St, New York City, NY 10001",June
219095,iPhone,1,700.0,2019-06-01 20:22:00,"720 4th St, Los Angeles, CA 90001",June
215786,iPhone,1,700.0,2019-06-06 22:38:00,"870 Chestnut St, Los Angeles, CA 90001",June
219995,iPhone,1,700.0,2019-06-01 20:18:00,"130 Park St, Los Angeles, CA 90001",June
217265,iPhone,1,700.0,2019-06-06 00:39:00,"766 5th St, San Francisco, CA 94016",June
217991,iPhone,1,700.0,2019-06-02 17:17:00,"987 14th St, San Francisco, CA 94016",June
222868,iPhone,1,700.0,2019-06-16 13:53:00,"505 North St, New York City, NY 10001",June
212665,iPhone,1,700.0,2019-06-16 20:08:00,"120 Maple St, Los Angeles, CA 90001",June
222635,iPhone,1,700.0,2019-06-06 21:53:00,"890 Ridge St, New York City, NY 10001",June
212945,iPhone,1,700.0,2019-06-18 14:41:00,"263 Ridge St, Austin, TX 73301",June
220443,iPhone,1,700.0,2019-06-18 14:46:00,"623 Johnson St, Los Angeles, CA 90001",June
216485,iPhone,1,700.0,2019-06-09 14:58:00,"284 14th St, San Francisco, CA 94016",June
211602,iPhone,1,700.0,2019-06-26 21:43:00,"988 North St, Atlanta, GA 30301",June
217136,iPhone,1,700.0,2019-06-21 14:43:00,"749 Jackson St, Austin, TX 73301",June
221772,iPhone,1,700.0,2019-06-21 12:33:00,"694 Adams St, Los Angeles, CA 90001",June
222469,iPhone,1,700.0,2019-06-01 06:37:00,"633 Center St, New York City, NY 10001",June
219203,iPhone,1,700.0,2019-06-05 13:35:00,"554 11th St, San Francisco, CA 94016",June
210359,iPhone,1,700.0,2019-06-05 11:38:00,"501 Lakeview St, New York City, NY 10001",June
213653,iPhone,1,700.0,2019-06-04 15:16:00,"722 West St, Seattle, WA 98101",June
217019,iPhone,1,700.0,2019-06-12 17:02:00,"315 Lakeview St, San Francisco, CA 94016",June
217431,iPhone,1,700.0,2019-06-20 16:04:00,"277 14th St, Dallas, TX 75001",June
220525,iPhone,1,700.0,2019-06-17 13:58:00,"814 9th St, Dallas, TX 75001",June
213027,iPhone,1,700.0,2019-06-30 23:12:00,"615 Adams St, Los Angeles, CA 90001",June
216931,iPhone,1,700.0,2019-06-28 18:14:00,"570 Park St, New York City, NY 10001",June
217512,iPhone,1,700.0,2019-06-12 07:20:00,"970 12th St, Los Angeles, CA 90001",June
214486,iPhone,1,700.0,2019-06-29 08:55:00,"682 Jefferson St, Seattle, WA 98101",June
216053,iPhone,1,700.0,2019-06-03 20:34:00,"777 13th St, Austin, TX 73301",June
218714,iPhone,1,700.0,2019-06-24 18:11:00,"596 12th St, Dallas, TX 75001",June
219087,iPhone,1,700.0,2019-06-25 12:59:00,"423 12th St, Los Angeles, CA 90001",June
216976,iPhone,1,700.0,2019-06-25 20:39:00,"930 Jackson St, Boston, MA 02215",June
217177,iPhone,1,700.0,2019-06-24 03:13:00,"980 Meadow St, San Francisco, CA 94016",June
217618,iPhone,1,700.0,2019-06-15 19:04:00,"223 8th St, Seattle, WA 98101",June
210331,iPhone,1,700.0,2019-06-20 20:23:00,"834 Ridge St, New York City, NY 10001",June
213365,iPhone,1,700.0,2019-06-29 11:56:00,"999 Church St, San Francisco, CA 94016",June
217718,iPhone,1,700.0,2019-06-01 17:26:00,"529 8th St, Boston, MA 02215",June
218659,iPhone,1,700.0,2019-06-19 09:51:00,"793 Maple St, Portland, OR 97035",June
222511,iPhone,1,700.0,2019-06-30 19:53:00,"412 Willow St, San Francisco, CA 94016",June
213783,iPhone,1,700.0,2019-06-02 17:22:00,"732 1st St, Los Angeles, CA 90001",June
218120,iPhone,1,700.0,2019-06-08 15:35:00,"266 West St, New York City, NY 10001",June
220052,iPhone,1,700.0,2019-06-11 22:32:00,"794 1st St, Boston, MA 02215",June
211745,iPhone,1,700.0,2019-06-18 20:20:00,"582 Hill St, Atlanta, GA 30301",June
215198,iPhone,1,700.0,2019-06-12 15:09:00,"119 Sunset St, San Francisco, CA 94016",June
218802,iPhone,1,700.0,2019-06-27 14:26:00,"612 Meadow St, San Francisco, CA 94016",June
211089,iPhone,1,700.0,2019-06-15 11:11:00,"102 Elm St, New York City, NY 10001",June
214081,iPhone,1,700.0,2019-06-17 10:55:00,"193 North St, Dallas, TX 75001",June
220264,iPhone,1,700.0,2019-06-17 15:10:00,"471 Hill St, Boston, MA 02215",June
220837,iPhone,1,700.0,2019-06-30 11:51:00,"573 1st St, Seattle, WA 98101",June
222442,iPhone,1,700.0,2019-06-11 10:55:00,"352 4th St, Boston, MA 02215",June
210908,iPhone,1,700.0,2019-06-10 16:34:00,"293 Spruce St, San Francisco, CA 94016",June
211379,iPhone,1,700.0,2019-06-19 19:20:00,"961 Highland St, New York City, NY 10001",June
212554,iPhone,1,700.0,2019-06-07 19:17:00,"347 Jefferson St, San Francisco, CA 94016",June
216946,iPhone,1,700.0,2019-06-14 23:08:00,"701 Forest St, San Francisco, CA 94016",June
222170,iPhone,1,700.0,2019-06-09 13:22:00,"142 9th St, New York City, NY 10001",June
210573,iPhone,1,700.0,2019-06-21 10:03:00,"4 Madison St, Los Angeles, CA 90001",June
215300,iPhone,1,700.0,2019-06-16 19:47:00,"682 Meadow St, San Francisco, CA 94016",June
212195,iPhone,1,700.0,2019-06-29 15:36:00,"784 Pine St, San Francisco, CA 94016",June
216579,iPhone,1,700.0,2019-06-05 11:13:00,"333 Forest St, Los Angeles, CA 90001",June
210683,iPhone,1,700.0,2019-06-16 11:41:00,"306 Lincoln St, San Francisco, CA 94016",June
221299,iPhone,1,700.0,2019-06-14 10:05:00,"761 Park St, Boston, MA 02215",June
214490,iPhone,1,700.0,2019-06-12 11:05:00,"64 14th St, Los Angeles, CA 90001",June
218995,iPhone,1,700.0,2019-06-20 12:51:00,"470 4th St, New York City, NY 10001",June
220227,iPhone,1,700.0,2019-06-03 15:04:00,"174 Adams St, New York City, NY 10001",June
214903,iPhone,1,700.0,2019-06-07 15:21:00,"328 North St, Dallas, TX 75001",June
228125,iPhone,1,700.0,2019-07-28 14:27:00,"684 Cedar St, San Francisco, CA 94016",July
236397,iPhone,1,700.0,2019-07-29 19:00:00,"604 Walnut St, Dallas, TX 75001",July
228436,iPhone,1,700.0,2019-07-14 20:49:00,"183 Jackson St, Los Angeles, CA 90001",July
228818,iPhone,1,700.0,2019-07-05 21:41:00,"420 8th St, San Francisco, CA 94016",July
233899,iPhone,1,700.0,2019-07-01 14:54:00,"130 Jefferson St, Los Angeles, CA 90001",July
229584,iPhone,1,700.0,2019-07-21 13:06:00,"334 Center St, San Francisco, CA 94016",July
226057,iPhone,1,700.0,2019-07-18 15:07:00,"382 Lake St, San Francisco, CA 94016",July
228634,iPhone,1,700.0,2019-07-22 17:33:00,"10 11th St, Los Angeles, CA 90001",July
228354,iPhone,1,700.0,2019-07-24 12:06:00,"59 Elm St, Seattle, WA 98101",July
228589,iPhone,1,700.0,2019-07-08 12:09:00,"592 Cherry St, San Francisco, CA 94016",July
228972,iPhone,1,700.0,2019-07-08 15:18:00,"397 6th St, Los Angeles, CA 90001",July
223087,iPhone,1,700.0,2019-07-26 11:06:00,"864 10th St, Boston, MA 02215",July
225118,iPhone,2,700.0,2019-07-21 11:45:00,"63 Hill St, San Francisco, CA 94016",July
230608,iPhone,1,700.0,2019-07-06 11:05:00,"225 4th St, San Francisco, CA 94016",July
230925,iPhone,1,700.0,2019-07-19 15:51:00,"902 9th St, New York City, NY 10001",July
231063,iPhone,1,700.0,2019-07-18 16:55:00,"40 Highland St, Boston, MA 02215",July
227531,iPhone,1,700.0,2019-07-13 23:37:00,"28 Park St, Austin, TX 73301",July
229658,iPhone,1,700.0,2019-07-13 19:05:00,"11 Elm St, New York City, NY 10001",July
231165,iPhone,1,700.0,2019-07-11 00:35:00,"164 10th St, Los Angeles, CA 90001",July
231788,iPhone,1,700.0,2019-07-15 15:55:00,"998 Meadow St, Seattle, WA 98101",July
232779,iPhone,1,700.0,2019-07-04 19:32:00,"789 Lake St, Los Angeles, CA 90001",July
225315,iPhone,1,700.0,2019-07-01 13:38:00,"614 Madison St, Boston, MA 02215",July
228223,iPhone,1,700.0,2019-07-14 08:56:00,"16 Cherry St, Portland, OR 97035",July
224330,iPhone,1,700.0,2019-07-07 19:15:00,"989 Forest St, Boston, MA 02215",July
231029,iPhone,1,700.0,2019-07-14 10:00:00,"799 Dogwood St, San Francisco, CA 94016",July
231225,iPhone,1,700.0,2019-07-06 09:53:00,"650 South St, San Francisco, CA 94016",July
235816,iPhone,1,700.0,2019-07-13 17:05:00,"726 12th St, Los Angeles, CA 90001",July
225413,iPhone,1,700.0,2019-07-24 15:35:00,"578 Madison St, Los Angeles, CA 90001",July
229093,iPhone,1,700.0,2019-07-04 14:14:00,"81 Dogwood St, San Francisco, CA 94016",July
234156,iPhone,1,700.0,2019-07-15 08:10:00,"226 Madison St, San Francisco, CA 94016",July
230146,iPhone,1,700.0,2019-07-03 18:13:00,"934 Ridge St, San Francisco, CA 94016",July
233393,iPhone,1,700.0,2019-07-07 13:41:00,"81 Adams St, New York City, NY 10001",July
229229,iPhone,1,700.0,2019-07-18 12:52:00,"936 Spruce St, San Francisco, CA 94016",July
233635,iPhone,1,700.0,2019-07-24 01:50:00,"912 14th St, Boston, MA 02215",July
235103,iPhone,1,700.0,2019-07-26 19:16:00,"774 1st St, Dallas, TX 75001",July
231114,iPhone,1,700.0,2019-07-11 15:12:00,"922 12th St, San Francisco, CA 94016",July
233972,iPhone,1,700.0,2019-07-14 19:16:00,"515 Hickory St, San Francisco, CA 94016",July
230989,iPhone,1,700.0,2019-07-19 10:27:00,"551 2nd St, Los Angeles, CA 90001",July
230055,iPhone,1,700.0,2019-07-06 07:47:00,"267 Maple St, Dallas, TX 75001",July
224011,iPhone,1,700.0,2019-07-31 23:30:00,"570 South St, Los Angeles, CA 90001",July
228823,iPhone,1,700.0,2019-07-28 18:46:00,"447 Lakeview St, Dallas, TX 75001",July
227064,iPhone,1,700.0,2019-07-03 11:55:00,"510 8th St, Los Angeles, CA 90001",July
229257,iPhone,1,700.0,2019-07-19 21:39:00,"347 Main St, San Francisco, CA 94016",July
225479,iPhone,1,700.0,2019-07-04 21:16:00,"624 Center St, San Francisco, CA 94016",July
235941,iPhone,1,700.0,2019-07-18 19:29:00,"878 1st St, New York City, NY 10001",July
228029,iPhone,1,700.0,2019-07-09 20:18:00,"643 Maple St, Boston, MA 02215",July
232868,iPhone,1,700.0,2019-07-16 19:12:00,"263 Cherry St, Atlanta, GA 30301",July
224374,iPhone,1,700.0,2019-07-08 13:33:00,"883 Lake St, San Francisco, CA 94016",July
232470,iPhone,1,700.0,2019-07-09 18:50:00,"249 Lake St, Portland, OR 97035",July
232982,iPhone,1,700.0,2019-07-01 17:51:00,"859 14th St, Seattle, WA 98101",July
235138,iPhone,1,700.0,2019-07-22 20:49:00,"933 Cedar St, Boston, MA 02215",July
223326,iPhone,1,700.0,2019-07-23 10:05:00,"837 7th St, Boston, MA 02215",July
226343,iPhone,1,700.0,2019-07-30 21:48:00,"531 7th St, San Francisco, CA 94016",July
228541,iPhone,1,700.0,2019-07-10 19:38:00,"992 10th St, Atlanta, GA 30301",July
233997,iPhone,1,700.0,2019-07-28 06:34:00,"750 12th St, Seattle, WA 98101",July
227959,iPhone,1,700.0,2019-07-22 11:03:00,"346 Cherry St, San Francisco, CA 94016",July
228897,iPhone,1,700.0,2019-07-20 22:01:00,"173 Pine St, Dallas, TX 75001",July
228977,iPhone,1,700.0,2019-07-10 19:49:00,"518 River St, Portland, OR 97035",July
227453,iPhone,1,700.0,2019-07-20 12:19:00,"252 Main St, Los Angeles, CA 90001",July
233028,iPhone,1,700.0,2019-07-28 20:53:00,"468 Park St, San Francisco, CA 94016",July
224601,iPhone,1,700.0,2019-07-28 11:34:00,"855 Spruce St, Boston, MA 02215",July
225457,iPhone,1,700.0,2019-07-18 14:46:00,"130 9th St, Los Angeles, CA 90001",July
229461,iPhone,1,700.0,2019-07-22 11:24:00,"965 13th St, San Francisco, CA 94016",July
231233,iPhone,1,700.0,2019-07-23 14:02:00,"382 Meadow St, Los Angeles, CA 90001",July
234428,iPhone,1,700.0,2019-07-05 00:09:00,"430 Maple St, Atlanta, GA 30301",July
236540,iPhone,1,700.0,2019-07-03 13:46:00,"170 Main St, Los Angeles, CA 90001",July
226845,iPhone,1,700.0,2019-07-25 19:13:00,"625 Maple St, Austin, TX 73301",July
224494,iPhone,1,700.0,2019-07-17 15:43:00,"427 Cedar St, New York City, NY 10001",July
229488,iPhone,1,700.0,2019-07-09 22:30:00,"577 Adams St, San Francisco, CA 94016",July
223353,iPhone,1,700.0,2019-07-26 10:12:00,"154 Center St, New York City, NY 10001",July
225137,iPhone,1,700.0,2019-07-20 11:59:00,"651 Pine St, San Francisco, CA 94016",July
236109,iPhone,1,700.0,2019-07-17 11:32:00,"737 Church St, San Francisco, CA 94016",July
223994,iPhone,1,700.0,2019-07-24 20:33:00,"129 6th St, San Francisco, CA 94016",July
234723,iPhone,1,700.0,2019-07-21 15:33:00,"292 12th St, New York City, NY 10001",July
237251,iPhone,1,700.0,2019-08-30 11:18:00,"542 River St, New York City, NY 10001",August
240676,iPhone,1,700.0,2019-08-31 07:04:00,"982 Pine St, San Francisco, CA 94016",August
243175,iPhone,1,700.0,2019-08-26 16:48:00,"122 Hill St, Los Angeles, CA 90001",August
244586,iPhone,1,700.0,2019-08-12 19:53:00,"473 4th St, San Francisco, CA 94016",August
247149,iPhone,1,700.0,2019-08-29 00:48:00,"725 Elm St, New York City, NY 10001",August
237941,iPhone,1,700.0,2019-08-02 11:11:00,"140 Madison St, Boston, MA 02215",August
246984,iPhone,1,700.0,2019-08-10 17:15:00,"825 1st St, Portland, ME 04101",August
237148,iPhone,1,700.0,2019-08-22 16:48:00,"605 Lakeview St, San Francisco, CA 94016",August
242389,iPhone,1,700.0,2019-08-05 10:58:00,"256 7th St, New York City, NY 10001",August
243817,iPhone,1,700.0,2019-08-09 12:39:00,"530 Highland St, New York City, NY 10001",August
245761,iPhone,1,700.0,2019-08-30 19:14:00,"341 Sunset St, Seattle, WA 98101",August
240205,iPhone,1,700.0,2019-08-24 13:49:00,"13 Ridge St, Portland, OR 97035",August
247319,iPhone,1,700.0,2019-08-20 19:56:00,"133 North St, Boston, MA 02215",August
237500,iPhone,1,700.0,2019-08-31 07:40:00,"965 Main St, Los Angeles, CA 90001",August
238057,iPhone,1,700.0,2019-08-30 16:47:00,"203 6th St, Atlanta, GA 30301",August
247264,iPhone,1,700.0,2019-08-25 20:14:00,"953 4th St, Boston, MA 02215",August
247457,iPhone,1,700.0,2019-08-08 22:58:00,"132 Wilson St, Portland, ME 04101",August
237551,iPhone,1,700.0,2019-08-18 19:55:00,"743 Madison St, San Francisco, CA 94016",August
242717,iPhone,1,700.0,2019-08-18 10:52:00,"971 Walnut St, San Francisco, CA 94016",August
244673,iPhone,1,700.0,2019-08-02 15:58:00,"936 Dogwood St, Dallas, TX 75001",August
247695,iPhone,1,700.0,2019-08-23 21:21:00,"463 Maple St, San Francisco, CA 94016",August
240631,iPhone,1,700.0,2019-08-20 10:21:00,"397 Hickory St, Austin, TX 73301",August
242936,iPhone,1,700.0,2019-08-14 09:27:00,"984 14th St, Austin, TX 73301",August
245716,iPhone,1,700.0,2019-08-29 19:13:00,"554 Johnson St, Los Angeles, CA 90001",August
247710,iPhone,1,700.0,2019-08-24 18:13:00,"399 Cherry St, Boston, MA 02215",August
243460,iPhone,1,700.0,2019-08-06 10:35:00,"845 Wilson St, Portland, OR 97035",August
244053,iPhone,1,700.0,2019-08-29 19:16:00,"909 Johnson St, San Francisco, CA 94016",August
246957,iPhone,1,700.0,2019-08-18 11:40:00,"119 Forest St, Los Angeles, CA 90001",August
239452,iPhone,1,700.0,2019-08-12 12:42:00,"195 6th St, Boston, MA 02215",August
245172,iPhone,1,700.0,2019-08-15 11:51:00,"650 Forest St, Los Angeles, CA 90001",August
246326,iPhone,1,700.0,2019-08-22 14:27:00,"373 11th St, Los Angeles, CA 90001",August
237801,iPhone,1,700.0,2019-08-10 13:56:00,"535 4th St, Boston, MA 02215",August
243470,iPhone,1,700.0,2019-08-09 20:37:00,"165 9th St, San Francisco, CA 94016",August
247693,iPhone,1,700.0,2019-08-23 22:17:00,"589 Spruce St, Portland, ME 04101",August
237526,iPhone,1,700.0,2019-08-01 17:07:00,"145 Meadow St, Austin, TX 73301",August
240616,iPhone,1,700.0,2019-08-20 10:06:00,"984 Chestnut St, Los Angeles, CA 90001",August
241482,iPhone,1,700.0,2019-08-04 14:43:00,"330 12th St, Seattle, WA 98101",August
242029,iPhone,1,700.0,2019-08-25 22:32:00,"965 Center St, Atlanta, GA 30301",August
238024,iPhone,1,700.0,2019-08-30 12:02:00,"227 Elm St, San Francisco, CA 94016",August
238413,iPhone,1,700.0,2019-08-09 13:31:00,"587 Park St, Boston, MA 02215",August
241208,iPhone,1,700.0,2019-08-13 12:08:00,"637 8th St, Los Angeles, CA 90001",August
241899,iPhone,1,700.0,2019-08-27 23:04:00,"317 Wilson St, New York City, NY 10001",August
242092,iPhone,1,700.0,2019-08-20 16:57:00,"296 West St, Boston, MA 02215",August
243241,iPhone,1,700.0,2019-08-27 15:49:00,"329 Walnut St, Atlanta, GA 30301",August
243950,iPhone,1,700.0,2019-08-24 14:27:00,"88 Center St, Boston, MA 02215",August
247975,iPhone,1,700.0,2019-08-24 15:19:00,"760 1st St, Portland, OR 97035",August
240221,iPhone,1,700.0,2019-08-09 20:03:00,"714 Lake St, Portland, OR 97035",August
241211,iPhone,1,700.0,2019-08-06 17:40:00,"228 5th St, Los Angeles, CA 90001",August
242325,iPhone,1,700.0,2019-08-23 05:51:00,"409 West St, Atlanta, GA 30301",August
243199,iPhone,1,700.0,2019-08-21 22:34:00,"212 Cherry St, San Francisco, CA 94016",August
245950,iPhone,1,700.0,2019-08-02 21:54:00,"87 11th St, San Francisco, CA 94016",August
242556,iPhone,1,700.0,2019-08-20 17:13:00,"394 Madison St, New York City, NY 10001",August
243892,iPhone,1,700.0,2019-08-28 01:32:00,"68 Ridge St, San Francisco, CA 94016",August
238407,iPhone,1,700.0,2019-08-02 20:44:00,"127 Park St, Atlanta, GA 30301",August
238902,iPhone,1,700.0,2019-08-02 22:41:00,"417 11th St, Boston, MA 02215",August
240908,iPhone,1,700.0,2019-08-26 12:13:00,"335 9th St, San Francisco, CA 94016",August
242898,iPhone,1,700.0,2019-08-11 08:50:00,"619 Maple St, Atlanta, GA 30301",August
238096,iPhone,1,700.0,2019-08-30 15:59:00,"535 9th St, Atlanta, GA 30301",August
239883,iPhone,1,700.0,2019-08-04 06:45:00,"268 Main St, New York City, NY 10001",August
242158,iPhone,1,700.0,2019-08-19 09:24:00,"23 Willow St, Boston, MA 02215",August
241088,iPhone,1,700.0,2019-08-14 03:32:00,"22 Center St, Austin, TX 73301",August
246836,iPhone,1,700.0,2019-08-26 06:02:00,"415 River St, New York City, NY 10001",August
237306,iPhone,1,700.0,2019-08-10 14:24:00,"121 14th St, Boston, MA 02215",August
242878,iPhone,1,700.0,2019-08-05 16:05:00,"312 Pine St, Boston, MA 02215",August
245497,iPhone,1,700.0,2019-08-14 16:39:00,"741 North St, Seattle, WA 98101",August
246769,iPhone,1,700.0,2019-08-09 12:23:00,"946 Park St, San Francisco, CA 94016",August
237008,iPhone,1,700.0,2019-08-03 09:50:00,"407 9th St, New York City, NY 10001",August
240233,iPhone,1,700.0,2019-08-11 15:35:00,"70 2nd St, Boston, MA 02215",August
238120,iPhone,1,700.0,2019-08-03 09:28:00,"246 Elm St, San Francisco, CA 94016",August
240027,iPhone,1,700.0,2019-08-05 08:58:00,"214 Church St, Boston, MA 02215",August
243012,iPhone,1,700.0,2019-08-03 16:41:00,"232 9th St, Boston, MA 02215",August
244857,iPhone,1,700.0,2019-08-06 10:08:00,"189 Washington St, New York City, NY 10001",August
245945,iPhone,1,700.0,2019-08-30 11:40:00,"366 Spruce St, New York City, NY 10001",August
242386,iPhone,1,700.0,2019-08-12 11:47:00,"176 Lakeview St, Boston, MA 02215",August
237878,iPhone,1,700.0,2019-08-14 07:22:00,"189 Cedar St, Boston, MA 02215",August
250428,iPhone,1,700.0,2019-09-27 09:56:00,"498 5th St, San Francisco, CA 94016",September
256640,iPhone,1,700.0,2019-09-04 17:51:00,"131 Ridge St, San Francisco, CA 94016",September
258202,iPhone,1,700.0,2019-09-28 07:21:00,"8 Lakeview St, San Francisco, CA 94016",September
256078,iPhone,1,700.0,2019-09-02 08:52:00,"450 4th St, San Francisco, CA 94016",September
256483,iPhone,1,700.0,2019-09-15 19:17:00,"735 Ridge St, Dallas, TX 75001",September
252132,iPhone,1,700.0,2019-09-20 12:29:00,"569 Cedar St, New York City, NY 10001",September
250650,iPhone,1,700.0,2019-09-02 17:26:00,"183 Washington St, Portland, OR 97035",September
251152,iPhone,1,700.0,2019-09-16 15:53:00,"861 Madison St, Los Angeles, CA 90001",September
253550,iPhone,1,700.0,2019-09-19 22:09:00,"244 Main St, New York City, NY 10001",September
258413,iPhone,1,700.0,2019-09-30 20:54:00,"684 Walnut St, Boston, MA 02215",September
252955,iPhone,1,700.0,2019-09-11 09:44:00,"734 Willow St, San Francisco, CA 94016",September
256263,iPhone,1,700.0,2019-09-11 00:41:00,"70 Hickory St, Seattle, WA 98101",September
251392,iPhone,1,700.0,2019-09-15 17:51:00,"816 Lincoln St, Boston, MA 02215",September
251486,iPhone,1,700.0,2019-09-18 20:49:00,"703 4th St, Dallas, TX 75001",September
254448,iPhone,1,700.0,2019-09-30 16:05:00,"949 12th St, San Francisco, CA 94016",September
258930,iPhone,1,700.0,2019-09-13 14:31:00,"494 6th St, Portland, OR 97035",September
255621,iPhone,1,700.0,2019-09-29 12:59:00,"281 Elm St, Boston, MA 02215",September
257706,iPhone,1,700.0,2019-09-09 19:12:00,"247 South St, New York City, NY 10001",September
258761,iPhone,1,700.0,2019-09-08 17:31:00,"909 6th St, Boston, MA 02215",September
249127,iPhone,1,700.0,2019-09-14 17:55:00,"440 West St, New York City, NY 10001",September
250878,iPhone,1,700.0,2019-09-12 00:10:00,"509 Dogwood St, Los Angeles, CA 90001",September
257683,iPhone,1,700.0,2019-09-13 08:55:00,"931 11th St, Atlanta, GA 30301",September
258091,iPhone,1,700.0,2019-09-01 10:03:00,"796 2nd St, San Francisco, CA 94016",September
251002,iPhone,1,700.0,2019-09-21 17:25:00,"269 2nd St, New York City, NY 10001",September
253641,iPhone,1,700.0,2019-09-16 23:06:00,"649 13th St, Boston, MA 02215",September
254286,iPhone,1,700.0,2019-09-13 12:28:00,"951 Sunset St, Los Angeles, CA 90001",September
250974,iPhone,1,700.0,2019-09-15 21:50:00,"99 14th St, Los Angeles, CA 90001",September
255674,iPhone,1,700.0,2019-09-23 11:05:00,"218 River St, Portland, ME 04101",September
256560,iPhone,1,700.0,2019-09-09 15:35:00,"636 Hill St, New York City, NY 10001",September
248962,iPhone,1,700.0,2019-09-18 17:00:00,"33 Park St, San Francisco, CA 94016",September
249244,iPhone,1,700.0,2019-09-25 11:25:00,"170 Pine St, Portland, OR 97035",September
250203,iPhone,1,700.0,2019-09-28 15:43:00,"124 River St, New York City, NY 10001",September
255373,iPhone,1,700.0,2019-09-20 19:09:00,"119 Cedar St, San Francisco, CA 94016",September
257766,iPhone,1,700.0,2019-09-28 11:10:00,"434 South St, Seattle, WA 98101",September
258783,iPhone,1,700.0,2019-09-24 10:20:00,"275 Jefferson St, Boston, MA 02215",September
258998,iPhone,1,700.0,2019-09-01 19:21:00,"873 8th St, Dallas, TX 75001",September
251554,iPhone,1,700.0,2019-09-25 12:07:00,"456 Church St, San Francisco, CA 94016",September
257895,iPhone,1,700.0,2019-09-25 10:08:00,"820 Jackson St, New York City, NY 10001",September
248754,iPhone,1,700.0,2019-09-06 12:58:00,"221 Center St, New York City, NY 10001",September
257079,iPhone,1,700.0,2019-09-05 22:55:00,"968 10th St, Portland, OR 97035",September
257964,iPhone,1,700.0,2019-09-18 21:07:00,"839 Lincoln St, Portland, OR 97035",September
250305,iPhone,1,700.0,2019-09-09 10:00:00,"633 10th St, San Francisco, CA 94016",September
259088,iPhone,1,700.0,2019-09-04 00:57:00,"571 5th St, New York City, NY 10001",September
248545,iPhone,1,700.0,2019-09-18 20:30:00,"205 5th St, San Francisco, CA 94016",September
253246,iPhone,1,700.0,2019-09-24 14:10:00,"13 7th St, San Francisco, CA 94016",September
253477,iPhone,1,700.0,2019-09-14 21:00:00,"950 4th St, Dallas, TX 75001",September
253880,iPhone,1,700.0,2019-09-16 10:01:00,"77 4th St, Boston, MA 02215",September
250397,iPhone,1,700.0,2019-09-19 13:16:00,"943 4th St, Portland, OR 97035",September
249445,iPhone,1,700.0,2019-09-27 16:18:00,"591 Cherry St, Los Angeles, CA 90001",September
252777,iPhone,1,700.0,2019-09-05 20:24:00,"878 14th St, Seattle, WA 98101",September
254205,iPhone,1,700.0,2019-09-25 16:00:00,"896 14th St, Dallas, TX 75001",September
256355,iPhone,1,700.0,2019-09-11 11:48:00,"985 Adams St, San Francisco, CA 94016",September
258098,iPhone,1,700.0,2019-09-13 16:04:00,"908 Wilson St, San Francisco, CA 94016",September
249017,iPhone,1,700.0,2019-09-10 16:40:00,"923 8th St, San Francisco, CA 94016",September
253283,iPhone,1,700.0,2019-09-24 19:16:00,"57 Washington St, Dallas, TX 75001",September
249061,iPhone,1,700.0,2019-09-02 19:44:00,"394 5th St, San Francisco, CA 94016",September
252599,iPhone,1,700.0,2019-09-11 20:49:00,"602 Madison St, Los Angeles, CA 90001",September
251501,iPhone,1,700.0,2019-09-25 12:50:00,"272 13th St, New York City, NY 10001",September
254203,iPhone,1,700.0,2019-09-09 23:23:00,"510 11th St, Dallas, TX 75001",September
256671,iPhone,1,700.0,2019-09-10 23:35:00,"750 Pine St, New York City, NY 10001",September
257633,iPhone,1,700.0,2019-09-12 08:37:00,"308 Jackson St, Seattle, WA 98101",September
259427,iPhone,1,700.0,2019-10-06 21:23:00,"528 13th St, New York City, NY 10001",October
259438,iPhone,1,700.0,2019-10-29 09:47:00,"176 5th St, Los Angeles, CA 90001",October
259580,iPhone,1,700.0,2019-10-28 14:22:00,"885 Willow St, Dallas, TX 75001",October
260378,iPhone,1,700.0,2019-10-28 21:23:00,"163 Walnut St, New York City, NY 10001",October
261932,iPhone,1,700.0,2019-10-10 10:17:00,"523 12th St, San Francisco, CA 94016",October
266080,iPhone,1,700.0,2019-10-08 12:11:00,"952 Dogwood St, Dallas, TX 75001",October
270306,iPhone,1,700.0,2019-10-04 16:46:00,"311 Park St, San Francisco, CA 94016",October
271359,iPhone,1,700.0,2019-10-25 23:17:00,"703 Lakeview St, Boston, MA 02215",October
273452,iPhone,1,700.0,2019-10-07 11:31:00,"30 Madison St, San Francisco, CA 94016",October
260270,iPhone,1,700.0,2019-10-12 16:24:00,"41 Lincoln St, San Francisco, CA 94016",October
269901,iPhone,1,700.0,2019-10-17 11:22:00,"735 Spruce St, Seattle, WA 98101",October
272994,iPhone,1,700.0,2019-10-28 16:55:00,"78 11th St, Atlanta, GA 30301",October
268045,iPhone,1,700.0,2019-10-21 18:36:00,"278 Chestnut St, San Francisco, CA 94016",October
274665,iPhone,1,700.0,2019-10-21 08:33:00,"112 Church St, Los Angeles, CA 90001",October
267312,iPhone,1,700.0,2019-10-21 21:35:00,"456 1st St, San Francisco, CA 94016",October
272395,iPhone,1,700.0,2019-10-31 19:33:00,"593 Spruce St, Los Angeles, CA 90001",October
275760,iPhone,1,700.0,2019-10-27 13:04:00,"42 Church St, Seattle, WA 98101",October
277102,iPhone,1,700.0,2019-10-24 04:57:00,"559 Johnson St, Portland, OR 97035",October
267104,iPhone,1,700.0,2019-10-14 21:15:00,"333 10th St, Atlanta, GA 30301",October
268072,iPhone,1,700.0,2019-10-27 11:56:00,"448 8th St, Boston, MA 02215",October
270550,iPhone,1,700.0,2019-10-16 19:43:00,"569 Lake St, New York City, NY 10001",October
278461,iPhone,1,700.0,2019-10-06 11:49:00,"540 12th St, San Francisco, CA 94016",October
266579,iPhone,1,700.0,2019-10-23 22:25:00,"519 North St, Los Angeles, CA 90001",October
273274,iPhone,1,700.0,2019-10-16 15:10:00,"207 West St, Atlanta, GA 30301",October
275247,iPhone,1,700.0,2019-10-04 21:23:00,"962 Johnson St, Austin, TX 73301",October
277507,iPhone,1,700.0,2019-10-18 13:06:00,"727 Highland St, Los Angeles, CA 90001",October
277859,iPhone,1,700.0,2019-10-26 19:17:00,"943 Sunset St, Seattle, WA 98101",October
259850,iPhone,1,700.0,2019-10-02 08:43:00,"226 Lincoln St, Boston, MA 02215",October
275021,iPhone,1,700.0,2019-10-15 21:59:00,"853 Maple St, New York City, NY 10001",October
277275,iPhone,1,700.0,2019-10-26 11:45:00,"724 Cherry St, Los Angeles, CA 90001",October
260298,iPhone,1,700.0,2019-10-31 16:21:00,"561 Willow St, Austin, TX 73301",October
260413,iPhone,1,700.0,2019-10-06 16:29:00,"662 West St, Boston, MA 02215",October
261466,iPhone,1,700.0,2019-10-04 16:48:00,"221 Main St, Portland, OR 97035",October
263108,iPhone,1,700.0,2019-10-26 09:19:00,"590 Elm St, San Francisco, CA 94016",October
276608,iPhone,1,700.0,2019-10-31 15:28:00,"882 Cedar St, San Francisco, CA 94016",October
276925,iPhone,1,700.0,2019-10-03 15:56:00,"357 Sunset St, San Francisco, CA 94016",October
277598,iPhone,1,700.0,2019-10-05 17:05:00,"341 Dogwood St, New York City, NY 10001",October
267750,iPhone,1,700.0,2019-10-19 19:16:00,"2 Lake St, Los Angeles, CA 90001",October
267829,iPhone,1,700.0,2019-10-23 14:53:00,"461 12th St, Boston, MA 02215",October
268106,iPhone,1,700.0,2019-10-04 14:59:00,"503 Hill St, San Francisco, CA 94016",October
270049,iPhone,1,700.0,2019-10-05 14:35:00,"404 6th St, Dallas, TX 75001",October
278048,iPhone,1,700.0,2019-10-11 11:16:00,"121 Sunset St, San Francisco, CA 94016",October
265472,iPhone,1,700.0,2019-10-16 20:16:00,"195 Spruce St, Seattle, WA 98101",October
266333,iPhone,1,700.0,2019-10-15 13:06:00,"899 5th St, San Francisco, CA 94016",October
269402,iPhone,1,700.0,2019-10-18 20:56:00,"823 1st St, San Francisco, CA 94016",October
269521,iPhone,1,700.0,2019-10-20 19:06:00,"304 Ridge St, Seattle, WA 98101",October
270889,iPhone,1,700.0,2019-10-30 21:02:00,"364 6th St, New York City, NY 10001",October
259857,iPhone,1,700.0,2019-10-07 14:25:00,"221 Spruce St, Seattle, WA 98101",October
260790,iPhone,1,700.0,2019-10-17 22:34:00,"57 2nd St, New York City, NY 10001",October
267790,iPhone,1,700.0,2019-10-28 19:15:00,"587 Dogwood St, Atlanta, GA 30301",October
268248,iPhone,1,700.0,2019-10-27 19:31:00,"981 Pine St, San Francisco, CA 94016",October
269582,iPhone,1,700.0,2019-10-09 02:08:00,"490 North St, Dallas, TX 75001",October
271948,iPhone,1,700.0,2019-10-02 11:23:00,"638 Chestnut St, San Francisco, CA 94016",October
275111,iPhone,1,700.0,2019-10-19 18:59:00,"762 5th St, San Francisco, CA 94016",October
260763,iPhone,1,700.0,2019-10-01 11:59:00,"951 West St, Dallas, TX 75001",October
263902,iPhone,1,700.0,2019-10-03 12:25:00,"678 Cedar St, Los Angeles, CA 90001",October
271608,iPhone,1,700.0,2019-10-12 20:19:00,"204 Ridge St, Boston, MA 02215",October
276048,iPhone,1,700.0,2019-10-03 23:03:00,"360 Hill St, Los Angeles, CA 90001",October
261594,iPhone,1,700.0,2019-10-26 07:43:00,"267 Pine St, San Francisco, CA 94016",October
263342,iPhone,1,700.0,2019-10-18 06:26:00,"779 Madison St, Boston, MA 02215",October
266652,iPhone,1,700.0,2019-10-29 20:00:00,"751 Ridge St, Dallas, TX 75001",October
274044,iPhone,1,700.0,2019-10-01 09:18:00,"746 Maple St, Seattle, WA 98101",October
263811,iPhone,1,700.0,2019-10-18 13:31:00,"371 14th St, San Francisco, CA 94016",October
265266,iPhone,1,700.0,2019-10-29 19:27:00,"716 Main St, San Francisco, CA 94016",October
267136,iPhone,1,700.0,2019-10-28 01:20:00,"678 North St, Dallas, TX 75001",October
270901,iPhone,1,700.0,2019-10-26 21:26:00,"812 14th St, Dallas, TX 75001",October
262317,iPhone,1,700.0,2019-10-31 22:13:00,"108 Center St, New York City, NY 10001",October
267058,iPhone,1,700.0,2019-10-21 19:48:00,"982 Willow St, Seattle, WA 98101",October
270133,iPhone,1,700.0,2019-10-03 18:57:00,"273 Jackson St, Boston, MA 02215",October
272304,iPhone,1,700.0,2019-10-24 18:50:00,"343 Lakeview St, San Francisco, CA 94016",October
272917,iPhone,1,700.0,2019-10-18 09:12:00,"623 North St, Austin, TX 73301",October
274541,iPhone,1,700.0,2019-10-04 01:42:00,"638 Main St, San Francisco, CA 94016",October
275277,iPhone,1,700.0,2019-10-26 10:13:00,"176 10th St, Seattle, WA 98101",October
278653,iPhone,1,700.0,2019-10-31 19:46:00,"949 Chestnut St, Atlanta, GA 30301",October
274169,iPhone,1,700.0,2019-10-08 12:44:00,"377 Highland St, Los Angeles, CA 90001",October
263430,iPhone,1,700.0,2019-10-17 19:48:00,"686 14th St, San Francisco, CA 94016",October
268069,iPhone,1,700.0,2019-10-13 15:15:00,"959 1st St, Dallas, TX 75001",October
268235,iPhone,1,700.0,2019-10-14 20:14:00,"56 Willow St, Seattle, WA 98101",October
273751,iPhone,1,700.0,2019-11-01 00:47:00,"678 4th St, San Francisco, CA 94016",November
266610,iPhone,1,700.0,2019-10-31 12:19:00,"142 Walnut St, San Francisco, CA 94016",October
272975,iPhone,1,700.0,2019-10-12 19:34:00,"715 West St, Portland, OR 97035",October
274930,iPhone,1,700.0,2019-10-11 08:11:00,"959 Madison St, Boston, MA 02215",October
267643,iPhone,1,700.0,2019-10-23 12:25:00,"109 Cedar St, San Francisco, CA 94016",October
273836,iPhone,1,700.0,2019-10-24 10:28:00,"160 Center St, San Francisco, CA 94016",October
263606,iPhone,1,700.0,2019-10-07 16:35:00,"251 South St, San Francisco, CA 94016",October
265009,iPhone,1,700.0,2019-10-14 08:09:00,"528 Chestnut St, Los Angeles, CA 90001",October
265133,iPhone,1,700.0,2019-10-05 12:14:00,"386 4th St, Seattle, WA 98101",October
266621,iPhone,1,700.0,2019-10-06 13:55:00,"225 Hickory St, Portland, ME 04101",October
269622,iPhone,1,700.0,2019-10-20 15:35:00,"509 Highland St, San Francisco, CA 94016",October
262123,iPhone,1,700.0,2019-10-31 15:40:00,"16 7th St, Portland, ME 04101",October
262583,iPhone,1,700.0,2019-10-22 19:36:00,"359 Forest St, New York City, NY 10001",October
268285,iPhone,1,700.0,2019-10-10 12:23:00,"233 13th St, Atlanta, GA 30301",October
270850,iPhone,1,700.0,2019-10-19 14:46:00,"14 Forest St, Dallas, TX 75001",October
272773,iPhone,1,700.0,2019-10-24 17:43:00,"422 7th St, Austin, TX 73301",October
277746,iPhone,1,700.0,2019-10-22 18:41:00,"894 Lake St, San Francisco, CA 94016",October
266747,iPhone,1,700.0,2019-10-28 16:58:00,"487 Dogwood St, Atlanta, GA 30301",October
261569,iPhone,1,700.0,2019-10-10 04:03:00,"976 8th St, Los Angeles, CA 90001",October
263415,iPhone,1,700.0,2019-10-12 12:39:00,"521 Hickory St, Dallas, TX 75001",October
266109,iPhone,1,700.0,2019-10-09 12:43:00,"663 Wilson St, Seattle, WA 98101",October
268324,iPhone,1,700.0,2019-10-14 19:37:00,"724 Meadow St, Los Angeles, CA 90001",October
262242,iPhone,1,700.0,2019-10-11 09:35:00,"558 6th St, Boston, MA 02215",October
265134,iPhone,1,700.0,2019-10-03 23:11:00,"874 Church St, Los Angeles, CA 90001",October
271678,iPhone,1,700.0,2019-10-21 10:17:00,"67 14th St, Los Angeles, CA 90001",October
267246,iPhone,1,700.0,2019-10-22 08:50:00,"769 Wilson St, Portland, ME 04101",October
268484,iPhone,1,700.0,2019-10-18 13:56:00,"380 Sunset St, Los Angeles, CA 90001",October
271955,iPhone,1,700.0,2019-10-13 09:38:00,"453 Maple St, San Francisco, CA 94016",October
261793,iPhone,1,700.0,2019-10-07 11:40:00,"301 Adams St, San Francisco, CA 94016",October
261982,iPhone,1,700.0,2019-10-18 00:14:00,"350 13th St, Los Angeles, CA 90001",October
262262,iPhone,1,700.0,2019-10-20 07:50:00,"828 8th St, San Francisco, CA 94016",October
262777,iPhone,1,700.0,2019-10-17 13:33:00,"979 Washington St, Seattle, WA 98101",October
266882,iPhone,1,700.0,2019-10-25 09:55:00,"872 Cherry St, Atlanta, GA 30301",October
267020,iPhone,1,700.0,2019-10-16 18:39:00,"162 Ridge St, New York City, NY 10001",October
267518,iPhone,1,700.0,2019-10-03 19:17:00,"435 10th St, Los Angeles, CA 90001",October
278135,iPhone,1,700.0,2019-10-03 20:55:00,"154 12th St, Boston, MA 02215",October
260180,iPhone,1,700.0,2019-10-21 16:14:00,"26 Meadow St, Austin, TX 73301",October
264770,iPhone,1,700.0,2019-10-26 20:48:00,"632 Lake St, San Francisco, CA 94016",October
265181,iPhone,1,700.0,2019-10-21 09:05:00,"228 Lincoln St, Portland, OR 97035",October
266997,iPhone,1,700.0,2019-10-20 17:54:00,"228 1st St, Austin, TX 73301",October
264231,iPhone,1,700.0,2019-10-25 22:57:00,"835 Washington St, San Francisco, CA 94016",October
275379,iPhone,1,700.0,2019-10-04 14:27:00,"66 Cedar St, San Francisco, CA 94016",October
259418,iPhone,1,700.0,2019-10-25 12:06:00,"253 8th St, Austin, TX 73301",October
266661,iPhone,1,700.0,2019-10-20 17:43:00,"972 North St, Portland, OR 97035",October
267659,iPhone,1,700.0,2019-10-11 21:09:00,"997 Pine St, Austin, TX 73301",October
271267,iPhone,1,700.0,2019-10-25 07:50:00,"311 Center St, Portland, OR 97035",October
273197,iPhone,1,700.0,2019-10-01 16:16:00,"270 South St, Seattle, WA 98101",October
275362,iPhone,1,700.0,2019-10-12 20:42:00,"479 9th St, Portland, OR 97035",October
267304,iPhone,1,700.0,2019-10-27 10:57:00,"154 Maple St, San Francisco, CA 94016",October
260028,iPhone,1,700.0,2019-10-30 18:57:00,"145 Chestnut St, San Francisco, CA 94016",October
261002,iPhone,1,700.0,2019-10-22 00:41:00,"895 Willow St, New York City, NY 10001",October
262794,iPhone,1,700.0,2019-10-02 19:27:00,"559 Adams St, Los Angeles, CA 90001",October
269272,iPhone,1,700.0,2019-10-31 11:48:00,"204 Willow St, San Francisco, CA 94016",October
270130,iPhone,1,700.0,2019-10-26 18:25:00,"530 Cherry St, Austin, TX 73301",October
267215,iPhone,1,700.0,2019-10-11 11:27:00,"836 Hill St, Los Angeles, CA 90001",October
268208,iPhone,1,700.0,2019-10-11 18:24:00,"54 Park St, Los Angeles, CA 90001",October
271342,iPhone,1,700.0,2019-10-18 22:54:00,"124 Forest St, Seattle, WA 98101",October
271405,iPhone,1,700.0,2019-10-02 11:46:00,"28 South St, Los Angeles, CA 90001",October
273094,iPhone,1,700.0,2019-10-29 14:40:00,"661 5th St, Seattle, WA 98101",October
277937,iPhone,1,700.0,2019-10-20 06:50:00,"618 River St, Portland, OR 97035",October
261623,iPhone,1,700.0,2019-10-20 20:18:00,"775 West St, San Francisco, CA 94016",October
263894,iPhone,1,700.0,2019-10-18 14:12:00,"415 9th St, Austin, TX 73301",October
265609,iPhone,1,700.0,2019-10-14 18:51:00,"832 5th St, San Francisco, CA 94016",October
273054,iPhone,1,700.0,2019-10-31 16:33:00,"876 8th St, Dallas, TX 75001",October
285883,iPhone,1,700.0,2019-11-15 17:17:00,"616 Lake St, Dallas, TX 75001",November
289223,iPhone,1,700.0,2019-11-05 09:56:00,"631 Hill St, Los Angeles, CA 90001",November
284307,iPhone,1,700.0,2019-11-23 11:22:00,"955 West St, San Francisco, CA 94016",November
289231,iPhone,1,700.0,2019-11-24 22:15:00,"604 Maple St, San Francisco, CA 94016",November
290534,iPhone,1,700.0,2019-11-25 12:54:00,"430 Adams St, Austin, TX 73301",November
290688,iPhone,1,700.0,2019-11-28 08:40:00,"133 2nd St, Portland, OR 97035",November
295599,iPhone,1,700.0,2019-11-25 21:17:00,"258 Ridge St, New York City, NY 10001",November
282223,iPhone,1,700.0,2019-11-09 23:18:00,"644 Lakeview St, Los Angeles, CA 90001",November
287118,iPhone,1,700.0,2019-11-02 22:19:00,"187 Hickory St, Los Angeles, CA 90001",November
290187,iPhone,1,700.0,2019-11-21 09:29:00,"22 Sunset St, Boston, MA 02215",November
286532,iPhone,1,700.0,2019-11-21 17:09:00,"896 Pine St, San Francisco, CA 94016",November
287327,iPhone,1,700.0,2019-11-26 20:51:00,"961 Adams St, Seattle, WA 98101",November
294214,iPhone,1,700.0,2019-11-11 22:11:00,"950 Maple St, Austin, TX 73301",November
281987,iPhone,1,700.0,2019-11-28 00:08:00,"67 Main St, New York City, NY 10001",November
283303,iPhone,1,700.0,2019-11-08 18:55:00,"641 Adams St, New York City, NY 10001",November
283633,iPhone,1,700.0,2019-11-04 13:06:00,"578 Center St, Boston, MA 02215",November
287257,iPhone,1,700.0,2019-11-09 14:02:00,"463 14th St, San Francisco, CA 94016",November
283538,iPhone,1,700.0,2019-11-23 15:22:00,"233 Center St, Boston, MA 02215",November
284815,iPhone,1,700.0,2019-11-19 06:44:00,"369 11th St, Boston, MA 02215",November
285179,iPhone,1,700.0,2019-11-21 16:19:00,"715 4th St, Seattle, WA 98101",November
286349,iPhone,1,700.0,2019-11-24 17:14:00,"43 7th St, San Francisco, CA 94016",November
289082,iPhone,1,700.0,2019-11-09 06:43:00,"642 13th St, Los Angeles, CA 90001",November
292137,iPhone,1,700.0,2019-11-21 20:57:00,"914 Dogwood St, Los Angeles, CA 90001",November
295399,iPhone,1,700.0,2019-11-10 08:39:00,"188 11th St, New York City, NY 10001",November
280253,iPhone,1,700.0,2019-11-28 07:49:00,"477 Cherry St, Atlanta, GA 30301",November
289156,iPhone,1,700.0,2019-11-14 16:23:00,"320 Spruce St, Austin, TX 73301",November
289567,iPhone,1,700.0,2019-11-23 17:56:00,"557 Forest St, San Francisco, CA 94016",November
292225,iPhone,1,700.0,2019-11-24 13:23:00,"549 Forest St, Boston, MA 02215",November
293735,iPhone,1,700.0,2019-11-19 11:08:00,"816 Madison St, San Francisco, CA 94016",November
280131,iPhone,1,700.0,2019-11-12 22:40:00,"859 Church St, Boston, MA 02215",November
287398,iPhone,1,700.0,2019-11-20 18:23:00,"380 Washington St, San Francisco, CA 94016",November
294002,iPhone,1,700.0,2019-11-07 20:55:00,"391 Willow St, Austin, TX 73301",November
279425,iPhone,1,700.0,2019-11-19 16:55:00,"269 5th St, San Francisco, CA 94016",November
287521,iPhone,1,700.0,2019-11-07 18:22:00,"521 Spruce St, San Francisco, CA 94016",November
288097,iPhone,1,700.0,2019-11-04 13:25:00,"831 9th St, Los Angeles, CA 90001",November
281179,iPhone,1,700.0,2019-11-25 10:25:00,"862 River St, San Francisco, CA 94016",November
282417,iPhone,1,700.0,2019-11-26 13:40:00,"410 Hickory St, San Francisco, CA 94016",November
285266,iPhone,1,700.0,2019-11-22 11:57:00,"138 6th St, Los Angeles, CA 90001",November
292531,iPhone,1,700.0,2019-11-28 08:48:00,"30 10th St, Boston, MA 02215",November
292881,iPhone,1,700.0,2019-11-28 20:20:00,"699 4th St, San Francisco, CA 94016",November
291194,iPhone,1,700.0,2019-11-18 15:59:00,"615 Cherry St, Los Angeles, CA 90001",November
281095,iPhone,2,700.0,2019-11-18 23:44:00,"347 Main St, Atlanta, GA 30301",November
288471,iPhone,1,700.0,2019-11-03 15:46:00,"222 Hill St, Seattle, WA 98101",November
289653,iPhone,1,700.0,2019-11-07 11:11:00,"671 Ridge St, San Francisco, CA 94016",November
280681,iPhone,1,700.0,2019-11-26 11:02:00,"613 Wilson St, Dallas, TX 75001",November
284485,iPhone,1,700.0,2019-11-14 13:13:00,"108 Johnson St, Dallas, TX 75001",November
287915,iPhone,1,700.0,2019-11-22 22:29:00,"324 Cedar St, Dallas, TX 75001",November
280511,iPhone,1,700.0,2019-11-11 14:28:00,"194 Walnut St, Dallas, TX 75001",November
293711,iPhone,1,700.0,2019-11-24 11:44:00,"224 Spruce St, New York City, NY 10001",November
279451,iPhone,1,700.0,2019-11-04 17:19:00,"479 5th St, Boston, MA 02215",November
281425,iPhone,1,700.0,2019-11-22 01:28:00,"361 Wilson St, Portland, ME 04101",November
282343,iPhone,1,700.0,2019-11-03 00:58:00,"245 2nd St, Los Angeles, CA 90001",November
293121,iPhone,1,700.0,2019-11-16 18:44:00,"746 5th St, New York City, NY 10001",November
295436,iPhone,1,700.0,2019-11-25 07:01:00,"743 Madison St, San Francisco, CA 94016",November
281110,iPhone,1,700.0,2019-11-29 20:58:00,"966 Maple St, Boston, MA 02215",November
281590,iPhone,1,700.0,2019-11-13 06:01:00,"315 North St, Boston, MA 02215",November
284472,iPhone,1,700.0,2019-11-20 18:12:00,"383 Spruce St, Los Angeles, CA 90001",November
292280,iPhone,1,700.0,2019-11-11 10:27:00,"61 Lakeview St, Dallas, TX 75001",November
292518,iPhone,1,700.0,2019-11-27 16:27:00,"363 6th St, New York City, NY 10001",November
288167,iPhone,1,700.0,2019-11-14 23:16:00,"450 Cherry St, Los Angeles, CA 90001",November
295589,iPhone,1,700.0,2019-11-14 16:06:00,"946 7th St, San Francisco, CA 94016",November
290470,iPhone,1,700.0,2019-11-12 11:31:00,"207 River St, New York City, NY 10001",November
280840,iPhone,1,700.0,2019-11-12 14:09:00,"67 Dogwood St, San Francisco, CA 94016",November
286792,iPhone,1,700.0,2019-11-19 18:36:00,"17 10th St, Seattle, WA 98101",November
293508,iPhone,1,700.0,2019-11-20 09:59:00,"74 Ridge St, Dallas, TX 75001",November
294600,iPhone,1,700.0,2019-11-20 16:21:00,"660 Meadow St, San Francisco, CA 94016",November
280506,iPhone,1,700.0,2019-11-06 11:13:00,"673 Forest St, New York City, NY 10001",November
286881,iPhone,1,700.0,2019-11-02 00:54:00,"773 Cedar St, Dallas, TX 75001",November
279369,iPhone,1,700.0,2019-11-12 23:13:00,"98 River St, San Francisco, CA 94016",November
280426,iPhone,1,700.0,2019-11-22 08:29:00,"776 Chestnut St, San Francisco, CA 94016",November
280783,iPhone,1,700.0,2019-11-18 20:41:00,"475 10th St, Seattle, WA 98101",November
282320,iPhone,1,700.0,2019-11-24 11:41:00,"482 Spruce St, Dallas, TX 75001",November
284531,iPhone,1,700.0,2019-11-09 21:07:00,"531 Lake St, San Francisco, CA 94016",November
287340,iPhone,1,700.0,2019-11-15 14:33:00,"14 Hickory St, San Francisco, CA 94016",November
294118,iPhone,1,700.0,2019-11-25 17:12:00,"771 Jackson St, New York City, NY 10001",November
283499,iPhone,1,700.0,2019-11-17 14:50:00,"543 9th St, New York City, NY 10001",November
289524,iPhone,1,700.0,2019-11-15 23:03:00,"132 Highland St, Portland, ME 04101",November
293059,iPhone,1,700.0,2019-11-05 18:36:00,"968 Wilson St, New York City, NY 10001",November
286590,iPhone,1,700.0,2019-11-04 20:56:00,"568 Walnut St, Dallas, TX 75001",November
293213,iPhone,1,700.0,2019-11-18 02:31:00,"332 Main St, Los Angeles, CA 90001",November
294885,iPhone,1,700.0,2019-11-09 13:59:00,"970 Highland St, New York City, NY 10001",November
295093,iPhone,1,700.0,2019-11-20 10:08:00,"137 Center St, New York City, NY 10001",November
282757,iPhone,1,700.0,2019-11-10 18:38:00,"97 14th St, Boston, MA 02215",November
287031,iPhone,1,700.0,2019-11-12 18:46:00,"441 Highland St, Dallas, TX 75001",November
294803,iPhone,1,700.0,2019-11-27 20:56:00,"769 Meadow St, Austin, TX 73301",November
281672,iPhone,1,700.0,2019-11-12 03:18:00,"780 Walnut St, San Francisco, CA 94016",November
284630,iPhone,1,700.0,2019-11-04 13:46:00,"333 2nd St, San Francisco, CA 94016",November
290543,iPhone,1,700.0,2019-11-11 11:40:00,"38 10th St, Seattle, WA 98101",November
287237,iPhone,1,700.0,2019-11-19 00:56:00,"172 Washington St, San Francisco, CA 94016",November
294423,iPhone,1,700.0,2019-11-16 11:42:00,"900 Hickory St, Seattle, WA 98101",November
283610,iPhone,1,700.0,2019-11-08 19:13:00,"695 Ridge St, Atlanta, GA 30301",November
284767,iPhone,1,700.0,2019-11-26 18:35:00,"945 11th St, Los Angeles, CA 90001",November
286143,iPhone,1,700.0,2019-11-30 22:46:00,"453 South St, Portland, OR 97035",November
283026,iPhone,1,700.0,2019-11-09 18:30:00,"281 Cedar St, San Francisco, CA 94016",November
283139,iPhone,1,700.0,2019-11-09 17:08:00,"575 South St, Austin, TX 73301",November
285451,iPhone,1,700.0,2019-11-02 14:05:00,"132 Church St, Portland, OR 97035",November
282819,iPhone,1,700.0,2019-11-01 23:58:00,"531 Pine St, San Francisco, CA 94016",November
281588,iPhone,1,700.0,2019-11-25 17:36:00,"826 Maple St, Atlanta, GA 30301",November
282376,iPhone,1,700.0,2019-11-15 15:09:00,"297 Forest St, San Francisco, CA 94016",November
283628,iPhone,1,700.0,2019-11-12 08:13:00,"696 Spruce St, San Francisco, CA 94016",November
285246,iPhone,1,700.0,2019-11-25 20:16:00,"541 Hill St, Atlanta, GA 30301",November
287908,iPhone,1,700.0,2019-11-13 17:35:00,"572 4th St, New York City, NY 10001",November
292855,iPhone,1,700.0,2019-11-29 22:02:00,"969 6th St, Los Angeles, CA 90001",November
281333,iPhone,1,700.0,2019-11-12 14:37:00,"796 8th St, San Francisco, CA 94016",November
282700,iPhone,1,700.0,2019-11-09 19:11:00,"12 1st St, New York City, NY 10001",November
289836,iPhone,1,700.0,2019-11-21 20:03:00,"443 South St, Boston, MA 02215",November
282599,iPhone,1,700.0,2019-11-06 13:44:00,"83 14th St, Los Angeles, CA 90001",November
293646,iPhone,1,700.0,2019-11-14 18:52:00,"24 Church St, Dallas, TX 75001",November
293931,iPhone,1,700.0,2019-11-30 15:32:00,"429 Lake St, San Francisco, CA 94016",November
295351,iPhone,1,700.0,2019-11-26 06:19:00,"503 Maple St, Seattle, WA 98101",November
280740,iPhone,1,700.0,2019-11-12 14:07:00,"341 Lake St, Dallas, TX 75001",November
289396,iPhone,1,700.0,2019-11-15 21:48:00,"849 10th St, Boston, MA 02215",November
293252,iPhone,1,700.0,2019-11-13 09:37:00,"84 Johnson St, Boston, MA 02215",November
294381,iPhone,1,700.0,2019-11-11 10:12:00,"872 Willow St, Atlanta, GA 30301",November
285396,iPhone,1,700.0,2019-11-12 02:58:00,"253 Meadow St, Boston, MA 02215",November
287017,iPhone,1,700.0,2019-11-28 17:05:00,"292 Forest St, San Francisco, CA 94016",November
289443,iPhone,1,700.0,2019-11-18 21:38:00,"600 14th St, Los Angeles, CA 90001",November
290532,iPhone,1,700.0,2019-11-09 09:05:00,"567 Dogwood St, San Francisco, CA 94016",November
292580,iPhone,1,700.0,2019-11-23 13:37:00,"721 Jackson St, Atlanta, GA 30301",November
298347,iPhone,1,700.0,2019-12-07 15:50:00,"882 7th St, Boston, MA 02215",December
301817,iPhone,1,700.0,2019-12-14 18:10:00,"889 Ridge St, Los Angeles, CA 90001",December
303520,iPhone,1,700.0,2019-12-21 18:53:00,"800 Hill St, Los Angeles, CA 90001",December
315841,iPhone,1,700.0,2019-12-31 07:05:00,"719 Lake St, Dallas, TX 75001",December
306169,iPhone,1,700.0,2019-12-14 14:34:00,"416 Jefferson St, Boston, MA 02215",December
317073,iPhone,1,700.0,2019-12-11 15:04:00,"456 Adams St, San Francisco, CA 94016",December
296110,iPhone,1,700.0,2019-12-17 15:47:00,"621 Adams St, San Francisco, CA 94016",December
298229,iPhone,1,700.0,2019-12-25 09:56:00,"769 Ridge St, New York City, NY 10001",December
301337,iPhone,1,700.0,2019-12-29 00:47:00,"12 6th St, Boston, MA 02215",December
310705,iPhone,1,700.0,2019-12-18 03:41:00,"909 Hickory St, Los Angeles, CA 90001",December
317373,iPhone,1,700.0,2019-12-13 21:48:00,"639 Spruce St, Los Angeles, CA 90001",December
319141,iPhone,1,700.0,2019-12-26 18:18:00,"905 Lakeview St, San Francisco, CA 94016",December
296144,iPhone,1,700.0,2019-12-16 21:21:00,"897 Main St, New York City, NY 10001",December
305668,iPhone,1,700.0,2019-12-18 14:03:00,"359 Jefferson St, Seattle, WA 98101",December
310682,iPhone,1,700.0,2019-12-16 12:14:00,"290 Meadow St, Atlanta, GA 30301",December
314945,iPhone,1,700.0,2019-12-22 07:52:00,"852 Willow St, San Francisco, CA 94016",December
304568,iPhone,1,700.0,2019-12-10 16:25:00,"672 Dogwood St, San Francisco, CA 94016",December
309347,iPhone,1,700.0,2019-12-24 13:38:00,"967 Dogwood St, Dallas, TX 75001",December
310720,iPhone,1,700.0,2019-12-26 23:31:00,"947 2nd St, Los Angeles, CA 90001",December
314185,iPhone,1,700.0,2019-12-21 13:31:00,"534 7th St, Boston, MA 02215",December
314366,iPhone,1,700.0,2019-12-03 21:57:00,"312 9th St, Seattle, WA 98101",December
298916,iPhone,1,700.0,2019-12-30 07:16:00,"611 River St, Atlanta, GA 30301",December
310818,iPhone,1,700.0,2019-12-07 18:17:00,"323 North St, San Francisco, CA 94016",December
312186,iPhone,1,700.0,2019-12-19 13:32:00,"645 Spruce St, Los Angeles, CA 90001",December
313804,iPhone,1,700.0,2019-12-11 16:37:00,"370 West St, Los Angeles, CA 90001",December
319485,iPhone,1,700.0,2019-12-10 15:08:00,"794 11th St, Dallas, TX 75001",December
299047,iPhone,1,700.0,2019-12-06 17:34:00,"233 Pine St, San Francisco, CA 94016",December
217540,iPhone,1,700.0,2019-06-04 20:13:00,"87 Hill St, Los Angeles, CA 90001",June
220246,iPhone,1,700.0,2019-06-10 14:11:00,"10 Jefferson St, Atlanta, GA 30301",June
229095,iPhone,1,700.0,2019-07-24 14:27:00,"270 Spruce St, New York City, NY 10001",July
235651,iPhone,1,700.0,2019-07-20 19:48:00,"65 8th St, New York City, NY 10001",July
234712,iPhone,1,700.0,2019-07-04 23:40:00,"782 2nd St, Seattle, WA 98101",July
248966,iPhone,1,700.0,2019-09-27 13:04:00,"333 Madison St, San Francisco, CA 94016",September
254685,iPhone,1,700.0,2019-09-17 10:16:00,"462 Chestnut St, Austin, TX 73301",September
269011,iPhone,1,700.0,2019-10-12 17:18:00,"772 13th St, Los Angeles, CA 90001",October
262384,iPhone,1,700.0,2019-10-30 16:19:00,"994 Highland St, San Francisco, CA 94016",October
276970,iPhone,1,700.0,2019-10-14 07:32:00,"243 6th St, Los Angeles, CA 90001",October
266193,iPhone,1,700.0,2019-10-08 01:48:00,"535 13th St, Los Angeles, CA 90001",October
280967,iPhone,1,700.0,2019-11-12 07:29:00,"269 Maple St, Dallas, TX 75001",November
295162,iPhone,1,700.0,2019-11-29 17:44:00,"354 Lake St, San Francisco, CA 94016",November
291473,iPhone,1,700.0,2019-11-27 23:04:00,"238 Lake St, Boston, MA 02215",November
293319,iPhone,1,700.0,2019-11-26 00:18:00,"840 Madison St, San Francisco, CA 94016",November
279212,iPhone,1,700.0,2019-11-12 01:49:00,"64 Lake St, Seattle, WA 98101",November
289693,iPhone,1,700.0,2019-11-27 12:46:00,"267 10th St, San Francisco, CA 94016",November
294591,iPhone,1,700.0,2019-11-01 15:48:00,"575 Cedar St, Los Angeles, CA 90001",November
297546,iPhone,1,700.0,2019-12-12 18:28:00,"11 Jefferson St, Boston, MA 02215",December
303603,iPhone,1,700.0,2019-12-21 16:42:00,"547 Lakeview St, New York City, NY 10001",December
312254,iPhone,1,700.0,2019-12-19 22:20:00,"11 Park St, Portland, OR 97035",December
306767,iPhone,1,700.0,2019-12-10 00:00:00,"35 Lakeview St, San Francisco, CA 94016",December
314300,iPhone,1,700.0,2019-12-31 11:54:00,"525 Madison St, Dallas, TX 75001",December
297154,iPhone,1,700.0,2019-12-06 18:10:00,"508 Jackson St, San Francisco, CA 94016",December
302721,iPhone,1,700.0,2019-12-24 23:30:00,"70 Adams St, Seattle, WA 98101",December
308482,iPhone,1,700.0,2019-12-21 19:23:00,"866 1st St, New York City, NY 10001",December
308976,iPhone,1,700.0,2019-12-26 22:23:00,"112 2nd St, Los Angeles, CA 90001",December
312654,iPhone,1,700.0,2019-12-08 16:47:00,"861 11th St, Boston, MA 02215",December
303667,iPhone,1,700.0,2019-12-11 19:39:00,"301 North St, New York City, NY 10001",December
305478,iPhone,1,700.0,2019-12-06 11:52:00,"372 Lincoln St, Dallas, TX 75001",December
306574,iPhone,1,700.0,2019-12-26 22:03:00,"728 Highland St, Boston, MA 02215",December
307236,iPhone,1,700.0,2019-12-02 07:16:00,"851 Forest St, Portland, OR 97035",December
311282,iPhone,1,700.0,2019-12-16 14:31:00,"950 Cherry St, Boston, MA 02215",December
311960,iPhone,1,700.0,2019-12-13 14:28:00,"996 Sunset St, Boston, MA 02215",December
313104,iPhone,1,700.0,2019-12-13 14:54:00,"557 Walnut St, Seattle, WA 98101",December
313165,iPhone,1,700.0,2019-12-22 18:36:00,"483 Pine St, Atlanta, GA 30301",December
318169,iPhone,1,700.0,2019-12-30 19:10:00,"246 Ridge St, San Francisco, CA 94016",December
308918,iPhone,1,700.0,2019-12-19 12:57:00,"656 Willow St, Boston, MA 02215",December
312041,iPhone,1,700.0,2019-12-24 21:57:00,"971 Madison St, Los Angeles, CA 90001",December
315244,iPhone,1,700.0,2019-12-19 16:08:00,"443 South St, New York City, NY 10001",December
318704,iPhone,1,700.0,2019-12-16 20:41:00,"96 1st St, San Francisco, CA 94016",December
319472,iPhone,1,700.0,2019-12-29 20:24:00,"779 10th St, Atlanta, GA 30301",December
297920,iPhone,1,700.0,2019-12-13 20:25:00,"128 Pine St, Boston, MA 02215",December
300154,iPhone,1,700.0,2019-12-23 17:08:00,"817 12th St, Portland, OR 97035",December
317004,iPhone,1,700.0,2019-12-16 18:14:00,"748 Chestnut St, Dallas, TX 75001",December
319094,iPhone,1,700.0,2019-12-15 12:10:00,"612 4th St, New York City, NY 10001",December
319446,iPhone,1,700.0,2019-12-06 17:44:00,"258 Elm St, Seattle, WA 98101",December
297899,iPhone,1,700.0,2019-12-10 16:20:00,"658 Hickory St, San Francisco, CA 94016",December
298458,iPhone,1,700.0,2019-12-04 19:02:00,"371 Center St, Los Angeles, CA 90001",December
298994,iPhone,1,700.0,2019-12-06 16:04:00,"987 Lakeview St, Los Angeles, CA 90001",December
305547,iPhone,1,700.0,2019-12-06 09:07:00,"395 Hill St, Seattle, WA 98101",December
305744,iPhone,1,700.0,2019-12-04 00:51:00,"463 Willow St, Los Angeles, CA 90001",December
306115,iPhone,1,700.0,2019-12-08 17:10:00,"433 2nd St, New York City, NY 10001",December
308521,iPhone,1,700.0,2019-12-27 11:33:00,"988 Walnut St, Seattle, WA 98101",December
314627,iPhone,1,700.0,2019-12-16 23:50:00,"852 Wilson St, San Francisco, CA 94016",December
300588,iPhone,1,700.0,2019-12-07 22:44:00,"771 Wilson St, Dallas, TX 75001",December
302514,iPhone,1,700.0,2019-12-24 13:28:00,"134 Sunset St, Los Angeles, CA 90001",December
311647,iPhone,1,700.0,2019-12-31 17:53:00,"19 Lincoln St, New York City, NY 10001",December
316445,iPhone,1,700.0,2019-12-29 13:58:00,"252 Hill St, San Francisco, CA 94016",December
316744,iPhone,1,700.0,2019-12-10 18:18:00,"477 Hill St, Seattle, WA 98101",December
319032,iPhone,1,700.0,2019-12-05 18:19:00,"751 Meadow St, Dallas, TX 75001",December
296234,iPhone,1,700.0,2019-12-01 10:44:00,"466 2nd St, Los Angeles, CA 90001",December
295714,iPhone,1,700.0,2019-12-31 07:39:00,"826 Hickory St, Los Angeles, CA 90001",December
305929,iPhone,1,700.0,2019-12-15 20:12:00,"889 Willow St, Dallas, TX 75001",December
309266,iPhone,1,700.0,2019-12-04 18:03:00,"276 1st St, Dallas, TX 75001",December
314769,iPhone,1,700.0,2019-12-08 22:02:00,"939 8th St, Seattle, WA 98101",December
297327,iPhone,1,700.0,2019-12-12 09:48:00,"787 Lincoln St, Boston, MA 02215",December
297771,iPhone,1,700.0,2019-12-09 10:16:00,"404 Church St, Portland, OR 97035",December
302750,iPhone,1,700.0,2019-12-04 12:36:00,"995 Cedar St, Austin, TX 73301",December
303213,iPhone,1,700.0,2019-12-24 09:30:00,"831 7th St, Portland, OR 97035",December
308640,iPhone,1,700.0,2019-12-20 09:57:00,"355 Cherry St, San Francisco, CA 94016",December
309636,iPhone,1,700.0,2019-12-18 19:16:00,"653 5th St, Seattle, WA 98101",December
314470,iPhone,1,700.0,2019-12-02 13:43:00,"715 Madison St, Boston, MA 02215",December
309941,iPhone,1,700.0,2019-12-31 12:35:00,"850 Cherry St, Boston, MA 02215",December
318153,iPhone,1,700.0,2019-12-30 10:05:00,"539 Johnson St, Los Angeles, CA 90001",December
318970,iPhone,1,700.0,2019-12-16 22:54:00,"599 Walnut St, New York City, NY 10001",December
319596,iPhone,1,700.0,2019-12-01 08:44:00,"436 14th St, New York City, NY 10001",December
299169,iPhone,1,700.0,2019-12-21 19:40:00,"983 Madison St, New York City, NY 10001",December
299632,iPhone,1,700.0,2019-12-18 09:10:00,"727 Dogwood St, Los Angeles, CA 90001",December
301103,iPhone,1,700.0,2019-12-12 12:03:00,"989 Main St, Boston, MA 02215",December
305008,iPhone,1,700.0,2019-12-09 17:48:00,"610 Maple St, Dallas, TX 75001",December
308956,iPhone,1,700.0,2019-12-25 17:47:00,"303 Park St, New York City, NY 10001",December
295885,iPhone,1,700.0,2019-12-20 13:47:00,"223 5th St, Dallas, TX 75001",December
297078,iPhone,1,700.0,2019-12-27 14:43:00,"992 Cedar St, New York City, NY 10001",December
306194,iPhone,1,700.0,2019-12-04 11:12:00,"382 South St, New York City, NY 10001",December
306774,iPhone,1,700.0,2019-12-07 05:48:00,"78 Lincoln St, Austin, TX 73301",December
307144,iPhone,1,700.0,2019-12-22 20:03:00,"265 Wilson St, Los Angeles, CA 90001",December
315671,iPhone,1,700.0,2019-12-05 16:56:00,"480 Main St, Portland, OR 97035",December
317454,iPhone,1,700.0,2019-12-28 05:26:00,"564 Dogwood St, Austin, TX 73301",December
297056,iPhone,1,700.0,2019-12-17 08:43:00,"45 Willow St, New York City, NY 10001",December
303960,iPhone,1,700.0,2019-12-30 18:18:00,"600 Madison St, San Francisco, CA 94016",December
305974,iPhone,1,700.0,2019-12-10 22:59:00,"273 Jackson St, San Francisco, CA 94016",December
309094,iPhone,1,700.0,2019-12-04 22:25:00,"790 Lake St, Seattle, WA 98101",December
309164,iPhone,1,700.0,2019-12-16 16:59:00,"890 Cherry St, Dallas, TX 75001",December
313712,iPhone,1,700.0,2019-12-06 20:43:00,"736 Cherry St, San Francisco, CA 94016",December
318216,iPhone,1,700.0,2019-12-12 12:56:00,"545 Jefferson St, San Francisco, CA 94016",December
300073,iPhone,1,700.0,2019-12-14 10:23:00,"638 5th St, New York City, NY 10001",December
310034,iPhone,1,700.0,2019-12-28 13:16:00,"837 Madison St, Seattle, WA 98101",December
315509,iPhone,1,700.0,2019-12-02 08:47:00,"941 12th St, New York City, NY 10001",December
303147,iPhone,1,700.0,2019-12-31 19:40:00,"499 13th St, Atlanta, GA 30301",December
303719,iPhone,1,700.0,2019-12-02 16:08:00,"349 Lake St, Seattle, WA 98101",December
305948,iPhone,1,700.0,2019-12-16 12:53:00,"527 Willow St, Boston, MA 02215",December
315047,iPhone,1,700.0,2019-12-14 07:38:00,"41 Main St, Los Angeles, CA 90001",December
298658,iPhone,1,700.0,2019-12-11 14:51:00,"388 Washington St, San Francisco, CA 94016",December
303720,iPhone,1,700.0,2019-12-29 23:40:00,"974 South St, Dallas, TX 75001",December
317256,iPhone,1,700.0,2019-12-13 15:11:00,"900 Pine St, San Francisco, CA 94016",December
317273,iPhone,1,700.0,2019-12-06 19:52:00,"33 Johnson St, Portland, OR 97035",December
299064,iPhone,1,700.0,2019-12-22 17:04:00,"451 9th St, Los Angeles, CA 90001",December
312044,iPhone,1,700.0,2019-12-31 11:53:00,"62 Johnson St, Los Angeles, CA 90001",December
314571,iPhone,1,700.0,2019-12-03 09:47:00,"893 Dogwood St, Atlanta, GA 30301",December
315829,iPhone,1,700.0,2019-12-18 15:12:00,"904 Lincoln St, Seattle, WA 98101",December
295992,iPhone,1,700.0,2019-12-02 06:33:00,"511 Main St, Los Angeles, CA 90001",December
297788,iPhone,1,700.0,2019-12-27 23:22:00,"944 13th St, San Francisco, CA 94016",December
303943,iPhone,1,700.0,2019-12-23 08:58:00,"762 12th St, Boston, MA 02215",December
309024,iPhone,1,700.0,2019-12-04 17:19:00,"509 Lake St, San Francisco, CA 94016",December
317515,iPhone,1,700.0,2019-12-05 18:46:00,"252 Ridge St, Los Angeles, CA 90001",December
315190,iPhone,1,700.0,2019-12-13 23:05:00,"972 Pine St, Portland, OR 97035",December
316125,iPhone,1,700.0,2019-12-12 10:00:00,"445 6th St, Seattle, WA 98101",December
301438,iPhone,1,700.0,2019-12-13 14:51:00,"851 Lake St, Los Angeles, CA 90001",December
306659,iPhone,1,700.0,2019-12-19 22:02:00,"394 Elm St, Boston, MA 02215",December
310625,iPhone,1,700.0,2019-12-20 10:43:00,"295 Lake St, Boston, MA 02215",December
313534,iPhone,1,700.0,2019-12-03 12:14:00,"957 Hickory St, New York City, NY 10001",December
296088,iPhone,1,700.0,2019-12-16 20:32:00,"622 4th St, Boston, MA 02215",December
299067,iPhone,1,700.0,2019-12-03 12:42:00,"155 Church St, New York City, NY 10001",December
300737,iPhone,1,700.0,2019-12-12 16:08:00,"884 Center St, Atlanta, GA 30301",December
303591,iPhone,1,700.0,2019-12-25 11:47:00,"717 South St, San Francisco, CA 94016",December
309070,iPhone,1,700.0,2019-12-01 11:50:00,"575 West St, New York City, NY 10001",December
310949,iPhone,1,700.0,2019-12-24 07:02:00,"127 4th St, Seattle, WA 98101",December
315222,iPhone,1,700.0,2019-12-14 10:01:00,"902 5th St, Portland, OR 97035",December
315731,iPhone,1,700.0,2019-12-24 19:49:00,"93 Church St, Los Angeles, CA 90001",December
317757,iPhone,1,700.0,2019-12-28 13:32:00,"163 Chestnut St, San Francisco, CA 94016",December
296353,iPhone,1,700.0,2019-12-01 22:49:00,"475 Cedar St, Los Angeles, CA 90001",December
297538,iPhone,1,700.0,2019-12-16 16:21:00,"72 Sunset St, Atlanta, GA 30301",December
306317,iPhone,1,700.0,2019-12-24 11:24:00,"790 Church St, New York City, NY 10001",December
306452,iPhone,1,700.0,2019-12-09 15:11:00,"551 River St, Seattle, WA 98101",December
309278,iPhone,1,700.0,2019-12-19 17:15:00,"701 Center St, Portland, OR 97035",December
318414,iPhone,1,700.0,2019-12-24 18:47:00,"464 Lincoln St, Los Angeles, CA 90001",December
302122,iPhone,1,700.0,2019-12-09 13:20:00,"440 Washington St, San Francisco, CA 94016",December
303240,iPhone,1,700.0,2019-12-04 10:03:00,"61 Hickory St, Los Angeles, CA 90001",December
303477,iPhone,1,700.0,2019-12-19 12:34:00,"545 12th St, Boston, MA 02215",December
313347,iPhone,1,700.0,2019-12-01 20:27:00,"189 Ridge St, Atlanta, GA 30301",December
314778,iPhone,1,700.0,2019-12-18 10:58:00,"268 Chestnut St, Portland, OR 97035",December
315643,iPhone,1,700.0,2019-12-21 23:51:00,"611 Lakeview St, Dallas, TX 75001",December
299748,iPhone,1,700.0,2019-12-17 14:00:00,"523 Cedar St, San Francisco, CA 94016",December
306339,iPhone,1,700.0,2019-12-24 16:56:00,"710 Park St, Portland, OR 97035",December
298111,iPhone,1,700.0,2019-12-14 14:00:00,"549 Forest St, San Francisco, CA 94016",December
302866,iPhone,1,700.0,2019-12-30 17:57:00,"845 Ridge St, Boston, MA 02215",December
303910,iPhone,1,700.0,2019-12-05 09:44:00,"25 Sunset St, San Francisco, CA 94016",December
304067,iPhone,1,700.0,2019-12-25 09:02:00,"785 Maple St, San Francisco, CA 94016",December
311149,iPhone,1,700.0,2019-12-10 18:41:00,"15 Madison St, New York City, NY 10001",December
316512,iPhone,1,700.0,2019-12-15 23:32:00,"510 Center St, Austin, TX 73301",December
316774,iPhone,1,700.0,2019-12-26 16:07:00,"931 West St, Los Angeles, CA 90001",December
